fl_lipUpper_NR_SCX_R_A,fl_eyelids_NR_ICX_R_A,fl_lipUpper_NL_SCX_D_U,fl_buccomandibularGroove_NR_XXX_L,mu_platysma_NR_ILX_N_W,fl_lipUpper_NL_SXX_B_F,mu_masseter_NR_XXX_L_M,fl_lipLower_NR_ICX_B_F,mu_platysma_NR_ILX_D,fl_lipLower_NL_IXX_R_A,fl_eyelids_NR_SLX_R_A,fl_lipUpper_NR_SLX_B_F,fl_lipLower_NL_IXX_B_F,fl_epicanthic_NL_XCX_D_U,fl_lipUpper_NL_SXX_R_A,fl_lipLower_NR_ILX_R_A,fl_lipUpper_NN_SMX_N_W,fl_lipLower_NR_ILX_D_U,fl_lipUpper_NL_SXX_D_U,mu_temporalis_NR_XXX_L_M,fl_lipLower_NR_ICX_D_U,fl_lip_NN_XMX_B_F,mu_trapezius_NN_SXX_L_M,fl_eyelids_NL_SLX_N_W,fl_eyelids_NR_ICX_D_U,fl_nasojugalGroove_NR_XXX_L_M,fl_lip_NR_XCX_D_U,mu_sternomastoid_NL_XXX_R_A,fl_eyelids_NL_XLX_D_U,fl_lipUpper_NR_SCX_D_U,mu_masseter_NL_XXX_L_M,fl_eyelids_NR_SMX_R_A,fl_lipLower_NR_SLX_B_F,fl_lip_NL_XLX_D_U,fl_lip_NN_XMX_R_A,fl_lipUpper_NR_ILX_R_A,fl_eyelids_NR_SCX_N_W,mu_platysma_NN_SMX_D_U,fl_lipUpper_NN_IMX_D_U,fl_eyelids_NR_ILX_D_U,fl_lipLower_NR_IXX_N_W,fl_nasojugalGroove_NL_XXX_L_M,fl_lipLower_NN_IMX_SL_SR,fl_lipLower_NL_SLX_R_A,fl_epicanthic_NR_XMX_D_U,fl_lipUpper_NL_ILX_B_F,mu_platysma_NL_SLX_D,fl_lipUpper_NR_SXX_N_W,mu_procerus_NN_XXX_D_U,fl_lipUpper_NL_ILX_R_A,fl_lipLower_NR_SLX_N_W,fl_lip_NR_XLX_D_U,fl_eyelids_NL_SLX_R_A,fl_lip_NL_XCX_N_W,fl_lipLower_NL_SLX_B_F,fl_eyelids_NL_SMX_R_A,fl_lipUpper_NR_ILX_N_W,fl_epicanthic_NR_XCX_B_F,fl_lipLower_NN_IMX_D_U,fl_eyelids_NL_SCX_D_U,fl_eyelids_NR_SLX_N_W,fl_lipLower_NL_IXX_N_W,fl_eyelids_NR_XLX_D_U,fl_eyelids_NR_SMX_N_W,fl_eyelids_NL_ILX_D_U,fl_oromentalGroove_NR_XXX_L,fl_epicanthic_NR_XLX_D_U,fl_nasolabialGroove_NL_SXX_L_M,fl_eyelids_NR_XMX_D_U,fl_lipUpper_NN_SMX_B_F,mu_platysma_NR_SLX_D,fl_buccalRecess_NL_XXX_D_U,fl_epicanthic_NL_XLX_D_U,fl_epicanthic_NR_XLX_R_A,fl_nasojugalGroove_NL_XXX_D_U,fl_lipLower_NR_IXX_R_A,fl_lipLower_NN_SMX_SL_SR,mu_procerus_NN_XXX_L_M,mu_platysma_NL_SLX_N_W,fl_lipLower_NN_IMX_R_A,fl_eyelids_NL_SCX_R_A,fl_lipUpper_NR_SXX_B_F,fl_lipLower_NN_IMX_B_F,fl_eyelids_NL_IMX_D_U,fl_epicanthic_NR_XCX_D_U,fl_lipLower_NL_SLX_N_W,fl_lipUpper_NL_SLX_D_U,fl_lipUpper_NN_SMX_R_A,fl_epicanthic_NL_XMX_N_W,fl_lip_NR_XLX_B_F,fl_lipLower_NL_ICX_D_U,fl_eyelids_NL_IMX_N_W,fl_buccalRecess_NR_XXX_L_M,fl_lipLower_NL_SLX_D_U,fl_lipUpper_NL_SLX_N_W,fl_epicanthic_NR_XMX_R_A,fl_lip_NN_XMX_N_W,fl_eyelids_NR_SCX_R_A,mu_platysma_NR_SLX_N_W,fl_epicanthic_NL_XLX_N_W,mu_trapezius_NN_SXX_D_U,fl_orbitalGroove_NL_IXX_L_M,fl_philtrum_NN_XXX_D_U,fl_eyelids_NR_ILX_R_A,fl_nasojugalGroove_NR_XXX_D_U,mu_corrugator_NR_XXX_D_U,fl_lipUpper_NR_ILX_D_U,mu_platysma_NN_IMX_D,fl_lip_NL_XLX_R_A,fl_eyelids_NL_SCX_N_W,fl_oromentalGroove_NL_XXX_L,fl_lip_NN_XMX_D_U,fl_lipLower_NN_IMX_N_W,fl_philtrum_NN_XXX_N_W,fl_eyelids_NR_SMX_D_U,fl_epicanthic_NL_XMX_B_F,fl_epicanthic_NR_XLX_N_W,fl_eyelids_NR_XMX_N_W,fl_eyelids_NL_SCX_F,fl_lipLower_NR_SLX_D_U,fl_lip_NL_XCX_D_U,fl_lipLower_NL_ICX_N_W,fl_mandibularGroove_NR_XXX_L,fl_lip_NR_XCX_R_A,fl_epicanthic_NL_XMX_R_A,fl_eyelids_NL_XLX_R_A,fl_lip_NL_XLX_B_F,fl_epicanthic_NR_XCX_N_W,fl_lipLower_NR_ICX_R_A,fl_chinCleft_NN_XXX_SL_SR,fl_lipUpper_NR_ILX_B_F,mu_sternomastoid_NL_XXX_L_M,fl_epicanthic_NL_XMX_D_U,fl_lipUpper_NR_SCX_B_F,fl_lip_NL_XCX_R_A,fl_nasolabialGroove_NL_IXX_L,fl_lipLower_NR_SLX_R_A,mu_corrugator_NL_XXX_L_M,fl_epicanthic_NL_XCX_R_A,fl_lip_NL_XCX_B_F,fl_lipUpper_NN_IMX_N_W,fl_chinCleft_NN_XXX_D_U,mu_corrugator_NL_XXX_D_U,fl_eyelids_NR_SLX_D_U,fl_nasolabialGroove_NR_SXX_L_M,fl_philtrum_NN_XXX_R_A,fl_epicanthic_NL_XLX_B_F,fl_eyelids_NR_XLX_N_W,fl_lipLower_NL_IXX_D_U,fl_lipLower_NL_ICX_B_F,fl_lipUpper_NL_SCX_R_A,fl_eyelids_NL_ILX_N_W,fl_eyelids_NR_SCX_D_U,fl_mandibularGroove_NL_XXX_L,fl_epicanthic_NL_XCX_B_F,fl_lipUpper_NN_IMX_SL_SR,fl_eyelids_NR_IMX_R_A,fl_lip_NR_XLX_N_W,fl_lipLower_NR_ILX_B_F,mu_corrugator_NR_XXX_L_M,fl_lipUpper_NL_SCX_B_F,fl_eyelids_NR_ICX_N_W,fl_lipLower_NL_ICX_R_A,fl_philtrum_NN_XXX_B_F,fl_eyelids_NL_XMX_R_A,fl_lipUpper_NR_SLX_R_A,fl_lip_NR_XCX_N_W,fl_lipUpper_NL_SLX_R_A,fl_epicanthic_NR_XMX_N_W,fl_lipUpper_NN_SMX_D_U,fl_lipLower_NR_ILX_N_W,fl_epicanthic_NR_XCX_R_A,fl_lipLower_NL_ILX_B_F,fl_eyelids_NL_IMX_R_A,fl_lipUpper_NR_SXX_D_U,fl_eyelids_NR_SCX_F,mu_platysma_NN_SMX_N_W,fl_lipLower_NL_ILX_R_A,fl_eyelids_NR_ILX_N_W,fl_buccalRecess_NR_XXX_D_U,fl_epicanthic_NL_XLX_R_A,fl_lipUpper_NL_SLX_B_F,fl_lipLower_NR_IXX_D_U,mu_sternomastoid_NR_XXX_L_M,mu_platysma_NL_ILX_D,fl_lipUpper_NN_IMX_B_F,fl_eyelids_NR_XMX_R_A,fl_eyelids_NL_ILX_R_A,fl_orbitalGroove_NR_IXX_L_M,fl_buccomandibularGroove_NL_XXX_L,mu_platysma_NL_ILX_N_W,fl_eyelids_NL_ICX_R_A,fl_eyelids_NR_XLX_R_A,fl_lip_NL_XLX_N_W,fl_lipLower_NN_SMX_R_A,mu_sternomastoid_NR_XXX_R_A,fl_eyelids_NL_SMX_D_U,fl_buccalRecess_NL_XXX_L_M,fl_eyelids_NL_ICX_D_U,fl_eyelids_NL_XMX_N_W,fl_lipLower_NN_SMX_D_U,fl_epicanthic_NR_XMX_B_F,fl_lipUpper_NR_SLX_N_W,fl_nasolabialGroove_NR_IXX_L,fl_lipUpper_NR_SCX_N_W,fl_lipUpper_NL_ILX_D_U,fl_epicanthic_NR_XLX_B_F,fl_eyelids_NL_XLX_N_W,fl_lip_NR_XLX_R_A,fl_eyelids_NL_SLX_D_U,fl_eyelids_NR_IMX_N_W,mu_temporalis_NL_XXX_L_M,fl_lipUpper_NL_SXX_N_W,fl_lipLower_NR_ICX_N_W,fl_lip_NR_XCX_B_F,fl_lipUpper_NN_SMX_SL_SR,fl_lipLower_NL_ILX_D_U,fl_lipLower_NN_SMX_B_F,fl_lipUpper_NR_SXX_R_A,fl_epicanthic_NL_XCX_N_W,fl_lipUpper_NN_IMX_R_A,fl_philtrum_NN_XXX_SL_SR,fl_lipLower_NL_ILX_N_W,fl_lipLower_NR_IXX_B_F,fl_eyelids_NL_ICX_N_W,fl_eyelids_NL_SMX_N_W,fl_eyelids_NL_XMX_D_U,fl_lipUpper_NL_SCX_N_W,fl_lipUpper_NR_SLX_D_U,fl_lipLower_NN_SMX_N_W,fl_lipUpper_NL_ILX_N_W,fl_eyelids_NR_IMX_D_U,assetid
0,0,0,0,0,0,0,0,0,0,0,0,0,0,0,0,0,0,0,0,0,0,0,0,0,0,0,0,0,0,0,0,0,0,0,0,0,0,0,0,0,0,0,0,0,0,0,0,0,0,0,0,0,0,0,0,0,0,0,0,0,0,0,0,0,0,0,0,0,0,0,0,0,0,0,0,0,0,0,0,0,0,0,0,0,0,0,0,0,0,0,0,0,0,0,0,0,0,0,0,0,0,0,0,0,0,0,0,0,0,0,0,0,0,0,0,0,0,0,0,0,0,0,0,0,0,0,0,0,0,0,0,0,0,0,0,0,0,0,0,0,0,0,0,0,0,0,0,0,0,0,0,0,0,0,0,0,0,0,0,0,0,0,0,0,0,0,0,0,0,0,0,0,0,0,0,0,0,0,0,0,0,0,0,0,0,0,0,0,0,0,0,0,0,0,0,0,0,0,0,0,0,0,0,0,0,0,0,0,0,0,0,0,0,0,0,0,0,0,0,0,0,0,0,0,0,0,0,0,0,0,0,26720
-48,-21,-7,0,-14,-10,0,20,0,49,-12,70,35,26,25,1,-20,12,-65,-43,51,-31,-20,61,-18,-77,26,14,30,-6,1,63,-63,-25,27,14,16,-22,-51,23,-51,-84,12,19,22,-4,0,23,10,17,-41,-21,-12,-42,-59,65,-31,13,22,24,59,-51,56,48,18,0,29,-2,14,-38,0,13,41,42,-36,45,1,11,17,-3,-13,-7,14,-5,20,-45,-49,-67,-53,-34,51,29,93,-36,-27,-55,28,-14,11,-67,-2,58,-10,-9,-21,-33,-29,0,16,19,0,38,7,69,40,-73,-61,-21,0,-33,24,-4,0,30,-51,-9,-30,-50,-9,-5,-7,-6,25,-6,35,0,24,34,-54,-36,41,17,-53,39,-5,-2,35,20,13,21,-54,-9,11,0,0,23,8,46,53,21,-1,0,-6,-21,78,-20,-31,-12,-60,-61,-25,-66,55,10,-53,0,47,-3,-10,3,52,73,13,-7,0,-43,75,-14,60,0,-17,-23,-8,45,17,13,43,90,-23,-15,39,-69,-22,0,30,-33,33,17,14,40,27,-48,20,13,-39,13,5,-1,25,-49,-24,6,-21,30,-6,51,14,3,-42,-6,-34,0,69964
-12,-36,36,0,-8,-57,30,3,0,29,-58,68,-42,45,17,-3,21,4,10,-58,32,-70,28,56,19,47,49,-1,7,37,28,2,-67,62,52,2,77,-20,-33,30,-9,30,12,46,-19,-24,0,1,-69,6,23,56,-59,-3,-71,0,-9,10,25,35,61,0,25,76,29,0,-26,63,43,24,0,22,-18,82,33,27,11,-55,17,16,-72,-56,-37,82,36,23,-16,-8,14,-5,31,15,96,-17,0,-30,48,-70,13,-23,14,37,-7,-44,39,53,-48,0,52,71,0,28,34,70,-7,-47,-26,-29,0,-16,44,41,0,41,-25,-36,-17,-45,-12,-19,-21,38,-25,4,43,0,47,15,100,-36,60,75,52,-30,60,-1,32,17,5,3,-11,-36,16,0,14,29,-33,34,38,0,6,10,-12,40,79,-45,-2,-44,27,4,-14,96,32,-32,12,0,20,2,-35,15,80,66,3,37,0,-100,76,-40,42,0,-13,-33,-41,45,52,-4,-21,92,14,-32,77,-46,5,0,40,-54,28,18,51,-28,19,-55,0,33,-34,19,6,-22,16,-68,15,15,-28,-37,3,73,35,45,-21,11,-10,80,70786
-17,5,42,0,-15,-58,-38,60,0,7,-55,46,-2,77,13,-27,-9,48,4,6,23,-63,7,62,0,75,26,18,-28,48,-35,6,-85,47,26,-24,34,-20,-37,57,-47,79,6,40,-34,-39,0,1,-36,-22,6,52,-54,-2,-84,9,-25,25,45,100,65,-44,-44,65,58,0,-56,-42,58,-29,0,25,-45,46,93,5,-13,27,-9,-37,-85,-58,3,83,69,5,-34,-46,-44,-63,21,15,49,-18,-24,-41,35,-86,-11,-49,10,49,41,-4,100,22,1,0,57,30,0,13,32,87,0,-50,-41,52,0,-13,19,22,0,0,-38,10,-60,-22,-9,-15,-43,23,-18,-54,4,0,44,70,21,-74,71,14,21,-83,-44,-4,40,-22,-19,60,-20,-15,100,0,7,4,-32,69,61,71,-52,5,-9,19,84,-71,-3,-70,-41,-20,-51,13,62,-33,11,0,52,-28,-14,16,44,49,-16,20,0,-74,87,-8,45,0,-16,0,12,67,10,15,3,47,-16,48,43,-31,-25,0,44,-2,44,-35,61,-79,12,15,2,24,-74,-17,44,-30,10,-27,-7,-15,-45,-6,7,65,55,46,-30,12,-21,85,71910
-17,10,56,0,-7,-21,7,10,0,-27,-11,20,-22,31,9,0,-16,29,-4,15,12,-41,-5,20,1,39,-51,6,10,52,7,1,-48,52,6,-11,22,0,33,6,-22,33,9,22,14,-17,0,13,15,-11,-13,51,-11,-26,-46,1,-25,-11,92,31,18,-26,18,20,11,0,-14,3,14,3,0,12,-10,16,8,-26,3,-5,-3,-2,-14,-22,-24,13,27,-14,10,-29,0,-21,11,0,29,-20,-36,-3,30,-14,-4,-34,0,54,20,0,17,1,-57,0,27,20,0,58,7,47,20,-27,-37,43,0,-22,-49,7,0,-3,-4,6,-17,-5,-5,-10,-17,5,6,4,-5,0,24,51,25,-45,45,5,3,-20,0,0,27,-19,-69,11,-18,8,35,0,-13,11,-8,41,20,44,5,10,-6,17,6,-34,-22,-31,-3,-48,-64,24,22,-7,-1,0,38,-1,10,11,13,21,-70,4,0,-25,8,-3,42,0,-8,8,8,41,-4,6,19,34,14,36,79,-24,-35,0,18,-54,29,-18,23,-11,3,17,12,14,-45,5,30,-6,8,-6,-24,3,-65,-22,7,17,11,11,10,-3,-27,10,72006
-36,-39,12,0,-3,-15,27,24,0,0,-23,56,19,27,18,-9,-42,10,-21,-9,16,1,3,34,14,-25,-20,2,51,24,31,25,-23,28,44,-8,42,-1,-23,69,-47,-38,29,-3,-36,5,0,6,-18,3,-2,40,-24,-8,-19,23,-24,-28,34,38,32,-36,66,64,67,0,-12,33,-17,12,0,-4,-16,50,17,-2,21,-42,15,10,-40,-29,-22,78,29,-1,-30,-39,11,-37,16,30,52,-36,-6,-69,24,-42,13,-20,14,52,8,-25,34,80,-22,0,11,65,0,5,13,52,-18,-66,-28,-5,0,-25,-24,-16,0,44,-55,-4,-33,-58,0,-8,-4,0,-40,-1,46,0,-2,-12,29,16,32,33,83,-6,28,-24,31,-15,-15,22,-43,-23,38,0,-23,39,-19,52,29,-19,-5,11,3,54,84,-28,-21,-25,9,-16,-36,16,44,-20,-1,0,8,-10,-26,-2,52,64,-12,0,0,-63,74,-27,48,0,-1,-51,-4,47,14,0,-39,33,10,20,34,-58,-28,0,11,-27,31,-8,18,0,23,-12,7,-1,12,30,0,10,18,-56,3,26,5,3,24,67,-20,-14,-17,1,-7,74,72081
-16,14,-1,0,-8,-11,80,12,0,40,-4,58,16,-13,19,-14,4,5,-23,2,13,-9,-21,46,-8,-4,11,-3,69,-5,77,33,-38,25,41,2,63,-22,-26,46,1,0,-5,21,-35,-9,0,20,11,-2,23,23,-4,6,-40,39,31,-19,7,4,48,-12,78,50,47,0,0,20,-4,5,0,-17,-8,31,-18,36,-6,-20,16,16,-14,-7,5,50,-9,23,-57,-43,5,-32,13,21,72,-41,15,-71,31,-16,5,-40,-14,46,-3,9,-13,-19,-49,0,17,51,0,38,15,69,25,-33,-43,49,0,-43,11,0,0,40,-72,-5,-24,-29,-5,-7,-5,7,-35,12,37,0,20,34,-1,-15,35,26,-11,20,20,-9,34,0,8,16,-20,-1,2,0,-26,1,-9,40,39,27,14,23,-4,19,41,-41,15,-41,10,-39,18,-6,32,-9,-19,0,4,-12,1,-19,25,58,6,7,0,-49,43,6,37,0,-12,10,-4,36,41,-6,27,69,-8,38,73,-22,25,0,41,-45,31,1,13,19,24,3,20,14,-14,-1,12,24,18,-46,5,-3,10,24,17,46,-8,24,-66,-3,26,50,72557
-22,-43,12,0,-11,-22,30,16,-32,32,-27,50,8,11,11,-5,-15,10,7,-11,26,-29,33,40,8,-7,22,11,-25,12,40,17,-48,29,23,-18,79,-2,-5,20,-40,-5,0,23,-29,-12,-30,4,-41,-17,-2,19,-27,-8,-42,22,-10,0,22,28,51,-35,4,57,22,-8,-18,38,31,-9,-29,2,-28,43,26,27,-7,-19,12,4,-42,-25,-2,61,-7,-1,-39,-20,3,-9,22,18,75,-27,1,-72,22,-44,4,-9,21,47,13,1,33,81,-25,-34,37,57,-10,41,21,45,-3,-65,-1,7,57,-25,21,-6,-17,21,-71,-2,-18,1,-6,-9,-19,39,-14,-17,23,0,30,49,41,-28,42,15,90,-49,33,-9,27,16,7,14,-19,-15,18,-13,-14,3,-25,25,37,41,-15,28,-4,1,56,-36,-15,-35,9,11,-25,24,41,-28,0,62,24,-9,-16,0,45,51,11,37,-32,-46,63,-2,39,0,-14,-43,-11,34,41,3,-6,73,23,3,60,-36,-6,0,7,-20,23,-10,48,-72,19,-24,4,-3,-33,-7,9,0,11,-35,-8,-13,-6,0,19,52,24,11,-49,4,-5,55,72603
-19,-18,35,0,-4,-71,21,3,0,-22,-41,26,-37,70,4,-25,7,36,21,11,23,-73,-18,62,-25,49,24,-8,11,29,26,-18,-75,50,12,-22,64,-6,-12,44,4,62,12,39,-28,-40,0,1,0,-22,32,52,-41,7,-72,-8,-14,-33,42,43,66,-6,20,54,46,0,25,-11,18,-32,0,-8,16,56,25,-25,0,-24,7,0,-58,-74,-19,83,32,31,-51,-30,4,-66,24,19,52,-22,-54,-54,40,-62,1,-32,2,18,65,-25,32,41,-31,0,52,57,0,42,41,91,-34,-47,-36,5,0,-20,28,19,0,-10,-44,-20,-60,-21,-18,-15,-43,-33,-6,-60,-11,0,41,-3,47,-82,75,39,34,-24,-25,-23,3,20,5,5,-23,-23,37,0,-46,20,-44,72,52,-4,-61,14,-19,13,77,-69,9,-71,6,38,-56,39,55,-47,18,0,15,-25,-19,-12,54,29,2,-30,0,-77,77,-29,-1,0,-5,-15,-23,68,11,-14,-25,44,-17,22,55,-42,-52,0,52,-27,4,3,57,-13,20,-6,0,36,-84,0,39,-27,4,-23,-12,3,-48,-39,4,52,27,43,-56,9,-13,74,72706
1,-71,49,0,-9,-44,9,6,0,46,-65,58,-8,8,12,-19,19,-40,12,-35,0,-70,8,31,-41,36,34,7,-28,51,13,-2,-31,17,16,1,70,-26,-4,0,-31,16,-6,-1,3,-11,0,3,-34,1,26,24,-64,-19,-30,0,-9,21,-1,17,32,-37,-15,63,9,0,-27,12,71,-61,0,-11,-17,57,42,45,-5,-34,9,37,-70,-47,-16,58,1,23,-31,25,10,-16,-4,17,100,-26,8,-27,23,-70,7,-62,0,25,-15,-45,42,14,-2,0,-29,67,0,43,1,42,-3,-40,-60,-14,0,-23,27,-24,0,32,-23,-17,-21,-8,-1,-14,-16,24,3,-39,39,0,3,75,49,-34,46,16,29,-37,14,-22,36,-38,-12,6,-4,-49,18,0,21,0,-49,31,31,78,-37,-4,0,-40,63,-25,-11,-20,-6,7,-8,42,33,-48,13,0,25,-23,-55,-13,67,61,-2,23,0,-71,60,-41,23,0,-11,-70,-21,36,46,7,0,100,-50,-24,73,-26,7,0,11,-6,40,-38,-16,-48,11,-33,6,-10,-37,-13,-50,-11,10,-14,5,-14,1,-9,4,65,57,1,-34,-1,-13,69,72971
-10,49,78,0,-12,-85,20,15,0,-42,-26,11,-52,43,14,-12,-9,52,28,-42,35,-90,-7,75,-39,71,26,3,45,76,23,9,-87,68,3,-37,33,-31,-24,52,-39,77,17,47,27,-32,0,11,-4,-34,3,75,-25,-19,-82,13,-27,-42,65,32,79,-47,56,29,50,0,-17,-58,25,-47,0,-16,4,47,81,-43,2,2,-2,-11,-57,-90,-30,47,38,1,26,-25,0,-62,32,11,63,-32,-33,-46,42,-61,0,-58,3,81,32,14,92,55,7,0,13,35,0,47,30,83,42,-73,-52,14,0,-27,24,14,0,-18,-44,13,-49,-51,-28,-10,-36,29,31,-88,-15,0,51,9,23,-89,83,27,58,25,-56,-15,34,-26,-18,17,-18,11,29,0,-49,24,-38,78,46,3,-87,19,-25,4,27,-90,-12,-85,-3,9,-74,14,51,-41,31,0,29,-14,13,-17,50,15,-18,27,0,-89,29,9,73,0,-10,46,12,67,27,1,46,57,-42,20,63,-71,-32,0,45,8,37,-35,16,17,7,-52,11,37,-93,3,49,-39,13,-55,-18,9,-67,-56,17,29,29,22,28,8,-29,45,73215
-31,-26,42,0,-16,-35,13,20,0,13,-56,46,6,20,1,-24,-11,36,1,6,28,-21,-3,50,-69,21,14,7,15,41,19,-10,-52,7,39,-18,58,-22,-24,10,-45,26,10,19,8,-1,0,-9,-24,-17,4,16,-55,-8,-47,-10,-7,-19,2,20,51,-42,24,46,18,0,6,-5,45,-11,0,-14,10,30,13,9,8,-16,-1,-12,-73,-37,2,57,16,0,-34,-40,-3,-15,24,10,43,-23,-3,-36,20,-72,-1,-58,2,22,18,-12,23,33,-26,0,13,58,0,16,21,71,3,-62,-52,13,0,-19,14,-28,0,29,-32,-13,-12,-26,-9,-4,-7,14,3,-26,30,0,23,32,45,-12,33,24,28,-19,-1,-14,35,-27,-17,22,-34,-13,15,0,-23,19,-45,21,46,31,-28,1,-8,3,39,-65,-1,-62,0,-10,-11,33,51,-48,6,0,26,-28,-16,-16,35,50,-14,14,0,-58,38,-14,18,0,-17,-28,-15,19,19,5,-1,35,-70,11,46,-54,-3,0,-16,-25,33,-32,21,-28,8,-3,-8,-14,-15,7,29,-12,1,-37,-11,5,1,0,6,46,37,-37,-31,-4,-7,57,73389
-24,-35,23,0,-12,-12,9,78,0,66,-60,65,47,33,12,16,5,4,-34,3,33,3,-7,58,-25,-21,16,26,-6,16,15,26,-64,-26,39,-4,28,-55,-19,17,-17,-18,17,39,12,-8,0,2,-18,-14,-17,-44,-60,3,-57,23,-12,9,60,30,60,-49,19,43,12,0,-7,-51,51,-7,0,-15,-13,9,31,58,0,36,-4,-39,-78,-8,56,69,17,-19,-34,-46,-81,-39,28,-3,54,-16,-34,-51,21,-71,-20,-66,3,13,-7,-35,23,-43,-22,0,42,21,0,14,31,94,-17,-85,-63,-39,0,-19,16,-9,0,15,-34,7,-27,-40,12,-19,-8,3,37,15,16,0,44,1,-34,0,25,-16,-24,-49,-51,0,36,-37,-5,83,-26,3,29,0,0,20,-26,34,10,-18,21,-4,13,-19,80,-29,23,-25,-63,-62,-15,-52,8,-25,-38,0,54,11,-6,-28,26,65,-4,1,0,-36,83,-35,31,0,-18,-30,1,30,7,20,-19,60,-27,-51,19,-82,-24,0,22,-12,40,-54,45,-78,-1,-7,0,30,0,5,10,0,10,-51,7,5,-27,54,-1,43,52,-3,-63,0,-24,66,73390
-21,35,5,0,-16,-33,51,26,0,18,-26,70,-10,-17,14,-19,3,10,-8,-29,33,-37,13,48,34,68,3,11,2,2,57,4,-52,47,37,-15,69,-57,-45,76,-28,69,2,22,-9,-18,0,1,-30,-14,26,42,-24,-7,-55,3,-1,-6,23,12,54,-20,35,46,84,0,-36,57,33,-12,0,7,-25,47,55,17,-3,-28,5,12,-49,-30,-13,67,-51,26,-62,-25,41,-25,31,46,91,-33,-9,-66,35,-49,1,-10,8,36,0,5,58,25,-66,0,42,72,0,37,23,50,57,-29,-33,14,0,-33,0,17,0,27,-62,4,-37,-3,-5,-1,-17,23,-9,-14,30,0,24,74,27,-32,50,52,9,-29,45,-22,23,2,7,22,-19,-8,20,0,-22,12,-39,48,32,64,-13,42,-5,25,24,-42,-10,-44,65,0,-26,19,28,-41,-14,0,42,-17,-5,2,41,65,5,22,0,-73,23,11,28,0,-20,29,0,57,43,9,36,81,49,20,68,-8,-7,0,33,-68,33,3,44,-39,42,-20,0,9,-31,7,10,-7,13,-14,-4,5,-29,-6,46,44,33,38,-67,14,-3,61,73683
-28,8,28,0,-20,-56,10,29,0,19,-24,37,-21,1,7,-28,-11,71,-16,-18,73,-73,3,47,-58,42,52,7,25,29,15,33,-76,27,19,-6,23,-30,-19,-4,-28,48,0,37,26,-27,0,1,-35,-6,30,27,-23,-1,-73,36,9,-41,66,39,50,-34,56,28,-2,0,-39,-6,30,-45,0,-7,-25,6,16,16,8,0,5,-6,-10,-63,-13,17,12,27,-27,-38,-17,-42,75,16,70,25,-20,-75,27,-10,4,-55,-5,32,-13,-35,35,17,-41,0,58,32,0,69,21,72,63,-46,-48,-42,0,28,45,-22,0,0,-70,-28,-39,-33,-17,-16,-30,28,35,-36,2,0,41,10,-6,-61,52,7,33,49,-8,-19,49,-30,29,29,-31,-43,36,0,-32,14,-22,44,38,10,-35,-35,-14,-24,24,-63,1,-63,-24,-13,-22,-1,38,-24,-11,0,36,-29,-43,-13,25,40,25,28,0,-92,20,-33,34,0,-22,0,-33,44,46,6,72,73,-62,-14,82,-57,-20,0,3,-40,45,-45,60,32,7,-43,0,-10,-64,2,76,-26,6,-31,-9,-3,-17,-23,-29,38,31,-6,-35,0,9,22,73882
-29,8,23,0,-19,-30,11,25,0,26,-28,47,21,0,7,-21,-10,21,-3,-10,7,-8,24,40,-37,-3,22,10,40,20,16,30,-37,34,43,-11,33,-16,-26,43,-18,0,-6,8,0,-4,0,8,6,-11,28,30,-27,13,-30,31,10,-23,11,10,42,-29,63,48,41,0,12,14,1,-13,0,-9,-1,19,3,21,-3,-20,7,-4,-34,-35,17,58,6,23,-48,-44,-27,-19,6,9,81,-34,2,-52,19,-36,2,-67,17,44,35,-7,15,-21,-40,0,-4,32,0,34,19,70,28,-64,-66,-9,0,-32,22,-30,0,30,-49,-8,-16,-46,-7,-16,-10,28,1,3,30,0,14,58,14,-8,33,26,-13,20,10,-3,44,-39,-7,25,-33,-33,7,0,-24,6,-11,30,40,52,1,-11,-6,-8,57,-49,18,-46,-27,-14,-11,15,45,-12,0,0,30,-24,-31,-14,15,51,-8,28,0,-52,58,-9,44,0,-19,8,-11,29,37,7,30,78,-40,-10,65,-57,-4,0,12,-34,40,-46,2,3,13,-12,8,-11,-12,-4,24,14,7,-51,-1,-2,3,15,-19,46,6,-7,-54,-5,10,58,74441
0,-34,28,0,-12,-47,73,8,-38,55,-32,36,-17,39,12,1,32,4,2,7,34,-60,-6,67,-74,24,24,5,68,18,80,16,-72,23,43,11,64,-46,-32,8,-9,19,-33,40,33,-29,-39,3,-58,16,37,24,-30,2,-67,17,28,-31,6,33,69,-10,91,39,20,-12,19,17,9,-23,-38,-5,15,58,25,52,-25,36,20,26,-44,-45,-3,4,45,35,-49,-9,-9,-27,35,33,66,-31,31,-43,49,-42,14,-80,-1,70,-1,-1,36,27,-17,-33,-3,65,-13,20,-8,64,52,-55,-72,-9,64,-28,24,5,-16,29,-44,-18,-22,-14,3,-5,-31,34,33,-20,33,0,43,33,19,-36,49,22,45,33,15,-2,24,22,27,10,-5,10,39,-14,-32,-21,-32,30,13,46,-19,41,5,0,42,-47,10,-39,-8,-18,10,11,17,-32,1,65,21,2,10,-7,63,37,27,33,-38,-86,42,1,71,0,-16,-32,-20,26,52,0,54,69,-75,-13,85,-50,34,0,58,-20,20,10,0,19,33,5,3,19,-39,-35,2,-17,12,-17,26,-33,21,-18,43,38,9,36,-43,7,26,5,74462
4,6,29,0,-5,12,27,72,0,37,-56,76,76,17,22,-17,22,-25,1,-1,-52,25,-3,11,-48,15,-20,5,22,34,28,-17,22,-10,52,-10,12,-21,-18,3,-5,28,11,-18,-37,23,0,2,0,-10,12,0,-54,11,28,-16,24,4,-26,0,10,-18,35,27,11,0,-7,-32,19,-28,0,-13,34,33,34,39,10,-15,22,-36,-74,14,56,57,-9,13,-48,26,-5,-30,-58,0,83,-51,31,-62,-12,-78,24,-22,5,54,-26,-9,38,-49,-13,0,0,14,0,-31,29,49,-11,-54,-23,15,0,-44,-26,-28,0,33,-48,-2,-24,-65,7,-13,24,22,-20,-3,39,0,-17,-26,-17,37,6,12,-30,-22,-26,-30,29,4,-47,76,-6,0,-12,0,-21,20,-25,12,43,-49,0,-24,14,-43,56,-32,27,-22,-4,-26,36,-34,46,-26,10,0,19,-22,-7,-5,34,79,-38,21,0,-14,56,-12,18,0,0,6,-8,8,-16,7,-18,68,-24,6,-2,-33,41,0,6,-20,42,11,5,-48,-2,-1,3,1,36,4,-39,20,19,-47,-8,16,29,82,-17,26,0,-23,-47,-2,14,57,74735
-14,-35,68,0,-13,-41,46,21,0,27,-72,67,-2,-29,6,-19,31,10,20,2,-31,-56,2,56,-10,50,19,-8,-8,65,52,-25,-49,55,43,-13,83,-43,-39,41,-35,48,1,18,16,-2,0,-9,-75,-13,12,69,-73,-28,-47,-26,-7,8,17,31,58,-45,18,60,47,0,-27,37,2,-14,0,12,-21,67,14,23,2,41,1,1,-90,-43,-13,65,-49,9,-43,-23,29,-55,-29,28,97,-38,-7,-23,24,-87,-3,-68,4,66,-6,-34,19,-24,-30,0,3,82,0,13,30,69,1,-47,-66,34,0,-34,9,5,0,32,-16,-16,-47,-19,-1,-5,-7,0,37,3,33,0,23,60,70,-26,45,20,-30,-47,40,-8,21,-15,-23,21,-21,-26,27,0,-10,15,-66,58,27,45,2,27,-2,-31,41,-58,-21,-56,52,-28,-33,54,30,-71,24,0,52,-20,-21,6,63,69,-29,0,0,-81,44,-40,70,0,-18,-36,-14,52,16,-9,-3,91,-16,22,50,-30,-5,0,5,-33,25,-17,1,-47,30,1,-9,23,-30,9,9,-26,4,-19,-13,3,-28,-3,19,56,19,-13,-42,-3,-7,61,74777
3,-39,51,0,0,-35,14,-12,0,23,-55,63,-16,-45,15,-5,48,-30,52,-28,-40,-44,-21,23,-14,22,-20,1,7,43,18,-29,-32,12,48,17,66,-3,-21,18,-4,15,3,13,-41,-7,0,0,-6,21,20,9,-54,-8,-23,-28,0,22,-42,-23,23,-6,21,52,24,0,-14,56,19,-27,0,-5,-27,37,-4,19,1,-72,28,47,-70,-38,-29,39,-29,16,-48,39,58,-35,-41,12,55,-51,37,-39,33,-72,23,-10,3,35,6,-27,7,76,-19,0,-31,68,0,13,29,32,-34,-8,-5,12,0,-51,-16,17,0,45,-38,-16,-32,-9,8,-4,-11,5,-41,-32,46,0,20,6,49,-23,38,39,84,-42,54,-9,32,24,-36,-9,-2,-32,-21,0,19,13,-18,40,40,5,-31,8,11,-3,34,-35,-1,-35,51,49,16,51,49,-19,52,0,0,-12,-36,-3,42,66,-34,3,0,-36,41,-25,26,0,-3,-41,-19,38,23,-2,-31,57,-18,10,52,2,36,0,27,-14,27,20,-24,-51,11,-29,2,42,-27,6,-34,-17,14,-22,8,9,31,-24,9,49,22,5,-47,8,1,44,74926
-30,28,54,0,-4,-13,74,31,0,17,-25,90,8,20,28,2,2,-20,5,-41,-31,19,-50,65,-45,-17,-21,-9,65,51,81,14,-17,34,63,15,57,-45,-54,48,-28,6,-17,14,0,-4,0,19,8,8,7,17,-20,-29,-16,17,-4,-50,-22,75,65,-54,89,44,55,0,4,30,-15,14,0,-2,5,48,-2,14,-18,-62,40,11,-56,-1,11,38,31,8,-47,-22,0,-24,-35,23,68,-70,-22,-68,27,-58,34,-91,-12,70,12,14,-2,78,-56,0,-4,62,0,6,12,55,-11,-67,-85,21,0,-75,-19,-17,0,61,-67,19,-10,-51,13,-7,3,20,0,10,63,0,17,19,1,13,31,39,81,1,29,-10,49,-35,-44,37,-36,24,68,0,-50,-5,-20,30,38,15,17,43,12,36,58,-28,-3,-24,-6,-20,6,0,30,-26,11,0,15,1,18,-4,53,89,-49,19,0,-55,60,16,73,0,-9,30,14,25,38,-11,-6,74,-31,23,56,-68,0,0,16,-48,48,-48,-14,-18,20,-35,18,10,16,-17,-9,23,28,-50,5,-9,-11,19,47,44,-10,-16,-68,6,-17,36,74975
-26,16,7,0,-12,-26,47,27,0,11,-27,60,7,12,11,-10,-15,40,-15,-6,30,-38,12,39,-10,9,12,20,18,-1,52,35,-45,0,18,-11,24,-9,-13,50,-18,4,27,20,18,-22,0,9,13,-10,14,0,-26,4,-42,37,-12,-40,32,69,42,-34,20,47,51,0,-44,-22,31,-16,0,-6,-36,30,29,11,16,-29,17,-20,-21,-25,10,71,13,12,-38,-51,-29,-41,29,12,54,-14,-35,-56,22,-25,10,-29,12,60,34,-20,38,47,-32,0,58,20,0,34,24,85,2,-74,-23,-2,0,-9,15,-10,0,15,-52,0,-31,-54,-5,-10,-23,-27,20,-18,18,0,20,42,-22,-38,41,12,54,0,-25,-12,38,-19,4,31,-33,-43,60,0,-46,36,-17,47,50,37,-15,-12,-3,-2,70,-47,18,-41,-24,-15,-32,-27,50,-19,-13,0,12,-9,-43,-11,32,62,4,-26,0,-64,70,-27,45,0,-16,14,-1,41,7,15,1,64,-14,-9,31,-73,-28,0,48,-31,39,-22,58,1,14,-19,8,19,-39,26,39,0,11,-58,-7,21,-32,9,-17,44,21,13,-42,2,-18,75,75021
-40,8,39,0,-4,-20,20,33,0,-1,-12,55,34,78,8,3,-40,14,-12,47,17,38,-1,51,17,75,0,-2,4,40,37,-18,-16,-15,63,6,61,-17,-35,57,-31,69,14,22,-25,-12,0,0,5,5,7,-10,-13,0,-17,-16,-10,-47,17,100,56,-29,6,13,66,0,-38,14,-6,16,0,0,-25,52,-5,0,10,-5,2,-39,-30,-17,35,82,70,9,-35,-52,30,2,16,8,31,-47,-35,-24,26,-36,0,-32,-4,71,34,1,21,77,-16,0,22,52,0,8,7,71,-10,-48,-22,44,0,-41,-1,-37,0,27,-20,6,-3,-42,-1,-12,-13,24,-21,-5,31,0,21,-3,66,2,34,24,74,5,7,-17,19,-8,-7,35,-45,-17,93,0,-57,23,-48,8,49,8,-4,25,3,58,40,-44,10,-37,29,-11,-33,62,43,-48,-7,0,60,6,-13,-4,52,57,-3,25,0,-19,35,-8,64,0,-4,11,3,15,20,-6,-19,17,21,56,38,-45,-30,0,8,-23,18,-15,24,-2,8,35,-1,-22,1,12,5,18,8,-51,-18,10,-36,36,13,12,-15,-11,-33,2,-12,82,75066
-22,36,28,0,-15,-2,47,31,0,14,-14,69,27,-7,8,-24,0,0,5,-14,1,2,39,32,23,57,11,9,43,24,46,7,-26,-9,46,-12,47,-25,-32,38,4,62,8,-3,3,-2,0,4,0,-14,21,-21,-14,5,-21,5,2,-34,-5,32,35,-12,66,26,44,0,5,31,-9,5,0,-4,18,19,-7,9,-1,-11,8,-23,-25,0,20,69,-28,20,-34,-24,8,3,0,11,51,-33,-3,-39,11,-23,2,-45,20,35,11,4,2,-33,-43,0,7,52,0,25,25,61,21,-24,-41,32,0,-31,8,-42,0,15,-29,9,0,-34,-16,-19,-4,14,10,16,19,0,1,27,22,-4,25,3,-24,1,24,-12,20,10,-10,33,-26,-9,29,0,-36,10,-40,3,42,14,19,1,-15,-2,22,-45,17,-39,9,5,6,1,41,-46,6,0,33,-26,-10,-2,25,73,-11,13,0,-21,19,-1,28,0,-19,25,5,11,35,7,10,61,22,39,57,-24,-1,0,3,-38,21,0,11,-2,6,-20,2,-20,-8,-2,1,20,10,-35,-20,-4,9,27,5,27,-15,-17,-47,-7,-2,72,75156
-27,31,32,0,-17,-64,40,32,0,-28,-45,19,-26,15,10,-3,-4,34,-1,5,46,-59,-1,66,-13,13,17,5,-38,37,41,0,-74,8,18,-12,39,-12,-15,22,-39,16,28,39,-25,-8,0,3,-11,-10,1,15,-43,-9,-70,-4,-22,-33,51,60,66,-39,-10,34,29,0,0,-23,3,-24,0,2,4,6,-14,-32,15,25,11,-16,-62,-67,0,77,3,0,-23,-27,0,-62,46,6,79,-28,-21,-45,30,-58,8,-34,9,-34,23,-7,-6,-45,-51,0,19,56,0,52,42,64,19,-43,-36,39,0,-23,16,10,0,-3,-40,5,-61,-35,-21,-8,-12,3,-18,-44,-3,0,43,59,63,-50,57,-5,-19,-42,-27,-13,19,19,-15,32,-32,6,65,0,-36,36,-46,64,25,60,-44,-8,-22,-22,45,-62,-5,-62,-14,42,-64,49,32,-52,12,0,34,-3,0,6,17,25,-13,5,0,-75,46,-6,-39,0,-18,23,0,65,9,5,7,81,-3,47,47,-37,-24,0,4,-54,21,15,21,-63,0,1,2,26,-53,22,30,-24,9,-29,-19,22,-52,-32,7,40,-10,-16,-18,-1,-22,80,75203
-23,10,63,-1,-20,-54,56,7,-29,51,-56,60,-48,29,18,-31,4,65,0,14,13,-50,-7,63,-41,-13,16,19,14,66,66,19,-63,14,47,3,55,-18,-19,28,-51,-18,27,16,16,-18,-33,4,-31,6,36,30,-57,0,-61,15,0,24,24,19,61,-50,24,82,41,-5,-31,-34,61,-45,-32,-6,-16,16,17,46,44,0,16,3,-71,-66,0,80,17,32,-32,-18,-61,-35,8,-4,77,-19,9,-47,19,-70,15,-55,-1,29,-36,-40,27,6,-26,-34,23,62,-6,47,17,97,-9,-55,-60,-31,76,-11,6,-39,-16,50,-42,-13,-37,-15,11,-18,-27,23,29,-7,53,-14,18,100,28,-25,44,24,29,-49,-34,-5,50,-62,-27,6,-27,-39,15,-18,18,49,-5,39,46,92,-10,-18,14,-29,91,-58,-4,-61,-64,-1,-6,20,51,-11,14,77,27,-31,-41,-2,15,68,-18,27,-30,-92,84,-46,26,-1,-22,0,-13,41,40,19,-18,73,-27,-32,75,-45,2,-12,-5,-33,53,-59,33,-48,-10,19,3,-29,-28,34,55,-10,17,-17,3,31,10,-57,-6,79,53,-18,-24,-2,5,79,75209
-9,-34,-15,0,-14,-20,57,49,0,54,-40,37,15,78,11,-5,1,47,-35,-7,57,-31,5,47,-47,18,1,5,23,-13,62,33,-58,44,28,-24,18,-21,-11,4,-17,21,-22,36,5,-19,0,7,-16,-23,19,58,-40,11,-56,37,22,-47,52,36,49,-29,33,40,3,0,1,-22,17,0,0,-7,9,40,38,54,-22,-2,0,-27,-58,-22,25,52,79,16,-35,-46,-24,-38,52,10,43,-19,-25,-49,31,-58,6,-76,9,31,1,-25,43,-28,-38,0,56,19,0,47,17,77,24,-43,-74,50,0,-13,-7,-7,0,26,-45,-3,-31,-52,0,-8,-19,6,12,11,33,0,37,33,-1,-29,45,2,-12,21,-21,-12,31,-33,17,54,-21,-8,33,0,-56,-14,-58,50,25,23,13,-8,3,6,42,-51,29,-44,-31,-65,-24,-11,23,-62,-22,0,32,-6,-7,-8,36,43,21,5,0,-57,43,-30,30,0,-10,-39,-4,45,36,8,29,40,-49,50,60,-39,-16,0,60,-45,34,-39,54,9,7,-15,9,17,-32,-32,41,6,7,-51,4,-26,-27,20,-9,42,16,32,-28,4,16,52,75332
-22,14,45,0,-8,-13,26,84,0,5,-27,69,44,46,21,-23,-31,31,-3,-18,-17,-18,-15,36,54,8,37,7,31,46,21,0,-36,-33,30,-19,0,-5,-35,99,-58,13,17,2,-73,-16,0,0,-4,-17,-10,-17,-29,-31,-36,-2,-42,-39,33,46,28,-62,26,11,100,0,-48,-44,-16,12,0,9,-50,28,26,6,-2,-42,9,-39,-56,-21,23,79,37,-11,-46,-35,20,-58,-23,10,78,-32,-19,-79,5,-56,7,8,12,83,0,-8,21,35,16,0,49,16,0,3,39,74,-13,-15,6,17,0,-22,25,0,0,-12,-75,28,-60,-60,1,-24,-23,-27,-68,-17,-3,0,3,-15,-28,-23,41,5,58,-65,-47,-31,19,22,-40,84,-32,-2,44,0,-41,18,-44,58,41,-38,-18,0,7,23,43,-37,-29,-28,14,-10,-37,-42,44,-51,1,0,21,-23,-7,6,41,77,-32,-29,0,-75,37,-11,78,0,-10,4,29,57,-18,7,-24,94,54,19,8,-15,-24,0,16,6,27,37,58,-61,0,-21,0,14,-26,0,17,-14,21,-42,-17,9,-26,39,16,15,-28,-3,-37,28,-40,80,75425
-17,-41,82,0,-9,-3,27,64,-35,63,-51,69,66,32,21,0,-1,13,9,-12,-4,34,2,29,10,-37,1,34,-5,76,26,13,-25,-35,35,4,-8,-7,-7,4,-34,-35,5,4,-50,6,-32,9,10,2,-13,-29,-51,-9,-20,11,-9,14,42,15,27,-37,9,32,4,-17,-66,-48,22,-21,-33,-1,-60,12,-25,61,-1,-25,17,-19,-67,-1,37,67,31,-14,-53,-5,-32,-15,-8,-20,65,-41,-11,-50,-11,-67,14,-23,5,15,-2,-40,-16,-16,-2,-29,12,-1,-18,2,22,59,-25,-55,-22,-16,73,-40,0,-32,-16,33,-49,0,-16,-68,20,-7,3,22,-49,0,36,0,8,31,-6,13,12,-5,-23,-55,-48,-18,50,-2,-2,65,-20,-13,15,-16,7,12,-19,-2,49,9,2,-38,23,-39,74,-18,0,-13,-31,-29,18,-13,51,-18,11,74,32,-4,-16,-3,13,72,2,20,-34,-6,75,-41,9,0,-12,-42,-2,0,-12,34,-30,65,12,-15,3,-49,-7,0,-44,-2,56,1,17,-62,-22,-11,9,-17,13,0,7,21,18,-59,-10,3,20,64,-36,31,19,-62,-55,0,-14,66,75652
-33,-22,35,0,-12,-16,2,29,0,24,-33,47,23,88,5,-15,-22,14,-13,-5,22,-48,-7,29,-27,0,-5,12,34,41,-7,-8,-43,-79,-3,0,15,4,12,16,-10,0,29,5,-4,-9,0,-6,-16,-2,0,-80,-36,-21,-41,-12,-17,-52,39,49,23,-17,56,45,11,0,9,-7,-49,-25,0,-15,8,42,-58,21,15,-63,2,0,-50,-14,-2,15,88,0,-17,-23,12,-15,16,0,10,-23,-7,-13,-1,-50,-2,-31,9,49,-2,-27,-63,48,0,0,21,25,0,10,-4,39,-26,-29,-31,6,0,-22,-3,-33,0,0,-8,-12,-12,-24,30,-18,-9,-23,8,-37,2,0,9,-18,29,-43,48,-6,52,32,-7,-32,2,-19,-3,33,-36,12,46,0,-58,34,-29,17,51,-22,-31,-6,32,-4,40,-43,-14,-39,8,12,13,17,50,-33,-6,0,24,-18,4,-11,43,50,1,-24,0,-52,38,-33,34,0,-15,-26,-14,17,-9,12,-24,27,-22,15,15,-36,-12,0,-25,-1,2,-17,20,13,-4,-1,-6,-18,-45,25,10,-9,5,-14,-16,19,17,22,-1,47,-40,-35,-21,-5,-19,14,75681
18,43,79,0,-11,-29,66,-7,0,38,-36,77,-12,-52,22,15,58,-28,46,-46,-14,-37,-3,30,21,12,-3,4,88,73,69,0,-31,3,53,0,42,-14,-26,75,7,18,15,35,-45,14,0,10,-2,-6,13,-4,-38,7,-25,3,21,13,-15,44,30,1,100,33,76,0,-29,65,4,-44,0,34,-29,24,69,36,7,-7,50,38,-57,-24,-21,80,-57,9,-34,51,49,-30,-16,11,65,-66,54,-38,8,-58,49,-25,11,81,-15,-33,82,41,-7,0,-13,40,0,17,37,63,8,-31,-23,15,0,-68,-2,14,0,41,-30,-19,-29,-33,2,-20,17,33,-39,-44,44,0,38,-42,2,-12,36,15,38,4,62,-22,78,16,-7,-3,12,-26,32,0,0,28,-9,35,61,-27,-41,-8,5,-60,52,-54,23,-48,55,-10,41,-11,55,-11,49,0,16,12,-34,25,34,78,-7,32,0,-48,56,-35,70,0,-15,41,-22,40,39,2,15,67,30,11,57,-13,71,0,4,-3,78,14,-13,0,9,-53,10,30,-14,19,-27,-11,21,-43,6,24,31,-10,-12,30,15,-19,-46,1,9,74,75736
-10,27,42,-15,-8,-69,45,21,-36,-5,-38,38,-39,-41,9,-5,23,9,2,-4,20,-67,-12,49,24,56,16,-2,-86,49,47,-5,-83,61,31,7,55,-21,-55,5,-25,61,11,41,8,-26,-40,3,-9,8,18,66,-38,-32,-82,-10,-5,-16,26,28,54,-20,-70,39,6,-13,-22,29,38,-26,-39,22,-11,35,54,-8,2,-20,9,12,-52,-76,-25,65,-43,16,-47,-15,13,-66,20,11,89,-12,-20,-47,43,-50,11,-42,1,39,9,-3,60,41,-60,-36,46,60,-14,3,4,83,34,-27,-35,-3,59,-8,8,17,-29,15,-35,-16,-67,-11,-6,-8,-30,-14,13,-31,19,-20,46,42,46,-62,54,23,53,-48,39,-8,40,12,-24,22,-15,-6,27,-29,-10,9,-29,71,12,44,-28,8,-6,-8,37,-47,-27,-41,11,12,-40,38,12,-33,9,58,21,-6,-10,12,43,43,-24,-15,-37,-94,35,-1,39,-15,-8,25,-21,76,18,-1,22,80,16,8,54,-31,-22,-19,15,-61,38,5,51,-55,7,-6,3,24,-66,3,4,-30,9,-16,-18,2,-30,-44,13,42,32,2,-53,0,-6,68,75905
-6,-7,75,0,-5,-2,57,30,0,51,-50,76,36,6,22,-10,24,9,22,-18,-31,-17,36,36,-52,-15,19,9,69,75,72,1,-34,-31,42,-1,26,-11,-13,21,-28,-14,20,9,-39,11,0,2,-6,3,7,-22,-49,-20,-26,2,-2,-30,-14,43,34,-17,65,32,27,0,-1,0,-16,-13,0,-18,8,16,1,48,14,-32,20,15,-71,-6,6,26,11,2,-37,29,7,-26,-40,6,95,-45,33,-66,-7,-70,23,-57,33,41,-33,-20,17,-23,4,0,0,24,0,2,22,56,2,-40,-52,21,0,-41,18,-10,0,38,-65,-9,-22,-43,18,-11,4,19,-40,-9,42,0,17,-35,-27,-5,24,0,-25,-20,0,-24,44,-11,-35,32,-12,-1,38,0,-29,29,-20,28,49,-27,-8,-8,22,-33,32,-36,-17,-31,7,-9,19,-21,58,-22,33,0,-5,-16,-6,-22,16,84,-23,21,0,-42,34,-19,35,0,-6,-6,-10,23,-1,8,5,89,-55,27,29,-32,30,0,-34,2,46,-7,11,-21,3,-27,4,2,-11,15,-5,-2,22,-52,0,23,42,20,-5,29,-25,-58,-25,1,0,33,76035
-38,-30,-9,0,-12,14,45,29,0,48,-38,71,48,-2,7,-18,-10,16,-41,-14,32,31,-1,6,-44,-52,34,22,29,-16,47,9,-23,-38,44,15,16,0,-44,1,-17,-49,-4,0,-28,-4,0,-3,5,10,0,-45,-37,2,-24,8,7,3,30,-1,6,-34,21,38,18,0,-17,-1,1,13,0,-33,-13,-10,-52,48,1,-22,17,-14,-42,23,19,52,-5,-2,-42,-61,-10,-9,28,-9,35,-32,-11,-42,4,-42,13,-47,1,44,-17,-32,-44,-20,-20,0,3,16,0,1,10,72,-16,-52,-45,6,0,-33,33,-44,0,2,-42,1,-2,-50,-4,-21,-1,13,-30,38,5,0,-1,55,-18,-7,8,-13,-14,-41,-3,-16,50,-35,32,36,-43,-24,-1,0,-4,7,-22,7,62,46,43,-28,-2,7,52,-43,21,-38,-9,-69,22,-25,54,-27,-40,0,19,-20,-23,-35,-6,70,34,14,0,-14,46,-36,29,0,-10,-36,0,5,0,20,-28,34,-38,16,25,-47,4,0,5,-17,55,-43,2,-39,-10,-17,-3,-23,-5,-9,17,10,7,-52,-30,-4,4,56,-25,41,-13,-16,-50,-15,-2,50,76125
-43,37,-17,0,-7,-56,40,14,0,-2,-9,39,-26,36,17,-16,-30,34,-37,-42,50,-70,-3,41,0,35,6,2,49,-29,49,47,-69,19,3,2,-11,-11,-7,26,-26,44,9,36,5,-38,0,14,12,-3,2,19,-5,-9,-68,42,-16,-42,50,80,36,-51,42,34,35,0,-52,19,16,-34,0,-22,-48,26,63,-5,-4,-28,7,0,-5,-45,-28,75,27,8,-14,-51,-14,-34,54,11,65,-9,-54,-52,32,-8,5,-41,12,38,12,-22,46,52,-19,0,79,10,0,33,9,72,44,-27,-49,-19,0,-8,10,-13,0,6,-55,-4,-7,-69,-10,-3,-32,-29,-26,-52,6,0,35,15,0,-66,58,15,79,24,19,-12,39,-42,13,20,-51,-20,79,0,-51,9,1,52,60,29,-45,-20,-9,29,56,-56,13,-47,-28,-13,-32,-17,50,-8,-40,0,28,-12,-24,-10,32,36,3,-28,0,-85,41,-27,30,0,-13,27,-2,36,12,4,31,68,2,24,41,-48,-40,0,46,-17,50,-45,62,27,-1,-38,12,25,-66,-6,41,-11,17,-46,-1,-6,-41,-18,-1,44,7,4,-22,2,-23,72,76203
-32,-54,39,0,-12,1,14,55,0,31,-45,80,42,74,8,-26,-25,33,4,-8,1,14,43,30,-66,25,0,12,-3,35,13,10,-26,-40,37,-15,46,-1,11,-8,-47,23,3,0,-18,-10,0,-8,-6,-17,-2,-45,-45,0,-25,10,-15,-61,20,71,31,-58,20,54,-4,0,-12,6,27,13,0,-4,-18,60,28,29,0,-31,13,-28,-52,6,28,33,72,-2,-60,-41,5,-3,-2,20,41,-16,-31,-67,0,-56,7,-44,40,43,32,-23,30,86,-15,0,54,48,0,41,31,61,14,-77,-48,31,0,-18,2,-43,0,17,-61,-16,2,-34,5,-12,-10,2,-5,14,19,0,2,10,-12,4,23,11,96,-4,1,-24,34,0,-8,61,-37,-3,68,0,-74,11,-49,-3,57,5,22,10,7,10,47,-40,11,-31,10,-7,-5,-21,55,-49,6,0,25,-28,-1,-3,52,81,-9,0,0,-29,52,-28,24,0,-16,-58,-22,-4,18,10,11,45,-66,29,33,-68,-22,0,-28,-13,35,-5,49,-22,19,-3,-8,-27,5,-1,33,12,6,-32,-19,0,-8,46,9,52,31,-48,-66,16,-22,31,76242
0,15,83,0,-9,44,45,60,0,32,-20,98,93,26,29,-24,2,-43,52,0,-72,32,6,21,-20,5,-27,15,23,71,38,0,37,-26,52,-5,5,-9,0,16,10,-5,18,-30,-20,33,0,8,-10,-3,23,-32,-22,42,37,1,29,-38,-35,31,21,5,21,7,24,0,-7,-33,-13,4,0,-16,-20,4,0,29,4,-22,31,-44,-36,52,73,39,30,22,-57,25,0,-24,-69,0,79,-63,76,-32,-15,-36,30,-13,8,40,45,-11,17,30,-27,0,-56,2,0,-1,22,75,15,-32,-15,15,0,-66,-23,-19,0,38,-27,1,-26,-31,10,-16,38,38,-18,-14,41,0,-27,-23,-6,35,13,-8,2,-28,-43,-21,25,-12,-58,62,0,0,34,0,-30,18,-17,-1,84,-45,-4,-11,6,12,20,-44,58,-39,4,29,61,-10,82,-11,47,0,19,-26,4,-13,-10,100,-60,33,0,6,22,-9,27,0,-7,15,0,2,-23,20,12,66,-23,12,0,-20,78,0,-2,-24,23,-12,-57,-29,2,0,10,-12,35,7,-46,39,26,-31,-5,7,68,92,-16,8,-20,-12,-63,1,24,44,76416
18,-13,45,0,-4,-19,38,57,0,30,-62,63,34,6,26,-14,26,0,35,-21,-50,3,20,43,31,17,-19,8,13,43,39,-3,-19,33,50,-10,37,0,-23,77,-23,22,10,-2,-52,7,0,4,-6,-7,11,42,-65,5,-13,-8,12,8,-27,22,39,-29,37,36,79,0,3,-34,10,-23,0,3,5,27,86,30,7,-13,35,-11,-96,-18,30,81,4,8,-20,14,-8,-56,-52,23,87,-53,34,-64,10,-94,31,-14,14,66,-17,-20,93,-35,-8,0,16,45,0,-1,35,72,-26,-31,-20,37,0,-50,-21,15,0,36,-58,1,-60,-52,10,-21,7,21,-48,-30,39,0,0,-17,9,7,32,15,-25,-43,-31,-16,31,12,-56,57,12,-5,16,0,3,17,-47,43,29,-23,-31,11,15,-13,60,-45,12,-39,-12,14,-10,1,32,-51,38,0,12,-17,-8,0,29,64,-50,19,0,-36,61,-21,57,0,-5,-20,-3,45,-19,9,-22,92,32,39,12,-20,41,0,51,-11,34,7,21,-57,17,-16,3,37,5,2,-9,6,26,-47,4,13,-10,33,16,38,13,29,-14,7,7,81,76575
-37,-28,-22,0,-4,-39,42,7,0,17,-17,45,-16,9,16,-10,-20,30,-27,-26,43,-27,20,49,-69,29,10,-13,71,-18,44,20,-55,24,40,3,45,-6,-17,4,-21,32,-4,28,-18,-16,0,1,-4,5,13,26,-13,-3,-52,19,3,-64,43,31,52,-23,74,45,11,0,-50,55,-52,-6,0,-2,-36,24,-64,15,-4,-31,10,21,-26,-42,-30,-1,12,12,-43,-20,69,-16,43,25,64,-22,-33,-42,36,-28,4,-73,22,56,4,-15,-65,77,-21,0,41,54,0,25,9,54,35,-3,-71,65,0,-19,6,-11,0,30,-39,-12,-15,-16,2,1,-19,-7,-17,-12,31,0,31,0,21,-25,41,21,76,16,54,-23,29,-43,10,7,-40,11,38,0,-67,3,-39,36,29,9,-13,26,3,35,15,-47,-4,-44,58,9,-4,20,32,-41,-21,0,1,-11,9,-7,35,46,8,-8,0,-78,16,-10,60,0,-8,-29,-15,37,47,-17,30,64,-68,76,71,-9,-33,0,23,-21,32,-46,41,13,20,-37,1,0,-26,-6,29,-4,16,-14,14,-4,1,-18,32,49,-55,11,-44,4,4,0,76693
-22,-2,4,0,-9,-32,60,13,0,36,-42,45,9,4,12,0,-16,8,-10,-25,16,-17,5,43,-30,15,3,7,-47,15,58,0,-48,11,27,-10,41,-20,-1,6,-38,40,-8,23,-15,-5,0,4,5,-10,-5,19,-40,-13,-47,3,-10,-17,34,20,44,-43,-23,45,8,0,-32,0,45,-1,0,14,-30,27,5,37,-16,-40,8,-2,-63,-29,-6,68,-2,-6,-36,-10,26,-14,13,14,46,-38,-21,-24,20,-68,5,-42,12,69,16,2,-7,48,-6,0,41,50,0,24,20,60,10,-30,-44,29,0,-34,0,-15,0,26,-17,5,-6,-39,-5,-12,-6,13,0,-24,33,0,22,45,81,-10,28,20,56,-65,5,-4,21,-23,9,15,-29,0,13,0,-30,-5,-40,30,31,48,-22,10,0,21,43,-38,-7,-32,20,8,-11,70,30,-39,3,0,36,-1,0,4,36,45,12,9,0,-65,44,0,60,0,-11,-2,0,24,30,9,19,57,-38,40,48,-27,-16,0,3,-12,25,-42,40,-78,6,-18,5,-3,-10,-23,4,-3,9,-31,18,-16,-15,13,14,49,58,-2,-34,0,-15,69,76712
-44,-9,13,0,-17,-16,33,29,0,46,-43,65,16,-34,3,-23,-29,11,-20,0,27,-20,-2,34,-29,30,38,12,-2,14,30,-8,-43,-8,29,-8,54,-25,-20,23,-42,45,-15,12,-35,-5,0,-6,-19,-12,12,-17,-40,-15,-40,0,-9,-10,18,15,36,-39,42,41,30,0,-40,23,33,-9,0,-19,-58,21,24,41,-18,0,7,0,-56,-10,10,52,-19,9,-58,-55,5,-2,24,13,79,-27,-21,-44,3,-61,3,-29,2,45,11,-19,17,-13,-62,0,20,52,0,50,12,61,8,-39,-21,-12,0,-28,42,-41,0,11,-50,-29,1,-34,-10,-10,-9,3,-40,14,11,0,21,61,60,-24,25,11,-18,-37,17,-13,44,-3,24,30,-42,-36,7,0,-13,-5,-25,12,45,67,16,-12,-9,-11,48,-47,-9,-40,1,-48,-8,58,43,-24,-19,0,36,-28,-34,-17,22,64,24,0,0,-48,42,-20,45,0,-19,-9,-34,13,27,10,19,84,-40,-14,63,-44,-22,0,-34,-55,38,-17,23,-50,11,-4,-5,-36,-26,-22,11,-4,1,-48,-21,-20,-3,13,-14,44,44,-37,-67,-13,-14,55,76821
46,4,92,0,-5,-65,22,40,0,-26,-55,39,-41,0,25,2,51,7,55,-11,-34,-60,28,42,20,52,30,15,9,92,30,-4,-50,42,46,-24,68,-34,-21,95,-17,50,26,46,8,-1,0,1,9,-18,10,58,-57,11,-45,-6,4,-67,-28,38,48,-16,16,35,83,0,22,-37,36,-38,0,8,25,35,41,-26,7,-46,28,-6,-90,-65,0,81,-1,3,-18,42,13,-78,-35,51,65,-39,45,-52,23,-88,19,46,10,90,-22,-10,61,60,2,0,8,62,0,32,62,77,2,-79,57,3,0,-37,30,58,0,5,-56,6,-79,-20,-5,-26,-4,31,11,-60,7,0,50,-6,-15,-52,68,26,39,-56,-41,-15,1,48,-56,39,43,-33,34,0,-73,31,-24,73,29,-5,-55,27,-4,-55,73,-56,16,-51,11,-4,-36,-16,32,-21,62,0,29,4,-30,10,27,43,-52,30,0,-60,78,-8,79,0,-8,5,8,73,-10,15,-6,70,9,-7,22,-78,49,0,37,-1,0,54,11,-44,55,-18,2,67,-52,7,-1,-29,22,-26,1,14,-34,-43,9,34,26,32,-8,34,2,81,76992
-29,7,25,0,-15,18,31,67,0,42,-52,73,77,-7,13,-16,-15,20,-26,-31,5,45,2,21,20,-2,-1,37,13,6,38,11,-8,-22,55,-19,15,-10,-30,48,-24,-13,30,-15,-25,22,0,3,3,-26,-6,-39,-52,2,1,10,8,-3,-2,34,22,-63,20,27,55,0,-14,-13,19,12,0,-8,0,0,-31,34,21,-5,26,-50,-63,22,72,94,-16,-7,-2,-50,-35,7,-1,-9,37,-48,3,-44,-3,-63,8,-36,-4,28,-19,-23,-13,-73,-18,0,29,15,0,-16,25,94,-27,-50,-34,-8,0,-52,-1,-82,0,16,-38,15,5,-66,12,-25,22,18,-20,27,20,0,-4,12,-24,35,6,-10,-68,-52,-21,-22,32,-7,-13,76,-41,-6,25,0,-19,42,-43,-14,46,1,34,-29,13,-20,50,-66,38,-55,-31,-49,12,-37,47,-45,-29,0,39,-28,-11,-8,-3,80,-13,18,0,-18,50,-27,23,0,-23,12,11,-6,-17,30,-35,39,16,-8,8,-40,25,0,11,-8,42,-15,28,-66,-8,-37,3,-22,31,22,21,31,11,-66,-21,24,1,80,-31,25,9,-50,-20,-17,-6,97,77336
-32,-17,50,0,-21,-14,7,55,0,9,-48,72,45,-11,12,-26,-9,0,8,-21,8,-12,4,48,-30,65,22,6,15,49,1,-16,-40,-16,34,5,65,-16,-24,43,-32,52,17,4,-39,4,0,-3,-29,2,-12,-14,-51,-6,-40,-15,-13,26,21,32,51,-36,16,44,53,0,-29,-13,13,-23,0,-24,-18,-3,70,5,10,-23,13,-35,-80,-9,35,54,-18,-13,-50,-23,34,-15,4,14,98,-39,2,-52,-12,-80,9,-27,4,47,37,3,72,-4,-28,0,7,58,0,25,27,65,13,8,-23,44,0,-37,20,-24,0,26,-49,-1,-11,0,-10,-18,4,25,-37,-11,28,0,5,31,13,-7,20,9,-17,-62,-10,-16,31,7,-22,59,-35,2,32,0,18,25,-53,12,71,15,-10,36,-11,-18,41,-59,4,-56,42,20,14,6,65,-52,14,0,35,-25,6,-28,0,73,-20,26,0,-53,38,-3,37,0,-18,-16,-2,9,0,4,2,98,-20,40,24,28,12,0,-9,-31,28,-1,9,-56,18,-21,-5,-15,-7,10,-1,-5,12,-18,-3,11,4,47,32,39,6,-25,-50,0,-19,50,77346
-35,-34,20,0,-15,-34,46,51,0,64,-56,43,41,87,11,-1,-40,25,-32,-7,57,-12,-12,62,-100,-12,11,7,9,16,48,11,-58,22,36,5,32,-38,-23,-18,-29,-22,7,38,33,-18,0,9,-19,4,5,26,-55,-4,-56,14,2,-26,44,14,62,-38,28,46,-17,0,-1,-29,45,-15,0,0,-8,58,-4,64,11,36,11,-30,-73,-32,37,36,80,3,-47,-36,-25,14,54,0,96,-32,-18,-18,18,-76,7,-100,5,56,-4,-9,5,-9,-47,0,43,32,0,39,10,71,25,-86,-100,23,0,-32,12,-36,0,37,-13,-6,12,-28,-3,-6,-18,26,39,-10,40,0,39,87,63,-23,36,41,7,-10,-22,-17,45,-49,25,54,-37,-1,12,0,-38,22,-48,12,47,80,-8,5,-2,11,49,-41,7,-36,-20,-23,-14,43,47,-47,-28,0,46,-1,-4,-3,63,45,28,26,0,-54,46,-13,51,0,-14,-37,-8,17,48,8,21,85,-100,19,67,-80,-13,0,-23,-48,48,-57,40,-20,0,-12,11,-20,-22,15,20,13,10,-32,-1,9,-17,47,3,47,40,-39,-47,1,-3,32,77349
-28,-34,100,0,-11,-12,55,58,0,1,-26,84,65,57,21,-9,-34,-3,71,-21,-39,0,41,15,-81,-15,0,18,79,100,51,-6,-18,-40,28,29,-1,12,12,6,-32,-1,29,1,-15,1,0,1,4,26,-19,-41,-29,-8,-14,-5,-24,-49,5,42,12,-42,88,19,8,0,-23,21,-39,-24,0,21,-14,21,-8,0,11,-31,28,-45,-50,-6,10,-42,43,-20,-26,18,-4,-11,-46,0,17,-45,28,-19,-45,-51,27,-29,52,100,38,-30,14,50,-2,0,-40,-4,0,3,20,32,24,-78,-30,-2,0,-45,-2,-45,0,21,-15,-15,-7,-72,-5,-18,2,-28,-6,-42,26,0,6,-58,43,-16,23,1,44,63,28,-17,9,0,-32,64,-31,-20,32,0,-62,33,-11,0,94,-51,-35,-24,-2,10,6,-40,9,-34,-14,60,63,24,86,-6,70,0,6,-12,-17,21,28,84,-26,-30,0,2,4,-38,97,0,-12,-35,-14,-1,-18,20,26,44,-71,-6,-5,-72,39,0,-50,-1,12,-3,-33,56,1,-10,2,-27,-19,19,-10,6,22,-70,-17,18,51,67,-38,20,-52,-73,-36,2,-34,-37,77364
-49,-34,11,0,-15,-18,57,28,-32,40,-31,73,19,11,22,-20,-21,25,-20,-10,24,0,7,36,-26,29,15,7,-6,17,51,30,-37,18,45,13,52,-10,-26,24,-65,29,-10,0,4,-7,-31,8,-10,12,-1,12,-30,-11,-37,29,-13,-18,26,53,36,-69,10,71,27,-8,-10,40,31,-5,-31,-5,-31,24,38,37,-9,-49,21,0,-45,-13,0,66,40,-1,-41,-36,-7,-8,20,14,75,-3,-14,-49,13,-43,17,-57,16,40,26,-17,43,75,-25,-35,26,56,-9,32,17,53,-6,-36,-53,16,58,-3,13,-36,-17,43,-54,-12,-10,-23,0,-13,-6,2,-8,0,43,0,4,12,16,0,25,23,65,-43,40,-11,48,-18,-1,29,-50,-17,56,-18,-13,-1,-23,13,56,4,2,22,0,25,68,-27,-6,-24,-9,-7,18,11,49,-24,-14,59,11,-19,-18,-9,25,69,0,0,-33,-54,75,-16,35,0,-17,-37,-13,18,42,7,-1,76,-29,17,56,-38,-9,0,-32,-23,42,-22,25,-52,15,-13,8,-32,2,-17,26,13,21,-34,6,-18,10,22,18,71,37,-29,-53,9,-16,67,77365
-13,7,18,0,-12,-4,24,49,0,40,-28,61,37,12,16,-2,21,3,7,-28,21,-15,13,37,2,45,0,15,54,7,42,3,-47,4,31,-11,46,-16,0,49,-19,41,8,28,-35,-13,0,5,-1,-12,22,6,-22,12,-36,4,8,-52,11,14,46,-36,74,18,63,0,12,27,8,-10,0,-5,34,40,46,38,-2,-38,34,-20,-43,-9,33,70,-11,14,-50,-21,-6,-30,15,15,51,-40,-2,-79,31,-46,35,-25,1,37,16,-2,60,-15,-45,0,34,48,0,15,32,75,-20,-52,-29,-17,0,-36,-5,-8,0,29,-70,6,-19,-61,-2,-3,-20,34,-31,-7,34,0,35,-12,-6,-14,43,44,-8,9,23,-14,12,18,8,51,-19,-7,10,0,-70,14,-34,38,31,32,-8,15,1,-2,52,-48,27,-37,-10,15,-20,-15,37,-40,1,0,24,-5,-8,-6,44,66,13,33,0,-26,43,0,41,0,-15,13,-4,31,13,12,-34,84,-3,3,45,-51,0,0,61,-40,19,-5,50,-4,10,-23,5,27,-20,2,-3,8,16,-52,2,4,-7,34,23,24,-9,35,-60,13,3,76,77532
-20,-7,60,0,-10,0,36,42,0,36,-69,95,21,-65,19,-6,28,-60,28,-44,-39,-19,7,14,-17,-11,-17,0,37,56,43,-15,-21,18,65,37,54,-40,-35,28,-37,-21,5,0,-36,20,0,1,-21,36,-7,19,-71,-4,-15,-14,-14,9,-32,-26,13,-41,58,55,23,0,13,37,20,-3,0,-1,19,46,-36,34,8,6,33,2,-81,0,18,61,-65,-9,-35,20,16,-9,-34,23,74,-61,27,-22,2,-80,28,-66,8,65,3,-52,-22,50,-35,0,-61,56,0,-1,19,47,0,-8,-58,2,0,-58,-23,-33,0,71,-25,-25,-11,-54,16,-18,16,27,-34,-4,77,0,3,35,58,9,9,30,58,-1,28,-17,65,-63,-33,42,-22,-62,-36,0,14,21,-8,7,58,37,-2,-16,19,-3,72,-25,1,-18,10,32,16,64,58,-4,27,0,33,-5,-71,-4,52,100,-36,28,0,-40,70,-49,69,0,-6,-6,-26,14,5,0,0,70,-4,0,27,-4,26,0,-28,-36,55,-64,-57,-5,25,-42,1,-21,6,13,-62,-3,16,-52,1,15,25,18,-16,51,18,-41,-44,-6,-14,60,77558
21,17,80,0,7,-39,49,70,0,-6,-51,64,-19,-31,29,14,42,5,44,2,-70,-37,19,63,-9,12,-20,-1,32,66,49,-22,-35,43,60,-3,57,-34,-44,75,-39,19,27,35,-29,5,0,3,0,-12,1,48,-52,-21,-32,-20,2,-41,-36,69,58,-43,52,39,67,0,-17,-27,5,-39,0,3,-20,42,76,-5,14,-24,30,-17,-84,-28,8,55,-17,2,-29,25,47,-88,-75,34,64,-70,14,-68,28,-85,36,-1,12,71,-20,-7,83,-43,-45,0,14,70,0,-5,58,69,-21,-43,0,18,0,-69,-20,61,0,39,-67,6,-84,-25,-10,-6,10,65,-29,-48,44,0,39,1,-13,-25,58,25,0,-38,-35,-13,33,28,-67,78,16,2,62,0,-54,39,-30,81,47,0,-41,29,-7,-23,64,-47,3,-35,34,-2,-25,-16,42,-34,35,0,31,13,-8,20,51,64,-65,65,0,-39,69,-2,49,0,1,16,4,82,-25,-1,-11,80,-32,31,7,-41,33,0,42,-47,31,38,11,-48,25,0,4,79,-23,33,-1,-23,24,-19,-16,32,-41,-12,35,41,17,17,-33,26,-12,60,77593
-16,-4,-17,0,-12,-12,44,29,0,-3,-16,30,18,33,15,-11,-12,24,-29,-11,12,-13,2,47,-18,47,8,1,20,-15,46,39,-33,56,32,-11,40,-8,-29,12,-18,40,19,14,11,-5,0,9,-2,-5,10,68,-16,0,-27,40,0,-30,12,7,57,-18,20,52,17,0,-37,6,29,-9,0,-20,-15,48,60,-8,15,-13,9,-3,-19,-21,7,43,22,9,-45,-31,-41,-42,11,17,60,-22,-11,-64,30,-19,-3,-47,-1,41,-9,-14,74,10,-33,0,41,33,0,17,9,54,13,-55,-45,-8,0,-16,1,-7,0,27,-58,-12,-37,-27,-5,-11,-12,10,10,-14,30,0,16,26,6,-12,40,25,11,27,3,-18,30,-6,-15,29,-24,-30,6,0,-37,27,-3,50,31,17,-14,3,-3,28,73,-38,-1,-35,-43,-11,-38,1,39,-9,-18,0,33,-11,-24,-21,45,37,-11,9,0,-54,73,-20,36,0,-16,-10,-15,46,25,-4,5,64,-24,-6,42,-49,-16,0,44,-35,29,-17,47,28,15,-19,8,14,-18,17,17,10,17,-39,-4,11,-17,7,0,52,16,18,-38,3,5,50,77631
-22,25,30,-7,-13,-50,66,6,-38,13,-27,48,4,-19,8,-26,0,36,4,-15,19,-41,-3,60,-10,60,27,-7,38,23,76,0,-47,52,33,-13,68,-54,-12,44,-21,52,5,21,-25,-16,-39,5,-36,-13,31,60,-27,-1,-47,4,8,-8,15,41,63,-23,37,48,39,-18,-4,6,27,-39,-38,-3,13,37,38,11,7,10,7,5,-47,-54,-9,57,-39,28,-41,-17,18,-13,13,15,84,-32,-5,-70,29,-48,3,-57,8,63,-4,9,50,28,-41,-39,18,58,-18,32,23,67,35,-29,-54,48,61,-28,21,-5,-21,30,-65,-9,-12,-30,-19,-5,-17,-9,-19,-33,34,-15,20,36,22,-31,46,30,28,-35,9,-17,46,-22,-2,8,-24,-6,39,-21,-18,19,-35,30,45,12,-31,25,-20,-18,20,-69,0,-68,27,-5,-14,17,42,-35,0,62,33,-24,-3,-3,34,51,4,-6,-39,-76,18,6,60,-7,-16,28,-7,31,38,-13,27,69,-16,41,76,-4,-4,-14,2,-44,44,-20,29,-13,20,-14,5,1,-32,11,33,-2,7,-45,3,14,-12,5,14,41,21,-9,-43,-10,7,56,77638
-35,-4,58,0,-21,-51,51,-4,0,27,-40,32,-2,52,3,-25,-8,43,15,10,-3,-22,29,39,31,-18,40,10,45,52,60,5,-60,-25,30,-13,49,-42,5,20,-22,-18,-18,15,5,-31,0,0,-7,-13,9,-26,-37,-3,-58,7,-12,-31,6,54,39,-22,51,48,22,0,17,12,10,-11,0,-24,19,25,-58,25,-22,-15,-9,11,-39,-50,-3,86,49,6,-22,-45,-17,9,-8,4,35,-23,-37,-48,15,-38,-11,-45,22,31,50,-47,-54,-19,-5,0,29,51,0,34,29,82,-12,-37,-43,9,0,-21,39,-37,0,29,-43,-19,12,-28,-3,-12,-32,18,9,25,30,0,18,38,47,-27,33,15,-38,3,10,-7,37,-2,9,-3,-35,-41,54,0,-28,-12,-39,3,38,35,27,-25,-3,-12,62,-43,0,-42,-15,-21,-10,41,39,-40,14,0,60,-25,-43,-21,22,35,16,19,0,-35,63,-46,33,0,-21,-5,-22,2,27,7,-11,39,30,7,56,-30,-36,0,-25,-4,39,-2,35,-5,3,0,0,-30,-28,-27,41,1,2,-31,-10,-20,-4,-4,-23,49,11,-33,-24,-10,-14,84,77703
-44,-15,-2,0,-13,-12,19,19,0,28,-40,57,19,17,2,-28,-15,7,-27,-11,31,-35,2,61,-14,47,33,2,-55,-3,22,7,-51,0,31,6,48,-27,-32,11,-24,53,3,7,2,-10,0,-3,-23,6,4,-6,-40,-4,-49,5,-9,-1,18,17,62,-25,-33,47,8,0,-57,0,39,-6,0,-10,-43,20,-17,24,2,6,1,-6,-56,-11,0,63,23,2,-54,-49,-12,6,29,14,48,-36,-13,-37,7,-56,2,-24,0,39,23,-16,-7,24,-43,0,0,53,0,34,10,60,30,-28,-20,31,0,-36,35,-20,0,13,-34,-8,6,-17,-13,-16,-12,24,9,8,13,0,12,43,27,-39,26,7,26,-59,5,0,28,8,14,19,-42,-6,13,0,-2,15,-46,8,54,38,8,5,-12,21,45,-47,0,-45,-17,-18,-2,32,54,-48,-25,0,23,-29,-8,-2,9,59,15,23,0,-56,44,-16,27,0,-13,-11,-10,10,30,3,32,51,-16,40,65,-30,-16,0,5,-40,26,6,2,-80,13,-6,-4,-17,-41,5,8,-10,1,-11,-14,-2,4,17,6,50,44,-2,-58,-13,-9,64,77740
-22,-6,77,-1,-9,-22,60,56,-37,44,-45,72,45,9,24,-8,0,0,46,-21,0,0,0,58,-10,45,14,22,-23,76,57,20,-23,11,38,5,42,-4,-23,28,-50,50,0,-7,16,14,-34,13,-5,2,-6,10,-45,-24,-21,17,-20,4,11,-2,65,-54,0,28,31,-1,-15,-20,31,-12,-34,6,-5,11,69,41,-18,15,25,-27,-72,-17,37,62,-2,-10,-4,22,-23,5,-2,19,77,-71,23,-38,-22,-73,20,-44,8,53,10,-15,65,-68,-13,-37,-30,31,-2,28,32,47,26,-69,-43,-5,64,-72,8,-45,-21,35,-32,19,-2,-23,-6,-17,14,19,12,-28,40,-18,0,29,11,-3,25,4,-79,-84,-15,-12,41,5,-19,55,-21,10,-1,-20,-6,-1,-32,-1,64,-1,-22,23,-5,-15,39,-43,-17,-39,-10,36,18,-11,59,-32,45,66,24,-11,15,-5,9,72,-18,17,-38,-43,41,-20,45,-2,-12,-12,17,8,19,21,20,69,-13,-14,45,-56,29,-16,-46,-15,44,-2,-29,-86,22,-18,13,-41,-3,-21,-4,13,21,-42,2,-12,8,50,8,26,35,-42,-10,-6,-28,57,77934
1,20,54,-25,5,62,78,55,-58,57,-36,99,28,7,28,30,31,-10,6,-15,-30,6,24,40,-36,40,28,-14,9,50,84,-55,-35,-16,73,63,59,-55,-58,43,-46,41,-13,50,-12,13,-57,-5,-5,66,9,-5,-35,23,-32,-49,42,12,2,15,39,-35,23,23,46,-34,2,-11,10,46,-57,20,5,26,-33,58,-14,-12,25,8,-70,63,23,51,7,7,-37,-38,50,-57,-27,4,91,-42,68,13,15,-73,26,-29,15,69,-28,-3,-23,49,-27,-41,-28,63,-34,-24,-11,67,6,-12,-24,57,81,-39,22,14,-34,52,3,2,-59,-55,35,-20,12,54,-18,74,55,-24,48,-12,44,9,8,18,65,-15,-1,2,35,-12,-8,55,0,-7,2,-36,8,-6,-23,43,40,-25,77,-6,38,46,18,-18,28,-19,49,-54,63,47,41,-23,4,82,27,30,-7,20,32,99,-10,51,-59,-36,18,-3,81,-25,5,18,2,42,-12,-13,14,87,-45,60,10,-7,73,-23,58,-31,36,-13,-26,-15,0,-20,-3,16,10,-22,-17,-7,24,-58,-4,-10,65,23,-7,26,12,53,-30,2,39,54,78012
-24,0,12,0,-17,-13,8,31,0,32,-36,50,17,-9,2,-18,-1,18,0,10,20,0,-9,46,-8,24,17,5,2,16,0,-17,-44,16,41,0,55,0,-32,56,-16,23,-5,6,-31,-12,0,-1,-3,-3,9,3,-34,2,-44,-17,-6,26,35,0,46,-21,12,54,62,0,-39,3,13,11,0,14,-40,12,1,27,-10,-27,0,-16,-67,-12,13,68,-15,9,-32,-45,-10,-11,18,3,57,-8,-26,-30,19,-65,-7,-7,-4,45,29,-8,1,42,-36,0,5,50,0,7,27,78,-20,0,-19,30,0,-9,17,-14,0,20,-28,-4,-16,-1,1,-9,-14,16,-27,20,17,0,10,50,29,-15,24,-1,41,-67,8,4,14,-16,8,30,-25,-8,3,0,31,0,-38,20,23,29,25,23,0,21,68,-43,8,-41,-13,-1,-11,36,19,-40,0,0,51,-19,-8,9,3,50,11,13,0,-37,70,-7,16,0,-18,-7,-7,25,20,3,-18,54,5,34,45,17,-22,0,27,-30,17,-7,12,-63,3,1,-1,-9,-17,-12,22,0,0,-8,-10,-11,-12,19,23,52,7,31,-46,0,-7,70,78037
-36,3,41,0,-11,-7,58,46,0,55,-29,71,37,-21,14,0,-9,6,6,-15,9,15,20,28,-30,4,35,15,67,37,61,5,-36,-38,54,7,39,-41,-16,30,-33,13,1,17,-68,-17,0,9,13,7,6,-48,-26,12,-34,14,-2,-41,23,35,26,-47,87,41,35,0,-15,5,-12,21,0,-29,-20,43,-40,50,-1,3,18,-27,-31,-2,54,69,-15,8,-49,-42,-6,1,3,7,41,-14,-24,-77,5,-31,10,-60,7,64,52,-23,-32,-26,-22,0,17,40,0,44,34,91,-29,-50,-54,27,0,-12,35,-51,0,45,-67,-21,0,-72,-3,-16,-15,43,-57,39,46,0,21,37,-13,21,16,-16,-24,43,7,-10,43,-15,11,49,-38,-37,18,0,-49,13,-21,-7,40,28,45,-29,-2,1,58,-26,27,-15,-4,12,16,-19,37,-26,10,0,49,-1,-43,-26,41,77,13,43,0,-26,65,-23,55,0,-15,1,-27,-1,37,11,-8,65,-34,27,60,-48,-14,0,6,-18,44,-21,13,25,1,-21,9,-34,20,0,5,23,16,-68,5,2,9,42,-22,39,-6,-22,-60,-1,-12,74,78071
6,4,70,0,1,-3,56,60,0,37,-54,54,54,0,12,2,9,-38,49,-16,-19,17,11,39,17,19,-13,15,16,52,58,-11,4,-27,37,13,-20,-2,-17,28,-11,23,34,-7,-14,26,0,-1,9,5,-16,-29,-56,-21,10,-8,10,38,-3,35,39,-36,25,2,28,0,-19,-45,20,-6,0,2,7,-26,0,34,21,-18,21,-33,-69,1,34,72,-4,-17,1,26,-46,-9,-27,-32,26,-71,32,-23,-32,-70,9,-32,3,13,1,-28,6,-99,2,0,-34,-27,0,-27,2,60,-21,-38,-21,-15,0,-72,-16,-61,0,25,-9,17,-8,-52,12,-19,28,50,3,-24,32,0,-3,18,-38,12,-1,-13,-100,-52,-55,-14,43,-5,-41,65,-1,19,13,0,28,37,-35,-11,44,10,-15,-23,13,-8,29,-58,10,-46,-42,23,69,-62,40,-32,42,0,28,-8,20,-9,-34,58,-32,51,0,-22,31,-36,6,0,-3,15,12,-7,-27,12,-12,31,13,-16,0,-31,56,0,11,3,51,-15,-29,-65,-30,-26,-1,-20,10,26,-48,12,12,-56,-6,30,44,62,-39,2,27,-34,-10,-20,-8,72,78113
-41,19,11,0,-9,-8,17,53,-29,42,-22,56,55,9,9,-1,-30,20,-39,4,40,6,-29,38,-32,-6,5,15,86,0,20,6,-40,-13,37,2,-13,-15,-24,36,-46,-21,27,7,-55,-7,-28,5,26,-6,-19,-28,-21,-15,-34,12,-9,7,43,22,33,-57,90,25,43,-3,-19,-20,-33,0,-28,-10,-15,0,-35,37,20,-48,4,-43,-41,0,37,61,7,-16,-13,-57,-35,-2,33,-8,22,-22,-35,-61,8,-48,4,-67,-9,36,-5,-10,-27,-46,-32,-28,41,-6,-4,9,13,77,-6,-31,-67,1,66,-26,12,-47,-5,20,-52,3,-1,-69,-3,-9,-5,27,-48,15,18,0,17,27,-27,-5,21,2,-47,7,-9,-7,51,-48,-2,61,-48,-6,13,-5,-4,37,-15,13,43,0,20,-29,-1,15,47,-49,9,-37,-37,-59,-6,-43,41,-11,-36,68,36,-12,-6,-10,0,59,0,25,-30,-24,41,-19,30,0,-9,17,2,17,2,14,-10,11,-25,7,21,-28,-19,0,7,-23,54,-56,41,-1,-11,11,6,-20,-6,23,17,13,8,-60,-19,29,-12,55,-26,27,-31,-40,-24,-18,-21,58,78138
-8,27,28,0,1,24,82,69,0,10,-39,100,13,-47,19,25,-8,-57,-21,-10,-58,-2,20,60,-18,76,-45,-22,87,30,87,-20,-10,-12,81,29,38,-35,-92,77,-28,69,7,33,2,12,0,-13,-6,30,-19,-11,-39,-18,0,-20,-4,-43,-28,26,62,-46,90,13,83,0,-21,-4,12,33,0,-11,-22,11,78,10,-4,35,37,-50,-80,28,53,34,-56,-27,-100,-6,-23,-63,-59,32,74,-77,24,-23,-21,-82,36,4,12,56,-24,7,92,12,-72,0,1,28,0,-28,5,65,44,-79,24,59,0,-73,-44,-10,0,61,-22,3,-58,-69,28,-2,11,26,-1,14,63,0,39,-25,19,20,9,-6,24,-6,-15,-11,5,38,-60,74,-20,1,21,0,-46,13,-47,48,49,-42,15,23,32,42,27,-4,2,0,-18,-54,19,9,53,-45,-4,0,37,21,1,-22,17,100,-60,25,0,-28,26,1,39,0,6,30,2,44,-27,-23,28,81,-15,50,-16,-74,33,0,8,-72,1,31,2,4,34,-14,-15,28,17,1,-66,-23,21,-77,-38,22,21,13,9,10,-3,-25,-99,0,-14,34,78295
-24,-55,12,0,-7,-35,44,0,0,43,-49,57,9,70,7,-16,-4,5,-5,-39,38,-41,-7,41,-78,38,14,3,61,8,44,-35,-55,13,22,-10,70,-8,7,1,-17,20,3,24,-39,-20,0,-7,-27,-13,8,-4,-50,-6,-57,-26,2,-40,13,34,40,-24,71,54,-3,0,23,26,-39,-17,0,-9,15,69,-25,40,1,-86,16,10,-81,-26,-1,3,82,10,-35,-8,47,-4,34,7,63,-34,-18,-34,24,-79,10,-68,7,56,3,-26,-6,88,-14,0,45,52,0,32,11,66,-35,-30,-77,39,0,-39,18,-8,0,17,-31,-26,-6,-32,11,-16,-14,-3,-43,-25,15,0,27,39,84,-42,45,25,91,-15,33,-19,23,-16,20,2,-24,2,34,0,-33,13,-52,17,58,43,-20,37,9,13,31,-52,0,-54,51,16,17,78,49,-52,-8,0,23,-18,7,-19,63,51,19,-3,0,-55,32,-28,48,0,-9,-61,-24,22,29,-1,-19,45,-71,35,66,-9,-5,0,10,-8,25,-15,41,-10,10,-38,-6,-7,-40,-1,13,-11,7,-55,3,-2,0,18,19,52,-36,13,-49,0,-2,-2,78357
-43,40,1,0,-13,-21,35,33,0,-36,-18,45,6,4,6,-16,-37,56,-9,9,64,-17,0,43,-19,-9,13,11,61,0,37,22,-52,-15,35,-1,-4,-4,-9,20,-47,-8,39,13,24,-25,0,7,14,-1,-1,-18,-17,14,-47,26,-28,-4,65,35,44,-56,61,27,23,0,-64,-5,28,10,0,-22,-48,-31,-39,-40,19,-10,-7,-51,-23,-21,25,28,-12,-4,-19,-51,-12,3,61,-11,21,9,-34,-26,16,-26,-5,-32,5,3,58,-13,-35,-74,-12,0,37,0,0,31,45,78,31,-51,-27,-16,0,12,16,-39,0,14,-16,-6,6,-36,-26,-5,-26,16,25,-16,14,0,18,39,-11,-27,39,-1,-63,1,-13,-5,52,-29,-1,36,-49,-18,41,0,-11,45,-6,11,46,27,-13,-32,-26,20,18,-64,29,-55,-15,33,-35,-26,45,-6,0,0,40,-18,-15,-23,-27,52,2,17,0,-19,18,-24,0,0,-12,35,-6,13,20,10,29,16,-15,-8,34,-50,-27,0,19,-13,55,-50,37,6,-14,8,7,-21,-26,36,51,3,6,-36,-12,29,-35,7,-36,28,22,-13,-20,2,-36,33,78367
-32,0,11,0,-6,-23,27,39,0,-5,-22,52,5,-4,14,-16,-30,27,-21,-2,20,-26,-10,52,12,58,-7,10,77,6,33,-16,-56,13,29,0,62,-25,-22,87,-38,48,28,11,-46,-17,0,1,5,-1,-7,14,-20,-33,-47,-13,-24,-13,35,43,56,-61,72,42,94,0,17,-9,-22,-6,0,4,30,46,25,-6,15,-10,6,-6,-66,-23,-5,60,0,-11,-30,-52,51,-26,10,35,63,-25,-39,-48,18,-68,0,-34,-2,35,6,15,33,34,-17,0,43,61,0,22,20,52,-5,13,-18,32,0,-23,1,-37,0,12,-45,11,0,-19,8,-7,-16,-9,-45,-21,15,0,14,21,14,-35,42,-3,40,-22,-7,-25,-3,41,-19,45,-45,25,43,0,-21,32,-42,32,43,22,-19,60,11,30,40,-41,-10,-35,48,3,-41,15,49,-43,-11,0,38,-19,18,0,46,56,-12,-8,0,-58,43,12,56,0,-9,2,7,16,17,3,-12,67,12,39,35,4,-33,0,34,-16,-4,20,47,-27,31,-2,1,15,-39,20,23,-6,13,-27,-17,18,-36,5,69,40,-30,-21,-33,12,-29,62,78462
-41,-50,39,0,-8,-62,29,1,0,25,-26,43,-9,34,23,-18,-23,9,-11,-30,35,-65,13,42,-48,15,12,3,58,39,33,7,-66,26,16,12,70,-3,-13,66,-54,13,-3,16,-49,-16,0,5,5,13,-11,37,-24,-46,-65,6,-23,-10,21,25,42,-55,67,72,65,0,13,9,-12,-26,0,-11,25,70,-18,24,-2,-72,14,35,-64,-58,-43,37,33,-12,-45,-24,32,-28,32,26,66,-42,-19,-52,20,-66,16,-77,22,65,5,-9,-8,89,-9,0,33,83,0,8,-5,45,-17,-9,-77,42,0,-38,9,-21,0,24,-50,18,-22,-31,3,6,-16,-8,-42,-41,27,0,19,-10,38,-56,46,28,92,-57,3,-19,27,-35,6,2,-45,-2,28,0,-5,2,-34,39,57,-16,-40,50,5,2,50,-33,-43,-27,27,-1,10,34,57,-37,-7,0,0,-18,-6,-9,72,45,7,-10,0,-100,55,-10,64,0,-9,-51,15,35,22,2,-20,63,-39,41,56,-15,-15,0,-14,-12,28,-42,33,-61,23,-29,6,-12,-56,-14,5,-23,23,-21,5,-8,10,-8,60,69,-5,-25,-41,5,-24,31,78463
26,-13,98,0,-6,-9,18,20,0,47,-73,78,29,-9,26,5,51,-52,29,-3,-35,-42,57,47,-74,-47,-19,29,52,89,19,-3,-14,-6,41,3,20,7,-6,-12,1,-50,37,15,-38,24,0,3,-5,-1,-2,-7,-75,-1,-3,0,10,-6,-39,-16,40,-36,99,30,-20,0,-13,-19,31,-58,0,-9,-34,32,57,43,20,-37,33,0,-92,-9,16,35,-18,-8,-31,43,-2,-47,-45,-15,85,-87,70,-50,-10,-94,32,-45,43,54,-38,-50,68,-54,18,0,-46,24,0,-21,23,64,-11,-86,-38,-52,0,-86,-20,-16,0,41,-47,-16,-40,-61,13,-23,25,14,-30,-65,48,0,23,-17,-13,-13,44,-4,-30,8,-25,-20,80,10,-20,31,7,-29,-31,0,-15,48,-1,39,82,-13,-57,-35,20,-46,62,-54,36,-42,-12,1,45,-20,82,2,34,0,6,-5,-40,-9,45,88,-12,13,0,-14,58,-52,70,0,-6,-14,-23,37,-28,29,0,85,-79,-55,6,-82,85,0,19,20,70,-2,-37,-21,-17,-1,5,43,-18,42,-62,-6,23,-56,-4,42,39,31,-41,33,40,-36,-45,-11,-6,36,78549
-48,-26,16,0,-12,-12,20,65,0,74,-38,73,60,64,15,5,-31,27,-40,-21,56,25,6,16,10,-68,-11,25,62,6,26,23,-56,-33,55,19,-9,-18,-44,52,-55,-71,2,16,-48,-6,0,3,10,11,-11,-52,-35,-2,-55,25,5,-30,56,42,15,-60,76,38,48,0,5,2,-71,-3,0,-15,23,25,-61,71,-1,-33,14,-42,-40,-3,33,69,62,-11,-18,-58,-34,-16,55,2,41,-22,-4,-54,12,-39,8,-52,13,31,-6,-38,-54,-35,-22,0,32,2,0,-13,-6,68,-29,-70,-58,23,0,-27,-5,-49,0,27,-46,-1,-17,-77,17,-5,-3,7,-38,16,24,0,22,29,-43,3,14,-22,-28,15,6,-31,41,-32,12,68,-50,-28,45,0,-38,10,-24,14,41,14,21,-44,16,0,58,-44,11,-39,-35,-66,20,-50,37,-28,-34,0,40,-4,-25,-23,9,72,6,3,0,-42,60,-35,18,0,-21,-37,-1,20,10,19,-26,39,-9,35,26,-63,14,0,-24,-12,54,-36,23,14,-5,-21,5,-39,4,-4,35,7,15,-71,-14,1,10,60,-46,46,-63,-52,-28,-6,-3,70,78609
-7,7,47,0,-5,-76,26,18,0,-36,-25,20,-52,52,19,-16,-5,63,7,-27,23,-78,-17,64,32,30,27,-6,13,45,28,4,-87,41,3,-8,22,0,-5,87,-33,29,17,47,-50,-51,0,8,16,-5,9,52,-26,-14,-85,7,-30,-33,60,75,60,-44,38,30,83,0,-33,-18,-35,-21,0,16,-40,41,4,-35,-5,-43,6,-2,-58,-75,-37,66,54,4,-28,-40,3,-88,17,10,81,-15,-67,-69,44,-61,6,-23,3,72,35,-18,11,41,23,0,71,30,0,39,45,75,-36,-21,-25,55,0,-10,26,40,0,-17,-63,23,-72,-48,-13,-9,-52,-11,-40,-64,-13,0,48,7,-26,-87,75,21,48,-22,-19,-9,21,12,-18,24,-21,0,70,0,-36,16,-41,93,45,1,-58,14,-10,16,57,-64,0,-56,0,3,-61,-33,43,-41,15,0,26,-16,0,18,40,26,-13,-13,0,-89,61,-20,62,0,-4,5,21,81,-1,-10,-28,84,21,49,33,-18,-57,0,65,17,24,11,69,-40,9,-27,9,58,-87,-1,55,-41,17,-40,0,3,-66,-51,15,31,-25,49,-20,31,-36,66,78733
-23,-25,26,-4,-17,6,9,42,-46,36,-38,62,60,33,5,-7,-21,1,-8,-18,21,17,34,40,-76,11,5,25,38,21,10,7,-5,-38,24,-29,5,-5,4,-15,-18,7,19,-6,-7,10,-46,1,11,-31,-12,-37,-37,1,0,8,-8,-7,32,40,37,-36,39,27,-12,-22,5,-19,20,8,-46,-9,21,13,-18,35,13,-14,2,-29,-60,9,21,33,26,-13,-30,-34,-31,9,14,-5,64,-52,-5,-40,-3,-61,-6,-61,25,27,21,-21,-3,-58,-19,-49,0,5,-23,42,27,73,-8,-55,-61,-6,76,-50,4,-50,-16,-9,-33,6,12,-37,-8,-12,11,16,0,-5,-4,-8,-2,19,-9,6,22,-2,-53,-38,-20,-8,21,-27,-4,47,-32,6,39,-16,-12,27,-32,3,49,10,0,-12,-5,3,37,-53,22,-43,-30,-13,3,-21,50,-30,-1,77,43,-13,2,-10,11,65,2,17,-46,-13,41,-26,25,-5,-20,-25,3,4,14,22,-6,51,-77,-7,39,-50,6,-8,8,-21,27,-28,3,-43,-6,-25,0,-14,5,7,-5,16,3,-38,-14,14,0,63,-11,27,17,-31,-32,-14,-16,35,78753
-31,-36,2,0,-5,-23,39,37,0,31,15,55,15,8,37,-11,-17,44,-24,-9,17,-55,14,35,-6,12,20,-6,65,6,36,20,-67,39,7,-3,62,-17,9,79,-58,17,-2,13,-70,-31,0,26,30,-2,6,41,14,-19,-65,21,-11,-30,33,51,39,-61,72,62,78,0,-17,-18,-41,-18,0,0,-16,42,32,30,-6,-76,14,4,-12,-25,-16,52,5,4,-47,-40,47,-74,14,34,69,-17,-7,-96,38,-13,11,-6,23,78,10,14,38,24,7,0,63,67,0,49,28,52,-41,3,-4,68,0,-13,18,28,0,11,-97,22,-73,-18,-19,-6,-33,-7,-70,-29,10,0,18,37,-68,-56,62,46,26,-28,-20,-24,19,13,21,37,-37,-8,54,0,-32,-1,-32,76,54,31,-30,54,-16,6,62,-25,-18,-23,45,-21,-23,-67,56,-35,-19,0,13,-13,-4,-3,44,56,22,-10,0,-87,64,16,78,0,-7,-40,19,74,24,-8,-48,73,-13,70,64,9,-6,0,48,8,17,10,70,-27,31,-8,26,37,-57,-17,43,-4,39,-18,10,-10,-19,11,55,63,-44,44,-47,36,-12,56,78843
-20,36,56,0,-22,-34,61,43,0,-5,-15,64,23,15,19,-33,-11,51,3,49,17,-16,31,51,24,75,40,11,26,54,58,45,-26,49,38,-26,34,-7,-35,58,-9,77,7,-3,13,-23,0,24,33,-21,29,60,-12,-1,-20,44,-17,-38,40,65,52,-33,43,26,70,0,-1,30,25,11,0,6,-4,33,58,-8,-8,-4,2,-36,-26,-36,11,72,20,23,-49,-52,-31,-43,12,17,71,-15,-41,-57,17,-26,1,-25,19,68,67,-7,57,0,-30,0,43,32,0,36,55,98,36,-62,-24,8,0,-8,37,-21,0,12,-56,0,-32,-66,-33,-16,-26,21,11,16,20,0,0,-37,3,-23,52,9,2,9,24,-2,32,28,-17,49,-30,-21,61,0,-44,14,-17,58,54,-42,21,-10,-29,27,45,-45,13,-36,-25,-21,-18,0,56,-15,12,0,57,-33,-19,-2,35,70,-8,17,0,-51,44,-10,60,0,-22,37,-6,52,25,6,34,76,14,-3,52,-58,-35,0,39,-36,33,11,48,0,18,43,22,9,-27,-4,43,16,17,-65,-17,-4,-14,23,-8,24,22,14,-47,13,-20,75,78858
-25,-32,54,0,-22,-78,7,-17,0,19,-60,23,-46,50,25,-25,-13,50,-8,-24,10,-83,27,52,-56,-3,34,41,4,64,24,23,-83,31,-6,-19,-15,-16,-17,3,-58,-8,41,23,-51,-35,0,12,-3,-10,-9,42,-57,-17,-78,30,-44,27,67,52,58,-49,-22,74,21,0,-62,-88,-9,-82,0,-6,-49,21,50,16,24,12,-5,-23,-78,-91,-16,65,34,-7,-20,-23,-78,-69,12,-17,77,-17,-24,-75,19,-80,-18,-66,31,47,32,-22,56,-3,16,0,42,-32,0,33,12,80,-34,-46,-58,15,0,-7,21,19,0,-20,-65,6,-71,-54,-1,-27,-45,-16,-25,-80,-18,0,27,25,-17,-85,68,19,-19,-58,-91,-20,48,-1,-23,-22,-26,-8,55,0,10,39,-3,73,60,12,-86,-26,0,-51,91,-60,-36,-62,-71,-7,-50,-24,73,-3,-1,0,46,-28,-4,-14,25,28,-23,-14,0,-95,94,-29,44,0,-25,-31,3,73,9,33,-37,63,-50,12,35,-18,-40,0,17,11,55,-15,51,-50,-18,-35,13,27,-87,16,43,-49,25,-75,-14,14,-27,-58,-30,73,-34,22,-8,4,-30,69,78879
-29,-23,3,0,-22,-45,-1,50,0,14,-43,24,-29,88,16,-5,-32,39,-43,-20,54,-75,10,36,-52,29,15,31,-11,7,6,35,-86,1,0,-8,-18,-13,-38,14,-47,22,22,40,-8,-40,0,5,-1,3,-6,26,-42,-13,-80,38,-39,36,72,67,37,-46,0,55,17,0,-84,-40,40,-41,0,-15,-60,18,52,14,11,-12,-7,-13,-57,-52,-18,54,60,-6,-30,-58,-65,-43,52,11,69,-8,-44,-61,28,-58,-3,-43,12,51,27,-28,62,18,-11,0,62,-8,0,30,-5,85,3,-65,-44,-20,0,6,4,10,0,-19,-42,1,-40,-56,-4,-17,-47,-7,13,-50,-7,0,43,5,-13,-79,60,-4,25,-17,-40,-11,28,-41,-2,49,-38,-30,65,0,24,29,-4,56,43,8,-48,-24,1,16,84,-57,-15,-46,-80,-62,-62,-27,52,-3,-34,0,50,-5,-30,-7,22,31,6,-6,0,-83,78,-31,41,0,-22,-31,-1,52,8,28,4,70,-55,-12,27,-43,-52,0,49,-24,40,-52,68,-30,4,-28,5,24,-84,5,22,-44,15,-36,-25,6,-39,-39,-19,63,37,36,-7,2,-31,58,78945
-33,-9,34,0,-22,-52,21,42,0,-19,-52,43,2,57,17,-21,-1,60,-5,3,31,-56,-12,65,-21,33,43,8,-5,37,28,21,-60,47,18,-19,17,-25,-26,39,-63,28,18,24,27,-31,0,8,1,-11,5,58,-51,1,-54,25,-39,-44,37,65,69,-56,-14,47,48,0,0,-55,41,-16,0,-3,0,34,28,-22,8,-4,8,-35,-72,-69,2,57,51,0,-30,-46,-52,-16,34,3,60,-19,-30,-21,17,-73,7,-42,-4,75,49,-12,31,4,-2,0,50,12,0,35,31,85,13,-69,-46,25,0,-13,31,-9,0,1,-27,14,-20,-46,-18,-17,-44,13,29,-43,0,0,31,22,41,-60,58,20,-15,-47,-63,-10,13,-20,-22,37,-35,-8,66,0,-44,25,-40,30,56,9,-48,5,-19,7,65,-67,-13,-73,-47,0,-58,52,67,-36,-7,0,5,-21,0,-9,27,48,-22,15,0,-96,65,-11,74,0,-24,-5,17,29,24,3,8,47,-20,19,52,-63,-52,0,19,-1,15,-16,66,-28,7,0,7,-8,-65,5,60,-17,16,-51,-7,9,-29,-14,-4,45,25,29,-29,6,-27,61,79171
-20,-57,12,0,-8,-49,12,37,0,-7,-36,31,-7,16,14,-23,-15,43,-17,-17,15,-67,-3,39,-7,34,17,3,19,9,18,0,-67,28,3,-7,57,5,-11,58,-30,45,9,25,-39,-31,0,-7,-8,-6,0,34,-36,-14,-64,3,-22,-7,39,27,41,-40,33,51,63,0,-24,-41,-4,-14,0,-12,-16,63,52,-9,2,-29,11,-11,-70,-47,-12,62,24,-2,-29,-46,25,-54,11,36,35,-24,-38,-44,19,-73,7,-23,12,56,10,-17,52,73,-4,0,72,58,0,27,35,70,-18,-21,-25,31,0,-21,20,10,0,-15,-41,12,-41,-21,-10,-5,-31,-15,-34,-45,-14,0,29,4,17,-71,54,15,70,-45,-39,-18,1,12,-6,40,-27,-21,24,0,-10,15,-47,57,54,0,-43,33,-8,23,63,-48,-5,-41,25,-6,-36,15,57,-52,-11,0,20,-26,-22,-10,58,35,-5,-16,0,-88,67,-21,52,0,-10,-58,9,47,-5,0,-14,35,-9,25,33,-20,-31,0,54,-4,4,8,71,-58,32,-17,-7,35,-73,-3,40,-31,14,-21,-6,3,-33,-9,39,49,-5,28,-26,22,-24,65,79183
-15,-16,42,0,-9,-8,37,47,0,29,-39,58,41,38,12,-14,-22,14,10,-28,-12,0,21,17,16,-7,11,15,-18,40,34,7,-21,-47,27,-25,22,-2,25,24,-23,-8,7,4,-36,-8,0,3,-1,-24,6,-51,-39,10,-17,7,-6,-16,11,36,14,-31,-9,47,22,0,-43,-12,22,7,0,-18,-44,5,-24,27,-1,-5,8,-25,-47,-8,28,83,37,6,-16,-9,5,-17,-21,-2,18,-27,-4,-38,6,-48,0,15,18,52,17,-29,-24,22,4,0,25,22,0,39,30,66,-27,-47,14,27,0,-26,13,-28,0,14,-36,-9,-16,-44,-5,-25,-9,-1,-32,-6,17,0,5,-13,3,4,32,8,35,-47,-18,-31,31,4,-5,51,-20,-25,32,0,-22,13,-39,10,34,-22,-2,-32,0,3,62,-45,18,-40,13,19,-8,2,38,-39,10,0,29,-17,-26,-19,0,62,2,-3,0,-16,62,-32,45,0,-12,-20,-11,12,1,12,-27,30,12,27,28,-48,-3,0,3,6,33,4,32,-55,-3,-31,2,-10,4,-1,8,13,10,-41,-6,-2,-7,39,-30,45,21,-8,-21,0,-9,82,79204
-2,11,20,0,-8,-46,78,24,0,-1,0,24,18,33,26,-21,-3,30,-9,-1,-9,-48,20,42,40,7,18,21,65,21,74,28,-28,15,6,-20,0,-11,8,96,10,-2,21,9,-68,-21,0,12,15,-18,24,31,-2,22,-25,28,-9,-47,16,25,43,14,70,-3,100,0,0,-42,-56,6,0,3,15,38,-22,0,4,25,15,2,-26,-48,-9,66,11,25,-18,-19,-22,-66,-18,-1,74,-70,-18,-81,29,-26,7,-22,24,76,-19,16,-8,3,39,0,33,-4,0,20,36,71,-58,-56,-18,22,0,-61,9,40,0,-36,-78,55,-57,-85,-11,-4,-27,-6,-60,-54,-28,0,10,-47,-58,-51,61,27,36,-20,-51,-12,-1,0,-4,26,-12,-1,27,0,-66,26,-28,68,62,-50,-55,4,-8,12,47,-55,23,-49,-16,-6,-18,-67,66,-26,0,0,19,-24,1,-5,39,29,7,-9,0,-96,46,6,64,0,-7,2,55,62,-5,15,-67,73,30,5,45,-38,-15,0,81,30,7,1,38,-14,-2,-6,13,52,-52,10,15,-13,26,-90,19,13,-15,13,1,-4,-78,65,-6,20,-9,72,79208
-23,9,16,0,1,-34,44,4,0,-1,-7,32,-4,11,15,-13,-24,36,-3,-23,4,-52,-4,39,6,-15,14,3,25,13,55,15,-34,9,8,-4,26,4,-1,42,-21,-23,9,14,-52,-20,0,3,5,-2,19,14,-7,0,-31,13,-15,-46,8,45,42,-22,25,27,46,0,-38,6,-39,-8,0,-15,-18,17,-10,-2,-1,-37,15,0,-28,-35,-14,63,13,17,-4,-28,32,-41,0,8,67,-46,-19,-58,15,-28,13,-30,5,30,-10,3,-3,58,15,0,42,29,0,21,21,52,-10,-36,-30,25,0,-40,11,14,0,-4,-60,18,-34,-46,-18,-5,-24,7,-61,-38,-1,0,15,-23,-16,-45,40,12,63,-20,0,-11,21,-24,1,5,-30,0,47,0,-47,12,-35,48,51,-28,-39,14,-14,17,29,-46,2,-42,35,7,-21,-14,55,-39,1,0,12,-15,2,-9,15,36,3,7,0,-74,27,0,27,0,0,3,19,44,-3,0,-17,72,0,23,36,-26,-18,0,43,11,27,-23,44,-16,3,-31,4,28,-47,0,31,-17,16,-51,2,6,-15,-8,19,27,-45,27,2,13,-14,63,79232
-3,-61,-23,0,-2,-20,12,-28,0,32,-19,16,-7,7,13,-13,1,42,-22,0,0,14,-33,12,3,10,-5,0,11,-22,15,2,-16,60,40,-4,61,-4,-27,47,-11,8,-5,1,-38,-12,0,1,-29,-3,30,65,-17,6,-14,-2,25,14,-28,-12,15,-8,12,66,55,0,-28,43,8,13,0,-15,-20,31,41,32,1,-49,16,51,-33,-14,-26,60,3,31,3,-15,3,-36,-7,27,68,-15,14,-61,41,-33,15,13,-8,58,-40,-15,44,63,-2,0,44,71,0,-7,11,46,-41,-15,15,22,0,-13,2,-4,0,26,-56,-5,-25,-6,4,-5,-11,-5,-31,3,25,0,3,-45,0,5,29,25,73,-42,38,-7,8,1,7,-25,-7,-24,-18,0,13,0,-17,42,14,-37,5,27,8,27,74,-27,13,-24,2,-41,8,-1,13,-23,-17,0,-2,-15,-30,-8,39,16,12,-5,0,-42,76,-18,44,0,-3,-64,-10,35,26,-1,-46,81,-1,32,42,-23,21,0,61,-3,7,-14,43,-52,20,1,1,4,6,-5,37,7,13,-1,15,-8,9,-5,42,64,8,48,7,4,23,64,79441
-14,-35,31,0,-10,11,52,52,0,49,-49,62,51,6,3,-21,-17,2,0,-1,21,21,17,43,-56,11,8,15,36,34,54,2,-17,-23,48,-20,42,0,-17,-3,-35,3,10,-8,-22,13,0,-6,-22,-22,-2,-22,-52,19,-14,2,3,13,33,4,45,-36,54,49,2,0,1,-14,18,3,0,-15,-6,22,10,44,7,-60,17,-32,-72,9,52,52,8,-3,-15,-31,-48,0,14,-7,15,-41,11,-41,-12,-69,1,-52,10,45,-1,-15,21,-74,0,0,3,31,0,10,14,81,1,-42,-52,-3,0,-40,3,-54,0,18,-39,-10,5,-16,13,-23,9,10,-16,18,19,0,-5,45,-13,16,6,-19,-83,-17,-19,-6,27,-11,-14,56,-20,-4,9,0,8,20,-37,-7,52,25,19,-11,15,7,62,-57,23,-55,-41,-15,7,-19,52,-39,13,0,28,-24,-5,-18,16,64,-9,11,0,0,67,-21,34,0,-13,-37,-12,-8,2,9,5,15,-52,-16,26,-31,14,0,-3,3,27,-8,9,-36,-4,-10,-5,-39,14,5,-1,14,4,-33,-18,9,14,45,-20,44,16,-22,-17,-17,4,52,79536
-9,31,62,0,-6,-29,29,43,0,0,-16,76,-4,20,22,-8,6,25,18,-28,-7,-11,28,31,16,8,1,2,42,55,40,18,-38,14,38,6,32,-17,-20,62,-27,17,-10,24,9,-9,0,8,-18,5,24,19,-13,-2,-33,13,13,-41,0,58,38,-30,55,24,66,0,-15,50,-4,-3,0,-10,10,32,33,-2,-9,-9,18,0,-29,-28,0,65,12,19,-51,-29,11,-38,-11,13,93,1,13,-62,25,-31,24,-42,24,48,14,-13,45,-20,-30,0,44,34,0,32,27,56,22,-75,-30,-4,0,3,6,11,0,41,-63,-2,-34,-26,-5,0,-14,44,-5,-1,39,0,30,17,19,7,35,5,16,-5,54,-18,21,-36,-20,44,-13,-19,47,0,-55,-7,-11,38,11,6,-2,0,-3,9,28,-31,6,-27,-3,-40,-13,17,11,-18,17,0,18,-12,-18,-8,42,76,-16,43,0,-71,29,-16,41,0,-8,30,-4,36,24,0,10,91,12,0,44,-73,22,0,28,-29,22,-54,47,18,8,-25,8,24,6,-16,20,6,21,-45,11,-5,-15,-4,1,20,-9,9,-50,14,7,68,79538
-43,7,18,0,-11,-56,86,4,0,10,-17,49,-33,50,19,4,1,39,-52,-17,48,-73,32,39,-14,-29,33,1,7,9,87,39,-83,51,14,12,42,6,-23,30,-68,-35,18,40,39,-29,0,13,-4,11,-14,41,-20,-36,-79,42,-31,-69,62,58,44,-72,35,51,36,0,-29,-29,6,-49,0,-10,-17,33,-24,5,5,-51,31,8,-35,-55,-29,67,50,-15,-49,-44,-27,-41,58,14,74,-2,-48,-32,30,-33,26,-42,27,27,-5,-13,-4,28,-40,0,62,30,0,64,23,77,-4,-75,-37,15,0,-5,38,-10,0,17,-38,-5,-24,-46,-11,-8,-30,5,38,-29,12,0,45,18,31,-72,62,37,20,9,-18,-18,7,-20,27,4,-49,-20,55,0,-75,25,-21,49,47,8,-29,5,-15,-25,57,-35,-30,-36,-25,-58,-48,33,52,-20,-50,0,-1,-3,-15,-11,33,48,9,6,0,-81,60,-16,24,0,-15,7,-5,39,24,-3,5,58,1,11,60,-69,-41,0,4,-34,4,-22,48,-5,16,-13,15,5,-75,8,54,-26,19,-66,-17,3,-45,-36,-12,49,11,-24,-56,-2,-35,65,79543
-46,-12,15,0,-11,-4,66,57,-33,36,-39,70,55,27,13,-15,-41,-3,-20,-23,31,1,6,35,-48,9,3,7,25,13,66,18,-27,-9,41,-5,51,-10,-15,24,-39,11,5,1,-18,-7,-30,6,9,-10,-5,-9,-37,-11,-24,21,-16,-14,33,51,35,-51,44,44,24,-9,8,12,15,15,-29,-6,4,17,49,35,-5,-20,24,-45,-57,-1,43,59,24,-7,-55,-56,-24,-8,27,8,62,-31,-39,-63,3,-56,19,-49,22,59,28,-22,56,32,-32,-33,26,49,-10,25,19,76,-1,-54,-55,11,61,-32,3,-39,-9,41,-57,-8,-5,-37,-11,-14,-7,1,-17,23,43,-1,3,40,19,9,23,1,42,-4,30,-21,31,-26,0,59,-50,-26,50,-8,-20,11,-22,20,52,29,24,6,-8,19,64,-30,0,-29,-20,-23,-17,4,51,-23,-17,63,4,-19,-24,-10,19,70,0,-2,-33,-29,68,-27,59,0,-12,-20,-10,18,23,6,3,60,-46,5,42,-47,-33,0,-35,-28,34,-32,29,-21,9,-29,7,-18,8,-6,-1,20,12,-40,-16,-3,-19,58,3,44,15,-52,-63,-4,-20,57,79766
3,11,80,0,1,23,4,21,0,46,-66,86,36,-16,12,-15,22,-35,51,-17,-69,39,-12,25,-14,40,4,0,43,66,-2,-28,38,22,74,8,47,-58,-58,21,-11,35,7,-8,-13,37,0,-8,-18,4,6,7,-62,-9,40,-27,25,-19,-48,15,28,-25,40,35,18,0,-5,22,19,17,0,-11,-4,34,22,42,7,-45,37,11,-77,32,-1,58,5,6,0,10,-34,-22,-67,13,16,-70,67,-21,-12,-82,19,-37,4,99,-25,-41,11,55,-10,0,-45,34,0,-24,25,58,-45,-63,-26,0,0,-74,8,-33,0,52,-18,-22,-22,-47,21,-24,45,2,-11,11,52,0,-4,-40,35,57,-6,4,51,-9,17,-6,43,-32,-38,25,1,-35,12,0,-44,17,-24,12,62,-48,20,-16,23,25,47,-51,9,-46,-19,-2,58,35,55,-22,50,0,-15,-18,-44,-9,35,86,-48,4,0,-4,56,-35,94,0,-3,19,-27,18,-6,-5,-43,45,-17,8,15,-42,85,0,-16,-4,39,-37,-57,-16,10,-15,-10,-13,58,5,-30,12,11,-69,-10,13,44,42,-12,31,12,-41,-13,-13,14,65,79908
-6,40,7,0,-11,-49,-10,32,0,-11,-20,26,-17,22,9,-21,16,55,-7,-13,45,-76,-4,47,25,95,12,6,-10,10,-9,21,-63,23,-2,-52,22,-58,0,71,-21,100,14,29,7,-24,0,7,8,-49,20,36,-19,11,-64,22,-6,-25,36,52,49,-6,-11,38,68,0,-70,-6,41,-32,0,13,-62,27,78,-13,4,-10,10,-20,-41,-50,-14,75,17,25,-7,-30,-27,-52,41,3,50,-21,-25,-54,35,-40,12,-14,-5,64,22,0,76,-57,-24,0,56,29,0,47,21,82,15,-28,-18,21,0,-14,8,24,0,-18,-58,12,-50,-18,-21,-2,-27,21,7,-49,-14,0,29,84,-4,-62,63,-5,-56,-58,-12,-4,21,3,-16,32,-6,-2,52,0,-20,16,-35,71,33,78,-48,8,-20,-4,54,-70,6,-67,-35,-26,-52,0,33,-39,-2,0,31,-21,-1,14,20,30,-7,21,0,-91,52,0,38,0,-8,36,13,68,26,5,14,60,21,31,49,-31,-28,0,70,-28,24,8,63,-58,-2,-18,9,17,-63,0,46,-21,7,-18,-2,-6,-42,-23,13,39,38,75,0,10,0,77,80090
-4,-22,14,0,-8,-40,24,10,0,17,-15,23,-39,4,8,8,-12,21,-2,2,50,-73,11,45,20,37,19,18,-14,11,28,25,-78,-12,-2,-22,48,-11,9,29,-30,25,7,45,-23,-38,0,8,-9,-19,6,-4,-15,-10,-73,27,-14,-21,47,23,47,-44,-23,30,30,0,-44,16,36,13,0,13,-20,50,1,15,-9,-16,5,16,-34,-43,-36,60,-13,1,-25,-34,16,-60,47,26,58,-22,-26,-70,36,-35,-2,-12,4,58,26,1,17,64,-9,0,67,40,0,66,24,72,22,-44,4,-5,0,-14,15,10,0,-11,-66,5,-49,-21,-9,-9,-41,32,-21,-30,-2,0,49,-18,-15,-67,64,9,69,-26,12,-4,11,25,19,12,-15,-9,9,0,-34,8,-41,67,27,-13,-27,6,-5,42,49,-42,0,-32,27,13,-48,-25,30,-39,5,0,40,8,-14,8,54,32,23,32,0,-69,44,-2,54,0,-11,-17,2,58,24,11,12,58,8,4,54,-31,-21,0,67,-14,11,13,71,-25,24,0,8,31,-71,-4,14,-30,10,-33,0,-8,-44,-41,11,27,25,47,-22,17,-19,64,80460
-24,-7,23,0,-17,-5,0,43,0,32,-35,46,64,5,-5,-23,-23,-4,-13,1,15,17,12,31,4,26,12,15,10,17,-4,-6,-2,-42,31,-28,21,-16,-11,39,4,22,-1,-12,16,1,0,-14,-19,-35,7,-56,-33,0,2,-8,-1,-46,6,32,27,-7,15,32,46,0,-15,-30,9,-3,0,-2,-11,15,-39,27,-11,-18,0,-34,-47,2,39,76,5,10,-33,-33,-32,3,5,4,30,-52,-30,-39,-5,-49,-9,-25,17,27,0,-4,-30,-40,-19,0,28,17,0,7,8,70,-5,-46,-27,20,0,-54,18,-52,0,-3,-36,6,9,-46,1,-16,1,8,9,0,-1,0,-5,-23,-17,13,16,6,-32,-21,-35,-23,0,-3,-8,48,-28,10,20,0,-55,7,-54,-2,45,-25,2,-15,1,5,46,-58,11,-52,-29,-42,11,-25,46,-56,-12,0,50,-33,4,-10,11,48,-1,6,0,-25,43,-4,35,0,-20,-5,3,0,-12,12,-11,17,5,22,20,-47,-21,0,2,-13,7,-7,31,-33,3,-9,-14,-29,10,-7,-5,5,-7,-54,-25,-2,7,64,-12,32,5,-23,-41,-23,-7,73,80505
9,-7,77,0,-10,8,34,34,0,40,-64,76,43,-13,17,-4,28,-12,40,-31,-30,12,1,27,-52,-9,42,29,18,68,35,-11,-16,-17,37,-7,22,-38,-8,-18,-4,-29,34,12,-20,16,0,-3,0,-11,-11,-20,-64,-8,-10,-6,-2,1,3,-10,26,-18,54,6,-16,0,1,-3,52,-18,0,-4,-9,44,41,38,24,-24,15,0,-81,12,0,61,-22,-12,-32,33,-20,-27,-29,-11,71,-63,21,-40,-18,-82,10,-45,-3,73,-2,-16,48,-64,2,0,-7,11,0,19,39,54,-16,-93,-38,-52,0,-63,41,-3,0,21,-28,-3,-24,-48,9,-20,16,51,-12,-29,27,0,19,-1,15,-3,17,0,-52,-27,-10,-17,55,13,-24,40,0,1,-19,0,-12,44,-11,19,72,15,-24,-11,10,-28,43,-45,12,-34,-8,17,41,-16,69,-6,39,0,62,-7,-2,-11,43,79,-25,50,0,-18,47,-18,63,0,-9,0,-8,21,7,25,-8,77,-50,-62,31,-75,36,0,-8,4,54,8,-10,-44,-8,-40,0,26,-5,31,-15,4,13,-68,-2,29,33,45,-25,1,58,-45,-40,-2,-14,60,80598
-28,0,9,0,-9,-54,35,36,0,37,-14,52,-7,32,24,3,-33,-3,-19,-10,28,-60,-1,48,8,41,6,0,10,4,37,19,-61,62,14,8,35,-51,-34,66,-70,37,-14,30,-25,-26,0,15,-8,5,-16,66,-14,-31,-63,24,-18,-13,38,47,50,-61,39,40,54,0,-3,-21,11,-31,0,-11,-5,50,48,37,-27,-34,13,5,-37,-45,-17,65,11,-15,-20,-49,-32,-38,23,19,69,-40,-1,-68,32,-37,9,-52,2,88,12,13,64,42,-8,0,14,36,0,35,-7,58,0,-64,-49,18,0,-40,10,15,0,24,-62,21,-33,-46,-7,-23,-24,33,-21,-44,24,0,29,36,25,-56,52,39,47,-52,-5,-11,20,-4,8,37,-25,-9,47,0,-27,-10,-19,50,52,20,-41,33,-6,22,68,-29,-32,-29,-28,-33,-33,-1,48,-17,-26,0,34,5,-3,-3,56,46,10,31,0,-86,71,7,83,0,-8,-9,22,46,31,0,-4,58,0,-4,63,-46,2,0,22,-6,21,-12,19,-62,22,-16,16,10,-55,-32,-4,-16,23,-44,-1,-27,-35,-5,23,38,16,31,-18,4,-20,61,80622
-38,33,9,0,-12,-14,48,40,0,25,-20,73,17,0,14,-14,-6,12,-19,-1,37,-18,-2,45,13,5,19,1,35,13,48,16,-54,0,40,5,58,-14,-29,36,-31,19,4,28,-29,-7,0,9,-1,2,2,-1,-21,4,-54,15,0,-23,31,45,45,-30,72,44,32,0,-1,9,0,7,0,-5,-3,33,-16,22,0,0,10,-21,-35,-13,13,79,-13,3,-54,-58,21,-31,34,13,58,-17,-4,-64,19,-33,10,-50,3,5,18,0,-14,-31,-61,0,25,68,0,49,37,71,17,-44,-49,49,0,-15,19,-16,0,30,-56,-4,-31,-38,-22,-13,-6,21,-12,30,31,0,28,66,45,-20,34,11,-22,-9,12,-10,41,3,14,41,-39,-2,39,0,-30,12,-25,36,43,60,30,8,-20,-2,31,-44,8,-42,15,-11,-9,30,40,-29,-13,0,20,-14,-5,-7,39,74,18,20,0,-52,34,-2,3,0,-17,25,-8,39,39,0,19,52,12,48,66,-39,-2,0,-1,-58,38,-4,32,-25,9,-3,10,-15,-18,1,10,8,12,-35,-16,0,-9,17,10,45,9,-7,-61,1,-2,77,80658
-30,-28,20,0,-14,-8,23,20,0,47,-47,55,32,7,-1,-9,-25,16,-20,-12,19,10,0,45,-21,7,29,2,-62,17,27,-16,-7,-2,58,1,57,-23,-42,32,-10,17,0,0,0,1,0,-3,-3,0,14,-8,-48,12,-5,-15,1,12,0,14,40,-13,-32,65,34,0,-12,-2,66,15,0,-25,-20,29,-9,44,3,4,-3,-4,-62,-5,11,89,-2,15,-17,-56,-9,24,16,1,68,-27,-6,-25,17,-63,-2,-23,6,54,1,-9,-8,68,-28,0,13,69,0,14,20,60,-27,-57,-28,-2,0,-26,30,-47,0,33,-17,6,19,-33,-8,-13,0,-11,0,44,34,0,2,52,88,26,7,11,68,-82,3,1,28,-7,22,22,-35,-14,15,0,17,12,-36,-5,27,41,45,-2,-8,17,67,-47,23,-45,-16,-50,4,69,27,-40,-15,0,38,-14,-20,-25,33,57,24,-13,0,-41,65,-11,36,0,-12,-33,4,0,35,4,-19,68,-11,13,58,-45,-3,0,-3,-27,26,0,17,-100,-4,-9,-4,-35,27,4,12,14,-3,-30,0,4,10,33,6,67,78,-28,-22,-16,0,87,80659
-1,-4,68,0,0,-41,30,55,0,7,-64,73,4,-11,24,-2,27,-19,20,-9,-27,-29,-3,68,-10,9,12,6,65,59,43,-34,-36,22,56,14,64,-13,-57,71,-42,5,47,22,-62,-8,0,-3,-32,12,-17,14,-63,-31,-31,-32,-24,10,1,53,72,-59,54,55,84,0,-43,-45,10,-21,0,27,-21,50,70,4,30,1,27,-16,-96,-35,23,71,1,-16,-26,0,2,-26,-32,14,51,-50,2,-67,-9,-98,20,-26,3,-4,-7,-25,82,19,-13,0,7,48,0,-18,35,80,-34,-5,-15,43,0,-49,13,-15,0,34,-74,1,-21,-25,9,-20,-3,26,-68,-6,39,0,24,12,27,-25,37,12,23,-31,-59,-12,29,19,-45,61,-11,8,45,0,4,52,-39,30,51,-1,0,33,10,-27,81,-42,-5,-34,8,20,-7,28,50,-37,28,0,29,-6,3,26,57,81,-44,30,0,-55,79,-28,-5,0,0,2,-2,29,-7,1,-40,61,2,40,8,-6,19,0,24,-14,28,24,3,-26,14,-13,-1,21,-26,43,-24,-21,23,-52,-22,45,-15,8,28,50,-1,-24,-30,6,-35,72,80661
-23,7,30,-4,-12,-30,39,13,-37,21,-20,49,20,8,4,-13,0,13,0,0,16,-22,10,33,-18,61,14,6,-27,15,37,8,-42,-5,31,3,50,-49,-13,11,11,70,-5,18,20,-7,-36,-2,-20,0,19,0,-20,13,-41,1,6,-23,6,24,33,5,0,13,3,-15,5,14,46,-12,-36,-13,-14,25,5,17,-9,7,-1,-6,-16,-28,17,38,8,17,-37,-33,2,-3,26,15,69,-28,-16,8,18,-13,0,-12,15,11,21,-5,-5,17,-42,-38,1,55,-17,29,19,61,30,-10,-24,45,71,-28,7,-13,-25,30,10,-9,-2,-12,2,-10,-11,22,21,4,27,-13,24,63,50,-25,26,11,28,-6,15,-3,12,-19,7,14,-25,0,27,-22,-17,5,-18,16,42,49,8,16,2,2,21,-50,21,-46,16,-17,11,33,41,-22,-15,71,16,-17,1,-6,13,47,-3,18,-37,-51,27,-5,42,-4,-13,-4,-9,15,25,6,15,61,-15,17,56,-11,-10,-12,10,-39,18,-14,0,-30,19,-15,-2,-1,-26,-4,16,1,1,-11,-2,-8,8,21,13,11,37,1,-43,-6,0,34,80662
-18,20,19,0,-22,-58,47,0,0,1,-22,41,-25,-3,6,-10,-1,25,-27,23,18,-64,71,47,-27,34,35,22,47,14,54,31,-84,-1,18,7,15,0,-23,18,10,36,14,43,-5,-38,0,6,13,3,15,-10,-21,-7,-79,35,-2,-27,16,62,45,-18,69,33,23,0,-58,7,36,-5,0,-6,-68,17,-1,0,8,-4,19,-9,-18,-51,2,65,-2,12,-49,-49,-34,-25,14,-3,64,-12,-35,-54,25,-21,17,-37,30,42,31,-29,5,8,-50,0,68,15,0,38,13,88,37,-57,-32,-18,0,-11,37,-22,0,4,-49,-11,-10,-51,-7,-15,-35,16,-6,-16,6,0,47,56,23,-66,51,3,25,9,16,3,41,-20,-18,8,-28,-31,58,0,-36,25,-8,41,42,48,-5,-27,-3,9,46,-55,18,-42,-40,-28,-20,9,38,-8,-20,0,33,-11,-31,0,19,45,-18,14,0,-74,43,-37,37,0,-25,16,-14,34,12,19,40,63,-25,-21,43,-55,-22,0,49,-48,43,-28,63,-12,-3,18,5,15,-68,10,26,-25,5,-52,-11,2,-24,-18,-29,35,34,4,-61,-8,-15,66,80663
-48,-12,67,0,-19,-7,25,72,0,25,-58,88,63,18,10,-9,-25,-21,-7,55,14,8,36,38,-34,55,-5,28,13,58,8,-2,-10,-75,43,0,22,0,-48,4,-72,58,25,-21,30,17,0,-7,-16,-6,-42,-82,-56,-52,-9,-13,-35,-14,31,39,38,-84,31,25,14,0,-3,-43,16,-2,0,-27,0,-3,-5,23,18,0,26,-54,-83,4,54,57,15,-44,-23,-33,-13,-4,4,7,39,-41,-15,-21,-27,-83,11,-8,24,44,-19,-22,0,-89,-30,0,-14,34,0,-39,2,73,-17,-51,-13,5,0,-44,0,-80,0,19,-15,5,-7,-35,15,-20,25,21,22,-6,18,0,-19,42,-4,11,11,-26,-79,-47,-41,-28,10,-4,-39,79,-52,-6,44,0,-24,35,-52,-2,40,42,-1,-11,16,11,40,-46,-28,-40,-20,-16,-1,-19,32,-57,-3,0,32,-16,-6,-25,-18,83,-29,16,0,-29,47,-24,41,0,-24,-15,0,4,-35,26,-35,57,-39,-1,-18,-63,3,0,-60,-30,17,-13,-10,-55,3,52,-9,-60,15,19,-29,4,9,-23,-38,24,-25,71,-7,27,15,-84,-27,-26,-50,60,80666
-34,-42,18,0,-18,-46,41,38,0,25,-36,45,-3,10,13,-10,-28,52,-18,-1,41,-69,-5,48,-77,27,2,-5,-56,20,52,4,-84,40,17,-7,61,-25,-22,19,-41,27,20,30,-8,-25,0,3,-13,-7,-1,44,-33,-23,-78,6,-11,0,42,16,49,-47,-52,54,32,0,10,29,-5,-25,0,1,24,75,3,23,15,-20,6,-9,-70,-48,-6,32,-6,0,-23,-56,-6,-30,37,32,100,-29,-40,-71,26,-69,21,-85,-1,49,10,-17,22,42,-25,0,46,65,0,42,10,68,5,-43,-91,20,0,-25,-2,-1,0,18,-58,-22,-28,-42,-4,-4,-28,25,7,-34,24,0,35,27,23,-66,58,28,54,28,33,-13,21,-21,0,40,-42,-20,14,0,-7,28,-38,49,58,24,-32,20,0,14,63,-58,-9,-48,-14,-23,-55,11,60,-47,-10,0,50,-15,-24,9,79,48,0,27,0,-75,65,-19,36,0,-11,-49,-26,49,18,-2,7,90,-57,24,54,-32,-37,0,35,-25,26,-34,48,10,26,-2,4,20,-68,16,47,-23,13,-41,-13,13,-49,-3,26,55,-8,5,-25,-1,-14,30,80683
-2,25,75,0,3,-55,25,23,0,-24,-44,80,-49,-15,30,-3,57,0,35,-2,-52,-45,-20,55,7,58,-39,0,58,74,23,-14,-57,40,58,28,64,-18,-58,66,-23,55,1,29,-58,-9,0,5,-21,27,30,39,-43,0,-54,-12,-3,-22,-15,24,58,-21,69,50,67,0,24,39,3,-20,0,2,26,43,71,-24,-9,-24,22,20,-74,-55,-13,55,-23,28,-47,5,23,-77,-54,23,92,-46,8,-50,38,-74,22,-27,-5,71,-4,-9,81,61,-58,0,1,62,0,2,47,68,-7,-14,-26,41,0,-43,-37,46,0,62,-47,-17,-73,-28,-1,-4,-10,24,-52,-16,62,0,31,16,60,-34,58,32,67,2,34,-11,39,15,-55,24,-3,-10,16,0,-29,8,-32,74,30,5,-16,34,2,-15,61,-36,2,-36,22,3,-39,47,30,-28,36,0,12,-1,-12,3,48,81,-54,21,0,-74,65,-6,73,0,0,29,-20,71,2,-2,-7,94,-2,36,32,-3,10,0,17,-57,38,11,4,1,24,-3,5,50,-34,-4,-1,-12,26,-32,0,4,-33,-51,27,47,0,16,-47,17,-4,58,80704
32,-12,81,0,-5,-58,44,31,0,-7,-56,74,-31,-74,18,-12,66,-11,55,-2,-66,-58,19,48,31,38,10,3,48,77,43,-15,-38,10,35,-24,79,-6,-12,68,-27,20,22,22,-81,-4,0,-5,-10,-23,10,21,-57,-26,-34,-11,-4,-33,-34,2,58,-24,39,41,79,0,-37,0,43,-38,0,14,-23,66,63,-5,7,-58,49,18,-86,-52,-21,81,-77,10,-48,37,0,-79,-71,28,79,-41,13,-74,22,-83,44,28,16,64,5,-23,76,32,-17,0,22,52,0,7,45,77,-20,-54,52,-29,0,-35,1,46,0,18,-71,-15,-70,-41,0,-21,-1,19,-75,-56,28,0,26,-10,31,-23,57,19,38,-22,-7,-25,18,83,-55,37,24,-29,1,0,-40,24,-20,73,32,-7,-45,20,4,-45,75,-52,-9,-43,-1,20,-18,16,28,-23,61,0,0,-15,-29,9,75,77,-49,19,0,-71,82,-29,64,0,-9,-14,-19,67,-13,-2,-19,83,22,-49,13,-31,30,0,49,-24,14,64,20,-33,33,1,-5,67,-25,8,-21,-41,17,-69,4,14,-32,-30,3,35,32,21,-50,22,-16,90,80799
-27,-5,31,0,-15,-52,-14,78,0,20,-38,58,30,54,19,-29,-17,55,-9,0,16,-61,23,36,32,26,20,26,13,29,-9,7,-67,22,0,-33,-12,-6,-10,75,-72,32,29,5,-27,-29,0,5,-11,-29,-8,33,-39,-30,-62,14,-37,-21,49,57,39,-76,5,23,81,0,-39,-42,15,-26,0,0,-28,20,83,19,17,-4,3,-35,-58,-58,12,76,52,-9,-20,-43,-45,-66,13,0,67,-16,-28,-62,9,-60,-2,-30,26,71,21,-14,90,-17,25,0,62,-18,0,33,32,76,-34,-46,-26,19,0,-9,15,-4,0,-18,-57,17,-58,-64,-5,-21,-32,-22,-23,-37,-15,0,8,-5,-49,-58,54,3,-9,-46,-44,-20,33,1,-17,79,-33,4,54,0,-25,29,-39,70,52,-16,-38,-8,-3,-29,60,-55,-24,-49,-42,-10,-37,-49,57,-39,-3,0,41,-32,6,-4,22,64,-14,-22,0,-93,61,-20,63,0,-17,-5,18,64,-5,21,-32,60,30,14,25,-39,-26,0,31,20,37,1,67,-43,-1,-4,6,18,-60,9,47,-36,20,-68,-10,17,-29,25,-10,21,3,6,-11,13,-36,79,80801
-7,-14,95,0,-5,12,36,77,0,-15,-46,81,79,36,31,-25,19,3,16,-18,-43,4,7,40,-69,23,-16,21,47,85,20,-15,-7,-62,47,31,39,22,-35,-16,0,33,49,-6,-58,5,0,6,7,23,-8,-58,-44,-7,-7,-21,4,12,-18,14,36,-28,74,39,-22,0,11,-34,-12,-18,0,-13,34,39,-5,-16,28,-42,39,-61,-86,31,69,6,14,-4,-54,-4,38,-28,-55,12,84,-60,10,-35,-30,-83,23,-43,17,60,6,-20,7,6,-26,0,-11,52,0,-15,43,72,0,-19,-31,10,0,-58,-19,-42,0,36,-30,7,-16,-24,-3,-27,18,18,-51,-16,48,0,-6,-14,42,-5,29,-4,6,6,-40,-33,19,31,-67,91,-28,6,14,0,2,55,-10,6,100,-20,0,-5,2,3,36,-50,43,-27,31,24,55,28,86,-13,29,0,0,-30,-6,-24,51,88,-58,14,0,-14,38,-22,37,0,-13,-25,3,6,-38,16,-8,81,-88,21,-30,-16,55,0,21,-35,25,31,-22,-5,1,-29,7,8,-5,45,-8,26,28,-14,-38,41,12,97,6,46,-16,-50,-58,0,-24,11,80804
-7,-17,31,0,-16,-63,-8,64,0,-7,-30,28,0,25,25,-25,9,63,-20,-39,35,-87,25,39,-27,7,26,22,60,37,-3,22,-80,34,-15,-35,-23,-15,-16,81,-57,12,16,31,-63,-40,0,10,10,-27,-11,54,-29,-16,-77,25,-42,1,65,20,40,-50,62,21,79,0,-39,-78,-8,-41,0,-27,-30,47,8,-6,0,22,-16,-32,-65,-67,-2,31,23,-11,-12,-50,-37,-78,29,-7,87,-38,-43,-79,27,-65,-18,-65,22,63,13,-11,19,-14,35,0,50,-19,0,31,30,88,-57,-38,-64,-30,0,-28,18,43,0,-49,-75,33,-70,-71,-14,-14,-47,7,-61,-64,-43,0,32,0,-44,-98,73,12,-8,-37,-77,-13,25,-19,-17,64,-13,2,18,0,-9,21,-4,87,55,-7,-65,-8,-11,-17,68,-65,-17,-60,-31,-26,-69,-54,60,-6,-9,0,38,-24,1,-23,43,31,-7,5,0,-100,70,-11,58,0,-18,-19,34,80,-1,16,-57,83,-40,-32,27,-30,-48,0,83,24,32,-18,58,-41,-11,-42,11,55,-99,-6,48,-48,24,-71,-11,2,-58,-5,-4,21,-19,73,7,18,-38,35,80806
-30,-34,73,0,-3,8,38,30,0,28,-49,100,30,3,17,-15,12,-15,29,2,-22,-26,9,50,-54,64,21,-9,18,72,41,-7,-18,24,42,17,68,-25,-18,24,-26,58,12,-5,-43,2,0,1,-25,16,10,25,-48,-16,-16,-11,-15,-10,-24,-17,55,-21,14,34,33,0,-34,74,-2,27,0,4,-34,29,-12,25,5,-57,17,-2,-68,8,16,26,2,6,-76,-23,46,-9,-27,30,100,-37,18,-58,14,-64,18,-16,10,48,39,-23,0,78,-52,0,-25,66,0,-5,30,73,29,-21,-21,8,0,-37,28,1,0,47,-55,-1,-14,-19,-5,-5,-1,11,-42,35,45,0,0,15,58,7,33,52,67,-23,60,-8,37,0,-10,29,-28,-28,-10,0,-13,21,-38,26,40,5,32,14,-4,37,24,-32,-13,-33,45,-25,-9,52,44,-40,31,0,12,-16,-24,7,27,100,-4,14,0,-58,28,-21,10,0,-3,-35,-5,28,3,-9,16,100,-64,-1,44,-9,15,0,0,-52,39,-3,-12,-11,31,-4,-1,7,7,13,-22,-2,17,-32,2,9,-7,28,11,35,-13,-2,-76,4,-13,31,80816
-4,0,52,0,-12,-21,50,5,0,41,-48,78,-14,48,16,-5,46,-28,32,-42,-20,-35,21,46,-43,4,25,2,52,56,45,-1,-15,5,32,15,70,-35,-7,33,-24,19,-16,11,2,16,0,1,-26,15,13,4,-50,-11,-13,-4,10,-8,-12,40,46,-29,74,43,34,0,10,11,9,-19,0,-16,3,44,28,37,-16,-41,17,37,-58,-21,-20,44,26,12,-35,19,21,-27,-28,15,84,-48,51,-48,10,-58,16,-57,22,50,-13,-25,40,35,-35,0,-42,66,0,23,9,46,3,-35,-66,43,0,-46,18,-3,0,38,-40,-18,-27,-16,2,-14,16,23,6,-3,44,0,13,15,43,-14,25,10,16,8,11,-12,36,-40,-9,6,-7,-21,30,0,-18,-5,-34,29,43,-4,0,19,6,-50,57,-29,-4,-25,24,30,22,22,37,-35,34,0,16,-1,-15,-12,48,81,0,22,0,-76,52,-30,28,0,-11,-14,-18,30,24,5,-10,87,-29,22,60,-9,52,0,-11,-34,36,-33,-32,11,19,-41,2,1,-17,-17,-33,-7,14,-22,8,-12,21,-13,6,39,9,-13,-47,1,6,32,80886
-9,-43,37,0,-16,-51,31,47,0,58,-54,31,17,32,13,0,6,33,-14,-15,46,-38,4,29,-8,31,20,29,-52,33,34,7,-63,26,16,-18,52,-11,-22,10,-60,32,35,22,-1,-9,0,8,-10,-17,-8,34,-55,-20,-55,11,-7,12,51,-2,34,-77,-57,71,13,0,-52,-64,79,-61,0,17,-8,34,98,54,35,17,13,-5,-77,-58,2,87,5,-10,0,-9,-44,-41,43,-3,88,-4,-7,-54,17,-79,7,-49,9,52,-35,-7,100,-8,-10,0,36,51,0,25,22,78,-61,-56,-43,-3,0,0,15,-32,0,13,-47,3,-33,-23,-3,-24,-14,23,13,-48,18,0,29,33,0,-33,43,-8,6,-88,-66,-9,27,1,7,52,-20,-14,-6,0,-2,44,-36,41,30,25,-44,-1,-1,-46,91,-46,-3,-36,-47,-19,-26,-11,35,-37,-7,0,37,-7,-17,14,38,42,8,23,0,-68,92,-16,44,0,-15,-43,-1,38,14,26,-60,86,-13,-5,41,-46,-1,0,18,-11,34,-20,36,-90,-8,-19,8,5,-38,31,27,-23,14,-22,0,28,-23,15,7,65,70,-21,0,-5,-13,93,80909
-24,-2,49,0,-6,-41,37,-1,0,19,-62,73,-31,61,11,-3,8,-20,7,20,16,-66,-5,42,6,41,0,0,-37,44,42,-16,-78,43,37,19,71,-15,-38,19,-33,26,24,28,-4,-8,0,0,-17,16,-1,28,-64,-24,-73,-20,-16,-6,30,65,43,-45,-31,65,17,0,-28,36,45,-12,0,12,-11,45,-33,13,12,-58,13,20,-84,-41,-26,79,20,-2,-18,-12,50,-40,17,13,44,-45,7,-3,30,-79,10,-42,3,72,-4,-31,-28,50,-43,0,-19,68,0,28,27,66,-11,-19,-51,60,0,-48,3,-3,0,42,5,-13,-41,-24,-4,-20,-9,20,36,-22,37,0,32,64,100,-54,54,24,46,-76,38,-4,35,-34,-2,-2,-27,-23,51,0,-13,34,-43,57,46,55,-26,2,-5,19,54,-53,-15,-57,44,13,-22,91,49,-47,9,0,15,-7,-25,13,53,71,-9,21,0,-77,57,-32,65,0,-9,-12,-14,58,25,0,-13,61,0,48,64,-10,9,0,22,-33,38,-41,-17,-76,14,19,0,20,-57,25,-13,-25,10,-23,-1,19,-16,-34,-2,64,48,-5,-33,-10,-18,81,81248
43,-19,84,0,-7,-97,23,77,0,8,-67,55,-17,-26,30,-17,71,13,49,19,-68,-68,25,52,37,36,11,7,36,89,26,-7,-37,74,32,-21,63,-54,-28,100,-40,28,11,22,-42,-27,0,0,-25,-18,24,91,-67,-23,-40,-5,-5,-29,-15,13,52,-27,55,40,100,0,7,-31,37,-47,0,0,17,77,58,10,0,-42,39,-9,-85,-91,7,84,-24,23,-40,38,-28,-99,-72,35,93,-49,0,-90,25,-87,42,2,3,97,-22,-23,58,13,10,0,19,66,0,-13,49,80,-31,-61,14,-29,0,-42,11,76,0,14,-90,7,-94,-72,6,-26,-25,47,-42,-68,21,0,20,-13,-31,-40,69,23,25,3,-39,-17,14,67,-45,78,34,-26,1,0,-41,17,-29,91,21,-17,-66,10,10,-52,89,-40,-15,-34,-33,16,-36,-39,19,-26,65,0,29,-13,-28,2,91,55,-38,45,0,-93,84,-19,100,0,-10,-18,4,86,-19,9,-28,90,27,-24,16,-60,9,0,65,-1,12,61,15,-13,33,22,0,73,-37,-8,1,-36,26,-69,14,5,-38,-19,10,43,30,54,-19,31,-10,85,81252
-34,-22,3,-11,-18,-3,28,62,-43,52,-41,63,67,22,7,-7,-19,29,-28,2,25,28,46,35,-8,-18,25,24,15,-4,32,13,-34,-12,29,-12,16,-9,-14,-5,-34,-6,6,5,-42,-3,-40,4,-4,-17,-11,-10,-40,9,-29,16,-10,12,51,8,37,-45,55,39,11,-21,-29,-31,9,-15,-40,-18,-19,8,40,51,-4,4,0,-33,-52,0,39,63,-5,-13,-48,-58,-35,-5,23,-7,55,-26,-19,-65,8,-52,-9,-48,37,28,21,-20,23,-68,-34,-46,35,19,-22,20,29,77,-31,-48,-52,0,71,-24,19,-24,-14,13,-57,-1,1,-34,-13,-5,-7,-6,-38,15,13,-14,8,24,-33,8,18,-10,-52,-37,-26,-9,40,-21,17,61,-37,-3,12,-16,-2,9,-30,10,42,19,14,-6,-11,-17,60,-40,17,-36,-23,-35,-14,-63,40,-32,-34,74,45,-9,2,-24,8,60,14,-8,-43,-18,63,-27,17,-11,-21,-25,-5,7,9,22,-35,52,4,-10,30,-38,-14,-12,0,-31,52,-30,34,-52,-8,-7,5,-3,7,-2,30,16,5,-35,-14,2,-16,70,-8,40,7,-26,-54,-8,-18,63,81273
28,30,44,-12,-5,0,70,69,-30,4,-34,79,69,-19,38,-1,67,-18,12,-14,-76,0,27,15,-7,-4,-51,8,91,38,76,-8,11,-16,45,-5,31,-12,-3,84,15,0,37,5,-61,26,-18,8,17,-2,38,-9,-37,37,17,-3,51,-53,-47,13,17,-4,100,16,91,-27,14,-7,-53,-26,-18,-14,20,5,10,2,22,-54,34,-4,-64,-6,45,30,-26,32,-88,34,58,-83,-76,25,96,-69,50,-55,10,-63,36,39,15,78,-61,5,19,0,-38,-26,16,37,-28,-19,42,76,5,-40,31,18,67,-66,-57,37,-8,17,-50,10,-79,-78,28,-19,22,31,-53,-30,26,-3,8,-18,-37,10,29,9,12,31,-14,-33,15,43,-62,72,12,-21,15,-4,-61,39,-13,58,50,-24,-28,-14,34,-55,15,-44,53,-36,61,6,24,-37,55,-11,15,68,18,-8,-17,-15,7,88,-63,31,-31,-52,19,6,66,-12,-4,26,7,54,-28,8,5,98,-8,15,-1,-23,57,-1,72,-40,22,43,17,29,24,-26,9,61,7,22,-22,9,36,-70,3,29,26,65,-14,16,-58,47,-86,17,43,33,81274
-29,-37,26,0,-4,-69,35,31,0,-13,-39,13,-25,80,15,-21,-39,35,-13,-8,10,-74,9,61,-16,34,36,2,22,27,42,-10,-85,34,10,-1,60,-4,-28,39,-44,31,15,38,-34,-46,0,-4,-15,2,-3,34,-44,-29,-81,-3,-39,-62,38,71,70,-50,21,58,36,0,-14,-58,20,-23,0,7,-13,81,15,-17,5,-36,8,-12,-70,-76,-19,57,81,-5,-25,-43,5,-45,9,9,8,-42,-46,-37,18,-71,0,-50,29,42,21,-12,18,100,17,0,61,43,0,25,12,54,-1,-47,-40,47,0,-40,38,-2,0,-4,-39,8,-36,-25,-7,-15,-52,-26,-15,-61,-6,0,43,12,68,-87,64,58,100,-33,-60,-24,22,-15,-1,32,-35,-1,71,0,-54,20,-56,52,55,17,-62,49,-8,34,46,-54,-30,-55,18,11,-45,75,64,-55,-6,0,15,-25,13,-5,77,19,-4,-26,0,-96,56,-23,47,0,-4,-36,8,45,6,-1,2,-3,-26,29,43,-36,-49,0,30,21,12,-26,67,-27,17,-10,-3,17,-89,4,37,-44,14,-44,-18,3,-32,-31,27,50,24,15,-25,22,-32,56,81277
-39,-17,51,0,2,-76,17,33,0,2,-58,33,-45,71,24,-32,-63,15,-3,-51,15,-72,-23,85,6,42,70,-13,42,66,17,-38,-90,31,18,14,73,-22,-52,81,-97,52,-2,38,-71,-58,0,-8,-45,20,-15,43,-56,-62,-88,-39,-63,-6,52,82,84,-84,62,43,81,0,-48,-14,-32,-13,0,-3,-32,65,-17,0,-15,-75,1,2,-95,-82,-57,77,69,-15,-41,-52,21,-43,12,35,58,-44,-44,-83,10,-97,0,-58,8,86,8,-17,10,97,37,0,56,82,0,39,15,56,-39,20,-52,39,0,-33,61,-1,0,-24,-72,8,-39,-15,-17,-13,-63,-10,-70,-61,-18,0,40,-32,10,-91,66,62,99,-73,-11,-35,19,22,15,30,-43,15,61,0,-19,5,-66,48,66,-6,-63,64,-12,52,66,-57,-72,-52,30,33,-50,-13,71,-76,8,0,11,-29,9,1,72,36,15,-11,0,-100,64,-14,77,0,-3,-18,5,45,22,-19,-49,69,13,44,66,29,-52,0,29,26,28,17,57,-80,31,-44,-9,0,-95,-16,6,-52,25,-10,-17,-14,-41,-52,69,44,-33,28,-32,28,-57,69,81285
-7,-24,49,0,-15,-47,-10,68,0,-18,-51,30,-8,82,24,-55,-39,62,8,0,1,-73,-19,51,11,72,78,5,11,63,0,15,-58,83,7,-38,-5,-16,-40,84,-42,74,-4,19,-25,-58,0,3,-13,-21,14,98,-49,9,-54,21,-55,-1,54,61,57,-43,-14,40,94,0,-55,-58,38,-1,0,4,-25,38,62,-18,-11,6,7,-32,-67,-65,-16,67,77,11,-16,-58,-78,-58,0,11,83,-9,-40,-60,8,-70,-6,-50,15,98,28,-28,64,48,78,0,65,-14,0,38,36,61,-38,-56,-48,20,0,5,62,8,0,-48,-55,14,-41,-49,-31,-26,-70,-46,-19,-45,-41,0,19,14,-38,-82,62,31,51,-52,-71,-23,34,14,-4,65,-19,-27,56,0,-13,4,-40,74,65,11,-52,6,-27,43,88,-58,-7,-62,-73,-18,-57,-34,81,-43,23,0,35,-56,-18,-5,33,40,-2,-45,0,-100,90,-34,92,0,-16,-23,14,56,26,0,-42,73,6,7,46,-42,-57,0,50,67,41,14,74,-38,10,-1,5,34,-86,-32,52,-40,24,-54,-10,-18,-29,-24,6,36,25,43,4,33,-39,68,81290
-12,-24,25,0,-5,-73,5,19,0,3,-25,15,-46,64,12,-22,-23,51,-9,-15,46,-87,-8,72,-13,18,52,-5,54,28,10,-17,-88,62,-1,-3,60,-12,-1,87,-28,26,-11,58,-57,-69,0,-3,-43,-4,23,65,-24,4,-92,-13,-15,-32,73,66,70,-8,71,46,85,0,-31,-46,-7,-10,0,6,-47,60,21,1,-19,-28,1,10,-63,-70,-43,73,65,28,-42,-45,24,-61,45,16,54,-8,-41,-72,49,-67,4,-24,5,78,24,-17,30,100,18,0,74,69,0,61,20,86,-31,-32,-26,48,0,-6,51,46,0,-24,-67,1,-55,-26,-15,-11,-68,3,-45,-48,-25,0,60,12,45,-100,81,42,100,-24,-40,-20,-5,-11,24,18,-10,-3,57,0,-35,-6,-49,71,66,10,-48,51,-14,39,60,-61,-7,-64,27,-25,-47,43,63,-52,-8,0,17,-21,0,6,61,11,22,1,0,-100,58,-15,78,0,-7,-26,3,67,33,-6,-30,56,-12,43,73,-23,-40,0,60,16,-5,-14,74,-34,17,-10,-2,28,-98,-34,52,-41,12,-14,-3,-34,-48,-49,50,47,8,74,-40,31,-12,65,81304
-31,-14,48,0,-32,23,-4,67,0,25,-50,89,86,43,-4,-45,-27,22,22,-10,10,31,74,40,-66,-23,61,26,23,48,-15,10,15,-25,35,-37,-12,-11,-4,-12,-3,-9,10,-27,14,-11,0,-7,-9,-43,15,-40,-52,21,14,7,-14,-18,35,20,32,-10,60,40,-18,0,-30,-14,0,25,0,-20,-19,18,-73,22,2,-40,6,-56,-52,30,46,50,39,19,-65,-52,-38,14,7,-9,0,0,-10,-24,-25,-57,-8,-56,51,14,76,-46,-80,-100,-29,0,14,7,0,60,44,83,36,-82,-52,-9,0,-1,65,-61,0,-21,-21,-6,11,-50,-20,-27,-7,-3,10,35,-19,0,-23,48,-1,9,17,-22,-100,-9,-28,-13,34,-3,-5,70,-33,-5,13,0,-27,22,-48,-12,67,42,41,-50,-19,10,49,-58,27,-57,-51,-3,21,-24,64,-48,26,0,51,-51,-7,-22,21,90,-3,-4,0,-6,43,-52,-21,0,-36,-23,-8,-1,46,27,31,-10,-68,8,55,-76,-9,0,-24,-27,35,-6,10,-19,-19,0,-8,-52,10,8,20,33,-5,-40,-45,1,20,88,-46,44,6,-42,-72,-11,-20,50,81319
-5,2,49,0,-17,-17,18,74,-31,30,-44,70,50,27,16,-16,-5,-8,0,-13,-7,-1,18,38,-4,35,15,34,5,42,25,29,-20,-18,35,-30,9,-15,-26,55,-24,39,21,-8,-12,5,-27,9,10,-28,3,-7,-46,-9,-18,28,-11,-12,24,33,40,-38,5,31,56,-24,-34,-45,28,1,-26,-2,-12,31,60,30,13,-6,2,-46,-73,-17,50,69,21,1,-42,-22,-38,-43,-8,3,91,-56,-3,-56,-3,-73,0,-43,4,45,11,-25,70,-60,-21,-33,5,14,-25,26,39,87,-7,-44,-41,3,67,-51,12,-19,-10,6,-52,17,-34,-65,-6,-12,4,19,-14,5,8,-8,-11,29,-19,0,28,-18,-46,-52,-55,-3,25,1,-27,77,-17,-6,33,-10,-26,24,-36,44,28,18,6,-13,-4,-5,57,-33,6,-27,-44,-20,-12,-28,32,-39,10,68,28,-16,-10,-2,26,76,-27,20,-31,-54,54,-31,37,0,-18,-1,17,39,0,34,-9,86,-7,14,26,-37,3,-6,32,-28,31,1,4,-54,-3,-14,9,12,0,4,-14,11,17,-62,0,11,-11,51,-4,33,17,-7,-30,0,-13,73,81328
-24,7,32,0,-2,-27,66,24,0,27,19,56,2,8,25,-3,-10,35,-25,-10,55,-67,-15,23,21,32,41,4,72,34,70,18,-68,-34,5,-4,63,-20,8,88,-45,44,0,37,-43,-28,0,9,24,0,0,-30,21,-9,-66,21,-15,-84,45,46,28,-57,83,16,86,0,14,16,-57,-29,0,-9,23,40,41,26,-7,-79,17,5,1,-34,-19,35,21,-5,-37,-30,57,-38,52,37,50,-14,-15,-43,24,0,19,21,0,48,-16,11,37,65,29,0,80,65,0,44,14,71,-16,-69,18,4,0,-8,38,-7,0,-3,-45,24,-33,-46,-3,-10,-32,-6,-56,-60,-4,0,41,27,3,-71,60,32,63,47,10,-32,-12,36,32,24,-30,-16,42,0,-79,5,-27,46,68,29,-62,33,-2,-8,30,-36,-9,-35,60,-36,-25,8,72,-33,-20,0,21,-3,-16,0,33,58,33,-8,0,-85,31,14,48,0,-3,5,21,39,19,1,-12,50,4,14,56,-72,-16,0,30,28,-4,37,82,39,31,-9,11,12,-72,-12,33,-21,25,-45,-1,-4,-21,0,38,21,-67,21,-35,25,-14,44,81334
-34,13,15,0,-13,-6,27,40,0,22,-38,62,34,70,3,-20,-39,19,-12,-3,37,10,-7,40,-15,60,-2,16,-10,5,30,25,-27,-3,44,-11,24,-21,-27,19,-19,60,2,6,55,-12,0,-2,0,-17,0,-16,-31,6,-25,27,-13,-28,37,30,43,-28,-1,35,24,0,-38,-14,45,8,0,4,-30,28,26,17,-3,-27,8,-35,-37,1,26,65,73,1,-16,-43,-18,12,35,11,10,-12,-30,-36,4,-44,-1,-31,1,39,19,-15,36,64,-27,0,52,25,0,21,17,58,44,-64,-34,25,0,-13,1,-55,0,29,-29,2,22,-38,-2,-8,-9,12,57,15,29,0,9,41,29,6,20,6,66,-7,-10,-16,21,-24,8,42,-38,-21,26,0,-45,7,-39,2,44,32,22,-14,-4,27,33,-45,21,-40,-11,-30,-4,14,40,-45,-15,0,29,-23,-24,0,29,61,6,13,0,-26,30,-15,35,0,-20,8,0,-1,29,12,40,5,-15,27,34,-57,-18,0,-10,-20,31,-26,51,-22,8,-1,-2,-34,5,-3,23,14,2,-39,-16,-3,-10,35,-10,37,45,-43,-31,0,-20,64,81393
19,44,84,0,-4,-30,30,36,0,20,-37,77,-7,-17,19,-15,43,-10,38,0,-29,-47,-2,51,-25,31,31,7,69,73,39,-9,-34,31,44,1,29,-34,-36,51,0,19,27,16,-28,2,0,2,-23,4,11,30,-39,-24,-24,-1,5,-23,-18,33,55,-12,83,20,49,0,-25,23,17,-27,0,19,-2,54,21,16,27,19,17,8,-58,-31,-13,46,-31,10,-35,24,40,-22,-39,16,83,-40,24,-51,7,-66,13,-60,0,66,-21,-11,46,-15,-10,0,-24,23,0,22,30,59,39,-57,-53,6,0,-36,36,-11,0,40,-42,-6,-12,-41,-8,-12,0,21,-29,-22,45,0,22,47,34,-19,43,41,17,24,12,-11,56,-11,-38,45,3,-9,24,0,-45,42,-30,34,41,24,-16,4,-1,-43,22,-50,-2,-36,19,0,4,9,47,-21,49,0,36,-20,-6,11,57,88,-30,23,0,-55,21,-21,51,0,-3,44,-9,28,23,4,41,86,-27,-1,48,-34,33,0,27,-10,54,-29,-20,18,16,12,5,35,-26,37,-21,-12,14,-51,-8,40,19,-14,-8,16,13,-41,-31,0,-1,45,81402
10,23,87,0,-2,-27,71,32,0,-44,-40,52,-9,-11,33,-13,49,30,83,23,-16,-35,74,9,40,39,28,7,71,76,63,10,-61,2,32,11,33,-1,-25,51,1,43,38,23,-41,5,0,14,12,7,15,18,-44,1,-55,5,26,-27,26,-19,4,-30,73,37,40,0,22,39,-34,-12,0,26,32,23,24,-48,12,-63,43,-28,-65,-23,13,55,-29,10,-29,-4,13,-81,-21,24,52,-36,65,-39,-8,-61,38,22,42,71,61,-35,22,-40,-38,0,21,28,0,51,67,92,-8,-26,31,-17,0,-31,21,-5,0,22,-31,-11,-74,-57,-22,-16,5,72,-43,-5,35,0,32,-6,-11,-30,41,16,-20,4,27,-25,27,28,-57,42,-8,-52,-30,0,-36,38,-6,62,68,-22,4,-17,-17,2,62,-86,40,-70,21,66,32,-31,62,0,88,0,16,-20,-61,26,26,65,-50,70,0,-81,66,-40,77,0,-6,29,-13,60,-4,6,-5,75,30,-21,18,-29,93,0,74,-44,27,23,17,5,25,12,16,40,-36,21,18,0,32,-58,-3,17,8,-3,-16,30,-39,32,-31,14,3,58,81405
-22,1,5,0,-16,-6,8,35,0,18,-8,52,26,50,5,-9,-30,16,-10,-32,13,8,7,43,-47,28,1,4,45,5,21,29,-31,47,44,-18,23,-23,-26,22,-28,35,-4,8,34,-11,0,6,-2,-14,21,51,-5,0,-27,35,4,-25,12,42,44,-29,57,39,27,0,-39,0,27,18,0,4,-37,16,13,16,-2,-56,0,-16,-7,-9,16,35,45,17,-55,-38,-14,-10,8,25,89,-29,-10,-42,30,-12,3,-47,15,55,14,3,21,51,-44,0,4,26,0,25,11,67,49,-64,-45,-13,0,-24,1,-15,0,34,-41,-13,-10,-25,-8,-7,-14,14,38,16,36,0,12,38,-20,-1,25,18,56,16,-2,-4,32,-26,-26,36,-26,-8,35,0,-28,2,-9,28,25,26,17,5,-5,50,43,-32,4,-28,-22,-34,-29,-23,28,-9,-7,0,24,-9,-9,4,19,56,-19,15,0,-55,36,0,52,0,-17,0,-14,27,43,2,53,82,-53,-6,60,-66,-14,0,31,-46,32,-36,17,6,18,-32,6,-6,-4,-7,10,16,4,-24,3,-6,-17,24,9,43,24,16,-54,1,4,40,81408
6,-2,83,0,0,-33,37,33,0,-20,-52,77,-23,-41,15,1,60,-14,34,21,-86,-33,31,52,-9,28,-30,1,63,80,36,-34,-23,33,66,22,63,0,-64,64,-40,19,22,23,-44,16,0,-7,-52,17,-14,37,-52,-22,-23,-35,-1,-32,-36,62,50,-40,87,48,66,0,-18,15,-12,-13,0,13,-10,49,43,-19,14,-52,47,5,-85,-23,-5,52,-35,-11,-42,10,43,-66,-87,34,44,-69,20,-50,22,-88,47,3,33,85,-22,-39,46,20,-47,0,-31,76,0,-26,42,56,-24,-2,10,28,0,-66,-34,36,0,27,-52,-17,-61,-47,6,-26,22,25,-48,-31,33,0,23,-22,41,-12,42,16,26,22,6,-16,28,36,-60,38,-2,-34,52,0,-45,32,-30,51,43,-11,-23,10,10,-16,56,-34,-5,-25,34,-17,-12,32,36,-30,45,0,4,0,-39,20,54,79,-62,23,0,-57,58,-38,78,0,0,1,-20,50,-18,5,-24,27,-7,37,3,-11,41,0,12,-55,26,33,-42,16,31,13,-7,48,-13,22,-16,-29,11,-37,-22,28,-29,-17,13,50,-9,-18,-40,14,-13,52,81426
-26,52,0,0,-13,-41,54,29,0,8,4,51,-7,-43,23,0,-16,27,-16,-11,41,-35,-2,54,-13,32,7,-2,100,7,62,20,-60,50,37,-15,52,-35,-29,63,-26,26,29,43,-71,-23,0,23,24,-12,13,70,1,16,-61,27,0,-24,40,2,60,-16,100,36,68,0,-13,6,-15,-11,0,-10,6,31,-31,9,24,6,12,-16,-27,-47,16,62,-62,12,-54,-41,34,-13,45,12,46,-34,-29,-79,40,-27,14,-50,5,67,27,34,-10,31,-47,0,34,49,0,49,43,75,9,-30,-55,27,0,-27,-4,4,0,36,-69,2,-16,-49,-27,-12,-28,32,-69,-20,41,0,43,70,17,-38,58,40,35,17,0,-14,44,-14,9,28,-31,-5,0,0,-28,41,-10,44,38,55,-16,46,-25,34,39,-52,14,-48,23,2,-44,10,34,-9,-6,0,36,4,3,-11,32,56,10,31,0,-61,42,27,75,0,-14,47,4,45,61,-6,13,37,-7,20,84,-11,-29,0,47,-57,44,-18,34,24,8,-26,23,4,-39,31,19,14,21,-52,5,32,-39,-8,38,32,-24,46,-46,9,3,62,81427
-25,20,4,-3,-14,-45,26,11,-36,6,-12,36,-14,-27,10,-10,-13,25,-18,-9,29,-26,4,34,-24,8,11,3,-2,3,28,24,-58,3,27,-2,40,-25,-20,6,-13,13,1,29,-17,-22,-37,11,5,-4,8,3,-12,5,-58,26,0,4,46,4,36,-11,37,45,1,-23,-30,7,19,-18,-37,-8,-47,25,-24,5,-6,-9,-1,-1,-18,-40,-18,52,-31,8,-37,-28,-14,-18,26,3,48,-4,-21,-66,37,-16,1,-39,0,33,21,3,-22,34,-29,-35,43,45,-24,29,19,65,2,-51,-41,-30,55,-3,12,6,-22,16,-56,0,-13,-27,-20,-4,-20,12,0,-27,18,-13,29,34,6,-27,39,21,38,-25,9,-10,40,-27,4,13,-25,-11,14,-24,0,4,5,32,32,29,-22,4,-19,13,49,-44,11,-41,-17,-3,-16,-2,25,5,-19,56,35,-9,-11,-7,22,32,6,10,-36,-58,52,5,33,-4,-15,14,-4,32,33,2,7,41,-24,-31,54,-40,-17,-11,29,-28,38,-43,43,-54,3,-10,10,3,-25,-4,25,-1,10,-25,8,-4,-22,-10,1,50,35,29,-44,-1,-3,51,81430
-4,-44,100,0,-4,17,58,3,-31,38,-72,83,16,6,21,-35,22,-26,44,8,-52,23,10,10,-7,-6,8,28,56,96,67,-11,30,-33,58,6,37,0,-14,5,-4,-1,0,-31,-20,31,-28,-9,-13,1,20,-39,-68,16,36,-17,20,-15,-42,22,9,-14,73,41,19,0,18,-9,1,-4,-29,-14,26,18,-7,32,-4,-20,41,-15,-91,22,44,55,-1,19,-17,30,12,-2,-52,20,65,-58,43,-34,-48,-90,33,-19,15,77,-21,-43,-3,47,23,-33,-31,48,0,-20,39,38,5,-52,-26,-4,80,-61,9,-74,-19,39,-31,-17,-1,-44,14,-31,32,31,-31,-17,41,-7,-24,6,20,33,-7,17,52,-16,2,-28,37,-5,-38,7,-11,-20,18,-17,-20,11,-32,-24,85,0,-11,-15,17,-23,63,-52,32,-48,7,-3,88,5,89,-45,51,81,20,-46,-24,-14,34,87,-43,30,-31,-12,66,-45,69,0,-11,-58,-22,-23,-23,26,-2,69,-3,4,2,-51,56,-6,-50,30,44,-9,-35,-26,15,2,-9,-49,33,0,-26,15,20,-45,-11,3,85,16,-8,44,1,-80,-29,-11,8,52,81491
-18,-28,52,0,-11,-30,-3,29,0,15,-40,38,22,15,11,-12,-34,19,9,2,22,-56,47,64,0,24,25,18,-4,52,4,7,-43,50,-2,-37,42,6,16,36,-37,8,18,6,-42,-9,0,5,-5,-30,-20,45,-38,-18,-35,8,-46,7,31,30,75,-37,-20,47,49,0,-38,-30,37,-4,0,14,-23,78,15,8,9,-31,8,-6,-71,-39,-20,55,17,-23,2,-27,4,-24,24,9,7,-42,-10,-57,4,-72,-8,-42,37,50,17,5,28,80,23,0,12,23,0,37,13,34,-33,-10,-37,3,0,-40,30,-15,0,-13,-66,10,-26,-9,-6,-20,-19,8,-39,-34,-18,0,14,0,-13,-45,51,30,74,-76,-39,-9,15,34,6,25,-21,19,34,0,7,25,-14,39,52,-17,-39,47,-7,27,74,-44,-29,-49,10,-19,-45,4,70,-18,13,0,20,-22,25,7,70,42,4,8,0,-69,82,0,43,0,-17,-28,10,39,17,7,-46,4,-4,-12,44,-6,-24,0,16,27,15,32,22,-58,12,-8,5,10,-51,13,19,-19,15,-41,2,9,-16,8,37,41,18,5,6,9,-32,61,81548
-46,9,0,0,0,-17,11,21,0,29,-11,66,10,65,16,-16,-28,20,-31,-34,48,-35,-16,43,28,11,13,-7,30,-3,10,17,-52,23,27,0,44,3,-8,65,-33,10,1,21,-34,-10,0,5,-25,-3,-11,18,-11,-18,-51,18,-14,-39,34,62,46,-40,41,48,71,0,-40,42,-39,0,0,23,-34,23,-29,25,-8,-63,5,4,-27,-12,-15,54,57,-9,-42,-47,4,-14,45,15,60,-23,-29,-58,17,-26,3,-21,2,39,8,-16,-18,76,-31,0,42,40,0,43,19,44,0,-48,-24,50,0,-23,15,-16,0,22,-55,-4,-10,-37,1,-8,-8,0,-25,-14,19,0,26,-15,28,-36,38,19,78,11,46,-16,26,-4,14,24,-47,-7,64,0,-46,3,-24,32,58,-19,-9,11,2,25,38,-43,-11,-40,14,-34,0,19,56,-30,-30,0,12,-16,-6,22,20,65,14,-1,0,-56,43,-19,43,0,-2,2,-3,30,32,-8,1,51,26,47,55,-34,-22,0,-8,-27,29,-3,41,5,12,-36,5,-5,-37,-10,24,-3,14,-42,-7,-8,-1,11,9,45,-45,-23,-49,6,-15,57,81549
-70,-63,3,0,-38,12,2,100,0,31,-74,82,57,72,14,-33,-57,63,-65,-30,55,-19,24,24,-54,-52,1,77,18,-2,-3,30,-60,-70,30,-12,-66,-32,-44,16,-67,-65,30,0,-31,-27,0,0,-13,-17,-15,-76,-76,-8,-58,29,-57,42,84,83,24,-83,27,68,18,0,-76,-79,7,-37,0,-25,-77,19,-68,32,9,3,-11,-65,-65,17,43,66,79,-15,-3,-61,-100,-40,56,-25,74,8,-55,-58,7,-64,-14,-58,37,31,2,-69,-61,-14,-19,0,50,-73,0,16,11,97,-5,-72,-58,-43,0,8,5,-45,0,2,-46,-17,-27,-77,14,-41,-23,-26,-19,1,5,0,-1,22,-67,-46,58,-12,-39,6,-81,-50,74,-18,-6,100,-76,-38,87,0,33,38,-7,33,72,6,8,-75,17,-4,86,-66,7,-61,-100,-38,-42,-74,70,1,-64,0,60,-34,-38,-31,4,80,-8,-28,0,-60,93,-68,0,0,-40,-54,-20,28,-9,76,0,75,-47,-56,-14,-54,-50,0,1,-17,72,-24,44,-5,-17,-32,-1,-19,-44,14,66,-7,12,-76,-63,16,-45,63,-88,66,14,-18,-4,-6,-62,63,81556
12,4,74,0,-6,8,28,23,0,25,-41,79,25,21,15,-12,30,-27,37,-3,-38,28,24,37,32,49,-3,6,28,71,29,-10,-7,-10,57,8,52,-8,-21,16,0,45,4,4,-45,4,0,0,-5,8,10,-8,-41,3,0,-19,8,-35,-3,-4,34,-6,38,24,23,0,-24,-10,-7,10,0,-9,-8,13,37,22,-3,-24,25,15,-74,8,5,58,8,8,-44,3,37,-33,-43,32,62,-55,27,-38,0,-74,24,0,22,25,-22,-6,50,15,-10,0,-18,74,0,2,36,58,25,-25,16,29,0,-50,-5,-14,0,50,-33,-6,-34,-38,13,-11,1,0,-52,7,56,0,9,-21,36,13,20,27,32,1,-16,-18,13,63,-39,26,3,10,1,0,-42,12,-33,23,46,-39,10,1,19,3,52,-40,18,-32,29,-48,14,16,50,-36,43,0,9,-20,2,-15,39,86,-29,0,0,-17,43,-3,5,0,-4,4,-9,26,6,7,-1,71,20,49,26,-33,35,0,1,-13,18,60,-9,12,23,-6,0,6,11,-1,-41,13,13,-30,-7,3,19,22,16,30,-16,-27,-45,7,0,63,81593
-22,6,74,0,-6,-11,22,44,0,9,-57,87,7,66,15,-6,-2,0,32,9,-37,12,2,44,-50,25,0,-9,26,79,20,-21,-45,9,75,20,50,-30,-44,7,-22,27,-14,22,-13,-17,0,0,-21,15,11,3,-57,-11,-45,-19,-7,-56,-17,41,47,-21,50,46,4,0,-48,-5,29,18,0,-2,-52,52,3,8,-14,-51,12,-12,-69,-6,28,50,58,12,-27,-25,50,-18,-39,12,69,-43,8,-50,27,-70,6,-57,8,76,29,-25,15,85,-20,0,-21,45,0,11,20,60,22,-48,-57,58,0,-45,0,-2,0,56,-43,-24,-16,-39,8,-16,-16,6,1,34,54,0,23,-17,54,-2,31,64,87,4,0,-11,58,-56,-40,44,-20,-8,36,0,-65,-1,-37,20,38,-21,37,9,9,18,36,-38,-7,-38,52,-9,-1,44,29,-38,30,0,15,-4,-7,-2,55,82,-41,3,0,-32,37,-26,65,0,-8,1,-25,22,23,-8,25,75,-48,54,45,-37,13,0,-23,-18,54,-55,-20,-4,11,6,0,-1,-1,-14,3,7,14,-44,-14,-16,-9,13,1,47,33,-19,-42,9,-11,46,81595
-56,-15,-8,0,-25,-57,-57,34,0,18,-20,35,-12,41,8,-13,-31,55,-39,-4,72,-39,14,45,-82,-60,-2,23,49,-5,-49,38,-83,15,34,13,-7,-19,-26,14,-39,-61,18,37,2,-41,0,6,-9,13,15,12,-20,11,-82,35,-19,34,71,76,46,-37,67,76,15,0,-46,8,-3,-48,0,-10,-33,11,-37,17,16,10,-5,-14,-24,-55,-5,40,35,16,-38,-52,-48,-5,72,-5,71,12,-57,-52,39,-25,-2,-56,11,24,25,-19,-37,6,-28,0,51,-1,0,36,15,66,51,-31,-60,19,0,15,-1,-10,0,31,-49,-19,1,-45,-2,-17,-41,7,6,-17,32,0,37,76,-3,-48,50,9,11,21,8,-15,52,-30,26,36,-57,-20,76,0,30,29,12,28,58,73,-14,-27,-1,2,79,-45,11,-41,-52,-11,-32,-7,56,12,-35,0,29,-11,-21,-12,12,33,26,9,0,-67,75,-20,6,0,-24,-19,-20,23,48,25,41,74,-75,23,60,-25,-56,0,16,-28,55,-30,51,16,-5,-1,6,-9,-50,21,56,-9,7,-45,-7,7,-29,-11,-25,77,0,8,-41,2,-18,35,81602
13,0,95,0,-3,1,39,47,0,-1,-19,60,47,2,27,-6,-7,6,61,-20,-55,23,-13,17,1,-4,1,15,35,94,35,18,4,-23,39,-19,8,1,0,27,-23,-17,19,-18,16,11,0,18,-9,-20,7,-30,-20,-7,10,14,-7,-14,-28,58,13,-45,61,22,12,0,21,-41,2,-12,0,-15,20,21,27,-4,6,-38,23,-24,-36,5,38,41,9,2,-7,49,0,-34,-58,0,44,-15,40,-17,-12,-39,17,23,5,70,1,-11,37,-74,22,0,-9,18,0,-15,33,42,28,-52,23,-27,0,-16,7,-35,0,38,-14,0,-29,-29,4,-19,14,-47,21,-39,41,0,-13,-43,-12,25,27,4,-71,14,-49,-39,14,41,-52,52,3,0,45,0,-25,24,-10,15,39,-42,-34,-2,7,6,35,-29,13,-21,0,45,16,-21,40,-12,72,0,-3,-11,-3,-16,20,65,-51,-50,0,-24,30,-10,40,0,-5,-1,-3,14,0,14,17,45,-14,-25,9,-56,49,0,-3,25,17,48,-10,0,0,-23,18,-3,24,12,4,39,26,-22,2,12,14,49,-6,25,12,-36,-12,4,-17,38,81613
-31,-41,22,0,-15,-7,-1,78,0,52,-60,81,47,52,16,-14,2,27,-19,-21,2,25,50,28,-42,50,-16,27,-11,18,2,1,-49,15,49,-4,36,-5,-42,-7,-68,56,14,6,-41,-3,0,5,-22,-7,-14,14,-60,-23,-48,-1,-8,0,43,30,29,-70,3,46,-3,0,-15,-26,45,9,0,-9,-6,57,16,49,10,-37,11,-31,-75,-1,37,61,44,-8,-46,-55,-4,-35,-3,1,90,-34,-16,-51,16,-74,5,-48,36,60,21,-30,26,14,-33,0,38,47,0,10,20,87,-17,-48,-48,4,0,-35,-18,-22,0,26,-42,-6,-42,-38,21,-23,-2,38,-26,30,28,0,8,22,7,2,29,-3,22,-50,-35,-1,43,0,-25,81,-33,-4,29,0,-12,19,-45,34,34,11,36,-12,23,8,56,-37,-10,-26,-9,-39,-6,-9,27,-50,-20,0,35,-17,-5,-2,57,82,-18,36,0,-36,58,-35,12,0,-16,-49,-10,45,2,25,-19,89,-40,12,16,-39,-4,0,14,-33,49,-4,43,-56,-7,-23,5,-10,4,0,19,10,14,-38,-12,8,-15,52,-3,49,40,-7,-52,4,-13,66,81615
-47,-1,-20,0,-17,-49,-5,37,0,57,-25,54,-10,30,14,4,-20,55,-61,0,84,-62,-10,66,-47,66,6,15,-1,-17,4,18,-86,31,11,3,29,-1,-19,26,-80,73,13,44,-9,-33,0,11,-1,2,-26,43,-22,-42,-84,14,-32,-35,87,5,64,-84,20,35,39,0,0,-16,15,-43,0,9,4,-12,89,58,-3,18,-6,0,-54,-45,-29,44,30,-25,-33,-42,-12,-37,76,30,87,-9,-58,-71,36,-56,2,-53,-7,74,-10,21,93,-24,-18,0,81,48,0,39,24,78,-7,-39,-55,49,0,-5,0,-7,0,11,-62,19,-32,-43,-7,-7,-31,24,-1,-35,21,0,45,34,-24,-65,62,6,1,-43,-5,-7,12,-6,25,41,-55,22,13,0,-53,12,-54,53,48,29,-27,34,-5,2,55,-45,-22,-34,-22,-71,-52,-41,47,-60,-56,0,36,0,16,12,0,55,32,23,0,-79,56,18,57,0,-15,-10,15,53,21,15,-8,85,-44,55,49,-40,-48,0,-5,-30,24,-12,81,-60,20,13,11,11,-65,-7,42,-31,14,-26,-3,-3,-64,-1,49,43,13,-22,-27,7,-42,46,81617
-31,45,23,0,-12,-20,54,31,0,-29,-19,73,-4,-13,16,-14,-28,-11,-4,-4,11,-40,-24,52,22,66,-26,-3,34,20,52,15,-46,62,40,12,70,-2,-56,30,-22,71,19,11,-16,0,0,11,12,7,11,67,-15,-8,-50,19,6,-13,35,50,54,-8,66,47,33,0,7,28,12,10,0,5,2,32,23,-29,1,-7,14,-23,-37,-17,2,75,-26,16,-16,-63,20,-70,11,27,77,-47,-10,-74,35,-39,16,-53,-3,26,-8,2,35,-3,-81,0,6,69,0,-10,25,89,42,-31,-51,56,0,-47,-29,33,0,53,-65,-13,-68,-22,-21,-14,1,-7,-3,16,53,0,9,46,6,-24,49,3,-6,-8,34,-1,44,-15,-24,30,-28,-7,31,0,-22,18,-31,81,34,46,17,20,-21,58,41,-56,-8,-57,24,-51,-42,-4,27,-31,-12,0,26,-13,-5,2,34,69,-24,-10,0,-72,41,3,25,0,-13,48,-15,83,-13,-4,48,70,17,64,15,-26,-5,0,54,-80,47,-25,8,-1,24,-11,12,20,-21,0,-9,-1,13,-29,-10,3,-53,-4,14,48,9,63,-20,-9,4,76,81629
-10,48,76,0,7,-28,89,12,0,29,-22,91,-15,-30,17,10,21,6,51,15,-39,22,4,41,20,46,-23,-6,85,76,88,-11,-20,53,81,19,53,-61,-51,72,-23,48,0,16,-5,13,0,9,-10,19,10,53,-22,-27,-17,-13,-1,-63,-22,37,40,-17,97,26,72,0,50,24,-9,20,0,16,43,30,14,30,1,-27,22,35,-51,-26,-12,55,-22,7,-36,9,-4,-43,-44,33,69,-66,23,-30,21,-51,25,-47,0,60,-4,0,23,37,-32,0,-26,54,0,0,26,31,3,-35,-45,54,0,-62,-22,5,0,73,-31,14,-47,-53,16,-22,14,30,-9,31,72,0,15,1,34,30,20,44,36,13,24,-7,34,2,-28,14,-11,6,33,0,-66,13,-28,48,10,-6,32,39,19,-10,42,-33,-23,-30,0,-35,-14,35,8,-28,57,0,47,12,3,20,36,88,-21,30,0,-37,44,3,58,0,5,47,15,49,30,-5,1,73,21,50,47,-30,25,0,-45,-34,34,3,-18,10,34,18,9,5,29,9,1,5,14,-58,8,14,-9,-16,31,25,-8,-51,-35,-2,-4,55,81636
22,-7,87,0,15,-58,69,15,0,13,-49,79,9,10,29,30,75,-14,40,7,-83,18,-6,43,-26,13,-28,-27,81,75,73,-49,-19,0,51,20,43,-22,13,58,-13,0,22,39,-76,18,0,0,-15,15,32,-3,-49,-9,-19,-47,39,-30,-37,28,45,-27,95,26,74,0,23,-14,-52,-60,0,17,24,54,43,15,13,-42,35,18,-74,-51,0,61,16,30,-32,84,24,-64,-83,19,38,-72,65,-61,21,-81,38,1,5,90,-46,-21,52,40,0,0,-24,52,0,-7,16,66,-52,-35,10,12,0,-72,-27,34,0,52,-60,7,-62,-64,31,-13,24,-20,-64,-65,52,0,36,-63,21,15,39,14,55,4,-23,-26,27,9,-50,21,14,-6,18,0,-43,32,-15,50,50,-63,-63,19,30,-69,58,-33,9,-29,23,36,72,23,41,-16,41,0,5,27,-7,21,58,78,-56,-20,0,-78,58,-23,84,0,12,-5,1,54,-24,-29,-48,42,-21,20,20,-33,88,0,21,0,29,3,-30,1,16,7,1,46,19,29,-8,-2,28,-58,20,34,48,20,17,26,-51,0,-40,16,25,61,81639
13,-15,71,0,5,-62,21,37,0,-20,-26,58,-37,-21,25,13,68,-9,41,-6,-56,-50,-1,43,34,-4,-18,-3,41,67,25,-13,-58,-2,35,10,55,-3,-11,77,-39,-8,10,34,-35,-10,0,1,-9,9,-8,10,-26,-18,-52,-11,-17,-54,-10,38,43,-42,63,52,76,0,-25,-6,-23,-24,0,17,-36,26,38,-20,-4,-36,30,-1,-50,-57,-24,65,-11,-11,-55,46,24,-79,-56,47,52,-54,-5,-78,29,-52,29,49,1,80,3,-33,52,35,-33,0,16,62,0,5,62,51,-41,-40,52,23,0,-50,-25,55,0,29,-74,-11,-73,-18,-4,-15,-11,-14,-42,-60,33,0,39,-43,-10,-37,62,26,50,21,-14,-11,11,-6,-44,40,6,-29,38,0,-66,17,-6,72,34,-41,-56,18,1,-1,88,-19,-8,-13,22,58,-37,-15,32,-8,44,0,6,9,-34,20,34,60,-45,-16,0,-63,88,-29,74,0,3,-16,-14,67,-20,-3,-38,50,28,28,1,-32,4,0,57,-37,9,-11,16,11,45,-4,1,70,-38,4,-13,-35,21,-12,7,10,-39,-39,19,56,-24,44,-52,34,-25,67,81641
-70,-61,0,0,-28,-36,-19,100,0,-12,-100,80,49,100,0,-50,-38,78,-79,-21,70,-52,6,71,-13,28,-21,40,-47,-11,-22,-9,-73,-15,34,-2,-46,19,-61,50,-75,12,25,16,-33,-20,0,-44,-63,-4,-39,-16,-100,-15,-71,-10,-65,0,85,87,71,-88,-42,71,47,0,-99,-28,24,-72,0,9,-92,7,27,-13,10,26,-21,-70,-99,-30,41,83,100,-39,22,-75,-100,-66,68,-14,86,-33,-76,-41,4,-100,-25,-73,25,7,-66,-84,43,9,7,0,71,-47,0,-24,18,100,-38,-67,-78,-12,0,-33,-20,3,0,-6,-43,-5,-48,-51,28,-34,-18,-28,-34,-70,-6,0,15,44,-4,-64,52,-44,14,-50,-29,-33,58,-64,-41,100,-75,-13,89,0,-6,34,-50,71,88,42,-65,-45,27,-13,100,-100,-3,-98,-100,-79,-49,-6,84,-51,-83,0,47,-50,-11,8,1,80,-41,-28,0,-100,100,-87,10,0,-26,-66,-2,58,-63,41,-37,75,-10,-7,-55,-66,-68,0,8,9,63,-58,66,-47,-11,-22,-46,18,-63,2,81,-64,-1,-48,-42,9,-56,52,-49,71,26,-15,22,-2,-65,80,81650
-7,-2,63,0,-18,-75,-20,82,0,-34,-39,25,-17,6,35,-24,-11,22,-11,-41,6,-69,-14,67,10,-28,16,32,37,64,-18,9,-72,34,28,0,17,-24,-66,94,-73,-40,19,22,-73,-24,0,3,-8,4,-21,44,-41,-46,-69,10,-53,38,48,58,72,-83,47,64,94,0,-71,-74,-13,-66,0,-5,-63,16,23,-36,0,-29,12,-28,-82,-73,-3,64,4,-25,-10,-26,-72,-100,-1,12,98,-7,-37,-95,22,-81,6,-9,7,30,-26,-13,45,52,5,0,42,10,0,29,31,83,-45,-2,-5,-30,0,-2,16,17,0,-9,-91,9,-93,-29,-21,-31,-26,15,-64,-70,-4,0,23,-6,-33,-67,72,16,61,-70,-79,-27,18,16,-45,84,-16,-9,56,0,33,24,7,89,59,-14,-65,31,-16,-9,100,-53,-33,-45,-71,15,-68,-36,61,11,-1,0,39,-24,-7,-6,21,29,-34,14,0,-92,100,-16,23,0,-20,-2,7,82,-13,30,-47,92,1,-35,7,6,-31,0,68,0,16,7,46,-68,14,-42,4,42,-69,0,13,-42,33,-40,-14,6,-65,-20,22,62,-17,44,-1,27,-57,65,81658
-17,0,52,0,-8,27,75,56,0,36,-32,86,58,13,26,2,-28,-13,19,-16,-4,67,-11,19,-13,41,-18,16,18,47,78,-3,44,-10,58,-5,25,-3,-13,22,-40,41,2,-28,-27,39,0,8,9,-10,14,-17,-34,27,45,0,12,0,7,47,22,-66,19,26,22,0,-13,-47,-1,26,0,-27,-13,-5,-15,30,6,-47,37,-9,-45,33,46,32,5,16,-13,-8,3,-27,-9,7,52,-37,30,-36,-36,-45,21,-14,18,74,6,0,6,-32,-19,0,-19,12,0,8,26,45,4,-26,-10,40,0,-37,-18,-82,0,34,-29,3,-26,-31,15,-31,44,8,-25,26,33,0,-28,14,-14,64,-15,15,-40,-14,-38,-31,34,15,-18,60,-25,0,44,0,-12,16,-37,9,33,0,29,0,16,31,33,-29,47,-24,10,17,40,-27,27,-37,27,0,12,0,0,-33,-6,88,-17,8,0,-26,36,-8,58,0,-9,0,3,10,21,14,8,58,-24,29,28,-13,52,0,-25,-15,33,13,-19,-9,9,-19,6,-48,65,0,-13,49,27,-41,11,8,20,68,-9,20,-4,-58,-22,0,2,38,81659
22,0,93,0,-5,25,79,86,0,62,-35,84,88,7,47,0,48,13,42,-33,-37,36,0,17,-69,7,-4,27,91,83,81,18,10,-24,68,17,15,6,-11,34,-33,9,21,-5,-40,35,0,13,20,17,0,-18,-37,12,20,22,29,-28,-14,34,18,-55,98,20,35,0,21,-26,-31,-3,0,-15,40,0,33,57,19,-35,62,-37,-55,22,60,1,-6,-3,-41,50,10,-47,-47,26,56,-33,58,-68,-30,-56,56,-11,20,78,-52,-9,42,-28,26,0,20,13,0,-34,35,77,17,-65,-4,4,0,-29,-11,-47,0,52,-63,8,-38,-58,26,-15,31,6,-39,-5,61,0,1,-1,-38,49,5,-13,-29,22,-40,-31,46,35,-34,92,5,-21,30,0,-43,31,5,7,58,-20,2,-27,35,-29,41,-22,36,-10,6,-15,65,-57,62,7,47,0,0,-10,-25,-14,10,97,-25,5,0,-23,43,-12,63,0,-5,0,6,1,-6,26,19,61,-76,2,-9,-51,74,0,9,23,48,30,25,18,25,-37,15,-1,42,11,1,31,46,-58,16,22,63,82,-28,19,-43,-39,-40,14,17,9,81663
-27,2,42,0,-2,-35,13,34,0,4,-15,43,4,20,11,-22,-30,15,-8,-6,6,-36,-39,40,-45,-15,24,-15,93,46,13,13,-42,26,39,0,23,-17,-41,56,-41,-4,0,16,-39,-19,0,0,-13,7,-3,37,-12,-29,-41,3,-17,-43,25,43,40,-39,100,26,67,0,-8,4,-61,0,0,-27,7,48,-5,5,-14,-55,1,-6,-35,-37,-25,16,20,-1,-46,-24,33,-33,10,32,39,-28,-10,-58,21,-40,9,-16,1,77,-7,-22,-2,52,-4,0,47,52,0,1,11,48,49,-52,-18,-19,0,-20,21,-11,0,23,-56,1,-24,-71,-8,-14,-22,-10,-48,-33,28,0,17,-34,25,-29,47,28,75,61,-1,-31,27,10,-3,34,-34,-16,41,0,-49,1,-14,42,37,-1,-31,2,-3,62,29,-37,-29,-29,24,-10,-19,10,43,-25,2,0,5,-19,-18,-19,55,50,-11,-13,0,-66,17,-23,70,0,0,-8,-3,34,26,-12,24,56,-45,13,43,-62,-17,0,5,-12,37,4,41,52,18,-11,0,0,-33,-14,8,-16,12,-50,-13,-11,0,0,21,37,-72,-18,-36,13,-13,16,81677
19,5,95,0,5,-70,36,20,0,24,-35,70,-19,-16,26,-8,71,-13,67,-11,-66,-76,-4,36,9,58,17,2,65,94,37,-26,-49,5,33,6,71,-6,6,72,-2,51,10,34,-63,-2,0,0,-4,6,23,5,-39,-5,-47,-26,9,-54,-37,39,37,-2,86,50,75,0,-19,35,-11,-61,0,18,-21,34,45,24,1,-64,33,27,-61,-69,-30,56,-25,24,-51,78,69,-54,-67,24,79,-57,29,-57,19,-60,32,19,8,71,-2,-33,55,78,0,0,-5,72,0,24,44,42,-23,-14,13,57,0,-55,13,34,0,38,-52,-7,-51,-26,13,-9,-1,7,-60,-75,40,0,35,0,51,-55,56,26,84,1,27,-15,28,-9,-45,22,15,-30,36,0,-61,15,-37,53,59,-5,-73,26,18,-56,43,-38,-2,-37,62,57,39,38,56,-36,68,0,-9,-8,-29,21,35,70,-44,7,0,-64,43,-33,62,0,2,2,-8,51,10,3,-21,75,10,58,49,0,33,0,-2,-2,28,-7,-3,-2,24,-8,0,40,-55,5,-15,-31,24,-28,11,8,35,-19,19,49,-11,-5,-52,24,7,58,81679
-21,-43,51,0,0,-76,14,27,0,-44,-40,26,-30,81,11,-13,-25,41,-3,-26,-7,-75,-11,70,-1,51,-4,-1,60,43,28,-18,-82,36,15,-7,55,-3,-24,56,-34,46,50,37,-26,-40,0,-9,-24,-3,-8,35,-39,-34,-73,-17,-49,-44,38,83,75,-55,35,36,70,0,-6,-48,-14,-13,0,28,23,82,35,-51,19,-5,19,-19,-79,-84,-21,60,70,-10,-36,-49,11,-57,-13,32,58,-61,-64,-48,38,-81,-10,-54,13,77,1,-10,57,80,-13,0,66,41,0,30,36,78,-9,-79,-37,48,0,-58,-3,5,0,-12,-46,22,-43,-35,-8,-20,-47,-20,-21,-62,-9,0,43,-5,43,-81,77,46,67,-10,-48,-24,9,1,-23,31,-35,9,80,0,-58,50,-58,74,52,-1,-58,34,-7,30,40,-60,-21,-54,32,13,-79,37,69,-65,1,0,29,-22,11,17,86,36,-20,-20,0,-100,50,-21,52,0,-11,-36,19,64,-2,-15,-19,42,-9,36,34,-70,-61,0,68,-9,16,-10,77,6,34,-47,-8,61,-87,35,37,-39,12,-57,-27,25,-64,-40,35,25,-29,12,-39,25,-49,64,81680
-41,-32,51,0,-13,-19,20,75,0,37,-60,52,-23,56,5,-3,-5,15,-24,-18,22,-8,33,50,-56,41,-9,47,-7,39,34,-14,-46,-70,46,14,32,-32,-31,-9,-46,34,46,10,6,7,0,-12,-15,17,-6,-71,-56,5,-40,-5,-11,2,35,70,58,-43,-22,49,2,0,-59,-40,29,-54,0,-14,-44,7,-26,31,43,-10,6,-35,-66,-28,35,55,44,-6,-55,-34,-8,-27,23,0,41,-33,0,-12,4,-69,-13,-31,31,26,-2,-12,-5,-4,-23,0,0,15,0,-9,1,68,22,-50,-33,39,0,-32,-7,-29,0,12,-6,0,-25,-3,26,-29,0,-8,16,-26,11,0,12,28,18,-15,26,-24,-15,-17,-49,-21,31,-18,-27,73,-42,-2,71,0,-13,58,-53,7,37,12,-28,-12,26,-32,46,-46,-1,-48,-5,-7,-6,14,51,-53,-26,0,42,-9,3,-28,-10,58,-27,-5,0,-54,51,-20,-30,0,-20,-32,-3,10,-14,37,21,14,-57,30,12,-35,-8,0,-21,-17,39,-27,12,1,0,-26,-13,-10,-17,52,12,-11,7,-30,-11,44,20,-37,-20,45,14,-50,-54,0,-2,59,81694
-27,34,7,0,-16,-6,58,1,-28,29,-30,61,21,17,7,-17,-31,22,-2,3,47,-20,-10,67,-26,5,44,10,20,4,66,26,-25,22,34,0,42,-17,-18,6,0,9,9,9,44,-6,-27,7,3,-4,12,16,-26,13,-24,29,8,1,20,62,65,-14,34,32,5,-4,-39,-13,38,14,-26,-12,-37,-11,28,28,7,-39,8,-12,-43,-3,23,41,4,10,-31,-40,8,16,45,0,71,-28,-2,-34,17,-48,10,-58,0,34,26,6,33,42,-46,-30,-14,48,-5,43,38,76,40,-62,-58,15,65,-28,43,-27,-35,33,-24,4,9,-23,-30,-10,-5,6,45,26,37,-6,12,73,7,-6,24,8,46,-50,-10,1,48,-49,19,5,-33,15,56,-33,-9,27,-20,3,64,61,30,17,-30,18,4,-55,31,-44,7,10,11,-10,62,-22,-3,67,18,-19,16,-11,2,65,20,7,-28,-58,4,0,29,0,-16,27,3,12,44,11,39,73,-18,16,74,-56,7,-5,14,-45,52,-50,-16,-57,-4,-4,9,-10,-6,23,20,21,5,-18,4,15,4,27,19,34,36,-11,-38,-13,-1,35,81712
-100,-89,-29,0,0,30,-39,-1,0,100,63,41,52,5,1,100,-55,-45,-21,23,27,-63,0,34,20,60,-46,0,-4,47,-55,75,58,7,-4,100,-100,0,7,49,-98,68,12,10,-63,34,0,1,17,100,8,-7,61,-17,49,69,-15,-14,21,15,34,-96,44,25,51,0,-22,-28,-1,11,0,-11,5,58,70,100,7,100,0,100,-100,-58,51,49,9,-2,-23,-100,14,22,25,-100,94,-50,10,-78,11,-100,0,-36,0,5,100,-100,82,-48,-20,0,60,-100,0,52,12,-61,-53,-16,-32,51,100,-50,45,-46,0,-32,-69,86,-55,-41,100,-9,32,0,-61,28,-28,0,44,-95,-50,-68,-70,29,-44,-58,-34,62,17,43,-8,-1,-100,0,14,0,-22,1,87,-22,66,-100,29,-100,100,100,-23,-57,39,2,14,-51,95,-55,67,-100,26,100,0,100,0,-15,52,99,-9,0,0,80,64,13,6,0,0,-9,26,58,2,0,-50,88,-13,27,-73,0,-35,0,39,-19,21,-1,-61,-56,-100,21,10,-49,-70,7,-44,70,16,-46,19,-1,89,52,48,27,1,-100,-44,-41,-19,56,81746
-39,21,33,0,-11,-27,28,34,0,15,-18,58,35,-19,14,-25,-32,14,-1,-22,41,-28,-2,44,-23,26,-1,6,74,32,37,20,-44,41,30,-14,21,-21,-11,47,-30,28,29,6,-18,0,0,7,-13,-12,0,39,-17,-9,-42,21,-14,-9,39,42,47,-26,72,35,58,0,-35,-1,11,-19,0,0,-22,12,17,13,20,-8,15,-21,-41,-29,1,46,-19,-1,-40,-23,-1,-9,36,18,41,-36,-15,-66,10,-43,15,-38,7,46,31,9,15,-4,-20,0,9,27,0,16,21,62,38,-47,-34,-20,0,-33,4,-29,0,36,-62,0,-7,-52,-18,-20,-1,23,-13,-29,37,0,8,31,-8,-18,33,27,-2,-22,-5,-25,46,-2,2,36,-43,5,41,0,-18,39,-12,24,57,34,-29,19,-17,4,39,-52,-3,-48,-10,23,-8,-7,60,-13,2,0,39,-26,8,1,15,62,9,23,0,-60,38,4,43,0,-11,18,-2,25,39,3,33,42,-31,-11,65,-39,-18,0,-18,-19,46,-9,20,-21,10,-20,7,-21,-19,30,7,-3,16,-54,1,28,9,29,23,38,0,-35,-39,-2,-14,55,81776
-29,6,22,0,-10,11,-26,34,-27,0,-50,72,45,52,8,-12,-23,1,-24,3,24,31,-16,46,-10,26,-22,32,-59,29,-22,0,-3,-21,36,-24,-10,0,-3,2,-42,37,31,-11,-51,13,-26,-5,1,-27,-23,-33,-51,24,-2,-1,-22,1,40,73,42,-36,-39,25,0,-18,-67,-17,37,-10,-25,18,-59,11,39,1,5,-12,2,-28,-67,20,17,76,45,-21,-11,-38,-28,-23,16,-12,61,-36,-16,-42,-10,-65,4,-25,-5,27,-14,-28,49,28,1,-26,37,0,-19,1,33,73,-22,-39,-29,-2,58,-39,-14,-26,-11,12,-41,-5,-14,-55,5,-20,17,-4,-53,-15,6,-6,-10,22,-29,23,13,-13,27,-28,-15,-12,52,-3,-14,36,-33,-3,63,-7,4,35,-25,22,60,16,-17,-35,5,-7,60,-52,30,-54,-28,-16,-13,-29,57,-31,-10,58,43,-19,-4,24,6,66,-10,-5,-28,2,59,-31,24,0,-12,-3,-4,16,-32,33,-14,47,-17,3,-24,-40,-7,-6,-14,4,57,-8,30,-28,-17,-3,-7,-24,25,22,2,6,7,-45,-13,14,-24,46,-33,27,52,-24,-11,-7,-25,73,81813
-15,-67,62,0,-27,-57,25,6,0,1,-80,32,-6,83,10,-30,28,48,4,7,4,-62,50,49,-100,37,22,40,-8,58,31,3,-66,-2,4,-13,15,-1,4,-43,-29,46,8,0,0,-5,0,-8,-20,-9,22,9,-77,-6,-64,0,0,-8,48,39,47,-39,9,76,-32,0,-31,-48,43,-63,0,-26,-36,22,-2,-1,3,-50,3,4,-83,-52,-5,21,74,22,-32,-16,-11,-66,2,1,56,-20,-6,-36,22,-86,3,-87,43,-13,11,-51,8,46,-20,0,-39,21,0,40,9,79,28,-44,-79,25,0,-16,17,-18,0,-15,-26,-27,-62,-27,1,-30,-5,-4,20,-40,-7,0,0,-37,44,-67,65,15,36,10,-53,-10,41,-52,-13,11,-28,-17,35,0,-19,23,-38,62,51,-56,-35,-27,2,-56,80,-80,13,-66,-13,0,-13,28,54,-36,17,0,27,-34,-19,-30,32,35,-11,-5,0,-96,82,-55,-30,0,-32,-70,-32,64,10,39,30,57,-100,20,44,-37,3,0,49,-28,47,-64,-47,-13,-2,5,-8,12,-68,2,38,-26,6,-18,-12,1,-10,-6,-25,79,31,4,-19,-11,-6,30,81821
15,-4,46,-18,-26,-2,-3,-8,-46,-29,-40,43,5,-27,7,-22,-10,50,36,-35,-30,-52,21,13,41,-12,-1,9,38,35,-2,-8,-56,14,15,-47,29,-24,26,-30,37,-5,33,5,-13,1,-44,7,-50,-44,16,-3,-38,27,-43,-2,-4,7,0,6,18,29,54,46,-23,-34,-31,-23,29,-18,-43,14,1,7,-13,-35,33,66,24,11,-55,-11,-15,52,-51,13,-6,-18,-12,-39,-20,1,88,-35,-10,-44,19,-55,33,-10,9,-1,12,-41,13,-38,-8,-43,8,35,-36,43,42,87,16,-32,-37,21,89,-36,4,8,-42,13,-38,-19,-52,-32,-7,1,-9,47,-8,-7,2,-16,16,-47,-24,-49,66,-6,-46,-26,-18,-12,13,8,-24,-13,12,-40,6,-36,-3,48,-26,52,36,-51,-16,-31,-7,5,45,-68,24,-73,-14,2,-41,-28,51,-18,31,91,74,-31,-32,24,-9,48,-37,48,-46,12,44,-39,-28,-19,-19,-7,-23,57,17,8,16,89,56,22,47,-16,-22,-15,56,4,26,-1,16,-32,-3,-44,7,31,-56,23,57,-10,4,-7,5,20,-7,-9,-34,48,22,32,-11,-17,4,52,81965
12,-16,76,-23,-4,4,32,19,-44,-7,-66,76,3,82,23,0,55,30,48,8,-86,37,-5,30,20,66,-19,0,25,65,30,-34,-8,12,80,25,65,8,-54,6,6,64,-4,18,-70,1,-39,-3,-21,20,17,-6,-65,12,-1,-39,21,14,-54,7,39,-3,31,54,8,-28,-63,10,33,9,-40,-22,-48,55,30,-15,0,-57,35,13,-87,12,15,40,48,17,-32,0,55,-66,-88,17,90,-28,44,-17,24,-85,23,-30,10,89,-13,-23,46,67,-26,-43,-10,61,-30,-28,37,64,-8,-28,-27,26,82,-34,-16,20,-25,51,-19,-19,-61,-31,20,-15,4,3,-65,0,51,-22,27,20,79,39,23,38,76,-29,13,-8,48,29,-83,24,6,-21,19,-25,-7,9,-26,42,32,-23,10,16,21,25,57,-48,34,-41,53,-56,14,55,26,-25,48,84,6,-6,-22,-31,63,80,-83,0,-44,-24,62,-26,57,-24,-10,-23,-24,42,-7,-3,-30,83,21,25,-1,-21,62,-21,29,-14,54,12,-7,-26,17,0,-4,46,37,-4,31,12,20,-52,3,0,5,1,12,51,8,-2,-57,16,10,48,81987
6,-15,71,-2,-13,-18,57,46,-44,39,-47,60,18,-2,22,21,58,-19,14,-18,-30,-18,47,46,-19,26,-13,5,89,66,56,-11,-45,-25,65,27,44,-19,-30,25,5,31,22,35,-31,13,-49,7,7,25,4,-22,-46,0,-34,-15,33,9,-36,-7,44,-15,100,33,40,-5,10,-9,-1,-39,-49,-12,15,35,2,34,14,4,49,3,-80,-18,20,40,-11,0,-55,9,-8,-52,-41,10,95,-72,50,-57,29,-75,44,-45,18,51,-6,-3,17,-73,-35,-43,-26,47,-6,7,16,77,-23,-63,-47,-20,81,-71,-17,3,-19,52,-51,17,-50,-59,15,-6,11,82,-29,-51,60,-9,45,33,-10,-7,36,17,-65,-44,-16,-8,26,16,-47,54,-7,4,-5,-19,-2,34,-20,45,38,30,-44,0,18,-63,52,-59,28,-51,-9,14,14,-35,39,-26,23,82,36,13,0,-7,44,68,-35,82,-45,-15,52,-7,53,-2,-14,-23,15,45,-1,5,-30,98,-18,-15,31,-51,64,-8,23,-36,40,16,-16,-55,5,-24,8,50,-12,24,-31,-14,19,-61,-10,28,12,15,7,35,-18,-21,-62,-4,20,45,81988
-20,0,71,-20,-12,-41,74,0,-44,16,-55,73,1,23,14,-26,6,29,19,-3,-2,-37,-13,74,-27,50,29,1,16,69,72,-7,-55,21,42,18,67,-9,-31,58,-11,54,23,9,-37,-3,-44,0,-19,16,28,16,-52,-1,-51,-7,1,0,24,29,78,-18,32,66,65,-24,-40,-25,43,-26,-44,5,-33,35,32,10,22,-27,14,0,-75,-42,0,75,15,25,-50,-20,-6,-44,-5,6,80,-42,10,-43,12,-74,11,-38,-1,39,9,-21,43,40,-49,-45,-3,63,-26,44,25,72,4,-20,-39,1,71,-44,32,4,-29,36,-35,-8,-42,-34,-1,-18,-5,5,-20,-5,35,-28,16,58,85,-39,43,6,36,-39,-24,-10,26,6,-26,1,-22,-1,20,-26,-2,34,-34,44,58,49,-5,32,-2,-16,62,-64,8,-60,-2,12,-3,78,56,-35,22,72,19,-28,0,1,33,76,-26,5,-44,-88,65,-23,20,-20,-12,0,-11,44,17,-1,2,69,-18,-6,63,-6,14,-27,-2,-43,26,1,0,-36,8,-8,-1,17,-40,23,30,-5,13,-40,-1,22,-4,0,26,61,35,-19,-61,-1,-1,74,81989
-1,-11,31,0,-9,-13,32,-11,-22,50,-29,38,15,-69,11,-7,19,-14,0,22,7,-22,39,45,-52,9,46,19,34,32,23,-4,-39,-4,26,7,65,-14,-21,-16,8,20,6,19,-22,0,-22,1,-4,0,6,-22,-29,0,-36,-4,17,10,-9,-52,46,-8,51,29,-9,0,5,14,42,2,-22,-6,13,18,0,44,0,-25,19,35,-58,-12,0,21,-77,7,1,-4,18,-6,8,2,31,-54,41,-64,16,-61,7,-51,21,75,-35,27,0,29,-7,-26,4,67,0,8,10,58,15,-39,-42,-9,58,-58,37,-12,-25,10,-58,5,-8,-25,10,-8,-2,21,-4,-10,12,0,23,-10,48,-33,29,31,51,-80,7,-3,18,25,15,-11,-4,36,-61,-23,-5,10,-11,10,51,-24,-9,32,12,3,18,-51,9,-48,26,-5,50,34,46,-12,2,61,20,-12,32,-9,20,39,10,20,-23,-46,26,26,58,0,-11,-11,0,17,13,14,5,58,-50,-10,50,-29,51,0,17,0,21,20,2,-83,0,13,2,3,-35,1,-3,-2,9,-31,0,1,41,20,35,29,33,0,-22,-8,12,28,81990
-28,-5,23,0,-17,-5,57,23,-31,28,-16,73,35,17,18,-15,-3,26,-9,-21,18,-10,3,39,23,24,1,4,79,25,55,31,-35,4,47,-4,62,-30,-15,27,-24,22,8,8,-49,8,-33,9,0,-1,16,11,-17,19,-33,34,10,-35,10,41,44,-26,85,54,29,-15,-39,21,6,2,-32,-25,-17,38,34,25,9,-40,24,1,-32,-7,14,61,-4,14,-46,-33,6,-19,14,24,80,-31,5,-80,19,-31,15,-42,7,32,9,-8,45,24,-40,-34,-3,58,-15,23,25,80,9,-61,-45,16,65,-27,-1,-21,-15,56,-75,-17,-14,-50,-7,-13,5,4,-42,4,57,-1,10,37,6,8,29,11,26,34,16,-16,51,-26,4,22,-32,-29,43,-17,-41,21,-21,26,54,15,4,12,-4,15,66,-43,21,-40,5,-14,9,0,56,-21,0,65,19,-14,-24,-30,35,77,9,3,-32,-70,63,-15,20,0,-19,-13,-18,24,42,2,1,85,20,10,65,-42,4,0,27,-42,49,-30,2,40,21,-24,9,-3,5,11,21,12,18,-57,18,10,22,30,12,52,-3,4,-45,-1,12,64,81991
-15,12,34,0,0,-11,48,-6,-26,55,-16,48,0,2,14,8,6,-7,-14,-5,20,-2,-1,45,-17,-34,-9,13,56,25,56,16,-26,-14,36,0,16,-23,-18,37,-29,-36,23,18,-23,6,-27,8,6,-4,-10,-17,-16,-4,-24,16,9,-30,19,47,45,-37,70,17,40,-7,20,-43,-8,-10,-26,0,37,23,-4,53,15,3,7,-16,-41,-10,33,61,0,-7,-36,-20,-27,-18,16,0,11,-44,5,-67,20,-44,1,-41,-2,4,-26,0,-1,-46,-26,-17,37,27,-8,5,7,77,-21,-60,-40,-10,46,-43,-10,-24,-8,24,-54,21,-13,-58,9,-5,6,19,-19,-8,26,-4,18,13,-1,1,23,-1,-45,-5,-46,-16,13,-6,0,-3,-17,15,40,-8,-44,27,-19,19,20,0,-6,0,11,-4,42,-31,5,-27,-34,-20,5,-19,20,-21,-17,49,48,4,13,5,25,47,3,19,-27,-37,39,-4,-5,0,-4,6,18,17,9,10,-23,21,-18,-4,41,-56,12,-2,15,-24,20,-14,40,-15,-7,-7,8,-2,2,16,-9,12,14,-49,5,17,1,2,6,21,-10,-7,-42,-6,3,61,81992
-13,-28,29,0,-8,-11,20,38,-25,52,-17,70,43,-22,20,-8,-6,15,7,-28,-12,9,-3,15,-16,-13,17,25,30,32,18,25,-22,-24,18,-15,3,-4,2,38,-52,-16,5,-7,-73,-1,-23,18,12,-20,-7,-25,-18,-14,-19,25,-6,11,18,-13,14,-50,43,27,41,-7,-12,-29,1,-12,-23,-22,2,15,56,51,-2,1,17,-4,-34,-8,24,65,-29,-6,-27,-12,-31,-20,-18,-10,73,-26,14,-79,5,-32,10,-22,0,62,5,-16,65,-66,2,-27,41,10,-9,32,26,60,-55,-35,-23,-31,67,-27,18,-26,-5,15,-79,12,-19,-57,6,-10,-1,-2,-70,-9,13,0,-4,0,-64,3,23,1,-52,-61,-29,-17,25,17,-7,40,-14,-5,-18,-4,1,7,-12,14,34,-11,-10,-14,8,-34,71,-31,-8,-28,-30,4,-3,-78,31,-18,11,67,20,-14,-7,-19,16,68,-1,-3,-26,-36,72,-20,58,0,-13,-37,12,17,8,25,-54,70,-15,-28,31,-32,20,0,-1,3,31,16,47,-66,-13,-25,16,-20,5,-2,8,18,19,-50,3,3,-7,44,-8,27,0,-7,-28,0,-10,67,82001
-31,-13,0,-7,-12,1,18,44,-27,15,-34,57,54,52,1,-9,-30,16,-26,-12,35,4,-3,46,-59,-2,10,27,-5,-2,18,18,-13,-35,20,-17,-3,0,4,-27,-24,3,25,2,8,2,-26,-5,12,-21,-19,-31,-35,6,-10,17,-18,-16,29,65,44,-26,7,36,-22,-17,-38,-14,32,6,-26,8,-35,6,12,14,12,-3,7,-49,-46,7,40,49,45,-17,-30,-39,-34,20,28,-4,-34,-36,-32,-36,-13,-48,-1,-48,12,9,27,-16,13,-18,-26,-32,25,2,-17,49,29,57,-2,-61,-49,0,55,-34,10,-46,-15,-7,-34,7,28,-37,-18,-10,3,0,12,9,-3,-5,4,-12,0,-5,22,-10,5,-32,-20,-11,30,-31,-2,49,-38,10,62,-16,-25,29,-19,-7,58,-20,13,-13,-13,9,50,-44,16,-36,-40,-14,1,-9,56,-20,-21,58,34,-13,7,9,7,59,5,0,-28,-18,52,-23,0,-6,-16,-16,5,-9,14,26,-1,-32,-55,-1,25,-60,-21,-4,-8,-29,34,-37,26,-42,-7,-14,-5,-28,-5,15,8,16,0,-29,-26,15,-1,54,-10,36,31,-34,-28,-8,-24,51,82002
-29,-23,11,-5,-15,0,43,13,-45,53,-5,38,29,-25,16,9,-23,-15,-3,-23,3,8,23,29,-62,-54,-40,0,23,-4,47,30,-14,45,37,8,43,-34,5,18,-45,-64,7,2,15,-6,-46,21,-17,6,17,29,-7,17,-11,32,2,-4,0,-31,33,-35,29,55,28,-26,-9,12,24,21,-45,-19,4,18,-25,50,10,28,31,4,-19,5,9,37,-18,17,-19,-13,-15,0,-9,4,72,-34,0,-47,25,-20,23,-37,12,21,17,3,-19,9,-42,-49,-13,40,-27,32,-13,52,8,-76,-34,-5,76,-41,-21,-36,-41,55,-48,9,2,-36,3,-19,-6,6,18,0,47,-15,8,25,22,24,24,20,-12,-29,3,-12,26,-64,-10,14,-24,-17,-18,-37,0,15,0,14,37,14,-6,3,3,32,49,-7,13,-13,-8,13,17,18,40,2,-15,77,39,2,-10,-29,14,32,-1,4,-45,-31,49,0,31,-7,-17,-28,11,13,40,-1,2,76,-57,-7,61,-70,7,-15,7,-32,23,-67,-2,-14,3,-41,21,-40,26,8,-12,29,18,-50,11,5,11,25,3,50,15,6,-26,-11,4,39,82003
-10,39,16,-3,-9,-28,42,41,-30,0,-2,54,11,-23,15,-21,-10,38,-9,-7,19,-44,1,42,-31,74,25,8,30,16,48,28,-56,31,21,-32,41,-8,-2,90,-20,71,22,18,-45,-20,-28,18,21,-29,8,38,-2,-1,-52,30,-11,-37,39,56,45,-27,26,21,94,-26,-9,0,2,12,-27,0,0,23,64,0,5,-22,13,-27,-19,-31,-3,83,-26,6,-42,-36,-2,-47,14,21,46,-34,-28,-82,19,-22,9,-2,6,69,24,7,71,1,-10,-31,56,38,-26,56,46,80,3,-39,-4,21,50,-29,20,8,-12,4,-78,26,-45,-52,-28,-7,-23,4,-41,-12,7,-5,22,-6,-42,-46,54,14,3,-24,-1,-4,23,25,-1,44,-21,-14,50,-11,-42,24,-30,63,45,-7,-10,20,-25,21,43,-46,5,-39,-3,-29,-26,-47,48,-29,1,51,31,-21,-8,0,21,58,4,5,-30,-64,42,0,63,-3,-11,35,27,61,27,4,0,46,-34,20,55,-35,-24,-3,52,-14,25,26,61,-22,21,-11,18,28,-49,6,30,0,14,-52,0,12,-20,7,14,19,-7,29,-38,16,-12,87,82004
-10,-16,74,-26,-9,-66,2,-3,-42,-5,-48,9,-25,0,13,-18,-5,38,34,-7,3,-57,17,49,10,49,2,8,-4,76,10,-26,-62,16,6,-17,57,0,-4,65,-43,58,5,7,-58,6,-38,-9,-53,-19,-6,-7,-47,-17,-61,-21,-3,16,17,37,58,-42,16,50,62,-31,-17,-55,3,-47,-37,0,-38,59,64,-11,-1,-17,10,-5,-77,-60,-12,66,0,-1,19,-2,-13,-62,4,15,73,-18,19,-67,0,-76,2,-26,22,66,0,-8,67,63,0,-42,11,47,-31,0,13,52,-25,13,-28,58,69,-22,9,2,-21,4,-59,-4,-60,-12,5,-14,12,6,-49,-71,-5,-33,11,28,16,-56,42,3,47,-46,-52,-8,26,5,-32,-4,-6,-5,42,-19,17,5,-41,53,46,18,-70,37,1,-20,69,-60,-17,-66,-6,1,-19,6,44,-40,31,70,24,-21,-5,-2,45,2,-42,3,-41,-83,72,-4,54,-26,-13,-13,-6,53,-21,4,-23,65,11,57,12,22,22,-33,6,10,22,-3,10,-54,19,-11,-9,4,-53,-12,48,-34,14,-26,5,-10,-27,-24,23,54,4,12,7,5,-4,62,82005
2,17,89,0,-14,-23,15,45,-31,17,-41,92,14,-50,21,-7,44,-21,66,5,-31,-29,46,41,29,30,47,21,40,93,19,1,-23,4,56,5,37,-34,-64,64,-47,40,17,-4,-43,32,-30,5,-7,3,-1,2,-42,-33,-18,0,-4,-22,-10,10,41,-45,55,30,63,-5,-23,11,35,-36,-30,14,-16,32,36,14,13,-42,23,3,-61,-26,-2,79,-55,-1,1,28,13,-51,-30,9,100,-37,68,-62,-1,-61,22,-42,24,43,-27,-32,37,-8,-29,-36,-56,38,-5,-9,27,56,0,-40,-43,-17,58,-34,38,0,-19,32,-61,-17,-54,-46,-6,-13,28,40,-51,-18,33,-4,0,8,15,0,29,11,-1,1,5,-7,39,-17,-26,42,0,-19,6,-19,-32,22,-20,47,42,7,-19,2,-3,-44,59,-39,-31,-38,14,21,7,4,41,-21,69,61,27,-11,-16,13,39,93,-27,38,-32,-67,54,-31,31,0,-14,9,-17,49,7,23,-7,100,35,-17,36,-30,69,-4,-12,-29,41,-14,-52,3,6,1,6,5,-1,14,-22,-15,20,-52,-8,15,7,11,-2,32,27,-17,-6,-2,-5,76,82006
0,0,0,0,0,0,0,0,0,0,0,0,0,0,0,0,0,0,0,0,0,0,0,0,0,0,0,0,0,0,0,0,0,0,0,0,0,0,0,0,0,0,0,0,0,0,0,0,0,0,0,0,0,0,0,0,0,0,0,0,0,0,0,0,0,0,0,0,0,0,0,0,0,0,0,0,0,0,0,0,0,0,0,0,0,0,0,0,0,0,0,0,0,0,0,0,0,0,0,0,0,0,0,0,0,0,0,0,0,0,0,0,0,0,0,0,0,0,0,0,0,0,0,0,0,0,0,0,0,0,0,0,0,0,0,0,0,0,0,0,0,0,0,0,0,0,0,0,0,0,0,0,0,0,0,0,0,0,0,0,0,0,0,0,0,0,0,0,0,0,0,0,0,0,0,0,0,0,0,0,0,0,0,0,0,0,0,0,0,0,0,0,0,0,0,0,0,0,0,0,0,0,0,0,0,0,0,0,0,0,0,0,0,0,0,0,0,0,0,0,0,0,0,0,0,0,0,0,0,0,0,0,82091
-37,-10,44,-11,-17,-23,33,84,-40,24,-52,80,40,29,24,-8,-22,21,-30,-17,16,-2,-26,61,8,16,-5,22,4,37,34,20,-54,1,67,10,31,-20,-67,68,-69,12,41,11,-31,0,-40,8,-28,13,-19,13,-52,-26,-50,19,-27,-4,60,63,63,-77,28,61,82,-17,-34,-42,24,-31,-39,-9,-17,30,64,23,37,-23,11,-32,-75,-25,32,88,9,-22,-49,-44,-40,-60,8,5,79,-38,-16,-81,14,-77,9,-58,-6,35,-17,-24,64,21,-45,-43,12,36,-19,10,27,84,-5,-45,-66,0,69,-33,-10,-25,-16,49,-72,4,-51,-55,4,-27,1,16,-28,-1,54,-17,12,38,5,-6,35,-22,38,-33,-52,-13,34,-7,-39,88,-48,-11,51,-17,-18,58,-41,56,51,29,3,6,6,-12,84,-44,-10,-34,-45,-2,-27,-9,52,-39,-22,72,40,-10,-12,-8,13,88,-31,17,-39,-75,79,-28,29,-10,-19,-6,0,52,16,22,-11,84,15,-2,32,-40,-7,-17,3,-52,44,-19,16,-33,7,-16,7,4,-8,44,10,3,23,-47,-12,38,-27,39,5,60,15,-43,-41,2,-31,92,82104
-40,25,78,0,-14,-38,21,27,-34,10,-34,76,12,-59,9,-11,-21,-8,35,3,1,-5,21,32,-35,33,6,3,-2,71,23,-9,-41,-5,43,10,42,-8,-32,30,-58,31,14,-2,-50,9,-34,1,-8,12,-14,-2,-36,-33,-42,-10,-26,6,24,7,34,-59,9,38,28,-17,-57,36,9,-5,-33,27,-41,17,-22,8,11,-33,5,-6,-62,-35,-1,45,-53,-13,-46,-20,56,-7,1,17,88,-30,-14,-34,2,-63,2,-44,12,31,39,3,-10,-45,-41,-36,-48,47,-18,17,12,51,22,-17,-39,-1,60,-29,10,-39,-21,44,-29,10,-6,-35,4,-12,11,41,-39,-8,45,-21,-3,51,53,10,18,19,-23,-56,28,-14,44,-36,-25,27,-40,-4,3,-23,2,24,-23,12,35,56,-6,1,3,16,28,-39,-23,-34,57,24,0,50,35,-22,34,61,37,-13,-6,30,20,77,-26,40,-34,-74,25,-1,20,0,-10,25,6,15,28,3,22,91,-41,5,50,-8,-6,-19,-30,-44,42,-47,-53,-60,14,1,0,-33,12,16,-12,-4,9,-42,2,15,-4,15,4,38,7,-55,-42,-7,-31,51,82105
-18,12,51,0,-6,-77,68,-2,-34,-15,-30,52,-74,-4,16,3,17,7,7,-18,4,-84,0,47,-22,-17,-7,0,67,53,77,-6,-91,52,25,11,46,-36,-27,23,-64,-23,22,45,-3,-27,-33,2,-28,16,20,64,-32,-54,-91,-4,-8,-66,12,38,45,-73,86,36,32,-10,18,55,-24,-46,-32,-16,24,51,-45,-13,22,-43,18,37,-59,-80,-25,42,-13,17,-23,-6,12,-74,1,25,100,-44,-11,-43,51,-59,14,-76,5,70,-19,-34,-23,46,-40,-29,9,49,-11,38,16,57,2,-52,-72,15,50,-40,-8,17,-21,38,-37,-26,-73,-40,2,-7,-27,29,8,-43,40,-2,43,56,66,-71,77,49,61,54,54,-19,22,-53,-20,0,-22,-34,26,-20,-69,35,-43,87,2,61,-42,-2,2,-8,44,-44,-44,-39,9,47,-60,56,0,-36,19,51,11,9,-39,-19,56,54,-17,29,-34,-95,41,-32,69,0,-11,13,-28,88,10,-2,3,100,-31,13,69,-52,-4,-2,36,-50,20,-48,5,56,22,-9,2,31,-72,28,1,-30,16,-47,2,28,-64,-69,0,35,-37,13,-12,2,-11,55,82106
-22,3,23,0,-10,-41,71,61,-46,16,-29,45,8,-21,17,-12,0,28,-7,-16,9,-8,-14,46,-11,5,9,7,90,19,63,11,-43,29,47,5,42,-31,-42,35,-35,1,-8,28,-40,-25,-44,5,1,3,24,41,-29,4,-47,17,12,-24,29,-11,52,-39,100,36,41,-21,-9,-22,4,-11,-43,-22,0,40,16,14,-4,-27,31,-29,-46,-39,25,33,-37,24,-33,-42,-9,-40,4,15,81,-9,-19,-83,21,-47,22,-58,0,77,2,14,32,12,-32,-43,36,35,-23,17,17,81,41,-55,-66,5,71,-8,6,-10,-27,31,-67,0,-33,-56,-5,-14,-23,12,-14,1,32,-14,26,19,-13,-24,36,18,9,21,-20,-33,35,-8,-16,63,-27,-10,-20,-28,-35,1,-25,32,26,-19,4,14,-5,-5,44,-45,9,-43,0,-12,-15,-23,17,-22,-9,71,17,-8,-2,-32,31,43,-11,10,-46,-71,47,9,66,0,-13,0,-2,27,27,5,40,64,-8,-10,55,-39,-6,-13,21,-34,40,-8,40,23,19,-24,5,-4,-21,-19,24,7,16,-52,-8,-9,-29,16,1,36,-4,12,-36,6,6,37,82138
-35,-20,28,-26,-18,2,-5,50,-51,18,-39,52,39,71,16,-1,-30,56,-12,-23,64,3,-2,23,-24,61,2,27,-2,24,-11,15,-48,-18,30,5,-11,3,-27,16,-54,60,12,25,-36,-21,-47,7,15,5,-30,-20,-40,2,-47,15,-36,41,46,32,23,-60,3,43,15,-39,-58,-45,39,-7,-47,-33,-55,0,82,18,2,-18,-1,-48,-43,3,34,67,71,-31,-2,-46,-55,-45,61,-2,75,5,-8,-41,5,-43,-5,-26,11,36,30,-23,87,-27,6,-50,42,-9,-41,22,24,64,-29,-38,-26,-28,76,6,1,-9,-21,14,-39,-9,-45,-33,0,-12,-19,7,-31,-26,15,-29,25,1,-66,-4,30,-17,-27,-25,-45,-11,49,-1,-15,52,-37,-20,31,-22,34,16,-12,32,52,-4,-23,-17,0,0,73,-55,7,-51,-58,5,-20,-73,52,-13,-15,77,35,-4,-20,-36,-1,52,-12,6,-52,-21,75,-24,32,-27,-16,-20,-9,35,-10,25,-26,75,-24,-23,-6,-38,-6,-28,-7,6,51,-1,48,-25,-2,-20,6,0,-3,-6,54,-1,17,-31,-25,1,-18,39,-22,45,37,-17,-3,6,-35,70,82143
-15,-15,2,-6,-22,-14,73,9,-39,7,-37,60,0,9,15,-17,-17,15,-4,-26,29,-15,19,36,-62,26,29,11,41,2,72,24,-43,19,33,3,48,-19,-22,28,-10,25,-3,17,-7,-13,-35,4,6,1,19,15,-38,22,-43,21,4,10,18,31,35,-23,60,49,30,-12,-1,36,9,12,-35,-7,-7,16,5,4,-5,-15,27,3,-58,-10,-10,48,-7,18,-63,-40,-23,-33,30,26,73,-24,-18,-41,13,-55,19,-48,16,62,24,-24,11,13,-54,-43,56,52,-12,56,16,62,3,-45,-49,20,73,-25,32,-14,-31,30,-38,-6,-28,-35,-12,-17,-12,40,0,15,27,-14,19,61,26,-25,26,21,13,-40,37,-10,25,-52,-10,10,-18,-46,33,-30,2,5,-24,41,57,52,13,6,-11,41,65,-37,25,-38,-28,12,-14,4,56,-23,-2,75,25,-16,-44,-8,14,56,-15,39,-39,-67,67,-28,63,-6,-24,-22,-6,37,33,11,-2,75,-58,19,54,-40,-11,-13,47,-51,27,-54,54,-49,27,-24,3,-3,-24,-3,18,7,14,-31,2,-5,-20,4,2,50,8,46,-69,2,1,47,82154
25,12,77,0,-3,-82,39,40,-29,21,-42,24,-45,-38,24,3,47,47,47,7,-12,-45,2,25,11,19,-6,7,76,82,38,-12,-58,2,28,1,19,-9,8,51,-42,17,19,32,-43,-15,-25,6,15,1,27,15,-39,3,-51,-11,17,9,28,16,23,-51,96,27,53,-18,-35,-49,-4,-75,-25,0,-36,24,39,21,14,-16,32,4,-54,-86,1,72,-35,24,-6,38,16,-85,-18,1,46,4,24,-73,19,-58,38,-21,4,59,-32,-16,57,-20,19,-22,51,40,-18,12,21,70,-19,-8,-27,1,66,11,-14,11,-6,26,-64,-2,-78,-78,22,-24,-21,32,-43,-78,30,-6,36,-4,-35,-27,47,26,-15,-14,-50,-29,41,20,-22,42,15,4,12,-5,6,28,-22,68,7,-5,-75,-4,28,-77,53,-60,14,-55,-6,32,-20,-37,10,-26,57,67,23,0,5,1,26,32,-15,30,-30,-86,58,-9,45,0,-5,4,-2,60,2,8,-20,58,12,4,29,-6,24,-6,39,15,47,24,56,-7,-3,8,7,28,-32,12,39,-24,20,-52,26,20,-20,-47,-2,31,-7,25,-5,13,12,73,82157
-35,-2,35,-3,-11,-25,25,51,-40,2,-26,63,2,11,22,-10,-37,21,0,-8,7,-45,-2,39,25,37,13,9,17,40,29,12,-56,73,17,-7,57,-5,-18,40,-67,35,11,7,-30,-13,-40,16,5,-1,-14,81,-26,-38,-52,9,-39,16,39,28,43,-62,27,55,38,-26,-23,13,13,-7,-39,0,-15,43,24,0,1,-33,11,-14,-54,-30,-8,71,11,-16,-9,-38,19,-32,2,25,81,-38,-31,-55,11,-52,7,-30,8,49,28,-11,28,69,-4,-42,-2,58,-27,26,17,51,-1,-14,-30,24,75,-34,10,-7,-30,36,-52,-7,-34,-37,-9,-16,-17,4,-26,-14,38,-24,10,31,37,-37,49,34,72,-13,13,-4,36,-4,-18,49,-40,-23,27,-28,12,19,-28,45,50,30,-15,17,-7,40,55,-32,-40,-30,19,0,-50,30,54,-26,6,75,36,-12,-23,0,43,65,-13,4,-41,-65,63,-13,43,-4,-13,-5,-7,45,14,7,-5,86,21,17,37,-10,-35,-24,13,-9,36,-9,4,-21,23,-3,15,0,-40,6,15,-5,21,-40,-5,3,-37,-4,19,52,12,6,-3,1,-35,74,82185
-6,-41,48,0,-17,-16,30,24,-25,56,-37,63,9,-26,12,-29,9,37,34,-15,-14,-1,11,33,-2,15,23,8,12,40,30,-5,-34,51,62,5,55,-11,-29,4,3,10,-8,9,-34,-14,-20,1,-15,5,51,40,-39,16,-29,0,28,-9,-11,-34,35,-5,35,37,10,-4,-69,4,2,17,-20,-22,-56,12,-16,48,4,-38,23,31,-41,-19,1,35,-39,48,-42,-30,20,-44,-13,24,85,-14,15,-43,35,-40,18,-26,22,45,5,-6,-14,74,-42,-31,7,45,-5,39,41,81,5,-42,-27,15,70,-16,21,-4,-16,54,-32,-23,-47,-26,0,-13,-16,16,-29,39,52,-1,20,34,38,7,30,29,75,-34,-2,-12,28,10,2,24,-9,-36,-40,-16,-5,6,-24,35,32,23,41,13,2,34,40,-46,24,-44,31,-1,1,38,32,-22,28,69,7,-35,-34,-25,16,65,0,16,-25,-58,39,-9,41,0,-21,-49,-24,40,34,6,8,88,0,4,72,-17,22,0,36,-33,25,17,17,-40,23,-11,0,15,4,-6,39,11,12,-37,6,-2,3,6,9,34,2,13,-62,13,24,39,82190
-37,9,40,-3,-17,-62,29,21,-41,-8,-34,44,-26,79,17,-22,-13,43,-5,-13,58,-70,-14,62,17,14,34,10,39,37,37,24,-68,28,18,-7,30,-16,-21,25,-58,19,5,28,11,-19,-43,7,-13,-1,-5,39,-32,-23,-71,22,-25,-27,60,30,65,-63,51,54,25,-24,-50,14,11,-36,-42,-5,-43,38,20,-6,-8,-9,15,0,-55,-57,-28,65,80,-4,7,-36,-30,-32,57,10,75,-7,-48,-48,26,-54,11,-51,1,55,23,-26,25,73,-3,-41,27,36,-25,35,22,84,18,-60,-49,30,79,-3,27,-14,-32,19,-43,-14,-22,-56,-14,-16,-15,-8,14,-55,24,-15,24,51,40,-62,65,30,61,28,18,-16,43,-48,1,23,-41,-16,37,-32,-30,10,-26,52,63,38,-45,-2,-13,6,61,-64,-13,-57,-27,1,-33,32,57,-26,-4,80,40,-16,-16,-7,37,43,1,-10,-41,-95,63,-25,55,-3,-17,7,-15,45,27,11,6,74,23,23,52,-62,-37,-15,27,-11,46,-47,21,20,12,-4,9,-6,-62,-7,41,-22,16,-55,0,-1,-44,-18,-3,54,10,16,11,0,-31,62,82191
-37,-27,-21,0,-12,13,29,54,-24,41,-23,75,44,6,19,-19,-31,29,-40,-18,32,15,1,26,15,62,17,7,19,-24,37,26,5,-10,30,-8,25,-17,0,27,-35,53,-1,-12,4,-3,-19,6,4,-7,14,-4,-26,-1,7,28,-10,-18,31,30,26,-49,26,26,31,-6,-2,18,-6,27,-18,-14,0,21,30,39,11,-5,19,-16,-21,13,19,23,1,9,-52,-44,4,3,32,24,80,-5,-25,-41,0,-22,18,-37,13,63,2,-3,48,-5,-25,-26,53,29,-7,39,15,55,27,-46,-40,19,58,-2,18,-46,-6,19,-31,11,15,-28,7,-9,-5,11,8,48,18,-1,-13,10,4,28,5,0,0,-22,18,-23,18,-7,9,58,-45,-9,26,-7,-22,18,-19,4,37,7,48,14,9,4,20,-18,6,-16,1,-50,-5,-8,40,-15,-32,59,14,-18,-11,-21,15,80,3,10,-25,-56,18,-7,55,0,-12,-23,12,-3,29,5,25,87,22,18,42,-41,-20,-1,-6,-27,19,-4,51,-24,24,-21,5,-23,29,14,28,18,19,-23,-2,17,-5,45,15,25,-13,-33,-47,8,-14,24,82199
-20,-9,14,0,-8,-18,65,14,-30,31,-16,55,21,21,16,0,-10,9,-5,-28,28,3,4,52,33,-18,-20,7,59,5,65,25,-36,16,38,3,36,-22,-10,18,-15,-13,10,16,-21,-5,-31,10,9,0,1,2,-13,6,-32,33,11,-10,26,40,52,-34,79,26,25,-5,29,13,-13,0,-31,-2,27,26,33,27,0,10,15,6,-37,-14,-6,30,9,0,-33,-32,-9,-27,25,11,63,-42,1,-78,23,-43,5,-73,8,59,13,15,48,33,-25,-28,25,36,-7,30,17,64,-4,-53,-73,9,57,-45,-19,-15,-7,39,-69,16,-24,-33,1,-7,-4,43,-7,-6,41,0,19,-18,-25,3,26,29,22,-20,9,-5,34,-16,1,19,-28,20,28,-5,-25,15,-20,32,44,-32,-2,26,2,18,41,-44,24,-39,-9,-9,7,-50,43,-21,-4,60,17,-3,16,-1,27,58,-2,41,-30,-43,40,12,49,0,-15,-12,10,36,35,3,2,66,27,16,58,-41,11,0,26,-18,37,-25,22,-40,7,-25,12,12,1,8,13,10,14,-41,13,12,9,23,29,31,-14,-4,-45,2,4,32,82202
9,-13,41,-15,-11,-83,10,-43,-39,3,-61,34,-58,19,26,-19,33,20,21,-24,-41,-83,24,58,5,0,22,22,-38,36,13,-10,-66,-3,10,-17,36,-12,-21,79,-77,9,26,14,-42,-14,-31,-5,-20,-19,-21,2,-63,-44,-59,-6,-36,-11,34,41,56,-86,-8,44,78,-28,-30,-99,45,-61,-30,13,-27,53,87,1,0,11,11,-43,-94,-81,19,79,3,-25,-39,1,-26,-91,-48,26,74,-37,-8,-87,11,-91,13,18,23,81,-18,-14,97,22,-2,-38,33,41,-29,27,59,78,-10,-51,20,-8,63,-35,22,2,-21,-16,-81,11,-82,-38,-8,-22,-17,12,-33,-74,-11,-24,22,-39,-32,-76,27,23,40,-75,-99,-28,24,36,-40,-40,-1,-4,31,-17,-23,21,-32,40,24,-52,-70,12,-4,-71,82,-50,-26,-39,-27,13,-52,-56,27,-35,21,65,27,-26,-6,10,62,38,-37,7,-40,-100,82,-17,72,-15,-9,-17,8,32,-21,23,-4,71,-5,-1,17,-43,0,-23,39,-1,26,30,40,-88,20,-30,-3,28,-79,0,13,-7,24,-40,-7,11,-51,-61,13,47,51,9,-40,35,-44,78,82203
-32,-11,-16,0,-12,-10,74,8,-25,35,-1,74,6,18,32,-11,-12,13,-34,-25,7,-4,-36,48,-4,33,-23,-6,-23,-21,77,44,-32,76,52,-12,84,-13,-29,62,-55,37,0,2,-39,-2,-27,31,17,-9,10,73,-2,-18,-30,52,7,-3,3,17,52,-69,-5,78,74,-5,-52,56,32,-2,-26,15,-58,48,31,32,1,-68,45,46,-5,-11,-23,81,14,10,-42,-38,-5,-39,7,22,81,-51,8,-83,46,-6,27,-22,-10,77,-14,-2,37,79,-38,-27,37,71,-5,30,14,72,-22,-51,-27,25,64,-51,-25,-20,-17,61,-82,1,-37,-13,5,-14,-3,-19,-32,0,63,0,5,66,9,-2,44,74,89,-60,50,-9,40,28,-14,9,-34,-21,18,-16,-12,10,-5,62,44,61,6,34,8,31,84,-23,-16,-25,-9,-63,-11,3,44,-4,-39,67,7,-10,-19,3,44,75,-13,-19,-26,-63,88,-3,61,0,-17,-8,-2,62,52,-11,-13,83,0,5,76,-35,5,0,46,-34,34,17,43,-78,25,-33,31,3,-5,-6,17,30,32,-27,17,-5,0,6,29,76,27,32,-54,8,10,89,82208
-4,2,68,0,-16,-35,43,53,-31,15,-66,75,15,58,14,-29,16,9,24,-15,-27,-24,8,59,10,58,13,13,-17,64,50,-8,-49,5,52,0,50,-36,-39,48,-24,65,23,10,9,5,-30,-10,-32,1,16,6,-67,-5,-44,-8,-1,-51,12,45,62,-31,5,44,47,-14,-16,11,28,-20,-30,5,0,49,53,12,22,-11,9,-3,-86,-39,7,83,52,13,-45,-18,-5,-49,-27,19,98,-41,15,-40,14,-87,9,-58,5,52,-5,-40,63,36,-32,-33,5,55,-14,22,31,72,1,-53,-55,36,64,-38,9,0,-16,29,-37,-6,-48,-35,5,-15,1,29,10,-19,31,-8,14,62,57,-18,37,10,50,-30,7,-13,31,-18,-36,54,-10,-18,39,-13,-61,33,-63,47,46,51,-19,4,5,-14,61,-63,5,-57,-8,16,-17,46,49,-65,30,66,32,-33,-19,5,48,80,-35,30,-31,-76,55,-41,43,0,-17,1,-9,49,0,12,-1,94,9,44,37,-48,17,-7,16,-34,32,-12,8,-38,14,-12,-11,22,-20,20,5,-12,13,-39,-5,20,-9,12,7,46,21,-13,-47,10,-2,86,82209
-14,-16,78,-16,-18,-47,34,44,-54,0,-56,65,26,39,6,-15,-28,21,40,20,16,-4,22,52,-40,38,6,19,3,67,32,-18,-39,3,30,-13,31,-16,-3,9,-33,38,14,-4,-27,-2,-56,-4,-11,-22,0,-15,-56,-9,-33,-15,-11,1,18,68,54,-54,13,61,18,-30,-41,-8,40,-43,-56,15,-30,41,20,-7,13,-19,-7,-21,-74,-38,3,64,28,1,-5,-4,-39,-36,12,-10,8,-27,2,-37,-18,-71,-13,-40,19,4,33,-34,32,-74,6,-57,23,20,-30,18,17,58,-11,-45,-34,9,86,-31,11,-51,-36,3,-30,-29,-30,-17,4,-30,0,-1,-17,-50,0,-29,3,62,35,-12,32,-24,-68,-7,5,-17,43,10,-45,51,-22,-10,65,-35,-7,23,-33,30,68,34,-42,-13,5,-19,69,-65,19,-55,-32,28,-9,20,62,-40,41,87,57,-23,-13,16,40,64,-45,-2,-54,-47,74,-44,15,-16,-25,-22,-32,31,2,15,-10,9,-35,-9,29,-33,21,-28,-6,16,45,1,23,-11,-11,13,-5,-6,-14,11,25,-5,7,-36,-9,8,-18,33,-13,57,41,-58,-25,-11,-25,60,82253
-7,8,12,0,-12,7,24,34,0,-5,-19,46,0,49,5,-24,-12,45,-9,10,-3,-5,-34,9,19,30,9,23,10,8,28,0,-38,10,19,-10,2,-13,13,16,-28,35,12,5,-30,-27,0,4,6,-13,12,12,-20,15,-37,0,-3,2,41,24,4,-31,17,31,16,0,-23,0,14,5,0,18,-22,27,40,-9,2,-15,2,-23,-39,7,14,86,51,16,-17,-60,-7,-47,-7,2,21,21,-34,-2,11,-38,-1,-7,-8,11,45,-12,32,22,16,0,45,10,0,49,37,71,-11,-20,-5,25,0,23,9,-7,0,0,0,-9,-44,-29,4,-16,-28,39,-25,20,4,0,7,26,31,-16,42,1,32,10,5,1,22,-6,-10,44,-13,-15,16,0,-2,10,-14,44,36,30,31,-16,5,24,69,-35,27,-26,-10,-30,-50,20,30,-19,-9,0,44,-28,-24,25,30,46,-10,39,0,8,70,-18,1,0,-11,10,-14,44,-5,22,-3,23,17,33,3,-28,-24,0,49,16,25,-15,47,0,1,16,4,4,-17,2,41,5,4,-20,-10,-1,-54,2,-10,34,22,28,-20,7,-9,84,140233
-46,-33,4,-56,-22,-1,2,68,-73,38,-50,68,21,78,7,-24,-49,52,-45,-17,44,-35,22,58,16,44,13,22,-10,9,4,17,-42,21,31,-21,8,-18,-37,23,-31,47,38,7,40,-4,-75,-6,-26,-15,17,44,-48,-5,-36,22,-22,12,80,74,52,-28,-15,66,27,-62,-87,-11,56,-45,-75,-22,-74,26,73,38,37,37,-26,-32,-55,-7,9,66,88,12,-61,-76,-65,-21,42,13,82,-8,-51,-48,11,-58,-11,-51,28,-36,52,-47,56,-33,-29,-75,37,19,-63,21,11,92,13,-76,-54,-12,86,3,3,-29,-59,14,-28,-12,-34,-29,-2,-30,-10,-4,50,24,20,-40,15,66,-5,-12,34,-12,-7,-6,-12,-3,34,-46,25,74,-58,-21,60,-59,13,55,-23,30,55,58,24,-24,3,12,80,-54,15,-36,-72,-57,-34,-12,61,-27,-25,85,49,-28,-29,-11,30,78,31,-4,-73,-58,75,-51,-30,-54,-20,-30,-17,44,9,26,36,74,5,1,31,-71,-48,-38,53,-47,39,-57,34,-22,3,-18,-5,0,-16,42,32,-14,6,-8,-22,32,-21,14,-14,71,53,4,-39,-9,-27,78,183624
-51,3,9,0,-23,-56,26,48,0,14,-39,43,10,67,-1,-19,-40,63,-27,49,94,-48,1,78,-27,55,28,23,-52,9,33,7,-78,27,25,-7,27,-15,-24,-44,-68,66,31,24,56,-30,0,-6,-14,-8,-8,29,-36,-27,-73,6,-35,-45,82,22,77,-70,-29,52,-40,0,-37,-10,29,-19,0,-9,-5,13,55,11,20,9,-5,-43,-60,-55,10,6,30,-10,-10,-52,-19,5,85,13,83,5,-57,-15,8,-61,-1,-82,6,10,29,-13,67,-14,-35,0,35,33,0,60,25,78,54,-44,-90,60,0,7,29,-47,0,5,-2,-14,13,-2,-12,-11,-32,21,63,-5,9,0,29,74,77,-51,51,-12,-33,-10,-2,-7,18,-24,0,52,-56,17,26,0,-65,39,-52,22,56,68,1,14,-11,20,29,-62,-15,-52,-14,-9,-43,33,54,-57,-23,0,64,-21,20,0,20,45,10,21,0,-73,28,-20,18,0,-26,-8,-14,20,44,24,44,72,-14,51,58,-41,-52,0,-23,-36,33,-29,42,11,10,45,-7,-35,-55,20,57,-19,-1,-7,-22,12,-42,8,11,49,19,-46,-12,-6,-41,2,201482
-38,-5,64,-15,-18,-42,51,49,-44,-7,-44,77,4,27,17,-32,-2,16,19,-36,14,-39,6,52,-3,21,15,8,45,69,49,6,-53,0,40,7,41,-21,-31,48,-18,25,0,10,-10,-4,-43,4,-15,2,7,-1,-42,-13,-55,8,-18,9,21,32,53,-20,71,68,46,-17,-20,14,27,-40,-43,-2,-33,32,8,-8,-8,-10,6,-16,-61,-32,24,86,26,7,-39,-34,-12,-21,8,13,75,-28,-38,-50,14,-59,3,-41,5,-8,37,-43,19,34,-47,-44,-26,39,-18,49,35,79,23,-20,-47,36,78,-28,14,-11,-27,37,-43,-31,-20,-34,-20,-14,-1,16,4,-2,39,-23,9,48,26,-17,45,2,26,44,22,-12,42,-55,-24,52,-40,-44,29,-27,2,9,-43,21,58,36,3,-4,-19,-18,76,-55,0,-48,-12,34,-17,17,47,-41,27,80,36,-27,-44,-7,34,72,-19,14,-44,-63,78,-44,-6,-16,-17,-9,-34,24,20,9,32,69,-3,28,50,-8,-29,-21,5,-49,39,-61,-27,27,15,-39,2,-8,-15,-4,15,-3,13,-37,-10,-7,-33,12,-11,68,31,-2,-45,-3,-26,86,215202
-26,-4,62,0,-15,-52,40,12,-33,13,-33,43,0,38,15,-19,5,15,16,-16,20,-24,8,60,-21,-2,0,3,54,47,48,26,-71,30,53,34,67,-36,-45,42,-12,-18,30,20,32,-20,-32,12,-19,45,45,42,-32,-1,-61,27,4,22,16,-4,68,-29,50,77,51,-6,0,11,28,-28,-32,-22,30,20,-2,5,37,-11,24,17,-46,-69,-7,25,31,41,-50,-31,-32,-31,21,2,97,-52,10,-25,44,-49,10,-41,8,8,23,-3,23,16,-63,-35,-39,59,-8,35,12,78,40,-52,-41,0,79,-45,-4,-33,-35,56,-18,12,-27,-16,-14,-8,-34,22,37,-3,57,-7,25,53,67,-37,50,40,9,-49,-5,-13,25,-46,-13,14,-38,-17,-2,-31,18,54,4,48,35,40,-8,14,-13,8,58,-56,3,-50,-30,25,-18,66,52,5,21,80,21,-22,-15,-24,20,56,-12,23,-34,-87,55,-11,4,0,-16,-6,10,44,48,-4,27,98,-14,-4,90,-40,2,-6,58,-63,29,-44,-29,-43,3,-26,12,13,-48,50,10,9,18,-36,6,41,25,-14,11,72,14,-4,-46,-10,15,27,215228
-11,-22,38,-19,0,0,35,0,-37,-15,-13,48,34,-9,12,7,-4,0,29,-36,-28,47,-5,9,-1,-14,-16,8,-1,22,43,-28,19,-3,41,16,7,-6,-11,-25,4,-10,22,0,-39,0,-36,-3,-14,14,5,-2,-11,15,25,-22,-13,0,-37,-16,5,5,14,-2,-27,-26,44,-13,-21,37,-36,-6,43,29,16,-16,9,14,8,-14,-43,2,34,23,-9,6,20,-17,-3,-24,-29,4,-12,-64,21,-20,13,-46,4,-34,-3,18,-8,-9,-5,28,11,-32,-27,11,-28,-54,18,56,-24,-38,-32,-30,78,-63,-23,-13,-24,20,-6,0,-20,-35,14,-10,-2,13,-23,-21,23,-28,1,-17,33,36,13,24,37,21,-10,-2,31,-3,-50,2,-18,5,-26,-23,-7,28,-27,10,40,-20,-21,-12,16,27,25,-60,27,-52,-5,30,-21,25,41,-33,27,81,42,0,1,-13,27,49,-52,14,-37,0,23,-8,19,-19,0,-20,-1,6,-58,7,-7,-16,-3,-29,-44,-29,30,-28,43,13,36,-3,-29,3,0,-40,-2,9,31,22,-3,25,13,-27,-3,15,-14,26,-13,1,-11,-2,22,-15,-15,17,216778
-13,6,71,0,-20,-92,-5,73,0,4,-67,42,-25,94,22,-16,-1,45,0,23,21,-87,-1,57,12,8,32,17,-1,78,-3,13,-85,19,11,-20,-13,-23,-44,79,-65,31,20,41,4,-38,0,5,-15,-18,-2,41,-67,-17,-83,14,-31,3,81,85,47,-51,20,60,71,0,-63,-62,5,-83,0,11,-54,34,90,3,8,29,-6,-20,-86,-92,-11,79,78,1,-15,-27,-65,-69,15,0,100,-14,-39,-45,20,-85,3,-78,-6,65,3,-46,93,-14,10,0,46,7,0,36,22,86,-9,-62,-78,32,0,-5,16,30,0,-9,-28,-4,-61,-71,-5,-26,-44,-5,16,-73,0,0,43,-27,13,-80,70,-4,2,-25,-62,-18,52,-38,-23,73,-16,-15,80,0,-9,26,-36,71,52,-47,-66,-27,-1,-51,82,-71,-16,-65,-71,-17,-69,-14,52,-39,5,0,38,-17,-21,7,41,44,-17,-7,0,-100,86,-45,55,0,-20,-1,-4,66,-5,24,1,100,2,34,27,-52,-40,0,30,0,62,-40,52,-36,-9,28,7,27,-83,-7,33,-46,18,-45,-19,-4,-63,-32,-12,63,9,28,-3,8,-28,81,219339
-26,22,25,0,-6,-50,-23,7,0,-20,-12,25,-27,40,2,-5,-6,31,9,8,29,-65,28,18,18,35,1,0,37,33,-20,0,-67,18,0,-10,31,13,0,-17,-46,39,18,31,-13,-27,0,7,4,-11,-8,16,-10,-9,-72,1,-17,-26,40,50,17,-30,51,33,-17,0,14,-7,-7,-22,0,3,1,15,4,-19,4,-8,-19,-23,-36,-49,-5,82,44,-4,10,-41,-11,-28,32,11,-12,-16,-21,-22,25,-38,-16,-37,11,28,43,-18,3,-5,-11,0,29,39,0,44,33,66,-23,-47,-43,29,0,-17,2,11,0,-10,-19,-18,-36,-21,-16,-10,-25,21,-4,-26,-12,0,30,60,28,-73,54,18,-2,14,0,13,16,-29,-9,4,-18,-17,52,0,-19,18,-26,46,25,57,-28,-7,-18,15,33,-52,-24,-60,-19,1,-58,36,27,-30,9,0,48,-5,-15,2,10,17,-14,22,0,-31,37,-16,49,0,-6,18,-20,50,5,2,-9,-16,18,32,29,-44,-26,0,6,-11,15,-26,24,1,6,8,10,-7,-71,15,32,-18,0,-3,-21,10,-58,-25,-1,41,6,29,13,-2,-10,77,219576
-23,12,52,0,-15,1,-2,35,0,38,-40,74,46,5,8,-22,-1,-5,18,-20,5,19,2,52,1,40,40,14,19,52,3,0,-14,-31,45,-9,50,-20,-8,4,-15,42,1,0,-5,10,0,-3,-3,-8,6,-25,-36,10,-14,3,0,-29,-6,50,56,-25,19,37,13,0,-9,-12,11,21,0,-18,4,25,-52,36,2,14,1,-22,-44,2,36,55,3,4,-21,-18,16,10,-1,15,40,-28,13,-34,-1,-47,-4,-38,2,11,19,-13,-44,-17,-16,0,-14,56,0,15,25,74,27,-60,-35,31,0,-25,40,-60,0,35,-30,-10,12,-32,-4,-15,9,12,0,38,37,0,0,67,32,27,5,23,2,-13,-8,-12,28,10,-11,38,-28,-4,57,0,-31,14,-31,-1,33,65,38,-2,-4,-21,25,-45,20,-39,20,6,12,31,31,-35,28,0,40,-21,-4,-20,28,76,0,14,0,-30,26,-14,1,0,-17,6,-13,-2,23,10,25,21,-2,30,46,-51,18,0,-30,-18,30,7,-9,-2,10,-19,-4,-43,27,3,-13,25,6,-36,0,3,14,50,6,36,1,-52,-21,-11,-3,60,225591
-57,-63,2,0,-27,-21,10,69,0,55,-80,75,27,100,2,-13,-61,10,-56,-6,62,-22,12,66,-85,40,32,-4,-36,9,5,-9,-60,-5,51,10,57,-25,-54,-32,-42,33,6,30,69,-29,0,-10,-38,13,-1,10,-78,-25,-60,-16,-26,12,37,21,65,-52,-2,73,-20,0,19,12,55,1,0,-13,19,58,52,56,11,-10,0,-33,-93,-23,34,54,98,-1,-72,-87,-11,15,50,12,87,-15,-49,-3,16,-90,-5,-98,12,-4,17,-40,66,20,-57,0,24,71,0,27,5,78,5,-35,-100,7,0,-10,24,-34,0,32,15,-22,14,-10,-9,2,-29,-6,85,33,41,0,31,48,77,-26,32,7,13,-28,10,-7,25,-58,9,73,-65,-14,19,0,16,22,-54,13,47,52,39,-1,-4,46,62,-44,-8,-32,-15,-70,-37,55,44,-60,-45,0,46,-12,-21,-8,54,80,25,-8,0,-58,65,-39,11,0,-29,-67,-33,15,25,-5,1,96,-81,12,52,-44,-45,0,-35,-70,32,-73,31,-70,7,-15,-11,-13,-27,12,-4,-9,-2,-7,-31,5,-44,34,13,79,55,-56,-65,-12,-31,56,231474
-48,41,30,-36,-9,-46,68,-22,-54,-21,-18,35,-45,-12,10,-14,11,63,-23,20,58,-46,3,55,4,-23,32,6,62,24,64,20,-76,-26,30,24,30,-20,-46,14,-24,-8,31,34,11,-20,-54,5,-1,25,5,-20,-16,-16,-74,23,-17,-45,67,39,52,-43,78,49,19,-27,-20,-24,42,-27,-52,13,-34,10,-66,-22,19,13,-15,-4,-20,-45,-20,85,-10,2,-40,-72,-33,-45,49,5,14,-21,-30,-54,37,-18,-15,-61,1,13,42,-12,-66,0,-70,-49,5,36,-27,58,40,89,20,-65,-58,9,63,-16,26,-17,-40,-10,-47,-1,-32,-52,-42,-17,-20,33,25,-9,-4,-35,33,4,10,-54,54,8,19,6,-24,4,52,-45,23,-16,-57,-10,43,-40,-39,42,-6,52,45,5,-3,-23,-40,-51,58,-68,1,-61,-35,-13,-17,0,42,-6,-22,63,47,-12,-14,9,14,39,33,32,-54,-87,55,-13,4,-37,-9,34,-3,45,33,4,27,21,5,18,66,-63,-24,-34,51,-72,54,-52,9,0,0,10,3,12,-56,31,58,-13,7,-60,-18,24,-24,-40,-17,54,51,17,-45,-10,-26,81,232765
-40,39,38,0,-13,-30,26,72,0,-22,-35,72,2,39,31,-42,-33,52,5,-2,2,-49,-2,41,15,91,19,8,77,35,37,-28,-54,20,19,-19,33,-31,-24,96,-51,87,7,12,-52,-30,0,1,3,-14,28,29,-35,-2,-49,-19,-26,-2,60,75,49,-58,73,31,94,0,-68,11,4,-37,0,-9,-47,29,94,-25,4,-29,20,-37,-74,-31,12,74,14,24,-42,-49,52,-45,-1,19,90,-4,-47,-45,2,-77,12,-49,1,76,42,21,100,67,-5,0,46,22,0,33,44,68,31,41,-40,85,0,2,17,-13,0,-1,-42,-2,-35,-68,-12,-16,-34,0,-31,-37,-1,0,15,34,58,-58,52,26,79,14,17,-34,67,-4,-15,71,-48,-1,68,0,-25,18,-61,47,68,35,-38,33,-8,8,29,-76,7,-68,56,30,-52,49,73,-62,7,0,23,-42,1,-17,27,76,-12,0,0,-73,30,15,77,0,-16,41,-3,39,5,3,37,92,4,82,39,52,-45,0,37,-9,68,-14,52,14,15,-6,0,12,-60,-5,44,-10,31,-72,-21,5,-49,0,30,30,0,11,-37,24,-30,77,232861
-31,37,19,0,-1,-21,-10,18,0,-30,-15,36,0,4,1,-11,-28,10,-17,17,27,-14,8,35,0,72,-4,0,29,18,-11,0,-28,23,15,0,5,-3,-15,-5,-32,72,17,2,-23,-5,0,2,8,0,-23,25,-14,-21,-29,5,-22,-4,52,41,36,-37,37,5,-6,0,-54,-4,-3,9,0,8,-58,-9,-6,-29,6,-15,-12,-24,-31,-17,-15,29,0,-21,-24,-42,13,10,26,9,20,-36,-39,-23,13,-37,-10,-22,3,15,46,-2,-7,28,-29,0,-5,1,0,20,25,65,42,0,-21,48,0,-34,-4,-8,0,4,-23,-3,12,-18,-16,-7,-4,4,-19,8,8,0,2,27,4,-19,30,-9,30,11,1,-3,29,-20,-12,23,-32,8,44,0,-7,18,-23,5,45,29,12,0,-15,30,13,-38,-12,-34,12,-26,-35,2,42,-18,-17,0,38,-10,5,7,-3,35,-12,4,0,-16,10,-1,10,0,-1,38,-6,5,2,0,43,21,7,50,12,4,-32,0,-13,-32,24,-21,-10,6,10,22,4,-3,-20,15,9,-3,-1,-25,-22,9,-45,6,0,8,-1,-21,-26,-8,-26,24,238331
-48,25,49,0,-18,-51,72,35,0,28,-37,68,-12,9,20,-10,-23,20,0,-45,6,-48,4,43,5,-65,44,5,52,58,76,24,-72,-11,28,23,41,-27,-29,19,-37,-58,6,25,-1,-21,0,14,-4,25,20,-15,-35,-19,-68,23,-10,-18,38,60,48,-49,75,61,27,0,1,13,23,-27,0,-23,9,29,-38,23,14,29,19,-6,-30,-55,7,76,-3,18,-47,-36,-30,-38,5,4,98,7,-13,-54,8,-30,14,-84,5,31,44,-34,-27,-58,-56,0,44,41,0,49,7,54,10,-52,-87,-26,0,12,40,-62,0,35,-49,-30,-37,-50,-1,-17,-23,43,1,14,35,0,28,45,30,-36,35,16,-49,55,10,-11,62,-54,-13,34,-54,-41,60,0,-35,20,3,38,26,27,12,-29,0,-29,74,-37,-15,-35,-26,47,-12,16,28,1,19,0,22,-10,-43,-20,32,71,-14,44,0,-90,75,-37,21,0,-20,20,-34,40,36,1,8,97,19,-28,61,-38,-15,0,-39,-57,64,-61,43,44,3,-35,14,-43,-39,9,20,-7,21,-57,-4,6,-5,-12,-27,58,17,-60,-50,-4,-12,78,240359
-39,24,29,0,-22,-48,-34,24,-30,-9,-28,34,-15,51,2,-22,-32,20,-3,12,56,-67,70,47,24,27,45,6,21,35,-35,-13,-57,0,11,20,34,-16,-35,15,-5,38,11,20,-15,-18,-25,-8,-22,22,13,8,-25,-10,-57,-13,-16,18,54,21,37,-17,33,34,29,-18,18,42,2,-28,-25,-37,6,38,-45,-12,2,5,6,-21,-27,-52,-17,27,48,11,-9,-55,20,-18,54,14,96,-2,-20,-16,8,-25,5,-12,46,60,39,-11,-30,58,-47,-38,8,34,-19,48,21,40,14,-15,-34,27,68,2,35,-8,-43,-12,-8,-21,-17,-7,-26,-10,-22,36,9,-19,-8,-3,22,83,71,-58,44,0,48,3,48,-5,21,-10,11,22,-46,-26,18,-42,0,18,-30,34,32,65,-19,16,-26,19,24,-62,-3,-55,23,23,-28,64,32,-29,9,71,29,-22,-30,-30,29,39,8,35,-30,-66,27,-12,41,0,-27,22,-17,34,19,5,35,96,16,30,52,-14,-15,-1,3,-51,39,10,2,-7,9,0,-9,4,-60,6,20,-26,2,0,-21,3,-34,-11,20,33,11,-18,-9,-8,-21,35,240663
-32,32,38,0,-14,-13,44,63,0,30,-38,70,26,-32,13,-29,-22,37,-3,-26,10,-29,3,50,-44,-24,41,14,58,42,42,8,-51,-1,17,12,23,-19,-17,24,-30,-28,4,15,-47,-10,0,2,-14,13,17,0,-37,-11,-50,11,-12,7,47,33,48,-32,72,36,24,0,-17,-24,23,0,0,-10,-17,-1,22,26,4,28,10,-30,-49,-14,23,62,-33,15,-57,-34,-9,-27,12,-7,46,-15,-19,-75,0,-51,8,-41,10,30,32,-12,33,42,-56,0,22,24,0,57,30,83,10,-20,-39,-1,0,-11,35,-29,0,23,-72,-8,-26,-56,-15,-9,-13,-1,-42,29,26,0,18,46,6,-28,30,38,41,-37,-25,-24,62,-39,2,64,-34,-18,22,0,1,12,-11,27,51,34,31,-8,-15,-5,43,-42,-6,-39,-14,26,-7,-3,49,-9,2,0,25,-30,-17,-18,-1,74,1,0,0,-58,41,-17,28,0,-15,29,-8,28,7,13,9,38,-44,4,38,-15,-20,0,-7,-57,61,-38,25,-30,-7,-26,3,-18,-30,-2,34,-1,14,-63,-13,2,-1,23,-12,37,17,-21,-63,0,-15,63,241186
-10,35,88,0,-4,-32,-7,0,0,-35,-12,24,-35,-14,10,-2,4,-22,37,-21,-10,-42,56,26,14,25,14,8,-11,90,-7,-2,-37,19,13,-15,43,14,1,10,-25,27,20,14,-44,-2,0,8,7,-16,-19,21,-11,-32,-40,-2,-23,24,14,-18,26,-24,-5,25,8,0,-14,-9,36,-7,0,12,-11,16,14,-36,3,48,-10,-22,-32,-31,-17,76,-18,-17,-5,-8,-9,-51,-9,7,-3,-40,0,-26,25,-36,-12,-20,28,-32,32,-2,18,-7,56,0,-11,39,0,19,28,73,-16,0,-21,20,0,-39,13,14,0,0,-25,1,-47,-11,-15,-11,-3,0,-40,-25,0,0,15,73,12,-42,46,-18,-12,-27,-7,6,38,-22,-46,0,-12,2,-19,0,21,15,0,55,25,72,-23,25,-14,17,37,-48,-30,-50,-9,44,-40,15,26,-3,39,0,40,-5,4,9,13,23,-47,3,0,-12,36,-7,-20,0,-6,38,2,51,-27,5,-11,0,10,22,-2,1,4,0,30,54,38,-25,-17,-39,6,-22,11,17,-44,7,-23,-17,8,-7,-29,5,-43,-35,23,27,42,28,-1,-7,-22,75,242971
-33,8,-13,0,0,6,9,51,0,27,-26,70,20,-4,9,-8,-14,14,-34,4,14,26,-40,21,8,82,-14,-12,41,-7,2,-55,-17,-18,49,-2,30,-6,-41,52,-26,85,-10,13,-72,-17,0,-9,4,0,25,-1,-25,0,-22,-55,-5,31,44,32,18,-22,50,7,47,0,-85,41,-28,4,0,-36,-86,26,13,25,-5,-45,16,-3,-54,1,19,63,-1,29,-61,-52,83,-25,5,8,35,-6,-36,-1,13,-58,18,-1,-2,-4,-10,22,7,74,-28,0,52,45,0,-11,-3,31,16,52,-5,65,0,0,-22,-12,0,-6,3,-1,-27,-37,32,-22,-20,-11,-65,42,-3,0,8,21,64,-7,18,15,75,-21,39,-47,32,14,-12,51,-37,23,28,0,27,-3,-60,29,4,31,41,31,34,17,1,-31,-1,-26,89,-56,-30,74,2,-62,-23,0,21,-7,19,-31,19,75,-3,-15,0,-38,2,25,0,0,-3,13,-5,32,30,-12,18,50,-2,78,39,51,-37,0,-3,-37,36,13,54,-29,0,10,-9,-13,-6,-16,7,13,7,-20,-31,-5,-31,21,42,7,-13,-6,-50,14,-2,63,243287
1,-4,60,-11,-12,-70,51,26,-31,-26,-35,36,-49,55,13,-20,0,35,17,-9,23,-90,-3,59,7,35,38,0,28,61,51,0,-78,44,0,-27,73,-35,-20,21,-16,39,4,46,-33,-30,-31,-4,-36,-21,21,47,-33,11,-75,6,-17,-48,44,27,60,-16,36,55,23,-18,-17,-24,13,-56,-29,-4,-11,51,37,-31,-3,1,16,-8,-58,-72,-26,56,48,19,-19,-17,-5,-59,22,27,55,-4,-15,-60,26,-60,13,-33,10,4,20,-18,43,71,-22,-33,55,69,-19,55,35,79,17,-62,-31,11,60,0,36,42,-24,-9,-58,-22,-57,-27,-28,-17,-35,-6,-21,-72,-7,-15,49,62,52,-74,74,0,68,31,-34,-24,5,-26,-2,25,0,-23,21,-24,-48,14,-43,57,47,45,-75,22,-28,-12,58,-72,8,-70,-3,14,-73,47,50,-41,23,60,21,-15,-23,-8,55,40,-1,-5,-32,-85,55,-16,9,-11,-14,-3,-24,56,4,-1,22,61,2,7,51,-57,-16,-14,58,-22,4,-21,63,28,28,-16,-2,45,-77,-4,33,-41,13,-29,-12,2,-59,-55,16,56,7,50,-18,12,-12,58,243684
-19,-10,33,-22,-5,-23,55,52,-57,41,-49,47,38,51,8,-3,-4,16,-24,-13,16,-9,-5,61,-36,24,17,-2,10,24,54,-7,-49,0,49,10,48,-54,-37,25,-8,25,4,32,11,-6,-60,-4,-46,11,9,-1,-47,7,-47,-6,4,10,39,23,66,-22,10,58,39,-31,-21,-52,-38,-19,-58,-2,0,38,11,37,7,0,12,-32,-60,-20,50,74,51,8,-15,-29,-50,-24,13,-8,38,-20,0,-22,35,-62,7,-64,22,17,-12,-13,16,5,-39,-41,1,48,-32,24,15,70,-18,-50,-56,-11,77,-18,18,-9,-35,22,-17,-1,-23,-25,0,-12,-6,34,9,-12,26,-34,33,51,62,-11,34,4,7,-46,-58,1,23,-27,-9,55,-23,-1,26,-35,6,16,-38,25,36,54,-6,7,0,2,72,-50,21,-41,-51,-41,-14,55,36,-37,-26,77,58,-2,-2,3,43,52,-5,35,-57,-51,69,-17,15,-22,-6,-8,-5,27,18,-3,-20,46,-38,-4,50,-52,7,-33,16,-38,29,-39,5,-52,-9,-15,-5,11,-12,0,15,0,5,-28,-7,-3,-10,41,12,58,-41,-10,-21,-5,0,79,247060
-28,-1,26,-4,-11,-55,33,20,-29,-11,-29,32,-23,66,13,-10,-37,32,-8,-8,20,-45,-7,53,16,3,1,-4,-22,26,37,7,-71,42,33,0,54,-31,-28,78,-47,11,35,34,-9,-26,-26,2,-13,5,-5,53,-29,-29,-67,13,-33,-6,46,72,54,-66,0,58,78,-12,-37,-12,29,-19,-25,-13,-30,35,4,-11,20,-6,7,-4,-54,-60,-17,70,52,-9,-15,-36,-1,-32,12,20,0,-30,-38,-27,29,-62,9,-2,0,52,0,1,20,70,3,-28,50,53,-14,11,12,70,43,-63,-4,31,61,-22,-3,-20,-29,24,-19,2,-23,-32,-6,-19,-31,-4,3,-37,35,-8,33,19,83,-45,56,43,90,-19,-32,-12,10,-3,-18,24,-39,-34,57,-25,-18,38,-37,48,43,22,-34,19,-1,48,53,-57,-16,-46,-8,2,-57,75,49,-36,-1,63,24,-11,-33,-1,37,43,-10,-2,-30,-71,49,-3,57,-4,-10,-5,-1,43,15,-5,48,5,20,34,41,-56,-39,-8,41,-4,12,-7,57,-22,18,-3,1,8,-51,16,22,-17,13,-32,-1,18,-46,-25,11,58,30,14,-12,0,-35,68,247368
-68,-28,-28,-14,-26,-23,-54,77,-60,52,-51,46,17,81,16,-14,-70,81,-72,0,90,-41,8,46,-58,-17,24,49,32,-9,-42,27,-87,22,22,3,-18,-43,-56,38,-52,-19,21,27,-18,-27,-55,9,-8,11,-12,22,-49,-17,-78,31,-41,73,74,67,50,-58,20,86,57,-48,-74,-70,12,-54,-55,7,-37,31,-19,50,13,39,-34,-25,-63,-32,8,55,37,-13,-3,-66,-89,5,80,4,17,6,-30,-83,17,-67,-39,-74,6,44,23,-16,-36,50,-20,-58,43,-25,-49,32,-17,77,-29,-54,-73,24,78,16,17,-35,-30,4,-68,10,7,-27,6,-23,-40,23,0,-5,13,-16,31,-8,-54,-52,49,8,54,-52,-90,-13,48,-45,7,77,-78,-20,65,-29,32,31,4,10,48,-11,-5,-25,11,-3,97,-55,-23,-51,-87,-28,-24,-96,61,6,-46,83,47,-21,-18,0,21,56,20,25,-60,-83,100,-26,29,-14,-28,-31,7,11,45,43,-34,32,-51,36,45,-9,-46,-15,0,-26,62,-71,52,-31,0,-2,7,-14,-61,9,68,-28,17,-57,-24,0,1,6,-17,84,5,-19,3,-5,-34,55,249131
-35,-37,32,0,-20,-31,26,66,0,20,-52,56,47,84,11,-22,-33,39,-38,11,1,32,58,10,-44,11,-6,50,-27,29,14,12,-32,-10,36,-4,-11,-3,-16,16,-37,6,26,2,-22,-25,0,0,-6,-5,-5,-5,-57,19,-29,11,-26,-1,39,64,8,-43,-19,58,10,0,-48,-66,38,-58,0,-18,-33,-33,-2,19,22,10,2,-26,-56,-30,17,68,88,-6,-19,-6,-58,-19,-4,-7,39,2,-29,-31,6,-56,-3,-22,49,23,-3,-28,5,-31,23,0,23,-10,0,-5,11,60,-25,-48,-19,6,0,8,-8,-27,0,14,-24,2,-13,-56,8,-32,-26,-15,-9,-26,17,0,3,-27,-11,6,21,5,-4,-43,-65,-32,54,-47,-15,69,-43,-20,63,0,-7,37,-13,12,52,-30,-22,-39,12,-49,71,-45,29,-38,-55,-10,-14,-11,54,-13,-32,0,42,-25,-24,-15,-33,58,-6,-14,0,-35,72,-26,21,0,-21,-40,4,12,-9,48,-24,63,-45,0,-9,-39,-26,0,-26,20,55,-46,30,-46,-6,8,-2,-9,7,25,28,2,10,-54,-9,25,-11,47,-39,58,37,-50,-15,-6,-29,69,249271
-78,-66,17,-26,-50,-27,-93,91,-98,-17,-100,42,24,89,2,-43,-72,83,-84,-29,49,-49,39,63,-28,8,-22,78,-6,9,-93,-9,-95,-94,38,9,-52,-40,-72,7,-60,-14,34,17,-23,-58,-96,-22,-47,9,-32,-90,-97,-25,-94,0,-87,93,86,9,57,-72,-2,100,3,-77,-99,-100,46,-73,-96,-26,-94,14,-7,-16,10,48,-32,-72,-97,-19,17,60,84,-28,-3,-70,-100,-17,44,-24,45,10,-88,-51,36,-100,-35,-82,45,-28,7,-62,8,-13,-15,-100,47,-56,-79,-9,-14,85,-9,-24,-75,11,83,15,-30,-22,-45,7,-45,-18,-4,-78,25,-42,-54,-14,-8,-28,19,-33,17,28,4,-73,76,-12,-21,-27,-100,-45,86,-71,-51,97,-89,-20,3,-47,85,41,-8,27,88,16,-18,-62,26,24,100,-83,-4,-68,-100,-34,-45,1,83,4,-84,85,36,-44,-23,-32,13,46,-43,-14,-98,-71,100,-65,-40,-27,-48,-65,-17,21,-13,78,0,46,-52,2,-42,-11,-77,-32,21,-19,90,-71,52,-28,-25,-31,-22,5,-74,9,71,-52,-1,-70,-64,7,-47,29,-63,100,42,-25,-2,-13,-94,69,249472
-81,-10,46,-43,-25,20,-2,96,-71,0,-74,90,68,70,40,-40,-98,32,-40,-55,45,22,10,68,-3,-46,42,46,39,58,10,4,-25,-32,45,1,-32,-15,-59,85,-98,-47,11,-25,-84,5,-70,5,-35,4,-52,-17,-77,-8,-22,3,-77,41,70,100,64,-100,44,79,77,-61,-89,-91,-50,-39,-70,-37,-82,31,38,3,3,62,-3,-66,-100,16,15,80,75,-56,23,-53,-76,10,37,3,12,-15,-17,-82,-25,-100,-9,-80,26,44,8,-11,45,-65,32,-69,-51,-21,-61,36,1,70,-60,4,-82,52,70,-4,30,-60,-25,33,-70,8,21,-85,-20,-49,-4,-6,-71,-8,39,-52,-28,9,12,27,22,-2,-37,-22,-100,-53,71,-3,-36,91,-83,8,94,-29,34,35,-18,-6,80,-7,-21,-1,-12,46,84,-60,-11,-57,-81,-6,-23,5,86,-20,-32,72,48,-30,0,-24,31,88,-26,-9,-71,-81,84,-10,32,-41,-23,-16,5,-14,15,48,-55,16,-17,47,10,15,-31,-52,-26,20,73,-6,-45,-33,0,-39,6,-37,24,0,24,5,39,-70,-13,2,-12,69,12,79,-54,-57,30,-1,-71,86,249564
-60,-36,0,-35,-19,-51,-37,47,-48,46,-54,19,28,71,-3,-13,-50,54,-64,15,84,-38,-1,41,-58,-2,5,26,21,0,-30,0,-83,-46,13,2,-22,7,-34,-19,-46,-11,26,36,-46,-33,-46,-4,6,0,-31,-42,-54,-30,-82,-2,-57,17,90,69,40,-56,21,58,-19,-44,-55,-48,16,-53,-45,-29,-57,11,-32,46,13,-17,-31,-28,-78,-49,-4,67,66,-30,-18,-51,-67,1,82,-11,-57,12,-76,-28,14,-79,-31,-30,-2,-68,4,-37,-17,-53,-22,-51,80,-21,-44,20,7,64,-24,-38,-33,26,79,15,3,-21,-25,8,-24,-20,7,-17,9,-23,-33,1,-38,-23,8,-30,35,38,49,-54,48,-12,-52,-30,-45,-20,24,-65,36,50,-65,-19,68,-25,9,30,-24,7,48,26,-22,-37,9,-14,90,-39,-19,-34,-65,-55,-59,43,48,-23,-60,81,57,-14,-21,-34,7,19,39,0,-48,-43,94,-39,-73,-36,-18,-36,-21,4,11,27,-21,-63,-64,24,7,-33,-70,-30,-35,-25,29,-75,79,-35,-11,5,-5,-7,-53,18,52,-29,-5,-16,-42,11,-63,30,-36,59,12,-49,-16,-8,-61,72,249752
-27,23,36,0,-14,-41,13,48,0,46,-17,22,-5,83,0,-20,-64,94,11,-9,92,-73,11,-13,13,-33,24,22,35,36,16,5,-93,3,-11,-30,5,-4,38,-7,-56,-37,10,33,45,-52,0,3,-10,-29,0,12,-17,16,-95,4,-25,-66,100,81,-11,-55,41,38,-9,0,-64,-58,49,-23,0,6,-58,29,20,46,-1,24,-33,-58,-14,-36,23,91,83,4,35,-60,-36,-61,88,-20,-39,40,-75,6,9,-17,-24,-29,3,-55,66,-40,23,-10,40,0,81,9,0,74,47,92,-28,-100,-28,8,0,43,21,-21,0,-12,4,-50,-57,-52,-6,-17,-50,36,40,-21,-6,0,31,71,32,-83,72,-4,-2,43,-55,-7,40,-62,43,51,-27,-43,80,0,-69,6,-13,73,55,72,-17,-55,-6,27,55,-54,23,-48,-46,-18,-56,30,47,-9,15,0,76,-20,-42,13,29,25,46,37,0,-10,54,-45,-57,0,-12,22,-50,70,10,28,-25,-19,16,14,32,-100,-69,0,4,36,39,-62,77,39,-23,-2,3,-23,-83,1,85,-13,-1,-45,-17,-1,-68,1,-52,42,46,1,40,13,-30,92,249931
-48,13,55,0,-31,-27,-57,85,0,0,-40,53,10,70,21,-41,-77,50,-18,-12,57,-48,43,37,6,13,30,50,5,61,-57,14,-81,-19,27,13,-40,-36,-39,83,-72,1,13,2,-27,-37,0,0,-20,13,-8,-31,-42,0,-78,14,-54,41,83,48,40,-72,10,79,82,0,-88,-60,18,-38,0,8,-87,-11,45,-1,6,5,-7,-34,-48,-28,-19,66,77,-7,-1,-55,-79,-28,62,-13,42,45,-36,-38,-4,-47,-11,-20,38,35,24,-32,60,67,45,0,49,-44,0,12,-7,74,-20,-2,-21,32,0,47,28,-38,0,17,-42,-6,-25,-56,2,-38,-41,-3,-27,-21,17,0,5,35,-29,-50,48,24,65,-3,-60,-23,59,-12,-7,83,-51,-32,50,0,39,22,1,24,79,37,-22,-30,2,34,100,-51,-4,-51,-76,-21,-40,-30,84,1,-14,0,66,-43,-30,4,-12,53,-12,-3,0,-86,100,-33,34,0,-33,12,-6,23,12,48,-22,38,0,25,7,4,-42,0,-2,48,61,-12,49,-10,-12,-12,-1,-32,-52,2,57,-34,20,-61,-12,0,-30,4,-34,81,16,-7,-7,3,-50,65,250028
-74,-83,19,0,-39,-41,-72,80,0,49,-80,49,26,61,0,-23,-43,42,-72,34,57,-49,51,33,-89,-7,28,60,3,15,-73,-9,-93,-83,9,-6,-11,-43,-25,-34,-39,-21,30,28,8,-37,0,-11,-20,-7,-21,-90,-83,-34,-90,-6,-58,9,83,57,33,-69,12,81,-28,0,-9,-61,22,-66,0,-45,-66,43,-62,41,20,3,-13,-45,-78,-44,35,54,89,-21,-38,-88,-64,3,62,-26,74,2,-75,-30,18,-75,-21,-52,28,6,28,-61,-85,8,-37,0,23,-13,0,11,-15,84,-47,-75,-77,-19,0,4,18,-37,0,-20,-25,-18,6,-39,16,-46,-40,5,16,1,-16,0,32,-13,-6,-80,64,-5,-17,-27,-67,-33,58,-71,10,81,-83,-31,65,0,46,37,-20,2,69,-16,4,-47,18,-43,89,-56,-18,-48,-55,-70,-45,12,66,-15,-74,0,75,-26,-24,-64,20,56,7,7,0,-74,91,-61,17,0,-39,-81,-19,4,-12,58,-47,60,-95,-40,0,-67,-69,0,-7,-32,52,-57,29,-26,-17,21,-12,-8,-82,16,47,-38,-2,-42,-63,12,-48,28,-58,78,36,-28,-57,-16,-62,51,250099
-85,-64,1,0,-42,-41,-80,100,0,36,-98,72,55,100,5,-39,-54,60,-72,-64,73,-78,82,56,-77,-29,44,83,-20,-11,-71,13,-93,-81,0,-4,-32,-31,-45,-3,-80,-15,56,24,-20,-45,0,-9,-22,-11,-39,-92,-94,-38,-90,10,-85,63,91,81,49,-89,-23,98,0,0,-79,-100,48,-87,0,-30,-71,-1,17,35,29,-23,-21,-70,-94,-36,27,72,95,-35,-5,-65,-94,-26,71,-16,66,16,-63,-48,12,-95,-30,-49,58,-33,22,-60,9,-32,-42,0,52,-19,0,42,6,91,-58,-63,-52,-11,0,17,47,-23,0,-21,-41,-6,-15,-45,4,-43,-42,9,-17,-45,-17,0,22,17,-18,-89,72,-16,-29,-81,-100,-48,58,-37,-10,100,-86,-15,80,0,46,61,-11,37,81,-2,-39,-43,5,-70,100,-77,-26,-72,-100,-10,-43,-37,83,-16,-83,0,62,-45,-22,-34,-2,74,-13,12,0,-100,100,-62,-32,0,-48,-67,-3,37,-5,81,-58,66,-78,-7,-1,-60,-62,0,2,-36,74,-29,55,-76,-22,-58,-11,4,-89,38,64,-47,6,-29,-63,28,-39,57,-35,100,42,-29,-15,-15,-84,75,250255
-62,-35,-62,0,-30,-29,-52,41,0,58,-50,50,-23,55,22,-20,-46,63,-100,-29,88,-82,26,24,-45,-48,-1,64,22,-48,-55,64,-86,-22,-6,19,-74,-5,-40,9,-79,-54,16,33,-47,-54,0,5,-2,23,-25,-9,-47,-55,-83,62,-70,22,95,-3,28,-90,9,31,32,0,-61,-71,5,-67,0,8,-32,36,-39,62,2,25,-6,23,-26,-34,-48,45,75,-27,-10,-60,-97,-58,88,-2,84,21,-67,-75,39,-27,-3,-49,31,78,-60,-49,-48,-2,14,0,95,-72,0,11,-24,75,-28,-69,-49,-54,0,31,-11,-15,0,-11,-72,-1,-45,-84,20,-29,-58,16,-57,-45,-5,0,33,3,-100,-85,68,0,0,12,-72,-29,49,-5,46,43,-72,-28,2,0,16,25,24,73,58,-11,-42,-70,27,-23,84,-37,-46,-31,-100,-60,-64,-97,58,23,-89,0,51,-13,-27,-12,39,55,49,12,0,-100,84,-44,95,0,-26,-28,-4,64,-4,64,-38,54,-46,-62,1,-62,-74,0,22,4,58,-9,93,7,0,-19,5,18,-86,-4,54,-65,21,-76,-18,2,-58,-20,-65,34,-10,9,-1,0,-68,52,250293
-31,-2,45,0,-23,-42,-18,47,0,1,-38,63,-21,54,18,-38,-36,46,-1,-11,13,-42,-1,48,23,46,33,15,-17,42,-15,34,-81,45,37,13,57,-28,-53,81,-60,49,2,6,32,-45,0,7,-39,16,18,44,-36,-15,-79,31,-38,6,62,73,52,-69,-21,89,88,0,-70,8,43,-32,0,1,-58,28,67,-2,6,31,9,-13,-40,-47,-13,74,53,20,-18,-41,-66,-51,13,28,84,36,-40,-43,11,-37,-1,-12,4,27,25,-36,70,11,0,0,39,51,0,42,3,74,26,-33,-13,14,0,38,35,-36,0,35,-45,-20,-42,-5,-14,-32,-50,-11,28,-16,31,0,6,41,15,-52,52,12,19,-32,-3,-17,18,-14,-12,45,-37,-64,62,0,0,16,-19,50,55,23,-18,4,-12,34,92,-31,-21,-37,-59,4,-32,17,61,-23,-3,0,31,-39,-64,1,29,61,-10,-11,0,-100,91,-41,25,0,-26,-6,-22,45,32,13,12,78,19,6,47,-30,-40,0,30,1,20,-19,45,-34,27,-14,6,-15,-53,-5,48,-14,21,-22,-1,-4,-23,-24,7,83,32,17,-20,12,-31,78,250861
10,-8,44,0,-10,-50,23,34,0,-23,-52,73,-32,-29,20,5,58,-13,14,-6,-56,-66,28,43,19,50,30,4,24,47,26,-18,-43,42,35,-11,65,-9,-48,57,-64,34,34,19,-49,-1,0,4,-5,-6,-2,50,-55,-21,-35,-14,-24,2,-11,41,45,-49,41,52,58,0,-37,39,24,-47,0,17,-2,51,75,-25,20,-62,34,7,-81,-55,-25,71,-49,-7,-52,26,29,-67,-57,41,86,-36,17,-65,25,-79,34,-10,17,55,-24,-29,86,48,-50,0,-4,62,0,12,42,74,7,-7,-10,21,0,-31,23,51,0,27,-60,-20,-67,-27,-20,-32,-9,21,-29,-41,29,0,24,-27,14,-30,66,40,45,1,36,-11,27,5,-46,32,5,-41,28,0,-5,43,-36,73,19,-33,-45,23,-13,-31,69,-27,-27,-28,28,25,-52,9,24,-39,19,0,19,1,-37,22,52,74,-45,20,0,-85,63,-25,51,0,-9,-12,-24,69,-4,5,11,86,15,22,20,5,9,0,62,-50,32,4,7,-5,37,-6,4,55,-34,35,-20,-27,19,-24,-1,35,-38,-44,12,55,26,64,-49,19,-22,71,254211
-40,36,0,0,-8,-46,18,-7,0,-28,-6,33,-38,4,4,9,-26,27,-33,-73,51,-54,36,36,0,70,-19,4,29,-2,20,13,-81,40,3,0,23,9,-19,-9,-35,74,25,39,7,-21,0,8,0,-2,-34,37,-7,-28,-80,13,-30,11,68,17,32,-39,46,32,-14,0,-23,-2,14,-26,0,19,-41,16,17,-28,4,39,-11,-11,-30,-48,-38,72,14,-33,-13,-52,-19,-13,49,15,11,-39,-38,-21,30,-33,-4,-17,12,-5,25,5,18,-14,-29,0,24,26,0,32,25,50,18,-40,-21,38,0,-39,-18,11,0,3,-19,0,-14,-8,-18,-14,-23,26,12,-39,2,0,44,94,6,-75,54,0,-10,-29,6,0,42,-28,-7,-7,-41,14,13,0,11,19,-18,34,43,92,-40,5,-19,25,39,-50,-23,-50,-25,-25,-61,10,44,-20,-35,0,43,4,12,22,14,34,-8,27,0,-39,37,7,-3,0,-5,35,0,38,5,10,31,7,0,41,23,-37,-36,0,15,-28,38,-24,27,-42,13,-64,9,19,-75,12,26,-21,1,-2,-25,11,-58,-38,5,34,27,11,-14,-5,-32,67,257185
-34,4,5,0,-14,-42,29,58,0,23,-39,52,4,59,25,-13,-21,44,-55,-18,38,-81,2,33,34,14,22,52,16,12,32,50,-66,-15,0,-17,-31,-5,-13,84,-51,0,41,24,-1,-31,0,9,17,0,-2,11,-35,-14,-57,52,-57,-40,66,61,37,-57,-14,30,100,0,-41,-34,18,-29,0,19,-16,7,8,24,22,10,5,-24,-43,-59,-4,82,49,-7,-49,-47,-87,-61,32,-7,80,-29,-51,-67,18,-45,-10,-19,20,64,-7,-30,28,-33,9,0,66,-35,0,28,24,82,-38,-81,-21,-8,0,-13,7,-13,0,-14,-58,30,-45,-81,-8,-16,-45,-8,-8,-33,-2,0,22,2,-57,-72,62,-30,-19,-41,-59,-13,4,18,1,57,-47,-26,58,0,-52,46,-20,71,49,-9,-35,-33,0,-13,79,-37,-19,-32,-86,-40,-50,-77,71,-11,-33,0,36,-13,-18,12,-13,66,12,-11,0,-99,80,-40,35,0,-18,9,29,58,-9,43,-56,81,43,-13,22,-79,-70,0,49,-4,22,-2,73,-9,-2,-28,10,30,-79,20,24,-38,22,-85,-13,22,-14,-11,-39,27,-22,12,-24,7,-44,87,257419
-35,46,27,0,-6,-61,-30,5,0,-29,-17,43,-47,25,5,-7,-31,24,-10,1,51,-64,9,47,19,56,23,11,8,24,-29,9,-86,50,4,-3,-1,31,-15,7,-43,68,32,38,-43,-31,0,6,19,-8,-36,48,-18,-49,-86,11,-47,-8,80,82,43,-48,12,30,3,0,-99,-4,9,-29,0,9,-100,18,51,-29,12,-46,-11,-11,-42,-55,-50,89,25,-33,-18,-47,-42,-27,49,10,52,-20,-71,-31,21,-46,-11,-22,-2,41,58,-1,50,-56,-12,0,38,-5,0,43,16,58,11,-50,-18,41,0,-22,25,3,0,-9,-27,-4,-22,-55,-6,-19,-28,25,-36,-42,-6,0,37,33,23,-90,70,-8,-49,-7,-2,-5,63,-27,-19,9,-38,9,79,0,-11,27,-14,50,61,31,-38,-15,-6,14,63,-55,-39,-52,-45,-2,-70,19,58,-12,-10,0,39,-8,6,6,23,43,-20,27,0,-40,62,-5,31,0,-7,48,-4,48,2,9,18,51,12,36,20,-50,-61,0,16,-10,62,-33,31,-17,13,-3,8,12,-91,14,26,-35,0,-57,-40,11,-80,-42,-17,32,15,-1,-20,0,-55,89,257838
-27,50,23,0,-9,-34,-28,24,0,-46,-10,33,-30,40,5,7,-20,30,-7,4,41,-67,-9,45,32,68,-6,12,25,24,-28,18,-64,46,0,-8,22,15,-25,9,-46,66,35,29,28,-23,0,9,18,-7,-31,50,-10,-42,-66,17,-45,-11,52,35,42,-46,33,20,8,0,-16,16,8,-9,0,29,-15,17,33,-45,10,-14,-10,-27,-40,-31,-24,76,38,-30,3,-50,-22,-33,39,12,-25,-31,-52,-22,40,-39,-5,-16,-5,14,34,0,33,4,-22,0,34,24,0,9,22,67,29,-52,-19,25,0,-30,-6,32,0,0,-21,2,-34,-15,-20,-13,-21,21,32,-26,0,0,26,11,11,-69,65,0,5,2,19,-9,26,-21,-24,24,-29,18,31,0,-14,30,-19,52,31,10,-25,7,-19,45,14,-52,-39,-48,-22,-2,-93,9,34,-17,-4,0,51,4,20,28,11,32,-25,21,0,-38,14,2,13,0,-6,52,1,51,-5,14,35,-27,30,25,10,-55,-49,0,45,-25,28,-18,34,0,10,10,9,32,-69,20,24,-23,0,-6,-38,16,-90,-28,7,21,14,43,5,0,-46,72,259789
-7,18,40,0,-12,-19,55,11,-30,20,-41,74,8,20,11,-22,2,-14,48,-5,13,1,34,45,-26,54,-1,7,80,42,61,-16,-39,5,65,8,55,-21,-46,70,-5,50,13,8,7,5,-28,-8,-28,11,30,4,-39,30,-37,-12,16,-20,12,0,48,-5,91,26,74,-2,33,43,-15,-10,-28,9,40,21,33,17,10,-5,22,-21,-66,-20,25,44,13,27,55,-14,17,-35,12,17,88,-33,28,-22,8,-69,19,-41,28,52,19,-4,46,17,-5,-31,2,51,-4,14,24,60,42,-23,-36,55,60,-32,-1,-10,-20,44,-21,0,-34,-31,-4,-15,0,43,6,-7,45,-5,13,68,61,1,29,21,14,6,41,-18,22,-4,-11,11,-10,-10,-6,-17,-25,21,-47,36,45,57,-9,20,-5,8,12,-58,31,-56,19,28,14,48,48,-46,54,60,20,-22,-7,7,23,78,-13,43,-30,-45,13,-6,43,0,-13,23,0,37,24,6,40,89,-23,51,51,-15,27,-2,11,-3,23,-3,5,6,19,-10,-8,-9,0,11,-16,2,10,-37,-2,12,18,6,11,25,-21,1,55,9,16,46,261097
-20,-16,39,-32,-12,-25,14,50,-55,1,-37,74,0,21,13,-17,6,-3,-1,-33,29,-69,33,43,67,37,31,3,6,44,11,-5,-72,-1,35,5,30,-19,-42,27,-37,40,3,26,-19,-10,-56,0,-38,1,-7,-1,-35,-10,-72,0,-25,0,61,27,41,-39,27,47,26,-28,-4,8,-18,-20,-55,0,-9,40,22,0,-2,-3,3,-26,-32,-23,9,17,9,-7,-45,-32,3,-57,27,11,76,6,-25,-55,23,-32,2,-46,21,-18,-2,-38,38,-29,-54,-50,30,25,-29,35,36,77,20,-36,-44,24,72,8,27,14,-46,10,-48,-8,-43,-16,-28,-14,-10,61,-6,8,12,-34,25,49,41,-48,56,-18,-37,31,3,-17,7,-10,-2,52,-25,-24,19,-45,-10,12,-26,58,49,43,9,-7,-28,-25,26,-40,-2,-34,6,17,-40,24,44,-23,8,75,33,-15,-27,-1,39,73,-3,59,-55,-74,28,-38,-25,-34,-15,-18,-9,51,13,2,31,67,60,20,45,-29,-15,-32,43,-55,10,-16,26,20,11,-36,0,24,-50,-3,0,-17,13,-22,-19,-4,-50,-1,-12,46,-17,27,-48,1,-30,20,261161
-21,43,34,0,-9,-45,14,17,0,-31,13,35,-40,12,26,15,-34,41,12,-3,26,-56,-4,19,39,21,27,2,22,36,13,26,-87,58,-2,-14,20,17,6,41,-37,32,25,48,-28,-48,0,51,55,-15,-5,60,13,-10,-87,29,-29,5,54,52,17,-41,20,22,39,0,-57,16,23,-2,0,2,-51,11,28,-30,3,-41,7,-16,-12,-45,-18,64,3,-6,-12,-7,-16,-38,25,-4,7,12,-51,-25,33,-12,7,-17,5,65,68,-7,27,14,1,0,72,25,0,58,33,65,7,-22,-17,13,0,13,26,8,0,16,-22,2,-37,-25,-27,-10,-47,22,-24,-19,18,0,50,52,3,-76,73,15,12,-2,17,-4,34,-21,-15,17,-21,-13,46,0,-1,19,0,58,39,48,-19,-1,-28,34,26,-4,-8,-6,-16,31,-58,-7,39,-3,13,0,23,18,-13,2,11,34,-13,22,0,-28,25,-7,64,0,-8,45,1,58,45,6,6,12,31,14,61,-20,-51,0,21,0,39,-19,76,-1,-6,-2,52,10,-76,8,39,16,27,-21,3,5,-58,-38,4,23,19,23,-11,13,-29,68,261171
-21,36,58,0,-7,-35,31,52,0,-34,-31,60,14,19,10,-32,-23,33,32,10,29,-29,-5,48,4,28,25,30,22,55,31,7,-54,17,32,-22,25,13,-7,-5,-18,49,44,-2,-16,0,0,14,18,-21,-7,25,-29,-10,-52,3,-26,16,45,84,49,-41,18,47,-2,0,-66,0,31,-35,0,17,-44,13,68,-38,28,-1,9,-50,-48,-41,28,89,7,-6,18,-13,-33,-58,30,-5,96,16,-23,-41,7,-49,-1,-32,5,29,65,-43,68,-19,-1,0,-19,25,0,35,49,85,4,-48,-40,1,0,18,22,-23,0,13,-41,-26,-58,-15,-23,-15,-1,17,-10,-27,18,0,1,34,-19,-16,50,-15,-7,2,-9,-2,51,-28,-36,58,-34,-18,76,0,0,43,-21,63,57,34,-23,-29,-23,-12,69,-68,4,-64,-38,57,-40,-30,61,-21,38,0,47,-36,-16,13,-10,71,-34,18,0,-32,63,-48,14,0,-13,38,-29,60,1,31,3,74,8,9,25,-48,-19,0,-2,-3,58,-25,-18,-7,-10,10,13,14,-20,29,27,-7,9,-7,-8,24,-34,13,-22,48,16,-39,17,4,-30,95,262083
-43,-14,-13,-9,-25,-2,37,16,-58,18,-55,82,-7,67,19,-5,4,27,-72,-27,30,-6,8,48,-24,-14,-21,32,49,-14,44,35,-40,61,55,10,20,16,-56,19,-31,-18,22,29,-13,-14,-46,19,6,11,28,69,-54,55,-41,34,-2,17,45,23,50,-39,47,75,20,-48,-8,-20,3,-52,-45,-13,1,18,-50,21,25,-45,19,-51,-62,-2,64,68,74,26,-64,-69,-63,-70,25,-10,71,-26,-46,-43,43,-64,13,-61,6,24,-9,-52,-48,-16,-62,-60,32,19,-50,7,42,88,11,-71,-58,-20,93,-21,-26,40,-34,51,-43,-13,-63,-52,-11,-25,-16,39,-10,3,56,-15,25,50,4,2,44,-27,-6,26,-25,-14,44,-34,-3,18,-49,-48,23,-36,17,41,13,73,35,47,4,-54,-6,-64,85,-49,61,-45,-71,-56,-71,10,35,12,-65,94,0,1,-47,-10,21,83,6,42,-58,-58,84,-58,28,-10,-28,-16,-11,70,0,32,13,70,-30,-22,28,-70,-42,-14,58,-68,45,-37,34,27,-10,-27,17,52,2,28,21,17,18,-52,-18,22,-72,-3,-54,75,-5,43,-60,6,-4,73,262810
-51,9,-17,0,-10,-16,33,61,0,32,-22,72,25,33,12,-16,-7,47,-37,-8,62,-16,-10,43,-31,25,11,0,64,-21,43,21,-66,26,51,4,46,-34,-39,54,-39,20,14,27,1,-24,0,7,6,4,13,29,-22,10,-61,29,-7,-46,67,42,51,-43,83,48,51,0,-2,13,-10,-2,0,-1,-1,24,-28,28,8,-22,8,-49,-35,-18,32,54,27,9,-78,-77,-15,-9,58,18,74,4,-48,-62,27,-37,1,-61,-6,49,37,1,-6,1,-65,0,43,35,0,45,39,93,33,-77,-61,30,0,6,13,-30,0,42,-50,-1,0,-46,-19,-17,-28,17,21,27,42,0,32,52,22,-25,40,4,12,39,12,-14,33,-21,19,64,-54,-19,35,0,-61,26,-28,29,44,50,28,-1,-18,9,33,-50,17,-48,-12,-38,-31,8,50,-31,-37,0,32,-22,-16,-9,22,75,21,16,0,-58,36,-5,56,0,-11,7,-6,20,52,-4,43,77,-37,34,71,-69,-46,0,29,-62,32,-38,50,18,18,-22,7,-10,-26,12,44,12,10,-60,-12,7,-23,22,-10,48,-5,8,-82,6,-9,51,264692
-22,-1,13,0,-1,-8,45,17,0,-12,18,46,11,39,18,0,-2,21,-24,-5,-17,21,-39,19,-8,76,-46,-11,40,9,44,22,-26,16,56,-9,59,6,-19,-2,-22,76,8,19,-33,-10,0,14,26,-11,16,15,13,11,-28,24,27,-82,-7,64,20,-24,44,41,-4,0,-46,36,-29,9,0,-14,-46,33,-12,-13,3,-71,21,0,14,-5,3,33,35,14,-65,-39,60,-63,-18,18,62,-38,1,-36,36,13,17,17,-7,38,9,8,-14,50,-48,0,30,57,0,-1,11,52,32,-42,15,16,0,-37,-45,-1,0,43,-37,-5,-59,-31,14,-11,-9,-21,-35,11,42,0,21,26,54,4,32,16,51,10,39,-11,11,44,-36,20,-27,0,60,0,-84,11,-24,55,36,16,15,12,14,38,20,-30,18,-30,62,-23,3,52,31,-25,-19,0,6,-1,4,-17,31,48,-35,-21,0,-23,14,3,36,0,-3,-3,-3,53,21,-11,28,61,-13,23,41,-39,7,0,37,-46,9,44,30,15,17,-9,13,2,4,6,21,22,19,-33,-11,-3,-1,11,9,40,-32,23,-67,9,25,36,265102
-16,41,27,0,-4,-15,-12,30,0,-20,-16,30,-3,-10,2,-1,-4,23,-22,61,-11,14,1,40,-19,18,-13,-2,37,29,-11,-4,-13,16,37,4,0,19,-39,-2,-43,20,10,15,-8,-6,0,-2,16,6,-17,15,-17,-11,-13,-5,-13,-7,24,20,41,-38,48,11,-3,0,-18,-20,-12,-3,0,17,-20,16,19,-21,4,-58,-13,-11,-43,-15,-11,50,-15,-16,-33,-48,-13,-21,-10,5,17,-13,-32,-11,20,-41,-5,-44,-3,37,-6,2,18,-19,-30,0,37,2,0,-5,24,65,5,-16,-51,43,0,-13,-14,1,0,8,-7,5,-23,-33,7,-6,-10,4,-1,8,9,0,17,12,15,-6,30,-28,-20,10,-17,-6,30,-22,-32,29,-15,15,28,0,-3,9,-19,23,23,12,6,-1,7,27,21,-31,-17,-33,-16,-60,-54,19,25,-17,-20,0,34,-6,20,18,10,28,-33,4,0,-7,23,2,55,0,0,38,2,25,-22,1,10,8,-14,41,-17,-9,-36,0,-4,-29,27,-23,37,4,6,69,-2,-2,-8,5,22,-6,0,-24,-33,1,-50,-4,-1,14,-4,3,-31,5,-9,45,265600
-3,-86,-17,0,0,41,-2,0,0,0,0,83,9,0,-29,100,-64,-15,-34,14,-28,23,0,8,24,-7,-12,0,7,-24,13,-100,-12,-56,0,100,32,0,0,3,-16,5,-14,12,-43,24,0,0,-13,62,-17,-57,2,4,-24,-100,41,-19,-8,-52,0,-6,5,25,21,0,-45,-72,-74,98,0,6,-43,59,-77,-1,-13,-80,0,66,-60,52,0,0,0,-32,-34,-96,27,38,-5,12,-68,-47,-8,-13,45,-43,0,-11,0,100,-100,-34,-70,-9,-12,0,-7,29,0,-8,-39,19,-9,18,-8,20,0,-100,-30,-14,0,6,-1,1,34,-32,96,-4,26,0,-46,100,0,0,74,0,75,-1,-9,39,-17,-27,-53,-100,-21,-13,-19,-5,-31,97,-49,0,-7,-8,32,-39,30,29,85,29,81,100,-20,0,48,-3,21,-28,89,77,9,-34,-44,0,0,69,64,-61,59,82,26,0,0,8,23,97,100,0,0,-100,1,-34,1,0,-5,-41,29,25,26,-3,35,0,15,-52,0,-8,-51,-24,9,10,-7,-39,27,1,-28,-18,6,-24,-35,-23,-2,17,62,85,-70,0,-51,9,45,0,266467
-29,-9,33,0,-13,-55,-1,24,0,20,-32,46,-52,9,10,-14,-12,22,10,13,43,-42,-3,39,-44,-28,0,2,43,33,9,29,-45,71,28,-28,25,-10,-12,-4,-55,-38,11,-1,-2,0,0,12,-13,-27,15,70,-30,-18,-43,24,-3,10,22,31,42,-61,37,47,7,0,-11,-23,17,-49,0,0,6,0,-29,17,12,-18,8,-2,-42,-52,3,56,-11,11,-16,-22,-28,-53,39,7,81,-47,7,-59,31,-39,11,-62,-8,45,38,-12,-11,-22,-8,0,-10,34,0,21,26,56,26,-77,-62,-28,0,-46,4,-21,0,31,-46,-5,-41,-45,-10,-6,0,18,20,-46,32,0,0,67,-2,-24,46,14,-18,-16,-30,-10,42,-36,-8,27,-30,-33,29,0,0,23,-4,58,50,68,-44,-23,-11,-24,47,-61,-8,-58,-35,27,-15,-14,47,-11,13,0,17,-12,-34,0,4,48,-5,22,0,-52,54,-15,36,0,-12,-10,-8,52,36,2,23,52,-40,-23,72,-64,8,0,16,-7,47,-50,-4,-11,2,7,9,-5,-26,13,21,-6,10,-39,0,13,-15,-51,-18,45,22,-4,-19,-5,-6,56,266655
-18,0,55,0,-9,-5,47,55,0,26,-38,68,41,8,6,-7,-25,10,10,13,2,-22,6,28,-10,29,12,21,13,39,47,-1,-17,-23,10,-17,21,-8,16,37,-29,34,20,0,-36,4,0,-4,-1,-33,-12,-26,-39,-29,-15,2,-11,-10,27,49,24,-47,38,18,26,0,-1,-9,6,-1,0,-4,0,6,14,24,7,0,-6,-43,-63,8,36,76,10,-14,-19,-13,5,-8,-7,-4,16,-41,-30,-28,-17,-70,-2,-37,10,23,17,-10,17,-54,-15,0,14,19,0,42,31,59,0,-51,-20,-5,0,-43,14,-36,0,3,-20,10,-6,-48,-4,-7,11,10,-27,-17,9,0,5,39,28,-14,30,-4,-31,-10,0,-20,30,-26,-10,65,-25,6,45,0,-27,25,-52,15,48,33,-6,-2,-3,-16,26,-50,8,-34,1,-10,13,18,36,-47,9,0,29,-18,-5,-4,13,70,-3,7,0,-20,22,-14,24,0,-9,5,5,20,1,22,12,29,-18,-5,25,-44,1,0,-15,-15,26,-26,12,-31,-7,8,-3,-7,-11,12,2,7,4,-50,-19,14,-19,53,-2,19,21,-55,-31,-6,-36,73,266815
-33,15,16,0,-13,-10,54,41,0,14,-31,74,29,38,22,-16,-10,12,-18,-25,30,-17,-10,63,-39,23,9,13,55,19,57,29,-36,25,36,-8,40,-20,-37,47,-26,11,10,16,-2,-2,0,12,1,-7,-1,25,-27,4,-33,28,-10,-21,28,44,65,-31,56,35,55,0,-32,-11,16,0,0,-19,-20,43,33,11,-3,-11,15,-14,-57,-8,11,57,27,-3,-56,-40,-6,-34,27,26,83,-41,-14,-67,14,-59,9,-52,9,13,31,-1,57,35,-52,0,25,41,0,21,27,74,19,-85,-50,13,0,-40,7,-13,0,29,-57,14,-28,-54,-11,-10,-2,21,-3,0,32,0,17,19,13,-14,40,17,41,-22,-11,-17,37,-29,-8,43,-35,-5,40,0,-35,18,-26,44,59,3,2,16,-10,16,48,-47,9,-45,0,-2,-7,-8,59,-26,-10,0,26,-15,-4,-21,42,76,-6,19,0,-58,49,-5,9,0,-17,15,12,42,19,9,9,89,-47,11,47,-79,-12,0,20,-54,45,-36,24,-22,24,-25,13,1,-15,4,10,6,22,-52,-9,3,-8,30,15,35,5,6,-57,5,-11,62,266895
-29,-1,28,0,0,-13,28,18,0,17,-32,51,20,16,7,-5,-46,10,-15,-16,23,31,-17,37,-45,38,-8,-1,24,24,28,0,-7,-13,45,-20,34,-13,-3,19,-24,27,17,9,-43,-7,0,-2,8,-22,2,-23,-30,-6,-6,2,-7,-62,33,47,38,-44,31,20,15,0,-30,12,-18,6,0,-8,-21,41,-29,15,9,-57,9,-7,-47,-10,0,27,37,1,-41,-22,37,7,20,11,37,-23,-34,-47,11,-52,4,-18,-2,6,14,0,-17,70,-11,0,52,36,0,8,20,42,9,-41,-7,21,0,-24,-5,-49,0,26,-47,0,12,-40,9,-10,-3,-44,-50,-4,26,0,11,28,23,20,19,14,66,-6,12,-31,26,27,7,23,-38,3,50,0,-61,22,-36,-1,40,30,0,4,10,30,16,-38,14,-31,43,-3,0,27,35,-33,-8,0,11,-7,3,-11,43,52,7,-45,0,0,11,-5,1,0,-4,-4,-3,-1,19,-4,8,38,-50,30,34,-41,-23,0,-37,-7,26,21,51,-10,9,-14,-1,-23,20,14,11,15,5,-47,-18,11,-7,25,1,21,-19,-74,-51,5,-15,25,267287
-22,40,52,0,-8,1,66,37,0,3,-34,83,16,-45,16,-25,-10,-14,43,12,-19,4,15,44,-60,22,-34,4,52,52,69,9,-42,-3,70,25,58,-33,-58,12,5,29,13,0,11,-4,0,6,9,24,19,-10,-33,16,-38,6,4,14,-29,-4,47,-6,69,38,14,0,-6,30,37,18,0,-6,0,2,-17,-2,13,6,3,-25,-52,-2,24,42,-47,18,-25,-22,-13,-13,-20,2,46,-52,16,-35,15,-51,-8,-43,17,31,15,-6,-14,-16,-48,0,-44,56,0,-21,21,72,43,-52,-42,-13,0,-51,-37,-35,0,67,-37,-8,-14,-17,-13,-17,-9,45,5,43,66,0,5,61,19,5,19,6,-16,-44,20,-5,51,-36,-29,38,-30,-25,-7,0,6,25,-5,14,46,54,44,-1,-13,29,28,-57,21,-51,-13,34,6,11,50,-6,50,0,33,-26,-22,-5,-1,89,-32,44,0,-37,29,-10,27,0,-12,36,-11,18,14,1,37,49,-62,-12,37,-40,14,0,21,-46,52,-37,-44,-46,1,9,5,-16,4,15,-10,11,15,-36,-9,14,16,13,-6,37,31,0,-34,-11,5,46,267430
-32,5,44,0,-15,-15,38,31,0,-3,-40,64,-18,26,12,-19,-28,7,-6,-2,5,-11,0,51,-28,19,4,10,-20,44,39,18,-56,29,50,17,33,-13,-73,6,-35,28,10,11,12,5,0,-1,-10,15,4,17,-38,-15,-53,20,-4,-16,37,62,50,-39,-4,51,8,0,-43,-9,51,-2,0,-18,-39,20,9,-8,14,3,5,-11,-42,-16,-1,71,29,3,-12,-54,-12,-50,3,8,65,-26,19,-27,12,-44,4,-52,-1,13,-1,-24,17,4,-52,0,-13,38,0,12,5,51,35,-50,-47,31,0,-26,5,-27,0,27,-19,-13,-47,-17,-14,-15,5,25,19,21,27,0,15,58,54,-20,27,-6,12,-26,-12,-1,38,-39,-20,32,-35,-31,49,0,-17,23,-31,47,33,54,21,-16,-15,21,50,-55,-7,-52,-21,1,-26,53,34,-33,-1,0,36,-24,-32,-20,22,66,-21,26,0,-74,48,-26,7,0,-17,5,-14,49,19,11,41,66,-28,38,44,-43,24,0,1,-47,34,-47,-9,-20,3,-3,0,-14,-21,12,11,-4,11,-24,-19,8,-25,-21,-14,52,52,-16,-23,-14,-8,72,268331
-27,34,35,0,-17,-35,58,1,-33,7,-22,50,-10,-3,6,-30,3,41,4,-58,32,-49,1,72,28,-16,17,5,2,30,62,3,-66,30,47,18,73,-20,-60,69,-3,-18,0,27,-4,-13,-32,-2,-24,21,32,36,-21,25,-66,2,15,-14,20,68,72,10,11,54,67,-27,-68,-8,16,-6,-31,-18,-62,13,-75,2,-8,-29,5,7,-49,-35,-21,82,-13,33,-37,-39,-5,-26,34,16,28,-25,3,-45,36,-48,7,-9,0,61,4,3,-60,-4,-63,-32,7,73,-27,22,15,92,18,-41,-9,40,56,-23,19,10,-33,33,-46,-6,-27,-8,-13,-21,-16,49,-13,-2,31,-4,30,88,62,-42,41,12,10,-63,-6,0,24,-26,0,0,-26,0,61,-30,-17,2,-32,34,44,87,-4,35,-14,40,43,-73,20,-72,-6,-15,-14,52,47,-33,3,56,23,-28,1,-11,15,49,-2,46,-33,-85,43,0,52,0,-18,27,-4,33,39,8,10,21,20,39,76,-38,2,-3,58,-60,27,-24,10,-59,15,-63,0,0,-42,-11,40,-12,4,-13,-1,-9,-2,-18,30,53,8,52,-33,-4,18,85,268619
0,4,89,-16,-5,-57,12,-22,-33,13,-34,55,-45,-73,19,7,22,2,49,14,-38,-59,-10,30,-9,-61,-6,2,85,87,18,-22,-60,35,49,20,56,-17,-42,72,-15,-55,3,27,-62,-4,-38,1,-16,19,6,42,-32,-29,-52,-25,-7,33,-29,-7,21,-24,100,43,75,-13,29,17,-24,-37,-38,-2,16,27,5,12,-1,-50,6,46,-61,-58,-25,42,-100,6,5,18,44,-56,-46,25,63,-53,14,-73,31,-60,5,-38,-6,71,-14,-35,16,21,-2,-33,-43,71,-13,-6,28,47,-22,9,-37,-30,55,-48,-10,17,-29,49,-57,-18,-58,-60,7,-15,-3,9,-44,-34,55,-22,31,9,16,-33,45,38,50,48,24,-9,53,-10,-30,-16,-9,-31,-31,-27,7,15,-12,56,32,-4,-28,9,14,-20,57,-51,-8,-39,43,-16,-16,-11,32,-12,56,61,46,2,-55,8,45,60,-23,6,-34,-61,66,-27,75,-15,-6,9,-31,57,-2,1,-19,83,-3,-20,38,29,27,-22,5,-7,58,-29,-39,15,15,9,0,42,-37,4,-7,-34,16,-44,-2,10,-22,-45,33,48,-26,-21,5,-5,-17,46,270379
-24,9,39,0,-19,-58,35,26,-38,-12,-44,54,-23,1,12,-24,0,4,6,-42,9,-71,21,49,-1,44,17,-1,40,34,36,14,-64,14,25,-5,55,-29,-45,49,-34,39,-5,21,-14,-19,-38,-1,-26,-4,18,18,-42,-26,-62,13,-14,-9,7,22,49,-37,58,52,52,-6,-5,37,20,-39,-38,-16,-5,40,41,-16,-6,-5,17,-10,-62,-59,-12,61,-2,16,-21,-33,-6,-33,3,22,96,-26,-10,-76,25,-62,14,-56,3,48,4,-22,54,1,-45,-38,6,62,-7,31,16,74,23,-55,-57,-18,66,-23,19,-1,-12,17,-64,-21,-25,-37,-18,-1,-21,32,-5,-44,19,-1,24,49,16,-56,56,43,10,13,37,-15,31,-35,-27,26,-27,-32,12,-12,-14,3,-23,46,26,61,-44,5,-16,-5,55,-59,-22,-58,0,8,-36,13,29,-25,5,66,31,-23,-31,-15,36,54,-21,31,-38,-93,52,-20,45,0,-24,9,-22,40,28,-1,17,88,-2,-9,56,-46,-8,0,28,-44,32,-32,15,10,20,-41,-1,6,-57,-8,2,-24,12,-32,-14,-6,-31,-28,4,52,22,20,-20,-1,-14,58,271512
-23,3,58,0,-11,-38,58,32,0,45,-23,40,0,-25,15,0,-15,40,9,-10,43,-26,17,30,-61,12,9,12,23,58,51,5,-57,8,28,21,32,-7,-19,-26,-38,15,18,23,-17,-24,0,5,0,17,2,1,-21,-23,-54,7,-22,-10,47,-5,33,-42,25,35,-16,0,-19,6,38,-7,0,4,-13,8,-6,39,15,-5,12,-2,-43,-40,-2,36,-39,3,-11,-20,-12,-22,42,4,66,-1,-16,-39,8,-41,7,-40,9,11,9,-3,-1,-17,-11,0,40,30,0,29,13,52,11,-52,-42,-8,0,-3,11,-17,0,20,-37,-11,-22,-28,8,-15,-27,37,-9,12,18,0,30,15,64,-31,35,-8,-11,-29,4,-17,30,-8,25,33,-24,5,-7,0,-11,23,0,22,25,4,14,0,8,-15,40,-20,-21,-20,-5,-3,-21,64,23,-4,8,0,19,-4,7,3,11,41,26,38,0,-44,40,-4,5,0,-11,0,-12,25,24,10,7,72,-52,-4,49,-35,-13,0,-35,-4,31,-10,47,-16,2,-16,5,-5,-32,14,42,-3,15,-39,-14,13,-19,-1,-2,34,31,-38,-24,5,-23,38,271873
-28,-19,26,0,-5,-48,22,55,0,-15,-30,52,-4,10,10,-37,-21,35,-10,-11,17,-66,-3,48,6,47,36,-5,85,29,24,-22,-70,4,20,-17,72,-31,-22,89,-43,49,5,16,-50,-39,0,-11,-22,-10,14,20,-28,-21,-67,-16,-29,-45,52,58,54,-42,83,32,98,0,-3,-30,-36,-1,0,-1,6,67,25,-16,-10,0,10,-27,-61,-52,-5,56,14,11,-71,-57,43,-57,13,31,48,-24,-40,-62,16,-63,8,-6,8,54,26,-6,34,48,-3,0,66,69,0,44,31,71,-4,-22,-8,32,0,-13,30,-3,0,-21,-57,10,-47,-40,-6,-22,-46,-21,-41,-38,-17,0,20,-21,2,-71,63,23,47,34,-35,-32,1,35,-5,56,-37,-5,58,0,-44,7,-56,60,50,-17,-37,42,-2,35,33,-56,-22,-49,57,-1,-35,9,55,-61,0,0,30,-35,-1,-7,58,58,0,-24,0,-100,40,-6,47,0,-8,-20,4,50,19,-9,-3,39,3,26,56,-9,-44,0,45,-11,3,21,72,25,30,-16,-10,17,-76,-16,25,-30,7,-48,-18,-10,-19,-11,43,30,-32,27,-58,24,-26,52,272026
-16,-2,20,-2,-21,-60,36,29,-30,-4,-18,27,-32,17,7,-28,6,11,10,12,23,-71,23,38,30,74,20,-4,-37,30,43,-11,-74,63,16,-11,37,-17,-34,19,-32,70,1,29,-8,-27,-30,-5,-57,-3,31,68,-17,-20,-76,-10,-3,-10,40,41,40,-13,-17,34,18,-14,-39,-2,37,-44,-30,-23,-40,42,27,-4,-3,-28,12,5,-24,-63,-20,35,13,32,-37,-15,13,-31,23,28,68,-21,-11,-34,29,-26,12,-24,19,59,13,-6,34,-10,-32,-35,12,41,-14,25,-2,64,35,-35,-31,31,56,-17,14,29,-19,11,-33,-7,-38,0,-4,-25,-31,22,-5,-43,13,-9,30,84,34,-56,57,2,-3,-8,-5,-9,17,-10,-13,26,-16,-31,36,-16,-21,5,-26,36,19,74,-44,12,-5,4,38,-66,-31,-65,14,25,-59,23,20,-24,18,58,42,-26,-27,-21,42,27,-11,21,-30,-94,36,-4,41,-3,-23,-4,-9,40,21,-3,35,63,28,32,60,-26,-18,-8,51,-38,21,-9,19,-20,27,22,-3,9,-57,-3,8,-30,4,-1,0,-7,-50,-39,10,36,37,63,-28,-2,2,34,272723
-43,-32,14,0,-24,-25,36,20,0,52,-43,69,7,74,23,-11,-39,50,-34,-33,66,-4,30,54,0,22,-11,38,-30,28,48,45,-75,52,48,-7,27,-30,-33,43,-38,17,12,32,-9,-21,0,18,-6,-3,7,52,-38,26,-72,45,-23,30,71,61,57,-43,-26,51,43,0,-30,-40,48,-12,0,15,-32,24,83,49,0,15,8,-58,-57,-27,46,62,65,3,-31,-57,-59,-20,68,0,89,-5,-35,-24,15,-58,1,-51,22,61,57,-45,94,28,-34,0,53,27,0,59,22,78,5,-62,-52,31,0,-3,-16,-12,0,48,-18,4,-24,-38,-4,-19,-26,7,2,15,52,0,33,59,38,-7,42,3,10,-47,-40,-1,53,-33,7,15,-41,-39,57,0,21,19,-29,34,50,54,14,-20,-4,1,61,-38,20,-39,-52,-53,-22,26,56,-26,-17,0,33,-7,-40,-1,25,70,5,7,0,-59,63,-38,51,0,-23,-25,2,39,50,39,1,75,-13,36,59,-57,-47,0,-14,-33,58,-31,51,-40,3,-42,17,-8,-6,-5,50,14,20,-39,16,-10,-7,5,-22,54,51,-9,-30,12,-17,65,273695
-44,42,18,0,-11,-86,46,-9,0,-53,-31,24,-88,83,9,-16,2,41,-27,19,68,-81,11,74,-31,10,-5,-8,19,29,51,19,-97,71,19,32,72,-31,-68,13,-25,21,16,66,62,-56,0,4,-6,30,13,58,-28,-14,-100,11,-25,-31,68,40,76,-2,34,65,32,0,25,-31,24,-28,0,-16,19,59,-45,-57,1,13,6,1,-46,-83,-49,71,96,17,-24,-83,-34,-58,56,3,67,-33,-57,-1,67,-50,15,-32,17,62,25,-8,-37,3,-83,0,44,58,0,19,13,94,28,-61,-52,45,0,-35,-3,58,0,-3,-2,-7,-56,-12,-24,-19,-57,29,61,-49,-5,0,65,73,92,-93,83,34,3,-10,-36,-1,1,-14,-20,-8,-38,-11,27,0,-50,22,-29,73,56,81,-51,22,-27,39,61,-74,-22,-78,-14,-28,-82,91,45,-24,-13,0,52,-9,-2,-4,52,20,-10,26,0,-100,49,-4,-10,0,-13,44,-3,72,-4,-6,0,65,7,32,42,-58,-51,0,73,-78,8,7,51,20,14,18,3,23,-90,0,47,-48,5,-41,-35,-3,-81,-94,3,58,13,84,-34,-4,-20,50,273982
-30,-7,58,0,-18,-46,35,51,0,34,-49,54,-19,33,12,-4,2,28,-14,-2,43,-27,31,36,-68,-5,14,34,51,52,37,10,-64,-29,30,6,8,-14,-19,-2,-54,-14,25,23,7,-9,0,2,-7,2,-15,-33,-48,-4,-61,6,-16,-9,58,55,41,-52,71,45,4,0,-24,-39,8,-45,0,-24,10,-5,-14,31,15,-2,9,-23,-68,-41,14,38,18,-13,-42,-16,-16,-31,37,0,48,-13,-7,-26,10,-70,7,-57,20,50,-6,-25,-16,-20,-13,0,20,17,0,25,24,72,27,-52,-58,17,0,-13,15,-20,0,16,-21,-4,-30,-47,0,-19,-10,18,16,-33,18,0,25,20,24,-29,34,-10,-23,-2,-48,-21,30,-10,-2,54,-34,-16,56,0,-23,34,-27,27,48,12,-30,-24,2,-43,58,-49,2,-44,-15,-5,-6,10,48,-32,-15,0,27,-9,-11,-18,-7,54,5,16,0,-69,52,-32,41,0,-18,-20,-8,30,24,34,9,50,-67,13,40,-45,-2,0,-10,-11,41,-21,26,-18,-2,-4,0,-7,-29,16,22,-11,12,-37,-5,12,-4,-22,-22,48,-1,-29,-44,-1,-21,34,274506
-4,18,46,-38,-14,-85,45,23,-39,-37,-44,14,-50,50,17,-20,0,72,8,-18,44,-98,-5,77,-17,58,33,13,-10,47,54,16,-91,72,0,-27,39,-13,-16,63,-43,64,27,50,25,-25,-32,3,-15,-23,14,86,-41,0,-88,18,-17,-26,51,65,80,-46,-4,51,56,-14,-40,-58,39,-55,-32,-9,-19,29,54,-40,10,19,6,-4,-70,-91,-25,66,32,11,-28,-30,-42,-85,45,18,77,-25,-19,-49,38,-72,5,-36,5,54,23,2,75,40,-20,-42,51,40,-16,55,33,78,22,-54,-34,0,58,-19,25,40,-27,-14,-43,10,-83,-32,-24,-10,-33,6,35,-87,-9,-34,55,64,34,-91,76,21,42,-62,-65,-14,19,-21,-26,22,-10,-11,57,-24,-39,33,-32,83,58,63,-88,16,-24,-12,66,-88,5,-84,-43,24,-64,15,59,-34,12,60,25,-18,-8,-8,31,19,-25,5,-39,-100,67,0,56,-38,-19,12,10,83,8,10,21,80,-31,3,57,-49,-20,-35,66,-25,24,-34,60,-45,13,-14,3,53,-95,9,64,-50,16,-35,-3,12,-57,-55,12,52,26,52,-25,13,-16,70,274690
-5,-3,36,0,-10,-16,36,28,0,6,-24,67,15,-3,14,-7,10,7,13,1,-16,15,7,24,-1,41,2,15,64,37,40,3,-18,-28,48,-7,35,-19,-20,58,-21,39,13,5,-21,0,0,1,8,-8,9,-21,-22,4,-17,3,10,-28,3,38,25,-22,85,24,60,0,21,5,-18,6,0,1,34,29,20,5,0,-33,18,-3,-43,-10,11,52,-19,11,-47,-10,16,-30,-25,24,69,-23,12,-54,8,-47,17,-33,12,36,6,-13,36,10,-23,0,15,48,0,8,28,58,-10,-38,-23,3,0,-20,7,-16,0,25,-41,12,-22,-50,10,-5,4,-7,-6,-11,28,0,5,-4,-1,6,24,14,32,23,10,-18,12,7,-39,35,-13,-5,34,0,-46,14,-31,26,26,-3,-6,7,14,14,51,-39,23,-28,16,9,5,-28,24,-35,26,0,31,-10,-10,-2,39,70,-27,-8,0,-42,46,-15,29,0,-12,-8,5,21,9,14,-17,71,-3,21,27,-36,25,0,30,-27,16,-5,20,5,14,3,2,4,8,2,-5,11,13,-40,-1,4,-1,18,18,30,-23,-4,-43,6,1,56,274759
-52,-93,54,0,-39,-18,-29,86,0,55,-100,69,-4,19,-6,-23,-39,31,-32,-46,51,-22,69,49,-100,-63,6,63,-25,34,-30,-8,-53,-70,14,-12,-10,-22,-11,-42,-48,-61,42,10,50,-16,0,-26,-55,-23,-25,-82,-100,-27,-48,-12,-40,-42,78,57,39,-82,1,80,-40,0,4,-66,24,-50,0,3,-14,42,-36,56,23,43,-7,-67,-100,0,47,42,19,-22,-42,-52,-81,-28,46,-22,46,-7,-65,2,-3,-100,-14,-85,68,16,31,-78,-37,19,-42,0,56,-15,0,21,13,90,-33,-100,-82,-19,0,-10,13,-58,0,-14,21,-21,-15,-53,15,-37,-7,-38,68,-22,-4,0,11,10,79,-26,48,-9,23,6,-64,-37,16,-54,15,99,-65,-38,42,0,-47,53,-36,19,78,-10,-7,-57,16,-45,97,-70,20,-51,-88,-2,-27,63,72,-40,-33,0,58,-28,-52,6,38,68,13,-40,0,-57,100,-85,-60,0,-46,-89,-26,19,-28,62,-16,55,-100,-31,-23,-93,-40,0,-12,-39,19,-59,43,-45,-16,-30,-27,-1,-26,35,29,-18,-10,-39,-50,28,-45,11,-64,80,38,-86,-51,-9,-59,43,274932
-24,52,39,0,-4,-45,-5,7,0,-30,-7,34,-27,-11,12,0,-15,23,8,-22,43,-36,-54,25,-13,10,7,11,52,46,-3,14,-55,29,11,11,9,12,-21,-6,-52,4,31,22,-16,-11,0,8,14,14,-29,31,-5,-29,-56,16,-34,-11,55,65,26,-45,58,25,-3,0,-30,-6,8,-11,0,0,-34,15,8,-32,12,15,-9,-18,-23,-48,-28,60,-11,-28,-17,-23,-26,-23,45,3,-9,-21,-25,-29,17,-24,-8,-34,-15,78,37,5,9,-38,-26,0,12,5,0,12,29,58,21,-33,-38,26,0,-20,4,0,0,4,-27,6,-28,-30,-20,-7,-16,4,-10,-9,6,0,22,26,-7,-43,45,0,-39,-31,-7,-3,40,-30,-8,8,-23,9,64,0,-7,29,3,35,28,34,-13,-5,-20,1,23,-45,-41,-50,-26,18,-52,-3,34,6,9,0,38,0,15,-2,10,32,-9,6,0,-39,24,5,72,0,-4,55,5,37,-6,9,27,0,-10,23,12,-27,-33,0,-13,-27,36,-30,14,-31,5,-24,10,-11,-42,22,19,-15,7,-26,-16,18,-46,-30,-11,27,10,1,-11,-4,-28,58,274947
-81,-5,24,0,-46,-73,-52,89,0,27,-62,64,0,81,22,-17,-75,61,-79,-50,100,-89,67,35,10,15,13,72,-55,31,-49,42,-100,-40,-14,9,-75,-29,-48,35,-97,20,44,37,12,-62,0,12,-3,15,-51,-20,-62,-58,-99,45,-100,42,100,81,28,-93,-29,65,34,0,-82,-100,63,-90,0,-22,-90,5,66,32,18,1,-17,-61,-65,-75,-12,87,84,-52,27,-51,-100,-14,96,-30,55,12,-71,-39,9,-66,-10,-67,52,52,-11,-45,65,-46,12,0,74,-61,0,46,-11,93,-42,-76,-68,-11,0,21,1,-38,0,-20,-32,7,0,-93,-17,-38,-64,24,12,-73,-6,0,35,-7,-73,-90,75,-18,-28,-63,-100,-43,74,-23,11,89,-86,-11,80,0,27,54,-5,37,78,-13,-68,-68,-12,-19,100,-63,-58,-55,-100,-38,-58,-80,83,-9,-73,0,67,-17,-20,-18,5,68,19,20,0,-100,96,-42,48,0,-41,-9,7,30,16,72,-35,52,4,2,13,-66,-78,0,-19,1,80,-14,75,-71,-36,-35,13,-26,-91,21,48,-61,19,-77,-37,21,-47,-2,-56,72,69,-30,44,-10,-94,85,275168
-3,-27,25,0,-11,-29,48,24,0,45,-48,47,5,46,9,-18,45,28,-7,0,1,-39,2,43,-41,-6,31,0,19,25,56,-3,-48,25,39,0,62,-32,-31,27,0,-25,-12,26,29,-14,0,0,-54,3,41,31,-47,11,-43,-1,29,-19,-2,38,44,1,22,51,30,0,25,-20,20,-28,0,1,52,34,21,39,-5,-1,7,28,-56,-33,-3,49,47,37,-57,-24,-5,-46,0,12,63,-12,26,-30,42,-59,9,-39,8,30,-15,-12,33,31,-32,0,21,67,0,38,24,84,-34,-45,-21,-18,0,-8,27,19,0,27,-30,-12,-41,-18,5,-3,-18,5,30,-6,33,0,32,42,47,-23,41,41,33,-46,-14,-10,9,10,2,26,-7,-15,27,0,-31,0,-22,41,22,40,-4,11,6,-49,57,-52,22,-44,-6,-15,-7,48,25,-25,-1,0,0,-20,-19,4,33,53,4,6,0,-74,56,-15,22,0,-12,-26,-18,39,38,0,-34,59,-48,-6,72,-47,25,0,49,-33,3,1,27,-57,7,-3,1,37,-28,-11,20,-7,6,-22,1,-8,6,0,22,50,11,22,-62,9,25,56,275328
-20,19,68,0,-18,-83,19,28,0,-21,-36,39,-21,29,8,-28,12,24,29,-33,27,-79,29,63,3,60,19,4,7,62,29,8,-78,45,18,-1,58,-24,-24,45,-22,58,13,26,-12,-26,0,0,-5,0,21,42,-34,-16,-70,15,-17,-10,56,65,66,-31,15,44,51,0,-38,24,27,-50,0,-7,-24,31,15,-27,6,-2,10,-18,-48,-83,-13,73,22,16,-41,-16,-8,-38,30,24,89,-10,-51,-53,29,-52,14,-36,21,32,39,-16,34,-28,-52,0,26,55,0,45,41,91,47,-57,-33,6,0,-8,22,-5,0,18,-49,-18,-35,-22,-27,-5,-31,18,-12,-42,16,0,36,54,37,-63,65,39,-25,-9,24,-16,34,-27,-14,30,-29,-32,61,0,-18,20,-37,53,41,50,-43,-4,-29,-25,41,-69,-1,-65,-10,29,-48,30,48,-39,38,0,28,-37,-29,-14,29,45,-18,18,0,-82,33,-18,31,0,-15,20,-18,54,11,0,47,78,5,11,49,-51,-47,0,47,-46,36,-30,26,-6,20,-39,2,21,-68,0,22,-29,8,-33,-6,5,-35,-29,-8,44,24,4,-42,-2,-20,71,276817
-18,6,67,0,-4,-80,56,9,0,-8,-49,16,-58,64,19,0,-4,8,14,12,-3,-71,8,71,9,42,20,-3,2,70,58,18,-54,71,22,4,65,-6,-46,82,-56,36,8,30,24,-31,0,10,-9,10,10,79,-47,-36,-52,17,-37,17,26,11,72,-61,11,64,82,0,-8,18,31,-28,0,-13,-8,52,7,-11,2,-16,13,6,-63,-83,-40,56,58,9,7,-13,-40,-38,-2,10,69,-35,-45,-16,25,-63,8,-43,10,46,8,-22,20,19,-4,0,2,64,0,17,25,69,-24,-31,-38,-26,0,-29,17,-1,0,25,-17,1,-29,-34,-26,-12,-32,10,22,-36,29,0,31,39,75,-54,55,42,25,-51,22,0,15,15,-6,10,-24,-28,3,0,11,15,-19,50,24,33,-35,17,-26,10,80,-38,-31,-36,-40,14,-54,61,27,-21,23,0,16,1,-32,-12,55,20,-5,8,0,-92,84,-24,46,0,-6,5,0,46,13,-7,-27,68,6,-26,43,-31,-45,0,25,-8,16,11,1,-54,11,9,9,14,-56,0,4,-29,19,-45,6,-1,-49,-60,19,60,29,10,8,4,-37,58,277029
8,22,76,0,-10,-76,22,40,0,-4,-61,48,-36,-7,11,-12,26,8,39,-40,-38,-74,21,57,48,34,38,0,46,76,32,-54,-67,54,24,4,64,-51,-28,91,-39,44,14,27,-66,-20,0,-11,-33,10,6,72,-58,-61,-62,-49,-28,-4,-7,41,56,-36,60,32,88,0,-13,8,6,-41,0,12,4,67,4,-6,11,-44,2,18,-92,-82,-32,85,-4,3,-29,14,51,-62,-39,37,85,-46,-11,-49,24,-92,11,-21,13,67,0,-11,27,16,1,0,15,63,0,13,21,60,-14,3,-5,17,0,-36,30,28,0,7,-43,-12,-62,-46,10,-19,-26,22,-52,-54,14,0,35,0,73,-50,62,60,31,-9,6,-20,21,40,-27,41,0,-7,19,0,-11,24,-42,63,15,27,-51,19,13,-16,48,-54,-49,-45,63,55,-44,64,21,-46,50,0,39,-15,-13,16,72,58,-27,21,0,-87,46,-10,71,0,-10,23,-16,63,-9,0,1,84,39,34,37,6,-7,0,29,-11,18,31,13,-28,28,-40,-12,42,-55,2,-3,-50,10,-49,5,13,-35,-44,29,33,9,6,-13,13,-29,85,278146
-32,23,17,0,-7,-27,49,24,0,31,-21,61,6,18,14,-15,-1,20,-17,1,28,-19,-23,36,-1,-4,20,14,28,30,54,8,-56,21,46,9,78,-22,-28,40,-24,-9,-5,30,-2,-24,0,14,-2,10,24,18,-20,20,-55,12,7,-10,25,21,41,-29,39,54,49,0,-11,26,28,11,0,-7,2,42,-56,29,-6,-41,11,-13,-29,-28,20,74,7,23,-51,-54,1,-16,27,0,67,-7,-23,-39,39,-30,13,-51,-4,54,33,-19,-44,39,-47,0,41,76,0,41,33,85,-26,-49,-43,10,0,-3,12,-13,0,34,-31,6,-14,-25,-20,-12,-27,32,5,18,40,0,32,54,73,-17,45,15,42,-30,28,-4,47,-17,21,25,-33,-40,17,0,-12,3,-15,28,36,50,20,-4,-17,29,49,-36,20,-36,1,-26,-18,61,34,-17,-5,0,36,-13,-36,-3,42,61,23,33,0,-49,48,-23,38,0,-8,23,0,29,45,12,-23,60,4,12,71,-43,-26,0,25,-49,46,-28,40,-49,-2,-4,13,-6,-19,-10,22,19,12,-30,5,-11,-15,8,-3,56,20,25,-57,3,7,75,278523
9,-18,100,0,-6,-71,2,63,0,-26,-60,92,-24,3,17,0,60,-44,80,0,-81,-45,0,25,18,47,-28,20,14,91,5,-29,-45,9,56,29,54,-15,-45,37,-45,40,28,18,-18,-1,0,-10,-32,24,-16,5,-61,-39,-41,-29,-29,-20,-18,39,22,-47,36,57,33,0,15,-5,16,-61,0,17,14,57,62,-26,12,-67,28,-13,-87,-62,-3,62,7,-14,-45,44,16,-77,-82,39,62,-38,21,-38,17,-86,29,-17,12,61,-1,-40,71,-19,-35,0,-39,54,0,-29,35,45,-10,-12,-9,17,0,-36,-27,38,0,48,-37,-13,-75,-17,5,-27,2,-1,-15,-64,53,0,23,-27,32,-4,55,29,-9,9,-8,-19,20,-16,-74,67,3,-42,26,0,-31,31,-26,56,31,-13,-58,3,8,-41,62,-31,-18,-21,15,74,-23,22,25,-26,83,0,22,-2,-53,26,61,91,-75,-3,0,-63,65,-38,49,0,-10,-12,-16,58,-35,20,-6,62,10,20,-12,-11,39,0,31,-37,19,-18,-40,-2,36,0,-9,58,-6,16,-47,-40,16,-16,1,27,-32,-22,1,55,22,0,-50,14,-41,63,278664
-35,-24,-2,0,-9,-12,5,31,-29,17,-58,79,-3,15,5,-19,-19,13,-11,-8,38,-40,40,50,3,69,-17,0,-47,0,8,-1,-56,24,26,-25,66,-5,-21,22,-43,67,-7,20,0,-11,-22,0,-7,-26,2,27,-60,4,-59,-8,-7,16,27,75,52,-38,-27,51,22,-1,-41,46,15,-10,-22,9,-28,49,44,19,-20,-41,20,-10,-85,-7,4,59,10,3,-54,-55,12,-7,32,49,74,-30,-14,-31,20,-82,14,-55,21,31,29,-27,56,-54,-56,-27,45,71,-1,52,20,74,45,-20,-57,76,66,-30,-16,-3,-12,32,-26,-16,-7,-7,-15,-19,-6,35,4,-13,32,0,20,81,31,-27,49,2,-48,-51,48,-13,25,-21,-3,31,-31,-22,73,-12,8,-3,-80,36,47,90,-10,28,-16,31,28,-46,8,-48,17,-18,-26,20,47,-77,-6,69,14,-22,-23,7,52,75,-1,32,-29,-57,28,-25,18,0,-10,-37,-19,36,28,0,41,65,0,70,54,-11,-11,0,49,-58,35,-30,41,-63,44,-7,-1,4,-24,-19,17,-7,9,-6,-10,-11,-28,1,32,51,13,42,-52,0,-13,61,278737
-8,-21,33,0,-5,-38,22,49,0,11,-45,60,2,5,13,-2,8,-7,-3,-28,-13,-31,-8,29,0,55,3,10,13,28,39,-11,-34,14,28,-12,34,-33,-29,22,-39,56,23,18,-25,-3,0,-2,-8,-11,0,26,-37,-19,-30,-7,-14,-41,22,22,31,-56,23,24,55,0,-12,11,9,-15,0,0,21,36,34,11,12,-22,15,-12,-69,-33,3,64,19,1,-57,-11,22,-45,-10,30,71,-52,-31,-54,8,-73,16,-13,0,58,24,-2,50,-6,-35,0,27,58,0,32,31,65,0,-47,3,5,0,-46,2,-15,0,6,-48,2,-22,-46,3,-15,-2,25,-36,-38,13,0,18,19,44,-27,39,1,14,-15,6,-20,-3,16,-13,54,-22,-9,15,0,-41,26,-38,41,41,26,-35,2,5,2,48,-41,6,-30,10,34,-29,24,43,-45,11,0,20,-2,-16,0,47,66,-19,28,0,-60,44,-7,58,0,-6,-20,-6,27,-1,7,-6,75,16,20,30,-51,-16,0,47,-42,-1,-5,10,-21,18,-27,-1,28,-30,12,-11,-11,14,-38,-6,16,-31,6,30,30,5,-8,-47,9,-23,65,278785
-48,-22,25,0,-14,-55,38,17,0,4,-30,58,-31,88,19,-14,-21,37,-21,0,69,-94,5,39,-1,34,39,5,36,27,43,20,-81,36,2,-7,61,-15,-8,52,-74,23,29,22,22,-24,0,9,-25,0,0,38,-32,-33,-74,25,-46,-58,79,21,46,-67,41,70,56,0,3,15,5,-74,0,12,21,41,14,-2,20,12,11,20,-51,-67,-42,42,55,-1,-40,-22,4,-32,68,35,96,-2,-45,-19,10,-46,2,-58,10,50,16,-27,19,-51,-28,0,25,48,0,72,8,68,14,-50,-54,39,0,1,33,-23,0,28,-12,-23,-35,-32,-10,-27,-33,0,36,-57,30,0,29,81,72,-72,68,29,-42,42,0,-25,10,-15,14,13,-51,-42,22,0,-63,41,-49,52,54,78,-61,1,-8,-14,60,-45,-50,-48,8,3,-61,73,67,-46,-18,0,18,-16,-44,11,49,65,12,0,0,-100,66,-29,35,0,-18,-22,-25,52,38,1,15,99,-14,30,76,-37,-62,0,0,-28,9,-23,34,34,36,-14,9,-16,-79,29,36,-30,19,-41,0,19,-30,-48,-1,66,-12,-7,-40,-5,-35,58,278857
-46,-32,-12,0,-19,-8,40,43,0,51,-41,66,34,80,14,-6,-26,35,-33,-25,56,-5,58,44,-76,21,37,15,48,-20,40,22,-49,-2,26,-10,10,-24,-21,12,-54,27,7,25,0,-16,0,3,-6,-8,-20,0,-40,-7,-46,26,-22,-42,58,45,43,-64,76,28,15,0,-11,-26,0,-16,0,-16,-23,27,31,49,6,7,5,-27,-62,-6,12,30,60,-20,-33,-50,-13,-4,52,10,61,-1,-33,-52,11,-63,7,-80,44,57,22,-5,27,19,-19,0,45,8,0,39,25,71,29,-70,-92,36,0,0,32,-30,0,14,-43,-6,3,-54,-7,-3,-14,38,10,2,20,0,25,38,18,-13,29,14,35,-7,-15,-13,42,-42,22,47,-49,-1,39,0,-56,19,-44,18,47,24,9,8,-5,1,38,-41,4,-34,-10,-22,-15,3,44,-42,-38,0,26,-8,4,-23,26,66,24,35,0,-40,36,-7,56,0,-19,-35,-6,13,33,15,35,54,-72,38,48,-58,-28,0,-11,-20,46,-48,47,-12,9,-26,2,-13,-13,6,34,3,12,-50,-10,11,-19,37,0,31,3,-29,-37,4,-28,23,279015
-36,-51,37,0,-13,-8,36,40,0,27,-76,67,34,43,6,-17,-18,-2,-5,29,22,-10,8,37,-55,64,12,17,-11,36,35,-28,-51,-33,45,-11,55,-14,-37,10,-36,61,33,14,-45,-1,0,-17,-15,-11,-12,-26,-75,-20,-43,-32,-26,20,17,6,39,-50,35,54,15,0,13,20,14,-14,0,-17,30,24,27,23,24,-4,6,-28,-100,-12,28,56,9,-14,-39,-31,1,-3,13,22,70,-50,-20,-43,0,-98,-1,-65,16,64,1,-30,40,14,-32,0,15,63,0,6,30,63,-38,-11,-67,11,0,-45,4,-40,0,8,-31,-11,4,-36,-6,-18,-8,16,-40,-11,15,0,21,60,75,-24,27,8,40,-51,16,-21,20,-19,-18,43,-47,-24,6,0,10,44,-52,10,60,51,-9,6,-2,1,70,-65,-6,-54,-3,10,-18,48,65,-56,0,0,32,-23,-33,-20,33,74,-9,14,0,-33,70,-28,55,0,-16,-55,-20,7,0,13,-43,82,-52,16,26,-5,-16,0,-10,-35,27,-30,24,-83,15,15,-17,-3,-30,26,-13,-10,5,-28,-31,24,-13,30,16,57,11,-49,-42,-4,-30,56,279703
