ca_noseSupratip_NN_XXX_R_A,fa_periorbital_NR_IXX_L_M,ca_noseColumella_NN_XXX_D_U,fa_submental_NR_XXX_L_M,fa_jowl_NL_IXX_D_U,fa_preplatysmal_NL_XXX_L_M,ca_noseAla_NR_ICX_D_U,ca_noseAla_NL_ILX_N_W,fa_lip_NR_IXX_L_M,fa_neck_NL_XXP_L_M,fa_forehead_NN_XMX_L_M,fa_jowl_NL_SXX_L_M,ca_earAntihelix_NL_IXX_D_U,fa_cheeksMiddle_NL_XXX_L_M,fa_earHelix_NL_IXX_L_M,ca_noseAla_NR_IXX_N_W,fa_cheeks_NR_XMX_L_M,ca_earHelix_NL_SXP_B_F,ca_earHelix_NL_SXA_N_W,ca_noseAla_NR_IMX_B_F,fa_submandibular_NR_XXX_D_U,ca_noseAla_NL_XXA_N_W,ca_earAntihelix_NL_SXX_B_F,ca_earHelix_NR_IXX_B_F,ca_noseAla_NR_ICX_R_A,ca_earHelix_NL_SXP_N_W,fa_cheeksMiddle_NR_XXX_D_U,fa_submandibular_NR_XXX_L_M,ca_noseSupratip_NN_XXX_D_U,fa_forehead_NL_XLX_D_U,ca_noseColumella_NN_XXX_R_A,ca_noseAla_NR_XXA_R_A,ca_noseTip_NN_XXX_D_U,ca_noseColumella_NN_XXX_B_F,ca_noseAla_NL_ICX_N_W,ca_noseAla_NR_XXA_B_F,fa_lip_NR_IXX_D_U,fa_cheeks_NR_XMX_D_U,ca_noseAla_NR_ICX_B_F,fa_nasolabial_NL_IXX_D_U,fa_nose_NN_XXX_L_M,ca_earlobe_NR_XXX_D_U,ca_noseAla_NL_ICX_B_F,ca_noseAla_NL_IXX_D_U,fa_nasolabial_NR_IXX_D_U,fa_orbital_NL_IXX_D_U,ca_earHelix_NR_SXA_N_W,ca_noseAla_NR_ILX_R_A,ca_noseAla_NR_ILX_B_F,fa_forehead_NR_XLX_D_U,ca_noseAla_NL_IMX_N_W,ca_noseAla_NL_SXX_N_W,ca_noseAla_NL_XXA_R_A,ca_eartragus_NR_XXX_B_F,fa_jowl_NR_IXX_L_M,fa_periorbital_NL_IXX_D_U,fa_orbital_NR_IXX_L_M,fa_preplatysmal_NR_XXX_L_M,ca_noseAla_NR_SXX_R_A,ca_noseSupratip_NN_XXX_SL_SR,ca_noseAla_NR_IMX_N_W,ca_earHelix_NR_SXP_D_U,fa_lip_NL_SXX_D_U,ca_eartragus_NL_XXX_N_W,ca_earHelix_NR_IXX_N_W,ca_earAntihelix_NL_SXX_N_W,fa_submandibular_NL_XXX_L_M,ca_noseAla_NL_ILX_R_A,fa_orbital_NR_IXX_D_U,ca_earHelix_NL_IXX_B_F,ca_earAntihelix_NR_SXX_B_F,ca_noseAla_NR_SXX_B_F,ca_earlobe_NL_XXX_D_U,ca_noseAla_NR_ILX_N_W,ca_earHelix_NL_SXA_B_F,fa_forehead_NR_XLX_L_M,ca_earHelix_NR_SXP_B_F,ca_earHelix_NL_IXX_N_W,fa_periorbital_NL_IXX_L_M,fa_jowl_NR_IXX_D_U,ca_noseTip_NN_XXX_SL_SR,ca_earAntihelix_NR_SXX_N_W,fa_cheeks_NL_XMX_L_M,fa_earHelix_NR_IXX_L_M,fa_nasolabial_NR_IXX_L_M,ca_noseColumella_NN_XXX_SL_SR,ca_noseAla_NL_IMX_R_A,fa_orbital_NL_IXX_L_M,ca_noseAla_NL_SXX_R_A,fa_lip_NL_IXX_L_M,ca_noseAla_NR_SXX_D_U,ca_noseAla_NL_IXX_B_F,fa_temporal_NR_XLX_L_M,ca_noseAla_NR_XXA_N_W,fa_orbital_NR_XLX_D_U,fa_nasolabial_NL_IXX_L_M,fa_cheeksMiddle_NR_XXX_L_M,ca_noseAla_NR_ILX_D_U,ca_earHelix_NR_SXA_B_F,ca_earAntihelix_NR_SXX_D_U,ca_earHelix_NL_IXX_D_U,fa_forehead_NL_XLX_L_M,ca_eartragus_NL_XXX_D_U,ca_earHelix_NR_IXX_D_U,fa_mental_NN_XXX_L_M,ca_earAntihelix_NL_SXX_D_U,fa_lip_NR_SXX_L_M,ca_noseSupratip_NN_XXX_B_F,fa_earHelix_NL_SXX_L_M,fa_orbital_NL_XLX_D_U,fa_forehead_NN_XMX_D_U,fa_jowl_NL_SXX_D_U,ca_noseTip_NN_XXX_R_A,ca_noseAla_NR_XXA_D_U,fa_cheeksMiddle_NL_XXX_D_U,fa_temporal_NL_XLX_L_M,ca_earHelix_NR_SXP_N_W,fa_submental_NR_XXX_D_U,fa_jowl_NL_IXX_L_M,fa_periorbital_NR_IXX_D_U,ca_eartragus_NL_XXX_B_F,ca_noseAla_NR_SXX_N_W,ca_earHelix_NR_SXA_D_U,fa_nasolabial_NL_SXX_D_U,ca_earAntihelix_NL_IXX_B_F,fa_orbital_NL_XLX_L_M,fa_orbital_NL_SXX_D_U,fa_submental_NL_XXX_L_M,fa_temporal_NL_XLX_D_U,ca_earlobe_NL_XXX_N_W,ca_earHelix_NL_SXP_D_U,fa_mental_NN_XXX_D_U,fa_lip_NR_SXX_D_U,ca_noseAla_NR_IMX_D_U,ca_noseSupratip_NN_XXX_N_W,ca_noseTip_NN_XXX_N_W,fa_orbital_NR_SXX_L_M,ca_earHelix_NL_SXA_D_U,ca_noseAla_NR_IXX_R_A,ca_noseAla_NL_IMX_D_U,ca_noseAla_NL_SXX_D_U,fa_nasolabial_NR_SXX_D_U,ca_noseAla_NL_IXX_N_W,ca_earlobe_NR_XXX_N_W,fa_temporal_NR_XLX_D_U,fa_mental_NN_IXX_L_M,ca_earAntihelix_NL_IXX_N_W,fa_neck_NR_XXP_L_M,ca_earAntihelix_NR_IXX_B_F,fa_jowl_NR_SXX_L_M,fa_orbital_NR_XLX_L_M,ca_earlobe_NL_XXX_B_F,fa_mental_NN_IXX_D_U,fa_cheeks_NL_XMX_D_U,ca_noseAla_NL_ICX_D_U,ca_noseAla_NL_XXA_B_F,ca_noseAla_NL_ILX_D_U,fa_jowl_NR_SXX_D_U,fa_lip_NL_IXX_D_U,fa_orbital_NR_SXX_D_U,fa_nasolabial_NR_SXX_L_M,ca_eartragus_NR_XXX_D_U,ca_noseAla_NR_IXX_B_F,ca_noseAla_NL_ICX_R_A,ca_noseAla_NL_IMX_B_F,ca_earlobe_NR_XXX_B_F,fa_submandibular_NL_XXX_D_U,ca_noseAla_NL_ILX_B_F,ca_earAntihelix_NR_IXX_N_W,ca_noseAla_NL_XXA_D_U,ca_noseTip_NN_XXX_B_F,fa_earHelix_NR_SXX_L_M,ca_noseAla_NL_IXX_R_A,fa_orbital_NL_SXX_L_M,ca_noseAla_NR_IXX_D_U,fa_submental_NL_XXX_D_U,fa_lip_NL_SXX_L_M,ca_earAntihelix_NR_IXX_D_U,ca_noseColumella_NN_XXX_N_W,ca_noseAla_NR_IMX_R_A,ca_noseAla_NL_SXX_B_F,fa_nasolabial_NL_SXX_L_M,ca_eartragus_NR_XXX_N_W,ca_noseAla_NR_ICX_N_W,assetid
10,-32,-18,-14,-9,-4,-66,-39,17,37,-29,87,50,-77,17,19,-11,-76,-70,13,-40,38,17,-32,28,-37,32,-15,-72,-28,-46,31,-42,22,-13,39,-13,15,-17,25,-43,34,-8,63,31,16,-62,21,36,-29,-1,50,34,-87,-34,-5,-47,-1,37,23,4,-38,-30,84,-10,-27,-11,19,18,-31,17,-10,37,-54,-58,-40,-76,4,-40,-20,25,-42,-9,24,-87,21,34,-48,30,23,-5,5,-23,50,24,-87,-78,28,-61,-5,-15,-49,-7,-17,7,0,10,66,84,30,-63,46,30,-41,35,-17,-41,31,-24,-3,-92,47,-86,6,0,-14,-26,-12,65,12,-28,55,-28,24,-37,4,-40,-84,16,27,-12,11,24,4,62,-31,23,38,0,85,-15,-28,33,18,-64,37,27,39,-12,-31,-5,-11,0,31,21,-24,-37,45,24,-43,13,78,16,-38,64,31,15,46,5,35,-4,-6,67,-9,8842
8,17,60,-30,3,-18,60,7,31,12,15,78,45,-2,92,42,19,-34,-72,9,-1,48,36,-1,30,-25,27,-31,-84,-34,-23,30,6,44,-1,45,12,0,-2,-9,-100,-73,-7,84,-12,46,-66,26,72,-15,12,45,30,-70,14,6,0,-20,13,-4,11,-97,-20,13,71,46,-29,27,72,0,34,29,-77,4,-43,60,-40,54,22,11,7,44,6,96,34,11,55,-13,6,41,-32,55,22,40,45,33,-9,34,-52,-10,-93,10,-12,-92,27,-12,-17,54,93,48,11,51,17,-32,23,2,-38,21,4,31,-72,39,-100,32,-41,-20,68,-29,70,17,-97,3,-13,30,-1,20,1,-100,14,24,-43,37,39,3,71,-75,99,12,-38,82,0,-3,19,-1,44,40,22,62,-3,70,-7,-12,60,31,1,-1,-5,69,100,-35,-29,96,12,-19,91,20,-24,47,0,53,21,-1,27,-13,70193
6,22,-6,-44,-27,-34,37,20,10,9,56,41,35,-36,30,26,-21,22,-17,25,16,42,72,39,20,-13,11,-38,-73,4,-36,31,-4,29,-25,25,17,13,-18,-6,-100,12,-12,73,1,46,-27,13,28,8,-19,18,29,-86,-22,-9,-28,-31,30,8,-16,-23,-23,32,-7,58,-38,16,66,45,55,8,-1,18,-39,16,-2,5,-9,-21,23,64,10,22,27,19,50,15,26,1,-8,38,-19,48,46,22,-38,-2,-48,13,-51,1,-76,-41,-26,26,7,22,35,55,41,43,0,-29,7,-16,-37,21,16,27,-91,18,10,21,27,-3,68,-45,86,-13,-6,-11,-31,33,-12,17,-17,23,5,34,-8,28,24,-7,86,-18,100,9,25,46,23,-49,27,30,33,27,-2,37,24,63,-17,-74,34,27,33,-51,19,32,100,-33,-27,58,2,-17,71,21,3,47,-39,48,12,-32,58,-16,70198
16,-1,73,-14,5,-15,-52,-36,-3,17,-64,58,87,-22,-19,40,-19,-55,-77,-6,-13,60,-2,-1,29,-17,14,-3,-48,-92,28,40,74,58,-60,5,-2,42,0,27,-43,77,0,98,15,76,-78,52,72,-94,-3,87,35,-100,-21,19,13,-15,27,-13,-5,57,6,31,0,-48,-4,49,75,13,-7,12,72,-40,-11,-33,-55,1,-2,2,-15,-39,-17,-5,-19,-8,32,12,27,-13,2,62,-8,60,51,-29,-22,26,-10,50,-43,-29,43,-29,-14,61,-50,-5,41,62,50,45,22,-7,10,-18,-28,24,-13,23,-100,91,-37,38,-43,-37,40,-16,57,0,60,66,4,50,-5,42,43,-21,27,49,5,41,43,-4,55,-47,24,17,-65,63,-37,-88,56,40,-52,8,25,43,-3,26,13,41,60,30,-5,-92,-13,72,17,-4,-19,37,28,34,100,24,-43,88,31,33,14,12,44,-60,70345
34,7,35,-15,-15,30,-98,17,-7,39,12,75,-3,-40,-9,18,5,-20,-46,22,-6,42,54,84,36,-1,24,-14,18,-54,-13,18,14,39,-21,19,-82,27,43,0,-14,-40,47,98,-2,50,-38,26,85,-50,11,99,14,-73,-4,65,-26,31,15,-4,13,-58,-66,12,-50,-2,-10,25,49,86,48,1,-25,12,-30,30,-26,-46,0,-19,5,1,9,-3,-18,7,30,-32,14,-6,47,24,-47,44,38,-13,-43,-7,-37,17,-58,13,-12,-57,64,26,-41,7,82,39,3,38,-28,-2,32,-42,3,6,3,62,-78,100,-21,22,45,-44,-20,-15,29,-74,-49,30,-63,34,9,26,-22,-6,16,39,46,26,21,-91,27,-41,1,39,47,69,-40,9,6,25,-95,20,-9,37,-81,-25,5,-14,21,37,26,18,-6,89,-1,1,0,79,16,-22,98,7,-34,-4,-1,31,4,6,8,-20,70437
8,39,63,-10,5,11,55,-19,22,6,8,31,33,-5,42,11,9,20,0,-12,1,32,35,37,-10,15,26,-11,-8,-100,36,36,71,7,-67,-6,17,42,-2,24,-73,7,-4,75,24,73,-14,13,55,-100,-17,54,36,-27,44,76,30,11,40,-9,-21,11,32,0,18,15,-11,13,74,32,39,42,11,-17,16,79,22,12,36,6,-9,4,11,42,17,1,-4,28,41,17,27,17,-29,29,45,5,-10,78,20,34,-17,64,38,-20,-23,32,26,-32,50,43,38,54,13,12,23,-23,19,33,29,76,-22,57,17,31,14,4,58,-9,40,5,9,51,30,49,-18,21,55,15,18,50,26,30,12,3,40,8,-7,5,15,44,0,35,38,47,56,-8,77,51,18,57,10,36,22,-7,-17,36,4,54,0,15,-40,52,18,54,74,32,24,33,15,-2,39,9,2,-70,70830
18,27,54,-13,4,19,-30,-25,2,-29,19,14,54,-12,76,27,-5,15,35,4,6,42,41,-3,36,-13,10,-23,-20,-6,23,19,17,32,2,18,28,44,-16,-3,-66,-30,-12,66,0,58,40,25,46,-5,0,32,18,-45,-5,21,-70,22,27,9,-1,-13,27,38,8,42,-23,22,56,-5,36,6,-28,-28,-1,33,7,10,2,-8,13,35,15,75,21,16,51,-52,25,13,-3,22,-22,41,32,20,-21,51,-12,0,-12,25,8,-28,4,11,-26,17,49,43,-43,50,34,-4,23,-13,-18,18,-7,44,-50,25,-28,29,-21,7,19,-11,79,44,0,-13,29,63,12,19,-7,-21,15,60,-3,29,29,34,78,-82,-5,-29,-18,6,2,-21,57,33,-39,19,47,43,30,13,-8,2,18,36,9,-13,9,47,-8,-3,-9,56,14,3,69,18,-24,38,-10,51,10,-7,29,-1,70834
22,72,12,-11,-14,8,-64,-4,15,5,56,26,42,-3,70,3,-44,6,41,7,2,60,81,39,34,-15,15,-57,-15,-55,6,29,-4,-63,35,38,-41,58,11,33,-1,-53,13,2,35,31,21,19,64,-44,23,27,23,-51,-36,-72,-11,6,17,-6,18,-62,9,57,3,80,-60,17,35,42,76,52,-55,-11,52,38,-6,-20,66,-8,-6,55,-43,62,60,-3,43,-16,11,1,0,-42,-20,52,-22,56,13,-59,42,6,14,8,-64,17,9,0,-61,0,93,-26,-48,51,18,9,16,-19,-18,28,-40,-51,-56,18,7,-5,5,-11,0,-11,62,16,-76,-12,20,48,16,-5,-17,9,18,41,-5,1,6,26,64,-76,30,4,7,33,2,32,33,49,-81,38,-71,64,-51,-5,4,-60,-42,35,8,42,1,66,32,2,-33,83,18,-20,12,28,-53,43,-3,41,49,6,52,22,70971
-36,77,62,-5,-52,-2,100,46,52,81,45,100,94,25,55,11,-51,20,65,36,-27,56,85,29,-24,-7,-3,-34,-69,-29,-3,58,-16,-91,100,17,-34,-8,-23,-9,-79,76,-15,37,-17,2,72,-25,14,-28,26,11,54,-87,-47,12,-62,0,49,-10,24,-40,-42,100,-5,82,-30,-24,10,21,88,-35,72,40,10,40,26,-12,77,-54,-1,88,-22,69,-8,6,82,-56,44,52,-50,-58,14,49,-9,-22,7,-60,-1,100,-2,41,17,-7,47,100,-39,-22,90,-3,-34,42,6,-2,9,15,-2,-41,-46,15,-84,-2,-36,60,-19,52,22,-3,38,36,-29,4,-35,-11,-11,14,-13,-39,-7,-22,-52,60,17,16,36,-65,27,82,-24,70,41,69,31,-21,97,24,-66,44,-42,15,-11,12,-69,-20,49,86,-30,27,26,1,-87,93,-6,-17,45,-41,-21,95,-47,84,-23,-5,100,100,71306
-6,75,52,-16,-13,10,-50,47,-19,45,-31,43,52,-38,36,5,7,1,-12,-18,-16,30,67,58,36,-5,24,-28,-40,-31,-58,44,34,-19,1,21,0,7,60,-27,18,-2,57,69,-26,19,-8,27,88,-27,-9,95,34,-81,-22,-24,-18,9,-2,-8,-19,-19,-29,86,9,62,-27,29,33,55,70,12,-7,46,65,-31,-3,8,76,-15,-10,54,12,28,-26,-10,3,-42,-5,-15,33,-10,-4,16,-29,-10,-27,-28,65,43,-33,-58,20,-20,1,36,-56,-46,71,-20,-49,51,-29,-28,32,2,4,-12,-17,-19,-81,98,-2,9,35,-6,36,-16,67,52,-22,-24,-30,44,-24,8,-38,-16,37,43,30,14,5,25,65,0,66,45,51,73,-16,0,3,9,-52,24,-33,38,0,45,-34,26,-3,38,-16,-1,-18,84,74,-26,-88,69,33,-41,74,-10,-58,58,27,4,11,-37,100,-3,71781
-8,-9,86,-14,6,-3,-16,56,-14,41,61,79,17,26,15,11,19,-36,-83,-1,-31,44,65,75,20,-25,53,-8,-40,-52,-27,54,-11,-21,9,19,-21,0,14,34,-38,-17,21,91,28,41,-75,15,74,-45,-4,77,46,-92,6,39,0,-2,43,-6,-7,-1,-81,75,22,94,-7,17,37,76,59,-5,-25,45,-26,31,-44,24,-20,12,4,81,36,18,27,8,25,-2,37,-16,4,-33,35,40,16,25,29,-29,-35,47,-27,8,-6,-45,9,57,-80,-20,97,22,-4,42,-27,-18,66,32,-12,-11,16,37,-95,70,15,42,52,-10,16,-16,73,43,17,18,-78,34,-26,24,-11,14,30,33,6,43,13,38,73,-19,28,42,51,84,-10,11,30,-14,-22,22,-36,48,-29,3,-20,-3,-38,25,7,18,-31,78,41,-16,-57,91,29,-17,96,-10,-73,14,-25,24,-2,-14,75,11,72054
19,-19,70,-28,-23,-2,-11,-9,21,46,-65,45,75,1,72,19,3,-62,15,-12,-2,69,36,38,14,21,-13,-16,-73,-71,-11,25,19,30,-47,22,51,69,-11,18,-84,-39,-12,100,16,77,12,26,72,-64,-2,60,21,-90,57,80,22,-1,32,-16,-5,-32,-13,49,-31,58,-14,23,83,42,42,25,-46,-11,-32,-54,-59,-22,-37,-24,-8,52,-3,73,18,-6,20,13,33,19,11,25,24,62,46,16,8,15,-36,4,-93,-65,-2,-98,-1,7,-23,-1,100,51,-64,13,12,-7,-7,13,16,13,57,93,-93,64,-85,47,-13,-7,45,-27,63,-43,-34,4,-13,49,13,32,30,-78,17,48,11,52,26,-37,62,-67,36,47,-8,39,0,-2,41,74,-13,24,13,10,52,40,0,-6,25,12,-13,-4,-1,69,48,-5,-38,100,17,19,100,13,-18,67,12,22,23,0,45,-55,72108
37,17,12,-27,-37,-31,-20,-20,1,5,59,56,22,-2,55,21,-31,-71,-8,-15,3,42,34,48,3,-11,-8,-42,-28,34,-46,24,41,30,-18,28,-32,50,-20,-21,-57,-16,-18,51,-29,0,-9,0,65,37,-8,42,26,-60,-16,-37,-16,-32,22,0,-10,-100,29,-11,-48,69,-39,-1,-3,42,32,0,-17,-25,-64,29,-72,-38,15,-41,3,69,-35,40,14,6,29,-34,20,-4,-4,28,-8,45,52,22,-3,-11,-71,7,-93,14,-27,-93,-22,10,16,20,97,50,47,4,18,-10,-4,-13,-14,30,-16,-28,-56,45,-27,39,0,16,36,-23,77,-45,-87,39,31,41,-22,3,-50,-38,8,40,-11,42,28,-35,78,-39,-59,5,2,58,22,14,24,51,3,27,-13,-2,-27,37,-15,-25,25,3,-11,15,2,65,-42,-13,-24,100,8,-50,54,29,12,24,0,29,-3,-9,-1,-25,72599
5,38,86,-24,-5,-4,-5,-45,22,-22,-28,18,100,8,51,10,-24,1,-4,-37,38,45,-21,30,-16,47,-9,-52,-27,29,49,28,51,-2,-83,-7,-3,43,-50,-10,-34,-66,-51,58,-7,25,-6,35,35,30,-37,19,32,-85,2,-14,-23,-3,34,-7,-37,-29,73,50,-15,56,-52,30,30,30,-22,46,-67,-43,6,5,-2,-8,30,-6,-3,46,-25,50,32,-1,-15,-38,34,22,23,-9,-35,48,31,28,14,63,3,20,-52,-6,63,-58,-67,18,-27,-27,48,32,-20,14,33,14,-8,-32,43,6,3,-4,-89,21,-34,45,-47,8,54,-25,52,-70,-25,10,74,57,-22,3,29,-34,22,57,21,45,12,-65,50,-11,38,-21,-42,21,2,2,71,42,-10,-8,60,18,-6,52,-9,62,-8,-18,-41,1,39,34,31,12,-52,45,19,41,58,10,-29,100,31,-14,43,-5,39,-83,73027
13,81,36,-16,36,17,97,71,25,64,48,63,16,-49,46,-6,-5,38,80,20,-75,23,75,28,-29,95,75,0,-20,-83,22,34,11,-68,73,44,2,65,-8,79,-86,-46,-1,45,80,-9,69,-57,22,-69,-25,-5,35,-49,33,-11,-25,16,80,-10,-25,-92,4,-10,-37,52,-2,-62,-7,25,72,26,-50,58,42,23,34,-38,87,36,-4,46,-13,48,35,-22,63,-49,73,25,-1,-92,11,22,-36,47,-45,-25,38,6,-81,-9,-16,-75,-16,8,89,50,75,-42,-39,36,2,20,65,19,86,-21,35,5,-45,-15,-79,4,58,49,-43,-15,15,-38,-97,0,5,27,-29,-11,30,-81,5,24,-9,8,0,-38,15,5,11,64,52,86,38,63,49,69,86,42,-31,41,-1,-42,-17,-14,-91,-28,25,65,-71,26,8,13,-8,77,3,28,55,-20,84,19,-67,66,29,-6,-5,67,73139
23,-16,92,-22,-30,-12,-5,-48,-2,-33,-33,-7,85,-16,-12,26,-36,18,-67,-38,-5,69,47,17,2,-22,-1,-41,-76,-49,27,44,51,14,-88,18,-41,44,-30,-11,-51,47,-28,90,-13,88,-58,37,69,-45,-22,70,37,-88,2,3,-9,-11,19,-7,-22,-56,61,6,-5,78,-37,40,87,17,46,41,44,-45,12,-39,18,-4,-18,-37,-3,65,-25,-11,12,1,19,-11,19,-7,0,17,-39,63,70,15,-4,37,8,27,-69,-39,-19,-73,-11,32,-42,5,71,73,-100,44,26,-25,6,-37,-25,44,-7,5,-89,71,-62,24,0,3,77,-21,88,-82,-52,33,58,54,-16,21,-11,-62,39,55,6,30,25,-84,89,-74,45,-33,-1,8,2,-71,52,44,-1,22,36,36,-40,75,-4,-20,14,6,-34,-68,-6,70,44,-21,-57,65,39,-9,91,45,-41,82,31,19,44,-6,0,-85,73237
-2,100,36,-19,16,-1,-42,32,56,-41,12,88,48,-45,40,14,6,23,-31,21,-8,2,75,29,15,26,3,-42,4,-31,-17,26,-7,-2,-14,5,-36,-6,36,7,-51,41,34,50,-17,83,-38,15,76,-18,-31,33,26,-100,-26,71,19,1,11,1,-29,1,-22,73,27,74,-35,13,83,39,66,-9,41,35,-32,7,16,28,87,4,3,60,-14,60,-19,-2,26,17,14,75,-19,-23,-42,0,19,-11,-33,-54,-43,47,-5,-14,-12,-16,-10,55,85,-19,73,18,-23,31,-14,-25,3,-31,31,7,-39,69,-94,42,-14,0,-30,-36,44,-18,70,57,17,47,-30,0,-6,33,-54,-6,7,8,-14,6,17,34,68,-6,51,-41,-46,100,-42,-29,5,-10,-33,5,-50,8,-28,43,6,-21,-23,18,20,-38,-5,79,56,-22,-37,66,5,-61,48,8,83,54,-8,29,-10,-1,85,-7,73277
0,-12,79,-29,14,-25,-90,-28,27,34,-52,51,55,-41,75,13,-9,2,8,1,0,46,51,45,35,8,15,-27,-93,-51,43,30,-10,-25,-55,23,13,69,9,16,-53,-43,10,86,11,50,7,41,82,-41,-10,74,31,-80,-1,-8,-13,-23,20,1,-10,8,18,47,-4,67,-26,39,48,51,54,17,-35,-27,-6,36,-1,5,-30,9,2,43,-10,60,-6,14,39,-16,19,12,21,-30,-17,47,18,-12,-39,-3,-8,-19,-68,23,-59,-57,-6,-17,-15,10,100,17,-56,47,34,-45,15,-19,-8,21,21,-10,-82,77,-80,23,34,-34,44,-29,59,-2,8,15,18,68,-32,13,-3,-84,21,69,22,27,12,8,62,-58,75,35,36,53,-28,-44,46,68,-91,27,-5,44,15,36,-3,-57,-31,37,5,-47,5,82,77,-45,-26,100,19,0,88,23,-10,61,-2,40,17,-7,44,-52,73350
15,-66,16,-29,7,-4,-3,-18,-14,-14,0,18,14,-50,68,25,-16,-6,0,-8,10,32,13,6,12,19,-12,-12,-62,-36,-5,21,-16,32,-79,22,0,42,-17,45,-71,-36,-17,80,34,61,-8,32,68,-7,-7,55,16,-61,29,17,-38,-2,18,3,-11,-49,1,-7,-1,2,-8,30,63,8,2,44,-25,-19,-17,67,-22,5,-61,1,15,-48,-21,67,29,10,10,-23,20,-35,2,36,-30,25,1,27,-37,54,-37,-62,-51,15,-34,-89,-29,-45,-10,39,48,1,11,60,24,-30,-12,-25,14,19,44,6,-60,58,-95,16,9,-11,55,-28,40,-37,-27,41,-6,25,-24,-2,-18,-84,10,29,8,16,26,-37,39,-35,37,-14,2,32,-6,-47,37,50,0,24,55,46,8,49,8,-39,38,12,-11,-36,14,68,18,-27,-29,52,8,-15,79,20,-10,-13,23,14,42,-2,-16,-80,73505
3,17,11,-4,9,0,-3,-34,-9,-6,35,18,84,23,-24,7,-7,-9,-6,-15,27,37,7,26,-7,6,8,-10,-15,-35,0,17,40,15,-51,-5,-3,37,-3,14,-31,-4,-3,33,14,41,-6,25,49,-30,-16,31,22,-50,-19,48,-13,0,11,-3,-15,6,28,30,-5,79,-10,21,48,25,5,23,-2,-34,25,63,-10,-8,8,9,0,81,-13,-24,19,2,-9,-16,11,-6,28,22,-36,38,-5,19,25,37,20,24,-19,57,40,-17,-3,22,-16,-13,5,-7,-52,23,7,8,9,-35,5,12,-16,58,-48,30,-56,19,1,-24,1,-5,12,-2,4,15,29,31,-16,12,5,-56,10,30,25,19,9,-1,12,-7,20,-4,0,18,-25,27,48,40,-6,-7,34,27,-2,0,-3,42,20,-8,-16,29,28,48,22,8,-31,6,7,7,35,15,-17,83,36,-8,21,-2,46,-51,73582
30,9,6,5,5,-9,-63,26,43,31,-100,98,-5,-37,38,14,2,-11,24,17,-29,2,74,15,36,-33,100,-32,-36,-95,-58,18,-13,4,38,29,-62,7,2,54,-44,-64,2,77,40,23,15,7,64,-96,-18,43,25,-69,-73,67,-12,-8,35,2,-15,49,-77,75,23,-17,-31,4,16,2,62,-30,-77,24,-16,-96,-35,32,6,-1,4,-20,-5,11,-13,16,63,-26,38,45,7,-25,8,18,-23,-13,-28,-38,-31,-5,-6,-100,-46,-23,65,-1,14,50,11,-29,-58,68,-16,-38,100,7,-48,16,-68,65,-67,34,-3,43,43,22,-8,5,65,-4,66,8,-86,32,32,-1,-9,12,4,33,10,44,18,4,65,-25,-63,32,41,93,33,16,-1,21,-49,26,-23,57,-56,-11,-14,-49,-31,34,24,23,-23,61,-51,-43,-1,33,5,-14,78,16,17,-14,-33,61,-33,-6,71,46,73757
3,40,-16,1,-17,4,-19,-61,6,-7,9,39,-6,-30,17,14,-4,-19,28,2,7,49,12,21,-10,10,3,-4,-6,-10,-27,11,20,31,-39,-4,19,36,-16,-32,52,-22,-15,22,-31,41,6,22,26,-7,10,27,11,-41,-18,28,-19,4,13,-8,9,12,11,47,22,43,-5,24,43,24,11,-15,-27,-61,10,20,-22,16,36,-13,-2,31,-4,16,-18,-1,5,-16,11,12,32,22,3,47,19,-13,-26,8,10,-1,-71,12,23,-61,-37,-8,-26,-9,31,14,-52,6,20,21,2,-1,1,8,-17,28,-45,24,6,15,-33,-23,-25,0,38,-19,8,43,14,48,-4,17,16,2,12,45,28,14,14,-1,40,14,51,-4,-35,44,-17,37,17,37,-22,-5,5,16,13,-18,-7,25,19,-8,4,36,9,27,56,21,5,28,10,22,22,10,-24,5,24,3,-15,-5,48,-40,73956
26,-46,80,-6,11,-9,-51,6,-4,-17,19,64,57,-40,-10,32,-8,-29,-7,-26,8,54,30,18,6,-28,0,-19,-26,-60,17,28,20,54,-37,19,-44,42,-38,0,-12,3,-33,84,2,54,3,23,61,-49,-12,52,19,-74,-43,28,-43,-8,25,-6,-13,-27,-9,48,-13,11,-16,21,60,11,24,3,-8,-1,-45,63,-36,-13,-47,3,4,10,7,-7,-24,9,20,-51,22,-4,8,25,0,51,32,-9,-31,24,-57,9,-27,48,-25,-47,-35,19,-27,24,88,39,-13,-9,12,-9,-1,5,-29,32,-48,39,-79,51,-8,35,-11,-4,5,-6,78,-32,-3,-31,-8,27,-6,-3,-31,-14,24,29,13,36,32,-56,75,-72,61,-16,-5,78,-4,-73,-70,36,-47,26,22,-22,-43,2,-16,-24,21,7,-19,-65,7,66,51,-4,-30,91,24,-33,83,33,-27,47,9,21,10,-7,52,-35,74093
8,-12,66,-43,31,-10,-70,23,-10,11,-60,51,-20,-21,49,20,15,-28,12,5,-8,41,7,23,27,10,14,-41,-51,14,17,44,60,25,-20,14,-78,-4,5,9,-21,-32,9,94,2,60,2,31,74,15,23,81,35,-72,-1,22,-40,-8,5,-5,22,-45,-24,32,3,78,-37,32,35,25,6,10,-28,16,5,11,-33,3,-10,24,-5,53,21,57,86,-2,20,-29,1,-27,0,23,-63,39,21,100,-1,2,-4,-21,-54,-46,-6,-74,0,-10,-100,-22,84,13,61,72,-4,-20,11,-58,6,15,14,29,-78,87,-100,40,-18,-28,3,-41,82,-30,-33,66,-27,6,-54,34,-36,-100,16,10,5,37,20,-29,81,-71,16,10,-13,65,-34,-6,26,7,-63,18,2,63,-70,11,8,-7,17,30,11,1,-4,80,22,-14,-60,82,17,-44,95,15,-100,-30,-4,20,14,6,22,-15,74578
8,-36,87,-24,2,1,-3,-19,-6,-17,-49,29,-4,-48,-12,12,-15,-20,42,-22,-29,62,51,36,12,6,20,-20,-76,-39,25,25,15,13,-66,17,-61,42,-42,48,-71,13,-30,92,39,54,52,40,65,-43,-4,77,21,-72,22,-23,-37,2,22,6,-1,35,-7,12,-19,64,-20,39,66,35,52,22,0,-29,-18,-18,-13,-17,-51,2,20,67,-2,-5,69,18,22,-38,13,-1,3,-4,-47,62,19,58,-41,31,-21,7,-27,-35,-43,-16,-3,12,-72,-1,100,17,-67,77,10,-11,20,-51,11,13,24,7,-76,72,-100,24,24,-30,1,-24,77,-72,48,43,-9,68,15,11,11,-100,10,67,5,22,14,-66,76,-66,62,-16,15,21,-32,-65,28,44,-6,23,27,71,-58,-17,-6,-37,-13,17,-10,-61,-30,72,80,-12,-53,100,10,3,94,13,-58,6,-21,22,30,-8,2,-60,74584
15,74,80,-14,13,19,31,-31,-11,-9,3,75,89,-6,29,16,-61,33,-69,-29,2,32,43,26,-17,-36,29,-8,-18,-69,31,34,27,-9,-55,5,-42,73,-19,0,42,-25,-19,52,3,43,-72,18,41,-81,-30,73,35,-97,-9,-16,45,18,29,-5,-30,42,52,82,-6,-1,-11,19,42,20,47,29,-28,-27,26,0,37,-17,67,15,1,2,-54,24,-10,1,0,24,31,-14,2,4,-8,33,8,-19,-20,52,24,41,35,32,41,42,-26,39,10,3,17,6,-66,18,12,15,26,-16,-37,14,0,-9,-100,76,17,41,-25,-25,0,-15,52,45,41,47,52,51,-28,10,8,15,23,52,1,40,13,61,52,-18,-12,-10,-20,75,-17,12,66,79,32,4,54,18,-41,-2,-46,47,4,-18,-31,20,2,40,10,16,-26,16,23,10,52,14,8,90,30,1,29,-44,95,-55,74633
2,-19,71,-25,-17,-2,-64,-3,30,7,58,56,-9,-1,11,22,-39,29,23,-19,-3,46,68,42,0,10,7,-19,-47,-49,30,38,11,32,-77,14,-1,58,-26,15,-21,28,-18,83,12,68,38,27,66,-52,-36,54,33,-58,17,86,5,-1,21,7,-30,-48,8,5,4,69,-14,23,75,47,60,-7,28,-10,-48,15,21,11,-13,-19,12,60,-36,7,-8,19,12,15,24,21,8,27,-26,51,67,-7,2,-30,-66,-36,-82,-9,-32,-95,0,-18,16,-45,98,71,-27,21,43,-48,7,-35,9,17,35,98,-58,57,-34,29,-6,32,31,-24,18,-21,-25,1,4,16,-70,-10,-52,-38,14,4,11,39,24,-26,18,-16,60,8,-12,49,29,-56,20,52,-66,17,-26,10,3,26,-7,-36,17,0,-5,-56,0,73,52,-46,-56,97,15,-46,82,14,22,-20,0,16,-3,-10,-4,-66,74744
13,-26,-44,-11,2,-9,-25,-29,8,-7,-63,11,16,-38,-8,-2,7,-9,4,-8,6,39,30,41,-6,-24,19,7,8,-17,-25,23,28,27,-86,3,-17,13,15,-1,1,2,14,23,5,43,9,16,49,-11,-15,52,22,-3,-21,14,-43,-9,16,-11,-15,-39,8,-35,30,-22,10,11,44,42,31,31,12,-31,-27,88,-8,30,-25,0,-13,-24,12,-6,19,-13,-12,-44,15,0,42,27,-62,35,45,21,-33,52,-27,7,-2,63,28,-4,-55,9,4,0,-2,42,-52,11,26,2,19,-57,-19,6,-26,19,-1,51,-23,33,81,-8,36,-8,78,-5,-36,70,5,19,-48,5,9,-22,14,22,45,34,3,-16,79,57,11,-8,78,21,0,64,24,8,-26,1,52,8,-14,44,-28,26,26,-9,-9,63,6,50,8,3,9,-4,13,10,23,6,0,13,29,-11,31,-25,-40,-90,74785
-7,-60,53,-37,-72,-29,-34,-25,-11,19,38,75,-36,-35,-25,29,30,-11,33,-3,21,71,46,7,28,35,-35,-31,-91,-7,-30,22,-40,42,2,21,-36,32,-29,-11,-96,28,-25,85,-28,75,57,39,51,-19,8,30,16,-89,44,91,29,-26,18,-5,5,-8,-31,59,-9,100,-28,29,82,6,47,9,17,-35,2,80,-15,11,-70,-74,-4,80,34,-28,-4,-5,27,36,20,-6,-22,22,-52,68,19,7,-22,71,-2,-7,-75,68,-55,-95,3,6,-36,15,84,27,-22,-2,50,-42,-32,-57,45,19,39,94,-92,33,-100,14,-24,-48,27,-35,84,-100,0,31,-31,57,-8,9,31,-100,8,52,-19,21,34,-100,84,-66,98,19,-23,79,-39,-62,3,26,-32,25,69,-9,-40,14,-24,-56,16,30,0,-51,21,49,100,-33,-19,93,12,13,91,19,-40,-54,0,31,8,-21,57,-4,74875
42,70,-52,1,-35,19,26,-5,30,65,-52,85,2,-14,43,4,-20,48,19,19,-62,73,68,12,-4,-24,19,14,50,-63,-43,6,70,-32,42,48,-57,6,-11,44,-24,-40,3,27,30,8,63,-11,27,-55,34,25,4,-31,23,4,5,23,48,27,43,-78,13,-13,5,42,24,-13,-1,11,57,-15,-23,-18,-41,19,44,33,72,-54,40,42,-13,60,54,29,52,24,45,28,-11,-22,28,88,6,62,-3,-48,-67,-25,-79,-8,-44,-90,68,-2,47,45,100,18,-41,31,-14,62,40,29,-10,-6,55,-5,-33,29,-84,20,45,67,-30,4,48,-29,-33,-13,9,51,58,42,3,-69,6,66,-9,23,11,-56,42,-22,28,65,40,85,68,32,50,8,37,50,-39,11,-44,-15,-1,-48,-34,0,37,33,-57,45,6,64,17,91,2,-28,24,-4,54,-10,-22,57,-3,-3,-45,64,74918
24,-38,51,-18,-22,-21,-52,-44,22,-6,41,69,-5,6,23,15,-2,-33,63,-19,-9,61,42,60,23,21,-9,-19,-63,-11,-22,19,20,34,-65,23,-24,27,-28,-43,-46,-27,-23,84,-61,22,76,15,71,-10,-12,61,16,-71,29,-45,-34,-20,44,-11,-5,-59,36,38,9,69,-17,14,21,56,36,4,-38,-45,-64,96,-32,23,-43,-43,-7,82,-3,9,5,5,14,-34,39,10,15,23,8,67,31,7,33,56,-75,-13,-72,88,-56,-57,3,-1,13,24,100,41,-44,-15,8,-28,0,12,20,-11,32,-33,-70,68,-100,7,-16,48,-1,-17,53,-100,-38,30,45,25,-9,14,6,-100,22,19,14,13,21,-100,53,-70,10,-5,-13,77,63,39,58,34,-45,26,51,-26,-26,2,-14,-63,21,22,-11,40,-3,70,10,-29,-25,100,23,-3,86,-10,10,-29,2,12,4,-5,54,-65,75193
31,-32,57,-34,-23,-3,-61,-9,1,44,23,81,34,-22,-7,15,-20,-15,61,16,-3,38,75,5,31,5,-2,-40,-16,-18,-2,25,3,32,-24,35,-58,38,24,-20,-38,-22,20,84,-29,12,54,1,76,-3,-25,40,21,-77,-3,-43,-37,-4,27,-16,-30,17,-18,73,-58,36,-39,-5,26,8,69,12,-31,-15,-56,89,-28,-54,-31,-33,-10,20,-18,-9,7,-9,32,-43,31,9,23,19,-51,33,41,16,-18,23,-62,25,-22,56,-46,-21,12,37,8,34,86,40,-79,3,14,-39,-7,-58,-5,16,7,-36,-84,48,-57,30,16,0,-9,-32,76,-51,29,23,-22,12,-56,7,-43,-42,19,10,29,39,25,-52,76,-40,56,44,14,81,-2,-52,10,34,-54,36,20,-10,-54,-11,-21,-47,17,26,20,-48,1,76,52,-31,23,86,20,-42,87,14,5,32,-13,37,9,-11,76,-26,75239
9,99,38,-4,0,4,-22,29,39,-16,74,13,69,-1,94,11,8,-11,66,31,-8,56,58,1,39,54,0,-31,-25,2,10,27,57,-50,67,25,41,46,46,-7,-58,-45,63,30,-3,61,71,24,76,-8,16,66,28,-74,-8,25,45,2,24,2,20,-82,17,-5,-27,58,-35,17,64,1,54,28,-61,0,-9,14,-10,-24,85,8,3,67,32,83,75,4,78,37,11,34,-21,-19,-17,66,15,79,-16,-67,-9,15,-91,35,-35,-81,50,18,-42,8,100,19,37,43,31,-14,10,-25,50,6,20,44,-77,39,-58,15,-10,-15,25,-4,62,-60,-86,-23,30,44,56,36,9,-62,16,46,-30,19,18,-51,60,-57,18,-16,-16,17,5,18,25,47,-21,29,-75,65,28,19,12,-27,-28,45,44,23,-4,84,22,-25,-30,100,17,-11,35,5,-27,67,-20,70,35,23,0,56,75425
8,-60,63,-3,-4,14,-36,-20,17,1,-3,52,-4,-33,12,21,-24,-24,21,-17,-22,34,33,40,21,-41,8,6,-56,-25,1,28,20,22,-56,14,1,45,-9,25,-64,31,-2,86,22,49,3,36,57,-27,-27,73,30,-64,42,58,41,14,25,4,-26,35,14,20,0,66,6,33,61,24,34,13,18,-30,-41,58,-25,15,-57,-2,11,58,-35,-1,46,9,21,32,20,17,18,7,-18,41,32,48,-25,29,-40,6,-29,41,-26,-29,-19,3,-14,13,58,40,-21,44,29,-30,9,-24,-43,19,45,68,-73,69,-60,31,-31,-4,10,-4,78,-61,46,24,16,47,-39,-8,26,-83,18,40,12,35,24,-37,78,-63,63,3,-26,57,7,-32,39,49,-45,15,23,45,1,-3,1,-13,2,20,-13,-18,-23,58,95,-35,-28,64,18,29,92,21,-3,15,9,22,16,-6,32,-60,75439
16,-20,-7,-9,10,52,-27,-39,20,-31,41,31,11,-12,22,9,-16,-65,-38,-10,4,35,-40,-3,-8,-3,1,-18,9,-16,16,23,49,22,-62,-11,-9,32,-10,21,-49,11,-8,26,19,38,-34,17,32,-17,-16,32,21,-81,48,-3,-4,51,22,-6,-18,-58,36,-19,-27,-9,-19,15,47,-6,-32,5,9,-44,-60,28,-57,-38,-18,12,-8,6,-27,22,-8,-3,-1,-12,18,30,42,15,-25,31,54,-1,-5,43,-52,-3,-57,29,18,-50,-54,-8,20,-1,-45,57,-14,21,11,8,3,-27,0,9,44,8,-80,27,-33,46,-62,-14,24,-10,-6,-68,-66,72,40,22,-10,5,6,-35,14,19,38,48,10,-51,-5,-30,-51,-31,-58,31,-12,-19,51,35,-30,-9,39,28,-19,22,12,19,17,-5,-7,-19,3,32,-33,6,-15,-38,13,4,29,9,21,18,13,-2,7,7,-1,-65,75500
13,-28,76,-17,5,-30,43,-7,9,12,-43,63,73,-10,74,23,9,5,30,-18,-19,81,54,0,5,36,0,-18,-92,-27,0,46,14,8,-48,36,47,51,-34,10,-100,14,-28,91,3,21,25,35,72,-24,-8,75,38,-89,9,-40,-20,-29,25,-4,-8,-21,45,52,-26,100,-15,36,33,9,47,36,9,-12,-22,0,-2,-14,-37,-1,3,94,10,69,-11,2,51,-27,19,8,-26,-9,-1,75,43,-18,-11,50,-28,20,-86,-16,-55,-83,-43,28,-37,25,100,49,61,68,38,-13,11,-3,32,39,10,-31,-93,72,-100,14,14,-15,75,-16,94,0,-12,40,49,94,0,4,-46,-100,24,90,-24,15,24,-6,95,-43,44,14,12,64,-1,-40,34,37,40,43,47,63,47,69,-12,-58,-12,10,-9,-47,-16,76,64,-13,-48,100,22,-61,95,39,-28,70,-26,51,42,-12,33,-45,75566
19,48,54,-10,-13,0,-53,-10,77,12,-46,92,79,-9,49,17,15,-18,-42,29,-24,59,65,-35,5,-73,23,-23,-22,1,0,32,28,-38,49,36,-17,-38,15,-17,19,44,13,59,-22,-14,-46,0,62,2,34,92,30,-76,17,-19,-35,0,48,-10,31,10,-35,100,32,50,-22,-4,-1,-30,63,-17,52,-14,-4,43,-21,28,44,-22,-11,39,15,50,-3,-10,40,-40,48,64,0,-38,4,57,14,2,2,-52,-7,41,7,29,-27,14,48,47,6,28,92,14,-95,18,10,-5,27,-3,-75,-11,19,-19,-78,88,-84,27,-15,6,-19,-11,68,57,15,0,-37,26,-36,37,0,-80,29,30,1,40,19,60,67,-13,92,11,-21,100,15,17,29,-39,-50,34,-51,11,-18,-19,3,-25,-35,6,28,18,-23,63,100,-3,-20,94,29,-2,61,-11,9,83,-29,39,-18,-1,100,46,75652
-3,4,52,-16,-36,-12,-28,-18,-22,-6,-63,-44,48,-20,58,16,-16,-61,24,-10,12,30,-2,14,4,-1,-7,-11,4,-49,-11,21,0,15,-45,0,13,48,14,23,-25,-78,14,41,20,47,27,29,48,-46,-25,50,23,-63,51,36,21,-12,10,-3,-25,-12,23,-4,-43,41,-10,26,46,14,0,41,-78,-20,-28,-39,-60,-44,6,-40,-1,49,-12,56,11,1,15,17,10,-31,-16,32,-30,29,-18,6,-19,13,-25,-20,-87,-48,18,-84,-21,-22,-13,11,-18,-21,-27,26,35,-15,-7,-28,0,16,44,34,-66,49,-29,8,-61,-33,7,-15,27,-25,-15,17,18,30,-12,-20,16,-28,6,30,-16,10,17,-27,29,6,62,-6,-60,-29,-27,-9,39,48,-29,-1,14,23,14,13,-22,18,32,4,-9,-10,13,47,72,-17,-11,-17,5,24,40,15,-15,50,37,14,38,-24,0,-44,75660
5,-28,74,-26,-11,-19,-23,3,0,-4,59,79,-23,-48,-21,19,-42,-74,-15,-20,-12,52,19,50,28,-2,9,-22,-67,-12,-12,15,-12,42,-31,23,-28,23,-27,0,-76,36,-10,96,-12,59,-4,20,53,-14,-20,6,14,-63,-21,72,-18,-17,30,12,-12,-44,6,82,-64,1,-20,13,42,51,8,-3,44,-17,-55,46,-80,-35,-42,-21,20,-3,-29,-26,15,29,30,-7,26,0,-10,21,-35,69,45,14,-44,57,-72,-24,-61,19,-20,-56,10,-7,-11,10,86,49,-15,25,22,-45,22,-28,1,20,-23,73,-70,-3,-98,24,-20,-19,5,-24,83,-79,-13,43,11,23,14,-2,-16,-77,9,27,-15,27,29,-94,80,-66,27,-4,-16,71,-23,-14,5,19,-22,27,45,17,-28,-16,-14,-26,6,29,-3,-16,-9,63,7,-53,-30,86,11,-18,98,19,0,-17,-10,23,4,-13,59,-30,75665
20,46,7,-5,-24,-9,-31,-36,24,19,26,72,-54,-59,100,17,-41,-2,33,40,-77,56,50,-60,31,59,-16,-18,-62,-6,-7,32,-42,0,47,46,8,27,13,-9,-29,-12,20,20,-16,57,40,16,83,6,27,62,20,-62,0,1,-22,-9,16,-12,16,-76,0,34,64,73,-17,8,71,-51,49,1,-1,-35,-4,77,-2,75,34,-27,-6,55,-32,92,-3,-7,54,-40,14,10,-26,22,-30,37,28,-6,-64,-26,-11,-58,-93,45,-64,-98,20,-55,12,34,100,22,-89,46,38,-59,-29,-28,68,6,-10,32,-64,54,-97,27,-70,-21,-20,-2,91,-1,-71,28,-2,-2,-57,47,-33,-91,2,-21,-24,33,24,-18,94,-67,74,19,-76,87,-19,-30,10,15,-52,51,-22,41,7,-20,19,-61,18,30,47,-33,-78,86,69,-58,8,100,3,-39,31,4,7,-65,4,62,5,16,32,41,75666
23,-19,7,-33,-35,-14,-46,-46,24,8,18,84,44,-40,-46,38,-24,-52,-33,-1,10,75,36,38,21,-41,6,-10,-39,5,-62,27,14,65,-63,23,-52,42,-19,15,-36,10,-23,91,4,81,-12,40,76,10,3,75,21,-82,38,76,-56,-13,33,-25,0,19,-15,50,-5,70,-7,34,86,32,30,3,10,-43,-37,76,-56,4,-16,-48,-26,60,-37,-55,9,-19,20,-64,35,26,9,52,-15,67,46,12,-32,13,-51,19,-58,57,-1,-62,10,26,-7,33,8,47,24,1,9,-15,19,-15,-37,10,57,84,-83,82,-64,28,1,-32,33,-34,68,-52,41,47,-17,51,-15,42,-18,-73,16,48,9,35,38,-77,69,-27,88,8,3,88,-27,-52,23,58,-44,23,12,-4,-52,36,-9,2,52,19,-4,-44,12,69,92,-11,-24,3,15,-5,96,12,-2,29,46,24,-2,-10,47,-69,75899
9,-44,58,-23,-30,2,2,53,8,81,-81,27,36,-6,1,34,10,-23,8,3,11,56,14,29,32,15,-5,-31,-79,-91,11,29,-13,44,5,25,-17,6,0,37,-100,6,3,99,34,77,26,37,76,-78,26,78,20,-79,14,54,36,3,9,-2,23,-4,-38,66,-14,32,-31,41,83,34,10,28,24,50,0,-79,-33,-8,-50,-27,9,12,11,2,30,8,45,30,5,3,-10,68,-8,47,15,30,-7,37,-11,27,-55,-100,-9,-53,22,30,-71,-8,39,19,-69,73,5,-10,-2,-8,7,9,33,55,-78,74,-53,17,-5,15,53,-23,73,-39,4,23,-38,34,21,32,52,-49,19,33,-11,21,34,-49,72,-57,49,81,-1,45,7,-17,17,-6,-1,29,32,79,-18,45,14,-8,66,36,8,-18,11,78,38,-8,-72,34,19,50,100,9,-65,38,14,46,33,8,54,2,75945
-4,11,-100,0,-4,0,-54,-54,35,0,-6,0,42,4,-6,-29,-45,8,1,-23,-10,77,24,0,100,5,15,-2,-100,27,77,-33,-91,29,-42,2,-38,-66,-85,16,80,-1,-87,-100,24,-56,-7,100,-24,28,-24,-46,-38,46,4,-11,-69,0,-20,3,-25,33,-100,9,-27,67,-7,100,-62,-3,29,-68,-12,-43,-7,10,10,-24,8,-6,0,43,-30,-29,19,1,100,-100,-19,35,-89,-44,-5,70,51,12,1,-83,0,-19,1,17,-9,36,0,-34,6,16,-56,54,1,-21,85,-100,32,-1,1,0,-10,-18,72,-46,-6,-7,24,19,-47,0,2,-67,31,51,-100,-6,20,-23,2,-5,-27,-10,-89,-5,-26,-73,2,25,-20,0,22,0,-15,7,45,-64,-56,0,-86,-16,-32,-38,-48,-39,-44,100,-14,3,-3,-22,13,-100,-40,-63,-25,-32,-100,0,0,30,7,100,-68,-60,41,-38,76211
16,-50,49,-28,-23,-6,-53,-31,-1,10,28,69,88,-21,37,24,44,-68,32,5,-18,64,11,3,22,6,20,-29,-39,-2,-14,21,25,8,-43,23,7,9,-9,-27,-64,-44,-12,77,-28,49,22,18,66,3,-1,88,20,-84,-35,-22,-23,-7,26,-5,-3,-46,17,80,-63,51,-28,18,55,6,4,16,-35,-26,-37,87,-74,-54,-57,-15,4,49,56,35,5,12,22,-3,26,-12,14,6,14,62,31,1,-5,23,-41,-9,-68,84,21,-63,6,-3,-10,22,100,44,-28,16,-14,-4,18,17,7,4,-35,-19,-82,90,-100,4,-24,-18,3,-26,71,-41,-36,26,12,38,27,38,8,-100,22,37,14,11,21,-45,73,-49,54,11,-39,71,0,1,48,6,-57,23,23,17,8,-2,-5,21,9,21,1,1,-17,66,67,-3,2,100,22,16,78,3,-8,87,-5,22,16,0,84,-44,76212
21,-75,79,-37,-24,-19,8,-27,5,38,-56,76,68,-31,28,29,-8,-12,-15,-16,1,46,42,43,-2,61,-58,-18,-49,-53,21,36,48,48,-77,10,-49,25,-38,-7,-100,-65,-35,100,-22,82,-35,21,59,-45,-24,59,33,-100,-1,51,-31,-17,35,-10,-26,1,19,68,-46,1,-17,16,79,45,43,12,-60,-30,-12,-37,-15,-58,-74,-34,-4,-42,-24,25,-5,-3,18,-57,38,15,13,40,-38,43,13,-8,-25,57,-19,4,-81,-58,-10,-91,16,2,-1,19,72,15,-50,4,9,-12,-40,-39,53,28,26,61,-99,59,-71,27,10,-14,34,-35,66,-69,-3,45,13,40,-25,36,-49,-71,20,39,14,37,32,-78,65,-57,44,38,18,65,-17,-50,30,33,9,11,56,-8,-43,27,-11,-19,38,-4,-13,-54,2,59,42,-12,-33,59,20,-51,100,29,6,65,12,23,13,10,27,-80,76295
26,-60,70,-23,-42,-12,-40,-14,5,35,-41,75,89,-21,72,17,8,39,9,-7,-30,58,76,39,9,-60,19,-14,-16,-52,34,36,60,3,-86,18,20,14,-6,0,-62,35,-1,93,-17,33,5,17,81,-55,-10,94,30,-77,30,21,-2,-9,58,2,-10,-6,22,97,31,83,-8,17,39,46,70,23,34,-17,8,-41,28,52,-61,-47,3,55,-5,77,-13,7,6,3,61,5,43,31,-3,60,44,-16,-18,43,0,27,5,-54,4,1,19,40,-9,-31,100,52,-77,9,2,8,18,-11,-68,10,42,23,-79,100,-100,20,44,31,39,-22,73,32,10,81,19,51,6,19,-9,-91,44,54,43,24,22,9,71,-38,46,36,42,74,19,8,55,11,-35,20,44,-2,25,37,-7,0,25,11,-2,7,-27,85,21,12,-47,100,44,-4,95,11,-4,84,-13,10,27,-8,83,-84,76335
30,-18,44,-22,-13,-35,-50,-7,-16,-5,-6,45,0,-26,24,41,19,-38,-6,-14,27,34,6,0,32,23,-2,-17,-21,-58,-7,26,17,52,-63,13,-2,35,-18,16,-76,-17,-16,86,9,73,-8,42,67,-54,-8,68,24,-80,37,21,1,-34,12,3,-9,44,-25,58,-16,-24,-18,40,71,6,4,16,-21,-12,-31,42,-46,-3,-15,-17,5,-47,29,16,8,4,39,2,11,-17,-6,73,11,33,35,12,-22,32,-43,-6,-62,31,-5,-69,-15,-1,-15,29,63,44,-32,52,19,-17,-1,10,-2,8,33,15,-82,68,-7,20,-60,-6,52,-20,65,-16,48,40,-28,45,-9,9,41,3,17,46,-6,19,42,-30,65,-65,46,-3,-52,44,-1,-73,48,36,-47,15,31,42,2,52,0,-9,71,32,-13,-76,28,65,44,-16,-30,56,18,43,87,10,-11,-6,33,38,18,0,51,-64,76415
-54,96,-48,0,36,0,0,-72,0,0,14,43,41,7,22,-2,66,-32,-17,-64,-29,-1,-13,2,9,-11,-16,0,7,20,41,39,-43,-30,83,-16,100,-58,-84,43,25,-3,-83,38,38,100,-9,100,99,20,6,60,65,-12,48,38,97,0,-57,4,9,66,18,0,45,100,0,100,100,3,-26,2,-5,-63,-27,33,-33,42,100,44,5,100,57,38,60,1,-100,98,-73,0,-51,0,0,-34,33,58,10,42,-32,65,-6,31,59,-5,-32,61,23,-13,-30,34,-5,24,-100,-100,-10,-1,-5,0,37,28,-9,74,57,1,-2,-29,-24,0,-3,27,65,66,14,50,-36,100,0,57,-39,46,-58,0,2,32,-2,41,43,0,-7,47,-25,6,54,-46,-3,-10,40,8,98,-25,-7,60,0,-41,-49,3,-26,95,65,-100,-80,-6,-36,0,36,0,13,40,63,-100,4,-19,43,89,76598
12,-21,48,-16,1,9,-60,-10,-10,16,-82,47,28,18,-13,25,15,-40,-6,-21,4,40,10,10,16,-43,-4,0,-33,-70,-33,33,-10,30,-57,2,-14,63,-7,22,-26,-10,-6,86,11,84,-2,37,68,-82,-19,89,28,-74,29,60,3,8,25,-15,-23,40,-5,23,-65,19,0,34,87,7,8,14,-3,-15,-28,-87,-42,-57,-27,-9,-13,-5,5,-17,1,-9,25,3,25,-18,9,8,5,36,14,-5,22,-15,-31,7,-72,-93,-11,-80,-4,12,-55,23,41,20,-64,60,-7,-30,-6,0,-36,24,38,72,-75,87,-93,34,-23,-26,15,-17,62,-65,52,31,-4,33,-3,24,41,-97,17,33,13,33,27,-72,61,-34,48,16,-30,52,-21,-57,17,49,-58,7,-18,55,-13,5,4,-7,8,15,-22,-52,5,68,65,-29,-14,36,17,28,89,25,-55,32,23,28,14,13,23,-64,76739
19,67,58,-20,1,-13,-9,-23,41,41,-4,75,39,-76,97,10,-57,-8,-60,8,-53,76,71,9,4,-48,15,-32,-43,-21,29,25,22,-24,28,43,8,-6,-21,-22,-18,58,-14,53,-19,69,-57,12,69,-17,35,80,25,-94,-53,15,-31,-12,44,8,37,-59,-10,90,46,-28,-27,12,58,7,61,-31,62,-27,-4,21,-12,44,55,3,22,-32,-45,99,-22,19,45,-23,42,28,0,-20,-51,76,18,-27,-83,-16,-12,32,23,15,-47,4,3,38,17,19,100,22,-96,80,59,-5,11,-52,-34,-4,-49,17,-88,81,-21,15,-20,-55,-27,-19,76,91,-31,33,-12,54,-37,26,-36,-29,24,52,-1,17,12,73,76,-62,45,40,-29,89,-59,-56,10,1,-13,43,-17,71,12,-41,-21,-45,-25,7,17,-56,-51,75,35,-6,5,100,23,-36,56,-3,17,44,-26,48,-29,-22,73,30,76910
35,-45,89,-36,-9,-9,30,-16,-3,23,-2,17,73,-12,40,23,23,-24,-12,-34,9,55,19,94,11,-16,0,-28,-26,-50,13,33,44,24,-85,15,-11,57,-28,20,-90,-19,-31,95,20,73,-3,30,74,-51,-17,72,24,-91,20,63,11,-8,27,-17,-27,2,11,15,-10,27,-30,34,76,84,20,35,-21,-10,-44,88,-21,-6,-82,-5,-22,19,17,30,52,-16,24,11,28,-5,22,16,-23,43,56,34,-7,47,-50,-4,-66,72,-21,-54,-19,3,-44,30,97,60,-100,59,-22,-1,0,-28,-2,23,5,74,-97,77,-36,14,61,-41,29,-37,75,1,15,54,8,84,-3,26,3,-44,23,79,25,15,19,-3,77,-89,36,24,73,17,-50,-73,60,51,32,20,45,61,-12,8,-17,-16,18,10,-31,-70,8,69,70,4,-30,94,23,17,100,23,-44,85,10,27,36,-19,1,-89,77124
0,57,41,-17,24,14,-18,-24,3,35,50,74,20,7,49,0,-19,47,-55,19,-16,51,85,97,29,24,31,-40,-23,-78,-18,32,-49,-23,-1,22,-25,77,-15,50,-61,-33,-4,52,50,18,-23,24,74,-73,6,43,27,-52,14,33,23,14,34,-3,8,12,-24,60,17,49,-35,21,23,92,77,20,-29,-35,1,25,35,49,48,31,4,24,-8,46,92,5,38,24,24,0,38,-35,-34,55,-42,99,13,-2,1,11,-2,17,-33,-13,-12,16,-70,11,100,-40,3,58,-41,-16,37,-31,23,-9,25,46,-57,28,-45,0,89,-30,-14,-14,65,70,26,67,-18,68,-1,19,-12,-34,6,62,42,4,2,54,67,-52,36,35,85,63,-29,69,16,75,-19,31,-9,65,-29,-22,-31,-32,-46,29,32,67,-20,84,34,-15,-26,100,9,-8,59,-10,-57,20,-22,39,30,-30,54,2,77347
-4,-67,54,-32,-18,19,-40,-41,47,23,-36,44,72,-14,100,3,2,6,29,-11,-4,69,59,72,4,37,-32,-28,-88,-39,-5,36,-24,14,-23,27,6,24,-40,-20,-25,9,-34,76,-29,60,44,17,43,-37,-5,82,31,-51,1,-2,-18,22,43,-11,-7,-93,13,40,14,100,-27,10,68,76,51,5,12,-54,-41,-37,-3,23,-65,-28,-8,100,-8,98,6,-8,24,-18,38,33,14,-17,3,68,43,2,-13,13,-52,15,-81,-55,-33,-70,14,23,5,27,100,45,-37,6,19,-41,-27,4,23,13,10,14,-56,83,-100,7,72,-12,-28,-32,71,-26,-91,22,19,58,-41,-10,9,-100,22,52,9,7,12,-25,71,-69,75,24,67,50,-4,31,54,32,-48,30,3,1,3,-40,17,-31,-22,4,-6,34,1,46,82,-44,-12,100,21,-8,84,16,8,72,0,26,7,18,25,-32,77466
13,10,47,-24,17,-27,-19,-28,1,38,26,52,-50,-77,31,11,-30,-15,32,-4,2,44,56,73,26,83,25,-12,-39,-21,-28,36,-36,37,-57,22,12,66,-26,29,-71,0,-12,86,23,42,54,31,66,-18,-29,37,32,-78,36,-6,-52,-26,24,-2,-30,57,2,91,16,83,-9,27,42,72,56,24,7,-37,-22,71,-20,26,6,11,7,66,-37,32,23,7,19,-57,23,2,31,30,-26,45,12,28,-69,52,-25,-43,-85,54,-100,-96,-33,-36,-16,52,94,12,4,46,-16,-56,29,-29,96,1,42,3,-84,30,-96,28,37,-18,-4,-21,42,-83,67,64,4,44,-49,12,-38,-88,13,43,40,34,16,-97,41,-67,100,39,41,45,-21,-10,21,65,-24,28,49,39,16,-7,-19,-100,23,28,4,-5,6,72,96,-55,-7,92,15,-41,88,0,-13,-54,-3,18,31,-23,71,-58,77615
25,32,63,-8,4,-7,-36,-28,27,19,-36,69,44,-16,62,15,-42,-31,49,15,-20,64,54,-5,3,42,13,-24,-46,-52,39,26,35,-6,46,34,6,0,-27,-12,-28,-29,-29,64,-24,-20,52,0,43,-60,20,32,22,-71,-19,-31,-43,-8,48,-11,11,-43,26,52,-18,30,-21,-8,-8,-6,56,-23,-34,-33,-66,-31,-29,-14,22,-2,-17,32,-46,58,-3,-25,48,-51,48,19,-20,-26,4,55,13,-4,3,5,-65,4,-33,-20,-40,-32,-16,7,12,39,100,16,-79,38,38,-2,20,0,33,23,-10,-18,-76,30,-71,24,-6,31,-25,-7,75,-36,-41,37,24,35,-45,22,-4,-75,15,32,-23,32,23,-33,74,-64,35,18,-6,72,50,11,46,-2,-39,34,3,26,12,-18,-4,-35,-25,3,16,16,-16,40,43,-3,-12,95,16,-8,70,24,20,46,-46,52,-26,-3,58,31,77791
43,66,-5,-3,-41,-16,-3,-54,20,52,-2,63,7,7,55,18,2,-37,-31,28,-24,11,32,-36,8,-6,-36,-11,42,-30,1,20,-1,21,42,3,0,28,-7,-27,-61,-33,-2,63,-4,22,-17,-10,10,-36,26,3,25,-36,-2,-10,-1,-15,35,17,24,-16,-6,-8,-8,17,-13,-18,33,-44,28,0,-34,-57,-41,-2,-35,-1,43,-42,23,15,18,49,-11,10,52,-16,23,33,32,42,0,24,-55,5,-23,-50,-34,-35,-54,-9,-36,-51,18,-45,1,31,52,-67,-9,49,0,-7,-50,11,-3,28,9,0,-31,1,-100,29,-71,30,-14,-3,47,-70,-2,60,-4,-26,29,50,1,-100,-8,-24,43,33,24,-61,48,9,12,51,-58,64,52,8,17,23,1,0,-52,47,0,-26,-6,-38,38,15,23,7,-19,13,14,-20,-2,47,-9,1,58,27,11,2,-26,44,2,-3,-3,34,77851
-29,43,31,-50,20,32,-77,-33,47,27,-76,43,3,-27,50,19,32,-51,-9,12,-14,73,16,-13,38,-26,21,-31,-60,34,-69,50,-52,-17,47,11,4,42,0,44,-29,-17,-1,19,33,92,-11,45,60,55,11,35,41,-75,-14,71,-34,31,5,-10,3,0,-58,92,-12,54,-30,47,94,-11,15,5,-13,-32,21,-67,-52,-15,40,22,-4,49,29,48,-16,-10,14,-51,3,40,-26,15,-43,61,-5,-18,-11,-31,17,8,-38,-87,-5,-36,3,10,6,-42,74,0,59,80,-45,-39,28,-41,-28,-2,-14,77,-76,32,-76,46,-44,8,34,-49,86,3,2,17,-56,15,-44,66,33,-76,12,14,-17,44,16,0,87,-10,60,27,-44,43,11,-36,-5,43,-76,15,-32,86,2,23,-38,-6,19,37,14,-34,-16,58,66,-31,-56,73,12,33,19,0,10,0,16,17,3,-41,97,45,78012
18,-21,24,-14,20,-27,6,-15,19,4,61,44,-39,-13,60,36,-7,-58,-36,-1,13,45,18,2,8,26,19,-17,-3,21,-52,23,43,57,-30,15,-18,47,-23,16,-81,-41,-29,70,12,51,-46,29,57,27,-9,28,18,-89,17,4,-3,-25,18,-17,-14,-58,0,94,-73,26,-13,21,63,19,9,10,-50,-9,-50,67,-75,-43,-25,14,-9,0,-28,52,37,-10,16,-28,28,14,-16,57,-14,36,44,35,5,12,-52,21,-88,57,-29,-100,19,11,10,38,82,42,50,33,2,-16,27,-12,28,-6,8,2,-86,34,30,16,-38,10,13,-12,52,-6,-50,-5,-8,58,-21,0,-6,35,1,65,-10,22,33,-54,52,-54,-19,3,-34,65,-4,-1,35,44,20,14,19,20,-13,14,-18,-31,60,4,-7,-18,14,50,-52,-8,7,74,1,-13,66,-4,1,-27,15,20,4,-10,66,-34,78037
13,1,31,-19,4,2,0,-8,33,38,10,69,49,-14,70,19,18,-38,33,20,-29,25,27,-49,17,29,13,-13,-38,-37,-23,28,20,25,41,13,16,26,13,27,-98,6,6,76,38,60,29,5,33,-36,-4,8,19,-83,16,40,-23,4,30,-13,-15,-72,11,23,1,60,-8,-9,61,-43,26,-29,11,-8,-37,40,-45,8,-14,0,-14,39,21,67,13,-20,41,-29,42,28,-31,2,-21,9,-1,10,-8,11,-43,-28,-79,19,-31,-82,-8,-19,52,42,100,1,-25,64,1,-35,12,-27,12,31,25,44,-87,19,-79,28,-33,-2,-24,-16,56,-41,-68,4,0,-4,-5,19,-24,-68,3,7,-18,35,33,-38,55,-41,22,38,-34,72,-1,-49,7,25,14,11,18,46,28,-23,-10,-34,6,11,17,-45,-25,26,24,-24,-14,100,5,-29,75,32,55,46,-22,50,-38,-13,29,33,78063
19,-10,89,-20,-27,-12,9,-47,26,23,42,26,47,-42,14,23,-4,-1,-62,-21,-30,61,51,26,12,23,-4,-28,-54,3,10,32,13,18,-61,16,-1,36,-19,-7,-74,41,-15,95,0,69,-42,27,59,-9,-17,37,24,-90,-47,62,-45,-11,37,-21,-19,14,40,53,-5,65,-30,27,69,26,51,2,45,-46,8,35,2,0,-32,-24,-17,76,1,15,-52,-12,30,-48,33,30,21,9,20,51,46,-55,-52,45,4,37,-26,28,-34,-30,-4,42,3,25,100,49,-71,40,7,-18,-18,19,17,30,-57,59,-96,38,-84,20,24,-34,19,-21,66,5,15,-20,44,67,-14,5,-5,-77,21,66,25,16,24,-10,65,-55,50,25,17,42,-29,-63,24,30,10,21,39,40,-9,-1,-22,-29,6,17,-17,-52,-29,58,72,-14,-35,100,22,-4,97,31,0,48,2,28,2,-17,57,-66,78159
41,-45,52,-35,-28,-15,19,-6,-6,42,3,56,24,-10,-27,50,15,-8,-49,-24,8,44,54,33,15,-41,18,-14,-1,-60,-14,40,72,78,-70,16,-26,42,-9,-13,-82,38,-2,92,-22,44,-40,11,82,-58,-36,55,33,-92,35,77,-52,-16,39,-4,-36,67,-24,100,39,70,-11,11,50,29,55,17,30,-15,-13,63,-7,47,-51,-29,12,57,28,-27,30,18,30,-50,33,-15,6,86,0,43,39,39,-9,26,-20,23,-9,47,-62,-10,0,31,-31,23,83,40,-54,14,-5,-7,18,-3,-27,17,40,83,-96,56,-91,50,-45,0,4,-34,92,31,82,68,-22,31,-41,8,1,-93,20,28,6,54,55,21,91,-38,52,43,-42,63,4,-94,20,34,18,23,19,11,-30,0,2,-58,79,17,-13,-91,8,88,47,-5,-27,84,22,3,95,16,-24,29,26,28,26,5,99,-71,78211
22,-3,32,-29,-20,-33,18,-25,26,8,-21,63,51,-11,26,21,14,-13,29,10,15,52,43,9,3,54,-20,-33,-27,-9,11,22,31,2,-44,26,40,34,-1,4,-94,20,-18,88,-3,63,37,2,31,0,-22,26,24,-74,43,-2,-16,-32,29,3,-25,-2,17,34,-51,66,-27,3,56,18,33,6,19,-4,-35,-23,-27,-32,-7,-9,7,50,11,27,39,2,30,-37,40,13,-13,12,-30,47,34,29,7,46,-51,22,-56,-4,-6,-69,-33,17,6,12,90,37,29,37,19,-20,-10,-24,35,1,23,-10,-68,47,-65,1,-13,35,27,-27,86,-80,-16,26,3,22,4,7,-27,-56,17,39,-7,3,20,-78,87,-46,78,7,-28,70,25,3,48,38,33,19,52,28,47,40,-8,-7,24,2,-6,1,10,27,80,-14,-7,93,17,-22,82,2,6,63,-30,33,-3,-7,31,-42,78357
9,19,47,-18,-27,-3,-78,-32,-5,13,-71,40,52,-25,44,20,-41,-40,21,-2,9,8,27,50,5,20,-42,-7,-21,-79,6,34,-1,2,-43,-14,-46,64,1,4,11,18,15,65,13,85,43,12,41,-70,-5,10,33,-66,15,80,-6,-1,33,8,-1,-26,36,-31,-24,7,-4,12,84,52,23,3,31,-47,-50,-100,-42,-12,17,-28,16,-1,-36,42,1,17,6,-13,20,-2,20,19,-21,19,35,16,-7,5,-62,-7,-65,-90,16,-76,-21,6,0,1,51,32,-71,1,7,-17,-45,-17,26,8,26,82,-69,-6,-56,30,-7,2,-23,-20,74,-11,-2,-11,42,-29,-26,2,20,-40,14,-36,15,30,25,-14,74,-15,-72,15,-11,39,-1,18,31,62,-86,-9,-1,4,-52,-33,0,16,7,9,6,24,14,49,-78,-24,-22,52,12,14,70,9,2,41,2,3,11,-1,-33,-39,78367
-23,0,54,-55,-41,-5,-8,80,14,75,-14,90,79,-1,9,20,28,-6,68,26,34,69,72,25,43,-15,10,-66,-45,-62,-27,15,1,-25,62,28,-57,7,37,11,-81,0,44,78,5,63,60,15,63,-52,16,58,9,-48,5,76,39,-3,-3,-1,20,13,-69,63,-31,94,-64,16,74,27,68,0,1,74,64,16,-11,-36,-6,-42,18,81,35,12,-9,8,39,36,-9,12,-18,38,-39,60,18,-7,3,-66,52,39,-25,15,7,-27,44,41,-74,-63,87,22,86,28,-21,-37,10,-41,-12,23,7,84,-42,60,-78,22,-6,23,1,-52,71,-1,24,-16,-73,-30,34,-6,5,-79,5,-29,-18,26,26,-10,71,-66,100,76,-7,95,30,14,-5,-1,-9,34,-62,22,-58,-1,12,3,29,49,32,14,35,69,100,-33,-89,85,7,4,81,22,-62,73,-32,35,4,8,69,67,78577
-9,-2,35,-24,-47,-10,13,-2,31,0,-12,74,-1,10,43,8,40,0,-5,-6,1,39,54,21,0,20,-14,-15,-68,-64,-7,31,-15,-2,-49,2,49,21,-33,-39,-78,3,-27,72,-37,81,8,23,34,-63,-18,66,35,-43,52,77,19,-9,24,13,-13,-57,23,-4,-3,86,-13,19,76,15,52,-6,5,-10,9,-34,0,14,-1,-46,13,80,36,39,18,12,22,16,26,30,-11,-15,-10,50,6,27,20,25,5,-29,-29,-51,-22,-50,-6,-22,4,-6,93,7,-45,1,7,-28,-10,-9,20,4,63,85,-43,71,-81,18,40,18,54,-22,60,-78,-54,26,22,36,-8,10,52,-75,17,36,-12,13,14,-84,58,-54,37,0,33,70,8,-7,31,31,11,1,25,2,47,40,33,-25,-18,0,-4,0,5,37,46,-29,-27,89,16,35,72,5,3,-10,0,26,-5,26,3,-47,78596
23,0,18,-6,-9,-6,-18,-15,55,-51,-6,38,18,-18,22,16,2,-17,78,57,14,67,42,-33,34,52,-52,-22,-55,-49,44,7,16,-22,3,48,6,75,19,-13,-78,-24,15,34,-8,28,87,17,8,-48,40,31,13,-26,19,-27,74,-2,34,16,46,-100,17,-26,-39,94,-15,15,25,-28,36,36,-24,-8,-76,60,-28,-27,-3,0,21,88,-6,20,8,18,72,63,40,34,-18,5,-2,73,2,18,-13,31,-86,-22,-75,37,-27,-77,4,-14,10,51,85,9,-49,4,63,-27,-37,-9,45,19,17,-30,-29,43,-100,19,-11,60,0,-4,32,-100,-91,11,10,0,52,44,28,-89,10,5,-18,14,16,-100,29,-35,78,-51,-12,60,43,20,39,73,-23,40,30,12,7,-15,-1,-30,8,34,50,19,12,12,71,-28,34,86,11,25,33,19,0,14,-26,76,31,-1,-40,8,78643
-65,7,-12,0,-26,0,-84,-25,-4,0,-6,-39,-33,-11,-4,-35,-43,-26,75,9,-33,55,-37,100,77,8,17,-1,-79,9,44,29,-87,19,6,1,-71,1,5,32,100,-46,4,-80,40,35,73,68,-28,5,-2,-15,-100,25,-1,44,-40,0,-31,-7,-2,-100,-51,-12,-41,71,0,31,37,100,-38,0,-55,-31,-100,19,-27,-37,3,-19,-7,72,-38,-2,65,-11,100,-37,-22,-7,-31,0,0,88,60,66,-13,-17,-100,-47,-100,16,78,-100,-66,-46,9,63,-64,64,9,-32,40,-100,18,-1,6,0,0,41,27,-22,100,7,100,-12,-46,0,6,-54,-100,10,-49,-39,-55,-20,25,100,13,-41,-27,6,-10,-54,7,25,67,0,100,-27,-21,98,-13,1,-76,4,-13,-32,-76,-43,-21,80,1,61,19,91,-33,-26,64,-100,36,-62,-30,19,-87,0,11,-32,-13,96,0,-22,-16,-43,78720
32,17,31,-30,27,-19,-35,-6,-23,-5,4,43,81,-25,-9,24,-3,28,-60,-11,-17,57,64,26,20,-10,36,-11,-12,6,6,16,39,30,-51,13,-61,24,-9,3,-37,30,-9,68,8,57,-24,25,50,4,11,31,10,-68,-17,22,0,-15,36,-5,9,37,5,31,-3,22,-4,22,63,53,58,1,37,-9,16,19,16,14,-4,17,-5,-3,12,9,50,-2,7,4,35,-21,24,42,-23,53,43,42,-32,80,0,36,14,21,12,-13,0,48,21,1,81,54,-53,24,-6,-14,32,-21,-39,11,7,53,-68,38,-41,24,57,-40,35,-27,39,84,41,28,1,45,12,17,14,5,32,43,28,35,31,65,38,-45,73,-5,20,49,-46,-58,53,30,-33,14,76,12,-55,23,-3,4,40,22,-9,-59,-11,51,94,-7,-32,84,32,-4,72,12,4,79,5,11,1,-9,28,-52,78728
7,-65,18,-27,-16,-25,-50,-2,-12,45,-2,38,24,-24,49,15,3,66,-16,-18,9,38,47,15,26,18,32,-19,-51,-100,-24,23,-14,38,-63,17,-17,29,-15,0,-99,4,-13,68,-2,58,-1,33,55,-100,-27,58,21,-78,3,16,-30,-24,-1,-2,-28,47,-38,40,30,13,-18,35,61,8,47,11,8,-6,22,-54,64,42,-52,-20,3,1,0,50,-20,10,26,-38,-6,-14,3,9,-29,39,28,-9,-14,12,11,6,-42,-52,-44,-62,-6,13,-57,16,58,29,13,19,7,-31,32,-26,42,21,25,9,-84,54,-68,18,-32,-11,30,-29,60,-52,58,31,-39,43,-10,-20,-30,-67,4,44,3,22,14,-69,58,17,35,45,-25,24,-7,-74,0,29,-47,17,12,13,-14,28,-27,-40,7,30,-16,-63,11,58,58,-28,-32,58,6,-25,69,21,-42,20,-20,27,13,-26,21,-60,78745
14,9,34,-20,-30,0,18,-6,22,16,-52,58,38,-35,12,24,0,-35,-33,-10,-7,34,37,27,0,2,16,-26,-53,-35,-15,26,16,36,-47,19,4,30,-17,-9,-65,26,-16,87,-19,29,-30,15,61,-38,-24,61,21,-87,-1,26,-14,1,34,-13,-27,-49,8,39,-3,17,-22,11,33,29,40,9,23,-7,-19,-21,-34,-15,-3,-34,-3,17,-1,25,6,-2,21,-17,35,12,7,14,-24,28,30,2,-34,26,-22,22,-43,-29,-9,-45,24,29,21,16,68,37,-73,35,0,-6,15,-20,-11,14,2,39,-91,60,-47,12,5,-21,14,-18,63,-76,-51,23,8,37,-15,5,-21,-33,16,38,13,22,28,-76,63,-68,-58,16,0,71,-16,-26,29,28,23,20,28,35,2,0,4,-10,13,0,-10,-17,-7,61,-30,-2,-30,69,15,-20,89,15,27,41,5,23,9,-1,48,-47,78838
-1,12,52,-16,31,14,13,22,32,3,-56,54,94,-9,60,4,23,25,-56,-10,-14,50,72,35,30,-66,45,-35,-26,-10,13,45,20,-21,-52,7,63,73,18,-3,-89,9,23,69,-8,-1,-50,30,90,-1,-27,98,43,-73,49,42,88,13,39,0,-26,-11,21,49,0,72,-35,31,2,36,70,45,2,18,24,-58,23,7,6,33,4,67,19,52,39,3,26,91,36,34,26,-13,-12,51,58,41,-4,13,21,49,-6,-71,0,-5,19,51,-31,-22,98,61,77,68,25,-17,45,-16,-68,5,56,52,-74,96,-34,-9,32,0,50,-15,62,19,-11,-40,23,83,32,-18,-35,-35,42,80,24,-4,5,15,63,-85,49,4,33,56,13,15,75,71,8,11,10,72,60,45,6,4,-14,34,-6,15,-11,92,48,-20,-47,98,41,-32,72,7,-26,92,-18,24,49,4,42,-52,78843
24,-2,93,-19,6,-5,5,8,7,-28,-37,51,72,-23,10,6,-1,40,-30,-27,23,63,89,95,10,29,40,-17,-13,9,-1,32,-16,1,-11,21,-7,38,-38,35,-64,29,-30,92,34,-61,-2,10,42,14,4,25,24,-48,32,-96,-28,-3,37,-8,2,38,-8,52,-12,-3,-18,10,-54,91,79,41,29,0,40,-100,27,-5,-28,-4,-9,-12,0,-4,2,-4,32,-39,33,6,34,-28,-37,60,11,7,-13,35,30,49,64,-100,3,49,-38,63,-82,7,78,17,-100,34,-26,10,50,-38,28,25,31,-80,-58,16,24,37,35,-30,0,-21,73,38,62,52,-5,80,-5,17,-20,24,12,71,37,37,7,24,73,-89,52,-28,42,56,-42,-38,52,34,-6,26,27,34,-7,-6,-8,9,-31,11,-19,-30,25,46,50,12,-52,78,10,-32,98,26,-76,69,-13,35,48,-12,13,-10,78872
21,-56,78,-31,0,-28,-35,-20,16,-12,-3,48,51,-69,55,27,-1,4,-14,-27,-14,49,34,40,29,7,0,-16,-27,-25,9,14,48,32,-66,13,-30,4,-5,14,-65,-16,-4,99,10,73,-12,33,59,-27,-26,62,14,-99,6,63,-28,-27,26,2,-27,39,15,87,27,66,-18,30,73,42,40,7,-26,-20,10,55,6,29,-65,-4,9,56,-6,55,0,10,31,-22,26,22,11,31,-31,50,53,0,-57,12,7,6,-69,48,-59,-51,22,10,-15,8,81,60,-82,36,2,-7,1,-29,3,23,-6,72,-100,66,-50,17,-6,-40,2,-32,75,29,46,-6,11,76,22,8,17,-52,19,72,11,20,27,37,75,-76,81,-11,0,53,-42,-100,40,5,-39,13,11,26,-28,-4,2,-58,31,28,-28,-100,-15,59,85,-9,-29,75,20,12,100,24,-22,53,21,35,8,-6,79,-65,78933
14,7,21,-34,-13,-20,-52,-21,9,15,-8,90,52,12,67,40,-23,-51,-23,-6,16,73,6,14,30,9,-10,-18,-55,-47,-58,25,12,69,-68,12,0,69,-2,-10,-55,-34,5,89,-11,83,-4,27,90,-47,-4,63,23,-100,30,0,-18,-20,30,2,0,5,-19,94,2,89,-18,26,82,17,8,3,-25,-34,-4,41,-49,11,0,-18,25,75,-16,57,31,31,33,-13,19,9,25,78,0,71,12,40,8,-2,-9,-32,-80,36,-64,-74,12,-23,-21,4,92,10,-69,29,9,-37,-12,0,11,-2,40,25,-100,49,-100,54,-70,-10,44,-34,40,-23,6,15,-22,33,-9,28,1,-100,10,32,27,62,41,-28,41,-69,89,15,-74,92,-7,-78,43,67,-69,19,-9,20,1,37,-3,-65,73,34,0,-80,19,96,94,-42,-66,89,11,-1,91,-2,-12,47,36,29,9,-3,88,-65,78968
18,52,58,0,17,0,-1,9,0,0,-1,-46,0,-3,0,2,10,-5,-7,7,-10,10,-7,-5,31,-6,3,-97,56,28,-97,-27,41,19,-100,-16,80,24,29,-4,30,-2,29,70,-4,49,-7,48,47,28,-51,-37,-27,-9,-8,-64,100,0,0,0,-51,2,44,-28,-9,-14,-97,48,49,-5,-7,0,-2,9,-4,36,-5,-9,52,17,0,-14,10,0,15,0,-17,100,0,0,3,6,8,10,9,15,-3,87,-4,0,2,36,0,2,-100,0,46,-62,-4,9,16,-93,-60,-100,3,8,-6,0,-8,-64,-9,-37,2,14,-4,-35,-15,0,17,-2,2,-64,44,-1,-19,58,-50,2,16,-1,3,14,2,-2,17,-26,-10,0,-4,-46,-35,-6,9,24,-1,-16,87,-93,80,-15,23,0,6,31,7,-6,-10,47,-10,-100,-18,-4,16,-50,70,0,46,0,18,-17,0,23,-28,-100,79301
19,91,2,3,-8,15,-76,23,9,14,-45,12,72,6,76,12,1,-18,-41,46,-25,75,44,-22,69,-29,11,-33,-52,-74,11,10,-42,-97,73,69,-47,64,52,3,10,-35,57,-20,3,27,-42,35,65,-75,48,39,7,-76,-28,23,81,17,4,15,49,-46,37,39,49,-8,-31,35,27,-14,43,76,-29,20,-21,5,-23,48,80,-15,16,-26,-8,77,37,12,78,82,0,-4,-60,-39,-19,77,-18,40,8,-76,-19,21,-48,-12,-33,-44,29,23,-47,35,92,-9,42,0,25,-28,16,-8,-42,25,-35,30,-73,36,-70,-10,-9,12,37,4,65,43,-50,0,45,0,80,44,28,-68,17,0,-61,-11,13,30,64,-71,30,14,-10,15,10,-2,64,70,-80,73,-81,5,-49,27,28,-37,-38,71,49,-10,-24,71,31,-33,-31,83,17,23,-17,26,-41,73,26,77,79,24,40,72,79447
19,-21,55,-23,-13,-13,15,0,11,-26,-24,25,99,-8,58,11,10,5,-50,-10,-28,38,51,45,16,-29,22,-33,-62,-28,8,37,-6,4,-65,18,41,33,-14,-4,-61,-41,4,69,-6,61,-26,26,60,-35,-10,54,31,-86,-25,-8,13,-10,22,18,-7,-49,14,56,19,95,-29,22,66,49,44,40,-47,-20,-55,-32,3,29,-19,-14,25,86,13,67,49,25,24,15,9,4,-3,20,-41,45,56,41,-24,44,-61,13,-45,-50,-9,-48,-12,28,-16,21,100,70,51,45,25,-17,25,-44,-13,7,2,-3,-87,46,-87,14,21,-12,54,-22,84,0,-35,0,17,45,-18,8,3,-75,24,39,-5,14,16,-17,81,-55,57,-24,7,27,-11,20,50,24,6,26,37,48,42,50,2,-8,6,23,7,27,-23,72,54,-20,-12,96,22,11,72,8,-15,89,-10,24,52,14,30,-61,79449
13,21,78,-30,17,-17,-6,-17,-9,20,18,56,12,-71,15,26,1,-11,-66,-29,2,24,39,45,8,-38,19,-14,-46,5,0,55,20,43,-82,4,-4,49,-32,21,-68,-45,-34,93,10,56,-47,27,65,17,-33,50,47,-100,-5,12,27,-16,34,-14,-40,37,-3,85,-5,86,-12,23,57,50,37,34,-42,-17,2,56,-17,12,19,11,-12,71,-3,16,6,-6,3,16,36,-10,21,14,-21,14,20,10,-53,68,-9,5,-39,50,-63,-36,-25,9,-37,8,85,24,2,60,-1,-22,22,-22,-53,20,7,25,-100,55,-63,28,3,-34,36,-29,75,4,34,28,-7,29,-69,12,-4,-49,26,27,25,34,29,-17,75,-26,56,21,1,59,-30,-82,37,41,-6,7,69,46,2,34,-1,-65,13,7,-28,-77,5,61,60,-16,-26,80,26,-2,97,21,-32,9,8,7,32,-2,68,-86,79487
24,-39,63,-17,-49,-8,-71,-8,-24,-28,37,29,29,-29,27,21,-35,-29,-51,-15,-32,27,84,58,28,-8,23,-12,-44,8,12,46,19,26,-43,14,-81,44,-10,17,-47,-17,1,93,27,67,-39,25,60,13,-14,69,31,-97,-11,-19,-47,-6,26,7,-21,-11,-14,14,9,78,-11,29,63,66,84,2,-10,-17,-22,52,-32,12,-34,-38,25,45,-28,26,65,30,33,-47,16,-32,-7,3,-2,14,76,65,-39,3,-27,54,-90,33,-36,-99,7,64,-90,48,100,80,-50,30,16,-60,18,-5,-10,-6,6,10,-100,56,-60,34,-3,-49,13,-17,83,-42,-17,76,-9,29,-39,-1,6,-46,12,23,-5,39,24,-37,83,-87,-1,-27,-13,46,-47,-60,40,38,-71,23,-3,41,-84,-8,-10,-33,-8,34,1,-51,-30,68,11,-54,-26,100,12,-6,98,-6,-73,33,-31,32,11,-10,1,-42,79533
18,-6,50,-26,-9,-11,-25,-39,23,22,17,48,11,-15,47,12,21,5,-11,-7,-22,61,74,90,10,21,-1,-11,-23,-25,12,35,58,20,-69,6,18,48,-30,-8,-51,-14,-28,89,-18,59,0,30,62,-27,-7,47,29,-50,17,48,-12,-11,42,-14,-11,-39,6,3,3,43,-11,26,60,90,78,9,-11,-40,-26,77,9,-1,-23,-15,-7,42,33,43,-12,0,5,-11,44,22,21,13,2,57,52,-5,-8,60,-30,-12,-74,63,-6,-72,-22,-6,25,-16,100,60,-50,-10,0,-7,10,-3,21,7,26,52,-52,49,-69,2,78,-2,9,-26,42,-18,-37,58,4,50,-17,24,-34,-64,23,49,24,9,12,-24,43,-20,7,23,77,40,8,22,47,38,-20,9,61,-19,17,0,8,-10,11,10,-6,30,-21,60,21,-5,-18,100,23,-33,92,7,33,0,12,6,8,5,15,-75,79778
31,-34,83,-31,-44,11,0,5,-14,29,13,56,91,-20,-21,39,24,-50,-93,-22,-2,44,41,40,25,-76,0,-21,-19,-30,35,40,58,55,-78,10,-55,37,-5,-35,-50,-8,0,100,-38,68,-93,49,88,-22,-26,100,35,-100,-1,47,-24,11,22,0,-26,81,-42,82,21,37,-19,49,71,42,38,15,-1,0,4,96,-58,25,-44,-49,13,24,17,-24,15,17,29,-31,20,-21,18,52,-41,44,49,16,-16,8,0,27,-34,84,-19,-35,23,33,-84,-9,37,52,-46,6,14,11,0,-45,-77,11,6,56,-100,100,-52,29,7,-35,41,-31,52,28,86,51,-46,62,-20,33,-4,-46,33,58,22,32,39,22,52,-50,16,29,5,62,-33,-56,13,34,-4,17,7,-7,-48,39,15,-23,48,27,-16,-54,-1,91,36,10,-52,37,31,1,100,11,-78,86,30,31,18,14,91,-74,79813
39,24,37,-28,16,-36,-30,14,-23,17,-31,73,62,-28,33,13,-6,64,4,-12,-14,44,83,46,25,37,7,-24,-14,-46,21,47,-8,20,-58,14,-13,28,-23,22,-77,-42,-14,87,31,15,25,28,84,-33,4,82,33,-88,20,-32,-15,-34,25,0,-1,51,-24,40,12,66,-21,32,10,47,78,28,-55,8,28,-39,60,22,2,18,7,66,1,40,-8,12,36,-21,22,0,36,12,-3,39,6,-12,-30,13,21,49,-31,-46,-41,-37,-2,52,-57,20,100,6,49,52,-14,0,12,2,52,16,11,-17,-86,84,-81,0,64,-7,52,-25,56,-16,54,30,-18,76,13,23,4,-80,21,78,38,2,15,-54,54,-44,79,19,65,42,-2,-21,34,27,-27,23,10,58,-21,39,17,-37,6,30,1,-20,-19,90,80,5,-42,100,21,0,91,16,-43,61,-38,36,34,17,39,-58,79915
22,35,39,-20,-13,-17,-74,-2,33,34,33,58,82,-19,81,5,-9,-29,0,11,-46,42,46,6,36,-7,-17,-47,-42,-8,0,32,-1,-73,28,42,3,35,23,-6,-7,73,24,48,0,7,0,11,64,-1,14,81,29,-100,-44,-64,-20,-13,37,26,13,-99,28,77,-22,-46,-43,10,11,4,36,31,70,-3,6,54,-37,10,22,-22,27,-77,-13,72,-2,28,68,-15,37,37,-28,-56,-46,42,12,13,-21,-78,7,38,-12,45,-22,-17,14,42,-39,30,90,16,-31,67,-2,-23,-17,-40,2,0,-44,-46,-93,89,-23,45,-44,-63,-33,-20,64,41,-90,22,27,28,-7,44,-73,-31,22,32,-26,47,5,1,61,-87,16,34,-58,52,-73,4,32,35,-71,43,-76,58,4,-29,-13,-25,-56,36,15,3,-45,66,24,-21,-21,93,22,-76,51,1,-45,81,0,69,29,-22,66,29,80005
23,-26,45,-8,-3,-3,-4,-46,26,0,-67,55,49,-37,58,25,15,-23,20,-13,0,57,3,79,-11,21,-12,-5,-19,55,8,25,15,27,-20,-1,46,29,-26,-7,-56,-5,-24,79,-15,64,18,-4,29,56,-10,23,18,-77,-4,35,-4,-2,62,-9,-14,-70,62,22,-13,35,-2,-6,69,83,-2,-18,-4,-45,-62,-27,-30,-11,-33,-6,-3,30,13,56,-24,-6,25,-10,60,19,4,17,-4,50,25,-20,-30,33,-67,3,-97,-36,15,-99,-24,5,-5,11,65,30,55,44,33,0,-9,-1,18,38,-5,44,-76,28,-80,35,-45,33,21,-7,70,-67,-64,27,61,42,4,12,6,-78,18,42,3,38,30,-78,69,-54,3,0,-46,64,29,27,43,33,-7,2,29,41,47,17,7,18,16,-10,-11,25,-2,31,2,2,-18,57,19,-22,81,39,-6,57,0,28,-17,8,17,-20,80167
12,56,69,-2,32,3,-47,-24,41,22,19,58,40,-25,31,16,1,-7,-7,5,0,60,23,26,30,-9,-13,-22,-25,-10,23,26,33,-3,18,22,31,28,15,5,-69,-22,8,68,0,40,-3,28,69,-10,7,56,23,-67,1,17,13,2,14,-6,4,-31,28,42,-3,9,-22,24,56,25,27,20,-18,-21,-21,-16,-7,-12,46,28,-13,1,3,30,16,-12,64,-3,21,32,4,-7,-1,55,20,21,-35,-3,-18,-9,-61,-32,-8,-58,-2,-7,-36,11,29,17,-5,86,35,-20,-20,-9,6,-8,-14,45,-69,70,18,38,-32,-41,-1,-1,40,-13,-34,1,27,79,14,4,-9,13,8,84,5,38,20,-3,41,-18,71,23,-28,64,-33,-16,20,25,-38,20,0,80,33,1,14,-6,-5,29,0,-13,0,62,80,-15,-20,27,6,-23,67,-10,-36,36,-13,69,14,13,57,12,80231
28,23,26,-19,-9,-26,-15,-36,13,-24,-51,53,19,-56,-73,34,-11,-64,29,-12,20,70,7,35,21,25,2,-27,-46,-84,-21,19,51,69,-75,16,40,23,-21,22,-100,39,-12,94,0,91,19,43,76,-87,-1,62,19,-79,-47,44,-18,-22,26,6,0,3,-30,17,-49,-10,-20,39,91,41,-4,4,49,-45,-41,-32,-77,-32,13,-15,20,-24,-11,-78,-9,27,38,-11,18,0,10,87,-24,72,39,-13,-56,68,-53,-2,-85,-85,5,-100,-38,3,0,10,46,49,64,81,23,3,3,-19,-1,22,-17,79,-79,55,-93,27,-26,-40,61,-18,61,-94,21,19,-33,79,33,7,11,-88,7,81,8,33,38,-100,59,-60,79,-23,-40,70,-30,-42,37,37,-14,19,63,72,44,52,-18,11,79,25,-7,-40,24,84,77,0,-18,43,7,14,93,23,7,24,7,35,11,-26,3,-70,80313
30,15,43,-16,-14,-8,-9,-11,16,5,-27,47,75,-72,27,22,-21,14,-35,15,-34,39,68,-21,26,-56,10,-34,-71,-30,-2,32,23,44,11,30,48,27,-15,6,-45,87,13,62,-13,91,-17,29,42,-46,14,57,23,-75,-14,54,-46,-7,31,5,14,-48,11,39,16,65,-31,15,92,-7,52,-18,100,-57,11,77,-3,31,8,-26,26,67,0,20,-31,27,62,-51,15,8,-22,54,-50,51,53,-12,-70,45,-10,24,22,32,-29,28,16,41,14,76,100,67,-59,56,15,-37,34,-46,-62,22,0,42,-79,38,-82,41,-17,-32,-4,-14,77,32,-1,1,25,9,-10,41,-62,-68,20,9,-29,37,43,6,77,-47,78,5,-22,44,-20,-58,9,31,-24,40,19,57,45,-18,-29,-32,33,26,40,-67,-32,64,68,-43,24,100,24,-77,70,21,7,71,-6,58,0,-18,24,0,80447
26,-5,82,-2,-16,-14,-33,-35,-25,9,23,-23,94,-19,64,14,11,-3,-45,-17,-11,64,35,34,26,-8,27,2,-39,-54,33,26,52,8,-58,17,40,-5,-11,-9,-81,39,-3,76,-14,30,-29,37,50,-54,6,86,20,-88,64,-48,-28,-11,28,-2,8,-28,44,60,43,72,5,38,23,34,28,33,45,-42,-3,27,-15,51,-26,-15,-8,28,5,64,52,2,40,-18,23,-19,4,27,-12,68,10,61,-33,31,-12,24,-33,15,-46,-64,-27,31,-31,11,79,12,-36,39,29,0,33,-5,7,33,63,-52,-86,89,23,8,-22,-31,54,0,54,18,-27,31,49,71,24,13,34,21,24,69,2,6,19,4,52,-72,46,10,-22,-17,-32,-40,50,3,-41,22,23,48,31,44,-5,-43,23,28,-9,-31,-14,58,43,-1,-28,75,24,-9,82,33,-24,86,-5,45,42,-9,48,-50,80460
22,33,33,-11,-6,22,-1,-30,18,29,-67,57,-13,-1,94,17,11,12,-18,1,-43,66,76,-18,12,34,-28,1,-42,25,-13,22,27,48,28,28,8,21,-26,27,-62,-63,-27,63,20,56,-30,19,19,23,4,43,13,-75,-3,-5,-14,23,23,-29,-4,-90,30,-16,17,79,1,10,63,-12,61,-18,-54,-33,8,-17,-3,34,35,-6,-27,67,12,83,-15,-23,56,-7,28,20,-30,25,10,51,7,-18,-1,-22,0,-22,-98,-43,-49,-93,-36,-25,8,56,100,5,-6,40,42,-26,-22,19,19,20,-4,6,-69,48,-74,2,0,-7,-8,-8,16,-49,-92,29,27,19,-13,5,-22,-80,0,27,-23,11,25,-57,17,-35,40,28,-13,62,-6,-24,26,22,9,30,-18,36,12,-19,1,-48,25,10,5,-32,-43,19,56,-20,3,95,0,-30,65,21,12,-5,-21,60,-20,2,-23,25,80505
30,-32,-3,-24,-51,-13,7,-37,-4,-2,6,47,27,-22,-16,29,5,-41,-32,10,-8,60,39,10,6,13,-19,-12,-21,-16,-24,12,26,44,-35,20,5,52,-8,-9,-76,0,-22,81,-6,56,-19,15,43,11,10,8,16,-78,-4,-9,-75,-14,26,-10,11,46,8,16,4,-19,-13,15,62,11,44,-4,-9,-21,-20,90,-39,1,-61,-45,-13,-1,12,-17,-15,-10,21,-84,30,-5,12,48,-17,57,24,0,-12,35,-26,12,-48,53,-31,-48,-3,13,-10,5,25,16,15,0,3,6,-33,-26,1,37,-3,-31,-82,23,-33,13,-8,0,6,-24,64,-85,45,34,6,27,0,35,-3,-29,9,25,7,26,29,-82,67,-26,6,-3,-1,59,-3,-46,18,45,6,15,33,6,2,9,-7,-29,57,4,-1,-44,-7,35,21,11,-30,16,10,5,84,36,-12,22,4,22,-13,4,25,-36,80662
45,-23,80,-23,-3,-9,-46,-33,19,70,6,43,31,-4,62,47,-1,-15,-72,8,-2,66,11,-10,14,-21,9,-7,-13,-65,33,19,45,52,-18,26,10,54,-19,11,0,-27,-18,99,20,68,-75,31,58,-62,36,78,20,-79,20,36,-5,-9,24,-2,39,-41,28,19,-2,-47,-5,32,71,-8,4,-10,-24,-31,-6,78,-26,0,-13,2,7,-63,-5,61,14,10,52,-15,20,2,-5,64,-22,66,4,15,12,32,-15,-37,-84,67,-38,-89,-6,-28,-13,31,61,1,-52,63,10,15,1,-20,-26,10,13,48,-83,81,-100,29,-30,-23,10,-23,82,57,-34,29,23,65,10,46,-12,-98,21,60,-10,36,49,55,84,-34,56,70,-30,62,-18,-52,38,47,-61,25,26,58,14,11,-2,-32,64,17,5,-39,0,60,58,11,-14,62,20,-10,100,12,-5,28,18,52,-12,-11,21,-15,80663
-3,51,45,-24,10,-15,-12,27,40,-1,5,66,42,-32,29,11,3,-3,-4,2,3,52,49,23,21,5,5,-24,-50,-25,13,26,-18,-6,-24,20,40,21,19,-6,-63,51,20,81,-6,85,-1,35,80,-20,-2,87,22,-62,-54,78,41,-14,17,3,-4,-12,6,24,25,52,-23,32,85,24,44,28,54,23,0,7,-12,34,45,3,12,28,7,28,-18,10,33,35,16,37,-14,10,-19,48,20,-9,-23,-17,-6,39,-48,4,-7,-51,-7,43,-17,-20,65,22,-15,51,24,-15,12,-18,5,15,-54,83,-63,84,-29,21,-30,3,30,-23,51,-5,-7,32,5,35,10,18,22,-29,19,33,-11,25,15,-11,50,-37,31,-1,-30,75,2,-3,25,20,-15,22,-20,48,40,30,22,-6,9,22,4,-1,5,82,28,-15,-58,62,19,21,84,15,-13,39,4,34,29,16,16,-23,80674
15,0,33,-29,25,1,-20,-9,-32,24,61,29,22,40,22,10,-5,20,19,-16,1,39,51,58,17,19,-7,-34,-52,-26,-15,31,36,29,-78,15,-21,58,-32,9,-56,10,-23,71,8,34,41,26,69,-11,-6,61,30,-52,18,-22,-51,0,27,13,-5,-29,-11,33,-14,14,-29,25,42,57,50,37,13,-20,-26,63,18,5,-12,17,13,0,0,16,49,13,7,-37,22,-31,21,44,-13,50,-5,43,40,67,-39,-29,-31,39,-25,-48,-21,-18,-32,-11,98,-5,4,55,3,-27,-7,-10,33,4,44,-4,-56,64,-100,12,63,46,17,-27,69,-45,-11,49,-6,60,-18,2,-24,-100,19,62,23,12,16,-57,68,-62,58,25,67,31,47,15,35,45,-16,17,58,44,-13,18,5,-27,35,17,-5,14,9,81,61,-28,-65,97,19,-32,72,2,-21,16,0,8,42,5,27,-69,80675
30,-61,17,-30,-25,-9,-61,-37,3,6,12,37,81,-38,-20,26,-25,-66,24,-10,6,67,16,80,16,19,-5,-3,-77,-20,-24,22,5,73,-69,30,-21,57,-20,-11,-81,-14,-17,99,-20,58,32,27,77,-17,1,71,13,-91,4,9,-29,-8,18,-12,-2,-61,-21,49,-77,58,-3,23,67,83,17,17,-8,-42,-58,28,-69,-64,-73,-33,0,39,-29,-28,25,0,32,-31,13,-6,5,52,-29,58,31,24,-37,-9,-65,11,-84,-2,10,-85,18,18,-20,9,48,34,-1,52,17,-49,-4,-27,19,7,10,30,-88,72,-30,32,-14,-11,32,-27,36,-70,-66,35,-22,39,-1,11,-25,-13,0,39,8,37,29,-90,36,-58,3,6,-10,45,-12,1,22,50,-66,35,-7,52,-17,19,12,-2,49,19,-2,10,10,81,0,-47,-36,48,0,-17,100,6,-12,74,24,30,21,0,48,-65,80682
43,-24,42,-24,-11,-9,-50,-33,16,16,-40,60,66,-20,80,24,5,-13,-8,-18,-9,51,54,42,9,58,-16,-11,-47,-60,-29,33,-5,24,-43,30,-23,52,-21,-13,-11,11,-21,75,-14,42,-15,28,78,-60,-2,78,24,-92,7,5,-31,-7,20,-1,-8,-32,45,-16,10,70,-7,21,60,37,44,17,4,-36,-1,-30,-32,11,-22,-22,5,57,8,78,-21,2,32,-31,23,2,-1,23,-3,42,12,-25,-17,-5,-10,18,-99,-51,-51,-100,15,29,5,47,100,17,-64,22,6,-20,-16,0,52,29,19,44,-95,82,-28,26,-18,-8,15,-23,76,-49,-11,-10,43,39,-37,31,-10,-42,15,40,3,37,27,-63,75,-64,-1,16,-10,71,-2,-13,36,39,-49,32,-6,7,-15,43,-7,-43,24,9,-17,-5,-6,78,-22,-15,-15,100,14,-14,77,28,-2,67,23,35,15,-7,2,-45,80720
30,-22,77,-31,-18,-23,-85,15,31,37,15,58,-36,-3,11,21,-64,-37,51,23,13,87,45,70,51,11,13,-15,-62,-34,-52,-11,-55,37,-12,43,-25,55,-18,32,-62,-81,0,81,5,47,45,43,66,-34,44,45,-11,-54,7,27,-66,-19,4,3,49,54,-74,58,-14,18,-13,43,49,83,35,13,-58,-4,-72,48,-52,-12,-6,-37,25,-4,-58,15,5,26,72,-71,-7,20,-13,61,-17,94,-12,10,-3,-9,-78,42,-61,60,7,-76,45,52,-23,29,29,-7,-42,42,-2,-38,25,-21,-6,17,9,57,-55,37,-18,26,46,14,16,-31,66,-84,64,55,-73,76,61,26,12,17,-7,84,-13,28,25,-86,66,-41,81,37,39,47,24,-20,-18,67,-89,48,-14,31,-29,-2,-44,-3,47,56,35,-19,15,80,66,-38,-26,2,-5,18,82,20,-27,-34,-14,72,27,-48,26,-4,80745
-32,34,-7,-24,-58,25,57,46,89,30,8,78,81,-4,31,11,-46,13,-12,8,-26,39,81,-24,-15,-20,42,-55,-75,-13,-41,48,-19,-35,60,13,-38,-40,-11,-2,-6,27,-2,15,11,-38,-51,-21,-6,-9,-5,44,43,-100,-60,-17,-69,28,37,5,-6,-16,-27,76,61,32,-49,-17,-30,-3,74,-38,29,34,70,3,0,58,-8,-69,29,5,-40,37,-43,12,32,-70,24,58,-57,-40,-24,33,45,-10,21,-40,63,87,-15,-39,1,-15,30,87,-16,-44,45,45,-56,11,16,-30,48,-4,-38,-19,-62,5,-95,24,-36,56,-29,10,-15,-21,66,38,-18,-22,-21,-22,-26,23,-11,-21,33,-28,-61,61,12,37,64,-18,79,30,-45,100,1,-9,3,-43,40,15,-49,12,-42,-16,22,-7,-47,-8,17,-26,-23,0,74,-37,-77,36,30,-11,24,-17,-12,81,-35,27,-37,24,92,54,80804
3,32,90,-35,-8,-47,-16,22,-29,-4,81,56,66,-22,-52,16,4,0,-76,16,9,44,69,78,39,-5,2,-39,-37,-37,7,38,-1,-6,0,28,-17,4,5,8,-89,-39,7,100,1,57,-35,42,80,-24,20,48,33,-90,34,14,6,-47,6,-8,20,73,-99,97,-29,44,-38,43,57,87,63,32,-44,22,-1,79,-10,-17,-17,-25,-7,33,5,-58,39,-3,39,7,5,-36,18,0,-36,43,43,35,-6,25,-10,86,-52,64,6,-61,-14,88,-100,-5,51,52,-28,63,-33,-9,12,-31,-26,0,44,31,-97,48,17,44,82,-35,52,-35,84,16,62,57,-99,79,-11,28,37,47,19,73,17,56,14,-15,86,-58,33,-4,80,62,-36,-60,12,-5,-23,31,20,47,-13,41,-13,3,-3,43,20,-52,10,79,31,-8,-72,52,18,25,100,0,-100,67,-2,40,30,-23,73,0,80912
17,78,84,-30,-8,11,-98,2,32,-14,-45,86,66,-11,92,26,22,-5,-98,28,11,88,74,47,51,-25,-14,-62,-60,-81,-27,43,1,-62,96,50,-60,-7,1,18,3,-34,6,78,13,39,-99,29,56,-74,82,83,30,-100,-34,0,23,9,35,-1,76,-20,-9,100,52,44,-66,32,54,41,77,32,-34,0,56,-100,2,49,64,-4,-9,57,12,78,-1,-6,88,22,27,21,-57,-33,-34,77,-26,-4,-16,-51,57,68,-25,-88,-54,-6,36,62,-100,-5,100,-34,-27,71,6,-24,-8,-40,-22,26,-42,0,-100,78,-13,22,-9,-20,71,-30,95,18,-27,23,-4,67,24,34,-8,-21,31,52,-58,24,26,34,98,-82,44,-15,0,86,-19,13,8,-13,-100,58,-58,76,-63,60,-23,-47,-33,56,38,16,10,56,66,-26,-82,100,30,7,86,26,-100,73,-13,84,36,-25,100,91,81252
32,-21,60,-22,14,-34,-51,-9,1,-16,-25,57,-2,-34,-49,22,-11,-14,-18,-20,10,60,30,39,14,0,6,-9,-13,-84,-7,22,62,44,-70,9,-1,36,-5,50,-32,76,2,94,41,7,-7,30,78,-89,0,81,18,-82,17,4,-39,-33,33,-2,0,83,0,53,-32,59,-7,31,20,45,20,0,61,-13,17,11,-21,-12,-12,8,7,42,-16,-58,20,11,16,-49,30,4,27,29,-22,61,19,14,-43,-16,10,-3,-55,17,-50,-66,-4,1,7,-18,26,26,3,13,5,4,10,-20,-6,26,13,30,-82,79,-76,48,-39,-22,20,-22,51,-88,86,5,3,37,6,45,4,-68,20,32,30,47,22,-97,49,-30,64,-15,-57,69,-25,-61,4,34,-59,12,-20,3,-2,-1,4,-53,20,17,-14,-58,11,82,62,5,-33,26,20,2,98,26,10,-15,18,17,4,3,44,-68,81257
47,15,-28,-22,-18,-11,-16,10,27,46,20,65,64,-14,72,12,-40,14,5,17,-25,74,67,35,-3,79,36,-30,-37,-40,-54,23,-5,-23,48,54,-19,79,-15,42,-4,-52,-9,46,29,-31,3,-22,37,-32,34,47,19,-77,-4,-21,2,-10,63,-8,32,-80,34,49,-61,-36,-27,-24,-27,40,66,46,-46,3,-33,58,10,-56,5,-10,-12,-47,-40,74,54,-12,49,-18,60,37,-15,-42,11,73,13,52,-8,21,-37,27,-70,55,-27,-71,52,32,-10,87,100,15,-55,30,-20,1,43,7,83,-25,14,-28,-81,40,-58,19,5,-11,-33,-22,58,26,-76,4,40,31,64,39,7,-49,20,24,-16,20,17,21,56,-55,-26,45,3,48,-10,46,77,70,-24,56,17,38,-23,-36,-22,-29,-45,-1,25,49,-26,40,-24,0,25,100,21,-7,51,-25,-20,61,-2,49,48,-25,44,39,81338
5,-33,61,-30,19,-12,-94,38,0,31,84,51,45,-13,40,13,20,8,-64,-10,25,36,44,43,44,-22,-18,-34,-32,-52,-8,20,37,19,-58,14,-3,10,23,-11,-20,-30,32,98,-14,78,-65,46,85,-49,-6,81,18,-56,-24,68,-12,-11,18,10,-5,3,-47,40,-2,11,-35,47,83,47,47,34,-26,30,12,4,7,-3,-36,15,18,9,16,37,-11,15,19,-12,11,6,17,57,-44,39,29,-19,-18,10,13,-8,-38,-29,-18,-30,1,-8,-35,-50,65,32,11,23,-14,-29,-18,-33,-26,-1,-34,71,-55,77,-50,29,37,-16,20,-29,45,31,2,-9,-44,34,20,2,32,-47,25,29,12,33,9,24,43,-52,68,30,42,55,-17,-15,45,10,-98,18,6,17,0,7,8,-22,51,49,-3,-16,26,88,77,-31,-60,61,24,27,100,-1,-37,42,26,15,37,4,48,-58,81539
14,-17,71,-29,-12,-18,-82,15,-3,55,-45,44,52,-24,19,13,24,5,3,6,-8,63,60,46,31,1,41,-36,6,-39,-6,33,15,10,-10,7,-36,10,38,0,-24,33,29,86,-7,65,9,23,86,-22,18,74,24,-47,-40,21,19,-18,21,-25,8,-20,-49,42,-37,54,-32,17,73,50,63,8,33,25,8,-81,3,-33,-25,-20,-21,41,28,18,13,-16,28,20,25,-9,36,3,-27,44,34,15,-23,0,2,7,-55,-100,4,-55,-11,12,-6,-9,78,32,20,29,-38,-11,43,-22,-5,4,-46,27,-49,80,-66,35,46,-24,28,-28,75,-6,-14,27,-54,77,2,34,32,-60,23,75,37,43,16,-4,76,-45,28,54,46,62,-19,-3,27,1,-84,6,-3,17,-32,31,-5,3,10,28,-1,0,-5,76,39,-5,-36,80,24,37,91,5,-15,48,2,27,-1,-9,57,-21,81595
26,20,37,-19,3,-25,-33,-9,-19,12,-50,-30,-5,18,63,7,19,9,-57,-8,-6,68,53,78,36,24,-4,-25,-54,79,-30,10,-61,3,-40,61,-44,52,0,8,2,-63,3,63,12,8,-56,42,81,85,27,81,12,-84,39,-72,15,-26,-1,4,30,-5,4,12,63,39,-25,45,13,63,59,69,-68,-8,-5,-33,12,49,36,0,16,22,24,51,-44,18,30,11,-11,-30,12,-2,-51,68,-30,-66,19,0,-3,10,-46,-51,-77,-43,-11,4,-64,23,57,-29,-47,56,-2,15,-4,-54,29,30,4,-51,-88,72,-49,-2,31,-49,18,-21,87,54,-15,46,13,68,0,20,8,-65,9,59,7,-9,2,58,85,-46,5,13,46,6,-46,-14,24,60,-58,58,-16,74,-54,9,-4,-68,0,39,-10,4,-5,84,21,4,-21,54,6,-4,70,31,-71,0,39,27,68,-5,12,-39,81620
-40,27,73,-16,-28,-9,22,69,0,26,72,-5,37,46,0,0,52,8,18,15,11,11,19,43,26,-21,15,-38,-37,-21,-7,56,-22,-65,42,4,-5,-37,39,-26,5,16,43,41,-26,45,15,18,52,-14,3,69,45,-38,34,-3,69,-10,6,-6,-1,-47,-14,42,1,46,-38,21,50,44,15,47,17,71,17,17,3,-4,19,-27,0,33,50,-4,41,-1,23,64,2,-3,-8,-15,-11,-1,6,40,55,-35,11,-5,-19,19,11,-17,6,-7,-86,-71,31,6,-4,37,-15,-49,15,-7,-26,2,35,4,-36,63,-76,23,18,27,69,-16,58,-44,-47,-11,-10,-14,-21,26,54,-77,30,-23,-4,22,0,-45,58,-34,81,26,15,10,34,31,37,-43,8,9,-41,39,-4,61,1,12,-17,31,21,35,13,51,92,-47,-88,27,28,58,45,3,-83,32,-6,23,46,-4,52,37,81641
30,21,47,-14,16,-14,-9,-28,5,-11,-57,23,71,-3,41,12,0,18,-56,-31,-25,47,58,96,12,0,17,-24,-30,47,-7,42,-7,-9,-93,7,34,66,-11,-9,-69,16,-4,70,-9,68,-50,30,83,56,-23,88,39,-83,16,-32,24,-13,37,15,-22,-45,48,22,9,87,-22,33,71,98,56,47,10,-35,14,31,14,8,8,5,27,85,-9,40,0,24,18,17,29,8,35,11,-24,48,50,6,-5,4,10,26,-70,34,-24,-69,-12,32,-26,1,92,52,54,58,0,-16,13,-20,0,26,1,-21,-85,81,-54,25,3,13,87,-14,74,-45,-38,10,52,58,16,16,-28,-55,32,55,31,30,13,-50,71,-40,49,-10,5,19,12,-20,56,66,-17,12,-1,51,32,82,11,-20,7,17,-25,-20,-22,89,48,-18,-34,92,32,-22,73,26,-22,73,10,15,54,8,17,-92,81642
22,20,68,-16,-3,15,-87,-10,-11,20,36,90,45,-60,67,5,19,17,-36,-18,-59,61,95,48,40,-23,30,-10,-37,-33,33,43,64,-22,-60,26,-48,-7,0,5,-29,24,8,89,-2,35,-24,43,79,-32,-2,100,39,-74,-10,15,24,15,31,4,-2,-16,9,72,52,76,-9,39,42,50,90,11,31,-20,38,58,12,57,7,-14,9,70,21,70,-4,6,22,22,28,-11,42,-32,-13,63,24,0,-56,-5,31,12,13,55,-54,5,3,23,-53,-3,100,29,-56,0,-15,-14,34,-15,-21,17,-4,31,-72,100,-83,-1,63,-29,-3,-15,67,76,-5,30,8,64,-16,19,-11,-79,40,60,42,3,9,68,68,-31,99,20,58,94,-25,-9,46,-11,-90,28,-8,-17,-42,-12,19,-55,-37,41,-13,-6,-58,85,100,-15,-32,100,41,-16,95,17,-48,35,4,23,15,20,74,-61,81670
13,-24,36,-19,-30,3,-79,-21,49,7,47,39,69,-40,36,16,-38,-28,-6,5,-18,52,33,7,16,20,0,-30,-53,-9,-13,15,40,11,-16,19,18,38,-2,3,-32,38,5,77,-6,39,7,16,52,-8,10,64,16,-73,6,12,-20,5,30,7,14,-96,20,27,-30,21,-25,12,40,9,30,-15,41,-33,-18,51,-33,-23,-29,-33,7,22,-34,29,-6,4,30,-17,26,34,-24,-4,-19,60,36,-5,-33,-13,-26,5,-49,47,-28,-42,17,11,13,15,100,43,-21,35,-1,-21,2,-23,15,26,17,16,-78,62,-90,25,-9,-1,21,-19,79,-63,-91,-4,19,14,17,41,-7,-77,16,15,-24,32,22,-74,77,-53,17,7,-3,65,20,-27,17,28,-78,21,-14,26,20,17,-15,-32,-10,17,10,-25,-15,58,42,-25,-24,100,17,-8,78,25,11,69,-3,28,-13,-19,31,-15,81671
-4,15,53,-5,-4,-13,4,46,53,13,-31,74,68,-15,9,32,20,2,36,24,-1,47,63,21,20,19,-2,-18,-18,-31,-26,19,25,3,61,11,4,0,21,0,-90,-31,15,81,5,41,38,-2,54,-24,10,2,20,-59,8,26,-18,-16,33,-5,8,-3,-55,39,-16,33,-21,1,55,21,60,-6,-28,55,23,-30,-3,-21,15,0,-8,33,1,1,-9,-4,45,-17,32,39,-9,23,11,42,10,-25,-21,-14,16,36,-27,-28,5,-32,21,39,-72,-18,72,11,-32,45,-3,-1,-5,8,18,-9,5,38,-59,1,-33,37,-6,34,7,-6,46,-53,0,10,-58,31,15,6,26,-32,6,30,-11,45,30,-47,46,-51,55,13,-3,81,47,14,29,0,6,8,-14,50,3,5,1,11,27,23,18,18,-1,49,79,-2,-48,67,6,34,83,-9,-64,69,-16,43,-12,-7,57,59,81732
45,50,19,0,-1,10,14,-39,-3,-14,-83,24,70,12,76,23,16,-42,-20,7,-27,82,49,25,10,-4,-1,-23,-22,-15,-49,43,13,-16,23,31,20,72,-12,9,-85,-30,-11,26,12,5,-4,25,70,-33,42,67,28,-58,49,-16,66,10,18,-19,34,-100,49,-46,-26,-20,-25,29,34,26,46,52,-31,-40,-44,-75,-43,-17,41,2,-21,5,17,62,23,-11,62,60,8,0,-28,-12,16,63,21,24,3,-40,-52,33,-72,-94,-49,-79,11,33,-75,48,100,14,-42,66,20,-3,-3,8,9,37,40,8,-66,62,-33,24,0,-8,99,0,69,-58,-95,-38,58,77,26,38,-69,-37,8,65,-33,25,25,-51,72,-84,-34,-13,-2,27,23,19,58,75,10,39,-49,85,7,100,17,-33,-9,13,14,25,-26,65,-13,-4,-9,100,7,-25,32,37,-73,78,0,57,49,9,-37,10,81741
45,50,58,-30,2,-7,-69,-25,7,48,24,36,57,-11,20,16,-15,-37,65,-13,-19,62,32,65,21,29,29,-37,-15,-23,-7,31,52,-27,26,29,33,11,-28,0,-25,48,-15,55,-2,-1,58,6,75,-27,32,43,29,-67,33,36,16,-4,52,23,40,-66,22,80,-20,37,-35,0,-25,65,32,7,49,-42,-91,100,-39,-2,31,0,25,-10,-11,13,67,25,31,7,50,-5,-12,-28,-31,72,21,63,-18,-4,-89,27,1,78,-42,23,-6,32,-25,31,100,26,-86,41,9,12,28,-24,18,26,38,35,-81,32,-61,24,-29,9,-8,-29,63,-8,-70,18,27,35,-1,35,-26,-43,28,35,-9,25,24,-11,63,-54,6,50,-19,34,14,45,31,8,-67,33,-10,47,28,-20,-18,-41,-34,22,-5,45,-14,82,-4,12,-19,100,31,-30,57,26,-19,55,-11,31,15,-14,47,24,81764
11,0,69,-27,13,-7,-7,0,25,-4,46,69,51,-27,5,27,-16,-19,-47,-9,5,41,38,9,12,28,17,-17,-23,-38,21,32,74,49,-52,6,-2,42,-3,28,-64,-32,-2,96,24,82,-49,30,62,-35,-19,70,26,-89,-2,72,34,-5,26,-4,-24,48,10,16,-11,21,-16,26,80,12,32,10,-34,-2,8,67,-29,-11,-8,12,1,-6,-29,7,17,3,10,31,26,18,-4,42,-14,36,37,8,-30,2,-1,38,-20,58,-6,-32,-5,46,-46,-22,52,44,-50,17,7,-5,15,-21,13,30,4,77,-85,73,-38,31,-9,-25,3,-29,52,-57,58,7,8,17,-10,38,-1,-35,23,18,-1,39,33,-49,52,-55,-1,-4,-13,72,-27,-69,35,31,-8,10,2,5,1,-6,21,-6,39,12,-9,-67,5,64,0,-4,-39,50,22,1,98,32,-35,51,18,14,12,17,21,-56,81786
29,65,51,-5,-39,-4,-64,-41,31,33,-23,57,93,6,58,13,14,13,-13,-11,-31,68,57,16,23,-23,-11,-23,-21,-6,8,25,3,-15,2,39,16,43,-6,-26,-8,50,-2,31,-34,94,-12,36,63,-7,21,70,20,-58,26,62,7,-3,14,1,18,-99,12,7,24,63,-21,30,96,17,55,8,52,-47,-15,-12,12,30,58,-41,5,62,14,54,16,9,57,-2,14,22,14,-14,-28,67,52,18,7,-51,-18,13,-62,-22,1,-58,18,14,14,-29,100,58,-58,18,38,-17,-10,-25,-24,23,24,72,-58,73,-81,31,-22,36,-5,-2,43,-44,-100,7,13,33,-6,10,13,-80,20,32,9,35,18,-43,43,-37,15,32,-21,61,36,31,17,47,-63,42,-55,11,22,-8,9,0,-19,23,-4,33,-30,67,22,-18,-13,100,20,6,34,23,19,92,-1,57,11,9,10,0,81795
18,-26,58,-22,5,-5,-76,-33,-49,24,-1,11,49,-25,50,24,-35,16,-100,-34,-4,25,41,-26,17,-33,6,11,-77,-70,0,50,-1,14,-82,6,-64,60,-17,20,-18,12,-3,92,23,68,-89,32,64,-70,-9,97,55,-100,-12,72,11,-3,44,12,0,41,8,91,45,65,10,33,69,-22,41,6,20,-49,40,45,19,45,-36,2,30,58,-29,57,-20,37,11,3,34,-54,39,6,-57,40,19,-26,-21,15,39,26,-41,26,-48,-32,-2,39,-71,4,52,25,-52,46,5,-21,7,-52,-21,29,-18,80,-100,86,-89,33,-36,-71,30,-23,78,-9,49,66,15,58,-63,32,15,-82,31,58,35,31,23,-8,77,-52,36,25,-43,8,-78,-100,36,65,-84,7,7,48,-67,10,-7,-51,-1,21,-28,-100,-5,76,33,-30,-50,48,33,8,96,30,-60,41,43,7,15,-9,74,-77,81800
21,49,62,-16,16,-30,24,-27,-27,21,20,56,34,-11,60,22,11,-35,-47,-39,-9,60,33,-8,7,-27,31,-15,-54,-33,-30,49,4,29,-62,21,0,34,-40,5,-44,-53,-29,89,2,43,-46,40,82,-22,-10,76,41,-91,-10,52,29,-27,24,0,-11,-67,-14,62,-30,0,-12,45,46,-7,13,29,-50,-31,-11,18,-59,-13,36,16,22,-39,26,57,24,26,24,12,16,-15,8,12,4,53,-28,35,-18,53,-31,-27,-38,-3,-61,-48,-41,-9,-75,18,93,-34,24,53,-4,-8,30,-9,-32,20,11,67,-95,70,-100,36,-11,-11,52,-13,88,23,-54,25,-8,59,-26,15,-16,-97,22,63,9,38,22,12,86,-72,26,21,-12,49,-21,-76,44,31,21,27,48,58,-3,27,-25,-63,4,15,-28,-60,-10,91,10,-6,-61,93,21,-30,91,21,-65,11,17,23,35,-20,44,-57,81872
-10,24,67,-29,-47,-19,2,40,-13,44,37,72,10,-33,56,20,14,-17,-1,22,26,69,26,33,22,45,-16,-60,-27,-10,-38,42,0,-7,82,32,3,1,22,-9,-71,-47,31,93,-19,63,28,13,69,3,44,27,28,-84,-14,-72,-13,-17,9,4,39,-92,-90,100,18,85,-58,18,75,39,23,18,-52,33,41,23,-23,37,-1,-54,10,74,17,54,-20,7,51,-29,0,-21,3,34,-32,58,-33,-19,-24,-41,35,0,-94,15,0,-100,-10,-1,-100,-29,95,-35,71,100,-36,-8,-12,-20,52,-5,-10,-73,-84,19,-100,62,12,35,41,-28,100,33,-89,-14,-89,30,9,51,2,-100,2,18,2,69,20,0,100,-71,79,44,11,76,28,52,0,-4,-10,39,-50,100,7,35,-11,5,26,30,37,54,30,71,75,-8,-76,94,2,-2,100,-4,-100,20,-34,52,22,-27,100,82,81946
24,-24,39,-46,-34,-24,-21,1,-2,42,-83,58,44,-8,32,31,26,-29,-52,-11,-14,21,47,19,16,-16,-9,-36,-56,66,-7,42,7,43,-89,9,-13,13,-24,9,-50,3,-12,97,-2,79,-40,32,77,50,-29,97,38,-100,11,78,67,-24,39,1,-28,24,-16,85,-4,40,-35,31,81,22,44,7,5,-7,-14,-79,-34,5,-30,-50,14,25,24,33,16,16,28,68,35,-3,26,39,-46,25,42,12,-7,30,-23,25,-31,-85,-43,-35,21,35,-12,35,92,48,44,37,-3,-41,0,-44,-13,7,7,91,-100,92,-89,12,9,-27,49,-46,83,-6,34,35,-14,58,-17,22,-49,-80,31,58,27,17,32,-21,79,-49,62,43,10,64,-18,-66,32,9,-22,15,26,29,-14,34,28,-44,31,20,-3,-62,-12,84,58,-41,-24,88,31,-38,98,8,-7,37,17,27,15,27,76,-88,81991
-1,10,40,-25,-21,-6,36,46,-28,70,77,63,14,29,18,28,27,4,-65,19,-10,44,60,25,25,-17,26,-26,-53,-35,-21,45,-4,35,0,20,-41,6,-1,31,-95,-38,6,88,22,59,-69,21,44,-23,27,74,36,-88,6,38,-4,-7,30,-6,25,20,-89,77,46,62,-26,23,55,24,58,16,-20,37,13,34,7,42,1,-19,9,59,27,23,26,13,31,-14,23,-37,15,66,-6,38,4,29,29,69,6,47,-32,37,-26,-24,16,47,-100,-17,30,7,-36,29,-37,-18,24,0,-9,-15,7,40,-84,64,-13,27,23,-29,11,-25,46,39,30,62,-88,22,-27,35,0,-15,20,21,14,28,26,25,45,-38,89,71,17,68,-29,-24,9,2,32,26,64,29,-39,4,-4,-29,63,29,27,-23,-12,48,95,-18,-45,24,19,-6,91,-14,-100,10,-10,30,21,-9,65,-4,82006
25,-39,23,-18,10,-23,-24,-1,-2,12,-4,38,95,0,-6,26,37,-29,-89,-20,-11,49,54,17,16,-35,9,-9,-63,-16,-15,35,59,46,-64,16,-14,44,-24,11,-81,63,-21,93,6,34,-81,24,82,-9,-19,83,27,-91,58,-4,19,-26,37,-10,-24,-50,8,36,-26,70,-12,27,60,11,63,31,52,0,-10,93,-20,-24,-52,11,3,87,35,-16,-3,9,28,0,27,-7,-14,21,12,41,42,-22,16,36,-4,36,-20,84,-20,-12,10,37,-8,36,95,35,-79,16,4,-28,0,5,-31,19,46,12,-92,78,-90,14,61,-25,29,-19,58,-60,-43,42,17,61,-2,2,5,-99,24,52,-19,17,23,-49,59,-71,-1,14,68,52,-9,-56,58,31,-35,23,25,26,-25,13,-11,-7,19,22,-18,-49,-10,80,25,-28,-33,100,23,-6,100,18,-7,100,-9,24,29,-13,90,-73,82117
19,45,37,-8,0,9,-82,-18,22,-18,35,58,49,-22,72,10,-12,-33,58,22,-12,52,36,4,34,15,-18,-23,-57,-8,4,24,25,8,-12,32,49,23,35,8,-56,-6,25,60,0,28,60,23,86,-11,11,100,24,-74,2,-63,-27,12,20,3,7,-96,19,-5,-57,97,-22,20,28,6,34,17,-5,-8,-31,44,-36,-43,40,-11,0,83,-11,66,10,5,62,-24,27,10,-9,-7,-8,45,25,13,-11,-26,-34,10,-63,29,-38,-64,28,13,17,26,100,26,-5,52,36,-31,-17,-7,15,17,4,-57,-71,100,-74,26,-29,-9,-10,-7,75,-62,-92,-6,16,57,-15,9,-40,-73,15,64,-9,26,11,-79,74,-61,62,-18,-27,68,-11,10,20,25,-76,27,-25,50,50,-17,-12,-40,1,32,12,6,-6,82,52,-28,-3,100,14,-46,58,19,6,52,-34,64,9,-4,-7,-17,82118
-18,-33,26,-25,9,-39,-69,31,23,56,12,88,-1,-10,44,14,0,12,40,13,-2,45,73,11,9,0,0,-22,-80,-89,-46,31,-6,-43,71,25,24,-38,38,-2,20,29,49,52,-10,51,43,-9,52,-79,29,83,20,-62,-32,31,-15,-42,39,3,20,-8,-36,84,8,70,-27,-4,65,18,72,-28,34,20,29,-2,6,5,-35,13,8,64,-17,43,11,5,52,-28,25,11,-28,-31,-6,36,-43,8,9,-61,20,19,-23,-24,-69,-22,-16,24,-84,-27,64,-52,-29,52,10,-25,1,-21,0,-11,-41,36,-68,71,-87,29,-11,15,-15,-24,61,-26,4,36,-28,35,-2,17,0,-88,10,19,-32,32,14,-13,64,-42,46,57,-10,98,15,-22,17,-41,-86,33,-73,66,12,-26,-9,-56,-39,16,29,-18,0,58,54,-28,-47,61,9,-2,62,-12,-68,6,-34,51,-24,-17,97,66,82119
-10,-62,17,-32,-19,-1,37,1,25,8,16,62,49,-54,33,22,11,-32,-30,32,-9,32,56,-19,3,-22,15,-46,-28,50,-22,24,-4,13,27,1,11,-5,11,0,-75,9,9,50,19,19,-41,-20,36,63,-22,-6,23,-95,-57,-26,-63,0,34,0,-24,-68,-24,100,-40,80,-44,-21,18,-19,53,-27,24,4,5,11,-30,-33,-65,-15,10,68,3,27,-62,5,31,-56,39,15,-23,14,-55,29,49,-49,-61,-27,5,45,-46,-9,-24,-39,4,43,26,-8,98,53,42,65,25,-20,3,-61,-30,35,-51,-27,-88,-3,-30,35,-9,-39,32,-31,75,-14,-66,8,-34,5,-20,-5,-37,-32,2,12,-17,39,20,-13,73,-29,77,7,-23,59,-30,-46,13,1,43,0,-22,55,21,37,-4,-28,17,1,28,-47,-7,34,86,-18,3,83,1,-42,48,35,38,52,-42,34,-29,-22,100,28,82124
17,-72,-5,-2,8,-17,-76,-24,23,12,70,51,37,-25,39,9,24,-64,-20,6,-29,55,7,-12,11,-40,-20,-19,-74,20,-17,28,46,-15,0,32,-34,24,-12,-8,-40,57,-4,50,-11,90,-1,26,80,23,7,78,27,-80,-10,-6,23,-15,14,13,9,-96,5,43,-44,100,-17,24,87,-10,4,21,58,-33,-51,37,-66,-26,-86,1,22,93,25,36,-12,18,37,10,10,25,-30,-22,-48,61,44,-22,-22,-56,-60,11,-87,16,-71,-81,5,18,34,23,99,41,-12,40,19,-25,-18,-45,-49,1,-1,-7,-86,77,-100,20,-33,-19,-13,-2,89,-82,-88,26,8,52,-45,31,11,-100,8,52,-32,24,13,-88,89,-39,32,12,-36,54,-13,-41,10,23,-77,34,-58,45,-40,-12,-4,-67,-26,13,12,-34,-23,86,37,-26,-15,95,7,2,51,1,28,35,-13,37,21,-12,35,0,82163
-19,19,75,-36,-24,-10,60,65,4,46,-56,31,77,-44,44,8,-13,-28,-28,-9,1,42,51,33,15,22,37,-36,-9,-36,-20,50,5,-22,-7,26,27,-27,24,26,-97,38,32,85,10,59,-33,26,75,-51,-6,68,42,-97,-20,31,34,-9,12,5,-7,-66,-39,100,32,97,-35,39,72,40,42,41,56,67,37,-63,-43,30,13,-23,24,66,2,38,-13,28,21,30,-2,-3,-11,4,-21,35,23,-23,-13,-8,29,74,-62,-73,14,-53,7,89,-69,-58,61,30,-56,32,-4,10,43,-25,15,4,0,54,-98,66,-3,44,-37,-34,7,-36,68,5,-60,-24,-33,46,-23,0,8,13,25,48,-6,47,4,10,70,-21,36,46,-42,47,-16,-30,17,-37,54,30,-15,37,22,3,-33,9,1,25,0,-27,4,84,59,8,-60,68,23,32,85,5,-60,74,-3,16,44,-32,100,7,82172
10,18,82,-15,-26,-6,-57,-21,26,-11,42,48,28,-13,58,16,17,-11,27,-5,-3,65,5,38,13,27,12,-23,-54,-21,23,30,44,14,4,21,25,33,-11,-13,-48,28,-18,64,-14,39,20,27,74,-17,6,72,27,-67,10,-29,35,-9,28,-5,2,-87,4,25,-15,54,-24,21,44,36,11,8,38,-10,-48,29,-12,-45,-27,-19,-4,57,0,60,34,-10,37,13,32,-5,-22,-11,-4,55,13,34,4,4,-51,30,-69,35,-19,-47,-25,32,41,20,98,9,-73,10,47,-11,10,-10,30,1,-18,-22,-75,84,-92,20,-45,-22,23,-16,48,-46,-90,-4,5,52,6,9,-8,-91,17,44,-23,27,22,-25,47,-44,40,-11,-31,81,5,25,35,30,-71,19,-3,20,16,19,11,-12,-2,10,-13,37,-1,66,60,-11,-12,91,15,-15,73,0,27,38,-23,43,-2,4,38,-1,82181
16,9,75,-24,7,-20,-61,-34,19,45,37,74,-31,4,84,33,-23,-23,76,16,-8,64,19,7,18,60,-8,-20,-50,-52,28,24,19,16,27,24,15,27,-8,-20,-78,-9,-3,81,-26,71,85,18,54,-46,25,67,16,-55,16,65,-7,-21,46,7,23,-85,38,0,-50,78,-16,15,71,10,14,-30,-21,-37,-82,76,-29,-30,-4,9,15,72,-25,74,23,18,69,-19,44,12,-28,9,-2,58,-9,32,18,1,-92,-23,-95,50,-38,-87,-2,-14,-8,34,90,-12,-47,32,42,-21,-18,-13,47,15,12,71,-66,68,-86,49,-35,16,-4,-23,72,-79,-73,46,39,39,3,34,3,-79,19,37,-32,58,35,-83,73,-72,60,45,-38,89,19,13,33,39,-64,28,-3,24,17,-8,-17,-33,6,22,23,21,-6,57,74,-20,19,100,20,3,84,15,-2,-30,-33,68,-29,-24,4,26,82182
28,-4,40,-7,8,7,-15,-55,25,12,-51,40,11,-25,100,20,3,-1,-43,-15,-13,85,48,-32,30,-6,4,-23,-37,-65,-6,27,43,6,-24,21,13,11,-17,4,-62,-64,-15,63,2,39,-50,27,72,-64,-2,46,18,-82,-13,-82,-19,7,33,-11,-8,-76,22,44,-8,44,-22,19,41,-20,40,12,-59,-56,-30,-100,-14,4,-18,7,-2,26,6,100,-29,-2,30,-23,32,9,-17,6,-18,71,25,-26,-26,44,-34,-21,-69,-80,-68,-66,-27,-13,29,36,52,31,-36,30,25,-17,5,-19,-15,43,-18,-72,-81,44,-93,36,-51,-38,18,-5,91,-4,-66,36,17,85,30,11,-42,-86,26,81,-12,41,24,-8,91,-39,100,12,-62,64,-33,-27,28,14,-22,24,41,24,14,20,3,-70,6,30,-14,-30,-10,70,100,-12,-24,47,27,-41,67,42,26,5,-12,33,11,1,49,-25,82183
27,-50,68,-16,-4,-14,-20,-38,28,-5,-78,45,4,-53,29,21,-6,-44,-12,2,-47,63,39,-2,26,-22,29,-4,-42,-90,13,32,38,10,-52,24,4,68,-4,-6,-83,44,-4,87,-10,59,-16,33,77,-80,0,76,22,-72,-29,12,21,-13,35,-3,-6,-8,17,67,-7,97,-5,30,65,6,33,20,37,-33,-18,-81,-51,0,-64,-20,2,77,-1,23,-15,3,31,10,36,16,-2,8,-23,50,21,-16,-48,22,-27,10,-41,-100,-47,-17,4,11,-14,19,100,29,-78,59,3,-2,30,-10,-49,23,-1,27,-70,81,-100,7,2,-15,4,-16,73,-39,-13,26,10,64,-11,16,18,-99,25,64,3,19,22,-38,73,-47,75,-5,-4,70,0,-17,28,65,-19,29,22,37,14,9,-3,-48,10,27,4,-20,-39,76,59,1,-18,98,24,20,87,24,-5,2,-4,34,20,-14,71,-51,82202
31,43,38,-6,-6,-14,31,-4,-1,20,10,55,-64,2,100,25,14,-41,-61,0,11,81,33,-22,32,-24,3,-26,-61,-7,-49,17,4,27,5,42,8,34,-8,14,-90,-82,-7,74,8,26,-51,21,71,2,23,44,13,-83,16,-49,24,-14,9,0,21,-7,-1,50,51,7,-25,23,34,-22,27,36,-83,-8,-41,-41,-46,58,42,-6,9,-2,14,100,63,9,60,30,5,-8,-34,29,-11,77,-28,63,1,22,-52,2,-78,-56,-100,-76,-4,8,-42,46,80,-28,71,57,36,-7,8,-13,-29,20,24,-41,-81,40,-71,26,-52,-41,86,-3,97,48,-2,34,0,87,43,12,-23,-67,3,87,-36,30,27,36,97,-72,-12,20,-57,58,-36,-29,24,35,33,44,17,61,7,84,10,-100,25,34,2,-29,10,76,-9,-6,-33,77,4,-24,80,19,-40,-58,-4,63,38,14,49,4,82206
17,-12,65,-5,12,-11,-47,-38,24,21,51,51,66,-3,1,26,17,-9,41,0,-10,49,31,-3,20,24,9,-10,-33,-46,-5,23,19,20,8,17,2,30,-13,-1,-58,34,-9,85,-8,62,48,17,32,-43,0,23,22,-97,2,35,-38,-10,34,0,-1,19,19,60,1,93,-10,16,63,-2,30,-4,35,-44,-32,70,-9,12,-14,16,5,85,8,-5,-27,7,40,-42,32,16,-6,2,-13,50,17,-29,-6,18,-37,13,-73,56,-27,-77,-26,14,-2,27,95,20,-60,28,14,-13,9,-12,23,15,0,45,-98,19,-100,37,-67,-28,2,-5,58,-86,15,10,16,39,4,13,-7,-100,14,42,-7,47,28,-98,60,-46,68,21,-74,51,-25,-64,29,19,-42,18,18,24,5,-1,-23,-27,-2,22,4,-58,-11,36,67,-13,5,94,15,-12,85,16,11,65,-11,39,0,-30,45,8,82207
23,17,1,-23,50,-40,-88,-28,-1,21,-73,51,64,-19,57,17,5,0,-62,1,-15,40,55,52,40,-25,52,-20,-65,-13,-17,44,-1,10,-87,13,19,50,1,65,-50,3,6,69,56,72,-56,43,84,-10,-6,86,33,-97,19,71,22,-39,36,-8,-11,49,9,61,35,20,-15,41,76,55,48,20,7,-30,0,-67,-7,46,15,26,0,6,2,58,7,5,15,34,35,-10,49,25,-19,31,34,11,-13,47,-10,22,-1,-71,-16,-19,-40,27,17,-14,99,38,14,61,14,-41,66,-14,-18,27,38,71,-94,86,-54,31,56,-9,76,-21,56,39,55,71,5,62,-21,29,0,-49,32,58,54,36,20,28,54,-65,66,21,49,58,1,-36,68,62,-89,20,45,44,26,74,31,-15,22,40,6,-33,-8,85,62,-37,-44,96,32,10,72,28,23,55,16,17,23,22,50,-88,82208
6,-28,61,-25,3,-2,17,33,-2,34,60,63,67,-1,68,15,3,38,26,-16,-16,31,84,34,26,51,2,6,-49,-33,-14,40,16,25,-28,-2,51,40,-24,9,-98,-45,-13,87,-1,40,54,16,54,-36,-24,31,27,-86,63,20,7,-1,31,-5,-29,-9,-8,90,-46,51,8,7,58,31,80,21,-24,26,22,63,35,-18,-21,-2,4,24,14,54,4,4,20,18,31,5,6,21,8,26,24,18,-8,77,7,13,-26,52,-16,-46,30,22,9,14,100,24,-47,22,5,-31,10,3,60,4,80,48,-81,32,-58,17,48,-6,34,-23,33,46,18,13,-5,49,2,-3,27,-64,18,42,8,23,18,25,32,-46,84,34,43,63,1,-43,54,30,9,5,71,19,48,30,6,-11,16,23,-7,-42,-14,55,72,-27,-34,100,18,17,93,3,7,62,1,22,23,7,82,-33,82252
5,11,13,-15,-19,-28,-45,1,-5,8,-8,86,8,21,-35,27,-30,-63,34,15,13,58,22,71,15,0,-8,-30,-45,-16,-51,18,-8,58,36,19,-39,11,-23,-5,-50,-27,-21,81,-4,45,54,21,46,-8,38,40,17,-71,-21,-8,-44,-26,12,-1,37,-42,-66,37,-27,19,-28,20,48,75,22,-23,-38,0,-31,67,-61,-6,-9,-22,6,3,-31,-37,12,6,46,-47,6,-1,-18,23,-15,55,-6,14,31,7,-37,6,-86,19,11,-86,-28,5,-69,29,83,-4,-11,30,11,-9,0,-17,5,1,-10,9,-70,36,-35,19,27,21,16,-14,76,-91,-28,38,-63,56,16,26,-19,-40,0,52,-30,31,29,-100,74,-40,-23,9,19,92,40,36,4,15,-53,19,1,34,-44,9,5,17,20,18,16,33,15,47,-6,-11,-31,80,-1,-28,86,1,-63,19,-9,45,-28,-1,51,29,82253
39,3,-28,-35,-14,-23,-89,-3,42,23,12,79,5,-22,57,17,-16,-2,0,34,7,80,27,-23,46,-3,-3,-54,-28,-2,-77,-5,-2,23,57,56,-51,72,15,-11,18,3,31,37,-17,26,1,29,82,-4,67,91,-8,-64,-19,17,31,-22,11,22,72,-66,-25,65,-15,38,-50,26,32,-18,26,-3,12,-26,-55,96,-7,-10,-7,-16,34,25,-1,61,-14,21,68,23,2,39,-52,16,-31,89,-17,-6,-11,0,-52,9,-50,84,-64,-39,63,20,57,73,73,-7,2,28,29,-7,0,-37,-18,17,-13,25,-68,83,-49,-15,-14,0,9,-34,68,1,-60,16,-21,70,56,36,-35,-35,1,64,-56,-9,30,2,66,-54,44,22,-14,84,3,-5,32,73,-95,61,-6,23,-49,8,-40,-69,4,50,48,-1,6,96,48,-9,12,75,1,-41,41,16,58,5,-5,67,6,-38,73,58,82264
-16,76,95,-20,24,-10,-56,54,-1,-5,1,68,56,13,47,3,-1,-10,1,7,1,13,55,64,34,20,36,-39,-66,-24,29,47,-4,-55,-30,22,54,6,44,26,-46,37,46,81,17,58,25,30,88,-32,-18,100,45,-58,-13,5,35,-8,26,6,-16,-67,31,2,-8,47,-37,32,46,67,46,13,29,51,-30,40,-20,1,51,25,2,20,5,50,48,11,55,28,23,-9,-24,-51,-19,15,19,51,19,-62,-48,20,-36,8,26,-51,-21,34,-31,-18,48,24,-69,25,32,-41,42,-20,12,17,4,4,-65,100,-63,11,25,-28,54,-20,89,-25,-35,43,37,50,-47,20,-11,-56,26,49,-26,18,0,-48,89,-66,-2,-5,24,66,-35,42,49,-1,-62,21,-67,35,46,31,3,28,-50,36,6,50,3,93,-20,-41,-66,52,26,-17,85,18,-24,51,-17,56,12,-2,-3,-27,82313
14,44,13,-6,-30,21,-58,65,68,52,-87,100,16,-24,100,38,3,-8,-38,37,-63,64,79,-54,42,-22,17,-11,-44,-90,-63,28,47,-26,84,33,-25,18,38,4,-13,-37,46,82,16,5,-38,-2,79,-81,33,62,22,-100,-1,0,23,19,31,12,27,-18,-41,100,31,57,-13,-3,17,-57,74,-16,-56,52,36,-82,-18,40,42,-40,12,43,-16,96,-10,3,68,6,24,71,-25,1,-14,61,-8,-21,-33,-42,23,47,-69,-100,-79,-69,64,55,-10,-15,100,-13,-87,80,-40,-8,30,-19,-17,38,22,0,-100,60,-100,68,-58,10,51,-5,73,9,0,-19,-38,34,61,52,-34,-100,23,26,-28,67,40,-21,68,-42,-3,52,-52,100,1,-57,-14,14,-70,34,-48,81,-19,31,23,-65,-3,46,46,-46,-58,82,4,-13,-67,100,25,-50,89,39,0,8,-17,68,-14,19,100,77,82330
31,84,29,4,-11,10,-49,-23,-3,-18,-50,34,33,-20,66,11,32,24,-13,4,-29,64,58,7,53,22,-29,-39,-67,-45,-12,31,-18,-51,11,53,-5,70,17,16,-19,13,24,26,17,-4,1,44,86,-52,35,68,23,-80,-40,-33,40,10,17,6,30,-40,47,3,0,30,-37,41,6,17,68,71,8,-33,-15,63,28,0,81,-8,8,25,31,64,29,7,70,37,9,-6,-27,-33,-20,60,-5,26,-14,-32,-5,45,-41,61,-52,-35,4,45,-49,46,98,2,-54,47,16,-20,-25,-17,19,30,-42,-9,-79,59,-25,19,-16,-41,21,3,55,5,-46,17,59,59,16,21,-11,-21,17,49,-32,23,13,-1,54,-43,14,-18,-12,44,-34,-7,28,67,-57,58,-42,66,-19,18,3,-52,-38,57,14,-12,-30,88,34,-22,-26,100,18,-23,34,30,-46,46,25,68,74,6,29,3,82331
22,-26,51,-11,-30,30,-6,-9,43,25,0,86,-17,-21,21,7,-33,-18,59,1,-41,57,76,14,0,34,-13,-15,2,-89,-1,18,37,-20,7,16,-41,-35,-14,-36,-30,-23,-13,92,-45,39,60,-9,41,-81,7,27,16,-25,2,-79,-63,29,53,-8,6,-11,-63,46,-44,2,-17,-9,45,12,75,-7,-22,-11,10,70,-22,-47,-45,-33,-15,-4,-30,16,-61,-12,28,-76,51,33,15,-25,3,55,14,-57,-15,22,5,-4,-71,53,-19,-62,25,-1,6,-6,100,17,43,38,-3,17,-9,2,28,16,13,-77,-26,30,-56,-14,48,-29,-67,-10,71,-41,-9,26,-65,63,9,12,-14,-56,15,61,17,-7,7,-37,71,-23,54,25,50,99,-27,-14,-21,-41,-4,16,20,37,-42,-67,-10,-17,-25,2,4,-9,-37,42,60,19,-15,100,16,-12,94,17,11,-18,-42,31,-7,-13,52,9,82332
44,89,44,-16,-37,0,-82,23,31,0,72,100,93,0,34,29,16,-50,-55,6,-3,44,38,16,47,-51,-22,-27,-19,-32,-26,33,13,30,27,27,-49,43,5,-17,0,-32,20,87,-26,64,-34,41,90,-38,25,86,22,-72,23,22,-6,3,9,10,28,-24,-27,85,-49,-18,-22,37,62,21,31,-7,-20,9,-31,63,-59,-18,85,-46,15,-55,23,39,0,11,53,-5,5,39,0,28,-11,46,-13,4,-4,-4,-39,-17,8,49,-1,-11,53,-6,-34,22,88,-1,14,60,-10,-19,-13,-15,-41,25,39,32,-71,87,-67,38,-23,17,-3,-14,71,56,-9,16,-24,37,10,47,-15,-58,21,30,1,40,39,24,66,-56,74,1,-29,99,7,-31,28,44,-88,33,-7,49,-42,-10,36,-8,16,49,25,-31,-2,100,50,-16,-24,82,20,-27,91,25,-29,84,7,59,2,30,52,34,82333
20,33,39,-9,30,-7,-29,-25,15,29,24,35,5,-10,61,15,-25,18,26,-17,-7,49,62,16,21,43,35,-10,-83,-42,-29,47,-6,-3,-25,23,-26,75,-26,45,-69,10,-25,75,46,11,8,22,69,-33,2,43,32,-86,5,15,25,-7,24,-25,-10,-69,35,21,-47,83,-11,25,10,13,61,27,11,-21,-14,43,16,-37,21,36,-26,70,-13,51,71,-18,28,23,22,11,-12,-19,0,29,-12,64,6,39,-13,-11,-66,27,-61,-47,-26,1,-60,52,100,-15,-40,67,-4,-43,28,0,49,39,3,31,-89,41,-100,25,20,-47,14,-11,76,-47,-57,67,44,43,-19,18,-32,-100,19,36,-11,30,18,-19,79,-79,36,30,27,49,-40,-61,52,68,-35,30,31,82,-38,2,-41,-58,-20,25,-11,-55,-9,66,63,-37,-28,100,20,-39,83,39,-52,3,4,29,26,-30,54,-36,82334
-27,38,22,-45,-36,-16,-91,31,19,35,-63,70,37,-15,26,12,18,-38,-7,34,16,35,31,-3,47,-37,18,-58,-58,-69,-35,34,-14,-47,58,24,-39,-17,67,16,-6,0,61,53,4,28,-7,13,53,-57,17,55,30,-77,-20,-11,-28,-17,0,-5,12,-17,-39,91,-2,38,-56,17,26,1,30,0,2,42,14,-57,-44,-7,34,-31,0,22,8,28,-17,-3,29,-13,-1,16,-11,-10,-48,23,7,-37,-6,-24,8,19,-45,-67,-5,-49,14,19,-38,-25,59,12,-60,55,-18,-63,22,-41,-38,-5,-21,-27,-74,58,-61,28,-9,-18,4,-44,77,2,-18,-6,-40,-12,3,12,-11,-64,20,-13,-9,29,8,-3,76,-53,84,34,-8,72,-14,-3,27,-19,-91,24,-27,55,-36,5,3,-5,-3,50,32,-2,15,49,77,-61,-86,57,19,-1,53,-4,-41,26,-9,27,-2,-5,91,57,82353
26,-39,6,-28,4,-11,-75,-21,26,23,58,80,-9,-3,22,12,17,-25,51,20,-15,66,38,23,16,28,9,-16,-54,-12,-25,20,1,6,-52,24,29,31,-10,16,-29,6,-15,61,4,22,54,19,74,-5,23,68,16,-50,45,34,-5,-11,22,-8,17,-26,-3,34,-52,50,-15,16,23,27,38,19,9,-17,-27,91,-29,-48,-43,-7,-6,34,7,20,57,-8,10,-10,27,15,26,-1,0,58,34,47,3,-13,-33,-6,-77,71,-21,-77,-2,-3,-29,16,100,38,-34,24,-15,-14,16,-5,20,-28,55,27,-50,77,-95,20,27,33,22,-27,55,-81,-23,47,-12,9,15,36,-1,-90,16,16,28,30,12,-85,56,-1,59,23,28,87,47,14,42,32,-64,23,-11,7,37,19,22,-22,1,16,16,16,-10,69,55,-8,-14,100,17,-3,60,-27,-26,-6,0,11,13,14,33,-56,82368
-16,51,60,-6,0,-14,65,54,36,12,-46,41,67,16,15,21,8,25,28,13,-12,7,87,30,-6,57,1,-56,-39,-55,16,46,-42,-76,43,23,-9,-17,13,9,-51,65,8,17,9,6,15,-16,49,-60,-37,-4,42,-90,-11,-4,11,-15,32,-9,-44,-43,-11,62,-31,86,-57,-15,2,30,88,32,48,54,29,-61,28,-26,42,10,-1,86,9,12,-11,-3,44,1,31,33,-20,-61,-40,-4,2,-5,17,-3,37,83,-18,-66,-6,2,17,80,-9,-12,45,5,-57,62,27,-23,-3,-44,56,2,-16,1,-88,-1,-64,32,-26,25,10,-9,95,-13,-52,-13,-7,-32,-20,36,-33,-65,22,-25,-18,30,20,-14,93,-57,64,13,-28,46,20,39,42,-17,66,26,-6,73,-17,11,-15,-3,-57,-4,9,39,-14,47,78,-23,-47,41,21,-43,18,2,-8,72,-4,45,29,-10,83,37,82372
23,-48,39,-18,-25,-4,54,3,22,33,64,27,46,-25,55,20,-11,-11,21,-7,-13,21,18,-1,1,12,0,-25,-16,19,4,21,47,31,-21,9,-43,18,-25,-6,-45,7,-24,60,-10,35,27,-1,9,24,-4,18,21,-75,-1,-6,-25,-3,29,3,-3,-8,16,48,-6,37,-21,-3,32,3,17,-13,9,9,-37,31,-16,-2,-56,-35,8,32,-7,58,-24,6,15,-18,31,10,-6,24,8,21,36,-22,-14,52,-43,17,-21,18,-2,-19,-1,21,14,1,52,40,-71,6,8,14,6,7,12,-2,-3,0,-73,25,-44,-1,-6,-10,18,-17,40,5,-2,0,9,51,-10,6,-32,-37,21,53,-2,2,20,6,40,-26,9,33,-3,45,-10,-25,22,19,52,7,52,-6,-39,22,-20,-4,24,1,-10,-25,-11,10,9,17,6,53,21,-39,61,-1,13,47,-6,16,-15,-16,55,-15,82374
48,43,6,-23,3,4,-76,-17,45,55,-34,76,37,4,13,6,3,8,13,14,-48,89,70,37,36,9,15,-30,-25,-25,-36,16,-22,-37,34,67,-35,60,-15,30,6,-27,8,38,31,-20,25,21,36,-25,69,85,4,-55,11,7,87,8,37,22,74,-85,20,2,-23,46,-25,23,-18,40,64,28,-16,-39,-38,-27,0,-8,28,2,24,31,-19,16,18,19,61,84,29,51,-23,-23,14,100,26,24,-7,-16,-42,6,-39,-41,-55,-37,59,20,-25,86,100,30,-16,8,2,13,10,28,14,-32,42,3,-58,90,-91,18,50,54,2,-21,44,-24,-73,-10,31,40,87,61,31,-78,28,39,-25,9,17,-49,40,-26,47,55,52,69,32,50,56,76,-79,75,-20,18,-41,2,2,-62,-42,41,42,53,-47,59,26,13,6,98,29,13,42,-33,-15,31,4,65,47,-2,-21,45,82391
9,-21,85,-29,-25,-4,-1,12,-16,7,-52,20,96,-4,43,27,1,14,-83,-30,-10,24,44,-1,10,-19,0,-21,-43,-44,51,40,31,43,-69,-1,-49,25,-22,-1,-84,-17,-14,100,-8,65,-90,36,70,-44,-38,73,35,-97,24,61,1,-2,28,-2,-36,52,5,41,14,13,-17,32,61,3,43,1,-18,5,12,-41,13,16,-26,-36,0,-3,3,48,2,7,18,6,26,-29,-4,41,3,28,59,5,-2,33,7,43,-34,-47,17,-33,22,50,-31,-19,57,64,-67,30,18,-4,5,-2,-33,22,36,67,-97,73,-49,8,-1,1,22,-29,61,35,58,44,3,39,-25,7,7,-43,25,38,-3,12,31,37,59,-68,15,8,-4,26,-7,-80,40,26,-6,3,31,14,-41,16,16,12,37,10,-26,-83,-7,73,17,-6,-63,43,25,3,100,23,-19,92,22,20,7,12,26,-66,82392
4,11,50,-12,-23,4,8,-22,27,21,-61,58,26,23,50,20,0,-35,58,36,15,52,17,-33,3,32,-38,-18,-70,-62,27,19,32,22,23,23,34,0,9,-35,-78,51,-2,82,-42,50,58,4,52,-58,12,48,14,-80,-9,50,-12,4,41,-34,2,-80,17,23,-3,70,-16,0,69,-31,24,-5,52,-12,-46,11,-25,-5,5,-24,-37,75,-9,46,-17,-35,56,-16,45,13,-25,9,9,34,20,-17,25,36,-42,14,-100,0,-46,-91,29,14,45,27,93,23,-69,4,51,-28,-42,11,32,8,-11,64,-85,57,-79,12,-51,18,-4,-11,65,-100,-84,5,14,12,-15,15,5,-80,12,7,-23,20,26,-100,66,-65,-3,21,-54,73,35,-26,37,-4,2,21,34,-1,37,-9,-19,-44,18,1,25,-20,16,41,11,-25,-5,90,13,3,86,8,41,27,-35,60,-18,-14,39,9,82393
-11,39,88,-5,-32,-4,-51,64,-25,20,-63,57,-2,-9,17,26,11,-52,-19,-5,-4,60,22,40,49,-26,15,-32,-79,-67,-31,30,1,0,15,35,-14,-48,28,-23,-13,-27,32,94,-28,77,-22,38,75,-57,44,68,24,-62,-17,59,20,-6,10,10,43,-48,-49,94,40,24,-35,41,71,43,21,10,-26,57,-24,-57,-55,38,38,-29,11,18,36,26,-28,10,50,29,3,-28,7,27,-18,57,-23,-33,-20,7,-30,0,-72,-59,7,-65,-11,0,-100,-48,57,-19,-46,52,6,-18,20,-22,-28,29,-9,51,-61,64,-97,39,1,27,18,-4,83,-14,-45,0,-42,85,15,3,-16,-92,34,85,7,37,24,-20,83,-69,96,20,1,48,42,1,18,-67,-51,38,4,57,-16,20,-10,7,24,52,2,1,-6,81,95,-19,-100,58,34,6,95,29,-100,0,-9,48,16,-11,94,16,82394
11,70,-15,-6,0,-3,-91,-35,52,17,2,63,6,-6,68,-11,-9,10,72,30,-16,83,27,12,51,64,-34,-26,-52,-43,4,0,-16,-43,31,42,48,16,27,-8,1,-31,32,-10,-13,33,76,48,66,-39,39,80,-3,-37,2,-17,30,-2,6,7,37,-87,-18,-18,-25,56,-21,43,32,16,23,19,-33,-34,-38,11,6,-20,62,0,11,50,-7,65,8,5,67,25,3,48,-19,-30,-7,79,31,7,-14,-51,-42,-7,-82,5,-26,-71,29,-3,20,31,89,32,-66,31,52,-37,-26,1,64,2,5,-4,-38,80,-60,3,-7,42,23,-4,68,-55,-85,-28,-20,26,52,36,7,-57,1,19,-20,5,-6,-64,66,-26,27,17,-7,71,40,33,5,16,-99,45,-52,30,47,19,15,-24,-32,52,35,34,-14,68,20,-38,-4,85,0,3,-7,3,18,7,-9,70,17,11,-28,30,82398
4,77,36,-22,-13,-16,19,31,48,3,-64,85,13,-6,69,10,7,-15,29,40,-6,54,54,-4,13,14,-14,-33,-19,-79,-24,29,39,-33,56,28,-32,1,41,29,-23,-12,42,58,37,27,28,-2,74,-67,20,70,27,-36,4,-1,26,-18,37,-12,19,-75,-13,6,-17,42,-31,-4,42,-3,52,1,-8,30,13,-64,-16,-7,79,-7,-6,33,4,61,-20,-10,46,10,34,52,-25,2,11,51,-2,-14,-11,-28,6,16,-60,-89,-32,-46,34,11,37,-7,80,-3,-69,70,-31,7,-8,-1,1,14,2,4,-38,68,-20,43,-4,22,8,-20,49,28,-77,6,-10,27,-3,38,-29,-14,6,28,-25,45,14,8,47,-37,30,3,-7,82,30,21,25,1,19,26,-30,74,-30,3,16,-29,2,16,41,26,-8,73,44,6,-50,74,6,-33,59,14,37,18,-21,45,-3,13,13,49,82423
22,-34,20,-22,-22,-6,-6,19,-14,18,-19,66,81,-42,51,13,3,-49,-100,-3,-26,41,34,56,25,-41,-14,-5,-14,-16,-2,23,18,38,-63,24,-42,46,-10,31,-99,-6,-1,92,28,55,-96,33,76,-12,-22,75,18,-78,25,25,-27,-6,15,-4,-20,-48,-44,46,28,62,-5,34,65,61,35,13,-5,12,-3,85,-47,28,-48,-36,17,65,10,50,-9,20,26,-31,9,-16,26,43,-21,40,34,-14,-27,-11,-6,-2,-44,77,-7,-36,29,3,-26,18,100,37,-8,8,-14,-2,-15,-20,-42,10,40,46,-79,70,-75,10,51,-17,25,-20,37,41,-47,30,-43,49,-17,7,-16,-66,9,42,25,20,13,31,38,-62,30,18,51,65,-11,-20,16,40,-20,28,-19,-8,-38,16,-3,-10,38,28,1,-20,-23,81,36,-4,-36,100,9,-8,96,10,-14,79,0,25,15,0,48,-61,82424
9,-27,83,-30,-9,-16,-71,-21,15,13,56,34,16,-27,100,19,0,27,-20,-22,-2,50,61,19,12,3,-23,-29,-78,-10,6,44,35,0,-73,15,0,34,-13,-17,-37,1,-10,92,-16,89,-29,34,74,9,-19,84,41,-100,-8,80,30,-18,32,-7,-21,-33,38,71,37,58,-30,33,97,15,61,14,-8,-26,-8,90,18,39,-27,-20,1,58,19,81,26,-1,-1,14,29,4,22,-8,-10,50,58,32,-3,2,-6,26,-36,47,-60,-31,-1,25,-18,-41,100,62,-5,55,0,-31,-1,-13,-17,13,-21,90,-100,82,-93,35,-9,-27,58,-30,84,37,-50,27,37,26,-42,36,10,-100,35,23,25,35,19,44,86,-64,-24,14,-6,45,3,-70,42,24,-70,19,0,50,0,49,7,-52,-12,13,-19,-61,0,72,4,-30,-73,100,36,11,94,13,-19,22,26,-2,12,9,81,-76,82426
11,-21,12,-12,-5,8,-26,23,26,76,7,72,46,-36,65,21,3,-3,21,30,1,33,65,11,12,11,21,-22,-49,-63,-41,22,-4,20,59,24,-3,6,7,3,-18,26,0,55,17,-21,14,-22,9,-47,15,33,17,-78,37,-57,-58,10,28,-8,6,-11,-7,29,6,92,-17,-24,-14,26,60,-27,17,29,-3,0,-7,24,-34,4,-4,90,16,76,-4,-4,46,-62,34,35,-25,3,11,19,5,-14,-27,-42,-4,19,-56,-66,-27,-55,18,23,-23,43,100,7,-66,30,-5,-43,5,21,17,7,24,-57,-74,43,-62,25,-28,4,-22,-11,60,-37,-8,-29,-16,-29,6,4,-27,-44,4,-12,-24,32,24,-46,59,-16,84,77,-46,84,-9,61,25,0,-11,19,-37,19,-7,-36,-1,-29,8,13,26,52,-2,9,79,-31,-9,100,3,-31,53,7,-19,65,-56,46,-32,-6,19,59,82432
24,-11,40,-10,-15,5,-31,2,10,52,14,83,-12,-20,38,26,-39,-42,-10,7,-34,41,28,-26,5,-37,-8,-16,-40,-60,1,31,65,47,30,22,-20,26,-23,-23,-60,63,-7,90,-34,55,-3,0,48,-67,3,40,25,-50,-23,55,-29,7,38,14,7,-15,-21,57,-26,7,-11,-5,57,-24,23,-22,73,-16,-24,63,-44,-17,-16,-23,26,0,-29,37,-14,22,44,-26,34,6,-34,26,-26,44,7,-4,-15,12,-31,-28,-3,51,-34,-1,38,-13,14,19,100,12,-96,25,20,-20,-5,-26,-37,0,-14,60,-55,30,-98,18,-38,-2,-9,-8,66,36,-9,21,-19,20,-28,9,-19,-87,9,19,-33,26,34,29,64,-67,15,54,-46,84,-4,-32,19,21,-34,30,7,18,-21,-20,0,-39,13,7,23,-22,-31,58,26,-18,-7,98,12,-22,94,1,23,-21,-34,43,-13,1,60,33,82440
30,41,18,4,6,-38,-65,-19,35,-6,-83,74,76,-24,19,23,9,0,-5,-14,-9,46,49,-1,26,-43,29,-19,-50,-83,-10,27,62,22,-42,12,17,35,-2,20,-17,43,11,48,14,18,-6,30,84,-77,-14,90,28,-62,9,3,13,-37,35,24,-7,-41,20,37,0,83,-18,27,21,0,42,-8,44,-38,-8,-78,-6,1,31,0,35,74,2,21,-3,27,35,5,27,34,4,20,-19,56,24,-2,-23,3,-17,26,-7,-88,-24,-6,-20,34,-3,16,83,25,-71,19,21,-12,30,-21,-52,24,8,9,-63,79,-80,32,-29,-41,42,4,76,-40,-29,55,22,49,0,37,-13,-76,27,46,3,28,28,-56,75,-38,94,-5,-34,66,-33,-49,27,37,-73,16,-3,14,12,43,-4,-20,11,31,-5,-43,-8,93,94,-17,-32,82,26,-23,52,25,0,75,6,33,0,-4,34,-41,82442
26,0,55,-17,-17,7,10,21,60,40,29,93,8,11,58,11,-7,17,-9,20,-39,2,78,38,6,47,60,0,-18,24,-12,38,-9,4,-16,40,-25,10,-2,31,-55,-58,11,84,21,-1,17,-15,33,-14,-56,29,44,-78,24,-66,-55,7,64,9,-40,8,-35,20,23,23,2,-17,-18,45,70,-7,-49,10,-78,43,7,38,-18,-21,27,30,-21,63,55,22,37,-49,55,57,4,-10,61,16,69,52,25,68,-76,8,-22,12,-39,-31,62,9,77,67,69,79,-66,15,-14,-33,66,70,19,-56,27,-63,-83,9,-86,12,69,12,-2,-16,69,42,35,16,-31,-15,-52,-15,-63,-90,24,-8,0,10,15,15,68,-11,-40,41,60,92,24,36,40,14,11,42,68,15,-26,-22,-27,-38,-18,11,25,31,-39,41,-40,-42,48,64,28,-35,82,-57,78,13,-29,30,0,-24,23,-11,82444
22,-27,11,-21,-2,-7,-90,14,25,-12,54,57,14,-52,-19,16,8,14,15,4,7,37,31,-14,26,47,37,-9,-51,-54,-37,17,29,39,-1,27,25,44,40,27,-21,29,38,76,22,81,24,-1,73,-41,-46,10,16,-77,55,58,-14,-7,31,5,-50,13,-20,76,-45,23,-6,-4,71,-14,34,14,22,17,-64,0,7,-47,-15,0,6,10,21,-14,0,11,36,-8,33,28,-12,-2,-5,32,21,-11,-50,12,-58,-1,-35,-13,-19,-14,-15,7,52,33,34,4,-75,79,1,-32,35,-28,21,-29,42,39,-88,18,-84,26,-2,13,-45,-20,70,-85,17,31,-34,-13,10,34,-28,-83,11,-5,-28,41,20,-47,73,-12,15,-10,-2,63,19,16,47,55,-68,27,22,47,35,-18,-16,-19,-4,25,9,20,8,68,37,-30,6,36,9,-23,71,-32,54,9,11,35,15,-38,71,-3,82447
6,33,61,-7,-33,19,10,76,57,77,82,100,97,18,74,21,-18,-1,-96,13,-42,0,82,3,18,-79,-24,-11,-81,-60,3,54,-22,-20,17,44,-37,49,-13,14,-78,-55,-8,88,3,14,-87,0,77,-60,-32,64,50,-97,34,-61,0,22,20,5,-33,-6,-37,95,-26,3,-12,2,17,3,78,42,-63,78,39,54,-11,-11,19,-38,22,-17,-27,73,83,22,50,8,16,41,-23,-61,14,0,-2,81,5,0,28,79,-22,41,-15,-33,96,86,-18,64,83,7,-55,38,3,-37,-3,3,-81,-26,45,-58,-100,70,0,24,1,19,-38,-6,3,88,15,3,-36,13,-46,5,-12,3,26,13,-17,15,21,81,0,-24,24,79,15,95,14,-29,18,49,4,50,-3,47,-36,-45,29,-12,-62,20,20,-26,-42,82,7,-37,-5,69,25,-19,90,-26,-24,91,-30,52,49,19,79,24,82449
-2,6,2,-19,-40,-10,-24,26,-17,13,-48,100,6,4,-7,38,13,-25,-28,28,-19,49,48,5,30,-64,0,-35,-86,-91,-38,36,30,27,-5,20,-22,0,-6,-7,-49,49,-4,88,-19,64,-11,16,74,-77,13,35,29,-80,-43,6,-1,-8,53,8,7,-11,-44,100,8,56,-35,18,77,9,44,12,62,28,10,53,-25,12,19,-36,24,47,10,-3,-10,22,38,-12,52,-3,-58,53,-37,35,14,0,3,55,4,36,-20,55,-46,-30,32,40,-51,-17,74,12,26,52,8,-28,-4,-40,-59,39,-27,20,-75,38,-88,31,1,-18,30,-18,94,4,-3,24,-53,7,12,36,24,-84,20,4,-60,34,40,-21,93,-79,83,14,2,93,-35,-37,40,-16,-29,24,54,31,-8,9,0,-49,52,34,34,-37,-21,76,70,-24,-61,67,18,12,91,39,-42,4,-12,41,13,-2,100,-10,82451
22,19,56,-27,-29,-1,-76,-46,-4,10,38,74,52,10,18,27,-35,-33,34,-30,24,58,25,82,16,46,-16,-21,-37,-1,-20,32,25,34,-60,0,-43,30,-18,-10,-20,-41,-19,87,-24,31,34,29,64,1,-6,46,21,-83,-10,15,-12,0,33,-16,-12,-20,17,19,-74,2,-22,30,34,93,14,1,-42,-38,-88,80,-52,-56,15,-24,-11,-7,-38,2,-13,-8,9,-13,35,-14,26,13,-8,43,55,-6,11,39,-100,31,-82,81,29,-87,-12,36,-38,8,36,60,-3,0,20,-26,-26,-10,32,33,11,38,-86,54,-14,57,-35,-5,14,-27,82,-85,-25,42,8,36,-7,7,4,8,23,31,35,57,29,-94,83,-55,-28,11,-34,77,-4,-19,33,36,-77,7,39,-11,-34,6,10,24,11,19,-25,-20,23,61,-40,-19,-43,40,23,6,89,34,-35,52,26,12,1,11,0,-58,82483
30,99,77,-28,-31,18,-85,-22,-3,37,-61,83,9,-57,68,42,5,-24,-93,16,-10,73,78,-57,46,-82,-8,-39,-53,-55,-51,53,-19,-16,44,42,-65,73,-5,30,-26,-18,11,90,26,15,-71,28,98,-52,17,80,44,-100,-40,-5,-20,13,45,0,14,46,-36,87,36,63,-44,26,36,-59,74,-1,-17,-48,5,-52,-20,19,58,-39,1,65,12,74,81,1,56,-10,34,-16,0,-9,-46,73,-22,78,-26,21,-7,22,-14,-66,-82,-27,0,31,3,59,89,-28,-52,44,-34,-30,-1,-51,-86,39,-29,8,-100,72,-61,36,3,-47,65,-29,100,59,64,49,-27,54,3,57,-63,-73,37,45,2,41,50,65,100,-68,58,38,-4,83,-25,-88,31,69,-84,50,14,42,-75,65,-28,-72,-22,52,34,-77,-11,100,59,-26,-1,94,39,-68,98,39,6,7,-6,55,10,-17,100,40,82485
34,9,77,-20,19,7,0,-14,-14,15,-81,50,72,-34,-48,27,-12,33,-43,-29,-7,21,97,46,17,-2,21,-23,-16,-86,-3,56,48,13,-68,7,-7,89,-12,45,-55,-5,-11,98,46,48,-31,26,79,-78,-50,52,54,-96,-11,5,3,6,43,-13,-52,70,53,1,-53,23,-25,24,44,50,96,51,0,-15,25,-100,33,-44,2,19,-6,24,-5,-54,-32,0,25,-2,43,-16,4,-3,-29,20,15,-41,-31,42,24,83,40,-100,-51,42,-26,88,-50,36,37,13,-77,53,-17,-11,20,-30,-1,36,-14,18,-99,53,-16,65,46,-67,-15,-22,84,-12,74,58,53,45,-43,9,-33,-11,30,44,6,73,30,-14,83,-60,-14,15,49,59,-67,-95,39,85,-1,8,39,53,-9,-22,-14,-50,-2,18,-30,-94,-9,78,-8,-9,-31,37,30,-35,100,37,-50,71,18,24,50,-10,1,-71,82495
-15,19,68,-20,-48,-8,-4,41,40,4,-62,84,54,6,75,13,4,-58,-66,31,25,17,24,-45,15,-40,4,-51,2,-69,-11,30,45,-21,75,10,-3,-11,68,-29,-73,67,70,69,-34,63,-67,-16,47,-62,0,78,28,-68,-70,-43,-39,-10,31,3,0,-100,-24,94,61,21,-52,-6,68,-40,18,-3,79,41,50,-56,-66,58,4,-34,11,22,25,73,-3,12,62,-63,17,38,-45,26,-1,13,-46,-7,9,-63,42,54,7,-71,25,17,14,47,-74,-35,58,-51,-58,45,-9,-15,-2,-17,-52,-10,-87,-21,-65,68,-100,31,-100,21,9,-18,72,30,-100,32,-17,-13,-12,21,-33,-100,5,-21,-55,33,11,20,72,-45,36,4,-100,98,18,0,-6,-18,-21,11,-74,54,-7,14,3,29,25,23,38,0,23,51,58,-23,-42,52,2,-33,76,-10,-69,63,-39,57,-4,-3,100,69,82500
56,32,79,-7,8,-9,-100,-9,13,48,26,85,73,-1,-17,10,-23,-72,66,38,-26,72,76,21,48,8,36,-20,-11,-23,24,21,49,-47,8,58,-15,44,45,27,-17,62,37,74,14,-52,67,12,100,-25,50,100,16,-57,58,-52,31,-8,39,-11,42,1,29,51,-31,82,-20,10,-46,13,75,37,62,3,-77,69,-71,-8,42,7,-14,58,-27,-16,71,-7,68,31,41,0,17,-44,-3,60,-5,62,16,-80,-67,52,29,63,-91,21,15,60,33,52,98,-5,-34,30,-18,3,33,-16,4,5,47,-36,-65,100,-75,12,53,-27,12,-6,80,-81,16,60,35,79,30,51,-19,-68,25,72,13,17,14,-80,80,-74,55,50,49,79,-22,-1,43,50,-100,58,-83,34,-15,0,-11,-90,-36,46,33,8,-24,99,40,3,15,95,28,-23,82,5,20,61,-26,72,30,0,49,-8,82508
-2,33,51,-3,-10,2,33,41,24,58,-54,58,70,-38,-34,31,23,6,2,5,-17,68,68,42,37,-44,38,-24,-3,-67,-48,34,44,-7,67,14,37,18,36,37,-68,82,41,92,30,81,-10,14,64,-51,17,18,22,-35,13,27,-30,0,28,3,7,-2,-44,78,10,54,-22,14,97,44,65,-7,86,35,51,-51,2,8,39,-18,14,58,17,-29,-38,1,37,-29,26,19,-11,30,-24,56,45,-29,-32,35,45,31,36,-63,49,41,-20,26,-21,-60,74,43,-54,87,-44,21,43,-22,-49,23,19,41,-30,14,-16,25,61,17,52,-1,76,15,-12,7,-45,62,31,45,6,-15,27,67,-8,32,31,13,75,-70,87,57,48,66,24,-19,17,25,41,19,35,79,42,49,11,52,29,40,12,-15,-15,66,93,23,-92,71,25,10,92,23,-26,71,13,36,-2,3,83,64,82511
14,23,44,-14,13,-15,-7,0,-3,-20,35,27,6,-7,-14,23,9,-44,-97,-23,25,26,26,33,16,-49,5,-17,-16,-29,-32,34,1,37,-71,1,7,67,2,10,-52,4,4,88,12,19,-92,21,69,-16,-27,69,29,-88,8,-21,23,-15,32,-13,-30,29,25,-4,7,64,-17,22,28,36,23,19,-2,0,0,0,-46,12,11,14,-6,64,2,-13,22,-2,33,15,28,-4,25,7,-12,22,15,29,-9,-4,-5,47,-82,-11,-40,-78,-13,48,-26,18,24,10,1,28,6,-11,5,-15,-48,28,15,-10,-86,70,20,60,-38,-53,36,-15,60,-62,29,19,21,54,-20,23,-15,20,18,49,23,67,24,-65,60,-68,-26,-19,-47,50,-52,-77,19,65,-12,4,-6,25,8,30,-20,-37,7,17,-20,-80,25,68,7,-11,-46,22,19,-11,91,29,-26,15,24,34,20,-21,5,-73,82512
38,65,0,-8,-41,-6,-6,-20,-10,-26,63,61,61,-43,-10,28,-8,-51,-81,2,-25,43,45,31,49,-62,-8,-26,-49,-47,-68,30,-32,21,-26,56,-40,58,12,33,-81,-3,0,48,33,21,-66,53,99,-40,-12,61,24,-92,-9,-66,-6,-4,-19,-7,-19,71,-5,61,-14,70,-25,52,25,19,52,63,1,-8,-19,85,-39,-13,75,-55,-7,55,-20,-22,78,-3,48,-17,-12,1,-10,-4,-36,29,-25,79,-38,-30,-17,50,0,83,-82,20,6,52,-34,85,76,-28,58,50,-12,-33,3,-48,-34,20,11,-48,-93,70,-13,-3,-2,-25,37,-10,77,16,81,62,-7,64,-16,0,-21,-28,2,68,0,-7,23,-8,75,-39,73,-26,4,59,-32,-64,6,41,-2,56,-30,50,-40,29,-23,-72,10,45,-5,-62,-22,89,93,-28,6,79,0,-18,46,21,-48,78,19,50,55,-17,46,-29,82513
4,-54,45,-22,11,-23,-41,27,5,-15,30,62,51,-32,24,6,5,-40,-24,24,5,31,31,1,13,30,5,-18,-44,-43,-17,9,-18,30,-3,24,39,16,13,0,-79,5,12,68,-17,45,-42,11,74,-37,7,62,5,-88,-8,-20,-16,-21,18,-9,2,-7,-11,62,1,31,-15,8,49,3,27,7,5,21,-37,36,-43,-4,-63,0,-1,-1,2,27,27,-13,32,-12,20,5,0,13,-3,23,6,32,-21,-28,-43,43,-61,30,-39,-59,-8,47,41,13,29,8,84,46,18,-26,10,-5,23,42,13,-20,-89,56,37,18,-7,-13,16,-21,48,-4,-1,5,-15,2,0,30,-6,35,-4,6,4,19,9,9,48,-48,-42,-16,-18,68,-20,-38,12,21,-35,27,-30,36,43,15,-10,-34,15,11,23,-33,10,72,-48,-23,-28,29,-4,0,69,43,35,55,-21,33,7,-6,46,-10,82514
22,1,5,-27,-32,-19,-70,-37,32,-21,-47,71,41,-14,-57,19,13,-78,63,43,-27,100,94,23,28,48,-28,-25,-35,-62,-68,8,-38,22,79,52,-35,7,-10,-5,-44,8,-12,66,0,35,60,18,46,-64,63,48,-1,-94,-47,40,-30,-19,16,-18,55,-30,-36,-5,-25,91,-22,11,39,25,100,-52,15,-38,-55,-32,-74,-33,-1,-37,-17,72,6,-55,-40,-24,71,-42,21,16,-14,9,0,89,35,-27,-12,-78,-58,73,-73,-51,-67,-50,-13,75,43,70,52,30,-67,60,-2,-14,-31,-15,44,13,-54,54,-90,55,37,-16,20,19,1,-27,62,-100,-20,39,-37,35,49,55,-47,25,-10,41,-14,-5,28,-100,61,-28,93,-22,21,87,24,7,-7,9,-57,51,-74,57,-33,-7,-57,-66,11,23,45,6,-24,40,100,-6,31,41,-9,-43,68,12,44,39,-31,76,-55,-57,2,68,82515
6,13,27,-30,-29,0,-100,-22,15,26,-73,95,34,-28,29,10,-2,-7,-28,3,-30,64,71,36,49,2,0,-25,-64,-80,-35,19,-63,-33,4,52,-44,27,-12,-3,-37,-37,-4,75,-6,43,-19,47,64,-78,2,79,19,-79,-16,3,-19,1,20,14,7,-18,-20,32,11,52,-22,47,46,39,69,10,-33,-27,-20,-70,-8,26,0,-29,33,39,4,33,-15,35,60,-24,12,22,-9,-41,-31,71,26,-24,-35,-37,-25,20,-54,-100,-29,-50,46,29,-1,61,78,31,-38,20,17,-48,9,-22,6,11,11,0,-81,81,-54,28,50,-16,0,-30,54,-7,-10,22,-17,38,11,7,-9,-45,7,39,-13,35,12,-22,52,-45,82,26,48,93,-29,6,21,28,-100,52,-41,21,-44,-16,-3,-35,-46,52,7,8,-28,73,81,-48,-20,76,6,-25,76,11,4,27,-8,61,15,-9,34,10,82519
-55,-45,27,-13,-12,13,1,-11,-64,-3,83,1,11,-43,64,10,23,-38,-100,-30,-43,29,16,10,-2,-17,4,21,-85,-23,-14,61,-53,-13,17,-24,-53,39,-53,9,-100,-38,-56,44,-5,11,-100,31,-13,-22,-25,33,56,-100,-13,45,-49,10,43,-18,-27,-11,-80,100,48,5,22,34,30,14,18,-31,-23,-7,3,74,-41,38,-56,-12,-11,-14,7,73,13,-4,36,-71,43,-59,-62,-18,-7,23,38,7,-22,-1,0,66,-70,68,-2,-73,-10,72,-100,-48,-8,37,-56,29,25,-58,17,-25,-22,-16,0,48,-100,34,32,24,-100,-60,-1,-14,17,32,-9,28,-83,-1,-27,-9,9,35,-2,-2,-55,31,6,31,20,-46,26,-3,-100,18,-59,-72,9,43,0,-25,-4,32,-56,-2,-56,-4,-17,-1,-32,-68,-44,-17,39,-53,-84,-8,-1,14,46,-17,-100,13,-13,39,-37,-49,100,17,82663
34,64,26,-8,4,-48,-84,-42,24,-16,30,55,84,-39,-5,-1,11,-16,-5,9,13,75,31,-13,26,-33,-19,-35,-27,38,-3,19,-23,-47,39,29,7,57,-20,27,11,87,-8,5,26,28,5,43,40,28,72,98,27,-70,-11,16,72,-47,9,16,79,-72,19,-28,-60,-47,-31,40,9,-18,32,7,100,-64,-35,6,-9,-57,42,0,31,-40,6,-9,25,27,74,72,-2,9,-17,-22,-27,86,0,13,-27,-51,-27,11,32,-2,-41,20,-10,13,-16,29,51,8,38,58,26,0,-16,-34,-32,30,-3,7,-73,79,-64,26,-18,-52,31,-8,61,-36,-76,-7,28,43,14,47,20,-73,10,44,-36,35,3,-58,61,-55,2,-16,-21,67,-37,-50,19,64,-94,25,-64,58,7,28,13,-42,-29,32,16,-38,14,50,8,-10,5,47,10,17,10,30,-10,70,-18,69,11,-1,-27,32,82665
18,50,79,-20,-41,-13,-52,-19,-76,9,-15,74,13,-67,13,57,-49,-32,-91,-33,-22,62,43,-28,39,-12,24,8,-43,-20,10,38,26,77,-18,12,-74,32,-32,17,-100,-6,-23,100,15,65,-87,48,52,-22,-34,65,33,-100,-60,33,-71,-15,25,-15,-34,38,29,33,-7,47,7,47,68,-30,45,4,-6,-20,21,14,-33,-15,47,-41,-7,49,-44,13,-20,2,58,-71,21,-80,-47,58,-38,60,31,-19,-70,28,20,19,-94,11,-15,-96,9,21,12,43,37,29,-52,-22,21,-17,18,-42,-17,7,-45,35,-100,58,-33,25,-48,-41,20,-22,61,-82,36,65,26,57,1,21,7,-29,19,55,-39,24,54,-84,60,-44,13,9,-44,83,-43,-77,28,40,-52,17,27,-25,-72,15,-38,-12,52,42,-25,-71,-21,55,18,-14,-49,43,21,8,100,7,15,20,35,56,9,-31,36,-10,82667
11,27,61,-20,12,0,-65,8,33,11,38,88,55,-24,11,18,1,25,-23,16,-20,42,63,52,45,55,3,1,-46,2,-8,17,-8,21,-5,22,1,50,10,20,-76,8,27,88,15,46,-14,35,55,1,13,50,17,-96,31,39,0,2,17,25,21,-4,13,75,-17,20,3,34,45,52,58,0,18,-11,0,70,24,-1,15,6,27,9,10,9,-2,32,60,3,6,38,-3,18,-14,60,41,1,-26,15,-4,51,-7,61,0,-14,10,57,-15,17,86,49,1,24,14,-24,9,-12,65,20,44,43,-98,43,-3,17,0,-35,4,-20,62,-15,2,30,17,73,26,33,12,4,15,67,-9,21,23,-32,60,-57,17,12,-2,82,-37,-68,16,51,-71,27,11,18,3,0,0,-4,4,49,31,-65,-19,69,20,-31,2,84,16,12,92,20,-7,52,-1,58,14,0,55,3,82674
18,-40,8,-27,-4,-8,-65,-37,38,22,34,75,34,-25,70,0,10,3,-9,6,-20,73,74,50,20,18,13,-26,-48,-16,14,25,-3,-17,-38,24,32,24,-6,17,-3,6,5,62,15,8,0,23,63,-25,38,78,18,-65,-55,-44,-17,-7,33,1,35,-43,10,40,17,60,-25,20,14,55,67,-3,7,-53,11,83,-3,32,-51,-1,8,51,24,69,-17,7,17,-20,26,29,26,-21,-19,75,23,-12,-21,-3,5,2,-7,63,-35,-9,-10,11,6,-5,100,30,-69,30,-3,5,14,-18,20,17,-66,-37,-64,68,-65,-10,70,-25,26,-26,44,4,-32,19,20,66,21,35,-49,-57,20,63,24,-4,0,-7,43,-44,32,22,61,77,-18,10,26,14,-67,30,-6,40,27,11,-10,-37,-31,22,17,13,-20,72,47,6,-27,100,20,-45,66,17,11,22,-2,17,4,-6,57,-39,82675
0,13,37,-20,-8,0,-27,-1,9,18,40,25,53,-32,72,7,8,-26,-73,-3,-22,52,69,36,22,-16,-7,-8,-47,-99,-36,29,-14,3,-14,26,17,20,5,5,-72,-37,17,70,-7,36,-62,21,52,-79,-3,51,28,-82,-11,-25,-29,1,16,22,-1,-75,-28,71,31,59,-9,26,35,36,70,11,-32,-15,58,3,-27,39,0,-9,42,69,4,84,-10,33,21,-40,9,1,18,22,-19,56,16,-7,-28,-15,59,2,-79,-12,-38,-82,17,8,-48,-14,100,16,19,75,7,-27,12,-11,-6,14,-8,-18,-86,41,-85,-5,35,-24,14,-19,12,0,-58,0,-32,34,-13,3,-29,-79,9,32,19,-7,6,-19,12,-42,53,18,43,39,-28,2,4,25,-29,29,-21,77,13,4,-19,-34,13,29,6,7,-21,61,56,-27,-64,100,7,-28,72,14,-49,61,-10,16,20,-21,78,-9,82676
33,71,43,1,-38,-4,-54,-13,27,2,-44,65,84,19,27,13,-6,-11,-51,-13,-41,83,58,-17,21,-29,4,-20,-77,-28,-30,41,41,-18,-6,39,-6,-1,-6,1,22,9,0,50,-7,28,-52,17,80,-24,32,77,30,-88,7,-57,-6,-5,15,-8,29,-6,39,46,-17,0,-17,17,32,-16,52,35,6,-14,-7,-41,-18,-7,64,-47,-6,-20,0,24,-9,-6,27,-8,11,19,15,-22,-5,73,37,-4,21,-49,-14,46,-36,-66,-29,-33,-1,54,-50,6,93,40,29,-6,16,-28,8,-5,-29,23,6,-39,-88,83,-64,20,-25,21,64,1,86,30,2,0,42,28,13,52,-34,-67,38,24,17,22,17,26,86,-61,6,2,-27,63,21,-58,50,-3,-52,44,-52,-2,-6,58,30,-29,-28,25,-5,-58,-34,82,4,-24,-75,89,39,-32,55,23,-45,78,31,27,39,34,41,-7,82677
-14,15,64,-22,0,-1,78,-15,29,92,41,54,62,39,20,21,-70,-2,31,29,-1,94,70,1,-29,-17,59,-52,-60,-30,-7,41,67,-41,43,26,-17,-13,-60,7,-29,26,-56,69,4,75,34,-5,5,-29,55,25,46,-73,-41,94,-1,3,60,16,61,-47,-30,100,-9,83,-48,-6,72,6,62,-32,27,-27,22,39,-7,-3,5,-4,32,70,-58,22,-46,32,17,-4,55,25,-10,-5,-29,100,18,-42,33,61,12,21,-15,22,10,-24,-23,34,-7,-25,72,25,-36,50,-22,39,61,-22,-11,-32,-34,100,-71,18,-89,24,-3,23,19,-20,89,-13,-40,35,-31,9,11,61,-33,-82,45,20,-12,23,24,-18,87,-28,93,93,-5,57,1,12,35,-22,83,25,61,50,-16,8,-54,4,-9,-25,31,6,3,12,90,35,-75,70,45,-39,67,-31,-2,62,-24,14,-29,-53,100,43,82696
23,-22,60,-30,10,-16,9,-19,-8,15,-52,52,63,-42,18,20,3,16,-4,-31,-4,39,74,36,8,-11,-1,-15,-49,-68,-11,30,38,42,-76,8,19,38,-44,2,-66,81,-27,91,-22,71,20,15,68,-66,-31,52,32,-66,17,66,-17,-13,47,14,-23,-20,14,82,-6,96,-8,13,76,45,63,14,87,-32,9,-49,2,20,-29,-1,24,72,-8,8,-5,34,8,-10,39,-6,8,51,-3,55,37,7,-31,55,0,5,-35,-76,-29,-51,-24,22,0,-31,100,52,-76,28,18,-26,10,0,16,4,17,84,-75,40,-100,20,44,42,33,-25,43,-22,10,56,18,21,-20,12,-45,-100,26,24,11,21,22,-55,45,-39,56,15,30,45,41,-19,41,35,6,11,50,19,21,20,3,-28,38,11,-14,-16,-5,77,60,-30,-42,100,26,-45,86,4,15,49,4,3,23,-4,56,-66,82703
15,-53,71,-8,32,-4,-49,-57,26,40,74,55,-12,-79,-19,18,-67,0,-94,-17,-4,53,47,48,0,-23,10,-6,-48,-48,-43,29,-25,0,-55,35,-31,60,-27,41,-8,20,-32,74,22,80,-90,12,33,-36,-19,32,31,-84,-49,59,-67,0,29,-21,-22,-22,34,27,-7,36,0,14,67,53,52,34,44,-44,-34,33,7,12,-45,3,-11,35,-65,-21,12,-16,20,-50,35,28,26,-22,-40,47,61,18,-68,3,-36,2,19,-38,-51,3,0,0,28,47,71,50,15,2,34,-16,23,-37,-40,1,-29,51,-85,52,-68,38,39,-13,-6,-7,42,-34,-20,3,26,35,-56,19,-62,-64,18,39,27,46,16,-45,45,-7,51,39,37,64,-8,-73,16,81,-38,33,8,-17,-23,1,18,-53,-19,0,-19,-74,3,30,38,-8,-24,58,18,-40,72,2,13,-4,30,23,27,49,14,-52,82734
29,65,18,-3,-12,6,-28,-37,4,8,58,36,26,-16,68,11,-3,0,-27,-3,-28,61,57,19,39,-4,5,-25,-40,16,-35,32,-46,-20,-6,45,-29,74,4,28,-34,-4,5,36,22,34,-25,43,78,12,10,78,22,-79,-5,-11,25,6,0,-22,2,-35,-1,40,8,24,-27,40,42,17,57,54,-5,-37,1,36,1,13,62,-10,-15,28,-5,63,8,-16,55,19,-2,-8,-30,-21,-23,47,0,7,-15,-30,2,17,-52,39,-70,-45,23,15,-36,62,98,0,-22,71,-3,-22,6,-29,0,17,-10,2,-81,73,-43,7,13,-37,4,-4,69,16,-29,26,3,66,-1,4,15,-48,2,59,-25,8,13,16,69,-56,20,7,16,50,-26,-13,5,71,-31,50,-34,88,-36,-2,-10,-62,-19,40,0,-8,-27,75,35,-19,-15,96,2,15,41,17,-42,36,15,57,53,-4,51,-14,82744
-5,-41,78,-32,-15,-8,-12,38,-14,40,-100,-17,-11,22,71,11,-9,-42,-28,-13,-7,57,-3,6,29,39,25,-27,-15,-46,-3,28,17,-20,6,42,-22,52,58,6,-93,-38,54,94,11,45,-46,25,71,-56,25,84,21,-77,-20,21,-10,-6,-13,-1,20,-85,7,100,64,59,-27,27,28,13,-9,69,-17,42,0,-100,-53,71,-45,-23,0,31,-9,69,4,-5,0,-14,-10,-7,31,27,-23,43,-33,0,32,27,-6,-27,-89,-100,-13,-89,8,-24,-94,-36,79,-27,12,33,-8,-9,22,-31,28,19,-18,15,-70,83,-91,15,-18,-7,87,-31,55,-20,-85,-14,5,4,9,5,-64,-85,33,7,36,18,8,-20,54,-40,39,40,-23,-28,-6,14,-1,49,-11,43,28,18,-13,86,-1,-25,30,27,-14,7,-6,68,38,-6,-61,76,32,-66,95,19,-87,-28,14,1,69,-5,100,2,82746
21,-22,58,-9,-15,4,-8,-18,54,40,-73,76,76,-12,10,11,-4,1,46,15,-24,67,35,100,10,30,-37,-20,-19,-58,-8,15,-7,-3,39,31,-6,100,-8,-1,-26,-11,-5,76,-11,23,51,4,44,-58,25,55,8,-29,-34,-4,-42,3,26,-14,23,-63,11,28,-43,12,-20,1,25,96,40,-7,-10,-21,-63,-100,7,-46,-29,-8,-13,14,-6,7,-39,-13,42,-42,24,47,5,-10,3,62,22,-34,-12,-7,-58,29,-71,-100,14,-69,49,35,0,41,99,28,-69,32,0,7,-37,5,40,15,-15,13,-30,56,-75,18,-4,18,-38,-9,58,-70,-64,12,11,40,19,34,-15,-72,10,37,3,28,17,-79,58,-31,11,40,-3,80,25,39,17,96,-16,35,-13,32,-5,-46,-6,15,-11,11,19,47,-24,46,26,9,-2,96,11,-19,81,14,11,77,-24,44,-7,-3,46,34,82751
-2,-29,25,-14,5,-16,-26,0,4,19,58,64,83,2,79,12,-19,16,-20,15,-1,51,-27,100,23,-3,6,-19,-35,-16,-4,4,12,38,-67,14,-6,72,19,33,-81,-17,13,77,27,74,-7,17,79,-16,-12,54,4,-70,20,43,-37,-16,28,-4,-12,-20,3,86,-22,11,-16,16,81,100,-26,30,-19,1,13,63,20,-13,-14,4,3,0,-17,73,-4,10,18,-42,24,-4,9,48,-16,52,23,-3,6,47,11,-12,-39,45,-7,-43,33,-9,7,-24,100,20,14,43,16,-35,4,-20,2,5,10,50,-66,54,-99,28,20,-14,21,-12,36,44,-11,70,4,19,18,-7,-45,-94,3,24,11,29,17,44,38,-81,77,20,19,64,-20,0,30,67,-34,13,38,37,-1,11,12,-10,51,21,12,-11,-1,80,84,-36,-40,100,4,-36,79,3,13,78,-14,16,26,17,91,-66,82756
52,43,24,-7,-16,16,29,6,37,38,27,50,50,0,61,19,-26,8,23,17,-57,29,60,9,2,10,5,-9,28,0,-5,24,84,13,32,22,-9,26,0,-8,-64,-23,11,52,-13,27,28,-11,39,0,6,44,23,-64,57,-28,-3,17,44,13,6,-50,22,17,-21,49,-8,-16,28,6,60,12,-24,-12,-22,31,8,-17,33,-20,15,48,-7,57,40,9,54,-2,37,38,5,17,21,35,45,42,-10,5,-26,20,-46,21,-22,-44,32,25,1,51,88,44,-13,19,1,8,3,31,8,-34,63,-23,-69,29,-49,24,-11,27,-5,-6,22,-6,-48,-25,27,46,27,12,-38,-47,17,40,1,29,28,-9,22,-37,22,38,-12,48,36,13,52,25,26,25,0,14,-9,-9,10,-19,5,9,26,14,-54,46,22,3,11,88,18,-43,58,-35,11,52,-33,52,16,13,16,23,82771
33,1,61,-10,-11,-29,26,-7,0,51,-7,70,19,-23,39,14,-6,19,68,15,-45,76,79,9,-13,85,27,-16,-17,-25,-9,17,22,-12,30,55,-5,13,-26,2,-51,15,-23,76,-7,42,71,2,48,-21,39,72,16,-50,13,43,34,-28,44,5,39,-70,-1,10,-21,73,-9,-5,55,9,71,-3,19,-20,-36,59,13,-15,-4,-24,21,70,3,34,15,15,54,30,41,-18,-19,-22,10,77,46,38,-2,-6,-44,-10,-85,37,-22,-74,-4,-3,33,63,84,46,-75,35,-4,30,41,26,69,-23,3,68,-49,62,-80,29,20,1,16,-7,54,-100,-69,60,0,60,14,52,-10,-83,9,60,-20,36,25,-85,57,8,37,52,18,58,45,51,31,31,31,57,-12,22,-1,5,-24,-20,-25,-15,17,47,-46,52,42,29,8,83,10,-17,80,-23,57,18,-46,56,1,-24,32,24,82772
41,79,20,-10,13,0,-95,2,35,34,29,100,72,30,67,0,4,20,-14,18,-40,32,83,62,15,48,29,16,61,-64,-26,6,-4,-60,55,47,-45,-7,35,20,48,-25,33,33,29,-46,-8,-7,85,-49,-3,34,10,-48,76,-64,45,-1,31,13,0,-38,-25,24,74,69,18,-10,-43,58,84,-10,-17,6,-54,16,16,77,84,9,10,70,0,67,48,1,40,41,37,48,57,-38,43,38,48,52,24,-86,-56,24,-67,10,37,-74,36,30,83,23,52,45,-75,40,3,-2,27,46,60,-34,79,-55,-54,46,48,34,71,52,33,-9,-7,52,-34,48,-26,19,35,8,-64,49,14,6,52,31,2,43,-8,5,-5,35,73,95,31,95,68,-7,-94,41,-87,26,-37,36,9,37,-38,10,15,97,-39,82,-8,-7,-18,48,16,-66,37,-34,76,68,-27,48,-17,7,16,49,82782
-2,35,19,-21,7,-23,13,-9,45,-1,9,37,55,1,64,16,-6,-29,35,14,-32,37,5,67,25,-6,28,-34,-13,32,-7,11,16,-7,-9,13,19,51,21,32,-78,-25,26,33,30,57,43,0,52,24,-15,47,7,-80,2,-86,-19,-23,44,1,-23,-56,3,67,13,7,-33,3,79,73,8,9,-20,-7,-73,52,-25,2,31,15,-1,-4,-9,66,32,6,58,-28,26,46,-24,23,-18,34,15,36,-18,-20,-77,1,-93,85,20,-100,-40,3,32,-11,62,18,-22,26,6,-52,9,-16,-19,10,-11,-84,-80,36,-14,37,-70,46,-19,-21,64,-44,-56,3,1,-17,56,24,-11,-22,2,-28,-20,43,10,-63,65,-30,52,-2,-78,46,24,4,34,52,-9,21,-10,37,13,-11,-23,28,11,31,29,12,-31,61,57,-52,22,63,0,-3,37,10,38,63,-7,58,25,-32,67,1,82788
17,-50,40,-15,-31,-1,61,-12,33,9,-21,44,82,-15,16,20,-20,-60,12,16,9,70,41,23,-12,-34,-8,-13,-30,-27,4,15,21,25,35,25,38,14,-52,-2,-100,19,-50,68,0,75,26,24,40,-29,58,44,17,-48,-7,23,-34,-1,18,0,61,-70,-42,43,-40,68,-14,28,66,34,39,-5,23,-8,-8,37,-65,-24,-37,-31,10,72,-32,22,9,14,57,-21,12,25,-41,18,9,68,37,6,-19,-27,-13,-17,-30,11,18,-8,-1,-7,-20,7,47,37,10,42,9,16,-11,12,-38,13,-20,16,-55,40,-72,21,-11,69,25,-16,73,-93,-50,38,-43,54,25,18,22,-58,-5,51,-42,18,12,-95,71,-39,90,10,-12,63,61,8,13,21,52,21,-32,40,36,5,-39,19,19,-9,13,3,9,43,100,14,-30,47,-6,15,69,13,-21,88,-44,52,-7,-42,38,39,82815
-3,41,95,-15,-29,-5,-52,11,26,47,-12,89,88,-3,20,24,-12,-64,-98,-10,0,73,30,69,9,-50,41,-40,-32,0,12,33,16,-12,27,19,-51,18,-24,-2,-50,0,-21,98,-10,-18,-84,3,47,7,24,18,23,-92,-16,-26,30,-3,41,-7,17,-30,-62,100,24,87,-44,5,-1,70,28,-23,5,6,-1,-15,-72,20,30,-33,7,62,6,10,36,2,51,40,36,22,0,-52,-17,60,40,41,-3,-48,-17,64,-54,-23,14,-69,41,75,-82,23,100,35,-75,96,0,-23,33,-15,-45,6,-23,-16,-95,8,-25,52,-36,-50,-8,-15,61,-34,-23,0,-55,26,35,17,8,-14,19,16,3,56,27,-47,63,-89,36,47,-24,85,-54,-15,17,21,-58,27,-56,99,-54,-10,-24,18,-56,10,0,-7,1,48,40,-19,-64,98,20,22,100,5,-80,85,-48,54,-20,-25,100,21,82834
-1,33,48,-22,-7,-11,-41,0,-8,74,58,46,34,-6,-27,26,30,-15,-83,6,-23,60,54,47,37,-84,5,-7,-3,-23,-27,37,67,11,29,13,14,-33,33,-36,-76,14,37,83,-44,32,-76,29,50,-15,28,73,28,-83,-17,37,11,-12,20,1,27,25,-43,100,13,47,-10,35,31,58,49,-4,22,-1,38,68,-30,33,30,-13,18,38,15,-22,-16,10,30,36,12,-14,10,7,-13,54,-6,-16,-6,-1,30,66,77,52,-25,55,-19,69,-100,-30,61,2,-13,38,-23,1,7,-19,-79,-5,6,39,-81,63,-31,-5,-26,-20,17,-23,25,8,34,-4,-46,70,6,23,-29,-24,32,67,5,-2,26,2,26,15,100,74,-26,61,-26,3,2,-35,-50,21,-5,26,20,11,-15,-25,7,43,12,-2,-22,54,94,-1,-69,55,31,-9,87,-4,-95,34,20,30,0,-23,100,29,82853
20,-40,-3,-57,-34,-17,29,14,-1,6,48,30,36,-77,-6,23,-22,20,-11,-15,29,15,50,42,7,9,40,-78,-43,-23,-37,46,55,23,-88,21,-25,30,-9,2,-88,-19,-8,71,9,27,-6,24,78,-23,-45,55,42,-55,-2,-54,36,-17,18,-4,-47,-2,9,9,-22,30,-79,22,40,45,47,71,-21,14,-10,82,14,-21,-40,-29,-2,20,-30,-7,25,-4,0,25,18,-12,6,11,-78,14,40,24,-80,38,-18,3,-37,81,-19,-35,7,7,0,34,25,40,-29,21,-12,-14,34,-77,6,1,7,-45,-56,58,-54,34,40,-19,-5,-58,78,-29,3,-3,9,45,-21,-1,-9,-52,18,41,9,39,24,-29,79,-44,38,6,41,30,-12,-17,60,25,25,22,37,27,-26,-7,-25,-17,11,8,-15,-13,29,78,35,-11,-34,22,18,-13,73,1,-4,32,21,2,71,-20,8,-85,82861
19,50,32,-21,-12,-15,36,-11,-28,33,-75,41,40,-24,17,31,-9,-43,-83,-30,-12,40,58,0,14,-55,-6,0,-87,-75,9,42,51,50,-35,13,-55,36,-66,-17,-100,-72,-42,92,-18,66,-46,35,42,-75,-20,38,32,-100,5,22,5,-13,21,16,-18,35,29,17,30,46,0,42,57,0,54,16,-70,-27,35,-72,-47,51,33,-7,36,12,1,19,17,40,32,7,8,-28,-15,29,-34,45,0,7,-25,69,21,0,-79,-81,-71,-93,-13,8,-38,35,87,10,-82,27,54,-18,-4,-42,-34,27,17,24,-100,23,-93,-9,-25,-39,35,-21,79,-42,44,48,38,60,-1,0,-1,-84,18,53,-19,-6,30,-54,78,-38,51,34,-20,23,-39,-97,24,31,29,27,61,31,-54,20,-10,-70,10,21,-8,-87,-13,56,12,-20,-28,93,18,-13,97,29,-25,24,-11,30,31,-14,-12,-29,82893
7,41,64,-22,-58,-16,68,89,49,83,88,88,86,-62,39,24,3,-28,-53,-6,-17,23,35,54,13,-30,-14,-34,10,-28,-40,47,29,25,10,11,-45,-8,28,-35,-83,-49,26,93,-37,65,-44,3,77,-22,-35,69,35,-52,2,85,7,-18,29,-15,-48,-63,-48,40,29,84,-39,4,61,58,43,11,-59,89,58,45,-23,35,10,-54,-6,67,0,38,-17,-12,24,-2,23,39,22,44,-1,3,-5,-29,-37,-28,49,32,-76,61,-4,-64,31,31,-51,-22,92,-28,-31,23,-40,-11,-39,-8,-27,40,6,80,-49,60,-87,37,21,58,-4,-23,56,-3,-75,43,-49,-3,-39,26,18,-92,10,-10,24,36,24,5,56,-66,90,83,17,99,66,26,5,-12,65,17,-32,16,-41,-14,13,1,47,16,-3,28,-15,70,85,-9,-55,89,8,11,98,41,-50,71,-20,22,9,4,61,-8,82904
4,-22,67,-23,2,-18,-13,-44,10,-32,-45,52,99,-40,-34,28,-9,-52,-81,-27,-3,31,8,78,19,-54,-13,10,-46,-25,10,43,1,63,-72,5,21,58,-23,3,-84,30,-22,92,-7,32,-71,45,58,-31,-43,66,38,-90,27,51,34,-18,30,-21,-45,-22,-14,12,-64,29,10,42,47,83,7,17,33,-45,-31,-11,-54,-56,-25,3,-8,18,-16,-35,18,3,9,18,28,4,29,28,-34,25,57,18,-36,60,-38,-18,-5,-24,-7,-7,-58,-12,6,41,8,58,-42,58,31,-48,-12,-35,-66,21,37,64,-95,58,-61,33,36,-37,21,-24,54,-32,-19,33,-13,21,-38,-7,-5,-48,20,11,26,38,25,-48,55,-45,60,-32,32,70,-38,-67,19,55,-30,9,50,56,21,13,0,-9,29,19,-27,-61,-2,56,60,-51,-33,10,20,-11,97,21,2,97,26,11,17,-5,7,-76,82906
16,-2,4,-39,35,-17,-64,-50,-7,-14,6,27,-18,-90,26,10,-3,73,-12,10,-5,83,81,97,34,90,28,-45,-20,-31,-33,19,-20,26,-29,15,0,68,-29,22,-64,47,-37,51,-15,48,-18,40,64,-29,54,13,5,-86,-55,-25,-27,-14,17,-2,37,-70,-11,38,21,10,-29,20,80,89,84,19,52,-61,-22,40,67,41,-1,6,-10,19,-18,42,-20,-23,31,-22,29,-9,11,41,-52,70,2,-18,-68,34,-29,-29,-69,-6,-39,-98,-31,-11,-4,19,100,-12,16,54,-15,-49,46,-44,100,21,-40,3,-69,43,-80,21,77,-23,63,-33,62,-50,-54,43,-33,61,44,47,-52,-76,12,72,28,33,21,-61,60,-62,55,-15,93,37,-28,39,52,58,-26,14,63,17,17,69,-26,-60,45,20,14,37,-1,54,52,-24,-28,96,12,-66,43,21,-7,-10,5,46,10,-45,64,-46,82907
31,61,77,-24,-8,-14,-3,-45,-3,4,-56,55,-13,-44,25,39,-36,-84,-17,-32,9,59,-11,-3,17,-3,20,-17,-59,-62,-13,45,31,33,-56,23,-65,65,-32,44,-29,-24,-29,97,32,53,-7,43,79,-61,0,59,38,-100,-1,14,2,-13,35,-11,-3,21,40,17,-30,48,-13,42,56,-7,-9,29,-30,-46,-55,-51,-83,-8,53,-16,3,40,-35,19,65,10,24,-10,31,-12,-3,22,-30,53,-1,58,-39,74,-60,3,-59,-61,-100,-67,-1,10,-50,27,8,0,-73,6,11,0,23,-31,-3,42,10,23,-100,56,-79,45,-89,-50,15,-24,93,-87,43,67,42,65,-24,42,7,-78,30,62,-3,45,39,-84,92,-60,-27,6,-84,73,-44,-83,29,63,-9,28,69,1,-64,14,29,-99,21,19,-31,-76,11,80,-12,-2,-46,13,29,0,100,43,-53,-6,39,23,31,22,13,-59,82954
0,-2,100,-21,7,-15,-50,25,29,-1,40,72,58,-13,11,8,3,44,-68,-13,-7,56,78,47,40,0,10,-36,-77,-38,35,43,20,-35,-8,27,26,24,0,26,-57,34,4,91,20,-16,-47,39,76,-18,6,81,32,-88,0,-70,36,-11,8,10,3,52,-52,40,12,48,-30,41,-21,50,74,17,26,19,-8,64,41,25,14,-2,11,37,8,20,-15,15,45,20,5,19,-9,-34,-30,50,11,-6,-17,-48,-17,60,-33,-22,-21,-38,12,63,-77,-32,61,17,-10,43,0,-29,15,-6,9,-8,14,-54,-86,85,28,15,52,-41,58,-21,69,55,58,-13,-52,50,-5,16,-12,30,25,52,-8,23,7,30,67,-70,56,-1,50,86,-54,-46,15,13,-50,34,-50,34,27,58,-16,-23,-36,43,-5,-51,-5,80,57,-23,-80,63,24,-11,92,-6,-81,63,-13,47,22,-16,32,-2,82968
32,30,-28,-6,-7,-4,-98,-20,26,36,69,99,43,23,-13,10,-20,-20,-100,-7,-32,29,78,7,24,-100,14,-15,-13,16,-88,38,-10,17,-32,16,-61,56,-1,9,7,9,6,54,1,2,-90,10,74,20,-8,64,29,-65,13,-97,-73,-2,30,-5,-19,25,-14,72,2,-3,-15,11,3,14,69,17,12,-26,21,81,-25,11,28,-14,-11,-16,-5,-31,62,-4,-1,-50,18,11,29,-1,1,26,6,50,23,14,8,13,25,45,-48,17,48,20,-11,13,86,-3,44,42,-43,-69,19,6,-100,-29,10,-83,-55,63,-79,22,31,5,39,-5,47,47,41,16,-17,-16,-27,20,-72,-84,19,-14,39,28,14,7,46,-15,82,37,18,89,-1,-32,20,38,-97,24,17,48,-64,16,6,-46,-5,26,10,-40,-31,86,96,-67,-23,74,19,-55,53,-30,-8,40,12,-2,27,2,78,-25,82992
9,-22,90,-17,19,5,17,-4,3,-38,-67,18,40,-8,49,5,26,15,60,-16,-6,40,38,42,11,64,6,-27,-57,-73,62,40,52,-8,-93,9,24,52,-13,-23,-96,15,-5,91,-33,97,73,32,89,-66,-35,55,33,-75,10,66,39,7,28,0,-37,-75,52,19,-25,98,-26,31,97,41,32,48,5,-8,-19,-57,7,-14,-23,11,-1,84,29,45,10,-3,17,23,26,0,32,0,-16,41,35,10,-4,38,-30,-17,-76,-82,-29,-82,-6,-7,15,-17,94,32,-81,70,38,-15,15,-11,66,36,-6,75,-78,57,-100,19,6,30,68,-15,79,-76,-68,27,52,76,4,5,-58,-95,27,72,37,19,10,-84,78,-49,18,-38,9,8,19,-23,49,35,17,14,41,72,22,55,-2,-30,-5,15,-8,-21,-1,88,17,-12,-33,93,29,-62,95,36,19,35,-14,17,49,-1,10,-95,82995
33,-46,39,-29,-10,9,-62,2,62,53,0,84,77,-10,-13,27,-2,-11,-15,2,32,37,56,68,8,-20,-32,-42,2,-60,-25,16,-23,12,28,15,-30,18,-19,-10,0,-13,-4,68,-20,40,27,-5,37,-69,2,2,17,-58,6,-26,-56,9,43,-5,9,-14,-5,67,-66,42,-40,-5,7,52,65,-5,-7,-13,-54,46,10,-44,-48,-6,-4,68,-4,-18,-10,-1,26,-63,34,53,0,7,-33,49,5,-17,-8,45,-50,47,15,26,-19,-10,1,55,24,33,90,6,-54,-17,1,-5,-17,-37,33,16,2,-29,-72,-6,21,36,23,-12,-15,-29,90,-53,11,12,2,38,6,12,-3,10,11,28,-2,37,29,-72,90,-41,33,53,31,79,-8,-18,28,25,-71,20,39,-2,-38,-25,2,-12,-1,12,14,-2,29,46,40,-11,4,83,11,-4,72,16,33,62,-12,27,3,0,36,34,82998
-18,41,42,-18,16,0,45,55,15,3,25,66,59,-40,11,2,-35,54,-25,-12,-37,9,92,80,0,79,13,6,-37,-3,7,55,-8,7,-72,2,34,36,-3,11,-100,-32,-5,96,-8,66,-12,26,83,16,-52,48,43,-100,57,3,60,2,6,0,-61,61,-18,24,15,84,11,23,70,88,81,14,-41,54,30,44,38,29,40,0,0,49,-27,8,-11,2,3,52,10,19,25,-18,5,-3,23,-2,-25,-10,10,94,-13,22,-21,-29,0,100,-1,-17,89,21,25,15,-14,-34,23,22,76,6,68,23,-100,58,-8,6,32,15,65,-15,19,-90,71,18,-28,10,-52,0,-30,-4,16,16,27,12,4,-100,18,9,63,3,30,62,0,-28,2,33,51,5,-5,-6,44,68,6,-19,-18,0,-11,-33,-35,82,40,-26,-61,79,15,-25,96,7,-4,56,-4,7,13,0,2,-75,83000
10,18,8,0,-13,-17,-62,-20,-23,-20,-37,-20,48,-17,62,6,-3,24,25,3,1,62,52,71,39,-29,13,-34,-44,-84,-19,24,-60,-39,3,26,25,100,-1,6,-18,1,15,3,4,52,26,17,51,-83,30,4,15,-64,-14,-51,74,-13,18,30,29,-44,15,16,24,41,-29,24,40,76,51,61,8,-34,-43,-35,20,31,38,-1,40,14,3,72,20,21,43,56,12,-16,-7,-7,-16,63,-34,20,-23,-33,-55,1,-42,-20,-60,-65,3,8,-55,28,86,-28,-18,28,28,-33,-5,-11,-24,17,-24,-48,-61,5,-58,-21,45,34,58,0,51,-5,-39,-35,21,45,48,0,10,-42,19,51,0,-24,7,-34,52,-50,40,-21,52,-36,-1,9,31,99,-50,37,-30,33,24,49,-39,-77,-18,44,20,5,-2,64,9,-25,-32,90,17,1,0,18,-42,25,5,43,74,-33,-21,5,83003
-26,-20,34,-43,-9,-32,-48,32,-22,26,-45,33,16,-29,-1,20,33,-54,-3,-10,43,63,46,63,38,-23,16,-57,-56,-82,-66,17,-41,27,20,25,-29,10,20,-19,-68,-48,23,79,-37,77,-4,24,56,-77,-11,40,10,-68,-2,74,12,-35,8,-7,-14,18,-83,92,13,22,-55,26,88,58,54,5,-42,27,0,-42,-49,5,1,-19,0,16,16,0,-9,-2,12,-15,4,-18,-2,27,-21,54,1,-4,-21,24,5,25,-58,-45,-9,-46,8,29,-100,0,31,10,-45,37,-5,-34,25,-30,-3,11,16,82,-71,33,-7,19,26,-2,39,-42,78,-8,15,6,-84,9,24,-19,23,-6,9,5,0,13,23,-16,77,-72,61,27,41,45,-9,8,24,11,-50,28,17,19,-27,36,-29,-12,26,42,-4,9,42,58,85,-32,-79,28,9,23,82,13,-100,18,-2,12,7,-19,82,18,83007
-27,-53,58,-46,-35,-22,11,55,1,32,-79,68,56,-5,-19,16,16,-18,46,14,8,33,53,47,24,17,19,-44,-68,83,-35,48,-18,1,1,10,23,23,36,-33,-19,43,40,83,-39,96,49,11,69,80,-4,70,43,-45,-33,90,-1,-22,17,-5,-5,3,-46,58,-14,30,-44,15,100,51,53,13,47,51,34,-65,-17,-25,-56,-37,2,30,19,-13,-29,6,16,8,9,2,-11,30,-55,29,10,-33,-4,24,29,24,-32,-55,8,-32,18,29,-54,-25,80,16,77,49,10,-34,25,-55,14,33,-25,96,-44,64,-92,35,15,-26,3,-46,86,-38,9,30,-45,23,-41,40,-51,-87,24,20,-7,39,15,-43,85,-60,39,32,9,67,-26,-11,7,17,5,16,18,44,23,-5,-15,7,30,27,20,-11,7,74,51,-36,-33,78,23,-57,86,34,-53,53,14,15,18,-18,56,3,83020
39,-44,51,-20,-8,-1,-10,-5,12,22,55,50,8,-38,7,30,-12,-4,-60,-7,-2,27,56,18,10,-5,-1,-25,-22,-59,-23,31,11,38,-44,26,-16,39,-17,-11,-45,31,-5,81,-8,55,-54,13,58,-56,-17,71,30,-94,15,42,-47,0,30,10,-16,-32,22,45,13,16,-25,12,57,16,60,10,37,-18,-12,67,0,17,-61,-2,33,1,-21,3,41,26,37,-63,20,-1,3,27,-28,32,25,31,-29,26,-10,13,-63,56,-58,-60,0,19,-44,74,74,26,0,53,2,-8,-4,-30,8,21,-6,59,-99,53,-60,42,-17,-24,29,-21,70,-66,-29,24,28,42,-45,20,-29,-65,12,42,4,40,34,-50,70,-47,34,23,-8,66,-22,-55,19,37,-11,30,21,55,-19,14,-10,-51,19,14,2,-49,-2,68,45,-10,13,68,14,-35,85,22,-35,12,5,36,18,-5,41,-43,83043
8,-11,33,-29,-42,15,67,49,0,50,43,85,46,47,-11,29,58,-15,9,29,-17,51,51,-16,17,-65,10,-47,8,-71,-79,53,0,-13,67,16,-83,-36,32,-6,2,40,34,76,-14,67,7,-3,69,-72,53,92,37,-78,-78,14,0,12,29,-18,40,43,-81,86,-35,17,-49,0,70,-11,55,17,35,51,42,53,-17,-40,3,-43,-3,1,71,-11,13,0,32,3,23,5,10,15,-24,30,-3,13,31,-4,39,63,-4,70,2,-3,69,62,-100,-16,59,5,-79,60,-65,6,7,-19,-72,3,-71,24,-77,86,-78,70,-5,23,-21,-29,52,0,43,30,-80,24,21,60,27,-76,37,15,17,69,25,3,53,-17,67,49,-8,96,11,-14,10,-55,57,24,-11,62,-89,-26,11,4,16,20,34,-13,-16,69,85,14,-49,59,37,23,82,4,-100,47,-12,34,20,11,97,61,83057
12,-20,42,-22,2,-3,-100,10,-17,21,79,88,-4,6,13,27,11,-55,50,41,-6,100,54,29,37,-20,35,-44,-67,-64,-69,13,32,5,87,52,-12,5,8,-6,45,-68,24,80,-8,42,50,19,65,-61,100,47,3,-50,-8,-60,-27,0,16,-9,100,35,-98,96,-46,69,-46,22,40,28,51,2,-57,0,9,70,-57,-51,-22,7,4,57,16,11,-4,6,57,-27,8,-16,-11,4,-38,90,-56,-14,-4,-48,0,50,-80,78,-5,-77,-10,58,-100,-31,69,-61,-8,89,-12,6,29,-39,-17,22,-9,-51,-45,37,16,68,16,25,25,-21,48,-18,44,3,-93,-3,66,57,-30,12,21,1,-5,71,28,-24,50,-89,48,22,13,88,28,8,29,-5,-100,61,-54,91,-16,17,8,-3,-3,43,52,9,-5,70,50,9,-80,67,22,-27,81,22,-100,-13,-24,51,11,6,100,81,83066
-37,29,73,-20,-15,13,56,42,9,42,-93,50,46,-7,-13,20,15,-18,-42,-9,-10,30,11,2,12,-34,28,-26,-61,-100,18,42,-34,-22,12,11,-33,15,19,30,-87,85,16,74,33,60,-64,19,58,-98,-12,32,35,-66,-13,48,4,9,11,-16,-17,12,-25,47,23,34,-29,24,68,-5,10,11,89,51,13,-93,-16,15,28,-15,-17,43,14,-18,-12,-6,20,-7,10,0,-17,2,-18,19,33,-10,-16,17,10,49,18,-100,38,16,-2,39,-65,-47,61,31,33,30,27,-30,28,-16,-39,8,-25,47,-64,39,-21,42,-65,-13,-1,-21,51,20,20,3,-26,12,-43,7,48,-36,20,7,-16,46,15,12,51,-54,0,42,-68,61,-14,-54,31,11,51,15,17,35,-34,-1,5,44,5,13,-7,-50,-11,55,-4,-24,-80,60,18,49,75,9,-67,53,1,21,10,-1,35,13,83067
30,38,15,-5,10,0,-16,-45,-12,17,80,6,79,-34,20,9,-9,12,-72,-20,-22,80,78,-6,13,-27,25,-12,-22,-17,-20,36,29,-4,-49,18,-37,66,-26,35,-60,49,-16,50,35,-19,-43,29,67,-12,20,77,25,-89,-19,7,16,-2,36,-6,11,21,41,53,23,28,-15,33,-8,-5,78,32,51,-58,43,18,13,37,19,14,2,36,-6,17,-6,3,36,11,21,-15,19,-7,0,70,0,-2,-33,14,38,15,-22,-1,-43,-12,-37,19,-83,34,81,0,-66,62,3,11,25,-2,-19,27,-10,24,-95,58,-38,16,32,-17,74,-5,48,-33,28,49,55,92,28,16,-24,-28,19,82,9,24,10,-31,50,-89,0,18,30,15,-1,-37,69,61,-25,29,0,82,-51,59,-17,-35,-13,21,-9,-31,-22,70,8,8,-30,90,20,-21,60,26,-70,85,1,30,39,-20,59,-61,83074
-4,-5,72,-23,8,-13,0,11,23,34,-67,74,46,22,-50,22,-10,-14,-23,-16,7,36,2,35,8,20,9,-17,-58,-75,2,42,50,42,-27,-12,-3,63,-12,15,-76,9,-9,88,25,49,-28,22,49,-63,-6,33,36,-66,-9,45,-5,-12,29,-12,-9,-9,0,24,-61,19,-17,19,46,39,-2,-14,9,5,-32,-100,-21,-61,-2,9,-4,7,6,-44,11,7,27,-10,28,23,-23,30,-11,31,22,19,12,53,-35,12,-48,-100,26,-46,8,24,-65,-11,-15,32,-67,7,0,-10,8,-17,12,31,-3,46,-68,30,-31,62,-10,-28,27,-25,41,-65,-1,-4,-1,45,-20,29,-18,-22,17,50,-17,64,23,-70,40,-54,49,35,-13,71,-27,-33,28,59,6,-8,54,7,-3,21,16,22,28,10,-13,-30,6,53,40,-5,-29,-16,18,2,87,32,-64,40,2,27,-9,17,11,-24,83084
19,-17,35,-13,-19,9,-46,-26,26,2,-77,85,26,-28,0,34,2,-65,28,-2,-8,39,36,57,9,25,-7,-8,-31,-100,-6,35,25,55,-43,10,-10,72,-13,0,-68,2,-14,98,-2,80,16,21,52,-100,-12,48,31,-59,10,51,-20,10,36,-7,-16,-69,6,-17,-43,36,-6,19,85,68,32,0,-5,-26,-71,-63,-71,-34,-32,-17,2,15,4,0,-3,2,30,-30,35,30,24,27,-11,34,49,5,-13,52,-76,-35,-97,-91,10,-92,-11,-27,-30,21,91,51,-10,47,18,-26,-7,-14,6,38,22,66,-57,51,-68,52,26,-25,4,-13,79,-87,-70,44,4,49,-29,23,-35,-58,18,51,25,57,37,-90,80,-55,-16,2,12,81,-17,-1,24,74,-40,11,52,40,-7,4,-2,0,27,8,-4,-7,-5,51,11,-24,-22,82,18,-33,99,39,-25,10,6,30,-1,0,-7,-47,83090
35,31,88,-16,31,3,-9,-2,-26,-3,-71,5,94,-2,13,30,2,57,-100,-44,-13,55,90,76,29,-82,11,-21,-10,-71,-16,53,53,19,-33,15,-28,62,-31,30,-71,5,-8,95,19,51,-100,51,68,-73,0,73,38,-83,2,-10,9,5,24,9,-2,81,-25,31,21,40,-22,57,39,79,81,26,19,-23,42,-60,49,45,17,21,25,1,11,20,-24,25,33,9,8,-29,7,25,-32,54,4,-28,-12,13,33,65,65,-74,-6,53,-24,77,-100,32,26,12,-67,100,-22,0,13,-25,-64,29,3,6,-84,56,-25,36,71,-36,44,-16,66,91,98,23,-14,82,-12,27,19,-13,30,68,3,39,34,74,63,-51,51,-2,64,2,-46,-63,39,51,-27,28,0,100,-30,17,-8,-10,8,38,-19,-58,-12,82,45,0,-47,23,29,21,100,29,-91,89,30,35,43,-11,3,-29,83116
6,15,82,-18,-46,-38,-20,-30,-11,-3,-87,55,19,-61,9,12,-17,-5,-63,15,-48,42,67,45,28,-31,-52,-23,-44,-82,-19,33,16,8,-50,25,-32,68,-24,28,-87,68,-27,93,15,87,-63,23,60,-86,-19,10,31,-85,-19,-89,-43,-38,30,-13,-24,25,-74,95,25,76,-23,17,85,28,64,31,61,-39,16,-98,-5,22,19,-52,-3,79,-17,6,-86,-3,45,-41,32,-12,5,-20,-67,41,0,-77,-51,32,10,21,-29,-100,-52,-33,-7,22,-88,13,93,-8,-88,80,-18,-35,-54,-75,-32,49,-20,-89,-83,16,-91,10,45,-34,-36,-17,94,21,32,77,-73,74,-7,2,-17,-86,1,68,7,13,17,22,92,-83,44,-3,60,46,-41,-48,11,57,-12,28,30,77,-31,-38,-28,-58,-21,27,18,-37,-46,55,40,-34,-19,89,2,-19,96,49,-85,18,-33,43,29,-17,100,-60,83119
47,65,23,-6,-9,-6,-4,-22,21,23,-77,76,44,-34,20,20,11,-27,19,19,-30,68,65,-3,28,-8,0,-11,-1,-65,-31,18,9,2,13,43,13,14,6,3,-76,6,5,71,1,42,11,21,73,-67,28,60,10,-67,2,-38,-11,-5,28,-12,22,22,-33,43,-2,37,-9,16,44,-2,61,8,9,-25,-17,-65,-35,-3,65,-21,-14,21,12,22,-8,-16,46,-21,31,17,19,-7,2,58,2,-8,-25,15,-22,21,0,-75,-37,5,-5,30,16,48,90,9,-84,49,-4,10,8,1,-1,-11,-2,0,-66,63,-75,30,13,3,12,-5,69,-19,27,36,-34,70,30,34,-11,-72,13,71,23,31,24,-31,67,-7,59,24,14,83,8,13,18,13,-7,42,13,38,18,11,-18,-42,-5,27,19,20,-29,73,50,14,24,86,13,-12,76,-9,6,31,-21,48,6,-9,50,6,83120
11,6,49,-33,-8,-2,-96,-10,-8,44,-41,88,25,-12,-3,13,24,-28,-18,13,-7,67,66,13,52,-2,38,-45,-88,-60,-51,13,-32,-28,12,50,-32,87,2,48,-49,-67,11,85,52,-45,-37,32,77,-62,-11,56,17,-88,-29,-97,26,-4,22,0,-9,-22,-31,6,-47,7,-50,30,-45,15,63,44,-80,-22,-62,3,-34,-50,-23,-13,17,25,14,0,27,14,61,35,15,7,-14,-54,-31,74,-19,18,5,-36,-57,35,-34,0,-43,-35,14,43,-42,35,67,-8,-71,21,-1,-18,36,-31,-10,13,-21,-87,-93,45,-36,37,40,-36,-4,-33,91,-27,-25,20,-23,57,42,29,-21,-17,5,56,-9,30,17,-7,90,-65,-81,45,44,62,-39,-45,32,76,-94,53,-38,23,-33,-31,-38,-37,-61,55,18,-37,-7,81,-48,-20,-52,78,7,-29,87,13,-49,39,2,58,47,-24,55,6,83131
-52,36,9,-21,-10,-4,8,80,-31,56,77,90,42,-17,3,0,-5,25,64,58,-40,86,100,19,29,0,20,-64,-54,-14,-76,34,-45,-88,100,38,-61,-34,65,24,3,22,69,24,19,-25,68,-10,67,-5,30,8,29,-51,-91,2,9,-3,5,-11,29,25,-84,97,-38,42,-61,-9,-21,22,100,26,22,74,62,4,19,-40,35,-16,-2,35,0,3,-4,0,56,5,5,-36,-5,-47,0,81,-8,-12,-19,-100,57,73,-33,-12,-15,-30,30,77,-99,-67,84,-8,-33,62,-42,-30,23,0,-5,-1,-80,14,-51,12,-69,11,46,28,-11,-19,60,-43,28,-8,-83,54,37,1,-50,-67,22,49,-4,15,2,-46,60,-56,43,56,45,89,38,26,20,-48,14,42,-95,61,-58,-20,-2,-16,-52,32,65,28,-40,67,38,-27,-100,81,24,-58,28,-1,-96,43,-34,58,28,-5,98,100,83137
0,0,0,0,0,0,0,0,0,0,0,0,0,0,0,0,0,0,0,0,0,0,0,0,0,0,0,0,0,0,0,0,0,0,0,0,0,0,0,0,0,0,0,0,0,0,0,0,0,0,0,0,0,0,0,0,0,0,0,0,0,0,0,0,0,0,0,0,0,0,0,0,0,0,0,0,0,0,0,0,0,0,0,0,0,0,0,0,0,0,0,0,0,0,0,0,0,0,0,0,0,0,0,0,0,0,0,0,0,0,0,0,0,0,0,0,0,0,0,0,0,0,0,0,0,0,0,0,0,0,0,0,0,0,0,0,0,0,0,0,0,0,0,0,0,0,0,0,0,0,0,0,0,0,0,0,0,0,0,0,0,0,0,0,0,0,0,0,0,0,0,0,0,0,0,0,0,0,0,0,0,0,0,0,83140
-9,100,34,0,80,0,-66,100,-37,0,14,-2,25,-52,-6,-2,4,-58,-46,-49,-28,1,-24,-69,-36,-21,46,20,-89,5,41,-96,-32,-13,-76,15,-34,67,10,65,83,17,8,-52,58,-22,-45,-19,13,8,-73,-72,-100,-18,55,1,80,0,-93,6,-73,64,49,-29,-26,39,18,-30,-22,-69,-22,71,15,91,-49,11,-57,-26,100,83,-1,40,-14,-8,67,-16,9,88,-100,-38,21,31,1,-21,13,69,-52,100,-49,62,55,10,60,56,-100,60,-3,9,-27,17,-8,-78,11,-100,66,0,-22,0,23,-5,-19,-58,51,-14,-54,-3,33,0,-19,-16,64,75,43,-1,44,14,70,51,100,-2,10,-38,2,-16,-24,82,76,0,-54,8,-2,11,51,65,-68,14,100,-65,-18,10,0,73,10,-22,-51,11,-27,11,77,-100,-11,-26,-43,78,-77,0,-1,27,2,1,67,0,-17,-100,83203
19,60,50,-33,-41,5,7,-7,7,64,-2,92,26,-29,-5,30,6,18,18,-1,-20,56,75,62,24,11,0,-21,-57,-34,-29,64,13,10,-63,12,-38,47,-29,22,-73,0,-30,100,17,50,29,44,82,-15,-9,77,49,-63,68,46,71,5,16,-19,-21,64,-61,30,-35,18,-19,36,54,66,74,39,10,-7,-13,-2,12,-28,57,-43,-18,0,3,-5,-57,-20,38,65,23,9,8,-3,-2,40,22,-53,-14,36,-24,18,-17,-54,-25,-21,10,23,-68,10,91,26,-15,46,-40,-31,6,-4,15,11,83,51,-61,85,-13,30,67,55,54,-32,63,-70,68,29,-68,76,7,39,-2,-7,27,75,19,32,36,-85,63,-31,99,65,70,94,56,-7,50,44,13,17,41,29,-28,50,58,-30,-4,22,2,-6,-21,76,87,-18,-42,90,27,-5,100,10,-60,17,10,45,37,51,22,-70,83204
-45,-4,88,-38,-43,-26,32,72,18,69,43,78,13,33,46,16,4,-23,-16,9,20,16,50,10,13,-1,37,-14,-87,-61,-10,58,-74,-15,33,-1,-20,3,-21,-19,-74,-2,-18,73,-10,71,-16,4,56,-58,-30,23,51,-100,-46,60,28,-28,34,-5,-28,-26,-34,100,48,73,-21,12,72,13,44,-7,5,79,48,19,-38,42,-7,-42,2,58,-2,58,-39,11,22,32,32,16,-67,-11,-36,11,-10,-21,11,-35,33,44,-47,9,-47,-61,22,49,-70,-44,97,-1,-95,20,-26,-63,27,-55,-7,38,-4,63,-100,32,-32,31,-11,-34,-1,-41,94,25,1,-19,-30,-50,-48,15,25,-37,23,-52,-65,31,12,6,94,-99,72,69,-3,100,-18,-45,30,-5,26,1,-39,17,-28,-34,-1,-40,-11,18,13,-48,23,58,62,-62,-95,96,24,27,77,39,-70,25,-21,21,-4,18,100,40,83206
12,9,12,-21,0,-7,-66,-19,16,19,6,39,-32,8,44,23,-15,-43,-34,0,3,65,7,56,20,44,-6,-14,-48,-10,-12,21,15,46,-64,23,-32,72,0,39,-48,-6,10,76,27,62,-25,33,80,-9,0,72,18,-48,32,44,-3,-6,23,11,6,-94,13,-34,-52,7,-10,33,67,52,7,10,-5,-32,-42,69,-39,-47,9,-6,26,4,-11,37,47,34,26,-8,15,16,9,47,-18,71,44,56,9,-2,-44,-11,-89,61,-6,-87,2,-5,0,-29,95,49,4,58,35,-32,-3,-22,52,16,48,57,-50,71,-83,25,6,-5,43,-19,42,-56,-88,57,17,10,-19,21,-38,-76,6,7,9,28,26,-68,41,-43,-44,20,10,40,0,-1,12,73,-65,30,-6,49,-28,33,0,-9,38,22,11,-3,3,85,-36,-32,-32,90,9,-36,77,16,3,-32,28,25,18,0,-34,-61,83212
15,74,42,-11,26,13,-34,8,-8,38,67,81,-20,-17,26,5,18,-50,8,11,-2,70,41,20,30,8,9,-28,-54,-41,-55,36,-25,-39,57,51,10,8,13,16,-28,-17,11,63,18,-2,2,17,67,-35,29,64,29,-60,31,-95,-38,13,22,-16,21,-47,-14,71,-13,24,-29,16,-7,24,39,26,-12,8,-21,88,-57,-4,57,28,-18,0,12,22,-20,-19,44,-46,25,-12,12,-44,10,59,-64,-31,-6,-50,-25,-14,-45,64,-49,-34,-39,-14,-55,35,79,-63,26,73,-26,-19,8,4,10,28,38,-83,-60,64,-78,3,24,7,11,-11,71,6,-43,64,-14,77,3,29,-9,-82,9,76,14,3,6,-3,71,-28,99,38,26,75,9,7,36,0,-33,50,-52,77,6,2,-29,-46,-42,30,13,6,-1,64,100,-15,-37,73,9,-17,67,29,-49,-13,-24,46,24,-21,64,53,83222
26,61,63,-14,8,-20,19,17,30,42,12,76,54,-32,73,17,-29,-67,47,29,-18,42,65,-10,1,37,11,-31,-52,-85,16,33,-9,-40,87,31,25,3,-21,-44,-75,0,-17,75,-44,40,54,-14,58,-87,16,11,28,-88,1,-60,-9,-17,58,1,17,-89,-4,76,-7,58,-27,-24,34,-9,56,-20,14,4,-44,38,-74,-1,54,-2,1,52,-19,69,26,-1,77,-11,58,26,-44,-45,-35,39,-26,33,-36,-47,-55,36,-17,20,-21,-16,-13,44,0,28,95,-21,-71,70,20,-9,10,-32,27,3,-5,-61,-89,12,-20,27,-32,-10,5,-10,91,-52,-71,46,-1,38,2,33,-1,-4,1,41,-40,31,29,-74,89,-70,-25,43,-38,72,-11,40,23,1,24,33,-49,66,18,-2,-19,-33,-49,2,33,41,-15,66,-18,-6,-2,92,4,-2,80,3,6,42,-78,80,-20,-10,62,83,83272
25,-36,74,-30,2,-29,65,6,-18,60,47,32,67,-15,56,34,-20,8,-63,-17,5,47,51,54,13,-4,-7,-22,19,-70,22,14,75,51,-58,0,-20,68,0,3,-74,41,10,90,-2,46,-61,0,71,-68,-31,5,16,-84,27,62,-42,-29,47,9,-27,26,-42,87,6,20,-19,0,48,57,49,15,44,-2,-8,-25,2,14,-35,-3,23,10,-25,43,54,35,26,-35,43,-19,23,94,-46,53,42,55,-10,39,-7,-4,-91,-15,-39,-89,18,0,0,4,86,47,-13,43,-9,8,-3,-46,-7,18,32,69,-80,-7,-32,35,14,-12,-38,-29,61,-22,26,34,-42,33,17,17,-17,-31,12,28,27,39,37,-15,63,-51,46,61,12,35,-8,-38,50,70,63,4,32,37,-16,-41,3,-43,87,14,-7,-44,7,76,46,3,-30,85,12,-5,90,18,5,63,11,22,19,0,88,-53,83273
-7,35,73,-32,2,-14,-9,46,0,22,-28,24,38,-18,49,7,7,-12,-35,-18,25,8,55,30,0,32,-25,-25,-73,-60,23,36,1,7,-38,-8,3,26,-20,1,-100,-61,-11,87,-8,69,-34,20,77,-55,-49,55,24,-86,13,80,51,-15,25,-25,-56,-14,48,23,-5,-4,-24,20,78,32,55,14,-68,42,-27,72,-20,-2,24,-5,-5,-9,5,38,-24,-1,27,41,17,-12,5,-14,-28,-7,5,-13,-24,-8,-30,27,-5,63,-27,2,-1,33,55,22,35,10,-2,-1,15,-56,-21,-24,11,17,17,84,-93,40,-42,39,-2,-24,25,-32,34,-54,-13,8,53,26,-3,-3,33,-38,3,12,8,45,5,-26,33,-33,-37,23,4,55,-3,-39,25,18,-23,1,-16,0,-1,19,6,-20,-20,4,-11,-35,27,78,-36,-55,-63,35,4,36,94,17,58,38,-19,27,16,-6,33,-41,83274
29,-1,41,-12,0,5,-8,-2,46,3,38,89,40,-22,81,14,10,-41,31,22,-8,73,39,-21,18,16,-13,-23,-64,-2,2,20,12,10,0,43,8,45,-8,30,-77,-28,-21,72,16,38,35,19,89,2,23,91,11,-67,14,18,-41,7,7,-20,10,-9,19,9,-43,27,-15,12,40,-19,39,11,-27,10,-29,93,-44,-28,1,-11,-28,0,0,72,-14,-28,61,-47,20,50,-20,-10,-7,52,-10,-13,-17,-57,-37,16,-46,56,-14,-47,21,16,32,27,94,-12,-21,25,49,-17,-7,1,3,36,5,2,-67,100,-100,41,-11,46,22,-8,65,17,-8,38,8,22,-17,27,-29,-100,7,26,-14,43,18,-17,64,-40,-31,3,-15,97,52,-8,12,52,-1,40,-51,9,17,23,14,-15,0,14,14,-7,-3,77,-10,-5,-15,91,7,-35,73,35,24,32,-34,65,0,15,11,-11,83277
63,67,57,-24,36,-7,3,29,15,25,44,71,51,-37,-33,27,-31,41,26,13,-38,27,81,9,26,15,-17,-42,31,-11,-34,34,78,13,-9,26,-85,96,-4,81,-72,19,20,78,78,-4,36,4,79,-15,8,14,31,-58,46,-16,83,-4,34,12,18,36,24,35,-83,-18,-36,-3,-4,23,71,64,22,-3,-17,70,26,-65,66,21,23,-34,-22,-25,82,21,52,76,22,11,-13,15,-48,41,1,86,-33,8,-28,37,23,63,-13,10,0,49,-25,78,82,4,-49,61,-61,13,-7,-42,9,1,54,0,-60,-2,-93,15,39,3,20,-22,48,-58,55,63,37,36,35,74,-33,-77,23,29,-10,20,36,-85,48,-24,2,25,27,57,1,-33,46,91,-1,35,0,61,-88,7,6,-16,0,31,31,-34,-36,93,-15,12,31,77,26,-48,81,1,-25,47,26,48,77,10,24,-16,83348
-9,-23,69,-26,-30,-23,49,14,77,47,-12,60,30,39,91,2,5,4,44,15,-4,57,48,35,-12,80,16,-35,-46,-23,26,23,0,-40,73,18,-23,12,-29,-37,-11,-21,-22,72,-52,68,41,-20,31,-21,33,8,19,-58,25,54,17,-19,32,7,40,-99,-11,82,8,85,-25,-27,69,42,40,-42,-17,11,-8,36,-9,19,-45,-44,6,58,0,90,12,2,46,8,37,63,-35,-29,-6,57,9,6,38,-46,-23,-9,-63,-11,25,-63,-6,2,37,-14,87,12,-68,38,38,-6,18,-3,60,9,35,64,-57,12,-63,26,0,52,-33,-22,42,41,-90,47,-17,21,4,16,11,-49,0,24,-27,35,7,33,40,-32,31,48,0,72,23,73,20,16,41,20,-38,24,-15,-39,-26,11,-34,-13,19,70,-1,36,21,-1,-56,76,2,-1,70,9,32,23,-58,50,-39,-26,69,81,83363
43,32,61,-5,36,-22,-62,-6,57,59,19,92,34,-12,50,16,-50,23,75,34,-39,51,50,21,44,24,41,-52,-55,-45,10,42,-31,-13,23,61,-19,76,18,39,-54,19,19,62,46,31,87,18,88,-37,24,44,30,-71,-21,-72,21,-18,10,-56,12,-41,5,78,-8,53,-50,7,40,12,53,64,25,-13,-81,41,30,0,21,40,-63,36,-37,34,38,-58,70,13,11,40,-48,3,-32,33,-20,35,-22,16,-91,54,2,34,-82,-9,-32,58,-20,83,56,-34,-70,33,24,-18,44,-24,9,1,-12,-56,-86,55,-96,32,-24,8,16,-4,92,-49,-49,39,2,33,-49,31,-34,-90,13,3,-33,35,24,-62,94,-54,-10,60,-20,78,35,-44,27,74,-46,65,27,42,-17,-7,-44,-67,-2,43,43,-21,-40,82,-5,-8,15,62,16,-33,71,3,-24,44,-11,81,62,-33,78,11,83378
5,-25,32,-32,-16,0,-9,-13,0,38,24,51,64,-12,20,32,12,5,-50,-20,19,40,33,57,15,17,-16,-26,-66,-32,0,31,29,57,-52,1,-60,30,-29,-3,-81,-11,-23,89,-7,68,-44,38,57,-32,-10,63,25,-81,-6,55,23,0,21,3,-13,-10,-25,26,-9,32,-26,37,72,59,26,2,-11,-14,0,45,-5,-12,-29,-18,11,18,14,23,11,12,14,20,16,2,-7,44,-25,36,38,15,-21,38,-11,2,-81,36,-5,-83,5,11,-28,1,69,42,-42,8,13,-31,-10,-21,6,23,14,70,-84,59,-46,25,1,-30,47,-33,36,8,-5,45,-25,36,-6,24,12,-39,15,27,-9,34,33,9,35,-46,56,40,-3,66,-23,-55,25,30,-18,4,33,6,-62,39,15,-5,40,16,-14,-47,21,59,62,-32,-34,68,14,11,94,24,-22,60,34,16,4,1,27,-52,83431
6,-13,63,-38,-19,-9,-13,40,13,53,64,78,58,21,34,25,10,-45,-76,-16,4,24,60,41,0,-17,6,-44,-69,-68,-9,44,42,30,-24,10,6,0,-29,-27,-83,-12,-22,90,-40,12,-51,-1,82,-86,-46,51,35,-96,19,-43,-3,-10,44,-8,-41,-67,-3,76,-46,18,-40,-8,19,45,52,-6,-16,28,-30,46,-54,-20,-14,-21,-2,0,13,18,54,0,32,0,36,5,-7,4,-24,26,43,48,31,24,-45,27,-63,36,-43,-56,25,36,-22,10,100,39,-73,20,11,-52,14,-20,-30,22,37,-22,-95,46,-67,42,-24,-7,-7,-36,82,-27,-42,16,5,28,-45,-27,-23,-60,18,24,-11,51,37,-47,85,-72,-2,54,-37,84,5,-47,20,-7,-13,19,13,15,2,-21,-16,-43,-4,0,-7,-45,4,88,-25,-52,-49,100,22,-33,97,23,-13,39,-59,33,0,-13,83,-32,83447
10,-11,57,-29,-7,-11,-26,35,-5,38,57,54,-54,1,12,4,25,67,43,4,-2,72,64,90,27,64,3,-31,12,-58,-35,12,36,-17,27,32,0,6,40,-11,-5,-37,40,88,-11,64,41,24,73,-52,28,82,10,-29,10,26,-17,-12,11,-3,26,-52,-85,27,4,-19,-33,26,73,91,60,28,-38,33,11,37,62,0,-15,-3,7,-22,23,16,-18,4,17,-28,6,-5,44,13,-25,64,-12,-27,8,6,1,-7,-95,24,-5,-90,-33,-8,-17,-48,71,-17,-24,71,-34,15,2,-25,60,-3,0,33,-26,77,-2,1,100,20,28,-29,69,65,-49,2,-86,56,28,23,20,-4,13,50,40,6,2,65,67,-29,45,38,97,65,23,63,37,1,-38,33,-1,70,0,24,3,0,15,31,3,70,-1,73,45,11,-84,69,11,13,92,-3,-15,-55,7,15,24,-6,40,22,83494
56,-2,10,-5,-45,-7,-6,-30,29,35,-21,80,34,-24,58,33,-59,-17,10,5,-53,77,49,-33,-13,-14,-34,-34,-2,-49,-4,21,92,15,51,48,9,14,-14,-18,-33,60,-8,62,-34,36,9,-19,67,-55,46,81,17,-79,-13,-50,-51,-4,51,6,44,-100,22,72,6,60,-32,-26,33,-28,45,-17,56,-42,-29,57,-24,11,-24,-47,7,36,-43,57,-10,11,48,-48,47,13,-14,15,-9,73,35,-10,-34,-39,-37,-3,-41,39,-51,-39,24,3,18,58,100,37,-100,50,25,28,-39,-8,-27,-1,-10,-57,-78,68,-100,29,-32,-17,-32,-3,77,-10,-100,10,21,43,-20,35,-48,-91,19,38,-17,33,40,-4,77,-39,71,37,-47,96,-18,-26,-6,6,-11,53,-42,46,6,-37,-18,-48,12,-13,12,-28,-50,73,81,25,23,100,20,-47,68,-1,27,44,-25,49,-10,-16,84,47,83511
35,-64,84,-32,-41,-11,-9,-4,14,13,17,52,-38,-36,31,40,6,25,28,-15,28,51,79,81,28,5,0,-25,-51,0,42,35,81,47,-75,25,10,42,-16,-4,-52,-48,-19,100,1,86,30,34,64,11,-25,46,24,-58,-52,49,2,-11,23,-11,-30,34,-21,-3,41,44,-21,34,83,89,77,14,-43,7,-31,71,16,58,-75,-43,-14,27,1,20,1,-16,34,17,31,-8,-3,73,-16,37,-32,1,-24,19,-40,-31,-92,39,-39,-89,-20,-24,-46,26,100,-20,-3,27,16,-16,0,-14,8,39,-31,48,-57,65,-94,16,50,-42,67,-32,72,-27,29,12,-30,66,-35,-4,-3,-74,27,65,0,19,45,-25,73,-21,88,13,51,64,-39,-16,61,32,-12,27,19,14,15,57,7,-48,71,29,-15,-24,29,58,100,-9,-9,100,28,-12,100,40,-43,-38,17,39,9,5,15,-77,83748
25,52,33,8,-42,8,15,21,72,62,100,91,58,-27,26,7,-33,36,12,35,-43,44,93,17,-16,22,45,0,9,0,-26,34,-31,-45,40,47,-38,75,-12,-12,-15,-22,-14,48,0,-28,24,-23,-5,8,20,22,33,-92,36,-13,-9,8,65,-26,19,-77,-44,62,-39,46,3,-21,-10,12,100,-35,-11,27,6,12,44,-45,38,-41,-29,52,-45,38,40,-21,58,-30,67,69,-24,-55,29,40,35,30,-4,-2,9,32,-71,0,-29,-76,19,44,72,91,79,42,-64,-21,0,4,69,10,24,-66,50,-7,-97,30,-46,63,40,58,12,9,27,1,-61,-52,-46,-17,37,21,7,-50,10,-9,-21,68,11,-3,26,11,100,62,46,97,52,52,67,79,16,46,0,-21,-36,7,-8,-27,-50,-14,38,60,-45,-4,100,10,55,75,8,17,47,-67,81,56,-27,63,-34,-16,72,48,100707
12,37,89,-11,26,14,78,-13,-8,17,-9,20,23,-47,73,12,-36,40,18,-16,13,30,69,14,-18,11,10,-14,-15,-4,41,31,25,1,-48,0,43,32,-8,11,25,17,-7,82,7,32,21,-1,33,-10,-31,23,30,-66,21,0,-62,14,56,-7,-31,-2,76,10,61,77,-14,0,39,13,76,26,21,-13,41,33,46,50,34,23,-6,85,-36,74,7,-1,12,-75,55,-4,36,12,-48,27,19,-2,-52,66,44,3,-10,24,-5,0,-37,0,41,2,100,22,-7,54,-7,20,12,-44,15,12,16,12,-65,24,-70,43,-15,-23,10,-10,42,32,-10,33,71,56,-43,15,34,-69,18,57,34,44,10,40,42,-78,-33,17,-12,22,-32,-2,80,42,76,1,65,46,43,4,-9,-4,12,-15,-14,0,13,33,-17,18,-13,100,15,21,85,9,35,29,26,17,26,-15,17,-46,110008
6,15,82,-18,-46,-38,-20,-30,-11,-3,8,55,19,-77,9,12,-41,-5,-63,15,-48,42,67,45,28,-31,-52,-23,-44,-30,-19,33,16,8,-50,25,-32,68,-24,28,-87,68,-27,93,15,87,-63,23,60,-34,-19,10,31,-85,-19,-89,-43,-38,30,-13,-24,25,-74,95,25,76,-23,17,85,28,64,31,61,-39,16,-40,-5,22,19,-52,-3,79,-41,6,10,-3,45,-41,32,-12,5,-20,-67,41,0,19,-67,32,10,21,-29,-45,-52,-33,-7,22,-88,13,93,-8,12,80,-18,-35,-54,-75,-32,49,-20,-89,-83,16,-91,10,45,-34,-36,-17,94,21,32,77,-73,74,-7,2,-17,-86,1,68,7,13,17,22,92,-83,44,-3,60,46,-41,-48,11,57,-12,28,30,77,-31,-38,-28,-58,-21,27,18,-37,-46,55,40,-34,-19,89,2,-19,96,49,-85,18,-33,43,29,-17,100,-60,146741
-80,100,25,0,41,0,41,82,88,0,41,48,-28,-34,25,70,25,-64,-30,18,-36,34,-100,-96,23,45,27,10,-62,12,-52,-48,0,50,79,55,52,45,72,53,54,-43,71,-12,53,36,-28,26,70,15,1,18,-54,-11,66,100,78,0,-4,0,1,-26,-18,-5,-16,100,10,29,29,-95,-100,100,-42,91,-74,29,-62,-15,100,37,0,100,26,24,48,0,13,76,-9,85,97,80,0,28,26,49,-36,100,-74,-42,-26,27,82,-23,53,-47,95,25,86,25,6,11,-100,-100,32,0,46,0,68,100,-13,23,1,3,-70,-69,77,0,2,-2,-30,100,2,22,18,60,24,0,27,20,95,2,85,-5,1,100,100,0,-68,44,-63,25,70,46,41,55,100,13,50,78,26,81,79,33,22,26,-32,72,100,-100,-7,90,11,25,-17,0,97,-27,100,7,100,26,0,87,152723
0,0,0,0,0,0,0,0,0,0,0,0,0,0,0,0,0,0,0,0,0,0,0,0,0,0,0,0,0,0,0,0,0,0,0,0,0,0,0,0,0,0,0,0,0,0,0,0,0,0,0,0,0,0,0,0,0,0,0,0,0,0,0,0,0,0,0,0,0,0,0,0,0,0,0,0,0,0,0,0,0,0,0,0,0,0,0,0,0,0,0,0,0,0,0,0,0,0,0,0,0,0,0,0,0,0,0,0,0,0,0,0,0,0,0,0,0,0,0,0,0,0,0,0,0,0,0,0,0,0,0,0,0,0,0,0,0,0,0,0,0,0,0,0,0,0,0,0,0,0,0,0,0,0,0,0,0,0,0,0,0,0,0,0,0,0,0,0,0,0,0,0,0,0,0,0,0,0,0,0,0,0,0,0,159906
0,0,0,0,0,0,0,0,0,0,0,0,0,0,0,0,0,0,0,0,0,0,0,0,0,0,0,0,0,0,0,0,0,0,0,0,0,0,0,0,0,0,0,0,0,0,0,0,0,0,0,0,0,0,0,0,0,0,0,0,0,0,0,0,0,0,0,0,0,0,0,0,0,0,0,0,0,0,0,0,0,0,0,0,0,0,0,0,0,0,0,0,0,0,0,0,0,0,0,0,0,0,0,0,0,0,0,0,0,0,0,0,0,0,0,0,0,0,0,0,0,0,0,0,0,0,0,0,0,0,0,0,0,0,0,0,0,0,0,0,0,0,0,0,0,0,0,0,0,0,0,0,0,0,0,0,0,0,0,0,0,0,0,0,0,0,0,0,0,0,0,0,0,0,0,0,0,0,0,0,0,0,0,0,159913
0,0,0,0,0,0,0,0,0,0,0,0,0,0,0,0,0,0,0,0,0,0,0,0,0,0,0,0,0,0,0,0,0,0,0,0,0,0,0,0,0,0,0,0,0,0,0,0,0,0,0,0,0,0,0,0,0,0,0,0,0,0,0,0,0,0,0,0,0,0,0,0,0,0,0,0,0,0,0,0,0,0,0,0,0,0,0,0,0,0,0,0,0,0,0,0,0,0,0,0,0,0,0,0,0,0,0,0,0,0,0,0,0,0,0,0,0,0,0,0,0,0,0,0,0,0,0,0,0,0,0,0,0,0,0,0,0,0,0,0,0,0,0,0,0,0,0,0,0,0,0,0,0,0,0,0,0,0,0,0,0,0,0,0,0,0,0,0,0,0,0,0,0,0,0,0,0,0,0,0,0,0,0,0,159925
0,0,0,0,0,0,0,0,0,0,0,0,0,0,0,0,0,0,0,0,0,0,0,0,0,0,0,0,0,0,0,0,0,0,0,0,0,0,0,0,0,0,0,0,0,0,0,0,0,0,0,0,0,0,0,0,0,0,0,0,0,0,0,0,0,0,0,0,0,0,0,0,0,0,0,0,0,0,0,0,0,0,0,0,0,0,0,0,0,0,0,0,0,0,0,0,0,0,0,0,0,0,0,0,0,0,0,0,0,0,0,0,0,0,0,0,0,0,0,0,0,0,0,0,0,0,0,0,0,0,0,0,0,0,0,0,0,0,0,0,0,0,0,0,0,0,0,0,0,0,0,0,0,0,0,0,0,0,0,0,0,0,0,0,0,0,0,0,0,0,0,0,0,0,0,0,0,0,0,0,0,0,0,0,159930
0,0,0,0,0,0,0,0,0,0,0,0,0,0,0,0,0,0,0,0,0,0,0,0,0,0,0,0,0,0,0,0,0,0,0,0,0,0,0,0,0,0,0,0,0,0,0,0,0,0,0,0,0,0,0,0,0,0,0,0,0,0,0,0,0,0,0,0,0,0,0,0,0,0,0,0,0,0,0,0,0,0,0,0,0,0,0,0,0,0,0,0,0,0,0,0,0,0,0,0,0,0,0,0,0,0,0,0,0,0,0,0,0,0,0,0,0,0,0,0,0,0,0,0,0,0,0,0,0,0,0,0,0,0,0,0,0,0,0,0,0,0,0,0,0,0,0,0,0,0,0,0,0,0,0,0,0,0,0,0,0,0,0,0,0,0,0,0,0,0,0,0,0,0,0,0,0,0,0,0,0,0,0,0,159950
-100,100,-100,0,-48,0,-48,94,100,0,31,37,6,28,0,-50,30,-36,-87,-100,-24,100,-23,0,-3,-25,78,1,-15,31,-82,-100,-100,75,14,-8,-100,80,7,-100,77,-16,75,-100,-100,65,-93,100,49,19,-13,-54,-98,-16,100,0,100,0,-14,37,-4,13,-100,-4,-41,31,7,100,-7,-15,-22,24,-2,50,-61,-11,-24,-40,100,-40,49,22,39,25,100,31,100,100,-33,100,-100,100,1,25,68,83,-5,-62,-61,25,23,2,87,27,47,24,85,54,-10,78,-17,-100,100,-100,100,2,-21,0,100,1,-11,-50,15,39,-40,1,-30,0,-17,-11,16,90,-100,-55,0,-3,91,21,0,-91,-78,84,-26,-12,-14,100,54,0,-25,-1,-87,27,-12,22,-14,26,-78,-100,-100,6,16,100,84,28,61,25,-29,40,88,-100,40,20,-43,73,-100,0,100,0,-6,-2,90,-10,-16,74,159962
0,0,0,0,0,0,0,0,0,0,0,0,0,0,0,0,0,0,0,0,0,0,0,0,0,0,0,0,0,0,0,0,0,0,0,0,0,0,0,0,0,0,0,0,0,0,0,0,0,0,0,0,0,0,0,0,0,0,0,0,0,0,0,0,0,0,0,0,0,0,0,0,0,0,0,0,0,0,0,0,0,0,0,0,0,0,0,0,0,0,0,0,0,0,0,0,0,0,0,0,0,0,0,0,0,0,0,0,0,0,0,0,0,0,0,0,0,0,0,0,0,0,0,0,0,0,0,0,0,0,0,0,0,0,0,0,0,0,0,0,0,0,0,0,0,0,0,0,0,0,0,0,0,0,0,0,0,0,0,0,0,0,0,0,0,0,0,0,0,0,0,0,0,0,0,0,0,0,0,0,0,0,0,0,159964
-20,37,31,0,-6,0,-72,-93,-21,0,1,0,41,14,33,-34,26,-14,49,0,4,100,-40,68,-33,31,6,19,-31,-2,-25,-18,-2,31,-54,47,-47,-31,3,40,71,6,4,-100,32,-14,39,100,44,-5,-31,-20,-29,15,15,82,23,0,33,2,-28,-19,-27,58,21,88,-25,100,-11,59,-13,-26,0,-99,-31,19,23,26,32,-17,0,77,27,6,54,4,-100,11,-31,1,0,14,6,100,45,47,22,0,-6,-40,-86,17,100,-61,-100,-46,62,-10,-74,34,-11,0,0,-100,17,0,31,0,-12,62,-15,10,45,-22,19,-27,-50,0,1,24,-19,-22,-25,0,-42,-32,25,65,77,3,7,-21,-40,0,0,-2,54,0,31,4,-52,36,-19,-33,-76,41,30,13,-46,-20,-40,-7,21,-100,36,41,-10,52,46,-100,-44,-95,100,50,-90,0,74,34,4,-96,-21,-1,48,-64,159970
-74,73,5,0,14,0,0,71,-7,0,17,70,45,-46,-24,0,-16,12,-88,-69,-21,92,-42,-17,8,9,34,-17,-12,8,0,-67,-40,-13,-39,34,-55,15,-9,-7,51,77,-9,-60,-8,1,-92,99,-5,10,13,25,-35,-10,-33,-44,47,0,-64,5,13,-23,-69,-17,-34,-14,-20,100,0,-19,-40,14,82,72,-64,13,10,-33,68,13,0,-16,-19,-23,37,15,100,46,-71,0,28,-53,0,68,5,40,-47,63,-67,4,100,11,41,100,-100,7,61,-15,-1,3,-8,33,36,-100,38,0,8,0,-37,-44,-9,28,3,-9,-68,-67,7,0,-14,-29,-24,51,-68,55,64,-71,51,10,33,48,26,-9,15,-28,-16,56,1,0,-69,71,-54,-53,-22,12,-2,26,63,35,-45,6,43,51,-53,-11,-65,-50,-20,-6,0,-100,-24,-2,36,49,-64,0,61,45,22,100,15,45,-12,-30,159981
0,0,0,0,0,0,0,0,0,0,0,0,0,0,0,0,0,0,0,0,0,0,0,0,0,0,0,0,0,0,0,0,0,0,0,0,0,0,0,0,0,0,0,0,0,0,0,0,0,0,0,0,0,0,0,0,0,0,0,0,0,0,0,0,0,0,0,0,0,0,0,0,0,0,0,0,0,0,0,0,0,0,0,0,0,0,0,0,0,0,0,0,0,0,0,0,0,0,0,0,0,0,0,0,0,0,0,0,0,0,0,0,0,0,0,0,0,0,0,0,0,0,0,0,0,0,0,0,0,0,0,0,0,0,0,0,0,0,0,0,0,0,0,0,0,0,0,0,0,0,0,0,0,0,0,0,0,0,0,0,0,0,0,0,0,0,0,0,0,0,0,0,0,0,0,0,0,0,0,0,0,0,0,0,159988
0,0,0,0,0,0,0,0,0,0,0,0,0,0,0,0,0,0,0,0,0,0,0,0,0,0,0,0,0,0,0,0,0,0,0,0,0,0,0,0,0,0,0,0,0,0,0,0,0,0,0,0,0,0,0,0,0,0,0,0,0,0,0,0,0,0,0,0,0,0,0,0,0,0,0,0,0,0,0,0,0,0,0,0,0,0,0,0,0,0,0,0,0,0,0,0,0,0,0,0,0,0,0,0,0,0,0,0,0,0,0,0,0,0,0,0,0,0,0,0,0,0,0,0,0,0,0,0,0,0,0,0,0,0,0,0,0,0,0,0,0,0,0,0,0,0,0,0,0,0,0,0,0,0,0,0,0,0,0,0,0,0,0,0,0,0,0,0,0,0,0,0,0,0,0,0,0,0,0,0,0,0,0,0,159993
0,68,-2,0,74,0,8,100,38,0,55,25,6,35,100,46,6,17,-98,61,30,-28,100,100,2,-82,100,2,-100,27,-83,-58,-16,100,-100,71,-53,91,17,56,100,-1,100,35,42,-47,-53,-100,-76,36,52,-22,-96,-55,37,-9,51,0,-39,2,-1,-92,-70,56,-76,-70,1,2,19,100,100,26,-25,96,-40,15,39,-100,93,94,-16,-93,5,67,100,-34,100,72,-5,34,60,95,0,-42,51,100,24,100,-61,-100,-100,0,100,-100,81,-92,99,100,100,68,17,11,90,-100,100,0,-14,0,49,-16,-58,-75,100,0,100,-82,0,0,-33,-26,-38,100,-31,0,20,-48,54,100,41,-17,63,0,46,-36,-26,100,67,0,100,38,-68,100,100,81,13,90,100,32,-55,-5,-24,100,100,96,63,78,-9,-15,33,-100,80,73,26,54,17,0,92,0,-46,50,35,-7,23,3,160014
-100,68,-100,0,-30,0,-100,100,20,0,46,7,52,-16,38,1,40,49,-63,-33,4,100,79,20,23,-8,-72,12,-91,38,-34,-100,-100,92,100,-13,5,-81,-50,-1,100,15,-51,-100,-5,-84,-74,100,13,38,1,53,-100,-35,-82,-27,69,0,-20,-1,2,-20,-100,-30,-13,100,0,100,-80,30,88,-29,9,78,-4,11,48,-23,69,-38,4,100,39,50,77,7,100,68,-29,21,-100,100,-1,100,25,75,-2,-100,-6,5,100,13,57,100,-100,4,38,30,87,27,5,-63,100,-100,-63,3,-22,0,-77,-22,-29,52,-10,50,86,-37,-10,0,-7,-33,-17,31,-100,-100,1,7,48,-8,-100,-100,-100,55,3,27,-7,97,100,0,77,6,-25,10,6,-78,-100,0,-100,-48,5,4,2,66,100,21,-24,2,-17,13,100,-100,20,86,-100,45,-100,0,33,44,17,100,-40,2,-44,100,160030
0,0,0,0,0,0,0,0,0,0,0,0,0,0,0,0,0,0,0,0,0,0,0,0,0,0,0,0,0,0,0,0,0,0,0,0,0,0,0,0,0,0,0,0,0,0,0,0,0,0,0,0,0,0,0,0,0,0,0,0,0,0,0,0,0,0,0,0,0,0,0,0,0,0,0,0,0,0,0,0,0,0,0,0,0,0,0,0,0,0,0,0,0,0,0,0,0,0,0,0,0,0,0,0,0,0,0,0,0,0,0,0,0,0,0,0,0,0,0,0,0,0,0,0,0,0,0,0,0,0,0,0,0,0,0,0,0,0,0,0,0,0,0,0,0,0,0,0,0,0,0,0,0,0,0,0,0,0,0,0,0,0,0,0,0,0,0,0,0,0,0,0,0,0,0,0,0,0,0,0,0,0,0,0,160047
0,0,0,0,0,0,0,0,0,0,0,0,0,0,0,0,0,0,0,0,0,0,0,0,0,0,0,0,0,0,0,0,0,0,0,0,0,0,0,0,0,0,0,0,0,0,0,0,0,0,0,0,0,0,0,0,0,0,0,0,0,0,0,0,0,0,0,0,0,0,0,0,0,0,0,0,0,0,0,0,0,0,0,0,0,0,0,0,0,0,0,0,0,0,0,0,0,0,0,0,0,0,0,0,0,0,0,0,0,0,0,0,0,0,0,0,0,0,0,0,0,0,0,0,0,0,0,0,0,0,0,0,0,0,0,0,0,0,0,0,0,0,0,0,0,0,0,0,0,0,0,0,0,0,0,0,0,0,0,0,0,0,0,0,0,0,0,0,0,0,0,0,0,0,0,0,0,0,0,0,0,0,0,0,160053
0,0,0,0,0,0,0,0,0,0,0,0,0,0,0,0,0,0,0,0,0,0,0,0,0,0,0,0,0,0,0,0,0,0,0,0,0,0,0,0,0,0,0,0,0,0,0,0,0,0,0,0,0,0,0,0,0,0,0,0,0,0,0,0,0,0,0,0,0,0,0,0,0,0,0,0,0,0,0,0,0,0,0,0,0,0,0,0,0,0,0,0,0,0,0,0,0,0,0,0,0,0,0,0,0,0,0,0,0,0,0,0,0,0,0,0,0,0,0,0,0,0,0,0,0,0,0,0,0,0,0,0,0,0,0,0,0,0,0,0,0,0,0,0,0,0,0,0,0,0,0,0,0,0,0,0,0,0,0,0,0,0,0,0,0,0,0,0,0,0,0,0,0,0,0,0,0,0,0,0,0,0,0,0,160061
-40,10,-95,0,-12,0,-63,-78,7,0,13,-97,-3,-51,-86,-15,-6,14,-24,6,-15,-16,42,38,4,-41,-15,3,22,9,18,-76,-65,-9,-100,-44,15,-33,-22,27,100,-24,-39,-90,26,29,20,39,-15,14,1,-56,-86,58,-28,38,-18,0,-6,0,-1,-28,-100,-100,-47,-16,0,-92,61,47,54,-10,-44,-69,24,22,13,-56,7,-7,-9,75,-4,-85,68,-11,100,-4,71,12,66,68,0,-23,46,58,-20,18,52,-75,-54,18,-21,-35,-84,-99,55,31,-100,51,2,0,-29,-90,-23,0,-52,0,-30,3,3,-15,-15,5,79,8,15,0,5,-10,-37,6,-100,-39,-6,-15,54,-22,4,-20,100,21,-66,-8,2,57,-100,0,84,-44,0,41,15,0,-56,-30,32,-10,26,14,-12,-11,31,-96,-39,48,-34,-31,-61,-100,9,-100,31,32,-76,0,50,40,8,100,-51,11,-51,-100,160075
0,0,0,0,0,0,0,0,0,0,0,0,0,0,0,0,0,0,0,0,0,0,0,0,0,0,0,0,0,0,0,0,0,0,0,0,0,0,0,0,0,0,0,0,0,0,0,0,0,0,0,0,0,0,0,0,0,0,0,0,0,0,0,0,0,0,0,0,0,0,0,0,0,0,0,0,0,0,0,0,0,0,0,0,0,0,0,0,0,0,0,0,0,0,0,0,0,0,0,0,0,0,0,0,0,0,0,0,0,0,0,0,0,0,0,0,0,0,0,0,0,0,0,0,0,0,0,0,0,0,0,0,0,0,0,0,0,0,0,0,0,0,0,0,0,0,0,0,0,0,0,0,0,0,0,0,0,0,0,0,0,0,0,0,0,0,0,0,0,0,0,0,0,0,0,0,0,0,0,0,0,0,0,0,160090
100,100,100,0,45,0,49,27,-5,0,50,2,11,22,86,-11,-6,15,-83,-33,-17,100,43,-47,-18,27,100,0,11,33,100,-49,0,18,0,45,57,65,9,63,41,42,10,11,63,-19,-83,45,-80,34,100,-55,-60,-4,29,-85,61,0,64,-2,100,-35,-38,22,-10,60,0,28,-19,-48,43,21,42,20,-23,34,15,-10,100,44,-5,62,-5,85,58,-14,-90,60,60,-8,100,-74,0,100,34,59,27,70,-23,-96,100,34,48,100,-100,-95,63,100,88,34,-7,-26,17,63,100,-1,27,0,26,-71,-3,-60,-14,57,-32,-29,-46,0,-26,37,-34,52,-38,100,100,3,18,-14,100,100,100,58,16,38,-27,100,100,0,-32,1,-26,-10,37,66,52,46,73,-27,56,-36,-47,51,-75,-31,-27,-9,-14,-79,100,63,0,91,100,12,9,0,64,11,-51,-97,20,-47,25,-34,160102
12,100,-8,0,12,0,-76,73,-12,0,82,1,10,49,32,2,27,-56,-47,21,-23,28,-50,-65,100,-7,62,0,-26,31,-37,-61,-3,30,-85,82,-79,14,81,35,58,0,81,-49,34,20,-47,5,68,34,34,-41,-63,-16,29,23,54,0,-52,3,37,54,2,4,-3,87,-1,4,15,-65,-49,93,-1,75,-57,8,-55,-3,100,9,-1,89,29,30,59,1,69,51,-60,-13,19,0,-1,14,33,60,50,100,-56,53,50,7,71,50,-88,52,44,59,32,36,8,-29,25,-100,63,0,-7,0,26,38,-17,-41,45,-32,-72,-37,-55,0,-11,-9,55,90,1,0,-32,-30,31,45,85,0,18,-32,5,-9,-13,100,100,0,-71,1,-29,0,89,17,-76,80,100,-26,-79,-56,7,76,0,100,25,0,-22,68,100,-100,35,35,83,33,-51,0,44,11,-60,52,93,6,9,-85,160103
-94,79,40,0,44,0,0,-40,-24,0,25,62,1,14,-81,51,12,-52,-100,-9,-20,100,-28,-86,-46,-56,93,-1,-84,18,100,-9,-5,26,-8,1,45,17,-74,56,36,12,-79,-7,53,54,-100,95,71,21,0,26,-53,-5,-2,3,85,0,-37,8,-1,38,100,-6,-41,-30,0,100,68,-100,-17,22,-17,-27,-36,-6,-51,-42,79,35,7,-35,3,-60,29,-8,-15,77,-4,-31,-60,16,4,100,-8,29,30,100,-34,-23,100,10,57,100,-84,-32,48,33,-64,-7,-7,0,66,-45,99,8,-58,0,32,11,-1,49,-14,-66,-86,-30,17,0,-18,3,10,83,100,39,75,-22,90,-3,22,45,-59,-53,48,-4,-26,-49,26,0,-47,61,-25,-12,55,30,0,0,100,0,41,20,54,20,21,-25,-33,19,-21,80,34,-50,-9,-78,47,83,-2,0,57,52,-1,-8,15,64,-16,0,160107
-60,100,-27,0,77,0,35,100,-6,0,33,26,17,-2,100,53,-14,26,-100,-27,-8,-95,79,30,-1,3,49,-10,-12,35,-2,-21,2,6,-100,20,-6,59,50,8,67,-38,49,-30,10,-60,-100,7,56,42,-100,-17,-33,-42,-86,0,56,0,-89,5,0,19,-100,-100,13,100,-2,-9,-59,49,100,66,-48,25,-56,0,67,74,100,35,13,100,20,100,84,22,54,60,-1,15,-59,98,-7,23,64,96,-22,100,-5,-1,-7,-6,66,12,43,9,62,22,100,59,14,-82,22,-100,83,0,-7,0,-49,-70,-34,-100,-13,45,87,-47,-21,0,-21,19,45,-51,-80,27,-2,65,52,0,35,-27,-81,62,9,38,-22,16,100,0,100,20,-50,67,-25,55,0,48,56,-52,0,-58,8,100,78,5,-10,84,-17,18,100,-100,10,95,100,72,8,0,31,-6,-34,-13,32,0,-99,-82,160110
0,0,0,0,0,0,0,0,0,0,0,0,0,0,0,0,0,0,0,0,0,0,0,0,0,0,0,0,0,0,0,0,0,0,0,0,0,0,0,0,0,0,0,0,0,0,0,0,0,0,0,0,0,0,0,0,0,0,0,0,0,0,0,0,0,0,0,0,0,0,0,0,0,0,0,0,0,0,0,0,0,0,0,0,0,0,0,0,0,0,0,0,0,0,0,0,0,0,0,0,0,0,0,0,0,0,0,0,0,0,0,0,0,0,0,0,0,0,0,0,0,0,0,0,0,0,0,0,0,0,0,0,0,0,0,0,0,0,0,0,0,0,0,0,0,0,0,0,0,0,0,0,0,0,0,0,0,0,0,0,0,0,0,0,0,0,0,0,0,0,0,0,0,0,0,0,0,0,0,0,0,0,0,0,160128
0,0,0,0,0,0,0,0,0,0,0,0,0,0,0,0,0,0,0,0,0,0,0,0,0,0,0,0,0,0,0,0,0,0,0,0,0,0,0,0,0,0,0,0,0,0,0,0,0,0,0,0,0,0,0,0,0,0,0,0,0,0,0,0,0,0,0,0,0,0,0,0,0,0,0,0,0,0,0,0,0,0,0,0,0,0,0,0,0,0,0,0,0,0,0,0,0,0,0,0,0,0,0,0,0,0,0,0,0,0,0,0,0,0,0,0,0,0,0,0,0,0,0,0,0,0,0,0,0,0,0,0,0,0,0,0,0,0,0,0,0,0,0,0,0,0,0,0,0,0,0,0,0,0,0,0,0,0,0,0,0,0,0,0,0,0,0,0,0,0,0,0,0,0,0,0,0,0,0,0,0,0,0,0,160137
0,0,0,0,0,0,0,0,0,0,0,0,0,0,0,0,0,0,0,0,0,0,0,0,0,0,0,0,0,0,0,0,0,0,0,0,0,0,0,0,0,0,0,0,0,0,0,0,0,0,0,0,0,0,0,0,0,0,0,0,0,0,0,0,0,0,0,0,0,0,0,0,0,0,0,0,0,0,0,0,0,0,0,0,0,0,0,0,0,0,0,0,0,0,0,0,0,0,0,0,0,0,0,0,0,0,0,0,0,0,0,0,0,0,0,0,0,0,0,0,0,0,0,0,0,0,0,0,0,0,0,0,0,0,0,0,0,0,0,0,0,0,0,0,0,0,0,0,0,0,0,0,0,0,0,0,0,0,0,0,0,0,0,0,0,0,0,0,0,0,0,0,0,0,0,0,0,0,0,0,0,0,0,0,160138
-1,100,-100,0,80,0,-94,39,71,0,29,29,89,16,-14,-5,48,-76,-19,2,-20,29,-79,-70,73,-3,90,-2,-100,9,-24,-100,-100,100,8,38,45,23,76,45,83,37,74,-86,46,23,-18,20,35,10,0,-48,-100,-19,58,2,100,0,-100,11,0,100,5,-22,-49,58,1,-29,22,-70,-79,93,37,40,-63,26,-76,-50,100,82,0,60,48,-15,44,12,100,100,-100,69,-38,16,0,-10,23,46,18,75,-63,98,100,24,55,100,78,97,-1,100,-93,21,13,0,100,-100,93,-1,-2,0,54,0,-19,-40,76,6,-53,-83,58,0,-9,-19,100,100,0,-84,-24,-18,44,75,100,-86,-39,6,-1,-18,-10,100,37,0,-53,26,-75,4,98,24,-88,36,74,0,41,58,1,62,17,75,6,5,-18,35,38,-100,37,-93,100,44,-86,0,0,89,-57,100,91,2,-20,7,160177
0,0,0,0,0,0,0,0,0,0,0,0,0,0,0,0,0,0,0,0,0,0,0,0,0,0,0,0,0,0,0,0,0,0,0,0,0,0,0,0,0,0,0,0,0,0,0,0,0,0,0,0,0,0,0,0,0,0,0,0,0,0,0,0,0,0,0,0,0,0,0,0,0,0,0,0,0,0,0,0,0,0,0,0,0,0,0,0,0,0,0,0,0,0,0,0,0,0,0,0,0,0,0,0,0,0,0,0,0,0,0,0,0,0,0,0,0,0,0,0,0,0,0,0,0,0,0,0,0,0,0,0,0,0,0,0,0,0,0,0,0,0,0,0,0,0,0,0,0,0,0,0,0,0,0,0,0,0,0,0,0,0,0,0,0,0,0,0,0,0,0,0,0,0,0,0,0,0,0,0,0,0,0,0,160183
0,0,0,0,0,0,0,0,0,0,0,0,0,0,0,0,0,0,0,0,0,0,0,0,0,0,0,0,0,0,0,0,0,0,0,0,0,0,0,0,0,0,0,0,0,0,0,0,0,0,0,0,0,0,0,0,0,0,0,0,0,0,0,0,0,0,0,0,0,0,0,0,0,0,0,0,0,0,0,0,0,0,0,0,0,0,0,0,0,0,0,0,0,0,0,0,0,0,0,0,0,0,0,0,0,0,0,0,0,0,0,0,0,0,0,0,0,0,0,0,0,0,0,0,0,0,0,0,0,0,0,0,0,0,0,0,0,0,0,0,0,0,0,0,0,0,0,0,0,0,0,0,0,0,0,0,0,0,0,0,0,0,0,0,0,0,0,0,0,0,0,0,0,0,0,0,0,0,0,0,0,0,0,0,160202
0,0,0,0,0,0,0,0,0,0,0,0,0,0,0,0,0,0,0,0,0,0,0,0,0,0,0,0,0,0,0,0,0,0,0,0,0,0,0,0,0,0,0,0,0,0,0,0,0,0,0,0,0,0,0,0,0,0,0,0,0,0,0,0,0,0,0,0,0,0,0,0,0,0,0,0,0,0,0,0,0,0,0,0,0,0,0,0,0,0,0,0,0,0,0,0,0,0,0,0,0,0,0,0,0,0,0,0,0,0,0,0,0,0,0,0,0,0,0,0,0,0,0,0,0,0,0,0,0,0,0,0,0,0,0,0,0,0,0,0,0,0,0,0,0,0,0,0,0,0,0,0,0,0,0,0,0,0,0,0,0,0,0,0,0,0,0,0,0,0,0,0,0,0,0,0,0,0,0,0,0,0,0,0,160212
12,-29,10,-17,10,2,-21,51,-1,76,-16,37,-47,-3,77,12,-28,-6,-17,-1,-1,31,7,9,21,58,-46,-28,-36,-1,-24,15,-31,22,-39,6,-75,34,-33,-2,-65,-84,-16,72,-25,12,0,22,74,-12,23,83,3,-79,-15,-39,-11,4,15,11,19,-22,-50,44,-13,-31,-29,26,12,11,9,4,-75,37,-28,-100,-2,-3,-15,-5,25,-37,-25,82,-37,21,46,-8,4,0,9,-3,-49,26,-63,-66,-6,-21,-31,11,-54,-100,-39,-31,27,15,-52,24,67,-45,-4,66,-34,-20,-18,-41,79,27,32,-48,-81,65,21,21,-16,7,22,-18,79,75,-11,34,-38,51,71,31,11,27,-4,30,2,24,12,60,74,-96,-96,76,-13,7,4,-45,30,36,-47,17,-34,82,-79,11,14,-43,-13,26,12,-47,1,81,-100,-23,-31,63,-2,25,83,29,-44,-45,1,46,13,15,22,-49,179765
12,-8,66,-25,11,-11,-24,-5,-7,-12,-36,65,-18,-41,30,25,-20,-26,-13,-3,-4,42,52,17,30,-2,19,-27,-63,-72,4,39,-36,34,-52,36,-32,65,-16,49,-100,-76,-11,100,39,94,10,31,72,-49,-31,70,30,-87,19,14,-3,-9,26,2,-37,-7,-10,5,0,-28,-27,29,94,21,44,30,-73,-9,-65,-28,-34,16,-18,7,10,-28,-27,30,-8,8,40,-28,25,-9,6,7,-50,34,12,-3,-34,18,-78,-13,-68,-52,-48,-79,-24,0,-71,35,79,18,-2,62,5,-48,19,-46,0,16,46,30,-90,71,-90,32,12,-14,-20,-25,91,-42,16,60,-12,36,-43,7,-4,-80,13,37,10,40,27,-68,89,-51,32,-13,6,67,-21,-60,33,60,-19,40,19,56,-29,-25,5,-47,3,31,2,-55,-2,73,31,-40,-20,76,14,-10,100,16,-65,-29,-5,45,32,8,-13,-52,189805
23,-22,65,0,-41,-1,-36,-33,50,22,15,77,69,-58,80,11,20,5,-58,14,-47,54,64,32,22,-18,12,-11,-34,-63,37,23,-22,3,-1,36,-45,43,-9,-5,-47,-2,-8,89,-24,24,-52,22,38,-55,25,80,24,-81,3,19,-32,-2,20,2,24,-23,-31,52,49,52,-14,24,18,32,67,-15,0,-36,6,55,5,45,-36,-43,15,50,16,80,-61,19,54,-28,15,38,18,-9,-17,55,32,-58,-49,7,6,29,-6,42,-16,-11,62,34,-17,39,100,34,-45,36,25,-13,11,-16,-12,4,19,26,-82,77,-71,23,35,-4,-31,0,44,-1,-21,39,-33,57,3,19,-66,-68,19,55,12,31,12,2,46,-29,13,22,39,81,-1,14,12,42,-43,37,1,33,-45,-35,-12,-13,-11,24,16,18,-45,41,27,-16,1,100,19,-65,92,3,-14,69,-25,55,-12,-11,62,-1,197781
19,-24,89,-31,-15,-17,-11,-7,-2,10,-62,68,38,-50,-37,31,-18,-33,-19,-4,-40,11,57,22,10,-13,10,-3,-33,-53,13,51,8,47,-48,17,-100,46,-42,63,-74,33,-38,100,58,59,-17,21,36,-47,-30,60,52,-99,8,-28,-8,-17,35,1,-27,100,-36,49,-19,21,-3,18,73,22,64,11,24,-11,-9,-37,-25,-7,-33,-31,16,13,-34,-44,26,15,34,-8,31,-24,18,12,-23,17,51,49,-43,54,-9,39,0,-56,-6,-3,31,38,-81,46,62,40,-85,54,-15,-31,18,-19,-2,24,22,1,-97,60,-49,50,8,-6,1,-32,73,-34,100,77,-39,13,-56,23,-52,-54,24,17,15,54,31,-53,75,-64,36,11,11,93,-10,-66,37,46,-7,19,52,44,-91,-11,9,-3,11,13,-6,-70,-36,36,49,-32,3,65,24,-50,100,26,-86,47,-21,33,12,10,54,-50,199158
4,-17,41,-17,9,-13,-27,23,25,-4,27,31,41,-7,51,6,-23,2,-97,11,-27,33,56,-11,10,-4,24,-9,-65,15,0,29,0,5,-59,38,41,48,22,-1,-99,61,20,87,-4,87,-97,18,68,28,-37,81,24,-90,39,26,14,-14,27,-13,-42,-24,50,5,60,53,-5,14,98,-8,57,20,62,22,4,16,2,57,-24,9,-8,36,-26,53,36,-6,26,4,29,30,5,-25,-8,21,54,43,-3,-34,0,54,-33,2,-9,-27,-20,55,39,46,52,53,20,2,9,-53,23,-5,-5,19,46,49,-92,84,-25,6,-40,2,26,-15,46,-61,-23,15,44,6,-48,18,-5,-25,21,8,6,12,10,-66,45,-16,27,-4,-42,44,15,-43,8,51,-30,38,-34,-2,41,34,-17,-10,-24,10,9,-42,-26,65,30,-50,-45,52,19,-6,89,19,42,45,7,28,15,-21,4,-65,203004
-8,80,-7,-5,2,24,-37,2,-10,18,72,27,58,11,20,0,32,21,32,-7,12,31,37,48,-7,19,-2,-22,-13,31,-50,15,10,-16,-6,0,-19,13,0,-15,91,-11,-2,11,-15,-9,43,16,30,32,6,45,20,-24,-31,-37,-16,25,11,-9,6,-36,-1,4,-7,6,-23,11,-12,41,38,-14,-15,5,-5,32,21,-8,85,5,-3,18,42,15,2,-1,-11,-29,11,-17,32,-15,-34,30,36,-16,12,-15,-9,0,-34,20,33,-46,-2,-2,23,-30,24,33,15,40,-26,-2,-5,-37,28,-13,-31,-37,-29,42,-2,9,23,-54,-20,-7,14,32,-35,-20,0,40,3,-4,13,-12,13,40,28,8,1,36,16,-35,39,21,27,31,-51,44,63,13,-41,-4,-18,44,-22,-16,-45,39,-13,-5,-14,55,11,30,49,-4,-57,34,9,11,10,-9,19,56,23,-10,-18,-36,22,-9,203299
-7,-10,39,-17,-14,-4,-45,-58,-20,-11,-18,30,52,-7,-7,24,20,25,28,0,-1,30,26,35,-25,9,16,-15,-25,-75,19,27,-49,4,-70,-21,-14,70,-30,34,4,-21,-26,78,36,24,32,24,17,-74,-14,26,26,-86,-2,21,-44,-3,52,-5,-12,-10,41,-18,-37,36,-12,19,26,36,25,-7,-17,-64,-8,-75,25,-35,-15,-13,0,34,28,-8,-65,8,13,-35,47,-12,11,4,-23,33,55,-64,-14,16,-9,10,-83,-89,52,-85,-47,10,8,5,-47,55,28,36,54,-28,15,-15,9,12,3,22,-85,26,8,16,-31,-8,21,-17,23,-81,-11,26,44,2,-8,12,-1,10,13,0,9,17,26,-84,20,26,-18,-11,-32,21,-14,-17,38,70,-46,-22,14,39,-12,20,-25,51,4,-22,2,-20,-1,18,-23,-31,-33,-48,16,-2,81,12,13,48,23,14,-7,-27,-27,-70,204280
14,14,72,-8,3,-5,-7,-15,5,7,21,86,70,-81,-48,19,-58,-29,-82,4,-46,62,65,39,20,-58,-10,-1,-80,-61,-17,36,-15,24,-13,31,-61,74,-24,36,-60,4,-16,99,33,59,-56,29,50,-69,-4,40,26,-75,-31,-18,-33,-3,22,-20,-7,26,-14,41,-10,-11,-1,26,48,45,59,7,17,-22,-29,51,-35,11,-20,2,-13,-11,-53,-48,7,-10,47,-38,23,0,-9,-6,-15,55,25,14,-78,30,-37,13,-28,44,-11,-41,49,23,-20,47,65,32,-40,62,-3,-39,5,-14,-59,9,-14,-34,-78,40,-84,17,58,-27,-16,-9,10,27,38,8,-16,44,11,31,-32,-58,9,42,-1,18,21,-1,8,-24,63,8,54,83,-19,-53,19,67,-7,40,31,62,-56,-19,-20,-18,-14,23,18,-46,-45,56,60,-32,0,66,8,-30,100,10,-13,55,-18,51,15,-19,32,-9,205288
22,21,55,-6,8,5,-5,-61,-7,28,8,26,30,-17,86,8,-8,43,19,-3,3,47,37,54,-10,8,1,7,35,0,-8,6,41,10,-52,3,32,68,-10,-4,44,-61,-11,57,-4,72,30,14,13,3,4,6,9,-49,30,40,-58,6,27,-9,8,-45,43,-2,-18,0,9,8,74,52,40,-1,-60,-67,-17,61,45,-23,9,8,-7,14,-3,87,65,-6,-5,-47,27,-9,48,15,-1,49,8,64,-13,64,-16,-27,-39,42,39,-39,-65,-28,33,37,13,12,-82,25,14,28,4,0,11,-23,31,46,-51,3,-51,52,-15,19,12,-6,4,62,-48,100,44,31,24,2,14,-47,7,30,48,52,13,62,0,64,16,27,-10,31,25,36,66,68,-5,0,63,26,33,5,22,40,14,-12,-4,39,6,12,29,30,31,18,7,3,57,-24,31,27,7,-4,-2,20,8,-57,206626
18,-5,36,-30,4,-9,-47,-4,-28,8,61,48,67,-19,-49,31,-13,0,-16,4,-1,28,49,70,43,9,17,-23,-58,-72,-35,27,-5,56,-30,36,-73,54,-17,29,-82,-35,-13,90,30,48,-6,43,52,-53,-18,60,26,-61,-1,-67,-47,-8,9,12,-16,35,-69,17,-42,36,-22,37,47,74,54,33,-45,-11,-49,85,7,-46,-5,-4,19,30,-9,-48,2,15,36,-65,8,-16,-14,33,-25,28,21,9,-17,27,-44,0,-63,67,39,-65,19,3,-53,51,10,24,-23,33,23,-45,18,-21,10,13,8,-59,-59,60,-50,29,36,0,-43,-29,53,-72,24,38,-75,-4,-19,4,-14,-40,9,-2,-14,37,32,-89,52,-17,43,9,33,51,-7,19,39,42,-45,36,27,14,-61,-37,-13,33,30,45,6,19,2,53,59,-43,-6,10,7,-18,91,14,-56,55,34,38,33,-16,19,-32,207431
7,29,37,-15,9,32,39,-23,7,21,14,5,81,-12,-20,11,12,12,-46,3,19,23,19,58,-5,13,-9,-21,-2,96,17,18,-18,27,-46,7,-42,48,-10,39,-88,47,-12,40,41,74,-47,25,34,100,-11,23,20,-76,71,17,5,31,15,-2,-8,11,-15,-25,-33,6,-26,22,84,54,24,21,42,-24,12,43,15,-35,28,11,1,10,3,-24,-17,1,3,-6,15,5,24,29,-18,25,16,-22,-5,62,16,44,20,35,24,26,14,38,-52,33,-26,14,-100,38,10,-11,-11,-19,9,0,67,27,-75,24,28,15,25,-15,26,-18,42,-6,1,34,-13,37,-20,13,30,23,6,41,25,12,11,5,40,-9,-24,22,27,5,-11,-25,42,49,37,5,58,37,-40,25,-18,26,30,-6,2,-25,20,33,-16,-11,1,-22,7,22,41,-1,-51,83,31,5,22,-16,-14,-46,209316
0,-66,29,-13,-9,-11,-18,-30,0,-4,68,57,23,-79,17,10,-5,-29,-52,-5,-44,72,77,14,21,-27,24,-14,-93,-5,-48,11,-49,26,0,45,-40,17,-52,0,-77,-9,-47,79,-13,57,-46,16,38,-2,-4,1,7,-89,-12,-76,-37,-10,32,-8,-4,19,-35,95,47,56,-14,15,60,20,76,-5,-14,-32,16,6,-35,48,-69,-18,-1,44,-12,9,17,-3,33,-46,28,-16,-24,-13,-49,70,26,9,-78,50,9,14,-20,-10,-74,-29,14,23,-39,3,100,28,31,62,4,-48,27,-50,-27,15,-5,-70,-84,7,-69,-4,40,-15,0,-12,56,5,26,55,-34,69,13,-11,-57,-67,-2,52,-22,0,15,1,57,-66,32,-3,32,61,-10,-30,16,18,-31,45,46,60,-43,-2,-33,-77,-19,22,0,-32,-43,42,35,-49,-31,99,-1,-52,84,15,-39,16,-21,37,-3,-32,100,-4,209483
44,-13,46,-16,-22,-2,-21,-40,-10,-11,-6,62,100,-73,-54,38,-19,-77,-100,-38,-8,48,30,69,4,-98,13,-19,-23,-68,-48,46,61,60,-54,5,-48,57,-36,12,-38,88,-31,94,15,61,-100,17,84,-67,-16,37,42,-92,-22,13,16,-3,38,-3,-12,-18,-4,63,-26,54,-19,18,58,66,25,15,81,-48,-9,47,-87,-12,-13,-24,8,45,-1,-68,46,9,27,16,35,-17,-9,16,-49,50,27,38,-68,27,-12,15,33,26,-25,46,7,26,-49,39,83,22,-100,80,-26,-13,10,-52,-100,33,-24,8,-91,39,-96,58,-1,-46,-3,-15,77,-13,-8,70,-3,86,-2,10,0,-83,15,72,-1,58,40,-27,75,-71,30,-10,-9,63,-40,-72,23,47,-18,12,24,74,-43,-11,-18,-26,11,6,-28,-69,-6,88,24,-10,-13,79,17,0,99,32,-43,100,2,30,19,-13,67,-52,209830
24,-29,90,-7,44,-15,-70,-20,-3,41,58,22,24,7,-37,11,-19,39,-51,-10,-22,36,69,60,23,-46,-11,-26,-58,-17,16,46,-25,-37,-58,30,-69,76,-27,47,-33,21,-17,76,42,31,-5,32,70,-17,-9,83,33,-65,-7,-82,66,-13,17,-7,-16,40,8,12,-6,44,-27,35,41,57,72,52,10,-26,15,60,42,-3,-39,45,9,31,-12,-39,12,14,32,57,8,-13,-2,-36,-1,28,8,17,10,5,10,31,2,61,-37,-6,-10,38,-43,42,87,11,-1,74,-12,-27,-9,-4,-33,32,-15,-62,-71,72,-48,13,78,-36,36,-8,42,-1,51,45,12,37,-40,22,3,-58,21,34,1,17,9,-14,44,-57,11,44,81,29,-20,-65,45,75,-73,41,-1,82,-72,23,16,-24,-40,28,1,-54,-20,75,23,-24,-17,78,20,-1,80,32,-38,28,0,32,60,4,9,-60,209885
31,-44,37,-39,-46,0,-30,6,-42,-35,-70,44,3,21,-52,27,21,-70,-37,-24,-25,43,40,91,26,-5,-35,-25,-63,-41,-30,42,-58,58,-66,29,-69,41,-35,8,-84,-50,-20,100,0,58,-6,44,82,-35,-34,75,32,-67,-9,-24,-47,2,20,0,-34,-29,-81,-20,-51,-22,-24,46,63,94,31,16,-54,-7,-78,-56,-77,-31,-65,-55,10,-17,9,-54,-12,10,24,-49,12,-39,-4,23,-69,44,39,-26,9,18,-91,16,-78,-84,-2,-98,1,31,-97,35,58,46,-6,74,-25,-35,-21,-77,-13,19,6,-13,-77,69,-32,17,49,-41,20,-38,91,-61,-10,16,-76,34,-20,12,-20,-8,9,28,-4,28,28,-85,90,-65,32,-35,44,41,-39,5,19,38,-31,36,12,75,-76,-3,-4,1,9,32,-7,23,-22,89,37,-32,-16,55,8,-33,100,19,-86,-2,12,26,23,-20,-28,-63,210747
19,-4,79,-24,-3,-8,-43,-4,34,33,41,83,48,-44,-8,13,0,-4,0,12,-8,46,58,82,30,27,38,-31,-67,-27,-8,28,-1,4,19,37,10,59,10,36,-28,-39,4,96,30,53,-3,19,71,-25,-1,29,22,-85,11,-25,-24,-8,11,-37,-9,-70,-31,11,-9,56,-30,18,53,84,64,12,-46,5,-27,13,-5,-18,-11,-2,-36,36,-11,-7,8,-23,44,-36,14,41,-3,-31,-49,36,44,4,-44,5,-30,34,-100,2,-52,-92,-9,42,32,48,100,42,-31,56,7,-27,39,-49,13,-2,14,-21,-89,38,3,32,66,-26,-12,-23,79,-62,-76,5,-36,62,-7,17,-21,11,5,69,7,36,14,-46,81,-29,3,33,70,78,-28,-11,23,54,-31,39,10,57,9,-13,-26,-51,-27,32,13,-3,-5,69,38,-19,-8,100,3,-21,95,-1,37,55,-18,45,11,-19,39,26,211107
6,-40,53,-26,-38,-16,-80,-33,-32,9,74,83,-47,-33,-5,27,-31,-56,-68,-10,-8,39,26,14,22,-11,-5,0,-88,-8,-18,41,-9,39,-73,18,-29,49,-29,-12,-70,-23,-26,100,-1,55,-61,38,64,0,-27,68,40,-91,-11,41,-52,-15,38,-3,-25,6,-47,39,-23,36,0,36,62,20,27,5,-30,-36,-32,-100,-57,-20,-47,-32,16,10,-43,-16,24,20,28,-55,37,-33,18,3,-60,42,29,15,-41,53,-35,-16,-77,-100,-51,-81,9,-20,-16,43,53,33,-45,4,3,-56,3,-56,-17,3,13,32,-84,64,-67,33,8,-37,-8,-27,41,-36,4,52,-47,40,-37,1,-25,-74,16,43,20,41,25,-61,39,-54,71,10,6,88,-37,-68,44,34,-77,21,53,10,-32,-5,-23,-55,1,22,-9,-75,-7,65,87,-53,-10,42,17,-15,100,4,-13,-47,-12,27,6,-20,50,-70,211857
-22,15,83,-33,-25,28,40,50,-25,15,-70,14,13,-2,34,6,-1,-32,22,8,39,54,0,21,16,27,14,-49,-27,-69,8,34,-11,-21,39,40,-18,-32,54,-11,-58,-17,46,83,-8,3,40,18,52,-58,29,54,31,-52,21,12,-10,29,-2,0,27,-79,-22,52,-25,0,-47,25,26,20,3,34,-21,60,-9,-58,-26,-35,19,0,4,0,-4,37,-35,3,25,-11,-3,-3,17,10,-58,46,-19,-33,35,2,-14,-8,-76,-64,26,-78,-13,1,-100,-63,35,-21,-43,41,25,16,33,-58,31,24,2,3,-50,68,-77,21,-13,-8,-4,-30,82,6,-72,13,-25,44,-33,0,6,-74,24,52,21,16,5,-18,86,-57,2,15,-10,28,11,19,20,-15,47,38,3,46,-20,-17,-15,22,16,21,4,25,38,45,27,19,-83,35,24,2,80,23,-96,-8,-3,25,23,-24,75,38,212830
20,18,84,-27,-17,-4,22,45,19,52,20,77,84,-14,36,23,-51,17,-67,11,-34,32,91,0,14,-2,4,-21,-35,-48,-3,34,-23,21,-1,32,-69,67,-11,20,-88,2,-7,91,13,51,-57,2,51,-37,-38,61,30,-100,45,74,-29,-5,41,-15,-40,68,-29,87,-11,36,-19,3,59,-4,93,13,0,41,27,33,24,-15,19,-31,-8,25,-59,40,-1,-11,55,-39,38,17,2,-6,-14,30,40,8,6,16,18,36,-52,28,-16,-38,22,41,-19,69,100,42,-72,-14,-5,-28,11,-17,13,6,44,73,-100,56,-57,30,46,17,-6,-28,45,-17,76,19,-27,19,-34,18,-29,-61,16,18,0,39,26,0,45,-22,32,53,40,82,15,-75,25,57,19,37,12,-22,-71,-5,1,-14,-6,17,15,-68,-34,52,46,-28,7,95,14,-14,95,7,-16,82,-23,54,15,10,81,-7,213272
27,37,80,-31,1,14,-21,-32,6,7,45,24,45,-42,-19,30,-6,12,-15,-20,4,49,38,63,25,15,0,-15,-26,-13,23,31,56,44,-73,14,-46,47,0,22,-64,-31,4,95,20,73,1,44,67,-23,-15,72,29,-66,21,30,-9,14,30,-4,-15,0,20,-14,-36,25,-15,43,76,65,40,37,-29,-37,-9,-21,12,-35,33,2,-3,18,-10,-22,41,1,34,-3,27,2,25,43,-36,51,41,43,-39,41,-11,0,-53,-27,2,-57,-3,5,-13,9,11,48,43,42,6,-9,1,-36,19,13,19,44,-67,73,-36,43,33,-30,26,-31,45,-74,3,24,22,62,4,32,29,-32,25,60,21,44,33,-85,44,-19,51,7,36,37,-29,-26,37,45,-23,14,37,42,-49,11,2,0,40,25,-18,-25,2,69,52,-10,-28,8,26,29,98,14,-10,40,37,34,39,-2,-18,-74,213400
-2,16,46,-26,-22,2,10,-15,-3,8,-48,72,13,-12,-22,31,9,-9,-86,-31,-14,60,14,0,17,-46,2,-22,-76,82,-3,45,5,47,-72,0,4,69,-37,9,-73,36,-28,100,-4,83,-100,46,66,66,-38,76,39,-96,21,64,-4,1,35,-19,-41,-37,-4,10,-21,25,-22,45,91,-4,2,-2,25,-20,-8,66,-26,-15,31,-28,-6,12,1,-24,4,3,33,-14,31,5,-3,8,-45,54,81,-15,-16,68,-16,-14,-52,89,13,-72,-26,0,-44,26,28,84,68,52,42,-40,7,-60,-36,21,44,54,-100,70,-64,41,-20,-44,48,-27,84,-51,-11,75,-5,66,-16,10,-19,-71,28,63,0,47,32,-62,82,-32,74,8,-23,46,-19,-100,16,58,4,7,63,43,10,31,-34,25,3,20,-27,-99,-14,68,87,-38,-54,41,29,-43,100,22,-35,15,29,33,2,-23,23,-73,214975
11,47,34,1,-25,5,-2,-25,85,-16,55,97,27,-51,94,11,-20,4,0,20,2,45,53,-11,18,20,-16,-32,-29,-62,-30,11,-17,-19,95,38,-40,16,2,-34,-49,-47,5,44,-39,22,-5,16,30,-68,25,48,12,-66,49,63,-45,5,3,-2,26,-47,-73,52,12,60,-31,15,18,-11,56,-13,-38,-33,0,70,3,14,53,-19,5,47,-24,99,9,-2,52,-58,0,73,-38,-22,-8,49,-23,4,-44,1,0,21,-71,53,-2,-70,61,22,58,51,81,-19,22,55,6,13,-16,-2,26,-10,53,57,-65,46,-51,16,-11,16,-33,2,53,71,-42,-16,-75,65,-4,8,-11,-49,-4,60,-34,15,12,70,54,-12,35,-16,-9,90,20,61,10,20,-6,37,0,54,-36,-26,-36,-2,-24,19,24,64,2,32,28,13,7,83,-4,0,44,-9,57,35,-15,54,-12,-44,47,95,214989
32,-54,51,-24,-11,-20,-81,-65,62,27,41,66,33,7,74,19,-35,-21,0,-5,-8,93,19,-14,12,5,6,-32,-15,-24,-3,8,-3,3,15,39,-14,13,-28,-17,-20,-25,-12,69,-18,26,-6,22,28,-20,48,99,1,-63,-4,-3,-62,-17,40,4,47,-38,39,57,-14,58,-32,19,26,-10,20,-25,-17,-81,-34,30,-21,-15,-70,-24,18,50,-19,71,16,9,49,-52,31,52,2,14,-8,96,5,8,-18,-15,-30,-15,-54,34,-17,-54,52,-16,25,35,97,14,-42,30,10,18,10,0,4,22,11,5,-60,91,-88,14,-9,44,-63,-22,73,2,-39,10,44,66,54,49,30,-87,19,55,0,22,25,-6,69,-44,37,26,-11,52,38,5,43,9,-93,47,-21,26,-6,-54,-3,-23,2,14,11,0,-3,39,47,15,-17,93,19,40,77,22,33,32,-2,52,-13,-13,43,16,215334
54,-55,56,-39,-13,-17,8,-23,-9,-24,-21,45,83,-16,-50,34,3,6,-61,-18,4,55,100,87,17,-13,28,-5,-11,5,-30,31,49,50,-85,31,-57,49,-19,43,-67,3,-9,98,31,57,-42,36,85,11,-17,76,31,-80,11,-76,-20,-16,23,4,-13,67,-49,49,-13,51,-3,36,49,89,92,26,3,-28,-43,64,-4,-5,-75,-17,24,30,-11,-46,-12,30,24,-28,15,-2,27,41,-68,58,39,-26,-16,31,-50,44,-29,53,-18,-16,-19,60,-56,45,39,43,-47,95,-19,20,30,-61,-12,23,22,-73,-89,69,-69,32,85,-67,-19,-38,90,-23,79,62,-52,82,-11,-2,-16,-62,10,78,31,32,35,-22,89,-51,12,-23,78,46,-71,-60,24,54,0,34,28,86,-53,-29,-26,-16,34,22,-9,-48,4,93,25,19,-5,43,9,-12,100,23,-51,77,12,26,33,-27,25,-74,216461
17,39,-39,-4,-15,-19,36,21,-1,57,10,69,64,-33,20,32,-1,-1,-8,6,9,25,63,36,-2,-7,-40,-50,-46,-15,-57,24,58,52,23,18,-81,-3,-26,25,9,5,-39,50,1,42,-16,10,36,0,9,46,31,-54,-42,-52,-23,-16,8,-3,9,64,-67,4,7,46,-47,4,40,39,61,-38,21,27,-19,52,-6,13,29,-34,0,15,0,7,-5,-3,23,-43,18,-7,-29,9,-32,21,8,17,-8,-16,-21,35,-31,51,9,-61,22,37,-41,39,-14,7,45,55,-11,-7,-10,-41,-14,3,-50,-52,-38,55,-78,14,5,9,1,-4,82,4,76,14,-84,40,-13,9,5,-87,7,45,-31,19,34,3,80,-34,0,57,11,83,-9,43,11,-8,38,8,-16,28,-68,6,-16,0,20,-6,-8,25,8,29,1,-8,-14,-8,4,-7,49,5,-51,49,-30,26,-45,-4,3,17,216532
-3,12,69,-31,13,-19,-24,26,25,24,-54,65,37,-15,-29,17,15,5,-100,0,-9,25,97,26,24,-10,-7,-16,-76,-21,10,32,-24,22,-58,29,-56,32,-1,34,-93,61,-3,93,29,65,-93,42,82,-8,-29,81,26,-100,-4,78,-1,-16,11,-12,-36,39,22,87,56,45,-17,38,73,32,89,30,52,29,28,-41,-7,57,-10,6,-6,23,12,-27,-20,-5,23,-1,18,15,-26,16,-25,14,25,-17,-18,-42,16,49,10,-82,-50,18,19,53,29,11,32,33,17,48,25,-51,-10,-19,-25,10,5,90,-100,92,-6,-20,38,-10,1,-31,32,-1,30,-1,11,8,-27,-1,0,9,20,15,-14,-15,16,-6,34,-27,10,24,30,62,-14,-77,11,40,-14,29,-34,32,-48,-12,0,-54,16,23,-1,-77,-7,78,31,-44,-66,51,18,1,91,11,25,51,-6,29,23,-7,91,-59,217021
32,67,79,-32,5,-25,-54,-5,-3,38,-100,40,74,-29,33,14,1,29,15,13,0,57,41,-1,52,-36,-41,-66,-100,-61,16,34,-28,-49,24,63,-29,58,1,20,-22,-43,15,63,7,4,25,42,74,-63,39,58,33,-70,-40,-64,11,-22,20,24,40,-80,52,-21,-30,83,-63,45,0,-9,33,80,-38,-24,-78,-100,21,-14,62,-23,33,66,11,22,6,29,82,9,8,-8,-48,-25,-63,62,-36,7,-31,1,-85,-17,-15,-100,-79,-34,0,-12,-85,47,77,-30,-69,65,40,-28,-33,-63,-42,15,-18,-45,-72,46,-26,12,1,-46,8,-32,100,-23,-70,-11,66,54,-26,25,58,-30,28,57,-58,8,16,-41,100,-98,33,38,-1,46,-47,-58,30,49,-61,65,-10,72,-31,5,-31,-77,-32,58,23,-44,6,87,62,-38,-24,71,25,47,68,16,-84,61,7,80,89,-30,-18,19,219449
38,100,-42,0,-100,0,-76,100,100,0,25,95,100,-100,46,-4,-85,-15,-40,-32,-35,-19,13,-21,17,-13,60,15,58,8,65,-100,66,78,-32,4,4,17,6,38,70,98,7,-51,36,19,-41,0,12,8,21,-29,-100,-12,-72,89,32,0,-100,7,21,58,37,-12,-5,85,10,1,24,-21,11,14,98,100,-24,23,-15,-6,100,-99,0,86,-84,45,98,-2,98,33,-100,100,62,-21,11,-29,9,98,-100,58,-26,38,100,23,-8,100,-100,36,100,17,-32,10,-6,-38,0,-100,75,9,-11,0,-65,92,-7,-25,6,-11,-18,-100,11,0,-4,31,58,100,37,0,29,69,40,5,100,-3,63,-6,-1,35,-5,100,100,0,-19,100,-100,4,72,24,-79,2,57,-37,4,15,0,4,-22,-5,-28,3,-40,12,100,-100,-22,-34,100,45,-50,0,100,100,-94,89,14,5,-14,-23,220581
-100,100,-9,0,-3,0,-43,59,8,0,-52,78,-26,19,69,-46,-35,-42,-39,-31,-43,100,-33,-86,12,-26,-13,16,-81,-39,-100,-53,31,100,-14,-23,-19,0,63,33,95,-11,61,-23,35,15,-39,100,95,-34,4,100,-73,-24,31,55,100,0,-41,4,0,65,21,-14,-35,-16,16,100,16,51,-31,14,-11,60,-67,-41,-50,39,100,49,-2,-8,-27,67,83,24,27,100,-36,14,25,100,2,100,22,84,23,58,-31,-54,-58,-48,77,58,53,-58,94,-8,-52,21,-25,-38,72,-100,-11,3,-17,0,-19,53,-26,100,49,-13,-50,-70,74,0,2,-10,-98,100,23,70,100,-2,91,-30,96,63,26,-12,-24,-9,2,100,37,0,-28,75,-64,13,53,6,-43,-22,58,-35,-16,76,-31,79,100,12,-18,14,-41,95,56,-100,-57,-48,100,89,-27,0,95,-25,44,34,14,-31,-11,-18,223752
47,-3,68,-14,-7,-3,-69,-38,-3,21,-56,72,41,-25,1,34,9,-21,-91,-29,-33,57,40,-23,26,-98,34,-12,-33,-48,-5,36,19,59,-54,33,-45,22,-29,17,-27,48,-15,100,15,26,-70,40,63,-50,-13,86,29,-100,-25,25,-44,-2,34,-1,-12,-8,15,71,-7,-10,-9,39,25,-27,38,4,56,-54,-33,-43,-18,0,-5,-11,4,-5,10,0,-31,0,29,-43,31,-17,19,43,9,61,11,-27,-18,46,-44,0,3,-43,-66,-23,34,9,-38,46,62,15,-54,12,15,-15,35,2,-96,9,-8,32,-100,84,-100,5,-53,-25,30,-13,66,-28,12,37,16,42,-18,23,-35,-92,31,38,21,10,39,-49,65,-36,-25,21,-56,84,-28,-100,15,23,-67,42,45,9,-46,23,-11,-68,31,30,-17,-95,-34,70,-35,-14,-29,63,32,-36,100,10,-28,33,20,31,14,-17,57,-53,224013
11,-12,61,-49,-12,-36,-31,34,-71,-38,-47,54,87,-19,-95,41,0,-16,-91,-5,25,24,92,51,29,-78,26,-48,-52,-100,-31,46,-10,56,-49,7,-96,21,-28,-8,-100,58,-21,98,-25,51,-84,33,81,-100,-34,-19,46,-91,6,45,-3,-34,22,0,-30,100,-55,62,-33,33,-48,33,56,48,82,17,65,28,56,25,-32,-31,-26,-38,20,-5,-3,-100,16,25,25,-2,19,-74,-29,4,-78,28,57,26,-11,40,43,39,34,-2,3,26,25,51,-94,33,30,64,-67,77,-14,-49,37,-78,-90,52,40,50,-91,-19,-26,35,22,-41,-24,-50,86,-60,100,66,-58,21,-23,13,12,-22,9,23,-26,37,41,-61,85,-85,98,-36,28,57,-50,-100,32,21,-34,11,34,60,-84,-28,-3,1,1,34,-3,-100,31,87,100,-51,-14,28,7,16,97,56,-96,83,-19,28,22,0,52,-45,224841
8,-35,62,-21,6,-25,-8,-16,-23,-10,42,41,47,-13,-69,24,3,-17,7,7,-8,15,29,24,18,37,-19,5,-60,-96,-31,51,-42,0,-43,23,6,83,-12,16,-45,-10,-10,84,5,66,11,23,58,-93,-20,40,54,-91,-28,-59,16,-24,4,7,-19,-10,-3,48,-19,-21,3,24,76,42,21,69,-9,-19,-58,43,-29,-17,-40,8,27,-50,-4,-63,3,24,47,10,1,-16,-22,-3,-49,16,-35,2,-13,40,-71,9,-69,33,-8,-78,-38,26,-95,65,-42,-32,-63,93,-27,-32,-17,-55,7,21,-8,-50,-95,38,-39,46,-25,-56,39,-22,81,-91,-8,46,-2,34,-49,15,-35,-8,8,47,-20,46,25,-99,81,-53,21,-9,-33,34,-58,-27,35,89,3,21,40,94,3,42,-16,-16,-3,23,5,-23,-9,62,18,-32,-6,-46,7,-35,77,23,-86,30,16,43,69,-16,41,-39,224981
10,-48,75,-63,-12,-42,-93,-35,-20,-20,-8,80,58,-100,74,25,-8,-62,-37,-22,30,45,6,67,35,44,6,-46,-79,-80,6,40,-25,33,-84,20,-77,54,-26,40,-56,-68,-12,99,44,75,-10,54,79,-74,-18,84,38,-100,6,-19,-11,-38,23,11,-11,-86,-5,44,-32,-60,-42,51,76,87,4,21,-78,-47,-72,43,-66,-18,-69,-30,28,-69,-5,77,30,32,43,-3,14,-25,-10,25,-82,55,38,4,-100,5,-81,1,-80,33,13,-64,3,16,-10,12,73,45,-49,76,19,-58,9,-83,30,11,16,-17,-100,75,-4,19,15,-57,2,-62,52,81,-78,50,-5,56,-17,7,-12,27,5,52,-15,24,28,65,51,-78,8,-20,23,79,-63,-79,44,56,-100,24,0,69,-77,-12,-4,5,13,40,-11,-87,32,87,-32,-63,-53,67,7,-24,100,13,2,57,22,43,30,-15,28,-77,225161
38,25,-6,-10,50,6,-100,20,17,6,24,86,78,1,-2,8,-34,-33,-60,4,-37,36,80,33,39,-11,46,-20,40,-24,-73,25,21,-16,24,14,-1,49,22,49,2,39,26,36,51,-28,-46,-4,85,-26,14,54,17,-64,31,33,42,6,26,-8,6,29,20,80,-34,-15,-21,-7,-13,31,77,16,38,21,-26,40,-28,-25,17,44,-11,-13,-23,-4,79,-12,17,47,28,8,44,-36,-2,30,-3,72,1,-88,-29,36,38,30,-30,36,19,38,7,34,90,-3,-43,38,-22,-36,46,-11,-5,-13,21,43,-70,53,-64,28,34,-28,34,-8,39,33,36,17,29,12,33,17,-47,-69,17,2,51,30,10,24,40,-43,-22,6,28,79,-21,-22,31,48,-100,20,-89,41,-2,22,4,-23,-39,38,13,-15,-36,86,-3,-30,-8,86,18,-52,44,-13,10,77,-6,21,18,9,78,25,226037
30,10,69,-7,-22,4,-74,-1,33,18,-6,37,-25,20,-17,16,4,-50,-14,-12,-10,48,38,-14,14,-29,35,-7,-53,-37,-31,38,48,18,-24,19,-6,30,-17,-12,3,18,-12,83,-21,39,-17,18,81,-3,-10,82,32,-74,38,81,24,3,25,-11,-12,23,48,55,-47,29,-9,15,49,-15,32,-4,21,-6,-16,-3,-56,-37,30,-18,-12,13,3,-26,-7,-9,18,21,24,35,-3,-6,17,44,14,-3,20,9,-26,28,-34,-65,-49,-30,5,29,9,22,100,12,-47,17,3,-27,31,19,-30,41,23,91,-76,82,-100,39,-30,-20,42,-8,57,-81,32,21,49,36,-54,33,-12,-100,28,33,1,32,21,-88,56,-5,50,17,-28,51,-15,-56,11,31,-73,24,8,18,-11,20,-5,-44,-10,16,-7,-52,-11,82,60,-24,-24,98,28,-28,86,41,6,-27,6,20,-4,-5,50,-26,226228
13,-37,65,-26,-51,-19,-67,-6,27,29,64,78,59,-38,-42,25,-22,-30,-52,-3,7,15,59,-14,25,-76,-5,-32,-63,-55,-20,34,-14,35,-27,29,-25,36,-21,6,-49,54,-15,92,-1,33,-53,29,58,-46,-40,61,31,-98,2,-14,-25,-16,16,3,-41,59,-41,88,18,25,-28,27,46,-6,68,-1,55,-12,6,50,-28,15,-41,-54,2,-19,-40,-42,40,-2,34,-41,18,20,-33,7,-45,21,37,42,-37,-13,6,36,24,53,-58,21,40,37,-34,56,68,47,2,43,-1,-53,6,-52,-66,19,14,-6,-92,66,-100,15,-15,-16,5,-26,50,-4,59,2,-43,-6,-34,-3,-13,-100,8,-9,-29,24,29,-26,49,-29,15,30,0,88,-22,-53,7,27,-62,31,-11,30,-20,-5,0,-70,2,26,1,-65,5,60,20,-50,7,53,6,-23,93,21,-31,52,-10,40,2,1,90,-24,226370
12,-17,-5,-23,45,-40,33,-75,5,38,-9,62,36,13,40,22,18,17,84,28,84,36,84,21,-9,32,-52,54,-29,-97,3,22,-26,26,23,47,10,-9,33,21,-54,7,29,29,7,18,84,-10,16,-100,-4,70,20,-64,68,23,-11,-38,47,6,-8,6,78,41,-57,78,58,-17,27,19,81,14,6,-73,-68,-11,16,-50,-11,31,-1,71,22,37,-38,2,33,-17,49,0,69,-28,39,32,8,-32,12,41,-78,37,-81,-10,-43,-85,66,42,67,64,94,4,100,-9,29,8,-45,38,29,22,80,34,-64,87,-46,32,19,40,-37,-21,-33,-88,5,-67,76,26,-25,-23,-49,-44,32,27,67,37,31,-99,-33,-41,94,38,18,55,21,15,14,-14,38,42,45,-20,10,-33,13,-44,-28,-10,24,17,89,10,97,9,-2,93,33,-52,32,22,68,35,-7,37,5,10,38,11,228413
26,-39,50,-15,-100,-8,-74,-23,0,21,6,50,9,-54,43,31,-20,-21,10,13,-24,55,66,-12,44,-8,-35,-13,-41,-49,-38,26,-45,27,-8,47,-67,69,-11,34,-70,-28,-8,94,24,91,12,49,72,-40,-24,70,28,-69,-39,69,-38,-10,4,1,-23,-18,-82,17,-37,75,-12,44,96,-14,68,6,-36,-25,-19,-97,-17,-42,-57,-100,14,77,-43,44,-11,12,53,-58,3,-7,-2,2,-49,58,18,-12,-48,-25,-23,-10,-48,-100,-41,-45,12,-7,-42,62,99,16,-76,70,-24,-29,-32,-49,-3,7,-35,75,-69,71,-49,12,27,-6,-25,-16,87,-45,0,18,-82,36,-7,20,-24,-65,5,31,-1,12,31,-62,87,-25,71,21,33,69,-5,-67,-13,70,-78,47,-29,69,-66,-26,-59,-32,3,43,13,-65,-24,72,79,-32,17,94,6,-32,96,7,-43,9,0,55,6,-56,21,-11,229585
23,-42,91,-22,-7,-7,-29,-34,-5,10,26,29,86,-56,0,26,19,-24,-100,-28,-7,37,50,67,22,-62,13,-15,-12,-45,13,41,7,13,-79,3,-96,42,-20,9,-70,15,-18,100,-1,79,-99,31,70,-44,-27,46,31,-100,22,22,-10,-6,30,-21,-32,39,-17,70,15,18,-18,31,85,64,49,29,24,-32,18,23,-27,22,-56,-6,-16,0,17,-6,3,-2,18,-19,32,-19,34,-12,-31,26,27,0,-54,38,8,10,32,12,3,24,0,16,-89,11,83,28,-20,65,-9,-18,11,-35,-60,1,28,28,-100,49,-86,39,21,-51,42,-23,40,17,52,74,-22,75,-10,-7,0,-83,22,74,45,35,25,2,42,-52,16,10,30,33,-47,-91,27,43,-26,10,38,65,-93,41,-20,4,-14,24,-23,-83,-6,68,16,-10,-29,82,21,1,100,2,-84,84,5,21,31,-9,61,-76,229631
46,6,75,-9,-29,-5,33,-44,2,26,17,79,-9,-4,70,24,15,-2,37,16,-38,78,62,17,18,51,10,-12,-4,-34,16,16,-7,-4,63,58,-44,22,-35,-45,-68,22,-31,70,-55,18,34,19,28,-26,60,71,14,-61,-9,31,-28,-4,17,4,62,-58,-11,28,20,42,-11,14,17,13,63,-12,18,-55,-13,70,-4,22,-1,-37,15,31,17,72,-21,12,75,-39,15,0,-30,7,26,81,10,-8,5,22,-12,12,-74,59,-18,-78,22,21,30,83,100,16,-89,2,21,25,26,21,58,13,-16,35,-66,64,-69,14,8,15,-55,-7,57,-4,-46,10,-12,73,8,34,12,-69,14,77,-29,15,29,-12,56,-36,34,26,14,84,14,42,25,28,33,59,20,-3,-43,-57,-21,-18,6,19,19,48,-38,35,34,24,49,100,14,2,73,13,37,-12,-30,78,-8,-26,23,64,229699
0,0,0,0,0,0,0,0,0,0,0,0,0,0,0,0,0,0,0,0,0,0,0,0,0,0,0,0,0,0,0,0,0,0,0,0,0,0,0,0,0,0,0,0,0,0,0,0,0,0,0,0,0,0,0,0,0,0,0,0,0,0,0,0,0,0,0,0,0,0,0,0,0,0,0,0,0,0,0,0,0,0,0,0,0,0,0,0,0,0,0,0,0,0,0,0,0,0,0,0,0,0,0,0,0,0,0,0,0,0,0,0,0,0,0,0,0,0,0,0,0,0,0,0,0,0,0,0,0,0,0,0,0,0,0,0,0,0,0,0,0,0,0,0,0,0,0,0,0,0,0,0,0,0,0,0,0,0,0,0,0,0,0,0,0,0,0,0,0,0,0,0,0,0,0,0,0,0,0,0,0,0,0,0,230167
0,0,0,0,0,0,0,0,0,0,0,0,0,0,0,0,0,0,0,0,0,0,0,0,0,0,0,0,0,0,0,0,0,0,0,0,0,0,0,0,0,0,0,0,0,0,0,0,0,0,0,0,0,0,0,0,0,0,0,0,0,0,0,0,0,0,0,0,0,0,0,0,0,0,0,0,0,0,0,0,0,0,0,0,0,0,0,0,0,0,0,0,0,0,0,0,0,0,0,0,0,0,0,0,0,0,0,0,0,0,0,0,0,0,0,0,0,0,0,0,0,0,0,0,0,0,0,0,0,0,0,0,0,0,0,0,0,0,0,0,0,0,0,0,0,0,0,0,0,0,0,0,0,0,0,0,0,0,0,0,0,0,0,0,0,0,0,0,0,0,0,0,0,0,0,0,0,0,0,0,0,0,0,0,230284
0,0,0,0,0,0,0,0,0,0,0,0,0,0,0,0,0,0,0,0,0,0,0,0,0,0,0,0,0,0,0,0,0,0,0,0,0,0,0,0,0,0,0,0,0,0,0,0,0,0,0,0,0,0,0,0,0,0,0,0,0,0,0,0,0,0,0,0,0,0,0,0,0,0,0,0,0,0,0,0,0,0,0,0,0,0,0,0,0,0,0,0,0,0,0,0,0,0,0,0,0,0,0,0,0,0,0,0,0,0,0,0,0,0,0,0,0,0,0,0,0,0,0,0,0,0,0,0,0,0,0,0,0,0,0,0,0,0,0,0,0,0,0,0,0,0,0,0,0,0,0,0,0,0,0,0,0,0,0,0,0,0,0,0,0,0,0,0,0,0,0,0,0,0,0,0,0,0,0,0,0,0,0,0,230428
100,100,-31,0,15,0,0,-13,-38,0,19,0,2,-5,12,0,-1,-39,-91,44,-26,80,-27,-16,6,-24,59,1,-5,17,0,-98,14,42,-64,100,-100,-2,69,81,99,-1,32,-92,97,-41,-90,-2,9,18,20,12,-78,-11,35,18,8,0,19,-38,28,16,-16,-11,-38,33,-1,71,-67,-17,-26,20,0,0,-60,35,-38,-39,100,21,-15,36,-9,10,91,0,46,0,42,-30,14,61,13,100,16,92,-28,59,-61,21,10,21,69,8,-21,22,51,62,29,24,10,39,-1,-100,67,19,-24,0,52,31,-10,4,18,-13,-41,0,40,0,-7,-17,18,51,-11,6,-61,-15,100,20,-3,34,22,-50,34,-13,-9,11,54,0,-43,29,-53,19,60,0,12,90,29,52,-99,0,-84,75,24,-4,22,19,-30,-17,55,-31,35,29,16,100,-75,0,52,1,8,100,6,-8,-9,-100,231868
-10,13,44,-40,2,-16,-48,2,-6,66,-100,55,-32,-55,44,3,16,-12,-100,-2,-5,64,-7,48,28,37,-14,-27,-61,-33,-1,20,11,-8,-35,29,8,21,0,18,-100,40,6,83,10,76,-100,46,56,-25,5,80,14,-75,-31,36,-18,-15,7,0,4,-50,0,60,100,8,-27,51,72,48,-21,22,36,-3,6,-100,-27,97,-5,-2,17,11,37,40,-7,8,35,-8,-1,-10,8,-7,5,56,-20,-8,-68,-39,-5,-36,-87,-100,-10,-88,3,-26,-8,-20,2,-19,-100,52,-8,-17,-11,5,30,4,-13,45,-79,67,-86,-2,2,-39,54,-39,1,30,-44,47,2,43,12,12,6,-86,0,34,9,-3,2,27,1,-53,11,67,5,63,-38,-14,31,15,-59,34,-45,44,10,37,-33,-12,-13,33,5,-9,-4,60,46,-17,-22,-7,0,8,89,5,-8,-45,5,34,23,-41,68,-37,232278
12,55,78,-22,-28,-1,5,-5,-23,-8,-41,28,80,1,-17,33,-58,10,3,-5,30,62,12,24,23,-8,0,-26,-58,-76,20,22,-20,45,-56,27,-75,61,0,-2,-15,-17,0,83,0,91,1,55,71,-57,-3,68,20,-66,1,51,-5,-1,11,1,-3,7,-1,23,-44,2,-25,52,91,34,5,8,-18,-8,-28,73,3,-30,25,-31,10,2,-48,-9,22,7,38,-9,8,-30,-6,50,-10,61,69,35,0,8,-38,-33,-70,71,36,-72,-9,-20,-25,0,5,60,-37,11,35,-4,1,-21,-7,14,16,62,-63,65,-73,14,5,-25,25,-22,49,-14,21,43,0,62,-4,34,21,-50,16,56,-7,15,35,-32,49,-22,69,-7,-8,31,-11,-62,35,74,-7,28,4,12,-77,22,1,32,47,25,-6,-64,30,74,75,-5,-34,20,14,9,87,17,-15,70,33,40,10,10,26,-56,232765
3,78,79,-25,-5,-16,52,51,34,6,-63,77,100,-3,7,17,11,-24,-13,-17,1,17,81,15,-4,-24,-2,-1,-78,-59,22,26,-36,-10,-44,24,-40,70,-24,0,-100,-19,-21,76,0,73,-26,10,79,-60,-40,23,20,-100,-15,11,-4,-13,24,-5,-42,5,18,89,-48,51,4,9,70,27,67,18,-17,49,-1,-61,-42,-31,76,-15,3,39,21,-1,-16,0,35,-4,23,30,-3,-54,7,11,36,5,-16,-2,-14,40,-19,-67,-34,-36,33,47,53,36,63,35,-64,-16,12,-26,-18,-1,-30,16,-4,23,-100,26,-62,9,8,12,41,-26,53,-28,12,57,13,34,-9,22,-38,-46,4,34,-3,20,19,-29,54,-33,31,6,3,100,-27,-69,22,58,53,28,-3,-30,-36,33,31,-40,-57,-5,-10,-77,3,80,57,-24,-50,66,3,-39,79,19,51,100,-18,37,22,12,63,-42,232861
-8,74,36,-25,13,-13,-3,24,8,-41,22,57,41,-25,5,2,1,-35,-100,-5,-21,31,56,13,5,-43,13,-1,-58,34,-4,36,8,20,-85,12,24,26,1,-3,-100,69,5,81,-2,67,-100,30,74,49,-37,63,32,-91,38,45,33,-12,26,-2,-39,38,37,44,27,71,-2,32,66,9,55,15,56,22,-9,32,-34,22,67,1,10,65,-4,6,13,14,4,35,24,22,7,-16,-7,26,46,25,-5,0,-16,51,6,19,-26,-6,-17,59,29,-3,54,47,0,-11,8,-33,11,-2,-51,16,51,56,-94,70,-35,9,-6,-2,41,-26,24,-7,43,60,34,30,-28,8,-5,-26,20,27,14,4,2,-3,24,-44,33,-40,-14,68,6,-87,37,36,-6,14,0,-13,18,42,-2,-26,-21,9,-1,-73,-17,74,56,-30,-65,57,19,-4,84,17,30,38,-3,5,14,-3,42,-81,233552
0,55,57,-6,-3,-28,18,31,24,2,65,56,76,-40,-32,30,17,47,-49,-7,-7,23,89,42,7,25,16,-29,-89,-25,-15,44,-18,18,-1,2,-29,49,-32,52,-82,32,-29,82,46,45,-44,4,35,-22,-29,13,39,-65,-8,-61,19,-29,24,-11,-31,-29,49,-13,-43,9,-28,2,40,41,78,24,35,31,24,-1,34,-47,34,-10,-12,-7,19,-38,-51,-13,62,-5,24,21,-43,-2,9,18,33,-62,-32,3,11,35,-17,2,-23,-16,-2,48,-31,32,52,37,-7,10,39,-50,15,4,1,46,-26,-51,-68,15,-28,11,10,-5,57,-6,71,-81,-31,15,51,52,7,-10,-26,-22,9,45,-43,14,35,-63,70,-46,81,2,5,58,11,-57,48,55,13,5,-2,6,-32,52,9,-22,-3,9,-5,-44,-6,35,85,-49,-34,48,11,-40,87,46,-29,57,-25,64,24,11,5,-3,233576
23,-67,65,-38,-46,-5,-60,-19,0,3,-99,100,45,-15,-34,27,-1,-28,-26,-20,38,58,16,68,21,25,-19,-25,-22,-74,-16,21,-8,56,-59,8,0,45,-14,-35,-19,-19,-4,100,-39,93,-30,45,83,-70,-11,61,18,-49,-43,10,-33,-3,18,-9,-8,-40,-24,-45,-41,-45,-22,36,93,76,17,4,-10,-36,-75,-54,-30,-40,-83,-62,-8,-58,-21,-22,-43,-6,29,-34,14,28,9,35,-52,63,25,-26,-27,6,-81,-9,-100,-84,43,-100,12,2,-36,1,13,26,-59,54,-2,0,-25,-50,14,6,-17,38,-49,57,-32,51,20,-2,-11,-36,97,-63,-35,-3,-30,46,6,30,21,-18,7,44,15,54,37,-62,96,-57,-33,2,20,84,-18,39,39,46,-61,11,4,21,12,-16,-2,35,26,23,-11,34,41,89,-34,0,-27,9,8,3,100,7,-27,43,28,30,9,-3,-44,-59,233591
0,0,0,0,0,0,0,0,0,0,0,0,0,0,0,0,0,0,0,0,0,0,0,0,0,0,0,0,0,0,0,0,0,0,0,0,0,0,0,0,0,0,0,0,0,0,0,0,0,0,0,0,0,0,0,0,0,0,0,0,0,0,0,0,0,0,0,0,0,0,0,0,0,0,0,0,0,0,0,0,0,0,0,0,0,0,0,0,0,0,0,0,0,0,0,0,0,0,0,0,0,0,0,0,0,0,0,0,0,0,0,0,0,0,0,0,0,0,0,0,0,0,0,0,0,0,0,0,0,0,0,0,0,0,0,0,0,0,0,0,0,0,0,0,0,0,0,0,0,0,0,0,0,0,0,0,0,0,0,0,0,0,0,0,0,0,0,0,0,0,0,0,0,0,0,0,0,0,0,0,0,0,0,0,233996
-41,13,5,-9,-1,8,100,21,13,6,-67,8,87,-3,29,2,13,8,-88,4,2,23,0,2,-40,-25,13,-48,-49,-57,-10,42,-36,-23,-1,0,-31,-36,-30,-6,-18,73,-27,11,-5,-5,-87,7,6,-67,10,48,41,-75,-44,-19,-29,8,0,-4,11,-45,-43,67,20,89,-48,7,-7,2,3,-10,79,18,83,-64,14,19,-7,0,-2,91,17,31,-32,1,-3,-40,0,13,-7,-16,-60,24,56,-30,-7,20,89,3,-55,-39,76,-54,-22,2,-70,-24,36,62,-69,41,9,-24,13,-56,-21,-4,-49,-12,-75,50,-56,8,-46,-19,0,-10,30,25,-45,-2,-43,28,-34,12,-79,-60,17,27,-6,8,3,27,31,12,56,5,-46,11,-29,-2,16,-40,100,0,20,39,-31,-3,-37,75,-18,-40,8,0,1,7,58,-24,-75,38,20,-73,14,-3,-69,85,0,-1,-10,-37,70,0,234927
-6,2,62,-15,42,-14,11,30,-1,35,37,45,51,-20,-23,12,8,-11,-25,-11,3,26,30,52,5,9,22,-17,-25,93,-12,27,28,33,-29,3,-5,18,-21,29,-75,-28,-15,85,20,56,-23,14,52,73,-14,30,20,-75,11,6,2,-11,25,-9,-19,13,-9,36,0,73,-18,19,66,55,26,7,-26,28,0,-100,-23,1,1,32,0,60,-4,-28,18,6,17,-5,20,-9,4,6,-3,18,-16,19,-17,26,-2,15,-61,-92,-14,-60,-19,15,-43,-18,48,-8,76,68,2,-12,27,3,0,-14,6,19,-75,23,-71,33,14,14,-8,-15,66,-67,8,28,-10,32,-4,1,-11,-75,9,31,8,31,11,-78,65,-48,16,36,15,80,8,-21,19,23,7,9,22,62,-3,-23,-17,-11,5,8,-6,-20,2,57,44,-13,-44,46,9,1,88,-12,-47,54,-16,17,12,-19,50,-24,234955
0,0,0,0,0,0,0,0,0,0,0,0,0,0,0,0,0,0,0,0,0,0,0,0,0,0,0,0,0,0,0,0,0,0,0,0,0,0,0,0,0,0,0,0,0,0,0,0,0,0,0,0,0,0,0,0,0,0,0,0,0,0,0,0,0,0,0,0,0,0,0,0,0,0,0,0,0,0,0,0,0,0,0,0,0,0,0,0,0,0,0,0,0,0,0,0,0,0,0,0,0,0,0,0,0,0,0,0,0,0,0,0,0,0,0,0,0,0,0,0,0,0,0,0,0,0,0,0,0,0,0,0,0,0,0,0,0,0,0,0,0,0,0,0,0,0,0,0,0,0,0,0,0,0,0,0,0,0,0,0,0,0,0,0,0,0,0,0,0,0,0,0,0,0,0,0,0,0,0,0,0,0,0,0,236171
-50,100,-39,0,14,0,-2,-3,20,0,36,22,-11,-43,-25,-14,6,-56,-86,-53,-21,-37,-60,-23,-71,-40,14,0,-100,24,-11,-100,-49,30,-76,20,-52,-1,21,12,58,-12,22,-75,11,-40,-72,95,-10,28,0,-11,-97,-12,1,-16,35,0,-52,5,0,-28,-68,-9,-49,-33,-2,75,-43,-24,-58,29,-12,-7,-38,16,-55,-40,100,12,0,-24,8,-22,21,7,15,31,-49,19,3,-24,0,-47,45,25,-45,71,-40,-45,-68,20,87,-68,-100,-44,26,90,-10,44,13,-74,64,-100,19,0,-35,0,5,-16,-12,24,20,58,-40,-11,-1,0,-10,-20,-27,18,-60,2,51,-18,34,21,-18,-5,3,65,-31,-12,-12,61,47,0,-40,22,-10,0,45,0,-3,19,69,-76,-48,5,-68,88,-20,-39,-47,0,-16,-13,46,-100,24,21,100,38,-68,0,26,-12,-55,12,27,-52,-8,-74,236176
-16,64,80,-28,-17,-17,-10,-16,-48,19,51,25,65,-3,57,21,13,-75,-100,12,14,46,17,-6,12,-26,-7,-51,-11,-12,-34,55,-61,15,-35,-4,-29,21,-17,-69,-82,-60,-18,85,-58,18,-100,27,71,-3,-7,26,46,-100,-34,-67,18,-16,13,-24,-14,-3,39,100,17,30,-54,28,0,-1,11,-3,-70,-16,20,32,-81,1,63,-23,-8,26,-4,52,-11,-23,31,0,18,-31,-6,0,-61,29,-36,4,-7,-57,9,20,-82,-7,3,-85,10,23,-58,-13,69,-42,-4,94,-22,-24,-5,-42,-31,45,-43,-74,-92,22,-83,-15,-22,-15,26,-30,62,-1,-7,11,37,21,-29,40,-38,-87,8,27,5,-15,18,3,65,-52,19,19,-39,-2,-28,0,14,9,-6,0,-57,88,-28,17,-66,1,3,12,11,-5,18,67,64,-19,-48,57,6,-20,86,46,-45,61,-19,32,-7,-63,100,-44,236264
27,13,37,-17,-35,4,-1,1,-10,0,-66,97,23,-10,-11,37,1,-36,-20,-8,-16,28,47,23,14,-6,29,-14,-39,13,-31,44,16,46,-22,25,-65,71,-24,3,-55,4,-20,95,1,35,-21,22,64,21,-19,61,45,-95,-34,-33,-12,4,26,6,-17,36,-37,23,-1,48,-10,18,39,27,43,4,12,-8,-18,-62,-43,3,0,-34,10,29,-3,-12,-6,11,30,-20,22,-15,19,0,-23,36,40,1,-6,30,-27,29,-86,-84,-21,-84,37,38,-38,38,77,40,9,3,-15,-7,24,-24,-13,21,-29,-25,-95,58,-98,43,-12,-21,-11,-17,65,-72,48,27,-37,44,-29,16,-35,-91,20,43,16,49,40,-82,65,-36,34,0,-17,100,-12,-29,7,61,-6,25,25,0,-66,-13,-4,-21,-2,15,-9,-24,-13,67,48,-11,-2,77,18,-44,98,21,-36,21,-1,31,5,0,31,-26,236466
17,-12,0,-10,8,0,-18,0,-19,19,-66,74,31,-41,-35,14,-20,-59,-23,-15,-30,32,52,72,8,0,-8,7,-30,-56,-25,31,34,60,-60,17,25,51,-15,-41,-81,-43,-12,65,-41,63,-14,25,64,-63,-30,64,30,-87,-58,-52,-28,0,22,1,-30,-28,-2,43,-21,-3,7,23,71,77,54,22,-50,-4,-69,76,-56,-22,-26,-1,17,-5,-4,-32,-27,19,12,-45,18,-25,19,17,-8,33,19,-39,-52,22,-74,34,-69,71,5,-63,-15,42,11,42,47,23,-73,35,0,-8,-12,-7,12,20,-51,-39,-91,63,22,6,6,-18,17,-11,68,-81,-22,4,6,38,-1,1,-23,31,8,39,16,9,15,-76,68,-30,-74,20,5,65,-12,-2,13,44,-21,18,19,35,21,12,-10,6,16,7,-10,1,-27,68,-57,-10,12,43,7,-28,69,20,15,24,-18,13,22,-14,44,-61,236742
5,-26,25,-35,-15,-19,-16,-2,-30,47,14,44,69,17,-48,9,38,6,-27,0,18,25,55,100,18,-16,-24,-27,-61,-31,-37,37,-10,24,-66,2,-45,72,-32,-15,-88,17,-17,78,-18,21,-12,32,75,-30,4,53,34,-55,52,-44,36,-17,20,10,6,18,-25,49,-69,-1,-30,36,31,95,38,35,-4,-19,-28,45,-3,-56,-60,-12,29,12,31,-53,-25,25,26,33,8,-25,18,0,-5,30,-41,-27,13,33,-38,-5,-18,27,-29,-25,30,4,-70,26,-8,-35,24,16,-23,-49,-27,2,-11,2,58,-25,-58,36,0,28,97,-23,69,-38,33,-28,28,-6,-14,65,13,24,-4,-9,10,61,18,22,11,-61,34,-100,46,49,89,33,-18,-12,71,69,-18,8,25,24,-53,53,0,-18,-11,24,13,3,17,83,61,-50,-45,-18,10,-9,83,3,-59,58,-18,25,42,2,56,-68,237982
19,15,82,-20,-29,-8,35,25,31,30,-57,89,77,-7,11,25,16,-54,-75,8,15,61,52,38,31,-40,0,-29,-68,-67,-13,33,8,4,-33,34,-76,64,0,23,-65,-42,2,96,12,21,-70,28,90,-68,-1,60,29,-85,86,-44,-9,-8,17,0,-1,19,-12,87,-30,-72,-33,32,32,43,47,54,-33,27,-62,-57,-62,-13,-1,-37,12,-85,23,15,13,16,50,-4,11,23,-3,3,11,57,15,6,2,26,-72,33,-45,-78,14,-58,24,38,-60,17,68,18,-74,19,-12,-17,-7,9,-40,14,75,-40,-87,60,-34,40,31,5,27,-20,69,89,26,-9,-10,79,16,30,1,-19,19,77,-1,38,24,86,68,-62,5,31,28,93,10,14,49,70,26,39,19,12,-74,20,-1,16,4,36,10,15,12,91,10,-17,-36,72,18,-4,98,14,-63,80,-2,50,57,6,86,-30,240576
30,11,31,-29,-16,-17,13,-27,-7,9,35,60,73,-49,31,33,5,-3,-88,-10,17,57,93,50,7,11,-62,-20,-3,-18,-65,35,51,61,-52,13,-75,72,-30,-1,-12,-19,-40,91,-16,56,-61,34,68,-11,-2,54,26,-99,-1,70,-23,-16,24,-17,-8,31,-25,81,18,15,-18,27,84,67,80,5,-26,-15,-33,54,-11,47,33,-37,-10,-9,-14,28,-23,-11,12,-61,30,1,7,52,0,44,14,-15,-31,64,-46,16,-4,5,-28,7,0,28,-14,23,82,7,39,0,-30,-6,-31,5,12,30,-22,82,-94,65,4,6,21,25,13,-26,66,69,42,66,-26,46,3,41,-24,18,21,43,5,3,35,37,64,-55,-25,9,3,68,-2,-18,49,56,9,12,60,-2,-82,8,-23,-32,60,5,-18,-29,16,57,-51,-2,-52,79,19,-29,95,30,-19,64,37,15,-7,-20,62,-63,241022
33,21,76,-33,-46,-3,-83,-6,39,3,52,100,79,-6,-25,21,-7,-19,1,14,28,65,89,55,48,6,-8,-40,-16,-78,-37,18,17,11,-42,42,-88,38,29,-17,-75,18,40,100,-26,42,-5,29,100,-83,-20,77,18,-75,20,-31,-56,-3,32,4,-11,-9,-31,81,-14,31,-38,29,49,52,75,11,3,-8,-47,40,-38,9,12,-49,19,14,13,-42,-13,27,52,-78,24,33,29,3,-6,74,17,-17,2,-37,-68,29,-74,13,-21,-82,47,42,-39,-26,100,19,-100,-11,-10,-22,-5,-4,-1,14,15,-12,-78,67,-100,41,33,41,9,-31,74,-49,17,29,-26,75,37,12,-51,-100,14,64,25,51,24,-75,75,-61,50,5,39,100,49,13,32,25,-88,45,-46,-11,-94,-14,-15,-17,-6,49,25,23,29,100,50,-28,-19,100,14,-41,100,14,-21,70,-21,51,17,-11,93,-37,241273
39,39,20,-6,-29,8,18,-4,35,-7,45,88,49,-30,36,39,3,-18,-25,31,-47,45,88,-5,27,20,5,0,-12,-32,-45,21,6,54,21,28,-31,32,11,25,-88,-15,9,83,12,5,-15,5,62,-32,3,40,13,-100,18,-44,-23,7,33,-28,-4,14,-15,66,21,5,0,-2,11,-19,87,-15,-15,-3,-1,58,-18,28,28,-41,-22,7,-3,21,-16,-17,52,-48,35,23,4,26,-10,33,33,-14,-21,18,-5,54,11,56,-52,-3,35,57,29,66,46,29,-48,38,-10,-14,15,-19,37,24,22,-35,-100,38,-10,43,-2,-10,2,-5,70,28,39,31,-19,31,18,25,-31,-24,6,31,9,50,41,9,70,-25,-19,-7,9,97,2,-73,3,17,22,29,18,32,-28,3,-2,-40,30,24,30,-64,-44,58,10,-8,26,57,6,-38,85,25,30,58,-23,54,-17,-7,76,15,241931
79,100,67,0,83,0,8,38,13,0,48,17,16,25,26,18,9,-24,-11,-50,-43,-34,14,-46,0,3,100,-3,33,8,-31,-71,74,24,-100,0,-90,79,79,100,53,43,81,51,100,20,-39,6,98,9,-15,-15,-100,-28,84,35,100,0,-96,-1,-9,55,80,-1,29,100,-4,2,5,-35,-5,44,23,58,-44,17,-21,-36,100,80,-4,100,-1,74,83,3,16,100,-100,28,16,86,3,-8,21,72,30,100,-36,41,25,22,61,94,4,47,0,25,44,16,10,-30,0,-71,100,0,-5,0,80,30,-25,-40,35,-20,-27,-63,81,0,-17,-8,48,66,75,16,-49,-19,87,63,58,20,42,-16,0,27,-16,100,79,0,-37,11,-57,26,100,80,18,1,100,-25,-82,60,-24,58,82,-1,-54,13,-46,99,100,-58,14,82,31,55,52,0,0,33,3,3,29,-19,-37,-100,242110
15,30,50,-28,7,-16,-30,15,-20,12,-73,62,86,-66,-27,22,-30,57,-11,-15,-3,28,77,29,15,-3,40,-24,-3,69,0,37,-4,3,-46,0,-30,35,0,20,-14,20,2,77,3,20,-6,12,65,60,-25,40,27,-98,-4,-80,-15,-19,25,-30,-34,64,34,0,16,50,-28,16,23,17,71,32,10,18,44,-66,57,4,24,19,-20,60,-27,-27,50,-4,19,-15,24,-24,-9,-1,-29,16,37,28,-60,32,40,66,-34,-50,-31,-26,-8,72,-28,12,2,32,54,60,1,-11,41,-34,1,35,-6,-66,-100,33,-25,22,81,-37,10,-31,73,-57,69,62,33,29,-6,12,-47,-36,22,30,-2,28,19,-46,74,-66,14,12,75,68,-21,-96,44,29,-20,7,36,72,-36,-7,-10,-18,-3,22,-10,-77,-5,64,39,-7,-22,15,21,-31,78,37,-28,82,-6,17,34,-6,25,-45,242249
46,33,36,-11,7,-8,30,-6,-15,46,55,79,75,-38,55,25,-24,14,-64,0,4,69,75,67,28,6,52,-15,-9,-56,-47,19,12,54,-49,27,-69,35,0,19,-88,-12,1,90,10,27,-38,16,91,-60,-11,46,10,-80,-23,-44,-28,-9,40,-30,-13,14,-61,79,38,30,-13,14,27,66,77,26,-18,-10,10,40,16,41,25,11,-12,27,-21,46,45,-6,42,-42,37,-20,44,49,-20,58,15,28,-39,67,2,8,-12,13,-33,-11,66,13,-28,37,96,8,-56,72,-39,-9,49,-31,4,-20,-23,-31,-86,35,-92,57,29,-52,17,-10,44,58,27,33,-60,76,44,2,-15,-97,8,66,44,63,30,58,46,-58,72,47,22,83,-33,-31,9,30,27,34,57,72,-74,6,-35,-27,46,29,4,-16,1,91,80,-7,-24,95,9,-9,93,-21,-31,68,-13,41,26,-25,91,-55,243521
38,18,36,-14,-8,15,2,-14,46,16,-38,82,-27,-51,89,7,-30,-13,38,6,-29,52,51,-12,7,76,-7,-33,-8,-55,6,22,-38,-10,27,27,-8,52,-26,50,-47,-67,-18,65,43,6,17,8,52,-45,32,42,17,-84,32,-47,-3,16,27,8,26,-69,27,39,-8,4,-37,4,7,-17,44,23,-63,-22,9,-34,-14,-6,15,-18,13,5,-33,87,69,1,51,-6,23,36,-54,-38,-18,50,-27,65,-50,-33,13,-1,-76,-39,-70,-58,12,-3,-15,38,95,-27,95,76,-4,25,-10,-15,71,14,37,-11,-80,39,-81,10,-8,-3,-9,-15,81,-27,-73,-22,31,44,10,56,-34,-89,3,39,-52,9,14,-32,79,-69,55,15,-28,93,-29,-42,32,38,-5,29,-40,78,-9,-12,-6,-63,-44,7,13,-33,-25,58,68,23,-8,84,5,-33,72,16,-10,-15,-18,56,26,-3,34,20,243756
9,27,62,-9,-11,35,4,-36,-13,32,51,38,77,-3,-16,19,-4,33,-4,-21,-20,35,15,63,-10,48,-5,29,17,-45,-4,24,20,24,-75,-1,-39,29,-15,30,-18,-30,-16,63,32,54,-4,26,31,-38,-25,42,22,-80,31,50,-5,35,33,-9,-24,-20,37,-27,2,65,29,24,58,62,17,29,-34,-41,-12,37,35,1,29,-9,-8,65,-11,-19,-27,-6,8,-10,32,-13,12,28,0,35,4,-29,1,37,-13,15,-79,27,30,-76,-9,16,-42,15,-19,5,-6,12,26,-2,-5,3,45,-1,28,49,-79,41,-27,29,-41,-15,-2,-12,22,-34,-25,48,38,48,-36,12,26,-27,9,49,14,29,21,-30,20,21,30,31,-41,31,-18,18,55,29,7,0,38,10,-34,1,-11,31,26,-8,-15,16,-19,31,34,-2,2,-17,12,24,65,-3,-41,73,56,11,29,-11,-21,-78,244197
25,-40,77,-20,-12,9,-13,-11,-21,42,-33,48,-31,-18,57,11,-31,40,0,-12,0,67,61,15,15,24,16,-31,-63,-64,-14,12,-10,-6,-29,37,-26,15,-23,-1,-54,-25,-21,95,2,2,11,33,74,-66,11,71,10,-63,-5,-37,-39,11,11,5,11,-85,-47,32,40,86,-32,33,11,14,61,37,-22,-10,-3,-34,41,45,-63,-6,12,77,-40,50,-17,12,52,-42,7,-22,8,-41,-13,63,-2,-22,-23,-9,-6,-20,-93,-45,-38,-97,-10,-12,-75,43,96,-1,-56,56,9,-12,23,-13,17,24,-7,-3,-68,68,-94,14,31,0,22,-21,84,-49,-75,8,-45,78,39,13,-23,-95,1,74,11,17,9,-61,85,-75,18,43,35,42,-2,-5,36,16,-17,38,-12,65,-30,-3,-4,-35,-40,17,-11,-2,-2,73,37,-11,-27,92,1,-26,98,23,-66,-27,-11,53,37,-11,12,-29,244394
-5,81,57,-15,28,19,21,-1,-12,9,-50,28,44,-3,58,14,-4,6,29,-30,36,-7,-6,17,-28,63,-17,-23,15,-49,55,44,41,-33,-52,-30,-46,71,-21,19,35,-23,-22,33,23,14,20,6,47,-45,-36,29,48,-80,-11,-4,-36,18,36,-5,-34,-44,23,38,-49,25,-27,4,16,16,1,0,-27,-1,-63,-49,7,-58,77,28,-4,27,-6,54,4,0,-21,-42,38,-6,15,-14,-17,-7,-6,0,0,26,-58,-20,-60,-48,44,-54,5,-24,-39,-44,52,-8,-74,41,25,1,-19,-25,60,8,-18,-7,-77,31,-80,35,-23,-12,24,-17,31,-11,-55,50,24,20,-42,-9,48,-84,22,21,14,35,12,6,34,-7,-47,9,-21,12,-14,22,36,69,22,-32,28,40,-46,24,-43,45,-12,-28,-30,20,36,45,-33,0,-71,56,23,48,35,8,-37,48,-3,-18,0,-47,52,-54,245687
23,21,65,-7,-25,9,13,-6,-40,-10,-42,30,45,-47,-30,23,-21,-5,-45,-19,-19,36,49,28,24,7,4,-21,-45,-9,9,42,39,26,-60,25,-51,50,-19,40,-92,19,-19,100,37,43,-44,45,81,-15,-23,61,38,-100,-1,10,-9,9,6,-18,-26,74,0,5,-4,18,-21,46,50,24,51,32,18,-5,-19,78,-6,-1,14,-24,-19,4,-20,-36,61,-11,40,-16,6,-39,-7,0,-30,28,33,56,-41,13,-22,81,-56,72,-42,-63,-5,87,-95,31,23,32,-100,76,9,-6,0,-37,1,18,10,18,-100,61,-21,18,-3,-33,11,-9,69,-44,81,26,2,71,-30,-4,-8,-24,10,68,-4,18,24,-42,68,-70,19,-10,-1,25,-33,-62,10,46,13,28,11,79,-53,6,-27,-35,0,26,-18,-53,-16,79,43,-4,-46,22,10,-12,100,19,-89,48,-1,39,32,-22,3,-61,246097
30,26,85,-14,-42,-6,-44,-5,-9,10,-40,41,64,-16,24,8,-45,11,21,-17,8,29,61,26,25,-31,5,-28,-29,-58,16,36,7,-3,-62,12,-26,36,-13,9,-72,-7,-7,86,2,-1,33,18,70,-49,-17,34,32,-81,-10,-84,-39,-5,31,13,-14,-14,32,60,-18,100,-25,13,3,30,52,19,-2,-14,-5,-32,3,-1,9,-52,14,84,-44,24,29,15,28,-43,31,-14,14,-15,0,36,3,37,-14,-1,-20,15,-67,-58,-41,-73,-9,23,-49,18,96,9,-23,23,2,-21,12,-3,-26,42,2,-75,-80,36,-100,38,11,7,14,-13,89,-72,6,46,33,50,-3,20,-11,-100,13,46,19,44,15,-84,89,-51,18,10,11,39,5,-46,27,38,-39,15,-8,16,-22,11,-12,-45,-18,22,-6,-45,12,73,4,-20,-40,91,14,-14,86,40,-45,56,-20,30,21,-13,44,-58,246231
12,-12,35,-42,-5,-18,9,-18,24,50,3,55,0,-18,-49,40,1,-36,-100,-6,-3,44,49,9,13,-65,1,-19,-87,-27,-7,37,-4,44,-44,14,-64,33,-33,41,-95,68,-28,85,19,93,-100,39,52,-26,-10,24,29,-90,-21,71,11,-20,29,-8,-14,67,-34,9,45,27,-24,38,100,23,43,8,53,-23,-4,49,-46,31,-28,-3,10,0,-15,-43,-5,4,19,1,22,18,-31,43,-60,34,28,9,-23,58,-15,31,-65,54,-42,-27,0,41,-80,15,54,42,-40,65,12,-37,8,-68,-89,32,2,72,-85,22,-83,32,11,-44,27,-44,72,-17,56,34,-39,20,-21,13,24,-55,16,15,-30,42,40,22,74,-63,32,50,-3,74,-35,-66,34,56,2,20,54,69,-72,19,15,-53,38,18,0,-67,0,53,64,-34,-39,66,15,15,89,32,-78,-1,30,23,10,4,50,-43,246667
-7,17,64,-15,-10,-22,9,44,-18,35,-43,75,9,-31,63,10,2,-8,-21,5,-19,45,49,-1,14,-53,4,-18,-68,-58,15,37,7,34,-19,14,-71,18,-23,17,-72,-70,-16,94,-1,66,-33,38,58,-57,24,57,40,-75,1,45,-31,-22,16,6,26,1,-55,10,10,4,-19,37,68,-1,52,4,-62,32,14,-54,-2,8,1,-8,13,-2,14,68,-28,12,15,-29,9,-13,-22,39,-43,49,53,-31,-25,21,12,2,-73,-62,-17,-71,-7,13,-76,-51,46,50,-52,28,13,-15,0,-44,-50,10,30,53,-71,49,-77,34,11,-12,-6,-16,66,41,15,44,-54,7,-49,48,33,-72,15,12,-25,40,12,38,68,-39,67,34,1,63,-8,-74,19,26,19,14,20,27,-72,-38,19,-20,34,19,10,-67,-18,60,49,-14,-78,40,15,16,94,11,-74,-1,-8,12,6,19,14,-21,246674
11,28,46,-22,-2,-12,-3,-35,22,-29,15,-5,46,-33,-8,11,-13,-25,-49,-43,23,40,-21,20,-2,-12,5,-46,35,-19,-31,30,31,9,-78,8,-38,35,-13,-1,-66,30,-12,55,-1,61,-65,38,49,-23,-22,40,32,-74,3,26,-36,-11,20,-6,-18,-33,48,26,-3,57,-45,33,62,26,-31,41,36,-38,-21,27,-34,1,24,-5,-2,34,-10,-7,15,4,-15,-18,22,20,17,33,-67,42,36,17,-41,61,-24,20,-48,38,51,-51,-55,22,-35,0,-42,41,6,64,13,25,9,-60,-24,-1,16,29,-69,42,35,35,-44,-23,69,-25,31,20,-31,11,49,49,-42,-38,-6,40,18,50,18,35,15,10,29,-15,63,-29,-48,-12,-22,18,51,38,0,6,64,57,-33,60,-38,42,31,-4,-38,12,24,49,42,22,-32,-50,19,-22,55,-2,-32,37,52,-16,43,-40,11,-77,246807
-30,54,36,-21,36,-43,20,41,0,29,33,58,67,-22,36,-4,11,-3,-31,20,-29,29,67,72,26,46,9,0,-30,-6,2,28,-10,4,-47,13,9,14,20,38,-100,-22,27,73,33,63,-14,21,79,-3,-45,56,23,-70,34,-2,37,-42,5,-11,-47,-35,-15,44,9,82,0,19,66,79,60,17,-19,45,-15,25,-17,8,50,37,2,72,12,34,-23,6,0,39,4,-5,30,25,-29,24,28,-25,-35,0,-21,33,-25,8,-22,-21,-31,38,37,-14,82,30,42,33,2,-49,11,-31,44,19,36,15,-69,44,-43,13,66,0,31,-21,50,-19,-34,81,-18,-9,-37,2,-10,-33,3,-10,40,17,-4,-30,51,17,69,30,58,62,-4,5,4,9,18,17,2,40,1,26,-2,-24,22,27,25,9,-27,78,79,-45,-66,81,3,-4,74,19,34,68,-15,-1,15,-4,41,-48,247136
48,25,49,-18,-11,-24,37,11,12,19,38,68,84,-11,58,31,-21,-44,-81,1,-11,50,59,5,13,-87,-8,-33,-11,-13,-25,36,39,19,-23,35,-2,71,-6,13,-74,-48,-10,88,1,18,-87,5,83,0,2,49,28,-96,-9,-14,1,-24,41,-29,-6,-14,35,59,0,64,-34,1,31,2,60,43,-53,17,-34,27,-41,12,20,-13,-27,43,-29,53,5,-24,36,-15,41,2,4,-5,9,34,1,6,-22,35,-39,52,7,21,-48,-5,-18,50,10,69,94,-2,-48,23,-6,3,-6,5,-90,8,-9,-11,-97,52,-88,26,13,-12,5,-17,64,-2,-10,26,34,43,28,25,-24,-95,27,39,10,27,33,15,64,-39,-37,20,6,86,-10,-50,58,65,34,39,35,27,-4,9,-17,-41,0,12,0,-44,-12,77,-5,11,11,92,26,-25,94,8,7,90,-33,39,39,-15,62,-26,248936
33,57,-28,-23,-6,3,10,31,52,9,23,76,22,15,11,12,-51,7,-54,35,-54,55,40,73,4,39,4,-4,-17,-1,-71,30,17,6,7,34,-52,64,-7,19,-1,-91,-2,73,22,-50,-54,2,57,5,33,75,20,-66,25,0,38,3,33,-23,30,-43,-10,36,-50,-29,-1,-4,-58,81,35,55,-86,20,-67,16,-3,-41,49,-7,-7,-27,-37,9,79,-8,40,17,34,58,3,-21,42,50,45,88,21,17,-74,27,-83,-4,14,-81,32,22,-13,67,7,36,23,5,-45,-4,4,32,37,-60,42,7,-62,63,51,60,28,27,40,-23,8,-10,-45,11,-8,17,55,74,-34,57,7,21,6,64,17,-20,7,9,56,9,26,82,39,44,72,60,12,36,17,11,-56,36,12,16,-27,3,43,37,-52,58,65,0,30,12,8,-42,77,-61,-11,39,5,40,57,9,39,1,249164
33,69,-50,-7,-5,0,56,-24,-30,-7,19,90,-24,-27,35,16,-16,11,26,-13,24,33,17,35,-28,-40,44,-15,2,-63,-19,19,36,-21,-52,25,-3,60,-6,17,61,-24,-4,12,17,-54,31,6,37,-58,-6,44,17,-28,16,-64,35,0,39,-3,-8,-62,61,13,-67,91,-12,9,-49,32,17,35,-27,-28,-32,67,10,-67,66,-4,4,89,-15,29,-20,2,-10,40,37,-39,34,18,35,30,-36,-18,-21,65,-32,-2,-43,58,-57,-46,-6,0,15,17,24,-37,-75,-29,15,52,44,28,-29,-13,27,-72,-31,40,-45,11,34,47,34,-8,51,-43,-58,23,63,8,-41,5,-17,-48,18,6,31,13,17,-42,52,-10,11,-8,36,93,50,49,66,52,54,27,64,-26,-5,23,-33,-49,16,-27,-11,55,22,38,19,55,19,26,19,-12,14,-13,20,-10,52,-11,38,-36,23,-52,249399
-8,56,-39,-15,-4,-21,-51,70,2,56,15,53,6,-25,66,-10,25,100,-39,66,0,58,100,56,-7,60,79,-43,-47,0,34,25,-30,-46,8,59,28,-3,35,36,-100,-8,25,17,14,-37,-57,-15,61,14,-20,41,2,-71,21,-63,7,-20,50,-42,-47,-59,-20,52,63,1,-43,-27,-39,67,100,52,-22,76,80,-44,88,85,15,4,-18,-24,33,64,-23,-15,53,18,61,-8,-3,-68,4,15,48,-31,-20,-90,56,27,-59,-73,-62,-56,16,30,25,80,59,45,-29,-4,55,-32,80,5,32,-1,40,-81,-86,47,8,28,87,4,2,-17,55,-15,-31,-11,-20,-34,-8,-22,-24,39,-6,-18,12,29,-6,-13,57,-22,-30,56,83,58,-7,8,57,-6,-35,65,-83,17,11,5,-1,-58,-60,-13,64,8,3,49,3,-17,19,74,-9,-34,18,1,22,21,-23,56,44,8,38,-14,249661
20,-24,-31,-29,-31,5,34,-33,41,8,23,71,-27,26,83,6,-78,16,23,0,-2,51,44,-21,-38,25,-35,-13,57,-10,-69,20,7,21,-17,0,21,81,-40,-7,25,-21,-43,32,-12,26,23,-18,11,-8,-3,16,19,-83,-3,38,-46,7,53,-14,-8,-47,-9,60,-19,-17,-12,-22,23,-26,47,-9,-17,-32,-48,58,16,-22,-32,-36,-8,-12,-82,84,44,-15,0,-52,59,39,21,-5,-12,44,68,50,27,-22,-49,-11,-99,48,9,-94,-23,-11,74,15,100,73,-57,-12,-33,42,-27,-6,29,-13,12,35,-87,15,-80,45,-2,13,-14,-29,-1,-39,-43,52,-9,-21,41,49,-14,-88,6,-15,25,47,8,-36,-2,33,-83,8,0,68,14,11,40,75,41,-1,-18,-12,21,-10,-10,12,-1,-41,0,15,-1,8,-78,47,13,96,6,-19,31,-13,72,-23,8,4,-14,-10,58,-23,249752
29,-45,-6,-33,35,7,-47,-44,21,-19,31,65,10,-2,4,3,-15,27,33,1,-39,62,41,37,-9,48,37,14,-12,-34,-44,26,-50,17,-60,39,6,27,-3,85,1,-33,-17,51,73,49,25,13,51,-31,-13,63,15,-35,39,21,-47,8,18,-30,-29,37,52,-10,-36,30,17,0,49,47,42,39,-38,-40,9,57,25,-36,-67,32,-28,11,-22,4,-54,-28,-7,-81,24,2,20,-19,-29,33,-2,-23,-31,42,9,38,-35,28,7,-25,-25,30,58,51,50,-12,-35,49,21,10,38,-27,44,15,26,28,-32,67,-36,57,43,10,62,-32,33,-27,28,76,52,-29,-43,3,-56,-33,15,-28,25,52,15,-15,34,19,-24,-20,34,89,10,-3,36,11,-45,32,42,51,5,65,-29,9,-10,-17,-8,-10,-38,39,-20,19,13,44,11,-73,56,13,46,35,32,-2,22,-44,-24,-85,249805
8,84,65,-11,8,-3,-55,37,51,-1,48,82,32,0,57,23,25,-1,-31,19,-9,53,69,29,37,20,33,-30,-43,9,-7,12,7,-7,29,38,-25,6,31,21,-53,3,33,69,12,50,-30,22,70,15,5,49,13,-93,7,31,21,-2,23,0,7,-13,16,41,55,77,-28,17,48,30,67,-1,0,34,-5,0,-5,56,67,1,6,72,14,55,43,1,56,22,24,39,-10,-30,14,55,26,35,-9,-44,-10,53,-53,-7,-32,-46,18,52,4,21,70,26,37,8,26,-18,38,14,20,7,15,40,-93,48,-32,29,-7,0,-4,-11,69,-2,-11,-5,13,59,34,8,-45,-35,14,60,-11,34,25,0,68,-62,64,-1,-9,96,2,-12,46,-3,-56,36,-46,1,-23,0,21,-29,-31,37,17,-13,-7,71,69,-22,-21,70,13,-25,70,9,-3,39,-11,54,-4,22,39,28,249873
23,16,34,-7,-6,-2,-21,3,-10,5,-86,86,8,-18,80,24,1,1,-100,14,-58,46,93,-10,36,-40,29,-16,-52,-64,-23,41,-49,-4,-1,47,-13,12,-4,58,-74,-28,-8,82,57,50,-100,18,65,-83,-15,77,27,-100,29,8,5,0,38,-35,-27,-5,15,91,69,45,-11,9,52,-5,90,20,-8,9,-1,-78,0,52,28,-15,-34,55,-2,82,-4,-26,52,-36,44,-24,-6,-30,4,24,42,13,-14,28,-3,29,-51,-96,-65,-63,-9,43,33,80,100,52,-87,0,12,-33,48,5,-58,2,44,18,-100,85,-73,30,78,0,9,-5,32,74,-3,7,9,42,0,13,-9,-67,26,39,-2,43,29,65,31,1,16,5,72,94,2,-54,34,4,-25,49,28,-11,-5,-10,10,-69,-24,31,14,-48,-58,57,-2,-26,8,100,25,-17,85,2,36,-9,-13,58,12,-10,87,-12,250262
6,-13,57,-52,-21,13,-10,7,-23,36,54,34,67,-25,19,32,-10,14,10,0,4,6,51,32,9,4,-21,-54,-97,-56,-4,66,-8,17,-58,17,-58,34,-25,33,-95,-18,-28,91,49,36,18,18,64,-44,-50,37,58,-76,-6,-18,26,14,36,-17,-58,-12,47,-23,-78,45,-52,19,44,36,50,68,-22,14,-30,92,14,-75,-19,-15,-12,36,-5,17,82,-16,39,25,40,-23,-14,-15,-10,-6,8,86,-8,52,-38,7,-51,79,-20,-46,7,9,-35,66,82,10,-36,45,3,-68,-24,-10,-6,3,-10,-6,-75,46,-100,26,27,22,14,-51,63,-62,-16,47,49,32,-46,-6,-5,-95,22,32,-8,31,34,-74,63,-67,-11,36,23,37,16,-14,81,28,-5,20,55,52,-64,16,-12,-23,-13,9,-1,-15,0,61,-8,-57,-22,79,25,-11,94,3,-35,64,-1,43,63,-6,-28,-65,250356
40,62,68,1,2,3,-35,-2,-14,-13,-58,87,70,0,17,17,9,-33,-100,15,-2,61,62,88,49,-17,26,-26,-57,-87,-54,45,6,25,24,44,2,79,-13,35,-7,-25,-7,94,17,2,-82,45,88,-74,30,49,41,-69,-6,-82,-56,3,2,8,32,-18,-54,20,-2,6,-27,46,7,97,62,45,-14,-12,-19,69,-32,0,52,0,28,-13,6,22,16,26,67,-70,-9,12,-25,-8,-14,63,-28,3,-22,30,-27,52,-92,49,19,-93,-10,54,-91,72,66,-29,-58,65,-28,-14,34,-14,-9,8,21,-71,-64,37,34,62,63,-9,25,0,76,63,-17,9,-44,89,-8,54,-20,42,4,84,-26,58,21,54,74,-52,6,-13,57,68,-6,63,17,79,-49,47,19,72,-7,0,-10,19,-12,52,19,58,-1,93,9,-20,13,54,3,-26,100,8,-77,77,7,66,49,-12,16,20,251225
3,48,56,-30,-40,-15,-100,-27,48,46,20,71,57,-35,96,7,10,-20,37,27,-17,92,60,-12,26,6,10,-40,-50,-61,-26,19,2,-59,83,45,-18,-27,0,-46,31,-2,3,45,-43,23,35,15,60,-66,58,82,15,-64,-24,-48,-46,-16,35,5,55,-76,-14,27,17,84,-37,11,29,-4,65,-24,7,-28,-36,87,-7,29,25,-44,16,86,4,98,-13,2,69,-57,33,12,-15,-62,6,85,-1,-13,-24,-89,-31,12,-76,40,-20,-64,43,18,25,25,100,-1,-85,16,-7,-14,2,-1,14,2,-45,-40,-59,85,-50,24,-3,8,-50,-29,84,29,-71,0,-18,54,22,45,-5,-41,14,50,-12,35,11,37,85,-45,55,46,-24,93,8,45,36,-23,-100,46,-88,9,-13,-54,-2,-29,-64,27,30,39,-13,61,90,-9,-3,100,12,-5,50,2,23,52,-31,74,-24,-13,34,80,251243
4,-79,59,-53,9,-25,-6,-16,-6,50,14,49,10,-19,67,26,32,5,-11,-25,15,33,40,25,14,42,-18,-34,-68,-78,-4,36,-33,29,-76,6,-81,64,-30,29,-100,1,-32,100,11,91,-24,36,63,-71,-46,51,39,-100,-14,55,-5,-23,25,-1,-45,34,0,42,-7,24,-34,33,97,13,46,21,6,-12,4,73,2,-22,-83,-3,4,-18,31,56,-2,4,29,0,28,-13,12,-5,-33,37,34,9,-6,48,-5,6,-97,64,-39,-95,12,7,-19,12,85,38,-40,61,2,-33,-18,-33,39,35,3,67,-100,60,-35,38,-4,-34,23,-53,65,-11,46,62,-10,63,-30,-10,-11,-60,11,64,11,43,25,4,65,-67,16,49,17,57,-27,-92,33,56,-8,5,47,37,-67,31,5,-31,-1,11,-30,-87,19,61,24,-34,-60,86,12,5,100,36,-15,14,7,34,20,3,34,-74,251599
-6,21,40,-41,-15,-36,-41,15,12,27,-25,72,20,-35,9,24,5,-100,9,22,37,-1,-19,-64,44,6,-11,-44,-91,-1,-38,30,-52,32,-6,24,-38,13,19,-23,-45,1,12,80,-29,69,-15,39,76,9,-39,44,33,-92,-2,48,-57,-36,2,-14,-41,-46,12,46,-41,-26,-40,34,62,-71,-13,9,5,24,-92,61,-100,-42,16,-16,-3,-27,8,-2,43,-9,58,-70,9,21,-49,2,-34,-6,5,58,-28,-19,-89,-42,-67,40,-22,-71,-22,-47,8,37,22,8,78,37,34,-74,-9,-39,-7,19,6,55,-92,52,-100,25,-55,-7,7,-40,85,-83,-51,23,4,-7,-47,25,-15,-100,-3,-12,-47,28,27,-90,84,-10,-16,27,-52,75,-6,-71,6,3,-46,20,-16,18,-28,4,-31,-23,5,42,15,-64,39,68,12,-72,-17,23,-4,-20,82,20,-1,24,0,61,0,-26,64,-16,251642
42,-1,71,-24,-38,-25,24,-17,3,-3,31,76,-59,2,14,28,-1,-9,-92,-10,-18,32,58,36,14,-76,-2,-23,10,-4,-13,34,3,31,-55,-7,-67,83,-42,-15,-44,-77,-32,97,-26,54,-100,23,61,-12,-4,41,26,-85,-10,14,22,-24,50,-12,-8,70,-50,65,35,9,-23,26,43,36,59,17,-69,-24,-16,52,-10,39,-20,-40,5,-6,-2,24,26,11,25,26,42,19,40,14,-53,25,19,13,-4,47,-17,13,-56,59,-49,-70,25,18,-67,30,76,24,49,67,-34,-12,-3,-59,-49,31,-1,18,-80,28,-76,60,70,-64,2,-24,40,52,88,16,-45,61,24,66,-14,-77,19,55,42,66,28,34,40,-57,26,-3,70,70,-69,-80,-14,67,17,1,41,63,-66,-7,-17,-46,6,18,1,-79,-20,67,21,-11,-54,75,18,-9,100,30,-51,-49,35,23,23,-24,52,-58,253288
9,16,51,8,-37,-5,-69,-27,28,2,31,77,98,-30,-50,34,12,-7,-31,21,-2,56,80,51,28,-49,-16,-14,-34,-46,-45,27,-5,7,24,29,-93,35,13,-9,-34,-9,12,74,-11,62,-26,31,71,-47,3,50,16,-97,7,18,-24,-6,21,-20,-6,67,-86,75,25,97,-16,34,67,54,70,-23,13,-20,-8,59,-14,26,0,-48,-10,95,9,-56,-2,-10,47,-35,19,19,23,5,23,39,46,-11,-26,-39,-15,78,8,46,-9,19,86,84,-28,42,7,45,-66,75,-4,-20,-26,20,-56,13,4,34,-93,48,-7,35,-5,-7,49,5,2,-14,72,22,-87,58,10,16,-2,0,6,54,30,41,27,-37,1,2,99,2,-16,71,-6,-22,-9,28,-70,32,-42,59,-88,35,-2,-11,6,31,21,-19,-1,68,100,-15,1,0,5,-11,76,13,-27,98,-17,48,-26,-5,82,19,253344
21,65,69,-6,13,25,-33,-25,32,4,-34,7,16,0,21,15,-15,-6,65,-3,21,33,37,41,-22,91,5,-12,41,-65,15,15,41,28,-41,2,-54,56,-16,-8,17,-36,-19,43,-7,45,56,8,38,-62,2,17,16,-36,39,0,-25,25,19,-14,1,-46,26,-52,-23,8,-12,4,45,40,36,6,-41,-21,-18,-38,-11,-24,58,14,-14,1,-17,18,-22,-10,-6,-21,20,27,27,23,-37,27,18,-21,0,31,-22,4,-96,-27,45,-96,-7,4,16,33,0,15,52,30,-1,3,5,-32,82,-13,36,-3,-34,20,12,35,8,-10,-4,-8,7,-71,-50,44,23,22,-9,4,-4,10,7,25,30,35,16,-64,8,22,-40,2,9,17,-4,9,28,58,-31,0,32,26,-52,2,-5,47,25,-25,-4,7,20,35,-34,5,3,0,7,-6,46,-13,13,14,4,-3,4,-7,-45,-45,253816
39,30,90,-10,-27,-14,-39,-15,13,0,33,71,100,-2,-39,30,-1,-23,-39,-1,-41,19,43,40,22,-45,-30,-14,-43,-50,10,47,8,2,-10,28,-78,33,-13,27,-40,16,-8,92,8,58,-33,33,61,-45,-2,56,42,-73,0,-52,-24,-10,7,-7,-7,74,-24,15,-60,42,-12,33,54,38,32,30,13,-19,27,79,-37,-39,22,-28,-11,2,-5,-47,-2,-7,41,-23,8,28,9,2,-24,16,-9,-4,-17,-1,19,35,-39,58,-2,-72,21,52,-94,72,81,-11,-66,35,-34,-32,-36,-20,-49,33,2,-56,-76,63,-100,43,13,4,-13,-9,57,-53,87,8,-24,9,-43,32,-8,-100,13,21,10,48,29,-85,57,-34,67,0,15,70,1,-56,1,26,-20,32,2,30,-72,-40,-17,-1,-2,28,3,-43,-40,63,67,-24,-17,77,14,-20,89,32,-94,83,0,41,33,-11,20,-9,254005
34,36,58,-19,-6,22,-26,-25,16,44,0,78,74,6,26,21,-44,15,-46,-20,0,28,55,49,0,0,-11,-15,7,-88,0,39,47,25,-55,0,-4,88,-9,52,-36,-39,-11,100,52,35,-33,21,37,-83,-31,72,37,-79,26,36,-20,22,31,-11,-34,10,17,1,-16,17,-13,14,41,49,55,25,-40,-33,-15,47,18,-19,50,-6,-8,32,-24,25,-27,0,21,-38,31,18,33,4,-12,25,16,-28,10,57,-15,42,-46,14,40,-45,-44,42,-70,17,7,17,-68,25,-1,12,-8,-14,4,17,20,47,-79,65,-7,69,22,-4,2,-20,23,5,8,57,20,54,-18,24,-27,-2,24,50,31,68,27,7,22,-14,5,43,21,75,-9,31,76,86,-28,-3,55,28,-8,2,-11,42,5,-1,-20,31,0,36,19,12,-6,12,25,-34,100,16,-69,77,25,21,23,-6,13,-67,254086
-43,80,53,-27,-70,0,-3,65,-35,13,-50,79,55,-55,37,3,15,-24,1,25,10,27,31,-18,18,-57,-22,-64,-52,-76,-4,64,-80,-78,73,8,-53,7,19,15,-80,46,25,48,11,0,9,5,27,-66,18,30,61,-64,-20,-75,7,0,24,16,19,-55,-35,44,-23,36,-63,10,10,-15,29,8,45,59,15,100,-26,-24,74,-71,17,25,10,39,-10,19,55,5,16,-33,-59,-47,-16,28,-27,-16,-54,-48,10,36,-14,98,20,-9,-4,40,-54,-55,43,-22,-62,54,-5,-45,-13,-16,-48,-20,-17,-70,-62,28,-100,39,-24,28,-12,-26,70,-3,-50,7,-30,-50,-18,33,53,-100,6,-51,-60,40,2,-13,69,-98,-45,14,-25,82,36,-18,26,2,-7,12,-54,56,-53,-18,-17,19,-48,24,32,-16,10,32,-40,-48,-92,37,5,53,50,-17,-47,49,-51,54,12,-18,41,77,254230
44,49,84,-20,-43,-44,62,8,-2,28,4,92,36,-43,-59,43,-15,-28,-67,10,14,35,72,-26,4,-28,-9,-32,-18,-31,-24,38,-25,28,46,48,-65,5,-34,-17,-72,48,-37,90,-16,42,-36,1,34,-37,21,39,37,-89,-12,12,-35,-42,31,3,22,53,35,1,19,-57,-28,-2,31,-21,66,-15,54,11,-34,-13,-30,36,44,-54,7,-72,-23,-50,-12,10,74,-53,30,-8,-52,8,-26,34,2,-6,-51,-15,-43,51,-23,-23,-35,-63,5,64,-15,91,-23,3,-87,52,-28,-17,-14,-15,-20,51,1,14,-85,48,-92,29,1,4,-19,-22,85,-32,78,42,39,23,-30,46,-34,-82,10,28,-52,35,51,-70,83,-42,14,29,-10,91,-4,-69,11,-11,62,44,-19,45,-61,-18,-16,-38,12,8,5,-67,15,37,9,-14,9,-22,9,-31,93,51,-19,23,-24,76,-18,-25,-21,49,254719
36,-27,91,-38,-51,-7,9,-12,-53,0,-45,89,59,-90,-32,30,-23,16,-91,-45,10,37,70,51,22,-23,-24,-41,-41,-79,26,41,11,38,-70,21,-97,33,-46,27,-100,3,-22,100,18,56,-71,38,56,-100,-36,44,31,-100,-24,-59,-46,-4,32,4,-33,27,-53,85,-26,20,-39,37,55,55,70,24,19,-30,-1,-49,18,-16,-46,-55,24,16,-16,-14,-26,35,33,-38,17,-59,12,39,-83,40,36,-27,-94,62,-7,27,-56,-47,-51,-77,16,45,-100,38,87,38,-64,28,15,-2,-25,-83,9,29,3,-65,-100,27,-80,18,50,-46,-10,-38,87,-51,61,56,-41,72,-39,-24,-9,-79,10,58,13,18,30,-74,84,-98,3,0,45,74,-48,-100,19,24,-6,34,52,33,-99,-33,-11,-57,20,28,-22,-100,11,71,6,-6,-37,86,11,-8,100,30,-91,36,-3,35,39,-14,70,-64,254787
2,75,75,-26,18,1,-34,52,-22,4,-67,77,82,-38,4,10,1,-5,10,5,7,21,78,82,29,52,36,-22,-31,-76,-36,32,-23,-1,-23,21,-13,44,-15,22,-78,-52,11,84,46,33,35,22,66,-65,-5,52,32,-64,-11,-5,-3,5,17,40,3,-52,-47,52,-46,21,-19,25,28,79,67,15,-57,19,-33,26,-5,-32,66,17,60,11,62,9,14,50,52,38,0,-34,-17,10,-10,40,-32,5,-20,5,-38,40,-82,-11,13,-91,-4,54,-58,20,78,-12,-77,27,-26,-26,29,-6,69,19,19,10,-70,32,56,22,81,29,50,-24,82,23,-32,6,-35,79,3,3,-19,58,7,85,-20,27,20,3,78,-51,26,4,69,65,33,2,41,35,-35,30,-1,31,-15,28,-39,19,-7,38,29,17,10,85,14,-33,-25,73,5,-17,85,19,-44,75,-25,51,33,-40,32,-16,255265
1,-27,83,-16,-4,25,-62,-14,-22,26,28,89,61,-44,56,30,-25,-19,-45,-17,19,10,49,17,39,-14,48,-16,-73,-71,-9,50,-10,42,-44,4,-82,61,-7,7,-92,-61,0,100,-8,77,-29,37,72,-76,-39,45,49,-100,-28,-8,1,25,33,-4,-35,8,-53,58,-23,48,-14,31,86,23,50,24,-60,-25,-7,91,-16,-22,-22,-4,13,45,-33,58,11,14,29,2,30,-17,-21,20,-33,17,15,9,-40,51,-10,5,8,88,-37,3,3,15,-59,21,100,17,-89,47,-2,-54,51,-41,-5,13,-11,9,-100,40,-100,56,-25,-36,9,-15,93,-10,14,86,-52,25,-26,8,-4,-100,12,32,-21,65,30,-38,92,-49,11,27,-30,91,-36,-82,15,57,-60,6,48,41,-85,-16,-18,-40,14,43,-13,-79,21,77,9,-54,-36,100,12,-1,100,14,-53,54,4,29,28,-21,56,-42,255572
17,0,93,-32,-32,2,-40,-10,-5,-20,22,65,19,-46,46,16,3,13,-87,-28,-15,72,69,31,20,2,12,-26,-67,-50,-17,43,26,-13,-54,23,-33,73,-24,27,-70,-17,-15,95,15,62,-76,34,84,-46,3,61,35,-87,6,40,28,1,18,2,1,14,-13,52,32,84,-20,34,58,37,64,9,-18,-15,30,42,12,27,-10,-30,13,81,0,52,18,19,39,11,18,-2,-1,-32,-44,68,38,10,-44,-27,24,32,-40,28,-52,-50,6,40,-66,-35,92,34,-1,71,-16,-25,17,-45,10,31,8,57,-89,55,-67,55,-1,-38,18,-29,95,-16,33,44,-11,60,9,44,-5,-55,13,57,4,63,19,-35,95,-58,62,-20,-5,60,-35,-82,2,66,-41,32,-34,67,-32,11,0,-54,-39,20,-15,-79,-17,84,64,-23,-73,86,15,-7,99,31,-61,8,0,37,15,-2,52,-52,255786
5,-25,84,-25,25,-21,-18,-39,19,36,-100,80,0,-30,0,11,-1,9,44,-2,-35,52,77,57,17,85,2,-4,-60,-11,22,40,-22,0,-34,29,0,42,-27,15,-68,-9,-30,95,10,46,58,33,24,2,-23,61,39,-65,-47,0,-69,-21,22,-21,-29,18,-19,10,-15,83,0,29,43,52,79,12,-3,-34,-5,-100,16,-3,-30,22,-18,80,-3,-9,-38,-15,36,-58,24,2,3,-18,-2,47,-13,-38,-10,55,-9,32,-52,-100,-38,-63,-32,43,-62,41,50,-20,2,20,11,-43,13,-10,95,25,-40,-6,-67,65,-78,26,46,26,23,-24,63,-100,57,52,-17,37,-36,7,-30,-91,13,28,1,23,14,-100,64,1,18,38,46,93,22,39,43,42,-26,26,50,29,-6,17,6,-32,-13,15,-5,35,-35,18,33,-40,-26,52,12,-30,100,25,-58,-14,-16,42,8,12,-10,-42,255878
15,-46,69,-26,-45,-16,-7,-19,-14,30,-82,69,57,-6,-49,31,-33,-42,-63,-19,-24,60,31,41,10,-26,3,-8,-67,-75,24,48,40,60,-67,22,-43,17,-39,-21,-70,36,-42,100,-26,88,-55,46,42,-79,-24,74,47,-76,19,37,-42,-15,19,-10,-23,20,-32,10,-28,66,-8,42,93,42,31,9,34,-16,-40,-73,-36,-27,-69,-55,-2,59,-33,-51,11,6,18,-25,21,-10,5,34,-4,56,44,5,-3,49,-47,0,-79,-85,-10,-85,-9,0,-47,50,38,52,-90,44,-2,-26,21,-13,-32,16,39,55,-75,81,-82,33,6,-9,20,-27,76,-56,30,29,-38,9,-44,26,40,-78,21,14,5,32,34,-80,74,-35,59,32,4,84,-1,-9,35,17,-7,22,49,34,-41,11,-7,-11,37,9,-22,-11,-22,39,77,-27,-36,28,20,38,100,17,-43,56,24,23,8,-13,8,-68,256059
-19,44,98,-30,3,-26,-90,30,1,13,41,75,85,13,46,-6,7,-6,-65,11,10,55,68,81,46,-15,23,-52,-74,-12,24,38,-52,-72,19,25,29,55,27,0,-56,-9,27,82,-5,7,-43,43,87,-7,-1,82,27,-76,28,26,40,-27,-7,-26,-9,-27,25,49,29,29,-48,40,26,83,69,11,-14,26,15,15,-6,30,42,5,-25,36,16,56,-13,-18,42,23,-6,5,6,-72,-16,41,2,-16,9,-94,10,56,-69,8,-15,-78,-8,56,-52,0,100,-1,0,30,9,-69,26,-18,-9,20,-2,43,-82,82,-54,-42,63,-13,57,-26,79,47,-19,-47,29,41,-1,20,-5,-43,18,39,11,-41,-4,25,78,-86,83,13,65,90,-13,7,41,50,-90,31,-99,34,25,52,-20,-8,-71,46,15,14,8,84,79,-61,-74,100,17,-12,86,21,-52,90,-21,40,8,-18,57,11,256753
16,-13,94,-6,-40,-8,-43,29,3,40,93,75,78,-9,-37,39,23,-86,-31,0,1,65,33,85,61,-17,33,-18,-49,-38,-33,32,-2,38,30,32,-62,47,11,10,-56,-48,11,100,-1,72,-32,31,61,-26,12,71,24,-96,25,77,25,-8,8,-6,5,-20,-100,79,-31,-1,-19,30,73,82,29,-15,-33,29,-65,97,-92,-25,-33,-49,5,7,21,-46,10,3,48,21,9,-20,-3,26,-30,58,75,23,-13,-9,-68,29,-81,83,28,-89,-15,33,-90,35,57,74,-79,22,-12,-38,31,-17,-16,-11,26,63,-95,70,-6,38,39,-17,-11,-8,55,-38,-8,6,-100,54,13,32,54,-10,28,52,5,39,35,-57,56,0,90,40,46,100,-27,-6,-8,43,-38,35,-6,8,-56,-4,-7,28,24,61,0,-7,4,59,100,-34,-20,47,27,47,100,-9,-92,77,21,51,-14,-7,68,27,257025
-1,-24,0,-19,-43,0,-42,12,13,76,-7,75,1,-22,14,17,-42,-10,15,36,-38,95,48,-31,16,14,9,-23,-58,25,-39,6,-28,-40,75,35,-35,12,0,-34,-34,22,9,40,-28,30,12,13,51,26,62,28,-5,-83,0,-58,19,-1,18,-14,51,-52,-61,28,-1,85,-22,8,47,-32,48,-25,20,-6,-32,-91,-8,-4,-7,-42,-6,80,-34,17,-22,-10,67,6,10,-1,-52,-29,-17,80,39,-18,-23,-51,-33,5,-73,-71,-40,-58,31,8,35,10,58,38,-100,27,41,19,8,-12,15,-13,-2,-52,-83,12,-57,30,11,-17,25,-18,66,-74,-57,24,-60,78,69,22,-34,-58,-5,71,-51,31,27,-62,67,-55,63,75,7,78,-6,-15,20,13,-49,44,-56,28,-31,14,-8,-33,-36,20,48,-7,-37,54,70,20,-39,61,-5,-26,47,-13,52,10,-43,66,-19,7,44,63,257289
15,-45,8,-51,13,-24,-42,22,-46,4,-63,2,86,-16,-16,24,-3,-38,-83,-13,12,23,44,41,25,-13,24,-50,-6,-87,-48,29,-10,46,-34,7,-68,94,-19,13,-79,32,-9,80,20,70,-65,32,64,-84,7,-9,22,-87,49,-43,35,-23,5,-2,4,-38,-63,14,0,-91,-51,30,72,45,38,36,21,12,-50,-51,-38,16,-56,12,12,-87,1,-17,-8,9,23,33,-2,-54,-20,27,-80,20,16,0,-16,40,-51,24,-18,-54,7,-10,-16,27,-85,50,34,16,5,76,4,-21,33,-80,3,14,40,-19,-80,-21,-19,37,31,-47,-22,-51,43,11,-29,45,-58,44,16,10,-2,-25,0,40,-18,38,23,-17,43,-67,-29,4,21,1,-42,-35,33,86,-40,15,38,86,-68,-28,3,10,22,29,-2,-42,12,68,-12,-20,-8,36,0,-5,83,14,-86,87,32,21,42,3,15,-35,257384
14,4,70,-28,10,-8,42,47,48,-6,29,61,-34,-9,90,8,-1,-44,64,23,-1,50,100,52,3,38,-2,-45,-48,-26,10,4,-70,-19,-21,52,-31,2,18,33,-87,-56,26,62,42,60,64,-6,58,-26,-18,25,-6,-75,13,24,15,-8,25,-17,-24,-71,-11,58,34,97,-47,0,56,43,100,2,-54,51,4,-13,-46,16,15,28,0,91,-21,87,55,-7,62,22,19,13,11,-49,-6,37,33,64,-28,-18,0,18,-100,4,-32,-98,7,13,63,58,100,33,-43,0,46,-15,-8,-1,41,-8,13,26,-64,18,0,9,56,23,-5,-25,23,-42,-84,16,-17,50,30,27,-1,-27,5,35,15,7,2,-52,24,-33,25,-6,49,94,8,-15,40,8,24,63,-24,9,-25,-12,-18,-24,-52,7,32,-7,-2,61,7,-14,17,100,3,5,68,-6,63,-19,-31,64,7,-21,63,-19,257989
-3,46,25,-9,1,13,8,-35,21,0,56,52,35,-14,12,7,-16,-23,-46,-9,6,40,9,29,-4,-31,15,-3,-23,-27,-29,18,11,13,-41,9,-23,41,-17,-14,27,40,-17,5,-16,44,-52,20,18,-24,2,12,18,-29,21,50,26,14,11,-3,3,-22,23,-5,10,15,-2,17,44,29,12,3,37,-36,-5,31,-24,5,51,1,0,12,-14,15,41,3,-8,32,10,27,29,15,-30,37,55,43,-13,58,-4,5,-2,21,42,3,-3,4,10,2,35,52,-29,24,2,-3,16,-28,-36,3,20,50,-27,13,-8,19,7,-10,5,-8,52,-41,-27,54,22,37,-17,12,43,-6,12,36,29,22,9,-35,51,45,35,-1,9,54,-9,30,33,42,6,6,57,17,-22,6,11,42,17,-4,-5,27,6,18,35,-3,-6,32,10,42,5,1,11,35,27,-7,2,10,-1,-44,258308
17,-59,85,-10,40,-15,-60,-44,-12,32,-22,16,76,-52,29,18,-12,39,45,-30,-13,19,59,0,14,-7,17,1,-18,-77,14,43,-19,0,-67,6,38,58,-18,33,-41,24,-13,88,19,72,54,25,53,-67,-42,54,43,-83,46,-3,-36,-16,30,13,-45,-6,32,34,-24,32,0,23,69,2,58,26,28,-48,1,29,37,-25,-68,53,19,12,-13,21,57,7,9,-36,27,-12,27,5,-4,20,-17,51,-45,27,-5,14,-90,17,-13,-87,-43,15,-27,49,74,-17,-12,55,8,-23,27,-8,-14,1,58,-6,-86,55,-95,10,4,-47,4,-10,64,-83,-19,58,33,23,-43,0,-9,-89,15,19,29,17,20,-87,64,-27,-45,32,-9,9,-31,-63,30,57,-62,9,24,63,38,6,-17,-12,0,15,-26,-49,-12,55,-29,-22,-20,70,16,-21,91,0,-20,73,14,11,28,-20,41,-69,258602
0,62,33,-14,8,3,-11,-31,45,29,-32,78,74,-19,-6,7,-45,-32,-52,-26,9,-75,-17,25,-15,-76,-11,-8,-3,-30,0,17,6,-88,-47,-1,3,47,-25,-1,46,-11,-24,6,1,-7,-45,26,22,-35,-8,64,16,-56,0,34,-21,2,8,-12,-9,-60,-5,27,-45,61,-12,26,-3,22,-14,3,-11,-30,-22,46,-27,-47,61,12,22,72,-50,-6,-30,63,-3,-19,6,46,17,13,-19,57,19,-35,-27,27,-19,-16,-65,61,46,-62,-29,-18,77,8,-12,17,-47,29,23,14,-13,-20,-19,3,-13,39,-57,51,-43,35,-20,-10,2,-17,19,-24,-47,29,-1,10,72,-13,-8,-46,6,7,17,35,6,-21,17,-12,31,29,-17,77,-10,8,46,44,-12,0,24,37,0,3,43,47,13,-12,-20,10,9,25,37,15,-35,-9,7,4,9,2,77,73,40,-1,6,45,21,-46,259317
14,48,82,-31,46,-36,-71,41,9,42,92,61,83,-6,13,17,40,-67,-71,-10,12,52,-5,45,57,-26,19,-35,-22,-61,-17,36,-34,10,-37,27,-90,-4,25,18,-31,-44,23,94,0,43,-41,38,91,-52,3,46,23,-82,23,-8,58,-33,12,-14,-3,36,-18,58,1,-17,-33,36,40,43,-11,25,-18,45,-42,27,-75,6,24,26,-19,-56,17,11,-27,-12,17,60,17,-8,14,7,-20,35,-7,-17,-1,-23,-58,21,-21,2,-12,-36,-17,28,-74,-19,56,5,7,-4,-12,-22,36,-19,-7,18,50,-7,-83,52,-78,26,-36,-32,-1,-31,68,65,48,43,-18,44,-4,16,-6,-71,27,44,23,34,14,18,66,-67,62,43,-42,65,-31,-58,58,-6,-68,32,-23,-6,-87,-14,-16,-20,11,54,-8,-47,12,89,66,-15,-49,40,24,-35,98,21,-69,62,23,25,21,-10,30,-37,259849
43,33,62,-36,22,-4,12,-12,-39,42,18,54,82,4,-6,28,25,20,-36,-19,32,66,58,52,20,-21,15,-50,9,-83,-10,30,6,31,-63,28,-73,34,-27,38,-62,27,-20,90,24,81,-52,38,65,-67,15,84,26,-79,19,-43,-18,-1,30,-3,16,68,-19,33,22,-29,-48,33,81,62,48,32,29,-22,-26,66,5,26,23,18,1,-53,25,-23,-6,11,21,-11,27,-18,41,41,-40,66,15,-6,-3,28,-33,45,13,37,16,19,4,45,-70,16,63,17,-55,82,-28,27,14,-34,-43,30,28,-47,-71,79,-15,23,60,-16,0,-36,89,-5,70,20,-22,50,5,37,2,-23,30,53,42,21,30,0,92,-86,73,42,60,44,-11,-19,51,46,11,32,26,80,-72,4,9,12,38,21,-12,-33,35,69,77,25,2,47,27,2,91,30,-64,76,23,25,37,-7,33,-60,259968
12,63,34,-13,18,20,-49,-47,25,-13,-21,45,67,-1,45,20,-51,15,-1,6,2,26,33,31,-2,44,10,-12,21,-30,-6,20,1,15,-46,0,-22,45,8,22,-37,-9,4,52,21,58,1,27,41,-39,-2,42,21,-78,9,7,-24,19,19,-6,-3,-12,12,23,-23,32,-15,19,61,30,34,30,-12,-47,-11,50,19,-25,58,16,-4,42,-46,42,22,-2,14,-19,20,22,15,22,-15,25,1,10,-6,34,-10,30,-81,64,28,-82,-12,29,-17,27,24,3,-35,65,16,-10,14,-16,44,8,11,12,-78,41,21,54,6,-20,9,-14,46,4,-17,31,15,65,-9,5,5,19,10,64,16,56,22,11,46,4,-43,-13,7,40,-13,11,45,49,-48,-5,35,63,-21,13,0,29,25,-4,6,9,2,39,-38,-11,-10,27,11,3,52,6,-16,68,41,17,27,-5,31,-50,260027
-14,32,36,-20,-11,11,40,-41,8,19,-26,26,95,6,-26,8,-28,19,-70,-24,11,32,32,41,-18,35,6,-9,-54,-57,15,34,-16,-2,-56,-4,-42,50,-25,12,-42,57,-28,42,11,49,-74,26,19,-52,-24,7,36,-99,-14,41,-6,11,23,-6,-24,21,33,32,15,47,-10,21,52,41,32,29,54,-41,23,26,21,12,31,-13,-1,48,-28,-27,-11,2,-7,0,23,5,-5,29,-24,29,23,-15,0,82,22,35,-43,24,21,-38,-25,32,-29,-22,-45,24,-54,40,30,-19,6,-21,31,-14,-3,43,-96,9,10,41,37,-24,7,-22,55,1,15,37,33,60,-44,-31,-5,9,10,63,-7,39,8,4,54,-29,18,20,38,32,-22,-49,57,54,41,-8,80,38,-37,11,-17,17,31,-17,-23,-49,14,18,22,-19,-30,-44,11,6,44,-14,-28,95,26,-8,28,-17,37,-58,260463
11,2,25,-29,-20,-17,-68,-2,26,-18,-86,40,85,-30,42,14,1,61,-61,-18,-10,50,100,-17,17,1,-5,-11,-37,-81,-17,33,46,33,-71,-4,0,45,-18,-13,-39,-30,1,84,-23,66,-68,33,47,-87,-14,52,26,-100,20,56,-18,-13,25,11,-9,75,-5,100,3,80,-9,28,66,-10,83,-3,-29,-22,92,-83,33,33,-5,-32,25,51,2,32,-23,26,-1,-15,20,28,-6,43,-32,57,10,-16,-45,10,75,18,25,-100,-60,26,9,34,-18,-24,76,23,-86,11,-10,-12,0,-29,-23,26,49,64,-100,44,-71,12,29,-32,56,-28,31,46,91,-12,-7,4,-9,26,5,-50,21,4,0,9,19,34,29,-30,100,-17,17,28,-38,-100,18,54,-70,3,7,-8,7,34,-11,-69,26,19,0,-100,-9,58,86,-14,-54,76,21,-1,84,27,-5,75,36,0,9,-16,77,-66,261210
29,23,82,-10,-7,1,4,-9,-3,-7,46,100,83,-47,-45,30,-9,-77,-69,-25,-23,56,56,22,8,-81,14,-19,-19,-100,-2,21,40,48,-39,30,-68,24,-37,-16,-88,89,-19,96,4,72,-52,10,42,-100,-8,76,15,-58,-68,-63,-90,4,35,4,-5,63,-45,99,-34,48,-20,22,52,17,45,5,80,-23,-5,-48,-90,-22,8,0,22,39,-15,-61,4,25,41,-86,20,-6,1,18,-14,54,21,6,-58,40,-12,13,21,-70,-10,0,25,22,-76,43,100,31,-23,65,11,-1,7,-23,-58,0,-45,-58,-64,52,-37,11,24,-78,9,-11,82,2,69,18,-40,87,8,-18,0,-38,19,83,-11,32,30,-23,81,-64,16,-5,29,85,-68,-44,23,9,-4,39,34,63,-68,-3,-29,-8,2,17,0,-36,-23,57,45,-3,14,100,18,-4,98,0,-37,76,-9,37,24,-41,62,-31,261307
33,55,11,-2,8,-14,32,-14,13,-12,50,-39,51,-30,40,-6,-52,-62,21,-21,16,73,-18,-12,-20,29,0,-22,49,-12,-33,2,-3,-32,15,22,-67,54,-25,16,52,-90,-27,-19,16,-24,11,16,9,-13,12,55,1,-84,-28,72,-10,-17,-7,-5,13,-58,-25,75,-54,-18,-23,16,-29,-7,-12,-11,-80,-13,-25,50,-57,-61,60,9,0,-24,-60,44,-8,5,-4,-27,-2,12,25,-33,-27,71,1,-9,-25,-46,-16,-36,-69,64,24,-64,-72,-36,-16,27,-1,5,15,17,-48,52,0,-18,32,-16,-30,70,-81,63,-52,37,-39,-14,8,-4,-11,-32,-67,-9,-30,19,58,41,-18,-52,-2,19,27,36,-5,-40,-11,51,49,-14,-41,-52,-27,29,12,57,39,21,-41,12,-61,12,-58,17,-30,-18,-17,21,15,7,40,58,-39,0,-1,-10,-18,-16,-15,49,26,0,-9,-61,65,15,261363
-87,1,-100,0,-53,0,-31,82,50,0,35,65,-46,0,-40,0,-18,68,-83,-81,0,37,57,80,67,-47,64,0,-100,17,-26,-92,-44,100,38,10,-100,-22,-38,42,74,3,-34,-88,32,24,-80,100,92,13,-62,-17,-90,-16,-25,-2,55,0,-43,-10,-57,-65,-100,-17,-63,100,0,100,21,82,91,72,3,81,-16,16,80,-62,0,-56,-1,100,-49,-43,82,0,74,52,-41,49,-82,-72,1,56,49,84,0,59,-6,-93,-100,12,97,-100,-100,-71,100,-73,46,55,5,-33,-25,-100,74,1,-53,0,-30,0,-17,-16,31,45,63,-30,-14,0,-12,-75,-56,41,-100,-4,86,72,4,30,1,8,-81,49,16,-79,-14,61,27,0,69,65,-2,18,54,-1,-36,13,61,-31,-100,-14,-49,100,-73,-65,-75,20,5,93,25,-100,-32,31,1,-1,-86,0,100,-46,-64,38,71,-38,-19,35,263527
-5,0,98,-15,-24,14,-51,62,-31,24,26,65,65,58,-28,31,-4,-34,-46,23,-8,12,52,40,38,-70,34,-20,-58,-58,-35,51,-39,-7,33,20,-68,2,42,0,-29,15,35,90,-2,52,-52,20,54,-63,-7,43,40,-74,21,-4,-12,12,21,-7,-20,79,-100,73,-70,31,-27,22,36,37,52,17,21,66,4,64,-41,-61,-6,-20,-1,28,4,-40,45,-9,44,0,24,-9,-39,-16,-15,-5,20,37,60,-5,-2,83,22,31,19,32,61,83,-100,17,73,26,-83,67,-24,-65,35,-17,-76,-20,25,-10,-73,44,-56,40,24,-15,-23,-16,35,33,74,15,-100,23,6,4,25,-42,16,30,-31,42,31,44,36,-55,26,25,31,50,-13,-29,21,-7,-38,22,-3,76,-74,-30,-12,17,-10,40,24,-24,-10,51,22,-54,-46,69,17,38,88,-21,-100,67,-30,45,17,1,79,26,263733
43,23,95,-27,-23,-31,-44,-48,40,-46,49,93,13,-62,16,29,-53,-12,-49,8,9,66,60,-26,42,-56,-9,-27,-43,-6,24,31,-42,20,-44,51,-68,37,6,20,-11,-51,-7,100,34,64,-51,54,73,26,1,82,24,-100,-8,0,-21,-28,7,-31,-10,29,4,34,-54,34,-23,46,87,-27,67,29,-35,-34,-14,71,-3,-38,36,-44,-28,6,-65,0,-42,-24,49,-55,17,26,0,11,-45,43,8,-8,-35,39,-13,18,34,34,-98,16,34,20,-70,73,86,-8,6,64,-10,-41,10,-59,-59,5,-23,22,-95,94,-100,41,3,-41,-12,-25,98,57,14,34,-3,25,-36,43,-16,-100,20,18,9,48,34,14,100,-45,25,-46,-4,91,-36,-100,20,38,-45,48,39,47,-53,-10,-42,-100,19,38,0,-100,7,59,36,-30,2,80,18,-8,100,6,-65,-4,23,57,18,-27,1,-58,263941
-5,33,73,-12,62,-12,-19,-3,-58,33,86,39,-25,15,63,12,-1,-1,-100,-13,-26,8,19,65,28,4,9,-27,-98,-38,-61,56,-22,-10,-35,17,-61,98,-34,36,-94,-81,-14,92,45,39,-86,32,67,-56,-30,56,49,-97,21,-81,2,-9,20,1,-28,-77,-27,60,11,7,-31,36,33,62,13,50,-83,-17,-26,2,-5,28,12,62,40,-21,29,58,-4,22,47,37,3,-57,-6,-31,10,7,-52,-14,-15,19,-30,-26,-66,0,-11,-81,24,-13,-100,46,72,-27,82,88,-9,-75,17,13,1,-6,30,-62,-100,37,-69,47,21,-18,37,-12,62,65,-60,44,-15,73,-32,-20,-31,-61,5,67,-8,52,11,37,58,-95,9,34,17,15,-10,-16,65,67,-33,24,5,100,-67,22,-24,-7,-41,35,0,-4,-23,81,18,-78,-28,78,4,-36,98,-5,-94,-28,-11,44,62,-27,67,-33,264345
-8,2,9,-23,-8,2,4,-25,-3,5,-48,25,-9,-29,39,12,-32,17,25,9,7,47,15,-33,0,38,-6,-5,-27,-89,9,12,36,3,-23,6,-18,67,-2,-12,7,-47,-6,30,-17,43,15,21,35,-80,9,45,10,-43,-51,-11,-7,0,4,-9,8,-21,19,-13,3,57,-4,25,36,-34,16,29,-51,-13,-1,100,6,7,-7,-10,-9,37,-42,32,-47,-7,9,-13,6,-11,-4,18,-9,40,-30,-52,-19,67,-4,-10,-77,79,-16,-80,-8,-14,-38,6,19,-30,-89,22,25,32,0,-11,34,10,-40,-12,-42,54,-27,11,44,-20,6,-22,10,-50,-21,49,19,24,-8,3,-5,-32,0,26,-2,9,5,-49,15,10,-38,4,40,47,-19,46,52,77,8,6,71,23,-20,8,-33,-12,23,0,0,48,6,32,-31,34,-3,22,0,8,30,10,-46,-3,13,10,25,-35,-9,-28,264492
8,-36,57,-39,16,-34,-36,37,10,27,45,7,9,-16,-27,9,-5,3,-29,-10,34,38,65,95,28,14,-9,-47,-45,-77,-14,26,18,10,-59,30,-3,32,8,13,-69,1,11,85,-19,65,0,25,73,-78,-32,40,15,-55,42,-13,-40,-31,13,-7,-39,21,-26,19,-2,62,-42,23,72,90,55,30,-6,37,-32,57,-11,18,-53,4,0,30,3,-31,29,-1,10,-44,15,26,30,13,-47,26,11,35,0,-16,-47,15,-88,20,0,-95,-35,21,-19,5,65,15,71,71,-5,-27,10,-33,27,24,44,-7,-55,41,-1,33,73,-9,33,-38,78,-65,40,12,-31,16,-26,-14,-6,-21,8,12,37,37,8,-84,77,-39,74,28,69,1,-3,19,33,19,-35,32,-17,63,-6,18,-16,9,12,26,-5,26,35,75,83,-18,-71,68,7,0,88,24,-20,8,-15,17,31,-40,25,-60,264563
4,-24,46,-28,-12,-11,-80,-19,21,11,-80,78,1,-9,-2,21,8,-38,-58,-15,-14,28,27,28,15,-6,-5,-15,-68,-25,2,43,26,31,-61,-9,-21,49,-11,7,-46,-31,3,91,4,89,-30,29,69,-12,-34,58,35,-89,-14,80,-18,-8,43,2,-32,-64,22,11,-78,-3,-7,23,88,36,25,-5,-21,-34,-39,-85,-39,-69,-38,-20,15,-14,20,4,-17,12,3,-17,36,35,2,16,-17,33,63,-2,-3,30,-54,-7,-100,-90,-11,-100,0,7,10,-13,100,63,-24,30,14,-57,0,-11,-5,25,21,84,-90,52,-100,49,1,-10,-6,-26,69,-33,-42,37,21,5,-31,25,-43,-77,24,5,6,52,27,-64,68,-42,19,10,-4,78,-4,-61,35,39,-81,0,28,29,-23,-9,14,-17,6,17,-2,-60,-12,78,18,-54,-44,100,24,-40,93,25,8,-3,12,4,2,10,6,-56,264692
13,-54,54,-39,-1,-2,-28,-7,16,1,-26,85,11,-44,60,27,-6,30,-37,-29,1,35,58,39,31,-9,1,-26,-68,-100,22,37,-36,34,-100,8,-42,20,-11,2,-84,-29,-8,95,0,89,-10,51,86,-100,-40,95,34,-42,11,73,43,-2,21,0,-40,-50,-13,15,22,52,-27,50,85,38,55,34,-24,-7,23,-20,31,17,-68,-1,11,60,8,62,-15,16,24,42,18,15,19,45,-43,35,27,-23,-46,48,12,-34,-52,-14,-44,-69,-19,-28,13,-4,100,25,15,-30,33,-50,-3,-42,-12,30,22,74,-43,93,-70,31,13,-23,66,-38,82,35,-46,35,-14,74,-10,-4,-84,-66,30,72,27,23,27,23,83,-77,81,3,15,86,-16,-15,50,23,-28,11,48,-30,-43,57,16,-44,43,31,-28,-11,3,88,70,-47,-50,97,32,-80,96,31,8,4,34,25,34,11,5,-99,264934
-9,-2,35,-24,-47,-10,13,-2,31,0,-12,74,-1,10,43,8,40,0,-5,-6,1,39,54,21,0,20,-14,-15,-68,-64,-7,31,-15,-2,-49,2,49,21,-33,-39,-78,3,-27,72,-37,81,8,23,34,-63,-18,66,35,-43,52,77,19,-9,24,13,-13,-57,23,-4,-3,86,-13,19,76,15,53,-6,5,-10,9,-34,0,14,-1,-46,13,80,36,39,18,12,22,16,26,30,-11,-15,-10,50,6,27,20,25,5,-29,-29,-51,-22,-50,-6,-22,4,-6,93,7,-45,1,7,-28,-10,-9,20,4,63,85,-43,71,-81,18,40,18,54,-22,60,-78,-54,26,22,36,-8,10,52,-75,17,36,-12,13,14,-84,58,-54,37,0,33,70,8,-7,31,31,11,1,25,2,47,40,33,-25,-18,0,-4,0,5,37,46,-29,-27,89,16,35,72,5,3,-10,0,26,-5,26,3,-47,265009
-13,15,-25,-7,-22,39,-25,-48,-5,-23,100,4,34,-23,4,6,-48,39,58,-12,16,18,40,52,5,33,-15,-33,-60,1,-11,23,-25,35,-81,-3,0,35,-34,-21,60,24,-33,-25,-21,60,45,45,35,3,-29,25,25,-33,0,-37,-61,40,0,-6,-30,-58,-19,-27,-39,21,-35,48,60,54,35,29,23,-45,-23,37,30,-37,19,-24,-3,0,-51,4,0,0,11,-66,1,0,-16,8,-67,15,78,4,-25,17,-28,1,-67,33,11,-71,19,0,14,9,3,76,14,41,51,-43,-17,-64,27,3,-3,-36,-29,26,22,12,1,4,73,-9,45,-35,-63,41,-18,-4,-52,-20,1,19,4,-2,-15,10,4,-37,41,-5,65,-25,4,2,-2,-3,37,32,-24,-5,18,43,0,74,-11,14,11,7,-10,-3,16,35,51,-44,-17,-3,5,5,-28,3,13,32,29,13,26,-13,-37,-81,265408
15,40,87,-8,-3,-13,-28,-3,48,37,-23,74,-5,-14,18,14,-36,-27,54,8,-8,37,52,27,0,62,-3,-15,-4,-64,11,35,8,5,44,22,7,1,-1,-4,-24,57,-3,87,-14,62,33,2,36,-64,-10,25,18,-64,-34,42,-60,-11,24,-20,-28,-50,17,9,-25,69,-7,-6,82,39,44,-26,43,0,-61,34,-44,-19,20,-18,-16,25,-40,13,-33,-23,50,-72,32,42,0,-21,-26,9,-1,-30,0,-41,-68,-24,-93,11,13,-80,-12,-19,57,35,93,0,-72,40,2,-11,16,-23,27,-4,-24,47,-63,32,-69,28,-27,32,-24,-5,67,-46,-61,26,5,12,-31,15,-17,-63,8,14,10,42,24,-58,65,0,47,37,-49,82,40,3,1,0,-19,28,-33,24,15,-16,-28,6,-23,-2,12,3,-3,32,50,1,16,83,6,-24,88,-4,56,-7,-25,59,-31,-30,12,38,265587
-3,24,-38,-20,-5,24,-72,-36,48,-8,-91,93,63,8,39,0,7,-46,-11,4,17,39,-25,-27,-1,2,32,-29,8,-78,-64,16,-18,-7,-4,-1,-13,61,2,18,52,-8,2,-8,23,89,-20,26,33,-78,4,62,14,-58,19,-10,-35,23,11,-10,1,-61,-15,8,-33,41,-33,24,93,-26,-22,-1,-13,-34,-14,-41,-40,-41,21,-1,-9,46,-4,38,21,-8,7,-37,10,49,4,0,-34,34,15,15,13,-2,-8,-3,-56,-41,37,-50,0,-7,57,33,-12,13,-56,65,-8,-22,28,-33,-1,2,4,-11,-56,63,-51,22,-39,-19,-13,-23,13,-35,-69,-23,-14,16,13,1,9,-54,-1,13,5,23,-2,-21,13,-11,35,-8,-37,90,-20,1,42,64,-71,-3,-1,67,-12,-13,-15,40,2,0,6,4,15,32,48,-20,0,-7,0,25,-6,1,58,65,22,9,-2,-13,21,-8,265600
22,-20,18,-21,-5,11,43,-45,18,7,23,64,2,-12,39,9,-29,-12,39,-13,30,41,-5,62,-22,41,-3,-41,42,-31,21,17,69,26,-66,-4,-11,62,-31,24,11,12,-29,41,24,20,46,11,33,-26,-11,15,17,-15,39,8,-39,13,29,-6,-14,-19,33,-2,-52,38,-40,10,19,61,-5,15,13,-48,-42,37,-10,-51,-21,-7,-2,42,-24,41,3,-2,-7,-31,29,17,25,16,-49,40,20,-1,-16,65,-41,-15,-11,28,23,-16,-21,-15,31,13,36,21,-29,12,3,38,-1,-45,47,-22,48,10,-12,15,-29,13,37,16,16,-23,40,-3,-22,1,34,58,-7,3,-40,-30,12,58,27,13,11,-9,38,-10,48,5,36,61,11,78,46,64,44,-4,66,11,-8,18,-18,19,16,-24,-10,75,32,33,48,36,3,35,14,-29,43,-22,33,-4,19,-4,14,-17,-7,-68,265765
3,-10,62,-14,4,-13,13,-16,-52,25,43,19,31,-24,3,26,7,43,-100,-24,-26,12,59,73,15,1,-5,-15,-65,-62,-10,54,-10,0,-46,-3,-40,54,-30,24,-92,-32,-19,90,16,86,-98,27,58,-58,-37,11,45,-100,7,1,46,-11,29,-10,-41,19,-13,67,-2,4,-16,26,82,60,56,35,-10,-27,20,60,45,17,-14,-4,-6,-31,13,-1,-18,-3,19,23,22,-54,-15,-15,-31,11,15,-30,-24,50,13,18,-6,41,-35,-14,-14,39,-75,16,95,20,-38,76,-5,-49,0,-23,34,5,12,14,-100,-2,-6,47,55,-50,66,-15,74,70,54,47,-5,43,-40,6,34,-18,11,37,-13,47,27,45,73,-38,34,26,59,26,-57,-100,28,27,3,3,41,82,-46,46,2,-33,-21,19,-14,-94,-23,63,11,-51,-22,89,11,18,95,6,-68,3,0,22,42,0,51,-48,266117
-2,2,88,-28,-8,-29,-58,43,-29,50,-98,43,85,17,35,23,15,-26,-97,-15,3,37,35,82,37,-9,0,-21,-26,-98,-1,41,2,-5,-1,19,0,30,6,15,-95,-62,3,98,0,38,-94,42,76,-81,1,78,33,-100,4,61,47,-29,3,-11,-4,14,-49,95,-5,-19,-22,39,47,80,34,32,-64,46,-18,-72,-33,-6,-1,-17,4,-22,26,27,23,2,27,45,6,-43,-23,16,-5,25,15,32,36,2,-25,75,-33,-100,21,-46,-11,73,-63,-18,47,13,-91,52,-11,-14,4,-15,-13,19,10,71,-100,76,51,38,0,-1,22,-29,66,37,13,-2,-50,33,-9,29,23,51,20,30,-19,41,23,32,69,-70,5,51,7,48,4,-2,32,18,-64,21,0,44,0,26,-11,21,19,34,-18,-1,6,70,29,-8,-69,40,19,26,100,20,-61,79,10,31,27,-9,94,-9,266120
-4,-32,57,-25,-9,-9,-2,-4,-4,3,-54,58,52,-30,31,15,0,-47,-81,-26,-7,24,28,4,12,-25,6,-8,-81,-49,4,50,-20,38,-60,10,-25,38,-38,16,-86,38,-26,95,12,61,-73,27,41,-54,-36,61,40,-96,10,38,-10,-7,45,-6,-39,-6,23,52,29,41,-10,26,74,3,11,13,32,-12,-10,-50,-66,40,-52,-7,5,-6,-23,19,-20,12,18,-22,35,7,-7,13,-72,20,14,-32,-33,54,-30,-13,-26,-67,-41,-39,-8,3,-12,38,75,19,-63,45,29,-51,17,-73,-21,35,4,61,-100,53,-100,11,-34,-56,45,-25,89,-8,16,31,29,20,-52,-9,9,-100,16,13,-10,18,17,-38,87,-41,72,4,-33,55,-61,-63,1,21,-9,18,50,45,-31,21,15,-39,4,14,-10,-53,-9,49,78,-50,-33,61,17,0,100,36,1,36,-7,19,22,-1,4,-58,266159
9,-28,29,-24,-25,-3,-25,-2,-44,6,-78,39,-4,-40,38,25,-17,-35,-96,-38,8,45,49,-10,7,-35,-15,-52,-41,-37,-33,40,-34,15,-39,20,-81,91,-36,5,6,-37,-15,66,1,19,-95,18,47,-38,-24,60,27,-63,-12,25,16,0,41,5,-28,51,24,1,-16,-10,-47,22,47,-2,45,9,-31,-19,5,-70,-34,6,-19,-27,21,-37,-5,31,-37,22,28,13,24,-26,5,-9,-54,39,-12,-27,-29,-23,5,32,-12,-100,2,-18,13,34,-57,31,21,-11,-43,46,0,-20,-2,-50,-23,40,-10,38,-58,41,-77,34,1,-43,14,-23,93,14,63,37,44,41,-11,2,-3,-79,26,36,1,22,27,1,89,-89,-22,7,-7,20,-63,-62,37,90,-33,34,-35,73,-94,1,-25,0,-24,14,-15,-72,8,59,-40,-20,-39,0,25,-44,74,42,-60,-8,21,25,23,-19,-32,-43,266215
-16,100,-57,-29,-49,13,-72,-1,-7,14,-44,41,38,-10,100,1,-4,10,-29,-16,7,-67,0,13,2,46,18,-33,-67,-95,16,15,-56,-5,-40,16,-100,-78,45,-98,18,8,41,9,-100,51,-36,31,24,-100,-39,-85,19,-51,13,2,20,11,-64,0,-39,-66,100,-15,-60,46,-35,31,58,13,1,-2,9,0,0,-44,10,-64,100,-52,0,46,-4,100,-17,3,-19,13,-64,-10,36,-1,-91,-64,-100,-23,0,12,0,14,22,-37,31,27,-16,11,-18,-14,42,-100,-84,63,-100,-11,18,-94,42,18,0,7,-50,-82,-55,55,1,-42,41,-30,78,-69,-71,-24,100,-78,-71,0,-76,-56,12,-75,36,56,1,-61,78,-15,-49,13,1,46,-36,0,52,-72,-71,12,13,60,-96,39,-9,30,0,2,-17,-1,7,24,-40,-11,-43,39,13,-77,8,17,-18,40,22,-19,-5,-6,-7,-41,266457
17,38,85,-15,22,-20,-35,4,22,28,-52,40,10,-23,36,19,-39,3,11,5,9,14,56,15,18,46,19,-27,-43,-58,15,51,-36,-5,-53,11,-48,81,-9,17,-100,-64,7,92,20,-8,16,16,61,-76,-30,65,53,-100,-12,-80,4,-20,40,24,-24,61,10,41,12,73,-25,23,-10,9,54,41,-67,-7,-23,-52,7,12,32,24,46,66,-42,38,35,43,51,0,23,35,4,-26,0,25,-11,27,-10,1,-23,55,-16,-59,-91,-28,-9,67,-77,27,40,-9,-72,85,-5,-17,28,-7,60,1,-14,-73,-100,46,-61,22,-9,-19,33,-16,78,-79,76,61,20,55,-27,-2,4,-69,25,46,0,13,17,-93,78,-35,-30,30,-19,59,-16,-54,24,80,-54,14,-11,94,-58,15,-52,-85,-37,28,17,-43,6,74,-12,-26,2,44,25,0,97,3,-78,3,-43,45,51,-39,11,-48,266567
7,20,55,-14,37,10,-41,-5,-14,21,-73,45,34,-25,51,9,0,7,-45,-1,-20,15,44,37,36,31,49,-13,-60,-84,-8,33,-12,-4,-32,19,7,76,-2,52,-55,-38,-1,80,58,24,-44,32,58,-77,-24,66,33,-69,31,10,13,10,11,4,-24,-15,-2,14,-8,-27,-12,32,23,38,44,42,-37,-10,-12,-3,6,-9,13,37,14,-28,-4,50,-3,19,39,11,7,-18,-18,-19,-6,16,-16,-12,-21,32,-13,10,-40,-11,-8,-41,-30,16,-19,37,54,-12,-70,48,3,-42,52,-4,26,17,25,9,-73,63,-45,32,38,-8,23,-14,52,35,-15,52,-1,32,-3,10,-48,-38,13,35,-19,36,11,28,52,-17,-18,21,41,42,-8,-4,29,77,-41,20,31,46,10,10,-6,-9,-18,37,0,-1,-21,62,-11,-44,-38,52,13,-48,81,17,-12,33,8,38,44,-10,14,-32,266732
-24,73,-11,-17,-14,-10,-70,44,27,-9,-19,48,84,-5,93,-6,10,1,-36,29,-45,20,73,20,20,22,-5,-8,-54,52,-20,20,-8,-24,-42,25,27,0,43,-5,-76,-14,42,45,-16,61,-33,26,78,65,-20,75,14,-100,-3,42,61,-8,0,-5,-22,-43,-13,65,22,100,-5,25,63,14,58,-3,-9,45,34,-21,-13,26,61,-21,5,91,14,80,-4,8,13,61,3,28,10,-37,13,14,45,-13,-10,-89,18,76,-79,-49,-28,-72,30,81,31,-24,100,47,15,3,25,-48,-1,19,17,0,13,61,-100,80,-9,-17,-19,12,33,-17,26,-28,-48,30,-18,-2,-20,15,-26,-15,9,6,19,-18,-7,-34,25,-31,35,-9,-22,54,16,-22,19,3,-61,25,-86,3,24,30,0,-28,-38,21,30,-12,-39,79,46,-43,-45,100,8,-28,42,1,37,74,-15,13,-4,-7,60,-38,267401
3,29,34,-16,-14,27,-18,-52,5,4,21,8,47,-54,1,13,-11,19,-20,-5,16,27,32,31,-4,-7,4,-21,15,0,-25,30,-6,-1,-57,1,6,72,-1,-3,13,33,-1,33,-1,66,-28,12,36,2,-17,8,29,-56,44,20,0,25,20,-5,-15,-2,19,-20,-2,24,-24,14,68,29,33,25,37,-47,7,20,20,-2,30,-16,-3,15,-11,3,34,0,-16,0,22,-2,31,8,-38,28,32,39,-45,41,8,19,-56,29,29,-58,-19,21,-4,13,-2,32,-42,41,11,-2,5,-31,-9,-1,23,15,-57,11,-6,36,14,-17,25,-17,41,-30,-5,41,20,17,-58,10,17,-8,9,16,35,35,12,-33,40,-6,-7,3,16,12,-15,-14,61,74,-15,0,41,36,7,21,-28,28,10,-6,-2,-13,17,34,-9,0,2,-3,11,8,31,-2,-5,43,33,-13,26,-26,-24,-57,267684
-7,2,69,-36,-24,7,23,29,23,40,-79,83,44,44,18,30,11,-78,-46,13,28,47,-2,1,27,-56,-28,-43,-15,-100,-61,38,-11,-41,62,17,-26,-20,8,-19,-100,-73,12,96,-24,36,-40,10,39,-79,28,31,30,-92,-24,0,59,5,14,6,24,51,-49,100,10,11,-47,21,42,-1,2,3,-81,28,16,-76,-77,12,0,-24,22,8,19,17,-24,15,54,61,2,14,-8,1,-20,38,-26,-28,57,-22,10,8,-84,-90,5,-80,11,11,-97,-13,79,-28,-79,58,-69,-12,-24,-30,-51,14,-35,11,-97,29,-67,22,-72,0,61,-36,87,-22,57,-19,-47,53,32,19,49,-72,20,51,-11,23,29,-23,89,-20,37,40,-59,94,9,33,-12,-24,16,20,-29,56,-29,54,-26,7,1,34,20,37,27,43,54,-10,-87,71,20,63,97,15,-91,31,-17,51,7,-27,100,66,267778
1,12,80,-26,-87,-20,-8,73,-6,27,-63,86,-3,-23,73,30,20,-47,-37,-4,-9,32,22,-21,37,-27,14,-32,-34,-65,20,51,-67,12,-7,11,-24,31,-12,-17,-100,-71,-6,100,-15,17,-29,35,76,-70,-15,54,42,-87,2,17,14,-19,10,13,-23,14,-78,47,-17,15,-33,35,38,-28,27,9,-69,69,-23,35,-44,-13,-6,-79,28,-10,38,64,47,21,57,20,7,-1,-26,-10,-14,21,5,33,-9,-21,-27,0,-46,43,-29,-40,-33,3,-100,-1,93,17,-63,21,-2,-34,16,-21,-19,19,26,13,-88,47,-100,83,-49,-26,57,-28,99,36,19,31,-76,33,-4,21,42,-100,23,30,-20,84,32,44,99,-94,24,27,-39,96,-2,-66,38,21,-10,15,-23,33,-33,48,24,-27,-13,38,0,-57,-8,77,36,-29,-17,90,23,26,100,19,-100,-6,-34,58,10,21,51,-12,268082
-7,35,73,-22,-13,-6,31,34,37,31,58,70,42,40,41,7,-13,-9,-32,34,33,86,65,45,40,-58,0,-81,-35,-86,-55,7,-28,-17,68,48,-1,25,28,-12,-44,-14,28,82,-19,74,-23,18,51,-84,35,19,3,-51,-83,-1,-72,-3,1,-11,33,-82,-57,100,38,70,-79,15,69,30,60,9,-17,23,56,-3,-16,39,28,-33,-2,56,-13,44,-22,-14,41,-82,0,35,-2,25,-52,81,-61,-14,45,-19,40,38,17,8,-25,34,-34,43,-48,-40,100,-56,-67,93,-30,12,21,-44,-57,20,-68,-20,-52,13,-100,35,36,27,-12,-20,89,98,-66,31,-56,45,41,9,26,-100,6,49,7,31,15,89,86,-74,72,31,49,69,33,3,4,23,21,48,-22,80,0,-18,-47,-25,26,42,32,7,37,49,73,11,-75,100,7,20,86,21,-46,28,-34,38,6,-49,100,61,268343
3,-76,12,-14,38,21,-20,-64,20,7,5,48,-41,-55,11,18,0,21,23,35,-28,86,56,-2,5,31,1,-25,-80,-55,-14,28,2,33,-27,21,15,-3,-28,-24,-61,-6,-35,64,-25,60,15,12,55,-54,35,5,20,-46,15,10,-45,22,31,-23,27,-24,24,56,10,-47,-20,8,73,0,56,8,-17,-51,-11,60,18,36,-67,29,-27,-47,-2,-3,-20,-18,9,-45,38,15,5,9,-14,72,3,-18,-25,60,-7,-35,-75,44,-24,-85,-21,-35,12,6,-19,-10,-45,67,14,-15,30,-10,3,20,13,3,-54,20,-68,26,34,-6,21,-12,65,-73,-19,45,14,57,-23,56,-12,-89,16,57,12,36,17,-77,67,-58,52,6,16,79,19,-4,41,1,-7,24,65,61,15,35,-23,-10,13,6,35,0,-19,45,99,-9,-23,-22,15,-19,64,22,7,-34,-4,13,0,-30,72,-29,268506
28,35,29,-28,13,-9,-8,-2,25,22,-54,81,8,-1,-34,51,-9,-44,5,6,33,75,56,7,14,-14,-5,-13,-20,-60,-50,22,49,76,-15,21,-22,52,-18,-10,-52,-38,-15,89,-16,65,15,18,72,-57,18,46,18,-71,65,-6,-16,-9,29,-10,12,70,-4,57,-71,-50,-13,18,72,3,52,-3,-33,-5,-45,20,-49,-61,29,10,-8,-61,-5,-46,33,0,35,-21,23,20,-26,83,-18,72,-2,34,2,-3,-54,11,-56,10,-48,-58,15,18,25,-15,49,-3,-23,49,-6,-1,-7,-18,-11,33,67,3,-74,52,-45,21,-20,4,25,-27,88,-28,85,22,-3,27,12,38,8,-43,10,22,-26,23,49,-41,89,-54,55,23,-21,86,6,-75,39,55,-14,23,-9,49,-23,19,-21,-46,81,15,12,-66,33,75,51,-1,-23,51,9,11,92,32,29,3,15,35,-2,-14,46,-17,268748
21,1,24,-24,-3,12,-69,-4,-9,16,-36,31,-15,-51,87,-4,5,12,56,5,12,35,0,54,-1,73,13,-32,28,-49,10,8,13,-19,-16,-1,-8,41,8,19,-14,-74,11,15,17,45,60,16,41,-43,-5,61,7,-24,-10,30,40,11,15,-10,-8,-47,29,6,-49,77,-33,13,43,52,1,15,-71,-10,-7,22,13,-51,-2,-6,-9,86,10,85,-8,-8,0,42,16,-9,34,-19,-45,32,0,-4,-47,-3,-7,-21,-66,0,0,-67,-11,-19,12,-29,51,2,44,44,-24,29,16,-51,76,30,0,32,-24,57,-20,8,0,-1,-17,-27,75,-40,-49,-4,29,64,24,22,-18,-18,0,63,36,7,-2,-44,75,-47,23,14,1,32,0,67,46,42,-68,-3,-1,43,-9,-12,-42,-1,-19,0,8,68,13,44,28,28,-16,52,1,-12,18,28,12,-18,-14,4,18,-43,8,-17,268883
12,-24,74,-23,-14,-11,-19,6,0,19,19,60,46,-32,4,13,-15,-27,-20,-14,-24,50,47,36,9,-17,1,1,-40,-7,45,32,46,30,-73,23,0,62,-2,3,-63,28,4,98,-8,35,-10,18,81,-3,-21,96,28,-74,25,25,2,-10,36,0,-21,-11,7,53,-37,32,3,17,37,41,43,7,25,2,-15,40,-33,-21,-23,-18,7,17,-15,11,42,12,23,13,31,0,33,23,-7,53,38,42,-23,-17,-26,-9,-43,10,-28,-51,-12,4,13,-12,100,38,-26,31,32,-27,8,-6,-19,-3,42,32,-75,97,-83,33,-5,-7,1,-21,32,-63,7,63,7,32,-33,3,-40,-72,19,33,35,38,19,-70,32,-19,70,20,-4,61,-5,-24,17,59,-17,29,-18,23,0,-6,5,-36,15,12,-5,-26,-20,86,65,-26,-46,100,21,-39,100,-4,19,39,-6,21,11,0,52,-69,268938
-15,-7,44,-23,-11,33,40,-31,-16,29,-33,32,52,-10,3,20,7,-7,36,-8,27,22,-29,34,-21,52,-2,-14,-36,-38,23,34,20,13,-36,-7,-45,52,-11,-3,-81,25,-13,56,-1,21,35,19,33,-37,-35,45,36,-70,5,27,2,32,27,-3,-31,-40,6,-37,-21,-47,-17,19,14,33,-26,26,24,-28,-43,16,-4,-25,-1,-9,0,-42,2,0,18,5,6,-3,26,-17,-11,20,-37,22,2,15,-11,38,-41,-2,-63,19,41,-58,-19,-4,-29,-17,-19,0,-43,14,29,-11,-4,-37,48,17,0,21,-68,51,-35,7,-63,-12,-3,-28,27,-52,-48,57,5,29,-61,-14,46,-37,11,31,-11,6,19,-46,27,0,5,29,-63,37,-15,-27,25,52,40,-8,37,12,-43,-11,-19,40,23,-21,-7,-31,25,32,13,-12,-38,-17,14,30,57,16,-31,54,16,9,25,-23,-30,-35,269228
6,-43,98,-27,-50,12,-24,-13,-60,6,55,48,75,-27,-55,31,-17,-3,-100,-14,-18,21,44,61,24,-73,12,-14,-41,-13,37,60,-11,16,-79,12,-73,65,-19,-2,-82,37,-10,100,-15,83,-100,41,73,-17,-44,79,51,-100,0,3,19,14,28,-5,-46,100,-72,91,-2,-14,-19,44,88,57,44,47,49,-26,41,64,0,0,-48,-55,17,-14,-13,-52,32,16,23,6,22,-69,27,6,-17,18,37,29,-35,60,41,71,9,77,-8,-13,10,86,-100,13,45,38,-62,51,-26,-46,15,-17,-58,5,21,3,-100,67,34,67,18,-54,43,-30,66,-8,100,67,-63,34,-65,32,25,34,29,36,31,66,32,-27,69,-55,30,8,21,41,-58,-95,27,62,-24,20,54,52,-76,21,-33,-9,0,29,-3,-91,-17,76,39,-42,-27,36,29,24,100,7,-100,68,9,22,52,-23,79,-81,269644
8,-12,86,-33,-33,-10,-51,-48,12,29,-16,-33,60,-42,73,17,-8,-16,-63,-9,22,68,97,83,2,-42,-17,-46,-28,-12,26,44,-31,52,-34,46,-38,51,0,79,4,-81,7,93,60,84,-73,28,91,-24,-14,78,37,-56,-25,-57,-54,-10,40,-21,-28,36,-33,52,-27,94,-45,22,70,76,100,24,-84,-41,52,56,-1,-8,30,-31,-16,87,8,61,-40,-18,26,-88,47,14,19,-2,-57,58,-12,-70,-45,66,47,0,-13,55,-57,12,24,8,17,17,31,-9,15,24,33,-25,0,-63,-69,26,4,-51,-69,71,-81,11,57,-12,6,-33,82,-26,34,9,-45,86,-100,15,-23,-83,26,71,16,38,16,32,83,-44,98,31,67,-29,11,7,38,28,-24,48,79,3,-27,-40,-44,-63,-1,2,-6,39,20,83,100,-25,-6,47,24,-26,86,26,19,32,8,28,20,-46,73,-47,269851
18,-1,52,-22,20,7,16,-51,23,48,-51,13,18,-6,51,11,2,8,38,-11,-2,39,15,54,4,60,39,-30,-33,12,25,38,60,-10,-77,11,61,54,-22,-28,-72,14,-27,57,-33,70,30,16,46,11,-4,94,42,-62,-1,23,48,7,20,-11,-4,-27,43,26,18,52,-29,12,93,51,16,50,13,-49,-16,-23,6,15,6,18,-10,31,0,50,31,0,28,51,21,18,8,-12,-30,39,23,36,-12,40,-14,15,-40,-51,34,-46,-14,19,-33,13,83,27,36,83,20,9,44,-27,71,17,2,49,-62,96,-21,13,3,22,78,-21,64,-28,-25,56,43,61,3,7,-73,-26,19,63,3,17,12,-37,63,-33,-9,48,3,30,29,45,52,61,14,5,38,82,58,85,-13,34,-7,4,-20,52,0,44,5,7,-19,84,19,-71,58,16,-35,15,0,27,46,-13,34,-81,270329
-10,20,40,-19,31,7,26,-35,-13,-1,16,-10,78,41,-21,2,11,33,18,-10,47,21,43,67,-13,-14,0,-37,-38,-6,38,31,1,-9,-47,2,7,27,-21,-62,-37,28,-20,11,-66,48,19,26,35,-5,-19,20,29,-4,11,-38,37,6,10,-9,-20,-19,49,-8,-46,25,-35,28,52,64,45,67,32,-35,0,11,35,-48,30,30,-9,29,24,-19,5,-3,-14,51,7,-6,-17,6,-37,22,39,8,41,82,1,2,-21,21,52,-21,-23,1,19,-23,-6,39,13,64,45,-3,-1,-35,-11,24,16,-36,-5,17,11,17,42,41,95,-18,54,13,-22,-2,52,20,-57,9,-2,10,16,20,-15,18,1,11,54,-36,21,-2,43,-12,44,60,68,28,25,5,80,70,5,97,-15,51,5,-13,-5,61,49,40,17,-3,-15,-8,17,6,11,23,22,79,22,-15,73,-10,-10,-45,270330
51,76,91,-27,-24,-21,100,11,50,35,-41,55,76,-14,70,38,7,-39,-31,33,25,68,43,29,-11,25,3,-62,-6,-84,65,23,12,-1,64,68,-30,0,-17,2,-60,-28,-15,82,8,21,-20,-3,9,-63,71,79,21,-73,0,6,-44,-19,13,-2,68,47,1,52,61,78,-58,0,15,34,41,3,-9,5,-52,-67,-47,63,70,-28,1,64,12,74,-5,1,95,-47,9,43,-16,8,-16,68,-49,-10,-23,-32,-57,-11,-33,-81,42,-47,28,-13,-23,45,39,-45,-43,58,8,76,4,-10,16,10,0,5,-71,69,-34,11,-69,19,-27,-27,63,25,44,12,4,62,-31,58,-28,-22,4,71,-18,11,36,0,60,-41,0,36,-65,51,7,73,36,5,100,69,-37,55,-25,-37,-19,33,9,-8,35,71,24,16,4,75,-31,39,4,-30,83,10,-23,71,-34,91,7,-17,36,67,270334
-9,100,34,0,80,0,-66,100,-37,0,14,-2,25,-53,-6,-2,4,-58,-46,-49,-28,1,-24,-69,-36,-21,46,20,-89,5,41,-96,-32,-13,-76,15,-34,67,10,65,83,17,8,-53,59,-22,-45,-19,13,8,-73,-72,-100,-18,55,1,80,0,-93,6,-73,64,49,-29,-26,39,18,-30,-22,-69,-22,71,15,91,-49,11,-57,-26,100,83,-1,40,-14,-8,67,-16,9,88,-100,-38,21,31,1,-21,13,69,-52,100,-49,62,55,10,60,56,-100,60,-3,9,-27,17,-8,-78,11,-100,66,0,-22,0,23,-5,-19,-58,51,-14,-54,-3,33,0,-19,-16,64,75,43,-1,44,14,70,51,100,-2,10,-38,2,-16,-24,82,76,0,-54,8,-2,11,51,65,-68,14,100,-65,-18,10,0,73,10,-22,-51,11,-27,11,77,-100,-11,-26,-43,78,-77,0,-1,27,2,1,67,0,-17,-100,271365
39,-21,24,-1,1,-8,-1,-24,29,-2,-41,56,35,-34,52,17,-15,-7,13,18,-40,42,72,100,-3,51,-7,-6,-4,-73,-17,16,55,6,-11,31,41,16,30,-11,-72,-13,27,69,-14,61,16,-28,44,-61,-15,45,17,-76,21,-69,12,-8,48,1,-21,-68,37,30,-27,70,-3,-31,54,100,76,15,-24,-17,-34,-58,-7,-37,-31,-8,-3,70,-9,57,-2,7,31,12,47,25,26,19,-23,39,68,-17,-25,-44,-34,4,-91,-72,-41,-93,4,9,-3,23,96,68,-55,66,20,-26,-10,-17,44,16,12,-58,-68,47,-64,31,-22,-1,36,0,38,-90,-74,2,41,20,-6,-1,-41,-60,15,23,27,35,21,-89,39,-21,34,-3,-30,50,3,30,45,11,5,29,-42,58,45,41,-24,-50,14,0,23,31,-36,42,42,-24,7,96,15,-35,72,14,4,34,-25,29,11,-20,49,-10,271444
-23,30,31,-27,-17,15,11,15,6,-21,0,43,83,21,-36,11,0,5,-51,-24,32,17,28,51,-25,-15,0,-49,-9,-51,-14,29,-14,5,-39,-14,-24,61,-23,10,16,100,-25,41,11,12,-66,9,49,-48,-29,68,29,-40,-55,7,4,16,23,-11,-28,-18,4,40,27,48,-50,5,6,52,24,8,100,11,0,-31,0,27,26,-17,-10,36,-4,-37,29,-7,-2,2,24,12,11,11,-47,18,60,32,26,-3,0,32,-18,-25,80,-25,-34,32,-23,-43,-28,62,-33,57,21,-10,0,-40,-17,29,-56,7,-40,69,17,46,14,-19,10,-29,31,40,-17,49,4,5,-13,-23,38,17,13,7,10,47,14,40,30,-2,44,-21,11,35,-22,57,32,60,14,-16,0,50,-23,12,0,82,9,-23,-22,56,33,50,38,-9,-88,-33,12,48,42,29,-22,81,-13,-2,8,-3,29,-38,271631
-4,66,0,-8,15,1,-20,-4,9,5,-93,74,58,-14,-2,10,21,-6,10,2,-11,55,46,52,30,-23,4,-18,-38,-100,-54,46,-13,23,-28,9,19,100,13,68,-36,-17,12,60,65,61,21,35,84,-96,-15,52,38,-38,-19,-13,0,0,9,-26,-24,4,-60,10,-58,13,-19,29,60,52,46,56,-25,-12,-20,-99,-7,-56,56,23,-18,18,25,-8,12,-21,27,-6,9,1,27,0,-22,47,-9,22,-19,26,-24,-17,-72,-100,-1,-63,-25,-13,-63,-24,60,-13,-91,81,-6,-34,-2,-26,0,-14,-7,0,-41,54,-89,58,27,16,-2,-8,29,-13,11,44,-51,38,5,12,-32,-90,8,32,24,67,17,-11,30,-11,87,5,24,77,34,17,15,92,-16,12,13,95,8,-18,0,5,-2,28,2,23,-14,85,100,-29,-46,66,11,-50,65,-15,-66,66,5,32,55,-1,36,-44,272575
61,63,65,-17,-17,-34,20,22,0,56,23,49,-12,3,40,25,-20,-22,-71,0,-25,26,31,-17,13,-6,26,-35,36,-14,-33,22,47,6,0,49,-71,6,6,39,-2,-71,13,71,30,-25,-65,0,45,-15,16,34,17,-83,24,40,20,-34,27,-6,12,41,25,72,15,-59,-38,-3,-30,-23,31,15,-69,10,-28,16,-20,21,55,-17,-5,-50,-28,37,-10,-8,27,24,21,-6,23,28,-25,22,-9,-17,-6,7,-30,-10,-18,16,-87,-20,36,-9,-41,79,43,-9,-34,22,-26,33,32,-33,-8,-14,29,29,-90,25,-56,13,-22,-21,-8,-18,78,51,52,15,29,50,-31,17,-1,-59,19,47,22,15,32,47,75,-30,28,56,-19,44,-26,-42,35,-4,19,51,3,32,-74,-11,-22,-79,24,15,7,-33,-23,49,46,32,17,42,21,-12,77,-12,-40,-11,7,26,18,-27,68,-4,273604
-25,72,77,-22,-10,4,-58,-21,3,-5,42,2,76,15,-23,9,0,-7,-45,-10,11,31,13,26,-4,4,-36,-18,-32,-35,41,22,4,-39,-12,-3,-12,25,-4,-35,-28,33,-2,50,-36,38,-44,22,26,-35,-19,38,21,-58,19,-41,14,4,16,-8,-18,-6,32,-4,-20,10,-15,19,40,28,4,13,42,-25,-16,100,-10,-11,68,-10,-12,3,4,-20,62,-8,1,19,17,4,6,-33,-16,31,63,65,6,0,-19,26,13,99,52,4,1,29,-6,-17,-26,65,-39,43,33,-29,-37,-7,3,0,29,-40,-54,37,-4,33,2,6,26,-23,-35,2,-6,21,34,17,-15,-9,37,1,11,17,11,31,12,-14,-38,-8,43,-4,-3,0,3,-5,55,27,-56,-2,3,42,-11,28,12,47,-32,-9,-8,-7,13,25,26,-29,-64,-31,14,43,50,-1,-8,69,-2,4,13,10,-20,-13,273682
27,45,48,-12,-4,-22,-17,-49,8,6,62,52,76,-56,-56,34,-33,-23,-10,-24,-11,52,78,-1,14,-15,-2,-23,-52,-54,-29,52,6,40,-37,30,-46,35,-45,19,-26,43,-44,86,11,72,-14,39,72,-50,-14,63,45,-80,-38,2,-2,-21,22,-3,-18,44,22,-2,-36,42,-20,33,69,4,71,-3,36,-50,-15,47,-31,-20,30,-7,1,17,-36,-61,-3,7,27,-17,24,3,-17,12,-13,45,11,10,-37,41,-23,14,15,24,-40,17,-6,25,31,57,40,8,-61,65,20,-17,-5,-21,-38,16,-32,9,-75,72,-44,41,11,4,24,-11,94,-62,54,48,18,58,-69,13,-39,-42,26,58,-15,48,39,-60,92,-28,55,7,2,75,6,-66,28,32,-17,32,41,58,-46,15,-11,-41,12,12,-20,-71,-9,70,50,-12,-23,42,26,-21,89,17,29,76,12,30,-2,-20,3,-38,273992
-22,80,25,-11,-13,1,-37,26,53,60,78,64,81,-17,50,12,21,-7,-45,14,-40,52,81,-1,3,-78,-3,-42,-43,-63,-19,51,8,-97,100,17,-48,-79,-9,-8,11,58,-8,8,-17,0,-52,1,30,-62,28,78,45,-82,-20,3,29,0,48,-3,23,-35,-65,86,11,40,-43,2,-17,0,78,-33,58,20,42,-51,-7,5,53,-18,-4,32,12,55,60,-7,50,27,44,33,-47,-75,-3,45,7,35,-39,-90,39,84,22,-25,5,23,43,83,-56,-18,79,15,-32,65,4,-34,-3,0,-73,-28,-3,2,-79,69,-31,15,-17,-6,26,-13,48,87,-43,22,-63,4,3,10,14,-33,27,0,-46,22,11,89,46,5,52,60,-27,60,-11,11,12,-78,-40,17,-96,65,-47,22,7,5,-73,4,19,15,-36,29,56,-35,-66,75,26,0,13,-27,-48,74,-33,51,-32,-7,86,96,273999
15,20,68,-15,-61,-5,32,31,-23,4,50,30,54,-15,0,27,4,10,5,3,-6,30,57,26,9,-12,10,-15,1,-3,-7,38,29,14,-33,13,-14,37,8,-6,-95,-42,12,88,-14,38,5,10,63,0,-4,56,34,-62,-63,-22,-9,-5,18,7,-6,-5,-30,68,-11,40,-15,13,42,24,55,25,-37,28,17,-69,5,-12,16,-66,24,32,0,-2,11,17,23,-18,12,-33,6,40,-37,23,3,10,-22,16,10,8,-30,-72,-33,-33,-2,9,-48,2,25,6,46,46,-12,0,17,-28,-13,17,-52,-17,-63,48,-11,37,10,16,50,-16,48,9,1,-1,-31,35,-20,27,-32,-15,25,32,6,37,24,7,47,-10,74,4,15,39,23,-26,21,40,26,14,9,44,-14,44,-15,-29,39,12,5,-21,-5,66,80,0,-39,20,24,-26,91,18,-42,54,0,23,28,-20,68,-34,274001
3,15,77,-21,17,-38,-59,-39,5,-25,-65,3,84,17,13,5,6,-46,-68,-11,0,75,15,86,24,4,11,-12,-94,-89,10,23,7,-6,-65,27,-3,49,-29,10,-50,12,-31,78,5,21,-53,45,76,-69,11,58,22,-81,24,-29,5,-36,8,-4,9,0,39,36,0,80,-14,42,35,86,15,53,15,-40,-11,-60,-47,-3,10,9,-2,45,3,13,57,-6,19,-5,10,0,11,-18,-23,70,1,62,23,24,-20,17,-36,-76,-14,-37,-29,23,-9,0,100,0,38,41,34,-28,16,-18,3,25,39,-9,-78,58,-48,9,55,0,73,-21,56,-41,3,-12,38,70,13,11,-4,-49,17,69,11,14,7,-52,55,-64,33,-24,53,17,10,13,66,51,-61,27,20,44,-5,69,-4,-13,-17,24,-13,18,5,75,41,-28,-53,91,15,10,82,26,-14,80,6,22,50,-9,40,-70,274245
13,-17,52,-20,-52,4,8,-3,32,71,-42,78,43,-10,69,26,-5,29,-14,-3,-17,55,87,72,11,35,-9,-23,-45,-45,-24,29,2,18,11,31,6,25,-4,-35,-62,3,-4,93,-28,38,8,14,68,-48,-13,67,26,-88,-1,5,-66,5,29,-17,-15,-64,-33,39,35,56,-23,13,44,70,79,1,7,0,-36,-44,22,35,-34,-54,-12,64,10,61,-30,-5,37,-76,27,29,-7,2,-21,49,29,-38,-25,41,-48,26,-52,-52,-27,-55,23,34,-10,43,100,33,-8,22,-3,-9,-2,-20,13,21,6,20,-93,69,-100,23,25,9,-5,-20,77,-18,-56,15,-32,46,16,-1,-28,-100,19,42,-8,25,28,-21,75,-17,-12,71,29,77,24,-30,13,32,0,33,35,20,4,-10,-12,-26,3,10,-1,-25,-18,67,1,-10,-2,100,19,-27,97,21,-7,43,-21,39,0,-2,45,8,274506
8,7,24,-22,38,-5,-83,-22,-8,49,-23,56,52,-22,37,16,9,-65,-76,22,-6,61,32,19,18,-35,18,-21,-80,-13,-8,24,-44,18,0,25,-4,42,-15,29,-31,-64,-13,76,16,60,-69,32,58,0,18,62,17,-90,-4,46,-10,-1,36,-5,11,-29,45,55,6,-1,-15,23,63,28,30,4,-50,-36,-26,-3,-65,8,7,16,0,5,18,48,18,0,28,-9,40,-19,-25,9,-11,58,11,28,-12,14,-26,4,-39,-32,-23,-44,0,15,2,16,100,19,74,55,29,-43,32,-7,-36,29,-2,49,-89,61,-92,17,20,13,-3,-20,73,22,-26,68,49,34,-2,32,10,-70,12,40,-20,19,24,-2,70,-49,20,49,14,60,5,-14,38,47,-72,26,14,47,-4,-16,-17,-34,4,16,25,-16,-4,58,27,-37,-24,100,14,14,78,31,-4,41,-11,31,3,-16,42,-8,274616
0,0,0,0,0,0,0,0,0,0,0,0,0,0,0,0,0,0,0,0,0,0,0,0,0,0,0,0,0,0,0,0,0,0,0,0,0,0,0,0,0,0,0,0,0,0,0,0,0,0,0,0,0,0,0,0,0,0,0,0,0,0,0,0,0,0,0,0,0,0,0,0,0,0,0,0,0,0,0,0,0,0,0,0,0,0,0,0,0,0,0,0,0,0,0,0,0,0,0,0,0,0,0,0,0,0,0,0,0,0,0,0,0,0,0,0,0,0,0,0,0,0,0,0,0,0,0,0,0,0,0,0,0,0,0,0,0,0,0,0,0,0,0,0,0,0,0,0,0,0,0,0,0,0,0,0,0,0,0,0,0,0,0,0,0,0,0,0,0,0,0,0,0,0,0,0,0,0,0,0,0,0,0,0,274629
11,78,80,-19,-62,-20,-3,-47,19,-4,-51,13,49,-44,35,12,-4,-22,22,-17,14,38,-38,25,-13,50,19,-7,1,-70,47,23,38,-3,-52,-12,0,24,-26,-26,-49,-8,-26,58,-26,76,24,20,8,-72,-7,21,25,-95,32,36,73,-19,35,-12,-8,-43,43,62,-33,75,-6,16,77,29,-34,10,-8,-47,-32,-58,-20,-32,86,-63,-7,70,0,36,28,-3,8,82,34,11,36,-2,-27,37,9,31,-44,58,-31,-7,-79,-67,16,-66,-58,-12,-30,-1,-4,10,-68,39,15,10,21,-27,44,-8,30,27,-95,18,-64,25,-72,9,17,-19,48,-60,-52,51,44,60,12,0,66,-62,13,58,35,26,14,-52,45,-30,29,-2,-70,27,11,45,72,24,-4,-12,56,42,-1,17,-38,16,-4,-13,-19,35,14,9,24,11,-25,-4,13,67,58,-7,-32,58,4,9,8,-32,68,-52,274924
38,15,42,-29,14,-19,10,-30,-64,-11,-14,9,100,-35,-4,17,11,26,-80,-31,-12,46,84,100,13,2,33,2,5,-52,28,39,26,38,-85,4,-13,50,-25,37,-83,-10,-24,84,26,76,-86,42,69,-42,-26,76,34,-78,17,67,49,-19,35,-6,-29,9,-1,36,10,10,1,39,81,100,90,37,-16,-32,8,-29,33,9,12,17,-8,-8,4,-7,21,4,8,40,34,-63,52,30,-26,44,43,26,-34,44,5,50,-28,-39,35,-23,-52,50,-19,-16,57,43,-20,70,-8,9,29,-28,-3,23,31,70,-79,78,66,40,95,-15,44,-31,66,28,1,89,-2,69,-26,28,-37,69,19,68,52,41,16,31,67,-63,47,-10,98,19,-9,-36,61,56,13,9,43,65,-12,37,6,34,29,13,-29,-32,-11,67,50,9,-23,50,18,-33,88,23,-13,100,31,10,37,5,34,-84,274968
3,49,-50,-14,10,14,-70,-20,-45,-44,94,78,38,-32,38,0,23,56,15,97,-40,-100,5,33,16,7,45,1,-13,-3,-35,11,27,74,-35,-100,-100,42,21,8,0,1,24,13,10,21,17,21,40,-6,5,50,9,-35,17,-31,100,16,2,-3,5,-16,100,-14,-55,44,2,21,19,33,1,4,0,-23,25,-14,52,-2,40,12,37,21,25,40,12,-65,0,97,3,-48,99,21,-33,-100,22,18,-29,10,24,17,-3,3,7,-2,-48,14,3,-23,35,21,30,57,-5,-27,47,-29,5,1,19,-30,-33,47,-48,38,28,8,13,-15,30,-50,-17,5,100,23,-4,1,4,-7,3,24,100,38,0,-51,30,10,90,-45,26,97,5,0,41,40,-70,-100,7,56,-100,16,69,5,20,18,100,1,-39,43,86,-27,8,36,3,1,13,0,3,32,23,0,5,67,-11,-35,275019
-35,11,39,-22,-1,-29,-5,-9,-9,-18,-61,-2,-1,-16,51,5,21,-1,0,-26,22,4,-8,-4,-44,11,-38,-43,32,-69,-13,-10,63,0,-100,-49,12,91,0,-34,-100,1,-4,52,-32,24,-4,33,67,-61,-47,33,-46,-2,-5,-74,48,-29,-9,-9,-56,0,22,-14,8,7,-44,24,32,-4,-7,61,0,-23,-4,-62,-3,8,-12,2,10,6,2,45,-1,20,-44,36,-63,-16,-2,-12,-31,10,-15,2,7,53,-5,-2,2,-75,1,0,-7,-2,-67,-100,84,-14,-62,84,-58,-36,-44,-37,12,13,-8,-61,-4,0,-2,-2,19,26,71,-22,86,12,1,-22,29,-19,0,75,18,0,-38,-30,-13,0,-9,10,88,-70,-1,-17,-1,1,30,-4,43,84,1,-41,35,86,8,62,-22,2,-4,0,-10,-2,23,67,-1,-19,-58,85,1,16,49,13,-63,-3,37,-42,50,-28,-26,-100,275453
36,-21,45,-11,-15,6,-26,-5,51,52,-63,100,41,-25,22,22,-22,-64,-72,12,-30,76,43,0,30,-46,23,-18,-55,67,-31,26,52,26,8,37,-41,29,-4,13,-65,44,-4,93,5,26,-50,18,70,71,28,77,18,-95,1,1,4,6,26,-23,24,-20,-31,58,-5,89,-20,17,35,-1,46,-14,35,-7,-32,6,-64,-8,-36,-19,-22,77,-18,15,0,-13,49,-10,21,42,-19,3,0,68,39,-2,-30,5,-37,25,-67,-42,-47,-62,37,26,-14,31,100,38,-100,60,-5,1,19,-5,-48,26,15,16,-96,77,-89,10,-16,-13,30,-12,41,-11,-31,11,-31,75,-2,30,-13,-93,17,75,-19,19,24,-5,44,-51,43,52,-13,98,-13,-27,10,37,-29,40,0,58,-43,10,-12,-42,3,31,15,-22,-27,71,72,4,-3,100,16,-8,96,26,0,41,-26,50,-14,-14,72,8,276140
12,-57,37,-15,-38,9,17,-3,36,58,-5,77,77,17,58,19,0,-18,-98,-33,-2,31,40,-6,-6,-47,-24,-16,-57,-41,-14,38,28,13,-14,10,-31,12,-46,-25,-69,26,-39,82,-29,34,-78,17,40,-33,-5,40,29,-100,32,31,-10,11,33,0,-10,-15,-6,50,-1,100,-15,15,32,-4,49,-3,29,-12,33,14,-7,-2,-65,-39,11,100,0,61,49,12,20,-9,29,33,-19,-14,-10,29,10,50,25,38,36,16,30,5,-58,41,26,14,-43,12,100,18,-91,0,3,-11,-17,-16,-41,-4,35,26,-98,36,-65,30,-49,-43,14,-14,37,-11,-25,-32,-3,48,-32,7,9,-61,18,45,-16,30,20,-9,37,-63,23,58,-52,82,-37,-43,-1,19,13,15,34,-1,-32,6,-28,-63,-20,-5,-28,-43,-5,44,38,-8,-44,100,19,5,85,-3,-35,82,-1,23,0,-20,60,-15,276214
12,-3,32,-21,-30,34,21,-33,0,-18,-9,36,39,-33,7,21,-35,-10,9,-17,11,47,49,52,-21,7,-6,-9,-36,-7,22,33,47,44,-72,8,20,-2,-26,4,-49,-75,-22,89,3,77,-2,15,45,5,-24,62,35,-58,3,44,12,33,29,-8,-23,-69,36,-27,-2,84,-8,24,85,54,51,46,-70,-32,-2,20,-15,0,-4,-29,-6,65,-44,8,-39,-5,-1,-2,23,10,6,32,-26,44,18,-42,-28,52,0,-11,-49,0,20,-56,-12,-10,-17,16,38,17,-99,17,31,2,-6,-33,1,-5,6,58,-58,57,-46,7,21,-12,25,-20,35,-6,-65,69,45,39,-56,16,24,-54,13,37,3,4,19,-1,39,-5,22,-17,21,21,-18,-1,51,-3,22,10,49,34,12,30,-15,19,31,-19,-14,0,10,48,12,2,-30,34,15,28,93,-7,-18,38,45,-3,50,-13,-47,-77,276683
-15,65,-28,-9,-3,10,-38,-12,-9,-22,-65,-11,47,-19,-6,10,-11,79,-10,-21,16,-5,58,29,16,51,4,-34,-65,-58,-12,38,-36,-2,-34,-5,-38,8,-41,-44,71,47,-41,-37,-41,23,-8,29,-15,-64,-31,-28,37,-76,-18,-31,-7,10,-11,-1,-31,50,-3,-29,5,30,-36,30,29,29,61,5,54,-11,60,-57,80,4,66,-1,0,26,-1,-10,-8,0,3,-18,-13,-9,-30,-4,-13,-2,0,-13,-27,37,58,49,5,-38,2,6,-20,47,-41,15,-24,-2,-61,42,30,-60,4,-12,54,12,-20,-32,-73,-30,44,3,7,47,25,-9,55,12,43,-8,-2,-50,-50,-2,40,46,8,-48,-33,5,4,11,58,-27,-46,-21,8,3,49,-46,80,5,-43,-5,33,48,-41,28,-13,0,-2,19,-20,-47,17,-12,-46,-62,-15,-25,8,52,-37,10,-45,46,48,3,6,-13,-31,-34,276685
-17,-6,55,-52,-42,-2,-15,24,30,42,64,60,40,-19,52,15,-4,15,34,14,1,68,40,39,37,-7,3,-52,-48,-9,-7,31,6,-28,25,24,-27,-3,36,29,-56,12,25,92,21,12,20,17,62,-4,31,61,27,-47,11,1,7,-4,19,-10,25,-44,-8,67,20,49,-52,15,41,46,43,12,14,37,-9,73,10,10,-3,-38,-15,40,7,52,-12,-13,19,-10,23,17,33,9,-6,57,19,-17,-9,12,-11,-1,-47,65,27,-39,-37,-5,-62,-63,82,24,13,10,-12,-9,15,-13,-31,15,17,14,-44,72,-100,21,52,54,52,-51,73,9,-51,-50,-18,36,7,22,-29,-94,39,34,35,30,15,17,73,-58,71,41,54,84,56,39,-26,-9,-15,20,13,1,-19,58,15,25,17,38,7,33,1,54,83,-5,-93,79,38,-5,93,16,-57,52,-6,19,3,7,86,20,277263
25,-1,64,-35,15,-15,40,-26,-16,33,14,-5,39,-39,14,10,-15,-8,10,-14,-3,54,64,6,16,-2,9,-33,-26,-48,14,31,19,-22,-38,36,15,46,-11,4,-90,-63,-5,79,2,64,7,23,53,-38,-10,38,28,-90,48,11,-12,-13,28,0,-8,8,7,44,-24,71,-29,24,59,18,62,30,-43,-26,18,74,-21,-15,-34,9,6,37,-1,1,-1,16,27,-25,24,-44,24,-19,-50,57,3,-5,-34,28,17,10,-52,48,-59,-51,-52,10,-22,34,100,11,-62,74,-6,17,17,-51,9,31,13,11,-78,36,-86,-17,36,-31,43,-32,78,12,3,31,12,75,-8,9,-11,-77,21,70,23,-17,9,-7,79,-24,68,34,42,16,-37,-37,28,33,23,36,21,77,14,25,-14,-70,-21,18,-7,-53,-6,61,54,14,-12,100,20,-19,86,31,-24,35,-4,29,33,-9,22,-31,277621
0,-41,71,11,-35,5,39,-1,-31,47,55,75,-58,23,30,19,41,36,-8,1,-23,51,70,33,-5,41,-3,-22,-61,-26,34,30,13,8,13,23,-60,7,-23,-22,-17,-7,-18,77,-35,60,0,15,17,-22,22,55,26,-56,-33,55,-26,6,27,-2,21,-62,-56,36,18,61,-25,16,67,30,67,-18,-12,-11,-12,14,33,10,-48,-47,-4,57,44,33,-12,-5,28,-20,23,-37,-19,24,0,52,5,-23,27,65,-17,-27,-87,7,-47,-79,45,-24,-29,-5,75,6,-54,28,18,-3,5,11,39,-20,-38,52,-57,52,-64,-4,27,-24,54,10,38,-17,-63,30,-51,30,-30,-1,-3,-64,12,33,-18,-8,21,-22,39,-40,91,47,30,67,-19,16,19,-1,46,24,61,35,-64,52,5,-43,21,-4,8,22,-20,22,90,0,-51,72,13,-11,79,-19,-24,-48,-25,28,-13,2,34,12,277797
9,-9,52,-39,-13,-14,-51,-17,7,-10,-3,73,-44,-32,60,1,27,-19,-20,7,0,38,54,69,18,33,100,-34,-32,-55,-12,32,-26,9,-58,22,0,11,12,-16,-28,-8,5,71,-25,56,-13,17,65,-13,-20,66,28,-52,4,82,3,-17,17,-21,-24,-6,-61,25,8,82,-28,17,71,58,48,18,5,-4,-6,-67,-18,18,0,-21,-9,79,10,64,20,0,4,-1,24,-14,21,0,-26,31,40,16,9,22,-9,-7,-52,-100,-33,-57,9,2,-25,2,95,43,-12,100,-23,-43,26,-34,29,43,-3,65,-58,74,-91,-3,61,-1,-5,-35,42,-46,-13,23,-39,7,-51,11,-28,-88,12,2,25,4,24,-46,100,-54,-1,-10,70,46,3,12,12,3,-55,21,24,-76,35,21,9,-34,0,17,4,21,-3,63,14,-40,-17,97,11,-11,72,40,-9,-46,2,7,10,7,42,-57,277801
19,-31,32,-21,-15,-12,19,-5,20,24,-18,81,-31,-8,55,33,22,12,-38,-10,-2,40,56,45,6,42,-3,-26,-58,7,-13,28,-10,-31,-58,19,-69,3,-32,-18,-70,0,-27,95,-24,58,-22,27,64,30,-17,40,29,-77,-1,46,-35,-11,31,7,-13,-27,-30,61,52,49,-25,24,65,55,58,3,-16,-15,0,-23,11,56,-37,-18,18,33,20,58,-4,21,14,-39,24,8,-4,39,-12,45,18,-13,-3,60,-6,-32,-89,-50,-21,-85,19,-19,-16,16,100,25,-78,15,0,-1,0,-13,13,20,15,56,-79,33,-88,18,37,1,38,-20,52,-32,-16,37,-30,44,-16,10,7,-82,14,50,-2,23,36,-26,52,-39,7,26,31,81,3,2,23,11,19,21,58,11,-65,20,11,-24,35,10,-7,-2,1,71,3,-5,-35,99,13,-1,94,21,-3,-37,14,14,9,6,64,-52,278035
21,-2,54,-31,8,-26,1,-5,5,1,1,21,4,-22,100,21,-7,-21,-32,-8,-5,43,34,71,33,66,-18,-15,-51,2,4,16,25,27,-69,31,-4,-4,-1,-5,-93,-82,-1,88,-13,30,-6,38,65,3,-24,79,13,-71,38,76,37,-24,22,9,-26,-22,-10,12,25,24,-13,35,55,73,23,21,-81,-12,-23,73,-37,31,1,5,22,13,-8,97,35,19,28,31,21,1,29,27,-7,42,47,31,-14,20,-42,-13,-94,63,-31,-100,-10,0,6,21,35,54,-52,19,0,-21,-5,-10,71,22,32,81,-74,78,-5,-12,34,-11,44,-30,77,33,-11,17,-14,54,1,0,8,2,20,60,28,-10,23,25,76,-43,25,2,37,23,3,2,27,5,5,29,19,14,-3,37,7,-35,26,32,-9,4,-7,65,58,-20,-36,31,20,31,89,23,10,-4,33,29,20,7,6,-71,278124
-24,-29,82,-55,-61,-35,-72,42,-12,38,-76,44,28,-58,-22,27,-20,-24,-11,-2,-19,21,42,47,39,-14,19,-48,-65,-100,-26,55,2,11,22,-3,4,-12,23,-66,-52,35,44,97,-62,47,-33,20,49,-95,-2,56,41,-67,-51,-11,-36,-32,19,9,-5,-39,-32,64,14,58,-45,20,76,43,43,10,40,18,38,-76,-28,12,-71,-56,15,31,0,-31,-38,14,34,-57,2,-28,-23,54,-73,16,-2,-41,-52,24,28,34,-51,-100,-10,-64,-1,44,-100,-63,52,-7,30,68,-6,-63,22,-72,-15,23,-31,0,-74,42,-93,28,-7,-70,21,-54,93,-41,-16,-15,-30,15,0,16,78,-93,29,15,-25,33,33,-39,91,-87,80,39,-1,66,-64,-17,15,-11,-72,6,16,63,4,12,-46,-5,39,47,20,-4,-16,61,93,-61,-66,50,27,60,97,23,-100,17,-19,31,19,-56,52,21,278402
2,19,52,-5,-16,-15,19,-17,11,9,-22,68,50,-5,64,12,-8,5,-93,-22,0,59,71,65,-2,-51,3,-10,-82,-86,0,43,17,15,1,6,21,5,-45,4,-53,-19,-34,80,3,-22,-83,7,31,-87,-4,54,36,-83,-24,32,-58,-15,51,-6,-9,29,-28,52,27,85,-10,11,-5,66,54,-25,4,-29,14,-6,-9,28,-30,-22,7,89,12,58,-27,15,24,-27,38,8,-1,3,15,54,-10,-15,-25,62,1,-3,38,-28,-77,14,-21,2,-15,0,100,1,1,43,11,-23,19,12,-58,16,-24,57,-85,39,-88,7,11,-47,23,-5,30,48,34,29,-17,34,-28,2,22,-76,18,28,-5,14,15,29,31,-51,90,10,-6,52,-20,-37,39,-15,6,10,50,48,16,-2,-9,-74,-2,0,-14,-30,-2,42,97,-26,-24,94,16,15,85,15,5,52,-32,23,-18,2,33,0,278405
20,1,73,-29,0,-18,-44,-11,10,9,-37,85,25,0,47,40,-21,22,-73,-13,5,43,52,3,22,-18,19,0,-30,-58,0,26,5,65,-71,12,14,50,-22,45,-98,-45,-15,100,33,72,-66,32,57,-54,-24,20,20,-93,38,84,-33,-18,43,-3,-24,73,13,67,0,58,-4,26,89,0,46,5,-44,-18,31,-32,15,23,-2,6,-3,41,2,32,4,-8,40,-26,39,25,-14,55,-20,43,10,9,-13,57,18,-12,5,-49,-29,0,-15,-10,-4,42,71,8,-12,40,26,-21,13,-33,-35,37,49,86,-96,23,-95,41,-8,-50,44,-30,72,42,78,77,16,58,2,22,13,-92,20,51,-19,47,49,30,72,-51,67,10,-8,94,-46,-100,24,63,-55,15,51,37,10,38,-16,-27,48,24,-10,-100,6,58,77,-21,3,69,22,11,100,37,1,20,28,43,6,-23,61,-75,278523
26,-37,46,-43,-52,-16,-31,-8,-46,4,-68,77,81,-25,46,33,9,-81,-100,-15,19,39,8,44,35,-51,11,-28,-38,-79,-15,43,-8,57,-85,19,-76,70,4,1,-35,-52,0,100,-10,80,-100,49,92,-68,-37,85,39,-100,-1,43,-10,-17,16,-11,-41,-25,0,20,10,7,-29,45,84,50,4,30,-58,-5,-34,-68,-87,22,-46,-69,-8,-14,6,48,-16,-8,8,-17,18,-49,21,41,-26,35,56,-11,-10,39,-42,-26,-43,-84,-38,-24,11,-14,-13,6,87,55,-68,1,-4,-26,11,-26,-62,34,4,46,-100,95,-100,34,23,-56,37,-42,75,61,-7,49,-4,35,-51,21,-11,-100,21,34,28,34,36,58,75,-56,51,4,16,86,-50,-66,27,56,-32,20,40,-10,-75,37,-5,-33,46,34,-21,-69,22,86,42,-22,-38,84,21,-6,100,35,-13,84,32,12,27,-3,21,-86,278530
43,51,75,-11,5,-10,-36,-9,-6,35,71,84,3,-36,11,16,-17,-17,-56,4,-46,49,62,6,39,-54,44,-15,-32,2,39,36,37,-4,-16,49,-32,27,8,24,-60,80,10,68,19,19,-54,22,81,4,5,75,33,-83,2,-17,18,-10,26,-10,6,13,25,81,65,-5,-12,19,19,1,58,32,79,-14,-16,51,-17,66,40,0,-1,-8,-19,10,56,0,44,13,27,-12,9,-2,-19,47,29,52,-37,-2,-19,30,-73,42,-39,-71,0,32,-52,44,100,26,-60,34,20,-20,44,-16,-52,6,5,-7,-84,78,-71,29,3,-36,18,-9,69,10,18,43,26,50,-45,11,-18,-72,26,50,8,34,19,11,69,-65,39,35,0,88,-32,-32,38,21,-39,50,-8,28,-31,15,-7,-37,-1,38,2,-23,-47,84,48,-22,-3,100,29,-16,71,6,-51,5,-15,46,34,-4,86,-22,278701
46,60,87,-35,-35,-7,-39,21,12,37,13,76,91,15,62,24,23,-10,-32,-11,27,65,88,75,26,47,12,-35,-4,-20,-48,17,37,1,-27,38,-39,83,1,18,-43,-79,27,88,21,61,-11,28,85,-18,15,82,9,-96,31,52,61,-12,37,0,18,-11,34,46,30,85,-44,29,73,55,100,28,-89,-3,-38,91,9,34,40,-15,16,100,36,20,6,22,55,41,10,13,10,5,-17,71,18,0,9,-45,-34,68,-87,88,-30,-80,37,59,-22,60,73,11,-19,0,-42,10,-7,-15,34,21,17,81,-100,53,-20,19,83,-8,17,-38,69,-65,-34,20,51,66,50,54,8,-26,12,47,1,27,25,-35,73,-53,38,38,93,70,12,-71,23,61,-63,53,-63,12,-53,-7,-20,-17,-13,38,9,-43,24,95,55,-1,-8,85,11,5,99,22,-2,94,13,45,41,-23,72,-29,279011
25,0,5,-30,-33,-12,-66,-24,8,36,49,74,-68,-27,61,34,-41,-6,42,-11,-2,66,41,-18,23,7,4,-27,-61,-40,-33,37,68,56,-40,13,-3,13,-10,-30,-43,-14,-10,92,-42,55,41,31,90,-33,-10,72,28,-77,-12,52,-42,-13,28,-17,-20,6,14,7,-10,58,-25,24,58,-16,45,-6,-16,-23,-49,57,-6,-3,-3,-39,-16,35,-38,52,-13,-20,27,-49,27,-6,-21,34,-35,50,20,-13,-18,17,-57,-8,-75,37,-79,-67,1,-1,-5,-36,100,16,8,18,20,-43,1,-38,6,34,-14,63,-78,78,-100,20,-35,-4,32,-28,88,-47,2,36,11,35,-31,15,-21,-91,19,30,-15,28,37,-47,90,-51,-9,35,-34,79,1,-78,19,12,-69,19,17,5,5,33,-19,-81,36,23,-8,-74,0,85,5,-40,-64,100,20,-19,97,32,-2,-68,17,28,-7,-21,18,-50,279141
26,20,58,-27,16,-2,-56,-18,17,52,-50,83,5,-35,62,25,-12,-42,-11,3,11,72,46,46,18,29,-3,-25,-48,-47,0,19,-36,94,22,36,17,34,-18,16,-50,-15,6,84,9,48,12,12,24,-50,36,61,6,-62,-14,56,-78,0,32,-8,33,-46,-12,18,-62,-41,-26,21,67,35,48,-28,-35,-41,-49,-44,-39,-45,29,8,6,-56,-16,58,-66,12,57,-78,11,20,-3,25,-3,73,-6,-66,-50,-13,-50,-12,-46,-44,-47,-25,0,-2,-11,45,19,14,-52,21,23,-12,5,0,36,36,15,77,-78,45,-52,4,30,28,-27,-25,81,0,-27,5,-3,62,-16,13,-1,-55,13,48,-10,-3,25,-48,77,-43,-55,55,43,74,21,-37,21,37,-69,50,-22,24,10,-31,16,-43,6,30,32,-21,12,41,-68,-15,-6,23,13,-35,92,35,4,5,-6,54,-10,2,-3,26,279603
0,68,-2,0,74,0,8,100,38,0,55,25,6,35,100,46,6,17,-98,61,30,-28,100,100,2,-82,100,2,-100,27,-83,-58,-16,100,-100,71,-53,91,17,56,100,-1,100,35,42,-47,-53,-100,-76,36,52,-22,-96,-55,37,-9,51,0,-39,2,-1,-92,-70,56,-76,-70,1,2,19,100,100,26,-25,96,-40,15,39,-100,93,94,-16,-93,5,67,100,-34,100,72,-5,34,60,95,0,-42,51,100,24,100,-61,-100,-100,0,100,-100,81,-92,99,100,100,68,17,11,90,-100,100,0,-14,0,49,-16,-58,-75,100,0,100,-82,0,0,-33,-26,-38,100,-31,0,20,-48,54,100,41,-17,63,0,46,-36,-26,100,67,0,100,38,-68,100,100,81,13,90,100,32,-55,-5,-24,100,100,96,63,78,-9,-15,33,-100,80,73,26,54,17,0,92,0,-46,50,35,-7,23,3,279848
24,-24,100,-14,0,9,1,-41,9,38,-56,13,63,14,-27,20,-4,-43,-28,-40,-19,56,49,23,21,-35,22,-18,-62,-60,39,36,4,0,-67,27,-45,41,-49,25,-76,48,-27,85,29,19,11,33,37,-76,-12,44,25,-75,3,-45,-14,11,32,18,-11,25,35,37,-17,58,-20,40,18,14,36,33,62,-62,-2,-52,-56,-23,-54,-1,29,38,11,-20,-8,23,29,-30,12,-7,13,-1,-12,64,31,-33,7,62,-26,-2,-36,-76,-42,-31,-21,13,-79,28,95,42,-77,46,33,-9,16,-11,-35,8,-6,-42,-82,28,-46,33,-6,-26,42,-15,62,-13,49,53,50,79,-1,-3,-19,-46,28,63,9,33,22,-16,61,-77,41,38,-6,25,-28,-53,52,27,-22,38,45,62,-59,13,-19,-36,-19,28,-17,-32,-20,54,43,-13,-36,91,27,-24,96,8,-68,67,8,31,50,-16,6,-58,279897
