fl_lipUpper_NR_SCX_R_A,fl_eyelids_NR_ICX_R_A,fl_lipUpper_NL_SCX_D_U,fl_buccomandibularGroove_NR_XXX_L,mu_platysma_NR_ILX_N_W,fl_lipUpper_NL_SXX_B_F,mu_masseter_NR_XXX_L_M,fl_lipLower_NR_ICX_B_F,mu_platysma_NR_ILX_D,fl_lipLower_NL_IXX_R_A,fl_eyelids_NR_SLX_R_A,fl_lipUpper_NR_SLX_B_F,fl_lipLower_NL_IXX_B_F,fl_epicanthic_NL_XCX_D_U,fl_lipUpper_NL_SXX_R_A,fl_lipLower_NR_ILX_R_A,fl_lipUpper_NN_SMX_N_W,fl_lipLower_NR_ILX_D_U,fl_lipUpper_NL_SXX_D_U,mu_temporalis_NR_XXX_L_M,fl_lipLower_NR_ICX_D_U,fl_lip_NN_XMX_B_F,mu_trapezius_NN_SXX_L_M,fl_eyelids_NL_SLX_N_W,fl_eyelids_NR_ICX_D_U,fl_nasojugalGroove_NR_XXX_L_M,fl_lip_NR_XCX_D_U,mu_sternomastoid_NL_XXX_R_A,fl_eyelids_NL_XLX_D_U,fl_lipUpper_NR_SCX_D_U,mu_masseter_NL_XXX_L_M,fl_eyelids_NR_SMX_R_A,fl_lipLower_NR_SLX_B_F,fl_lip_NL_XLX_D_U,fl_lip_NN_XMX_R_A,fl_lipUpper_NR_ILX_R_A,fl_eyelids_NR_SCX_N_W,mu_platysma_NN_SMX_D_U,fl_lipUpper_NN_IMX_D_U,fl_eyelids_NR_ILX_D_U,fl_lipLower_NR_IXX_N_W,fl_nasojugalGroove_NL_XXX_L_M,fl_lipLower_NN_IMX_SL_SR,fl_lipLower_NL_SLX_R_A,fl_epicanthic_NR_XMX_D_U,fl_lipUpper_NL_ILX_B_F,mu_platysma_NL_SLX_D,fl_lipUpper_NR_SXX_N_W,mu_procerus_NN_XXX_D_U,fl_lipUpper_NL_ILX_R_A,fl_lipLower_NR_SLX_N_W,fl_lip_NR_XLX_D_U,fl_eyelids_NL_SLX_R_A,fl_lip_NL_XCX_N_W,fl_lipLower_NL_SLX_B_F,fl_eyelids_NL_SMX_R_A,fl_lipUpper_NR_ILX_N_W,fl_epicanthic_NR_XCX_B_F,fl_lipLower_NN_IMX_D_U,fl_eyelids_NL_SCX_D_U,fl_eyelids_NR_SLX_N_W,fl_lipLower_NL_IXX_N_W,fl_eyelids_NR_XLX_D_U,fl_eyelids_NR_SMX_N_W,fl_eyelids_NL_ILX_D_U,fl_oromentalGroove_NR_XXX_L,fl_epicanthic_NR_XLX_D_U,fl_nasolabialGroove_NL_SXX_L_M,fl_eyelids_NR_XMX_D_U,fl_lipUpper_NN_SMX_B_F,mu_platysma_NR_SLX_D,fl_buccalRecess_NL_XXX_D_U,fl_epicanthic_NL_XLX_D_U,fl_epicanthic_NR_XLX_R_A,fl_nasojugalGroove_NL_XXX_D_U,fl_lipLower_NR_IXX_R_A,fl_lipLower_NN_SMX_SL_SR,mu_procerus_NN_XXX_L_M,mu_platysma_NL_SLX_N_W,fl_lipLower_NN_IMX_R_A,fl_eyelids_NL_SCX_R_A,fl_lipUpper_NR_SXX_B_F,fl_lipLower_NN_IMX_B_F,fl_eyelids_NL_IMX_D_U,fl_epicanthic_NR_XCX_D_U,fl_lipLower_NL_SLX_N_W,fl_lipUpper_NL_SLX_D_U,fl_lipUpper_NN_SMX_R_A,fl_epicanthic_NL_XMX_N_W,fl_lip_NR_XLX_B_F,fl_lipLower_NL_ICX_D_U,fl_eyelids_NL_IMX_N_W,fl_buccalRecess_NR_XXX_L_M,fl_lipLower_NL_SLX_D_U,fl_lipUpper_NL_SLX_N_W,fl_epicanthic_NR_XMX_R_A,fl_lip_NN_XMX_N_W,fl_eyelids_NR_SCX_R_A,mu_platysma_NR_SLX_N_W,fl_epicanthic_NL_XLX_N_W,mu_trapezius_NN_SXX_D_U,fl_orbitalGroove_NL_IXX_L_M,fl_philtrum_NN_XXX_D_U,fl_eyelids_NR_ILX_R_A,fl_nasojugalGroove_NR_XXX_D_U,mu_corrugator_NR_XXX_D_U,fl_lipUpper_NR_ILX_D_U,mu_platysma_NN_IMX_D,fl_lip_NL_XLX_R_A,fl_eyelids_NL_SCX_N_W,fl_oromentalGroove_NL_XXX_L,fl_lip_NN_XMX_D_U,fl_lipLower_NN_IMX_N_W,fl_philtrum_NN_XXX_N_W,fl_eyelids_NR_SMX_D_U,fl_epicanthic_NL_XMX_B_F,fl_epicanthic_NR_XLX_N_W,fl_eyelids_NR_XMX_N_W,fl_eyelids_NL_SCX_F,fl_lipLower_NR_SLX_D_U,fl_lip_NL_XCX_D_U,fl_lipLower_NL_ICX_N_W,fl_mandibularGroove_NR_XXX_L,fl_lip_NR_XCX_R_A,fl_epicanthic_NL_XMX_R_A,fl_eyelids_NL_XLX_R_A,fl_lip_NL_XLX_B_F,fl_epicanthic_NR_XCX_N_W,fl_lipLower_NR_ICX_R_A,fl_chinCleft_NN_XXX_SL_SR,fl_lipUpper_NR_ILX_B_F,mu_sternomastoid_NL_XXX_L_M,fl_epicanthic_NL_XMX_D_U,fl_lipUpper_NR_SCX_B_F,fl_lip_NL_XCX_R_A,fl_nasolabialGroove_NL_IXX_L,fl_lipLower_NR_SLX_R_A,mu_corrugator_NL_XXX_L_M,fl_epicanthic_NL_XCX_R_A,fl_lip_NL_XCX_B_F,fl_lipUpper_NN_IMX_N_W,fl_chinCleft_NN_XXX_D_U,mu_corrugator_NL_XXX_D_U,fl_eyelids_NR_SLX_D_U,fl_nasolabialGroove_NR_SXX_L_M,fl_philtrum_NN_XXX_R_A,fl_epicanthic_NL_XLX_B_F,fl_eyelids_NR_XLX_N_W,fl_lipLower_NL_IXX_D_U,fl_lipLower_NL_ICX_B_F,fl_lipUpper_NL_SCX_R_A,fl_eyelids_NL_ILX_N_W,fl_eyelids_NR_SCX_D_U,fl_mandibularGroove_NL_XXX_L,fl_epicanthic_NL_XCX_B_F,fl_lipUpper_NN_IMX_SL_SR,fl_eyelids_NR_IMX_R_A,fl_lip_NR_XLX_N_W,fl_lipLower_NR_ILX_B_F,mu_corrugator_NR_XXX_L_M,fl_lipUpper_NL_SCX_B_F,fl_eyelids_NR_ICX_N_W,fl_lipLower_NL_ICX_R_A,fl_philtrum_NN_XXX_B_F,fl_eyelids_NL_XMX_R_A,fl_lipUpper_NR_SLX_R_A,fl_lip_NR_XCX_N_W,fl_lipUpper_NL_SLX_R_A,fl_epicanthic_NR_XMX_N_W,fl_lipUpper_NN_SMX_D_U,fl_lipLower_NR_ILX_N_W,fl_epicanthic_NR_XCX_R_A,fl_lipLower_NL_ILX_B_F,fl_eyelids_NL_IMX_R_A,fl_lipUpper_NR_SXX_D_U,fl_eyelids_NR_SCX_F,mu_platysma_NN_SMX_N_W,fl_lipLower_NL_ILX_R_A,fl_eyelids_NR_ILX_N_W,fl_buccalRecess_NR_XXX_D_U,fl_epicanthic_NL_XLX_R_A,fl_lipUpper_NL_SLX_B_F,fl_lipLower_NR_IXX_D_U,mu_sternomastoid_NR_XXX_L_M,mu_platysma_NL_ILX_D,fl_lipUpper_NN_IMX_B_F,fl_eyelids_NR_XMX_R_A,fl_eyelids_NL_ILX_R_A,fl_orbitalGroove_NR_IXX_L_M,fl_buccomandibularGroove_NL_XXX_L,mu_platysma_NL_ILX_N_W,fl_eyelids_NL_ICX_R_A,fl_eyelids_NR_XLX_R_A,fl_lip_NL_XLX_N_W,fl_lipLower_NN_SMX_R_A,mu_sternomastoid_NR_XXX_R_A,fl_eyelids_NL_SMX_D_U,fl_buccalRecess_NL_XXX_L_M,fl_eyelids_NL_ICX_D_U,fl_eyelids_NL_XMX_N_W,fl_lipLower_NN_SMX_D_U,fl_epicanthic_NR_XMX_B_F,fl_lipUpper_NR_SLX_N_W,fl_nasolabialGroove_NR_IXX_L,fl_lipUpper_NR_SCX_N_W,fl_lipUpper_NL_ILX_D_U,fl_epicanthic_NR_XLX_B_F,fl_eyelids_NL_XLX_N_W,fl_lip_NR_XLX_R_A,fl_eyelids_NL_SLX_D_U,fl_eyelids_NR_IMX_N_W,mu_temporalis_NL_XXX_L_M,fl_lipUpper_NL_SXX_N_W,fl_lipLower_NR_ICX_N_W,fl_lip_NR_XCX_B_F,fl_lipUpper_NN_SMX_SL_SR,fl_lipLower_NL_ILX_D_U,fl_lipLower_NN_SMX_B_F,fl_lipUpper_NR_SXX_R_A,fl_epicanthic_NL_XCX_N_W,fl_lipUpper_NN_IMX_R_A,fl_philtrum_NN_XXX_SL_SR,fl_lipLower_NL_ILX_N_W,fl_lipLower_NR_IXX_B_F,fl_eyelids_NL_ICX_N_W,fl_eyelids_NL_SMX_N_W,fl_eyelids_NL_XMX_D_U,fl_lipUpper_NL_SCX_N_W,fl_lipUpper_NR_SLX_D_U,fl_lipLower_NN_SMX_N_W,fl_lipUpper_NL_ILX_N_W,fl_eyelids_NR_IMX_D_U,assetid
-31,-38,11,0,-19,-6,40,61,0,72,-41,64,11,-51,13,-6,-12,12,-48,8,29,-6,40,49,43,38,12,38,-73,15,41,25,-51,-11,40,7,37,-23,-31,3,-43,30,24,17,-6,0,0,5,-3,8,-22,-11,-42,-4,-45,26,-14,15,36,61,52,-51,-66,58,3,0,-73,-48,46,-20,0,1,-69,29,74,66,28,29,12,-20,-61,-12,34,65,-61,-24,-32,-43,-57,-13,28,-11,56,-27,1,-54,4,-58,-1,-46,24,38,-19,-9,84,-60,-20,0,34,29,0,17,18,83,-30,-65,-42,-28,0,-25,8,-37,0,35,-49,-4,-10,-11,6,-19,-5,29,2,11,35,0,19,75,-20,-3,19,-12,-48,-74,-50,1,30,18,4,61,-37,1,56,0,5,38,-25,12,47,68,10,2,7,-9,87,-31,0,-27,-52,-66,-1,-32,54,-23,-37,0,45,-10,-1,2,26,67,4,30,0,-52,89,-12,20,0,-24,-34,-5,12,17,33,-30,51,39,-35,39,-56,0,0,-10,-21,29,11,36,-79,-10,2,5,-13,-5,27,10,0,12,-24,1,18,9,5,-2,55,42,-32,-31,-7,-13,68,8842
-15,30,24,0,-11,-13,30,29,-23,35,-39,68,13,-43,11,0,4,-3,5,2,18,-3,51,70,18,-4,-20,24,35,30,36,-26,-50,8,60,-3,70,-17,-30,73,-34,5,24,32,-56,9,-21,-8,-24,-1,16,21,-37,35,-47,-32,13,-34,18,15,65,-3,70,46,77,0,-17,14,36,14,-21,7,-34,37,4,36,11,2,14,1,-79,-14,19,90,-55,18,-49,-36,40,-44,16,17,80,-54,18,-76,39,-77,15,-28,36,41,0,6,2,80,-42,-27,3,86,-1,-3,29,83,-23,-3,-35,10,45,-46,-27,30,-17,42,-59,-5,-48,-49,10,-18,1,19,-55,-2,44,0,34,30,83,3,43,38,86,-50,11,-7,11,22,2,27,-16,16,12,-18,-38,32,-45,49,35,15,-4,41,14,42,58,-63,27,-57,33,-18,-11,53,42,-50,8,46,33,-4,13,14,44,67,9,16,-24,-36,59,6,33,0,-14,23,-8,52,-16,25,-24,72,21,12,29,0,13,0,39,-51,20,22,13,-63,10,-6,-8,18,3,18,-16,-1,8,-39,5,16,-2,7,52,51,33,44,-38,3,16,90,70193
-44,-56,38,0,-6,3,31,28,-34,22,-68,80,34,51,14,-21,-44,-26,14,-30,11,0,20,42,-17,-33,-37,8,31,24,41,-43,-31,-12,51,18,68,-28,-28,39,-21,-33,2,-1,-43,11,-34,-11,-39,12,21,-27,-65,4,-24,-38,0,34,25,36,40,-34,60,79,47,-7,-4,22,21,0,-34,-26,-30,58,-34,17,0,-28,10,-7,-90,5,31,95,58,17,-29,-45,6,-8,4,5,78,-61,4,-22,8,-93,3,-58,20,21,-2,-43,-35,83,-43,-32,-20,60,-9,2,13,58,-46,-10,-55,8,83,-63,-27,-50,-22,54,-24,-21,-4,-49,17,-19,9,-5,-26,15,50,0,6,34,93,5,19,28,85,-19,13,-21,45,-30,-14,32,-52,-24,33,-21,28,13,-38,16,57,38,13,9,18,52,87,-56,25,-54,7,5,1,94,63,-37,5,85,36,-31,-38,-21,64,81,-12,-7,-34,-56,81,-39,-6,0,-12,-43,-28,17,-1,4,-33,77,-4,23,34,-8,9,0,25,-32,36,-39,-8,-31,2,-37,-14,-14,5,-4,-27,10,13,-74,0,-2,6,31,18,78,44,-8,-44,-11,-3,84,70198
-10,57,48,0,-15,-38,63,9,-27,-11,-4,47,-9,7,18,-9,10,-8,7,-18,26,-54,1,68,6,63,18,12,35,51,65,23,-57,-1,23,-8,70,-11,-20,42,10,60,7,34,-20,-20,-24,20,25,-10,17,-5,-3,2,-55,24,0,-40,22,50,70,-10,47,32,43,-10,-4,-1,20,-6,-24,-15,0,23,-16,-13,-6,-20,5,-18,-28,-34,-2,51,-14,16,-9,-34,2,-32,25,24,77,-34,-10,-69,37,-29,6,-26,4,45,24,22,2,-36,-48,-26,30,75,-10,39,42,88,29,-37,-23,48,52,-32,16,3,-16,23,-64,13,-25,-17,-36,-11,-18,23,-12,-12,25,0,36,14,40,-48,58,19,-29,-47,-1,-4,9,18,-8,13,-18,0,46,-15,-48,13,-23,45,39,14,-8,28,-35,-3,30,-56,20,-52,4,-11,-30,16,35,-22,17,54,39,-7,0,-11,26,49,-10,22,-27,-46,24,19,32,0,-15,52,11,42,20,11,17,79,1,51,54,-34,-1,0,49,-47,11,12,24,-52,20,-16,21,27,-50,-5,-6,2,18,-13,-18,-5,-40,-3,28,38,7,19,-16,-2,-8,51,70345
-23,0,69,-37,-24,-20,19,70,-52,29,-46,84,25,54,11,-4,-3,24,-2,22,24,-17,100,50,7,70,20,10,11,71,23,5,-60,-18,51,7,52,-22,-41,8,-45,68,14,11,8,6,-52,-2,-20,7,5,-17,-47,-9,-58,9,0,-44,63,62,55,-54,23,41,12,-22,11,-8,23,-5,-52,0,12,36,46,24,12,14,12,-30,-48,-25,19,42,52,4,-73,-46,-14,-69,27,12,88,-10,10,-27,3,-47,3,-47,69,10,20,-31,54,-50,-55,-56,12,46,-24,42,19,79,41,-63,-51,37,71,-8,15,-17,-30,34,-24,-26,-70,-5,6,-16,1,30,10,28,35,-28,14,72,36,-5,24,-23,-47,25,-12,-1,28,3,-16,69,-29,-22,60,-30,-50,21,-46,54,31,62,27,-3,7,-5,36,-37,-6,-34,-9,-39,-15,30,33,-48,2,72,32,-7,-18,0,34,89,-20,30,-52,-80,39,-35,-4,-37,-25,-5,-27,57,23,8,43,84,13,25,45,-49,11,-26,-8,-56,26,0,12,20,11,12,-2,-5,-6,9,25,-12,9,-22,-5,3,-9,22,-9,38,14,-25,-76,6,-2,43,70437
-22,50,37,0,-1,-24,-7,16,0,-21,7,46,-11,-12,13,-7,-25,16,5,-19,23,-26,-15,21,-39,62,-1,0,44,32,-6,24,-52,30,20,-10,37,7,-13,39,-21,68,20,26,-22,-22,0,26,34,-16,-7,25,4,-13,-52,21,-11,4,42,40,23,-29,43,42,43,0,-40,41,19,10,0,6,-36,17,25,-21,4,-55,2,-21,-12,-21,-9,65,-20,-7,-34,-25,18,-41,24,7,50,-15,-29,-28,24,-9,0,-30,0,65,52,12,24,20,-20,0,43,35,0,36,27,44,28,0,-26,70,0,-19,2,0,0,15,-24,2,-37,-23,-16,-6,-19,-3,-18,-3,17,0,29,-1,-1,-39,45,18,30,-8,45,2,44,5,-14,20,-23,0,39,0,-1,14,-5,55,46,-9,1,14,-16,41,31,-23,-3,-20,20,-12,-29,-11,42,-5,2,0,25,-6,-2,7,16,45,-15,-1,0,-18,31,8,68,0,-2,51,1,56,25,-2,22,45,-33,68,35,3,-22,0,3,-17,44,-3,43,-14,7,-18,26,10,-39,7,17,17,12,-23,-9,3,-35,-8,14,40,12,-9,-43,8,-18,67,70830
-10,-14,11,0,-10,-2,2,15,-23,28,-17,41,21,51,14,-9,-8,36,-11,-12,22,-1,22,20,-14,23,32,8,64,9,0,36,-29,32,23,-20,10,10,-1,16,-20,34,22,14,-7,0,-20,15,14,-20,1,29,-15,11,-26,36,0,2,24,16,24,-22,79,37,22,-11,12,-7,33,16,-19,-1,-2,4,42,25,10,21,0,-6,-17,-5,4,57,45,0,-8,-19,-34,-24,27,-5,58,-9,18,-50,9,-18,-7,-24,28,65,15,-39,47,23,21,-28,51,5,-12,19,18,56,15,-16,-36,19,71,-8,31,-19,-12,10,-35,-24,-22,-36,-2,-2,-1,5,8,4,8,0,13,30,-21,6,20,9,23,38,-15,-5,29,-8,5,16,-11,-18,13,-12,-5,19,-21,33,28,28,4,-12,-1,18,47,-34,13,-33,-26,-3,2,-20,34,-24,-8,74,35,-9,-21,-5,5,44,0,6,-23,-45,49,-37,52,0,-12,-15,-27,30,26,4,16,70,-7,20,34,-3,10,0,11,23,29,-13,57,38,-5,-10,12,-6,4,16,37,15,14,-38,17,11,15,16,-7,37,27,-5,-8,1,3,57,70834
-3,-11,39,-35,0,-49,-3,47,-43,-13,-44,37,3,51,23,-22,3,26,5,-5,-25,-52,31,33,60,-8,35,1,-13,49,-2,-2,-25,31,-4,-3,-1,-13,5,79,-52,-1,3,-2,-40,-26,-38,0,-5,-1,-3,49,-43,-25,-25,-3,-28,-20,29,86,29,-50,-12,21,82,-48,-21,-67,6,-18,-37,9,-14,38,49,-12,-7,31,3,-16,-72,-51,-4,74,52,0,-12,-21,-34,-56,-28,8,36,-30,0,-50,4,-70,3,-18,30,67,-2,-11,60,-17,50,-37,19,10,-48,22,30,57,-40,-38,-14,5,67,-20,24,6,-25,-19,-44,17,-52,-60,-5,-22,-28,6,-33,-51,-10,-37,-3,34,-3,-46,41,19,-30,-47,-63,-17,-4,12,-29,48,-9,7,78,-23,-24,6,-28,57,34,26,-47,-7,0,-2,68,-47,-20,-39,-39,7,-37,-12,36,-33,18,68,26,-25,1,12,47,40,-28,1,-44,-88,72,-14,65,-34,-2,-16,14,52,-10,1,-37,43,56,11,19,-38,4,-37,38,36,1,2,13,-55,0,-8,2,14,-45,-14,17,-21,19,-54,10,-1,-39,5,5,23,4,33,2,18,-30,72,70971
13,-8,68,0,-6,-17,43,71,-27,8,-46,75,43,-36,27,-11,77,7,19,-14,-28,-23,-3,20,23,57,-15,5,71,63,43,-3,-3,2,36,-8,43,1,-21,72,-19,63,20,1,-58,22,-22,1,0,-11,10,5,-49,-6,3,-5,22,8,-19,24,24,-27,87,25,73,-15,23,0,-24,-28,-23,-14,37,38,58,7,9,-12,42,-38,-71,-14,43,68,-46,9,-61,18,6,-64,-36,31,87,-46,19,-69,-3,-72,43,4,0,78,-27,-37,63,-43,-33,-26,25,51,-15,-5,48,68,-11,-42,4,8,76,-43,-18,-8,-6,21,-62,-4,-57,-58,0,-20,23,20,-45,-43,28,0,6,-8,-35,2,30,-1,-31,19,-4,-29,27,31,-49,78,4,-35,22,-5,-6,28,-27,48,42,-20,-35,-7,5,-55,65,-46,15,-37,-3,-1,20,-49,38,-30,24,78,6,-16,-33,-12,45,80,-39,19,-28,-61,67,-39,65,0,-7,-14,-6,45,-17,5,-14,84,23,16,-5,-33,29,0,35,-34,29,22,32,15,28,-14,1,19,0,14,-2,-5,23,-46,1,21,15,41,-9,27,-28,4,-64,9,12,68,71687
-8,8,81,-3,-6,-27,0,50,-35,-44,-55,82,9,3,18,-3,20,-29,37,20,-54,-28,-7,51,3,-2,-15,7,31,77,6,-38,-22,4,46,3,63,-17,-42,79,-31,-5,43,2,-50,27,-31,-4,-19,0,-23,1,-61,-29,-14,-36,-22,6,-23,51,55,-43,60,40,75,-19,4,-6,0,-20,-30,15,-6,51,58,-45,11,-7,30,-31,-94,-18,18,74,-15,-26,-30,1,17,-58,-58,24,73,-62,18,-46,3,-94,24,-6,9,88,13,-6,89,44,-39,-31,-37,48,-20,-24,45,58,-31,-14,-1,49,71,-61,-16,18,-16,39,-45,5,-58,-29,-14,-13,29,12,-32,-58,43,-7,5,3,22,1,43,22,39,-21,-2,-21,20,24,-67,55,-19,-17,46,-14,-3,44,-28,47,57,-10,-51,39,-11,-1,66,-47,-1,-37,28,44,-31,3,55,-30,48,73,27,-6,-11,12,60,82,-64,8,-36,-43,68,-19,58,-3,-9,-4,7,51,-42,5,-30,75,3,35,-18,2,35,-5,22,-39,17,12,-34,-19,25,11,-6,48,-2,35,-37,-18,17,-42,-9,33,-37,12,14,36,-1,-14,-36,6,-35,72,71781
-9,0,83,0,-11,-45,51,47,-32,6,-44,66,13,-30,27,0,14,-14,26,12,-24,-38,8,46,-17,-38,12,23,83,81,57,-27,-37,0,41,17,47,-37,-39,69,-47,-47,31,10,-47,13,-32,1,-39,19,-6,4,-43,-35,-32,-24,-20,2,5,8,48,-62,85,39,67,-10,-1,-43,2,-50,-31,5,8,39,43,1,17,-21,12,-5,-83,-46,6,66,-34,-12,-5,12,13,-51,-29,5,80,-51,30,-73,15,-82,12,-38,1,56,-18,2,61,-44,-12,-31,-18,44,-11,-9,29,64,-41,-33,-27,-27,62,-46,5,-3,-21,35,-68,-2,-56,-47,8,-18,10,37,-44,-62,42,-9,17,6,8,-17,47,25,-45,-32,-53,-20,36,16,-42,48,-19,2,-3,-20,-6,34,-15,41,58,0,-59,23,9,-34,72,-47,-13,-37,6,45,-14,0,58,-14,33,64,41,-2,-2,5,47,76,-36,37,-32,-73,71,0,49,0,-14,3,-7,45,-16,24,-42,84,-27,-23,23,-25,39,-8,7,-17,35,7,-11,-22,3,10,2,22,-20,20,-26,-20,26,-60,-2,23,-15,12,22,38,-8,-23,-8,7,-29,73,72054
-31,37,1,0,-11,-1,16,33,0,-13,-4,58,18,21,3,1,-31,35,-16,3,45,-31,-36,39,12,71,-10,1,-13,0,16,6,-66,23,11,-12,27,18,-6,-8,-33,69,31,28,-30,-13,0,6,17,-11,-26,21,-5,-18,-61,3,-27,-4,57,42,41,-36,-13,32,-8,0,-36,-11,11,2,0,6,-27,31,38,-12,14,-48,1,-48,-42,-6,15,56,14,-30,-13,-58,-3,-17,48,12,58,-38,-27,-26,15,-41,4,-41,-1,63,44,18,38,-11,-24,0,32,26,0,55,44,78,-3,-20,-40,57,0,-40,-8,-4,0,1,-28,-1,-22,-9,-18,-6,-19,11,-32,11,0,0,32,1,6,-54,45,7,-4,-11,-18,-3,19,-1,-4,30,-31,24,43,0,-4,30,-19,41,42,-6,8,10,-21,36,31,-45,-18,-47,0,-32,-54,4,52,-16,-19,0,20,-3,24,9,29,62,-7,12,0,-37,31,18,38,0,-10,35,0,42,21,1,-10,81,11,60,39,-20,-34,0,23,-24,22,4,36,-5,10,-3,7,1,-55,25,35,2,7,-11,-25,17,-49,12,10,31,2,21,-11,0,-25,57,72107
-34,-58,28,-1,-8,-23,18,23,-42,21,-15,54,0,-5,16,-17,-32,27,2,20,43,-27,-31,22,-47,-8,29,-4,47,28,21,29,-50,35,27,5,57,-10,-6,15,-30,-3,-8,13,-39,-25,-35,17,7,7,14,43,-14,-9,-50,36,-8,6,34,45,24,-42,49,67,15,-21,-39,21,-27,2,-35,-18,-36,36,-27,20,-7,-51,7,-5,-27,-21,0,23,-8,17,-48,-25,8,-33,38,36,76,-21,-29,-52,16,-29,5,-40,-7,44,48,-29,-15,17,-17,-37,22,60,-21,55,13,41,-3,-43,-27,-5,81,-16,28,-38,-24,28,-39,-11,-16,-13,-15,-11,-23,7,-21,-8,37,-22,12,-9,4,-31,43,32,24,29,16,-9,12,-7,3,28,-41,-33,51,-24,9,2,-19,41,54,2,-2,12,-12,49,74,-32,1,-25,1,28,-10,-2,52,-16,8,81,14,-15,-39,-22,48,57,6,7,-42,-62,77,-30,26,-2,-8,-61,-17,30,50,-7,10,74,-52,3,67,-34,-22,-22,22,-23,5,-20,17,7,30,13,17,-16,-30,-11,21,8,15,-14,13,-12,-15,4,20,66,-16,5,-48,8,-12,24,72700
-21,51,49,0,-6,-44,-23,-10,0,-22,8,12,-28,34,14,-4,-26,32,23,-28,23,-63,-16,38,28,-37,33,-7,19,47,-22,12,-58,87,-9,-18,9,8,23,21,-19,-27,10,25,-24,-39,0,32,33,-19,-13,92,7,-33,-58,11,-29,-31,35,61,37,-26,23,26,26,0,-43,-52,8,-20,0,8,-41,18,-4,-21,1,-46,-1,-3,-10,-41,-44,80,31,-14,5,-15,-13,-25,21,1,-34,-11,-39,-30,47,-7,-4,-32,-2,19,69,3,-11,65,11,0,-13,4,0,55,29,57,-1,-43,-32,19,0,-10,32,9,0,0,-28,12,-20,-35,-29,-12,-36,-10,-22,-46,1,0,26,23,43,-66,73,52,61,-16,-52,-14,43,-39,-10,-6,-23,9,66,0,-35,15,4,50,39,29,-42,5,-28,13,42,-47,-22,-41,-11,22,-47,38,38,4,28,0,17,-3,8,6,21,13,-9,-12,0,-29,41,-4,30,0,-7,48,13,48,34,-9,-1,-37,34,17,58,-43,-34,0,22,10,43,-45,-13,-22,3,-29,31,22,-66,10,30,6,10,-36,-11,6,-52,-26,2,25,7,9,6,7,-32,77,73027
-50,-38,-2,-5,-30,-32,29,65,-49,71,-32,47,24,64,13,-8,-52,49,-54,-18,81,-61,11,40,7,-24,26,55,-32,2,28,32,-70,-56,-8,6,-34,-12,-11,23,-69,-17,25,17,0,-35,-51,6,-3,3,-13,-49,-38,-32,-69,29,-52,12,82,75,31,-76,4,75,15,-41,-63,-75,41,-60,-51,-20,-70,20,58,71,7,-23,-3,-15,-33,-31,-5,60,77,-11,-10,-34,-72,-20,75,-13,39,20,-38,-49,10,-31,-4,-17,30,29,2,-31,58,17,0,-56,69,-18,-42,39,-17,62,-28,-51,-24,-28,70,24,20,-36,-20,0,-47,-2,-12,-47,16,-23,-36,-40,0,-40,9,-14,19,23,-39,-64,54,-3,24,-22,-85,-35,42,-12,23,68,-56,-5,77,-22,8,27,-6,28,52,17,-35,-20,21,-10,98,-29,-27,-27,-83,-26,-28,-45,52,-5,-52,72,38,-10,-10,-18,13,52,29,-41,-50,-97,97,-35,8,-5,-28,-44,0,24,14,57,-17,30,7,-25,20,-52,-43,-14,-22,-5,43,4,72,-41,-18,-11,5,-20,-65,6,41,-22,13,-26,-25,2,-23,24,-16,76,58,-29,-10,-2,-50,62,73116
-58,4,56,-15,-39,38,-51,99,-52,19,-75,100,100,44,22,-35,-82,49,-4,2,5,16,17,20,2,-26,29,62,-35,48,-62,15,-26,-89,29,-9,-78,0,-38,18,-91,-33,26,-38,0,13,-49,1,-35,-14,-58,-86,-75,-33,-22,10,-68,79,64,72,14,-100,-20,39,12,-58,-77,-88,84,8,-49,4,-75,-17,58,20,7,1,18,-72,-77,47,46,85,44,-56,27,-36,-99,-13,6,-40,3,36,4,-23,-56,-75,13,-21,27,74,27,-55,70,-80,8,-58,21,-70,-60,6,9,84,-17,-48,-17,-52,90,38,25,-83,-23,13,-13,-16,3,-85,11,-48,18,-19,0,6,18,-13,-38,18,-61,29,10,6,-82,-43,-82,-22,80,1,-42,100,-65,-23,68,-22,73,33,3,0,66,17,14,-73,13,36,76,-64,-8,-52,-100,3,-12,-77,62,4,-5,92,41,-39,-32,3,-13,100,-44,-21,-52,-62,75,-57,65,-16,-37,7,-17,-9,-13,64,-18,-25,3,-52,-30,-44,16,-12,-24,5,87,4,15,-52,-41,8,2,-37,29,4,47,7,21,-73,-30,6,-20,100,-75,44,83,-68,26,-15,-76,85,73139
-19,6,39,0,-1,-76,40,16,0,-23,-20,16,-51,57,15,-24,-17,52,24,0,-1,-65,-37,69,15,49,20,-13,63,36,49,4,-73,68,11,-9,63,-10,-5,39,1,49,1,31,-22,-43,0,9,-4,-8,25,72,-18,0,-72,5,-11,-37,30,32,72,-6,77,42,47,0,-15,-31,-22,-17,0,-4,-19,63,-8,-26,-9,-17,6,-6,-49,-76,-27,34,61,23,-40,-19,26,-55,-6,21,26,-42,-51,-69,39,-51,2,-46,-14,70,57,-5,3,70,-19,0,36,63,0,40,31,75,14,-58,-50,27,0,-39,18,30,0,2,-66,11,-48,-41,-19,-7,-46,4,-23,-58,4,0,36,-12,9,-78,74,31,76,26,-29,-20,26,-11,8,18,-25,1,33,0,-38,9,-44,67,56,-11,-56,41,-18,34,20,-63,4,-63,33,49,-47,2,55,-49,24,0,13,-23,8,-10,60,18,11,4,0,-81,21,-9,63,0,-3,-1,8,61,18,-17,9,35,17,29,63,-50,-46,0,57,-20,28,-20,38,19,21,-3,8,43,-80,-3,52,-20,14,-45,0,-2,-44,-52,35,41,-21,52,-43,14,-14,31,73237
-16,6,8,-5,-12,-20,29,16,-24,35,-14,35,-5,7,17,-2,-3,33,-11,-37,32,-24,-28,43,-12,-3,-3,-2,68,7,34,18,-51,44,33,5,34,-13,-16,52,-31,7,0,34,6,-23,-24,10,-1,5,17,43,-12,2,-47,19,9,0,18,53,44,-29,73,42,53,-4,-10,-17,3,-13,-24,-10,-4,27,20,32,3,-62,19,13,-35,-19,-1,58,14,14,-32,-21,24,-25,31,19,25,-11,-8,-45,36,-35,19,-36,-2,38,6,17,23,48,-8,-26,52,41,-5,23,12,72,17,-40,-36,35,57,-10,1,-1,-20,37,-42,0,-17,-28,-5,-8,-25,-12,7,-18,36,-8,38,46,-16,-12,39,58,50,-8,-19,-4,32,-19,23,17,-20,0,49,-17,0,8,-19,30,23,52,-20,19,-6,13,38,-38,9,-33,12,-19,-15,-13,25,-24,-3,56,24,-3,0,-5,30,36,22,-11,-25,-47,39,16,53,-5,-16,1,0,26,38,-4,14,22,-12,42,56,-36,-8,-9,48,-6,31,-24,54,-19,18,-38,11,10,-13,-4,31,-3,15,-24,20,-1,-1,-10,19,44,7,24,-29,9,10,57,73350
-21,-31,15,0,-7,-43,19,-15,-21,9,-44,34,-16,-18,4,-15,-6,9,-3,-21,31,-46,10,47,-36,49,3,13,-70,3,24,4,-55,48,38,-4,72,-7,-33,3,-13,41,8,15,-13,-8,-19,0,-30,-6,13,38,-42,-6,-50,8,7,23,20,15,49,-33,-56,77,7,-1,-71,36,80,-20,-19,10,-69,35,7,4,5,-3,2,19,-56,-36,-23,63,-11,8,-16,-24,8,-28,26,8,74,-18,-8,-34,35,-56,-5,-23,10,10,0,-16,17,72,-32,-19,7,65,-2,0,14,59,7,-21,-10,-12,53,-20,12,-17,-12,26,-31,-21,-24,0,-12,-11,-7,11,-11,-28,27,0,21,44,71,-26,37,49,76,-69,34,4,30,2,1,-9,-28,-30,3,-12,21,14,-15,42,37,46,-21,0,-11,21,70,-64,18,-54,0,-16,-4,66,35,-15,-4,54,18,-17,-36,8,39,37,1,9,-21,-67,74,-15,4,0,-9,-20,-26,44,28,8,15,53,-34,-2,53,-17,4,0,46,-25,24,-14,7,-87,9,-23,-1,15,-28,0,11,-14,4,-19,8,0,-7,-12,-1,75,83,11,-28,-13,-2,65,73505
-45,-60,15,-10,-29,-52,0,74,-50,63,-58,72,9,44,21,-22,-4,87,-32,-38,70,-64,41,33,2,-19,16,32,-33,14,14,26,-77,-18,27,19,11,-33,-41,4,-69,-9,-4,10,-9,-27,-43,1,-17,19,3,-25,-58,-38,-78,25,-19,42,62,7,37,-73,-24,76,16,-25,-37,-62,13,-75,-43,24,-41,18,55,61,3,-22,11,-15,-55,-49,21,44,45,-1,-18,-22,-45,-52,69,4,54,23,-30,-71,17,-54,3,-60,32,-19,-39,-34,43,-50,-30,-47,30,8,-26,21,-21,67,24,-37,-65,22,70,19,16,-29,-23,26,-67,-23,-54,-28,24,-20,-24,25,0,-21,24,-14,12,-3,-83,-56,44,-3,-50,19,-63,-37,55,-22,15,73,-47,-24,15,-22,33,9,-41,42,35,3,-18,-26,23,-61,74,-37,-31,-37,-42,-45,-25,-81,34,-37,-34,71,50,-24,-28,14,24,69,12,28,-50,-97,80,-28,-16,-10,-32,-52,-28,46,14,32,26,44,14,5,29,-30,-23,-13,-18,-25,61,-23,36,4,8,-44,0,-19,-55,-4,88,-29,19,-31,-7,0,-29,11,-24,72,11,-30,-28,-8,-23,46,73757
-15,15,10,0,-7,5,-15,7,0,1,-3,34,19,17,1,0,3,26,-24,6,2,20,-2,4,-1,7,9,8,41,9,-15,5,-13,-2,23,-11,3,-2,-1,-8,-18,4,1,12,-46,-7,0,1,8,-12,-3,5,-3,1,-13,0,2,-24,14,43,-2,-26,48,10,-6,0,-8,-7,1,-10,0,-5,-21,19,12,1,-2,-14,-9,-13,-24,4,12,63,14,-5,-39,-42,-11,3,-2,-4,5,-19,-12,-27,16,-23,-7,-15,0,-8,24,-11,11,-63,-8,0,22,8,0,26,28,51,-19,-38,-19,20,0,-17,7,-15,0,-1,-23,-7,8,-38,-10,0,-6,11,-42,-5,1,0,15,27,5,-1,22,-28,-66,4,-5,5,17,-23,-3,12,-22,-6,47,0,-29,2,-25,4,27,27,0,-20,-9,8,21,-32,14,-23,-15,-32,-28,0,26,-22,-18,0,44,-2,-9,-5,16,38,0,10,0,13,19,-13,1,0,-6,15,-5,2,2,8,-19,6,-1,21,15,-32,-7,0,22,-10,18,-21,26,5,-3,8,2,1,-5,1,20,10,0,-28,-20,0,-30,17,-16,12,5,7,-38,-1,0,61,73956
-27,-1,40,-8,-14,-41,13,9,-34,36,-35,77,35,-18,11,0,-9,-3,7,-7,-15,21,1,36,-56,4,8,4,-100,36,16,7,-8,3,39,1,38,-30,-15,27,-22,1,11,-3,-19,11,-29,10,-6,2,27,9,-35,-7,-7,7,0,-5,-9,21,41,-25,-89,40,35,-27,-45,-11,-2,1,-29,0,-31,15,-15,35,9,-3,18,0,-49,-39,25,46,-18,24,-59,-24,40,-26,-25,4,74,-55,-19,-50,18,-49,14,-42,4,3,19,-11,-11,22,-62,-33,-22,34,-28,-7,10,74,34,-58,-36,14,68,-52,7,-17,-30,53,-45,-4,-24,-44,6,-5,9,17,-20,33,57,-17,-5,13,46,19,18,30,30,-15,-13,-6,39,-21,-19,13,-31,-23,26,-31,-9,24,-28,36,13,10,39,-13,8,-21,29,-26,6,-19,43,-14,-15,37,10,-28,9,69,6,0,-18,2,17,77,-9,14,-35,-74,27,-18,8,-9,-14,-8,-8,38,6,1,26,67,-48,9,45,-46,-15,-17,4,-64,42,-29,-16,-19,4,-18,8,-8,17,22,-11,31,12,-53,7,18,-15,38,-21,39,-10,-9,-58,-16,-2,47,74093
-36,86,10,0,-6,-10,-8,0,0,-13,-23,41,10,12,1,-13,-38,12,-25,-33,48,-22,-15,37,16,8,14,-1,-9,3,-11,10,-36,15,2,-16,-30,6,-11,-27,-20,12,26,14,14,-14,0,3,14,-22,-35,4,-21,-16,-36,11,-30,-30,51,91,35,-31,-4,-10,-22,0,-62,-17,32,-9,0,21,-75,1,-32,-15,10,24,-24,-29,-33,-3,0,81,19,-35,-15,-46,-32,22,45,-37,47,-21,-49,-16,4,-36,-18,-43,-2,17,9,-16,-35,-19,-19,0,16,-29,0,28,30,54,9,-75,-48,-12,0,-24,20,-27,0,-33,-15,3,22,-65,-16,-8,-11,-6,16,-25,-32,0,17,50,20,-39,30,-9,-17,-22,-17,-11,75,-39,1,7,-39,15,91,0,-28,24,-3,7,66,45,-18,-49,-17,38,-11,-48,-2,-42,-35,-29,-28,17,61,-3,-28,0,46,-15,8,23,0,42,1,-6,0,-24,-8,-17,34,0,-4,86,2,9,9,1,19,45,25,-15,24,-79,-39,0,-1,-18,74,-42,12,-28,-37,-41,3,-16,-38,19,14,-4,0,-64,-24,15,-37,15,-46,-10,37,-17,-23,-10,-39,76,74178
12,-6,69,0,-9,-42,34,0,-24,-17,-40,45,-43,-1,11,-22,26,5,42,3,-42,-59,3,25,19,47,10,1,6,68,37,-7,-47,60,15,-21,60,-12,-14,41,3,45,11,23,-32,-5,-23,3,-9,-18,39,60,-42,-11,-45,-7,17,-21,-30,21,31,-6,10,47,41,-6,-1,9,40,-31,-22,0,13,44,2,-21,4,-2,35,25,-56,-42,-20,71,-17,37,-32,-10,16,-76,-57,18,99,-38,15,-37,28,-53,24,-24,2,55,29,-14,4,-10,-35,-24,-11,43,-7,16,15,75,28,-36,-19,45,59,-37,12,19,-21,20,-38,-16,-66,-25,-8,-26,-7,24,-12,-39,24,-1,27,53,53,-37,51,19,10,-20,13,-6,14,5,-47,4,5,-34,0,-20,-25,17,-42,67,28,27,-31,0,-8,-31,43,-67,2,-60,27,-6,-36,59,26,-45,49,59,14,-21,-37,-2,40,52,-34,20,-24,-66,48,-17,68,0,-12,-5,-19,64,-21,-2,20,84,14,20,31,-21,21,0,50,-33,18,3,0,-29,23,-9,2,37,-40,-3,-2,-21,12,-40,-9,0,-32,-42,-7,41,25,32,-40,-8,13,75,74578
-22,12,59,-18,-10,-61,68,29,-33,0,-29,27,-42,56,18,-5,-15,31,16,9,23,-72,-12,61,3,63,9,-11,18,57,79,9,-83,59,18,8,44,-10,-32,17,-48,56,13,30,12,-25,-32,7,-7,11,4,64,-26,-38,-77,10,-18,-32,47,11,65,-56,17,36,29,-7,-25,-8,17,-30,-32,14,6,34,-2,-4,10,-10,16,0,-54,-69,-32,26,34,1,0,-24,20,-55,20,29,60,-25,-28,-34,27,-53,20,-53,-3,54,23,-2,3,28,-17,-35,14,53,-8,26,6,63,51,-36,-43,19,58,-23,6,1,-17,25,-22,-5,-48,-30,-11,-4,-31,16,35,-40,25,-14,36,58,33,-68,61,5,47,6,-9,-11,23,-10,-18,29,-28,-6,13,-14,-33,22,-35,58,26,51,-44,5,-11,20,20,-57,-33,-55,11,21,-55,34,36,-45,19,55,14,-13,-11,15,46,32,-19,17,-33,-85,24,-2,48,-18,-9,9,-9,53,12,-10,54,34,3,40,53,-42,-29,-13,16,-14,24,-29,19,0,18,-1,6,23,-72,12,30,-32,17,-22,-4,10,-44,-50,23,39,5,-6,-1,3,-18,37,74584
-30,31,44,0,-7,-27,-27,5,0,-46,-13,46,-19,0,7,-7,-24,10,21,29,32,-73,-21,40,-15,61,-20,12,6,43,-27,11,-41,34,-8,-27,7,-9,24,-15,-54,66,34,9,-35,-12,0,15,18,-28,-21,27,-10,-19,-39,10,-44,7,46,80,41,-60,5,25,-10,0,-34,7,23,-25,0,22,-37,35,66,-48,11,22,-8,-35,-38,-26,-2,79,6,-20,3,-20,-13,-30,31,1,54,-28,-43,-22,16,-42,-8,-35,-3,34,67,-3,57,-39,-12,0,-4,11,0,50,45,68,18,-40,-39,12,0,-30,-17,-24,0,5,-21,-9,-33,-33,-25,-13,-11,17,-29,-35,4,0,10,21,5,-58,65,-1,-33,29,6,-2,41,3,-19,5,-30,-1,84,0,7,31,-16,50,56,24,-33,-21,-27,0,47,-44,-16,-46,-14,19,-62,8,55,-15,18,0,62,-8,0,25,29,44,-19,17,0,-5,46,-5,24,0,-5,27,-11,51,4,14,17,63,-14,9,30,-38,-40,0,-2,-10,42,5,-6,30,0,31,16,-21,-60,20,11,-9,6,-28,-31,16,-63,-18,-16,26,16,-2,2,-2,-43,80,74633
-26,22,44,0,-2,-22,-48,1,0,-20,-20,29,-6,35,4,1,1,10,-7,0,29,-23,-35,38,-23,-40,0,1,40,39,-43,-10,-31,5,16,8,13,1,-5,-15,-24,-42,18,20,-34,-8,0,0,16,8,-20,0,-19,-6,-34,-15,-24,17,48,70,40,-31,34,40,-10,0,0,-6,19,-2,0,20,-8,14,-31,-20,4,38,4,-22,-57,-18,0,45,44,-20,-32,-25,-38,22,32,-2,20,-14,-39,-15,17,-56,0,-47,-3,38,19,2,-35,-6,-17,0,-10,12,0,18,27,52,-22,3,-41,22,0,-14,1,-14,0,14,-15,-1,21,-37,-11,-15,-4,23,-34,-8,15,0,21,83,58,-20,32,15,-6,-31,-8,4,40,-10,0,5,-29,20,69,0,13,19,2,-3,32,77,-7,-8,-12,12,52,-33,-1,-30,-33,0,-35,61,32,-2,-9,0,26,0,17,19,19,27,0,23,0,-14,54,0,46,0,-4,23,-3,-2,6,1,-24,17,-24,19,17,2,-31,0,-9,-17,39,-13,-12,-34,-4,0,0,-4,-18,13,4,-3,4,-46,-9,8,-42,-3,-2,43,14,-17,-37,-2,-28,47,74785
-25,39,22,0,-13,-17,78,23,-32,39,-32,60,10,27,9,-12,-2,24,-8,-11,30,-6,-15,66,-37,44,6,-3,33,38,89,1,-54,31,66,7,76,-8,-56,19,-14,54,0,26,15,-11,-32,6,-20,8,24,23,-31,14,-48,5,9,-10,4,-3,71,-21,54,49,31,0,-18,14,24,4,-33,-17,-18,14,33,35,-3,11,10,2,-51,-23,19,51,-35,20,-21,-49,8,-20,28,4,87,-27,10,-43,41,-51,9,-37,3,32,4,9,44,17,-46,-34,1,63,0,13,25,79,28,-26,-46,47,61,-26,-1,-1,-17,56,-38,4,-29,-18,-9,-4,-19,14,40,24,55,-8,34,72,58,-2,34,24,34,-71,19,0,45,-26,4,21,-25,11,3,-14,-26,11,-30,30,29,81,20,39,-8,16,17,-53,6,-52,11,-26,-8,33,31,-26,0,60,32,-12,15,-18,13,63,5,17,-32,-47,17,5,38,0,-12,41,5,40,39,-2,25,81,-19,30,66,-21,0,-6,0,-40,47,-29,13,-71,7,-11,4,3,-5,1,24,6,7,-15,-3,0,4,9,29,46,9,8,-36,-2,13,54,74875
-58,-49,40,-12,-24,23,2,87,-64,26,-71,84,74,94,9,-43,-68,80,-31,-24,24,4,29,31,-6,-20,41,58,15,23,15,6,-14,-57,17,-17,-42,-17,0,34,-62,-44,55,-36,-36,0,-63,-17,-19,-19,-16,-58,-66,-21,-5,18,-52,2,50,24,36,-90,1,52,40,-49,-72,-45,13,-14,-62,9,-64,10,-27,22,49,-19,6,-44,-61,19,23,76,94,-13,-4,-57,-100,-24,21,-22,68,10,-34,-44,-30,-66,-14,-24,34,-1,13,-68,-1,-2,16,-67,33,-68,-50,13,12,65,-35,-74,-24,13,84,13,36,-85,-35,-12,-35,-9,-5,-52,23,-39,-1,-9,-24,-1,-9,-20,-35,6,-35,2,31,-8,-38,5,-64,-44,44,-45,-8,94,-70,-36,20,-33,-10,70,-27,17,77,-24,3,-57,21,1,86,-56,3,-49,-87,-6,-12,-41,83,-22,-30,87,52,-50,-36,-13,-4,91,-8,-10,-64,-63,92,-72,-8,-13,-30,-34,-15,10,-18,46,-28,58,-17,-13,-8,-55,-25,-19,-13,19,52,-51,32,4,-13,-51,-16,-16,-2,55,80,-3,10,-78,-27,49,-4,74,-73,48,5,-88,-8,-2,-50,81,74918
-51,-34,9,0,-10,-1,66,54,-43,36,-69,69,36,73,13,-14,-18,17,-30,2,17,21,23,60,-4,-16,0,4,2,9,73,16,-21,-5,43,2,46,-16,-8,-2,-36,-29,-6,-2,-30,3,-38,1,-25,0,2,-10,-67,22,-18,16,-5,-34,23,66,64,-41,15,68,0,-16,-14,-28,17,-2,-37,-37,-18,46,-24,37,-4,32,15,-13,-79,2,32,44,71,0,-62,-55,-5,10,19,15,4,-40,-27,-58,11,-78,11,-80,20,34,31,-7,-14,54,-52,-39,-10,43,-18,29,5,70,15,-58,-81,49,74,-44,5,-28,-19,47,-54,-2,6,-38,3,-12,4,23,-25,22,43,-7,-1,69,27,18,21,7,47,-28,-23,-10,32,-25,-5,51,-50,8,68,-13,-43,7,-52,-4,37,71,16,19,2,10,63,-31,21,-32,0,-28,-6,21,40,-51,-30,76,17,-14,7,-29,40,64,-10,21,-43,-49,65,0,32,0,-12,-34,-6,0,25,3,15,1,-5,38,57,-45,-29,-7,-24,-44,35,-36,-9,-41,18,7,0,-22,18,-3,22,21,11,-44,2,-5,0,36,14,67,13,-30,-70,-2,-6,49,75239
-1,3,18,0,-19,-7,-27,69,-30,52,-44,60,57,43,22,0,25,15,-14,-13,28,26,35,18,-70,22,0,43,-7,26,-25,25,-30,-24,44,-28,-11,-23,-32,63,-35,29,13,5,-23,12,-28,18,15,-25,-9,-18,-47,15,-27,21,11,26,44,46,19,-44,9,30,67,-17,-38,-55,36,-29,-27,6,-37,9,61,52,-1,20,0,-31,-62,-9,24,92,43,-10,-16,-25,-50,-65,30,-7,80,-11,31,-30,15,-58,-5,-20,29,63,-2,-27,75,-81,10,-33,46,-6,-19,-10,26,100,-25,-47,-23,21,66,-6,-5,-7,-1,27,-26,9,-58,-69,20,-16,11,2,-24,-17,29,0,4,42,-63,24,22,-16,-86,-38,-58,-9,43,0,-22,71,-8,-15,45,-3,17,12,-23,40,19,28,-15,-45,22,-27,69,-43,23,-42,-57,-46,2,-76,22,-26,4,67,56,-3,-16,7,4,65,-24,2,-31,-44,70,-27,52,0,-20,1,7,38,-3,43,-21,79,-68,24,-8,-47,32,0,63,5,48,0,46,-56,-12,-11,18,9,27,-12,8,9,21,-56,10,-6,7,56,-38,33,34,48,-7,1,10,94,75258
-25,13,21,-2,-7,-28,46,17,-36,33,-20,38,6,37,9,-9,-16,34,-14,-32,48,-22,-6,48,-43,32,29,-3,2,25,58,19,-60,13,37,0,37,-25,-32,4,-39,35,12,32,18,-26,-34,9,-16,0,7,23,-18,3,-58,21,-4,-17,19,52,49,-31,4,36,8,-10,-44,9,12,5,-34,4,-26,-1,-6,32,9,-15,11,-9,-32,-31,8,40,45,7,-29,-40,16,-3,42,3,63,-21,-21,-46,34,-36,14,-24,1,45,20,8,1,20,-9,-28,38,43,-10,36,23,80,18,-35,-17,21,63,-16,24,-17,-15,15,-50,2,-1,-20,-13,0,-29,21,8,-2,17,-8,32,51,20,-37,40,28,41,-52,11,-6,32,-15,-2,17,-28,-1,38,-15,-29,18,-9,17,39,52,-2,4,-9,22,29,-47,3,-45,7,-28,-12,19,38,-17,-9,65,26,-11,2,12,0,39,4,23,-36,-52,25,4,51,-2,-9,10,2,18,46,-2,17,65,-49,37,67,-36,-24,-9,23,-13,35,-27,44,-46,-1,-35,8,-19,-38,8,28,3,10,-22,-5,7,-6,1,5,38,2,15,-25,1,-2,45,75439
-15,21,0,0,-5,-13,-12,23,0,-16,2,22,-8,15,7,8,-17,20,-19,8,25,-19,8,42,-31,19,-11,-12,27,-4,-13,9,-60,16,17,-9,33,10,-13,3,-3,22,7,34,-7,-27,0,16,29,-11,3,21,2,0,-54,7,2,-31,38,14,39,-17,33,26,3,0,6,0,3,7,0,-8,5,21,-23,-17,-7,-31,-12,-23,-26,-10,10,35,16,1,-38,-52,-3,-45,24,10,34,-24,-37,-21,35,-25,-9,-22,8,26,43,9,-19,-7,-34,0,42,43,0,31,26,62,5,-21,-24,33,0,-22,-9,9,0,4,-21,5,-39,-12,-13,-4,-27,-14,-4,-3,9,0,39,-3,45,-43,49,14,-5,-7,0,-6,8,-11,-13,28,-22,11,13,0,-31,7,-13,56,28,-5,0,15,-12,40,24,-36,19,-26,-8,-12,-49,35,31,-13,-15,0,34,5,9,-12,21,27,-9,-13,0,-10,21,8,23,0,-4,21,1,52,12,-9,5,38,-30,40,26,-26,-28,0,52,-37,11,-10,43,-21,7,12,16,29,-47,4,15,5,5,3,-28,-2,-52,-7,21,31,0,27,-36,6,-4,37,75500
-41,-26,32,0,-7,-70,45,30,-31,-12,-37,39,-56,17,20,-23,-22,37,-11,-35,20,-72,-19,71,-34,-52,23,6,7,39,48,-15,-82,16,13,1,54,-13,-21,68,-56,-54,22,35,-51,-47,-27,1,-15,4,3,17,-33,-21,-80,-11,-35,-23,46,45,64,-52,14,49,72,-21,-37,-40,-20,-31,-26,-20,-43,61,-12,-14,11,-69,14,-13,-85,-70,-20,69,19,2,-58,-48,-1,-46,13,12,72,-33,-56,-73,30,-89,12,-33,-3,60,35,-10,-7,84,-25,-31,56,71,-21,27,23,88,-43,-67,-37,-20,78,-29,20,15,-12,3,-66,9,-48,-66,-10,-11,-50,-2,-52,-47,8,-12,39,26,70,-83,73,12,82,-29,-40,-27,15,17,-13,32,-47,12,44,-14,-27,30,-38,58,66,24,-46,38,-7,21,66,-62,-18,-58,-7,32,-58,64,70,-42,0,79,21,-25,8,-25,62,46,-7,-2,-31,-90,66,-7,61,0,-8,-24,9,61,2,3,-40,76,-35,-9,42,-69,-58,-12,52,-27,22,20,63,-35,5,-34,1,22,-85,12,29,-34,20,-46,-18,14,-50,-61,54,51,-17,35,-58,13,-35,72,75566
-15,60,26,0,-1,-14,-39,38,0,-48,-10,26,7,-7,3,-5,-40,0,-6,2,37,-2,-22,51,-19,100,-14,4,30,23,-37,-12,-52,8,35,0,34,10,-36,6,20,100,34,34,-21,-18,0,0,11,-4,-1,3,-8,18,-54,-12,-10,-16,50,31,52,15,35,28,2,0,-58,50,9,18,0,8,-62,1,8,-49,12,-24,-11,-49,-39,-11,9,51,-3,0,-26,-55,14,-18,39,10,45,-39,-31,-17,18,-39,-12,-35,0,22,34,6,-4,36,-18,0,49,32,0,7,32,94,0,5,-31,81,0,-41,-12,17,0,-9,-18,4,-20,-6,-14,-10,-17,-20,-17,-5,-6,0,35,56,46,-35,41,4,33,-51,48,0,27,-14,-25,40,-16,31,26,0,-16,32,-17,34,52,46,-5,26,-16,55,20,-51,23,-49,14,-17,-36,48,50,-19,-8,0,39,-5,28,8,12,25,-25,-18,0,-7,19,9,28,0,-1,55,4,36,8,5,1,52,-18,82,6,0,-27,0,39,-17,22,-19,47,-58,8,4,1,20,-33,27,0,-2,4,-14,-27,21,-45,11,27,28,10,36,-31,7,-13,52,75660
-52,-52,3,0,-9,-4,44,42,-40,38,-50,66,38,31,5,-21,-35,22,-34,-11,25,-20,42,31,-76,16,23,4,52,11,44,-5,-23,-23,15,-22,29,-9,14,3,-61,13,3,-3,-25,2,-33,-13,-8,-24,-20,-30,-50,-23,-23,-8,-19,-65,27,70,28,-54,61,37,2,-19,-4,21,-12,-7,-33,-30,-1,36,-24,41,-3,-72,18,-18,-61,-2,19,9,32,-18,-52,-30,46,4,20,22,48,-35,-24,-45,-5,-65,19,-48,38,61,14,-21,-21,50,-27,-34,30,46,-20,35,8,38,13,-44,-52,44,52,-33,22,-41,-5,7,-41,0,-4,-43,-3,-12,1,-10,-23,-3,10,0,3,21,-12,-5,26,-6,48,-25,18,-19,20,-42,11,40,-52,10,69,-6,-65,11,-75,9,32,21,0,18,0,5,12,-33,-27,-31,44,-12,10,-16,34,-75,-30,55,10,-23,9,-21,30,66,14,-11,-39,-48,12,-18,52,0,-12,-54,0,17,3,5,2,45,-77,54,34,-46,-20,-1,-74,-30,22,-41,28,-22,19,-9,-13,-48,-3,-7,20,-16,3,-29,-19,-4,4,41,25,38,-12,-65,-52,-2,-20,8,75719
-37,1,14,0,-20,5,56,49,0,44,-52,77,39,21,4,-16,4,25,-16,11,42,8,-4,61,-23,-2,23,1,22,14,63,3,-45,0,68,19,72,-10,-62,6,-15,-9,-4,20,0,-8,0,2,-17,17,18,5,-50,23,-43,2,11,22,27,-6,64,-20,46,60,9,0,34,7,30,31,0,-4,29,40,-32,41,-8,-16,0,-35,-68,6,46,56,21,15,-44,-70,-7,-2,40,-4,63,-25,-3,-31,27,-67,-2,-65,-1,19,18,-21,-27,-7,-58,0,0,71,0,24,46,91,-7,-57,-69,6,0,-23,20,-19,0,40,-31,-3,-1,-18,-12,-11,-9,11,-4,58,42,0,23,90,58,-1,30,7,20,-46,16,4,49,-7,9,50,-41,-1,-9,0,16,4,-20,12,51,73,57,15,-13,34,57,-52,30,-50,-6,-37,-4,50,50,-22,-8,0,40,-18,0,-7,37,77,14,11,0,-42,56,-22,29,0,-19,0,-5,13,39,1,-12,64,-18,2,63,-43,0,0,18,-60,48,-9,1,-67,-1,15,1,-12,-1,-10,22,20,3,-23,-15,-14,-1,41,11,61,30,3,-44,-1,7,52,75899
-28,4,48,0,-18,-57,-44,44,0,-18,-32,31,-10,52,5,-3,-26,56,-15,23,35,-45,27,32,-12,37,2,33,-19,44,-46,0,-82,-3,22,-6,12,-23,-28,-1,-36,34,32,29,8,-32,0,1,0,-11,-13,-6,-34,-7,-77,-3,-33,26,68,41,33,-52,-22,49,2,0,-89,-18,84,-46,0,13,-73,20,49,-19,8,16,-8,-34,-41,-52,2,90,36,-14,-24,-51,-58,-46,34,-4,83,15,-58,-4,19,-39,-11,-23,24,2,48,-26,60,25,-15,0,45,8,0,34,27,77,7,-41,-22,32,0,13,3,3,0,4,-8,-25,-42,-20,-1,-16,-30,-4,5,-46,8,0,33,17,14,-58,61,-6,26,7,-15,-8,49,-13,-22,48,-33,-24,38,0,18,32,-10,55,60,11,-40,-27,0,1,85,-44,6,-40,-55,-12,-56,0,57,-10,-17,0,58,-7,-25,11,21,35,-19,-2,0,-24,84,-33,5,0,-19,7,-28,55,3,32,-1,79,-8,30,11,-40,-51,0,9,-16,52,-15,45,8,-5,21,1,20,-60,16,57,-24,3,-25,-38,11,-61,-6,-27,48,68,-7,-29,0,-39,97,76100
-29,-46,46,0,-13,-17,55,-7,-32,54,-30,77,21,-18,21,-3,6,20,20,-4,2,1,14,16,50,-5,1,14,30,40,63,25,-35,19,45,-19,76,-11,2,34,-48,-21,8,2,-57,6,-33,17,13,-15,-4,5,-29,-6,-30,37,-9,-7,16,45,24,-60,30,64,51,-6,0,62,15,-16,-33,3,14,35,-13,47,2,-46,41,22,-48,-21,-12,64,-30,-5,-27,-3,1,0,6,27,91,-47,-3,-72,19,-49,24,-40,23,65,27,-17,-1,1,-6,-32,-6,55,-7,42,43,51,-33,-62,-37,28,70,-48,-3,-32,-17,54,-70,-3,-1,-37,-10,-13,5,27,-52,-10,54,0,8,35,2,10,35,14,-8,-67,63,-5,43,8,36,-8,-31,-41,51,-15,-11,19,-17,16,58,25,-10,13,-9,0,85,-26,-4,-26,10,8,9,-1,64,-10,18,70,21,-6,-37,-3,38,77,28,28,-33,-27,88,-22,49,0,-18,-45,-7,18,46,8,-33,90,57,6,73,-42,-5,0,8,0,39,0,-2,-70,31,-9,17,-6,6,7,26,13,21,-63,20,3,19,17,6,57,0,-15,-41,-2,-9,72,76335
-24,3,16,0,-14,-40,58,-17,-26,16,-22,36,-16,-30,11,-22,9,22,-5,2,23,-63,13,37,10,-10,46,14,33,13,58,29,-41,49,19,4,60,-3,-8,55,-24,-19,8,13,-22,-17,-22,10,-4,5,18,35,-20,-7,-40,31,-3,-3,-6,24,40,-21,41,58,54,-11,-35,15,39,0,-21,0,-32,36,-8,13,2,-17,20,24,-25,-37,-20,75,-33,18,0,-23,-6,-16,23,7,72,0,-6,-63,36,-28,19,-21,9,33,-16,-26,-2,52,-13,-27,38,52,-12,8,15,77,-3,-27,-20,-9,61,1,48,-14,-22,33,-63,-15,-19,-47,-13,-9,-16,6,-23,-19,34,-4,16,-29,18,-22,43,34,48,-27,9,-2,42,-12,3,-16,-26,-47,18,-19,-8,13,-4,29,37,-25,-18,0,-13,21,73,-37,-3,-35,0,-24,-3,14,35,2,-4,63,11,-22,-43,0,33,36,1,7,-26,-73,71,-27,26,0,-15,6,-17,35,13,10,-12,72,9,-18,46,-19,-4,-3,31,-9,41,-11,42,-28,14,0,11,-12,-24,4,24,-12,11,-58,15,4,3,-20,-7,56,31,19,-9,-12,-3,73,76415
-11,22,58,-1,-9,-1,15,92,-31,13,-47,79,47,38,37,-16,-20,16,26,-5,-21,-13,16,33,22,52,-8,30,-25,54,14,1,-43,-11,43,-3,8,7,-19,50,-45,54,36,18,-9,-3,-22,10,11,-1,-19,-6,-49,4,-40,1,-21,-4,35,48,33,-46,-23,32,51,-24,-64,-42,37,0,-23,-13,-56,25,91,13,23,6,19,-57,-78,-2,55,83,36,-18,-34,-4,-25,-57,-22,7,84,-27,2,-49,-10,-77,17,-11,13,86,26,-15,99,23,6,-28,29,7,-25,10,51,83,-13,-32,-15,40,68,-23,-10,-1,-6,24,-47,14,-52,-60,-1,-22,-3,31,-11,-21,28,-10,18,-5,-31,-11,37,10,33,-64,-48,-16,43,-11,-44,93,-14,-8,45,-6,-8,46,-33,45,61,-21,-17,-13,2,20,65,-52,12,-47,-31,9,-18,-41,63,-32,30,68,32,-18,-6,-14,25,83,-42,27,-32,-40,65,-16,72,-1,-9,18,13,42,-18,30,-17,84,19,41,-14,-23,4,-8,28,1,47,-5,30,-65,5,5,12,13,-10,29,9,0,34,-58,3,30,-16,46,-14,33,27,11,-28,13,-21,88,76534
-29,-98,-16,0,0,46,17,-49,0,-14,47,-27,42,0,23,100,-26,21,27,14,58,30,0,100,50,-100,43,0,93,1,14,100,-10,73,21,95,100,0,60,44,-33,-100,4,100,-49,31,0,4,-39,100,100,77,40,100,13,56,100,-11,33,29,100,-19,98,1,36,0,-100,34,0,10,0,-47,-100,-79,-100,-5,14,-75,0,67,12,31,29,100,-1,95,-4,64,31,63,63,-100,-24,-20,70,57,31,-100,0,-42,0,20,60,-64,-74,38,0,0,-58,100,0,100,93,-21,-52,100,-43,28,25,14,48,14,0,25,19,0,61,100,16,-3,21,0,-44,-5,13,0,100,-75,100,17,11,-67,39,-100,72,28,65,-69,73,-58,-3,46,34,0,-7,16,86,-60,67,-48,7,69,15,28,-2,-47,100,-67,24,63,94,100,73,75,20,1,0,100,56,-46,-67,-20,69,0,0,76,-43,-100,18,0,0,-100,1,-58,100,0,-52,-39,49,19,100,100,66,0,51,2,52,-72,-60,-100,-100,9,0,15,1,-19,-9,43,17,100,-1,-5,100,36,32,-23,0,30,-6,0,100,100,76598
-8,6,46,0,0,7,28,43,-29,37,-19,66,76,-30,17,-5,19,-17,6,1,-17,34,-25,26,-12,11,0,14,57,32,34,7,20,-13,35,-13,14,-6,-2,36,0,10,19,-21,-30,38,-27,12,10,-17,-8,-25,-20,-9,25,12,18,7,-18,0,24,-17,55,19,46,-3,-34,-34,-6,5,-27,-4,-14,23,-22,32,19,10,24,-7,-47,10,22,55,-45,-7,-31,-10,7,0,-25,-1,32,-62,41,-55,-9,-48,11,-45,-2,42,-26,9,-29,-100,-14,-23,7,18,-4,-5,5,70,-20,-20,-42,23,62,-63,3,-42,-7,24,-48,31,5,-55,7,-9,38,13,-32,-9,24,0,-17,44,-51,44,0,-8,-95,-51,-38,-15,32,-3,-32,49,-15,9,-13,-7,2,29,-22,-10,33,27,-3,-14,10,-23,33,-48,11,-43,7,-36,39,-66,33,-21,7,63,34,-15,4,-2,15,72,-28,12,-29,-33,30,5,28,0,-4,7,28,-7,-5,10,-23,39,-4,23,17,-15,54,0,6,-7,36,-11,11,-50,-5,-8,10,-8,42,19,-22,35,18,-54,14,24,35,77,-4,18,-18,-36,-40,-19,8,58,76910
31,-57,2,0,0,35,-55,1,0,-46,-4,85,40,24,8,9,-51,-13,-69,28,-21,-6,0,44,-17,-61,-42,0,-45,1,-2,27,-9,6,31,80,58,0,-11,45,-36,73,19,-52,-95,48,0,10,-100,100,-19,-27,-2,-11,-9,28,12,-24,-48,65,45,-7,-28,67,50,0,-61,-66,-27,84,0,0,6,-69,-100,-15,15,-50,0,87,-26,9,-9,50,-5,-31,-36,-23,46,10,-11,31,48,-73,88,-45,7,-27,0,-5,0,-41,-100,0,-100,-100,-35,0,43,63,0,37,-84,24,-35,98,-13,29,0,-64,17,21,0,36,-7,2,-19,-62,14,-12,31,0,-87,45,37,0,13,59,-28,-8,-5,18,-79,20,-81,28,17,42,-54,0,50,-4,62,0,-28,3,-19,-9,1,69,57,46,59,65,80,-1,46,-2,45,-13,37,56,31,-19,-53,0,0,4,-3,-1,43,88,-56,0,0,94,79,11,-88,0,0,-53,0,30,4,0,-39,38,-45,30,8,86,56,0,14,-39,35,24,-30,12,28,18,11,46,-7,1,-12,5,-8,-27,0,-6,100,42,94,70,-23,5,7,-19,33,49,77059
-35,13,-3,0,-9,-16,79,38,-42,32,-41,62,22,24,12,-23,-20,5,-16,-28,25,-10,13,75,-2,48,-17,-23,23,-2,85,11,-45,34,52,-4,72,-5,-38,67,-19,44,0,18,-8,-13,-38,6,-11,-2,7,31,-40,9,-44,12,6,-21,20,68,80,-17,30,50,72,-7,-36,12,-10,-4,-37,8,-26,32,-6,32,2,-21,46,-4,-71,-15,13,50,15,8,-68,-52,-5,0,23,34,62,-55,-10,-60,32,-69,33,-62,10,35,21,6,5,9,-51,-35,17,70,-7,18,1,69,40,-30,-63,76,63,-55,-16,0,-18,45,-57,10,0,-12,-2,-6,-12,21,-3,6,43,0,15,84,37,-15,41,38,7,-52,12,-9,25,-3,-10,35,-36,13,68,-18,-21,13,-71,22,42,79,-2,52,-2,34,21,-46,5,-51,2,-24,-6,35,45,-69,-10,62,4,-24,12,10,29,60,-11,21,-42,-51,24,8,27,0,-11,7,8,22,42,-26,39,48,-2,71,73,-17,-10,0,46,-49,27,-8,14,-52,32,-25,5,5,-15,4,8,11,10,-24,-12,4,1,21,55,50,-18,34,-65,-2,8,56,77615
-12,-24,22,-1,-12,-3,36,31,-30,61,-42,49,10,30,9,-15,-4,11,-8,-19,8,14,1,19,25,-22,19,30,10,20,32,22,0,-14,16,-20,-8,-19,19,-7,-10,-11,-5,-15,-15,5,-27,5,12,-24,0,-20,-41,13,3,22,3,4,13,26,16,-20,28,27,-7,-14,-6,-41,33,-17,-27,5,-5,8,17,58,-8,0,11,-15,-47,1,22,51,36,0,-20,-15,-35,-9,2,-17,5,-25,0,-42,0,-48,1,-48,6,23,8,-31,18,-55,7,-33,28,-1,-15,20,12,70,-20,-64,-45,-26,66,-27,21,-29,-13,10,-40,-3,-6,-63,7,-12,6,5,-12,-6,13,-8,-12,43,-21,11,18,-2,-42,-18,-35,-16,41,-16,11,34,-15,-18,28,-15,-5,0,-16,7,44,38,-4,-38,9,-35,58,-44,23,-40,-37,-20,13,-30,43,-17,-3,68,35,-24,-18,3,10,50,14,3,-30,-18,58,-35,14,-1,-18,-30,-4,7,2,28,-21,9,19,-25,25,-60,7,-8,9,12,45,-12,27,-36,-21,-18,5,-13,12,-10,8,19,8,-51,-2,-8,6,10,-33,30,35,-10,-24,-9,-3,52,77791
-14,5,-9,-1,-28,6,-24,61,-35,13,-56,58,33,31,0,-34,-21,42,-20,-32,8,-18,19,25,-50,3,-6,27,-37,-14,-29,6,-37,-24,30,-31,-17,-34,-24,16,15,-15,13,0,25,-19,-36,-10,-20,-27,23,-33,-56,22,-31,7,10,-12,13,48,13,-1,-9,32,11,-17,-61,-23,25,-2,-37,-14,-64,12,-8,10,5,0,-2,-41,-52,13,44,82,30,17,-24,-37,-23,1,0,-5,-45,-38,-10,-18,20,-57,-2,-21,24,49,-12,-39,-17,-40,-20,-39,38,0,-17,11,26,74,-3,-36,-26,29,56,-37,-3,-23,-29,-15,-8,-4,0,-43,1,-13,-17,-24,36,-3,-13,0,4,26,-35,-21,33,-9,-42,-33,-32,-16,44,-32,-2,68,-23,2,31,-28,-18,21,-52,11,36,18,0,-37,5,22,40,-70,39,-62,-25,-12,-10,-42,40,-61,-14,60,42,-38,-9,0,-1,64,5,-23,-35,-34,47,-38,11,0,-26,9,-5,12,-6,27,8,-39,-51,33,20,-43,-1,0,70,-23,44,-25,33,-66,-7,-28,-9,7,-25,0,35,0,0,-22,-28,4,-4,31,-18,33,40,42,-14,-13,2,82,77851
-31,2,34,0,-16,-7,29,56,-25,38,-23,58,38,35,16,-31,-48,33,23,-6,7,5,-17,38,14,17,49,17,22,42,35,6,-20,15,34,-4,52,-30,-15,49,-26,25,-1,-2,-14,-5,-27,6,2,-5,15,21,-21,6,-20,12,-4,-16,6,33,35,-32,55,41,43,0,4,-15,-7,14,-27,-32,18,27,10,37,-3,-58,5,-28,-48,-9,31,61,21,15,-18,-20,19,19,7,20,45,-7,-8,-40,-13,-52,12,-31,-3,-7,52,0,18,-30,2,-30,27,65,0,34,24,47,16,-45,-30,44,64,-2,38,-42,-13,30,-38,7,14,-36,-6,-18,-6,19,-7,5,34,0,-1,64,10,5,15,16,-14,-14,-18,-16,16,-15,-8,56,-35,8,26,-14,-22,4,-48,-7,53,55,6,24,-3,39,29,-43,11,-36,6,44,8,2,48,-47,29,65,39,-30,2,-8,35,60,-7,21,-25,-40,26,2,14,0,-15,0,2,-2,42,18,21,44,7,57,61,-38,-7,0,-18,-3,15,-24,29,-21,11,-6,6,-35,3,-7,27,19,14,-31,10,-4,9,42,36,46,-3,-22,-20,5,-7,64,78159
-24,-55,12,0,-7,-35,44,0,0,43,-49,57,9,2,7,-16,-4,5,-5,-39,38,-41,-7,41,37,38,14,3,-64,8,44,-35,-55,13,22,-10,70,-8,7,1,-17,20,3,24,-39,-20,0,-7,-27,-13,8,-4,-50,-6,-57,-26,2,-40,13,34,40,-24,-54,54,-3,0,23,26,-37,-17,0,-9,15,69,-25,40,1,-86,16,10,-81,-26,-1,3,14,10,-35,-8,47,-4,34,7,63,-34,-18,-34,24,-79,10,-68,7,56,3,-26,-6,88,-14,0,45,52,0,32,11,66,-35,-30,-77,39,0,-39,18,-8,0,17,-31,-26,-6,-32,11,-16,-14,-3,-43,-25,15,0,27,39,84,-42,45,25,91,-15,33,-19,23,-16,20,2,-24,2,34,0,-33,13,-52,17,58,43,-20,37,9,13,31,-52,0,-54,51,16,17,78,49,-52,-8,0,23,-18,7,-19,63,51,19,-3,0,-55,32,-28,48,0,-9,-61,-24,22,29,-1,-19,45,44,35,66,-9,-5,0,10,-8,25,-15,41,-10,10,-38,-6,-7,-40,-1,13,-11,7,-55,3,-2,0,18,19,52,-34,13,-49,0,-2,-2,78357
-22,-19,48,0,-8,-9,52,37,0,4,-67,67,31,55,8,-18,15,18,12,-1,-11,5,-14,66,-43,9,-8,4,-5,43,52,-8,-22,24,52,0,69,-37,-19,12,3,5,16,13,-15,14,0,-6,-35,-4,11,14,-65,29,-18,-5,8,12,6,-1,65,-5,14,55,13,0,5,0,33,-1,0,9,8,48,-14,0,16,4,4,-21,-79,-9,26,77,51,10,-22,-33,6,-29,-16,12,72,-49,-7,-41,17,-79,3,-69,1,39,9,-28,-2,23,-44,0,-28,69,0,12,42,84,-8,-62,-62,13,0,-50,-6,-16,0,47,-34,-23,-27,-40,-10,-9,13,22,-7,-6,49,0,19,71,67,10,29,5,32,-7,1,0,50,-8,-25,41,-25,-30,-10,0,1,34,-45,27,58,65,-2,-3,-11,3,65,-69,43,-62,7,6,1,55,58,-45,10,0,31,-22,-34,11,52,70,-23,23,0,-41,61,-33,33,0,-9,-21,-25,30,0,2,-6,68,-41,17,29,-48,-2,0,21,-38,50,-12,-24,-20,9,-2,-5,4,7,21,18,10,6,-47,-4,19,0,29,-4,57,34,-2,-36,-5,3,74,78366
17,-25,100,0,-4,12,35,34,-33,57,-95,100,15,-27,17,-23,48,-21,89,1,-77,-16,35,34,46,54,16,-17,-10,100,39,-34,-3,-4,73,12,72,-28,-45,12,0,44,-14,-6,-55,26,-27,-17,-64,15,43,-11,-94,31,0,-42,30,-6,-76,4,39,-7,0,56,14,-4,-64,19,43,-25,-26,0,-57,3,30,54,0,-22,41,22,-95,15,6,81,-30,40,-36,46,47,-43,-76,21,80,-42,95,-57,-13,-94,40,0,19,23,-1,-46,41,0,-27,-25,-77,74,-6,3,22,47,16,-15,5,0,58,-44,23,-22,-18,60,-58,-38,-45,-21,28,-24,31,2,-58,-23,60,-5,-4,2,40,13,10,34,9,-79,9,-17,55,19,-44,37,12,-28,0,-16,-18,6,-62,25,48,11,-18,-11,28,-48,58,-58,44,-57,43,14,77,36,52,-58,95,61,7,-27,-30,2,15,100,-45,1,-33,-56,57,-40,16,0,-4,-19,-44,30,11,-15,4,81,46,5,43,-9,100,-5,-26,-25,52,8,-71,-76,21,2,-18,0,13,-7,-25,-7,14,-32,-4,4,83,16,-13,58,37,-46,-45,1,25,82,78577
-43,-30,0,0,-15,-14,14,58,0,48,-45,58,11,67,7,-17,-74,58,-38,-4,62,-16,-4,40,-38,-22,10,24,36,-6,27,22,-67,-18,31,-3,-14,-19,-1,3,-38,-33,10,30,-35,-43,0,-2,-6,-7,11,-23,-41,3,-67,31,-23,10,67,72,47,-49,25,68,5,0,-86,-22,13,26,0,-16,-75,-7,-12,49,11,2,-12,-27,-38,-8,10,55,66,15,-15,-73,-55,-23,55,-12,71,13,-57,-62,10,-41,-15,-40,6,50,22,-37,7,63,1,0,73,-31,0,42,-3,82,-12,-25,-33,37,0,15,11,-45,0,8,-57,-10,-4,-42,24,-21,-38,18,-32,32,10,0,27,17,11,-29,40,0,64,-37,-20,-19,58,-25,20,64,-45,-11,76,0,5,22,-17,39,52,12,38,-17,25,48,79,-41,13,-36,-42,-62,-11,12,46,-17,-46,0,50,-16,-5,-28,-12,54,25,20,0,-61,81,-40,45,0,-16,-31,-10,28,20,18,-12,58,-46,27,30,-9,-45,0,9,3,61,-31,75,-26,-9,-17,-2,-25,-26,9,63,-10,5,-58,-12,4,-25,19,-31,65,9,-1,-23,6,-27,56,78643
-16,-32,-5,0,-3,-20,63,17,-30,41,-5,59,-1,16,18,0,-2,11,-12,11,44,-48,-8,29,18,30,22,3,-23,-11,68,20,-57,72,27,-7,84,5,-18,33,6,46,-10,23,-37,-19,-27,25,-18,-7,39,56,-5,4,-51,24,18,-19,22,42,37,-9,22,59,40,-13,-23,1,23,-20,-26,-17,-10,55,8,35,-11,-30,17,8,-17,-19,7,55,0,38,-36,-44,16,-56,52,26,86,-8,13,-66,53,-15,0,0,-3,53,8,-8,1,2,-56,-24,14,77,-14,49,20,81,-12,-62,14,19,62,-10,26,22,-25,37,-54,-10,-50,-3,-16,3,-22,15,-27,7,29,0,26,12,38,-40,60,39,23,1,-6,0,21,42,26,12,-14,-27,30,-24,-21,-7,-38,68,19,15,2,10,-13,2,39,-24,0,-30,8,-58,-19,5,24,-38,-27,64,7,0,-34,-12,60,54,12,16,-30,-53,44,-10,46,0,-8,-31,-22,65,34,-3,-1,87,9,13,81,-49,5,0,79,-43,16,13,19,-31,17,11,23,48,-43,-23,22,6,19,-23,4,-22,-4,-2,20,61,22,74,-54,1,23,68,78728
-27,-12,18,-9,-16,-19,32,14,-36,-2,-36,57,-22,14,8,-6,3,-4,-11,-15,8,-40,17,48,0,-33,33,1,20,18,32,-15,-49,-36,23,8,61,-43,-39,12,-46,-35,4,18,9,-9,-37,-2,-18,11,0,-36,-35,-12,-44,-12,-20,-2,18,43,49,-52,34,56,19,-14,15,26,13,-31,-37,7,14,33,-9,-6,3,-5,-8,1,-48,-26,5,22,16,-2,-18,-9,-5,-23,7,3,90,-33,0,-14,16,-48,-8,-65,14,36,-17,-17,-2,-41,-29,-43,-31,63,-14,12,22,28,-27,-29,-67,58,60,-29,23,-8,-21,2,-10,-5,-25,-22,-8,-9,-17,11,22,0,5,-11,24,56,79,-45,33,-7,-42,-18,22,-15,15,-17,2,12,-32,-1,38,-20,-5,15,-23,26,41,58,-3,7,-9,-15,51,-44,-8,-44,-6,17,-40,78,45,-24,-7,61,37,-9,0,11,30,63,3,11,-36,-54,51,-15,23,-10,-16,-11,-5,30,5,0,-24,80,1,57,36,-22,-4,-11,9,-29,18,-19,-24,-19,2,-16,-2,8,-51,6,-5,-12,8,-27,-15,6,-30,-29,4,56,11,-11,-25,-10,-17,27,78745
13,12,91,0,3,-11,40,79,0,6,-28,94,54,12,46,3,64,-16,33,2,-56,-6,4,26,57,-16,-40,13,87,91,40,3,14,4,57,13,22,1,9,91,-46,-5,21,-2,-27,46,0,14,17,17,-30,10,-25,3,15,3,18,-44,-44,38,21,-48,89,16,91,0,21,-22,-52,-24,0,8,22,32,40,7,4,4,39,-18,-56,-12,4,78,3,-31,-20,42,-1,-72,-60,23,56,-66,88,-72,-3,-58,40,-6,7,96,-52,-48,27,-4,19,0,-21,29,0,-18,35,70,-30,-54,-9,16,0,-61,-44,6,0,58,-70,4,-75,-78,8,-11,47,12,-21,-57,60,0,-2,-23,-35,38,29,9,0,15,-28,-19,48,-1,-52,78,8,-26,31,0,-45,23,-16,52,62,-30,-55,-25,11,-35,65,-32,7,-24,-2,-3,50,-36,62,-15,39,0,14,4,-32,10,38,96,-46,9,0,-52,63,-41,100,0,0,20,4,51,-24,18,-35,68,56,24,-13,-52,90,0,14,14,48,4,-16,22,22,12,15,13,37,6,-25,6,43,-72,35,18,54,52,-20,18,-51,5,-15,21,15,76,78835
-28,11,3,-1,-14,7,29,36,-29,32,-28,72,38,-3,8,-22,-23,0,-12,1,-1,12,-6,22,-19,60,-5,7,-1,4,31,11,-12,6,36,-20,29,-8,-6,14,-19,66,2,-3,6,8,-31,7,9,-20,10,6,-26,8,-9,12,6,-21,11,34,25,-28,20,29,13,-10,-28,3,30,0,-31,-1,-14,12,45,28,1,-23,7,-20,-37,8,21,51,-13,10,-68,-38,7,-12,0,12,37,-31,-6,-49,0,-39,5,-40,0,47,23,-2,55,-25,-54,-31,23,36,-11,37,23,57,18,-41,-40,8,39,-30,-7,-40,-12,37,-43,-10,-7,-32,-4,-11,8,8,16,20,38,-5,0,24,7,16,10,12,-27,-16,9,-11,32,-14,-8,39,-32,-19,29,-11,-38,7,-31,18,38,24,23,-4,-2,5,29,-39,21,-32,2,-20,2,-3,37,-33,-7,42,25,-25,-17,-2,12,74,-10,7,-30,-31,27,-4,47,-2,-15,8,-15,15,31,5,15,42,-25,24,50,-39,-4,-3,0,-51,33,-28,24,-23,6,-1,7,-17,14,-3,-1,24,8,-30,-4,-1,6,38,-1,33,33,-21,-75,-6,3,51,78838
-31,-36,2,0,-5,-23,39,37,0,31,15,55,15,8,37,-11,-17,44,-24,-9,17,-55,14,35,-6,12,20,-6,65,6,36,20,-67,39,7,-3,62,-17,9,79,-58,17,-2,13,-70,-31,0,26,30,-2,6,41,14,-19,-65,21,-11,-30,33,51,39,-61,72,62,78,0,-17,-18,-41,-18,0,0,-16,42,32,30,-6,-76,14,4,-12,-25,-16,52,5,4,-47,-40,47,-74,14,34,69,-17,-7,-96,38,-13,11,-6,23,78,10,14,38,24,7,0,63,67,0,49,28,52,-41,3,-4,68,0,-13,18,28,0,11,-97,22,-73,-18,-19,-6,-33,-7,-70,-29,10,0,18,37,-68,-56,62,46,26,-28,-20,-24,19,13,21,37,-37,-8,54,0,-32,-1,-32,76,54,31,-30,54,-16,6,62,-25,-18,-23,45,-21,-23,-67,56,-35,-19,0,13,-13,-4,-3,44,56,22,-10,0,-87,64,16,78,0,-7,-40,19,74,24,-8,-48,73,-13,70,64,9,-6,0,48,8,17,10,70,-27,31,-8,26,37,-57,-17,43,-4,39,-18,10,-10,-19,11,55,63,-44,44,-47,36,-12,56,78843
-17,0,8,-2,-13,-24,57,16,-25,34,-17,57,11,5,13,-15,-3,40,4,-23,38,-17,-12,32,-24,16,-15,6,3,0,62,24,-52,28,39,9,66,-7,-12,-13,3,17,-10,24,-2,-26,-27,11,-8,8,40,25,-16,26,-53,24,25,-31,9,20,35,0,9,50,-9,-6,-19,9,24,5,-26,-24,-3,28,-11,32,-4,-49,12,-8,-21,-22,14,54,3,38,-37,-36,24,-29,34,15,53,-16,-8,-53,42,-21,12,-43,0,0,29,-6,2,15,-35,-27,25,67,-6,37,30,65,14,-59,-40,9,53,-17,-10,7,-26,42,-51,-16,-28,-12,-18,0,-24,7,-9,9,43,-5,22,53,33,-20,41,0,23,-12,11,-9,29,-21,16,19,-18,-19,19,-27,-33,0,-21,38,31,51,12,9,-18,38,29,-42,33,-41,27,-11,1,23,27,-22,0,54,15,-15,-15,-23,33,53,19,8,-25,-53,27,-10,-8,-2,-13,-6,-16,39,54,6,9,35,-24,11,79,-60,-3,-4,54,-33,32,-24,30,-11,13,-18,11,11,-19,-7,40,15,13,-19,22,-4,0,15,9,49,19,50,-40,7,21,55,78933
-15,2,8,0,0,14,11,2,0,-100,-2,33,18,0,-30,-1,-49,52,20,-1,32,88,0,83,10,86,-25,0,52,8,11,1,-55,22,27,37,71,0,8,18,-22,86,0,60,-33,-33,0,9,-12,37,77,22,-2,100,-55,1,20,-37,-12,24,83,-22,52,-1,18,0,-47,-95,-6,41,0,11,-47,100,-100,-100,0,-44,0,-14,-31,14,-6,55,0,77,-75,-25,1,-20,32,-10,-41,-3,-20,-1,4,-31,0,-44,0,63,100,-56,-100,100,-25,0,-52,71,0,70,48,7,0,-18,-44,-3,0,-3,-25,69,0,-13,-1,-25,-20,93,-9,0,-33,0,-33,27,-13,0,60,-100,17,-9,-34,8,100,-100,-95,2,62,-65,-8,2,-15,100,24,0,-37,0,-87,4,61,-100,27,100,-9,54,38,-64,100,-64,1,-28,-46,17,61,-87,20,0,0,-1,100,11,100,33,-8,0,0,-47,38,-56,63,0,0,2,-25,4,14,0,0,-41,10,-3,-3,-18,-20,0,-22,-25,62,-65,-52,-100,-10,-1,9,69,-9,0,52,-9,-30,93,-18,0,-46,18,100,-1,-6,-22,-75,-1,20,55,79301
-10,7,14,0,-14,-42,25,32,0,-6,-15,48,-49,32,27,-30,-11,42,-29,-13,11,-57,6,41,-49,-3,35,30,91,20,27,23,-45,19,-1,-15,-27,-5,0,46,-19,-12,26,5,-55,-38,0,11,20,-11,11,29,-16,11,-41,24,-35,-2,50,14,42,-20,85,22,51,0,-55,-36,-46,-18,0,12,-47,3,-5,-6,7,-21,2,-3,-26,-47,-18,51,30,9,-19,-32,-52,-58,6,-15,87,-37,-34,-57,20,-27,-4,-17,21,83,-10,-7,3,50,49,0,42,-33,0,36,37,66,-45,0,-16,9,0,-29,31,25,0,-25,-60,22,-45,-52,-10,-24,-44,-21,-54,-44,-22,0,6,-2,-56,-63,58,16,54,-6,-42,-13,27,39,-5,35,-19,-9,9,0,-6,30,4,67,61,-16,-43,-22,-6,-10,42,-46,10,-43,-43,-18,-31,-51,67,3,-15,0,27,-29,-6,6,3,52,0,-21,0,-91,42,-11,77,0,-15,4,21,57,0,26,-51,89,-56,9,32,5,-36,0,55,43,27,34,43,-5,-14,-12,12,44,-63,8,33,-22,25,-60,5,15,-23,-55,-22,19,-58,39,-6,23,-31,51,79447
-29,-19,7,0,-1,-16,50,9,0,12,-18,41,8,46,21,-10,-41,35,-12,5,29,-17,-22,45,-28,15,10,0,26,-4,60,24,-41,7,26,3,58,1,-11,44,-29,1,25,16,-32,-15,0,9,4,4,-2,7,-17,-16,-34,25,-15,-9,17,52,46,-50,27,58,49,0,-6,0,-12,8,0,-4,11,31,22,7,19,-42,24,5,-49,-14,-21,36,37,-6,-7,-27,23,-30,21,26,54,-25,-18,-58,18,-51,14,-39,-1,61,-7,3,34,29,-2,0,50,58,0,16,23,43,-10,-16,-34,25,0,-23,15,-20,0,26,-49,15,-14,-24,-3,-5,-16,-2,-18,-21,28,0,21,9,0,-14,33,19,35,-16,-11,-21,19,-11,6,15,-39,-2,49,0,-19,34,-25,36,47,1,-17,31,0,45,49,-41,0,-34,27,3,-23,-10,50,-29,-12,0,3,-11,-5,-3,38,50,10,0,0,-56,49,-7,54,0,-3,-21,12,25,12,-5,-17,49,-26,25,43,-12,-13,0,29,-1,25,-21,57,-27,21,11,8,23,-20,18,30,0,20,-28,10,21,-14,6,35,55,-22,-18,-14,8,-20,44,79449
-32,36,20,0,-15,-27,48,21,-28,2,-21,51,0,-7,18,-13,-26,31,-10,-2,50,-37,-3,54,-9,30,16,14,34,16,54,20,-58,28,29,-7,44,-15,-24,45,-39,33,18,27,-8,-12,-29,12,-8,-7,1,25,-19,1,-55,25,-16,-26,37,-29,58,-39,52,42,48,-5,-46,6,37,-24,-28,4,-54,37,43,0,0,-22,13,-10,-33,-25,1,78,-4,0,-19,-36,5,-15,52,1,51,-13,-23,-64,31,-35,8,-48,8,37,17,-2,51,29,-28,-30,32,40,-6,38,29,71,-7,-51,-46,-7,53,-12,18,-13,-20,30,-61,-2,-17,-31,-28,-10,-14,32,-12,-26,30,-8,30,59,30,-31,49,31,13,-8,7,-12,51,-36,8,21,-35,-17,-29,-18,-31,18,-14,34,53,54,-25,15,-29,19,47,-54,5,-51,9,3,-31,16,54,-14,-7,55,24,-13,-12,0,39,49,4,29,-29,-61,48,-4,36,0,-18,32,-6,36,40,9,-5,44,-8,-13,61,-43,-21,-7,22,-26,50,-43,29,-28,0,-7,14,-6,-33,5,34,1,18,-40,0,5,-24,-2,8,44,37,13,-21,2,-18,75,79487
-14,-33,45,0,-18,-39,60,18,0,28,-46,32,2,90,13,-18,0,36,11,-11,11,-50,-12,48,-63,4,22,10,54,43,62,10,-47,58,23,-24,52,-34,0,17,-9,2,-1,14,29,-10,0,5,-27,-22,42,68,-39,8,-41,22,13,-13,11,71,52,-18,78,57,19,0,25,-27,3,-13,0,-13,47,31,-38,24,5,-19,-1,12,-58,-44,4,34,65,44,-11,-33,-20,-33,6,26,93,-35,0,-45,23,-64,0,-81,-1,58,11,-28,-17,3,-8,0,6,50,0,26,15,79,3,-77,-68,-4,0,-27,12,-23,0,25,-37,-14,-28,-35,-3,-13,-16,24,44,-19,37,0,20,26,6,-33,52,20,17,40,-36,-10,27,-23,-1,20,-22,-31,70,0,-32,16,-43,40,46,26,-18,-1,1,11,69,-66,17,-55,-33,-18,-19,3,47,-44,14,0,42,-19,-37,-8,47,39,4,23,0,-73,68,-27,48,0,-17,-35,-20,38,17,6,20,93,-72,7,64,-67,0,0,45,-12,27,-45,13,28,16,-12,6,5,-40,3,30,-7,11,-38,5,5,-6,-2,3,61,0,11,-10,-7,13,43,79533
-50,-21,-28,0,-11,-13,18,29,-34,56,-12,64,26,2,11,-19,-40,16,-34,-10,74,-29,-6,40,1,-52,40,-8,34,-21,24,43,-56,22,27,5,29,-14,-6,20,-42,-46,-14,12,-30,-21,-38,13,14,6,4,24,-12,-11,-54,42,-16,6,55,61,40,-43,50,55,23,-8,-22,54,4,-11,-38,0,-17,28,-34,54,-7,-54,-1,0,-14,-17,-5,25,-3,2,-50,-43,-27,18,70,17,74,-3,-26,-67,9,-13,3,-65,-12,4,25,-7,-28,-11,-27,-34,29,34,-9,54,9,60,31,-58,-69,-36,63,0,36,-46,-19,40,-61,-10,16,-34,-6,-4,-24,19,-24,16,40,0,14,37,-1,-25,31,50,-3,-9,58,-9,47,-4,34,27,-50,-18,59,-19,2,0,3,13,52,29,16,-1,-3,13,65,-28,-14,-28,-34,-16,-2,-10,54,2,-28,63,21,-20,-16,0,32,64,37,20,-35,-55,68,-7,1,0,-12,-25,-11,14,65,-5,34,73,-2,-31,84,-50,-31,0,-12,-26,48,-10,36,-11,15,-9,12,-45,-26,-13,15,7,10,-36,-3,-15,4,25,-3,58,3,-15,-54,-2,-14,31,79778
-37,18,57,0,-19,-9,55,30,0,25,-16,86,35,10,15,-22,0,12,3,35,7,-16,16,65,-25,-21,33,4,78,57,57,23,-43,-15,47,18,67,-19,-38,49,-16,-12,7,8,-22,3,0,4,-2,17,21,-23,-14,17,-41,23,6,-49,9,48,65,-18,93,46,55,0,21,40,-26,8,0,-21,20,28,-33,21,10,17,13,-17,-29,-10,31,48,9,16,-66,-64,4,-23,7,21,100,-36,16,-49,8,-29,11,-47,9,44,41,-5,-28,0,-55,0,-37,73,0,37,38,70,24,-58,-46,31,0,-37,32,-24,0,36,-47,-10,-27,-30,-18,-8,0,12,-27,40,34,0,11,58,41,-15,28,9,-4,3,43,-10,12,12,9,30,-37,0,49,0,-52,20,-23,26,62,55,38,24,-18,-4,44,-43,20,-44,3,-9,13,36,62,-26,8,0,27,-24,2,-22,32,88,8,11,0,-56,42,-6,39,0,-21,12,-9,31,30,4,21,96,-24,34,65,-58,15,0,-4,-50,13,9,-37,2,20,38,4,-20,-18,13,16,18,14,-26,-15,9,18,32,24,47,-25,-16,-72,-3,5,47,79813
-20,-13,37,0,-16,-51,18,27,0,0,-33,38,-1,-2,24,-19,-4,14,0,-34,7,-74,29,58,52,18,17,22,22,40,23,19,-61,24,6,-13,72,-27,-11,86,-55,12,13,9,-45,-7,0,8,-4,-3,7,27,-36,-19,-54,22,-18,3,23,47,60,-58,34,66,88,0,-14,-1,24,-43,0,-7,-7,42,-1,-2,2,-40,9,4,-66,-56,-20,67,-17,4,-37,-28,-9,-51,8,31,76,-52,1,-77,16,-67,6,-31,25,57,13,-7,0,-18,-28,0,8,66,0,43,19,69,-1,-41,-22,-2,0,-44,14,-6,0,16,-69,12,-49,-15,-21,-11,-12,18,-33,-58,19,0,15,37,22,-54,56,18,-11,-79,-8,-9,24,8,-20,26,-31,-21,28,0,-5,20,-30,58,57,24,-60,37,-18,4,72,-58,-18,-54,-11,13,-33,12,70,-26,11,0,16,-24,-23,-10,44,45,-19,19,0,-97,76,-12,52,0,-13,-8,8,54,-6,18,0,65,41,-17,43,-20,-6,0,50,-30,19,-10,18,-83,32,-44,7,18,-61,1,7,-25,23,-26,4,5,-10,-13,36,62,22,25,-30,0,-14,72,79915
-10,-30,7,-3,-14,-47,39,52,-41,12,-49,47,12,49,15,-13,18,35,-23,-15,29,-57,17,22,-37,76,-12,29,-6,-3,43,9,-70,17,1,-14,14,-10,-11,36,-20,68,24,36,8,-35,-36,6,7,-13,6,11,-50,0,-66,13,-7,-14,51,-4,28,-35,-2,39,41,-30,-39,-35,35,-40,-35,-33,-37,39,64,7,22,-12,15,-13,-77,-45,9,49,56,3,-47,-32,-22,-50,26,0,99,-27,-28,-32,27,-77,1,-42,23,73,6,-9,82,-52,-8,-44,69,4,-32,16,13,89,-5,-44,-38,21,72,-27,-9,2,-13,-8,-29,18,-45,-43,4,-21,-36,-7,16,-52,-8,-13,41,51,17,-66,52,1,-47,-50,-31,-18,28,3,-6,58,-19,-10,-4,-12,-21,34,-40,47,49,41,-47,-10,4,-29,55,-57,18,-51,-15,-14,-37,12,52,-41,-18,74,25,-16,-11,-35,35,51,-4,-6,-42,-90,56,-11,61,-4,-20,-31,14,49,2,20,-3,98,-43,11,24,-38,-18,-12,76,-4,31,-7,74,-67,1,-22,7,31,-67,16,33,-29,15,-49,-1,21,-34,10,-11,38,31,37,-47,8,-12,49,80005
-36,26,4,0,-11,-23,52,23,0,19,-10,63,11,25,11,-13,-22,22,-19,-13,69,-37,-1,42,-27,17,35,0,17,0,51,31,-62,29,27,1,31,0,-16,-12,-10,17,9,36,-10,-28,0,22,18,0,14,20,-10,11,-60,34,2,-35,56,56,44,-12,32,42,-11,0,-27,-6,8,-14,0,-10,-25,22,-6,17,8,-4,5,-16,-17,-20,-5,63,22,12,-55,-46,-11,-10,73,7,60,0,-24,-60,30,-19,3,-46,2,40,35,0,-12,-18,-60,0,31,31,0,64,30,71,29,-75,-49,21,0,-3,37,-17,0,24,-58,-3,-9,-34,-39,-10,-29,23,-9,0,21,0,38,44,31,-48,49,9,-25,-29,-5,-15,46,-43,34,21,-38,-8,55,0,-41,17,-13,34,52,43,1,-7,-39,0,23,-49,17,-47,-9,-26,-19,30,52,-12,-22,0,21,-14,-5,-12,21,62,30,21,0,-63,22,0,39,0,-12,23,-2,36,61,1,25,55,-24,16,88,-69,-25,0,23,-57,49,-45,32,-23,7,-11,20,-6,-50,6,27,10,10,-36,-14,9,-15,9,-9,41,6,6,-62,-1,0,60,80084
-24,-30,27,0,-10,-8,6,39,0,27,-21,69,50,24,0,-30,-19,32,0,-14,25,-17,0,15,-44,24,43,7,58,25,6,4,-33,-6,18,-32,52,-20,17,-7,-11,15,-2,3,-17,-17,0,3,21,-37,6,-8,-20,9,-31,11,-4,-58,24,48,14,-20,54,31,-1,0,33,13,-19,15,0,-3,38,38,-52,26,-7,-52,8,-42,-41,-2,27,35,20,7,-43,-46,23,11,24,17,48,-12,-34,-50,5,-45,5,-44,2,52,39,-9,-40,30,-15,0,48,49,0,54,43,74,-13,-67,-39,19,0,-12,43,-41,0,-7,-45,0,17,-39,-14,-8,-19,20,-6,6,-5,0,6,16,10,-29,36,8,38,-11,9,-16,11,1,9,43,-28,-1,49,0,-70,5,-46,7,61,18,10,0,-14,6,27,-54,20,-48,26,-15,-3,1,58,-49,4,0,30,-34,-2,-7,34,70,6,19,0,-26,24,-12,45,0,-10,-29,-4,5,37,5,-9,51,-51,28,62,-60,-26,0,-2,-14,16,-5,46,-26,13,-18,4,-21,-30,-13,31,15,-1,-43,-19,-10,-5,51,2,34,-18,-24,-47,0,-9,35,80167
-8,16,17,0,-13,-37,-31,61,0,0,-20,40,10,-13,12,-24,-8,32,-3,-12,22,-54,12,35,15,78,2,10,-6,13,-30,8,-68,22,15,-30,27,-23,-15,63,-7,82,-6,25,-28,-31,0,9,-4,-34,18,21,-18,-5,-68,8,7,-19,32,35,32,-16,5,17,65,0,-38,-21,25,-7,0,-11,-39,31,65,0,-21,-12,4,-37,-43,-33,25,79,-15,16,-40,-40,-2,-49,19,12,57,-28,-32,-70,25,-44,0,-16,10,52,15,5,58,-7,-16,0,74,31,0,26,31,76,20,-34,-14,23,0,-28,3,13,0,-2,-66,13,-43,-41,-18,-9,-30,17,-23,-25,-1,0,28,3,-18,-60,57,4,0,-58,-16,-14,25,0,-8,63,-11,6,29,0,-23,-11,-38,61,38,8,-21,11,-18,10,29,-55,2,-50,-2,-32,-31,-31,38,-42,-1,0,42,-28,6,-6,37,40,-7,15,0,-63,30,5,50,0,-19,14,11,57,12,11,18,68,4,26,40,-29,-22,0,57,-15,29,-3,73,-72,7,-13,8,23,-60,-27,32,-10,10,-35,-11,-21,-37,12,16,20,30,44,-43,13,-3,78,80231
-25,-1,-12,0,-11,-13,50,11,-22,19,-45,56,4,17,12,-8,9,-2,-14,0,34,-7,-16,57,-58,49,-15,-2,-69,-8,55,-15,-40,35,56,-10,78,-34,-32,16,-9,49,9,25,-3,-1,-23,-2,-23,-10,17,34,-38,16,-34,-8,19,-11,5,56,56,-24,-32,54,23,0,28,23,-30,0,-22,-8,48,30,-5,14,4,8,3,1,-63,-17,3,72,5,13,-31,-42,50,-28,32,35,78,-37,1,-36,34,-72,-9,-49,-1,45,-7,-12,2,52,-62,-20,42,99,0,23,38,72,4,-25,-64,79,57,-33,-19,-27,-7,45,-26,-10,-28,-10,-12,-8,-6,28,40,12,47,-3,32,82,62,6,32,19,66,-52,20,-4,16,-26,-4,13,-32,-11,48,-8,-40,21,-64,44,24,49,14,8,-9,29,23,-64,29,-58,40,-6,-15,67,29,-71,-6,62,50,-11,-19,-3,23,62,-5,30,-23,-51,24,-8,42,0,-16,-7,-18,47,28,-8,5,78,-62,89,59,-33,0,0,44,-59,31,-16,46,-66,24,2,-2,5,1,16,-5,10,9,3,6,19,-5,2,31,59,-25,8,-45,-3,16,74,80313
-16,30,41,0,-6,-25,24,31,0,-1,-18,71,-33,-31,19,-23,12,-3,-3,-21,-14,-27,-15,30,10,73,-17,2,-77,36,26,0,-29,-3,34,-6,30,-5,-14,26,9,71,4,2,-36,-3,0,2,-1,-7,20,-5,-18,-2,-26,5,12,-8,2,12,35,-14,-64,17,29,0,-33,45,61,-5,0,-1,-28,17,16,-2,-4,-37,15,-5,-30,-20,6,30,-31,16,-80,-17,57,-33,-20,6,67,-40,-15,-63,15,-34,8,-40,6,58,15,4,35,8,-51,0,29,24,0,20,27,49,38,5,-37,41,0,-40,-17,-13,0,16,-63,7,-27,-34,3,-8,0,-16,-32,-12,20,0,2,0,-17,-25,33,22,1,5,44,-25,47,5,-31,36,-26,1,13,0,-18,5,-26,37,52,-8,-4,10,4,-7,7,-45,21,-37,57,8,15,-22,46,-27,5,0,15,-22,4,-7,16,73,-26,-16,0,-55,7,1,44,0,-8,29,5,34,17,0,41,55,12,40,42,13,0,0,21,-51,48,0,27,-4,7,-26,3,14,-25,-6,-5,0,17,-42,-13,3,2,-24,3,16,60,-10,-81,8,2,31,80674
-33,-11,16,0,-2,-44,30,7,-33,1,-40,41,-20,16,17,-22,-34,16,-8,-27,39,-69,28,61,10,24,28,-10,24,18,37,22,-56,78,12,-21,70,0,-17,43,-41,18,18,9,-6,-7,-22,10,-25,-15,-11,76,-43,-29,-52,24,-24,-7,10,29,65,-46,26,67,39,-10,-31,40,9,-27,-22,-7,-29,55,-16,1,12,-14,27,17,-66,-42,-33,35,2,-9,-22,-30,-2,-20,37,30,61,-34,-24,-50,24,-64,9,-49,20,64,10,-7,-9,54,-18,-30,17,50,-11,39,-1,66,33,-33,-49,40,64,-34,28,-11,-19,29,-43,-6,-16,-25,-15,-17,-6,28,12,-30,30,0,9,42,65,-37,54,44,46,-45,34,-15,17,10,4,5,-36,-14,25,-16,-8,26,-42,47,50,35,-32,29,-16,36,40,-43,-30,-44,10,-8,-38,60,56,-36,-2,65,-10,-26,-17,-6,52,39,2,26,-33,-84,45,-10,54,0,-9,-14,-7,46,26,-16,35,52,4,26,63,-12,-25,0,44,-18,18,4,14,-52,36,-29,8,9,-39,16,17,-16,17,-50,0,6,-29,-20,21,60,3,22,-24,-4,-24,44,80675
-31,-15,0,0,-15,-40,-2,32,0,4,-62,46,4,-14,0,-36,-11,11,-8,7,32,-13,9,57,-17,42,-2,4,-12,-7,0,-11,-38,30,26,-24,52,-24,0,-12,-5,39,12,7,-29,-19,0,-11,-22,-29,23,26,-58,2,-29,-16,0,-22,4,19,57,-27,-1,52,2,0,21,-13,40,-13,0,-11,-1,34,19,0,0,-21,3,-38,-80,-34,34,62,28,22,-48,-49,9,0,23,21,67,-40,-35,-52,17,-83,-9,-72,4,37,35,-8,17,40,-46,0,33,57,0,34,31,82,19,-35,-63,30,0,-40,2,-50,0,18,-47,-16,4,-28,-20,-14,-20,21,-38,-12,19,0,13,35,66,-19,39,25,48,-13,-11,-8,37,-28,-8,39,-41,-2,19,0,-31,21,-56,21,55,25,-10,7,-18,6,44,-75,31,-64,18,-5,-12,44,57,-58,-3,0,39,-41,-8,-4,44,46,-5,17,0,-44,41,-16,26,0,-24,-18,-24,23,11,0,3,80,-3,24,49,-26,-22,0,36,-43,43,-38,36,-58,20,0,-11,-3,-23,4,5,0,-2,-37,-10,5,-15,8,16,56,37,-12,-52,-7,-11,48,80720
-17,-27,44,-7,-15,-40,31,37,-35,63,-55,36,15,40,6,-6,16,42,-15,-10,58,-35,40,38,2,-11,25,13,-42,42,32,-3,-66,10,34,7,53,-18,-36,-42,-33,-9,11,39,29,-14,-32,0,-46,8,5,13,-55,-7,-62,0,8,-2,48,37,40,-40,-20,64,-29,-13,23,-34,68,-42,-32,-11,25,25,7,57,17,27,3,0,-63,-43,7,59,18,3,-30,-28,-22,-29,56,-9,32,-3,-3,-46,28,-63,2,-49,25,48,-13,-10,20,6,-32,-33,16,51,-14,41,23,74,-37,-71,-50,-5,68,-1,23,-25,-24,25,-39,-6,-29,-17,-7,-12,-18,43,31,-3,28,-15,44,54,25,-32,39,-10,20,-75,-36,0,37,-17,29,40,-27,-12,36,-25,-10,23,-13,26,29,49,-1,-14,-8,-42,64,-48,5,-38,-24,-42,-8,9,31,-13,-3,69,31,-11,-11,-6,31,44,29,44,-35,-65,68,-16,38,-7,-18,-32,-8,27,36,11,-31,48,9,-4,65,-58,3,-14,14,-33,39,-25,14,-82,-11,-6,0,-5,-36,12,39,-18,4,-25,-6,7,-2,12,-15,63,61,-21,-28,-5,3,66,80909
-11,46,83,0,-9,-81,30,39,0,-17,-36,54,-51,-27,26,-13,20,16,27,-43,2,-70,-32,48,40,24,40,-1,41,89,33,-6,-72,48,31,19,65,-41,-55,85,-61,26,6,24,-29,-18,0,4,-18,23,13,48,-34,-54,-69,-2,-29,-22,22,45,55,-60,58,46,91,0,-19,32,0,-52,0,-5,-2,30,5,-21,-3,-63,16,6,-58,-81,-30,76,-38,11,-13,-10,14,-66,-2,23,98,-11,-10,-66,22,-58,11,-28,-9,58,-9,-14,12,2,-26,0,21,64,0,13,22,46,-1,-23,-32,28,0,-7,39,20,0,27,-67,0,-64,-30,-14,-14,-22,15,-31,-32,26,0,29,80,12,-56,56,47,-2,-33,30,-16,36,-28,-32,38,-16,-23,41,0,-22,8,-28,60,15,77,-34,21,-14,-38,56,-37,-50,-33,10,20,-50,0,18,-26,38,0,6,-12,-22,-6,39,56,-29,12,0,-92,54,-16,56,0,-13,40,-3,57,1,-5,-6,100,30,22,40,-9,-6,0,6,-25,35,-34,26,-35,16,-40,4,28,-58,-2,13,-36,24,-40,-7,8,-45,-56,28,45,-12,-9,-14,13,-30,81,80912
-39,-27,9,0,-25,-39,11,77,0,37,-55,43,10,48,15,-27,-30,41,-44,-17,47,-69,45,21,-43,33,12,54,15,15,17,37,-81,-25,10,-10,-44,-23,-36,42,-45,25,26,28,-36,-39,0,8,2,-9,-12,-22,-54,3,-79,40,-39,41,77,47,21,-50,21,63,43,0,-48,-89,51,-56,0,-13,-44,8,32,37,11,22,-15,-39,-58,-45,5,64,45,-11,-23,-51,-98,-16,43,-14,77,0,-32,-50,20,-61,-20,-54,29,39,17,-43,48,-65,4,0,38,-41,0,31,0,86,-29,-68,-57,-10,0,6,8,-5,0,0,-45,-3,-4,-72,1,-25,-45,28,-25,-39,0,0,27,-23,-45,-71,58,0,-62,-35,-91,-17,52,-31,8,76,-44,-32,46,0,31,31,-2,22,61,-35,-43,-49,5,-27,84,-58,-2,-58,-98,-39,-24,-51,68,-3,-39,0,58,-30,-31,-15,6,43,11,27,0,-83,87,-45,33,0,-28,-30,-4,14,11,51,-24,70,-45,-17,20,-60,-37,0,29,0,58,-32,44,-35,-15,-18,7,4,-71,12,41,-33,15,-69,-27,10,-19,8,-48,63,48,25,-17,-1,-33,64,81338
-13,-2,51,-11,-9,-24,23,8,-44,13,-42,79,-29,30,12,-9,30,20,22,3,-13,-36,-7,54,23,36,12,-10,27,50,26,10,-55,10,52,16,44,-22,-45,0,-32,36,5,24,-6,1,-46,-3,-42,17,20,6,-43,-7,-52,9,0,-23,-6,23,58,-29,47,46,3,-9,-48,78,-16,6,-46,-2,-43,31,-20,10,3,-13,18,31,-47,-26,-30,37,22,19,-50,-11,19,-17,-12,26,77,-32,17,-52,34,-46,14,-49,4,60,7,-27,-8,36,-55,-44,-7,44,-10,27,23,42,62,-22,-50,30,66,-30,10,21,-26,38,-52,-23,-18,-13,-7,-12,-2,13,-7,-2,36,-15,28,-6,29,-21,35,35,34,-32,71,-14,51,-26,2,7,-14,-19,22,-25,-25,17,-27,29,27,-9,-4,2,-5,26,47,-45,-8,-43,22,9,-22,22,29,-25,23,67,12,-8,-17,-2,34,77,1,11,-44,-77,45,-26,58,-10,-14,-3,-25,30,34,-10,55,81,35,33,68,-19,17,-14,35,-52,49,-22,-1,-34,26,6,-4,26,-24,18,22,-16,11,-22,0,13,-14,-34,-4,46,-18,27,-54,3,2,34,81539
-51,-31,12,0,-5,-58,9,24,-35,0,-18,45,-14,41,19,-15,-43,37,-26,-24,50,-77,-28,49,33,37,20,-4,42,10,13,13,-77,19,3,-5,47,-18,-3,77,-46,40,18,31,-39,-34,-32,7,0,-4,-7,25,-17,-34,-76,13,-35,-16,58,75,52,-50,52,46,77,-25,-27,12,-23,-17,-32,0,-16,48,12,-1,6,-56,8,2,-48,-58,-36,44,41,-8,-47,-43,56,-8,48,31,57,-42,-54,-62,23,-50,1,-55,4,67,27,-7,24,79,-23,-34,52,55,-25,52,16,55,19,-2,-56,57,73,-38,19,-14,-14,0,-62,16,-4,-28,-17,-8,-34,-28,-37,-50,1,-3,32,4,0,-82,64,23,76,3,11,-25,35,-55,7,26,-58,-9,72,-15,-19,22,-56,35,71,0,-50,45,-16,28,30,-54,-30,-50,49,2,-31,-5,74,-58,-20,73,24,-16,-6,0,48,47,7,-29,-36,-100,30,-10,58,0,-8,-37,14,32,31,-9,13,61,26,60,65,-2,-50,-3,16,-27,39,-56,52,0,26,-24,8,2,-82,9,35,-28,19,-25,-8,12,-27,-14,46,48,-29,-2,-42,9,-36,47,81642
-50,-5,34,0,-15,-38,34,35,-38,19,-18,77,17,0,25,-5,-14,20,-15,-23,56,-53,-9,47,-35,1,32,1,47,35,40,32,-65,9,10,2,32,-16,-19,36,-63,7,13,15,-42,-5,-38,20,3,1,-13,14,-17,-34,-60,38,-30,7,34,38,52,-66,59,45,45,-11,-1,13,2,-51,-37,-21,8,37,43,16,8,-7,13,0,-40,-40,-4,47,-9,-15,-58,-33,-13,-14,50,10,100,-37,-13,-85,10,-40,11,-75,0,51,33,5,52,-27,-53,-35,-4,29,-12,58,15,61,-6,-46,-76,-23,67,-35,27,-24,-12,31,-79,13,-10,-43,-23,-13,-8,43,-35,-42,33,0,17,33,-23,-41,47,22,-20,-28,11,-19,51,-24,-5,35,-53,0,34,-12,1,26,-9,33,68,25,-43,14,-20,-39,57,-50,-30,-47,-10,16,-21,-36,69,-8,-12,67,24,-6,0,-23,39,77,-1,42,-39,-83,55,3,39,0,-15,-5,10,31,41,2,-5,100,-34,-23,73,-39,-11,0,-1,-54,52,-35,0,-37,8,-27,20,-8,-44,11,19,-12,24,-50,-9,5,-17,16,12,46,-2,-17,-60,-6,-31,49,81670
-25,-17,16,0,-5,-6,36,33,-28,29,-42,55,48,-18,11,-13,-24,12,-6,-13,9,29,-7,31,8,-28,0,5,6,16,34,3,-19,-13,41,0,27,-13,-5,6,-20,-19,-2,3,-62,1,-25,3,3,-4,12,-26,-41,28,-15,1,11,29,16,54,32,-19,23,40,11,-12,-21,-4,31,18,-26,-8,-16,12,-21,25,-2,-13,13,-22,-52,0,32,61,-17,12,-43,-35,-9,-5,2,-10,-8,-17,-1,-68,13,-54,3,-37,0,41,20,-11,-10,18,-21,-27,23,32,-13,-2,18,68,-28,-23,-37,-13,69,-19,6,-34,-14,25,-67,-1,-5,-36,-10,-11,2,13,-56,14,23,-7,7,28,-1,17,8,17,28,-55,-7,-19,43,-14,7,36,-28,-12,54,-13,17,7,-10,9,41,16,16,-9,-7,17,55,-46,37,-42,-13,3,11,-13,38,-13,0,71,16,-18,-12,-2,18,53,12,12,-28,-31,57,-13,26,0,-13,-22,-6,13,15,0,-31,18,5,-13,34,-19,4,-7,5,-17,46,-20,24,-68,-13,-16,2,-21,18,-1,10,20,10,-40,6,4,12,47,-5,43,33,-11,-49,-4,6,60,81671
6,-30,75,0,-8,-11,-3,43,-25,48,-51,73,10,-12,12,-6,51,-4,51,-32,0,-26,10,24,26,0,25,9,-5,76,-11,-12,-44,-31,45,4,43,-16,-24,31,-27,9,1,23,-33,3,-23,0,-13,2,7,-26,-49,-8,-42,-14,8,-15,-5,12,21,-23,28,37,30,-4,-12,0,25,-7,-23,-3,-2,30,0,47,-2,-43,8,0,-62,-10,10,66,-11,8,-19,4,33,-31,-4,8,74,-21,39,-32,12,-63,11,-21,3,36,-10,-39,16,13,-9,-25,-3,59,-5,14,34,74,-22,-53,-16,-24,54,-19,24,3,-19,28,-28,-23,-28,-29,8,-13,3,17,-28,-8,30,-6,25,23,9,-16,28,11,23,-19,3,-9,38,-1,-8,44,4,-33,4,-19,-16,9,-27,26,30,17,-8,-17,9,-32,57,-42,-2,-39,22,-7,13,2,29,-28,54,55,28,-8,-37,4,36,73,-3,15,-25,-50,59,-35,25,0,-9,-29,-29,23,13,12,-17,76,29,-10,38,-50,43,-6,4,-10,36,-8,-1,-27,2,-25,0,8,-15,-4,-7,-8,9,-22,0,1,7,10,-13,42,27,1,-20,11,5,71,81732
-6,-44,45,0,-17,-92,-8,24,-39,-31,-13,15,-74,20,10,-24,18,50,17,-12,4,-92,24,62,58,12,32,1,77,40,0,-23,-86,19,-7,-35,26,-27,0,41,-25,0,6,32,-50,-52,-30,-4,-2,-34,29,37,-12,-7,-83,-22,-17,-26,52,40,50,-20,100,22,41,-29,18,-57,-60,-36,-30,-4,5,40,22,-30,-19,-6,-8,-12,-30,-89,-25,38,28,27,-37,-39,-3,-81,0,21,77,-33,-44,-52,44,-31,1,-6,30,61,14,-10,46,54,13,-40,63,63,-31,23,37,97,-24,-31,-18,-21,56,-24,28,47,-17,-37,-49,23,-74,-41,-6,-11,-58,-11,-37,-79,-28,-15,39,-34,-38,-93,84,27,74,11,-52,-18,0,46,-20,27,-15,10,30,-15,-41,2,-44,87,41,-36,-75,26,-2,-10,67,-84,2,-73,-20,18,-55,-44,42,-52,17,58,46,-28,0,0,60,19,-14,-12,-39,-100,69,-1,38,0,-13,-58,19,79,-14,3,-8,77,58,-7,35,-29,-42,-14,76,8,9,50,69,-35,8,-19,-6,51,-95,-28,36,-57,8,7,-4,-19,-51,-76,56,35,-41,67,-27,26,-22,33,81741
-18,40,19,0,-8,-17,34,7,0,0,-5,39,13,-21,12,-14,5,1,0,-35,45,-37,-2,34,-33,40,17,5,57,17,38,12,-31,19,19,-6,28,-18,-10,15,12,45,11,13,-32,-3,0,11,19,-6,16,4,-5,15,-28,17,5,-12,14,-10,35,-3,66,16,11,0,-9,21,-6,-12,0,7,1,15,-7,-3,2,-9,12,-15,-20,-16,-3,32,-24,14,-37,-23,40,0,43,6,46,-24,-7,-57,16,-22,8,-30,2,13,32,20,1,20,-34,0,12,26,0,26,34,61,44,-3,-24,-9,0,-24,17,-21,0,11,-58,5,3,-29,-29,-6,-3,12,-35,-23,13,0,17,17,28,-25,33,38,31,-5,27,-12,25,0,16,10,-24,1,-3,0,-20,15,-8,15,47,19,-18,5,-28,-5,3,-54,32,-48,36,18,7,12,45,-9,5,0,18,-16,2,5,21,42,12,12,0,-36,-1,17,12,0,-11,36,3,18,33,2,43,44,-40,-1,52,3,-4,0,27,-30,26,-4,10,-18,5,-37,12,4,-29,4,6,5,12,-39,-6,11,7,15,6,18,-8,-1,-48,-1,-1,31,81786
-39,17,11,0,-10,2,7,36,-29,19,-14,71,50,0,14,-14,-28,14,-26,-12,9,21,13,20,6,-22,7,10,44,10,7,21,7,-28,30,-12,-16,-1,0,47,-43,-27,12,-19,-63,6,-22,7,17,-12,-11,-28,-13,-3,8,18,-13,5,14,33,21,-47,50,21,46,-8,-30,-3,-41,-1,-22,-12,-24,-18,-41,19,3,-13,11,-14,-24,6,22,58,4,-11,-23,-36,-26,13,5,-3,40,-40,-8,-68,3,-25,7,-41,19,50,-7,-13,-36,-54,-7,-25,14,-15,-9,10,18,58,-24,-19,-41,7,55,-40,8,-44,-3,5,-66,12,15,-68,-5,-14,7,3,-61,-1,5,0,-19,-17,-72,14,14,4,-58,-9,-6,-22,39,-1,-4,37,-43,0,30,-4,-1,18,-18,-5,39,-21,0,-30,-5,-10,40,-39,3,-36,-20,-28,3,-76,40,-14,-24,56,19,-15,-1,-9,-22,69,-3,1,-30,-30,42,-13,37,0,-10,13,9,-5,1,10,-26,40,1,0,34,-14,-5,0,-13,-8,44,-3,12,-17,-2,-10,6,-29,14,6,13,20,13,-67,-18,15,4,51,-31,19,-43,-29,-27,-11,-16,62,81795
0,65,41,0,-18,-49,58,6,-25,-23,-5,24,-54,-37,18,-8,2,57,3,-22,-7,-70,28,62,62,66,10,8,-2,42,66,38,-55,55,15,-11,56,-14,-33,12,-8,67,22,35,-7,-19,-19,19,20,-7,26,69,-2,14,-55,39,3,-38,6,36,67,-5,-5,35,22,-16,-58,-12,37,-11,-18,-21,-39,29,8,-24,16,2,16,4,-14,-55,-13,56,-40,27,-17,-13,0,-55,-10,15,77,-38,-7,-58,40,-16,18,-42,19,62,1,41,21,-46,-37,-27,32,62,-16,22,28,64,32,-51,-37,26,38,-31,4,32,-28,18,-55,20,-50,-31,-31,-6,-22,29,-4,-42,21,0,34,50,22,-57,62,16,-30,-65,-20,-5,27,16,-18,8,-8,19,32,-27,-42,32,0,64,32,43,-42,21,-28,14,24,-55,16,-52,-1,-2,-49,20,35,-7,13,38,19,-8,22,-17,29,28,-15,29,-25,-85,23,37,56,0,-17,61,20,60,19,5,27,73,62,26,54,-46,-5,0,58,-47,31,11,31,-62,7,-28,20,45,-58,19,49,-10,18,-35,0,17,-42,-58,31,36,23,44,-4,0,3,60,81800
30,-9,97,0,-11,-94,14,21,-36,-8,-100,50,-50,21,5,-27,47,0,68,-11,-70,-78,41,48,13,26,1,8,34,100,16,-89,-60,36,41,-16,67,-66,-10,84,-22,16,9,40,-58,-11,-32,-38,-96,-14,24,37,-100,-13,-51,-88,-8,3,-31,-17,50,-36,54,60,90,-7,-2,15,51,-71,-32,12,4,71,15,-11,8,7,24,19,-100,-94,-23,95,2,19,-22,42,36,-73,-72,29,68,-52,10,-39,12,-100,17,-20,39,92,-24,-52,39,95,-3,-35,11,72,-9,4,44,64,-39,-22,-21,15,80,-50,0,25,-11,-2,-33,-29,-65,-52,19,-34,-14,36,-54,-91,1,-1,48,19,100,-61,69,38,99,-48,12,-29,54,-9,-46,25,18,-44,-20,-10,2,27,-66,74,49,-4,-88,11,20,-60,91,-93,4,-84,24,68,-29,91,52,-64,84,81,70,-31,-49,9,80,58,-49,34,-37,-81,92,-45,76,0,-13,-7,-32,69,-31,4,-45,66,15,26,18,-17,17,0,35,-4,55,-7,12,-40,27,-9,-38,58,-65,9,-6,-65,2,-54,0,22,-26,-52,9,63,43,-2,-25,17,-15,98,81946
29,1,94,0,1,-51,10,89,-29,25,-61,69,-41,-25,23,13,77,-30,45,-24,-63,-16,6,65,24,32,-30,2,44,83,9,-18,-24,22,61,4,62,-46,-45,91,-6,26,22,24,-19,7,-27,-8,-24,2,2,25,-62,-27,-15,-16,14,-54,-34,11,64,-27,56,26,95,-11,4,-48,10,-40,-27,8,13,44,72,24,6,-12,32,-37,-83,-47,51,73,-26,-2,-45,44,-8,-93,-70,45,88,-76,25,-91,13,-85,28,27,3,41,-33,-7,84,1,-47,-22,-25,66,-12,-33,52,63,13,-90,32,-12,48,-73,-26,21,-7,38,-82,17,-78,-24,6,-23,11,11,-13,-47,44,-7,28,-47,-25,6,35,16,20,-20,-56,-22,6,52,-71,98,13,5,-2,-6,-72,28,-34,76,15,-55,-39,21,12,-76,58,-44,5,-31,-6,1,8,-42,15,-34,54,52,25,9,0,3,50,77,-66,11,-30,-68,60,-9,36,0,-2,4,12,67,-16,0,8,95,20,-14,3,-79,42,-6,21,-47,8,46,-22,-32,42,-23,-6,64,3,12,-39,-18,19,-24,2,24,3,-39,26,24,5,-31,-47,17,0,75,81969
-21,-3,27,0,-16,-24,6,30,-26,22,-35,65,17,-31,14,-10,-12,0,-12,-8,29,-42,8,52,0,1,27,7,39,34,11,18,-49,11,28,-15,45,-27,-35,44,-33,13,13,19,-26,-8,-23,2,-8,-9,6,28,-32,-6,-46,22,-5,-9,17,48,48,-25,72,48,46,-8,-3,13,20,-8,-24,-16,-2,31,12,23,6,-1,4,-22,-52,-21,6,47,-30,7,-53,-36,-11,-25,25,21,87,-47,4,-70,17,-57,17,-54,0,51,12,-12,17,12,-44,-28,13,62,-9,22,29,67,-9,-49,-50,-39,55,-39,22,-21,-15,16,-66,-6,-19,-48,-29,-8,-9,30,-18,-24,21,0,22,45,36,-41,43,35,36,-16,18,-11,37,-10,-9,32,-29,-16,36,-14,-20,23,-9,38,59,41,-20,14,-23,24,66,-53,5,-41,-27,-23,-16,14,61,-14,2,56,26,-9,-27,-8,50,66,-4,28,-26,-68,64,-11,68,0,-19,-8,-8,34,30,11,4,82,-3,-26,65,-54,7,0,19,-55,38,-20,12,-34,9,-6,3,-4,-44,6,-15,-1,12,-39,-14,2,-9,17,27,57,25,-2,-40,1,-8,50,82117
-26,-21,10,0,-5,-14,22,39,-29,25,-48,48,39,2,9,-9,-13,8,-17,-3,19,13,-16,40,-16,34,5,12,-13,0,22,-5,-23,-14,30,-27,31,-4,-19,23,-30,45,12,6,-42,3,-24,-2,-3,-31,-5,-12,-50,-7,-20,-1,0,0,17,23,43,-42,-6,40,32,-14,-40,-5,47,-4,-24,-8,-31,41,61,24,7,-5,15,-21,-73,-10,18,77,-3,-5,-29,-34,0,-25,20,0,89,-27,-7,-55,16,-75,7,-28,4,56,-7,3,58,10,-25,-25,49,29,-15,-2,22,73,-23,-45,-32,22,58,-26,8,-28,0,14,-48,4,-16,-47,-7,-8,3,-1,-30,-18,13,0,7,34,22,13,20,1,23,-84,-8,-16,30,8,-7,42,-32,6,17,0,-15,17,-51,26,30,26,-17,13,-6,7,54,-55,5,-51,5,-34,-15,18,30,-54,-20,60,20,-13,10,-15,37,48,-9,0,-30,-41,57,-5,50,0,-8,-26,4,23,-3,7,-19,85,-14,12,16,-25,0,0,16,-22,33,3,52,-89,-1,-6,-2,0,14,4,7,0,8,-46,-4,12,-17,41,14,37,50,-11,-34,-5,-4,76,82118
20,-20,81,0,-8,-3,68,22,-32,10,-68,58,37,-16,15,-15,26,-30,37,-6,-51,10,19,31,-3,-29,3,24,15,82,68,-25,22,-19,50,-20,22,-14,-15,19,-5,-26,18,-4,-18,32,-36,-14,-49,-23,7,-5,-68,-5,22,-21,21,-5,-52,-3,22,-20,33,23,18,-1,-22,-22,18,-43,-36,4,-15,27,20,13,12,-23,33,-8,-83,10,23,70,-24,4,-1,48,-2,-15,-63,1,68,-73,47,-46,-25,-87,40,-10,14,74,-43,-26,33,-11,31,-31,-23,32,-2,-41,23,44,-8,-74,-5,-43,62,-66,0,-28,-19,21,-35,0,-12,-48,11,-22,41,20,-15,-72,38,-3,-3,-14,29,20,11,24,-1,-39,-22,-33,42,-7,-52,32,2,-17,-22,-19,-12,27,-31,-3,75,-19,-58,-14,18,-52,61,-74,35,-50,-10,20,58,12,64,-26,58,63,34,-17,-26,7,35,67,-39,20,-32,-28,57,-30,64,0,-9,-22,-1,-2,-29,29,-3,52,3,-37,0,-67,79,-1,3,15,42,-6,-32,-52,-2,0,-12,0,20,12,-48,3,10,-39,-15,18,28,50,-14,24,27,-50,6,-13,-2,66,82119
-42,-46,26,0,-11,4,58,32,-40,36,-38,62,21,90,8,5,-8,39,-24,-12,46,9,1,40,-80,-14,0,7,95,23,61,1,-44,-12,52,6,34,-39,-26,20,-58,-18,3,17,0,-5,-40,-3,-3,6,-3,-14,-37,7,-40,5,1,-24,50,58,43,-66,99,43,20,-34,41,5,-56,20,-40,-24,50,13,8,34,4,-32,10,-11,-69,4,22,14,84,-5,-35,-52,-19,-15,44,16,66,-22,-23,-49,16,-72,1,-82,4,57,2,-10,14,57,-26,-40,13,34,-36,6,7,83,-12,-61,-77,43,80,-20,2,-35,-22,38,-43,-6,-13,-55,11,-12,-6,0,15,23,36,-16,21,-8,22,10,21,11,66,32,6,-18,23,-21,-1,35,-47,5,56,-21,-28,17,-38,9,36,-17,24,4,13,40,50,-56,18,-51,-19,-34,-9,7,39,-37,-19,80,38,-2,3,-26,11,64,0,0,-41,-57,50,-13,51,0,-16,-46,-7,10,16,3,-7,61,-89,43,28,-56,-16,-15,14,-24,25,-28,18,18,12,-19,-3,-15,11,2,34,7,6,-55,-1,9,-8,21,7,44,-56,-11,-35,-3,-4,16,82163
3,9,87,-16,-2,-45,10,14,-44,-9,-39,68,-19,-25,21,13,43,-15,58,-20,-18,-35,20,50,21,-19,-36,7,59,83,15,-37,-47,5,49,15,53,-4,-16,50,-17,-27,28,24,-64,2,-43,0,-2,14,-1,4,-40,-13,-41,-22,-1,3,-11,51,44,-31,89,41,75,-40,-35,17,-16,-32,-43,28,-25,43,43,-11,15,-81,24,16,-76,-44,-22,59,-13,0,-9,36,62,-44,-30,29,91,-54,29,-49,25,-79,18,-44,20,73,5,-6,60,23,-3,-42,-10,46,-41,-26,31,44,-11,-4,-28,15,76,-51,-36,11,-26,43,-42,-2,-42,-31,5,-12,5,46,-45,-70,54,-20,32,-18,34,-15,43,58,72,26,19,-17,60,20,-42,22,-10,11,28,-25,4,37,-25,45,34,-34,-62,9,12,-18,52,-55,10,-42,79,52,-10,25,35,-23,64,77,15,6,-10,11,55,78,-30,44,-45,-47,53,-7,80,-16,-5,27,-15,50,-7,4,25,95,25,40,20,-6,47,-20,24,-6,53,-7,0,-13,15,4,0,48,-17,32,-29,-25,18,-56,11,35,-17,-16,30,40,-14,-19,-19,8,-15,77,82172
-29,-43,12,-3,-7,-11,24,39,-38,31,-26,63,35,37,11,10,-14,6,-8,-23,20,28,10,75,-16,7,-22,8,44,6,26,3,-23,6,49,-1,68,-17,-18,39,-48,4,-9,15,-25,1,-35,7,-22,-8,-8,-3,-27,-6,-21,3,7,-54,21,65,73,-59,64,32,41,-23,6,-30,-28,21,-35,6,1,72,17,30,-15,-18,7,-26,-65,2,49,51,23,-10,-38,-37,15,-12,13,16,49,-50,-2,-70,26,-67,2,-68,9,31,11,18,31,56,-42,-34,1,69,-24,2,20,80,-13,-76,-72,32,65,-53,-15,-24,-21,42,-64,21,-10,-15,0,-7,5,26,-22,26,45,-13,18,25,-13,20,25,5,63,-60,-32,-3,8,-13,-3,45,-34,51,65,-23,-70,-3,-68,17,35,14,33,65,0,34,35,-39,14,-32,28,-2,8,-30,26,-70,-6,68,36,7,48,3,67,60,0,25,-38,-44,34,14,22,-3,-10,-45,18,20,13,6,-16,56,-18,34,40,-67,12,-13,41,-38,16,-17,0,-75,16,-26,9,-6,22,-11,4,22,12,-17,8,-7,-10,45,62,32,-20,18,-46,4,-4,46,82183
31,-29,79,0,-9,-21,43,57,-43,7,-81,84,34,3,26,-17,65,-1,35,-16,-67,13,49,39,-30,24,-1,2,45,78,41,-23,-2,31,80,5,60,-40,-34,58,16,32,15,5,-38,6,-40,-9,-23,9,36,40,-79,37,6,-13,27,-12,-35,33,42,8,70,44,49,-20,-15,-19,25,-28,-40,-3,6,51,58,4,9,-36,42,-8,-91,-24,35,71,-15,36,-91,26,5,-81,-71,23,100,-32,57,-86,23,-95,34,-22,30,60,-23,-40,78,52,-23,-35,1,61,-21,-16,46,95,-41,-48,-10,-27,72,-25,-6,27,-11,56,-89,-18,-68,-39,12,-27,3,40,-42,-34,61,-2,8,10,-12,36,30,14,62,-3,-18,-26,41,27,-78,61,18,-29,29,-11,-24,24,-36,61,41,-3,-32,0,18,-33,80,-51,47,-44,-2,-27,32,-37,47,-37,48,73,33,-24,-25,-2,65,92,-73,38,-43,-52,78,-38,55,0,-9,-33,-22,51,-15,3,-37,100,-45,-20,10,-44,63,-1,21,-25,40,24,3,-6,18,-33,-6,55,33,7,-8,3,23,-51,18,11,38,28,-6,48,12,-10,-89,28,23,78,82330
0,14,32,-13,-15,-65,27,51,-34,9,-25,15,-15,4,15,-16,0,55,-4,-25,12,-71,20,47,26,11,28,4,39,41,32,8,-78,54,6,-20,43,-28,-17,90,-33,33,-10,41,-34,-46,-32,4,-29,-15,18,68,-24,1,-77,14,-9,-34,35,32,50,-27,45,40,88,-26,-22,-63,17,-28,-33,2,-8,41,66,10,-17,-19,-2,-16,-55,-67,0,72,-7,16,-45,-34,-23,-66,6,7,51,-18,-33,-71,34,-56,5,-22,11,67,25,6,66,-6,-2,-37,68,46,-26,35,24,75,-34,-71,-22,-14,49,-9,21,36,-22,-8,-61,13,-57,-46,-19,-13,-49,9,-15,-47,1,-26,43,37,19,-73,66,33,0,-49,-54,-8,14,15,-2,50,-8,-4,27,-23,-43,-9,-24,67,36,35,-44,30,-13,11,68,-54,4,-44,-28,-19,-58,0,34,-27,6,50,36,-12,-3,10,50,18,5,8,-36,-87,69,2,70,-13,-13,7,12,58,16,5,-31,52,21,-14,55,-64,-37,-26,61,-11,16,-1,74,-56,3,-24,5,38,-76,-33,43,-28,13,-40,0,-25,-51,-17,33,45,13,56,-36,22,-10,73,82334
-63,-16,-37,0,-9,-10,18,45,-19,49,-22,69,32,16,11,-1,-40,-1,-70,-12,77,-25,-8,28,34,-14,-14,10,39,-41,23,8,-42,-26,15,20,17,-1,-37,79,-65,-23,-2,9,-48,-11,-16,-6,-24,14,-24,-23,-23,-43,-40,10,-24,-11,66,31,25,-67,48,16,84,-5,-19,-1,-63,-29,-16,0,-11,9,-12,49,-8,-35,5,-9,-37,-7,0,56,15,-23,-8,-50,11,12,72,18,52,-26,-25,-56,6,-41,0,-34,13,58,-61,0,-1,23,-16,-21,39,25,-7,-7,-7,46,-15,-20,-36,45,45,-23,-15,-52,-3,3,-50,21,18,-38,5,-9,-11,-4,-35,-25,4,0,12,-21,-74,-30,22,-4,38,-55,-1,-29,17,-28,24,49,-69,17,27,-2,-18,-2,-50,5,47,-31,-23,29,7,-3,18,-37,-33,-33,8,-65,5,-78,46,-55,-69,47,28,-7,19,-4,11,69,24,-4,-20,-67,18,-4,43,0,-9,-20,19,3,-9,8,-13,54,33,48,18,-12,-17,0,-29,-14,22,-36,41,-58,15,-17,-6,-35,-30,-20,-3,-21,10,-29,-20,-8,3,33,34,18,-62,-49,-7,-13,-27,56,82398
-25,-44,51,0,-22,5,-6,61,-29,18,-61,66,65,14,9,-19,-22,3,2,-2,-27,13,20,34,-76,9,14,42,11,40,-5,-7,-10,-43,40,-11,29,0,-41,-22,-30,16,35,-15,-20,12,-24,-9,-22,-19,-15,-39,-60,-30,-6,-6,-21,-3,-2,18,39,-45,41,44,-5,-8,7,-41,27,8,-25,-17,37,25,18,14,14,9,8,-50,-85,14,46,46,-27,-15,-27,-23,-31,-13,-35,-4,75,-57,-16,-43,-11,-86,7,-40,20,40,5,-26,22,-58,-19,-38,2,26,-9,-17,36,69,-32,-66,-36,-31,72,-57,12,-41,-15,1,-26,0,-3,-33,-5,-15,15,13,8,-14,7,-1,-11,5,5,6,16,-9,-53,-73,-49,-14,17,-5,-40,70,-34,2,4,-14,-18,35,-25,5,66,-1,0,4,-4,15,67,-47,4,-34,-22,12,10,1,60,-27,1,74,39,-31,3,-11,9,71,-33,10,-30,-21,73,-36,18,0,-23,-40,-9,3,-29,38,-37,74,-67,-35,-6,-52,10,0,-6,-20,26,-26,0,-78,-6,-12,-8,-6,6,23,-4,7,10,-23,-31,19,-9,73,0,43,19,-53,-34,-10,-39,50,82432
-14,-8,24,0,-16,3,23,35,-38,52,-52,64,41,10,8,-15,2,6,-5,-11,9,2,33,36,-17,10,10,17,13,24,26,16,-8,-17,43,-11,27,-21,-4,10,-22,5,3,-4,-4,7,-34,0,-24,-10,16,-14,-51,21,-4,13,13,-11,-4,18,36,-31,19,31,17,-8,-22,-2,22,-1,-34,-7,-9,0,-5,51,15,15,15,-9,-60,4,41,45,2,14,-51,-15,-18,-1,3,6,31,-46,12,-51,4,-57,12,-52,18,34,0,-16,2,-42,-21,-38,13,28,-9,18,14,72,19,-54,-57,19,64,-44,8,-45,-15,31,-48,0,-3,-42,0,-10,3,25,1,18,33,-3,0,33,13,12,12,5,-30,-43,-7,-6,29,-18,-1,35,-23,-6,19,-14,-19,19,-40,7,31,26,15,-17,2,-19,33,-45,29,-37,-17,-20,10,8,34,-41,4,65,25,-15,-10,-7,0,65,2,25,-38,-30,35,-13,24,0,-17,-9,-2,9,24,17,17,30,-17,16,54,-42,16,-2,6,-22,36,-28,16,-52,5,-13,-1,-19,8,5,1,14,6,-51,3,11,20,40,-16,30,18,-27,-49,-13,11,50,82440
9,47,67,-17,-10,-54,25,-7,-29,-12,-37,36,-44,-20,16,0,76,1,32,-25,-43,-66,-9,47,55,-53,-13,-4,36,67,24,-19,-80,-42,28,32,43,0,-49,0,-11,-46,-11,35,-14,-43,-26,7,4,34,46,-42,-34,-10,-74,-13,28,1,-6,2,39,-16,79,11,-3,-12,27,-15,19,-32,-26,-13,9,2,-25,-18,-11,-55,25,34,-52,-55,-19,-7,-34,44,-43,0,18,-78,-44,-24,100,-17,7,-25,46,-53,27,-14,-6,30,-16,-25,-16,18,-38,-27,11,55,-12,-18,6,63,-17,-39,-19,-28,72,-14,-17,12,-25,34,-25,-14,-76,-35,6,-14,-46,4,-23,-8,36,-13,44,55,64,-63,60,29,25,-18,-6,-1,35,-11,-44,-7,5,-10,-8,-25,2,-10,4,59,9,48,-6,-12,8,-40,16,-28,0,-23,18,44,-22,37,7,9,36,75,-1,-4,-11,-15,14,38,-41,4,-28,-67,7,-23,22,-18,-13,43,-18,60,-2,-5,-14,98,60,-21,24,-36,12,-13,49,-36,36,-21,19,-39,-27,-24,7,25,-67,-18,-1,-32,16,-20,-17,-17,-17,-46,-10,18,29,38,-50,0,24,-14,82663
-22,5,17,0,-13,-35,20,45,-23,-10,-27,45,-7,52,8,-10,-17,43,-12,10,22,-50,-8,60,25,73,-12,-1,-14,14,35,-2,-77,11,7,-14,26,7,-5,26,-29,82,32,18,-2,-33,-19,0,-28,-15,3,15,-29,-39,-67,-5,-20,-10,40,73,56,-65,-29,36,27,-8,-47,-23,-81,-3,-19,-12,-8,23,100,-12,21,12,-13,-20,-52,-36,9,66,34,-1,-16,-52,2,-35,14,8,55,-25,-54,-57,29,-54,-20,-31,0,44,9,12,97,23,-17,-24,73,34,-9,13,14,78,-3,-9,-27,42,41,-19,-14,-26,0,9,-49,3,-24,-26,10,-8,-38,-32,-1,-4,12,-4,23,-1,-16,-60,54,6,13,-48,-34,-15,22,-9,-38,51,-39,33,63,0,-38,38,-49,49,24,1,-1,29,14,-1,43,-60,-13,-43,-4,-35,-64,-40,29,-52,0,43,54,-13,28,-6,26,55,-31,-30,-23,-78,45,2,42,0,-19,3,7,42,-6,-5,-10,44,12,43,13,-12,-44,-3,58,-20,31,-1,75,-25,6,0,-1,30,-65,28,36,-19,8,-17,-15,29,-57,-5,38,30,-80,-3,-18,3,-28,68,82665
-28,48,33,-14,-20,-32,45,10,-50,-14,-38,79,0,-12,6,-16,0,29,27,-13,41,-16,52,76,6,67,35,13,14,25,38,-1,-41,-23,55,-4,51,-20,-34,-2,-18,75,10,12,-5,-9,-52,3,-3,-5,31,-28,-37,40,-40,-1,3,1,9,1,74,-16,15,36,1,-20,-68,9,31,-12,-54,11,-70,17,4,-20,5,-8,7,-8,-56,-28,3,72,-15,32,-23,-32,9,-19,39,-4,82,-6,24,-37,30,-56,6,-22,43,55,70,-6,-1,31,-57,-52,-35,51,-21,49,54,76,26,1,-28,6,74,-7,40,-17,-32,11,-37,-19,-22,-29,-36,-15,-10,34,-7,4,10,-19,16,67,44,-17,42,8,43,-58,16,3,43,23,0,11,-28,12,-2,-33,-4,18,-34,27,47,61,6,11,-37,9,26,-73,47,-70,4,38,-20,38,44,-34,22,74,43,-17,11,15,14,79,2,33,-49,-41,24,-7,50,-13,-22,46,-18,32,48,15,29,78,12,12,76,1,27,-18,23,-54,46,25,-30,-62,-7,-12,2,-14,-17,10,27,5,4,-27,-5,4,-19,0,11,37,23,8,-27,-4,0,71,82667
-21,29,17,0,-9,-20,45,41,-30,28,-5,55,28,-36,16,-12,-6,23,0,-18,-1,0,0,21,31,68,-18,9,-7,10,54,25,-37,11,41,-1,54,-3,-11,64,-21,70,8,11,-13,-9,-28,15,12,2,29,15,-4,14,-33,26,10,-24,5,50,28,-21,-8,39,76,-7,-49,29,36,15,-27,-9,-41,3,18,24,7,-26,13,-17,-12,-29,23,69,-36,25,-58,-21,7,-11,-3,18,71,-33,-3,-57,14,-14,5,0,4,51,24,15,26,25,-46,-25,33,48,-8,41,23,58,14,-32,0,42,45,-30,-19,-28,-18,40,-60,19,-12,-11,-5,-14,-15,26,-15,12,39,0,15,61,5,1,25,22,24,-76,24,-5,22,-13,-16,40,-23,-14,52,-15,-30,12,-25,22,21,56,6,20,-4,15,27,-25,10,-27,10,4,3,5,29,-24,1,46,13,-15,-9,-13,0,56,-15,27,-30,-55,28,11,47,0,-13,31,20,21,41,3,4,62,35,40,61,-25,-7,0,10,-46,24,-16,42,-64,16,-22,14,-15,-1,10,22,20,17,-28,14,10,21,20,19,36,19,-3,-52,8,15,76,82674
-42,-26,7,0,-11,-23,39,41,-32,50,-36,57,35,27,16,-17,-31,24,-20,-8,24,-28,16,45,-16,45,13,-3,0,14,39,6,-55,17,20,3,51,-17,-20,34,-55,40,4,12,-27,-10,-34,6,4,11,-16,36,-36,-27,-47,4,-27,-19,29,28,50,-47,10,46,41,-6,-9,17,17,-24,-34,-7,7,48,41,47,5,-19,10,-5,-70,-35,3,38,22,-19,-53,-36,-4,13,14,28,82,-40,-10,-58,-4,-70,8,-50,12,62,17,14,50,0,-15,-33,22,52,-7,24,5,33,-1,-35,-52,63,62,-32,6,-29,-10,29,-53,4,12,-21,5,-7,-23,25,-24,-6,34,0,18,66,20,-29,26,15,4,-63,11,-17,13,-4,-10,40,-46,14,31,-11,-28,15,-41,8,48,56,-9,38,10,-12,49,-37,-34,-30,-6,-11,-22,15,57,-45,-12,62,24,-18,16,-4,49,66,3,23,-32,-56,49,10,43,0,-13,-31,3,7,30,-6,-8,86,-16,62,49,-26,-27,0,-37,-21,14,-9,41,-63,26,-6,5,-19,-36,2,5,-7,15,-29,-10,8,9,22,40,44,8,-50,-41,0,-18,43,82675
-5,-37,63,0,-12,-59,15,19,-32,1,-74,36,-59,53,6,-19,19,13,51,0,-22,-24,12,67,23,55,-22,-6,-72,60,20,-57,-63,10,44,-5,84,-23,-12,53,-30,42,21,24,-26,-3,-29,-23,-74,-4,8,11,-74,-18,-56,-54,1,-10,-7,49,71,-38,-45,56,64,-10,-1,-15,3,-43,-30,1,16,72,22,-3,13,-38,9,1,-100,-61,0,39,30,2,-5,15,17,-25,-23,37,73,-64,9,-28,14,-100,7,-42,11,44,-2,1,35,38,-1,-34,6,78,-12,-1,32,45,-22,-12,-49,69,66,-63,-26,-2,-20,33,-27,0,-21,-9,11,-19,-6,21,-10,-77,33,-6,31,-8,78,-27,40,21,47,-64,-11,-22,10,11,-35,20,-11,16,49,-18,-18,31,-65,24,54,-11,-73,55,11,0,55,-76,-4,-72,29,49,-11,65,52,-64,53,68,37,-22,16,-12,62,37,-37,19,-32,-61,55,2,41,0,-17,-37,-5,22,-8,-10,-25,58,40,53,32,3,16,-3,16,-1,13,11,10,-75,39,-1,-24,19,-30,22,10,-29,4,-16,10,26,-15,-60,54,52,2,-4,-13,5,-4,36,82676
-36,-18,26,0,-1,-63,11,39,-34,-7,-40,51,-9,18,21,-27,-16,32,-2,-19,17,-57,-16,72,-20,66,20,0,26,30,24,8,-61,42,18,-10,80,-12,-17,76,-36,65,1,17,-47,-34,-20,9,-2,-6,14,44,-38,0,-60,11,-22,-42,32,45,74,-38,34,41,75,-25,-5,-8,0,-13,-20,-4,13,62,42,-8,-16,-12,23,-11,-72,-60,-4,61,1,15,-67,-50,19,-36,14,52,78,-49,-49,-90,37,-73,16,-35,0,65,37,21,48,25,-28,-27,49,81,-26,36,42,76,-13,-49,-43,50,64,-46,18,15,-12,4,-78,30,-30,-47,-25,-13,-31,0,-27,-46,8,0,16,-5,-33,-64,66,31,20,-62,-7,-31,8,48,0,41,-38,14,45,-12,-47,8,-57,52,67,-10,-45,63,-22,11,47,-48,1,-46,29,5,-43,-41,69,-60,1,65,14,-26,17,0,65,49,1,-1,-34,-89,47,16,54,0,-4,-24,29,47,12,-4,-14,77,-30,42,57,-34,-46,0,41,-31,17,41,47,-72,52,-29,9,30,-67,-21,29,-19,22,-48,-12,-14,-38,-9,58,44,-3,29,-60,16,-23,64,82677
-14,47,63,-7,-8,0,94,47,-31,23,-30,99,20,-24,32,-6,55,-13,22,-18,-55,7,-39,38,-18,23,3,2,66,66,95,22,-15,24,76,28,44,-9,-68,38,-15,19,8,10,-30,12,-32,20,2,25,16,25,-30,0,-15,22,15,-40,-23,48,37,-10,93,29,38,-6,6,46,2,2,-31,-25,18,25,29,22,4,-18,39,3,-40,1,14,66,-34,16,-75,1,-7,-46,-55,22,98,-55,18,-71,22,-39,41,-47,-13,71,4,-12,44,-17,-64,-27,-22,47,-6,12,38,76,8,-59,-46,22,59,-53,-2,17,-16,70,-67,-4,-47,-70,-5,-9,13,21,-25,22,70,-5,12,57,10,16,29,16,-15,7,45,-21,61,-25,-34,49,-15,-29,42,-17,-47,16,-4,41,39,47,23,-5,-3,-17,48,-22,3,-22,-7,11,16,-6,36,-3,25,60,2,-6,-25,-30,28,99,-35,19,-31,-35,45,-13,75,-8,-7,46,-3,44,20,3,5,96,-15,23,42,-51,25,-3,-1,-65,62,-24,-20,0,23,-13,21,18,16,7,-14,17,30,-62,-14,13,12,21,-16,31,3,-3,-82,12,11,64,82689
-38,-9,5,0,-8,-6,41,-6,-29,33,-25,73,13,8,18,-18,-24,2,8,-2,-9,0,-18,41,-35,1,-23,-19,71,7,60,24,-21,30,54,-8,64,-5,-4,36,-12,-4,2,0,-25,9,-16,11,-9,-3,17,26,-25,15,-13,23,16,-23,-34,73,48,-20,62,57,40,-1,-25,46,-4,-10,-17,4,0,29,-20,31,4,-65,22,24,-47,-8,-3,29,-7,17,-57,-27,13,11,-6,36,60,-67,0,-77,24,-46,13,-66,-7,56,39,0,-7,33,-56,-22,-10,58,-2,33,10,48,42,-56,-62,33,54,-64,-19,-28,-14,74,-69,-10,13,-33,0,-3,7,25,-21,1,71,0,1,40,20,25,28,60,33,-11,49,-13,52,-22,-9,-8,-38,-8,67,-10,-31,15,-30,13,42,41,-9,24,0,51,37,-40,15,-39,17,16,6,16,50,-23,16,52,4,-18,-10,0,33,71,-14,25,-30,-50,38,0,57,0,-9,-12,-12,12,48,-25,36,52,-37,39,77,-42,-5,0,29,-51,50,-32,-8,-1,35,-4,9,-3,22,9,1,20,17,-56,16,7,25,12,26,56,-20,0,-63,-11,16,42,82703
-67,-43,-7,-47,-20,-7,41,50,-50,29,-41,63,23,82,-1,-15,-56,60,-49,-39,70,-43,4,44,-75,-27,30,23,31,-30,47,14,-60,-29,15,23,13,-4,-20,-41,-43,-39,-6,16,39,-25,-37,-10,-44,18,-4,-31,-38,-10,-59,12,-23,3,52,16,49,-63,39,67,-25,-42,-51,-14,27,-24,-37,0,-75,32,-16,25,-6,45,-14,-41,-42,2,24,43,77,-7,-36,-60,-39,7,70,-9,-60,1,-41,4,1,-40,-31,-56,8,-25,30,-28,-38,-24,-41,-51,49,-1,-44,41,-25,68,47,-68,-75,5,84,-3,35,-57,-45,16,7,-12,25,-13,10,-22,-23,31,45,0,15,-37,15,69,32,-46,37,-14,-26,50,-21,-27,44,-42,12,54,-72,-7,24,-43,0,6,-19,7,70,58,3,-18,9,20,57,-51,3,-48,-23,-62,-12,29,66,-12,-61,85,59,-15,-6,-14,0,57,12,28,-51,-64,67,-25,-67,-47,-26,-36,-15,-3,20,17,39,-73,-62,-30,34,-55,-22,-36,-9,-32,48,-43,50,32,5,-47,-12,-31,-45,-6,68,-12,-2,-15,-35,-13,-22,28,-29,59,14,-38,-47,-12,-31,48,82734
-29,-1,26,-13,-15,-60,26,44,-43,-8,-46,43,-8,81,15,-29,-10,49,-2,-11,31,-72,4,62,-20,63,13,12,15,28,28,1,-70,31,1,-3,6,-9,-17,33,-55,69,-5,18,-8,-29,-39,-6,-16,-3,3,45,-46,-19,-71,2,-20,-33,63,19,60,-55,21,24,34,-31,-24,-14,2,-34,-39,-1,-15,46,82,-9,-14,-7,5,-14,-68,-58,-13,50,78,2,-21,-40,-25,-47,27,11,93,-28,-33,-55,12,-71,4,-75,11,65,5,-11,89,46,3,-45,45,20,-32,23,8,81,20,-36,-79,8,64,-22,10,0,-15,-14,-52,5,-41,-55,-1,-9,-30,18,-2,-55,-12,-24,17,36,-8,-76,53,-4,50,7,-12,-12,38,-27,-21,47,-34,9,20,-15,-42,-4,-51,51,58,33,-53,8,0,-4,40,-74,-15,-71,-30,0,-35,-20,54,-53,3,65,38,-27,10,0,41,43,-17,17,-44,-100,38,-12,59,-13,-16,-7,6,47,3,13,19,93,-19,13,35,-34,-30,-24,28,-2,46,-28,48,-7,5,-8,-6,4,-74,-26,42,-37,14,-37,0,-13,-38,-8,17,28,1,24,-11,9,-21,50,82744
24,7,89,-3,-1,-57,15,19,-37,-23,-39,49,-18,-31,7,0,32,-44,85,2,-62,-35,20,40,39,34,-35,-2,-5,83,17,-49,-34,12,57,-4,78,-6,-13,80,6,26,9,18,-65,1,-35,-14,-21,-4,9,9,-42,6,-25,-48,-6,-24,-48,31,45,-4,-2,40,83,-20,-21,40,-74,-26,-35,36,-13,50,10,-27,-5,-50,30,-8,-74,-58,-18,48,-37,4,-34,62,50,-40,-72,31,78,-74,22,-26,10,-73,24,13,13,73,44,-15,26,80,-18,-33,-59,69,-21,6,39,22,0,16,22,38,62,-75,-32,27,-20,40,-28,-19,-32,-31,0,-21,-3,23,-74,-61,43,-10,26,4,86,-11,38,28,80,23,34,-6,19,43,-70,23,15,-35,30,-18,-23,17,-36,34,50,-10,-61,37,2,-7,43,-37,17,-35,43,89,0,78,55,-35,90,62,8,-4,-32,39,51,56,-61,25,-38,-33,44,-22,70,-2,0,6,-19,30,3,-2,-9,72,41,30,28,23,23,-9,32,-12,12,34,-42,30,35,8,-14,57,-17,10,-48,-31,8,-50,1,11,16,-24,23,36,-87,0,-41,18,-7,50,82746
-31,-10,12,0,-14,-19,19,57,-32,47,-29,43,29,-11,10,-3,-7,28,-28,-35,46,-15,-1,27,-4,-6,8,24,23,14,31,16,-64,-22,21,-3,9,-7,-23,16,-44,10,9,25,2,-10,-29,5,17,-6,-23,-16,-29,-17,-64,17,-16,8,65,12,25,-51,34,33,22,-17,-12,-47,20,-18,-29,-21,-5,2,7,47,3,-21,6,-38,-50,-17,24,28,-5,-22,-37,-40,-11,-19,42,2,79,-22,-33,-31,11,-52,9,-50,7,60,17,0,15,-17,-25,-34,43,16,-18,36,15,70,24,-32,-52,23,57,-20,0,-16,-14,3,-31,15,-16,-34,3,-9,-11,0,4,-10,9,0,26,63,-19,-31,28,-22,-11,-67,-47,-9,35,-24,1,60,-36,7,7,-12,3,14,-27,18,34,58,-7,-7,5,-10,31,-40,-6,-32,-11,-29,-12,-20,31,-30,-21,58,28,-6,5,-17,3,44,1,-1,-32,-43,25,-3,51,0,-15,-16,14,20,20,24,22,78,-6,27,34,-29,-24,0,3,-30,39,-22,37,-76,-2,-34,6,-5,-30,0,25,-6,9,-28,-18,0,-25,35,1,36,16,-10,-34,0,-21,27,82751
-4,-27,5,0,-12,-12,0,-42,-27,37,-22,50,-24,7,6,-28,-3,34,11,-10,18,-11,-3,28,31,84,27,-6,18,1,2,16,-21,61,40,1,67,4,-13,9,-13,77,-25,-1,-25,-12,-13,7,-6,0,35,62,-23,28,-19,15,22,-18,-8,58,30,-13,31,48,8,0,-5,50,10,8,-13,11,0,45,27,38,-7,-42,20,50,-29,-13,-33,25,-5,36,-14,-16,42,2,11,37,41,17,23,-38,40,-29,16,-55,1,35,7,-5,38,19,-8,-25,13,68,0,38,32,52,52,-4,-57,51,46,16,29,-9,-14,50,-38,-21,0,-7,-11,-12,-13,13,-12,14,48,0,0,56,25,16,33,21,18,4,57,5,25,10,26,-44,-5,-15,51,-14,-22,-13,-51,14,18,65,7,20,-10,48,13,-33,26,-34,47,-14,17,27,18,-51,14,48,6,-30,-17,12,43,49,30,12,-27,-49,13,-1,38,0,-14,-29,-22,14,58,-7,51,25,32,50,79,5,25,0,50,-8,20,5,11,2,37,-5,6,-4,15,-19,37,12,4,-9,39,-14,21,-22,21,47,13,35,-8,2,22,28,82756
-46,-27,3,-4,-14,3,40,48,-40,20,-33,74,11,55,13,-26,-73,56,-37,-9,-2,-14,-12,16,-8,8,17,25,6,2,26,16,-45,-37,30,-2,9,-11,-16,62,-51,9,-1,-4,57,-15,-41,-1,2,0,-3,-30,-34,-30,-42,18,-18,-17,20,56,12,-64,1,58,60,-25,-48,-15,-4,8,-41,-9,-52,0,20,21,-5,-38,11,-18,-50,5,30,67,62,-2,-17,-57,-23,-20,-3,22,41,-17,-10,-4,4,-51,8,-10,1,24,8,-46,29,-32,-11,-37,41,18,-25,33,16,38,13,-19,-1,54,78,-15,20,-30,-20,6,-4,12,-19,-19,6,-13,-16,4,56,11,10,-9,-3,-6,-63,-22,30,-13,-19,-66,-22,-28,22,-29,-2,51,-54,-30,49,-23,-17,6,-77,21,48,-11,18,1,7,46,52,-35,-17,-26,-29,-35,-12,-62,46,-72,-30,80,35,-28,-26,-8,8,79,3,4,-40,-55,48,-52,61,-3,-10,-36,18,20,0,27,11,38,-10,52,39,-14,-4,-8,-6,-17,16,-37,35,-56,20,-7,-2,-9,-24,-15,49,0,11,-6,-23,-14,-16,17,2,57,-4,-29,-2,-5,-21,69,82788
-14,-11,71,-8,-8,-23,11,21,-33,7,-34,74,18,7,4,-6,19,-22,47,-25,-11,-25,1,47,-42,30,-4,-1,16,73,15,-33,-43,-44,36,6,61,6,-2,2,-16,14,12,15,-55,-11,-35,-6,-24,4,2,-45,-35,-25,-39,-31,-12,-28,-7,29,45,-26,2,35,13,-26,-63,18,14,-14,-35,-3,-48,14,-65,5,12,-30,-7,-10,-61,-24,14,41,-5,3,-36,-2,62,-40,-13,14,86,-41,-12,-45,14,-62,-1,-49,6,58,24,-10,-55,50,-27,-35,13,57,-25,10,19,69,12,-47,-48,21,58,-37,-9,-14,-15,30,-31,-7,-34,-20,2,-8,-14,0,-41,-32,31,-11,18,46,54,-4,28,5,48,-71,18,-10,19,-15,-38,25,-21,-5,23,-15,-36,25,-42,41,25,28,-26,3,5,-6,18,-45,-10,-38,64,60,-17,45,23,-44,52,58,54,-9,-6,1,11,78,-36,1,-32,-47,17,-16,41,-8,-5,-10,-8,37,0,-1,16,75,-37,26,29,-32,-7,-11,-11,-26,24,-20,17,-62,7,-26,-7,10,-6,13,-27,-11,2,-29,-6,14,-16,18,8,35,8,-40,-44,-1,-16,46,82815
9,28,58,-9,-6,-16,50,28,-34,29,-23,70,24,-17,24,11,58,-5,55,-8,-36,-38,-19,50,10,0,-1,1,86,54,49,-1,-33,1,36,16,34,-37,-24,77,0,-3,15,18,2,8,-35,6,0,15,8,-3,-20,-9,-26,0,3,-29,-36,34,50,-6,93,18,84,-5,15,-6,7,-43,-35,0,10,41,1,27,3,-8,23,7,-50,-14,7,36,0,3,-15,38,1,-39,-39,16,65,-68,57,-57,17,-48,24,-32,-2,78,-11,-5,26,57,-5,-28,-36,35,-7,-8,24,43,-12,-56,-24,-13,52,-68,-2,28,-12,27,-58,14,-40,-35,6,-9,6,20,-2,-44,31,-10,24,-4,-28,-26,38,24,58,9,-14,-7,33,7,-21,30,6,2,32,-11,-29,18,-7,35,49,-3,-42,20,9,-35,46,-36,4,-33,-7,48,21,-27,50,-2,58,54,22,5,-5,2,45,75,-19,21,-34,-42,46,-2,71,-8,-8,31,12,39,15,1,-9,76,4,-7,41,-62,61,-8,35,-2,32,8,-31,0,15,-11,5,47,-29,3,-10,-12,22,-35,6,7,27,19,22,21,-4,14,-22,17,-2,48,82853
-39,12,32,-50,-15,-61,25,29,-37,-23,-41,42,-46,55,16,-4,-36,31,-11,-13,55,-67,36,71,-31,-56,-9,9,0,34,33,16,-87,19,24,14,11,8,-33,28,-47,-54,20,40,-35,-33,-35,10,-2,14,-2,22,-38,-23,-83,19,-41,13,78,78,71,-50,13,75,25,-29,-78,-10,13,-31,-35,5,-79,6,24,-22,6,-6,13,-5,-58,-60,-21,85,52,-4,-15,-43,-73,-50,52,-7,74,-9,-52,-51,41,-61,16,-52,35,-3,27,-28,29,2,-25,-40,25,9,-30,22,14,74,-20,-15,-45,33,76,-5,-9,5,-27,28,-48,-5,-41,-21,-12,-19,-34,32,-20,-31,28,-58,42,49,58,-60,64,4,14,-32,-16,-10,42,-48,-3,31,-43,-13,74,-26,0,23,-2,72,46,48,-32,-5,-10,31,100,-48,-16,-44,-73,9,-62,45,50,-1,-7,79,10,-2,-15,9,7,41,0,32,-37,-70,100,-31,-13,-51,-15,12,-9,65,2,8,-19,61,-39,33,30,-4,-51,-58,33,-28,45,-58,27,-45,-8,-16,11,19,-61,7,30,-32,17,-24,-13,5,-61,-47,-9,76,18,21,-14,3,-43,85,82861
-19,46,26,-12,-16,-46,21,13,-39,-7,-15,28,-22,-6,7,-11,7,36,-14,-34,69,-65,15,68,-16,67,31,14,36,25,31,22,-68,36,20,-31,48,-19,-32,79,-39,63,32,34,-25,-14,-38,9,9,-23,11,34,-15,-1,-61,24,-13,-30,49,49,74,-56,32,30,88,-26,-47,-9,3,-39,-38,-4,-22,4,17,-11,25,6,5,-9,-41,-57,-10,68,-6,8,-37,-42,0,-49,69,15,48,-27,-19,-62,27,-43,5,-22,15,57,22,8,32,12,-36,-42,27,51,-25,36,23,78,28,-35,-25,30,51,-19,26,-18,-20,-3,-60,26,-42,-29,-30,-14,-23,5,-21,-33,-2,-14,37,43,16,-49,58,44,7,-16,-20,-7,15,4,11,14,-33,-2,52,-19,-39,43,-38,59,28,41,-37,15,-26,-16,34,-70,6,-63,-9,2,-48,11,41,-41,2,52,37,-14,-2,-4,9,41,10,6,-39,-83,31,2,50,-12,-14,40,21,56,35,9,23,42,-14,26,65,-26,-21,-13,56,-38,21,-4,32,-31,10,-42,9,20,-56,28,32,-20,8,-33,-4,27,-20,-32,24,29,-4,6,-33,0,-9,68,82893
-18,3,78,-1,-15,16,20,73,-37,34,-67,96,57,3,14,-22,13,-16,50,-1,-44,14,40,39,16,0,11,3,-38,84,14,-9,-7,2,73,-9,42,-63,-57,31,-27,25,-8,0,-30,26,-40,-12,-24,-11,4,-2,-69,10,-6,-6,-4,-40,-13,24,36,-14,-2,31,17,-13,0,11,13,21,-41,-14,-6,31,41,35,-10,9,24,-38,-79,17,52,48,-11,3,-41,-15,6,-21,-47,26,77,-43,23,-40,-14,-82,33,-12,35,72,29,-42,42,38,-53,-37,-36,50,-13,2,44,63,45,-44,-24,15,61,-42,6,-5,-13,40,-31,-33,-24,-43,-1,-19,26,15,-17,38,43,-4,0,50,5,25,6,13,22,15,13,-22,48,10,-35,72,-16,-29,16,-13,-52,6,-45,9,53,67,40,-2,3,3,54,-45,6,-43,9,15,17,-7,51,-45,51,65,21,-21,-28,-2,31,94,-32,13,-38,-32,43,-40,59,-1,-9,-6,-33,14,9,9,44,54,33,21,28,-29,18,-3,-26,-52,47,14,-29,2,21,4,-12,-12,24,-5,-20,8,12,-34,-29,1,26,54,-9,37,28,-21,-49,8,-4,27,82904
-33,47,3,0,-17,-12,12,34,-30,3,-10,62,8,-29,12,-14,-18,-10,-31,21,58,-32,-21,48,-3,21,-10,-1,26,1,21,15,-68,0,43,1,47,-9,-47,26,-9,31,9,36,-25,-16,-28,9,-7,0,10,0,-9,12,-68,20,3,-4,54,27,50,-9,48,44,25,-12,-38,3,13,-10,-27,-3,-37,9,0,1,0,-33,-4,-20,-31,-10,8,71,-32,9,-65,-62,28,-37,60,6,60,-16,-30,-72,45,-31,0,-38,-4,16,14,12,13,39,-70,-29,30,51,-12,26,30,83,22,-12,-36,30,52,-13,-12,7,-20,33,-66,6,-35,-22,-21,0,-17,-1,-19,3,32,-5,38,58,20,-30,44,44,47,-56,6,-7,46,-51,3,34,-37,-1,29,-20,-10,10,-14,47,40,51,3,18,-20,26,34,-54,20,-51,22,-37,-41,10,37,-16,-29,52,17,-15,0,-5,14,60,2,-2,-30,-50,32,11,20,0,-17,40,6,47,34,-3,25,55,-10,35,60,-8,-25,-4,49,-70,48,-52,29,-66,0,25,9,12,-30,1,-9,0,11,-22,-14,5,-41,8,20,49,15,39,-69,-5,0,74,82906
-54,-30,3,0,1,-17,10,64,-46,19,-60,87,-22,-11,12,-17,-38,17,-10,14,3,-35,3,56,20,0,9,-15,15,-6,15,10,-56,71,46,15,85,-4,-47,64,-50,6,-11,22,-27,-34,-41,10,-17,8,6,45,-57,-5,-58,14,-22,20,36,50,68,-67,27,88,72,-16,-57,48,7,-7,-40,11,-50,77,19,15,-18,-31,25,3,-77,-14,-12,54,9,10,-57,-74,-43,-1,-3,41,61,-28,-47,-42,35,-79,-4,-58,6,58,22,-37,22,50,-55,-41,4,58,-18,42,-7,77,14,-50,-55,30,79,-34,17,11,-37,55,-39,-3,0,-17,3,-28,-30,-6,-46,30,48,-5,13,48,52,-22,52,22,47,-61,60,-9,42,-30,-20,55,-41,-35,66,-34,33,-5,-45,30,37,37,20,33,2,57,69,-20,-24,-29,-23,-58,-49,61,34,-41,-34,78,10,-12,-38,-15,72,68,-13,-8,-46,-73,77,-23,65,0,-8,-27,-12,30,27,-24,12,35,9,-9,58,-18,-44,-4,60,-43,40,-27,21,-70,45,3,8,13,-19,-14,30,-2,13,-56,-10,-22,-57,-5,28,80,1,83,-79,0,-16,62,82907
-15,57,23,-2,-19,-52,71,22,-23,5,-22,42,-10,-35,10,-12,-10,47,-13,-18,51,-40,17,65,28,69,35,14,-22,23,75,35,-60,59,28,-26,43,-39,-19,64,-28,74,19,33,-30,-24,-18,16,12,-28,11,60,-21,4,-58,39,-8,-31,44,47,67,-41,-6,31,61,-21,-56,-14,56,-11,-17,17,-48,15,56,3,13,12,1,-21,-37,-49,2,88,-37,10,-27,-32,-38,-22,47,-4,51,-13,-34,-67,29,-40,-3,-31,16,42,34,2,62,-4,-32,-27,38,47,-22,50,45,87,5,-71,-26,-25,48,-10,35,-13,-23,16,-62,20,-14,-45,-35,-12,-24,9,-23,-25,19,-5,31,75,20,-41,54,-6,2,-51,-19,-3,38,-11,-4,28,-27,-8,40,-22,-44,30,-26,45,47,62,-23,6,-33,-11,44,-65,23,-57,-42,-12,-34,0,44,-29,0,51,54,-12,-7,14,19,44,0,9,-24,-80,43,-2,32,-2,-21,51,19,43,39,12,11,54,21,-25,66,-62,-24,-3,44,-34,41,-19,36,-64,-8,-28,16,10,-42,14,43,0,9,-43,2,11,-36,-7,5,34,53,9,-25,4,-16,90,82954
0,-16,79,-6,-8,-73,19,36,-37,-12,-42,37,-94,-10,19,-18,42,10,23,-4,-30,-73,-23,52,-23,34,21,4,50,72,25,-30,-67,34,6,3,79,-10,-10,68,-25,25,9,24,-58,-18,-34,-6,-43,4,19,46,-43,-30,-63,-25,-6,-3,10,12,55,-39,55,52,88,-12,-1,-11,10,-56,-33,-7,1,58,30,-14,1,-36,22,5,-81,-73,-14,54,-10,14,-63,-6,42,-58,-38,30,86,-35,-19,-78,19,-82,14,-34,-3,49,8,7,64,37,-25,-34,28,75,-13,22,22,73,-22,-21,-27,23,62,-31,21,24,-20,3,-69,10,-52,-7,-6,-8,-21,28,-38,-73,5,-17,26,15,26,-69,58,19,48,-55,-14,-30,18,-2,-40,40,-9,3,10,-21,-7,12,-31,52,39,13,-68,52,-6,-43,62,-48,-10,-40,47,21,-33,14,39,-29,25,63,11,-18,3,-12,69,41,-33,25,-37,-93,61,5,23,-6,-10,-11,8,46,-10,-2,-27,82,-5,29,29,-4,-8,-15,48,-28,18,-1,33,-55,29,-24,-7,50,-70,-2,2,-37,19,-25,0,8,-38,-90,51,51,2,26,-62,16,-14,55,82968
-23,9,16,0,4,-37,51,10,-35,7,-2,22,-27,23,18,-8,-62,42,5,-10,27,-25,-46,30,78,33,22,-14,42,14,58,9,-57,25,23,-15,52,-21,6,-48,-24,32,-12,35,-100,-34,-35,12,13,-11,19,38,-2,15,-58,13,0,-43,35,16,34,-23,40,48,-49,-24,-69,0,-48,8,-35,-1,-58,19,-4,12,-16,-62,13,10,-30,-37,-22,38,21,18,-31,-22,56,-25,27,26,38,-8,-32,-62,27,-30,9,-13,-15,72,38,18,4,60,5,-24,71,47,-24,44,10,50,25,6,-4,83,57,-4,19,-1,-22,24,-57,16,-21,-22,-8,-15,-33,7,-87,-29,28,-3,30,24,26,-27,47,25,64,-28,12,-22,21,-6,10,8,-21,4,13,-22,-38,-8,-47,41,29,38,-29,42,-6,60,10,-38,14,-41,52,0,-41,27,35,-45,3,57,20,-7,7,-2,21,20,11,7,-35,-63,11,14,67,0,2,5,16,38,36,-19,29,21,69,80,71,17,-32,-3,26,0,17,-14,70,-24,25,-16,13,9,-24,-26,37,-2,16,-30,17,-22,-34,-23,37,46,-51,28,-22,13,1,44,82995
-30,-26,39,0,-14,-5,27,61,-37,47,-55,60,42,51,6,-6,-30,29,1,-36,42,19,44,40,-38,10,-15,0,-33,48,40,5,-52,-10,53,-1,53,-33,-26,-17,-25,16,13,17,30,-10,-41,0,-7,6,14,-11,-57,23,-48,3,-11,-37,33,36,36,-12,-25,52,-8,-1,-16,-28,23,18,-42,-15,3,12,28,44,9,13,14,-51,-71,-10,50,61,50,10,-36,-28,-9,8,31,26,54,-30,-4,-23,8,-71,15,-54,30,32,32,-14,28,-36,-33,-34,-2,66,-3,20,15,74,22,-75,-47,23,64,-24,-11,-23,-14,45,-19,-8,-2,-23,-5,-18,-16,18,27,38,48,-3,20,4,57,14,17,9,-55,-58,-30,-3,24,-19,1,60,-31,0,28,-14,-36,22,-51,-3,23,9,34,2,-2,31,48,-40,21,-35,-9,-14,-17,55,32,-50,17,63,42,-9,-5,-18,23,66,16,19,-38,-40,43,-16,25,0,-13,-24,-7,7,23,1,26,63,-29,38,48,-75,-16,-2,-14,-36,25,-20,12,-52,21,-28,0,-25,14,11,13,15,6,-16,5,12,5,31,14,50,31,-25,-28,-2,-8,61,82998
-46,42,50,0,-12,-49,-8,34,-28,-12,-20,71,2,-79,22,-18,-33,-12,0,-46,42,-21,-22,44,12,86,-8,2,71,37,-1,-46,-52,6,41,14,63,-5,-38,95,-29,78,18,21,-76,-8,-23,-4,-7,15,13,-3,-19,-7,-50,-41,-17,14,54,-3,50,-47,86,35,100,-8,-75,54,-12,-51,-22,9,-90,35,23,-17,4,-62,24,4,-66,-42,-11,73,-77,13,-75,-18,93,-23,40,33,82,-24,-23,-58,3,-67,14,-18,1,36,26,25,42,83,-53,-27,8,54,-10,30,15,35,32,51,-18,71,57,-26,-1,-45,-20,24,-50,-6,-9,-15,0,-20,-4,0,-69,-52,22,0,21,37,85,-29,34,49,77,-18,54,-50,37,0,-7,36,-55,-3,2,-14,12,19,-45,30,62,20,-51,58,-2,-11,25,-51,9,-46,89,69,-7,82,62,-44,2,58,12,-17,-3,-4,39,69,-13,-3,-28,-70,27,23,28,0,-14,43,-10,21,39,-3,32,82,12,56,60,68,-9,0,-10,-47,36,-2,3,-25,33,-53,-1,-10,-31,9,-3,-3,22,-27,-12,13,-10,6,48,34,-11,-53,-84,10,-23,72,83000
-18,-22,43,-1,-3,-55,0,37,-34,-1,-17,25,-20,82,20,-18,-46,22,-14,-20,2,-88,-15,52,41,-18,24,1,19,35,12,24,-64,45,0,-6,41,2,-30,73,-63,-11,22,20,-36,-40,-29,0,-6,5,-15,51,-18,-52,-56,36,-56,-37,38,57,58,-78,27,36,72,-27,-8,-49,-11,-6,-29,15,-26,50,29,-2,5,-16,4,-12,-49,-65,-26,55,74,-21,1,-45,-57,-52,-4,16,37,-49,-51,-52,15,-54,-1,-38,-3,82,-23,2,55,79,39,-32,51,19,-28,10,19,45,0,-52,-26,47,60,-42,23,-10,-14,-7,-49,40,-38,-14,-9,-2,-44,-9,-27,-33,-7,-12,19,-21,-23,-74,60,31,49,-24,-52,-18,-2,-27,-15,40,-31,-6,58,-9,-41,27,-44,67,46,-14,-31,36,-4,36,61,-28,-48,-23,-43,-16,-50,-46,58,-34,-9,62,16,-17,0,11,54,34,-12,-9,-35,-100,58,-6,77,-2,2,-19,40,56,0,-5,-7,44,52,21,30,-29,-55,-13,39,38,-12,-35,60,-23,24,-21,2,24,-80,14,16,-46,20,-46,-6,19,-33,-29,13,29,-27,12,12,20,-52,51,83003
4,3,77,-2,-5,0,21,10,-27,43,-50,72,0,-20,14,-2,52,-12,40,-6,-33,-37,4,40,26,-48,49,3,41,74,27,-13,-8,26,56,2,42,-27,-40,52,-37,-46,2,7,-21,28,-27,-2,-20,0,2,22,-54,-12,-5,-16,6,5,-44,19,37,-39,61,40,55,-14,15,2,2,-24,-28,11,25,33,9,44,-4,-44,21,23,-73,0,-4,58,-32,5,15,20,-4,-23,-38,12,61,-45,69,-48,3,-72,21,-19,-2,66,-60,-25,20,-5,13,-23,-44,44,-15,7,28,57,-15,-48,-26,-7,62,-45,40,7,-13,39,-41,-13,-30,-41,1,-18,28,54,-9,-10,45,0,11,-30,15,2,23,20,-8,-23,0,-14,31,-24,-14,11,2,-32,2,-13,-1,9,-14,21,42,-36,-8,0,4,-48,60,-49,-5,-48,-7,-48,18,2,38,-14,40,64,14,-3,-26,8,28,72,-9,54,-28,-35,65,-27,6,-1,-4,1,-14,27,10,5,-16,56,27,-12,39,-32,75,0,-12,10,34,-3,-38,-22,12,3,-1,14,1,-3,-14,-17,13,-41,-2,3,15,1,-11,39,3,-17,7,-4,6,65,83007
-11,18,77,-6,0,46,71,53,-33,27,-2,100,50,-19,22,7,8,-34,27,-24,-59,55,-28,14,34,-30,-29,-18,-3,70,76,29,24,26,89,12,47,-12,-55,83,-17,-26,8,7,-12,39,-40,11,-1,12,-25,23,-4,-3,29,28,9,-56,-53,25,15,-19,0,40,84,-13,3,52,-49,52,-40,0,12,40,35,27,5,-18,33,-14,-15,51,32,60,-18,-28,-62,-5,6,-34,-64,41,52,-69,43,-41,4,-17,35,-26,0,55,-31,-8,47,0,-61,-31,-34,45,-14,-11,36,23,21,-78,-21,-23,37,-68,-25,6,-16,72,-42,-7,-34,-58,0,-8,42,-1,-6,47,72,-7,8,14,30,61,1,12,11,60,46,-18,22,-15,-55,56,-13,-27,19,-14,-62,15,12,36,36,13,50,7,5,29,50,-14,7,-12,7,-71,25,24,37,11,27,38,12,5,-27,-3,46,100,-49,-1,-34,-6,49,-10,27,-6,2,18,-7,37,12,-15,19,54,36,-25,21,-77,50,-6,-39,-59,22,-17,-27,61,42,-20,11,20,62,1,-41,34,19,-63,-9,14,30,50,0,39,-55,-57,-65,5,4,62,83020
48,23,92,-39,-9,-30,60,25,-39,9,-54,54,-34,-30,30,22,87,15,53,-15,-66,-40,23,65,39,-7,12,19,66,89,55,3,-44,50,45,-2,35,-7,-43,67,11,-13,39,37,-15,32,-34,8,1,-3,1,53,-57,-12,-40,6,22,4,-27,20,62,0,80,35,65,-26,23,-24,34,-58,-35,10,26,16,43,7,24,-19,40,6,-78,-28,5,82,-39,1,15,59,-35,-100,-67,16,57,-61,72,-58,24,-76,41,-3,9,64,-37,-44,47,-18,-17,-37,-26,41,-26,6,60,63,-11,-48,3,10,79,-58,2,79,-24,27,-48,-7,-95,-43,-4,-19,32,37,-6,-50,37,-32,40,4,-28,-20,55,4,-5,-24,-26,-3,56,38,-52,30,39,-11,17,-22,-3,42,-4,84,25,1,-42,4,0,-78,81,-56,5,-45,-34,-44,-6,-47,19,0,56,81,17,21,-18,9,28,59,-52,34,-40,-49,82,-43,55,-39,-8,25,-9,81,-28,22,-9,63,42,19,0,-39,85,-30,36,-19,55,39,-25,-24,14,-14,9,100,-24,22,12,-22,27,-44,9,25,-15,-32,3,36,27,16,6,15,13,86,83057
11,23,100,-25,-1,-79,12,87,-41,13,-81,83,0,11,18,-15,5,2,54,3,-30,-50,1,78,-3,55,58,-20,70,99,17,-29,-33,51,48,0,68,-44,-55,100,-32,57,12,21,22,-4,-33,-17,-24,3,10,60,-80,-24,-30,-30,-17,-52,25,76,78,-35,82,36,100,-42,11,-30,2,-58,-33,36,11,62,77,15,3,-60,26,-25,-95,-83,9,47,10,7,-24,-2,-3,-67,-27,49,43,-29,3,-69,-12,-96,33,-3,-9,82,-28,-30,85,2,-32,-29,30,76,-43,6,41,67,33,-52,4,33,72,-27,57,24,-27,8,-62,-2,-60,-30,2,-13,-4,20,28,-47,9,-18,20,20,-5,-25,50,38,14,16,-30,-30,1,-11,-8,88,7,-29,71,-26,-52,18,-69,58,22,17,-49,28,3,-43,29,-45,-20,-44,-5,0,-35,-11,28,-70,58,72,36,-17,-30,44,69,84,-14,19,-40,-89,37,-30,77,-25,0,22,-5,51,-33,-19,37,48,-12,39,4,-52,5,-17,-7,-35,0,-19,24,7,46,-1,-17,39,-27,-7,0,-39,16,-28,-15,4,-33,-1,33,37,3,-25,-21,24,-20,52,83066
1,25,48,-9,-4,-15,30,5,-35,6,-17,65,-12,-44,25,11,53,-21,24,16,-32,-1,7,35,40,53,-5,2,8,45,27,8,-25,36,58,12,37,-6,-48,58,8,57,8,19,-41,1,-34,22,6,9,12,43,-18,-2,-23,8,23,-7,-28,41,35,10,41,28,58,-18,15,30,-18,-15,-35,13,8,5,6,5,-1,-1,18,17,-40,-11,0,35,-46,12,-35,15,42,-45,-37,19,73,-55,46,-54,30,-39,22,-19,7,81,3,-16,20,-8,-26,-32,-31,42,-19,-9,27,46,14,-9,-25,30,55,-53,-4,31,-20,44,-51,-13,-45,-29,-2,-11,4,26,-34,-2,46,-9,20,-52,-12,-1,32,29,12,15,39,-1,26,-5,-34,10,-2,-24,40,-18,-12,8,-12,45,25,-62,2,9,1,-28,32,-34,9,-29,43,18,15,-17,20,-11,25,56,8,9,-21,12,6,65,-28,24,-35,-30,35,-15,79,-10,-2,19,-15,44,10,3,15,67,40,28,30,0,57,-9,20,-28,29,-5,-28,0,18,21,22,33,-1,-2,-26,11,23,-26,-1,5,7,-11,0,29,-10,12,-34,0,14,34,83067
-15,-6,26,-27,-16,-70,-20,55,-38,-15,-15,28,-17,10,19,-27,-26,66,-12,-25,34,-96,3,61,-14,39,60,4,8,36,-15,5,-80,88,-16,-23,56,-13,-13,79,-68,51,7,30,-42,-42,-32,8,-6,-16,-14,100,-13,-35,-76,4,-41,-20,52,51,60,-65,31,50,83,-35,-6,-61,24,-28,-31,-6,-2,77,81,-15,-4,-32,-3,-26,-58,-73,-12,69,9,-12,-6,-53,18,-52,29,42,33,-13,-34,-94,24,-60,5,-28,12,60,31,20,86,77,30,-39,60,74,-36,57,31,74,-20,-28,-31,42,59,-2,52,15,-29,-30,-89,16,-45,-47,-29,-22,-47,11,-34,-56,-23,-29,35,-9,-22,-93,74,60,94,-11,-65,-10,1,9,-4,55,-23,3,42,-27,-26,10,-35,67,54,-6,-53,41,-25,11,79,-58,-31,-48,3,-20,-65,-30,57,-41,-2,60,16,-28,1,0,76,34,0,8,-39,-100,79,19,49,-27,-13,-16,14,61,22,6,-22,42,-24,51,53,-30,-37,-29,43,18,5,1,65,-30,32,-22,8,30,-96,-19,51,-38,17,-30,-3,-11,-53,-22,55,57,26,34,7,24,-37,70,83074
-18,35,36,-18,-12,-45,24,32,-21,10,-11,51,-20,-33,11,-1,-3,5,20,8,26,-38,32,30,9,15,38,12,0,35,26,22,-65,5,26,-4,35,-1,-26,10,-31,10,16,34,-2,-20,-17,12,14,-3,0,-4,-11,-11,-64,22,-20,-35,38,-2,32,-29,1,30,13,-15,0,16,42,-10,-17,4,6,15,44,8,8,-14,-6,-29,-21,-45,7,58,-37,-1,-26,-23,-20,-43,24,4,24,7,-20,-38,20,-19,-4,-8,22,29,36,-4,50,35,-32,-25,30,35,-16,47,42,46,21,-66,-4,-23,48,8,42,5,-27,19,-32,0,-39,-30,-24,-8,-22,14,10,-6,18,-20,36,17,16,-36,41,-5,27,-38,10,-7,29,-25,-2,31,-17,-19,4,-25,-36,22,-5,51,8,22,-7,-4,-25,1,33,-29,-9,-28,-17,22,-42,14,11,-4,21,48,14,-1,-15,10,13,53,-3,16,-21,-48,35,-3,21,-19,-10,38,0,49,25,11,16,23,4,-19,47,-63,-23,-18,7,-29,30,-23,33,-22,3,18,12,9,-36,8,5,-11,9,-39,-4,11,-35,-23,-10,29,34,3,-31,7,-18,62,83084
-15,20,30,0,-13,-55,33,33,-38,8,-25,39,0,-10,8,-22,-2,28,3,10,17,-29,3,37,-9,13,21,3,-17,28,33,15,-69,35,45,-14,51,-42,-18,47,-1,16,6,37,-26,-34,-37,4,-2,-16,29,21,-26,18,-66,16,6,-16,27,20,42,-8,10,61,53,-12,-62,-14,57,-20,-36,-7,-52,35,5,5,4,-7,6,-26,-36,-52,15,90,-23,29,-53,-36,-14,-30,14,-4,57,0,-24,-54,44,-34,0,-27,8,40,32,-12,8,35,-45,-33,48,48,-13,43,28,84,1,-67,-34,0,61,0,23,-3,-24,25,-48,-7,-30,-37,-19,-13,-35,21,-21,-16,25,-8,41,78,47,-35,52,19,24,-42,-12,-11,41,-28,-20,35,-21,-35,25,-23,-21,12,-18,43,37,71,-13,-10,-17,-1,67,-62,27,-57,-14,2,-37,35,37,-22,8,62,39,-24,-30,-11,30,38,-19,20,-39,-65,74,-13,31,0,-16,13,-10,46,37,0,2,49,-6,-10,70,-55,-22,-7,36,-39,43,-32,50,-60,-6,3,6,11,-36,1,31,-2,5,-43,-1,0,-35,1,-15,62,62,15,-62,2,1,88,83090
-1,41,82,-5,-6,-72,38,36,-36,-35,-13,35,-41,10,24,-8,10,5,37,-4,-3,-81,1,68,-13,64,41,12,26,84,51,5,-81,33,13,3,78,-21,-29,87,-51,54,29,33,-24,-19,-33,8,0,11,-13,45,-13,-53,-76,13,-45,-39,39,-14,76,-61,20,43,95,-14,-22,-20,42,-28,-32,-10,-12,50,20,-38,11,-41,11,0,-44,-80,-36,79,-15,-14,-3,-10,-1,-86,-5,25,68,-32,-18,-63,36,-43,2,-12,11,64,28,8,45,28,15,-30,3,59,-15,23,25,72,6,-53,1,-14,52,-21,31,13,-20,8,-52,23,-72,-17,-25,-11,-25,36,-8,-56,15,-28,34,21,58,-64,73,32,49,-38,-33,-12,8,16,-25,36,-13,-7,-20,-20,-40,30,-27,78,20,13,-56,27,-23,13,58,-50,-48,-46,4,56,-69,40,30,-25,49,51,29,-7,-7,-13,52,43,-23,37,-36,-100,49,-3,53,-6,-8,38,22,69,-4,3,0,56,-5,-6,35,-41,-18,-28,65,6,4,-8,7,-23,23,-7,8,51,-70,13,-1,-36,25,-50,4,14,-51,-50,25,40,14,25,1,13,-41,82,83116
-19,-48,45,-36,-4,-56,50,64,-58,15,-83,27,-10,-61,17,-21,-43,25,2,-61,3,-35,-4,70,-15,42,13,-22,-58,51,63,-12,-52,82,35,0,60,-33,-45,58,-46,49,-9,29,14,-6,-45,-4,-45,-2,-4,89,-83,-13,-48,-16,-14,3,26,20,73,-39,-57,63,57,-29,14,-18,55,-40,-45,-46,15,58,55,16,-5,-55,27,5,-95,-62,-24,46,-70,-4,15,-19,-12,-34,0,33,48,-35,-9,-4,13,-92,26,-90,0,74,-30,-21,58,-45,-9,-52,10,54,-29,11,-18,49,29,-27,-94,48,84,-34,12,13,-40,36,-7,-15,-36,-35,0,-17,-13,-2,12,-49,35,-42,32,46,88,-23,42,8,-58,-5,-15,-31,16,-69,-26,60,-18,-25,16,-40,0,2,-57,41,40,46,-55,25,1,16,44,-58,-22,-61,-11,-5,-47,80,44,-63,4,85,19,-23,-25,-46,57,25,-22,-2,-57,-79,48,-19,76,-36,-5,-49,-17,40,6,-21,33,46,-17,49,46,-16,-15,-42,-2,-10,19,-69,15,-7,33,-71,-5,14,-28,-14,22,-25,18,-37,-2,-10,-39,-18,20,61,49,0,15,-6,-11,46,83119
-24,-10,34,-3,-17,-10,30,52,-35,32,-44,61,47,25,19,-13,-13,17,-18,-35,2,20,7,44,32,0,5,32,6,30,35,15,-26,-11,38,3,15,-17,-24,39,-44,-3,13,-2,-32,6,-35,6,0,0,-14,-1,-44,-9,-23,17,-14,34,24,42,45,-51,20,37,40,-19,-40,-23,32,-13,-34,-8,-25,23,26,30,4,-5,10,-15,-63,-6,33,63,26,-16,-31,-29,-31,-24,0,-10,86,-28,-11,-61,2,-64,4,-42,13,53,-1,-17,36,28,-3,-39,20,14,-20,-4,19,55,-15,-33,-46,-15,74,-26,2,-31,-15,29,-53,3,-16,-43,14,-15,3,1,-29,12,32,-12,-2,55,-36,13,12,3,38,-65,-23,-5,49,3,-29,55,-29,1,36,-16,22,16,-23,16,45,43,14,-7,15,-13,64,-31,1,-26,-32,-18,2,-48,43,-22,-12,77,39,-14,0,-9,30,62,-27,1,-35,-40,63,-21,40,-4,-17,-12,0,13,-3,31,-13,86,32,-18,9,-21,0,-10,-6,-4,53,-3,18,-69,-11,-35,6,-11,12,1,15,13,17,-47,0,1,-2,49,-4,37,31,-29,-28,0,-19,61,83120
-25,-44,48,-36,-21,-86,0,73,-55,14,-78,27,-38,100,13,-25,-4,54,-21,7,35,-77,-6,71,-100,53,12,21,-3,54,11,16,-78,0,4,-10,0,-6,-8,7,-49,60,21,37,21,-25,-53,-15,-66,-5,3,11,-76,18,-75,8,-34,17,59,30,74,-30,9,82,8,-43,-56,-73,38,-100,-53,-11,-25,36,90,12,20,17,3,-35,-89,-92,7,45,85,5,3,-16,-81,-40,39,17,94,-16,-20,-38,10,-87,13,-51,3,10,-23,-28,97,59,15,-58,50,15,-46,38,5,77,28,-69,-74,25,76,-9,8,19,-37,4,-34,-18,-27,-40,0,-28,-33,0,7,-90,2,-53,35,29,26,-73,53,-10,68,-7,-78,-29,30,-38,-19,70,-25,-35,34,-34,7,31,-31,40,68,57,-94,-19,1,-63,94,-73,0,-81,-84,-23,-51,17,77,-41,-16,77,19,-26,-28,1,24,24,-24,1,-55,-100,92,-29,22,-37,-20,-55,-13,26,0,25,16,68,-100,32,21,-61,-34,-53,-6,11,47,-38,53,3,12,-5,-15,11,-74,4,54,-41,13,-25,-5,2,-29,-51,-14,84,35,2,20,9,-17,38,83131
8,-61,85,-31,1,-34,6,90,-60,-15,-94,89,19,35,32,-23,50,-36,43,-19,-82,-25,36,41,-23,-19,8,-7,46,87,5,-39,13,25,52,11,44,-12,-34,65,-31,-24,-5,-5,-23,-1,-50,-22,-38,12,18,27,-95,21,12,-40,-15,-36,-40,33,44,-29,58,72,62,-57,16,-51,-45,-73,-50,-14,25,79,67,-13,-3,-58,45,-28,-100,-34,24,14,33,18,-40,25,1,-67,-80,58,79,-60,33,-74,-2,-100,40,-52,29,28,-20,-28,70,13,-26,-50,-37,45,-57,14,42,64,-1,-52,-50,38,81,-58,6,33,-31,15,-76,-18,-61,-46,-7,-29,0,-6,-16,-66,14,-32,-9,-41,-10,-1,46,27,9,34,-56,-44,29,-3,-55,89,7,-40,33,-33,-42,15,-36,43,58,-36,-67,13,-6,-52,80,-33,20,-36,7,36,-7,-10,61,-36,45,82,5,-23,-37,-17,87,84,-58,-9,-58,-73,82,-28,25,-30,0,-60,-19,38,-38,-7,-5,79,-28,33,0,-45,32,-32,33,-27,29,-11,-40,37,58,-17,-23,42,-1,-6,-40,-18,30,-48,-6,6,-5,19,11,69,-48,23,-42,30,-13,16,83137
0,0,0,0,0,0,0,0,0,0,0,0,0,0,0,0,0,0,0,0,0,0,0,0,0,0,0,0,0,0,0,0,0,0,0,0,0,0,0,0,0,0,0,0,0,0,0,0,0,0,0,0,0,0,0,0,0,0,0,0,0,0,0,0,0,0,0,0,0,0,0,0,0,0,0,0,0,0,0,0,0,0,0,0,0,0,0,0,0,0,0,0,0,0,0,0,0,0,0,0,0,0,0,0,0,0,0,0,0,0,0,0,0,0,0,0,0,0,0,0,0,0,0,0,0,0,0,0,0,0,0,0,0,0,0,0,0,0,0,0,0,0,0,0,0,0,0,0,0,0,0,0,0,0,0,0,0,0,0,0,0,0,0,0,0,0,0,0,0,0,0,0,0,0,0,0,0,0,0,0,0,0,0,0,0,0,0,0,0,0,0,0,0,0,0,0,0,0,0,0,0,0,0,0,0,0,0,0,0,0,0,0,0,0,0,0,0,0,0,0,0,0,0,0,0,0,0,0,0,0,0,0,83140
-48,9,58,0,-26,-47,16,47,-46,-2,-7,75,4,28,27,-36,-4,39,-3,-16,24,-48,21,24,8,32,22,13,28,60,18,37,-70,41,43,8,22,-27,-40,19,-63,27,4,9,-32,-13,-47,11,-36,8,11,36,-8,-13,-67,39,-31,-2,33,10,31,-61,37,39,13,-15,-36,41,33,-60,-47,-17,-28,27,85,-7,-7,-37,13,-10,-19,-48,6,43,24,9,-31,-36,-37,-47,27,8,99,-6,-26,-48,30,-16,7,-33,24,23,4,-37,97,32,-32,-52,2,9,-16,29,27,90,4,-48,-31,10,69,-6,18,3,-33,41,-45,-13,-49,-28,-20,-18,-17,-2,-33,-29,43,-9,13,50,8,-42,63,31,25,4,41,-23,39,-5,-10,45,-46,-24,11,-30,-4,12,2,59,74,44,-25,4,-20,-34,37,-55,-17,-53,-34,6,-35,0,74,5,-1,70,38,-35,-21,-20,29,73,-15,-4,-46,-86,37,-40,22,0,-27,9,-14,61,18,12,3,93,2,7,49,-34,-28,-7,8,-29,34,-7,-1,0,15,-18,9,4,-44,-8,46,-8,28,-45,-12,-9,-30,1,-12,36,32,9,-39,1,-31,43,83204
-5,-19,79,-28,-10,-49,2,62,-43,10,-73,62,9,69,19,-11,10,-3,19,-8,-37,-47,42,65,27,19,1,14,-1,85,7,-31,-56,2,27,9,53,-23,-43,78,-75,7,9,26,20,1,-35,-13,-51,12,-25,12,-74,-43,-55,-34,-28,-15,25,71,68,-67,0,49,88,-31,6,-77,38,-52,-35,9,16,69,89,8,-1,-5,17,-16,-100,-51,0,89,64,-27,-28,-11,-29,-81,-34,12,48,-59,2,-20,11,-100,16,-45,32,75,-12,-6,100,32,-6,-40,23,64,-32,-4,9,71,-31,-47,-44,29,78,-54,-8,15,-24,29,-6,17,-80,-38,19,-7,-2,27,11,-56,35,-50,28,17,53,-37,50,34,33,-88,-81,-12,10,4,-46,58,-5,3,71,-24,-17,13,-46,69,42,11,-55,33,22,-18,93,-44,-50,-44,-19,1,-45,35,49,-47,26,79,32,-13,4,12,66,65,-49,26,-44,-81,96,-14,71,-29,-9,-26,12,68,-28,13,-44,31,24,20,0,-42,-1,-49,12,-10,14,-12,27,-91,11,-13,-12,15,-37,-5,-8,-34,17,-34,-4,-2,-35,4,46,46,32,9,-26,13,-25,88,83222
-45,12,65,0,-18,-15,10,35,-41,-6,-28,74,0,28,5,-27,-16,30,6,-17,25,-14,16,23,-17,16,17,-4,36,70,4,0,-43,-34,45,-6,12,-9,-31,23,-46,28,-3,-1,-11,-19,-38,-1,-14,-6,11,-21,-27,-8,-44,-2,-17,5,36,38,21,-59,45,40,26,-37,-71,27,-62,-1,-38,-19,-46,-6,-33,-5,-9,-12,11,-28,-34,-9,7,52,20,11,-35,-37,32,-20,19,9,15,9,-26,-34,5,-35,15,-31,29,40,51,-16,-17,36,32,-42,-6,26,-38,28,10,69,47,-3,-26,45,54,14,19,-50,-18,19,-26,-13,-14,-39,1,-20,-17,-25,-8,-5,22,-10,-2,49,18,-9,24,30,46,18,36,-28,52,-46,-27,40,-55,-21,34,-21,-3,1,-38,23,40,51,-3,-16,4,34,21,-54,13,-43,23,92,-5,-2,32,-40,22,56,8,-24,-23,-14,0,77,-16,-26,-40,-55,17,-18,26,0,-17,11,-13,21,52,-1,49,31,-24,56,58,7,-15,-9,0,23,57,-41,-4,10,1,-16,-1,-33,-9,-17,18,0,3,-30,-21,-15,-12,7,-7,45,-59,-27,-24,6,-25,57,83274
-22,-63,1,0,-6,25,13,54,-36,41,-52,79,57,47,7,-28,32,11,-16,-10,-16,24,5,25,9,20,-11,4,38,-7,13,-12,-19,8,46,-15,61,-17,-15,28,-20,33,-25,-13,-49,0,-29,-6,-23,-20,33,-7,-52,35,-13,-9,29,-5,14,30,35,-25,55,32,41,-11,13,8,0,15,-29,5,31,42,13,35,-26,-2,26,-28,-68,33,48,39,27,31,-84,-61,22,-35,-17,10,65,-30,-7,-70,16,-72,12,-8,13,48,25,-38,11,57,-58,-31,32,52,-13,11,20,88,1,-40,-21,23,72,-37,-2,-20,-8,24,-61,-6,-36,-29,19,-11,-1,-5,-34,48,21,0,-3,39,19,8,20,5,63,-18,4,-11,-4,23,-13,55,-20,-32,25,-5,-15,-19,-61,26,41,27,52,14,19,-14,35,-41,37,-43,30,-58,10,6,43,-58,-24,73,13,-36,-20,0,28,77,-13,-7,-36,-22,36,-43,12,0,-13,-63,-10,29,1,-1,-10,68,13,17,18,-21,-2,0,38,-44,0,12,40,-17,15,-14,-8,-9,7,-36,14,16,4,-39,-25,-31,10,54,1,33,-5,32,-100,4,24,39,83277
-7,-21,93,-5,-13,-50,-24,35,-32,-2,-66,78,-14,-13,15,-10,28,0,48,3,-35,-39,37,33,31,34,1,6,-14,87,-24,-23,-70,26,56,18,46,-9,-51,18,-69,32,7,16,-37,0,-33,-7,-21,20,-23,27,-67,-45,-63,-21,-27,37,3,19,32,-74,7,54,15,-11,-22,7,15,-36,-33,8,-14,42,52,-5,3,-50,23,-3,-92,-49,-6,55,-27,-23,-45,5,9,-73,-36,23,89,-29,1,-29,12,-92,18,-31,25,54,-4,-37,62,63,-27,-35,15,50,-13,10,27,68,23,-7,-30,45,76,-27,-2,-3,-16,43,-22,-26,-71,-41,7,-7,-1,20,-27,-33,45,-12,21,34,54,-25,45,29,65,-22,11,-8,43,-25,-55,37,-12,-36,13,-14,29,17,-35,74,37,32,-30,-10,11,-12,65,-41,-33,-35,7,2,-35,36,39,-32,49,78,33,-15,-38,11,47,80,-56,17,-33,-60,65,-35,49,-5,-15,-21,-29,73,-12,8,22,86,28,47,14,0,9,-11,0,-28,44,-26,18,-27,20,2,-5,18,-28,8,-2,-33,11,-43,-7,8,-33,-18,-11,57,20,-24,-50,3,-30,54,83494
-35,-9,22,0,-7,-18,45,41,-31,42,-32,62,39,44,15,-4,-33,8,-13,-29,34,-1,-8,57,2,-12,0,11,24,19,48,23,-38,-1,38,8,29,-31,-21,47,-47,-8,14,15,-22,3,-28,3,0,5,-21,-6,-29,-8,-35,26,-10,-13,43,63,58,-55,38,37,47,0,-40,-25,17,-14,-28,4,-27,11,15,40,7,-29,6,-20,-47,-16,11,55,28,-18,-23,-35,-30,6,30,5,49,-44,-3,-69,9,-50,4,-58,-10,24,-6,-5,25,24,-25,-26,6,26,-2,20,12,65,10,-68,-49,3,60,-43,-2,-34,-15,32,-64,8,8,-38,-5,-14,4,35,-14,-3,36,-2,18,33,2,-7,23,5,33,-24,-20,-17,48,-20,15,44,-39,-3,60,-12,-24,22,-16,7,60,25,1,5,-1,0,55,-49,4,-41,-25,-7,0,-13,57,-18,-15,62,35,-5,-3,4,16,63,16,34,-31,-37,56,-13,21,0,-9,-16,4,8,20,9,11,42,-10,-1,45,-56,2,-2,-22,-24,48,-32,8,-31,2,-33,3,-15,-8,8,5,4,14,-44,-12,7,-4,41,1,39,13,-45,-30,-1,-17,58,83585
-36,-14,26,0,-15,-27,37,18,-48,23,-30,79,8,-1,8,-23,18,-22,-6,5,7,-52,30,52,-49,-13,22,-12,70,34,30,-3,-50,-29,30,-4,84,-67,-8,11,-9,-19,-13,13,-37,-9,-50,-2,-27,-7,15,-39,-27,-2,-52,4,-8,-22,10,22,58,-11,73,55,19,-9,-7,42,6,-18,-50,15,5,29,-49,22,-21,-48,9,-4,-51,-20,6,52,-18,17,-65,-17,9,0,5,15,82,-60,-26,-86,19,-52,6,-47,23,19,18,-1,-36,60,-63,-46,-13,72,-10,55,33,80,10,-49,-42,45,74,-61,17,-5,-33,3,-75,-16,0,-15,-19,-18,-4,11,-39,-1,7,-7,11,20,52,-51,52,24,56,-38,45,-9,33,7,-3,18,-33,8,32,-34,-33,-4,-36,16,58,20,3,38,-18,0,52,-49,3,-47,31,23,16,31,50,-31,3,75,46,-20,11,19,31,74,-3,9,-48,-56,57,-4,21,0,-18,-15,-19,22,42,-14,2,86,-41,34,83,-21,-20,-5,32,-61,32,0,-18,-20,20,-6,-1,-4,-49,-19,-18,-9,8,-37,-12,-15,0,18,26,54,-3,31,-76,-6,-13,50,83748
-15,-69,34,0,-6,12,52,46,-29,23,-44,57,55,38,14,-20,-1,5,5,-28,-19,47,-4,6,4,36,-26,20,41,25,52,1,15,-4,55,-3,4,2,-7,-28,1,35,-7,-13,-7,15,-27,-9,16,-5,14,-4,-42,35,16,1,15,-38,13,39,8,-3,58,16,-20,-9,32,-45,-20,-1,-26,-22,14,37,-5,18,-6,-88,31,-31,-54,15,44,26,68,16,-11,-35,-7,-24,-24,18,63,-17,17,-25,-7,-58,22,-43,0,20,16,-24,3,-21,2,-23,9,12,-10,-5,21,65,-10,-73,-40,2,58,-20,-25,-25,-15,34,-23,-13,-20,-55,22,-17,18,4,-3,13,33,-5,-15,78,7,43,1,-33,-34,41,-43,-16,25,-13,-17,50,-17,-25,44,-14,-48,-1,-40,3,45,49,15,-27,22,17,36,-44,46,-42,-2,0,17,16,43,-44,4,62,16,-23,-25,-27,28,57,-13,2,-29,12,38,-24,20,0,-10,-72,-13,1,-10,18,-10,57,1,1,3,-57,27,-5,-8,7,24,-15,12,39,14,-44,-8,-14,46,-12,4,26,12,-58,-11,-6,9,57,-26,18,-13,-26,-16,6,11,26,84140
-100,-100,-68,0,0,17,-26,-2,0,-16,2,94,73,17,-37,100,-100,32,-73,19,0,100,0,45,16,43,-39,0,-40,-69,-5,-60,9,-27,70,98,65,0,9,0,-28,-18,-1,-46,-28,77,0,-2,0,100,68,-18,6,100,24,-1,74,-3,0,-30,98,-5,-56,29,17,0,-85,-54,6,93,0,-23,-78,73,-100,-26,2,-100,0,100,-15,11,65,72,18,75,-100,-100,8,53,-1,23,-100,-100,54,-28,-3,-50,0,-1,0,100,-100,27,-95,72,1,0,-77,41,0,-23,-15,45,-26,-49,20,38,15,-90,-56,-35,0,0,-41,-3,46,0,56,5,62,0,-20,75,-9,0,-7,-100,63,100,-67,-83,65,-81,-1,100,-4,-12,20,-8,-64,0,4,0,-7,3,100,-53,-21,-100,84,50,100,100,0,2,40,3,13,-43,86,84,20,-30,-61,9,0,100,8,-48,38,100,0,0,0,69,0,0,69,0,0,-100,-3,-40,0,0,-33,-100,19,34,-54,-43,41,0,-63,15,9,-20,-37,-32,50,20,-1,-56,100,0,56,76,-43,-10,-72,6,100,66,15,99,-28,-26,-71,-9,60,50,84279
-13,-66,-42,0,0,24,-47,11,0,28,8,89,31,-19,-23,65,-100,6,-14,5,-25,56,0,29,24,-22,-94,0,38,-51,-53,-100,0,-6,93,60,-16,0,39,-16,6,-25,70,-57,-25,22,0,-31,0,-18,-35,6,15,-12,-10,-100,25,-21,-23,0,28,-30,42,46,-17,0,-30,-72,-37,100,0,-51,-30,37,-90,21,63,88,0,-53,-1,35,47,25,-17,-18,-38,-100,21,19,-42,23,-100,-72,19,-43,16,-4,0,-52,0,58,-100,32,-94,-42,0,0,-35,-4,0,-88,-89,67,-1,-39,-57,9,0,-83,-90,-69,0,2,-22,-20,28,-93,57,-80,38,0,-30,100,2,0,-63,-67,37,96,-25,65,-40,8,-70,100,-46,-8,-35,6,-50,27,2,0,-26,45,0,-17,22,-76,100,13,-7,100,23,0,41,1,16,-78,100,39,-1,-3,-15,0,0,90,26,-25,25,89,-35,0,0,74,25,-38,6,0,0,-66,-15,-26,20,0,-3,-100,19,2,-21,-35,32,0,-15,-3,-47,-2,-60,8,5,11,-22,35,100,22,-5,-1,-44,-92,-70,60,60,33,11,71,-40,-84,-69,0,17,34,84397
-74,-26,67,0,-37,-60,-19,83,0,28,-76,55,35,39,9,-18,-54,88,-54,-39,67,-52,42,58,-78,-1,17,77,12,63,-11,-27,-98,-94,27,0,-22,-21,-30,17,-85,-4,58,25,-76,-25,0,-7,-40,-3,-32,-93,-79,-37,-91,-23,-77,62,90,79,58,-100,26,65,19,0,-81,-72,-10,-87,0,-14,-89,37,-86,26,30,6,-24,-65,-88,-60,25,56,36,-34,6,-46,-58,-54,67,-23,38,16,-61,-66,13,-87,-29,-75,31,84,13,-49,-76,71,-10,0,61,-32,0,33,10,91,-11,-24,-62,-3,0,20,12,-39,0,-4,-62,-27,-40,-66,19,-50,-28,4,-68,-50,1,0,28,30,-27,-67,73,0,71,5,-86,-32,77,-32,-23,86,-79,-12,80,0,52,63,-11,52,70,17,-45,-45,22,-36,90,-76,-20,-66,-50,-3,-57,-29,74,-13,-50,0,61,-21,-10,-22,24,61,-26,7,0,-83,86,-57,79,0,-40,-22,-29,48,-16,76,-4,29,-85,-5,-11,-14,-63,0,-35,-9,78,-39,60,-26,-21,-50,-10,1,-70,43,86,-37,11,-60,-37,34,-52,33,-58,70,-8,-72,4,-1,-81,52,100707
-31,63,4,0,-5,-33,-40,16,0,14,-1,27,-16,25,5,3,-25,42,-23,0,71,-62,49,40,11,23,13,3,4,0,-36,20,-68,40,-5,-12,-6,-6,-12,24,-40,21,25,37,18,-29,0,15,11,-18,-29,33,-1,-36,-67,14,-32,0,73,66,38,-45,12,25,26,0,-64,-39,31,-20,0,14,-65,22,-4,11,9,10,2,-16,-29,-32,-30,78,18,-27,18,-49,-25,0,71,-3,10,-2,-44,-10,32,-30,0,-33,22,-1,52,18,0,-95,0,0,60,2,0,40,27,63,24,-36,-37,31,0,-5,17,4,0,-12,-6,11,2,-36,-24,-4,-27,42,22,-31,-10,0,40,-11,1,-76,54,50,-90,-31,-36,-8,38,-32,20,19,-35,25,64,0,-1,25,-7,32,42,-12,-29,-16,-25,26,22,-40,-28,-39,-30,-33,-51,-6,42,-10,-25,0,44,-3,21,13,18,27,17,43,0,-35,24,15,0,0,-6,60,14,32,29,4,23,3,18,37,46,-41,-40,0,32,3,43,-30,58,-38,-2,-1,15,18,-77,15,46,-9,5,-23,-25,11,-54,-15,-8,28,35,18,15,1,-36,77,110008
-52,-22,39,0,-26,-15,45,83,0,8,-58,74,40,66,23,-23,-22,43,-16,-15,37,-43,7,76,-78,-11,25,20,37,40,39,25,-82,2,18,-1,27,-32,-39,46,-52,-20,5,14,-44,-17,0,14,0,-2,-15,6,-57,-21,-79,27,-35,27,36,44,74,-42,52,71,52,0,-23,-40,34,-29,0,-18,-14,33,63,6,-4,11,-10,-64,-85,-15,71,42,60,-15,-36,-66,-64,-22,33,3,92,-39,-35,-76,5,-80,-14,-82,5,-40,54,-17,79,-16,-52,0,-5,30,0,36,17,85,-31,-55,-92,7,0,-40,18,-8,0,28,-71,2,-28,-42,-24,-16,-22,3,-34,8,31,0,17,-63,-29,-49,58,46,-23,-23,-15,-7,49,-51,-30,80,-48,0,41,0,17,15,-10,34,65,-67,9,9,-20,-14,95,-49,-25,-50,-60,-30,-43,-40,62,-8,-20,0,52,-22,2,-27,31,70,-24,0,0,-63,99,-18,-43,0,-31,-31,2,39,-4,20,-27,91,-77,-3,23,-40,-39,0,14,-50,55,-41,5,-23,2,-26,11,-12,-49,-9,39,-9,22,-37,-21,-4,-40,36,11,74,22,34,-43,-6,-31,50,132740
-19,-48,45,-36,-4,-56,50,64,-58,15,-83,27,-10,-61,17,-21,-43,25,2,-61,3,-35,-4,70,-15,42,13,-22,-58,51,63,-12,-52,82,35,0,60,-33,-45,58,-46,49,-9,29,14,-6,-45,-4,-45,-2,-4,89,-83,-13,-48,-16,-14,3,26,20,73,-39,-57,63,57,-29,14,-18,55,-40,-45,-46,15,58,55,16,-5,-55,27,5,-95,-62,-24,46,-70,-4,15,-19,-12,-34,0,33,48,-35,-9,-4,13,-92,26,-90,0,74,-30,-21,58,-45,-9,-52,10,54,-29,11,-18,49,29,-27,-94,48,84,-34,12,13,-40,36,-7,-15,-36,-35,0,-17,-13,-2,12,-49,35,-42,32,46,88,-23,42,8,-58,-5,-15,-31,16,-69,-26,60,-18,-25,16,-40,0,2,-57,41,40,46,-55,25,1,16,44,-58,-22,-61,-11,-5,-47,80,44,-63,4,85,19,-23,-25,-46,57,25,-22,-2,-57,-79,48,-19,76,-36,-5,-49,-17,40,6,-21,33,46,-17,49,46,-16,-15,-42,-2,-10,19,-69,15,-7,33,-71,-5,14,-28,-14,22,-25,18,-37,-2,-10,-39,-18,20,61,49,0,15,-6,-11,46,146741
1,-100,-46,0,0,100,36,52,0,100,100,100,93,-5,-8,5,-100,-21,31,15,2,61,0,92,55,50,-14,0,90,-42,37,-100,43,-3,60,-32,-100,0,-6,4,-37,54,-11,-100,-42,34,0,9,0,-35,37,-3,100,53,44,23,32,-23,-32,57,93,-28,88,-67,6,0,-11,-38,-8,100,0,35,-9,-49,-100,100,-18,-100,0,-60,36,100,36,81,-5,25,-11,-100,0,-9,5,-100,-100,-58,66,20,-24,-58,0,77,0,100,100,-100,-100,87,13,0,-100,-100,0,-27,-1,51,-100,98,76,71,55,-56,-14,-48,0,2,30,84,-12,-100,96,23,30,0,-42,100,2,0,-100,24,51,62,1,-40,84,54,-38,100,100,-10,-16,50,-2,0,58,0,-25,-5,-100,0,100,24,100,-100,99,100,-60,36,43,52,0,-10,100,41,100,-100,29,53,0,14,0,39,-39,100,-15,0,0,78,-64,-100,100,0,0,100,76,0,18,0,-100,-100,59,69,9,99,63,0,-52,13,100,-9,-100,64,-100,15,1,-53,62,-4,-22,13,-25,-100,74,24,100,90,-100,-67,-2,-29,-10,-27,30,81,152723
-1,-22,35,-20,-7,-68,27,-10,-42,0,-42,21,-60,14,8,-34,3,10,32,8,-18,-82,58,26,2,74,32,7,0,46,25,5,-58,52,5,0,66,-15,-22,46,-17,66,-13,9,33,-19,-40,-7,-55,16,41,74,-45,5,-60,3,1,14,0,18,34,-4,-5,50,52,-27,-14,33,46,-44,-39,-9,-6,25,68,-1,-1,-11,37,50,-41,-78,-54,52,6,45,-8,0,-2,-69,-15,30,55,-3,42,-23,23,-41,26,4,52,15,9,-37,75,32,11,-38,3,51,-27,27,-15,62,34,-23,15,0,56,8,25,8,-25,17,-27,-23,-58,1,5,-16,-25,18,25,-42,18,-22,4,24,18,-57,47,58,45,7,16,-15,11,-20,12,-15,-3,-60,20,-26,2,-4,-24,66,17,19,-47,4,6,-14,50,-44,-21,-52,13,42,-35,28,30,-21,46,56,-12,-29,-58,-18,31,23,11,16,-42,-100,51,-42,6,-20,-11,-25,-22,55,0,3,20,62,8,-12,38,-11,26,-21,25,-1,5,-20,2,9,34,12,-6,5,-58,-17,4,-43,8,-22,16,-17,-11,-69,0,40,33,37,16,0,20,56,179765
-37,-18,52,-14,-18,-40,66,37,-49,16,-58,61,10,77,12,-30,-30,25,-3,-26,22,-32,3,46,-30,40,25,10,16,51,71,19,-52,33,45,-1,49,-27,-40,33,-25,36,-8,2,45,-11,-49,0,-48,0,19,33,-56,-9,-48,22,-13,0,29,60,51,-40,35,71,34,-22,-58,-26,46,-33,-48,-10,-55,38,43,13,0,21,12,1,-60,-45,-1,84,67,14,-33,-41,-35,-26,22,4,92,-21,-22,-30,20,-61,7,-67,4,29,25,-45,51,35,-21,-48,8,48,-23,24,-2,79,-10,-57,-60,-31,81,-17,18,-36,-28,39,-13,-27,-26,-34,1,-14,-17,37,51,-16,43,-22,6,83,54,-17,38,21,31,2,-28,-13,48,-52,-26,38,-42,-57,58,-25,-12,5,-29,35,52,69,-15,-17,2,-1,80,-57,-3,-52,-35,-20,-28,34,57,-30,-2,83,29,-31,-56,-11,42,65,-24,35,-49,-92,81,-46,39,-16,-20,-20,-33,36,38,6,-6,80,-32,-25,63,-49,-26,-20,3,-21,50,-68,14,-5,2,-34,-1,-14,-21,-7,26,-6,11,-44,0,-7,-19,8,-21,74,40,-15,-42,-8,-16,86,189805
-21,-35,24,-6,-14,-36,20,60,-47,33,-22,52,26,30,17,-12,1,17,-8,-21,25,-38,-7,43,-7,0,14,16,66,17,21,17,-46,8,21,0,24,3,-12,18,-47,4,23,9,-7,-11,-48,6,-4,-2,0,5,-22,-20,-44,20,-3,-30,39,-12,42,-49,83,30,26,-14,-7,-17,-19,-18,-48,-11,1,23,-5,29,23,0,14,-22,-39,-35,22,26,23,0,-50,-23,-28,-43,20,19,83,-17,-10,-41,5,-43,19,-42,-5,28,9,-12,-3,-54,-34,-47,23,28,-15,40,22,63,19,-60,-45,28,71,-19,13,-18,-23,11,-37,0,-42,-33,-1,-9,-10,36,-2,-7,13,-10,12,40,1,-39,42,-22,-52,21,-19,-14,12,0,-16,63,-21,-5,-18,-23,-39,33,-21,43,38,28,-1,0,0,-15,34,-33,-10,-27,-27,4,-17,-3,35,-21,-12,73,22,-16,-4,-9,24,54,-12,36,-47,-60,30,-13,14,-6,-15,-35,-3,46,22,19,23,80,-4,29,41,-51,-4,-10,7,-32,15,-9,28,18,16,-14,5,-7,-39,19,13,-8,15,-31,-11,17,-20,27,1,32,-15,-10,-55,6,-9,24,197781
-26,-35,24,-22,-27,-62,46,52,-46,14,-35,51,-24,-5,21,-24,7,68,-28,-23,70,-76,-6,44,-60,29,39,19,12,22,45,44,-93,43,15,2,27,-15,-34,-12,-28,32,12,41,-23,-38,-42,18,-3,0,21,50,-35,-5,-91,47,-13,3,80,9,43,-29,39,78,-3,-27,-72,-26,55,-62,-41,2,-68,26,5,11,20,18,20,-15,-38,-58,0,74,-20,21,-40,-42,-63,-56,63,17,94,27,-43,-72,40,-34,21,-34,3,30,24,-45,7,-50,-44,-50,33,27,-28,55,25,86,33,-57,-40,-21,86,28,42,9,-35,15,-67,-29,-42,-38,-25,-23,-39,21,-10,-19,17,-30,43,84,-10,-71,67,-9,-43,-8,-29,-14,50,-6,9,55,-27,-66,3,-34,8,30,-15,58,45,72,-15,-36,-23,-35,88,-53,0,-49,-59,-21,-45,-9,39,-15,-26,85,34,-23,-64,-5,28,51,18,20,-46,-98,89,-48,30,-22,-28,-45,-29,49,40,20,40,95,-57,-29,69,-42,-39,-30,46,-43,50,-11,35,-11,16,-27,17,19,-71,8,66,-20,19,-36,-11,3,-46,-24,-38,75,57,40,-44,-3,-15,78,199158
-43,21,55,0,-8,-1,17,61,-27,18,-25,74,58,-52,14,-22,-51,-6,21,-30,14,47,-18,33,-10,57,1,10,37,44,14,-47,-5,-38,56,-23,45,-31,-27,52,-20,67,-1,-19,-71,11,-22,-4,3,-28,5,-42,-23,-8,-3,-46,-10,37,20,10,30,-44,63,33,53,-9,-74,14,20,9,-23,0,-84,29,-44,14,-6,-33,7,-30,-69,5,38,81,-56,5,-25,-29,67,15,12,1,58,-41,-27,-49,-17,-72,-3,-25,2,40,43,26,-36,50,-9,-24,-6,49,-9,9,37,58,0,54,-26,62,59,-41,-2,-80,-7,28,-46,-4,21,-38,1,-24,15,5,-70,16,31,0,-15,17,42,30,5,21,48,-38,19,-44,41,3,-11,65,-52,12,3,-8,32,2,-44,-10,59,5,23,31,2,13,31,-55,18,-43,65,30,15,30,54,-44,18,60,29,-28,9,0,31,76,-12,0,-27,-21,30,22,32,0,-13,16,-8,-11,34,7,2,57,-6,61,49,55,-9,0,-40,-9,45,3,-7,-50,-2,-27,-4,-47,30,-15,-6,35,13,-33,-18,-9,-1,68,34,32,23,-73,-38,-6,-24,78,203004
-21,37,44,0,-5,-40,-39,0,0,-52,-13,20,-24,8,7,-2,-18,1,-1,-2,2,-29,6,37,2,4,0,4,27,42,-39,-17,-30,22,19,6,11,22,-13,29,-38,18,25,9,-47,-12,0,4,15,0,-20,25,-16,-14,-30,-20,-25,34,64,64,31,-46,44,33,28,0,-24,0,-22,-23,0,-26,-26,-24,33,-50,13,-56,-15,-17,-52,-32,-15,45,0,-18,-12,-22,-10,-27,-2,11,22,-10,-32,-21,18,-52,-13,-38,4,-18,30,-2,17,25,-2,0,5,17,0,19,39,57,-20,3,-35,19,0,-9,2,-22,0,18,-17,3,-19,-17,-12,-16,-6,46,-41,-39,18,0,10,14,28,-34,43,21,24,13,0,-7,37,-17,-29,3,-25,4,64,0,25,24,1,34,44,17,-32,0,-10,8,61,-47,2,-39,-16,8,-40,9,41,4,3,0,36,-3,-1,-23,-16,18,-28,44,0,-25,58,-6,-12,0,-5,36,2,32,-1,7,-17,24,5,22,17,4,-21,0,1,-3,42,-25,-1,-4,11,0,2,-9,-33,13,0,-4,6,-6,-13,12,-57,-16,4,34,-16,-16,-12,-5,-35,41,203299
-53,-25,9,-20,-34,-54,17,84,-49,14,-54,53,22,100,14,-24,-13,73,-41,20,69,-53,20,66,-65,43,15,31,64,5,28,23,-84,11,33,17,15,-31,-53,44,-54,36,7,28,29,-29,-46,-2,-15,18,-4,8,-51,-11,-78,23,-30,13,78,58,75,-55,68,67,51,-27,-36,-30,17,-66,-46,-7,3,12,37,9,0,-9,-1,-49,-65,-59,30,41,79,-9,-45,-66,-56,-27,71,16,72,0,-42,-38,9,-65,-6,-63,13,19,27,-38,55,-52,-44,-59,44,16,-29,40,16,81,35,-65,-71,27,82,1,15,-23,-37,13,-30,-11,-22,-21,-7,-24,-36,29,35,-19,12,-31,33,51,3,-60,48,-30,-43,27,-29,-10,36,-26,-10,83,-56,-31,61,-35,-1,19,-34,34,61,48,-21,-11,-7,-31,78,-64,-9,-63,-60,-28,-42,-17,69,-37,-38,84,54,-27,-28,-12,13,58,-13,30,-49,-86,81,-42,8,-22,-39,-36,-15,32,26,28,24,74,-70,21,44,-47,-47,-31,6,-40,47,-34,48,28,15,16,-2,-8,-65,6,74,-25,14,-26,-20,2,-24,11,-11,69,3,-18,-48,-5,-29,48,205288
-28,2,24,0,-14,-41,-28,35,0,26,-8,8,9,29,0,-8,-44,78,0,25,46,-24,13,0,21,-10,27,24,22,24,-25,12,-63,3,10,-21,37,-27,20,0,-40,-9,-2,21,6,-33,0,4,8,-24,-7,3,-8,21,-62,8,-12,-10,82,48,-1,-44,22,34,3,0,0,-17,9,-25,0,-3,11,34,0,23,-10,-31,-24,-35,-20,-40,7,67,25,-4,13,-45,-18,-23,45,8,2,39,-52,-4,1,-16,-28,-11,3,-7,51,-17,-3,-25,26,0,46,42,0,62,44,52,-10,-43,-14,43,0,42,25,-21,0,-1,-5,-25,-22,-12,-6,-5,-33,31,3,-21,-1,0,20,41,-6,-27,39,-25,-21,26,-16,8,18,-26,16,37,-27,-22,52,0,-6,-1,-12,30,31,44,-18,-15,-4,17,41,-34,22,-30,-21,-14,-47,0,30,-18,0,0,87,-10,-24,0,39,10,18,30,0,-1,41,-16,-18,0,-17,-3,-27,27,25,24,-12,7,25,46,35,-47,-51,0,-10,25,20,-24,42,28,1,17,5,-14,-32,-8,74,6,0,-11,-1,-8,-50,12,-5,37,7,-12,13,-2,-14,66,206626
-46,-26,24,-17,-18,-33,27,57,-46,23,-56,62,-6,-31,11,-17,-5,41,-41,-2,50,-74,11,51,4,34,26,20,-38,23,29,14,-81,26,16,23,35,-20,-31,52,-49,38,17,14,13,-10,-46,3,-20,18,-6,2,-55,-32,-72,16,-32,33,84,13,48,-80,-25,77,55,-18,-48,-1,-4,-36,-46,19,-50,16,-15,14,12,32,-5,-22,-68,-35,3,89,-38,-9,-34,-58,-38,-35,53,0,81,13,-41,-28,10,-68,-8,-55,12,44,13,-35,0,-45,-50,-52,23,34,-20,53,36,91,0,-29,-56,7,77,7,35,-36,-32,26,-21,-1,-32,-18,-16,-15,-14,11,19,19,24,-19,22,90,22,-39,37,-21,-38,-84,-4,10,33,-21,25,60,-53,-29,0,-29,29,28,-35,39,43,88,20,-15,-17,-28,79,-38,-13,-37,-34,-29,-28,10,48,-33,-36,79,39,-26,-34,23,20,66,19,10,-46,-83,79,-38,36,-18,-22,-22,-3,40,16,17,10,72,9,2,38,-22,-36,-18,4,-36,35,-27,23,-95,3,1,1,4,-44,13,50,-25,9,-18,-7,6,-25,-9,-20,75,-1,-26,-53,-8,-38,89,207431
-9,57,23,-2,-14,100,34,-44,-45,5,-19,66,38,5,48,-72,-41,20,14,-9,8,89,22,-95,39,12,22,10,-69,27,37,40,-10,100,29,-2,-75,-18,-37,88,-37,19,6,12,-31,12,-35,76,22,2,-77,52,-19,100,-9,40,27,49,64,71,-95,15,-65,50,88,0,-20,-13,-58,-10,-35,-16,-14,95,49,54,16,10,12,82,-17,100,-49,87,4,-76,79,37,-2,-38,2,52,56,12,83,-90,82,-15,6,-7,12,58,48,32,43,-29,-27,-37,81,-70,100,100,45,100,-50,7,-11,19,39,12,61,11,-14,31,-88,50,-3,-48,30,8,16,19,-24,7,33,-6,10,25,-16,52,4,-4,-60,13,-22,100,100,-55,-15,-100,-11,7,67,-14,49,-18,-11,-4,51,81,9,19,34,26,98,-43,79,41,0,-45,-39,-21,19,-11,-12,39,28,-71,7,-14,100,29,-14,18,-44,-23,100,31,56,-1,-17,52,50,94,32,9,-49,50,34,15,28,15,-21,-6,12,-27,100,-54,4,14,52,-9,42,-44,44,18,52,61,15,-43,-3,32,-56,29,18,51,-60,11,-23,16,25,87,209316
-21,-48,36,-10,-17,-16,54,26,-51,51,-75,62,27,18,7,-29,-17,9,1,-31,-9,2,9,72,14,12,15,-14,38,40,49,-5,-8,24,42,-15,41,-30,-22,6,-24,24,-20,-9,-17,18,-42,-7,-28,-13,14,24,-74,-1,-8,-5,12,29,1,47,71,-27,54,57,10,-13,-30,-6,12,-33,-42,-9,-30,58,26,52,-2,-50,13,26,-84,-13,6,21,17,14,-23,-8,-9,1,-9,20,38,-52,24,-40,3,-82,12,-100,2,47,-24,-30,30,28,-17,-47,-16,46,-13,9,-17,44,25,-26,-100,25,75,-50,11,-38,-22,48,-39,-29,-4,-35,23,-10,19,27,-10,-19,48,-17,-10,29,23,15,19,22,29,-9,-3,-17,57,-54,-12,25,-24,0,49,-23,31,-2,-40,10,42,31,-21,20,25,-14,54,-61,-1,-61,-15,-15,10,24,42,-41,6,76,29,-30,-4,-6,56,57,-9,26,-51,-65,57,-26,42,-10,-15,-52,-30,14,30,-12,32,34,17,24,64,-17,26,-16,-30,-18,56,-58,-15,-16,18,-30,-8,-27,16,-14,6,4,6,-35,3,-8,16,31,26,60,15,-35,-24,-24,12,25,209483
-28,-15,30,-15,-16,-60,43,46,-33,-28,-36,15,-35,68,24,-21,-31,50,-18,-26,28,-75,4,52,28,20,18,17,-8,33,52,34,-77,70,6,6,31,-9,-27,42,-58,22,20,24,-11,-42,-30,8,-8,11,5,84,-35,-23,-72,39,-38,7,61,19,56,-62,24,69,32,-20,-46,-28,18,-41,-30,-24,-23,29,47,-30,11,-12,8,-3,-40,-63,-28,68,56,5,-21,-40,-65,-67,26,16,58,-8,-62,-45,27,-43,12,-30,15,52,27,-23,65,41,9,-39,56,40,-20,31,3,80,-25,-41,-31,-2,71,0,15,0,-26,17,-40,-3,-50,-48,-7,-13,-46,-10,6,-60,20,-25,27,34,34,-72,64,17,78,-5,-27,-19,18,-34,-25,47,-36,-45,15,-25,2,28,2,69,58,36,-58,-1,-3,27,97,-54,-17,-47,-75,10,-68,23,63,0,-10,71,18,-21,-47,-16,31,20,-23,-10,-33,-98,98,-26,44,-15,-19,-24,-6,57,0,14,-12,69,22,-3,26,-42,-66,-26,56,4,21,-42,56,-30,11,-19,7,21,-76,8,43,-32,24,-33,1,10,-55,-41,2,72,29,33,-14,9,-36,70,209885
-31,-31,57,-17,-18,-88,56,18,-52,0,-80,32,-34,65,8,-20,14,48,-7,2,36,-95,-9,79,-12,21,35,-8,38,62,69,-8,-97,24,25,4,68,-43,-30,45,-36,18,15,37,-31,-22,-51,-9,-85,9,17,32,-78,-22,-91,-1,-3,3,66,56,82,-40,54,78,46,-21,-47,-13,19,-80,-51,-20,-18,45,16,-5,17,9,5,11,-91,-92,-24,49,42,14,-50,-31,-30,-55,35,15,100,-21,-25,-42,30,-91,3,-82,2,43,2,-44,38,-31,-33,-50,7,67,-22,45,10,92,10,-52,-75,-13,86,-14,27,-5,-25,21,-29,-40,-56,-31,-1,-10,-28,36,-4,-56,25,-26,43,91,80,-72,64,13,-11,20,-23,-17,33,-16,-24,19,-43,-49,46,-23,0,33,-43,58,40,79,-57,-7,1,-43,80,-89,-9,-80,-37,8,-41,71,46,-42,8,84,41,-23,-50,-16,62,39,-23,39,-52,-100,81,-49,-4,-18,-18,-35,-45,63,27,-8,22,100,-19,-9,69,-46,-24,-24,39,-37,31,-32,11,24,8,-3,-9,23,-77,12,42,-51,7,-38,1,8,-28,-40,-6,79,6,-7,-47,-12,-6,62,210747
-45,-15,10,-27,-17,-24,15,71,-42,39,-52,47,38,71,12,-12,-33,33,-44,-28,42,-11,-10,50,-28,19,14,12,28,8,17,8,-61,3,38,10,10,-20,-45,24,-35,20,1,24,20,-21,-41,-1,-13,10,-3,5,-52,-6,-60,6,-17,2,62,4,48,-36,32,52,22,-20,-35,-42,14,-28,-41,0,-38,7,53,37,-3,-9,1,-39,-69,-22,23,43,68,-6,-43,-52,-27,-20,43,0,74,1,-39,-21,8,-67,1,-51,4,47,5,-16,67,0,-35,-45,55,20,-21,19,-1,78,32,-46,-59,34,72,2,14,-22,-20,27,-14,-19,-10,-37,8,-17,-21,-11,28,-5,30,-29,24,42,9,-20,30,-4,-14,14,-39,-17,46,-17,-10,70,-47,-9,1,-20,-1,8,-45,22,39,31,-3,-8,10,6,42,-41,-1,-41,-31,-51,-22,10,38,-44,-41,71,33,-13,-11,1,5,44,-12,-13,-42,-61,44,-15,38,-27,-21,-15,-20,15,21,13,33,71,-39,33,27,-45,-38,-27,-15,-34,51,-16,56,13,0,-31,-1,-15,-20,-6,34,-9,11,-27,-19,-7,-21,39,-5,53,20,-22,-41,0,-18,45,211107
-29,0,25,-9,-25,-41,27,38,-40,65,-46,52,23,-26,6,-8,-7,22,-36,11,70,-34,0,56,-28,-38,36,12,41,26,20,20,-71,12,39,10,15,-53,-32,-21,-23,-47,1,40,5,-22,-43,6,-15,7,17,6,-46,3,-71,18,5,26,63,47,58,-23,47,63,-18,-15,-66,-34,58,-42,-43,-7,-55,26,-39,62,8,11,-8,-5,-43,-41,14,67,-20,17,-45,-33,-47,-13,70,-21,68,2,-13,-49,30,-43,-7,-86,2,14,-21,-35,-23,-19,-49,-46,30,12,-16,49,22,76,30,-50,-86,-12,69,4,37,-18,-18,30,-47,-28,-18,-39,-4,-10,-24,2,8,1,29,-12,42,37,-13,-33,37,3,-37,-14,-33,-7,72,-53,30,39,-33,-25,37,-17,18,20,-5,29,41,24,2,-34,-5,-37,72,-55,9,-48,-46,-51,-13,-7,39,-6,-29,71,23,-8,-23,-7,25,53,30,2,-41,-83,74,-39,9,-9,-29,-2,-31,35,55,10,26,77,-19,-22,83,-31,-11,-10,-8,-49,71,-53,30,-16,-17,9,6,-14,-33,11,21,-4,4,-46,0,3,-12,23,-43,59,50,-21,-46,-14,2,67,211857
14,18,84,-3,8,-79,37,3,-40,-1,-50,51,-37,-71,16,9,47,-49,73,10,-69,-69,9,28,-2,22,-20,2,73,78,42,-49,-27,22,30,9,59,-19,-16,54,-25,17,22,23,-42,3,-35,-10,-23,6,-3,8,-51,-20,-27,-40,-2,-8,-50,25,36,-25,81,39,52,-16,1,-19,9,-53,-36,39,-1,44,65,-5,8,-15,22,15,-83,-67,-11,63,-81,-1,-3,60,12,-54,-66,22,78,-58,31,-35,13,-82,29,-26,5,58,10,-19,53,26,-28,-24,-42,45,-16,-28,27,36,-15,-9,-14,-14,56,-61,-14,28,-16,26,-31,-8,-60,-41,12,-10,12,49,-33,-78,28,-10,27,11,45,-39,48,22,21,14,-6,-10,42,21,-61,8,13,-22,27,-13,-4,24,-23,47,26,9,-70,20,14,-43,56,-48,-9,-42,28,50,-6,51,21,-16,76,54,29,3,-26,26,54,51,-68,47,-41,-57,60,-14,59,-4,3,24,-13,54,-27,0,-2,74,8,-13,4,-5,46,-8,5,-24,30,8,-50,3,26,17,-11,27,-37,11,-44,-42,11,-54,0,16,-16,-34,8,36,12,0,-7,-4,-14,62,212830
-43,-26,33,-15,-24,11,20,80,-48,25,-52,83,46,58,15,-30,-16,15,-24,-7,7,6,43,37,50,-22,12,28,49,44,27,27,-46,-11,53,6,5,-24,-57,12,-10,-16,-9,2,-30,-7,-45,9,-2,10,31,-9,-50,25,-47,20,-2,11,42,74,39,-11,68,53,7,-21,-30,-46,-8,2,-46,-32,-30,18,-37,23,-9,12,5,-47,-52,12,48,53,69,27,-61,-67,-24,-37,2,-2,55,-19,-16,-57,8,-52,4,-57,29,28,47,-48,-26,-16,-72,-53,-13,17,-22,29,17,85,35,-48,-60,-5,84,-15,7,-4,-30,32,-48,-29,-38,-67,-4,-20,-8,17,-24,63,36,-18,1,66,7,-12,30,-1,-44,51,-43,-12,56,-29,-26,80,-44,-45,65,-30,7,1,-16,32,56,65,63,-40,-3,-3,61,-36,28,-36,-32,-16,-19,2,54,-20,-9,85,21,-28,-43,-30,1,83,-16,16,-48,-59,66,-49,18,-15,-25,-31,-33,35,18,29,32,65,55,-5,40,-52,-17,-18,25,-75,60,-30,-6,34,-4,-7,6,-3,-11,-13,9,19,15,-53,-32,-15,-19,47,-43,57,-1,24,-61,1,-3,49,213272
-16,57,34,-4,-15,-30,22,25,-33,-8,-15,56,0,19,9,-20,-11,29,17,-7,31,-40,1,57,24,53,11,4,4,33,26,27,-62,33,29,-8,28,1,-14,46,3,56,19,23,32,-13,-32,11,9,-9,18,33,-13,6,-59,25,-3,-29,40,63,58,-9,10,47,48,-16,-65,17,31,-1,-31,0,-49,15,8,-9,4,-39,3,-30,-25,-27,3,76,10,18,-15,-30,-20,-35,28,1,57,-25,-12,-29,30,-25,2,-30,4,48,49,-12,19,14,-40,-32,2,31,-17,40,39,83,28,-45,-32,9,56,-23,9,1,-32,18,-27,8,-30,-29,-31,-13,-14,22,25,-9,23,-6,25,24,30,-37,50,0,21,-49,11,1,45,-37,-14,27,-22,-5,64,-31,-29,21,-12,51,49,27,-6,-2,-30,35,38,-66,20,-59,-25,16,-16,17,46,-15,23,55,29,-19,-6,2,20,61,-11,22,-34,-61,35,-13,40,-4,-16,55,7,49,30,4,24,59,22,17,56,-51,-4,-6,54,-41,50,-34,3,-54,-2,-7,11,19,-39,7,28,1,9,-31,-2,5,-19,2,0,49,20,30,-20,1,-8,80,213400
-54,24,-7,-6,-15,-37,58,-13,-38,5,-6,43,0,61,12,-16,-40,50,-24,11,45,-46,-8,43,4,-69,61,2,72,-11,64,44,-42,29,12,3,26,-10,-8,58,-19,-70,18,8,25,-19,-36,15,-15,3,24,34,-4,3,-42,46,-12,-48,34,79,45,-24,79,67,52,-24,8,-14,9,-15,-36,-7,-2,1,-65,3,14,31,-2,13,-13,-37,-19,76,62,22,-25,-50,-32,10,45,-2,33,-5,-29,-34,20,-15,-5,-64,-3,6,27,-13,-59,-62,-26,-38,6,23,-25,48,10,75,20,-65,-70,30,65,-3,58,-34,-28,21,-33,5,8,-56,-14,-6,-19,-11,25,-19,22,-17,7,48,34,-41,46,36,-56,59,-15,-10,36,-87,28,-12,-56,-8,79,-27,-51,27,1,22,62,51,-18,-8,-14,22,63,-54,7,-51,-28,4,-16,30,59,-1,-26,66,37,-14,-6,-7,1,42,30,-10,-38,-69,61,-16,-2,-6,-16,20,5,24,34,0,17,31,1,22,73,-49,-26,-16,3,-28,37,-86,7,55,-1,9,15,-30,-40,20,51,6,12,-64,-2,11,-18,1,-14,66,6,-2,-26,-16,-14,75,213871
-22,28,49,-9,-14,-82,60,15,-44,6,-14,31,-44,44,19,2,14,11,0,7,8,-49,15,57,4,28,4,-10,26,56,62,18,-81,41,28,11,58,-12,-17,56,-1,32,5,57,-28,-43,-43,24,15,12,27,49,-14,6,-80,26,5,-31,28,33,51,14,65,58,56,-27,20,-20,13,-43,-42,-24,11,47,-10,6,6,-28,8,19,-31,-85,-6,84,29,29,-40,-33,1,-61,11,12,88,-21,-24,-70,69,-36,8,-61,18,30,27,2,0,-15,-52,-41,28,65,-27,9,11,87,15,-48,-58,46,74,-15,0,32,-34,48,-58,0,-54,-57,-8,-11,-45,19,-26,-26,46,-19,55,48,37,-46,72,10,-6,15,-23,-8,25,-16,-7,13,-21,-17,14,-37,-41,12,-24,71,12,39,-30,5,-7,-27,66,-45,-7,-50,-14,-10,-54,5,19,-24,7,77,22,2,-16,-17,48,29,-14,18,-44,-85,61,-2,15,-8,-15,28,-1,66,14,-9,29,87,9,46,58,-50,-31,-17,38,-55,27,-20,22,-8,11,-2,24,25,-45,-2,16,-4,19,-39,0,-2,-48,-51,0,62,22,39,-32,-6,13,82,214975
-24,9,47,-17,-5,-30,-10,42,-35,23,-45,45,25,26,11,-7,-6,8,1,-16,7,-13,1,44,7,-9,-20,26,-85,41,-5,-19,-42,0,30,6,-6,5,-17,-24,-66,-10,30,-2,-9,5,-33,-4,-9,6,-19,-7,-46,-28,-40,-16,-18,15,37,37,44,-58,-74,5,-19,-23,-26,-38,24,-26,-32,-7,-22,2,5,20,18,-28,7,-22,-63,-30,13,32,26,-17,-4,-16,-1,-57,6,-17,73,-39,6,-17,-1,-64,8,-37,5,46,-24,-16,20,19,9,-32,24,-3,-24,-7,10,60,10,-25,-36,9,64,-40,-16,-18,-26,11,-12,-1,-56,-40,17,-15,4,16,0,-20,7,-26,-1,11,-18,-22,27,-13,28,-25,-34,-7,41,0,-28,41,-20,24,35,-25,7,32,-27,48,35,1,-22,-17,17,-13,14,-40,-32,-43,-2,-6,-29,-19,36,-27,-2,67,32,-10,25,-10,-1,43,-31,15,-36,-39,14,-16,39,-18,-5,9,-1,49,-23,26,11,58,13,9,-3,-17,7,-26,-22,14,45,-1,28,-42,-19,-14,-3,-19,-21,21,11,-18,10,-36,-6,22,-25,22,-18,6,26,-26,-5,-5,-15,30,214989
-36,-32,5,0,-10,-20,29,35,-32,45,-38,33,37,25,3,0,-37,41,-16,-17,40,8,-9,33,-52,16,18,31,3,10,27,27,-31,-18,27,9,4,4,-2,-10,-42,3,29,7,20,-7,-31,2,4,13,-1,-13,-39,-1,-21,22,-23,-14,38,27,36,-47,14,38,-7,0,-41,-12,51,12,-31,-8,-28,11,-22,40,27,-23,18,-21,-50,-32,16,61,26,-4,-25,-47,-49,11,34,0,34,-11,-15,-20,-2,-49,5,-34,-3,49,39,-27,2,-71,-8,-34,30,1,-2,29,12,58,5,-71,-36,-11,64,-7,19,-44,-16,17,-16,3,12,-36,-2,-21,-19,15,21,7,17,0,12,36,2,2,15,-14,-64,-46,-24,-9,34,-13,18,34,-42,-7,28,-16,-19,41,-15,-6,27,28,4,-16,1,28,45,-30,-3,-28,-48,-8,-15,0,41,-21,-4,65,27,-5,-7,-5,8,43,21,13,-32,-39,48,-31,41,0,-16,-41,2,-6,21,26,2,42,-54,-11,35,-61,-29,0,-18,-5,40,-15,39,-48,-2,-23,2,-21,-1,32,31,6,4,-44,-5,28,16,22,-17,35,40,-37,-19,-1,-14,66,215334
-25,43,58,0,-4,-13,43,-6,0,-41,-9,45,-11,7,2,2,-13,9,32,61,26,-46,25,32,-2,92,-12,10,33,62,42,0,-44,15,-7,-36,19,19,4,3,-44,81,32,25,-28,2,0,1,-2,-34,-37,17,-9,-12,-47,1,-46,-14,37,56,34,-35,36,15,3,0,-42,16,26,-11,0,-15,-39,17,0,-43,9,0,-2,-26,-40,-15,-4,76,0,-34,7,-26,-5,-21,26,5,48,-45,-34,-26,20,-42,-3,-23,8,72,41,-3,7,41,-41,0,-16,18,0,12,56,56,3,-42,-23,1,0,-45,-15,16,0,-6,-24,4,-24,-14,-31,-14,0,9,-21,-24,-8,0,24,29,18,-37,57,-16,39,-18,17,-4,28,-14,6,-6,-22,-3,52,0,-17,28,-10,38,52,21,-28,-5,-30,11,40,-48,-22,-52,-3,18,-77,17,55,-11,31,0,40,0,-1,-17,13,44,2,10,0,11,40,-3,63,0,-6,44,1,40,-32,9,1,50,-6,0,-4,-42,-41,0,-4,-42,26,-17,-15,-21,5,62,3,8,-39,20,10,-12,-1,-10,-39,18,-69,-14,-2,13,25,5,11,-10,-41,78,215639
-31,0,63,-10,-20,-65,81,-100,-39,-3,-61,54,-17,97,17,-11,-12,44,0,-24,9,-53,-16,74,-46,64,1,1,-5,55,93,0,-84,36,40,7,60,-30,-55,15,-45,61,30,31,57,-13,-39,0,-23,7,0,40,-58,-34,-77,6,-16,-32,58,16,78,-54,4,61,19,-19,-27,-3,25,-40,-39,-3,0,53,15,-9,26,15,3,-12,-84,-69,-6,35,94,-1,-39,-44,-2,-60,7,39,100,-30,-32,4,27,-85,4,-82,-1,52,10,-16,31,-1,-38,-44,17,67,-21,6,4,79,36,-34,-78,46,82,-28,2,0,-25,29,11,-18,-49,-15,7,-12,-17,13,64,-29,30,-21,36,85,82,-51,55,7,-1,-9,-8,-4,14,-27,-34,-97,-37,-14,13,-23,-35,41,-52,58,31,75,-29,16,9,7,48,-67,-24,-63,-13,2,-56,80,36,-60,0,81,42,-17,-15,0,53,58,-34,14,-39,-94,45,-20,46,-11,-19,-7,-20,53,8,0,48,100,-49,57,40,-34,-32,-20,18,-36,16,-34,21,-12,29,-29,0,28,-57,26,44,-26,16,-19,-14,23,-41,-23,23,65,21,-14,-38,-6,-15,40,216461
-12,4,77,-17,-8,-21,37,42,-42,0,-54,70,36,-7,15,-16,17,-17,44,-16,-33,30,14,58,-15,47,-14,12,-23,66,25,-26,4,7,55,13,40,-4,-30,34,-12,29,10,-16,-10,12,-43,-5,-15,1,4,-19,-56,-11,3,-28,-9,-15,-8,28,62,-35,0,36,42,-25,13,-43,45,-15,-44,-10,24,16,43,-4,2,-6,16,-13,-76,-6,39,80,-24,6,-6,-4,29,-54,-35,18,69,-40,0,-37,0,-75,6,40,18,33,-25,0,66,12,-21,-44,-22,36,-26,-25,28,68,33,-35,23,41,64,-48,-2,-30,-23,35,-23,0,-48,-22,14,-16,20,7,10,-6,30,-29,-16,48,48,23,19,4,11,-63,-42,-12,3,7,-34,48,-14,5,16,-26,-29,16,-48,33,46,52,-1,25,11,-30,52,-44,9,-46,37,13,5,34,33,-49,37,65,19,-18,10,-34,2,64,-38,9,-42,-19,56,-3,16,-18,-10,-4,0,34,-28,11,27,52,9,22,-5,-13,20,-28,-7,-9,13,9,-27,-63,26,-3,-7,-3,25,-1,-2,17,14,-25,-14,3,-20,49,11,33,37,-30,-30,-7,-21,73,216532
-44,-12,53,0,-18,-3,55,59,-39,8,-43,93,46,45,16,-22,-10,-21,31,-19,-14,8,18,39,19,73,-45,9,11,39,62,-19,-17,-12,38,9,55,-8,-8,47,-35,76,6,-19,-4,21,-37,-6,-28,4,10,-29,-38,-3,-14,-17,-10,-26,10,48,40,-35,31,38,42,-11,-7,28,-1,-24,-37,-19,1,12,-17,4,0,-12,22,-30,-64,8,38,46,42,11,-60,-17,55,-29,-13,32,67,-48,0,-28,-12,-66,15,-26,11,40,47,-2,-6,-6,-69,-44,-28,65,-12,23,19,51,53,-9,-19,73,64,-52,-28,-43,-16,54,-23,0,-24,-20,1,-15,25,16,-4,2,47,-3,-19,18,62,19,17,-16,-9,-1,36,-29,16,0,-28,59,-42,-4,48,-13,-33,12,-62,21,37,24,0,17,0,-6,19,-47,7,-47,49,51,8,48,40,-62,23,66,32,-27,-11,-17,12,85,-34,15,-39,-39,17,4,44,0,-24,-10,-5,22,11,5,53,75,1,74,37,-4,3,-2,-6,-59,17,-5,-25,-26,28,-24,-7,-30,20,-1,-16,16,15,-9,-4,3,9,46,25,43,16,-30,-67,-2,-13,41,217021
-51,-48,4,0,-19,-34,79,51,-43,69,-50,68,24,70,9,-14,-52,56,-44,-5,83,-38,38,18,9,-7,43,21,76,1,76,22,-66,12,20,-16,18,-18,1,1,-64,0,20,29,30,-36,-43,4,-11,-16,5,12,-54,-17,-65,26,-19,-40,68,56,17,-72,90,69,11,-25,27,-29,13,-28,-44,-38,17,28,30,68,26,-37,16,-20,-63,-35,7,50,82,2,-39,-32,-14,-10,80,2,68,12,-36,-12,10,-64,19,-83,36,33,10,-28,21,-37,-28,-52,71,13,-27,76,11,73,5,-70,-87,6,80,14,40,-52,-26,16,-7,-15,-5,-52,2,-27,-37,5,46,-16,20,-6,30,-21,48,-48,47,22,-39,13,-28,-45,33,-47,33,55,-54,-31,36,-24,-44,38,-29,29,55,-28,-15,-16,5,-2,62,-49,-11,-47,-11,-44,-16,52,52,-26,-42,81,1,-14,-29,-33,22,68,34,3,-45,-81,67,-32,29,0,-22,-42,-15,29,54,21,21,63,19,0,74,-56,-34,-6,-45,-29,27,-52,70,5,8,-12,3,-38,-48,24,57,4,6,-58,-14,17,-16,28,-25,62,24,-60,-42,-1,-23,48,219990
-42,-27,52,0,-22,-26,34,52,0,24,-56,64,-15,63,6,-17,-8,25,-11,-4,31,-10,41,51,-63,-15,13,26,19,48,29,9,-34,-28,33,5,9,-8,-34,28,-48,0,4,-7,69,12,0,-10,-30,-1,-10,-29,-56,-11,-34,5,-17,11,54,8,47,-57,49,48,23,0,-29,-27,-10,-39,0,-10,-35,8,5,20,-5,24,5,-28,-66,-20,24,30,60,-10,-38,-38,-25,-36,35,3,58,-23,-20,-21,-8,-66,6,-49,34,38,22,-49,15,-17,-27,0,-14,19,0,17,11,68,42,-48,-52,9,0,-24,10,-33,0,16,-17,-8,-31,-44,8,-25,13,2,68,-13,17,0,-6,41,33,-5,22,-3,-12,13,-26,-10,38,-31,4,55,-44,-12,6,0,4,13,-27,28,58,40,-6,-13,7,-30,61,-49,0,-47,-27,-5,-8,13,54,-30,-11,0,29,-19,-14,-6,8,64,-1,1,0,-56,61,-52,24,0,-22,-34,-9,26,3,30,43,48,-52,7,24,-43,-11,0,-36,-24,41,-38,-21,-6,3,-2,-11,-24,-4,-2,30,-12,4,-34,-15,-8,-15,-11,-14,49,0,-48,-45,-8,-26,22,220346
-2,-100,-65,0,0,100,51,100,0,100,-100,51,100,0,-18,-100,-100,-41,33,28,-60,100,0,51,50,-68,-23,0,100,-61,65,-100,100,-9,11,-51,11,0,0,12,0,-68,2,-100,-11,-74,0,-17,2,-53,29,-8,94,80,100,-100,100,45,-72,65,54,0,100,-27,14,0,-6,-100,0,100,0,-21,11,-100,-100,100,0,-100,0,-69,-100,100,100,100,-1,28,-20,100,-18,-28,-60,-100,-100,-77,100,21,-15,-100,0,-3,0,100,100,-100,-100,-100,1,0,-100,10,0,-13,100,99,-39,100,-11,92,100,-82,-22,-100,0,-4,22,-75,-26,-21,100,19,-79,0,-9,100,-5,0,-100,-71,21,21,-63,58,-100,-49,-100,100,52,-36,-15,100,0,0,57,0,46,0,-100,-18,100,-75,100,-11,100,100,-65,-4,81,1,-17,-91,100,12,100,-100,31,98,0,-100,0,0,-100,52,-14,0,0,-15,-64,-100,100,0,0,-100,-55,-16,-4,0,-43,-98,47,90,-7,100,100,0,66,0,42,-35,-100,-60,-100,27,-19,-100,24,-3,-40,100,-44,-21,-100,60,100,100,-11,-28,0,77,-19,-62,100,100,220581
-24,52,2,0,-5,-44,0,10,0,-9,-10,33,-44,17,8,10,-27,34,-32,-9,63,-60,1,32,-18,11,-15,2,24,5,3,18,-92,38,10,5,14,19,-14,-32,-37,10,14,48,7,-30,0,16,20,4,-17,43,-11,-19,-93,18,-16,-17,86,46,28,-40,38,27,-31,0,-12,-13,26,-10,0,-1,-26,19,38,-9,2,-8,-12,-18,-27,-39,-15,56,17,-14,-2,-60,-20,-68,58,0,34,-14,-41,-22,33,-28,-8,-43,1,39,35,-2,40,-25,-42,0,52,24,0,64,26,69,12,-47,-47,38,0,-12,-16,5,0,6,-19,-11,-66,-23,-11,-3,-30,31,16,-4,10,0,50,54,17,-78,67,-15,-21,-20,-13,-3,46,-37,-5,14,-25,-4,44,0,-19,12,0,77,21,51,0,-11,-8,24,20,-47,-10,-45,-24,-43,-66,15,23,-2,-31,0,30,8,-4,-1,20,34,-4,30,0,-49,21,-3,28,0,-2,51,-15,75,22,5,18,35,-16,35,39,-48,-35,0,38,-43,46,-36,49,-34,-2,-11,15,16,-80,4,26,-20,5,-14,-29,0,-70,-42,-7,30,33,28,1,5,-19,54,223571
0,12,37,0,-4,95,-24,20,0,100,-15,31,98,-11,-49,4,-72,-43,11,46,-24,73,2,40,22,65,-19,6,-17,36,-24,0,-36,-20,23,-14,34,21,25,18,-34,56,19,-100,0,2,0,3,11,-2,-30,-21,-14,34,100,-1,-3,8,7,62,39,-20,53,16,18,0,-14,-9,17,100,0,-5,-48,-100,9,-58,5,-58,-13,-32,-36,-13,3,58,40,-28,-3,100,15,-23,-9,16,32,-57,-34,63,-5,-37,-11,6,0,-2,52,-7,16,6,-12,0,-100,34,0,-24,18,54,3,100,-9,30,0,-58,-18,-51,0,-1,64,0,-26,-31,-17,-11,46,4,1,100,-6,0,14,1,0,80,-58,15,11,-23,-5,-7,24,-30,-47,8,-29,1,62,0,-6,-11,-26,2,38,-3,-12,10,46,13,36,-40,28,-39,14,18,-65,-86,100,-22,20,0,35,-18,-2,-3,0,33,-44,3,0,30,-82,-100,-18,0,-3,-100,43,3,-58,7,12,30,44,30,-38,100,-31,0,14,-42,85,-12,-100,-39,17,45,-12,6,83,-3,-10,-16,0,9,13,9,100,-22,-100,19,2,7,-6,-9,-32,55,223752
-26,-1,32,0,-24,-31,44,56,-33,42,-36,62,38,22,9,-16,-25,32,-10,-7,40,-3,-1,63,3,32,35,28,-1,36,42,21,-43,-4,46,-6,73,-19,-30,67,-22,40,9,14,-3,-9,-29,4,9,-6,12,0,-35,10,-40,25,-9,-40,41,46,64,-28,-3,53,70,-13,23,-35,36,-4,-29,15,21,35,8,40,10,22,5,-33,-61,-33,34,87,17,10,-40,-44,-29,-12,34,17,29,-19,-18,-61,10,-60,1,-24,3,-5,29,2,12,-26,-38,-37,14,70,-14,27,38,76,-10,-78,-22,-7,63,-15,28,-39,-26,24,-57,25,-13,-29,-17,-18,-12,15,1,20,30,-5,15,44,32,-8,31,-20,-23,-57,-36,-10,4,17,16,58,-29,-8,49,-25,-38,21,-48,19,47,40,22,26,-15,-4,64,-41,17,-37,-32,-18,-2,23,45,-45,0,64,59,-14,-5,18,43,65,24,15,-34,-61,64,-1,-15,0,-25,-3,25,23,34,26,-8,27,-3,-4,62,-72,-18,-4,-13,-41,0,3,19,-43,18,-12,3,-27,-9,6,26,11,7,-37,-5,0,1,37,21,52,31,-24,-41,0,-12,91,224013
-29,8,42,0,7,-2,5,46,0,27,-44,78,25,-56,24,-8,-23,-3,29,-100,21,-17,12,100,21,43,-23,15,56,100,9,17,-42,100,25,-17,31,-19,-13,60,-100,44,21,4,-18,9,9,100,100,-17,100,55,-44,30,-46,16,-64,26,40,54,55,21,73,36,61,15,-25,58,15,-39,0,-4,2,16,60,25,16,-2,18,-8,-75,-41,19,47,-1,-83,-81,-34,-6,-34,46,19,75,-100,-23,-58,15,-75,-7,-62,7,30,-28,6,64,-45,18,12,28,35,33,27,28,75,-8,-39,-61,29,67,-45,72,-5,-18,40,-57,9,-20,-37,4,-16,9,31,-17,-2,35,100,5,62,-18,2,34,-100,-9,-17,100,-12,43,2,22,48,-31,0,15,-18,22,29,-37,55,30,55,-16,5,4,-30,47,-40,10,-39,-6,51,-14,-19,35,-34,-100,63,32,-10,-1,-2,15,63,-25,31,4,-52,46,9,21,0,10,4,5,71,8,24,-32,72,38,24,100,-30,-78,100,61,-41,47,-17,31,-100,19,-100,100,3,-6,16,74,20,22,-34,11,22,2,23,24,28,16,9,16,99,-7,47,224841
-12,6,49,-28,-19,-95,16,39,-39,-48,-56,20,-59,86,11,-11,-12,50,-10,-5,61,-94,1,65,-7,78,18,20,-12,44,25,15,-100,43,5,-20,34,-6,-21,1,-40,82,45,70,28,-48,-35,-2,-5,-17,-9,50,-55,-1,-99,20,-34,-18,84,56,64,-46,-8,69,5,-32,-63,9,57,-64,-34,-8,-66,37,100,-49,31,-9,-1,-27,-66,-99,-30,74,74,-12,-7,-43,-53,-64,58,11,91,3,-61,-33,35,-65,-1,-61,0,73,7,-36,100,44,-11,-41,62,30,-33,44,36,89,28,-48,-58,-8,76,9,14,29,-28,-5,-25,-26,-56,-30,-23,-22,-52,30,50,-78,0,-35,72,60,47,-86,75,-9,39,27,2,-9,35,-38,-18,41,-21,-50,49,-24,-23,52,-21,82,46,51,-76,-19,-21,-15,78,-80,6,-75,-55,-11,-85,42,51,-22,-8,77,39,-11,-51,-6,42,25,-15,33,-40,-100,81,-42,62,-29,-19,8,-26,77,6,17,42,88,2,-4,26,-41,-60,-34,55,-13,34,-50,66,24,8,-22,-3,49,-89,34,48,-49,12,-35,-10,28,-74,-65,-25,67,60,31,-5,6,-35,74,224981
-25,11,32,-6,-18,-46,100,12,-43,14,-38,51,-23,56,17,-22,0,37,5,19,31,-62,35,59,5,38,-3,-20,20,35,100,13,-77,22,48,10,54,-1,-38,52,-8,28,5,30,21,-27,-42,0,-47,13,52,32,-37,3,-73,19,19,-50,40,8,64,-16,22,65,53,-20,-5,15,3,-20,-42,-13,11,57,45,10,12,-15,30,13,-48,-54,-8,34,43,50,-30,-32,-10,-53,26,24,54,-16,5,-28,37,-49,25,-67,25,37,14,-38,46,-11,-42,-45,13,48,-22,35,-1,88,49,-38,-64,27,76,-11,-8,-20,-26,41,-20,-36,-47,-33,18,-26,-30,2,26,-22,43,-19,34,90,85,-40,57,30,-23,57,5,-9,36,-47,-9,12,-33,-34,-1,-25,-55,17,-34,56,28,73,-21,2,20,46,40,-78,7,-74,-13,-2,-18,79,30,-34,13,76,29,-22,-31,-6,49,57,-5,5,-43,-100,38,-45,35,-6,-20,8,-39,51,47,-23,50,63,0,26,77,-31,3,-18,42,-45,37,-51,20,67,22,17,0,0,-43,1,32,-17,18,-46,11,-2,-7,-26,0,60,0,18,-30,2,21,36,225161
-43,-45,0,-3,-18,0,0,65,-45,14,-38,65,0,49,21,-22,-18,19,-29,3,5,-39,11,38,-31,-17,-7,11,12,0,4,14,-48,8,22,0,49,-9,-38,51,-69,-16,-16,0,-23,-17,-33,5,-2,4,5,14,-37,0,-47,13,-15,36,22,55,41,-61,26,61,52,-17,-26,-43,11,-24,-33,-16,-20,30,24,16,-18,0,15,-15,-61,0,18,43,40,5,-52,-71,0,-17,2,33,38,-28,-12,-76,20,-61,15,-34,4,0,25,3,26,42,-26,-38,26,57,-17,10,2,79,-20,-28,-29,5,65,-23,-12,-15,-16,15,-76,-1,-12,-23,-7,-14,-17,38,-17,-4,17,-10,0,35,-24,-31,40,35,43,-4,-41,-13,20,7,-12,62,-45,-11,51,-17,32,-11,-25,18,42,41,-10,30,-5,15,64,-29,-4,-30,-4,-50,-30,-25,48,-26,-24,67,13,-24,-12,-13,31,63,-8,37,-45,-75,62,7,-4,-3,-16,-46,-5,13,14,11,-22,43,-31,10,39,-15,-13,-10,48,-30,21,-2,24,-15,29,0,5,-10,-31,-31,12,-12,20,-23,-16,-25,-21,-1,36,65,12,41,-42,14,-13,45,226037
-35,25,13,0,-14,-3,23,66,-33,28,-31,76,56,10,10,-7,-5,-15,-11,-63,25,41,29,43,-23,-33,0,4,29,20,27,18,0,6,61,-1,22,-30,-61,52,-16,-46,6,6,-24,6,-29,6,5,-2,0,-2,-30,10,-3,22,2,-8,10,8,46,-23,49,35,49,-9,22,-9,-5,32,-29,-11,25,19,28,30,-3,-26,10,-50,-45,6,51,57,-5,2,-57,-55,-24,-15,20,0,85,-42,-1,-67,6,-47,13,-52,17,24,36,11,36,14,-72,-30,4,29,-9,25,27,57,-18,-60,-45,-36,62,-40,-2,-28,-16,12,-59,15,-12,-58,-9,-10,14,30,-22,51,15,-5,2,4,-2,29,5,13,10,-11,-3,-18,35,-23,-26,70,-37,18,20,-13,-9,11,-9,22,35,22,56,6,-8,22,71,-40,22,-35,-24,-33,7,-14,28,-7,-2,62,26,-4,18,-12,30,73,-21,27,-33,-45,63,10,16,0,-14,17,12,22,39,4,-21,81,-23,-30,49,-40,10,-4,-5,-74,33,-32,1,-33,-4,-69,5,-25,34,3,-17,31,7,-53,-19,3,-7,67,6,41,-4,-10,-62,2,-3,53,226228
-41,-50,66,-2,-21,-1,40,69,-34,41,-57,72,38,14,12,-24,-11,48,-13,-11,37,-16,16,57,-65,3,33,10,3,67,43,16,-57,-42,40,4,41,-34,-39,1,-60,-9,-1,14,-1,-3,-34,-10,-47,4,-1,-54,-57,1,-54,13,-16,11,55,49,61,-61,10,59,9,-10,-57,-27,43,-5,-34,-13,-35,3,-22,37,2,39,0,-36,-58,1,28,66,-3,-6,-50,-55,-42,-6,35,-5,59,-8,-23,-62,-1,-55,-5,-60,0,10,14,-36,-1,-15,-44,-38,26,32,-12,31,30,79,9,-68,-57,-13,63,-7,31,-41,-17,22,-49,-24,-9,-18,-4,-16,-4,15,14,11,24,-9,18,53,1,-11,22,-22,-31,-30,-27,-9,49,-33,1,70,-44,-27,53,-18,-3,16,-30,6,61,47,14,-11,-5,-18,71,-54,10,-47,-31,-5,-6,-13,59,-25,-2,64,39,-26,-22,-16,9,76,3,17,-34,-52,74,-42,6,-4,-25,-50,-25,11,7,8,1,56,-57,-14,32,-53,-18,-7,-19,-42,55,-32,29,-29,-2,-16,-11,-29,-12,2,48,-9,11,-31,-16,4,-5,34,-21,56,33,-41,-58,-4,-21,67,226370
-45,-29,6,37,1,6,26,82,26,29,-7,57,24,-27,15,-4,32,-20,-52,1,40,-6,22,20,35,-47,13,0,-18,6,33,46,-17,-21,20,4,15,-2,-14,-3,-32,-49,-7,4,-12,11,27,0,-11,4,-4,-30,-7,-12,-18,44,4,-16,67,32,22,-40,-9,30,-1,13,-23,56,15,5,28,-15,-20,23,-33,30,-7,25,-9,-21,-9,7,41,92,-28,-7,16,-26,6,-20,39,77,-55,9,-45,-44,13,-7,-17,-36,24,12,12,0,-29,49,-8,12,49,12,12,33,1,71,71,-44,-41,12,50,8,13,-16,43,15,-41,20,-19,-42,16,-11,14,9,-4,29,17,15,3,41,-18,-19,23,-47,38,-35,55,-27,27,-10,21,81,-48,-50,35,43,-22,8,-17,18,23,43,25,2,15,0,-4,-12,-8,-11,12,-9,-9,-24,25,-13,-52,51,23,-1,-51,-20,21,55,21,11,26,-15,-2,1,6,36,-1,-25,16,20,20,-2,72,-58,31,3,29,-33,-40,15,6,-5,27,-16,52,-45,80,7,0,-3,-17,17,-20,8,13,-47,-12,-12,-9,29,0,28,16,-3,13,3,1,99,228413
-36,-2,68,-16,-21,-58,78,43,-57,28,-55,30,19,90,12,-6,-2,14,-11,-17,54,-33,-5,75,-85,36,-8,4,51,65,82,20,-56,-14,47,15,10,-18,-35,15,-61,43,13,19,53,9,-57,-12,-32,12,-8,-10,-53,-22,-54,19,-7,-38,54,37,74,-58,64,55,19,-23,-42,-19,8,-47,-58,-20,-38,-5,-15,27,11,0,1,-10,-53,-58,13,40,79,-9,-15,-16,-48,-39,49,2,87,-27,-10,-31,10,-54,5,-75,1,37,-26,-31,-14,35,-22,-62,3,15,-24,1,-3,72,64,-57,-83,6,79,-26,-6,-34,-23,29,-25,-10,-44,-31,16,-8,7,8,57,-38,30,-26,20,78,10,-20,31,-7,33,17,-13,-16,49,-57,-20,44,-39,-9,36,-24,-44,27,-33,38,39,67,-35,-17,16,-54,50,-62,-16,-60,-50,-5,-4,-3,35,-33,-9,81,43,-7,-2,-21,-11,31,-16,6,-57,-79,47,-35,47,-16,-21,-12,-10,42,21,6,64,77,-85,0,44,-44,-5,-25,-50,-21,53,-56,4,9,1,-14,-13,-38,-19,8,10,-23,8,-30,0,8,-6,17,-21,56,10,-56,-12,-5,-11,35,229585
-26,10,55,-31,-20,-73,25,29,-45,-25,-22,23,-55,46,18,-14,-2,47,11,-17,38,-88,27,59,-71,-23,32,2,63,50,28,20,-83,80,8,1,38,-19,-36,9,-44,-24,6,48,22,-35,-41,12,-15,2,14,84,-19,-18,-83,26,-16,7,62,37,59,-40,76,56,15,-25,11,-27,13,-54,-41,-3,0,53,-11,-29,-4,0,7,0,-45,-72,-37,21,49,12,-10,-35,-2,-76,39,14,80,-2,-27,-38,45,-46,9,-73,25,54,34,-6,-6,31,-29,-49,11,40,-25,44,19,78,49,-69,-73,11,74,-1,32,37,-31,6,-37,-11,-71,-26,-30,-6,-37,21,30,-55,8,-39,49,47,24,-74,74,24,36,19,-23,-10,41,-34,-12,29,-24,-7,26,-31,-2,12,-8,75,25,47,-52,6,-31,-14,35,-67,-17,-65,-1,12,-66,16,23,-9,6,77,30,-10,-7,0,54,23,-15,20,-46,-98,35,-5,51,-32,-22,11,-12,74,28,0,53,79,-68,14,62,-61,-26,-39,44,-28,42,-44,13,22,12,-14,13,30,-73,0,49,-33,18,-30,-9,0,-64,-56,8,57,10,44,-14,3,-17,21,229631
-38,3,19,-2,-14,-22,70,25,-33,29,-36,56,0,-13,10,-9,-13,1,-22,-20,11,-8,7,45,-35,-36,17,40,32,15,70,14,-14,-21,14,-6,-21,5,-9,20,-54,-44,41,-17,-17,5,-29,3,10,-7,-24,-30,-36,-27,-12,16,-32,8,16,45,45,-63,41,10,25,-7,-30,-34,11,-18,-28,-5,-19,-10,1,26,27,11,10,-10,-56,-20,12,43,-16,-23,-8,-25,-51,-10,10,-26,70,-49,-6,-50,-12,-58,4,-36,8,8,3,-29,7,-42,-8,-38,-3,-19,-8,25,16,62,-21,-47,-38,-12,64,-50,14,-39,-17,-11,-44,15,-10,-69,0,-19,7,0,-12,-16,-9,-5,-15,30,-42,-12,25,-27,-46,-53,-37,3,33,-9,-9,28,-38,18,40,-15,0,47,-15,13,50,21,-9,-23,0,-18,35,-39,-18,-35,-53,4,-16,-51,49,-16,-22,65,26,-12,17,-14,-13,56,-10,0,-33,-36,36,-32,2,-3,-18,3,12,18,-12,38,-19,65,-29,-17,17,-43,-3,-5,-15,-6,39,-10,-2,-56,-26,-18,4,-21,-12,37,0,-3,10,-67,-14,36,-17,1,-23,11,9,-35,-13,-16,-34,41,229699
-20,-6,38,0,-14,-54,26,5,-27,13,-50,55,-22,30,3,-20,12,18,14,31,12,-70,19,46,24,62,3,1,-52,38,31,-43,-73,-7,20,15,89,-18,-23,14,-33,70,-3,30,-29,-27,-26,-15,-59,15,19,-9,-50,-19,-70,-32,-9,-32,27,50,47,-39,-36,47,13,-13,-39,79,39,-34,-25,-9,-51,44,-5,10,2,-64,16,31,-67,-55,-34,77,17,17,-48,-12,32,-19,14,29,78,-15,-13,-49,24,-67,14,2,14,62,17,-12,11,39,-45,-32,28,83,-14,34,5,46,-25,-4,-4,27,52,-12,1,-1,-13,11,-33,-22,-24,16,16,-18,-29,10,-2,-40,10,-1,34,41,74,-61,48,39,54,-36,77,-23,24,19,3,4,-24,-11,41,-12,-27,7,-59,27,34,36,-40,28,14,5,44,-51,-13,-51,20,27,-25,73,36,-58,15,51,20,-20,-18,-3,47,57,1,13,-28,-82,41,-5,52,0,-15,-2,-25,31,31,0,2,85,24,42,56,3,-13,-1,11,-44,19,12,31,-50,21,19,-16,12,-61,-3,18,-35,1,10,-5,-3,-19,-23,31,52,53,3,-52,8,-8,76,232278
-50,49,11,0,-8,-2,23,43,-22,6,0,76,25,-52,20,-11,-53,15,-16,-41,37,31,-24,30,34,62,-27,-6,99,8,24,-40,-32,38,51,5,41,-20,-41,91,-32,59,1,9,-100,-10,-23,6,18,5,20,33,2,6,-30,-34,-7,14,47,37,32,-40,100,19,87,-3,-69,23,-37,-1,-23,-6,-78,44,-14,1,3,-67,10,-27,-42,3,29,88,-46,17,-66,-59,78,2,40,10,53,-21,-36,-64,10,-45,9,-52,-8,19,41,34,-13,73,-60,-20,24,43,-4,27,30,27,-4,55,-49,50,47,-21,-22,-44,-8,40,-60,6,4,-56,0,-6,-7,4,-95,16,39,0,12,36,42,4,21,46,76,36,32,-45,47,-19,7,44,-55,6,35,-8,8,10,-39,13,51,47,19,39,0,35,17,-38,25,-30,83,14,-19,42,48,-41,-10,48,21,-13,2,-3,44,77,3,4,-22,-20,17,35,30,0,-10,51,4,12,46,-7,0,67,29,55,59,63,-27,0,-10,-56,46,-25,26,19,7,-38,5,-27,3,0,14,35,19,-55,-21,6,-18,27,43,19,-27,-35,-72,8,-14,85,233552
-38,-21,42,0,-15,-37,-1,62,-35,-4,-35,62,-8,97,14,-31,-29,44,0,-22,31,-55,-11,38,63,19,28,14,30,45,1,32,-48,-3,10,-17,6,-6,-8,65,-58,31,-6,5,19,-29,-29,3,-7,-17,12,6,-32,-20,-48,37,-46,-49,46,73,39,-58,37,61,61,-27,-45,-16,-5,-7,-29,-18,-40,22,24,-3,-16,2,3,-30,-38,-36,6,69,92,11,-52,-50,-47,-27,27,15,49,-9,-62,-49,0,-42,2,-22,0,58,49,-45,22,37,-33,-38,57,9,-27,58,34,75,-5,-51,-19,5,73,-5,26,-36,-14,7,-42,-3,-27,-21,-10,-8,-31,-11,23,-16,10,-8,5,13,-24,-54,55,13,47,20,-16,-30,16,-31,-7,62,-40,-30,71,-15,-55,0,-26,44,42,13,-16,-10,-7,24,81,-32,-24,-29,-48,4,-39,-31,41,-28,2,75,27,-26,-31,-11,31,61,-3,-12,-35,-87,77,-45,57,0,-19,-26,-5,44,25,13,-2,49,52,8,45,-52,-61,-7,8,-37,16,-30,58,15,11,-26,4,-35,-52,-18,41,-10,14,-13,-24,-18,-39,-5,-10,63,0,14,-48,13,-45,68,233576
-38,3,31,-11,-24,-79,9,9,-47,-27,-59,50,-20,80,-6,-39,4,37,-18,23,53,-89,9,60,-100,79,24,1,33,27,12,7,-84,21,4,-22,33,-21,-12,-13,9,68,29,25,71,-26,-45,-13,-21,-24,26,15,-58,6,-75,4,-20,-9,55,24,66,-5,42,52,0,-17,-34,24,23,-78,-44,-13,-34,-2,-12,-36,10,14,-7,-19,-66,-86,-19,23,61,22,-48,-45,-25,-8,50,11,86,-4,-55,-12,16,-67,-15,-37,8,74,16,-36,13,-17,-75,-50,52,19,-19,55,34,72,100,-45,-47,32,82,-6,22,-10,-29,0,-6,-23,-11,-4,-26,-22,-36,39,76,-54,-4,-18,34,63,39,-75,60,-1,5,1,18,-17,24,-45,-5,9,-43,-33,24,-26,-26,35,-50,34,64,64,-59,-28,-26,-32,20,-82,7,-86,-16,-12,-56,21,74,-55,-16,85,48,-47,-30,-8,-9,52,-7,36,-47,-88,21,-40,55,-11,-26,-3,-26,38,10,0,92,87,-83,16,46,-26,-57,-15,20,-65,35,-45,59,-4,12,3,-13,13,-79,20,42,-38,-6,-30,-32,15,-42,-28,-33,47,9,-3,-56,-17,-17,15,233591
-17,36,0,0,-5,-68,2,4,0,-27,-16,-8,-52,30,1,15,-34,68,-6,44,85,-41,17,29,4,61,-4,10,-2,0,3,12,-100,38,15,-23,17,12,-34,-33,-14,51,17,64,1,-47,0,3,3,-25,-3,39,-15,2,-100,7,-19,-12,88,71,29,-19,7,40,-30,0,-64,2,28,-19,0,13,-67,27,34,-29,0,-30,-16,-29,-33,-68,-16,85,32,-4,18,-72,-22,-66,82,8,42,-12,-54,-27,54,-33,-16,-36,5,4,56,3,42,19,-36,0,64,20,0,48,36,31,36,-28,-38,68,0,-14,-4,39,0,-35,-27,-13,-65,-13,-12,-14,-46,30,0,-44,-34,0,67,67,16,-93,84,-18,14,-19,5,-10,40,-18,3,7,-21,5,70,0,-12,17,-21,81,31,66,-41,-8,-15,49,30,-74,9,-73,-25,3,-90,15,30,-22,-5,0,50,10,5,10,29,-7,3,31,0,-14,31,-1,11,0,-6,33,-14,79,7,9,35,39,10,70,32,-31,-50,0,67,-35,38,-19,61,-24,6,41,5,49,-98,11,65,-31,-2,-12,-54,4,-92,-51,-6,42,32,58,19,12,-23,79,233911
-25,13,48,-14,-12,-35,9,42,-30,-5,-35,52,-5,16,11,-15,-11,0,21,-39,21,-52,31,30,25,54,27,7,21,48,12,-7,-41,19,24,-4,29,-21,-32,52,-54,64,5,12,15,-3,-26,-3,-18,-5,-5,28,-32,-36,-39,-4,-21,-35,3,57,31,-49,30,31,55,-10,-40,46,16,-21,-25,20,-44,31,12,-7,1,-58,14,-25,-48,-30,1,66,31,-4,-22,-21,17,-33,21,16,71,-18,-14,-32,10,-49,15,-29,21,41,19,-15,25,16,-35,-28,14,32,-11,11,14,43,14,-30,-20,13,52,-13,19,-23,-19,7,-36,-5,-26,-28,-17,-17,-4,25,10,-31,13,-14,14,40,29,-23,33,6,40,-8,43,-18,24,-25,-15,44,-31,-20,57,-18,-33,12,-38,35,35,51,-30,2,-14,0,38,-46,-27,-37,2,24,-15,27,32,-38,27,52,26,-17,-22,18,38,54,-15,28,-29,-60,35,-17,37,-15,-14,13,-6,32,7,6,22,75,27,30,28,-45,-6,-13,-7,-40,22,-38,11,-22,11,-23,-2,-12,-27,4,-6,-21,9,-27,-16,4,-15,-6,3,35,16,-21,-20,4,-24,68,234955
-15,40,34,0,-4,-44,2,37,0,-38,-3,37,-26,33,15,1,12,24,-15,7,13,-54,-67,40,-15,38,-30,6,55,24,0,3,-61,57,11,1,10,21,-25,11,-30,36,23,23,-1,-14,0,16,24,-7,-21,57,-4,-35,-62,4,-12,-10,66,58,36,-52,66,9,11,0,5,-7,3,-19,0,20,-2,21,18,-37,7,-29,-4,-38,-33,-29,-10,58,35,-20,2,-31,-13,-45,8,9,60,-28,-51,-24,32,-37,0,-48,-26,65,18,8,18,-29,-26,0,-13,13,0,19,37,65,1,-27,-42,48,0,-28,-26,11,0,7,-17,1,-34,-28,-11,-1,-5,0,7,-38,14,0,21,36,23,-61,60,-11,-21,38,-1,-1,28,-32,-33,48,-25,15,51,0,-15,23,-5,52,40,30,-27,4,-10,20,20,-50,0,-36,-16,-22,-50,10,27,-5,-12,0,33,1,6,23,28,37,-32,2,0,-25,20,3,73,0,-6,41,-3,51,0,7,13,60,-11,52,15,-30,-22,0,58,-27,27,-41,-24,19,4,8,15,35,-58,16,20,-5,12,-25,-30,12,-78,-8,9,15,12,19,-1,0,-31,54,235970
-28,8,47,-16,-18,-32,57,58,-37,23,-47,57,-4,-13,16,-22,-19,36,-11,-8,29,-14,-22,52,-9,25,34,20,22,39,63,17,-45,15,39,-5,18,-12,-31,58,-29,23,26,10,-44,-8,-38,10,9,-9,10,12,-44,4,-42,19,-14,23,41,17,54,-43,31,54,58,-13,-52,-40,37,-29,-38,-6,-37,9,63,19,24,-11,9,-31,-60,-30,37,91,-25,8,-40,-37,-61,-20,28,-6,86,-9,-31,-60,5,-58,8,-47,-4,44,12,-23,75,-56,-35,-40,26,21,-14,40,38,82,-16,-42,-51,-33,73,-8,32,-29,-20,26,-58,-10,-16,-42,-15,-14,-8,17,-36,-4,29,-20,11,86,3,-15,31,-3,-45,-36,-38,-11,48,-6,-18,63,-32,-32,15,-18,10,37,-14,27,55,75,1,-21,-14,-37,82,-52,21,-45,-62,-5,-21,-13,50,-16,-10,74,29,-21,-33,-3,14,60,-18,16,-38,-58,82,-27,34,-17,-21,3,-12,27,22,18,-17,81,-13,-31,48,-32,-21,-19,-7,-35,54,-11,26,-38,-8,-11,10,-8,-15,24,38,10,13,-44,-10,22,-25,0,-21,55,33,-37,-47,-1,-23,91,236466
-15,-9,40,0,-16,-66,-24,38,-27,1,-46,29,-35,38,14,-19,-17,4,0,-31,41,-56,12,69,10,36,39,-6,-18,44,-18,-16,-79,82,36,-2,91,-6,-74,75,-55,30,14,40,-18,-31,-25,-7,-56,7,2,96,-44,-22,-75,-15,-35,11,60,26,73,-58,-16,83,81,-15,-41,-10,47,-41,-25,-15,-20,52,76,0,2,-58,8,0,-77,-71,-22,85,31,1,-28,-43,5,-49,41,36,54,-17,-11,-49,32,-77,12,-11,12,52,7,-5,81,85,-13,-31,10,89,-15,27,35,72,-37,-14,-11,14,59,-8,35,24,-16,6,-52,0,-45,4,-35,-13,-36,5,-18,-54,12,-9,43,38,81,-64,59,43,92,-83,-12,-15,6,-20,16,35,-23,-18,17,-15,6,18,-27,61,43,66,-55,50,-33,23,94,-59,-21,-53,0,10,-65,83,50,-29,8,59,18,-18,-20,-2,62,35,16,6,-28,-86,92,-5,41,0,-17,-7,-4,54,25,-6,-34,56,2,20,57,-17,-15,-8,43,-22,6,-28,10,-88,32,-36,-7,38,-68,0,-3,-32,11,-6,-15,4,-51,-39,58,83,38,25,-15,14,-32,90,237982
-9,-20,58,-5,-14,-71,14,30,-37,-10,-41,52,-51,67,16,-37,28,52,14,0,21,-80,15,61,27,54,35,20,66,56,20,6,-65,45,12,-5,35,-15,-18,83,-14,58,13,22,10,-16,-31,-2,-40,-5,31,50,-40,5,-67,5,-1,-24,18,51,63,-22,73,45,82,-23,15,-35,-16,-49,-31,-13,27,45,67,-10,7,27,10,-15,-69,-67,-7,50,66,27,-46,-20,-10,-66,18,34,100,-31,-5,-47,21,-68,9,-41,14,37,20,-24,70,45,-28,-38,29,42,-25,35,29,79,21,-52,-28,28,74,-28,33,25,-32,2,-47,-13,-56,-45,-10,-10,-13,20,10,-58,4,-12,21,14,7,-70,65,26,33,52,-32,-10,5,7,-18,33,-14,-28,45,-30,-29,24,-42,62,67,7,-57,14,-8,-25,54,-67,15,-66,-13,8,-17,3,64,-45,18,74,20,-35,-32,-8,49,52,-16,18,-36,-100,58,-25,40,-6,-15,-18,-13,54,-4,19,23,97,14,34,41,-54,5,-12,36,-31,3,-4,26,56,30,-7,-3,35,-69,6,52,-30,16,-41,0,3,-31,-46,19,43,-15,24,-44,15,-8,55,240576
-35,16,41,-9,-19,-42,23,33,-40,23,-35,73,17,26,10,-10,-13,27,-7,7,32,7,3,60,-23,55,4,9,37,48,27,3,-39,47,65,0,61,-15,-56,42,-39,44,0,5,-26,2,-39,3,-22,1,10,46,-36,-7,-37,3,-3,-22,20,38,60,-45,76,49,58,-23,-10,27,-15,-8,-39,-12,-15,35,-35,18,-6,27,13,-16,-55,-38,22,60,-22,10,-31,-57,0,-38,24,26,70,-30,-10,-63,25,-50,8,-54,3,50,14,-17,-13,-2,-55,-47,-35,62,-25,24,26,73,29,-41,-63,66,63,-28,5,-23,-30,45,-49,-11,-31,-37,-6,-19,2,11,-1,28,49,-11,10,60,47,9,33,31,8,14,33,-3,30,-34,0,35,-37,-23,37,-27,-25,8,-41,49,24,61,32,7,-7,12,49,-50,1,-45,11,-38,-29,27,21,-44,0,63,28,-13,-23,-30,40,74,15,10,-40,-48,47,-20,37,-11,-20,7,-15,47,35,4,24,62,4,45,63,-19,-2,-8,2,-52,35,-28,-20,-16,24,0,3,-14,9,-14,20,17,9,-32,-6,-15,-34,21,4,47,-11,-7,-42,-7,-9,52,241022
-38,-35,56,0,-7,-23,7,58,-48,58,-78,86,20,86,12,-22,-6,47,1,-13,69,-26,13,73,-21,-30,20,-9,58,56,11,-4,-67,16,45,1,64,-20,-18,39,-50,-57,2,19,27,-4,-39,-8,-58,6,17,19,-80,13,-63,-7,0,-6,65,57,74,-50,69,69,43,-9,0,16,3,-18,-39,-19,24,51,-9,58,7,-10,16,-8,-93,-22,19,58,63,13,-72,-49,-5,-27,64,27,87,-29,-13,-44,24,-91,9,-93,6,38,42,-34,12,47,-46,-40,-3,74,-10,64,32,84,7,-72,-99,9,81,-26,16,-26,-28,55,-26,-31,-42,-36,-3,-17,-6,25,44,3,58,-5,19,68,41,-12,48,22,61,19,10,-15,35,-39,32,57,-44,-14,52,-29,-17,25,-57,38,62,67,-4,13,0,0,67,-63,16,-58,-10,8,-12,22,67,-54,11,83,19,-21,-18,-13,57,86,38,25,-48,-73,65,-33,24,0,-9,-41,-34,49,36,-9,5,81,-18,12,82,-65,-15,-4,1,-49,40,-52,0,-1,22,-17,-8,-12,-16,14,37,-4,9,-38,6,14,1,18,24,74,-2,-33,-67,7,-3,67,241273
-27,-25,34,-4,-19,-15,11,74,-41,39,-51,67,36,45,15,-23,-3,39,-15,-10,37,11,-3,37,-54,21,-1,22,23,32,9,12,-46,-3,48,-3,9,-36,-52,17,-36,36,-1,3,18,-5,-42,5,-4,-6,5,-2,-49,6,-46,18,-2,15,50,14,34,-39,56,47,12,-14,-22,-45,21,-18,-42,-18,-25,21,7,35,-6,9,3,-43,-61,-9,47,52,35,7,-35,-47,-33,-37,31,4,77,-10,-18,-38,9,-66,0,-61,4,44,1,-23,13,21,-46,-40,10,22,-14,2,16,89,23,-42,-68,22,75,-9,-2,-23,-21,23,-28,-9,-37,-39,6,-21,-3,18,26,21,27,-12,2,67,-27,-7,26,-15,30,-22,-44,-8,52,-32,-14,77,-27,-14,10,-24,1,5,-36,30,35,58,26,-13,7,-9,54,-43,15,-39,-30,-38,-14,-49,30,-39,-13,78,45,-23,-15,-18,21,67,-7,17,-41,-52,52,-27,29,-5,-22,-34,-10,34,12,25,35,77,-54,19,23,-33,-13,-12,10,-45,57,-38,14,-32,0,-16,4,-18,-5,-10,35,10,15,-22,-9,-10,-20,41,-12,48,38,0,-40,-2,-6,47,241931
-20,47,65,0,-4,-78,-5,-8,0,-64,-19,-6,-47,30,7,0,-5,23,38,13,21,-77,-16,57,-23,45,-20,-5,25,64,-6,-7,-81,38,-2,-18,38,26,-6,10,-29,43,8,31,-13,-18,0,8,14,-20,-22,36,-19,-36,-81,-5,-25,-18,28,45,55,-32,34,20,10,0,-55,-40,9,-42,0,11,-55,9,14,-63,-7,-4,-9,-26,-51,-68,-22,49,28,-19,36,-15,10,-34,19,10,-29,-33,-47,-24,34,-52,-8,-41,-9,3,37,1,16,15,-13,0,-8,36,0,2,23,52,32,-40,-40,36,0,-33,-19,4,0,7,-21,-1,-28,-6,-27,-10,-14,19,-4,-54,10,0,30,8,34,-76,70,5,21,0,-35,-7,42,-30,-30,-6,-23,14,46,0,-19,2,-19,44,33,3,-50,17,-26,-8,8,-72,-24,-67,8,31,-66,36,29,-21,41,0,35,-1,14,11,8,-7,-30,18,0,-33,9,0,-9,0,-5,50,-3,42,-11,-5,35,-34,-24,34,16,-40,-36,0,35,-15,41,-32,-16,-5,10,13,9,9,-75,-5,21,-27,3,-5,-35,-6,-78,-41,18,20,13,23,37,-12,-32,48,241973
-5,18,33,-2,-14,-39,-18,63,-31,-14,-4,54,-4,-23,19,-18,20,12,-4,-23,7,-40,2,39,66,64,-3,14,-14,32,-7,3,-58,8,26,-1,53,-16,-35,87,-36,56,11,22,-26,-30,-25,3,-19,4,21,4,-8,-3,-56,3,-16,-28,32,31,48,-36,-14,38,92,-11,-13,-32,12,-14,-25,4,-4,22,28,-18,-2,17,21,-18,-34,-38,5,59,-32,16,-71,-34,21,-55,1,39,64,-26,-23,-75,28,-32,13,19,7,78,13,30,36,5,-34,-31,52,40,-13,33,29,82,26,-17,13,56,49,-23,1,22,-19,13,-69,16,-56,-12,-6,-11,-32,11,-21,-23,12,-3,26,-29,-37,-49,58,25,-2,-50,-39,-27,0,37,-20,63,-11,2,33,-17,-29,14,-26,48,37,-16,-23,36,-5,-3,48,-39,0,-38,30,15,-53,-29,40,-26,0,46,22,-22,8,-2,24,55,-14,11,-31,-77,50,27,72,-2,-17,16,18,50,6,9,14,73,71,41,39,-3,-20,-2,68,-34,1,39,59,-41,41,-24,3,30,-49,-1,6,-10,19,-32,-16,2,-47,-7,28,32,-2,58,-65,24,-18,60,242110
-23,-9,10,-18,-11,-41,60,40,-30,-17,-19,55,-9,41,22,-13,4,30,-14,-17,-13,-53,4,20,50,54,15,12,-3,13,55,30,-54,37,0,-16,31,2,-5,44,-38,68,15,16,-14,-23,-28,17,23,-17,-4,46,-17,-11,-58,24,-29,-35,47,49,18,-30,18,48,40,-31,-4,0,-80,-39,-28,-12,6,35,72,-18,1,5,7,-27,-44,-38,0,71,44,0,-48,-30,-29,-48,-13,33,63,-23,-54,-26,19,-44,13,2,9,61,41,-24,73,-58,-25,-34,52,60,-30,53,34,69,-6,-41,2,27,64,-20,15,33,-13,4,-19,-9,-46,-44,-16,-15,-22,-2,-2,-46,5,-30,15,36,31,-63,57,-13,-26,21,5,-16,-11,-2,-23,40,-21,-52,46,-17,-39,16,-23,54,44,42,-47,-9,-15,-17,65,-33,-9,-32,-40,9,-55,21,40,-31,-9,65,13,-11,-56,-7,35,54,-23,-3,-31,-68,66,-20,69,-17,-11,-11,-13,53,5,14,-6,67,50,41,30,-47,-51,-30,35,-31,-7,-9,48,10,23,4,16,21,-61,-7,27,1,22,-16,-14,-7,-61,-7,6,54,-73,40,-40,16,-29,73,242249
-7,-26,40,-12,-15,-20,58,51,-49,45,-77,73,7,62,14,-17,11,34,16,0,16,-15,32,68,-11,27,39,-6,0,45,49,-8,-46,37,49,-7,58,-29,-33,28,-39,30,-17,17,33,4,-45,-5,-39,-4,20,41,-77,8,-46,-13,19,8,23,63,67,-25,35,52,24,-14,20,-16,-3,-6,-45,6,32,62,41,48,-10,-9,14,4,-89,-19,7,52,58,20,-30,-24,6,-45,14,34,86,-21,34,-31,24,-88,20,-75,22,51,0,-39,40,36,-38,-45,7,78,-15,55,21,78,17,-29,-78,20,76,-16,29,-2,-22,40,-23,-26,-51,-40,-2,-14,4,0,41,4,45,-19,17,67,47,7,45,-9,46,-21,-16,-3,26,-22,-10,48,-8,-12,61,-24,6,-4,-64,50,21,63,0,18,0,8,41,-57,3,-55,-3,-17,-1,42,26,-66,20,77,37,-22,-17,15,60,70,-4,-1,-49,-80,41,-33,46,-11,-13,-37,-30,54,35,-1,15,84,-14,29,77,-22,33,-19,27,-45,30,-25,12,-39,27,6,-4,-1,6,-22,23,-4,11,-26,11,-12,8,4,29,60,9,25,-25,2,19,52,243521
-41,-37,23,-16,-11,-14,11,81,-36,4,-51,75,31,88,11,-35,-17,58,-7,-60,54,-46,-5,50,-34,79,44,12,-20,32,11,-1,-66,-11,10,7,26,0,-30,10,-49,75,5,18,7,-32,-26,-10,-52,8,-15,0,-52,-27,-64,1,-41,-36,69,52,51,-74,-11,37,25,-34,-3,-22,23,-18,-26,-13,18,51,86,3,1,-5,9,-56,-80,-16,30,41,76,-14,-44,-73,-14,-37,45,32,74,12,-47,-37,-6,-79,0,-48,3,57,57,3,100,49,-10,-35,63,23,-34,34,16,89,5,-42,-39,25,66,17,35,-22,-13,-11,-23,5,-29,-35,-2,-17,-32,12,21,-14,0,-35,18,17,26,-58,45,-2,52,-7,-26,-21,3,12,-17,86,-50,10,48,-14,-42,15,-58,29,66,9,-10,20,1,13,54,-62,-14,-54,-14,-11,-34,7,62,-58,5,67,27,-35,11,-14,52,79,-8,12,-37,-65,55,-3,11,-16,-10,-38,1,26,-10,11,15,73,-32,21,9,-38,-42,-35,27,-17,7,0,66,-18,28,-47,-11,9,-61,-3,51,-24,9,-37,-38,0,-44,38,23,36,16,2,-44,22,-43,47,243756
-36,39,25,0,-3,-54,-31,-2,0,-40,-12,23,-36,44,0,-3,-23,36,0,38,48,-79,16,50,2,39,17,4,13,27,-31,15,-70,23,-7,-9,10,21,-10,-14,-31,26,19,28,1,-17,0,8,17,-10,-19,20,-12,-34,-70,14,-32,-18,47,70,52,-33,12,29,-8,0,-66,22,-1,-28,0,17,-68,23,-21,-40,3,-35,-4,-14,-30,-55,-29,66,47,-21,-18,-41,-18,-9,45,7,36,-13,-48,-20,30,-34,-2,-41,4,5,45,2,-13,2,-27,0,24,6,0,14,16,57,19,-52,-45,24,0,-11,17,7,0,-6,-22,-14,-11,-12,-18,-13,-19,6,1,-42,-8,0,30,44,30,-75,62,-9,1,-11,26,-6,42,-32,-11,-3,-35,13,75,0,-14,17,-13,32,37,42,-43,-3,-21,18,42,-58,-35,-58,-20,14,-69,34,41,-11,1,0,29,-8,17,15,18,26,-13,6,0,-41,42,2,16,0,-2,40,-14,33,-5,4,22,26,8,25,19,-50,-50,0,3,-29,38,-30,24,-11,8,34,11,11,-77,11,34,-27,-3,-14,-35,9,-67,-37,-6,30,-3,2,-19,-5,-32,65,244197
0,-67,78,-5,-16,-84,-1,25,-30,-12,-68,13,-91,36,7,-24,2,33,25,1,-29,-85,3,38,1,30,39,0,-40,80,7,-30,-66,10,3,-11,63,-8,-10,14,-52,44,4,26,-22,-26,-28,-14,-53,-8,21,24,-67,-16,-63,-29,-13,10,14,36,39,-41,-23,64,13,-16,-49,-30,28,-75,-27,2,-33,49,14,-14,5,-26,8,5,-83,-89,-28,63,39,20,-14,2,25,-57,-31,27,39,-6,-17,-47,14,-84,13,-30,4,1,-4,-43,29,45,7,-34,33,66,-17,27,13,62,-1,-18,-21,6,65,0,34,10,-15,-3,-49,-35,-54,-11,1,-20,-32,8,-30,-72,-1,-17,29,33,40,-70,59,30,57,-5,-33,-22,22,-22,-23,23,-3,-38,27,-14,8,12,-56,48,41,36,-73,-1,2,-39,55,-67,-15,-64,10,29,-54,29,47,-60,28,66,33,-29,-38,7,50,18,-22,10,-30,-87,50,-46,-3,-5,-15,-73,-35,46,-24,-1,5,32,-3,23,23,-26,-21,-16,23,1,21,-30,37,-8,19,2,-14,13,-72,0,25,-52,5,-13,-5,0,-43,-100,4,67,29,14,-6,0,-13,62,244394
-12,29,32,0,-6,-35,46,11,0,-43,-4,15,-13,26,12,0,-6,14,10,14,-11,-40,28,27,37,37,-9,1,9,35,43,11,-36,55,17,-8,20,36,-26,39,-23,36,22,8,-6,-12,0,16,21,-10,-12,52,-1,-12,-32,10,-20,-4,29,4,26,-20,17,22,41,0,-46,19,4,-22,0,5,-47,2,29,-43,10,-16,5,-21,-25,-35,-15,67,24,-11,18,-18,-14,-24,-11,8,58,-31,-15,-27,22,-22,14,6,14,16,23,-10,31,-9,4,0,-25,24,0,-22,29,38,-6,-50,3,6,0,-31,-8,18,0,9,-24,-11,-25,-18,-16,-12,-15,19,0,-23,10,0,10,-9,28,-49,51,6,-7,-9,24,-8,33,-6,-29,11,-13,-12,6,0,-6,20,-8,41,36,-12,-26,-2,-17,-16,48,-45,-16,-49,-16,-11,-56,27,40,-7,8,0,9,-7,-11,6,-2,14,-30,21,0,-14,48,-11,34,0,-2,28,-9,42,-5,6,-2,52,41,5,8,-50,-20,0,24,6,36,-4,-24,-15,6,23,17,18,-49,12,14,-2,8,-8,-33,9,-49,-13,-1,26,9,26,20,-4,-18,66,245687
-16,29,69,-11,-15,-94,18,-15,-41,-30,-41,15,-93,51,16,-23,0,52,30,-7,10,-94,-8,62,3,86,20,5,-10,73,24,9,-79,36,-6,-18,34,-14,4,51,-23,92,0,32,22,-23,-36,6,2,-15,28,43,-39,-8,-77,9,-14,-12,45,8,63,-25,-1,42,49,-18,-16,-8,8,-67,-36,-7,-13,36,45,-32,-8,-49,14,-1,-57,-99,-23,50,46,27,-7,-3,3,-54,9,8,90,-22,-28,-33,23,-59,13,-49,1,55,37,-12,52,16,-8,-41,22,42,-19,47,15,60,59,-19,-48,37,60,-15,16,15,-18,0,-29,0,-48,-27,-13,-7,-30,24,29,-70,2,-18,34,90,32,-79,63,23,16,8,-9,-10,40,-39,-29,-16,-20,-14,8,-17,-19,4,-50,63,28,80,-72,5,-12,-40,21,-77,-8,-76,4,33,-54,23,34,-52,40,61,15,-22,-13,-1,38,18,-29,23,-41,-100,21,-13,50,-11,-19,25,-2,58,20,4,61,88,-2,40,57,-15,-34,-17,17,-9,43,-41,25,4,4,-10,5,22,-82,-10,48,-39,16,-20,7,-10,-41,-100,8,43,10,8,-3,2,-12,49,246097
-18,-29,37,0,-11,-52,30,25,-32,-7,-38,35,-20,-2,10,-19,-26,31,36,-58,30,-48,-9,8,-2,9,18,-7,14,34,47,34,-60,45,5,-25,7,-22,-12,67,-29,5,14,26,-13,-19,-26,1,-24,-22,5,54,-36,-1,-58,33,-18,28,42,75,12,-36,16,69,67,-13,8,-31,32,-20,-26,0,23,76,18,-5,4,-14,20,-1,-71,-54,-18,75,-13,4,-29,-39,11,-36,31,6,44,-26,-35,-93,25,-70,9,-76,-3,45,35,-28,28,50,-31,-28,31,1,-13,41,18,74,-36,-68,-75,-40,14,-23,14,8,-18,9,-90,34,-29,-30,-15,-10,-18,16,-7,-43,11,-3,21,25,-39,-44,58,20,48,-26,-30,-18,44,-25,0,25,-22,-7,70,-17,24,21,-38,54,46,32,-46,-27,-15,21,44,-62,0,-58,18,1,-52,-51,47,-35,39,16,35,-17,-11,2,76,36,-4,17,-32,-75,46,-28,42,0,-13,-31,32,49,9,-11,-35,32,-5,-47,52,-54,-34,-1,47,-33,46,-32,29,-25,7,-64,1,26,-46,10,32,-21,9,-43,-7,14,-46,-17,-27,67,23,22,-26,4,-20,82,246231
-39,1,41,-21,-19,-40,69,42,-49,18,-48,72,-9,-12,17,-21,12,26,0,19,30,-79,7,61,-39,27,39,4,-34,51,67,0,-80,-3,25,11,59,-5,-20,31,-58,33,8,26,-29,-11,-50,4,-32,9,3,-32,-44,-23,-75,13,-7,3,51,7,68,-51,74,46,15,-22,-25,-8,26,-48,-51,5,-22,31,24,15,6,-15,-5,-18,-55,-37,11,84,-26,2,-23,-42,-4,-39,44,8,86,-7,-5,-59,26,-59,6,-67,7,15,11,-37,24,-21,-41,-55,-4,67,-24,52,24,90,-17,-43,-67,-27,79,-9,39,-26,-42,27,-54,-19,-46,-57,-22,-13,-10,-2,0,-17,22,-28,33,48,37,-60,55,27,-14,3,0,-6,49,-19,15,40,-47,-31,14,-40,3,19,-26,40,50,44,-18,-7,-20,-45,72,-70,-10,-63,-26,14,-13,27,50,-25,16,81,29,-29,-32,-1,23,70,-3,-3,-50,-91,60,-32,23,-22,-20,-7,-28,51,18,7,4,76,-13,-14,58,-54,-5,-26,24,-34,48,-49,-14,-65,1,20,5,-14,-62,4,37,-24,10,-43,-10,6,-7,-12,-14,64,45,0,-34,-10,-11,66,246667
-31,23,68,-21,-4,-34,52,21,-56,4,-42,85,-19,21,18,-17,13,0,20,-1,13,-49,-5,53,24,37,-2,-2,55,67,58,0,-49,15,37,20,35,-15,-34,29,-34,32,7,8,26,-4,-60,7,-7,23,16,11,-42,-22,-44,0,-12,-26,32,-20,55,-42,78,28,49,-29,-17,33,3,-36,-60,-10,7,16,-29,1,5,-29,16,11,-46,-33,-12,29,-7,13,-55,-21,43,-43,14,11,82,-14,4,-16,11,-42,15,-50,-2,49,16,-33,-34,-12,-56,-52,-11,38,-30,44,25,46,45,-21,-49,31,72,-13,2,-21,-44,51,-15,-15,-44,-35,-9,-12,-5,23,27,5,46,-25,11,50,44,-23,35,16,0,26,25,-22,33,-13,-7,21,-35,-35,-11,-42,-24,18,-40,45,38,37,2,-20,-8,-44,17,-42,-17,-42,42,37,-7,34,42,-44,27,70,19,-16,-35,-8,29,86,-10,22,-56,-77,17,-32,46,-21,-8,13,-17,47,33,-2,45,94,28,33,61,-7,7,-25,-16,-52,40,-17,-8,10,7,2,6,-4,-23,11,2,-15,16,-32,-6,12,0,-21,-14,33,-7,-41,-54,-4,-13,42,246674
-51,24,30,0,-11,-5,11,27,-39,-2,-27,82,-2,-77,16,-16,-27,6,-14,-19,-1,-7,-30,36,13,62,-14,-28,65,30,19,-43,-32,52,45,4,64,-19,-56,74,-48,62,-20,0,-82,0,-33,-6,-13,3,13,47,-27,-18,-28,-45,-6,13,2,-9,37,-48,73,30,76,-13,-61,72,-14,-17,-34,-4,-57,23,31,-1,-17,-32,21,14,-65,-2,-2,58,-78,13,-74,-57,81,-30,-3,35,82,-33,-25,-54,9,-65,24,-20,-7,52,22,21,37,51,-73,-34,-4,68,-14,1,-1,42,25,45,-20,37,52,-34,-11,-23,-17,36,-51,-13,-32,-29,10,-16,2,-17,-80,0,38,0,1,16,22,3,24,31,57,-29,75,-29,45,29,-30,28,-55,-1,-12,-17,15,-12,-46,44,25,30,0,48,11,25,26,-31,-9,-27,82,-24,-24,29,26,-45,-11,52,7,-19,-6,-3,20,81,-27,-17,-39,-50,25,24,54,0,-9,23,-14,47,6,-27,24,86,11,40,39,49,-19,0,0,-72,44,22,2,-36,32,-19,-5,-8,2,-27,2,6,14,-32,-26,-8,-25,-2,58,31,-12,-22,-77,-7,-11,65,247136
-21,-4,-18,-4,-20,-24,16,58,-30,42,-24,39,19,16,17,-9,3,33,-49,-26,40,-33,-22,38,13,2,3,42,58,-20,19,32,-49,0,21,-18,1,-37,-22,85,-21,0,-10,22,-30,-29,-24,11,5,-20,17,1,-23,21,-50,35,-4,16,43,48,37,-27,71,42,84,-20,-31,-70,13,-44,-23,-13,-36,16,71,43,-22,2,-27,-30,-44,-13,32,81,19,15,-45,-53,-50,-35,40,7,61,-6,-38,-71,32,-45,-23,-28,-8,16,18,-2,76,-31,-26,-32,48,11,-22,43,27,81,-18,-42,-27,0,59,-6,5,8,-3,0,-67,12,-23,-60,1,-23,-26,29,-21,2,4,-13,21,-7,-59,-40,48,23,-32,1,-70,-7,26,4,4,61,-28,-8,50,-2,8,-11,-16,32,36,-18,8,6,2,-27,81,-39,38,-33,-55,-49,-21,-75,32,-15,-41,61,59,-8,-9,-15,16,36,3,28,-30,-51,79,-1,17,-5,-19,-7,12,26,32,42,-7,58,9,3,47,-41,-27,-12,67,-28,32,-2,42,-14,5,-22,12,19,-38,-34,31,-2,14,-46,-16,-29,-29,26,9,46,23,52,-41,10,-12,79,248936
-45,-27,-20,0,-29,-72,-62,43,0,-4,-61,22,-38,34,6,-31,-45,71,-47,-5,84,-43,-13,47,-17,4,-11,47,-34,-12,-66,12,-90,-34,39,18,16,-63,-62,42,-27,13,18,35,-29,-58,0,-2,-43,20,16,-18,-58,20,-89,13,-47,72,86,77,50,-14,-28,100,42,0,-91,-2,33,-45,0,-24,-85,29,25,-4,5,12,-20,-22,-51,-76,-11,79,21,16,-32,-72,-85,-22,84,-2,85,31,-69,-81,47,-52,-20,-28,-10,-50,29,-60,46,40,-37,0,58,12,0,15,9,95,-27,-17,-27,2,0,38,-18,18,0,12,-74,-28,-18,-12,-2,-37,-64,5,-19,-15,16,0,34,56,-62,-71,69,-14,38,-46,-11,-18,60,-25,11,41,-47,-55,77,0,64,22,11,32,58,52,-13,-19,0,36,100,-52,17,-50,-83,2,-75,-72,60,11,-41,0,61,-28,-55,-19,27,22,17,4,0,-71,100,-60,-70,0,-31,-32,-28,29,4,46,-27,87,-23,-2,9,-4,-76,0,55,-45,63,-34,62,-36,0,-9,-4,17,-72,5,62,-35,5,-16,-36,-7,-63,-43,-27,99,27,61,-22,5,-40,80,249164
-40,22,11,0,-7,-23,2,23,0,3,-31,48,-21,40,0,5,-67,67,-14,-22,60,-39,14,24,-37,-51,2,18,-1,13,7,1,-66,6,10,-10,-1,-37,-16,-5,-48,-39,35,26,-50,-18,0,2,6,-11,-21,8,-30,-24,-64,3,-51,0,94,44,29,-58,-14,45,-1,0,-44,-8,42,-6,0,68,-21,18,35,0,14,-48,-11,-21,-65,-24,-22,47,40,-23,18,-37,-27,9,57,-5,43,-13,-52,-1,-2,-66,-13,-21,12,16,45,-23,33,44,7,0,35,-5,0,26,21,36,-27,-23,-21,80,0,-11,0,-15,0,-2,-1,12,7,-10,3,-7,-21,11,-47,-11,0,0,28,24,39,-52,41,-5,51,-36,-11,9,14,-41,5,23,-45,0,42,0,-3,35,-9,19,51,23,-9,-15,3,11,63,-51,-18,-45,-27,3,-55,40,52,-8,-11,0,68,6,4,67,17,51,9,11,0,-5,62,-23,36,0,-8,21,13,19,17,21,-30,41,-47,87,20,-20,-50,0,-40,3,17,-50,35,-21,-6,-14,1,-2,-54,29,62,-28,0,-13,-23,24,-52,-18,-15,45,34,-51,22,-6,-52,56,249399
-73,-82,25,0,-35,32,-33,54,-62,-15,-83,96,44,17,13,-61,-80,45,-26,-26,-2,4,-19,35,17,15,54,56,-44,27,-28,-34,-14,-75,16,-18,-2,-23,-26,20,-48,17,5,-42,-92,12,-65,-14,-9,-22,-14,-85,-80,-11,-17,-35,-44,79,82,39,24,-59,-49,73,14,-36,-65,-11,-18,-15,-65,-2,-97,37,-17,-13,-1,-59,-28,-46,-100,43,23,41,23,-11,10,-36,-24,3,-2,7,34,24,3,-76,-48,-100,-27,-60,15,13,0,-36,11,-21,-2,-65,0,4,-37,23,25,51,-18,53,-55,38,84,26,43,-64,-19,-21,-48,-21,16,-60,4,-47,22,-25,-72,6,-12,-6,-46,-22,30,-7,15,-11,-45,-10,-11,-48,54,-49,14,60,-77,-13,33,-19,66,18,-42,-10,94,-33,17,-7,7,17,65,-77,13,-68,-12,33,43,16,83,-40,-28,88,64,-62,-29,-11,40,92,10,-27,-64,-54,77,-30,0,0,-33,-75,-24,-13,-18,58,-2,62,17,30,-14,59,13,-6,-61,-8,56,-68,-8,-20,3,-31,-14,-43,-3,-2,46,6,9,-42,-32,0,14,60,1,71,9,-79,-5,-14,-56,32,249661
-44,-13,2,0,-14,-56,-2,31,0,-10,-39,36,-28,-57,5,-7,-21,69,-48,16,60,-46,-7,37,72,47,-20,35,30,-1,-2,11,-78,29,21,2,-26,-22,-41,-18,-34,33,39,38,-42,-27,0,10,17,-4,-24,34,-31,-22,-77,13,-29,51,64,35,34,-52,38,16,-17,0,-71,-51,35,-58,0,23,-61,25,17,-11,20,21,-8,-25,-41,-44,-4,61,-84,-22,-32,-60,9,-25,55,-12,87,-1,-75,-11,22,-50,-19,-1,0,-15,47,-35,37,-9,-32,0,45,-23,0,19,3,78,4,-5,6,12,0,-1,-18,-14,0,10,-7,-15,-16,-6,1,-29,-23,6,-42,-33,18,0,41,52,77,-62,58,-44,1,8,-47,0,25,2,-14,40,-52,0,35,0,7,40,4,42,58,54,-23,4,2,5,69,-62,3,-50,11,-61,-56,32,52,5,-44,0,54,-6,-3,11,16,37,-9,3,0,-34,65,-36,-31,0,-19,-14,-23,39,5,31,-2,99,65,12,11,10,-61,0,7,-33,41,-13,39,-20,-11,5,10,12,-64,25,60,-24,2,6,-36,15,-69,-18,2,22,34,-18,-35,-8,-45,55,249805
-37,32,42,0,-14,-5,15,69,-32,17,-21,88,49,-31,18,-20,-13,5,-5,-26,30,18,1,30,11,29,9,19,64,42,11,-18,-14,0,46,2,22,-28,-38,68,-42,32,11,-5,-68,-4,-33,5,9,-4,7,-6,-22,-2,-16,-14,-13,-13,44,34,30,-43,76,21,70,-11,-53,-6,-18,-3,-32,-5,-51,31,39,16,3,-55,14,-36,-56,4,45,80,-32,12,-46,-45,41,-11,25,2,71,-32,-17,-56,0,-55,8,-31,6,39,28,14,50,63,-34,-30,-7,26,-12,3,34,70,-11,0,-31,8,52,-33,13,-33,-9,24,-48,12,-2,-68,0,-23,0,19,-62,8,24,-4,-8,31,18,2,26,20,58,-2,-12,-33,43,10,-6,72,-42,8,32,-10,-17,18,-28,13,64,25,9,9,0,5,38,-52,11,-47,38,1,-6,6,56,-31,0,52,43,-21,7,-7,31,84,-4,18,-33,-36,39,9,31,0,-16,25,9,10,6,19,-1,76,13,11,29,0,0,-3,-1,-35,43,3,-11,-17,-2,-22,5,-22,6,0,6,22,16,-63,-27,2,-23,57,13,21,-11,-23,-50,3,-21,79,249873
-40,-70,34,-16,-33,-36,-48,100,-66,-1,-51,51,27,82,32,-45,-31,64,-60,-13,17,-71,35,30,-29,-7,25,69,-29,34,-11,18,-77,7,19,2,20,-32,-64,70,-77,5,39,5,-50,-31,-62,0,-22,14,-17,16,-51,-34,-69,28,-65,5,70,56,38,-77,-14,85,74,-43,-49,-97,-16,-59,-61,-32,-67,26,50,-5,21,-3,11,-57,-72,-48,2,51,75,-19,-25,-67,-60,-78,9,23,96,0,-30,-86,12,-75,3,2,37,7,-4,-31,43,-28,23,-68,56,0,-44,30,23,91,-66,-33,6,56,76,8,17,10,-46,-6,-77,5,-82,-34,-7,-40,-42,21,-31,-52,-3,-26,10,0,-41,-75,75,2,-48,-60,-100,-33,10,1,-45,100,-52,-33,54,-38,-3,43,-18,60,75,-3,-52,8,-4,-8,84,-50,-35,-43,-53,-18,-65,-30,92,-18,-53,77,52,-49,-34,-30,20,61,-36,19,-66,-100,97,-36,30,-17,-38,-67,8,64,-15,61,-51,89,-25,25,0,-7,-34,-25,48,15,4,6,71,-60,27,-22,0,35,-81,15,52,-41,32,-55,-37,19,-39,13,-3,76,-24,21,-7,23,-55,58,250181
-58,-24,29,-8,-26,11,36,60,-58,34,-42,92,42,54,20,-18,-50,21,-40,-37,14,4,30,39,14,-38,35,49,62,31,50,40,-29,-55,32,15,-29,-14,-26,47,-70,-50,9,-15,-6,2,-54,8,3,9,-17,-45,-43,-5,-30,40,-28,15,54,43,41,-77,63,61,44,-32,-97,-52,33,-25,-54,-5,-70,-4,38,35,4,-31,18,-36,-49,16,34,72,27,-12,-31,-48,-78,-15,10,-18,79,1,-7,-55,-15,-50,12,-68,25,52,22,-49,58,-21,-21,-57,-4,-24,-33,29,1,71,0,-71,-58,-25,79,3,31,-58,-20,31,-49,-5,-7,-52,6,-24,1,34,0,21,34,-12,-18,23,-27,0,18,-10,-6,-9,-58,-26,58,-47,-16,60,-58,-34,51,-21,-5,17,0,12,66,2,23,-40,8,-8,93,-27,-2,-24,-87,-34,10,-58,61,0,-41,82,34,-17,-31,-4,10,93,-12,34,-58,-72,93,-58,48,-10,-23,-31,-4,10,21,51,-9,90,27,-21,32,-54,-3,-12,-41,-22,60,-63,-7,1,-21,-48,6,-47,2,-4,18,10,20,-60,-10,-7,3,49,-42,63,18,-45,-33,-7,-30,72,250262
-72,-87,57,-6,-17,-9,17,91,-60,47,-78,93,51,54,11,-25,-48,61,-25,15,30,-8,-3,58,-12,-38,46,21,74,60,8,6,-54,-20,52,21,18,-39,-44,-36,-90,-58,1,-5,14,1,-60,-19,-51,18,-19,-36,-72,-28,-46,6,-48,-64,63,24,64,-85,56,83,-30,-42,-6,5,-6,-23,-58,5,1,78,-42,41,4,20,-6,-36,-77,-12,24,20,46,-20,-35,-54,-36,-4,29,24,9,15,-24,-49,-18,-74,-21,-100,12,28,11,-52,-7,51,-32,-65,0,3,-45,41,0,68,58,-83,-100,-5,82,13,51,-75,-34,34,-34,-50,-13,-37,21,-34,-4,-25,27,24,29,-24,1,24,26,-10,33,-10,49,85,1,-36,39,-36,-1,88,-66,0,28,-32,-73,24,-40,7,54,16,23,-10,20,7,85,-40,-35,-39,-22,-11,-14,23,64,-45,-25,83,46,-32,-3,3,77,93,0,-27,-61,-75,91,-45,9,-7,-26,-78,-57,17,38,12,52,8,-33,8,50,-65,-36,-21,-80,-22,43,-45,11,87,23,10,-21,-65,-10,11,63,-4,9,-56,-27,4,3,43,-16,84,-5,-86,-45,0,-43,18,250434
-5,0,65,-25,-18,-96,-31,58,-51,-34,-76,24,-61,62,11,-30,0,54,0,10,16,-84,56,87,7,93,-1,17,-45,71,-24,-27,-86,77,20,-26,73,-31,-23,84,-68,95,60,29,-17,-13,-50,-13,-32,-16,4,99,-78,-6,-78,-25,-33,-29,66,79,88,-57,-18,73,79,-20,-24,-64,37,-61,-49,21,4,46,85,-37,36,-10,-4,-35,-100,-100,-31,85,54,0,-15,-28,-12,-85,16,32,86,-33,-14,-50,26,-100,-1,-37,40,13,0,-4,95,22,-11,-50,52,76,-22,32,39,91,-16,-16,-28,23,72,-21,-11,26,-34,-2,-46,-12,-80,-20,-8,-23,-24,32,-9,-88,3,-27,34,50,74,-77,72,0,43,-64,-60,-14,18,26,-48,57,-11,-1,66,-32,-22,60,-69,92,51,50,-92,34,-5,-7,74,-86,-12,-87,-16,8,-82,72,69,-71,11,71,63,-36,-4,23,58,32,-44,31,-52,-100,67,-5,6,-25,-19,1,-15,87,-11,16,-7,73,2,35,35,-22,-25,-25,46,-20,13,15,65,-74,26,14,-13,44,-84,38,40,-49,11,-21,-2,34,-58,-79,37,72,41,27,0,18,-24,84,251225
-29,-30,37,0,-9,-20,41,30,-29,41,-51,45,42,10,16,15,-4,3,-3,-21,21,25,4,31,-40,-21,0,31,20,31,36,4,-14,-5,34,1,6,9,-2,23,-62,-22,24,10,-40,3,-26,6,2,-6,-24,-8,-54,-7,-14,6,-8,15,18,14,29,-69,54,28,23,-1,7,-34,-5,-28,-26,-21,8,12,49,40,13,-10,19,-22,-77,-12,39,73,-1,-21,11,-9,-30,7,14,-6,75,-40,11,-55,0,-77,12,-42,14,46,-11,-22,60,-65,14,-31,17,9,-3,14,25,62,-52,-52,-45,0,73,-41,-2,-44,-19,28,-44,5,10,-64,0,-23,10,-7,-22,-30,31,0,9,-13,-16,32,12,-11,-79,-44,-35,-12,39,9,1,34,-28,5,-1,-19,4,28,-28,-16,45,-7,-23,-10,2,-29,60,-41,9,-33,-24,14,24,-34,35,-31,-5,75,15,12,2,-21,12,42,2,-8,-29,-18,61,-26,34,0,-14,-32,1,-12,0,30,-44,69,-39,-16,18,-45,30,0,-18,13,42,0,14,-63,-7,-30,6,-32,36,17,1,12,14,-61,3,22,-1,51,-9,28,7,-36,0,-6,-21,69,251243
-45,-9,32,0,-15,-52,52,23,-37,19,-31,55,-24,24,14,-31,-36,40,-8,-5,47,-58,-8,41,-40,33,44,-5,11,29,55,18,-77,57,31,17,58,-16,-38,-1,-29,35,-14,30,-8,-38,-33,6,-25,14,28,37,-31,-15,-76,19,-5,-15,60,15,43,-39,37,66,-4,-17,-14,19,33,-22,-33,-27,-30,43,-8,15,-7,-34,20,0,-35,-49,-9,58,42,27,-41,-39,22,-22,49,18,84,22,-34,-39,25,-37,14,-51,5,52,40,-23,-3,35,-47,-38,27,57,-19,54,12,69,65,-41,-52,47,68,18,50,-29,-34,29,-39,-36,-17,-18,-22,-14,-37,-2,-13,-3,25,-8,33,52,68,-55,48,40,40,7,13,-20,42,-46,19,25,-49,-34,13,-32,-25,-3,-29,32,38,49,-1,-8,-23,14,31,-52,-7,-49,31,14,-19,73,35,-31,-7,70,3,-30,-34,-26,40,52,10,-3,-38,-95,33,-21,52,0,-20,-10,-37,32,58,-7,62,78,-31,45,91,-30,-29,-8,-8,-38,41,-47,22,-10,20,8,6,-16,-56,-18,51,-8,12,-30,1,-18,-19,-23,-10,64,32,-27,-54,-4,-8,52,251599
-58,2,-12,-6,-19,-5,48,68,-38,27,-71,68,52,83,1,-19,1,27,-49,1,49,-3,-2,41,-15,-45,-2,13,26,-23,56,5,-40,-32,48,14,11,-9,-28,38,-44,-44,4,20,39,-4,-38,-11,-25,6,5,-50,-71,44,-40,4,9,-25,56,48,42,-45,46,63,35,-20,-13,-26,11,-25,-38,1,10,3,-45,23,5,-1,8,-47,-69,3,50,83,68,7,-64,-74,-55,-9,50,-10,33,-17,-25,-14,7,-69,6,-62,-7,47,17,-60,-38,3,-51,-44,27,14,-22,6,17,91,18,-71,-65,12,74,-22,4,-35,-21,28,-8,-32,-10,-57,7,-23,-4,4,46,12,24,-9,24,41,67,-2,12,-25,3,2,-19,-13,45,-56,4,72,-55,-49,49,-20,-37,20,-25,3,54,42,14,-49,7,-40,71,-60,50,-61,-51,-54,3,52,51,-27,-54,75,27,-22,-44,3,1,63,2,4,-39,-56,74,-61,32,-7,-23,-3,-30,7,6,13,12,39,-12,7,24,-58,-17,-8,-7,-39,50,-48,29,2,-8,8,-12,-33,0,2,36,8,-1,-57,-20,-2,-1,52,-54,62,11,-17,-79,-14,5,78,251642
-20,17,40,-52,-24,-15,45,62,-49,-10,-34,53,3,41,14,-28,-1,50,-1,-31,18,-33,-13,67,-23,12,28,-5,61,40,58,11,-44,53,45,6,33,-38,-62,52,-29,0,4,16,21,-1,-53,1,-13,12,23,64,-33,11,-39,15,-4,-35,48,4,73,-27,73,47,54,-20,-1,-23,1,-11,-52,-20,28,48,5,-15,3,-49,4,-13,-48,-25,-7,45,24,19,-35,-55,-1,-61,24,20,41,-11,10,-46,27,-46,9,-61,2,47,23,-20,33,35,-30,-52,5,33,-22,4,22,72,46,-61,-60,23,71,-3,17,17,-31,26,-37,-16,-56,-29,-7,-10,-9,19,22,1,31,-46,20,83,42,-8,42,-4,49,50,-28,-7,27,-20,-16,60,-25,-28,4,-27,-35,12,-21,54,36,74,0,-2,-7,29,49,-56,10,-58,-7,-9,-50,26,43,-27,5,72,13,-30,-26,-20,49,61,-22,23,-49,-85,47,-23,39,-54,-19,13,-19,51,21,-4,44,28,-21,29,44,-47,1,-45,40,-31,31,-37,9,36,18,-22,0,32,-15,1,49,-8,13,-35,0,1,-23,-9,0,48,0,17,-30,8,3,43,253288
-1,5,92,-6,-21,-24,9,72,-34,35,-51,61,38,18,19,-6,5,43,56,-25,4,33,8,44,37,-3,16,21,39,88,11,-11,-24,-2,49,22,43,-11,-1,21,-46,-8,-8,12,-50,11,-31,1,0,19,27,-1,-50,18,-19,-12,16,22,34,36,45,-57,62,37,21,-13,-2,-74,14,0,-32,-42,14,3,6,34,-5,-10,0,-15,-68,-24,48,81,2,23,0,-1,-8,-63,0,-8,23,-18,40,-44,-11,-68,1,-35,0,-2,-5,-20,24,-26,0,-36,12,52,-14,54,37,66,-28,-32,-34,0,69,-17,16,-49,-20,30,-38,-7,-64,-35,23,-10,9,18,-33,9,28,-26,13,53,19,19,11,-16,-20,-24,-71,-7,39,-14,-30,72,-3,-6,32,-22,8,0,-31,37,35,45,7,-7,22,-24,68,-51,27,-50,-10,36,17,2,33,-33,57,71,56,-8,-8,-30,7,61,-26,18,-34,-53,69,-22,-12,-6,-22,-4,-10,37,27,23,-25,16,33,-4,50,-19,49,-25,-22,3,46,-20,14,-36,-14,-30,1,-36,20,-15,43,20,17,-27,25,-9,10,41,-1,38,20,-31,-1,9,11,80,253344
-26,30,10,0,-8,-52,3,13,0,-32,-24,24,-27,18,2,-10,-16,30,-9,41,48,-45,25,26,-19,-1,16,8,-1,9,0,0,-66,23,11,-7,14,2,-26,-34,-36,11,23,19,37,-21,0,0,0,-11,-26,19,-24,-35,-70,0,-31,16,69,34,26,-38,13,40,-37,0,-56,-31,39,-23,0,7,-67,-20,42,-32,6,-2,-12,-35,-44,-44,-17,79,21,-23,16,-37,-29,-33,46,-1,10,-17,-50,5,18,-46,-11,-23,9,33,29,-12,37,15,-18,0,28,15,0,34,20,64,3,-56,-23,29,0,-18,18,-1,0,-23,6,-16,-31,-16,-12,-16,-17,6,41,-18,-21,0,18,29,26,-68,52,-7,13,-38,-24,-11,30,-44,-24,13,-27,0,29,0,13,22,-8,45,41,22,-14,-11,-11,-7,46,-49,-28,-46,-28,6,-51,26,37,-7,-11,0,47,-12,-2,7,-24,22,-26,5,0,-41,46,-13,28,0,-7,32,-21,46,8,8,10,19,-22,24,23,-55,-43,0,20,-15,27,-44,21,-47,-1,40,3,-3,-69,15,31,-23,0,-16,-37,10,-63,-19,-10,43,50,19,13,-4,-38,75,253816
-14,-31,58,-24,-17,-67,34,57,-52,-13,-77,47,-26,89,7,-33,-24,70,44,-15,55,-85,-3,70,0,9,40,11,-44,53,43,-14,-84,39,-12,-5,53,-54,-1,10,-14,23,28,32,51,-37,-48,-13,-26,-5,29,28,-73,-3,-74,-7,-24,22,57,56,71,-26,-55,58,30,-33,-53,-34,61,-28,-48,-6,-26,7,35,-22,21,27,13,-43,-85,-69,2,43,59,25,0,-37,-26,-50,53,6,87,16,-39,5,0,-84,8,-15,11,31,47,-28,36,-4,-30,-53,61,50,-34,45,26,88,24,-70,-17,6,85,15,50,-3,-41,-16,5,-1,-41,-14,-13,-15,-46,-3,56,-25,-19,-39,46,80,58,-79,53,-17,0,-54,-37,-17,11,12,-14,60,-21,-32,49,-34,14,40,-48,50,56,73,-27,-23,-13,-10,62,-78,5,-72,-20,26,-58,40,66,-53,50,84,30,-41,-33,-4,18,53,-13,-1,-52,-100,59,-30,18,-24,-22,-33,-2,46,-14,5,25,90,0,18,30,-70,-40,-39,46,-17,19,6,68,-45,0,-21,-14,26,-86,21,70,-46,6,-25,-15,16,-44,-37,-14,58,42,11,-9,5,-27,51,254005
22,-16,70,-14,-8,-75,13,27,-27,-39,-65,52,-57,7,24,-3,76,17,26,-14,-59,-78,12,41,-4,67,-35,0,-47,70,16,-8,-70,29,36,7,51,5,-45,51,-38,68,9,31,-12,-26,-24,-3,-22,10,19,35,-67,4,-64,-5,0,-9,-31,73,45,-47,-49,50,53,-19,-14,3,-31,-67,-25,-11,-6,31,93,-40,12,-53,26,17,-83,-75,-8,58,9,17,-47,19,4,-91,-65,40,78,-17,-2,-63,39,-83,22,0,12,77,-16,-43,97,35,-35,-31,15,46,-20,-31,36,78,28,-39,3,2,63,-10,-41,46,-8,38,-62,-25,-84,-12,2,-26,-28,14,-5,-53,44,-6,32,-17,-26,-55,66,41,52,0,-6,-10,44,-6,-64,31,14,-37,69,-9,-14,21,-47,77,12,-30,-50,12,7,-55,81,-45,12,-39,0,1,-47,-22,13,-48,34,63,19,-4,-38,-12,34,57,-56,13,-27,-87,85,-42,69,-13,-11,-17,-27,72,-28,-1,35,76,-16,1,-9,-37,0,-5,69,-38,44,-12,19,-1,41,-22,-2,65,-56,6,13,-47,22,-18,0,13,-43,-59,4,49,-36,55,-45,21,-2,63,254230
-18,6,22,0,-21,-58,43,54,-25,1,-75,38,-5,84,5,-22,24,38,-12,-29,53,-60,-11,52,16,14,23,27,-23,11,46,22,-64,-29,13,-28,3,-42,-27,66,-5,19,35,22,0,-25,-20,-2,-8,-27,19,-26,-71,-3,-56,31,-17,-61,53,62,53,-31,9,42,60,-8,2,-53,46,-45,-20,-22,22,37,52,0,27,5,11,-21,-71,-57,22,87,51,14,-49,-43,-81,-31,44,-12,42,-8,-57,-41,14,-76,0,-12,-1,34,37,-57,67,-29,-47,-30,53,4,-9,33,16,93,-30,-87,-18,-32,63,-4,26,-28,-2,6,-18,1,-22,-74,11,-30,-28,15,31,-20,11,-2,26,63,37,-53,56,-17,-32,1,-62,-21,3,-23,-17,61,-27,-33,42,-3,-74,48,-27,34,28,45,-17,-41,11,-38,79,-62,17,-55,-78,-5,-59,5,31,-27,-11,65,9,-21,-39,-21,21,45,-6,15,-25,-73,77,-57,19,0,-26,10,-7,33,-7,18,-20,52,6,-37,25,-77,-53,0,48,-46,15,-23,61,-31,-15,-40,-2,21,-57,29,27,-21,5,-64,-21,27,-54,-5,-42,47,51,0,-51,-9,-23,84,254719
-15,-3,40,-19,-24,-87,80,9,-47,-14,-59,13,-59,99,10,-28,3,81,-1,-2,49,-94,-12,73,-82,59,28,-6,29,50,85,17,-100,65,8,-3,55,-13,-17,-7,4,61,7,50,61,-37,-47,0,-35,8,56,78,-59,-7,-90,12,1,-33,63,37,75,-6,19,67,-7,-23,-54,23,46,-67,-46,-15,-18,50,26,-19,16,16,12,21,-74,-100,-44,31,84,48,-56,-23,-2,-55,45,24,100,0,-25,-7,44,-74,11,-92,0,28,31,-37,42,-13,-60,-52,43,57,-25,79,13,75,68,-33,-88,28,82,9,20,9,-31,0,0,-28,-49,-6,-22,-9,-51,8,68,-56,4,-28,58,93,84,-82,75,9,-9,5,11,-14,41,-63,2,8,-29,-25,28,-27,-49,26,-50,69,27,92,-62,-2,-18,-16,25,-88,-3,-83,-9,28,-57,73,42,-53,23,83,29,-31,-27,-17,60,30,5,12,-48,-100,23,-38,25,-19,-24,-2,-29,66,43,-6,59,100,-85,38,90,-32,-39,-28,59,-65,42,-61,49,16,19,1,0,46,-91,12,72,-43,12,-14,-6,8,-25,-73,1,66,27,20,-44,2,6,38,254787
-3,-44,67,-3,-4,-23,3,46,-54,0,-65,80,0,35,17,-18,15,-21,22,-45,-49,-29,76,31,-16,60,2,-2,31,61,11,-44,-19,32,36,-11,70,-16,-20,66,-46,42,23,0,11,10,-55,-7,-66,-5,2,36,-65,-22,-17,-32,-16,-3,0,16,36,-66,30,61,89,-30,22,-10,0,-28,-54,-1,24,67,69,0,15,-1,21,8,-91,-24,-4,62,43,0,-52,-6,50,-71,-56,48,22,-47,9,-11,8,-95,8,-35,50,74,-3,-21,69,73,-24,-50,-18,58,-31,10,30,77,-17,-10,-28,43,80,-42,6,-8,-37,32,-11,-9,-65,-22,19,-27,11,41,0,-39,36,-23,-3,26,65,-13,43,56,50,11,-20,-17,22,16,-45,48,-13,-36,4,-35,-3,35,-60,69,39,29,-41,7,21,11,66,-40,-11,-34,64,32,-44,48,43,-57,29,83,42,-16,-36,12,68,87,-39,39,-54,-72,57,-34,73,-2,-11,-45,-13,65,-18,-9,-11,52,8,43,20,-3,17,-22,55,-29,17,-5,-15,5,43,-51,-8,21,-14,22,-29,-9,16,-57,0,27,-41,2,14,52,-5,15,-47,9,-19,55,255265
-45,28,35,-7,-18,15,69,84,-44,17,-44,99,30,70,17,-28,-30,55,-31,-8,35,-30,-9,67,-64,69,35,2,14,37,68,17,-58,2,47,5,61,-15,-60,-8,-54,68,12,21,37,-4,-43,-4,-15,3,6,-1,-45,-6,-52,13,-22,-73,51,58,69,-57,32,47,3,-8,-39,11,22,22,-42,1,-37,34,32,11,12,-13,19,-53,-61,10,38,22,51,0,-67,-81,33,-29,32,23,100,0,-31,-28,-7,-57,17,-62,4,49,24,-10,36,-35,-84,-42,22,63,-10,57,43,78,91,-55,-66,55,76,1,32,-33,-23,11,-20,-20,-36,-10,-26,-18,-12,33,43,66,13,-10,27,89,68,-26,30,-3,-5,5,11,0,30,-13,5,84,-50,-7,58,-22,-77,27,-57,30,54,73,64,3,-23,18,8,-48,0,-41,34,-41,-42,53,60,-61,-25,76,36,-30,-4,0,44,100,10,34,-45,-72,4,-16,40,-7,-21,19,-23,39,36,1,81,100,-49,58,60,-51,-34,-9,3,-82,31,-24,32,6,19,-18,-4,-18,-32,19,50,-3,17,-18,-37,10,-25,22,3,47,10,-26,-73,4,-24,21,255572
-14,27,69,-11,-2,-52,41,45,-48,-7,-48,48,-24,18,15,-30,7,36,28,-25,-3,-63,-8,65,-30,47,12,-29,58,62,41,0,-76,43,19,-9,45,-33,-19,49,-19,45,0,29,-25,-20,-44,-2,-26,-5,37,39,-47,0,-71,-1,8,5,35,40,70,-24,66,44,52,-22,-49,0,4,-34,-44,-13,-33,42,46,-9,-1,-35,28,-6,-67,-51,-4,55,3,38,-51,-23,29,-52,-3,22,79,-26,-10,-73,28,-64,20,-63,-5,40,25,-10,56,10,-46,-35,33,52,-22,28,6,85,56,-37,-65,40,69,-26,15,15,-30,18,-64,-7,-52,-39,-9,-23,-21,32,-12,-46,16,-12,29,72,20,-50,61,10,9,0,-2,-28,56,-32,-14,45,-20,-5,32,-30,0,10,-42,63,40,70,-49,13,-9,-2,27,-74,4,-73,29,10,-43,9,44,-41,30,70,26,-36,-3,-12,39,50,-15,30,-49,-95,30,-7,35,-11,-3,19,-11,61,9,-29,46,72,-30,40,55,-22,-5,-10,56,-45,62,-37,33,1,20,-31,-2,34,-54,-2,37,-29,14,-42,1,4,-29,-27,16,48,-2,25,-46,7,8,60,255786
-45,-37,17,0,-14,-25,27,58,-38,33,-40,67,28,37,13,-21,-16,29,-24,-3,38,-50,-14,50,-15,-2,55,-1,16,30,25,21,-67,-19,11,3,19,-34,-8,26,-60,-3,0,20,17,-24,-40,2,-20,3,-10,-3,-39,-22,-67,24,-37,-19,46,40,48,-51,27,46,25,-7,-35,-4,15,-33,-39,-3,-21,31,25,33,-1,-33,3,-22,-55,-29,20,50,20,-12,-48,-38,-29,11,37,5,64,-8,-33,-44,1,-56,7,-41,-5,30,31,-36,23,-3,-19,-39,30,23,-9,62,15,82,18,-69,-51,2,71,-4,44,-27,-27,14,-35,-24,12,-37,-4,-11,-30,1,17,-14,17,-9,20,71,25,-57,42,9,-17,-5,-3,-18,30,-34,1,57,-46,-14,28,-30,-28,12,-33,2,67,52,-15,-7,0,-40,56,-41,-29,-41,-31,14,-21,6,67,-30,-17,72,42,-20,-19,-6,28,70,6,2,-38,-56,57,-38,45,0,-14,-38,-26,5,32,0,22,23,-1,-9,54,-54,-41,-8,-28,-26,31,-30,36,-11,4,0,2,-30,-58,-4,21,-9,9,-42,-29,-11,-16,27,-4,47,7,-20,-49,-4,-37,51,255878
-27,3,48,-3,-16,-73,32,14,-36,-20,-35,31,-33,10,7,-29,4,36,1,-20,30,-81,27,69,-43,3,36,11,52,46,26,7,-71,0,8,-19,49,-28,-8,42,0,4,31,30,4,-16,-35,0,-9,-24,16,-13,-34,-31,-71,6,-18,-28,29,21,64,-26,43,41,58,-14,-3,20,14,-55,-34,12,-1,23,-32,-24,17,16,3,0,-57,-62,-20,62,0,15,-36,-13,7,-22,25,12,78,-31,-52,-59,22,-56,2,-63,14,15,4,-19,-37,34,-59,-39,33,43,-15,38,37,75,46,-50,-61,6,65,-33,41,-7,-19,-8,-57,-12,-10,-39,-25,-1,-8,41,13,-56,-4,-8,30,-20,60,-67,62,15,27,8,13,-26,23,-16,-1,21,-36,2,4,-22,-25,41,-32,35,55,-27,-43,1,-26,-56,28,-78,-3,-67,13,44,-29,55,45,-32,8,65,29,-30,-11,7,31,35,2,43,-37,-83,29,-21,15,-3,-18,8,-17,34,2,8,44,74,-36,2,51,-47,-34,-7,14,-56,21,-18,26,-3,13,-27,0,20,-66,28,40,-33,5,-52,-23,23,-46,-21,10,36,14,-19,-49,-10,-31,62,256059
-16,35,33,0,-9,0,0,30,0,-13,12,33,4,4,20,-13,-26,38,-9,18,23,-45,-16,-3,24,-14,16,1,36,30,0,22,-52,63,-1,-30,17,16,10,23,-32,-13,27,18,-44,-18,0,29,36,-30,-18,60,10,-3,-52,22,-23,3,31,49,-3,-41,31,29,27,0,-23,-6,24,-1,0,25,-15,15,29,-14,15,-26,0,-33,-5,-2,14,71,3,-20,11,-34,-32,-39,23,-8,22,-9,-37,-41,16,-4,-5,-24,1,-14,30,-3,29,40,-4,0,29,11,0,52,47,58,-13,-4,-24,22,0,-10,18,-1,0,6,-41,-6,-36,-29,-16,-1,-17,17,-44,-4,3,0,18,94,-16,-60,55,0,37,-4,-6,6,29,-19,-13,32,-19,-14,43,0,1,27,8,60,49,80,-3,-7,-17,33,48,-26,2,-25,-30,-28,-48,-6,52,9,-8,0,34,-16,-13,22,15,36,-13,16,0,-3,47,-9,-20,0,-11,36,-3,58,21,-2,-17,19,24,25,44,1,-34,0,27,-3,26,-24,30,3,-8,6,28,12,-61,21,39,21,19,-32,-13,16,-51,4,-6,28,17,18,8,4,-24,75,256159
-40,1,43,-4,-11,-46,23,69,-44,-5,-32,74,17,-30,17,-30,5,4,7,-20,7,-52,7,51,13,60,23,-12,66,45,24,-41,-60,1,21,-15,76,-24,-42,98,-83,68,-9,2,-68,-23,-41,-4,-44,-9,-3,9,-35,-28,-58,-36,-41,-2,45,35,55,-72,89,39,95,-17,-85,-36,-13,-47,-41,-1,-73,52,77,-9,-21,-14,21,-30,-79,-46,2,66,-32,-3,-82,-44,69,-36,5,49,49,-51,-17,-74,1,-80,20,-2,15,75,36,27,83,-17,-28,-42,5,83,-18,32,39,68,9,21,-6,48,56,-45,18,6,-25,-18,-71,13,-36,-19,-20,-18,-25,10,-66,-55,-14,-12,6,52,-17,-66,50,28,-1,-66,-31,-37,11,41,-5,65,-42,6,34,-25,-6,-8,-73,33,68,44,-52,66,-17,-28,42,-65,-31,-58,60,39,-42,-21,70,-73,7,56,10,-32,11,-2,50,76,-2,6,-45,-96,46,24,69,-3,-10,-3,12,31,13,-12,14,54,15,44,55,29,-20,-10,23,-32,13,43,14,-66,43,-17,-4,7,-69,-34,-3,-30,17,-14,-27,-22,-33,12,66,39,-10,22,-75,27,-39,66,256753
-20,26,88,0,-17,-22,56,60,-35,39,-51,87,10,5,29,0,20,13,37,9,1,-9,-9,63,-18,32,4,14,32,94,55,-11,-64,-36,66,26,74,-40,-34,38,-48,41,7,25,-37,-3,-35,10,0,21,15,-39,-51,-6,-65,-6,-4,-14,27,10,63,-55,46,54,34,0,4,5,22,-13,-35,-18,4,20,38,35,2,-65,13,2,-82,-19,16,87,-17,12,-36,0,8,-45,-1,5,100,-32,6,-65,22,-79,10,-46,-1,65,3,-12,49,47,-50,-32,-12,64,0,39,47,79,-9,-50,-46,25,74,-33,4,4,-25,71,-57,-17,-47,-33,2,-8,-3,18,-28,20,71,0,27,91,51,-10,43,21,47,-76,5,-11,44,6,-21,59,-21,0,-2,-28,-18,15,-50,42,43,69,21,20,1,-28,68,-35,2,-36,15,32,-11,38,35,-43,45,74,45,1,-1,-21,33,87,-21,16,-36,-49,65,-12,45,0,-18,19,-16,44,31,14,-2,100,-23,16,69,-42,15,0,-12,-49,45,12,-17,-78,8,9,10,8,-8,-2,13,-1,28,-38,1,2,-27,16,8,54,17,-14,-44,14,-9,88,257025
19,-9,54,0,-15,0,43,21,0,22,-62,34,29,18,12,-9,8,-16,24,-15,-49,40,47,40,-40,30,-23,21,-11,60,41,-8,27,-25,41,-2,7,9,11,-8,14,38,8,-19,-37,17,0,-5,7,-3,33,-28,-64,37,28,-16,28,-4,-19,-23,37,6,41,33,-17,0,-39,-14,10,-6,0,-39,-29,-4,40,20,2,-56,26,-2,-68,4,47,47,0,35,0,29,-17,-25,-52,-13,8,-64,38,-48,-2,-70,20,-45,38,84,-45,-32,41,26,16,0,-1,29,0,-42,15,54,-6,-37,-46,-32,0,-62,-31,-25,0,17,-43,-6,-25,-52,29,-24,18,15,-39,-22,23,0,-18,12,10,21,8,-5,41,-40,-19,-21,54,-6,-52,24,13,-1,-27,0,-24,11,-28,3,45,-4,-18,0,32,-22,57,-52,45,-49,-23,11,39,-15,40,-31,34,0,17,-14,-1,-30,-1,35,-52,12,0,-11,56,-36,63,0,-15,-14,-11,6,-30,23,-16,42,-38,-22,-4,-33,46,0,13,12,58,-9,-9,-57,-18,-3,-6,-13,22,-2,-19,36,11,-31,2,0,24,30,2,37,25,1,-4,-14,21,43,257289
-28,60,35,0,-7,-74,50,0,0,-38,6,25,-41,36,8,2,-6,39,-1,5,43,-78,-37,43,-29,7,-8,6,52,39,51,24,-86,48,1,0,20,23,-30,-3,-39,9,25,29,-29,-27,0,13,19,0,-16,54,5,-36,-87,26,-35,-24,57,20,43,-31,67,39,-9,0,-22,-3,-4,-49,0,-4,-28,25,0,-37,6,-35,-6,-21,-21,-76,-30,45,32,-13,7,-36,-23,-43,40,14,40,-32,-46,-31,34,-24,-1,-56,-13,32,14,13,-5,-18,-35,0,18,21,0,27,27,65,14,-45,-58,52,0,-30,-12,18,0,-6,-31,4,-41,-21,-18,-7,-26,8,-23,-48,0,0,31,33,36,-90,68,-13,-7,-3,0,-4,36,-41,-23,1,-29,15,18,0,-27,17,5,62,28,27,-45,11,-21,-1,37,-56,-37,-56,-28,-7,-68,35,25,3,1,0,45,0,15,-6,29,25,-21,8,0,-48,38,12,47,0,-4,60,1,61,12,8,21,41,-29,52,38,-45,-45,0,24,-35,34,-41,19,-10,13,14,14,16,-93,13,33,-23,5,-17,-37,12,-66,-41,11,41,2,24,11,-8,-30,43,257346
-27,11,41,-27,-20,-63,27,16,-44,-32,-30,29,-36,-5,15,-18,-13,30,-9,2,45,-81,-7,54,34,55,-4,-2,40,45,27,20,-74,68,10,-5,25,-1,-42,41,-34,59,24,14,37,-10,-41,8,-1,-4,11,79,-30,-19,-70,20,-18,14,55,78,54,-30,60,63,44,-23,-47,-9,25,-65,-40,3,-46,25,83,-37,17,14,5,0,-55,-68,-32,47,-23,9,0,-35,-37,-54,43,18,86,-20,-12,-19,20,-55,9,-64,1,41,-1,-34,95,-63,-23,-46,2,29,-24,10,3,60,45,0,-66,19,71,-14,-2,-2,-28,31,-14,-18,-48,-39,-17,-18,-17,-10,48,-45,29,-27,19,72,37,-60,56,1,-54,24,-11,-1,45,-49,-23,16,-32,-59,69,-26,6,29,-24,63,33,71,-50,-8,-17,1,66,-63,-16,-62,-43,-17,-60,23,39,-25,1,72,27,-20,-60,1,28,31,-20,-11,-44,-93,62,-37,35,-27,-20,6,-19,59,-5,-3,47,85,30,12,25,10,-17,-27,32,-27,46,-55,8,14,17,0,7,7,-63,17,22,-31,15,-34,-6,10,-47,-44,-11,62,26,19,8,-17,-16,49,257384
-13,62,29,0,-11,-38,37,1,0,-18,5,23,-22,20,7,-14,-8,46,2,-38,37,-61,-3,29,34,8,14,15,16,32,36,22,-58,26,-10,-7,18,1,4,19,-35,4,7,18,0,-30,0,20,28,-4,-5,33,6,-18,-60,22,-26,-25,50,21,27,-34,19,23,20,0,-37,-62,9,-15,0,0,-41,35,-13,-18,-1,29,-1,-14,-18,-38,-22,21,22,-5,3,-19,-8,-42,36,1,-41,9,-38,-20,20,-20,-1,-35,-3,-30,30,13,-12,-51,-5,0,23,11,0,43,28,63,4,-58,-34,24,0,12,12,-14,0,-10,-23,0,-40,-18,-12,-7,-29,27,3,-22,-7,0,22,19,17,-70,61,10,-47,-6,-63,-8,26,-45,-10,5,-15,10,22,0,-25,6,-11,57,33,15,-17,-3,-13,14,21,-41,-17,-42,-8,-2,-47,23,33,-10,5,0,50,-15,15,-3,34,27,-10,28,0,-44,19,10,-38,0,-11,63,-1,52,11,15,8,-38,37,26,36,-55,-39,0,21,-6,24,-42,24,-4,1,-38,21,-9,-71,-1,40,0,7,-24,-18,0,-44,-23,-5,24,10,18,6,-3,-25,23,257581
-61,0,20,0,-13,27,-18,92,-34,37,-32,97,55,-10,14,-21,-76,17,-29,13,18,27,-14,22,-2,70,-35,11,57,2,-18,-42,-46,-5,54,15,51,-29,-27,76,-51,62,-38,4,-66,-32,-27,-3,-27,9,23,-17,-34,6,-46,-38,-15,29,65,52,20,-69,55,43,72,-10,-71,-2,-1,34,-27,-35,-76,28,19,33,-34,-6,6,-71,-69,40,82,73,-14,27,-72,-92,52,-30,13,16,81,-5,-65,-42,0,-73,9,-24,1,46,46,8,18,-3,-57,-27,52,47,-12,18,21,69,7,47,-21,70,64,-8,-25,-43,-10,38,-38,-16,-19,-42,9,-25,-24,-6,-54,66,37,-2,4,15,17,-7,26,-7,31,-9,0,-34,52,-18,-16,97,-65,-5,47,-8,25,-27,-70,23,50,41,71,34,9,67,50,-31,38,-21,58,-30,-32,23,40,-61,-34,64,6,-21,-4,-33,16,96,-17,-9,-35,-21,46,7,40,0,-10,6,-16,20,5,10,11,82,-17,67,21,58,-42,0,2,-52,48,-17,48,-15,18,18,-2,-17,-4,-46,20,27,12,-34,-40,-31,-52,65,27,42,2,-36,-80,8,-28,77,257989
-15,31,22,0,-4,-3,-4,8,0,-22,0,32,1,24,8,-13,-19,7,1,-21,12,-7,-24,28,0,62,11,0,29,15,-2,6,-9,25,16,-5,8,3,-35,25,-18,63,28,-7,-22,1,0,7,17,-8,-12,20,-1,-24,-6,5,-8,11,18,8,26,-32,40,11,25,0,-19,-4,9,4,0,-16,-20,8,31,-25,15,-40,-12,-16,-22,0,-9,46,18,-10,8,-31,-4,-22,10,1,35,-24,-8,-20,17,-22,-13,-31,-6,4,13,9,29,-34,-39,0,-4,8,0,5,21,48,18,5,-31,38,0,-28,14,-13,0,-5,-19,6,-20,-13,-16,-5,1,32,-17,0,-3,0,-3,22,15,-19,30,5,-32,12,-3,-9,24,-28,-20,15,-22,16,3,0,3,27,-8,31,39,21,2,4,-18,23,10,-46,-8,-42,-7,7,-29,5,39,-9,1,0,41,-19,14,-14,8,34,-20,31,0,-14,12,3,12,0,-4,36,5,33,-9,0,21,39,3,34,8,4,0,0,20,-37,26,-32,-11,6,2,-24,8,6,-21,24,8,2,3,-14,-36,21,-36,5,4,10,11,0,3,-6,-17,45,258308
-22,1,42,-14,-13,-32,30,35,-46,21,-65,26,-11,83,11,-5,-19,0,-10,-8,32,16,-18,64,0,82,-29,13,-28,36,31,6,-46,2,26,-17,27,-1,-47,26,-32,79,41,25,33,-3,-44,3,4,-22,-11,4,-65,3,-41,5,-7,-15,45,48,67,-57,-22,40,37,-22,-41,-29,65,-7,-44,-9,-21,29,77,17,34,1,12,-43,-89,-31,36,71,76,-11,-25,-21,-9,-25,25,11,80,-47,-16,-12,10,-90,-4,-67,8,62,19,-22,89,-33,-38,-48,19,19,-23,7,31,35,67,-51,-63,43,79,-45,-24,-38,-18,19,-9,-2,-5,-37,2,-25,-4,9,35,10,18,-20,26,66,70,2,12,-21,-10,-21,-33,-7,39,-8,-21,41,-33,3,43,-18,-30,25,-70,22,37,60,9,-15,5,10,25,-25,22,-20,-8,-20,-17,56,41,-73,2,82,39,-10,0,-8,32,30,-21,9,-46,-44,23,-28,52,-14,-19,0,-8,9,11,7,63,81,0,45,28,-51,-3,-18,22,-37,46,-20,12,-45,8,-11,2,9,1,41,-1,5,9,-46,-10,37,-22,-9,-10,39,52,-33,-23,-5,-15,74,258337
-5,100,53,0,0,100,4,84,0,100,100,100,92,34,14,65,-97,-10,41,21,29,72,0,14,96,8,50,0,80,56,1,100,57,43,38,-35,-100,0,26,52,-69,14,1,-30,-18,24,0,51,38,-33,5,44,100,0,56,85,-11,9,-1,53,16,-72,80,-51,52,0,-14,-100,6,100,0,37,-15,-53,-100,100,0,-100,0,-47,94,100,45,100,36,11,1,-90,0,3,29,-100,-100,-40,43,17,-40,99,0,14,0,100,100,-100,-100,28,36,0,-100,-100,0,58,30,36,-100,100,11,26,90,-45,50,-54,0,77,18,100,2,-100,100,23,20,0,-19,100,45,0,-35,77,80,39,20,-62,27,60,-100,100,100,-22,21,90,4,50,61,0,9,2,99,-3,96,74,100,-100,100,100,-43,15,-9,50,0,45,100,85,100,-29,41,90,0,-15,41,38,-46,100,22,0,0,73,-37,-100,100,0,0,100,100,-2,48,0,-100,-100,97,25,79,100,38,0,-100,37,100,-23,-100,61,-100,21,44,-61,42,-1,-11,47,29,-100,71,1,100,93,-100,-39,6,-100,0,-1,-7,100,258509
-27,9,28,-6,-12,-61,34,37,-31,-8,-36,33,-14,30,12,-8,-24,18,-5,-31,15,-68,0,61,-66,62,7,7,47,28,46,12,-67,31,11,-20,27,-6,-15,6,-43,62,5,29,-30,-27,-30,3,-13,-17,0,28,-30,-13,-61,19,-24,-18,39,-3,59,-48,53,33,16,-11,-9,-19,21,-40,-30,6,-16,30,44,-12,-3,-4,-3,-13,-54,-63,-14,4,28,0,-17,-30,-8,-15,13,15,55,-20,-43,4,20,-59,0,-52,0,22,26,-7,47,4,-10,-34,45,34,-12,19,13,60,59,-36,-56,22,62,-17,6,0,-22,14,5,-18,-6,-23,-7,-6,-32,11,-29,-59,15,-9,33,46,61,-60,53,21,11,34,-18,-17,13,-5,-13,37,-32,-17,-9,-21,-25,11,-36,33,41,42,-59,2,-4,-7,4,-53,-11,-48,-5,-3,-53,48,46,-38,0,64,50,-7,-16,0,35,32,-14,8,-31,-78,1,-7,28,-6,-18,10,-18,27,26,4,60,31,-70,28,49,-24,-45,-9,28,-8,19,-16,47,50,12,-42,4,19,-64,2,19,-24,10,-27,-6,4,-42,-19,3,34,17,9,-19,0,-24,4,258602
-19,27,33,0,-6,-36,28,41,0,-38,-10,11,-38,-3,1,-2,12,69,-8,22,36,-38,0,3,27,21,6,5,-7,33,27,14,-65,-6,22,2,14,17,-30,-20,-7,19,16,32,-46,63,0,4,10,5,-4,68,-12,28,-66,10,-6,-28,40,-5,24,-9,-3,52,38,0,-32,5,-13,-4,0,1,-30,7,8,-40,1,-7,-6,-14,-22,-40,23,85,-22,-4,-11,-44,19,-39,36,-12,49,17,-26,-31,34,-18,-1,-31,-3,9,11,-11,8,-47,-100,0,16,20,0,3,24,68,-9,-34,-33,-1,0,20,2,5,0,2,-28,-18,-38,-28,-15,-7,58,27,-36,9,5,0,34,50,35,-62,50,-8,-43,0,9,-11,28,-45,-14,45,-22,0,0,0,-24,13,-8,57,43,49,9,-17,-15,12,32,-62,33,-56,18,-15,-44,38,46,-12,-4,0,42,-5,-4,0,3,15,-13,28,0,-30,33,-14,5,0,-4,23,-20,47,0,4,-30,49,21,2,19,-33,-23,0,-20,-100,29,-45,17,-36,2,27,5,14,-65,8,62,-15,0,4,-38,7,-40,-40,-25,61,-9,-27,-5,-4,-8,64,259317
-23,8,45,0,-13,-34,14,33,-23,-3,-37,75,-7,-37,18,1,-7,-42,11,-47,0,-21,-6,64,1,26,12,5,54,37,20,12,-32,40,44,18,73,-13,-57,85,-29,33,0,9,-40,-1,-19,16,7,20,9,57,-36,-44,-26,7,-18,12,-11,0,70,-52,48,45,89,-6,-42,45,21,-7,-19,-3,-13,55,42,-4,-15,-50,15,0,-73,-35,-1,71,-52,5,-56,-40,-16,-44,-4,29,95,-68,0,-75,19,-68,6,-46,-14,79,31,-6,70,-52,-76,-22,-23,65,-8,11,13,74,-1,-35,-33,-25,62,-63,11,-18,-14,52,-78,0,-29,-17,-11,-18,-2,36,-43,0,58,0,10,61,13,-10,43,43,-56,-32,47,-9,30,31,-31,37,-33,-11,1,-12,-2,11,-25,48,33,58,3,38,-9,27,73,-32,-24,-22,-17,36,-39,-15,38,-20,18,63,18,0,-16,0,66,82,-30,36,-22,-62,75,-11,52,0,-16,9,-2,37,-10,1,-19,100,0,-26,26,-31,10,0,52,-81,33,21,-25,-23,29,-56,16,20,-13,-3,-46,-6,17,-39,-14,-1,-39,-5,36,40,11,13,-50,-3,-25,71,259849
-17,33,19,0,0,-2,0,14,0,-34,-13,49,-30,-11,5,2,-13,19,-13,24,29,-24,15,27,4,41,-6,2,12,19,-1,-4,-52,23,13,-15,37,16,-10,2,-54,47,11,24,-7,-10,0,5,2,-14,-22,22,-12,-16,-52,-2,-23,-18,42,39,28,-58,14,16,4,0,-22,4,0,0,0,12,-18,0,13,-34,6,43,2,-27,-27,-3,-10,51,-16,-21,-33,-35,-1,-37,30,14,6,-8,-31,-17,13,-28,2,-22,6,25,23,0,13,-1,-31,0,45,30,0,31,26,46,-3,-21,-21,32,0,-9,-5,-9,0,-8,-18,-11,-36,-2,-15,-3,-10,21,-1,-4,-8,0,24,30,6,-39,40,18,1,-28,9,-14,20,-6,-12,14,-17,0,41,0,-18,16,-19,37,21,28,-4,12,-13,26,33,-34,-14,-34,-3,-10,-58,8,20,-16,-15,0,22,0,1,10,0,51,-13,21,0,-19,32,0,24,0,-2,32,-11,38,6,1,1,7,3,31,16,-22,-30,0,12,-30,18,-7,44,-31,14,21,6,-6,-39,10,18,-9,3,-3,-28,7,-56,-29,9,18,0,10,-37,4,-23,52,259858
-18,-12,37,-1,-10,-57,36,12,-30,-6,-8,46,-33,43,19,-10,8,7,8,0,21,-60,45,37,10,43,0,3,17,30,39,6,-80,78,26,2,28,-8,-36,31,-15,30,24,27,27,-20,-28,8,-10,4,12,74,-7,-26,-72,3,-20,-15,37,38,38,-39,30,30,33,-6,18,-13,-3,-33,-28,4,23,48,5,-13,9,-42,14,16,-19,-65,-22,13,36,6,-26,-27,16,-70,27,30,90,-33,-20,-8,46,-15,2,-15,33,33,25,-11,18,38,-28,-31,12,19,-8,19,12,67,-20,0,-8,47,69,-32,0,0,-17,36,0,-2,-64,-17,-5,-3,-28,22,21,-30,35,-7,32,54,48,-50,64,63,26,-5,-20,-10,8,0,-2,11,-27,-14,36,-15,-7,28,-23,72,22,58,-31,26,-3,14,40,-47,-17,-45,26,23,-56,30,36,-22,8,68,19,-15,-22,2,55,52,-13,20,-30,-75,42,-8,18,-1,-16,-11,-2,69,7,-2,-15,85,10,50,49,-1,-26,-6,60,-23,9,-12,14,-1,31,-2,9,42,-55,15,11,-15,16,-39,0,12,-34,-39,22,27,-12,25,-33,1,-19,16,259968
-34,44,24,0,-4,-35,-18,16,0,-31,-14,36,-8,25,5,-3,-32,32,-10,-14,43,-31,21,27,44,44,-10,5,-1,26,-18,12,-50,26,9,-2,25,18,-14,15,-45,56,24,24,-4,-16,0,7,16,-1,-24,27,-13,-15,-51,8,-35,-12,50,66,26,-36,7,34,11,0,-32,-5,2,-10,0,21,-39,10,37,-30,12,0,-4,-32,-36,-33,-5,76,25,-20,10,-48,-4,-25,44,11,-31,-11,-46,-26,19,-36,-3,-30,12,22,24,3,31,-4,-18,0,35,27,0,17,29,71,27,-42,-27,52,0,-10,-10,-8,0,6,-24,0,-28,-12,-10,-7,-17,2,2,-13,7,0,23,30,21,-39,43,9,-2,-21,-1,-6,33,-32,-8,15,-33,7,58,0,-15,22,-21,32,39,26,-13,5,-10,30,22,-47,-20,-47,-5,-13,-63,18,41,-22,-8,0,36,-6,5,21,10,36,-11,4,0,-35,24,2,18,0,-4,43,-2,34,-5,7,30,-29,38,55,10,-48,-48,0,-3,-18,30,-32,33,-29,8,-19,4,-14,-40,15,29,-13,2,-13,-20,12,-60,-9,9,38,9,3,11,0,-30,75,260027
-39,54,9,0,-5,-54,17,17,0,-49,3,12,-38,25,7,1,-35,33,-6,-20,48,-80,4,49,39,54,-13,1,20,8,16,21,-86,61,-1,-9,32,20,-10,12,-47,60,32,33,-58,-25,0,16,25,-12,-27,57,0,-38,-84,18,-39,-15,73,41,49,-49,34,40,6,0,-28,11,-14,-13,0,11,-40,9,17,-49,10,-30,-6,-28,-27,-52,-33,19,27,-24,20,-40,-1,-47,47,21,15,-36,-54,-36,29,-27,-4,-25,-3,14,47,18,15,-8,-35,0,40,32,0,48,31,44,21,-19,-22,75,0,-36,-11,28,0,-8,-32,9,-46,-3,-27,-13,-25,26,-48,-36,-6,0,34,24,36,-86,66,5,-7,-57,15,-9,25,-19,-11,20,-39,18,36,0,-15,29,-7,65,36,24,-34,21,-25,21,35,-57,-38,-57,-5,35,-85,33,37,-12,-6,0,35,0,18,9,14,13,-13,27,0,-37,37,12,7,0,-8,52,7,66,5,0,28,20,34,76,34,-17,-49,0,19,-32,17,-22,38,-69,20,-22,17,33,-86,19,34,-20,7,-1,-31,19,-83,-40,19,38,-1,16,19,0,-43,15,260463
-7,45,8,0,-2,-34,74,-21,0,-50,4,28,-56,-17,11,4,1,12,14,39,0,-22,14,15,24,43,-3,3,70,7,74,2,-57,26,19,-12,26,11,-16,39,-18,52,33,41,-46,-26,0,19,35,-16,0,24,5,3,-58,0,-3,-19,23,35,16,-20,72,25,39,0,-16,19,-34,-14,0,15,-19,-3,30,-54,13,-42,-9,0,-19,-27,-27,63,-10,0,-2,-20,-11,-34,-3,7,9,-22,-1,-47,42,-21,-15,-14,6,43,40,0,25,52,-16,0,35,25,0,28,37,58,-25,-39,-9,34,0,-25,1,19,0,-4,-48,-3,-37,-14,-9,-9,-27,24,-49,-35,-6,0,42,8,-4,-60,55,11,50,7,21,2,25,-14,-29,-22,-5,0,33,0,-22,29,-4,46,28,12,-35,12,-8,16,34,-54,0,-55,-10,40,-54,-5,28,-6,12,0,34,5,0,15,2,24,-34,26,0,-7,36,-4,35,0,-2,47,-3,49,1,3,-26,10,23,35,23,-45,1,0,55,-15,22,-20,31,3,8,30,19,16,-58,21,14,-3,8,-21,-23,15,-56,-52,9,27,-32,61,-4,2,-5,62,260923
15,-2,63,0,-15,-26,35,20,0,22,-44,32,8,-20,16,-10,3,30,-17,-23,-14,41,6,57,-19,29,-14,4,62,63,38,-5,-23,46,51,-21,47,-14,-48,57,-10,35,17,13,-43,8,0,27,3,-17,6,45,-42,-24,-19,-3,1,9,-8,4,63,-29,36,32,68,0,5,-14,9,-2,0,-9,28,30,51,20,17,-30,24,1,-81,-31,13,62,-20,6,-27,-11,11,-100,-18,19,58,-47,3,-55,50,-84,15,-48,-2,57,29,7,38,37,-3,0,66,43,0,9,30,82,-16,-38,-31,0,0,-40,-25,2,0,43,-51,15,-100,-45,0,-7,6,30,-30,-25,52,0,15,0,43,65,34,-4,32,-56,-31,-3,13,23,-32,24,-1,3,-6,0,-10,26,-38,-13,26,10,-26,16,4,14,58,-52,-2,-43,-7,-13,-24,30,31,-36,3,0,26,-14,-3,0,34,45,-30,34,0,-46,61,3,69,0,-13,14,8,-7,7,1,-16,88,-29,-8,42,-38,16,0,36,-13,9,7,62,-54,18,-28,25,38,61,12,21,0,15,-52,7,-18,-24,5,28,31,-6,-19,-20,1,-6,71,261307
-30,41,38,0,-8,-51,-21,18,0,-74,-30,21,-48,91,3,16,5,-31,15,-30,-62,-73,12,34,-5,62,-58,9,-25,43,-23,-11,-70,-40,17,33,18,6,-14,5,-36,54,32,30,30,-15,0,-2,-17,35,-8,-46,-34,-13,-72,-12,-25,-22,11,37,37,-27,-10,24,2,0,-26,6,15,-11,0,21,-40,12,-24,-74,16,43,-19,-13,-52,-52,3,43,83,-9,-32,-40,38,-52,-58,4,4,-64,-23,19,29,-52,-20,-8,3,4,33,-4,-14,32,-21,0,-21,19,0,-67,-14,63,36,-31,-17,60,0,-66,-57,35,0,22,21,-14,-54,4,26,-16,-18,4,37,-15,15,0,30,-15,77,-77,46,-4,31,-37,6,-1,19,-20,-77,13,-25,-4,40,0,-21,33,-16,38,23,-12,-20,-11,28,8,12,-37,-27,-43,36,42,-65,78,28,-13,10,0,58,15,1,21,-3,18,-78,4,0,-49,12,-3,-45,0,-5,42,-15,39,-77,6,40,1,-6,51,-52,-25,-32,0,13,-15,17,-16,-22,-37,8,-20,0,19,-78,27,-26,-39,2,12,-44,22,-63,-52,-19,24,25,31,-34,-16,-17,43,261363
-24,51,46,0,-3,-11,14,34,0,-39,-26,48,45,26,5,-6,-18,-17,8,10,0,8,41,60,-21,54,-18,14,-16,46,18,10,-14,15,38,-30,20,2,-30,-41,-19,69,40,8,-10,11,0,9,8,-30,-36,24,-26,-6,-14,2,-20,-36,17,51,56,-26,-1,31,-36,0,-39,17,23,-16,0,25,-51,22,37,-38,13,8,12,-52,-58,-10,26,58,20,-36,-31,-28,-21,5,0,12,67,-84,-23,-7,1,-54,4,-55,18,65,31,20,29,-25,-24,0,-29,24,0,-4,39,57,44,-58,-58,54,0,-85,-18,-18,0,9,-1,10,8,-39,-26,-16,14,26,-2,-32,14,0,7,23,52,-6,34,-2,-34,-51,14,-4,32,15,-29,39,-30,48,44,0,-43,37,-19,11,67,14,-29,-3,-26,4,24,-58,4,-51,-9,-2,-40,38,68,-22,15,0,34,-9,39,19,18,49,-27,25,0,14,23,11,66,0,-7,44,7,12,-13,13,33,60,-12,47,0,-58,-17,0,7,-30,40,16,-31,-65,8,0,8,4,-5,30,-25,9,4,-40,-41,21,-41,50,4,32,18,-18,-29,-11,-25,54,262398
-36,46,27,0,-8,-41,-36,12,0,-37,-12,31,-31,27,0,-4,-32,40,-6,17,52,-51,-12,44,-22,51,10,3,-8,28,-36,6,-68,26,2,-19,-5,5,-5,-32,-41,47,25,33,31,-28,0,3,6,-20,-19,27,-12,-18,-70,6,-42,-36,68,83,44,-42,-4,22,-29,0,-73,-11,22,-13,0,15,-64,9,-19,-37,10,27,-16,-29,-26,-38,-17,62,23,-18,-29,-52,-20,8,51,0,11,-8,-76,-17,26,-27,-16,-47,-9,32,49,-3,-19,-5,-41,0,42,-1,0,47,26,58,20,-56,-49,11,0,-9,8,0,0,-7,-16,-8,8,-26,-17,-12,-26,6,30,-17,-6,0,32,16,26,-64,56,11,-5,-38,-10,-18,42,-52,-1,11,-36,18,85,0,-34,22,-14,16,50,15,-17,-18,-19,23,22,-52,-16,-52,-25,-6,-83,27,50,-14,-5,0,57,-6,16,15,11,31,0,7,0,-28,22,-4,32,0,-8,44,-5,16,8,6,19,14,-17,16,27,-58,-72,0,-4,-44,42,-52,38,-38,-4,17,3,1,-63,16,37,-22,-4,-22,-41,14,-88,-28,-13,23,21,-5,-26,-4,-44,60,262585
-45,21,63,-14,-15,-28,90,64,-50,44,-47,97,16,4,16,-15,-18,38,16,-19,14,-12,31,69,3,14,15,0,54,68,89,8,-60,26,58,33,68,-21,-47,34,-24,13,-8,22,19,-28,-50,8,-22,33,40,16,-43,2,-56,9,-15,-31,54,18,74,-26,74,60,41,-17,42,5,4,-2,-50,-18,32,35,-18,39,-6,1,7,-21,-60,-30,41,50,8,34,-53,-49,9,-13,11,16,100,-6,-20,-20,21,-60,2,-81,23,62,39,-22,-13,43,-63,-51,0,61,-19,58,33,91,32,-57,-87,60,85,-6,15,-25,-31,54,-15,-11,-20,-33,-1,-9,-33,1,36,70,53,-20,25,80,100,-8,42,27,19,20,1,-8,26,-40,21,63,-45,-11,13,-32,-41,6,-43,22,30,82,66,10,-2,-1,21,-38,3,-39,16,11,-38,88,30,-43,21,88,23,-13,-10,-29,29,95,26,1,-49,-64,21,-20,59,-15,-18,20,-16,30,49,-2,43,100,2,47,81,-41,-24,-18,-22,-58,30,-39,9,4,17,-22,5,-23,-11,-6,39,12,14,-40,1,-12,-36,11,7,60,7,-22,-61,6,-17,49,263527
-40,10,38,-3,-16,-70,82,55,-39,-6,-58,53,-30,43,9,-26,4,64,-15,-25,55,-73,-7,59,2,40,18,10,0,44,79,5,-83,16,24,1,40,-20,-38,37,-16,39,0,48,24,-34,-36,1,-12,0,15,13,-58,-6,-81,10,-12,-31,56,19,61,-30,32,58,41,-19,-7,-20,0,-39,-35,-8,-16,51,16,-11,-9,-4,12,-33,-75,-68,9,73,79,16,-36,-54,-27,-30,51,-4,91,7,-55,-46,28,-73,9,-68,3,28,22,-40,18,65,-63,-38,55,37,-20,48,21,86,0,-51,-62,46,76,7,13,7,-23,9,-47,-11,-20,-44,-12,-13,-36,24,17,-16,13,-9,51,81,29,-67,61,-19,71,22,-14,-7,38,-32,-13,58,-39,-24,23,-23,-27,8,-61,38,38,82,-13,-14,-11,-34,33,-69,-4,-68,-15,-25,-57,33,33,-64,-12,78,36,-22,-19,-16,39,53,-12,24,-39,-94,45,-39,28,-4,-15,6,-15,32,30,9,26,85,16,32,58,-32,-53,-8,19,-55,28,-44,56,-7,-3,-33,-1,15,-69,-15,73,-31,5,-49,-23,-15,-59,-26,-16,52,35,20,-54,7,-16,60,263941
20,13,88,0,-3,-28,32,46,0,0,-56,68,-3,-15,20,-2,61,16,31,-14,-48,-33,-1,32,22,32,6,5,70,87,47,-20,-55,0,56,13,43,-17,-49,72,-35,42,26,30,-39,5,0,-7,-16,18,-2,4,-58,-4,-47,-17,0,-31,-10,14,35,-38,71,39,76,0,-2,15,15,-16,0,18,2,27,68,1,18,-50,42,-3,-82,-30,1,67,-19,-9,-38,4,6,-86,-49,20,74,-34,35,-37,27,-82,44,44,-3,71,-18,-34,71,27,-11,0,1,43,0,-11,42,95,-16,-54,46,1,0,-29,-2,51,0,20,-31,-19,-97,-67,16,-15,2,13,-36,-29,25,0,32,30,58,-15,50,11,29,25,8,-3,49,25,-43,47,13,-29,5,0,-37,36,-14,71,37,26,-28,-1,20,-29,66,-42,1,-38,17,-40,-20,58,41,-14,41,0,28,-6,-26,18,25,74,-43,14,0,-55,75,-39,64,0,-2,16,-20,80,-25,6,-13,79,19,-11,2,-38,32,0,37,-16,49,22,2,29,23,-18,-5,61,-18,27,10,-34,17,-64,3,27,-11,-6,-7,34,8,18,-33,25,-3,72,264004
-2,-10,40,-38,-18,-100,-3,50,-52,-18,-57,2,-67,26,13,-17,-3,43,-2,15,48,-96,16,63,38,40,23,16,-14,50,3,-14,-99,67,5,-3,51,-30,-33,97,-55,51,19,64,-24,-58,-48,-5,-50,4,3,71,-56,-12,-96,-13,-34,9,92,16,63,-52,-4,77,100,-46,-72,-52,60,-82,-48,4,-62,54,75,-20,14,-46,5,-4,-91,-100,-46,87,21,5,3,-27,-46,-79,48,26,57,10,-39,-58,43,-88,0,-12,12,68,11,-20,94,56,2,-54,49,50,-47,43,17,90,-41,-19,-8,22,79,21,18,42,-37,-6,-63,-2,-65,-19,-21,-41,-64,11,-22,-86,-5,-36,63,50,35,-86,81,25,94,-49,-65,-15,6,0,11,47,-10,-35,-4,-38,-4,27,-37,73,32,62,-89,0,-18,-14,99,-72,-20,-73,-61,4,-87,9,44,-45,7,82,50,-16,-47,13,62,8,9,12,-54,-100,100,-24,78,-38,-23,-6,-9,62,9,12,-25,65,18,35,46,-18,-47,-35,75,-4,13,-29,52,-70,14,1,-4,58,-89,1,39,-68,13,-39,-3,5,-72,-74,19,78,58,58,11,18,-27,95,264345
-8,-43,20,0,-3,-9,58,6,0,32,-21,63,25,-6,17,-6,-5,14,-6,-22,-6,7,3,32,-12,6,20,13,30,16,57,5,-5,56,40,8,45,7,-21,68,-18,10,3,-1,-9,2,0,14,18,7,1,58,-22,0,-6,6,8,-18,-11,-4,31,-32,50,32,68,0,-38,11,69,8,0,17,-33,54,24,31,6,-47,14,7,-58,-5,6,56,-15,3,-27,-14,-16,3,-10,26,70,-39,13,-32,8,-58,10,-48,0,83,-6,-4,24,45,-13,0,-6,49,0,29,20,54,-17,-62,-47,8,0,-39,19,-20,0,34,-27,15,13,-55,-6,-9,5,17,-1,0,38,0,-1,76,42,2,19,8,50,-61,7,2,10,6,1,10,-13,5,-2,0,-29,12,-34,8,46,65,2,28,-5,23,33,-26,14,-22,-15,-29,21,27,42,-35,-6,0,17,-8,3,13,61,64,5,16,0,-43,34,-6,71,0,-1,-48,14,1,38,14,-15,83,-16,3,65,-55,29,0,0,-13,9,0,-10,-72,22,-25,16,-2,4,0,12,22,13,-52,15,-1,3,33,33,32,71,-24,-32,3,0,55,264440
-16,10,15,0,-1,-37,-22,1,0,-28,-15,23,-24,-11,-3,-11,-10,16,-9,-95,0,-6,34,25,52,61,-16,0,-17,10,-23,0,-40,65,12,-14,11,1,-21,12,-27,68,8,10,-47,-12,0,4,5,-16,-12,67,-18,-20,-41,-2,-9,-20,17,26,20,-29,-16,11,2,0,-32,23,-16,-16,0,6,-39,8,37,-24,0,1,-19,-9,-39,-30,-22,46,2,-13,-27,-27,3,-34,0,13,43,-51,-37,-22,22,-36,-19,4,16,31,25,-6,34,18,-35,0,29,22,0,25,23,31,19,-30,10,41,0,-46,-14,6,0,-10,-17,4,-30,-20,-12,-5,-7,4,-46,-18,-6,0,8,46,11,-36,29,6,16,-22,28,-2,24,8,-26,2,-17,0,38,0,-15,9,-31,47,27,47,-16,0,-12,8,12,-39,-13,-33,2,0,-39,12,20,-34,-8,0,45,-6,-2,7,15,17,-27,2,0,-20,15,-1,46,0,-2,6,3,47,4,0,17,41,44,44,19,-32,-23,0,21,-42,22,7,23,-25,13,-95,6,8,-35,3,16,-3,-4,-16,-22,-1,-52,-11,-1,12,-4,15,-25,0,-14,46,264492
-38,-27,48,0,-5,-45,14,31,-33,7,-70,56,-28,38,14,-8,23,-9,20,-4,3,-36,17,57,37,4,-3,-13,-10,47,21,-27,-59,11,54,16,70,-9,-52,8,-63,20,3,18,7,-9,-34,-6,-55,21,3,14,-69,-19,-55,-26,-20,24,19,46,59,-58,12,64,11,-3,-24,53,38,-28,-34,-4,-23,50,17,4,-2,-54,17,17,-75,-48,-28,48,27,0,-28,-14,25,-12,1,12,92,-41,-14,-2,25,-74,7,-68,13,40,22,-37,34,-16,-31,-33,-43,60,-5,20,8,67,1,3,-60,21,77,-37,-6,-26,-20,44,-2,-49,-12,-8,-1,-12,-13,-7,16,-22,44,-6,23,70,96,-27,41,44,0,-11,51,-6,49,5,-18,29,-39,-45,29,-18,18,15,-48,22,34,70,-22,-9,-2,15,42,-45,-16,-44,25,51,-10,87,42,-49,22,78,15,-12,-50,-21,60,58,-16,-8,-33,-61,50,-39,45,0,-12,-23,-53,22,29,-17,6,95,37,22,57,14,-12,-6,30,-33,43,-10,-34,-1,9,-15,-6,-17,-30,7,-14,-23,11,-38,-8,3,-5,-34,-9,58,37,13,-31,2,-19,53,264563
-43,-13,-13,0,0,-43,26,21,0,38,-1,63,-6,35,8,-2,-31,16,-37,-9,55,-42,-13,27,0,30,12,-9,-29,-15,24,16,-63,40,39,24,57,-11,-28,19,-35,26,-2,37,-14,-26,0,4,-37,24,28,37,-2,-20,-62,19,8,-77,30,41,28,-36,-29,60,23,0,-34,72,-100,7,0,22,-22,29,-17,37,2,-25,17,0,-1,-44,0,46,31,27,-82,-42,34,-6,58,22,79,-23,-24,-48,45,-4,18,-26,0,50,4,-6,-14,79,-72,0,12,55,0,42,6,61,21,-52,-26,30,0,-22,17,-9,0,30,-48,-11,-5,-28,-10,-14,-27,-4,-14,17,28,0,37,13,67,-43,48,54,91,23,74,-10,1,-19,36,21,-45,-16,40,0,-80,7,-32,31,27,22,16,10,-11,30,33,-30,-18,-30,37,-7,-10,66,27,-32,-34,0,1,-4,-13,20,30,62,31,-4,0,-78,28,-7,35,0,2,-15,-12,32,48,-8,20,77,-4,37,86,-50,-24,0,6,-69,0,-24,10,22,20,-15,4,-4,-43,0,20,2,9,-31,-1,-6,-6,-5,8,58,-100,0,-82,2,9,47,264934
-42,21,21,0,0,-16,21,7,0,-18,0,41,-8,2,5,0,-19,36,-35,16,41,-39,-24,35,-10,-67,-11,-9,2,19,23,5,-39,-4,7,29,23,20,0,-6,-55,-73,25,17,-44,-13,0,8,24,27,-22,-6,-2,-5,-40,7,-18,-13,66,50,32,-58,8,29,-7,0,38,-18,-66,-13,0,-16,37,-2,-77,-21,10,6,-13,-12,-31,-15,-15,27,0,-21,-17,-58,9,-8,41,7,-4,-16,-33,-46,26,-33,-14,-51,-10,-11,-11,4,-70,4,-15,0,17,21,0,21,26,76,-15,-4,-49,26,0,-16,-12,-13,0,14,-40,7,-5,-4,-11,0,-14,15,-42,-16,18,0,20,-4,-29,-44,46,-16,9,7,-15,-3,24,-30,0,9,-45,13,47,0,-19,22,-5,18,46,-7,-13,8,-9,33,27,-44,0,-43,8,-35,-40,-34,45,-1,-35,0,40,-4,12,-16,-3,43,-3,16,0,-30,26,0,-5,0,-3,21,3,16,3,-12,-10,1,-5,24,16,-2,-28,0,-5,-15,26,-36,14,-2,11,14,10,-8,-43,19,32,0,5,0,-17,17,-44,-4,8,33,-64,-16,-18,0,-22,24,265408
-35,4,68,0,-7,-39,38,57,-26,31,-64,52,-28,38,1,-5,-16,9,10,14,9,2,10,19,-5,-19,-16,30,10,61,25,1,-46,-22,29,0,-14,-6,-8,-4,-41,-14,14,-9,-4,-5,-24,-3,3,-15,-14,-34,-65,-18,-41,-6,-17,-4,41,65,19,-62,35,24,-11,-6,-11,-27,20,-45,-24,4,-9,-14,-16,25,1,-42,11,-50,-75,-31,44,90,19,-13,-12,-9,-37,0,8,-28,18,-27,-43,-19,-17,-70,-11,-59,7,19,29,-38,-13,-93,-7,-25,32,-15,-7,5,8,69,15,-67,-53,-6,65,-32,-11,-58,-8,25,-7,-28,1,-57,0,-16,-3,20,12,-24,26,-9,0,28,26,-5,16,-4,-92,17,-34,-26,63,-36,-18,62,-40,-24,63,-8,-20,20,-43,-3,34,20,-20,-68,0,-38,27,-47,0,-40,-34,13,-2,0,31,-49,9,68,36,-16,-33,-2,-6,53,-22,17,-26,-25,37,-42,5,0,-20,1,-33,2,-1,24,10,49,-8,-12,16,-61,-24,-7,-48,1,67,-50,28,-11,-31,2,-3,-29,-3,12,13,5,0,-60,-19,11,-22,-24,-68,24,32,-73,-32,-23,-35,83,265587
-35,15,26,0,-5,-31,3,22,0,-13,-5,44,-31,71,4,-4,-23,54,-12,69,61,-65,14,38,-25,12,1,3,44,26,3,13,-81,15,-7,-6,23,17,18,-33,-67,17,36,33,-10,-26,0,0,5,-8,-28,14,-8,-32,-80,12,-45,-14,74,44,34,-65,52,37,-37,0,0,-6,2,-15,0,11,-7,19,20,-14,16,-24,-6,-20,-31,-32,-31,41,70,-25,-20,-45,-11,-14,62,12,-8,-3,-62,-13,14,-33,-7,-23,10,-34,43,1,19,41,-11,0,69,24,0,54,23,57,-4,-29,-22,51,0,-4,3,-2,0,-2,-9,-3,-16,-14,1,-10,-28,-22,-3,-30,-3,0,37,8,47,-70,60,-21,40,16,-5,-3,13,-9,-6,22,-33,16,43,0,-15,35,-8,34,46,9,-30,11,0,36,38,-40,-36,-44,-14,0,-72,44,50,-7,-13,0,36,-8,16,8,18,45,-9,-22,0,-36,37,-1,-16,0,-5,14,-4,37,-1,3,0,-7,-30,51,19,-28,-65,0,-16,-8,9,-13,68,8,13,74,2,-5,-70,28,52,-30,2,-6,-16,22,-69,-30,9,38,6,-12,-22,0,-43,41,265765
-8,9,57,-17,-15,-80,40,18,-42,-26,-30,2,-53,41,21,-17,-3,53,20,-23,28,-83,-15,52,25,7,39,1,68,62,44,21,-87,62,10,-2,30,-30,-29,53,-27,0,-9,48,-38,-45,-37,5,-35,4,25,72,-30,-9,-83,25,-14,-10,41,17,55,-34,84,59,56,-25,-40,-12,15,-56,-36,-25,-23,43,9,-29,-13,-21,11,14,-48,-82,-37,62,27,20,-3,-18,-35,-78,23,10,70,-1,-34,-73,35,-48,8,-50,-5,56,16,-22,44,56,-2,-40,43,29,-25,23,6,77,14,-47,-41,4,76,7,38,25,-34,1,-68,-20,-68,-54,-16,-12,-49,18,-37,-75,6,-26,54,40,27,-79,72,25,66,32,-24,-12,46,-38,-18,20,-18,-47,11,-37,-15,-2,-9,73,35,33,-72,-13,-12,1,83,-71,0,-61,-41,26,-66,9,38,-8,34,76,17,-14,-44,-24,47,12,-9,17,-43,-100,80,-29,51,-18,-15,8,-22,66,8,-1,14,69,19,1,43,-42,-34,-26,72,-7,45,-53,49,30,8,-22,6,44,-84,-23,43,-40,22,-57,9,-13,-54,-57,-13,57,7,46,1,7,-16,67,266117
2,13,63,-7,-7,-67,30,3,-43,-7,-12,51,-44,-3,17,-8,52,20,35,-18,-37,-76,0,29,97,39,-1,3,-3,62,29,0,-73,15,16,-3,39,-23,-5,36,-9,46,4,39,-24,-10,-41,-1,-25,-2,30,21,-11,-6,-72,-4,1,-13,-10,40,31,-5,25,29,34,-21,5,38,-31,-63,-40,3,4,25,40,-9,-5,7,16,25,-20,-68,-31,34,-1,27,-33,17,28,-69,-46,39,82,-28,4,-36,30,-17,15,-5,6,66,9,-2,46,42,-28,-40,3,42,-21,20,25,60,29,-2,-6,46,64,-23,-2,42,-35,33,-36,-2,-69,-15,6,-19,-12,26,-26,-63,37,-15,40,52,48,-56,58,61,27,36,34,-15,26,1,-38,3,-1,0,40,-35,-13,8,7,66,35,49,-61,30,8,-46,30,-49,0,-46,27,41,-15,39,34,5,38,65,-16,-7,0,0,29,54,-27,24,-43,-84,36,0,61,-7,-11,13,-5,65,-10,4,29,87,87,43,35,-4,6,-14,48,-32,29,1,15,21,39,-21,-1,47,-58,-2,12,-36,14,-16,6,0,-14,-46,26,29,-30,40,-34,13,-3,39,266120
-47,-13,-6,0,-20,-11,53,38,-27,33,-22,62,23,-31,11,-14,-33,36,-37,-39,60,-37,0,53,-28,57,14,-1,10,0,62,27,-63,30,31,-11,67,-9,-23,7,-57,41,21,20,4,-10,-28,12,9,-8,-4,36,-21,-14,-54,24,-18,-5,56,27,59,-53,2,54,32,-9,-49,11,78,-19,-27,-13,-31,33,33,29,19,-50,16,-14,-38,-22,4,66,-24,-8,-47,-51,-4,0,55,13,69,-23,-25,-62,21,-38,20,-38,3,22,24,10,50,23,-41,-28,17,64,-9,41,16,68,17,-63,-17,-40,53,-16,7,-24,-8,34,-63,-15,4,-2,-19,-3,-22,5,-12,-1,40,-2,26,60,13,-25,40,15,35,-41,14,-14,33,15,0,37,-54,-14,25,-6,-16,32,-15,22,43,46,-3,15,-16,15,54,-48,-14,-42,-14,-42,-40,2,54,-20,-26,55,13,-20,-11,-17,43,71,6,7,-29,-60,49,0,16,0,-14,-10,-21,20,42,-5,7,61,-27,-30,66,-71,-36,0,10,-43,27,-9,26,-50,9,-39,12,-7,-33,19,27,3,10,-21,-10,15,-13,8,25,51,61,-20,-43,-8,-15,72,266159
4,-11,48,-24,-7,-56,24,66,-43,-21,-19,10,-22,60,11,-32,5,85,-2,-7,-5,-77,-6,42,-1,43,62,-2,47,60,25,10,-58,61,7,-55,37,-3,-20,96,-17,40,17,31,-27,-18,-36,5,-3,-42,24,93,-20,-3,-53,10,-20,-59,49,-3,54,-22,44,47,98,-45,-20,-50,-8,-31,-35,-20,0,52,16,-24,14,0,14,-24,-44,-70,-2,70,58,22,-4,-44,-55,-55,-8,22,54,-4,-50,-57,26,-49,2,-26,-2,95,16,-8,6,28,24,-41,57,28,-46,47,41,75,4,-76,-13,66,61,10,53,27,-27,-24,-49,14,-40,-55,-24,-20,-30,15,-14,-45,-20,-35,33,28,0,-66,71,14,23,6,-63,-20,-23,-37,-12,67,-11,-29,-8,-27,-64,25,-32,55,25,28,-50,16,-21,9,70,-66,-4,-59,-60,-30,-85,9,40,-32,24,61,17,-35,-20,-35,55,25,-3,15,-43,-93,70,-20,89,-24,-7,-13,12,40,20,-9,-9,44,5,48,46,-74,-54,-34,72,10,-27,-48,65,9,25,-25,5,60,-70,3,66,-27,10,-63,-8,3,-62,-33,5,45,-27,40,22,18,-13,69,266215
-23,-97,23,100,-2,-21,18,-13,0,11,-3,26,-47,-8,1,3,-27,30,-18,58,-24,-35,-21,23,-29,-100,0,-6,11,18,19,99,-36,58,6,-6,4,18,-100,26,-29,-100,23,18,-89,-12,0,4,0,-8,-62,56,-2,-21,-36,100,-26,100,100,-22,20,-35,18,100,24,100,-52,-100,-47,-4,0,-100,-52,96,100,9,9,-47,-5,-10,100,-21,100,81,-7,-61,-2,-40,82,-30,-25,26,100,16,-37,-25,24,98,-3,-20,-5,100,24,9,100,-100,-43,0,21,9,100,29,43,43,-51,100,-20,65,100,16,0,-7,100,2,-24,-24,-31,-100,-9,-6,-10,0,-89,-14,2,100,22,-97,-99,-39,47,32,-100,1,-100,-5,-49,-60,-10,-10,-31,13,-19,100,99,22,-28,42,98,-100,-12,54,-8,41,0,-48,-14,-47,77,-87,-8,-100,96,-30,-22,100,14,1,12,-100,100,28,-11,0,0,-29,-2,6,100,100,-3,-100,-25,42,1,-4,-47,100,-27,67,15,97,-32,100,-2,-38,-48,-58,17,-1,23,64,6,1,-41,21,31,-11,1,-95,-20,16,-11,-44,58,100,-41,-9,-7,5,-29,80,266457
-15,11,46,-44,-19,-83,11,40,-53,-47,-47,20,-70,73,21,-16,-21,48,-10,-72,26,-88,17,72,37,31,36,4,-2,45,18,3,-93,37,9,-8,49,-23,-44,59,-58,23,28,59,-11,-46,-51,1,-18,-4,-11,51,-47,-32,-93,5,-41,-17,78,84,72,-73,-19,63,51,-31,-67,-38,71,-43,-50,0,-36,48,90,-48,15,0,1,-23,-73,-81,-19,80,64,-12,-12,-51,-7,-86,26,11,24,-15,-45,-49,32,-72,6,-13,19,44,46,-2,97,71,5,-53,46,52,-31,46,27,82,-7,-44,-12,-12,67,-9,34,18,-34,-11,-45,1,-70,-18,-23,-16,-46,10,-6,-64,-6,-44,55,38,56,-88,76,32,80,-52,-42,-18,21,-6,-32,44,-28,-16,70,-34,-24,36,-20,82,53,35,-60,28,-22,13,83,-74,-15,-63,-11,10,-73,49,51,-24,0,67,39,-14,-13,1,50,25,-29,12,-54,-100,78,-11,50,-45,-16,6,2,72,0,3,-3,-2,22,-8,30,-31,-33,-43,71,-3,22,-23,42,-41,6,-65,-1,46,-87,16,43,-48,19,-15,-19,13,-68,-64,32,62,66,41,-1,22,-43,82,266567
-26,11,9,-24,-13,-45,-6,34,-47,-12,-27,33,-13,-2,12,-16,-10,12,-43,-6,20,-55,13,36,36,41,4,15,27,9,-1,13,-64,13,15,10,5,-11,-27,80,-31,44,29,21,16,-29,-43,4,-1,10,-5,16,-27,-14,-62,14,-21,-20,50,27,38,-35,39,49,81,-33,-57,-18,-55,-45,-42,27,-49,26,29,-14,29,-4,13,-4,-40,-46,-18,48,0,-4,-39,-38,-37,-39,19,3,57,-2,-29,-23,28,-41,10,-28,13,52,7,-18,32,23,-13,-45,29,11,-35,28,-2,65,22,-32,-29,12,65,0,3,4,-28,6,-21,-7,-36,-34,0,-21,-32,0,19,-37,8,-28,22,36,45,-57,49,9,32,10,-23,-11,23,-11,-21,36,-29,-25,23,-28,-21,38,-17,45,47,44,-34,-22,2,1,58,-40,-12,-39,-48,-41,-40,40,49,-18,-38,66,30,-17,-25,29,24,36,-20,1,-47,-76,57,-20,46,-25,-14,10,-9,44,10,14,24,52,37,16,26,-31,-30,-27,32,-14,24,-18,29,-1,0,-5,3,15,-58,26,10,-25,12,-32,-11,17,-37,-15,-18,51,-57,22,-37,1,-20,52,266732
-38,34,32,0,-2,-6,22,34,-25,1,-23,70,21,-44,21,-15,-39,1,1,-24,2,50,-25,26,-8,58,-18,-8,85,22,27,-60,-11,-8,58,8,40,-5,-49,85,-22,55,-8,-2,-71,2,-21,-9,-4,7,23,-9,-22,-4,-12,-56,6,-1,29,45,29,-41,92,10,85,-10,-52,39,-100,-16,-21,-8,-49,12,-48,-2,-7,-55,18,9,-52,5,8,44,-39,26,-54,-26,97,-17,-3,18,67,-31,-4,-45,-5,-56,11,-21,0,43,0,30,-31,76,-28,-24,-1,42,-10,-23,10,18,3,61,-16,60,44,-29,-17,-42,-3,18,-42,0,-8,-40,32,-18,11,-19,-73,-19,23,0,-3,18,35,16,1,27,76,15,35,-56,35,26,-14,41,-48,16,43,-4,-9,0,-47,4,51,29,-9,43,33,3,11,-57,24,-45,100,46,11,32,43,-48,4,45,9,-15,13,-12,13,72,-9,-21,-26,-30,10,30,19,0,-4,35,-4,0,9,-11,5,80,-16,66,28,69,17,0,-13,-30,35,21,-1,0,12,-20,-9,-12,17,-17,-1,20,19,-38,-19,-2,-6,33,45,9,-92,-55,-58,7,-5,43,267401
-36,39,-1,0,-7,-24,-21,12,0,-44,-3,44,-23,38,5,-2,-21,25,-20,-17,52,-24,-16,32,17,39,-4,5,52,5,-20,6,-42,44,12,-5,37,14,-18,34,-52,30,46,26,-4,-10,0,8,19,-5,-32,46,-2,1,-46,6,-38,-15,66,64,37,-31,55,29,32,0,-13,0,14,-8,0,2,-6,39,20,-42,23,-10,-7,-18,-38,-28,-28,67,35,-27,-6,-48,-29,-17,52,18,0,-9,-31,-35,31,-39,-2,-22,-5,47,17,14,22,13,-22,0,25,27,0,16,32,57,2,-39,-29,51,0,-10,-6,24,0,2,-38,9,-28,-11,-20,-8,-13,-9,-8,-11,-2,0,24,66,4,-33,49,9,14,-1,7,-4,24,-36,-5,6,-27,5,66,0,-14,43,-11,40,37,58,-16,22,-18,24,23,-41,-21,-49,-27,-14,-66,10,36,-9,-23,0,38,-1,16,1,26,39,-8,-8,0,-25,25,11,49,0,-8,38,9,43,0,3,6,-1,17,45,15,-36,-43,0,-5,-19,24,-31,26,0,21,-17,9,-9,-31,34,28,-6,4,-12,-12,30,-58,-26,15,29,13,35,-3,-1,-27,66,267684
2,6,100,-23,-8,-65,34,29,-48,10,-68,76,-24,-34,17,-9,55,-14,57,-9,-54,-67,7,38,-22,58,-2,14,22,100,34,-17,-62,-13,47,26,39,-5,-56,42,-12,45,15,23,-38,9,-43,-12,-36,27,5,-13,-67,-30,-58,-17,4,14,-41,37,39,-22,52,33,50,-25,-18,31,59,-49,-43,-19,-22,28,35,10,9,-35,32,20,-84,-59,-17,68,-36,3,-59,27,3,-70,-62,17,80,-73,39,-51,13,-85,34,-10,14,85,3,-37,63,31,-42,-46,-55,44,-27,-18,21,50,12,-33,0,-17,78,-70,-7,27,-40,43,-47,-17,-66,-38,15,-25,12,45,-36,-64,52,-17,23,-23,0,-45,44,28,55,3,21,-4,54,0,-64,35,-4,-30,33,-40,10,24,-25,57,55,0,-58,-3,18,-46,63,-54,-9,-44,0,13,40,-13,51,-19,64,80,11,-10,-36,-17,40,76,-55,45,-49,-74,62,-34,73,-23,-6,7,-24,57,-19,13,10,83,-20,-14,14,-26,51,-17,-9,-45,50,-3,-52,-17,16,0,-11,51,-46,12,-22,-45,15,-39,-4,19,29,-18,-3,36,53,-33,-63,2,-7,71,267778
38,-28,66,0,-5,-78,66,-13,-28,30,-42,46,-45,-46,19,-14,78,25,48,-62,-42,-89,21,35,-2,18,20,7,10,61,70,-25,-63,43,22,-17,83,-58,12,65,14,21,-22,40,-31,-30,-24,0,-17,-12,77,52,-44,28,-58,-18,35,-56,-23,1,39,4,28,58,71,-8,17,11,-17,-73,-24,-28,31,39,24,27,-21,-100,24,57,-66,-78,-26,55,-31,70,-44,46,3,-93,-44,40,98,-14,22,-61,62,-66,24,2,8,55,-8,-27,28,10,-23,-24,13,74,-9,29,42,70,-41,-62,26,10,63,-10,20,57,-18,10,-67,-20,-83,-30,0,-2,-30,36,-29,-56,16,-5,45,-5,12,-62,75,58,34,26,9,-17,26,25,-9,-7,25,-54,-17,-17,-66,-16,-40,84,20,-15,-51,9,3,-85,76,-64,47,-57,5,46,-31,0,24,-42,52,65,13,-17,-56,-26,41,51,-5,36,-29,-81,79,-28,54,0,-8,-19,-25,77,12,4,-26,98,7,21,76,-55,31,-5,78,-26,18,3,18,0,36,-47,1,81,-64,-32,18,-33,16,-51,17,-17,-31,-47,10,57,-18,52,-40,26,25,56,268082
-30,-6,-1,0,-11,11,-1,43,0,36,-14,73,42,-27,12,-7,-40,3,-25,-43,36,3,-2,48,-64,-16,5,-1,67,5,-2,7,-41,23,44,-2,58,-24,-43,29,-26,-5,-13,22,-54,-6,0,11,6,-12,-13,14,-17,8,-45,10,10,18,28,1,46,-25,100,52,38,0,22,-2,-8,6,0,7,-1,63,58,36,-16,0,2,-45,-55,22,48,41,-24,-11,-20,-74,-10,17,37,7,54,-41,11,-80,28,-52,-5,-83,-6,9,11,9,57,28,-56,0,32,54,0,23,20,58,-23,-34,-100,11,0,-44,6,0,0,34,-74,-8,7,-27,-19,-12,-2,36,-30,25,32,0,25,-8,-6,-18,34,2,31,-6,17,0,37,-43,16,43,-31,4,5,0,20,-1,-2,5,50,-9,26,38,-19,37,72,-51,14,-47,-10,-57,-19,-10,37,2,-16,0,48,-8,10,-1,57,64,12,33,0,-8,78,8,-3,0,-19,-16,-8,14,26,-2,-9,49,-49,6,48,-16,26,0,18,-54,36,-35,24,-22,10,-41,10,-3,-14,-6,8,27,11,-36,-18,-8,-40,50,23,51,13,19,-28,-11,3,38,268506
-36,29,43,0,-20,-23,57,36,-44,30,-57,77,8,-27,9,-13,6,-2,13,-38,2,16,49,74,36,55,18,-5,-6,41,54,-1,-38,0,63,7,73,-10,-44,69,-13,58,-1,12,-44,-3,-42,0,-16,8,14,6,-56,17,-37,-5,0,-8,12,18,74,-16,10,35,70,-30,-28,31,14,-3,-42,-18,-31,44,16,30,0,-33,24,1,-67,-20,16,73,-28,14,-49,-54,19,-22,0,28,47,-38,-8,-68,20,-65,25,-43,18,36,38,-20,19,10,-52,-36,-4,84,-31,25,20,84,7,-29,-45,12,62,-38,17,-18,-25,47,-65,-23,-24,-49,-1,-19,-1,57,-42,24,50,0,10,41,38,28,28,21,12,-7,32,-1,46,1,0,37,-40,-24,12,-27,-7,10,-56,31,14,42,19,14,0,0,42,-47,21,-45,13,13,0,33,10,-58,18,63,29,-15,-25,-17,44,77,2,54,-45,-49,40,-15,39,0,-18,24,-26,33,24,-3,8,45,35,14,58,-26,-3,0,2,-55,47,1,-5,-17,23,-37,-1,-9,25,0,-3,12,8,-42,2,8,-2,10,23,39,14,-10,-51,-9,-4,72,268748
-22,40,20,0,-5,-24,0,12,0,-45,-4,33,-25,8,0,0,-19,-6,-4,-6,-4,-52,5,38,45,61,-31,1,10,19,2,2,-43,25,0,-1,18,2,-10,-2,-33,58,19,15,-31,-11,0,-1,-4,-3,-24,25,-4,-38,-42,0,-29,-19,15,36,38,-40,17,18,-1,0,-38,48,-51,-10,0,14,-37,12,1,-45,7,-46,-14,-20,-23,-24,-9,51,1,-22,-3,-34,-2,-8,-4,7,46,-51,-30,-34,16,-24,-16,-22,0,31,23,20,4,19,-27,0,5,16,0,0,14,35,13,-30,-26,32,0,-52,-31,2,0,10,-32,0,-4,-13,-5,-8,-12,13,-23,-22,9,0,18,7,34,-52,42,-9,20,-17,49,-5,23,-11,-34,15,-27,22,37,0,-22,16,-11,28,33,4,-21,12,-4,30,28,-45,-33,-44,-1,-9,-60,28,35,-14,-4,0,42,-2,23,14,12,35,-33,12,0,-26,24,14,44,0,-5,40,0,26,-23,2,12,56,43,32,-2,-28,-27,0,11,-25,21,-7,0,-22,6,-13,0,15,-52,11,-6,-18,0,-14,-31,11,-63,-25,12,19,-52,1,-5,-9,-33,52,268883
-21,42,38,0,-1,-42,31,-5,0,-43,0,32,-45,-6,8,-13,-2,26,18,32,4,-50,38,28,-23,45,-6,0,27,40,29,17,-71,15,16,-4,21,26,-23,-7,-31,34,25,20,-5,-22,0,9,11,-8,-15,13,-1,-21,-73,15,-22,-22,45,33,28,-24,30,26,-6,0,-66,-9,23,-22,0,-3,-56,15,-15,-44,13,35,-9,-13,-18,-39,-24,35,-15,-13,-21,-15,-18,-35,5,5,-1,-14,-20,-23,22,-21,-5,-29,10,46,35,8,-9,1,-26,0,2,23,0,40,31,64,24,-49,-32,38,0,-14,-5,11,0,11,-25,6,-35,-21,-21,-10,-23,35,-6,-17,9,0,20,20,29,-61,52,0,0,-46,-3,-3,30,-23,-22,-4,-17,11,32,0,-27,23,-1,44,33,14,-16,5,-23,-17,20,-49,-26,-51,-21,25,-49,23,32,-2,16,0,19,-10,13,-3,10,32,-24,36,0,-25,17,8,38,0,-1,42,6,45,17,0,23,-2,-20,39,34,-48,-20,0,-1,-29,33,-18,-2,-45,3,35,11,-1,-58,19,25,-19,4,-16,-33,18,-52,-45,3,27,21,8,-20,-3,-19,36,269228
-19,26,60,-22,-19,-86,26,39,-50,-17,-29,26,-60,29,22,-17,3,69,1,-43,24,-97,14,62,-27,0,47,-4,5,70,27,9,-91,81,3,-6,72,-27,-22,73,-68,-1,0,50,-35,-29,-48,11,-24,2,19,89,-26,-24,-89,14,-21,-14,41,6,67,-57,32,57,75,-17,4,2,1,-57,-48,-11,7,47,3,-20,0,-32,16,4,-51,-91,-30,68,7,16,-4,-8,-22,-62,20,10,62,-4,-23,-56,39,-52,17,-32,12,79,-1,-25,23,54,-23,-47,51,65,-17,52,34,65,9,-68,-40,-18,79,4,38,26,-34,7,-57,-18,-70,-44,-37,-10,-34,35,-31,-52,13,-25,51,38,70,-79,76,20,88,44,-9,-15,39,-34,5,38,-24,-46,3,-34,-16,14,-14,69,40,47,-55,16,-35,-35,61,-63,-25,-57,-29,23,-56,58,42,-10,20,78,36,-12,-44,-7,49,33,10,38,-50,-100,51,-24,70,-23,-20,25,-20,76,26,-5,11,69,-7,-14,67,-69,-27,-25,34,-30,38,-36,56,38,10,-40,11,26,-82,0,58,-39,23,-55,1,1,-42,-67,7,61,0,19,4,5,-18,57,269644
-29,16,16,-68,-20,-46,69,39,-88,36,-60,45,-23,95,9,8,-33,11,-30,-2,7,-18,-1,72,11,-32,14,0,-4,15,74,0,-42,-36,61,-4,14,-54,-32,-2,-20,2,12,40,56,4,-88,0,-46,-10,-4,-44,-58,31,-44,-2,9,-41,60,42,71,-27,32,60,-10,-84,-16,-73,-27,-25,-89,-9,8,31,-49,37,0,26,-7,-19,-67,-48,19,69,77,-3,0,-19,-24,-26,2,1,-40,-41,6,-21,37,-69,-7,-80,0,17,3,-15,0,-58,-23,-83,-15,32,-84,55,11,77,13,-55,-82,35,92,-41,6,-5,-81,34,-17,-12,-24,-52,14,-21,3,20,64,-24,35,-71,36,36,46,-15,44,-16,-75,43,-73,-22,32,-12,-15,37,-32,16,47,-80,-58,24,-67,42,44,41,-24,-3,16,-8,63,-65,34,-64,-35,-10,-31,39,39,-78,-35,96,63,10,21,3,39,42,-14,18,-88,-69,65,-21,-13,-66,-21,31,-12,42,29,2,12,-32,16,45,63,-63,2,-72,-2,-23,45,-39,-18,26,-4,-1,0,6,-15,10,18,0,7,-44,-4,1,-31,-14,-1,62,-2,-12,-12,-15,9,62,269851
-14,15,19,0,-4,-50,28,7,0,-7,1,15,-31,-39,18,-10,-20,52,0,-7,16,-78,3,16,34,1,16,0,66,15,32,33,-96,27,-13,8,9,13,33,29,-30,3,26,43,-12,-55,0,19,28,3,-7,28,0,-12,-95,27,-20,-52,51,13,16,-36,76,24,30,0,4,5,-55,-21,0,-5,3,33,10,-8,6,-70,19,11,-6,-46,-29,29,-44,-5,-13,-31,-39,-51,14,3,21,6,-40,-32,20,-5,14,-37,13,100,54,-26,9,44,15,0,86,12,0,57,-8,55,-3,-22,-37,24,0,4,18,10,0,5,-28,-2,-50,-57,-2,-5,-54,-11,-2,-38,10,0,50,23,24,-84,63,18,47,33,3,-11,24,0,-6,11,-15,-38,11,0,-61,20,-12,64,51,22,-32,-22,-1,10,33,-28,-3,-26,-41,16,-41,7,50,-14,-1,0,11,-11,-38,-3,33,15,-6,-10,0,-61,33,-33,81,0,-6,15,-8,64,23,1,-4,30,33,26,38,-15,-35,0,37,16,25,-11,89,21,0,-11,17,25,-85,5,49,-24,18,-54,0,2,-44,-29,-19,24,-51,21,-20,22,-25,30,270329
-18,42,17,0,0,-31,-27,0,0,-38,13,20,-42,34,15,6,-25,12,-4,-1,39,-43,-3,33,5,23,25,-8,12,19,-28,36,-52,40,10,0,18,17,4,30,-44,15,26,29,-20,-28,0,19,45,2,-18,44,10,-16,-52,36,-29,-65,44,55,35,-45,19,33,30,0,-17,28,-15,3,0,4,-23,6,-27,-42,8,-100,-12,-15,1,-34,-27,57,31,-17,-10,-40,-3,-37,40,19,-2,1,-39,-41,22,0,-14,-20,-4,45,43,8,-25,83,4,0,39,14,0,33,19,52,15,-31,-21,60,0,1,23,-1,0,0,-41,6,-35,-25,-12,-12,-32,1,-16,-10,2,0,31,-10,2,-50,51,35,87,5,27,2,15,-30,-15,3,-23,3,60,0,-64,26,-4,49,32,-14,-12,18,-11,29,48,-32,-16,-34,-3,6,-63,5,34,0,-5,0,23,3,8,5,6,23,-17,0,0,-16,46,4,41,0,-1,43,6,46,2,-8,16,6,13,57,14,-27,-38,0,27,3,9,-33,38,2,20,-3,22,2,-52,16,11,-6,12,-31,-14,12,-56,-43,12,33,-13,22,-7,8,-30,54,270330
7,-8,54,-10,-12,-19,27,66,-25,14,-47,47,37,29,10,-16,26,2,33,-3,-15,-26,7,25,-23,48,0,32,-13,49,29,23,-32,-22,22,-23,-11,13,-7,5,0,51,42,-3,-16,2,-24,-2,19,-22,0,-26,-46,3,-24,21,-12,12,20,24,27,-6,-14,13,11,-19,-40,-23,66,-30,-23,12,-28,25,52,9,25,-77,15,-41,-56,-24,45,58,19,-3,-20,15,-12,-44,-14,-16,58,-49,3,-6,-16,-57,5,-5,0,21,39,-29,63,-16,0,-27,22,-14,-20,17,33,74,52,-75,-6,-52,70,-49,0,0,-12,6,-1,2,-45,-48,13,-12,-3,10,-17,-25,4,-15,1,21,-14,-24,33,-7,-19,-14,-34,-5,41,7,-37,65,4,-8,18,-11,7,42,-32,34,43,43,-29,-38,14,-35,25,-58,12,-54,-6,42,-19,-15,51,-32,37,72,40,-20,-8,8,23,52,-37,11,-26,0,23,-31,4,-11,-14,-10,0,36,-28,27,48,62,-16,-49,-8,-66,4,-14,32,6,46,1,26,-9,-17,-1,-1,20,-27,32,-1,-3,9,-51,-20,33,-8,30,-38,11,55,5,-22,-2,-11,58,270334
-42,24,5,0,-2,-35,-6,-2,0,-33,-17,36,-27,3,0,0,-24,4,-28,15,32,-36,31,48,24,7,-5,0,-31,8,-9,-6,-61,-3,25,14,43,17,-44,15,-41,8,20,34,-62,-18,0,-1,0,13,-21,-4,-18,-14,-63,-6,-26,0,30,-30,49,-37,-28,20,12,0,-68,17,7,-10,0,0,-72,15,-40,-33,10,-3,-16,-7,-37,-33,-12,56,0,-20,-35,-47,20,6,31,1,7,-37,-31,-34,26,-39,-16,-25,11,21,0,4,-33,36,-42,0,19,35,0,-1,9,62,0,-17,-22,34,0,-37,-3,-7,0,-6,-34,-2,6,1,-8,-14,-19,18,-61,-38,-6,0,35,52,35,-56,37,-8,37,-54,16,-5,32,-30,-17,-3,-39,19,-32,0,-2,18,-21,8,42,52,-38,17,-11,46,10,-54,-16,-58,23,-8,-58,34,45,-21,-30,0,36,1,21,-1,14,34,-19,20,0,-47,9,2,31,0,-3,27,-3,6,-5,-2,1,9,16,29,14,-13,-32,0,-3,-43,28,-30,15,-54,3,21,0,-12,-57,13,4,-20,-2,-6,-34,10,-58,-26,9,19,8,2,-35,-11,-22,58,270529
-20,43,0,0,-3,-10,31,12,0,-20,4,38,-15,8,7,1,-26,31,-26,31,49,-33,-6,30,2,87,-7,-2,58,-2,33,14,-51,41,13,-13,27,23,1,10,-35,88,22,35,-31,-31,0,10,25,-14,-10,39,6,0,-50,14,-16,-46,41,40,26,-36,74,13,15,0,-26,36,-8,3,0,11,-44,5,4,-20,5,-22,4,-20,-7,-7,-7,45,10,-10,-29,-46,2,-31,46,3,27,-11,-44,-37,32,-7,4,-3,-5,58,18,11,6,-16,-19,0,73,24,0,50,37,49,8,-15,-2,24,0,-11,-6,3,0,0,-38,-1,-29,-25,-14,-13,-29,-4,-35,-8,0,0,38,-36,22,-46,49,17,-9,-23,37,-6,30,21,7,13,-19,10,46,0,-52,23,-21,48,36,-46,-3,10,-14,44,13,-42,5,-37,4,-32,-65,16,34,-15,-26,0,18,1,9,10,8,38,7,-5,0,-13,13,7,70,0,-3,46,-1,51,19,-3,3,21,9,18,32,-11,-39,0,35,-17,29,17,71,-25,4,29,10,7,-46,16,31,3,5,-31,-25,11,-68,-12,10,11,-12,30,-34,8,-20,42,271267
-46,-81,15,0,-20,-3,23,41,-44,57,-71,64,30,-7,0,-19,-46,38,-2,-25,65,-30,13,32,-2,10,2,1,16,20,24,-46,-62,-39,24,-35,60,-38,16,35,-36,16,1,19,-25,-19,-40,-14,-22,-36,8,-30,-70,13,-58,-49,-7,-16,43,66,28,-28,23,66,30,-19,-1,16,-41,0,-41,-28,12,70,58,57,0,-55,-2,-16,-92,-4,28,18,1,6,5,-47,49,11,58,33,62,-22,-22,-25,19,-94,-8,-83,23,62,34,-39,49,81,10,-38,35,78,-20,22,11,71,-14,-33,-81,50,92,-22,6,-23,-4,11,-21,-29,6,-33,14,-10,-23,25,-26,-13,9,0,24,20,30,-24,47,10,79,-30,18,-22,27,-45,14,43,-47,-1,61,-7,-17,11,-83,5,56,33,-21,34,17,34,52,-69,15,-69,39,-14,-8,24,61,-80,3,93,54,-22,-6,-25,67,62,20,23,-44,-44,55,-34,47,0,-20,-81,-29,9,8,1,-21,58,-2,56,45,-36,-27,0,17,11,27,-37,39,-16,28,-19,-14,-16,-27,-5,32,-12,-2,-26,-15,-6,-2,25,42,67,-33,0,2,-6,-8,13,271444
-7,9,54,0,-1,-4,-23,9,0,-31,-7,52,-3,3,13,-6,1,27,-1,14,-31,-6,-55,5,25,-13,-27,8,27,54,-23,11,-13,67,35,-25,46,25,-10,-3,-35,-12,9,8,-40,1,0,13,23,-24,-3,63,-9,18,-12,9,-7,10,10,34,6,-40,30,43,-1,0,-41,26,2,-1,0,1,-37,6,27,-34,5,-68,8,-22,-26,-6,6,86,-2,-3,-43,-29,-3,-57,-28,16,42,-5,-35,-23,25,-25,7,10,-15,52,21,-29,32,18,-36,0,12,42,0,21,56,74,-18,-24,9,37,0,-7,-26,9,0,21,-23,-19,-57,-10,-12,-8,0,7,-42,13,21,0,9,-9,9,-11,44,1,18,10,28,-9,35,-37,-37,11,-9,-37,35,0,9,15,-6,61,37,-16,13,-9,-12,12,58,-40,21,-41,-2,-85,-67,7,41,-5,-3,0,21,-11,-36,0,6,56,-40,7,0,13,60,-31,42,0,-2,11,-23,63,-6,4,-18,40,22,33,5,-22,-34,0,9,-33,33,-41,12,5,16,7,12,20,-12,7,31,16,12,-15,-27,3,-62,-4,-9,44,1,2,-45,7,-7,86,271631
-25,64,23,0,-3,-44,61,-11,0,-51,1,19,-33,18,7,-6,-25,27,4,39,36,-70,-10,36,33,91,-8,5,41,19,62,22,-72,26,-3,-13,23,10,-5,0,-14,93,22,28,-12,-28,0,15,20,-17,-6,24,2,-17,-73,21,-22,-22,49,75,35,-18,46,30,0,0,-19,17,-34,-21,0,5,-23,17,12,-52,5,-10,-7,-22,-17,-41,-14,52,14,-3,0,-40,-1,-32,33,19,31,-30,-37,-39,28,-18,-10,-43,-5,19,45,20,10,-35,-22,0,29,22,0,37,29,48,27,-16,-42,68,0,-30,-8,11,0,-11,-37,4,-29,-12,-22,-14,-25,17,-8,-44,-8,0,29,22,26,-90,64,19,-25,1,21,-10,25,-18,-11,-7,-28,22,76,0,-25,19,-16,50,52,19,-39,13,-23,21,19,-65,-10,-64,-2,23,-62,25,51,-21,4,0,38,-9,19,4,25,19,-11,17,0,-31,22,18,27,0,-4,63,0,49,2,1,28,31,34,66,37,-16,-30,0,32,-23,24,-21,25,2,18,42,16,21,-90,10,26,-16,3,-14,-37,11,-65,-31,14,29,-32,17,-2,-1,-25,52,271682
-8,32,52,0,-2,-33,-11,14,0,-57,-4,12,-24,-4,10,1,0,-5,34,17,-27,-32,-6,22,-4,20,-12,0,35,56,-13,4,-47,20,17,0,17,22,-28,26,-23,12,25,18,-33,-13,0,11,21,2,-20,23,-6,-14,-48,6,-25,-23,19,41,25,-24,38,21,28,0,-34,0,-19,-6,0,-10,-39,0,7,-57,7,-37,4,-32,-24,-31,-11,46,0,-16,0,-6,3,-39,-23,8,29,-32,-22,-29,26,-24,3,-24,-4,34,38,6,15,22,-13,0,-8,5,0,-3,31,52,-1,-25,-20,38,0,-34,-13,29,0,13,-34,0,-36,-20,-18,-4,-11,-16,-40,-35,15,0,17,10,9,-41,47,18,19,-9,0,-5,35,-32,-51,16,-10,0,41,0,-22,20,-4,40,32,5,-32,12,-17,35,44,-39,-12,-36,8,51,-58,8,32,0,37,0,17,0,2,-12,2,13,-52,-15,0,-11,40,1,22,0,-2,36,0,41,-12,-2,0,32,2,36,2,-27,-18,0,32,-15,30,-31,-14,-9,12,17,12,29,-40,14,-8,-5,7,-30,-28,13,-64,-21,2,19,-23,31,3,2,-27,45,271741
-40,29,41,-34,-6,-22,-6,60,-47,-14,-37,72,-1,3,21,-38,-52,52,-33,7,34,-48,0,55,55,64,32,7,74,49,-4,13,-58,32,32,-2,4,-16,-42,72,-62,69,-7,9,-36,-16,-39,4,-8,1,-9,47,-32,-14,-58,10,-29,-7,63,20,58,-63,88,27,66,-29,-16,1,-37,-37,-39,16,-1,30,65,-9,-12,-30,9,-30,-57,-18,-10,37,9,-9,-12,-62,-18,-42,27,23,58,12,-40,-42,10,-58,15,-65,5,66,-17,-33,80,4,5,-46,42,10,-30,33,15,65,60,-22,-64,19,68,18,26,-2,-34,11,-44,-14,-37,-54,-17,-15,-15,2,-47,-15,18,-38,6,62,20,-35,51,-3,18,52,3,-24,40,-29,-12,62,-43,-36,24,-36,-10,0,-35,44,73,66,-12,-2,-15,10,30,-52,-7,-49,-21,-52,-54,7,68,-40,-24,70,30,-33,-39,23,33,69,-3,0,-47,-76,32,-22,65,-34,-5,21,-19,40,7,10,60,56,51,29,34,-24,-41,-38,3,-5,50,-38,41,43,17,3,5,8,-36,-25,44,-22,20,-54,-21,-23,-56,3,2,33,-48,0,0,12,-30,41,272575
-23,-48,72,-22,1,-40,-25,80,-50,-44,-75,87,1,17,25,-22,-11,-9,39,-52,-52,-35,6,61,-10,-47,36,-4,34,73,-26,-39,-6,7,10,-35,25,-20,14,84,-85,-38,8,-6,-64,-2,-49,-16,-17,-33,-28,11,-80,-24,-4,-40,-64,13,-4,50,57,-83,44,47,83,-71,-29,-18,-47,-39,-49,5,-30,81,56,-44,-10,3,14,-68,-100,-38,28,48,29,-28,-40,5,12,-37,-51,42,91,-62,-26,-73,-22,-100,11,-42,19,58,51,-20,52,31,-2,-41,-2,27,-72,41,63,37,-39,-38,-44,16,80,-57,35,7,-39,-28,-64,1,-30,-52,-45,-28,-3,-28,-64,-69,-26,-41,-7,-70,45,-26,50,24,26,-35,-16,-50,29,2,-33,77,-22,0,46,-41,11,20,-48,42,68,-68,-73,28,-42,-11,78,-37,-25,-38,23,77,-52,39,72,-47,39,81,18,-24,-2,-4,80,83,-35,-31,-50,-66,83,-19,57,-22,-1,-50,0,35,-23,-3,-37,83,-20,8,9,-17,-24,-39,-3,-3,32,6,-2,-47,43,-56,-18,16,-27,-6,-11,-19,24,-51,-13,0,-54,1,33,42,-44,-11,-41,23,-66,46,273398
-26,-4,9,-16,-12,-38,64,52,-46,8,-20,55,-38,6,21,-17,-2,41,-24,30,18,-57,-3,26,6,-9,18,-13,96,14,66,23,-66,29,25,2,43,3,-38,70,-28,-10,0,39,-18,-38,-46,13,-21,5,27,31,-21,11,-67,21,-1,-25,65,44,29,-20,99,46,76,-33,-44,-1,-6,-23,-45,-30,-43,30,50,5,-3,-36,33,5,-31,-37,-31,37,19,27,-67,-63,-22,-68,23,18,91,19,-33,-53,31,-29,34,-18,5,34,35,-26,52,28,-40,-43,64,46,-35,50,14,86,-11,-53,-16,24,74,22,16,40,-26,15,-53,-4,-63,-46,-8,-11,-39,3,-13,-4,12,-23,41,78,9,-54,53,-11,44,17,5,-15,16,-14,11,50,-21,-34,44,-24,-27,5,-17,65,33,77,-4,2,-11,6,45,-39,7,-42,-19,-40,-49,8,31,-17,-24,76,1,-14,-36,-32,33,51,6,4,-46,-91,50,-23,25,-17,-12,-1,-7,61,22,-14,-11,90,0,25,54,-51,-34,-21,62,-40,16,-26,61,5,18,24,11,33,-51,-7,45,-21,20,-41,-6,-8,-50,-38,8,47,-8,69,-67,18,0,42,273682
-14,5,24,-9,-18,-26,50,36,-30,9,-45,43,-67,68,13,-15,22,34,-2,-17,11,4,3,54,-36,-34,-1,12,27,18,49,11,-38,20,36,-13,15,-24,-12,42,-1,-29,23,9,-2,5,-27,3,-21,-19,15,23,-45,14,-31,19,12,0,21,51,58,-12,68,44,54,-20,1,-52,9,-25,-26,-2,-2,37,27,6,14,18,12,-18,-66,-24,29,77,48,11,-48,-28,-57,-50,9,-6,42,-32,-13,-57,24,-69,6,-62,3,54,16,-12,50,2,-38,-36,29,13,-21,10,15,91,-17,-83,-65,-4,76,-30,-4,-13,-15,32,-43,11,-42,-58,4,-16,2,0,19,-18,36,-19,14,46,7,-1,40,7,25,-6,-50,-9,38,-26,-31,41,-17,-2,48,-13,-13,33,-12,50,40,48,-14,-9,7,-18,74,-60,30,-56,-50,-4,-15,-18,39,-13,-1,80,30,-16,0,-6,33,44,-28,0,-31,-48,75,-21,39,-10,-21,0,5,47,0,7,-12,29,-30,-4,24,-68,-10,-18,47,-34,39,-45,30,-21,-5,-24,2,17,-4,23,32,14,11,-61,3,19,-14,-68,-17,45,21,17,-54,-8,5,71,273992
30,8,100,-15,-10,-51,41,80,-49,7,-38,58,40,-13,39,-2,57,15,64,-7,-44,-51,51,24,-2,-37,-18,33,41,100,36,0,-32,-37,15,6,1,-6,17,49,-39,-26,19,1,-55,10,-51,8,0,4,6,-39,-38,-8,-26,-1,18,31,0,5,27,-48,56,33,52,-41,-30,-78,-15,-59,-51,-17,-15,10,0,4,3,-42,35,-25,-57,-46,33,64,-21,4,-28,61,-4,-77,-51,4,95,-26,58,-79,-3,-57,29,18,34,66,-44,-25,17,4,18,-49,24,11,-42,-6,34,69,-28,-12,10,-6,82,-22,-14,1,-18,21,-71,4,-77,-53,14,-13,10,9,-50,-75,22,-26,4,-59,-68,-31,44,7,8,-13,-93,-28,32,4,-50,83,18,-23,11,-20,8,20,9,43,41,-67,-72,-30,19,-72,80,-40,7,-33,-4,36,9,-98,42,7,71,85,27,-6,-20,-14,3,64,-42,7,-49,-81,79,-24,48,-14,-10,0,1,46,-21,32,-33,96,-14,1,-4,-4,68,-25,52,18,44,3,31,-17,-1,-1,9,26,-32,8,6,-10,38,-48,27,11,10,37,-31,37,-13,16,-29,16,10,65,273999
-10,0,70,-10,-7,-54,15,12,-40,-15,-51,64,-35,-45,12,-8,20,-1,31,-19,-8,-68,1,55,25,5,5,14,30,65,16,-10,-60,-11,21,1,35,-21,-3,2,-40,2,29,23,-36,-3,-41,-7,-27,2,-14,-6,-50,-32,-57,-9,-35,16,10,45,52,-47,44,45,8,-32,-57,31,35,-45,-41,10,-56,42,49,-18,12,-18,4,0,-69,-50,-25,66,-47,-14,-29,10,-9,-50,-12,9,76,-41,-13,-56,20,-68,0,-31,7,48,15,-38,58,42,-22,-40,-2,36,-33,17,34,56,-27,-26,-27,-30,66,-38,3,9,-30,13,-56,-20,-47,-41,0,-16,-2,12,-32,-63,17,-21,25,-22,2,-46,53,22,51,-10,28,-10,47,0,-33,15,-15,-16,41,-30,14,33,-9,57,51,-18,-57,2,2,-12,80,-50,-17,-42,-11,46,-22,-6,49,-7,34,67,38,-8,-19,10,47,67,-28,10,-40,-63,81,-37,46,-9,-9,1,-22,55,-19,13,-24,79,29,-28,19,-26,-4,-21,16,-26,47,0,-2,-23,8,-21,-8,29,-47,24,-6,-41,10,-40,2,25,-26,-33,-1,45,39,-7,-29,3,-41,67,274001
-25,4,25,0,-8,-52,-5,33,-25,1,-31,32,-12,27,13,-14,-33,19,-3,-49,33,-58,-12,63,0,32,21,2,-16,27,-2,8,-75,65,19,-2,59,-22,-34,43,-45,51,0,33,-26,-38,-24,2,-22,0,-3,63,-30,-28,-72,7,-30,-9,40,60,68,-54,-5,60,47,-13,-50,-12,27,-11,-24,-3,-47,38,24,0,-15,-34,0,-13,-60,-49,-15,66,32,-4,-26,-41,23,-41,30,32,43,-29,-43,-60,30,-58,-4,-12,0,54,32,7,34,87,-7,-25,49,61,-13,30,25,72,7,-31,-12,9,53,-26,23,2,-12,11,-59,1,-32,-21,-15,-11,-36,2,-21,-40,14,-9,35,19,41,-69,59,44,95,-37,-4,-17,32,-17,-6,35,-32,-7,55,-13,-10,2,-17,53,48,22,-36,33,-12,39,66,-55,-16,-50,17,1,-54,34,48,-25,0,52,32,-15,-8,-3,48,32,-6,2,-25,-77,69,3,50,0,-12,0,-2,48,26,-1,11,41,-4,15,50,-32,-40,-8,46,-8,29,-34,52,-57,29,-48,1,24,-70,-19,16,-21,12,-29,-6,-15,-52,-11,36,59,34,31,-29,14,-32,67,274245
-17,64,20,0,-2,-29,13,4,0,-31,-5,9,-26,19,8,-9,-39,34,3,-47,38,-76,-19,44,-23,-18,2,-10,54,19,11,9,-62,61,-11,-25,-14,24,24,-3,-18,-18,16,30,-18,-31,0,20,18,-26,-5,67,-8,6,-64,9,-18,11,46,37,43,-21,60,-6,-4,0,-55,1,21,-24,0,10,-52,20,20,-31,5,-7,2,-19,-31,-28,-20,34,8,-2,14,-38,-19,-30,37,-26,-12,-9,-39,-34,24,-29,0,-39,-9,56,47,-4,19,13,4,0,42,-21,0,52,22,64,37,-13,-43,2,0,-7,0,0,0,-5,-34,-11,-24,-40,-19,-8,-30,-6,-19,-39,-6,0,29,49,-2,-71,58,24,13,19,2,-16,58,-20,-1,5,-19,13,35,0,5,19,-5,48,49,49,-37,-19,-17,20,-9,-62,11,-58,-18,0,-66,-5,46,-2,8,0,15,-8,14,9,17,10,0,-7,0,-30,-11,-7,62,0,-4,65,-9,46,21,-12,38,-3,-26,0,44,-8,-34,0,47,3,56,-22,41,23,-23,-55,20,5,-72,9,33,-11,4,-47,-24,6,-71,-25,-26,-8,19,40,13,2,-19,36,274924
2,25,33,0,-4,-29,26,72,0,-100,-17,32,-71,-42,5,-97,87,0,12,16,13,-100,-52,34,-3,62,2,0,25,32,30,-17,-24,8,34,2,-83,16,-15,62,-39,60,4,10,-52,26,0,2,13,2,-19,8,-14,-16,-25,-15,-10,-38,52,-25,34,-46,33,40,100,0,-17,16,4,12,0,-5,-8,14,77,-100,100,-49,-7,-3,-40,-25,100,100,-39,-17,-3,0,2,-32,13,-11,39,-33,-29,-32,-96,-43,-8,0,-17,44,-20,0,82,-6,-100,0,3,-79,0,-7,22,46,-80,25,1,-38,0,-34,2,100,0,29,-28,2,-27,-11,1,-5,28,-10,-52,-2,30,0,10,-36,1,-6,28,2,0,-10,20,10,-27,-7,-15,78,-4,35,-39,0,-42,2,-11,4,95,-44,2,31,4,-100,24,-33,-3,-28,10,-41,61,-3,91,-10,12,0,27,-100,15,-3,14,32,-13,-9,0,0,25,-4,37,0,-4,30,4,2,100,-1,-90,39,-3,-39,100,26,-20,0,-13,-100,-25,-9,-1,-14,-9,14,2,100,-8,0,-1,100,3,-3,-9,0,55,-68,32,10,4,-27,-3,100,-15,100,275019
-31,-11,28,-4,-15,-12,26,51,-26,31,-51,67,43,74,7,-14,-14,15,-14,-28,14,16,-5,52,-46,42,-13,6,47,23,31,3,-35,-4,63,-4,60,-19,-31,22,-17,44,11,12,6,-2,-25,-3,-9,-4,13,-12,-50,13,-29,5,6,4,18,78,62,-35,56,52,28,-9,-37,0,7,9,-25,6,-3,34,22,25,14,-38,17,-34,-69,-15,41,57,61,10,-56,-54,-2,-16,10,20,63,-15,-30,-37,19,-68,7,-76,2,48,12,-21,33,14,-54,-29,38,51,-10,17,32,80,34,-58,-66,31,77,-13,-11,-37,-13,49,-34,-21,-12,-28,7,-11,-5,4,19,30,49,-10,15,47,39,19,17,2,22,21,-3,-7,52,-36,-16,54,-38,-16,78,-12,-2,26,-47,20,27,54,30,5,9,15,57,-48,25,-39,0,-35,-12,34,33,-51,-10,76,14,-18,-11,4,32,75,-12,8,-26,-51,55,-30,36,-4,-19,-14,-25,20,34,2,31,70,-44,36,48,-51,-28,-8,-1,-48,50,-42,47,14,17,-33,-3,-4,15,22,13,17,7,-39,0,19,0,39,-2,52,2,-45,-67,0,2,61,275497
-19,18,41,0,-1,-20,0,3,0,-34,-7,39,-21,27,9,-1,-43,29,5,12,6,-45,-15,24,18,43,-6,-5,26,39,0,2,-51,33,8,-13,28,-4,-5,37,-38,41,23,20,-52,-17,0,6,33,-15,-21,33,-7,-21,-49,0,-36,-34,45,55,20,-43,36,25,37,0,-13,33,-15,-6,0,14,-22,13,30,-34,7,-38,2,-16,-26,-23,-24,64,23,-22,7,-40,-8,-50,4,15,21,-29,-34,-38,17,-23,-3,-16,2,56,38,-16,32,51,-6,0,24,30,0,44,34,45,-16,-23,-17,45,0,-28,-4,10,0,-8,-37,0,-49,-33,-6,-15,-16,5,-45,-22,-11,0,22,-26,34,-57,51,22,55,25,33,-16,23,-43,-17,4,-22,-16,49,0,-42,25,-22,63,50,-29,-20,0,-7,26,43,-52,-20,-49,-12,-9,-61,23,55,-20,6,0,29,-5,-20,13,15,38,-17,3,0,-27,44,-21,48,0,-4,20,-1,62,4,-8,-12,19,16,48,21,-20,-37,0,13,-4,23,-45,24,24,15,25,6,23,-58,13,31,-10,7,-30,-36,13,-58,-22,0,26,-16,5,6,5,-35,64,276297
-35,51,57,0,-6,-55,-13,18,0,-8,-14,27,-20,31,4,5,-32,22,-3,-39,55,-54,-48,52,-15,55,22,9,22,63,-16,14,-68,0,17,-7,18,20,-4,-16,-38,48,23,36,-11,-20,0,10,22,-2,-21,15,-13,-26,-64,14,-41,3,83,80,52,-39,17,27,-12,0,-17,2,42,-28,0,8,-29,30,25,-9,8,5,2,-19,-48,-62,-25,76,36,-23,-46,-40,-2,-17,54,12,75,-19,-60,-17,24,-45,3,-51,-10,1,48,5,23,-32,-3,0,25,24,0,26,32,75,51,-27,-51,62,0,-11,15,-14,0,16,-12,0,-19,-23,-14,-9,-24,-7,-5,-28,15,0,39,-28,19,-52,51,-14,-33,14,1,-4,52,-10,3,23,-42,15,86,0,3,25,-16,41,33,-23,-32,3,-12,-11,34,-42,-26,-42,-1,-14,-63,15,38,-15,3,0,38,4,18,7,21,32,1,-4,0,-35,35,7,20,0,-7,51,-1,36,20,9,46,66,-12,60,38,-21,-67,0,-26,-8,55,-15,30,3,11,-40,10,-5,-56,14,16,-12,4,-18,-22,12,-51,-26,3,30,43,-33,-36,0,-39,78,276683
-34,58,31,0,-3,-25,-31,10,0,-45,-2,24,-40,2,13,-2,-34,-1,-76,-24,81,-36,-14,46,12,-7,-4,5,23,24,-34,17,-41,29,3,7,-1,23,-36,42,-27,9,38,20,-42,-13,0,14,26,5,-31,34,-1,-56,-41,17,-49,-6,29,52,43,-38,31,16,39,0,-64,-13,6,-32,0,11,-73,19,-11,-48,11,-18,-9,-21,-32,-21,-31,72,8,-32,28,-34,-18,-26,77,4,-27,-51,-35,-39,11,-34,-9,-38,-7,4,-12,1,-10,10,-11,0,7,-2,0,-8,19,29,-11,-18,-32,30,0,-49,-5,0,0,15,-38,18,-21,-36,-19,-7,-9,-15,-40,-49,22,0,17,-29,15,-32,18,0,18,-22,-9,-15,15,-51,-35,14,-43,12,47,0,-5,18,12,30,29,-38,-42,8,-19,13,41,-17,-38,-9,-24,-39,-51,12,28,12,-73,0,26,-4,12,10,25,27,-33,-14,0,-28,40,-3,4,0,-5,60,15,27,-22,4,-2,-29,4,33,-13,-20,-21,0,16,-14,11,-58,1,-35,3,-17,17,16,-33,25,-6,-19,10,-39,-48,23,-58,-33,6,18,11,-12,31,-10,-58,74,276685
-6,-56,67,0,-2,-24,25,39,-29,41,-47,84,15,2,25,0,41,-26,76,29,-10,-29,-2,24,6,29,4,3,16,60,29,-11,-45,34,50,11,75,2,-9,17,-33,36,-4,11,-34,-13,-28,13,-4,8,10,25,-51,-8,-40,-11,-7,-25,3,-17,29,-36,71,58,10,-1,-3,40,8,-22,-28,12,5,32,9,37,-6,-78,39,1,-65,-16,8,71,-4,9,-52,34,58,-31,-12,28,83,-40,-5,-41,18,-65,39,30,5,75,25,-37,14,74,-21,-29,-27,79,-2,27,46,40,-40,-36,28,-4,70,-44,2,2,-20,55,-35,-31,-31,-21,1,-19,-11,-5,-35,-6,55,-2,19,23,68,-25,45,31,79,7,43,-18,37,55,-11,41,-9,-40,-18,-17,-28,6,-30,34,56,22,1,9,3,-26,63,-11,6,-7,57,83,13,66,50,-34,73,72,-17,-6,-36,3,43,83,-13,-6,-29,-34,65,-37,70,0,-3,-67,-36,36,33,3,-37,83,4,0,52,-19,5,-1,15,-15,30,51,-27,-11,26,27,13,15,-26,-4,-26,2,23,-26,-1,-5,4,16,2,60,21,-1,-66,26,-17,69,277263
-25,6,46,-17,-16,-38,50,20,-40,3,-30,53,5,37,22,-3,-28,29,-4,16,14,-52,19,59,-13,38,-11,12,45,43,55,15,-68,-5,17,2,27,-26,-19,45,-57,29,19,19,-26,-10,-40,5,-5,6,-25,11,-30,-39,-63,19,-28,7,41,48,61,-67,43,38,51,-20,-42,-14,6,-20,-39,-6,-15,43,53,2,11,-21,20,-7,-62,-36,-15,41,17,-27,-18,-30,-22,-47,10,14,55,-50,-15,-53,7,-64,17,-73,21,55,17,2,77,-7,-3,-42,29,20,-21,28,2,62,19,-36,-63,34,71,-43,-8,-14,-26,24,-39,1,-35,-42,6,-11,-11,14,-11,-43,27,-22,21,57,1,-44,43,17,22,-7,-11,-8,44,-33,-34,27,-38,4,45,-25,-8,31,-27,54,57,33,-36,24,10,24,47,-57,-17,-44,-23,-3,-34,-24,62,-27,10,73,25,-4,3,-15,49,61,-30,14,-40,-82,47,-8,52,-18,-16,0,0,46,9,6,21,56,-26,32,35,-19,-2,-20,30,-13,46,-46,25,-6,10,24,7,26,-46,12,15,-25,22,-58,7,17,-33,5,24,35,-3,-12,-2,-3,-36,48,277621
4,-26,79,-22,-10,-52,7,10,-38,16,-50,46,-22,-10,4,-7,10,24,41,-4,12,-74,66,46,13,-43,4,12,41,82,3,-16,-69,5,15,-14,39,-9,20,12,-28,-42,14,32,-45,-4,-35,-9,-17,-9,12,15,-50,-7,-67,-17,-7,3,25,20,43,-19,67,48,14,-21,1,-19,-9,-48,-35,0,-2,23,5,13,2,1,8,8,-71,-58,-3,55,-14,9,-22,31,-13,-35,9,-3,31,-44,22,-64,7,-70,5,-30,32,9,-14,-32,11,56,-14,-40,16,46,-21,54,25,58,-12,-39,-36,13,75,-39,0,1,-30,0,-66,-23,-40,-54,8,-18,-9,44,-44,-63,2,-28,34,-11,9,-68,57,-5,72,-10,-29,-17,33,-31,-16,8,2,-10,16,-30,-1,21,-26,44,52,-19,-64,-4,11,-28,52,-77,-14,-76,-11,18,-13,8,56,-26,45,77,28,-9,-11,-6,24,49,-10,41,-39,-67,52,-32,6,-22,-11,-29,-22,47,15,11,-14,31,17,12,58,-29,17,-27,-10,-17,34,-31,26,-17,-5,-9,-8,0,-68,6,15,-31,3,-49,-2,7,-1,-29,-5,48,-7,-10,-15,-5,-5,52,277797
-30,-13,56,0,1,-22,50,30,-30,38,-45,58,-2,25,10,-14,-13,25,9,-16,2,-14,-7,45,-36,16,0,-17,19,-2,60,-20,-49,72,41,8,58,-15,-19,30,-39,10,-15,21,-25,-12,-21,-58,-27,7,14,22,-45,-5,-50,-20,6,-13,0,22,50,-38,28,64,24,-10,-8,-5,12,-11,-21,-3,-10,50,16,39,-9,-36,7,13,-64,-13,7,35,23,17,-41,-24,34,-3,2,19,64,-11,0,-43,25,-63,0,-67,-2,44,3,7,18,55,-37,-24,24,56,-12,23,-5,26,7,-40,-63,43,47,-35,-23,-8,-18,49,-51,-25,-4,-33,7,-13,-6,-25,-21,-3,45,0,21,23,45,-13,31,35,94,-34,5,-22,29,-9,-5,26,-27,5,23,-17,-15,-3,-37,11,31,34,0,34,6,6,39,-44,-3,-46,32,-3,-10,46,28,-37,24,49,4,-13,3,-2,54,50,-5,-27,-30,-65,41,13,44,0,-3,-17,-26,5,32,-19,8,66,-44,39,38,-27,7,0,-12,-74,24,-25,23,-37,18,-26,89,-7,-10,-15,36,2,9,-52,0,-7,-11,5,34,65,10,-5,-42,-5,5,42,277801
-49,18,35,0,-18,-13,-7,76,0,16,-69,83,35,57,6,-32,-15,38,-10,-10,41,-11,-14,70,-46,77,22,6,1,35,6,6,-52,-5,47,-6,37,-35,-47,17,-52,68,30,12,35,-6,0,-9,-24,-3,-12,3,-67,-7,-47,1,-39,6,65,54,73,-56,-12,49,29,0,-21,8,64,-15,0,-10,2,19,69,11,24,-18,-16,-58,-76,-17,41,70,40,-14,-57,-64,-22,0,39,-3,84,-11,-45,-37,1,-76,-18,-73,-6,54,49,-26,82,2,-58,0,12,30,0,18,38,91,48,-55,-77,4,0,-7,15,-40,0,26,-31,-7,2,-27,-9,-12,-12,14,46,40,29,0,15,69,32,-11,28,-9,-3,-22,0,-10,56,-58,-19,76,-55,-4,51,0,-12,45,-42,18,50,63,38,0,-8,-8,43,-64,-3,-57,-6,-9,-35,28,52,-46,-5,0,50,-32,-2,-8,14,91,-14,16,0,-63,41,-33,34,0,-19,13,-5,15,21,4,29,88,-32,-2,36,-38,-42,0,-9,-62,66,-45,17,-7,-2,-11,-10,-24,-14,30,31,-2,5,-37,-29,28,-31,30,-5,44,43,-34,-54,-5,-37,68,277930
-19,3,13,0,-5,-29,-14,-8,0,-14,-18,25,-23,63,0,-11,-15,42,-19,19,43,-39,-17,17,6,24,7,-3,29,15,-16,-6,-76,20,11,-12,27,25,6,-28,-23,36,6,33,-17,-30,0,6,10,-9,0,27,-23,-11,-76,-9,-14,-18,48,58,12,-36,30,46,-38,0,-33,7,10,-23,0,11,-12,23,12,-14,3,-6,-4,-15,-42,-33,-14,73,55,-1,-25,-40,4,-22,40,5,49,-17,-44,-12,26,-42,-10,-38,-8,58,33,-21,10,36,-6,0,44,31,0,38,29,71,-13,-40,-29,35,0,-14,5,-14,0,-5,-16,-30,-23,-20,-15,-11,-33,2,-23,-3,-4,0,34,38,68,-58,46,14,36,6,4,1,39,-16,-1,-4,-25,-20,58,0,-14,12,-14,40,43,49,-4,-23,-14,-2,47,-48,-1,-46,-1,-37,-60,62,45,-19,-19,0,44,-15,-22,11,34,32,-4,4,0,-28,46,-23,64,0,-7,-2,-32,38,13,-5,-11,40,-10,47,34,-51,-45,0,37,-12,40,-19,46,11,1,25,9,5,-61,7,40,-8,0,-22,-23,2,-52,-25,-19,44,10,23,-23,-3,-16,80,278001
-8,52,17,0,-16,-89,52,-16,0,-29,-5,7,-68,-13,13,3,14,54,-10,-7,54,-99,24,56,15,61,13,2,52,20,55,19,-94,39,-6,-18,70,-5,-6,56,-13,63,30,62,-47,-47,0,16,20,-15,27,36,-2,-2,-90,26,-9,-32,52,66,64,-14,55,38,62,0,-54,33,0,-47,0,0,-35,26,8,-32,14,-30,7,23,-30,-92,-51,62,-22,26,-43,-30,36,-64,50,28,90,-8,-49,-80,54,-34,0,-8,14,50,24,22,11,44,-50,0,65,63,0,55,30,87,34,-11,-3,41,0,-4,10,48,0,-3,-76,17,-62,-29,-30,-4,-51,13,-48,-65,-2,0,67,37,27,-89,80,30,47,-30,25,-12,23,16,9,-15,-12,-7,60,0,-41,34,-28,78,13,28,-65,24,-28,-23,29,-58,0,-58,38,0,-63,17,16,-27,-1,0,35,1,-1,-3,27,12,12,11,0,-99,26,16,41,0,-20,49,12,78,32,-5,27,79,10,41,68,-2,-46,0,84,-49,26,4,68,-31,26,-8,18,56,-92,19,52,-39,13,-40,-5,17,-56,-72,24,38,-12,66,-47,9,-10,63,278008
-14,-46,56,0,-13,-24,14,29,0,44,-57,61,18,4,6,-26,-6,41,23,1,1,-19,5,41,-18,-46,24,10,-1,52,16,-8,-51,4,51,3,62,-34,-30,-11,-3,-42,5,15,-25,-13,0,0,-26,7,37,3,-58,12,-47,-9,9,7,10,4,43,-20,19,64,-3,0,-49,-8,36,-18,0,-6,-19,14,-33,40,12,-4,0,-3,-70,-28,18,73,9,31,-41,-35,-13,-31,-2,0,90,-19,8,-54,27,-68,-6,-39,9,29,29,-32,-29,-20,-39,0,-6,65,0,50,34,81,-14,-38,-13,-7,0,-16,24,-21,0,27,-45,-30,-29,-19,-11,-14,-17,9,-17,21,29,0,19,11,44,-17,37,5,-32,-37,-16,-1,44,-2,3,31,-21,-30,2,0,11,23,-29,32,36,16,25,-24,-9,-3,70,-64,26,-58,-17,-14,-24,41,43,-32,31,0,33,-30,-36,-6,24,69,4,9,0,-49,71,-32,17,0,-15,-36,-37,35,27,8,-13,81,-24,10,68,-54,7,0,47,-40,36,-16,-6,-54,-2,4,0,14,-18,11,38,0,5,-29,2,8,-11,16,-19,63,38,13,-43,-5,6,81,278035
-36,17,-16,0,-5,5,32,24,-29,50,-7,70,8,-51,15,1,-18,-23,-16,-20,62,-40,-10,42,-46,0,35,6,57,-18,32,1,-63,-30,37,47,66,-16,-48,18,-24,9,2,30,-52,-27,-27,11,0,46,10,-39,-7,-9,-60,4,7,5,41,5,45,-36,70,38,21,-10,-21,43,-16,21,-26,-4,-33,26,-83,46,0,7,7,0,-29,6,7,17,-31,8,-24,-56,57,-1,61,14,71,-26,16,-72,27,-30,6,-10,1,57,20,16,-80,41,-60,-25,-16,69,-10,31,-1,69,2,21,-13,12,62,-26,34,-17,-19,23,-65,9,-1,-23,0,2,-27,10,-41,40,26,0,34,49,7,-51,35,49,23,-26,39,-6,30,9,23,25,-40,8,9,-18,7,4,-4,17,41,45,43,25,0,30,21,-39,3,-38,54,21,11,12,40,-4,-17,63,30,-4,8,-11,28,72,21,11,-29,-50,21,17,60,0,-5,17,6,21,37,4,8,80,-39,28,64,16,23,0,37,-58,26,7,-15,-48,8,-27,12,0,-52,-8,-22,-5,17,-30,-21,-8,5,10,26,43,-15,26,-34,0,1,18,278124
20,38,69,-2,-5,-30,46,12,-23,11,-44,82,-3,0,22,11,55,-54,35,-26,-52,0,-10,66,3,40,8,-3,-98,64,54,-7,9,13,68,0,71,-39,-47,57,14,23,30,23,8,22,-20,4,-1,-8,1,21,-40,-16,11,3,17,-20,-50,50,64,0,-87,27,85,0,9,19,-58,-8,-20,5,45,13,39,14,12,-34,22,21,-68,-19,-12,9,-42,2,-51,27,9,-57,-60,52,78,-74,44,-30,17,-75,21,-34,0,73,-21,-3,56,-55,-27,-24,-28,78,0,-28,45,50,15,-51,-18,3,50,-71,1,20,-6,40,-34,11,-47,-8,-3,-12,28,19,28,-11,48,-1,21,48,58,27,28,17,12,-3,18,-13,11,30,-48,20,8,15,40,-5,-47,36,-31,52,26,22,-3,19,5,-28,37,-43,12,-30,20,15,40,41,17,-25,49,52,1,9,-7,0,51,84,-47,20,-23,-41,33,4,69,-2,-8,52,0,49,6,-4,22,66,-1,40,34,-43,79,0,20,-37,14,1,-42,-18,34,-14,4,51,29,27,-62,-2,17,-18,0,32,6,10,52,33,-74,-26,-51,0,-4,28,278402
-18,-19,50,0,-13,-26,15,47,-31,36,-44,56,32,20,8,-10,20,7,2,6,5,-39,10,57,-16,2,7,16,-3,44,16,1,-62,0,32,-6,29,-24,-20,-9,-50,23,13,20,2,0,-30,-2,-44,0,-12,6,-40,-20,-54,-5,-11,-17,27,38,52,-56,28,36,-1,-6,12,-34,34,-44,-30,-14,19,27,-24,32,5,34,-4,-21,-62,-29,10,60,0,-11,-47,-13,23,-24,0,25,11,-40,12,-69,12,-60,-8,-57,-2,51,-3,-15,-28,-64,-26,-30,11,63,-7,15,15,63,9,-57,-44,3,62,-34,10,-32,-23,25,-68,-9,-23,-41,-5,-15,-6,32,-5,-28,30,0,25,-10,-16,-34,41,4,-33,-8,-53,-22,18,-5,-8,51,-27,8,45,-24,-30,25,-24,26,50,-8,-26,-24,0,-27,55,-58,-9,-48,-1,28,-14,-20,62,-39,8,63,48,-16,-8,-12,58,70,0,31,-31,-56,53,-13,46,0,-15,-34,-16,26,12,14,1,56,-21,32,43,-62,5,0,17,-29,21,-35,18,-23,6,-1,-3,2,-41,11,-7,-10,8,-16,-13,12,14,20,15,48,34,-25,-40,-5,-11,59,278405
-26,31,13,0,-8,22,49,47,0,36,-39,90,36,-12,15,-16,-28,-11,-15,-20,11,30,4,33,-17,65,-14,24,56,9,57,5,-22,-27,60,-4,35,-8,-28,46,-28,66,16,0,-57,7,0,1,12,-3,2,-17,-37,6,-20,0,4,-13,40,18,36,-48,66,6,42,0,-44,45,19,27,0,-10,-34,24,19,36,3,-35,23,-41,-55,24,46,72,-40,0,-44,-58,-26,-15,0,8,51,-36,-17,-54,0,-47,23,-50,6,47,16,-29,34,4,-52,0,20,38,0,30,32,76,18,-51,-45,1,0,-34,-18,-43,0,39,-39,6,-8,-64,-4,-18,8,37,-44,49,46,0,1,48,49,24,9,-17,-1,6,46,-18,47,-18,6,52,-38,-35,29,0,-7,21,-32,19,52,38,57,-15,-5,36,38,-41,30,-29,-15,-18,3,29,50,-36,-9,0,24,-16,-43,-4,24,97,19,34,0,-24,32,-28,35,0,-12,27,0,17,20,22,2,54,-28,5,41,-26,-2,0,7,-57,57,-27,26,-18,2,-26,1,-16,22,2,-21,30,13,-56,-8,7,-5,42,-2,14,-2,-26,-50,7,-10,75,278524
-38,29,24,-4,-16,-37,97,21,-37,5,-38,62,0,31,10,-26,2,45,-12,-1,30,-50,16,76,-8,56,19,4,-27,25,94,13,-66,24,34,-12,78,-26,-19,48,-15,57,7,35,-40,-10,-33,6,-5,-15,32,25,-36,21,-66,13,7,-29,33,70,78,-15,-7,56,42,-13,-46,12,-25,-26,-33,-12,-47,34,39,2,-1,-20,8,-6,-57,-34,19,84,18,30,-51,-54,-9,-36,28,17,100,-23,-14,-62,31,-55,6,-38,9,0,32,-10,46,28,-73,-37,7,83,-14,61,50,83,21,-40,-45,54,66,-24,18,12,-24,25,-57,-14,-37,-25,-29,-12,-11,36,-33,-3,26,-11,37,52,68,-48,58,28,17,-35,16,-9,24,4,10,22,-37,-8,68,-25,-33,18,-45,45,56,49,-1,22,-29,-24,51,-78,24,-78,-5,-13,-27,56,52,-49,-11,67,31,-26,-7,-15,29,61,12,32,-37,-77,52,-9,0,-4,-18,23,-15,48,39,2,13,98,-13,50,86,-32,-12,-9,16,-70,31,2,12,-39,17,-6,7,14,-47,0,46,1,9,-22,-5,-6,-29,2,22,58,-32,14,-58,1,4,81,278530
0,-100,-37,0,0,35,0,0,0,100,-100,100,90,0,-18,2,-72,-15,-91,18,10,43,0,57,39,61,-51,0,56,-27,0,-21,98,-9,100,100,-100,0,-100,-72,-31,53,0,-100,4,59,0,-14,4,100,50,-31,-100,64,87,-36,6,-17,9,52,62,-21,55,-19,-71,0,-12,-6,40,100,0,-3,-7,-31,-100,100,3,-100,0,-34,-100,32,55,44,0,51,-11,-100,-2,-15,4,-100,-100,-43,69,28,-69,-81,0,-2,0,71,55,-100,-100,90,-56,0,-74,-100,0,-15,2,47,-58,100,-5,15,91,-21,-51,-71,0,48,24,-28,5,-74,100,-18,85,0,3,100,26,0,-100,-100,19,46,-100,-80,97,-71,-13,19,82,-33,4,0,-2,-1,54,0,-24,12,100,-1,100,-100,100,-100,100,59,-33,24,60,18,-2,-20,100,31,98,94,-76,91,0,22,0,0,-16,100,0,0,0,7,-31,-100,51,0,0,-100,-25,-5,0,0,-55,-100,40,11,100,100,69,0,-91,-49,79,-34,-66,-67,-100,20,-22,-66,58,1,-17,20,-11,-75,-100,-13,100,98,-100,-24,39,-84,-26,-7,0,37,278537
-29,22,54,0,-18,-31,54,53,-34,-14,-45,70,9,8,14,-34,-17,24,18,25,3,-20,25,59,36,32,27,2,24,57,69,5,-35,0,30,-20,28,-11,-24,81,-42,44,-3,-3,-5,-5,-27,-10,-37,-19,22,20,-44,-13,-31,-13,-20,-38,17,-2,52,-39,62,34,83,-12,-15,8,15,-18,-28,-34,0,9,44,-12,-8,-49,2,-25,-73,-29,6,73,18,22,-69,-18,33,-18,-1,39,64,-37,-39,-48,-1,-70,27,-36,26,61,53,-6,51,-34,-32,-37,23,76,-13,42,30,69,54,-44,-27,-6,55,-28,28,-24,-23,17,-50,0,-18,-61,-15,-18,-9,-30,-20,-27,20,0,3,77,29,-9,37,13,3,-1,0,-26,21,9,-38,55,-41,17,-4,-18,-36,10,-54,23,49,78,-26,9,-12,21,42,-66,11,-47,0,43,-30,11,56,-67,40,55,14,-39,2,-9,27,79,-33,-34,-35,-71,39,-7,49,0,-19,7,-2,24,3,10,40,81,35,15,44,-66,-29,0,34,-46,34,13,15,-44,19,26,-11,-5,-11,-5,4,-12,11,-30,-5,2,-22,8,42,44,18,-20,-46,15,-28,71,279011
42,-100,32,0,0,64,-31,98,0,100,25,92,100,22,-30,100,-100,-22,-62,23,-56,96,0,100,0,100,-34,0,-3,34,-41,-90,44,-65,1,68,55,0,38,38,4,44,-3,100,0,48,0,-25,-35,64,100,-62,-100,100,71,-100,78,4,70,19,100,-7,77,-32,-29,0,-24,-100,-13,100,0,-19,-43,81,-100,98,3,35,0,-65,-100,71,100,56,23,100,-46,-100,35,23,-56,-100,-100,-81,42,87,24,-100,0,-21,0,100,-95,-100,-100,25,51,0,87,-62,0,-23,100,19,-32,83,-9,82,93,-60,-33,-100,0,-62,-24,99,12,86,100,7,38,0,-8,100,-48,0,100,-51,27,31,13,-52,-9,-100,-100,100,100,-2,-16,100,-1,66,83,0,45,-3,91,-23,-1,41,100,100,100,100,-28,40,100,75,26,-44,100,92,-17,-100,-64,80,0,100,57,68,99,100,-9,0,0,86,-100,-100,89,0,0,-100,59,-14,23,0,-94,-100,-20,56,30,100,51,0,-100,27,-34,-22,83,-75,-100,21,1,-100,27,7,-19,63,-17,-34,-1,-16,100,100,-72,-10,-27,-100,-35,81,75,100,279848
3,5,56,-14,-12,-85,35,2,-31,-11,-12,-15,-51,72,19,0,0,57,17,-33,42,-79,13,64,15,47,20,1,19,52,47,20,-93,81,8,-7,65,-8,-17,40,-23,36,20,49,22,-44,-28,21,6,1,19,100,-13,-16,-84,31,-12,-22,48,62,71,-29,40,46,26,-16,-19,-32,13,-33,-27,6,4,42,13,-11,10,-25,14,10,-41,-92,-45,22,63,12,-8,-19,18,-65,40,26,75,-27,-39,-42,54,-45,16,-43,11,14,32,10,26,28,15,-31,39,63,-17,33,18,87,0,-47,-7,0,66,-15,15,31,-20,0,-36,15,-56,-18,-20,-4,-54,25,39,-67,7,-6,56,12,34,-84,77,40,68,6,-43,-3,11,18,-6,5,-11,3,56,-17,-37,25,-23,73,37,27,-65,34,-17,19,36,-63,0,-47,-5,1,-69,27,46,-23,25,67,14,-3,-3,12,59,-6,-1,26,-31,-80,40,8,80,-14,-11,4,13,66,21,-1,23,66,1,17,63,-44,-36,-6,84,3,3,-7,43,-6,16,-31,23,63,-89,5,38,-30,20,-30,2,10,-56,-59,40,49,3,50,9,13,-17,36,279897
