playerid35,playerid0,playerid9,customsub0in,playerid36,rightfreekicktakerid,playerid44,playerid27,playerid1,playerid38,playerid31,playerid7,playerid20,playerid39,playerid42,playerid48,playerid13,playerid6,customsub0out,playerid37,playerid5,playerid45,playerid8,playerid14,playerid46,longkicktakerid,playerid12,playerid2,rightcornerkicktakerid,playerid30,customsub1in,playerid15,playerid41,playerid47,playerid23,playerid16,customsub1out,leftcornerkicktakerid,playerid18,playerid4,playerid40,playerid49,customsub2out,teamid,playerid22,playerid24,playerid11,customsub2in,playerid3,captainid,playerid51,leftfreekicktakerid,playerid25,playerid33,playerid19,playerid17,playerid26,playerid50,playerid34,penaltytakerid,playerid32,freekicktakerid,playerid28,playerid21,playerid10,playerid43,playerid29
-1,220901,241651,-1,-1,234378,-1,-1,251805,-1,-1,234378,264846,-1,-1,-1,235794,222665,-1,-1,248148,-1,246669,210697,-1,234378,254796,243715,246669,-1,-1,231936,-1,-1,-1,257711,-1,234378,235790,256197,-1,-1,-1,1,225193,-1,251566,-1,232580,222665,-1,234378,-1,-1,230666,206585,-1,-1,-1,241651,-1,234378,-1,278773,207421,-1,-1
-1,202811,260247,-1,-1,200458,-1,-1,227174,-1,-1,233049,212419,-1,-1,-1,82350,236499,-1,-1,257057,-1,226162,248465,-1,200458,264209,227678,200458,-1,-1,221660,-1,-1,82968,275468,-1,227174,229906,200458,-1,-1,-1,2,80816,216393,199189,-1,241464,227678,-1,226162,236987,-1,231352,200110,210881,-1,-1,221697,-1,200458,-1,246174,221697,-1,-1
-1,74726,225748,-1,-1,225748,-1,270140,260142,-1,71956,255855,73196,-1,-1,-1,218343,212099,-1,-1,73427,-1,243371,263678,-1,225748,242946,242751,225748,278920,-1,231540,-1,-1,193910,237211,-1,225748,245766,263914,-1,-1,-1,3,70114,235770,244626,-1,241534,225748,-1,225748,266095,82914,247913,240595,256358,-1,71447,225748,82835,225748,78123,263654,270787,-1,75639
-1,202125,238368,-1,-1,221705,-1,-1,233442,-1,-1,259507,260951,-1,-1,-1,271743,221705,-1,-1,244565,-1,230864,271668,-1,221705,212366,239540,259507,-1,-1,200778,-1,-1,252878,265700,-1,221705,268927,240912,-1,-1,-1,4,275348,266842,265777,-1,244240,239540,-1,221705,270118,-1,277986,246166,74910,-1,-1,236528,-1,221705,-1,241523,236528,-1,-1
-1,228789,257534,-1,-1,257534,-1,261530,238074,-1,-1,238616,71651,-1,-1,-1,263620,247090,-1,-1,256079,-1,268438,248695,-1,257534,76687,230918,238616,-1,-1,259307,-1,-1,248158,272978,-1,247090,278813,239231,-1,-1,-1,5,275507,257126,273018,-1,222104,238074,-1,257534,262859,-1,259031,258485,266032,-1,-1,257534,-1,257534,-1,242578,252042,-1,-1
-1,204935,237386,-1,-1,237386,-1,-1,253510,-1,-1,261188,71998,-1,-1,-1,259714,193474,-1,-1,243657,-1,243282,74413,-1,237386,256402,202695,237386,-1,-1,207599,-1,-1,225650,257896,-1,243657,279497,244380,-1,-1,-1,7,180216,206517,266609,-1,247649,204935,-1,243657,-1,-1,251892,232284,-1,-1,-1,261188,-1,243657,-1,70448,276295,-1,-1
-1,193331,221479,-1,-1,248384,-1,-1,244591,-1,-1,247361,247249,-1,-1,-1,236764,235735,-1,-1,236822,-1,248384,237161,-1,248384,257191,231554,248384,-1,-1,244238,-1,-1,242656,242663,-1,236822,258906,239360,-1,-1,-1,8,208892,74145,232104,-1,229266,235735,-1,248384,203215,-1,230084,230670,-1,-1,-1,221479,-1,248384,-1,269495,242530,-1,-1
-1,212831,256630,-1,-1,236772,-1,264298,236772,-1,-1,209331,222514,-1,-1,-1,279128,239837,-1,-1,246104,-1,242516,216267,-1,236772,80376,237678,236772,-1,-1,225100,-1,-1,278292,252897,-1,256630,235805,260908,-1,-1,-1,9,271975,271977,242434,-1,203376,203376,-1,236772,247601,-1,253149,262621,233731,-1,-1,209331,-1,236772,232487,79922,257289,-1,70824
-1,230621,239085,-1,-1,237692,-1,-1,253124,-1,-1,237692,208920,-1,-1,-1,255069,218667,-1,-1,231866,-1,251570,242641,-1,237692,240638,239818,237692,-1,-1,277031,-1,-1,204246,271574,-1,237692,246420,277427,-1,-1,-1,10,76250,268737,256675,-1,241159,218667,-1,237692,251517,-1,270409,263063,207410,-1,-1,239085,-1,237692,-1,203574,241236,-1,-1
-1,254803,212198,-1,-1,212198,-1,74142,234574,-1,-1,254088,235243,-1,-1,-1,278124,269136,-1,-1,200145,-1,240243,236401,-1,212198,253306,203263,243014,-1,-1,269087,-1,-1,75439,75087,-1,212198,260592,205988,-1,-1,-1,11,238041,82853,233064,-1,239301,212198,-1,212198,82899,-1,250961,243647,163264,-1,-1,212198,-1,212198,77354,269233,243014,-1,277432
-1,242853,252796,-1,-1,218659,-1,70035,232185,-1,-1,255145,228888,-1,-1,-1,251176,253054,-1,-1,216464,-1,233487,260402,-1,218659,259268,186156,218659,82448,-1,229682,-1,-1,211009,236315,-1,253054,263522,218659,-1,-1,-1,12,262255,239358,264692,-1,262597,186156,-1,252796,279546,-1,254752,188094,72027,-1,-1,261283,-1,218659,279251,220944,261283,-1,74323
-1,203841,254022,-1,-1,241096,-1,207650,186345,-1,-1,223334,72281,-1,-1,-1,237329,246923,-1,-1,241096,-1,234742,274246,-1,186345,257470,256261,266127,-1,-1,251809,-1,-1,198039,270617,-1,241096,270519,266127,-1,-1,-1,13,163600,247851,206085,-1,198032,186345,-1,241096,210047,-1,234824,233934,262118,-1,-1,254022,-1,241096,-1,77791,242964,-1,-1
-1,199641,236015,-1,-1,254243,-1,74310,224656,-1,-1,260145,230978,-1,-1,-1,250789,254243,-1,-1,235173,-1,240740,264349,-1,254243,235642,238095,254243,-1,-1,256008,-1,-1,74242,256781,-1,254243,257980,243057,-1,-1,-1,14,216325,202750,237819,-1,278016,236015,-1,254243,71634,-1,268474,200159,192123,-1,-1,236015,-1,254243,234724,79629,79402,-1,-1
-1,250804,265412,-1,-1,243223,-1,80422,258167,-1,-1,246682,279543,-1,-1,-1,262072,243223,-1,-1,206115,-1,255594,241075,-1,243223,238490,235156,243223,-1,-1,75093,-1,-1,230774,264437,-1,243223,276561,240773,-1,-1,-1,15,276931,206218,277658,-1,193011,235156,-1,243223,252330,-1,251028,170008,257105,-1,-1,243223,-1,243223,-1,77070,279857,-1,-1
-1,277823,252066,-1,-1,269964,-1,81987,222156,-1,-1,264371,265195,-1,-1,-1,276695,266422,-1,-1,240097,-1,269964,226012,-1,269964,258930,252793,269964,80568,-1,238157,-1,-1,263953,245153,-1,269964,272497,265993,-1,-1,-1,17,279579,199576,226777,-1,202697,202697,-1,269964,202199,-1,78184,189324,182365,-1,-1,244319,-1,269964,82197,266312,244319,-1,80569
-1,240091,245367,-1,-1,243576,-1,270579,243576,-1,-1,237679,220697,-1,-1,-1,260105,270208,-1,-1,238216,-1,268421,83381,-1,243576,236480,232488,243576,-1,-1,81899,-1,-1,227535,73580,-1,243576,259868,243702,-1,-1,-1,18,245155,259583,229391,-1,264453,232488,-1,243576,237985,-1,231943,236568,272926,-1,-1,225539,-1,243576,205923,247394,225539,-1,-1
-1,246158,237712,-1,-1,270857,-1,-1,229880,-1,-1,270857,75842,-1,-1,-1,245388,236792,-1,-1,224371,-1,251954,227927,-1,270857,275102,242000,224371,-1,-1,245336,-1,-1,70230,274102,-1,251954,213956,274915,-1,-1,-1,19,268564,164835,264579,-1,229942,224371,-1,270857,-1,-1,196978,193105,-1,-1,-1,224371,-1,270857,-1,278284,264290,-1,-1
-1,167495,206113,-1,-1,202126,-1,81240,250955,-1,-1,247827,209889,-1,-1,-1,78063,275298,-1,-1,212622,-1,241084,225375,-1,212622,263765,229558,247827,-1,-1,237086,-1,-1,79317,234205,-1,212622,209658,234396,-1,-1,-1,21,186569,79318,256790,-1,213331,167495,-1,247827,82813,-1,259197,263887,82811,-1,-1,202126,-1,247827,76337,77126,202126,-1,-1
-1,235073,212194,-1,-1,212194,-1,71928,224196,-1,-1,259716,208333,-1,-1,-1,259356,246863,-1,-1,204923,-1,254117,270964,-1,259716,251852,229476,229891,-1,-1,259075,-1,-1,210772,83751,-1,229891,235407,229891,-1,-1,-1,22,278854,266906,252037,-1,247819,247819,-1,259716,212190,-1,83748,241050,73016,-1,-1,215441,-1,212194,76107,78577,215441,-1,-1
-1,235018,220876,-1,-1,220876,-1,250724,243133,-1,-1,257919,71101,-1,-1,-1,245541,262906,-1,-1,271119,-1,204497,264194,-1,220876,234943,243354,220876,-1,-1,272931,-1,-1,239367,222493,-1,220876,264702,224841,-1,-1,-1,23,70904,76031,245622,-1,221491,257919,-1,220876,264763,-1,214096,257273,80454,-1,-1,212002,-1,220876,81726,82741,212002,-1,177475
-1,262659,255185,-1,-1,212096,-1,-1,262666,-1,-1,240451,216497,-1,-1,-1,208335,276694,-1,-1,226168,-1,212096,263022,-1,212096,269705,207862,212096,-1,-1,207897,-1,-1,229692,262668,-1,212096,234875,209846,-1,-1,-1,25,199897,82862,250931,-1,231366,209846,-1,212096,84104,-1,279045,234833,244112,-1,-1,212096,-1,212096,-1,74431,259750,-1,-1
-1,206145,211891,-1,-1,270111,-1,-1,269513,-1,-1,262297,251107,-1,-1,-1,211982,243893,-1,-1,223680,-1,270111,269318,-1,270111,244109,245252,270111,-1,-1,276319,-1,-1,262840,262635,-1,270111,266109,272891,-1,-1,-1,27,75952,270110,79401,-1,245750,223680,-1,270111,211827,-1,251482,269916,-1,-1,-1,211891,-1,270111,-1,273885,251090,-1,-1
-1,212197,274944,-1,-1,232839,-1,246666,246885,-1,213134,232839,224970,-1,-1,-1,74102,276119,-1,-1,256958,-1,255036,269962,-1,232839,251961,275192,232839,82511,-1,274722,-1,-1,72319,262045,-1,232839,241928,234640,-1,-1,-1,28,256854,279101,207791,-1,236947,246885,-1,232839,73554,-1,236533,257568,279213,-1,-1,232839,-1,232839,77589,256949,266395,-1,271214
-1,244417,223755,-1,-1,223755,-1,210304,73135,-1,-1,73137,271395,-1,-1,-1,229171,269307,-1,-1,251429,-1,263343,234827,-1,73135,248434,250993,73135,269942,-1,73136,-1,-1,82698,263089,-1,73135,267844,263417,-1,-1,-1,29,242850,82700,237321,-1,79305,223755,-1,223755,243735,-1,229925,272787,263073,-1,-1,223755,-1,223755,79737,262800,264621,-1,73134
-1,224041,71178,-1,-1,252495,-1,74043,258412,-1,82767,261313,206198,-1,-1,-1,220085,251392,-1,-1,256942,-1,252495,195038,-1,252495,246814,75577,252495,218534,-1,254660,-1,-1,234727,259442,-1,252495,244390,254638,-1,-1,-1,31,242997,83078,233965,-1,258396,224041,-1,252495,82814,-1,269922,186148,71177,-1,-1,252495,248878,252495,239510,82816,235360,-1,83937
-1,204092,236786,-1,-1,210035,-1,82394,273651,-1,84354,210035,80665,-1,-1,-1,272781,231521,-1,-1,228813,-1,210324,255106,-1,210035,275029,212242,210035,82393,-1,270033,-1,-1,208618,75736,-1,228813,76416,264219,-1,-1,-1,32,81844,275028,256853,-1,247263,212242,-1,210035,237328,-1,262151,223550,211738,-1,-1,234236,-1,210035,210366,76335,234236,-1,82392
-1,210006,243932,-1,-1,200610,-1,76596,270116,-1,82832,76291,73089,-1,-1,-1,226686,238793,-1,-1,276191,-1,200610,238953,-1,238793,257144,224421,238793,78543,-1,238779,-1,-1,275414,257332,-1,238793,236675,269866,-1,-1,-1,33,241277,76594,211899,-1,251456,238793,-1,200610,83254,-1,244413,211953,238647,-1,-1,238793,79241,200610,83253,270014,233707,-1,80222
82154,203775,212240,-1,80780,212240,-1,262212,254245,-1,77344,240916,269566,-1,-1,-1,239073,262936,-1,201122,239099,-1,253102,224094,-1,212240,229472,244204,262936,82191,-1,78537,-1,-1,72965,273904,-1,262936,81991,271563,-1,-1,-1,34,237509,276979,237708,-1,225487,212240,-1,212240,76295,82190,73235,202873,72967,-1,73098,212240,72962,212240,274395,72964,180930,-1,232203
-1,223885,244176,-1,-1,250959,-1,79286,242602,-1,72553,252448,238476,-1,-1,-1,270465,250959,-1,-1,239096,-1,241925,238379,-1,250959,257073,278780,250959,81634,-1,260574,-1,-1,263573,251829,-1,250959,75056,227647,-1,-1,-1,36,266685,229584,257504,-1,239340,239096,-1,250959,275436,-1,277742,223603,258864,-1,-1,244176,79288,250959,76087,79300,238900,-1,273667
-1,268428,266183,-1,-1,239701,-1,75461,242916,-1,-1,239701,76111,-1,-1,-1,203106,261659,-1,-1,256776,-1,232711,212977,-1,239701,74566,246836,239701,74903,-1,247771,-1,-1,206591,261182,-1,239701,265749,77636,-1,-1,-1,38,231838,243350,256688,-1,237595,237595,-1,239701,79455,-1,276304,248732,79461,-1,-1,239701,-1,239701,211946,77127,256548,-1,247679
-1,235840,277954,-1,-1,277954,-1,-1,255654,-1,-1,258966,198009,-1,-1,-1,240679,247246,-1,-1,222077,-1,261050,268802,-1,222077,224422,239580,261050,-1,-1,266872,-1,-1,239763,246656,-1,277954,208574,238744,-1,-1,-1,45,251870,71000,243580,-1,231512,222077,-1,277954,205175,-1,75085,189342,246430,-1,-1,277954,-1,277954,-1,71001,243630,-1,-1
-1,224836,241390,-1,-1,216409,-1,-1,262394,-1,-1,202884,220532,-1,-1,-1,227236,237238,-1,-1,216435,-1,276706,245992,-1,216409,80283,244263,216409,-1,-1,240716,-1,-1,192985,200752,-1,241390,239679,216409,-1,-1,-1,48,217870,79270,236632,-1,243241,216435,-1,237238,192505,-1,261865,225116,-1,-1,-1,259399,-1,216409,-1,81526,259399,-1,-1
-1,271385,263229,-1,-1,252794,-1,-1,75647,-1,-1,252794,81468,-1,-1,-1,236706,253162,-1,-1,258714,-1,261539,240992,-1,258714,257972,252442,252794,-1,-1,259150,-1,-1,272687,268913,-1,258714,273884,246164,-1,-1,-1,50,270485,76121,255460,-1,278436,252442,-1,252794,275130,-1,269276,278280,275401,-1,-1,263229,-1,252794,-1,255981,235949,-1,-1
-1,230872,228251,-1,-1,265695,-1,76410,229582,-1,-1,80170,80045,-1,-1,-1,190813,250723,-1,-1,208268,-1,265695,262745,-1,228251,259608,236403,265695,-1,-1,220651,-1,-1,76172,258826,-1,228251,276680,224490,-1,-1,-1,52,232223,211110,271916,-1,229668,228251,-1,228251,79095,-1,275291,211515,242458,-1,-1,228251,-1,228251,-1,277695,231447,-1,-1
-1,235740,226093,-1,-1,211147,-1,75443,243481,-1,-1,241095,81974,-1,-1,-1,213242,266257,-1,-1,211147,-1,273932,248564,-1,211147,273883,258782,211147,-1,-1,255150,-1,-1,258507,201389,-1,211147,241007,265650,-1,-1,-1,54,278013,258683,215333,-1,219145,241095,-1,211147,248474,-1,272725,270141,76027,-1,-1,241095,-1,211147,236413,278319,216816,-1,70480
-1,257288,238067,-1,-1,243249,-1,-1,225669,-1,-1,272783,80203,-1,-1,-1,275522,214658,-1,-1,259634,-1,243249,190324,-1,243249,229973,242238,243249,-1,-1,268656,-1,-1,77558,220421,-1,243249,258615,271475,-1,-1,-1,55,80380,275647,224438,-1,261573,214658,-1,243249,76411,-1,246832,266803,-1,-1,-1,231743,-1,243249,-1,162297,231743,-1,-1
-1,205377,251170,-1,-1,242577,-1,82670,268440,-1,-1,272894,263421,-1,-1,-1,230144,238392,-1,-1,242577,-1,260100,228681,-1,242577,269745,257204,242577,-1,-1,263112,-1,-1,277644,263028,-1,242577,259205,247124,-1,-1,-1,57,80650,80647,260943,-1,277503,238392,-1,242577,80651,-1,257612,263402,80648,-1,-1,251170,-1,242577,82080,78215,239631,-1,276933
-1,178363,276022,-1,-1,74049,-1,211358,272808,-1,-1,247369,269726,-1,-1,-1,206243,240259,-1,-1,74049,-1,216524,73068,-1,247369,271010,244460,276022,80623,-1,70723,-1,-1,78404,80624,-1,276022,79929,74050,-1,-1,-1,58,79641,72101,279016,-1,262342,247369,-1,74049,83464,-1,75866,276322,82923,-1,-1,247369,-1,74049,81564,81551,248123,-1,79642
-1,204966,234799,-1,-1,234799,-1,-1,241445,-1,-1,246298,79530,-1,-1,-1,83132,225174,-1,-1,251596,-1,256314,225685,-1,234799,74139,271050,234799,-1,-1,263461,-1,-1,276760,78758,-1,234799,276029,237347,-1,-1,-1,62,74597,83603,75252,-1,71487,225174,-1,234799,72354,-1,80884,255014,257498,-1,-1,266586,-1,234799,-1,78163,266586,-1,-1
-1,271918,233866,-1,-1,204970,-1,221284,75320,-1,-1,229236,78547,-1,-1,-1,77105,208787,-1,-1,258601,-1,204970,277935,-1,204970,238463,270997,208787,-1,-1,246688,-1,-1,212491,77056,-1,204970,227232,223597,-1,-1,-1,64,75319,70005,216388,-1,235454,208787,-1,208787,74429,-1,77633,199721,176994,-1,-1,204970,-1,204970,-1,259816,212613,-1,-1
-1,239254,262088,-1,-1,262088,-1,278172,202371,-1,-1,232360,77364,-1,-1,-1,278207,190674,-1,-1,278901,-1,276048,210897,-1,262088,274447,201143,262088,-1,-1,270559,-1,-1,271317,262071,-1,231318,268738,231318,-1,-1,-1,65,80688,211398,213296,-1,269493,190674,-1,262088,246548,-1,253167,237525,73449,-1,-1,178509,-1,262088,278261,227794,178509,-1,-1
-1,263139,247050,-1,-1,265459,-1,256420,225782,-1,-1,219683,210372,-1,-1,-1,71170,265459,-1,-1,256104,-1,272505,263815,-1,265459,80067,208364,265459,-1,-1,262102,-1,-1,83214,78216,-1,265459,256970,211256,-1,-1,-1,66,220093,77093,234078,-1,225859,219683,-1,265459,276747,-1,240702,234371,82335,-1,-1,225782,-1,265459,268763,80690,276901,-1,-1
-1,70118,234239,-1,-1,234239,-1,-1,239919,-1,-1,204472,83564,-1,-1,-1,70458,252975,-1,-1,241238,-1,245131,70160,-1,234239,73485,278065,234239,-1,-1,201136,-1,-1,78584,77149,-1,234239,277979,236723,-1,-1,-1,68,235855,79609,198200,-1,214947,225293,-1,234239,75965,-1,235812,73929,261170,-1,-1,234239,-1,234239,-1,80578,225293,-1,-1
-1,190941,225663,-1,-1,275138,-1,195864,226229,-1,-1,232440,272785,-1,-1,-1,279700,275138,-1,-1,75734,-1,264862,202335,-1,232440,238227,229261,232440,-1,-1,245211,-1,-1,81663,273933,-1,275138,260779,263781,-1,-1,-1,69,274126,271661,253004,-1,235036,229261,-1,232440,75554,-1,270050,239364,75924,-1,-1,247463,-1,275138,226627,70893,247463,-1,244915
-1,255151,205686,-1,-1,205686,-1,-1,270518,-1,-1,76888,81562,-1,-1,-1,278262,277630,-1,-1,74477,-1,253036,72254,-1,205686,278571,228290,205686,-1,-1,75057,-1,-1,80295,77707,-1,205686,276787,241157,-1,-1,-1,70,80850,81426,271306,-1,208615,205686,-1,205686,272464,-1,74883,209423,-1,-1,-1,205686,-1,205686,-1,83541,223510,-1,-1
-1,199482,241130,-1,-1,258619,-1,75739,229971,-1,-1,258619,269003,-1,-1,-1,70477,263469,-1,-1,220837,-1,74473,227222,-1,258619,189271,232693,258619,-1,-1,231235,-1,-1,279130,239136,-1,258619,74475,80570,-1,-1,-1,71,79513,211250,231089,-1,83275,199482,-1,258619,75316,-1,194209,216750,74474,-1,-1,264422,-1,258619,254247,193476,264422,-1,-1
-1,204513,244892,-1,-1,239093,-1,78765,239093,-1,-1,256476,252960,-1,-1,-1,235569,244889,-1,-1,210896,-1,278187,252059,-1,239093,253157,273948,239093,274536,-1,252711,-1,-1,269164,272515,-1,239093,83396,254548,-1,-1,-1,72,75148,75925,268868,-1,158625,210896,-1,239093,82109,-1,252386,235633,76901,-1,-1,256476,-1,239093,80063,255533,260407,-1,82740
-1,240225,231443,-1,-1,255253,-1,-1,235212,-1,-1,226271,279880,-1,-1,-1,70004,255253,-1,-1,272834,-1,271421,80674,-1,252145,270673,207865,231443,-1,-1,220814,-1,-1,82991,258781,-1,231443,243780,252145,-1,-1,-1,73,279709,81659,264652,-1,256196,207865,-1,272834,78549,-1,256903,251752,-1,-1,-1,231443,-1,272834,-1,74449,247635,-1,-1
-1,204883,236518,-1,-1,261616,-1,-1,212138,-1,-1,235973,213654,-1,-1,-1,80804,259191,-1,-1,223874,-1,243631,257946,-1,212138,71114,252512,261616,-1,-1,73192,-1,-1,76534,279557,-1,261616,222357,261616,-1,-1,-1,74,82427,278903,231102,-1,251380,223874,-1,212138,-1,-1,74698,80803,-1,-1,-1,212138,-1,261616,-1,82084,70415,-1,-1
-1,270821,255434,-1,-1,263370,-1,-1,275208,-1,-1,270039,260942,-1,-1,-1,70017,263370,-1,-1,279702,-1,271940,277561,-1,263370,70020,261647,263370,-1,-1,278455,-1,-1,269262,276377,-1,263370,75318,229984,-1,-1,-1,76,269184,245865,256782,-1,257090,257090,-1,263370,-1,-1,258437,190120,-1,-1,-1,273748,-1,263370,-1,79607,273748,-1,-1
-1,225280,272648,-1,-1,257326,-1,79780,274134,-1,-1,262361,242744,-1,-1,-1,247185,257326,-1,-1,200302,-1,202282,204033,-1,200302,221552,275297,202282,-1,-1,235028,-1,-1,232642,267800,-1,202282,266891,72378,-1,-1,-1,77,266210,255557,235526,-1,238040,200302,-1,262361,279827,-1,269086,211021,236919,-1,-1,225317,-1,257326,-1,275080,225317,-1,-1
-1,163587,246919,-1,-1,243646,-1,278146,247678,-1,228174,255742,225719,-1,-1,-1,198784,211093,-1,-1,243646,-1,260397,262525,-1,243646,200630,235755,243646,79342,-1,240976,-1,-1,76125,234072,-1,243646,257877,226491,-1,-1,-1,78,264010,263561,256383,-1,246991,211093,-1,243646,257237,256107,257208,258928,246860,-1,-1,255742,261304,243646,272874,263439,246321,-1,234570
-1,198625,75767,-1,-1,227759,-1,-1,79938,-1,-1,272617,236310,-1,-1,-1,252898,264477,-1,-1,240929,-1,227759,257717,-1,227759,76575,221906,227759,-1,-1,79936,-1,-1,219621,257851,-1,240929,76053,277591,-1,-1,-1,79,254810,275876,170114,-1,78783,221906,-1,227759,240763,-1,277804,79951,-1,-1,-1,79947,-1,227759,-1,78917,79947,-1,-1
-1,202789,79274,-1,-1,264139,-1,78971,245233,-1,-1,71031,238091,-1,-1,-1,80377,238062,-1,-1,264139,-1,276211,220140,-1,264139,253111,222045,77043,-1,-1,227951,-1,-1,246006,277701,-1,264139,223663,77043,-1,-1,-1,80,83287,223747,231322,-1,227945,222045,-1,264139,219482,-1,256421,53110,257890,-1,-1,276211,-1,264139,263293,80080,80456,-1,216218
-1,228562,211221,-1,-1,243842,-1,-1,235728,-1,-1,225872,202771,-1,-1,-1,70730,270845,-1,-1,228080,-1,243842,239259,-1,227806,277657,198904,243842,-1,-1,200820,-1,-1,277993,222109,-1,225872,263853,227806,-1,-1,-1,81,276720,240653,261025,-1,248718,211221,-1,225872,262362,-1,83735,222876,-1,-1,-1,225872,-1,225872,-1,238509,277997,-1,-1
-1,211299,245174,-1,-1,244196,-1,74989,82784,-1,-1,220872,245404,-1,-1,-1,235771,246846,-1,-1,76784,-1,274934,204322,-1,244196,204275,74151,244196,-1,-1,261512,-1,-1,262079,253024,-1,220872,268434,244196,-1,-1,-1,82,238765,243963,265548,-1,277288,246846,-1,244196,216485,-1,274630,224543,271651,-1,-1,245174,-1,244196,78259,189776,242710,-1,204324
-1,77044,254136,-1,-1,241982,-1,-1,213570,-1,-1,262539,276789,-1,-1,-1,277525,241982,-1,-1,243618,-1,229163,268894,-1,229163,230846,211707,229163,-1,-1,232668,-1,-1,279025,236626,-1,241982,219684,256216,-1,-1,-1,83,199146,81676,240599,-1,255573,211707,-1,241982,257277,-1,83270,271110,-1,-1,-1,271693,-1,241982,-1,214924,271693,-1,-1
-1,203042,72159,-1,-1,195479,-1,-1,195479,-1,-1,240017,243392,-1,-1,-1,259185,252148,-1,-1,239810,-1,271716,240060,-1,195479,247447,212516,195479,-1,-1,263157,-1,-1,237640,278957,-1,195479,255928,274057,-1,-1,-1,86,243009,238071,269953,-1,263304,195479,-1,195479,253970,-1,279246,225203,-1,-1,-1,195479,-1,195479,-1,277266,270866,-1,-1
-1,273621,255206,-1,-1,274516,-1,-1,246444,-1,-1,221982,199027,-1,-1,-1,254120,237424,-1,-1,267894,-1,274516,220633,-1,274516,244767,242386,239704,-1,-1,236217,-1,-1,247385,227884,-1,274516,243589,239704,-1,-1,-1,88,246159,70780,245538,-1,252001,242386,-1,221982,-1,-1,277673,199812,-1,-1,-1,255206,-1,221982,-1,257899,197031,-1,-1
-1,188400,271066,-1,-1,262848,-1,78400,245729,-1,-1,262848,187157,-1,-1,-1,241428,202048,-1,-1,271976,-1,224842,267942,-1,262848,240863,246137,262848,-1,-1,221456,-1,-1,268410,228366,-1,262848,238336,207804,-1,-1,-1,89,264581,272673,246604,-1,215301,224842,-1,262848,275349,-1,223085,231681,74922,-1,-1,247279,-1,262848,80567,72909,247279,-1,75796
-1,224130,220139,-1,-1,215412,-1,-1,228894,-1,-1,233795,213152,-1,-1,-1,263918,234319,-1,-1,273693,-1,238460,277305,-1,215412,271974,243612,215412,-1,-1,258036,-1,-1,247022,204353,-1,228894,195037,215412,-1,-1,-1,91,272983,77743,222168,-1,221600,234319,-1,228894,76941,-1,265518,182206,-1,-1,-1,233795,-1,228894,-1,269248,274685,-1,-1
-1,248121,212167,-1,-1,212167,-1,-1,229087,-1,-1,225772,273930,-1,-1,-1,230032,251219,-1,-1,77037,-1,206565,228928,-1,212167,261897,237696,251219,-1,-1,256672,-1,-1,278708,75088,-1,212167,255980,252385,-1,-1,-1,92,73260,271028,241160,-1,236465,225772,-1,212167,206555,-1,278213,75302,-1,-1,-1,212167,-1,212167,-1,237503,192450,-1,-1
-1,206561,256051,-1,-1,246685,-1,-1,223877,-1,-1,71110,241842,-1,-1,-1,244472,233851,-1,-1,239356,-1,242908,258483,-1,246685,261336,235405,246685,-1,-1,250816,-1,-1,203751,248602,-1,242908,213418,246685,-1,-1,-1,94,152908,260798,233602,-1,235458,235405,-1,246685,173533,-1,265801,223909,-1,-1,-1,259423,-1,246685,-1,212484,259423,-1,-1
-1,239772,81539,-1,-1,267680,-1,70162,210243,-1,-1,267680,266270,-1,-1,-1,203502,241042,-1,-1,222400,-1,225783,202849,-1,254470,265514,261281,254470,-1,-1,203487,-1,-1,229901,228332,-1,222400,259762,254470,-1,-1,-1,95,73861,243587,197756,-1,270944,210243,-1,254470,267867,-1,231044,172723,82383,-1,-1,241202,-1,267680,78229,79587,241202,-1,-1
-1,246417,275347,-1,-1,276712,-1,77744,262568,-1,-1,253433,275246,-1,-1,-1,248356,251560,-1,-1,231423,-1,276712,253461,-1,252483,183540,263685,276712,266502,-1,200689,-1,-1,205347,278007,-1,252483,237916,252483,-1,-1,-1,97,76196,243373,261432,-1,216481,216481,-1,252483,239443,-1,203505,206566,70220,-1,-1,74865,-1,252483,219795,264786,74865,-1,271116
-1,263798,246350,-1,-1,199503,-1,268903,226166,-1,-1,273459,215700,-1,-1,-1,264205,269230,-1,-1,199503,-1,275048,236045,-1,199503,264293,243908,199503,-1,-1,241187,-1,-1,259987,256831,-1,199503,247335,266400,-1,-1,-1,106,71493,74917,207948,-1,240359,199503,-1,199503,262149,-1,271248,194150,274219,-1,-1,246350,-1,199503,-1,83236,251810,-1,-1
-1,220807,268630,-1,-1,213798,-1,-1,255824,-1,-1,238505,76255,-1,-1,-1,251497,213798,-1,-1,236344,-1,225668,233201,-1,213798,205970,240926,213798,-1,-1,224763,-1,-1,80852,73615,-1,268630,278286,234087,-1,-1,-1,109,76444,76203,235161,-1,204760,213798,-1,213798,81286,-1,255043,252773,-1,-1,-1,253441,-1,213798,-1,70860,253441,-1,-1
-1,212442,258911,-1,-1,261224,-1,-1,262937,-1,-1,273463,75772,-1,-1,-1,258607,240507,-1,-1,261224,-1,77593,201417,-1,261224,235456,256666,261224,-1,-1,262135,-1,-1,-1,73049,-1,77593,259170,252064,-1,-1,-1,110,198350,-1,74866,-1,237658,273463,-1,261224,-1,-1,226380,206075,-1,-1,-1,258911,-1,261224,-1,274377,221841,-1,-1
-1,-1,-1,-1,-1,-1,-1,-1,-1,-1,-1,-1,-1,-1,-1,-1,-1,-1,-1,-1,-1,-1,-1,-1,-1,-1,-1,-1,-1,-1,-1,-1,-1,-1,-1,-1,-1,-1,-1,-1,-1,-1,-1,111,-1,-1,-1,-1,-1,-1,-1,-1,-1,-1,-1,-1,-1,-1,-1,-1,-1,-1,-1,-1,-1,-1,-1
-1,-1,-1,-1,-1,-1,-1,-1,-1,-1,-1,-1,-1,-1,-1,-1,-1,-1,-1,-1,-1,-1,-1,-1,-1,-1,-1,-1,-1,-1,-1,-1,-1,-1,-1,-1,-1,-1,-1,-1,-1,-1,-1,112,-1,-1,-1,-1,-1,-1,-1,-1,-1,-1,-1,-1,-1,-1,-1,-1,-1,-1,-1,-1,-1,-1,-1
-1,209750,269950,-1,-1,240981,-1,236601,268540,-1,-1,267849,274065,-1,-1,-1,270933,240981,-1,-1,209368,-1,277995,266328,-1,240981,200781,264622,243637,-1,-1,269949,-1,-1,77297,80135,-1,240981,271626,243637,-1,-1,-1,121,75261,77298,246228,-1,223381,223381,-1,267849,77405,-1,194925,269948,74155,-1,-1,240981,-1,240981,266122,234496,254925,-1,-1
-1,256488,240715,-1,-1,242366,-1,-1,75086,-1,-1,244715,78235,-1,-1,-1,193884,242366,-1,-1,248815,-1,240865,237341,-1,242366,271065,258606,242366,-1,-1,208812,-1,-1,268886,209256,-1,242366,195126,202528,-1,-1,-1,127,83372,-1,235397,-1,224238,224238,-1,242366,-1,-1,75095,81322,-1,-1,-1,278147,-1,242366,-1,72031,278147,-1,-1
-1,264645,240345,-1,-1,225922,-1,-1,252596,-1,-1,225922,213156,-1,-1,-1,236637,263453,-1,-1,238177,-1,243044,229914,-1,225922,75839,222157,225922,-1,-1,238221,-1,-1,278290,243869,-1,225922,232174,269825,-1,-1,-1,135,232520,79593,78415,-1,263386,238177,-1,225922,78409,-1,203304,230893,229911,-1,-1,225922,-1,225922,-1,71990,226018,-1,-1
-1,204269,212513,-1,-1,235915,-1,-1,228368,-1,-1,243613,204870,-1,-1,-1,240813,235915,-1,-1,246874,-1,234497,260403,-1,235915,232519,208014,235915,-1,-1,230149,-1,-1,274479,263329,-1,235915,210108,270748,-1,-1,-1,142,270593,-1,230897,-1,257698,243613,-1,235915,-1,-1,222937,271333,-1,-1,-1,163050,-1,235915,-1,261988,163050,-1,-1
-1,271191,234099,-1,-1,233115,-1,80233,258953,-1,-1,226561,278925,-1,-1,-1,240603,233115,-1,-1,271430,-1,258724,190620,-1,233115,264478,207646,233115,-1,-1,277272,-1,-1,77391,246249,-1,233115,244559,263901,-1,-1,-1,143,74525,74169,186562,-1,231139,207646,-1,233115,271963,-1,74904,258943,80232,-1,-1,233115,-1,233115,74164,175314,271666,-1,-1
-1,192563,240273,-1,-1,220710,-1,-1,216266,-1,-1,220710,231633,-1,-1,-1,195202,236699,-1,-1,228092,-1,213655,229348,-1,236699,70786,224221,236699,-1,-1,237522,-1,-1,70571,222501,-1,236699,246172,235883,-1,-1,-1,144,278578,-1,277295,-1,241436,192563,-1,236699,-1,-1,264337,200726,-1,-1,-1,220710,-1,220710,-1,205990,204838,-1,-1
-1,258792,261861,-1,-1,204215,-1,-1,200309,-1,-1,237204,276438,-1,-1,-1,239553,225279,-1,-1,80781,-1,260723,258717,-1,237204,239799,243252,237204,-1,-1,204219,-1,-1,252754,258616,-1,80781,262879,204215,-1,-1,-1,149,274742,278896,194018,-1,203749,200309,-1,237204,245335,-1,262290,250865,279195,-1,-1,260723,-1,237204,-1,264334,262170,-1,-1
-1,257914,270403,-1,-1,231897,-1,81318,259453,-1,278871,272660,74938,-1,-1,-1,227978,252861,-1,-1,231897,-1,250946,72420,-1,231897,273771,245347,231897,260564,-1,243959,-1,-1,235288,238683,-1,231897,233472,239571,-1,-1,-1,159,233492,73953,240814,-1,203030,231897,-1,231897,82452,-1,257779,253171,80859,-1,-1,231897,-1,231897,81725,239661,245212,-1,279685
-1,200316,70037,-1,-1,224423,-1,270583,264377,-1,83844,233151,192641,-1,-1,-1,70728,274617,-1,-1,80218,-1,228614,80163,-1,224423,221753,228243,224423,80264,-1,244471,-1,-1,244087,238473,-1,224423,243970,224423,-1,-1,-1,160,244022,268920,278101,-1,264442,206606,-1,224423,80185,-1,78776,251285,81323,-1,-1,206606,-1,224423,72699,235297,206606,-1,71383
-1,234858,250763,-1,-1,224518,-1,79775,248823,-1,-1,224661,251823,-1,-1,-1,72549,76122,-1,-1,239909,-1,276195,73201,-1,224518,200754,278832,224518,-1,-1,257286,-1,-1,263874,243534,-1,224518,257009,233812,-1,-1,-1,162,244083,72758,211732,-1,79503,224661,-1,224518,223678,-1,232643,244458,75678,-1,-1,224518,-1,224518,-1,239703,224518,-1,-1
83470,270965,209504,-1,-1,209504,-1,77144,256705,-1,76066,276337,202088,-1,-1,-1,269562,83016,-1,-1,246127,-1,239097,262917,-1,209504,212192,209196,209504,82854,-1,263658,-1,-1,81730,72130,-1,276337,264223,226167,-1,-1,-1,165,259569,76065,262838,-1,278750,209504,-1,209504,277464,82777,252125,238167,80755,-1,80319,209504,219937,209504,75462,237024,276660,-1,80318
-1,262931,239744,-1,-1,239744,-1,277588,264589,-1,-1,262217,274735,-1,-1,-1,238792,221885,-1,-1,202325,-1,231614,268916,-1,239744,234711,204776,239744,-1,-1,268536,-1,-1,78130,235899,-1,239744,73133,248149,-1,-1,-1,166,206463,70951,221168,-1,256780,204776,-1,239744,75212,-1,234631,213573,204082,-1,-1,231614,-1,239744,273778,242974,259752,-1,75949
-1,199803,245940,-1,-1,225309,-1,253474,202429,-1,82128,225309,267862,-1,-1,-1,240669,73078,-1,-1,216275,-1,221671,228518,-1,225309,257075,223671,225309,276863,-1,216158,-1,-1,75280,81427,-1,225309,268259,212212,-1,-1,-1,169,224251,256127,259162,-1,198352,198352,-1,225309,234843,-1,223790,263116,266061,-1,-1,225309,-1,225309,258715,70909,233216,-1,236636
-1,256229,195262,-1,-1,256674,-1,77838,79216,-1,-1,73161,270012,-1,-1,-1,229184,245097,-1,-1,81326,-1,256674,216283,-1,256674,70768,276283,256674,-1,-1,275594,-1,-1,76968,83710,-1,256674,78541,279115,-1,-1,-1,171,79267,272658,79266,-1,258464,276283,-1,256674,276004,-1,80346,215417,246074,-1,-1,256674,-1,256674,79264,256849,80820,-1,78538
199909,228383,244261,-1,-1,206511,-1,241522,268312,-1,241629,268504,266467,-1,-1,-1,228946,206511,-1,-1,190460,-1,255272,262929,-1,206511,254566,240988,206511,259522,-1,212245,-1,-1,78753,270077,-1,206511,270013,268622,-1,-1,-1,175,256281,276634,270532,-1,241494,206511,-1,206511,234678,82735,74879,208375,82663,-1,78735,206511,82425,206511,74562,245741,264697,-1,82194
-1,242983,271425,-1,-1,231863,-1,-1,208999,-1,-1,231863,224915,-1,-1,-1,206535,268306,-1,-1,240513,-1,268888,248809,-1,231863,76712,246950,268306,-1,-1,200793,-1,-1,264269,219467,-1,231863,257303,250830,-1,-1,-1,180,275965,83662,76306,-1,278596,227758,-1,231863,77047,-1,254588,213678,-1,-1,-1,231863,-1,231863,-1,258969,227758,-1,-1
-1,237205,243639,-1,-1,269475,-1,-1,79767,-1,-1,241875,79927,-1,-1,-1,239175,240331,-1,-1,73470,-1,269475,243807,-1,241875,74161,266736,266049,-1,-1,241244,-1,-1,79928,259147,-1,266049,262584,278030,-1,-1,-1,181,74162,83666,73471,-1,79923,241875,-1,269475,72918,-1,247001,214525,-1,-1,-1,269475,-1,269475,-1,185068,266049,-1,-1
-1,189908,234671,-1,-1,242280,-1,-1,257290,-1,-1,233556,75741,-1,-1,-1,252060,242280,-1,-1,202024,-1,266500,248342,-1,240915,244634,259748,233556,-1,-1,210381,-1,-1,170320,252440,-1,240915,244270,240915,-1,-1,-1,189,278724,212404,252021,-1,231207,242280,-1,240915,269558,-1,268703,240657,-1,-1,-1,233556,-1,240915,-1,239770,267861,-1,-1
-1,215522,274445,-1,-1,260020,-1,275183,223724,-1,-1,75533,75501,-1,-1,-1,260235,246402,-1,-1,74992,-1,260876,252573,-1,260020,267881,79918,260876,-1,-1,71261,-1,-1,82763,76299,-1,260876,277119,277668,-1,-1,-1,191,75264,79917,278359,-1,71350,246402,-1,260020,261210,-1,229071,75825,70752,-1,-1,260020,-1,260020,271000,78099,260020,-1,244653
-1,276839,260456,-1,-1,260456,-1,247887,216072,-1,-1,222355,273044,-1,-1,-1,243527,205726,-1,-1,275067,-1,79090,271399,-1,205726,195272,263550,216072,-1,-1,239550,-1,-1,276940,243513,-1,216072,79086,268672,-1,-1,-1,200,278912,225128,198219,-1,248171,222355,-1,260456,80840,-1,253071,277634,80085,-1,-1,238413,-1,260456,236836,263647,238413,-1,74504
-1,269271,242755,-1,-1,242332,-1,276252,271856,-1,-1,236760,230636,-1,-1,-1,258533,242332,-1,-1,275087,-1,73379,210384,-1,242332,79093,277214,236760,-1,-1,254928,-1,-1,245560,274130,-1,242332,276804,235800,-1,-1,-1,205,80887,234894,208535,-1,250779,250779,-1,236760,271201,-1,73408,236378,275554,-1,-1,259107,-1,242332,239418,219725,259107,-1,-1
-1,215363,257104,-1,-1,273564,-1,72322,276314,-1,-1,248661,72397,-1,-1,-1,252308,212153,-1,-1,252000,-1,241937,205343,-1,252000,230065,247497,252000,-1,-1,267681,-1,-1,235875,238009,-1,252000,80861,79069,-1,-1,-1,206,273628,234795,266585,-1,235658,215363,-1,273564,223866,-1,256453,210940,255233,-1,-1,273564,-1,273564,74092,262930,273564,-1,81251
-1,268623,278730,-1,-1,259101,-1,236712,259101,-1,-1,72972,255536,-1,-1,-1,81689,276395,-1,-1,226129,-1,245058,243661,-1,259101,74115,73238,259101,-1,-1,243442,-1,-1,190589,73113,-1,259101,261293,244940,-1,-1,-1,209,81534,272942,82967,-1,252252,226129,-1,259101,263961,-1,269855,71290,274527,-1,-1,245058,-1,259101,-1,262213,251431,-1,-1
-1,241671,271384,-1,-1,231007,-1,70297,79980,-1,-1,233478,275077,-1,-1,-1,267899,231007,-1,-1,226754,-1,79981,231685,-1,231007,277901,225974,231007,-1,-1,76227,-1,-1,83206,190868,-1,231007,80384,80470,-1,-1,-1,211,72245,264424,74351,-1,74544,231007,-1,231007,244258,-1,276111,261144,277303,-1,-1,271384,-1,231007,74655,244272,279925,-1,264103
-1,206003,266099,-1,-1,266099,-1,-1,264401,-1,-1,72100,258972,-1,-1,-1,76509,213367,-1,-1,276594,-1,230686,276007,-1,266099,69997,245410,72100,-1,-1,253490,-1,-1,81514,271075,-1,266099,277216,265544,-1,-1,-1,217,275301,82993,253181,-1,242054,213367,-1,266099,250822,-1,257978,224442,277969,-1,-1,261084,-1,266099,-1,197641,261084,-1,-1
-1,215316,251806,-1,-1,246147,-1,-1,241496,-1,-1,246147,78424,-1,-1,-1,269859,213648,-1,-1,201455,-1,271400,263602,-1,246147,246297,226851,246147,-1,-1,244749,-1,-1,278095,210736,-1,246147,240787,236804,-1,-1,-1,219,82083,245854,271807,-1,242835,213648,-1,246147,74959,-1,188567,239559,-1,-1,-1,246147,-1,246147,-1,268131,240753,-1,-1
-1,200059,203486,-1,-1,203486,-1,75197,252488,-1,-1,246419,75658,-1,-1,-1,260162,261776,-1,-1,73921,-1,263558,74403,-1,203486,78261,269397,203486,77541,-1,260398,-1,-1,191627,250725,-1,203486,252936,212678,-1,-1,-1,229,70482,73291,247122,-1,252489,200059,-1,203486,208509,-1,278107,269955,239594,-1,-1,203486,-1,203486,279114,246289,251156,-1,71897
-1,255039,226537,-1,-1,199652,-1,210828,80596,-1,84372,242003,74970,-1,-1,-1,278789,199652,-1,-1,70689,-1,225653,277465,-1,199652,77626,247019,225653,195065,-1,276305,-1,-1,256944,225720,-1,225653,70941,251189,-1,-1,-1,230,188202,74372,79458,-1,260931,226537,-1,199652,256199,-1,74313,278554,77625,-1,-1,226537,-1,199652,279005,74450,272303,-1,273537
-1,222263,266895,-1,-1,200155,-1,70975,275050,-1,-1,200155,173426,-1,-1,-1,238235,262880,-1,-1,278318,-1,277426,259586,-1,278318,240683,268611,278318,-1,-1,268618,-1,-1,223933,73257,-1,278318,256948,71305,-1,-1,-1,231,271917,77170,260577,-1,212204,200155,-1,200155,278995,-1,275051,258555,278499,-1,-1,200155,-1,200155,264869,262219,276256,-1,74364
-1,262265,239323,-1,-1,238409,-1,80817,238409,-1,257210,268519,215970,-1,-1,-1,272776,220782,-1,-1,210739,-1,257112,260586,-1,238409,262024,270700,238409,222636,-1,248694,-1,-1,270973,262141,-1,238409,234740,243887,-1,-1,-1,232,76034,276704,248784,-1,239011,238409,-1,238409,244309,-1,263703,223957,75945,-1,-1,268519,-1,238409,235729,80182,231835,-1,236454
-1,250753,216547,-1,-1,231913,-1,79687,257345,-1,70283,231913,83402,-1,-1,-1,259913,246871,-1,-1,262881,-1,260952,245253,-1,231913,231416,270086,231913,72267,-1,266096,-1,-1,266905,245235,-1,231913,269292,277252,-1,-1,-1,234,70289,79608,74896,-1,192366,192366,-1,231913,274105,82744,211368,270060,77336,-1,83401,229188,82432,231913,79686,79690,229188,-1,80313
-1,234577,278587,-1,-1,258729,-1,231826,270674,-1,-1,258729,271300,-1,-1,-1,72997,279015,-1,-1,260599,-1,238896,75754,-1,258729,255000,220570,258729,-1,-1,164240,-1,-1,80847,72093,-1,258729,216320,251615,-1,-1,-1,236,244206,231474,77033,-1,265693,234577,-1,258729,81515,-1,235134,198513,77692,-1,-1,260599,-1,258729,277581,251528,252929,-1,189805
-1,210385,244778,-1,-1,244778,-1,279703,266253,-1,82948,266097,75150,-1,-1,-1,279044,242087,-1,-1,244669,-1,240950,260813,-1,240950,254262,270531,244778,82947,-1,252144,-1,-1,252143,255634,-1,240950,71176,254817,-1,-1,-1,237,72754,79547,258015,-1,257179,244669,-1,240950,79771,-1,227890,237704,270865,-1,-1,240950,-1,240950,82746,240020,245158,-1,77547
-1,200389,216549,-1,-1,257279,-1,279569,226161,-1,-1,193747,220440,-1,-1,-1,259516,272449,-1,-1,253396,-1,257279,240690,-1,246191,230899,266039,246191,-1,-1,216460,-1,-1,274208,233486,-1,257279,245371,259584,-1,-1,-1,240,233084,82936,194765,-1,247103,193747,-1,246191,74108,-1,278523,214979,80673,-1,-1,246191,-1,246191,-1,263701,246191,-1,-1
-1,259532,277179,-1,-1,233419,-1,213661,241486,-1,-1,277643,272600,-1,-1,-1,244260,251854,-1,-1,228702,-1,233419,74463,-1,233419,231677,278046,233419,-1,-1,210514,-1,-1,75068,74462,-1,277179,253163,263578,-1,-1,-1,241,75156,277908,188545,-1,245037,233419,-1,233419,82439,-1,265600,186153,80663,-1,-1,277643,-1,233419,-1,264240,241461,-1,-1
-1,236515,260463,-1,-1,264492,-1,75660,269228,-1,-1,278035,192679,-1,-1,-1,260144,250997,-1,-1,260877,-1,264492,198023,-1,260463,203733,268082,264492,-1,-1,266159,-1,-1,279897,278001,-1,264492,243200,255580,-1,-1,-1,242,204280,73934,277069,-1,239403,260877,-1,264492,82172,-1,245157,212453,81414,-1,-1,264492,-1,264492,82751,251599,262398,-1,-1
-1,192119,231747,-1,-1,264309,-1,75747,231281,-1,243812,241637,82756,-1,-1,-1,231410,239053,-1,-1,264309,-1,252371,279173,-1,239053,248243,205452,264309,278394,-1,204963,-1,-1,84290,75605,-1,264309,228618,268889,-1,-1,-1,243,246606,272503,278399,-1,278349,239053,-1,264309,83235,240130,197445,243952,75572,-1,-1,231747,222509,264309,75239,80807,238794,-1,77851
-1,205849,251922,-1,-1,265671,-1,79612,256341,-1,241775,248710,78926,-1,-1,-1,245894,225204,-1,-1,246947,-1,219774,241588,-1,265671,237184,244135,265671,277267,-1,77644,-1,-1,81491,278530,-1,265671,246351,265671,-1,-1,-1,244,233591,230623,243315,-1,238446,256341,-1,265671,279653,271669,207431,253216,71279,-1,79478,251922,257133,265671,70834,241827,211068,-1,270652
-1,236571,223689,-1,-1,76944,-1,83560,272357,-1,81845,77152,253399,-1,-1,-1,262218,203483,-1,-1,265390,-1,76944,71351,-1,76944,274288,256325,76944,82736,-1,232938,-1,-1,75690,233152,-1,76944,279841,236572,-1,-1,-1,245,76116,83168,200260,-1,264220,203483,-1,76944,75816,253428,228687,80146,77814,-1,227813,223689,82789,76944,82106,269153,258378,-1,82426
199813,223686,252162,-1,263773,70726,-1,81896,262790,-1,75652,262221,234686,-1,-1,-1,271266,239778,-1,275153,228010,-1,70726,226853,-1,70726,75535,236524,70726,83075,-1,226662,-1,-1,229114,257502,-1,228010,277482,260521,-1,-1,-1,246,73964,82332,266453,-1,246826,223686,-1,70726,77365,263603,257920,241076,277928,-1,82333,262790,244728,70726,77664,79338,202652,-1,82840
-1,242948,235663,-1,-1,253109,-1,224241,260930,-1,-1,259480,81320,-1,-1,-1,270633,266237,-1,-1,253109,-1,239978,278661,-1,253109,269823,235149,253109,-1,-1,268728,-1,-1,83176,74878,-1,253109,239956,241509,-1,-1,-1,247,80352,75139,258753,-1,241171,235149,-1,253109,83177,-1,251223,272769,251804,-1,-1,181458,-1,253109,275592,82839,181458,-1,206467
-1,262944,271092,-1,-1,213301,-1,-1,252873,-1,-1,242628,80357,-1,-1,-1,239394,256544,-1,-1,213301,-1,269512,263464,-1,213301,277941,77524,269512,-1,-1,271658,-1,-1,79930,77161,-1,269512,235416,247782,-1,-1,-1,252,72271,-1,246946,-1,273935,213301,-1,213301,-1,-1,263702,223868,-1,-1,-1,213301,-1,213301,-1,76108,239901,-1,-1
-1,256938,194017,-1,-1,275638,-1,84004,263233,-1,210489,275638,73750,-1,-1,-1,240285,265738,-1,-1,239091,-1,74980,266543,-1,263233,246009,275918,275638,80467,-1,75045,-1,-1,71439,72722,-1,275638,255420,231874,-1,-1,-1,254,244795,251873,277501,-1,251167,275638,-1,275638,79920,-1,255839,235820,77096,-1,-1,275638,79428,275638,263046,74369,247025,-1,242603
-1,193272,72163,-1,-1,244941,-1,263844,239090,-1,-1,261063,219657,-1,-1,-1,244599,254871,-1,-1,72975,-1,244941,73666,-1,261063,74505,189060,72163,265579,-1,79271,-1,-1,82761,78136,-1,72163,74355,215368,-1,-1,-1,256,83831,239708,257043,-1,237570,244941,-1,244941,74306,-1,248470,239410,241536,-1,-1,234399,-1,244941,264821,81748,234399,-1,266618
-1,263057,76461,-1,-1,230988,-1,-1,275238,-1,-1,272346,250939,-1,-1,-1,270680,230988,-1,-1,246352,-1,274554,225054,-1,230988,74626,251343,279188,-1,-1,231527,-1,-1,81847,80405,-1,230988,227584,279188,-1,-1,-1,263,72384,74070,205855,-1,80216,230988,-1,230988,235673,-1,257831,242288,-1,-1,-1,76461,-1,230988,-1,278759,220018,-1,-1
-1,252179,244793,-1,-1,253727,-1,83019,251116,-1,-1,204125,244467,-1,-1,-1,76098,245209,-1,-1,254909,-1,253727,263287,-1,253727,269456,255687,253727,-1,-1,73457,-1,-1,247030,81573,-1,253727,267594,269509,-1,-1,-1,266,241186,242635,81381,-1,73456,204125,-1,253727,74742,-1,248169,221909,73254,-1,-1,244793,-1,253727,72632,74877,274906,-1,-1
-1,231237,277565,-1,-1,232446,-1,-1,76864,-1,-1,266374,268460,-1,-1,-1,237840,232446,-1,-1,263823,-1,72656,247643,-1,232446,83200,221024,232446,-1,-1,232526,-1,-1,256728,199323,-1,232446,81785,203605,-1,-1,-1,267,259027,242271,261971,-1,275241,227562,-1,232446,262794,-1,257536,276347,-1,-1,-1,227562,-1,232446,-1,76097,227562,-1,-1
-1,228505,243876,-1,-1,233178,-1,-1,219814,-1,-1,77092,256427,-1,-1,-1,77393,272596,-1,-1,243222,-1,251356,212121,-1,233178,172522,250851,233178,-1,-1,251908,-1,-1,215693,264515,-1,233178,257157,233178,-1,-1,-1,269,225793,82146,77394,-1,245900,251356,-1,233178,82145,-1,79557,271112,82147,-1,-1,239015,-1,233178,-1,225948,239015,-1,-1
-1,200209,262538,-1,-1,271320,-1,-1,213835,-1,-1,243891,73644,-1,-1,-1,264670,264517,-1,-1,278363,-1,243666,73641,-1,236875,216286,257036,271320,-1,-1,73988,-1,-1,79957,257628,-1,243666,247658,236875,-1,-1,-1,270,252737,79956,267783,-1,266890,200209,-1,236875,79551,-1,262537,265179,83799,-1,-1,271320,-1,271320,-1,262588,271320,-1,-1
-1,132740,191083,-1,-1,253409,-1,-1,238222,-1,-1,253409,243886,-1,-1,-1,213530,248175,-1,-1,243539,-1,256746,260149,-1,238222,77729,190633,253409,-1,-1,231828,-1,-1,78906,261670,-1,238222,79548,250854,-1,-1,-1,271,81762,-1,250855,-1,253472,191083,-1,253409,-1,-1,232225,240489,-1,-1,-1,251201,-1,253409,-1,268506,251201,-1,-1
-1,220584,276272,-1,-1,239981,-1,263310,232311,-1,-1,81291,184040,-1,-1,-1,79549,201303,-1,-1,271079,-1,239981,198538,-1,239981,248493,224426,239981,-1,-1,256855,-1,-1,79553,78630,-1,239981,81296,242712,-1,-1,-1,272,81623,82787,274264,-1,78629,201303,-1,239981,204193,-1,70125,262056,256741,-1,-1,239981,-1,239981,-1,78632,230561,-1,-1
-1,212151,232432,-1,-1,208224,-1,232212,255541,-1,-1,224574,230564,-1,-1,-1,220969,208224,-1,-1,243525,-1,239028,204152,-1,255541,212814,228732,243525,-1,-1,279509,-1,-1,211522,199206,-1,243525,232099,279064,-1,-1,-1,278,81713,79262,278660,-1,263897,208224,-1,208224,233917,-1,235813,210358,82893,-1,-1,232432,-1,208224,78469,193061,236510,-1,79916
-1,252552,243686,-1,-1,243686,-1,-1,212091,-1,-1,227055,82424,-1,-1,-1,216194,73884,-1,-1,255971,-1,226766,278025,-1,227055,231887,234986,227055,-1,-1,251942,-1,-1,74697,246679,-1,227055,271461,242287,-1,-1,-1,280,74085,215399,270983,-1,257368,234986,-1,243686,79111,-1,241788,240493,276998,-1,-1,243586,-1,243686,-1,262109,243586,-1,-1
-1,224068,76616,-1,-1,73085,-1,72310,277354,-1,228255,73085,264079,-1,-1,-1,81340,72138,-1,-1,277356,-1,266272,248584,-1,73085,246329,215708,73085,248408,-1,278282,-1,-1,82157,80538,-1,73085,80542,74510,-1,-1,-1,294,193683,83604,209430,-1,257019,215708,-1,73085,74589,-1,263250,201138,80541,-1,-1,73085,-1,73085,74507,80846,74618,-1,256788
-1,243158,215817,-1,-1,215817,-1,75672,198657,-1,-1,204612,80447,-1,-1,-1,223255,246757,-1,-1,70628,-1,255464,245684,-1,241726,213777,258920,204612,-1,-1,71868,-1,-1,266875,267601,-1,255464,73447,241726,-1,-1,-1,298,72599,78924,278753,-1,70693,204612,-1,241726,72409,-1,277510,248283,272322,-1,-1,215817,-1,241726,73126,75193,245537,-1,-1
-1,186508,271265,-1,-1,205214,-1,-1,257072,-1,-1,246100,77749,-1,-1,-1,247754,205214,-1,-1,254142,-1,73381,243347,-1,205214,246390,256435,254142,-1,-1,256040,-1,-1,70948,279217,-1,205214,73262,209335,-1,-1,-1,300,201888,72277,262860,-1,235532,205214,-1,205214,-1,-1,271467,83626,-1,-1,-1,205214,-1,205214,-1,214650,245384,-1,-1
-1,215502,269632,-1,-1,269632,-1,-1,244891,-1,-1,251143,258608,-1,-1,-1,259456,217605,-1,-1,269616,-1,254084,262938,-1,269632,261400,243185,269632,-1,-1,243080,-1,-1,73048,278628,-1,269632,256894,72907,-1,-1,-1,301,201114,276354,257473,-1,269507,244891,-1,269632,76971,-1,234683,72923,-1,-1,-1,241921,-1,269632,-1,81342,241921,-1,-1
-1,241052,251454,-1,-1,252758,-1,-1,253760,-1,-1,255621,278864,-1,-1,-1,230081,227679,-1,-1,252758,-1,250815,75586,-1,252758,261420,252476,252758,-1,-1,243596,-1,-1,83752,272877,-1,252758,279520,227288,-1,-1,-1,305,251283,82729,267768,-1,235704,252758,-1,252758,76714,-1,75527,274269,269954,-1,-1,252758,-1,252758,-1,82997,71141,-1,-1
-1,237927,71919,-1,-1,218744,-1,72106,233056,-1,-1,77506,198543,-1,-1,-1,229249,218744,-1,-1,257775,-1,83559,243163,-1,218744,236364,202014,218744,240978,-1,248723,-1,-1,221534,231303,-1,218744,193768,273573,-1,-1,-1,306,277532,277853,78949,-1,277852,202014,-1,218744,207491,-1,231926,77335,227570,-1,-1,183544,-1,218744,271556,192546,183544,-1,80227
-1,248054,78676,-1,-1,243000,-1,-1,248040,-1,-1,243000,256271,-1,-1,-1,274397,243019,-1,-1,70195,-1,251880,276452,-1,243000,243001,79427,243000,-1,-1,229251,-1,-1,242870,248041,-1,243000,221336,72817,-1,-1,-1,308,205942,75478,255969,-1,243023,243000,-1,243000,76427,-1,266564,79620,73396,-1,-1,243000,-1,243000,-1,273803,269731,-1,-1
-1,251036,242640,-1,-1,248049,-1,79004,223229,-1,-1,237378,83503,-1,-1,-1,257805,248680,-1,-1,264696,-1,248049,241812,-1,248049,227706,237630,248049,-1,-1,271620,-1,-1,70249,253076,-1,248049,78778,270863,-1,-1,-1,310,75978,72641,241278,-1,246563,248049,-1,248049,243918,-1,262728,213649,79006,-1,-1,248049,-1,248049,-1,273678,242494,-1,-1
-1,275079,256799,-1,-1,71994,-1,-1,271031,-1,-1,228863,265486,-1,-1,-1,259290,258679,-1,-1,277807,-1,275056,238286,-1,258679,235670,74426,71994,-1,-1,222328,-1,-1,270575,82867,-1,228863,71722,71994,-1,-1,-1,319,84022,246776,77606,-1,238270,238270,-1,228863,-1,-1,272968,222471,-1,-1,-1,256799,-1,228863,-1,243788,74674,-1,-1
-1,207557,226430,-1,-1,273694,-1,-1,193133,-1,-1,265696,242159,-1,-1,-1,271923,71996,-1,-1,277751,-1,260972,79527,-1,265696,233546,194201,265696,-1,-1,71729,-1,-1,76878,257158,-1,265696,238196,273694,-1,-1,-1,320,220649,78941,199792,-1,243833,194201,-1,265696,82151,-1,239125,164484,-1,-1,-1,275062,-1,273694,-1,83573,275062,-1,-1
-1,242200,270368,-1,-1,204348,-1,-1,256380,-1,-1,262911,76871,-1,-1,-1,78665,204348,-1,-1,235516,-1,76874,260990,-1,204348,77763,259990,204348,-1,-1,76876,-1,-1,277310,77762,-1,204348,209064,76860,-1,-1,-1,321,273593,-1,270718,-1,212417,204348,-1,204348,-1,-1,81260,73986,-1,-1,-1,270368,-1,204348,-1,78571,266113,-1,-1
-1,270038,265793,-1,-1,277540,-1,79654,83804,-1,-1,276644,238988,-1,-1,-1,74643,251281,-1,-1,277540,-1,72246,81865,-1,277540,75526,276170,277540,-1,-1,79651,-1,-1,75524,250805,-1,277540,242759,279669,-1,-1,-1,322,259083,213323,261490,-1,83043,270038,-1,277540,269497,-1,255258,272383,80111,-1,-1,208159,-1,277540,199282,271638,208159,-1,73193
-1,189021,229448,-1,-1,206254,-1,83944,234138,-1,-1,212939,82355,-1,-1,-1,240544,244399,-1,-1,206254,-1,257083,245017,-1,206254,236721,252527,206254,-1,-1,224821,-1,-1,73377,234856,-1,206254,239740,73846,-1,-1,-1,324,80265,235565,244185,-1,237181,244399,-1,206254,82454,-1,82208,80267,206307,-1,-1,206254,-1,206254,-1,81688,245218,-1,-1
-1,226300,239892,-1,-1,222492,-1,-1,234171,-1,-1,222492,248266,-1,-1,-1,270571,212811,-1,-1,223959,-1,239380,252802,-1,223959,186942,220793,212811,-1,-1,252293,-1,-1,245762,207790,-1,222492,263205,259754,-1,-1,-1,325,237232,83745,201399,-1,229905,229905,-1,222492,279882,-1,271464,211908,78160,-1,-1,232293,-1,222492,-1,70253,232293,-1,-1
-1,210257,220834,-1,-1,258580,-1,-1,227928,-1,-1,258165,80731,-1,-1,-1,209297,215914,-1,-1,236496,-1,258580,260466,-1,220834,260236,232363,258580,-1,-1,232119,-1,-1,78957,262968,-1,258580,235844,252544,-1,-1,-1,326,252799,-1,264001,-1,258168,232363,-1,220834,-1,-1,243526,190113,-1,-1,-1,212523,-1,220834,-1,277485,212523,-1,-1
-1,245370,266897,-1,-1,243245,-1,-1,237841,-1,-1,264699,254296,-1,-1,-1,269421,216860,-1,-1,226790,-1,243245,216814,-1,243245,235889,258575,243245,-1,-1,252339,-1,-1,278999,263808,-1,243245,229167,252208,-1,-1,-1,327,258511,81588,255529,-1,256033,243245,-1,243245,193945,-1,232144,233189,271362,-1,-1,243245,-1,243245,-1,72315,248712,-1,-1
-1,210676,277840,-1,-1,246431,-1,266848,271539,-1,-1,253139,278623,-1,-1,-1,271197,230107,-1,-1,243787,-1,246431,271198,-1,246431,265732,275783,246431,-1,-1,247668,-1,-1,263949,259299,-1,246431,247528,244717,-1,-1,-1,347,80006,80606,273915,-1,70555,210676,-1,246431,263657,-1,279202,235266,80604,-1,-1,268511,-1,246431,246649,270888,268511,-1,-1
-1,268583,234241,-1,-1,245903,-1,78304,235773,-1,-1,250823,188166,-1,-1,-1,206558,213665,-1,-1,270376,-1,245903,254113,-1,245903,238059,228997,245903,-1,-1,200731,-1,-1,71166,209315,-1,245903,206562,237175,-1,-1,-1,361,248740,256164,216155,-1,211217,235773,-1,245903,76986,-1,270455,241525,279183,-1,-1,205255,-1,245903,-1,243845,205255,-1,-1
-1,239203,267702,-1,-1,204105,-1,-1,204105,-1,-1,231612,76035,-1,-1,-1,77829,244480,-1,-1,252541,-1,248573,261495,-1,231612,274692,215410,231612,-1,-1,260237,-1,-1,-1,279573,-1,231612,237960,263908,-1,-1,-1,378,74884,-1,227234,-1,271691,215410,-1,231612,-1,-1,271689,235413,-1,-1,-1,231612,-1,204105,-1,74425,219733,-1,-1
-1,72022,77712,-1,-1,242914,-1,-1,245084,-1,-1,258196,246459,-1,-1,-1,260195,259316,-1,-1,76760,-1,242914,76449,-1,242914,70011,72250,259316,-1,-1,272930,-1,-1,253073,80902,-1,242914,80238,226103,-1,-1,-1,379,79531,-1,277659,-1,199393,199393,-1,242914,-1,-1,277578,231105,-1,-1,-1,242914,-1,242914,-1,277855,76246,-1,-1
-1,72390,269149,-1,-1,253094,-1,79425,201240,-1,-1,238958,277007,-1,-1,-1,224017,239504,-1,-1,250786,-1,253094,240323,-1,253094,220045,83543,253094,-1,-1,259186,-1,-1,171923,205159,-1,253094,204860,273898,-1,-1,-1,381,222878,74359,221953,-1,187154,187154,-1,253094,77742,-1,264445,262559,205655,-1,-1,203500,-1,253094,-1,266827,203500,-1,-1
-1,230182,230269,-1,-1,230241,-1,-1,236112,-1,-1,230425,-1,-1,-1,-1,230480,230373,-1,-1,230331,-1,230402,230439,-1,230241,230427,230229,230269,-1,-1,230353,-1,-1,-1,230282,-1,230269,230248,230241,-1,-1,-1,383,-1,-1,230501,-1,236109,230182,-1,230241,-1,-1,230371,230185,-1,-1,-1,230440,-1,230241,-1,-1,230440,-1,-1
-1,236583,259633,-1,-1,237520,-1,75047,224263,-1,-1,220746,231588,-1,-1,-1,208053,237520,-1,-1,205391,-1,188803,226508,-1,188803,264330,210136,205391,79689,-1,233493,-1,-1,195086,245566,-1,220746,79764,209620,-1,-1,-1,393,271477,79706,245977,-1,253136,220746,-1,210136,75895,-1,200094,276591,72884,-1,-1,237520,-1,237520,79761,252931,239842,-1,221605
-1,246753,267685,-1,-1,246063,-1,82715,198599,-1,78054,211365,262814,-1,-1,-1,70328,244692,-1,-1,201877,-1,247534,236634,-1,246063,279541,223253,246063,78573,-1,244056,-1,-1,83377,256384,-1,246063,278710,77951,-1,-1,-1,417,273893,80263,188091,-1,241737,198599,-1,246063,77083,-1,276567,269971,78034,-1,-1,246063,-1,246063,81764,219990,246063,-1,78441
-1,207633,77585,-1,-1,274979,-1,-1,246291,-1,-1,260000,277238,-1,-1,-1,278752,177279,-1,-1,70330,-1,274979,83187,-1,260000,255835,267690,177279,-1,-1,239955,-1,-1,-1,278707,-1,260000,78938,78049,-1,-1,-1,418,-1,-1,83728,-1,71864,177279,-1,260000,-1,-1,279738,77651,-1,-1,-1,73635,-1,260000,-1,-1,73635,-1,-1
-1,276518,72588,-1,-1,225996,-1,-1,239808,-1,-1,223307,150516,-1,-1,-1,276877,271984,-1,-1,255343,-1,270046,71451,-1,225996,244550,236304,225996,-1,-1,263262,-1,-1,278825,204687,-1,225996,257396,225996,-1,-1,-1,420,274710,79085,241689,-1,201132,225996,-1,225996,80092,-1,83171,224761,-1,-1,-1,223307,-1,225996,-1,220230,246954,-1,-1
-1,271667,221810,-1,-1,200900,-1,-1,248429,-1,-1,182156,-1,-1,-1,-1,279145,200900,-1,-1,77436,-1,277345,76419,-1,200900,80219,225873,200900,-1,-1,77435,-1,-1,-1,260018,-1,200900,-1,77430,-1,-1,-1,422,-1,-1,276814,-1,227948,212223,-1,200900,-1,-1,-1,77434,-1,-1,-1,212223,-1,200900,-1,-1,212223,-1,-1
-1,244191,243427,-1,-1,251262,-1,-1,261277,-1,-1,251262,227182,-1,-1,-1,230847,242230,-1,-1,263098,-1,247000,259472,-1,251262,202819,246079,251262,-1,-1,253943,-1,-1,242984,251178,-1,251262,254138,70744,-1,-1,-1,423,71490,-1,237863,-1,211978,246079,-1,251262,-1,-1,83524,208697,-1,-1,-1,243427,-1,251262,-1,276749,239642,-1,-1
-1,192129,220198,-1,-1,272566,-1,81630,225273,-1,-1,273858,80314,-1,-1,-1,240677,272514,-1,-1,262224,-1,272566,272656,-1,272566,276189,253104,272566,-1,-1,79251,-1,-1,79997,76667,-1,272566,72190,272918,-1,-1,-1,433,81462,74629,234066,-1,226583,226583,-1,272566,76875,-1,79250,228355,80638,-1,-1,79805,-1,272566,71306,251652,79805,-1,76873
-1,226753,279930,-1,-1,261195,-1,-1,276909,-1,-1,237055,78970,-1,-1,-1,230624,276946,-1,-1,74735,-1,261195,205201,-1,237055,241771,74981,237055,-1,-1,223154,-1,-1,78027,204639,-1,237055,264294,244486,-1,-1,-1,436,75342,-1,205678,-1,74295,226753,-1,261195,-1,-1,271452,279001,-1,-1,-1,237055,-1,261195,-1,70552,212382,-1,-1
-1,277904,261276,-1,-1,210263,-1,-1,274636,-1,-1,227082,221167,-1,-1,-1,244655,198489,-1,-1,201901,-1,210263,279568,-1,210263,246136,251416,210263,-1,-1,235650,-1,-1,237975,238260,-1,198489,247166,237933,-1,-1,-1,445,74353,242229,229921,-1,228134,210263,-1,210263,201346,-1,83480,83747,-1,-1,-1,210263,-1,210263,-1,277023,277353,-1,-1
-1,230869,244675,-1,-1,279604,-1,82517,239614,-1,-1,216201,259422,-1,-1,-1,146947,279604,-1,-1,205157,-1,256516,277708,-1,279604,253130,248550,256516,278408,-1,259524,-1,-1,82124,241049,-1,279604,74317,183512,-1,-1,-1,448,78550,79582,225201,-1,212218,216201,-1,279604,82180,-1,225523,271034,81637,-1,-1,256516,-1,279604,76945,70344,231184,-1,263617
-1,246657,237034,-1,-1,226456,-1,272487,241867,-1,-1,246608,76740,-1,-1,-1,252324,226456,-1,-1,235945,-1,255475,212602,-1,226456,276471,198141,226456,224158,-1,203747,-1,-1,194911,241184,-1,226456,267860,193352,-1,-1,-1,449,76739,74717,198951,-1,277537,198141,-1,226456,76420,-1,267430,221087,80806,-1,-1,237034,-1,226456,226226,228520,264432,-1,197781
-1,234102,263227,-1,-1,192638,-1,72425,279027,-1,-1,259694,265800,-1,-1,-1,264095,259233,-1,-1,277029,-1,75628,276745,-1,259694,266331,220821,259694,-1,-1,72426,-1,-1,83212,230021,-1,259694,270860,252866,-1,-1,-1,450,219985,262140,192629,-1,192638,220821,-1,192638,223061,-1,272453,222572,264167,-1,-1,224179,-1,192638,240223,80666,224179,-1,84238
-1,227290,229862,-1,-1,229862,-1,-1,261654,-1,-1,257063,258684,-1,-1,-1,259521,244407,-1,-1,260546,-1,225926,263133,-1,229862,258949,240289,229862,-1,-1,233884,-1,-1,244622,263575,-1,229862,262479,270728,-1,-1,-1,452,279605,-1,192678,-1,192816,192816,-1,229862,-1,-1,246457,258948,-1,-1,-1,263676,-1,229862,-1,243431,263676,-1,-1
-1,258466,202648,-1,-1,202648,-1,-1,221342,-1,-1,270206,278392,-1,-1,-1,267976,208620,-1,-1,255566,-1,80915,252909,-1,202648,241856,219585,202648,-1,-1,245426,-1,-1,74481,248820,-1,202648,232008,214026,-1,-1,-1,453,259011,146952,232610,-1,228805,228805,-1,214026,275024,-1,202716,261375,74716,-1,-1,223710,-1,202648,-1,264110,223710,-1,-1
-1,225395,75263,-1,-1,243792,-1,80709,269197,-1,-1,246044,273827,-1,-1,-1,216376,254005,-1,-1,262501,-1,243792,265731,-1,243792,83090,277597,243792,-1,-1,75632,-1,-1,279112,255406,-1,243792,74881,74606,-1,-1,-1,456,80659,83120,269639,-1,246455,254005,-1,243792,75378,-1,274080,80005,82954,-1,-1,243792,-1,243792,74624,243155,193794,-1,223578
-1,227127,246672,-1,-1,235944,-1,-1,259848,-1,-1,235944,226221,-1,-1,-1,262510,224411,-1,-1,74091,-1,234153,272455,-1,241811,234060,277225,241811,-1,-1,246748,-1,-1,262513,225263,-1,234153,258775,241811,-1,-1,-1,457,74913,237681,269186,-1,233738,230142,-1,234153,-1,-1,264701,265520,-1,-1,-1,230142,-1,235944,-1,234035,230142,-1,-1
-1,219836,243491,-1,-1,243491,-1,80752,256080,-1,-1,263883,74608,-1,-1,-1,265560,229207,-1,-1,264838,-1,256885,237442,-1,243491,77717,236573,243491,74746,-1,258766,-1,-1,72028,228716,-1,243491,228326,271805,-1,-1,-1,459,238220,82118,273610,-1,243449,219836,-1,224428,245021,-1,82117,245601,78731,-1,-1,224428,-1,224428,71797,264506,224428,-1,277894
-1,211348,246258,-1,-1,224415,-1,263396,247832,-1,-1,243134,247729,-1,-1,-1,230786,236657,-1,-1,225659,-1,224415,266436,-1,236657,264238,240900,224415,203177,-1,265726,-1,-1,266031,260082,-1,224415,236276,211688,-1,-1,-1,461,215256,80683,243032,-1,233885,211688,-1,236657,78669,-1,219792,241179,279868,-1,-1,243134,-1,236657,263880,241463,231627,-1,230578
-1,278395,271682,-1,-1,258769,-1,78366,231280,-1,256159,262581,260264,-1,-1,-1,224013,258769,-1,-1,266136,-1,262585,260923,-1,258769,242655,263393,258769,236466,-1,78642,-1,-1,80721,72107,-1,258769,271267,264440,-1,-1,-1,462,82252,278008,253152,-1,270879,271682,-1,258769,277930,-1,233631,270529,75565,-1,-1,271682,84268,258769,80812,278524,252084,-1,204876
-1,222464,234826,-1,-1,233113,-1,-1,210455,-1,-1,264160,238126,-1,-1,-1,240458,261987,-1,-1,264842,-1,233113,76768,-1,233113,205192,240953,233113,-1,-1,279109,-1,-1,277814,81776,-1,233113,270834,278003,-1,-1,-1,463,70183,81738,259747,-1,255854,261987,-1,222041,78858,-1,244948,186680,-1,-1,-1,222041,-1,233113,-1,221639,222041,-1,-1
-1,259362,264665,-1,-1,199986,-1,80277,254913,-1,-1,244197,271037,-1,-1,-1,255268,241489,-1,-1,275126,-1,73561,277719,-1,199986,229765,271438,275126,-1,-1,205069,-1,-1,237206,234731,-1,275126,264195,71912,-1,-1,-1,467,78933,78159,199158,-1,199986,199986,-1,199986,80576,-1,229517,264170,79487,-1,-1,244197,-1,199986,80276,254003,233231,-1,-1
-1,246139,228941,-1,-1,254860,-1,279200,259173,-1,-1,235522,269622,-1,-1,-1,244393,270109,-1,-1,239671,-1,254860,246113,-1,259173,71013,261264,254860,-1,-1,248559,-1,-1,83277,260083,-1,270109,229667,246809,-1,-1,-1,468,269250,264116,231628,-1,206222,206222,-1,270109,80749,-1,231436,207935,75568,-1,-1,228941,-1,254860,278923,279035,272445,-1,-1
-1,244262,198164,-1,-1,252079,-1,76546,258922,-1,78859,278096,234350,-1,-1,-1,247136,243478,-1,-1,252079,-1,272430,278400,-1,252079,217731,259581,252079,234779,-1,278403,-1,-1,242489,272305,-1,252079,269224,244394,-1,-1,-1,472,229699,74371,265194,-1,266160,258922,-1,252079,70334,-1,251337,277239,278872,-1,-1,252079,78071,252079,83523,251011,202515,-1,266158
-1,224003,258937,-1,-1,211022,-1,-1,234730,-1,-1,211022,206219,-1,-1,-1,258139,208137,-1,-1,247495,-1,76042,225200,-1,211022,206590,259066,211022,-1,-1,271145,-1,-1,80805,272433,-1,211022,274355,231591,-1,-1,-1,479,74441,276087,253416,-1,243976,224003,-1,211022,264159,-1,71598,193314,-1,-1,-1,188335,-1,211022,-1,71277,188335,-1,-1
-1,227186,232498,-1,-1,232498,-1,267577,248165,-1,-1,265578,236355,-1,-1,-1,243558,222390,-1,-1,250858,-1,216447,214944,-1,197948,265396,197948,232498,272486,-1,235662,-1,-1,251756,247131,-1,232498,203581,258371,-1,-1,-1,480,271373,173030,276895,-1,276633,232498,-1,197948,79474,-1,236492,236033,74551,-1,-1,232498,-1,197948,81393,248805,243559,-1,73316
-1,211990,266256,-1,-1,229649,-1,80681,184432,-1,-1,229649,208330,-1,-1,-1,270301,244114,-1,-1,246683,-1,229752,264172,-1,229649,69967,193198,229649,238581,-1,267960,-1,-1,241930,78367,-1,229649,252961,264174,-1,-1,-1,481,224309,80682,184941,-1,271755,193198,-1,193198,272427,-1,238050,185427,275520,-1,-1,266256,-1,193198,279507,213917,211784,-1,234426
-1,258885,208093,-1,-1,226110,-1,271757,276493,-1,-1,241707,267920,-1,-1,-1,209989,235781,-1,-1,226110,-1,264388,246800,-1,226110,189513,277244,226110,72328,-1,228302,-1,-1,258534,278659,-1,264388,243034,262402,-1,-1,-1,483,268414,80684,215590,-1,273906,208093,-1,264388,81244,-1,271108,259065,75748,-1,-1,208093,-1,226110,237221,82665,254551,-1,243923
-1,262322,245582,-1,-1,262669,-1,81817,248105,-1,-1,269302,72675,-1,-1,-1,262672,262669,-1,-1,279622,-1,274191,251855,-1,262669,251342,262119,269302,80308,-1,260683,-1,-1,263065,79280,-1,262669,274000,72674,-1,-1,-1,485,261992,190738,236474,-1,255838,262669,-1,262669,70985,-1,262551,238503,262117,-1,-1,262119,-1,262669,80309,276052,277910,-1,76553
-1,237359,263025,-1,-1,244034,-1,-1,79383,-1,-1,262645,246175,-1,-1,-1,262984,239690,-1,-1,240335,-1,244034,73131,-1,244034,239498,234381,244034,-1,-1,268652,-1,-1,183632,268651,-1,244034,79705,235253,-1,-1,-1,487,79384,222838,278186,-1,245760,234381,-1,244034,73129,-1,270023,263023,-1,-1,-1,261047,-1,244034,-1,246845,261047,-1,-1
-1,276993,253418,-1,-1,276342,-1,255789,256519,-1,271936,259272,238965,-1,-1,-1,255337,233880,-1,-1,276342,-1,243445,276320,-1,276342,80903,203590,276342,238986,-1,73147,-1,-1,279657,262534,-1,276342,251688,218656,-1,-1,-1,492,76794,83465,269472,-1,274101,243445,-1,276342,79803,-1,263970,208776,244078,-1,-1,243445,-1,276342,79258,76980,278893,-1,238674
-1,252911,234385,-1,-1,234385,-1,222484,256954,-1,-1,262898,262671,-1,-1,-1,262902,279490,-1,-1,263076,-1,264247,243360,-1,234385,273114,73956,234385,-1,-1,225636,-1,-1,82199,263061,-1,234385,239634,244133,-1,-1,-1,503,262664,277509,235157,-1,251289,234385,-1,234385,216377,-1,262667,72755,250909,-1,-1,234385,-1,234385,-1,236613,216823,-1,-1
-1,182520,79756,-1,-1,216255,-1,242268,270994,-1,-1,73370,205892,-1,-1,-1,225075,263353,-1,-1,258635,-1,216255,245769,-1,216255,243041,257147,216255,-1,-1,239686,-1,-1,77747,262593,-1,216255,79755,241135,-1,-1,-1,506,81317,272538,272454,-1,77764,182520,-1,216255,78089,-1,72531,271171,81635,-1,-1,216255,-1,216255,73368,73369,238643,-1,-1
-1,230328,230481,-1,-1,230481,-1,-1,230208,-1,-1,230422,-1,-1,-1,-1,230485,230259,-1,-1,230417,-1,230468,230213,-1,230481,230239,230379,230481,-1,-1,236073,-1,-1,-1,230397,-1,230481,230399,230339,-1,-1,-1,517,-1,-1,230503,-1,230388,230481,-1,230481,-1,-1,236190,230324,-1,-1,-1,230516,-1,230481,-1,-1,230516,-1,-1
-1,235141,256282,-1,-1,237635,-1,267460,234279,-1,-1,237635,203754,-1,-1,-1,224662,237490,-1,-1,265643,-1,270877,263514,-1,237635,260014,279219,237635,-1,-1,276675,-1,-1,257172,264313,-1,237635,250847,257532,-1,-1,-1,523,238637,224424,225735,-1,233785,233785,-1,237635,268747,-1,244040,218873,80206,-1,-1,237635,-1,237635,278043,263841,242291,-1,-1
-1,265750,264245,-1,-1,260186,-1,-1,269315,-1,-1,260186,269269,-1,-1,-1,261528,238692,-1,-1,78448,-1,73009,239666,-1,260186,276312,217841,260186,-1,-1,269850,-1,-1,74747,73015,-1,260186,257190,274565,-1,-1,-1,526,71288,269320,73071,-1,239903,217841,-1,260186,79320,-1,273533,222024,74385,-1,-1,272909,-1,260186,-1,74003,272909,-1,-1
-1,260978,276735,-1,-1,244024,-1,264856,276287,-1,83468,212755,258547,-1,-1,-1,253694,223756,-1,-1,241900,-1,263312,276289,-1,244024,238636,262903,244024,276353,-1,238634,-1,-1,257264,263138,-1,244024,251325,194431,-1,-1,-1,531,245856,269842,229702,-1,242958,212755,-1,244024,247721,-1,240829,243925,266438,-1,-1,244024,84105,244024,276903,211874,244024,-1,80291
-1,231413,257314,-1,-1,272872,-1,-1,263075,-1,-1,263424,214680,-1,-1,-1,262267,239595,-1,-1,264711,-1,261360,79818,-1,272872,80125,79311,272872,-1,-1,279122,-1,-1,257209,241692,-1,272872,72954,269288,-1,-1,-1,537,263984,81310,252697,-1,279008,264711,-1,272872,83847,-1,79310,246740,-1,-1,-1,272872,-1,272872,-1,70781,272872,-1,-1
-1,259718,245543,-1,-1,270514,-1,276041,277877,-1,-1,276270,238957,-1,-1,-1,213644,244280,-1,-1,210004,-1,270514,229923,-1,244280,79326,262792,244280,-1,-1,278728,-1,-1,83257,252231,-1,244280,234861,274038,-1,-1,-1,543,74417,80320,79330,-1,243738,245543,-1,270514,224440,-1,257051,240218,76138,-1,-1,270514,-1,270514,80366,80194,251417,-1,-1
-1,228582,266209,-1,-1,241582,-1,-1,71384,-1,-1,261677,278642,-1,-1,-1,262181,270374,-1,-1,228292,-1,241582,77876,-1,241582,204787,264695,241582,-1,-1,237969,-1,-1,72719,278641,-1,241582,267425,277547,-1,-1,-1,563,72715,84072,247371,-1,278511,241582,-1,241582,271618,-1,278643,138431,-1,-1,-1,261454,-1,241582,-1,72717,261454,-1,-1
-1,230323,230271,-1,-1,230337,-1,-1,230199,-1,-1,230278,-1,-1,-1,-1,230273,230530,-1,-1,230234,-1,230466,230268,-1,230271,230247,230381,230337,-1,-1,230335,-1,-1,-1,230221,-1,230337,230372,230337,-1,-1,-1,567,-1,-1,230287,-1,230218,230271,-1,230337,-1,-1,236196,230332,-1,-1,-1,230278,-1,230337,-1,-1,230507,-1,-1
-1,230318,234015,-1,-1,234015,-1,-1,230202,-1,-1,230465,-1,-1,-1,-1,230522,230252,-1,-1,230452,-1,230515,230236,-1,230465,230243,230209,230252,-1,-1,236076,-1,-1,-1,230200,-1,230252,233986,230189,-1,-1,-1,568,-1,-1,230290,-1,230382,230318,-1,234015,-1,-1,236165,233976,-1,-1,-1,230502,-1,234015,-1,-1,230502,-1,-1
-1,230330,234023,-1,-1,230275,-1,-1,230194,-1,-1,230275,-1,-1,-1,-1,230377,236172,-1,-1,230434,-1,236170,234018,-1,230275,236197,230405,234023,-1,-1,230190,-1,-1,-1,230409,-1,234023,234019,230348,-1,-1,-1,569,-1,-1,236186,-1,230413,230434,-1,230275,-1,-1,230270,230172,-1,-1,-1,230302,-1,230275,-1,-1,230302,-1,-1
-1,235312,74554,-1,-1,276949,-1,236735,73199,-1,83074,265812,263677,-1,-1,-1,255398,276949,-1,-1,74210,-1,258494,74555,-1,276949,242333,73452,276949,77346,-1,73450,-1,-1,78193,265437,-1,276949,220638,226087,-1,-1,-1,573,234769,260344,278608,-1,219796,235312,-1,276949,74211,-1,269227,271491,244938,-1,-1,74554,-1,276949,236221,252943,246276,-1,80217
-1,262516,271993,-1,-1,251834,-1,228935,76106,-1,-1,251834,204688,-1,-1,-1,277767,269084,-1,-1,212321,-1,73149,73125,-1,251834,255459,219694,251834,-1,-1,224093,-1,-1,79298,275754,-1,251834,76706,276165,-1,-1,-1,576,275604,79299,279220,-1,276167,262516,-1,251834,279022,-1,200473,244001,231110,-1,-1,76106,-1,251834,70522,83189,262946,-1,-1
-1,269301,267782,-1,-1,270554,-1,-1,270554,-1,-1,260925,82971,-1,-1,-1,242525,246301,-1,-1,73002,-1,262978,73585,-1,270554,234860,262591,270554,-1,-1,229200,-1,-1,244233,216416,-1,270554,243904,261745,-1,-1,-1,580,276321,189917,238631,-1,251320,262591,-1,270554,73005,-1,246858,238489,279212,-1,-1,267782,-1,270554,-1,269310,76133,-1,-1
-1,269560,243883,-1,-1,202087,-1,84279,244094,-1,-1,70906,78525,-1,-1,-1,259854,78646,-1,-1,244707,-1,244027,270548,-1,202087,259855,78523,202087,-1,-1,209491,-1,-1,276168,263307,-1,202087,78657,256296,-1,-1,-1,583,73306,79376,255072,-1,202087,202087,-1,202087,72336,-1,78524,79377,79379,-1,-1,202087,-1,202087,78522,256298,243378,-1,79380
-1,230319,230432,-1,-1,230521,-1,-1,230217,-1,-1,236147,-1,-1,-1,-1,234028,230414,-1,-1,230242,-1,230370,230246,-1,230222,230456,230326,230242,-1,-1,230386,-1,-1,-1,230205,-1,230242,230392,230244,-1,-1,-1,598,-1,-1,230385,-1,230222,230244,-1,230521,-1,-1,230410,230321,-1,-1,-1,230521,-1,230521,-1,-1,230521,-1,-1
-1,209981,165153,-1,-1,223848,-1,277063,245268,-1,277279,220075,279000,-1,-1,-1,241938,224293,-1,-1,223848,-1,222737,206654,-1,224293,75598,201024,224293,253072,-1,228783,-1,-1,78887,256331,-1,210602,279627,232656,-1,-1,-1,605,82924,277487,277797,-1,245751,210602,-1,223848,82210,-1,73855,245276,76425,-1,-1,165153,-1,223848,78872,225976,210602,-1,275317
-1,241727,234906,-1,-1,241852,-1,275128,242156,-1,83760,241852,241963,-1,-1,-1,263828,209499,-1,-1,270613,-1,225953,238043,-1,241852,211173,200888,241852,263884,-1,259426,-1,-1,71851,277022,-1,241852,260977,258147,-1,-1,-1,607,277235,74975,273546,-1,210843,209499,-1,241852,73593,-1,221658,279593,271569,-1,-1,209499,74764,241852,221772,259358,235410,-1,278227
-1,222411,252571,-1,-1,215420,-1,262231,79684,-1,-1,278598,189186,-1,-1,-1,246872,243841,-1,-1,259201,-1,193957,233727,-1,215420,202526,193716,215420,-1,-1,83301,-1,-1,215419,278606,-1,215420,178287,271161,-1,-1,-1,621,222932,70483,220178,-1,190180,190180,-1,215420,79278,-1,209729,211537,263294,-1,-1,215420,-1,215420,70932,82938,215420,-1,-1
-1,202457,275858,-1,-1,246960,-1,82844,197860,-1,81745,246960,251629,-1,-1,-1,216380,79242,-1,-1,261249,-1,240271,261652,-1,246960,254680,220385,246960,75602,-1,251895,-1,-1,73746,260436,-1,275858,210386,258823,-1,-1,-1,634,200698,76962,216349,-1,258926,197860,-1,246960,73545,-1,223115,210832,73547,-1,-1,246960,83696,246960,80378,223926,239378,-1,75226
-1,271150,72634,-1,-1,80489,-1,79038,75787,-1,83915,80489,254503,-1,-1,-1,79039,221907,-1,-1,277864,-1,239012,272530,-1,221907,79397,216230,221907,79037,-1,188621,-1,-1,79040,261673,-1,221907,227537,243293,-1,-1,-1,645,259403,71963,226677,-1,75894,216230,-1,239012,80488,269243,225152,271748,79822,-1,-1,228666,83951,80489,73432,269257,228666,-1,70077
-1,269795,274701,-1,-1,73348,-1,-1,269956,-1,-1,243953,208214,-1,-1,-1,255241,270636,-1,-1,73348,-1,277975,71624,-1,73348,252494,245018,73348,-1,-1,267485,-1,-1,276925,73930,-1,73348,264277,251911,-1,-1,-1,670,75457,80124,247539,-1,272407,73348,-1,73348,-1,-1,224252,263922,-1,-1,-1,73348,-1,73348,-1,263465,227667,-1,-1
-1,204308,70497,-1,-1,260570,-1,-1,275353,-1,-1,260570,232905,-1,-1,-1,277206,229659,-1,-1,270995,-1,70496,246713,-1,260570,235242,243530,260570,-1,-1,83913,-1,-1,74349,271417,-1,70497,278777,222875,-1,-1,-1,673,73692,278479,268597,-1,271032,229659,-1,260570,73917,-1,72955,244810,-1,-1,-1,260570,-1,260570,-1,77638,266616,-1,-1
-1,204549,264201,-1,-1,266681,-1,-1,259043,-1,-1,271953,244108,-1,-1,-1,72611,266681,-1,-1,260432,-1,251633,70191,-1,266681,226431,264189,266681,-1,-1,80126,-1,-1,270351,229705,-1,266681,261325,264280,-1,-1,-1,674,242006,75615,77045,-1,234167,204549,-1,266681,84374,-1,80031,269752,-1,-1,-1,239589,-1,266681,-1,275021,239589,-1,-1
-1,71641,232490,-1,-1,232490,-1,-1,279667,-1,-1,271219,184148,-1,-1,-1,80383,235799,-1,-1,270923,-1,266831,240233,-1,232490,80179,233225,232490,-1,-1,232655,-1,-1,83250,234148,-1,232490,271205,255850,-1,-1,-1,680,73924,248603,277647,-1,266567,71641,-1,232490,-1,-1,279806,272336,-1,-1,-1,76570,-1,232490,-1,279807,76570,-1,-1
-1,273047,263496,-1,-1,235661,-1,279641,242907,-1,-1,251575,77730,-1,-1,-1,276315,251466,-1,-1,235661,-1,277755,251621,-1,235661,83340,255558,235661,-1,-1,70277,-1,-1,277207,254833,-1,235661,220948,74136,-1,-1,-1,681,83646,79115,83334,-1,186296,235661,-1,235661,279048,-1,268729,209293,266688,-1,-1,271979,-1,235661,-1,75782,271979,-1,-1
-1,266389,238277,-1,-1,241907,-1,79860,212401,-1,-1,274535,206549,-1,-1,-1,270820,70155,-1,-1,245855,-1,241907,71481,-1,241907,272835,266390,245855,-1,-1,206485,-1,-1,271365,257346,-1,241907,246804,246106,-1,-1,-1,687,77969,83374,212790,-1,242263,241907,-1,241907,79863,-1,242515,267684,83264,-1,-1,241907,-1,241907,-1,79215,275221,-1,-1
-1,190780,263180,-1,-1,242542,-1,-1,242542,-1,-1,268685,83296,-1,-1,-1,256215,242302,-1,-1,243464,-1,71914,259249,-1,242542,277301,266805,242542,-1,-1,247459,-1,-1,78203,231108,-1,242542,72375,71080,-1,-1,-1,688,75806,83373,248674,-1,233931,242542,-1,242542,273553,-1,254841,226786,77485,-1,-1,263180,-1,242542,-1,279787,70045,-1,-1
-1,227909,208448,-1,-1,208448,-1,-1,255033,-1,-1,268402,255335,-1,-1,-1,278174,275294,-1,-1,227278,-1,75541,267796,-1,208448,79888,226803,208448,-1,-1,269617,-1,-1,279164,267787,-1,208448,69986,278488,-1,-1,-1,689,259159,77516,247325,-1,256499,208448,-1,208448,78206,-1,256426,73858,-1,-1,-1,208448,-1,208448,-1,80484,183569,-1,-1
-1,233267,253568,-1,-1,210930,-1,-1,77559,-1,-1,244895,247874,-1,-1,-1,266682,226793,-1,-1,73673,-1,210930,79881,-1,210930,237257,276960,210930,-1,-1,212592,-1,-1,79884,273552,-1,210930,269005,255136,-1,-1,-1,691,275943,-1,270107,-1,235849,210930,-1,210930,-1,-1,278955,77470,-1,-1,-1,210930,-1,210930,-1,79882,70892,-1,-1
-1,260982,233630,-1,-1,215443,-1,77466,273550,-1,-1,262414,228312,-1,-1,-1,82308,78452,-1,-1,271051,-1,215443,255956,-1,262414,240117,266334,215443,-1,-1,255273,-1,-1,269960,77494,-1,215443,83259,247278,-1,-1,-1,693,242714,77471,219951,-1,238008,238008,-1,215443,279705,-1,78202,259915,268338,-1,-1,233630,-1,215443,79850,81425,225085,-1,-1
-1,234777,260523,-1,-1,256934,-1,-1,237000,-1,-1,277794,77457,-1,-1,-1,276207,256934,-1,-1,228408,-1,266852,70222,-1,256934,70219,228295,256934,-1,-1,274272,-1,-1,83667,271055,-1,256934,247612,231985,-1,-1,-1,694,80609,79921,261455,-1,268130,231985,-1,256934,-1,-1,279544,263967,-1,-1,-1,276619,-1,256934,-1,75145,276619,-1,-1
-1,247494,256194,-1,-1,254067,-1,-1,232120,-1,-1,275101,252416,-1,-1,-1,261028,78172,-1,-1,215643,-1,254067,246310,-1,254067,79867,232332,254067,-1,-1,237214,-1,-1,84126,78028,-1,254067,272825,272603,-1,-1,-1,695,77467,77131,71257,-1,244674,215643,-1,254067,83326,-1,79866,77128,84351,-1,-1,244797,-1,254067,-1,77133,244797,-1,-1
-1,256053,223978,-1,-1,223978,-1,-1,264390,-1,-1,240226,-1,-1,-1,-1,272813,77490,-1,-1,82378,-1,261604,77556,-1,223978,83333,77970,240226,-1,-1,277619,-1,-1,-1,237250,-1,240226,78211,247125,-1,-1,-1,696,-1,-1,275252,-1,77488,251105,-1,223978,-1,-1,-1,70850,-1,-1,-1,251105,-1,223978,-1,-1,251105,-1,-1
-1,275032,188350,-1,-1,188350,-1,83335,233169,-1,-1,70822,242703,-1,-1,-1,233400,247509,-1,-1,260421,-1,241162,258095,-1,188350,70335,273826,70822,-1,-1,275251,-1,-1,247038,274267,-1,188350,77521,247308,-1,-1,-1,697,77486,75238,221797,-1,191648,191648,-1,188350,72827,-1,77474,241091,77462,-1,-1,242998,-1,188350,-1,242816,242998,-1,-1
-1,197928,267869,-1,-1,260479,-1,-1,199745,-1,-1,258208,77822,-1,-1,-1,156519,235424,-1,-1,234122,-1,213948,263068,-1,260479,232255,78686,260479,-1,-1,270955,-1,-1,-1,83116,-1,260479,234819,260479,-1,-1,-1,698,83209,-1,247351,-1,209597,234122,-1,260479,-1,-1,236281,202570,-1,-1,-1,220715,-1,260479,-1,83133,220715,-1,-1
-1,236823,77949,-1,-1,221919,-1,-1,246654,-1,-1,209061,211053,-1,-1,-1,275621,70124,-1,-1,236427,-1,221919,262153,-1,221919,74368,272304,236427,-1,-1,244192,-1,-1,74518,71308,-1,236427,209062,192102,-1,-1,-1,700,270533,-1,77907,-1,209063,209063,-1,221919,-1,-1,266927,227050,-1,-1,-1,209061,-1,221919,-1,75198,254275,-1,-1
-1,202910,211177,-1,-1,211177,-1,-1,279056,-1,-1,159996,-1,-1,-1,-1,273949,77761,-1,-1,213813,-1,160121,279272,-1,211177,74715,231510,211177,-1,-1,81458,-1,-1,-1,81461,-1,211177,-1,160023,-1,-1,-1,702,-1,-1,245122,-1,266015,202905,-1,211177,-1,-1,-1,75670,-1,-1,-1,202905,-1,211177,-1,-1,202905,-1,-1
-1,222900,264749,-1,-1,197240,-1,-1,71727,-1,-1,223379,75668,-1,-1,-1,270538,227835,-1,-1,275290,-1,197240,246920,-1,197240,76869,266337,264749,-1,-1,262216,-1,-1,-1,76867,-1,197240,75669,243284,-1,-1,-1,708,-1,-1,279736,-1,258874,197240,-1,197240,-1,-1,263761,256376,-1,-1,-1,197240,-1,197240,-1,272916,256326,-1,-1
-1,240043,236883,-1,-1,236883,-1,-1,242055,-1,-1,260228,77306,-1,-1,-1,70096,76879,-1,-1,266029,-1,234522,79512,-1,236883,78245,213497,236883,-1,-1,242062,-1,-1,207589,256429,-1,236883,223907,70087,-1,-1,-1,710,274268,278584,271090,-1,254994,242055,-1,236883,-1,-1,74628,221584,-1,-1,-1,236883,-1,236883,-1,279086,256507,-1,-1
-1,189296,79525,-1,-1,242166,-1,78065,70838,-1,-1,234488,275161,-1,-1,-1,219957,70007,-1,-1,242166,-1,277285,75450,-1,242166,255414,200718,242166,-1,-1,77311,-1,-1,80316,271415,-1,242166,80635,220600,-1,-1,-1,711,234291,207555,274406,-1,79303,189296,-1,242166,71343,-1,272967,207926,81614,-1,-1,242166,-1,242166,269398,224793,272709,-1,-1
-1,273998,271683,-1,-1,262416,-1,83680,80021,-1,80020,70671,80598,-1,-1,-1,80601,267958,-1,-1,254230,-1,233585,233373,-1,262416,79909,199577,262416,80019,-1,79908,-1,-1,273690,278796,-1,262416,80136,254244,-1,-1,-1,717,71981,81327,217021,-1,278057,199577,-1,262416,259067,83216,74567,80777,263790,-1,-1,262416,80022,262416,79911,71291,262416,-1,79912
-1,194781,72808,-1,-1,244193,-1,81597,253193,-1,83681,264450,257975,-1,-1,-1,79293,76743,-1,-1,79704,-1,244193,72677,-1,244193,244601,263813,244193,258085,-1,254514,-1,-1,73426,264743,-1,244193,247955,78088,-1,-1,-1,718,79312,258477,229683,-1,79505,244193,-1,244193,76225,269199,251647,279565,79968,-1,-1,244193,83404,244193,72301,79141,264092,-1,278033
-1,201482,234129,-1,-1,278159,-1,-1,243244,-1,-1,252807,240333,-1,-1,-1,231777,253714,-1,-1,266050,-1,278159,240628,-1,228120,81560,194077,278159,-1,-1,229773,-1,-1,279725,81517,-1,278159,253463,228120,-1,-1,-1,741,75884,-1,228981,-1,215147,194077,-1,278159,-1,-1,212205,237553,-1,-1,-1,204370,-1,278159,-1,211739,204370,-1,-1
-1,247866,263279,-1,-1,263279,-1,236692,244287,-1,-1,83220,277899,-1,-1,-1,267778,72863,-1,-1,276159,-1,261145,81324,-1,263279,83698,70700,263279,-1,-1,73596,-1,-1,80886,258522,-1,263279,74122,235026,-1,-1,-1,744,233414,73319,80593,-1,204121,244287,-1,263279,71232,-1,73600,254276,268719,-1,-1,263279,-1,263279,-1,278434,279909,-1,-1
-1,223175,251401,-1,-1,218745,-1,278374,263854,-1,-1,270597,262335,-1,-1,-1,258698,239045,-1,-1,243271,-1,218745,252917,-1,218745,240040,209232,218745,-1,-1,244377,-1,-1,83226,223134,-1,218745,276393,277902,-1,-1,-1,748,75899,83008,237179,-1,233097,218745,-1,218745,81568,-1,276392,234341,81578,-1,-1,244685,-1,218745,80643,277498,244685,-1,72417
-1,273558,183807,-1,-1,261876,-1,-1,237847,-1,-1,263030,75962,-1,-1,-1,260881,272401,-1,-1,261876,-1,243910,274451,-1,261876,275469,237926,261876,-1,-1,78231,-1,-1,71145,71149,-1,261876,77510,264493,-1,-1,-1,753,77598,71148,258532,-1,259234,183807,-1,261876,278183,-1,83482,75916,279856,-1,-1,183807,-1,261876,-1,77509,262651,-1,-1
-1,204922,78797,-1,-1,238086,-1,83117,241993,-1,-1,263049,78787,-1,-1,-1,78795,238086,-1,-1,275446,-1,276129,79943,-1,238086,229819,251658,263049,-1,-1,242547,-1,-1,244553,78792,-1,263049,216387,256545,-1,-1,-1,780,80328,257029,202518,-1,190592,204922,-1,238086,83439,-1,79942,78786,79945,-1,-1,263049,-1,238086,79940,79944,70049,-1,83750
-1,246267,81621,-1,-1,246014,-1,79165,234573,-1,-1,193283,201943,-1,-1,-1,74233,235636,-1,-1,224389,-1,263672,271980,-1,203362,262236,274187,246014,-1,-1,219466,-1,-1,73448,266260,-1,203362,183491,246014,-1,-1,-1,819,263711,83720,240833,-1,229150,193283,-1,203362,83208,-1,207554,222562,79034,-1,-1,224389,-1,203362,79407,240974,203362,-1,-1
-1,262295,184143,-1,-1,217845,-1,80324,255211,-1,-1,259134,264822,-1,-1,-1,260825,217845,-1,-1,243866,-1,70164,77395,-1,217845,248118,177373,217845,223813,-1,81848,-1,-1,241695,81288,-1,217845,79859,77090,-1,-1,-1,822,278362,79554,225931,-1,259763,177373,-1,217845,83319,-1,204017,264111,70852,-1,-1,184143,-1,217845,246647,275703,257399,-1,70445
-1,79128,226429,-1,-1,205139,-1,-1,83183,-1,-1,242638,203095,-1,-1,-1,243127,254158,-1,-1,263650,-1,83481,274390,-1,254158,258515,205139,254158,-1,-1,264561,-1,-1,257291,238197,-1,254158,76857,77433,-1,-1,-1,834,72568,240535,263840,-1,253421,205139,-1,205139,276460,-1,267771,264764,-1,-1,-1,205139,-1,205139,-1,236379,230722,-1,-1
-1,235304,259105,-1,-1,258276,-1,76918,258276,-1,-1,220912,254148,-1,-1,-1,271645,261108,-1,-1,267467,-1,237371,248508,-1,258276,70963,72095,258276,-1,-1,233409,-1,-1,271326,242629,-1,261108,278069,274830,-1,-1,-1,873,70084,76294,243551,-1,226518,206626,-1,261108,276731,-1,265735,74875,81263,-1,-1,206626,-1,258276,-1,209417,206626,-1,-1
-1,204842,251381,-1,-1,246168,-1,80144,243025,-1,74038,246168,245361,-1,-1,-1,81300,264433,-1,-1,71151,-1,71263,82353,-1,246168,191783,75943,246168,77117,-1,228770,-1,-1,74009,275960,-1,246168,82354,239425,-1,-1,-1,894,75944,83434,253173,-1,231111,204842,-1,246168,275206,83946,76579,73240,246230,-1,271878,246168,83431,246168,271879,212267,73218,-1,79210
-1,190243,193348,-1,-1,193348,-1,84085,258880,-1,-1,262105,71838,-1,-1,-1,80343,247599,-1,-1,252025,-1,260651,276638,-1,239016,270847,257005,193348,-1,-1,240099,-1,-1,73582,275600,-1,193348,270828,239016,-1,-1,-1,896,83612,252017,262062,-1,244603,193348,-1,193348,276173,-1,263881,209332,243960,-1,-1,193348,-1,193348,-1,76618,222352,-1,-1
-1,262862,239432,-1,-1,256980,-1,247042,231039,-1,-1,257344,73176,-1,-1,-1,80350,279599,-1,-1,80138,-1,256980,270928,-1,256980,81544,234817,256980,-1,-1,273127,-1,-1,82352,76263,-1,256980,80094,73657,-1,-1,-1,897,71839,82702,244082,-1,279896,231039,-1,256980,80139,-1,244592,223968,269947,-1,-1,239432,-1,256980,-1,75573,275090,-1,-1
-1,229956,75654,-1,-1,228645,-1,81858,266000,-1,84035,238980,83531,-1,-1,-1,236449,228645,-1,-1,252183,-1,245428,70500,-1,228645,263745,244490,228645,76577,-1,276670,-1,-1,80141,81862,-1,228645,258784,258043,-1,-1,-1,898,252030,73908,210619,-1,78569,228645,-1,228645,83947,-1,278260,239746,81860,-1,-1,75654,-1,228645,270035,276130,261444,-1,80140
-1,256726,260272,-1,-1,234913,-1,75499,220172,-1,-1,234913,82203,-1,-1,-1,252526,215556,-1,-1,251617,-1,258924,257319,-1,234913,225853,220665,234913,-1,-1,264785,-1,-1,258230,83606,-1,234913,236316,193468,-1,-1,-1,900,70279,270371,225533,-1,229900,193468,-1,234913,276947,-1,254692,193247,81297,-1,-1,245716,-1,234913,-1,228998,245716,-1,-1
-1,222389,243203,-1,-1,222227,-1,-1,268375,-1,-1,225077,261295,-1,-1,-1,268740,242162,-1,-1,222227,-1,258892,221001,-1,222227,256598,242623,222227,-1,-1,210695,-1,-1,279929,71882,-1,222227,257259,233800,-1,-1,-1,918,74400,77079,256397,-1,228238,222227,-1,222227,73037,-1,228212,230787,-1,-1,-1,243203,-1,222227,-1,247333,233848,-1,-1
-1,208573,209264,-1,-1,225251,-1,276251,248245,-1,-1,70843,255141,-1,-1,-1,245332,237937,-1,-1,233705,-1,261391,247009,-1,225251,271156,238263,225251,-1,-1,76289,-1,-1,71321,275492,-1,225251,256417,225251,-1,-1,-1,919,278721,278720,241474,-1,81274,238263,-1,209264,262733,-1,258710,278717,72192,-1,-1,233379,-1,209264,-1,269400,233379,-1,-1
-1,234658,243817,-1,-1,76478,-1,-1,186267,-1,-1,214877,237019,-1,-1,-1,81276,222215,-1,-1,76477,-1,76478,238725,-1,76478,275201,273545,76478,-1,-1,248337,-1,-1,272611,71867,-1,76478,274992,245270,-1,-1,-1,920,243283,274923,258355,-1,216114,214877,-1,76478,-1,-1,228454,263877,-1,-1,-1,243817,-1,76478,-1,260567,79810,-1,-1
-1,160162,79574,-1,-1,205291,-1,-1,197391,-1,-1,72013,-1,-1,-1,-1,233444,247821,-1,-1,205291,-1,201967,274540,-1,205291,79573,266659,205291,-1,-1,278914,-1,-1,-1,72603,-1,205291,-1,221633,-1,-1,-1,922,-1,-1,251828,-1,203363,203363,-1,205291,-1,-1,-1,71881,-1,-1,-1,205291,-1,205291,-1,-1,264745,-1,-1
-1,210941,213189,-1,-1,237091,-1,259255,233770,-1,-1,260474,243173,-1,-1,-1,244800,238098,-1,-1,237091,-1,256370,250896,-1,237091,251580,238354,237091,246937,-1,252320,-1,-1,235465,232626,-1,237091,263787,222052,-1,-1,-1,980,258358,243175,228534,-1,263034,213189,-1,237091,255686,-1,234276,261106,71207,-1,-1,213189,-1,237091,236586,191915,247471,-1,274694
-1,221912,248188,-1,-1,213317,-1,83059,251161,-1,-1,234264,232997,-1,-1,-1,83830,273787,-1,-1,237101,-1,254225,266198,-1,213317,229694,73466,213317,-1,-1,243824,-1,-1,76892,266196,-1,213317,234222,213317,-1,-1,-1,982,238574,76886,236757,-1,263029,213317,-1,213317,267946,-1,246930,234748,83061,-1,-1,231868,-1,213317,244582,80158,231868,-1,273792
273709,75260,80114,-1,-1,219525,-1,279196,265822,-1,207441,219525,229842,-1,-1,-1,269501,78081,-1,-1,227900,-1,70703,75653,-1,70703,269500,233814,219525,278439,-1,77024,-1,-1,225282,71815,-1,70703,75309,77863,-1,-1,-1,1013,77025,71462,237994,-1,268621,268621,-1,251030,83366,253289,274081,227477,245059,-1,75214,70703,260593,219525,77026,245249,251030,-1,257380
-1,230175,230384,-1,-1,230463,-1,-1,230197,-1,-1,236142,-1,-1,-1,-1,230459,230349,-1,-1,230453,-1,230463,230230,-1,230463,230329,230225,230463,-1,-1,230181,-1,-1,-1,236113,-1,230463,230283,230184,-1,-1,-1,1035,-1,-1,230524,-1,230280,230225,-1,230463,-1,-1,230233,230176,-1,-1,-1,230384,-1,230463,-1,-1,230347,-1,-1
-1,230165,230470,-1,-1,230364,-1,-1,230201,-1,-1,230364,-1,-1,-1,-1,230351,230451,-1,-1,230258,-1,230429,230254,-1,230364,230394,230293,230364,-1,-1,230232,-1,-1,-1,230297,-1,230364,230380,230186,-1,-1,-1,1041,-1,-1,230359,-1,230316,230258,-1,230364,-1,-1,230436,233977,-1,-1,-1,230442,-1,230364,-1,-1,230442,-1,-1
-1,230204,230430,-1,-1,230406,-1,-1,230206,-1,-1,230346,-1,-1,-1,-1,230336,230426,-1,-1,230406,-1,230460,230482,-1,230430,230454,230285,230406,-1,-1,230219,-1,-1,-1,236108,-1,230460,230286,230245,-1,-1,-1,1043,-1,-1,230493,-1,230327,230430,-1,230406,-1,-1,230260,230191,-1,-1,-1,230430,-1,230406,-1,-1,230449,-1,-1
-1,230312,230495,-1,-1,230431,-1,-1,230216,-1,-1,230437,-1,-1,-1,-1,236164,230431,-1,-1,230408,-1,230276,234016,-1,230276,236145,230313,230183,-1,-1,236075,-1,-1,-1,230398,-1,230431,230362,230183,-1,-1,-1,1048,-1,-1,230277,-1,230212,230313,-1,230183,-1,-1,230288,233999,-1,-1,-1,230183,-1,230183,-1,-1,230513,-1,-1
-1,204935,202126,-1,-1,238074,-1,-1,238074,-1,-1,252371,203263,-1,-1,-1,259240,260247,-1,-1,234378,-1,246669,242434,-1,238074,235794,227678,246669,-1,-1,198032,-1,-1,237692,262118,-1,234378,224371,278773,-1,-1,-1,1318,263063,257534,231677,-1,241159,202126,-1,238074,231281,-1,221697,233306,-1,-1,-1,202126,-1,238074,-1,269136,242964,-1,-1
-1,241671,188335,-1,-1,177003,-1,-1,250955,-1,-1,177003,244270,-1,-1,-1,207410,276278,-1,-1,257889,-1,216354,262842,-1,177003,77673,256325,177003,-1,-1,275192,-1,-1,242288,244456,-1,177003,223273,251517,-1,-1,-1,1328,238370,241095,181458,-1,225263,177003,-1,177003,252000,-1,257771,246267,-1,-1,-1,74896,-1,177003,-1,258775,74896,-1,-1
-1,242948,253727,-1,-1,253727,-1,-1,244470,-1,-1,216860,73580,-1,-1,-1,247050,71259,-1,-1,236792,-1,258208,255687,-1,253727,257536,251116,253727,-1,-1,259748,-1,-1,259188,204125,-1,266374,234236,266374,-1,-1,-1,1330,229154,246919,246618,-1,252064,236792,-1,266374,276646,-1,247028,269511,-1,-1,-1,236792,-1,253727,-1,241186,244793,-1,-1
-1,163587,259399,-1,-1,241508,-1,-1,233301,-1,-1,213648,258485,-1,-1,-1,240734,244669,-1,-1,279015,-1,248729,190460,-1,241508,210697,224221,241508,-1,-1,220714,-1,-1,245235,235658,-1,241508,270050,234678,-1,-1,-1,1331,277432,241522,236918,-1,202849,213648,-1,241508,242633,-1,228687,246158,-1,-1,-1,241508,-1,241508,-1,213661,241508,-1,-1
-1,258928,247447,-1,-1,228312,-1,-1,234298,-1,-1,81326,261375,-1,-1,-1,234889,228312,-1,-1,232446,-1,263364,272648,-1,228312,213654,81776,228312,-1,-1,258599,-1,-1,263310,82163,-1,228312,81784,77520,-1,-1,-1,1334,274089,272599,245582,-1,254994,220165,-1,228312,207593,-1,79525,190941,-1,-1,-1,220165,-1,228312,-1,263343,220165,-1,-1
-1,215698,231747,-1,-1,231747,-1,-1,241486,-1,-1,247827,251752,-1,-1,-1,248243,250723,-1,-1,241637,-1,231443,237678,-1,231747,210008,229558,231443,-1,-1,200458,-1,-1,257289,259307,-1,231443,264652,232656,-1,-1,-1,1335,247246,232411,251570,-1,243715,231747,-1,231747,215914,-1,228093,204883,-1,-1,-1,231747,-1,231747,-1,220814,271421,-1,-1
-1,193698,256630,-1,-1,212622,-1,-1,212622,-1,-1,251852,254117,-1,-1,-1,225309,275298,-1,-1,209658,-1,206113,229476,-1,212622,250959,213331,212622,-1,-1,240709,-1,-1,252448,269701,-1,236703,244257,236703,-1,-1,-1,1337,236532,205452,246863,-1,247819,212622,-1,236703,192448,-1,222492,223885,-1,-1,-1,256630,-1,212622,-1,212242,254022,-1,-1
-1,246704,238004,-1,-1,238004,-1,-1,190640,-1,-1,269400,245274,-1,-1,-1,263657,246814,-1,-1,262088,-1,270787,274927,-1,270787,270578,221422,238004,-1,-1,189167,-1,-1,269186,208522,-1,238004,258533,264436,-1,-1,-1,1341,277902,191076,262551,-1,226510,262088,-1,270787,211177,-1,275062,264133,-1,-1,-1,238004,-1,238004,-1,236883,241474,-1,-1
-1,230621,236610,-1,-1,241096,-1,-1,217870,-1,-1,241096,252154,-1,-1,-1,208268,224232,-1,-1,233556,-1,220502,253473,-1,241096,253002,243241,241096,-1,-1,240277,-1,-1,239807,258966,-1,241096,222077,226268,-1,-1,-1,1343,257711,247229,216409,-1,237383,230621,-1,241096,226710,-1,277327,240091,-1,-1,-1,241096,-1,241096,-1,229582,241850,-1,-1
-1,185427,239085,-1,-1,222665,-1,-1,229891,-1,-1,222227,233848,-1,-1,-1,222475,222665,-1,-1,228092,-1,277295,228518,-1,222665,242725,224258,222665,-1,-1,233800,-1,-1,208573,243481,-1,222665,260952,262135,-1,-1,-1,1352,238516,237937,237936,-1,248342,222665,-1,222665,238756,-1,216549,247611,-1,-1,-1,239085,-1,222665,-1,248166,262863,-1,-1
-1,228383,252508,-1,-1,210406,-1,-1,210136,-1,-1,251633,212138,-1,-1,-1,252495,243222,-1,-1,210406,-1,235973,177922,-1,210406,262113,220570,210406,-1,-1,216003,-1,-1,203568,243185,-1,210406,223113,227174,-1,-1,-1,1353,215502,276680,224438,-1,265693,188545,-1,210406,276395,-1,224301,189908,-1,-1,-1,188545,-1,210406,-1,229973,188545,-1,-1
-1,234577,241721,-1,-1,20801,-1,-1,234574,-1,-1,212198,240950,-1,-1,-1,224293,238616,-1,-1,255253,-1,218667,229391,-1,212198,272834,239818,212198,-1,-1,210514,-1,-1,253124,270086,-1,212198,244778,252145,-1,-1,-1,1354,273906,227928,256903,-1,257179,20801,-1,20801,261050,-1,242444,210385,-1,-1,-1,20801,-1,20801,-1,212442,20801,-1,-1
-1,240913,252066,-1,-1,228151,-1,-1,253510,-1,-1,226012,243585,-1,-1,-1,261300,252376,-1,-1,228151,-1,233851,246991,-1,228151,265801,248484,228151,-1,-1,235156,-1,-1,264120,277835,-1,228151,244288,231005,-1,-1,-1,1355,260951,259608,238505,-1,235405,248484,-1,228151,261647,-1,263571,232284,-1,-1,-1,245902,-1,228151,-1,201417,245902,-1,-1
-1,234102,266728,-1,-1,226568,-1,-1,248165,-1,-1,226568,223231,-1,-1,-1,212207,252313,-1,-1,237324,-1,239978,235813,-1,237324,245770,261040,226568,-1,-1,246562,-1,-1,257803,243023,-1,248165,237378,212048,-1,-1,-1,1356,251076,248040,248674,-1,248105,226568,-1,226568,251136,-1,243000,248073,-1,-1,-1,226568,-1,226568,-1,247972,248060,-1,-1
-1,53110,237238,-1,-1,216267,-1,-1,248808,-1,-1,266815,225203,-1,-1,-1,226491,213884,-1,-1,242280,-1,210881,212516,-1,216267,253970,198904,216267,-1,-1,225316,-1,-1,201368,234072,-1,210881,216218,216267,-1,-1,-1,1359,255561,275522,247279,-1,225974,216267,-1,210881,245992,-1,233602,216325,-1,-1,-1,226093,-1,216267,-1,258036,226093,-1,-1
-1,230869,256516,-1,-1,277643,-1,-1,226161,-1,-1,251854,277179,-1,-1,-1,244260,277643,-1,-1,248148,-1,231866,225193,-1,277643,226271,278046,277643,-1,-1,204963,-1,-1,227127,233486,-1,256516,210035,239231,-1,-1,-1,1362,243576,259377,241461,-1,278349,230869,-1,251854,272449,-1,257279,220901,-1,-1,-1,230142,-1,277643,-1,212218,230142,-1,-1
-1,241643,208448,-1,-1,208448,-1,-1,207650,-1,-1,257400,255900,-1,-1,-1,259716,257470,-1,-1,236822,-1,228946,220821,-1,208448,220969,221660,208448,-1,-1,246656,-1,-1,192129,252316,-1,208448,243646,264191,-1,-1,-1,1363,247394,256782,214658,-1,260697,221660,-1,208448,268896,-1,228859,247022,-1,-1,-1,241651,-1,208448,-1,233731,241651,-1,-1
-1,250753,75355,-1,-1,259913,-1,-1,263804,-1,-1,244374,270608,-1,-1,-1,231969,244369,-1,-1,270731,-1,259913,277439,-1,259913,255074,258781,244369,-1,-1,235414,-1,-1,274726,248698,-1,244369,271541,244380,-1,-1,-1,1366,278884,81839,240702,-1,229528,229528,-1,259913,271548,-1,244428,244385,-1,-1,-1,242458,-1,259913,-1,265628,242458,-1,-1
-1,193331,220710,-1,-1,220710,-1,-1,243057,-1,-1,251421,70994,-1,-1,-1,220196,265514,-1,-1,235735,-1,260478,232545,-1,220710,237833,229266,220710,-1,-1,233201,-1,-1,72046,248687,-1,243057,212366,232755,-1,-1,-1,1367,200715,75296,232104,-1,205923,220710,-1,220710,277584,-1,233941,207998,-1,-1,-1,216627,-1,220710,-1,257437,216627,-1,-1
-1,202811,246191,-1,-1,158023,-1,-1,233084,-1,-1,239837,239301,-1,-1,-1,207439,212616,-1,-1,247090,-1,158023,240690,-1,158023,253396,232488,158023,-1,-1,242835,-1,-1,277846,231340,-1,158023,231521,211256,-1,-1,-1,1369,279173,237221,231478,-1,192366,158023,-1,158023,215223,-1,226226,215316,-1,-1,-1,158023,-1,158023,-1,236804,245371,-1,-1
-1,73325,204838,-1,-1,204838,-1,-1,256098,-1,-1,244973,233493,-1,-1,-1,235389,79399,-1,-1,235844,-1,237043,257784,-1,204838,224574,229980,237043,-1,-1,252008,-1,-1,268628,78784,-1,237043,243015,226045,-1,-1,-1,1386,237995,263701,245152,-1,244349,235844,-1,204838,140233,-1,234579,232654,-1,-1,-1,204838,-1,204838,-1,84061,233260,-1,-1
-1,233267,247463,-1,-1,227796,-1,-1,251804,-1,-1,247361,238743,-1,-1,-1,241496,238744,-1,-1,232999,-1,227796,256104,-1,227796,251223,250954,227796,-1,-1,235755,-1,-1,274535,242195,-1,227796,226807,229348,-1,-1,-1,1387,242075,228174,226579,-1,198261,198261,-1,227796,260982,-1,245541,247506,-1,-1,-1,227796,-1,227796,-1,243133,256853,-1,-1
-1,271571,216452,-1,-1,271132,-1,82820,251891,-1,83995,73350,271195,-1,-1,-1,271562,270555,-1,-1,258365,-1,275360,246974,-1,271132,278990,73349,275360,83701,-1,240244,-1,-1,78973,83780,-1,271132,73629,74962,-1,-1,-1,1438,78746,83224,83222,-1,211107,271571,-1,271132,76910,-1,83700,74039,78745,-1,-1,271132,-1,271132,263789,80386,271132,-1,274462
-1,256742,79811,-1,-1,71174,-1,-1,241150,-1,-1,262541,270528,-1,-1,-1,268503,71174,-1,-1,215686,-1,270399,278816,-1,71174,242381,278367,71174,-1,-1,260874,-1,-1,83297,74932,-1,71174,277167,277593,-1,-1,-1,1443,250960,78911,263987,-1,234501,215686,-1,71174,-1,-1,243229,275696,-1,-1,-1,215686,-1,71174,-1,277698,79935,-1,-1
-1,248696,73501,-1,-1,259130,-1,-1,73295,-1,-1,259130,76148,-1,-1,-1,78909,256847,-1,-1,73301,-1,276666,72400,-1,256847,248360,256222,256847,-1,-1,207886,-1,-1,-1,74965,-1,256847,264691,226510,-1,-1,-1,1447,81624,-1,73504,-1,264502,256847,-1,256847,-1,-1,238051,211105,-1,-1,-1,256222,-1,259130,-1,79558,259751,-1,-1
-1,75849,269414,-1,-1,257044,-1,-1,264329,-1,-1,257044,247839,-1,-1,-1,73258,256398,-1,-1,77075,-1,77978,278820,-1,257044,71865,274199,257044,-1,-1,72596,-1,-1,-1,277237,-1,257044,71843,230055,-1,-1,-1,1463,207622,-1,81708,-1,274855,236877,-1,257044,-1,-1,80081,227616,-1,-1,-1,269414,-1,257044,-1,78725,236877,-1,-1
-1,212432,245054,-1,-1,213471,-1,83758,222734,-1,-1,213471,77840,-1,-1,-1,247748,228009,-1,-1,274415,-1,76313,227790,-1,213471,238578,274672,213471,275017,-1,220616,-1,-1,77218,71412,-1,213471,270203,255035,-1,-1,-1,1473,77190,74008,255868,-1,201528,201528,-1,213471,221567,-1,237965,237097,247354,-1,-1,245054,-1,213471,83759,242826,238224,-1,70634
273788,212915,274437,-1,83387,180283,-1,76816,184901,-1,71325,274676,70763,-1,-1,-1,261078,180283,-1,83384,261880,-1,208047,76395,-1,180283,261126,256252,261880,76386,-1,255520,-1,-1,255554,76394,-1,180283,76389,229343,-1,-1,-1,1474,76391,252966,78655,-1,227632,227632,-1,180283,272847,83471,83628,233286,76393,-1,80191,261115,266477,180283,70759,243754,261115,-1,76387
77252,238570,272992,-1,77897,227659,-1,71323,199231,-1,71328,272733,252432,-1,-1,-1,228782,227659,-1,78194,268895,-1,243061,232000,-1,227659,267825,267401,227659,71413,-1,228007,-1,-1,77888,243672,-1,227659,222582,273800,-1,-1,-1,1477,221793,278308,262447,-1,212912,199231,-1,227659,77254,77248,277378,255239,77255,-1,77885,272992,77227,227659,266269,234186,242821,-1,77239
-1,232065,261104,-1,-1,221467,-1,83203,205278,-1,83765,70419,71459,-1,-1,-1,77197,193144,-1,-1,221467,-1,77195,266197,-1,221467,211927,211635,221467,83761,-1,232857,-1,-1,77198,76851,-1,221467,239596,261122,-1,-1,-1,1478,263372,83762,243358,-1,242082,221467,-1,221467,71392,-1,84142,255919,83267,-1,-1,261104,-1,221467,83766,231912,260166,-1,260634
-1,246704,247187,-1,-1,278012,-1,80421,244456,-1,-1,270534,277211,-1,-1,-1,270536,220714,-1,-1,277197,-1,247686,263721,-1,256933,242612,261062,278012,-1,-1,251847,-1,-1,74006,264790,-1,256933,279252,278012,-1,-1,-1,1516,277270,238236,213815,-1,73645,220714,-1,256933,75195,-1,210625,172553,278978,-1,-1,247187,-1,256933,271697,234472,256933,-1,83798
-1,76635,76646,-1,-1,247107,-1,-1,76639,-1,-1,242600,-1,-1,-1,-1,76644,256809,-1,-1,247107,-1,76643,78726,-1,247107,76647,247490,247107,-1,-1,78032,-1,-1,-1,159948,-1,247107,-1,80528,-1,-1,-1,1523,-1,-1,279735,-1,277991,76635,-1,247107,-1,-1,-1,253110,-1,-1,-1,76646,-1,247107,-1,-1,76645,-1,-1
-1,239342,269725,-1,-1,273666,-1,-1,228591,-1,-1,269729,209781,-1,-1,-1,194846,229158,-1,-1,224444,-1,273666,273835,-1,234515,277484,258439,273666,-1,-1,275878,-1,-1,79493,199313,-1,273666,78295,271061,-1,-1,-1,1530,70541,-1,81849,-1,234515,224444,-1,273666,-1,-1,78377,257395,-1,-1,-1,229158,-1,273666,-1,75423,240209,-1,-1
-1,229227,264251,-1,-1,225927,-1,-1,258465,-1,-1,221428,79252,-1,-1,-1,75164,188554,-1,-1,225927,-1,77592,79071,-1,188554,79070,198892,225927,-1,-1,245278,-1,-1,270497,263506,-1,188554,235507,209438,-1,-1,-1,1569,222781,230683,252470,-1,199761,229072,-1,188554,72948,-1,79759,79077,79074,-1,-1,229072,-1,188554,-1,271485,229072,-1,-1
-1,77439,71140,-1,-1,82522,-1,-1,77872,-1,-1,200844,80017,-1,-1,-1,227895,236495,-1,-1,82522,-1,71142,241690,-1,82522,71137,255348,82522,-1,-1,71379,-1,-1,75138,269615,-1,82522,202731,228108,-1,-1,-1,1571,81444,-1,279537,-1,77643,200844,-1,82522,-1,-1,260885,276900,-1,-1,-1,200404,-1,82522,-1,226006,200404,-1,-1
-1,261284,252251,-1,-1,243764,-1,-1,80754,-1,-1,243764,80160,-1,-1,-1,83725,255628,-1,-1,236845,-1,79878,77351,-1,255628,198990,73542,243764,-1,-1,270706,-1,-1,74123,83130,-1,255628,274456,259300,-1,-1,-1,1572,72988,77410,77752,-1,273027,273027,-1,255628,-1,-1,278165,271117,-1,-1,-1,236742,-1,255628,-1,76094,236742,-1,-1
-1,230315,230475,-1,-1,230464,-1,-1,230366,-1,-1,230464,-1,-1,-1,-1,234004,230424,-1,-1,230423,-1,230461,234025,-1,230423,230505,230407,230461,-1,-1,230350,-1,-1,-1,230214,-1,230461,234007,230188,-1,-1,-1,1598,-1,-1,230299,-1,230341,230498,-1,230464,-1,-1,230203,230166,-1,-1,-1,230498,-1,230464,-1,-1,230498,-1,-1
-1,230320,230374,-1,-1,230420,-1,-1,230198,-1,-1,230289,-1,-1,-1,-1,230447,230446,-1,-1,230250,-1,230523,236071,-1,230420,230474,230224,230250,-1,-1,230193,-1,-1,-1,230526,-1,230289,230403,230240,-1,-1,-1,1629,-1,-1,230263,-1,230387,230320,-1,230420,-1,-1,230477,233974,-1,-1,-1,230240,-1,230420,-1,-1,230420,-1,-1
79316,205878,243838,-1,-1,197900,-1,263969,80142,-1,80143,197900,80177,-1,-1,-1,210538,270037,-1,-1,239974,-1,235815,258739,-1,197900,73146,228874,197900,233960,-1,80275,-1,-1,240532,261164,-1,197900,73175,257244,-1,-1,-1,1713,259719,243894,206431,-1,239853,228874,-1,197900,81579,83199,266153,73174,269565,-1,83198,267486,276172,197900,75656,73972,267486,-1,80274
-1,275733,239329,-1,-1,211437,-1,255378,256735,-1,-1,229377,237420,-1,-1,-1,78316,211437,-1,-1,263062,-1,250766,241855,-1,211437,78314,231650,211437,-1,-1,78288,-1,-1,70187,236787,-1,211437,70947,276773,-1,-1,-1,1715,275721,245407,252029,-1,211438,211438,-1,211437,82703,-1,78318,78285,82704,-1,-1,211437,-1,211437,-1,263985,276645,-1,-1
-1,233998,230518,-1,-1,230487,-1,-1,233993,-1,-1,230483,-1,-1,-1,-1,236144,230487,-1,-1,230448,-1,230296,236173,-1,230487,234002,230207,230487,-1,-1,230345,-1,-1,-1,233988,-1,230487,236146,236074,-1,-1,-1,1719,-1,-1,230511,-1,230383,230207,-1,230487,-1,-1,234022,230171,-1,-1,-1,236178,-1,230487,-1,-1,236178,-1,-1
-1,220820,253121,-1,-1,72374,-1,82671,188537,-1,-1,271252,247519,-1,-1,-1,247264,257271,-1,-1,72374,-1,251926,260558,-1,72374,263468,77826,72374,-1,-1,264449,-1,-1,257270,257406,-1,72374,82739,262237,-1,-1,-1,1738,71265,73624,210450,-1,222286,262237,-1,72374,81595,-1,218066,223150,73625,-1,-1,253121,-1,72374,-1,253074,211381,-1,-1
-1,232417,232118,-1,-1,248357,-1,83817,241818,-1,-1,248357,78756,-1,-1,-1,79175,78764,-1,-1,265651,-1,257397,78766,-1,248357,238510,78761,248357,-1,-1,78757,-1,-1,82138,224882,-1,248357,80229,76759,-1,-1,-1,1739,78760,83483,78771,-1,229646,78764,-1,248357,79497,-1,213839,254662,79109,-1,-1,78878,-1,248357,-1,276824,78878,-1,-1
-1,191628,237391,-1,-1,271215,-1,-1,235935,-1,-1,270341,80864,-1,-1,-1,274089,225428,-1,-1,219655,-1,242411,277696,-1,271215,220065,80863,270341,-1,-1,72097,-1,-1,83887,73767,-1,235935,252746,271215,-1,-1,-1,1744,80862,232271,202851,-1,208146,225428,-1,270341,83644,-1,272726,73417,-1,-1,-1,237391,-1,270341,-1,265193,254824,-1,-1
-1,225149,277846,-1,-1,254579,-1,-1,77163,-1,-1,228349,270463,-1,-1,-1,246646,254579,-1,-1,267991,-1,75055,279239,-1,254579,239977,70966,254579,-1,-1,219693,-1,-1,223524,205566,-1,254579,199564,273875,-1,-1,-1,1745,255900,251464,201153,-1,210719,254579,-1,254579,75126,-1,262842,186611,275324,-1,-1,277846,-1,254579,-1,80504,261478,-1,-1
-1,220720,267593,-1,-1,257164,-1,76025,252315,-1,-1,259058,244483,-1,-1,-1,262480,257164,-1,-1,251762,-1,74150,271922,-1,257164,266069,258946,257164,-1,-1,268762,-1,-1,224213,79088,-1,257164,270614,73296,-1,-1,-1,1746,198857,270101,74490,-1,271921,258946,-1,257164,225117,-1,234358,230858,264402,-1,-1,277515,-1,257164,238873,271924,277515,-1,-1
-1,258763,271256,-1,-1,251537,-1,-1,251537,-1,-1,201438,264863,-1,-1,-1,70115,216334,-1,-1,272399,-1,275019,79828,-1,251537,262026,75081,251537,-1,-1,272568,-1,-1,268068,276023,-1,261531,74864,261531,-1,-1,-1,1750,79837,78540,234905,-1,268067,201438,-1,261531,268069,-1,75738,255754,76933,-1,-1,271256,-1,251537,-1,70273,277178,-1,-1
-1,191153,234638,-1,-1,74175,-1,227866,229678,-1,-1,279832,82508,-1,-1,-1,238195,71070,-1,-1,74175,-1,77089,210688,-1,74175,81273,71292,74175,-1,-1,261762,-1,-1,77077,278701,-1,74175,71084,80326,-1,-1,-1,1756,77086,79572,71059,-1,246911,246911,-1,74175,251276,-1,79211,273615,73434,-1,-1,71292,-1,74175,78050,267694,277026,-1,-1
-1,264817,273978,-1,-1,244842,-1,-1,257546,-1,-1,77081,78055,-1,-1,-1,69965,244842,-1,-1,74789,-1,255940,78056,-1,244842,274844,276899,244842,-1,-1,268401,-1,-1,78058,267729,-1,244842,77078,264297,-1,-1,-1,1757,78246,-1,259402,-1,277771,273978,-1,244842,-1,-1,241948,275000,-1,-1,-1,244842,-1,244842,-1,78057,271353,-1,-1
-1,204424,71258,-1,-1,224483,-1,-1,277843,-1,-1,246434,80289,-1,-1,-1,80083,277844,-1,-1,258977,-1,224483,81416,-1,224483,229504,201301,258977,-1,-1,256082,-1,-1,272385,83659,-1,224483,270471,251595,-1,-1,-1,1786,266284,268273,210646,-1,223566,223566,-1,224483,235904,-1,271988,210642,260379,-1,-1,228431,-1,224483,-1,83797,228431,-1,-1
-1,210715,256778,-1,-1,238132,-1,80737,208564,-1,-1,238132,73636,-1,-1,-1,77555,74229,-1,-1,73638,-1,242090,262173,-1,238132,231233,227520,242090,-1,-1,77605,-1,-1,209957,77545,-1,238132,74845,77520,-1,-1,-1,1788,74914,80323,79852,-1,73643,227520,-1,238132,82892,-1,79555,257921,81690,-1,-1,242090,-1,238132,71342,81958,77652,-1,81693
72969,239898,225667,-1,-1,225667,-1,262316,276070,-1,278134,262748,236650,-1,-1,-1,233276,232412,-1,-1,196916,-1,71215,219551,-1,225667,211506,225557,262748,213677,-1,237213,-1,-1,270844,237415,-1,253057,227686,253057,-1,-1,-1,1790,255703,240867,258910,-1,222399,196916,-1,262748,278823,278602,70192,240784,206083,-1,79596,221692,272863,225667,205352,276677,221692,-1,273082
276943,263032,255210,-1,248741,201368,-1,255767,275988,-1,275351,269903,200759,-1,-1,-1,275372,201368,-1,74358,250853,-1,272604,221282,-1,201368,256620,75768,201368,268909,-1,236551,-1,-1,192622,251288,-1,201368,261004,256556,-1,-1,-1,1792,273599,276302,257167,-1,72708,201368,-1,255210,233957,254328,210644,224947,278049,-1,78149,263115,276117,201368,70996,271296,263115,-1,243849
-1,212710,277922,-1,-1,238839,-1,274348,208052,-1,-1,264644,201911,-1,-1,-1,231951,265789,-1,-1,238839,-1,268267,242643,-1,265789,272862,266873,265789,-1,-1,203398,-1,-1,228517,265645,-1,265789,186395,256555,-1,-1,-1,1793,260401,277897,263101,-1,228106,208052,-1,238839,274404,-1,258931,225342,253106,-1,-1,238839,-1,238839,277357,228684,214876,-1,78126
-1,240987,238058,-1,-1,279572,-1,278288,264196,-1,-1,271816,221269,-1,-1,-1,224081,279572,-1,-1,271063,-1,234741,246763,-1,248050,272651,236600,248050,-1,-1,189682,-1,-1,230005,246155,-1,279572,231005,248050,-1,-1,-1,1794,233510,195859,240783,-1,277552,236600,-1,248050,277598,-1,213693,200715,245715,-1,-1,279572,-1,248050,253969,248405,206534,-1,75000
-1,247611,242217,-1,-1,242794,-1,273600,247623,-1,-1,279078,70252,-1,-1,-1,200521,242794,-1,-1,198861,-1,241168,252883,-1,242794,266245,246695,242794,-1,-1,254807,-1,-1,262171,271983,-1,247623,273918,225775,-1,-1,-1,1795,275196,259215,71181,-1,264509,242794,-1,242794,248473,-1,81538,234803,251187,-1,-1,242794,-1,242794,-1,70582,270398,-1,-1
-1,220407,239373,-1,-1,235619,-1,225147,188377,-1,-1,258171,205569,-1,-1,-1,227503,257084,-1,-1,277068,-1,235619,264880,-1,188377,217826,272777,277068,-1,-1,271121,-1,-1,273927,231485,-1,243669,256268,262042,-1,-1,-1,1796,186905,202617,234569,-1,230708,188377,-1,235619,228151,-1,241173,269096,262642,-1,-1,239373,-1,235619,242660,252316,243669,-1,253150
-1,214088,235742,-1,-1,228153,-1,79718,210029,-1,80294,275763,240611,-1,-1,-1,247140,268443,-1,-1,228153,-1,227881,264221,-1,228153,216268,261640,228153,78242,-1,251830,-1,-1,271808,277613,-1,228153,186449,211514,-1,-1,-1,1797,73910,74860,220862,-1,230839,210029,-1,228153,240967,-1,73524,263907,278125,-1,-1,235742,78074,228153,273979,272456,78258,-1,70432
-1,223727,225509,-1,-1,221279,-1,71069,224447,-1,-1,239023,215374,-1,-1,-1,228781,221279,-1,-1,248774,-1,208302,222714,-1,221279,224956,250810,221279,-1,-1,223977,-1,-1,263801,257487,-1,221279,228148,241828,-1,-1,-1,1798,235618,265573,194964,-1,200840,241828,-1,221279,276386,-1,231408,225511,264415,-1,-1,221279,-1,221279,256442,223373,210724,-1,-1
-1,233306,238756,-1,-1,259377,-1,242619,237646,-1,-1,206516,236988,-1,-1,-1,73895,259240,-1,-1,240947,-1,235353,74133,-1,259377,232730,213991,259240,-1,-1,243388,-1,-1,203824,190456,-1,259377,258444,250954,-1,-1,-1,1799,276718,80711,251421,-1,244067,233306,-1,259377,73896,-1,73374,215223,236461,-1,-1,235353,-1,259377,-1,258490,259377,-1,-1
-1,263339,251690,-1,-1,251690,-1,-1,251626,-1,-1,254910,71106,-1,-1,-1,241645,212118,-1,-1,239529,-1,236784,251555,-1,251690,251198,257253,251690,-1,-1,273616,-1,-1,255976,246873,-1,251690,240500,232755,-1,-1,-1,1800,196952,72423,235744,-1,233047,212118,-1,251690,264584,-1,261335,204825,-1,-1,-1,238743,-1,251690,-1,213147,238743,-1,-1
-1,190179,262227,-1,-1,225071,-1,278636,236390,-1,-1,243520,206653,-1,-1,-1,240673,225071,-1,-1,234783,-1,264180,214906,-1,225071,190583,264141,225071,-1,-1,215638,-1,-1,228410,264421,-1,264180,231292,240496,-1,-1,-1,1801,69992,201884,263230,-1,235464,225071,-1,264180,272705,-1,230136,228369,277315,-1,-1,264039,-1,225071,270757,264120,264039,-1,77746
-1,19541,211098,-1,-1,211098,-1,235014,240248,-1,-1,189160,276942,-1,-1,-1,272886,241409,-1,-1,228577,-1,247833,232102,-1,211098,198776,265596,223981,-1,-1,250811,-1,-1,74222,259228,-1,211098,233865,223981,-1,-1,-1,1802,194759,257261,231411,-1,256482,228577,-1,211098,81344,-1,179746,236337,74107,-1,-1,211098,-1,211098,-1,78150,256786,-1,-1
-1,275272,260728,-1,-1,265829,-1,259475,259091,-1,-1,255196,264367,-1,-1,-1,79057,223918,-1,-1,276047,-1,240583,70029,-1,265829,271445,260818,265829,-1,-1,264352,-1,-1,79112,75149,-1,255196,212683,265829,-1,-1,-1,1803,257793,80387,230812,-1,202408,202408,-1,265829,72528,-1,186783,229393,276994,-1,-1,267941,-1,265829,271099,83185,267941,-1,-1
-1,200525,275972,-1,-1,200210,-1,-1,251819,-1,-1,200667,258805,-1,-1,-1,216227,200210,-1,-1,204979,-1,279625,231396,-1,200210,213105,216791,200210,-1,-1,234940,-1,-1,201093,260473,-1,200210,245340,240446,-1,-1,-1,1804,254135,227682,257330,-1,214682,200210,-1,200210,-1,-1,214896,251522,-1,-1,-1,200210,-1,200210,-1,71973,229367,-1,-1
-1,276761,261815,-1,-1,224590,-1,-1,220030,-1,-1,83194,70006,-1,-1,-1,74497,257584,-1,-1,224590,-1,265689,270849,-1,224590,265545,260159,224590,-1,-1,251385,-1,-1,242391,79623,-1,224590,248821,258446,-1,-1,-1,1805,80544,248711,244042,-1,244476,220030,-1,224590,-1,-1,275714,228912,-1,-1,-1,224590,-1,224590,-1,277938,248775,-1,-1
-1,276944,266774,-1,-1,260478,-1,80874,277835,-1,-1,264035,255409,-1,-1,-1,255590,213689,-1,-1,72557,-1,260478,259869,-1,189615,211504,264731,189615,-1,-1,255446,-1,-1,241643,266180,-1,260478,213905,189615,-1,-1,-1,1806,200408,243585,258093,-1,238389,238389,-1,189615,271227,-1,187936,169493,83648,-1,-1,262082,-1,260478,-1,268820,262082,-1,-1
-1,273839,211384,-1,-1,229910,-1,268544,198377,-1,79598,268435,272702,-1,-1,-1,274394,83205,-1,-1,229910,-1,74956,80475,-1,229910,222994,73759,229910,279871,-1,212100,-1,-1,205897,80478,-1,229910,80724,267476,-1,-1,-1,1807,81388,253034,233045,-1,189456,198377,-1,229910,218658,80851,77544,80479,270129,-1,-1,211384,82911,229910,80723,80476,226507,-1,76569
-1,258498,255565,-1,-1,190765,-1,274699,248793,-1,-1,190765,240734,-1,-1,-1,138412,271800,-1,-1,272500,-1,257400,251479,-1,190765,277283,258908,190765,-1,-1,208004,-1,-1,206594,225863,-1,190765,245637,235152,-1,-1,-1,1808,78227,81895,269278,-1,199915,199915,-1,186146,243588,-1,73885,188836,207616,-1,-1,186146,-1,186146,-1,241585,186146,-1,-1
-1,265526,76803,-1,-1,242534,-1,80691,242195,-1,-1,74491,80771,-1,-1,-1,80696,271721,-1,-1,242534,-1,237936,257970,-1,254121,79390,254121,242534,251845,-1,72099,-1,-1,70015,80695,-1,242534,269923,201042,-1,-1,-1,1809,277820,78379,269719,-1,235244,201042,-1,242534,80775,-1,266299,224322,80772,-1,-1,76803,-1,242534,80773,243201,252937,-1,80774
-1,190195,262738,-1,-1,254996,-1,-1,254996,-1,-1,240057,277942,-1,-1,-1,251439,261141,-1,-1,81789,-1,252599,74502,-1,254996,269293,243599,254996,-1,-1,278205,-1,-1,74416,79515,-1,254996,80239,239502,-1,-1,-1,1814,276324,73080,247209,-1,199051,252599,-1,254996,80240,-1,255216,199705,82952,-1,-1,240133,-1,254996,-1,77539,240133,-1,-1
-1,229168,246790,-1,-1,246790,-1,266486,78158,-1,-1,73067,75926,-1,-1,-1,183256,264512,-1,-1,228759,-1,279474,72170,-1,246790,208861,71777,246790,-1,-1,228983,-1,-1,78347,230019,-1,246790,74645,235553,-1,-1,-1,1815,80270,74644,215245,-1,259119,235553,-1,246790,274845,-1,80268,263920,74732,-1,-1,223283,-1,246790,74733,270340,223283,-1,-1
-1,223898,256902,-1,-1,244542,-1,78578,266205,-1,78579,274440,238464,-1,-1,-1,271014,203128,-1,-1,79610,-1,263107,242841,-1,256902,264501,70025,263107,83262,-1,251915,-1,-1,80782,70018,-1,79610,271247,202562,-1,-1,-1,1816,72308,77362,70022,-1,244542,256902,-1,256902,278119,-1,237198,204034,82697,-1,-1,79610,82701,256902,73290,78233,273522,-1,82137
-1,230727,264441,-1,-1,271688,-1,82204,252577,-1,-1,235888,74326,-1,-1,-1,262344,209618,-1,-1,276827,-1,271688,199191,-1,271688,80537,279768,271688,-1,-1,80486,-1,-1,82696,74472,-1,271688,257320,262289,-1,-1,-1,1819,71611,80534,70885,-1,238749,230727,-1,271688,80620,-1,279224,196316,79611,-1,-1,271688,-1,271688,84047,76244,262657,-1,243595
-1,212735,78660,-1,-1,234537,-1,74480,78649,-1,-1,234537,78662,-1,-1,-1,74077,71778,-1,-1,238996,-1,78658,78651,-1,234537,230043,278034,234537,80843,-1,80901,-1,-1,79249,276017,-1,234537,228457,76730,-1,-1,-1,1823,75251,78654,231263,-1,209320,209320,-1,234537,82772,-1,72306,188881,80554,-1,-1,78661,-1,234537,82694,226205,78661,-1,205747
-1,277929,269728,-1,-1,232639,-1,75810,256500,-1,82822,270670,253444,-1,-1,-1,218339,232639,-1,-1,268896,-1,192318,274952,-1,269701,257540,270846,232639,82099,-1,257278,-1,-1,202316,71672,-1,269701,233301,269701,-1,-1,-1,1824,76519,183513,225126,-1,236532,236532,-1,232639,275328,-1,76282,227370,81535,-1,-1,244257,-1,232639,78474,204529,244257,-1,278228
-1,265763,256634,-1,-1,253693,-1,270027,234407,-1,-1,253693,72779,-1,-1,-1,259194,251662,-1,-1,257054,-1,240756,78482,-1,255454,261200,244000,255454,83121,-1,269869,-1,-1,248575,271441,-1,240756,245228,255454,-1,-1,-1,1825,225849,257007,71590,-1,205433,205433,-1,255454,79325,-1,73157,256873,250876,-1,-1,261653,-1,255454,265783,247179,261653,-1,251298
-1,199339,71297,-1,-1,224925,-1,79394,79335,-1,268533,73160,238684,-1,-1,-1,72775,73995,-1,-1,224925,-1,269993,224395,-1,224925,238563,239700,224925,76802,-1,79333,-1,-1,252031,256232,-1,224925,72780,73294,-1,-1,-1,1826,213949,264168,70237,-1,270009,224925,-1,71297,270940,-1,251440,276674,220881,-1,-1,71297,247058,224925,72776,80560,257916,-1,223751
-1,201269,247026,-1,-1,193254,-1,-1,232658,-1,-1,250941,215449,-1,-1,-1,276583,271659,-1,-1,211999,-1,239138,257771,-1,193254,211879,265576,193254,-1,-1,268116,-1,-1,276489,241941,-1,193254,229286,193254,-1,-1,-1,1831,252456,278229,276372,-1,234575,193254,-1,193254,80165,-1,225632,257480,-1,-1,-1,193254,-1,193254,-1,247028,277799,-1,-1
-1,246240,71474,-1,-1,228245,-1,81655,192658,-1,-1,72128,253202,-1,-1,-1,257283,228082,-1,-1,74004,-1,228245,254480,-1,228245,237540,203161,228245,-1,-1,274924,-1,-1,70149,244491,-1,228245,81846,274093,-1,-1,-1,1832,263273,71473,263413,-1,79269,228245,-1,228245,73158,-1,242527,208679,70186,-1,-1,228245,-1,228245,73013,227511,231624,-1,265198
-1,275325,241628,-1,-1,252290,-1,206306,236541,-1,-1,251951,234903,-1,-1,-1,278966,252290,-1,-1,219952,-1,276736,208424,-1,219952,271575,229082,252290,-1,-1,279093,-1,-1,72324,219852,-1,252290,270088,261243,-1,-1,-1,1837,173165,278014,185144,-1,264044,219952,-1,252290,235834,-1,236767,270756,220509,-1,-1,253019,-1,252290,236791,77381,253019,-1,81377
-1,255303,274616,-1,-1,247888,-1,82808,278339,-1,-1,254982,81328,-1,-1,-1,248857,246877,-1,-1,266636,-1,271577,229743,-1,247888,268683,278668,247888,-1,-1,252964,-1,-1,221331,73095,-1,247888,74768,78037,-1,-1,-1,1842,237586,80407,252942,-1,220523,220523,-1,247888,208596,-1,71730,271199,205850,-1,-1,220523,-1,247888,-1,73838,247888,-1,-1
-1,199904,257111,-1,-1,244874,-1,-1,268860,-1,-1,240100,73847,-1,-1,-1,245035,244874,-1,-1,244836,-1,224982,222982,-1,224982,220491,224378,244874,-1,-1,276451,-1,-1,78144,199763,-1,224982,276443,270926,-1,-1,-1,1843,274270,276754,237502,-1,219956,224378,-1,224982,-1,-1,271213,201976,-1,-1,-1,220165,-1,244874,-1,242392,220165,-1,-1
-1,240785,80630,-1,-1,270084,-1,237772,226260,-1,-1,270084,75137,-1,-1,-1,276951,73933,-1,-1,236368,-1,271202,229456,-1,73933,210671,262474,270084,-1,-1,237040,-1,-1,81336,205691,-1,73933,251603,80627,-1,-1,-1,1848,252033,205548,201285,-1,235916,235916,-1,73933,258505,-1,76540,278099,262091,-1,-1,220915,-1,73933,279701,278352,220915,-1,264467
-1,199005,274209,-1,-1,274209,-1,76756,214622,-1,-1,82834,241055,-1,-1,-1,247328,243312,-1,-1,74774,-1,264173,252865,-1,274209,262500,245290,274209,-1,-1,233588,-1,-1,72563,274082,-1,243312,246011,252327,-1,-1,-1,1853,242279,80678,267873,-1,276820,243312,-1,274209,269146,-1,216475,271532,80679,-1,-1,271414,-1,274209,241591,70967,271414,-1,-1
-1,199493,223853,-1,-1,223853,-1,83697,243756,-1,-1,213577,246844,-1,-1,-1,255879,269644,-1,-1,255572,-1,229631,79560,-1,269644,252485,225161,223853,-1,-1,74163,-1,-1,76947,234032,-1,223853,266117,266118,-1,-1,-1,1854,78368,75629,211565,-1,254787,223853,-1,223853,75831,-1,79583,199101,82334,-1,-1,206031,-1,223853,83679,74594,206031,-1,-1
-1,223952,251651,-1,-1,242201,-1,266085,189860,-1,228635,274555,197891,-1,-1,-1,275986,242201,-1,-1,220414,-1,232665,245628,-1,242201,226157,217940,242201,79393,-1,260178,-1,-1,270379,273850,-1,242201,192667,260404,-1,-1,-1,1860,82907,78728,277269,-1,234835,217940,-1,242201,71977,-1,261307,73373,82440,-1,-1,232665,-1,242201,277825,73375,264325,-1,80675
-1,146296,258923,-1,-1,219953,-1,272395,260098,-1,-1,205976,74476,-1,-1,-1,226370,259190,-1,-1,263634,-1,219953,245598,-1,219953,242369,222598,258923,-1,-1,270415,-1,-1,77532,241810,-1,258923,252837,211857,-1,-1,-1,1861,241470,278405,81406,-1,254094,258923,-1,219953,202445,-1,240047,205288,82676,-1,-1,205976,-1,219953,-1,258602,240589,-1,-1
-1,243538,273926,-1,-1,218887,-1,-1,258407,-1,-1,209288,256874,-1,-1,-1,77403,218887,-1,-1,252967,-1,77114,78059,-1,218887,74109,247407,218887,-1,-1,272927,-1,-1,279052,263031,-1,218887,77147,231307,-1,-1,-1,1862,245563,277060,257692,-1,263968,218887,-1,218887,70503,-1,276679,210509,83197,-1,-1,209288,-1,218887,-1,73656,70511,-1,-1
-1,254099,277554,-1,-1,235988,-1,79169,73412,-1,-1,264175,264489,-1,-1,-1,258689,277684,-1,-1,259582,-1,73413,269638,-1,235988,228397,79470,73413,-1,-1,262299,-1,-1,269641,271272,-1,73413,264176,270338,-1,-1,-1,1867,264804,236914,73414,-1,247466,254099,-1,235988,74087,-1,279256,74118,81593,-1,-1,73413,-1,235988,-1,229624,235988,-1,-1
-1,76664,202925,-1,-1,234982,-1,-1,70577,-1,-1,261100,-1,-1,-1,-1,76676,73051,-1,-1,234982,-1,266430,259920,-1,76666,76865,76666,260727,-1,-1,232170,-1,-1,-1,76670,-1,234982,-1,260727,-1,-1,-1,1870,-1,-1,271494,-1,261606,261606,-1,234982,-1,-1,-1,160020,-1,-1,-1,202925,-1,234982,-1,-1,229620,-1,-1
-1,262251,247331,-1,-1,257956,-1,75994,252018,-1,-1,239505,240240,-1,-1,-1,71485,216003,-1,-1,257956,-1,266277,235172,-1,257956,219780,218985,266277,-1,-1,225995,-1,-1,76086,234760,-1,266277,273100,203568,-1,-1,-1,1871,255779,177790,223779,-1,234813,216003,-1,257956,269707,-1,272853,248586,74399,-1,-1,216003,-1,257956,83575,220785,254819,-1,76150
73217,221610,237566,-1,-1,237566,-1,266462,79091,-1,235086,270068,262403,-1,-1,-1,236817,70887,-1,-1,275976,-1,220971,229436,-1,237566,73598,225532,237566,261260,-1,275644,-1,-1,242532,212454,-1,237566,258360,262644,-1,-1,-1,1874,83379,269116,223489,-1,257091,225532,-1,237566,273872,209402,79098,189146,240725,-1,259256,278664,239669,237566,230718,262652,278664,-1,74392
279165,214584,245461,-1,-1,210513,-1,81813,231340,-1,77151,262240,79821,-1,-1,-1,253290,242249,-1,-1,245055,-1,210513,214436,-1,224334,74835,228708,210513,77727,-1,236441,-1,-1,193601,259788,-1,224334,272951,224334,-1,-1,-1,1876,279934,81615,244205,-1,72745,214584,-1,210513,216700,81620,274559,246236,245138,-1,279174,231340,279168,210513,279166,278020,221125,-1,82264
219576,201095,240663,-1,-1,207439,-1,179813,247368,-1,83580,207439,259789,-1,-1,-1,242971,72006,-1,-1,232244,-1,260601,258746,-1,207439,191740,272723,207439,246263,-1,219841,-1,-1,178566,274947,-1,207439,220332,257185,-1,-1,-1,1877,241607,262083,215202,-1,261097,207439,-1,207439,74779,261161,252238,268619,83579,-1,76821,207439,220148,207439,214665,243684,246690,-1,238331
-1,231691,260843,-1,-1,253213,-1,79804,228881,-1,213272,224019,81306,-1,-1,-1,236773,75074,-1,-1,253213,-1,208250,183394,-1,260843,83345,219461,260843,203535,-1,262815,-1,-1,215930,244523,-1,260843,83501,236535,-1,-1,-1,1884,79813,230767,222262,-1,221422,208250,-1,260843,224301,83271,253283,224846,82909,-1,-1,208250,193881,253213,263693,247861,82904,-1,82998
-1,221610,236772,-1,-1,236772,-1,-1,263233,-1,-1,234171,73598,-1,-1,-1,254159,70903,-1,-1,79091,-1,234087,188537,-1,236772,247026,204638,236772,-1,-1,253170,-1,-1,274968,245710,-1,236772,261210,260908,-1,-1,-1,1886,231254,276214,276232,-1,256780,236772,-1,236772,258708,-1,272566,268099,-1,-1,-1,236772,-1,236772,-1,78801,236510,-1,-1
-1,229255,223302,-1,-1,257194,-1,-1,263653,-1,-1,257194,273750,-1,-1,-1,74649,71477,-1,-1,273840,-1,81518,81283,-1,266461,80025,266660,257194,-1,-1,247040,-1,-1,275516,270870,-1,266461,262954,266461,-1,-1,-1,1887,80026,71476,76786,-1,253276,223302,-1,266461,79308,-1,83065,79309,81519,-1,-1,189303,-1,257194,-1,71478,189303,-1,-1
-1,262417,267633,-1,-1,267633,-1,260322,258786,-1,-1,225696,78722,-1,-1,-1,277070,277878,-1,-1,256526,-1,255257,272422,-1,267633,276412,209816,267633,-1,-1,74885,-1,-1,256768,271576,-1,267633,252864,235634,-1,-1,-1,1888,270732,80023,277047,-1,263114,209816,-1,267633,80552,-1,80741,270921,77187,-1,-1,267633,-1,267633,257969,74333,72337,-1,214942
-1,74165,252164,-1,-1,245790,-1,244963,189221,-1,-1,245319,258271,-1,-1,-1,271289,74314,-1,-1,74067,-1,259849,252139,-1,264488,72690,235854,245790,-1,-1,73044,-1,-1,269088,243355,-1,245790,205598,264488,-1,-1,-1,1891,72691,79479,226720,-1,73128,189221,-1,245790,207762,-1,210556,235574,80885,-1,-1,252164,-1,245790,79323,79443,245790,-1,-1
-1,223571,78282,-1,-1,257558,-1,82428,225699,-1,-1,225738,224591,-1,-1,-1,245986,276742,-1,-1,257558,-1,78837,74370,-1,257558,234772,211556,257558,-1,-1,80084,-1,-1,80662,251642,-1,257558,74583,233911,-1,-1,-1,1894,78838,257025,199823,-1,269223,211556,-1,257558,79655,-1,79459,220346,261011,-1,-1,78282,-1,257558,84361,241682,78836,-1,-1
-1,258936,259070,-1,-1,269420,-1,81975,258315,-1,-1,269420,77349,-1,-1,-1,264418,228336,-1,-1,162347,-1,251377,277871,-1,213516,264438,255471,213516,-1,-1,76240,-1,-1,241976,240453,-1,269420,247138,245597,-1,-1,-1,1896,271495,80290,272668,-1,264191,213516,-1,213516,74611,-1,210679,276988,77188,-1,-1,213516,-1,213516,268468,279731,213516,-1,-1
-1,203239,275545,-1,-1,275545,-1,-1,271451,-1,-1,279769,274078,-1,-1,-1,270729,79448,-1,-1,78453,-1,262430,76298,-1,275545,276425,276442,275545,-1,-1,79295,-1,-1,83779,77107,-1,275545,258536,79049,-1,-1,-1,1900,261133,-1,80637,-1,251681,251681,-1,275545,-1,-1,78060,244020,-1,-1,-1,275545,-1,275545,-1,198511,77106,-1,-1
-1,239272,74749,-1,-1,262473,-1,75946,270702,-1,80699,239361,257959,-1,-1,-1,265788,277483,-1,-1,262025,-1,274357,269246,-1,262473,256890,207725,262473,83784,-1,235222,-1,-1,83188,247330,-1,262473,258730,262473,-1,-1,-1,1903,83645,79113,231836,-1,193440,193440,-1,262473,80147,277635,205693,215546,83380,-1,239379,239361,82733,262473,266517,271746,263268,-1,83555
-1,244256,176571,-1,-1,188154,-1,80742,72711,-1,-1,244853,69987,-1,-1,-1,73599,261386,-1,-1,251812,-1,188154,241693,-1,188154,274449,185349,188154,-1,-1,198811,-1,-1,80766,238840,-1,188154,273962,80029,-1,-1,-1,1904,80579,80581,224185,-1,250813,251812,-1,188154,268561,-1,252082,199568,80580,-1,-1,188154,-1,188154,-1,233101,267465,-1,-1
79190,190778,254789,-1,-1,260076,-1,271147,263099,-1,82185,71532,199422,-1,-1,-1,78138,260076,-1,-1,80911,-1,264263,266071,-1,260076,75519,273752,254789,83392,-1,268106,-1,-1,83550,75516,-1,260076,81231,78784,-1,-1,-1,1906,241835,200696,244513,-1,264288,254789,-1,254789,74460,82331,267974,272958,77934,-1,83958,245902,272961,254789,80671,267446,245902,-1,76396
-1,199833,70801,-1,-1,274927,-1,78164,262311,-1,-1,274927,239371,-1,-1,-1,256887,259563,-1,-1,252383,-1,245338,277968,-1,274834,229593,277447,274834,-1,-1,259673,-1,-1,269232,77415,-1,274834,224163,274834,-1,-1,-1,1908,70539,81589,259478,-1,208462,208462,-1,274927,76729,-1,184457,176094,82365,-1,-1,236498,-1,274927,83816,79398,236498,-1,259163
-1,253211,270931,-1,-1,204060,-1,83917,253220,-1,81299,73355,203725,-1,-1,-1,229155,262580,-1,-1,277809,-1,204060,193091,-1,204060,262334,234679,204060,83916,-1,266653,-1,-1,268436,81346,-1,277809,255579,70725,-1,-1,-1,1910,205995,80556,232829,-1,264728,204060,-1,204060,265747,-1,239881,199987,83413,-1,-1,204060,-1,204060,80557,270578,199386,-1,80813
-1,273882,262397,-1,-1,259131,-1,77718,277672,-1,-1,259131,275856,-1,-1,-1,76746,210010,-1,-1,70569,-1,264452,269120,-1,259131,266448,251754,259131,-1,-1,277703,-1,-1,279010,76135,-1,210010,256307,252999,-1,-1,-1,1913,74337,80490,255015,-1,79163,262397,-1,259131,83556,-1,237807,218212,83175,-1,-1,262397,-1,259131,72893,76747,262732,-1,-1
-1,279508,257484,-1,-1,226539,-1,70144,278911,-1,-1,231150,75528,-1,-1,-1,277943,220763,-1,-1,226539,-1,260910,259443,-1,231150,237732,242690,226539,76473,-1,272980,-1,-1,80582,266417,-1,231150,70545,233098,-1,-1,-1,1914,78785,81547,265741,-1,262889,220763,-1,257484,82107,-1,242528,244676,82108,-1,-1,279948,-1,226539,275419,259401,279948,-1,81546
-1,250916,275418,-1,-1,275418,-1,83279,257957,-1,-1,262222,275327,-1,-1,-1,277411,275411,-1,-1,75838,-1,273008,72299,-1,275418,269744,262220,275418,-1,-1,79814,-1,-1,268108,74348,-1,275418,261457,200122,-1,-1,-1,1915,80523,80527,204684,-1,74140,257957,-1,275418,80503,-1,224324,228860,77798,-1,-1,275418,-1,275418,80500,80526,271932,-1,275867
-1,263214,240808,-1,-1,240808,-1,262049,193900,-1,-1,247731,259389,-1,-1,-1,241825,242423,-1,-1,253403,-1,246054,262569,-1,240808,245020,264305,240808,-1,-1,225589,-1,-1,190852,239800,-1,240808,269691,208806,-1,-1,-1,1917,82358,277512,254858,-1,218576,264305,-1,240808,278104,-1,269156,251165,70030,-1,-1,271018,-1,240808,75432,263211,271018,-1,82919
-1,269694,237619,-1,-1,237619,-1,75427,234229,-1,-1,252376,247395,-1,-1,-1,197975,270017,-1,-1,242181,-1,251306,246847,-1,237619,241419,242800,237619,-1,-1,278097,-1,-1,264511,234941,-1,237619,243619,241824,-1,-1,-1,1919,260001,83529,272365,-1,223159,252376,-1,237619,229274,-1,259926,217096,278248,-1,-1,244296,-1,237619,-1,224265,244296,-1,-1
-1,227529,261211,-1,-1,205818,-1,-1,205019,-1,-1,205818,259276,-1,-1,-1,263950,223902,-1,-1,72582,-1,260439,236702,-1,205818,74303,209493,227961,-1,-1,248469,-1,-1,272446,263648,-1,205818,237731,227961,-1,-1,-1,1920,83240,220635,242212,-1,217332,223902,-1,205818,-1,-1,273619,267739,-1,-1,-1,261211,-1,205818,-1,169498,266828,-1,-1
-1,259596,278102,-1,-1,227995,-1,-1,261225,-1,-1,225441,231199,-1,-1,-1,258984,257699,-1,-1,227995,-1,202464,279739,-1,227995,204412,228419,278193,-1,-1,237169,-1,-1,241411,205054,-1,227995,253055,278193,-1,-1,-1,1923,83042,263376,206134,-1,253465,202464,-1,202464,229375,-1,278136,193013,-1,-1,-1,202686,-1,227995,-1,240697,202686,-1,-1
-1,240597,226172,-1,-1,226172,-1,76257,264514,-1,-1,246349,258529,-1,-1,-1,247722,245531,-1,-1,267868,-1,267419,189177,-1,226172,256481,226102,226172,-1,-1,173671,-1,-1,208989,243279,-1,226172,76969,235347,-1,-1,-1,1924,209675,72583,206536,-1,264411,226102,-1,226172,80473,-1,194122,213408,74652,-1,-1,79284,-1,226172,72431,243056,79284,-1,-1
-1,240913,229723,-1,-1,229723,-1,-1,277869,-1,-1,265552,238717,-1,-1,-1,278919,235167,-1,-1,270608,-1,260926,248484,-1,235167,183711,224258,235167,-1,-1,243606,-1,-1,256725,248808,-1,229723,231448,224494,-1,-1,-1,1925,73253,263640,241508,-1,242453,229723,-1,229723,231445,-1,75452,264133,-1,-1,-1,275771,-1,229723,-1,236663,275771,-1,-1
-1,229091,242265,-1,-1,252134,-1,-1,274387,-1,-1,277346,278987,-1,-1,-1,237809,258050,-1,-1,225734,-1,252134,230677,-1,252134,216270,247350,252134,-1,-1,230807,-1,-1,244871,263906,-1,252134,261732,205596,-1,-1,-1,1926,265468,260929,234177,-1,205584,205596,-1,252134,-1,-1,245761,262718,-1,-1,-1,213699,-1,252134,-1,241543,213699,-1,-1
-1,243917,73159,-1,-1,73159,-1,279092,247764,-1,-1,213018,194138,-1,-1,-1,255930,266155,-1,-1,224855,-1,184242,232106,-1,73159,233378,223963,73159,-1,-1,200742,-1,-1,202017,258491,-1,73159,277463,257776,-1,-1,-1,1928,239221,222420,245539,-1,257863,224855,-1,73159,76507,-1,270373,173531,277412,-1,-1,195427,-1,73159,73111,277413,195427,-1,-1
-1,242289,266886,-1,-1,252555,-1,-1,192231,-1,-1,236247,228225,-1,-1,-1,257247,277052,-1,-1,242119,-1,228111,258523,-1,252555,235769,245849,242119,-1,-1,209852,-1,-1,204464,246723,-1,252555,199960,252555,-1,-1,-1,1929,75330,222576,76223,-1,263686,192231,-1,252555,277430,-1,279124,242382,-1,-1,-1,266886,-1,252555,-1,265197,271325,-1,-1
-1,207528,228685,-1,-1,238758,-1,278988,274094,-1,-1,251592,208188,-1,-1,-1,251420,206089,-1,-1,248880,-1,238758,80243,-1,251592,203328,258903,238758,-1,-1,229771,-1,-1,254315,252379,-1,251592,231406,70446,-1,-1,-1,1930,272369,83653,243167,-1,235263,206089,-1,238758,194091,-1,206524,203175,79201,-1,-1,198011,-1,238758,272444,78183,198011,-1,80245
-1,169798,278105,-1,-1,186143,-1,74363,229073,-1,-1,241452,258932,-1,-1,-1,263168,186143,-1,-1,241379,-1,210985,241864,-1,186143,70275,276436,186143,-1,-1,229605,-1,-1,261374,264505,-1,186143,245501,229378,-1,-1,-1,1931,74634,266125,76016,-1,269150,186143,-1,186143,70718,-1,212990,233215,73749,-1,-1,225001,-1,186143,-1,262981,225001,-1,-1
-1,276806,180818,-1,-1,180818,-1,-1,234242,-1,-1,245988,264734,-1,-1,-1,221322,272542,-1,-1,255312,-1,271560,239513,-1,234242,70319,228829,245988,-1,-1,254327,-1,-1,80347,270363,-1,234242,279519,224307,-1,-1,-1,1932,71810,-1,224225,-1,277516,245988,-1,255312,-1,-1,71068,278933,-1,-1,-1,198437,-1,255312,-1,239215,198437,-1,-1
-1,223082,270937,-1,-1,239119,-1,-1,205015,-1,-1,252970,243401,-1,-1,-1,243643,239119,-1,-1,251001,-1,221197,263411,-1,239119,266756,237470,239119,-1,-1,248328,-1,-1,218593,262731,-1,239119,251521,226514,-1,-1,-1,1933,274472,80615,251851,-1,250850,205015,-1,239119,276966,-1,235807,278023,-1,-1,-1,205887,-1,239119,-1,203138,205887,-1,-1
-1,202770,242286,-1,-1,193608,-1,80389,263324,-1,247507,204007,82934,-1,-1,-1,277747,243767,-1,-1,279766,-1,230590,77053,-1,240897,243575,240897,240897,241646,-1,79092,-1,-1,274959,74338,-1,240897,271173,193608,-1,-1,-1,1934,83631,75766,200440,-1,200697,193608,-1,240897,80388,-1,71829,223988,82207,-1,-1,240897,265562,240897,278993,189462,219550,-1,236025
-1,213407,216467,-1,-1,236818,-1,80501,225625,-1,77124,270609,264104,-1,-1,-1,211928,222256,-1,-1,236818,-1,225125,273464,-1,236818,263336,241507,236818,194785,-1,215562,-1,-1,262028,205393,-1,236818,279249,230014,-1,-1,-1,1935,81656,74452,258627,-1,74430,241507,-1,236818,81495,-1,79172,273889,263951,-1,-1,258749,-1,236818,71147,81496,258749,-1,76226
-1,203034,251346,-1,-1,202698,-1,-1,72809,-1,-1,202698,252067,-1,-1,-1,78122,70787,-1,-1,228638,-1,245893,243765,-1,202698,73943,229182,202698,-1,-1,241397,-1,-1,80818,229123,-1,202698,275006,266147,-1,-1,-1,1936,254838,277860,76376,-1,173734,173734,-1,202698,80272,-1,231929,75440,-1,-1,-1,245893,-1,202698,-1,275323,262522,-1,-1
-1,257862,254496,-1,-1,227764,-1,-1,241039,-1,-1,206202,239672,-1,-1,-1,241038,278986,-1,-1,227764,-1,253974,233128,-1,227764,72284,263739,227764,-1,-1,200633,-1,-1,272890,272672,-1,227764,256738,235808,-1,-1,-1,1937,83063,77875,211228,-1,234261,235808,-1,227764,-1,-1,78414,271751,-1,-1,-1,227764,-1,227764,-1,278895,257614,-1,-1
-1,225134,278239,-1,-1,240605,-1,-1,71960,-1,-1,260669,271139,-1,-1,-1,278040,270113,-1,-1,240605,-1,78923,255314,-1,240605,255049,193569,240605,-1,-1,70984,-1,-1,239506,275261,-1,240605,78317,256439,-1,-1,-1,1938,78303,252547,255360,-1,274474,240605,-1,240605,83460,-1,72070,78402,-1,-1,-1,264746,-1,240605,-1,70983,264746,-1,-1
-1,198285,243831,-1,-1,220019,-1,80618,240826,-1,-1,222836,231446,-1,-1,-1,211166,233938,-1,-1,243353,-1,220019,222528,-1,220019,264200,273020,220019,-1,-1,257508,-1,-1,212994,268550,-1,220019,226084,208024,-1,-1,-1,1939,271218,272736,220039,-1,262100,198285,-1,220019,230971,-1,242322,204354,77738,-1,-1,237332,-1,220019,-1,231580,237332,-1,-1
-1,211604,228815,-1,-1,233793,-1,82766,203428,-1,-1,264192,233051,-1,-1,-1,229930,233793,-1,-1,222477,-1,213143,190239,-1,233793,227947,204458,233793,-1,-1,202033,-1,-1,242436,226116,-1,233793,223810,250758,-1,-1,-1,1940,83028,74862,207858,-1,215211,222477,-1,233793,225867,-1,173891,222096,273618,-1,-1,269329,-1,233793,-1,70228,269329,-1,-1
-1,269626,277909,-1,-1,261299,-1,269796,278928,-1,-1,83494,81319,-1,-1,-1,220196,232999,-1,-1,261299,-1,255223,70903,-1,261299,224294,248492,255223,-1,-1,246565,-1,-1,271756,190885,-1,261299,76254,256769,-1,-1,-1,1943,271235,236920,213884,-1,236506,236506,-1,261299,237477,-1,223197,172203,266815,-1,-1,256612,-1,261299,-1,278032,256612,-1,-1
-1,231046,212493,-1,-1,212493,-1,-1,262713,-1,-1,222396,266528,-1,-1,-1,188782,263955,-1,-1,230126,-1,207956,215855,-1,212493,272650,235329,212493,-1,-1,233245,-1,-1,238450,271675,-1,212493,201514,244277,-1,-1,-1,1944,70836,238990,189619,-1,262714,222396,-1,212493,-1,-1,263387,79709,-1,-1,-1,256711,-1,212493,-1,263192,256711,-1,-1
-1,246671,232545,-1,-1,219216,-1,271854,253052,-1,-1,225769,225072,-1,-1,-1,235496,219216,-1,-1,255913,-1,236530,250825,-1,219216,186139,262523,219216,-1,-1,242429,-1,-1,225779,237943,-1,219216,237036,263390,-1,-1,-1,1947,269572,169792,216627,-1,221281,221281,-1,219216,236319,-1,246392,207998,222095,-1,-1,219216,-1,219216,-1,236487,235247,-1,-1
-1,238070,263582,-1,-1,250913,-1,252268,211203,-1,271686,270676,242004,-1,-1,-1,239439,220940,-1,-1,250913,-1,239350,208769,-1,220940,237833,219293,250913,269930,-1,211594,-1,-1,263861,270637,-1,250913,213017,258702,-1,-1,-1,1951,259114,275337,271005,-1,242541,220940,-1,220940,278557,-1,226436,204502,263271,-1,-1,220940,73465,220940,173895,70229,75272,-1,277705
-1,258585,202693,-1,-1,243608,-1,73219,224099,-1,-1,246053,213697,-1,-1,-1,226401,233053,-1,-1,241953,-1,240925,207952,-1,246053,200746,204936,246053,-1,-1,254529,-1,-1,258433,235267,-1,243608,70994,243608,-1,-1,-1,1952,268439,73429,251275,-1,272895,224099,-1,243608,225956,-1,270209,220058,248692,-1,-1,220031,-1,243608,79579,277663,220031,-1,74360
-1,75106,237286,-1,-1,270679,-1,273572,271929,-1,-1,238846,243048,-1,-1,-1,237310,246681,-1,-1,233315,-1,270679,233804,-1,238846,243349,238179,270679,-1,-1,222583,-1,-1,266074,234039,-1,270679,266303,268530,-1,-1,-1,1958,278098,80370,233565,-1,230882,230882,-1,270679,72061,-1,257472,209532,77599,-1,-1,271530,-1,270679,80280,254522,271530,-1,-1
-1,213413,260492,-1,-1,260492,-1,-1,243640,-1,-1,258596,275244,-1,-1,-1,261035,275785,-1,-1,259680,-1,233941,221890,-1,232759,70841,248687,232759,-1,-1,272932,-1,-1,248688,186392,-1,232759,263364,232759,-1,-1,-1,1960,74759,278958,244288,-1,216744,248687,-1,232759,71746,-1,244870,234260,74357,-1,-1,276716,-1,232759,-1,212090,276716,-1,-1
-1,238060,278017,-1,-1,269175,-1,-1,223905,-1,-1,269175,257438,-1,-1,-1,257437,234111,-1,-1,259677,-1,225785,277584,-1,234111,227929,256611,256510,-1,-1,72046,-1,-1,278894,75296,-1,234111,231185,256510,-1,-1,-1,1961,265658,-1,206518,-1,205989,205989,-1,234111,-1,-1,70026,277586,-1,-1,-1,234111,-1,234111,-1,268631,263775,-1,-1
-1,262785,235059,-1,-1,240606,-1,-1,251006,-1,-1,198704,226791,-1,-1,-1,251284,268529,-1,-1,200806,-1,276332,211363,-1,240606,82188,273692,240606,-1,-1,223940,-1,-1,268094,246126,-1,240606,246096,240606,-1,-1,-1,1962,230881,-1,263371,-1,231107,231107,-1,240606,-1,-1,203287,235027,-1,-1,-1,275443,-1,240606,-1,241699,275443,-1,-1
-1,271459,207732,-1,-1,202651,-1,75931,220348,-1,-1,279502,79552,-1,-1,-1,199247,276085,-1,-1,202651,-1,231640,253293,-1,202651,265733,74788,202651,-1,-1,278404,-1,-1,80875,264270,-1,202651,80909,76286,-1,-1,-1,1968,264004,276956,273051,-1,260692,220348,-1,202651,74209,-1,73282,225868,70345,-1,-1,231640,-1,202651,239894,74178,76043,-1,-1
-1,269434,266010,-1,-1,266010,-1,-1,263259,-1,-1,275982,252261,-1,-1,-1,268727,271511,-1,-1,274528,-1,263637,259923,-1,266010,222165,256892,266010,-1,-1,80030,-1,-1,80525,245014,-1,266010,257340,248604,-1,-1,-1,1971,80151,82005,274448,-1,265535,256892,-1,266010,80149,-1,80148,261294,73617,-1,-1,248604,-1,266010,-1,205603,271118,-1,-1
-1,243675,79334,-1,-1,262925,-1,-1,233230,-1,-1,74963,270919,-1,-1,-1,80591,262925,-1,-1,251247,-1,252108,205369,-1,262925,76976,210044,262925,-1,-1,261312,-1,-1,184156,235572,-1,262925,72062,70888,-1,-1,-1,2014,79332,229127,73070,-1,275207,210044,-1,262925,270138,-1,270905,263619,74443,-1,-1,79334,-1,262925,-1,261131,272569,-1,-1
-1,277669,73205,-1,-1,203615,-1,81474,276123,-1,-1,244435,259678,-1,-1,-1,276811,73188,-1,-1,74086,-1,203615,274091,-1,203615,272562,72018,203615,-1,-1,79785,-1,-1,276450,277865,-1,203615,266162,270034,-1,-1,-1,2017,251230,75498,244438,-1,208247,244435,-1,203615,76470,-1,77699,257304,79784,-1,-1,276178,-1,203615,258806,73187,276178,-1,-1
-1,278335,214676,-1,-1,257859,-1,226468,265762,-1,-1,257859,235880,-1,-1,-1,278076,220529,-1,-1,252704,-1,276003,71401,-1,257859,79122,276033,220529,-1,-1,216145,-1,-1,80076,209602,-1,276003,76178,271572,-1,-1,-1,2038,245063,81970,220528,-1,237594,220529,-1,257859,208590,-1,212381,198633,271482,-1,-1,214676,-1,257859,251953,74076,79118,-1,73333
-1,278719,241915,-1,-1,266606,-1,-1,266606,-1,-1,268095,70119,-1,-1,-1,72118,77080,-1,-1,191730,-1,271433,80325,-1,266606,81626,256396,266606,-1,-1,77076,-1,-1,-1,257040,-1,266606,273575,260621,-1,-1,-1,2041,-1,-1,279711,-1,238508,256396,-1,266606,-1,-1,227882,201903,-1,-1,-1,268095,-1,266606,-1,72597,264273,-1,-1
77205,252658,255329,-1,-1,261105,-1,233568,247667,-1,261116,252810,266190,-1,-1,-1,228487,243064,-1,-1,242924,-1,261105,248487,-1,261105,266496,273633,268342,237778,-1,261055,-1,-1,71370,255518,-1,268342,242182,268342,-1,-1,-1,2055,266252,256685,274022,-1,259843,273633,-1,261105,72560,270319,274409,267433,73685,-1,274282,255519,252643,261105,260497,276616,255519,-1,70631
70633,267643,179947,-1,83673,225733,-1,266790,266789,-1,274412,211004,260395,-1,-1,-1,83674,228461,-1,83675,76314,-1,222798,264289,-1,225733,234339,255297,225733,274414,-1,267947,-1,-1,274033,266788,-1,225733,71317,246043,-1,-1,-1,2056,233771,266539,252278,-1,212792,225733,-1,225733,70632,70637,276693,274411,77206,-1,70629,225733,77204,225733,77202,229295,225733,-1,260608
-1,195668,243169,-1,-1,237871,-1,276916,255781,-1,-1,237871,79545,-1,-1,-1,242236,79691,-1,-1,235955,-1,231391,269874,-1,237871,270812,262404,237871,-1,-1,73882,-1,-1,274389,264121,-1,243169,70908,251469,-1,-1,-1,10020,80799,79536,197965,-1,258457,231391,-1,237871,75332,-1,236639,268912,79543,-1,-1,243169,-1,237871,-1,80577,243047,-1,-1
-1,193698,265577,-1,-1,244470,-1,78436,244470,-1,-1,244050,246618,-1,-1,-1,73057,228595,-1,-1,276969,-1,256564,232805,-1,244050,216354,276646,244470,76924,-1,245863,-1,-1,70038,263041,-1,244470,271246,259074,-1,-1,-1,10029,76923,232873,216258,-1,239890,193698,-1,244470,71925,-1,279542,257638,74464,-1,-1,256564,-1,244470,73072,211856,71418,-1,279116
-1,271114,239925,-1,-1,238363,-1,276408,278178,-1,-1,238363,250926,-1,-1,-1,257307,276311,-1,-1,266446,-1,252073,79816,-1,238363,266235,236467,238363,-1,-1,276371,-1,-1,78040,275262,-1,238363,274999,276367,-1,-1,-1,10030,80858,81769,238656,-1,269912,236467,-1,238363,72365,-1,212879,234383,73165,-1,-1,252073,-1,238363,-1,212625,266012,-1,-1
-1,247077,73151,-1,-1,229336,-1,276658,243275,-1,-1,258393,271502,-1,-1,-1,264705,229336,-1,-1,270913,-1,210537,83613,-1,229336,176246,79160,229336,83948,-1,206006,-1,-1,77836,243574,-1,229336,83616,271573,-1,-1,-1,10032,73154,237440,79217,-1,240008,210537,-1,229336,239003,-1,258834,219244,277376,-1,-1,244706,-1,229336,70281,76660,244706,-1,83910
-1,219637,231733,-1,-1,231733,-1,219127,79736,-1,-1,73518,80697,-1,-1,-1,239451,254786,-1,-1,255468,-1,229764,73927,-1,231733,258172,246097,231733,-1,-1,263178,-1,-1,75567,275497,-1,231733,75697,226130,-1,-1,-1,10846,271358,80658,235970,-1,224981,254786,-1,231733,74930,-1,245999,257027,76415,-1,-1,231733,-1,231733,-1,228790,252590,-1,-1
-1,244720,78423,-1,-1,70694,-1,-1,78421,-1,-1,262573,80653,-1,-1,-1,277601,70694,-1,-1,276668,-1,78426,236618,-1,70694,79959,255400,70694,-1,-1,78418,-1,-1,275288,268498,-1,70694,176137,78419,-1,-1,-1,15005,271336,80281,75084,-1,239813,255400,-1,70694,83195,-1,251341,201847,81312,-1,-1,78426,-1,70694,-1,78457,262962,-1,-1
-1,262723,240572,-1,-1,78613,-1,-1,223861,-1,-1,78621,78611,-1,-1,-1,75278,262349,-1,-1,78614,-1,238726,262558,-1,78613,259644,278366,78613,-1,-1,265601,-1,-1,234832,78612,-1,78614,243789,78613,-1,-1,-1,15006,278360,78615,234991,-1,70138,70138,-1,78613,79404,-1,266763,259166,78634,-1,-1,238726,-1,78613,-1,247834,268065,-1,-1
-1,205759,70327,-1,-1,262384,-1,73604,239476,-1,-1,229477,277446,-1,-1,-1,199215,79934,-1,-1,240481,-1,262384,223427,-1,262384,264877,223426,276188,-1,-1,258821,-1,-1,73608,73141,-1,276188,277470,276188,-1,-1,-1,15009,274853,275642,262183,-1,228058,205759,-1,262384,71109,-1,75740,79933,79372,-1,-1,229477,-1,262384,-1,83729,257080,-1,-1
-1,204234,275493,-1,-1,275493,-1,265521,224305,-1,-1,208622,278071,-1,-1,-1,278402,201413,-1,-1,270738,-1,250887,80259,-1,275493,213724,74559,275493,-1,-1,206522,-1,-1,253378,217085,-1,275493,243316,77703,-1,-1,-1,15012,269637,79657,277683,-1,79048,79048,-1,275493,268776,-1,244311,205703,80705,-1,-1,275493,-1,275493,225028,264179,251610,-1,-1
-1,225543,222654,-1,-1,211595,-1,73862,246662,-1,82765,260927,239989,-1,-1,-1,275599,211595,-1,-1,251312,-1,266709,256473,-1,211595,261390,247073,211595,81804,-1,264115,-1,-1,223969,276060,-1,211595,264255,240608,-1,-1,-1,15015,73765,257128,251272,-1,236244,247073,-1,211595,83058,-1,255525,271064,83630,-1,-1,222654,-1,211595,80853,224361,240373,-1,78399
-1,219941,223248,-1,-1,199042,-1,-1,215053,-1,-1,264431,75044,-1,-1,-1,176930,199042,-1,-1,238767,-1,275209,224504,-1,199042,263122,253951,199042,-1,-1,277785,-1,-1,84212,259862,-1,199042,275037,228145,-1,-1,-1,15029,83485,-1,223685,-1,232189,199042,-1,199042,-1,-1,239682,189357,-1,-1,-1,199042,-1,199042,-1,78925,206655,-1,-1
-1,270996,251499,-1,-1,248471,-1,277445,79772,-1,-1,270136,79777,-1,-1,-1,258273,248471,-1,-1,231840,-1,265185,271004,-1,248471,200433,268429,248471,-1,-1,250780,-1,-1,79773,270279,-1,248471,278254,73209,-1,-1,-1,15040,79778,76981,258510,-1,259082,231840,-1,248471,79776,-1,277002,263092,258822,-1,-1,231840,-1,248471,-1,79774,240019,-1,-1
-1,221531,267744,-1,-1,244054,-1,73041,271126,-1,-1,244054,213127,-1,-1,-1,258667,268633,-1,-1,236557,-1,266871,213151,-1,244054,71129,268102,244054,-1,-1,79585,-1,-1,278555,200292,-1,244054,187796,219486,-1,-1,-1,15048,225361,78289,255120,-1,222625,244054,-1,268633,243840,-1,73040,52679,270336,-1,-1,211143,-1,268633,73987,206170,211143,-1,207620
-1,243294,277832,-1,-1,210831,-1,80004,246157,-1,-1,260282,244843,-1,-1,-1,246185,209780,-1,-1,210831,-1,237138,276316,-1,210831,237337,201841,210831,-1,-1,259640,-1,-1,268724,263655,-1,210831,220847,246284,-1,-1,-1,100087,73918,263275,260501,-1,232704,210831,-1,210831,76132,-1,79820,231841,258399,-1,-1,209780,-1,210831,-1,75776,237524,-1,-1
-1,193336,262576,-1,-1,202151,-1,73867,241981,-1,83912,226866,72957,-1,-1,-1,229575,79915,-1,-1,270339,-1,78315,74321,-1,202151,210380,229585,78315,224739,-1,72698,-1,-1,80912,80047,-1,78315,226523,202151,-1,-1,-1,100135,72945,80904,218651,-1,234774,193336,-1,78315,73866,-1,212150,269880,239612,-1,-1,78315,-1,202151,74354,258480,270478,-1,80907
-1,272646,190362,-1,-1,205895,-1,76412,243848,-1,-1,205895,256846,-1,-1,-1,246807,75795,-1,-1,75919,-1,275331,221486,-1,205895,82182,80485,205895,-1,-1,266676,-1,-1,74744,82181,-1,205895,78895,76413,-1,-1,-1,100325,234300,277624,234294,-1,75794,190362,-1,205895,76194,-1,275184,279334,84012,-1,-1,190362,-1,205895,-1,264710,82521,-1,-1
-1,242818,236477,-1,-1,236477,-1,77413,73731,-1,-1,236457,202201,-1,-1,-1,256118,246594,-1,-1,257889,-1,274226,74871,-1,236477,240193,244068,236477,-1,-1,224425,-1,-1,258432,229640,-1,236457,268837,269305,-1,-1,-1,100409,263194,72371,259306,-1,236369,242818,-1,236477,82845,-1,266433,271949,74112,-1,-1,274226,-1,236477,257637,80729,199439,-1,269951
-1,244218,247120,-1,-1,271080,-1,262791,237511,-1,-1,72892,233109,-1,-1,-1,246777,250998,-1,-1,239512,-1,256800,79243,-1,256800,246099,269747,271080,271269,-1,269247,-1,-1,80351,277700,-1,256800,72071,271080,-1,-1,-1,100632,254307,266649,244725,-1,228363,228363,-1,72892,77624,-1,73914,240123,82485,-1,-1,259921,-1,271080,192559,251349,259921,-1,271270
-1,162328,255010,-1,-1,237647,-1,82003,200425,-1,72992,264248,228509,-1,-1,-1,268450,223814,-1,-1,237647,-1,269256,259993,-1,237647,245286,247931,237647,73433,-1,257570,-1,-1,269952,258893,-1,237647,223370,264416,-1,-1,-1,100634,254831,263899,202050,-1,255449,223814,-1,237647,268803,-1,269259,268449,243905,-1,-1,73949,79233,237647,82002,253442,73949,-1,82004
-1,79027,270475,-1,-1,221986,-1,83957,79319,-1,-1,221986,80589,-1,-1,-1,79043,70069,-1,-1,266722,-1,275861,276363,-1,221986,79032,79029,221986,-1,-1,79868,-1,-1,79045,79030,-1,221986,77169,76843,-1,-1,-1,100638,79028,80586,79042,-1,212485,212485,-1,221986,80588,-1,81988,261755,80585,-1,-1,221986,-1,221986,80670,210205,277121,-1,83920
-1,228279,279808,-1,-1,269471,-1,80584,82330,-1,-1,79823,250918,-1,-1,-1,258489,231864,-1,-1,269471,-1,242531,177569,-1,269471,236037,74344,269471,-1,-1,186190,-1,-1,82666,260099,-1,269471,198006,73012,-1,-1,-1,100646,271120,269435,237895,-1,199550,199550,-1,269471,73356,-1,79708,208894,279240,-1,-1,230737,-1,269471,278560,70953,230737,-1,-1
-1,220906,243016,-1,-1,260141,-1,-1,262788,-1,-1,260141,270867,-1,-1,-1,275648,277693,-1,-1,203393,-1,223871,276625,-1,260141,211042,79429,223871,-1,-1,210394,-1,-1,263642,73424,-1,260141,72762,251781,-1,-1,-1,100757,83299,80510,256065,-1,238987,260141,-1,260141,79698,-1,219469,72802,83391,-1,-1,223871,-1,260141,-1,269412,263147,-1,-1
-1,247976,251848,-1,-1,251045,-1,-1,257725,-1,-1,251045,245459,-1,-1,-1,275195,78670,-1,-1,73118,-1,257758,230696,-1,78670,277377,78695,251045,-1,-1,251878,-1,-1,79646,262704,-1,251045,257727,248056,-1,-1,-1,100759,79647,80068,256100,-1,79000,257758,-1,251045,83247,-1,205681,247944,84019,-1,-1,251848,-1,251045,-1,79645,270104,-1,-1
-1,75976,247972,-1,-1,247972,-1,70872,247968,-1,-1,257803,246561,-1,-1,-1,216800,259261,-1,-1,253758,-1,278573,235442,-1,247972,223231,270370,247972,-1,-1,256898,-1,-1,79254,73392,-1,247972,258942,248095,-1,-1,-1,100761,205554,252675,228388,-1,236307,247972,-1,247972,70848,-1,205943,248073,256897,-1,-1,247972,-1,247972,76151,229543,266728,-1,-1
-1,240346,248839,-1,-1,211204,-1,-1,251427,-1,-1,261300,246296,-1,-1,-1,83663,237005,-1,-1,211204,-1,211536,264843,-1,211204,277551,211096,211204,-1,-1,214641,-1,-1,233665,79683,-1,211204,264500,73905,-1,-1,-1,100805,80082,-1,204785,-1,216526,211536,-1,211204,-1,-1,215820,256989,-1,-1,-1,211096,-1,211204,-1,233484,236321,-1,-1
-1,251910,272908,-1,-1,73505,-1,-1,248777,-1,-1,241172,246184,-1,-1,-1,83390,80342,-1,-1,212830,-1,73317,241476,-1,73505,243795,215572,73505,-1,-1,74584,-1,-1,266655,256528,-1,73317,252083,210747,-1,-1,-1,100852,80808,76946,269306,-1,240652,210747,-1,212830,75935,-1,80152,237419,83782,-1,-1,73505,-1,73505,-1,266145,73505,-1,-1
-1,234790,264229,-1,-1,270611,-1,82119,211241,-1,-1,230613,74545,-1,-1,-1,246169,267624,-1,-1,243604,-1,270611,264228,-1,267624,208621,225106,270611,-1,-1,196935,-1,-1,82674,258652,-1,270611,70810,274486,-1,-1,-1,100888,271490,79999,227508,-1,274358,225106,-1,267624,80703,-1,252146,242802,83067,-1,-1,260086,-1,270611,198451,267698,260086,-1,-1
-1,235931,239964,-1,-1,223017,-1,80736,223017,-1,-1,80304,70462,-1,-1,-1,263583,255293,-1,-1,220175,-1,232097,240064,-1,80304,248854,233926,236629,-1,-1,263571,-1,-1,255776,205939,-1,223017,262411,236629,-1,-1,-1,101014,245822,267905,230857,-1,241710,233926,-1,241710,262607,-1,262586,188524,75856,-1,-1,239964,-1,223017,81569,241389,212626,-1,-1
-1,240856,224890,-1,-1,224890,-1,209818,228283,-1,-1,244416,262711,-1,-1,-1,223717,216749,-1,-1,224488,-1,234728,230042,-1,224890,229176,263020,244416,-1,-1,244134,-1,-1,274549,243549,-1,244416,248814,201041,-1,-1,-1,101020,278372,75910,70946,-1,205756,224890,-1,224890,268442,-1,279503,223174,263724,-1,-1,234728,-1,224890,235029,277961,260896,-1,-1
-1,257635,246762,-1,-1,260778,-1,-1,230824,-1,-1,263389,80639,-1,-1,-1,80300,233048,-1,-1,264485,-1,260778,258897,-1,260778,277627,229703,263389,-1,-1,247203,-1,-1,80463,241688,-1,263389,234045,279928,-1,-1,-1,101025,80302,266474,262988,-1,271540,229703,-1,260778,234457,-1,251134,269827,-1,-1,-1,204077,-1,260778,-1,245694,204077,-1,-1
-1,232007,73864,-1,-1,73864,-1,-1,80600,-1,-1,276544,81558,-1,-1,-1,72889,72888,-1,-1,269899,-1,258500,266794,-1,258500,243914,72887,276544,-1,-1,189930,-1,-1,83756,264000,-1,276544,250764,269237,-1,-1,-1,101026,259686,73576,83293,-1,262709,232007,-1,73864,73566,-1,83007,260933,277763,-1,-1,80603,-1,73864,-1,74224,80603,-1,-1
-1,166963,278926,-1,-1,215455,-1,-1,225555,-1,-1,228382,72731,-1,-1,-1,251545,211408,-1,-1,251894,-1,224724,263132,-1,225555,262137,258708,225555,-1,-1,224302,-1,-1,276394,232413,-1,225555,241094,201955,-1,-1,-1,101032,80001,79135,206104,-1,269402,166963,-1,215455,-1,-1,79131,234735,-1,-1,-1,215455,-1,215455,-1,279624,215455,-1,-1
-1,235460,268787,-1,-1,224885,-1,78968,231526,-1,-1,266731,73312,-1,-1,-1,259675,215531,-1,-1,253491,-1,73437,244709,-1,224885,237239,212269,224885,-1,-1,80000,-1,-1,261422,245355,-1,224885,215195,224885,-1,-1,-1,101033,268678,75904,251260,-1,258777,224885,-1,224885,251800,-1,251842,278024,228918,-1,-1,224885,-1,224885,275258,231390,258685,-1,264284
-1,242179,234983,-1,-1,234983,-1,-1,275690,-1,-1,277626,78133,-1,-1,-1,276547,224718,-1,-1,275691,-1,248060,277217,-1,234983,258040,263021,234983,-1,-1,245710,-1,-1,278369,277568,-1,212045,70241,212045,-1,-1,-1,101037,277293,244949,250807,-1,241708,212045,-1,234983,-1,-1,73936,259149,-1,-1,-1,215323,-1,234983,-1,80458,215323,-1,-1
-1,252789,244374,-1,-1,194794,-1,81754,258308,-1,-1,244373,80381,-1,-1,-1,74069,243256,-1,-1,194794,-1,274724,73094,-1,244374,277439,245132,244374,-1,-1,237109,-1,-1,271546,277442,-1,244374,274726,266755,-1,-1,-1,101047,71066,278569,271704,-1,71330,194794,-1,194794,81968,-1,271542,274730,82483,-1,-1,194794,-1,194794,-1,271544,74978,-1,-1
-1,265628,277448,-1,-1,255074,-1,80917,268411,-1,-1,70845,83057,-1,-1,-1,230559,274732,-1,-1,255074,-1,77883,215703,-1,255074,277194,248698,255074,-1,-1,278075,-1,-1,74097,72919,-1,255074,263804,277193,-1,-1,-1,101059,80916,271548,246728,-1,229528,229528,-1,255074,71331,-1,77760,72917,70862,-1,-1,255074,-1,255074,80882,242021,255472,-1,75802
-1,182494,75073,-1,-1,242426,-1,70698,258090,-1,-1,261015,228179,-1,-1,-1,143121,251132,-1,-1,253287,-1,242426,267602,-1,242426,75343,269934,261015,-1,-1,248137,-1,-1,268558,199667,-1,242426,256287,248053,-1,-1,-1,101083,263690,245437,215353,-1,199669,199669,-1,242426,81629,-1,271512,276829,71491,-1,-1,215334,-1,242426,75348,74813,215334,-1,-1
-1,237576,215998,-1,-1,215998,-1,273081,271832,-1,-1,74814,261171,-1,-1,-1,76064,81809,-1,-1,264578,-1,263474,274145,-1,233777,275438,262150,215998,-1,-1,261177,-1,-1,76917,221219,-1,233777,268732,233777,-1,-1,-1,101084,273092,261441,257676,-1,253278,237576,-1,233777,74781,-1,70699,70137,78324,-1,-1,240811,-1,215998,83795,205633,240811,-1,-1
-1,232645,253242,-1,-1,236668,-1,84323,270215,-1,-1,246336,79248,-1,-1,-1,255878,246033,-1,-1,275343,-1,273711,272602,-1,236668,76705,252036,246336,-1,-1,201862,-1,-1,235926,238518,-1,236668,74393,236668,-1,-1,-1,101085,276819,71320,230975,-1,274266,246033,-1,236668,268396,-1,203864,238093,261691,-1,-1,253242,-1,236668,-1,260233,236507,-1,-1
-1,259273,188988,-1,-1,188988,-1,-1,74857,-1,-1,244884,79246,-1,-1,-1,256524,214302,-1,-1,233029,-1,214971,211263,-1,188988,74856,221551,188988,-1,-1,74853,-1,-1,80123,74854,-1,221053,213597,221053,-1,-1,-1,101088,260971,278841,235008,-1,261769,259273,-1,188988,79234,-1,80127,229541,-1,-1,-1,227528,-1,188988,-1,255217,227528,-1,-1
-1,227560,237982,-1,-1,214366,-1,-1,76339,-1,-1,76524,245687,-1,-1,-1,248281,278785,-1,-1,214366,-1,210463,76911,-1,214366,75612,223752,214366,-1,-1,278782,-1,-1,79757,215067,-1,214366,247146,239681,-1,-1,-1,101099,78920,-1,228738,-1,219787,214366,-1,214366,-1,-1,82269,234999,-1,-1,-1,214366,-1,214366,-1,176619,260481,-1,-1
-1,176550,192342,-1,-1,192342,-1,-1,237242,-1,-1,225811,76934,-1,-1,-1,214354,214047,-1,-1,242267,-1,234955,242112,-1,192342,251841,74044,192342,-1,-1,274245,-1,-1,78000,248133,-1,192342,236633,215071,-1,-1,-1,101100,77502,78589,217998,-1,214169,176550,-1,192342,83557,-1,81233,255605,-1,-1,-1,192342,-1,192342,-1,83086,221714,-1,-1
-1,231664,246396,-1,-1,221306,-1,-1,259588,-1,-1,221306,80657,-1,-1,-1,77141,252333,-1,-1,233404,-1,74002,79616,-1,221306,246170,75611,221306,-1,-1,77122,-1,-1,-1,242456,-1,221306,219595,79615,-1,-1,-1,101106,-1,-1,75959,-1,240352,187075,-1,221306,-1,-1,77134,256467,-1,-1,-1,187075,-1,221306,-1,77136,187075,-1,-1
-1,254601,267784,-1,-1,216385,-1,248872,255962,-1,78105,273992,275595,-1,-1,-1,81473,271071,-1,-1,216385,-1,248871,279548,-1,216385,218868,275105,248871,80117,-1,236943,-1,-1,272426,259499,-1,248871,273866,253233,-1,-1,-1,101108,267831,275178,270058,-1,260027,216385,-1,216385,261553,267597,248873,253255,77153,-1,-1,244832,209523,216385,274667,71649,244832,-1,80112
-1,159908,160113,-1,-1,160113,-1,-1,279395,-1,-1,279393,-1,-1,-1,-1,160159,279385,-1,-1,279389,-1,159998,274163,-1,160113,279373,279392,160113,-1,-1,273736,-1,-1,-1,279388,-1,160113,-1,279397,-1,-1,-1,101110,-1,-1,279400,-1,160054,159908,-1,160113,-1,-1,-1,274155,-1,-1,-1,279410,-1,160113,-1,-1,279410,-1,-1
-1,244656,189596,-1,-1,255205,-1,79902,253296,-1,-1,241002,269963,-1,-1,-1,261453,222429,-1,-1,255205,-1,220028,245867,-1,255205,259543,255827,255205,-1,-1,275054,-1,-1,262094,259280,-1,255205,75232,77035,-1,-1,-1,101112,229433,77968,208919,-1,242596,255827,-1,255205,77313,-1,214948,258351,83361,-1,-1,243456,-1,255205,-1,79903,243456,-1,-1
-1,258498,202556,-1,-1,202556,-1,-1,233096,-1,-1,240638,235243,-1,-1,-1,236920,228702,-1,-1,246104,-1,253149,208920,-1,202556,235149,251805,202556,-1,-1,258908,-1,-1,241187,271121,-1,202556,231447,264453,-1,-1,-1,105035,251806,262221,245367,-1,203376,203376,-1,202556,263798,-1,223689,211738,-1,-1,-1,202556,-1,202556,-1,239380,242516,-1,-1
-1,205186,255125,-1,-1,244369,-1,192448,260815,-1,-1,244369,201505,-1,-1,-1,213565,235997,-1,-1,246928,-1,246785,276528,-1,244369,272718,76624,244369,-1,-1,177413,-1,-1,81380,279026,-1,244369,254310,217036,-1,-1,-1,110062,76012,81378,186537,-1,190815,260815,-1,255125,82667,-1,239250,211101,221363,-1,-1,271541,-1,244369,194730,81636,271541,-1,205070
-1,80574,221014,-1,-1,275333,-1,80625,258041,-1,220831,275248,73389,-1,-1,-1,74548,278126,-1,-1,264347,-1,71972,244919,-1,275333,276976,277519,264347,71388,-1,73974,-1,-1,79463,80704,-1,264347,73394,74785,-1,-1,-1,110069,73390,277826,278590,-1,214639,214639,-1,275333,241070,72177,72561,79528,74557,-1,-1,221014,76153,275333,78720,256058,275333,-1,76501
-1,257374,224538,-1,-1,270957,-1,-1,276142,-1,-1,70268,79652,-1,-1,-1,278815,246674,-1,-1,70298,-1,270957,79066,-1,270957,248117,252574,270957,-1,-1,272613,-1,-1,79650,70745,-1,270957,257816,238895,-1,-1,-1,110072,277977,78742,244046,-1,248110,70298,-1,270957,-1,-1,277371,251034,-1,-1,-1,270957,-1,270957,-1,72752,251779,-1,-1
-1,79826,257765,-1,-1,267993,-1,263492,268128,-1,-1,265431,235345,-1,-1,-1,80089,266792,-1,-1,248112,-1,267993,79147,-1,248112,219768,247963,267993,-1,-1,73300,-1,-1,197971,239118,-1,265431,244984,239116,-1,-1,-1,110075,277661,278964,272545,-1,275016,247963,-1,265431,73393,-1,238273,222221,271989,-1,-1,247963,-1,267993,75327,239453,276744,-1,-1
-1,70959,73404,-1,-1,220177,-1,262465,224115,-1,73462,70958,231916,-1,-1,-1,237883,240812,-1,-1,279210,-1,271172,248539,-1,70958,237989,204211,70958,273674,-1,73464,-1,-1,81422,262268,-1,70958,235315,255247,-1,-1,-1,110078,269418,247985,223355,-1,244252,70958,-1,220177,70831,-1,243773,73297,277148,-1,-1,220177,210970,220177,238474,76119,220177,-1,220087
-1,229091,268630,-1,-1,264298,-1,-1,266400,-1,-1,73895,251001,-1,-1,-1,204412,243520,-1,-1,276695,-1,278557,243640,-1,264298,278101,213697,276695,-1,-1,276070,-1,-1,243908,75768,-1,276695,233865,264298,-1,-1,-1,110081,241075,270637,220039,-1,239540,266400,-1,264298,273839,-1,246846,235027,-1,-1,-1,268630,-1,264298,-1,265468,205255,-1,-1
-1,215069,272939,-1,-1,255925,-1,-1,228415,-1,-1,226797,214659,-1,-1,-1,81743,255925,-1,-1,215057,-1,73252,70437,-1,226797,236803,260561,226797,-1,-1,232708,-1,-1,278474,74818,-1,226797,219536,262566,-1,-1,-1,110093,204259,-1,222373,-1,273012,215069,-1,226797,-1,-1,214968,242073,-1,-1,-1,226286,-1,226797,-1,253246,226286,-1,-1
-1,278252,276365,-1,-1,252263,-1,241969,243514,-1,276190,224430,271046,-1,-1,-1,270073,219449,-1,-1,243801,-1,246416,244859,-1,276365,257236,264214,276365,243749,-1,247409,-1,-1,81616,262933,-1,252263,270044,252263,-1,-1,-1,110176,269994,272659,238694,-1,239181,243801,-1,243801,231555,-1,276534,224491,74874,-1,-1,246416,-1,243801,71636,81711,244014,-1,81712
-1,257669,239627,-1,-1,235471,-1,276681,239768,-1,-1,233470,252223,-1,-1,-1,252382,244167,-1,-1,275233,-1,194769,252509,-1,235471,222329,244160,235471,-1,-1,73311,-1,-1,71858,70928,-1,235471,255699,236459,-1,-1,-1,110206,258691,257664,239930,-1,227738,244160,-1,235471,72598,-1,255105,216110,72593,-1,-1,244160,-1,235471,72601,240499,235471,-1,72590
-1,268839,189808,-1,-1,77295,-1,74656,275300,-1,-1,80058,258592,-1,-1,-1,238410,187782,-1,-1,77295,-1,276980,216790,-1,77295,238191,73752,77295,-1,-1,77046,-1,-1,78230,213686,-1,77295,73754,79203,-1,-1,-1,110313,78115,71272,263811,-1,223852,187782,-1,77295,80060,-1,256864,222612,73753,-1,-1,189808,-1,77295,-1,241438,167512,-1,-1
-1,271236,79624,-1,-1,240069,-1,-1,70473,-1,-1,74445,278116,-1,-1,-1,270886,244736,-1,-1,74442,-1,240069,243867,-1,74445,225855,223138,79624,-1,-1,76758,-1,-1,-1,256789,-1,74445,70014,234814,-1,-1,-1,110321,278279,-1,278283,-1,252011,234814,-1,240069,-1,-1,74734,222820,-1,-1,-1,278996,-1,240069,-1,77292,278996,-1,-1
-1,262956,260464,-1,-1,258626,-1,76058,230855,-1,-1,257886,76228,-1,-1,-1,254482,211378,-1,-1,242214,-1,258626,240648,-1,222369,261766,222369,257886,252317,-1,83000,-1,-1,276964,276610,-1,258626,225266,222542,-1,-1,-1,110329,244089,259766,269264,-1,226506,211378,-1,222369,75476,-1,237884,251433,77620,-1,-1,222369,-1,258626,80734,211362,233061,-1,73119
-1,193080,236610,-1,-1,225439,-1,235866,234112,-1,-1,257785,219584,-1,-1,-1,276682,225439,-1,-1,260823,-1,232080,72180,-1,225439,266596,238370,225439,-1,-1,258976,-1,-1,242418,278340,-1,260823,211320,223697,-1,-1,-1,110374,74926,237499,248385,-1,240777,240777,-1,260823,246791,-1,271019,236758,80508,-1,-1,236610,-1,260823,-1,80505,238004,-1,-1
-1,222418,235467,-1,-1,235467,-1,214226,237122,-1,-1,190972,268748,-1,-1,-1,278454,236472,-1,-1,74824,-1,219174,255873,-1,235467,260562,214766,235467,-1,-1,268431,-1,-1,74826,255197,-1,235467,264323,261262,-1,-1,-1,110395,238320,256407,272911,-1,253238,214766,-1,235467,220624,-1,70430,253012,80520,-1,-1,235467,-1,235467,-1,72465,224510,-1,-1
-1,223249,70198,-1,-1,259570,-1,273538,255607,-1,-1,253294,278737,-1,-1,-1,275429,258051,-1,-1,271767,-1,259570,80108,-1,259570,274200,267483,259570,77726,-1,254228,-1,-1,71457,247037,-1,259570,83358,267900,-1,-1,-1,110396,77578,76070,259977,-1,228730,223249,-1,259570,223064,-1,253718,258288,75189,-1,-1,198628,-1,259570,241273,74911,198628,-1,80110
-1,262865,79782,-1,-1,259883,-1,225714,71959,-1,-1,75347,70687,-1,-1,-1,74792,254951,-1,-1,76997,-1,278470,227740,-1,219167,80098,219167,219167,-1,-1,78015,-1,-1,267625,75709,-1,219167,70443,76995,-1,-1,-1,110404,70944,227602,261160,-1,273767,76995,-1,259883,241020,-1,70943,261779,231264,-1,-1,79782,-1,259883,83577,70194,259883,-1,258337
-1,72937,198331,-1,-1,79948,-1,-1,277025,-1,-1,257306,277553,-1,-1,-1,72612,244796,-1,-1,71259,-1,79948,74419,-1,79948,244791,259188,79948,-1,-1,76603,-1,-1,81786,82908,-1,79948,83496,76602,-1,-1,-1,110468,82906,83201,72938,-1,79991,198331,-1,79948,278965,-1,74627,263283,-1,-1,-1,198331,-1,79948,-1,80073,74753,-1,-1
-1,241859,244234,-1,-1,73008,-1,83813,251405,-1,-1,250991,241085,-1,-1,-1,216260,261446,-1,-1,73008,-1,269604,248576,-1,73008,271160,276327,73008,-1,-1,270461,-1,-1,262242,263077,-1,73008,270900,263153,-1,-1,-1,110500,276358,251451,252592,-1,276288,241859,-1,73008,274393,-1,264409,233425,80339,-1,-1,252846,-1,73008,-1,71191,252846,-1,-1
-1,263272,244076,-1,-1,240329,-1,-1,268430,-1,-1,252016,79327,-1,-1,-1,79331,269863,-1,-1,270008,-1,240329,257183,-1,240329,266392,279530,240329,-1,-1,252902,-1,-1,277746,270515,-1,240329,243971,229175,-1,-1,-1,110501,72959,79329,255540,-1,257081,229175,-1,240329,72961,-1,274993,274489,-1,-1,-1,240329,-1,240329,-1,258003,263748,-1,-1
-1,209987,228859,-1,-1,245287,-1,-1,245287,-1,-1,238068,262604,-1,-1,-1,208470,251373,-1,-1,79746,-1,240156,265797,-1,251287,235022,241590,251287,-1,-1,243628,-1,-1,76838,237642,-1,245287,253475,251287,-1,-1,-1,110502,225692,80162,262776,-1,265465,209987,-1,251287,77414,-1,276325,223925,80161,-1,-1,228859,-1,251287,-1,254267,242965,-1,-1
-1,233725,229354,-1,-1,229354,-1,277842,229487,-1,-1,244188,269317,-1,-1,-1,243345,234317,-1,-1,73169,-1,234924,275279,-1,229354,80012,231379,229354,-1,-1,79391,-1,-1,83467,262926,-1,229354,274987,269875,-1,-1,-1,110532,76085,82192,206408,-1,279203,229487,-1,229354,81954,-1,73170,263674,79392,-1,-1,229354,-1,229354,211746,239494,212248,-1,-1
-1,232229,256899,-1,-1,236295,-1,-1,260653,-1,-1,231969,81467,-1,-1,-1,269312,242633,-1,-1,236295,-1,264436,276485,-1,236295,215798,276477,236295,-1,-1,206159,-1,-1,71553,271882,-1,236295,240938,244349,-1,-1,-1,110556,225432,79913,239795,-1,238516,244349,-1,236295,255934,-1,74485,201299,77830,-1,-1,231969,-1,236295,-1,202886,263829,-1,-1
-1,219522,183898,-1,-1,183898,-1,74836,242482,-1,-1,260138,71655,-1,-1,-1,246335,256441,-1,-1,254695,-1,238230,234458,-1,183898,267866,248207,183898,-1,-1,222428,-1,-1,75191,231507,-1,183898,255352,263518,-1,-1,-1,110580,75308,78078,238332,-1,77372,183898,-1,238230,271471,-1,74838,216033,265444,-1,-1,183898,-1,183898,75793,247467,269176,-1,-1
-1,228607,243949,-1,-1,233520,-1,238974,229267,-1,73680,264215,265580,-1,-1,-1,276027,270901,-1,-1,237155,-1,76033,72974,-1,233520,246959,228757,233520,277281,-1,251519,-1,-1,269314,264649,-1,233520,260405,250947,-1,-1,-1,110588,252014,243881,243537,-1,239928,228607,-1,233520,82838,211736,246151,264208,252078,-1,-1,233520,72769,233520,82828,252710,233520,-1,78131
-1,251292,233139,-1,-1,239696,-1,74414,263649,-1,-1,239696,262665,-1,-1,-1,272982,276632,-1,-1,231353,-1,212244,256459,-1,239696,266011,77882,239696,83632,-1,192567,-1,-1,240317,238593,-1,239696,262587,256753,-1,-1,-1,110636,260383,259627,252567,-1,278834,251292,-1,239696,224186,-1,259559,262298,269997,-1,-1,233139,-1,239696,73030,278177,252903,-1,264529
-1,262939,263135,-1,-1,263135,-1,-1,264380,-1,-1,230047,76979,-1,-1,-1,276783,259643,-1,-1,269133,-1,242183,276271,-1,263135,272832,241995,263135,-1,-1,79322,-1,-1,276429,260187,-1,263135,70092,216183,-1,-1,-1,110645,79815,76292,83707,-1,238963,238963,-1,263135,243736,-1,234836,276331,76402,-1,-1,242183,-1,263135,-1,71629,79321,-1,-1
-1,79024,73172,-1,-1,248174,-1,262764,240056,-1,81241,79082,256297,-1,-1,-1,263581,243212,-1,-1,225654,-1,248174,269888,-1,248174,79080,244028,248174,244324,-1,244081,-1,-1,79026,73367,-1,248174,277615,276430,-1,-1,-1,110678,80379,79025,79078,-1,244079,225654,-1,248174,244524,-1,262768,277290,79081,-1,-1,244079,262772,248174,84383,262959,79083,-1,274098
-1,78435,263614,-1,-1,76062,-1,-1,78440,-1,-1,279489,79368,-1,-1,-1,82451,78446,-1,-1,79101,-1,76062,79366,-1,76062,79365,272896,76062,-1,-1,83754,-1,-1,-1,83558,-1,76062,83256,276292,-1,-1,-1,110685,76921,-1,79100,-1,78445,78445,-1,76062,-1,-1,74465,76777,-1,-1,-1,76062,-1,76062,-1,79370,79102,-1,-1
-1,72522,240891,-1,-1,279623,-1,-1,73584,-1,-1,274865,72525,-1,-1,-1,263404,79287,-1,-1,279623,-1,275274,70465,-1,279623,79291,245719,279623,-1,-1,270400,-1,-1,73570,72554,-1,279623,278751,269793,-1,-1,-1,110697,73183,-1,79289,-1,234416,234416,-1,279623,-1,-1,83617,79285,-1,-1,-1,279623,-1,279623,-1,72529,262029,-1,-1
-1,278045,80668,-1,-1,74088,-1,81670,279926,-1,-1,80720,70264,-1,-1,-1,79188,79186,-1,-1,79187,-1,79189,80669,-1,74088,80113,79971,74088,-1,-1,80667,-1,-1,80712,79661,-1,79186,277227,74088,-1,-1,-1,110711,81430,83406,77527,-1,77528,77528,-1,74088,80717,-1,78014,271920,81671,-1,-1,80719,-1,74088,82675,75936,80719,-1,80718
-1,239816,226958,-1,-1,275634,-1,70585,276122,-1,-1,221956,79924,-1,-1,-1,261180,275634,-1,-1,262383,-1,275639,262839,-1,224271,258973,273931,224271,-1,-1,265425,-1,-1,275631,224267,-1,224271,239709,256861,-1,-1,-1,110720,244811,83832,270512,-1,233435,233435,-1,275634,79926,-1,251412,76472,271605,-1,-1,226958,-1,275634,247041,71283,224271,-1,263313
-1,76567,200429,-1,-1,227689,-1,83388,269089,-1,-1,269159,79336,-1,-1,-1,279050,257174,-1,-1,244224,-1,277072,80876,-1,227689,265754,253039,227689,-1,-1,275027,-1,-1,76568,80128,-1,227689,83578,276258,-1,-1,-1,110724,79432,276306,80034,-1,253376,244224,-1,227689,80032,-1,264657,235629,279797,-1,-1,227689,-1,227689,79337,239718,227689,-1,-1
-1,205496,240797,-1,-1,270658,-1,81307,264480,-1,-1,270658,244274,-1,-1,-1,240660,236898,-1,-1,252313,-1,222959,268790,-1,270658,193082,199174,270658,-1,-1,70471,-1,-1,253464,229574,-1,240797,278294,233396,-1,-1,-1,110738,74876,71230,273128,-1,72912,199174,-1,270658,71296,-1,277309,220048,272379,-1,-1,222959,-1,270658,236593,157481,255562,-1,-1
-1,224977,223157,-1,-1,254804,-1,80192,268758,-1,-1,279876,76648,-1,-1,-1,270507,254804,-1,-1,245784,-1,259331,80172,-1,254804,252927,256308,254804,-1,-1,245779,-1,-1,271006,276001,-1,254804,277030,80183,-1,-1,-1,110740,215433,206601,230940,-1,208942,208942,-1,254804,279529,-1,70650,197689,266583,-1,-1,276905,-1,254804,278230,278346,276905,-1,80187
-1,267994,224146,-1,-1,255760,-1,-1,258604,-1,-1,235983,262940,-1,-1,-1,271937,252859,-1,-1,224336,-1,233222,77376,-1,255760,221564,247412,255760,-1,-1,273855,-1,-1,261358,277752,-1,224146,256578,255760,-1,-1,-1,110745,74340,81867,252598,-1,263670,224336,-1,224146,-1,-1,72360,278112,-1,-1,-1,239267,-1,255760,-1,243220,239267,-1,-1
-1,236330,177922,-1,-1,177922,-1,-1,213933,-1,-1,253407,270885,-1,-1,-1,260302,252580,-1,-1,194149,-1,218746,270764,-1,177922,254541,266437,177922,-1,-1,274213,-1,-1,252506,204884,-1,177922,73298,239106,-1,-1,-1,110746,252736,73650,213209,-1,253170,177922,-1,177922,75999,-1,212398,210422,-1,-1,-1,177922,-1,177922,-1,276805,80871,-1,-1
-1,222908,274212,-1,-1,254333,-1,-1,269506,-1,-1,261298,268464,-1,-1,-1,270999,192955,-1,-1,274369,-1,254333,262825,-1,254333,248147,255891,254333,-1,-1,235005,-1,-1,83925,261675,-1,254333,83670,270382,-1,-1,-1,110747,83398,275108,230690,-1,245722,192955,-1,254333,78374,-1,277457,232131,72094,-1,-1,254333,-1,254333,-1,190547,248201,-1,-1
-1,190698,75097,-1,-1,198046,-1,76006,277034,-1,-1,270542,219967,-1,-1,-1,73490,73903,-1,-1,77296,-1,198046,257649,-1,198046,262699,251764,198046,-1,-1,79136,-1,-1,75101,262691,-1,198046,257165,275952,-1,-1,-1,110749,83719,201172,238775,-1,214884,198046,-1,198046,73483,-1,73007,194333,83552,-1,-1,260941,-1,198046,-1,235101,260941,-1,-1
-1,269406,275225,-1,-1,275225,-1,70267,79343,-1,-1,237666,75786,-1,-1,-1,257812,271308,-1,-1,269424,-1,266734,239980,-1,275225,228715,254265,275225,-1,-1,258740,-1,-1,277717,242500,-1,275225,277019,79123,-1,-1,-1,110750,77113,83123,75027,-1,72620,275225,-1,275225,75627,-1,74641,248104,258373,-1,-1,275225,-1,275225,76763,72694,72404,-1,255002
-1,226656,212226,-1,-1,212048,-1,242562,229657,-1,-1,260914,262717,-1,-1,-1,248111,72695,-1,-1,243924,-1,275739,247950,-1,212048,248057,248021,275739,-1,-1,277806,-1,-1,83562,277976,-1,275739,276259,212048,-1,-1,-1,110751,215376,233512,251977,-1,81262,212048,-1,212048,276710,-1,231919,76202,260994,-1,-1,212226,-1,212048,271182,276692,75209,-1,81590
-1,239271,213702,-1,-1,275901,-1,263207,277618,-1,73959,275901,275227,-1,-1,-1,251770,274734,-1,-1,244474,-1,244154,258364,-1,275901,70265,248002,275901,257376,-1,73405,-1,-1,274458,275374,-1,275901,248010,251635,-1,-1,-1,110752,73459,268452,247680,-1,232760,251635,-1,275901,262470,-1,276132,250950,80561,-1,-1,244154,-1,275901,242358,79168,251235,-1,73460
-1,243573,270328,-1,-1,234687,-1,79161,199890,-1,-1,246729,78852,-1,-1,-1,270894,243898,-1,-1,234687,-1,211903,264423,-1,246729,256698,263740,234687,-1,-1,264033,-1,-1,73609,244497,-1,246729,266623,244131,-1,-1,-1,110770,83934,83193,79663,-1,243860,234687,-1,246729,80592,-1,79214,216779,75777,-1,-1,234687,-1,246729,-1,70427,79212,-1,-1
-1,250897,211061,-1,-1,211061,-1,-1,212546,-1,-1,256047,83178,-1,-1,-1,233465,264364,-1,-1,264272,-1,252508,277373,-1,211061,246562,242919,211061,-1,-1,209289,-1,-1,-1,251168,-1,211061,238660,235088,-1,-1,-1,110776,78867,-1,245770,-1,252753,211061,-1,211061,-1,-1,243602,254297,-1,-1,-1,211061,-1,211061,-1,83174,241821,-1,-1
-1,220383,275985,-1,-1,232770,-1,73213,238305,-1,-1,245870,266608,-1,-1,-1,275205,232770,-1,-1,253114,-1,262300,225508,-1,232770,146562,219848,232770,279141,-1,219180,-1,-1,236246,73502,-1,232770,229894,256097,-1,-1,-1,110827,243834,78072,255786,-1,251616,219848,-1,275985,279758,-1,212501,251136,277421,-1,-1,253385,-1,232770,78864,269643,253385,-1,73215
-1,240311,275415,-1,-1,250881,-1,75269,74604,-1,-1,250881,271439,-1,-1,-1,83386,229788,-1,-1,272904,-1,247458,262744,-1,250881,72293,267717,250881,80707,-1,76417,-1,-1,268331,83517,-1,250881,243571,261153,-1,-1,-1,110832,206545,80706,70333,-1,264736,229788,-1,272904,76418,-1,70301,277642,80708,-1,-1,275415,-1,272904,205551,275622,231530,-1,81800
-1,194934,193844,-1,-1,190199,-1,-1,276083,-1,-1,256604,232132,-1,-1,-1,273581,250992,-1,-1,190199,-1,247089,278982,-1,190199,231125,200519,190199,-1,-1,246617,-1,-1,79769,276866,-1,190199,264555,74591,-1,-1,-1,110839,238882,80661,277425,-1,278630,200519,-1,190199,245331,-1,247793,228456,83699,-1,-1,190199,-1,190199,-1,262081,194879,-1,-1
-1,256474,252587,-1,-1,252587,-1,270705,231615,-1,-1,246243,263931,-1,-1,-1,262363,251311,-1,-1,276860,-1,243393,231481,-1,252587,219259,258776,252587,81485,-1,245649,-1,-1,244126,82931,-1,252587,229398,253386,-1,-1,-1,110890,243276,251590,250791,-1,246080,246243,-1,252587,83046,-1,236611,230653,193185,-1,-1,262831,-1,252587,262326,213667,262831,-1,273540
-1,205530,271013,-1,-1,228882,-1,-1,258564,-1,-1,192071,277117,-1,-1,-1,240798,225381,-1,-1,228882,-1,74094,279473,-1,228882,233265,236889,228882,-1,-1,75225,-1,-1,237613,80156,-1,228882,80157,277870,-1,-1,-1,110908,264022,278326,275912,-1,193333,209613,-1,228882,70825,-1,264590,80823,213814,-1,-1,209613,-1,228882,-1,80821,209613,-1,-1
-1,271146,79012,-1,-1,143076,-1,271468,224996,-1,-1,76171,279562,-1,-1,-1,197926,79014,-1,-1,79015,-1,220517,222153,-1,220493,202848,244190,143076,274682,-1,79016,-1,-1,257636,79017,-1,143076,79919,220493,-1,-1,-1,110912,81255,251927,224933,-1,204042,79012,-1,143076,75819,-1,230912,78934,80836,-1,-1,79012,-1,143076,72030,79020,143076,-1,219586
-1,239742,213829,-1,-1,235163,-1,-1,264683,-1,-1,72849,81580,-1,-1,-1,74406,235163,-1,-1,257713,-1,202489,277704,-1,235163,225189,72845,235163,-1,-1,268936,-1,-1,81852,80645,-1,264683,206551,234143,-1,-1,-1,110915,80200,235194,225014,-1,268754,72845,-1,235163,-1,-1,240788,72844,-1,-1,-1,72852,-1,235163,-1,278976,72852,-1,-1
-1,240796,70441,-1,-1,70441,-1,243804,226616,-1,-1,236432,237993,-1,-1,-1,274196,242342,-1,-1,241927,-1,77021,241931,-1,70441,266343,231479,70441,-1,-1,247776,-1,-1,78016,241696,-1,70441,243521,251339,-1,-1,-1,110953,70897,275257,238127,-1,228959,228959,-1,70441,83453,-1,70136,276102,83353,-1,-1,70441,-1,70441,239936,273700,198347,-1,-1
-1,241317,71430,-1,-1,241418,-1,277768,238857,-1,-1,241418,182411,-1,-1,-1,251110,217153,-1,-1,202808,-1,210377,245042,-1,241418,240805,245040,241418,79990,-1,228076,-1,-1,211382,245024,-1,241418,71437,73718,-1,-1,-1,110955,277017,71431,222350,-1,245041,217153,-1,241418,275659,-1,77927,248735,71440,-1,-1,217153,-1,241418,77932,77930,263563,-1,77931
-1,196885,215292,-1,-1,274259,-1,-1,77522,-1,-1,253574,81510,-1,-1,-1,77656,274259,-1,-1,241131,-1,232709,231301,-1,274259,274254,176920,274259,-1,-1,255798,-1,-1,78847,279686,-1,274259,277790,238375,-1,-1,-1,110968,75801,-1,207454,-1,226447,241131,-1,274259,-1,-1,75799,259930,-1,-1,-1,215292,-1,274259,-1,259271,71646,-1,-1
-1,256529,232670,-1,-1,193532,-1,216532,214701,-1,-1,255637,275045,-1,-1,-1,219605,228744,-1,-1,193532,-1,243386,224057,-1,228744,215155,255416,209744,-1,-1,277210,-1,-1,82162,80315,-1,209744,275044,209744,-1,-1,-1,110975,77975,261157,275043,-1,225396,232670,-1,193532,226556,-1,78188,214440,241022,-1,-1,232670,-1,193532,271342,81516,258227,-1,-1
-1,230167,160110,-1,-1,159930,-1,-1,159930,-1,-1,274629,-1,-1,-1,-1,160177,159970,-1,-1,160183,-1,236171,160107,-1,159930,160090,233996,236171,-1,-1,160202,-1,-1,-1,160061,-1,236171,-1,160047,-1,-1,-1,110977,-1,-1,159993,-1,160075,230167,-1,159930,-1,-1,-1,159964,-1,-1,-1,274629,-1,159930,-1,-1,230428,-1,-1
-1,229444,223593,-1,-1,219553,-1,-1,159923,-1,-1,181872,-1,-1,-1,-1,234030,240252,-1,-1,235824,-1,78311,230352,-1,219553,279063,257003,181872,-1,-1,160165,-1,-1,-1,230404,-1,181872,-1,265636,-1,-1,-1,110980,-1,-1,214874,-1,246840,181872,-1,219553,-1,-1,-1,274083,-1,-1,-1,219553,-1,219553,-1,-1,219553,-1,-1
-1,231596,212747,-1,-1,233424,-1,-1,254238,-1,-1,253537,277920,-1,-1,-1,215107,253223,-1,-1,256002,-1,233424,226386,-1,233424,258401,253245,212747,-1,-1,71243,-1,-1,84331,273922,-1,212747,259908,260480,-1,-1,-1,110981,261407,-1,254448,-1,254172,231596,-1,233424,-1,-1,75311,266037,-1,-1,-1,215061,-1,233424,-1,84332,215061,-1,-1
-1,199103,240944,-1,-1,215036,-1,-1,272974,-1,-1,215036,-1,-1,-1,-1,79307,259834,-1,-1,231550,-1,253322,74515,-1,253322,254206,265610,253322,-1,-1,270573,-1,-1,-1,259904,-1,259834,-1,254062,-1,-1,-1,110986,-1,-1,81470,-1,254173,231550,-1,215036,-1,-1,-1,274717,-1,-1,-1,240944,-1,215036,-1,-1,242492,-1,-1
-1,269251,214975,-1,-1,226395,-1,-1,253878,-1,-1,80014,78174,-1,-1,-1,78199,253816,-1,-1,70756,-1,226395,71671,-1,226395,70754,259847,226395,-1,-1,78175,-1,-1,-1,253793,-1,226395,81446,265680,-1,-1,-1,110989,-1,-1,254698,-1,246015,259847,-1,226395,-1,-1,78176,77974,-1,-1,-1,259847,-1,226395,-1,83265,253895,-1,-1
-1,265675,231638,-1,-1,267888,-1,-1,255750,-1,-1,267888,274058,-1,-1,-1,75411,262752,-1,-1,265543,-1,236747,273585,-1,267888,273584,259318,236747,-1,-1,75410,-1,-1,-1,71848,-1,236747,276828,254634,-1,-1,-1,110990,-1,-1,242292,-1,192765,192765,-1,267888,-1,-1,80590,252123,-1,-1,-1,231638,-1,267888,-1,-1,259861,-1,-1
-1,236608,253579,-1,-1,261648,-1,-1,207876,-1,-1,78086,260091,-1,-1,-1,77352,261226,-1,-1,261648,-1,202559,275069,-1,261648,78085,78087,253579,-1,-1,254826,-1,-1,274525,254672,-1,253579,259864,272699,-1,-1,-1,110991,274523,78121,259252,-1,75413,236608,-1,261648,-1,-1,274522,84036,-1,-1,-1,261648,-1,261648,-1,264547,238884,-1,-1
-1,228231,77792,-1,-1,232699,-1,-1,77795,-1,-1,254754,-1,-1,-1,-1,77796,255949,-1,-1,232699,-1,267628,75400,-1,232699,77794,256162,232699,-1,-1,79423,-1,-1,-1,71772,-1,232699,-1,259511,-1,-1,-1,111006,-1,-1,160142,-1,76691,256162,-1,232699,-1,-1,-1,79422,-1,-1,-1,232066,-1,232699,-1,-1,232066,-1,-1
-1,256156,268527,-1,-1,248869,-1,-1,244946,-1,-1,253240,72247,-1,-1,-1,274378,255436,-1,-1,259410,-1,248869,270842,-1,248869,256149,227550,248869,-1,-1,246914,-1,-1,74143,81717,-1,248869,81831,253239,-1,-1,-1,111008,84352,79421,248868,-1,254703,227550,-1,248869,75874,-1,255169,261703,-1,-1,-1,204699,-1,248869,-1,75224,204699,-1,-1
-1,244827,150525,-1,-1,222065,-1,71902,204539,-1,-1,222065,214294,-1,-1,-1,240211,253549,-1,-1,236264,-1,244464,254373,-1,204539,258149,259657,204539,-1,-1,259802,-1,-1,263825,253586,-1,204539,233529,268485,-1,-1,-1,111010,270939,79230,75409,-1,273603,150525,-1,222065,77604,-1,274011,236241,70526,-1,-1,150525,-1,222065,-1,261563,246471,-1,-1
-1,266215,234180,-1,-1,234180,-1,-1,259910,-1,-1,254446,71869,-1,-1,-1,236265,253772,-1,-1,77261,-1,232067,278757,-1,253772,76401,254719,253772,-1,-1,273846,-1,-1,-1,279199,-1,253772,74315,258219,-1,-1,-1,111011,84027,-1,260643,-1,220073,241499,-1,234180,-1,-1,278756,253628,-1,-1,-1,241499,-1,234180,-1,79613,241499,-1,-1
-1,265786,233299,-1,-1,231930,-1,83929,231930,-1,-1,203119,264564,-1,-1,-1,228271,253619,-1,-1,69988,-1,243731,275462,-1,231930,254220,226002,243731,-1,-1,234178,-1,-1,276045,77148,-1,243731,204542,83757,-1,-1,-1,111013,71475,79614,196848,-1,261377,226002,-1,231930,81450,-1,71169,253629,81469,-1,-1,243731,-1,231930,-1,210112,77146,-1,-1
-1,229397,259251,-1,-1,223637,-1,-1,236260,-1,-1,264796,-1,-1,-1,-1,259941,211274,-1,-1,223637,-1,279076,255098,-1,211274,246013,240138,223637,-1,-1,196688,-1,-1,-1,254204,-1,223637,274503,259612,-1,-1,-1,111014,-1,-1,265627,-1,266554,223637,-1,223637,-1,-1,81451,71875,-1,-1,-1,259251,-1,223637,-1,-1,210951,-1,-1
80492,215086,232765,-1,-1,272350,-1,241568,266844,-1,235980,223105,208054,-1,-1,-1,196432,272350,-1,-1,226671,-1,248231,258456,-1,272350,272839,242569,272350,70681,-1,70679,-1,-1,277621,232646,-1,272350,253135,258137,-1,-1,-1,111019,261614,83422,242250,-1,215178,272350,-1,272350,77724,82130,258104,214933,71078,-1,255256,232765,276817,272350,70680,267573,265478,-1,269623
-1,82139,233959,-1,-1,233959,-1,246332,224511,-1,-1,76717,232832,-1,-1,-1,279776,253249,-1,-1,69957,-1,266161,76718,-1,233959,271919,254361,233959,-1,-1,269832,-1,-1,231258,76905,-1,233959,234464,75117,-1,-1,-1,111020,70203,83349,269740,-1,272490,233959,-1,233959,83350,-1,278743,273986,237818,-1,-1,233959,-1,233959,79389,257152,273843,-1,276496
-1,253271,215270,-1,-1,215270,-1,-1,240640,-1,-1,71546,276135,-1,-1,-1,272734,207471,-1,-1,259690,-1,215259,76999,-1,215270,273768,233780,215270,-1,-1,82314,-1,-1,273765,232437,-1,215270,224854,223501,-1,-1,-1,111022,72382,74797,246770,-1,215051,215270,-1,215270,77859,-1,74772,211262,83429,-1,-1,225289,-1,215270,-1,70688,225289,-1,-1
-1,230169,230433,-1,-1,230486,-1,-1,230367,-1,-1,230272,-1,-1,-1,-1,230368,230249,-1,-1,230255,-1,230486,230415,-1,230433,230443,233984,230340,-1,-1,230343,-1,-1,-1,233978,-1,230340,230357,230340,-1,-1,-1,111052,-1,-1,230520,-1,230227,230227,-1,230486,-1,-1,230458,230164,-1,-1,-1,230292,-1,230486,-1,-1,230292,-1,-1
-1,192397,270517,-1,-1,270517,-1,73874,275645,-1,77484,278875,227622,-1,-1,-1,276066,274970,-1,-1,240448,-1,258813,212722,-1,270517,73878,222557,270517,77505,-1,260842,-1,-1,75058,274537,-1,270517,278047,240501,-1,-1,-1,111065,271632,77456,252487,-1,247309,274970,-1,270517,78313,-1,252326,231861,84120,-1,-1,70934,-1,270517,81423,257020,70934,-1,73875
-1,219705,212249,-1,-1,212249,-1,-1,234704,-1,-1,254820,238461,-1,-1,-1,266654,243516,-1,-1,78535,-1,244731,79237,-1,212249,228875,240997,212249,-1,-1,240278,-1,-1,244478,254294,-1,212249,270591,231600,-1,-1,-1,111082,224012,-1,203575,-1,78528,78528,-1,212249,-1,-1,233214,252505,-1,-1,-1,245528,-1,212249,-1,233835,245528,-1,-1
-1,256953,208306,-1,-1,243690,-1,-1,73763,-1,-1,263509,255008,-1,-1,-1,251489,231923,-1,-1,79253,-1,79618,258250,-1,242509,211243,76966,242509,-1,-1,277289,-1,-1,79830,275951,-1,242509,258709,243690,-1,-1,-1,111083,211245,79831,213613,-1,252913,242509,-1,242509,77166,-1,253735,277330,78009,-1,-1,242509,-1,242509,-1,73621,242509,-1,-1
-1,242514,244213,-1,-1,270381,-1,-1,242906,-1,-1,270381,262575,-1,-1,-1,231848,234883,-1,-1,224062,-1,257161,261110,-1,270715,231267,214882,270381,-1,-1,263036,-1,-1,272735,224188,-1,270715,246787,270715,-1,-1,-1,111086,81734,77526,194059,-1,255158,214882,-1,224062,83711,-1,231601,244498,-1,-1,-1,224062,-1,270381,-1,77338,76839,-1,-1
-1,244551,258722,-1,-1,204078,-1,-1,258713,-1,-1,204078,264681,-1,-1,-1,262681,72658,-1,-1,247288,-1,244186,210401,-1,204078,252038,76315,204078,-1,-1,262504,-1,-1,262685,70170,-1,204078,231460,250932,-1,-1,-1,111088,270971,269970,243205,-1,236508,204078,-1,204078,-1,-1,253225,278972,-1,-1,-1,204078,-1,204078,-1,211622,209323,-1,-1
-1,263851,266110,-1,-1,242350,-1,-1,275610,-1,-1,255361,220482,-1,-1,-1,263244,72586,-1,-1,242350,-1,263778,277885,-1,72586,271543,251760,242350,-1,-1,74352,-1,-1,80628,235100,-1,72586,259896,79514,-1,-1,-1,111091,76967,-1,258771,-1,274729,242350,-1,72586,-1,-1,239779,263763,-1,-1,-1,255361,-1,72586,-1,73574,72589,-1,-1
-1,73285,269489,-1,-1,236363,-1,-1,213449,-1,-1,226877,269340,-1,-1,-1,262400,263303,-1,-1,208088,-1,236363,72616,-1,236363,244511,72981,236363,-1,-1,269385,-1,-1,79561,72617,-1,236363,72613,72618,-1,-1,-1,111097,79197,79832,243921,-1,223931,236363,-1,236363,80175,-1,238736,76408,-1,-1,-1,236363,-1,236363,-1,76409,76863,-1,-1
-1,209981,264432,-1,-1,235212,-1,-1,235212,-1,-1,224158,73449,-1,-1,-1,275048,231410,-1,-1,262745,-1,259480,257504,-1,235212,213761,244749,235212,-1,-1,264348,-1,-1,263603,236401,-1,235212,265578,268728,-1,-1,-1,111111,82236,272781,235410,-1,225410,235212,-1,235212,255125,-1,255223,223573,-1,-1,-1,231410,-1,235212,-1,73192,243586,-1,-1
-1,255368,210602,-1,-1,210602,-1,-1,242506,-1,-1,237721,245502,-1,-1,-1,74436,220075,-1,-1,238043,-1,263824,254685,-1,210602,241938,245751,210602,-1,-1,248836,-1,-1,246688,75111,-1,210602,74699,253440,-1,-1,-1,111114,242223,278206,211173,-1,241197,210602,-1,210602,256331,-1,73855,263867,-1,-1,-1,238545,-1,210602,-1,262272,238545,-1,-1
-1,258390,235717,-1,-1,262620,-1,-1,212213,-1,-1,70106,73565,-1,-1,-1,213705,260638,-1,-1,214977,-1,262620,201887,-1,262620,83228,213938,262620,-1,-1,252572,-1,-1,70240,269192,-1,262620,225844,221969,-1,-1,-1,111117,252281,81248,263486,-1,214408,262620,-1,262620,257804,-1,80186,279879,70987,-1,-1,212213,-1,262620,-1,83227,209782,-1,-1
-1,254962,233092,-1,-1,233092,-1,-1,264516,-1,-1,212424,270887,-1,-1,-1,241026,237223,-1,-1,271053,-1,264137,259568,-1,233092,83346,262142,212424,-1,-1,261196,-1,-1,79876,271106,-1,212424,242815,74063,-1,-1,-1,111138,246020,84334,83347,-1,202170,202170,-1,233092,81404,-1,73854,73211,78713,-1,-1,251229,-1,233092,-1,273548,251229,-1,-1
-1,268394,76908,-1,-1,213092,-1,-1,74623,-1,-1,77609,259288,-1,-1,-1,243828,269758,-1,-1,213092,-1,232166,246300,-1,213092,246070,260635,266335,-1,-1,274569,-1,-1,248168,259039,-1,213092,259934,266335,-1,-1,-1,111139,77091,260772,78355,-1,260545,213092,-1,213092,83056,-1,260443,261687,84350,-1,-1,244250,-1,213092,-1,235184,244250,-1,-1
-1,238919,259139,-1,-1,203067,-1,-1,255894,-1,-1,229881,279938,-1,-1,-1,245341,254887,-1,-1,203067,-1,263947,247084,-1,203067,238303,266150,203067,-1,-1,242554,-1,-1,260743,257067,-1,203067,77660,259111,-1,-1,-1,111140,273529,-1,268300,-1,247648,203067,-1,203067,-1,-1,79895,247346,-1,-1,-1,213620,-1,203067,-1,221656,213620,-1,-1
-1,190569,210423,-1,-1,210423,-1,-1,242648,-1,-1,246045,260657,-1,-1,-1,71218,247476,-1,-1,226807,-1,226035,267995,-1,210423,78714,224396,210423,-1,-1,203002,-1,-1,267801,77671,-1,210423,72379,275338,-1,-1,-1,111144,217714,269196,243302,-1,237469,210423,-1,210423,83359,-1,80610,262530,81827,-1,-1,210423,-1,210423,-1,278151,241487,-1,-1
261593,238380,190048,-1,-1,167135,-1,190046,167135,-1,166676,226764,167425,-1,-1,-1,242519,190045,-1,-1,230025,-1,237067,166691,-1,190045,254642,168473,226764,166124,-1,222000,-1,-1,247703,166906,-1,190045,268513,238439,-1,-1,-1,111205,275049,247699,247553,-1,190044,168473,-1,190045,192181,214098,166149,1179,167680,-1,167134,190048,214100,190045,238435,238443,190042,-1,161840
-1,248478,266236,-1,-1,266236,-1,262922,257136,-1,-1,256292,80231,-1,-1,-1,253133,258316,-1,-1,262754,-1,231227,224980,-1,231227,232156,216199,229277,-1,-1,228883,-1,-1,223633,76922,-1,231227,239078,229277,-1,-1,-1,111235,79762,248765,251002,-1,258812,216199,-1,266236,260369,-1,245264,266641,237633,-1,-1,260290,-1,266236,81684,247360,260290,-1,79763
-1,239499,275736,-1,-1,234945,-1,-1,276356,-1,-1,234945,276697,-1,-1,-1,72335,241967,-1,-1,260078,-1,275742,262674,-1,234945,227932,73722,234945,-1,-1,230607,-1,-1,75532,80201,-1,234945,272557,246264,-1,-1,-1,111239,71287,75784,74966,-1,242383,241967,-1,234945,72129,-1,242253,80455,274912,-1,-1,234945,-1,234945,-1,263780,277805,-1,-1
-1,240751,72139,-1,-1,220029,-1,-1,270704,-1,-1,220029,271650,-1,-1,-1,246450,72137,-1,-1,271507,-1,72134,79634,-1,220029,266501,223880,220029,-1,-1,251981,-1,-1,80857,271394,-1,220029,72133,246550,-1,-1,-1,111273,73289,209483,80322,-1,243412,72137,-1,220029,73939,-1,254501,209830,-1,-1,-1,220029,-1,220029,-1,77629,72136,-1,-1
-1,73487,75051,-1,-1,267973,-1,216755,229194,-1,-1,73511,79662,-1,-1,-1,73430,252137,-1,-1,270355,-1,267973,246816,-1,267973,73330,188538,267973,-1,-1,248662,-1,-1,80545,73613,-1,267973,275620,277180,-1,-1,-1,111276,81315,83184,223740,-1,240258,240258,-1,267973,82730,-1,229045,240791,277980,-1,-1,267973,-1,267973,-1,80481,229974,-1,-1
-1,202089,207715,-1,-1,207715,-1,-1,261989,-1,-1,160131,-1,-1,-1,-1,84397,265766,-1,-1,273740,-1,77418,274156,-1,265766,75285,197655,207715,-1,-1,83245,-1,-1,-1,83472,-1,207715,-1,254628,-1,-1,-1,111325,-1,-1,279371,-1,77115,197655,-1,207715,-1,-1,-1,258209,-1,-1,-1,207715,-1,207715,-1,-1,266648,-1,-1
-1,234717,236956,-1,-1,236956,-1,-1,229713,-1,-1,207641,275463,-1,-1,-1,193534,214308,-1,-1,219452,-1,229209,263141,-1,236956,243384,214986,236956,-1,-1,74543,-1,-1,84219,255415,-1,236956,264412,214333,-1,-1,-1,111328,275461,80616,75923,-1,212225,207641,-1,236956,-1,-1,78101,76134,-1,-1,-1,207641,-1,236956,-1,74979,214835,-1,-1
-1,211264,273683,-1,-1,242548,-1,-1,277973,-1,-1,242548,262310,-1,-1,-1,277891,255866,-1,-1,274564,-1,69956,279059,-1,242548,79707,278021,242548,-1,-1,275180,-1,-1,83273,83987,-1,242548,83272,77972,-1,-1,-1,111329,259433,279068,228748,-1,71087,211264,-1,242548,70321,-1,253345,254760,255952,-1,-1,242548,-1,242548,-1,275179,275001,-1,-1
-1,234054,237031,-1,-1,219575,-1,-1,260204,-1,-1,258297,265683,-1,-1,-1,259876,224150,-1,-1,254188,-1,219575,240468,-1,219575,272795,254176,219575,-1,-1,259544,-1,-1,76806,257481,-1,219575,253919,259542,-1,-1,-1,111334,255989,76805,70452,-1,215074,215074,-1,219575,83755,-1,266087,254401,-1,-1,-1,237031,-1,219575,-1,253902,224983,-1,-1
-1,210327,243154,-1,-1,226517,-1,84116,216580,-1,-1,226517,236944,-1,-1,-1,211748,225403,-1,-1,256036,-1,263432,251191,-1,226517,259621,245022,226517,-1,-1,218623,-1,-1,199683,81410,-1,226517,258238,263255,-1,-1,-1,111339,74577,278168,254525,-1,238621,226517,-1,226517,277744,-1,232329,277284,223402,-1,-1,226517,-1,226517,-1,271361,192991,-1,-1
-1,204931,272571,-1,-1,209888,-1,83207,250895,-1,82096,253447,77174,-1,-1,-1,75510,266740,-1,-1,260630,-1,247889,71743,-1,209888,198955,216193,209888,81480,-1,237705,-1,-1,82097,272708,-1,209888,240580,220819,-1,-1,-1,111393,81982,82095,270120,-1,273526,209888,-1,209888,77175,-1,279186,264068,82902,-1,-1,209888,74986,209888,81481,197402,209888,-1,71742
-1,181468,216795,-1,-1,180903,-1,-1,268712,-1,-1,266629,240632,-1,-1,-1,79184,180903,-1,-1,264721,-1,258339,242160,-1,180903,75140,80564,180903,-1,-1,225051,-1,-1,276840,81581,-1,180903,259476,231131,-1,-1,-1,111395,81886,203309,231582,-1,76990,180903,-1,180903,75451,-1,70805,252699,262722,-1,-1,180903,-1,180903,-1,278158,279501,-1,-1
-1,183244,278882,-1,-1,257490,-1,82974,213094,-1,-1,268605,70063,-1,-1,-1,73096,247336,-1,-1,273841,-1,75040,277522,-1,257490,238170,211793,213094,-1,-1,272355,-1,-1,82957,83595,-1,213094,75513,257490,-1,-1,-1,111396,74266,83527,83525,-1,268416,268416,-1,257490,270121,-1,74615,277571,81887,-1,-1,247336,-1,257490,199000,265581,275267,-1,-1
-1,210368,178088,-1,-1,178088,-1,-1,260533,-1,-1,75391,270122,-1,-1,-1,278156,275134,-1,-1,242240,-1,262039,193177,-1,242240,261244,228210,178088,-1,-1,276622,-1,-1,77178,274928,-1,178088,277473,197831,-1,-1,-1,111397,83118,276627,236890,-1,193143,193143,-1,178088,252974,-1,81890,73152,199218,-1,-1,222540,-1,178088,-1,82102,222540,-1,-1
-1,239019,277549,-1,-1,263982,-1,73099,274005,-1,-1,242108,72913,-1,-1,-1,232861,263982,-1,-1,225757,-1,276249,259767,-1,242108,212803,198624,242108,-1,-1,81415,-1,-1,82103,81418,-1,242108,264063,247836,-1,-1,-1,111398,76167,73100,75033,-1,260617,242108,-1,263982,78073,-1,74614,76682,245425,-1,-1,263982,-1,263982,-1,74253,259726,-1,-1
-1,242086,202676,-1,-1,211513,-1,82349,70955,-1,-1,73110,83826,-1,-1,-1,209359,82866,-1,-1,260536,-1,263786,78393,-1,73110,242056,217439,211513,188278,-1,202678,-1,-1,275871,70515,-1,211513,272323,253153,-1,-1,-1,111399,70518,79766,238360,-1,203264,202676,-1,211513,253753,-1,257716,81892,81832,-1,-1,202676,-1,211513,260538,70799,211513,-1,84353
-1,262434,231424,-1,-1,221587,-1,276462,192241,-1,-1,221587,71987,-1,-1,-1,71482,80236,-1,-1,266148,-1,252468,72008,-1,192241,259629,216247,221587,82958,-1,246005,-1,-1,81484,264070,-1,221587,252698,211785,-1,-1,-1,111400,276656,81482,246949,-1,209210,192241,-1,221587,77553,-1,278224,276187,279478,-1,-1,221587,-1,221587,272461,72164,241245,-1,267794
-1,193786,73045,-1,-1,80602,-1,276743,251920,-1,-1,73054,226259,-1,-1,-1,72862,72858,-1,-1,268081,-1,80602,277769,-1,80602,220084,73200,268081,-1,-1,72034,-1,-1,70479,274090,-1,268081,72857,273936,-1,-1,-1,111433,79381,72856,224508,-1,77165,268081,-1,77165,70450,-1,268934,278295,274096,-1,-1,73045,-1,80602,276035,230631,268704,-1,262514
-1,228413,223137,-1,-1,217338,-1,-1,275162,-1,-1,222475,278331,-1,-1,-1,240970,236838,-1,-1,230681,-1,217338,257353,-1,217338,237669,271579,217338,-1,-1,220475,-1,-1,268576,205363,-1,217338,210964,220534,-1,-1,-1,111434,74448,192840,219932,-1,268573,223137,-1,217338,256669,-1,74071,190745,233732,-1,-1,223137,-1,217338,-1,277118,208830,-1,-1
-1,83520,197756,-1,-1,216201,-1,-1,276634,-1,-1,241162,241710,-1,-1,-1,73638,209989,-1,-1,253114,-1,245155,257946,-1,241162,274913,212219,216201,-1,-1,273948,-1,-1,250941,80486,-1,216201,267680,216201,-1,-1,-1,111462,244250,251845,235744,-1,244915,209989,-1,216201,244191,-1,247124,229956,-1,-1,-1,197756,-1,216201,-1,256035,241236,-1,-1
-1,268783,268779,-1,-1,180561,-1,-1,268781,-1,-1,180561,76234,-1,-1,-1,215911,239878,-1,-1,268982,-1,76241,268879,-1,180561,268772,76232,180561,-1,-1,268782,-1,-1,268986,75403,-1,180561,75401,268776,-1,-1,-1,111527,76229,209236,228352,-1,82253,268779,-1,180561,234051,-1,268780,272472,-1,-1,-1,268779,-1,180561,-1,279194,81956,-1,-1
-1,268771,-1,-1,-1,-1,-1,-1,268778,-1,-1,-1,-1,-1,-1,-1,-1,-1,-1,-1,-1,-1,-1,-1,-1,-1,-1,194571,-1,-1,-1,-1,-1,-1,-1,-1,-1,-1,-1,-1,-1,-1,-1,111592,-1,-1,-1,-1,203244,-1,-1,-1,-1,-1,-1,-1,-1,-1,-1,-1,-1,-1,-1,-1,-1,-1,-1
-1,260194,241413,-1,-1,70129,-1,-1,70108,-1,-1,70109,272501,-1,-1,-1,200253,261099,-1,-1,70111,-1,70129,76880,-1,70129,75570,70104,70129,-1,-1,70107,-1,-1,-1,70105,-1,70129,70103,76858,-1,-1,-1,111594,77074,-1,80763,-1,267790,70108,-1,75790,-1,-1,76872,275011,-1,-1,-1,241413,-1,70129,-1,70312,75790,-1,-1
-1,247228,234249,-1,-1,225951,-1,-1,198705,-1,-1,210930,237255,-1,-1,-1,241907,255205,-1,-1,210021,-1,234505,262740,-1,234505,243456,242596,225951,-1,-1,270517,-1,-1,244656,233400,-1,234505,263180,279942,-1,-1,-1,111596,274535,215443,221992,-1,202170,234505,-1,234505,-1,-1,224067,213206,-1,-1,-1,225951,-1,234505,-1,236918,225951,-1,-1
-1,253065,72805,-1,-1,252088,-1,-1,247631,-1,-1,253508,277580,-1,-1,-1,79842,252088,-1,-1,248177,-1,248289,79970,-1,252088,248315,253669,252088,-1,-1,278694,-1,-1,84062,248327,-1,252088,248272,271396,-1,-1,-1,111629,83814,278692,248178,-1,231520,252088,-1,252088,70794,-1,79712,248246,84291,-1,-1,72805,-1,252088,-1,79716,259560,-1,-1
-1,73265,73277,-1,-1,72925,-1,84003,256996,-1,-1,257684,83528,-1,-1,-1,73281,250856,-1,-1,79341,-1,75122,83526,-1,72925,270739,82267,72925,-1,-1,80306,-1,-1,73280,277566,-1,72925,75133,75121,-1,-1,-1,111633,71946,261423,260108,-1,253670,75122,-1,72925,259650,-1,73279,72922,84001,-1,-1,73277,-1,72925,264486,73271,72925,-1,-1
-1,277916,213439,-1,-1,213439,-1,-1,237307,-1,-1,232081,271017,-1,-1,-1,278679,274976,-1,-1,255137,-1,258758,268433,-1,213439,237496,260143,258758,-1,-1,276497,-1,-1,-1,278682,-1,258758,79900,71407,-1,-1,-1,111651,-1,-1,261605,-1,212591,213439,-1,213439,-1,-1,267847,77129,-1,-1,-1,232081,-1,213439,-1,166539,266615,-1,-1
-1,276725,269182,-1,-1,251769,-1,72861,270502,-1,-1,74533,80169,-1,-1,-1,274197,268751,-1,-1,251769,-1,279877,236308,-1,251769,253120,270064,251769,-1,-1,266304,-1,-1,75449,74304,-1,251769,80832,74536,-1,-1,-1,111657,270131,75745,268897,-1,74520,74536,-1,251769,80833,-1,244780,225037,278350,-1,-1,251769,-1,251769,75448,268466,276422,-1,264451
-1,231720,263110,-1,-1,253041,-1,-1,275296,-1,-1,257411,75312,-1,-1,-1,74134,79635,-1,-1,253041,-1,79638,258470,-1,253041,255738,79640,275296,-1,-1,270352,-1,-1,276872,73086,-1,253041,271244,277431,-1,-1,-1,111659,262156,79637,242753,-1,79639,277431,-1,253041,80235,-1,261753,257142,-1,-1,-1,253041,-1,253041,-1,75420,261772,-1,-1
83534,167959,213761,-1,-1,208418,-1,75490,272833,-1,73594,220659,271637,-1,-1,-1,264458,243627,-1,-1,228593,-1,71832,229851,-1,208418,277474,275544,208418,83064,-1,245518,-1,-1,75489,81272,-1,208418,74701,260010,-1,-1,-1,111674,278391,74074,219686,-1,216774,208418,-1,208418,254792,240600,263161,76781,276673,-1,269682,208418,273897,208418,242661,225087,208418,-1,82927
-1,247072,251353,-1,-1,226376,-1,-1,261991,-1,-1,279061,81402,-1,-1,-1,74997,246107,-1,-1,257188,-1,226376,277574,-1,226376,262175,79533,226376,-1,-1,73256,-1,-1,81407,79535,-1,226376,79538,263163,-1,-1,-1,111701,81405,226652,251076,-1,220380,247072,-1,226376,81408,-1,74995,247067,81409,-1,-1,264348,-1,226376,-1,71653,264348,-1,-1
-1,74621,228325,-1,-1,228325,-1,77693,243125,-1,78029,255700,83718,-1,-1,-1,73364,239084,-1,-1,74478,-1,272952,267412,-1,228325,213498,70295,261098,83625,-1,75661,-1,-1,81868,271496,-1,228325,72405,261098,-1,-1,-1,111705,72085,78723,79137,-1,76521,243125,-1,228325,81460,-1,76522,202079,82869,-1,-1,262721,-1,228325,76520,81463,262721,-1,81509
-1,222639,258081,-1,-1,258284,-1,-1,272844,-1,-1,277614,-1,-1,-1,-1,273921,262284,-1,-1,258284,-1,277849,75075,-1,258284,274570,273090,258284,-1,-1,76486,-1,-1,-1,258089,-1,258284,-1,75187,-1,-1,-1,111706,-1,-1,75964,-1,214769,214769,-1,258284,-1,-1,-1,70431,-1,-1,-1,258081,-1,258284,-1,-1,260388,-1,-1
-1,215213,276831,-1,-1,214660,-1,240168,247774,-1,-1,230984,243816,-1,-1,-1,242917,253907,-1,-1,261019,-1,231212,224049,-1,214660,259971,236670,214660,-1,-1,259361,-1,-1,268872,270397,-1,214660,265609,214660,-1,-1,-1,111707,252121,80710,235991,-1,246667,230984,-1,214660,80086,-1,273905,215132,232817,-1,-1,80090,-1,214660,83300,220851,80090,-1,263756
-1,243810,252193,-1,-1,222417,-1,-1,222022,-1,-1,254774,245094,-1,-1,-1,279816,222417,-1,-1,271344,-1,270036,74790,-1,222417,214989,72302,222417,-1,-1,235004,-1,-1,243572,261016,-1,222417,257338,264792,-1,-1,-1,111708,274978,244869,272949,-1,245439,222022,-1,222417,77271,-1,81530,240955,214777,-1,-1,252193,-1,222417,-1,74603,261352,-1,-1
-1,259927,215199,-1,-1,215199,-1,83312,270456,-1,-1,73359,178562,-1,-1,-1,227274,245061,-1,-1,71908,-1,258817,264507,-1,215199,256502,251686,215199,74810,-1,267931,-1,-1,255386,226170,-1,215199,268083,241929,-1,-1,-1,111710,225858,277250,257153,-1,241569,241569,-1,215199,274160,-1,242691,257985,83313,-1,-1,215199,-1,215199,83314,83433,254125,-1,261442
-1,253354,83329,-1,-1,216020,-1,75258,259786,-1,-1,216020,80714,-1,-1,-1,73887,234107,-1,-1,274401,-1,266673,254048,-1,216020,263365,251138,216020,-1,-1,253384,-1,-1,270874,221952,-1,216020,213581,77014,-1,-1,-1,111711,278440,273968,240743,-1,219451,253354,-1,216020,228211,-1,220334,258180,278437,-1,-1,216020,-1,216020,-1,279170,268508,-1,-1
-1,227148,214830,-1,-1,214830,-1,-1,160179,-1,-1,255341,-1,-1,-1,-1,159959,266762,-1,-1,226393,-1,76788,76791,-1,214830,76809,77793,214830,-1,-1,160069,-1,-1,-1,160040,-1,214830,-1,76903,-1,-1,-1,111713,-1,-1,159989,-1,159936,226393,-1,214830,-1,-1,-1,233918,-1,-1,-1,81744,-1,214830,-1,-1,81744,-1,-1
-1,256145,258082,-1,-1,70690,-1,256406,278460,-1,71217,231360,73843,-1,-1,-1,279932,263504,-1,-1,70690,-1,273730,269935,-1,256508,267392,226772,273730,278418,-1,242306,-1,-1,226377,227549,-1,256508,245079,220147,-1,-1,-1,111715,244851,258574,276822,-1,269554,226772,-1,273730,72703,-1,76732,272902,279931,-1,-1,258082,261155,273730,76480,70291,256508,-1,275100
-1,263204,232729,-1,-1,228961,-1,-1,278430,-1,-1,277181,231070,-1,-1,-1,212214,228961,-1,-1,254585,-1,207440,256501,-1,228961,81747,80043,273028,-1,-1,264147,-1,-1,215193,271969,-1,273028,211272,273028,-1,-1,-1,111716,77640,266341,269619,-1,279845,228961,-1,228961,270487,-1,273079,277888,277836,-1,-1,232729,-1,228961,-1,273854,76883,-1,-1
-1,182224,230601,-1,-1,223298,-1,259652,232871,-1,-1,223298,222346,-1,-1,-1,221855,76744,-1,-1,261927,-1,205401,275650,-1,223298,252516,191572,223298,-1,-1,221846,-1,-1,79965,275649,-1,223298,221854,240207,-1,-1,-1,111724,79962,79966,233394,-1,245036,182224,-1,223298,269032,-1,79963,261928,77920,-1,-1,230601,-1,223298,77921,275651,268313,-1,77919
-1,279014,240650,-1,-1,248227,-1,261456,220886,-1,-1,248227,82905,-1,-1,-1,278249,219392,-1,-1,213281,-1,221425,232669,-1,219392,76117,227847,248227,-1,-1,276461,-1,-1,75459,76613,-1,248227,70066,209361,-1,-1,-1,111766,279201,75456,75112,-1,274055,219392,-1,248227,81981,-1,277324,78394,236342,-1,-1,219392,-1,248227,252477,81520,79711,-1,-1
-1,191528,227527,-1,-1,225478,-1,261887,247241,-1,77809,228033,253955,-1,-1,-1,261886,225478,-1,-1,228047,-1,241239,248237,-1,225478,261956,236690,225478,77808,-1,268917,-1,-1,253516,240391,-1,241239,77807,266170,-1,-1,-1,111768,215892,275172,241344,-1,199088,199088,-1,225478,242276,-1,221820,253219,73687,-1,-1,227527,77810,225478,77806,224648,228017,-1,77786
-1,221964,201876,-1,-1,241332,-1,257493,242700,-1,-1,241332,77811,-1,-1,-1,233451,250988,-1,-1,268930,-1,77812,79984,-1,241332,242678,190276,241332,-1,-1,243092,-1,-1,224550,261921,-1,241332,273641,235002,-1,-1,-1,111769,263847,257683,268915,-1,245048,202855,-1,241332,217160,-1,71573,222438,269027,-1,-1,201876,-1,241332,247224,212886,202855,-1,269030
-1,221798,263487,-1,-1,237670,-1,-1,224466,-1,-1,236997,241342,-1,-1,-1,252181,237670,-1,-1,250989,-1,226021,80133,-1,237670,228077,242874,237670,-1,-1,71394,-1,-1,269138,241622,-1,237670,269017,243102,-1,-1,-1,111774,222349,77940,264056,-1,243117,224466,-1,237670,261954,-1,260645,269141,-1,-1,-1,237670,-1,237670,-1,276520,236810,-1,-1
-1,226838,219908,-1,-1,219908,-1,-1,251586,-1,-1,243088,257475,-1,-1,-1,261934,216736,-1,-1,224470,-1,269520,71348,-1,219908,261899,260094,219908,-1,-1,224615,-1,-1,77909,224667,-1,219908,241619,268959,-1,-1,-1,111779,77910,269033,253966,-1,226151,216736,-1,219908,259653,-1,79967,224555,73707,-1,-1,219908,-1,219908,-1,77908,248222,-1,-1
-1,237127,215785,-1,-1,219812,-1,215689,237612,-1,-1,222388,70251,-1,-1,-1,225475,239613,-1,-1,200054,-1,219812,258788,-1,215785,251988,245091,215785,-1,-1,71805,-1,-1,80893,278305,-1,215785,264372,237003,-1,-1,-1,111811,238703,268437,234147,-1,257000,239613,-1,219812,80835,-1,258846,268875,258027,-1,-1,237715,-1,219812,-1,248199,237715,-1,-1
-1,188943,257118,-1,-1,257118,-1,236621,276398,-1,233767,234612,248477,-1,-1,-1,219789,235432,-1,-1,230020,-1,216820,275070,-1,257118,224030,269181,257118,256689,-1,237331,-1,-1,241266,190034,-1,257118,234158,70012,-1,-1,-1,111817,272599,228774,266041,-1,247248,230020,-1,257118,231236,-1,256731,255266,211240,-1,-1,257118,-1,257118,71614,78070,192387,-1,168965
-1,257497,73952,-1,-1,73288,-1,76801,229818,-1,-1,223676,263137,-1,-1,-1,73610,73121,-1,-1,210482,-1,73288,267761,-1,73288,78788,70869,73288,-1,-1,80003,-1,-1,81330,79371,-1,73288,226705,220925,-1,-1,-1,111822,266870,83815,221896,-1,262955,229818,-1,73288,79817,-1,256658,256537,81475,-1,-1,220925,-1,73288,81329,279125,264867,-1,193260
-1,238604,268483,-1,-1,246803,-1,-1,274533,-1,-1,232388,78773,-1,-1,-1,266518,237385,-1,-1,77560,-1,266686,256110,-1,246803,266375,77496,246803,-1,-1,73877,-1,-1,77472,77511,-1,246803,243126,246803,-1,-1,-1,111928,83352,-1,233943,-1,229879,232388,-1,246803,-1,-1,78210,227653,-1,-1,-1,246803,-1,246803,-1,70188,261114,-1,-1
-1,233164,235842,-1,-1,243593,-1,72098,243497,-1,-1,264207,235806,-1,-1,-1,263882,242725,-1,-1,191202,-1,210935,251335,-1,210935,252027,262396,210935,-1,-1,256856,-1,-1,223143,226108,-1,243593,274702,255561,-1,-1,-1,111974,81732,276705,265761,-1,262027,210935,-1,243593,268462,-1,240452,254502,270657,-1,-1,210935,-1,243593,248787,80811,243593,-1,-1
-1,203172,253013,-1,-1,272712,-1,-1,74324,-1,-1,272712,72048,-1,-1,-1,241960,219865,-1,-1,272920,-1,254469,75671,-1,272712,275295,258517,272712,-1,-1,254518,-1,-1,78066,70918,-1,254469,256428,272959,-1,-1,-1,112072,83722,82524,256748,-1,208432,219865,-1,272712,268938,-1,79504,76663,-1,-1,-1,272712,-1,272712,-1,76868,70902,-1,-1
-1,222951,181291,-1,-1,212476,-1,-1,211152,-1,-1,212476,80091,-1,-1,-1,278748,222148,-1,-1,79632,-1,278567,245414,-1,212476,232901,243045,212476,-1,-1,213901,-1,-1,83608,245499,-1,212476,248498,213064,-1,-1,-1,112096,78886,75713,210259,-1,225316,181291,-1,212476,253079,-1,78152,248255,81513,-1,-1,181291,-1,212476,-1,82209,211591,-1,-1
71458,212839,274035,-1,83880,199236,-1,80188,238089,-1,76154,261128,261054,-1,-1,-1,238173,255500,-1,83876,233018,-1,255917,76236,-1,233018,245981,71103,233018,274116,-1,275076,-1,-1,73438,253198,-1,233018,231910,199236,-1,-1,-1,112115,83875,76160,83627,-1,276140,238089,-1,233018,274041,83878,261582,274115,76161,-1,83877,233018,77473,199236,71105,245982,260396,-1,76235
-1,259973,277636,-1,-1,257768,-1,240475,235292,-1,-1,257768,235835,-1,-1,-1,74072,72834,-1,-1,78263,-1,81358,278351,-1,257768,252410,270133,72834,-1,-1,74421,-1,-1,270956,80626,-1,72834,80075,257786,-1,-1,-1,112124,235863,70481,83661,-1,273602,72834,-1,72834,268800,-1,82976,72829,273913,-1,-1,268674,-1,72834,-1,72831,268674,-1,-1
-1,225766,206147,-1,-1,242658,-1,-1,71046,-1,-1,73255,-1,-1,-1,-1,159954,201965,-1,-1,256819,-1,231190,160115,-1,201965,258032,241578,242658,-1,-1,80079,-1,-1,-1,82201,-1,201965,-1,242658,-1,-1,-1,112126,-1,-1,160205,-1,79571,201965,-1,201965,-1,-1,-1,279270,-1,-1,-1,206147,-1,242658,-1,-1,160210,-1,-1
-1,216939,275046,-1,-1,268805,-1,-1,243235,-1,-1,273582,248855,-1,-1,-1,259978,268805,-1,-1,254905,-1,260547,266373,-1,268805,191173,260477,268805,-1,-1,261333,-1,-1,83741,74265,-1,268805,267874,77483,-1,-1,-1,112134,76445,78209,70856,-1,278688,216939,-1,268805,83362,-1,83363,72901,78208,-1,-1,275046,-1,268805,-1,79893,255275,-1,-1
-1,255368,242444,-1,-1,216352,-1,83620,232477,-1,-1,216352,245502,-1,-1,-1,241197,272829,-1,-1,213345,-1,208722,254685,-1,216352,242863,243854,216352,233961,-1,255837,-1,-1,75472,270001,-1,216352,260343,253440,-1,-1,-1,112139,255369,79494,237721,-1,204525,216352,-1,216352,71828,-1,242117,73562,75203,-1,-1,208722,-1,216352,74969,20801,242223,-1,74974
-1,269536,277782,-1,-1,229804,-1,-1,269530,-1,-1,222192,269040,-1,-1,-1,233945,193713,-1,-1,222440,-1,229804,269537,-1,229804,205331,238862,229804,-1,-1,275674,-1,-1,-1,233947,-1,229804,79996,233946,-1,-1,-1,112163,242414,-1,271525,-1,77574,269536,-1,229804,-1,-1,79995,224475,-1,-1,-1,229804,-1,229804,-1,275673,248376,-1,-1
-1,242879,73398,-1,-1,236703,-1,83629,240709,-1,-1,242187,222331,-1,-1,-1,276216,272612,-1,-1,257876,-1,78012,278061,-1,236703,277689,204638,236703,72376,-1,228579,-1,-1,74512,263193,-1,236703,79107,236703,-1,-1,-1,112172,83137,82847,265450,-1,262138,236703,-1,236703,276602,-1,74207,222546,233195,-1,-1,73398,-1,236703,185122,277887,262863,-1,82689
-1,72672,70166,-1,-1,257917,-1,73922,228834,-1,-1,236750,269715,-1,-1,-1,73961,253010,-1,-1,257917,-1,71172,227362,-1,257917,262590,204816,257917,70117,-1,202259,-1,-1,74740,277905,-1,257917,183339,272624,-1,-1,-1,112199,272518,73033,222081,-1,213864,204816,-1,257917,263409,-1,273614,254513,80393,-1,-1,267426,-1,257917,79914,83819,267426,-1,74737
-1,266151,197774,-1,-1,263990,-1,80349,275596,-1,76261,263990,73261,-1,-1,-1,225498,242730,-1,-1,212682,-1,79162,204297,-1,263990,257872,277913,263990,268629,-1,257873,-1,-1,190625,243827,-1,263990,231613,271584,-1,-1,-1,112222,247518,205481,235216,-1,232648,242730,-1,263990,252835,242961,223073,186494,265575,-1,-1,263990,75774,263990,78095,76799,248126,-1,263308
-1,267599,210484,-1,-1,210484,-1,274526,241861,-1,-1,212075,81889,-1,-1,-1,279198,276057,-1,-1,264065,-1,195033,241970,-1,210484,73661,228416,210484,-1,-1,81766,-1,-1,73428,74982,-1,210484,74983,202157,-1,-1,-1,112224,189155,82101,273530,-1,79566,202157,-1,210484,232963,-1,234867,264057,246007,-1,-1,262557,-1,210484,198731,70513,262557,-1,75454
-1,233970,247890,-1,-1,247741,-1,-1,72939,-1,-1,233050,270380,-1,-1,-1,270065,73308,-1,-1,247741,-1,254317,216453,-1,247741,242258,79202,247741,-1,-1,252305,-1,-1,83717,278073,-1,233050,258589,231284,-1,-1,-1,112254,257870,78391,229508,-1,271876,271876,-1,247741,279103,-1,274359,270660,-1,-1,-1,220893,-1,247741,-1,83158,220893,-1,-1
-1,221759,248131,-1,-1,221767,-1,83960,237089,-1,-1,221767,71234,-1,-1,-1,266541,208063,-1,-1,274839,-1,71359,71358,-1,221767,238579,202978,221767,-1,-1,233280,-1,-1,83964,255553,-1,221767,74599,269093,-1,-1,-1,112258,77192,83963,221831,-1,208073,221759,-1,221767,83962,-1,77193,266750,83961,-1,-1,221767,-1,221767,-1,77215,220922,-1,-1
-1,237188,238716,-1,-1,231442,-1,-1,228642,-1,-1,233377,276967,-1,-1,-1,203415,246789,-1,-1,234258,-1,244322,80428,-1,231442,260192,263938,231442,-1,-1,277343,-1,-1,274228,169708,-1,231442,204496,220956,-1,-1,-1,112259,79444,-1,229731,-1,250994,220956,-1,231442,-1,-1,279042,223827,-1,-1,-1,238716,-1,231442,-1,274069,231442,-1,-1
-1,207606,186127,-1,-1,268444,-1,83818,268444,-1,-1,242085,206554,-1,-1,-1,76137,253374,-1,-1,236209,-1,255474,229232,-1,253374,237185,256952,253374,-1,-1,251264,-1,-1,78047,80412,-1,253374,80881,71216,-1,-1,-1,112260,240604,225245,270491,-1,82260,253374,-1,268444,276978,-1,193701,76260,266208,-1,-1,186127,-1,268444,268445,74158,72459,-1,-1
-1,-1,-1,-1,-1,-1,-1,-1,-1,-1,-1,-1,-1,-1,-1,-1,-1,-1,-1,-1,-1,-1,-1,-1,-1,-1,-1,-1,-1,-1,-1,-1,-1,-1,-1,-1,-1,-1,-1,-1,-1,-1,-1,112264,-1,-1,-1,-1,-1,-1,-1,-1,-1,-1,-1,-1,-1,-1,-1,-1,-1,-1,-1,-1,-1,-1,-1
-1,234642,239482,-1,-1,204485,-1,83956,242506,-1,-1,230938,275561,-1,-1,-1,81383,204485,-1,-1,263182,-1,252259,74411,-1,204485,83066,238160,204485,-1,-1,75111,-1,-1,82926,277318,-1,204485,262272,270331,-1,-1,-1,112387,277475,83143,238545,-1,247257,234642,-1,204485,82133,-1,275137,263867,277459,-1,-1,212228,-1,204485,-1,264203,212228,-1,-1
-1,209960,228819,-1,-1,228819,-1,75144,242359,-1,83993,73745,279591,-1,-1,-1,81606,255487,-1,-1,236830,-1,263766,81268,-1,228819,270000,260250,228819,83146,-1,245420,-1,-1,278201,272828,-1,228819,70584,272881,-1,-1,-1,112390,278133,245356,81870,-1,235890,235890,-1,228819,75930,-1,74702,230765,81541,-1,-1,228819,-1,228819,80168,230749,259265,-1,74704
-1,192984,234579,-1,-1,263824,-1,82369,74699,-1,-1,263824,242114,-1,-1,-1,230801,230965,-1,-1,74436,-1,274913,83164,-1,263824,210411,200724,222028,-1,-1,248836,-1,-1,214923,210603,-1,222028,241809,222028,-1,-1,-1,112391,248256,76780,211395,-1,266797,200724,-1,263824,257842,-1,76782,209027,75529,-1,-1,241850,-1,263824,77597,80756,241850,-1,84134
-1,243830,77087,-1,-1,226789,-1,242245,277233,-1,-1,226789,274741,-1,-1,-1,261190,224962,-1,-1,277316,-1,234200,235551,-1,226789,276343,226515,226789,242374,-1,78943,-1,-1,76943,81295,-1,226789,234134,232675,-1,-1,-1,112393,83660,75389,265407,-1,228784,234200,-1,226789,276770,-1,264206,242352,74964,-1,-1,234200,-1,226789,83665,81511,219797,-1,74921
-1,203423,239458,-1,-1,239458,-1,81842,259655,-1,-1,242154,231678,-1,-1,-1,256392,278838,-1,-1,232162,-1,207807,77387,-1,242154,190644,277524,239458,-1,-1,203308,-1,-1,81486,71563,-1,239458,256324,224297,-1,-1,-1,112427,74756,74757,220708,-1,265422,203423,-1,239458,81487,-1,82895,231172,70177,-1,-1,207807,-1,239458,84071,272737,182091,-1,-1
-1,-1,-1,-1,-1,-1,-1,-1,-1,-1,-1,-1,-1,-1,-1,-1,-1,-1,-1,-1,-1,-1,-1,-1,-1,-1,-1,-1,-1,-1,-1,-1,-1,-1,-1,-1,-1,-1,-1,-1,-1,-1,-1,112428,-1,-1,-1,-1,-1,-1,-1,-1,-1,-1,-1,-1,-1,-1,-1,-1,-1,-1,-1,-1,-1,-1,-1
-1,239573,75558,-1,-1,256119,-1,274721,278804,-1,-1,70163,271583,-1,-1,-1,252466,256119,-1,-1,72916,-1,213994,276798,-1,229459,237382,73386,256119,-1,-1,242264,-1,-1,278334,74329,-1,256119,279228,229459,-1,-1,-1,112493,189558,75170,235133,-1,244576,229459,-1,256119,79972,-1,277599,185172,83089,-1,-1,229459,-1,256119,220829,72839,270098,-1,-1
-1,233691,277665,-1,-1,268756,-1,70247,219759,-1,-1,268753,220504,-1,-1,-1,73973,72790,-1,-1,264392,-1,268756,74020,-1,268756,238282,268697,268756,-1,-1,169115,-1,-1,81309,268755,-1,268756,74080,203780,-1,-1,-1,112494,75645,81603,268759,-1,277872,268753,-1,268756,74724,-1,73138,205659,231137,-1,-1,277665,-1,268756,196889,278321,276572,-1,-1
-1,78554,245812,-1,-1,257666,-1,-1,201081,-1,-1,250970,232550,-1,-1,-1,262260,239731,-1,-1,252225,-1,263081,248107,-1,257666,221791,78558,257666,-1,-1,278086,-1,-1,78559,260981,-1,257666,263258,257666,-1,-1,-1,112510,78560,-1,273592,-1,222164,201081,-1,257666,-1,-1,244110,235274,-1,-1,-1,245812,-1,257666,-1,78564,271101,-1,-1
-1,259872,276600,-1,-1,246112,-1,-1,251994,-1,-1,255876,255140,-1,-1,-1,273663,277664,-1,-1,264188,-1,246112,263837,-1,246112,279919,258728,246112,-1,-1,75211,-1,-1,277944,273560,-1,246112,268484,217585,-1,-1,-1,112513,263734,245238,275641,-1,258687,251994,-1,246112,76845,-1,253122,246881,77733,-1,-1,255461,-1,246112,-1,270698,255461,-1,-1
-1,71515,261032,-1,-1,269099,-1,78993,239875,-1,-1,263566,257293,-1,-1,-1,78989,75896,-1,-1,229327,-1,78991,223818,-1,269099,212692,256449,261032,-1,-1,78990,-1,-1,259317,258468,-1,261032,270585,269099,-1,-1,-1,112516,246957,72891,80153,-1,268010,229327,-1,269099,234935,-1,279767,250817,72169,-1,-1,227558,-1,269099,80292,241454,227558,-1,-1
-1,159906,236176,-1,-1,160128,-1,-1,159925,-1,-1,160128,-1,-1,-1,-1,159981,159962,-1,-1,160103,-1,160212,159988,-1,160128,160102,230284,160128,-1,-1,159950,-1,-1,-1,160030,-1,160128,-1,159913,-1,-1,-1,112531,-1,-1,160137,-1,160053,160103,-1,160128,-1,-1,-1,160014,-1,-1,-1,160138,-1,160128,-1,-1,160138,-1,-1
-1,224599,238704,-1,-1,238704,-1,79974,247197,-1,269115,239609,231954,-1,-1,-1,226197,224631,-1,-1,261946,-1,240131,77922,-1,240131,70832,200741,238704,77925,-1,224604,-1,-1,222729,224690,-1,238704,236679,243100,-1,-1,-1,112540,257523,224624,77924,-1,241328,224599,-1,238704,222621,272559,221445,241327,224611,-1,-1,240131,77926,238704,79988,200672,254894,-1,71393
83866,199259,240280,-1,-1,240280,-1,83872,227791,-1,76379,238577,255245,-1,-1,-1,256791,232232,-1,-1,71411,-1,71455,71639,-1,240280,239962,233711,240280,71689,-1,212347,-1,-1,83870,228176,-1,240280,273815,222592,-1,-1,-1,112555,228526,191979,84163,-1,212776,212776,-1,240280,71688,71315,212778,252662,83869,-1,83871,240280,76380,240280,273816,199183,71638,-1,252428
84220,203004,83530,-1,84222,231942,-1,76837,244837,-1,84217,278595,252952,-1,-1,-1,254914,247844,-1,84221,231942,-1,210544,246345,-1,231942,227982,247689,231942,214931,-1,274422,-1,-1,71326,71369,-1,231942,233552,231946,-1,-1,-1,112558,245075,76834,266366,-1,83504,231942,-1,231942,274419,84218,233284,252427,71196,-1,84223,210544,84216,231942,80198,258391,243321,-1,71200
-1,213536,240744,-1,-1,240744,-1,-1,70442,-1,-1,77663,83955,-1,-1,-1,248870,236298,-1,-1,262740,-1,236800,221664,-1,240744,74438,203137,240744,-1,-1,71618,-1,-1,-1,77464,-1,240744,246849,264085,-1,-1,-1,112606,83365,-1,78207,-1,224921,203137,-1,236298,-1,-1,81948,277189,-1,-1,-1,240744,-1,236298,-1,79890,274841,-1,-1
-1,70565,77120,-1,-1,84136,-1,-1,279920,-1,-1,77691,80033,-1,-1,-1,279918,84136,-1,-1,74301,-1,255881,79228,-1,84136,253285,70332,84136,-1,-1,275292,-1,-1,80548,279862,-1,84136,69962,253861,-1,-1,-1,112615,77360,84138,83006,-1,80549,253861,-1,84136,255773,-1,259319,84135,83328,-1,-1,77120,-1,84136,-1,245532,83497,-1,-1
-1,253636,255094,-1,-1,259968,-1,83129,260514,-1,-1,211345,248862,-1,-1,-1,253522,259968,-1,-1,215335,-1,273999,77766,-1,215335,260267,225809,259968,-1,-1,260266,-1,-1,72086,274363,-1,215335,228085,274195,-1,-1,-1,112667,273524,83125,254890,-1,253538,255094,-1,259968,78666,-1,260966,255892,271390,-1,-1,255094,-1,259968,71770,264714,83742,-1,-1
-1,215251,75729,-1,-1,267626,-1,-1,244757,-1,-1,267626,263556,-1,-1,-1,269889,258289,-1,-1,273964,-1,255373,240576,-1,267626,76469,214990,267626,-1,-1,247150,-1,-1,77029,276107,-1,267626,278452,229015,-1,-1,-1,112670,277947,80119,226604,-1,217196,215251,-1,267626,-1,-1,80522,75583,-1,-1,-1,267626,-1,267626,-1,244950,260140,-1,-1
83624,243476,263502,-1,-1,263502,-1,279840,274736,-1,235987,242002,253908,-1,-1,-1,274122,76488,-1,-1,74855,-1,269599,269620,-1,264365,233372,76861,263502,76991,-1,215054,-1,-1,74777,252192,-1,263502,78267,267795,-1,-1,-1,112689,74776,263475,242019,-1,264365,264365,-1,263502,276094,267621,247366,76483,253264,-1,274521,241025,77051,263502,246868,74782,241025,-1,235966
226798,215048,223099,-1,83593,261351,-1,71058,83082,-1,222378,266310,73945,-1,-1,-1,278745,264733,-1,-1,78185,-1,274408,274125,-1,153060,211489,255144,78185,239219,-1,74847,-1,-1,273909,74842,-1,78185,269132,261351,-1,-1,-1,112713,253953,83213,241005,-1,153060,153060,-1,261351,77375,74843,70898,278469,215026,-1,83385,223099,279172,261351,70670,71944,260030,-1,247400
-1,217805,221955,-1,-1,199151,-1,-1,245247,-1,-1,225878,246696,-1,-1,-1,277786,234037,-1,-1,253251,-1,246145,230865,-1,199151,260135,274262,199151,-1,-1,232535,-1,-1,70864,78198,-1,199151,252240,233476,-1,-1,-1,112716,240801,82246,70956,-1,255333,199151,-1,199151,78336,-1,227772,193241,78998,-1,-1,221955,-1,199151,-1,198145,199151,-1,-1
-1,219854,213969,-1,-1,213969,-1,-1,253445,-1,-1,72456,232114,-1,-1,-1,76571,251257,-1,-1,234487,-1,72454,262133,-1,213969,247085,223069,213969,-1,-1,240334,-1,-1,80474,81337,-1,213969,235218,270683,-1,-1,-1,112764,200841,-1,225310,-1,245070,72457,-1,213969,-1,-1,237355,258056,-1,-1,-1,72457,-1,213969,-1,186122,72457,-1,-1
-1,240834,271057,-1,-1,70971,-1,74578,277322,-1,83709,229453,279514,-1,-1,-1,77103,277811,-1,-1,240685,-1,70971,75751,-1,70971,74093,253350,229453,83994,-1,76992,-1,-1,222461,71781,-1,70971,73453,218936,-1,-1,-1,112809,277594,80155,80154,-1,248278,271057,-1,70971,78312,-1,278814,236046,79506,-1,-1,258526,-1,70971,80536,274442,258526,-1,81348
-1,247506,183895,-1,-1,183895,-1,83060,254492,-1,-1,236935,260918,-1,-1,-1,230888,241783,-1,-1,274998,-1,268330,246047,-1,183895,257866,233790,236935,-1,-1,246354,-1,-1,82889,77879,-1,183895,274974,268009,-1,-1,-1,112828,252700,279712,253755,-1,72905,233790,-1,183895,277302,-1,79886,247448,82879,-1,-1,268715,-1,183895,78205,70444,268715,-1,77489
-1,274207,259641,-1,-1,254075,-1,-1,253886,-1,-1,201508,77356,-1,-1,-1,77359,254075,-1,-1,274007,-1,262023,260125,-1,262023,267797,261821,254075,-1,-1,272972,-1,-1,273660,83088,-1,254075,81532,71224,-1,-1,-1,112868,80551,-1,274491,-1,272423,274207,-1,254075,-1,-1,267568,267480,-1,-1,-1,262023,-1,254075,-1,77355,70896,-1,-1
-1,184167,203980,-1,-1,203980,-1,83417,230762,-1,-1,208260,76936,-1,-1,-1,220422,234070,-1,-1,223979,-1,246708,207716,-1,203980,223629,198177,203980,-1,-1,208965,-1,-1,248340,226181,-1,203980,235600,234930,-1,-1,-1,112883,270929,251091,70952,-1,228624,203980,-1,203980,83161,-1,259176,232673,83162,-1,-1,203980,-1,203980,253001,75759,185422,-1,-1
-1,77491,214092,-1,-1,239755,-1,-1,240921,-1,-1,230977,84025,-1,-1,-1,274273,235885,-1,-1,236529,-1,239755,240859,-1,239755,278490,216730,239755,-1,-1,265402,-1,-1,79846,74622,-1,239755,76454,256044,-1,-1,-1,112885,70112,-1,232785,-1,251446,214092,-1,239755,-1,-1,78044,224348,-1,-1,-1,214092,-1,239755,-1,84042,237295,-1,-1
-1,247228,158023,-1,-1,158023,-1,-1,262339,-1,-1,212616,278217,-1,-1,-1,73888,71003,-1,-1,254578,-1,260056,245279,-1,158023,266624,259298,158023,-1,-1,247156,-1,-1,-1,274396,-1,158023,275253,267872,-1,-1,-1,112893,81554,-1,237248,-1,260732,158023,-1,158023,-1,-1,278495,269732,-1,-1,-1,158023,-1,158023,-1,276169,176580,-1,-1
-1,237046,261552,-1,-1,254039,-1,-1,266699,-1,-1,72419,279487,-1,-1,-1,208504,259825,-1,-1,254039,-1,271741,77450,-1,254039,246057,241064,254039,-1,-1,253366,-1,-1,-1,268283,-1,254039,77449,266668,-1,-1,-1,112908,-1,-1,220739,-1,253341,241064,-1,254039,-1,-1,79281,273984,-1,-1,-1,254039,-1,254039,-1,79419,81843,-1,-1
-1,215123,263418,-1,-1,251979,-1,-1,239197,-1,-1,228375,279171,-1,-1,-1,252239,234466,-1,-1,273976,-1,279820,271855,-1,251979,82262,263434,251979,-1,-1,268954,-1,-1,74800,72005,-1,251979,230964,251979,-1,-1,-1,112965,278427,278463,83309,-1,267410,215123,-1,251979,276708,-1,240457,76844,-1,-1,-1,263418,-1,251979,-1,263503,229536,-1,-1
-1,235375,226419,-1,-1,226419,-1,-1,235817,-1,-1,226228,238408,-1,-1,-1,75618,253867,-1,-1,247557,-1,231706,243465,-1,226419,214520,214192,226419,-1,-1,219414,-1,-1,81476,77956,-1,226419,233023,214421,-1,-1,-1,112992,248232,-1,258974,-1,257384,214192,-1,226419,-1,-1,76525,222356,-1,-1,-1,226419,-1,226419,-1,82500,244947,-1,-1
-1,167948,200104,-1,-1,225951,-1,-1,228321,-1,-1,208592,211672,-1,-1,-1,70331,240319,-1,-1,74939,-1,272317,244680,-1,225951,275974,237245,225951,-1,-1,240439,-1,-1,83342,256024,-1,225951,75237,221488,-1,-1,-1,112996,278502,78204,237256,-1,222123,222123,-1,200104,77492,-1,77759,248216,83343,-1,-1,225951,-1,200104,-1,251352,225951,-1,-1
-1,237673,267529,-1,-1,227397,-1,-1,227392,-1,-1,227387,276552,-1,-1,-1,247512,227404,-1,-1,79239,-1,227397,247724,-1,227397,238096,247513,227387,-1,-1,227381,-1,-1,-1,279532,-1,227397,267277,247725,-1,-1,-1,113000,272534,-1,261514,-1,235594,227387,-1,227387,-1,-1,275980,235593,-1,-1,-1,227392,-1,227387,-1,250751,235962,-1,-1
-1,263009,258980,-1,-1,227254,-1,-1,227246,-1,-1,263011,265856,-1,-1,-1,243404,242830,-1,-1,265340,-1,257001,245802,-1,227246,256489,246426,227254,-1,-1,265249,-1,-1,-1,265293,-1,257001,265333,227254,-1,-1,-1,113002,247796,-1,235659,-1,265247,246426,-1,227254,-1,-1,263007,266568,-1,-1,-1,257001,-1,227254,-1,263013,257008,-1,-1
-1,246178,261733,-1,-1,265674,-1,-1,253469,-1,-1,237197,264865,-1,-1,-1,258706,227361,-1,-1,264969,-1,233662,256095,-1,265674,265975,265092,265674,-1,-1,277866,-1,-1,-1,256094,-1,265674,276825,265674,-1,-1,-1,113003,269811,-1,245697,-1,265849,233662,-1,233662,-1,-1,264864,264895,-1,-1,-1,246272,-1,265674,-1,70803,246272,-1,-1
-1,258310,261773,-1,-1,247788,-1,-1,247788,-1,-1,239345,271860,-1,-1,-1,265025,265035,-1,-1,262093,-1,248822,246414,-1,226375,264947,226375,248822,-1,-1,270525,-1,-1,-1,265034,-1,247788,265057,265004,-1,-1,-1,113004,247791,-1,261740,-1,265063,247788,-1,248822,-1,-1,277039,265054,-1,-1,-1,244302,-1,247788,-1,272124,244302,-1,-1
-1,227368,239761,-1,-1,227323,-1,-1,270329,-1,-1,264896,79219,-1,-1,-1,73027,242896,-1,-1,265280,-1,227323,268475,-1,227323,227369,273274,227323,-1,-1,75728,-1,-1,-1,273275,-1,227323,266254,273280,-1,-1,-1,113007,75726,-1,227102,-1,239756,227310,-1,227323,-1,-1,245821,244890,-1,-1,-1,227323,-1,227323,-1,265421,227310,-1,-1
-1,246152,226987,-1,-1,263964,-1,-1,272114,-1,-1,241491,74404,-1,-1,-1,78100,247477,-1,-1,263964,-1,227013,226973,-1,263964,247462,247461,235585,-1,-1,263966,-1,-1,-1,266939,-1,226987,264058,235585,-1,-1,-1,113008,275940,-1,227003,-1,226979,226987,-1,263964,-1,-1,80053,264941,-1,-1,-1,227013,-1,263964,-1,243379,233364,-1,-1
-1,267212,231432,-1,-1,267217,-1,-1,248343,-1,-1,266928,71527,-1,-1,-1,271040,279699,-1,-1,267217,-1,273466,232075,-1,231432,236640,267382,267217,-1,-1,232073,-1,-1,-1,244045,-1,267217,267261,279811,-1,-1,-1,113009,267200,-1,264012,-1,232074,231432,-1,267217,-1,-1,273468,272994,-1,-1,-1,231432,-1,267217,-1,267223,262330,-1,-1
-1,278967,82278,-1,-1,246059,-1,-1,227466,-1,-1,272524,242807,-1,-1,-1,228724,227455,-1,-1,256840,-1,246059,261091,-1,246059,264627,241224,246059,-1,-1,227453,-1,-1,-1,262826,-1,246059,273470,272522,-1,-1,-1,113010,75681,-1,267237,-1,278968,241224,-1,246059,-1,-1,72156,77203,-1,-1,-1,246059,-1,246059,-1,79196,77219,-1,-1
-1,258680,267531,-1,-1,233756,-1,-1,253417,-1,-1,233751,79232,-1,-1,-1,273205,265536,-1,-1,233852,-1,244064,264875,-1,233756,276285,265408,253417,-1,-1,75108,-1,-1,-1,75721,-1,253417,244059,267530,-1,-1,-1,113011,277815,-1,240714,-1,233756,233756,-1,233756,-1,-1,233746,244058,-1,-1,-1,233756,-1,233756,-1,76201,240717,-1,-1
-1,272212,272056,-1,-1,227203,-1,-1,253436,-1,-1,227203,268941,-1,-1,-1,272094,237289,-1,-1,237288,-1,271446,278194,-1,262531,264725,271944,262531,-1,-1,268947,-1,-1,-1,78279,-1,262531,259372,262457,-1,-1,-1,113012,271943,-1,277452,-1,266949,227203,-1,262531,-1,-1,269404,258789,-1,-1,-1,227203,-1,262531,-1,78357,262531,-1,-1
-1,189117,226050,-1,-1,233125,-1,-1,223641,-1,-1,273124,274492,-1,-1,-1,247245,237407,-1,-1,238072,-1,233125,73881,-1,233125,260734,276257,233125,-1,-1,247240,-1,-1,232083,266610,-1,233125,79897,240150,-1,-1,-1,113018,266033,242791,271293,-1,271143,233125,-1,233125,274942,-1,77499,211387,-1,-1,-1,260485,-1,233125,-1,263295,260485,-1,-1
81584,205211,264340,-1,-1,212729,-1,82368,78950,-1,83165,213841,276808,-1,-1,-1,209281,240503,-1,-1,275549,-1,212729,80918,-1,212729,78874,221652,212729,78875,-1,73425,-1,-1,80287,245510,-1,212729,81232,224189,-1,-1,-1,113037,77536,269894,83303,-1,269932,212729,-1,212729,78217,78154,261109,276776,245269,-1,83727,212729,83533,212729,71150,264633,224967,-1,80535
-1,260106,277493,-1,-1,277490,-1,-1,277491,-1,-1,248334,278196,-1,-1,-1,208817,73091,-1,-1,278197,-1,271664,272312,-1,277490,277494,277570,277490,-1,-1,248276,-1,-1,-1,278670,-1,277490,70514,277490,-1,-1,-1,113040,76741,-1,81341,-1,230306,230306,-1,277490,-1,-1,81234,278149,-1,-1,-1,205869,-1,277490,-1,75129,205869,-1,-1
-1,238298,255319,-1,-1,266867,-1,77016,272945,-1,-1,272946,83278,-1,-1,-1,214158,224817,-1,-1,215993,-1,266867,76072,-1,266867,266825,213433,266867,-1,-1,235684,-1,-1,234108,76720,-1,266867,235989,279831,-1,-1,-1,113044,261585,269690,253241,-1,241120,266867,-1,266867,77347,-1,272313,254714,271933,-1,-1,272946,-1,266867,224104,220429,267481,-1,226765
-1,263976,206436,-1,-1,244391,-1,78190,239126,-1,-1,215616,79490,-1,-1,-1,263249,239641,-1,-1,278132,-1,244391,245377,-1,215616,255836,189881,244391,-1,-1,237667,-1,-1,243153,231821,-1,244391,278131,240328,-1,-1,-1,113057,81660,82925,261357,-1,233329,239126,-1,244391,279660,-1,277454,277471,73595,-1,-1,244391,-1,244391,277201,259349,235513,-1,-1
-1,227819,204850,-1,-1,247093,-1,82370,275557,-1,-1,247093,74765,-1,-1,-1,275564,231138,-1,-1,229173,-1,237626,276780,-1,247093,275559,235514,247093,-1,-1,245493,-1,-1,266833,270490,-1,247093,267424,272830,-1,-1,-1,113060,75707,240643,265483,-1,204451,235514,-1,247093,74437,-1,83654,245435,74103,-1,-1,231138,-1,247093,-1,225206,251906,-1,-1
-1,193107,212260,-1,-1,212260,-1,-1,258642,-1,-1,81512,263621,-1,-1,-1,234870,231266,-1,-1,235570,-1,226568,70937,-1,220620,80728,221989,220620,-1,-1,234226,-1,-1,264287,240908,-1,212260,224883,220620,-1,-1,-1,113142,277671,78025,251532,-1,277144,235570,-1,212260,-1,-1,269996,194372,-1,-1,-1,212260,-1,212260,-1,278056,245368,-1,-1
-1,245164,219948,-1,-1,202208,-1,253726,190962,-1,-1,253479,259346,-1,-1,-1,247630,245170,-1,-1,253712,-1,202208,253476,-1,202208,238551,263725,253479,-1,-1,259730,-1,-1,83952,253704,-1,253479,70970,248300,-1,-1,-1,113146,266718,83953,277479,-1,245165,245165,-1,202208,82783,-1,266721,71063,83954,-1,-1,212232,-1,202208,-1,277478,212232,-1,-1
-1,189430,79158,-1,-1,79158,-1,-1,247214,-1,-1,79150,79148,-1,-1,-1,80069,79089,-1,-1,271378,-1,79129,200904,-1,79158,244672,82975,79158,-1,-1,74931,-1,-1,79149,244906,-1,79158,275905,74501,-1,-1,-1,113147,279575,80072,251932,-1,239478,247214,-1,79158,83639,-1,74064,257752,83638,-1,-1,79129,-1,79158,-1,80071,73928,-1,-1
-1,266382,234505,-1,-1,234505,-1,-1,237255,-1,-1,275515,247356,-1,-1,-1,258881,255177,-1,-1,244788,-1,275602,81424,-1,234505,77517,221680,234505,-1,-1,215565,-1,-1,271986,239438,-1,234505,274542,216346,-1,-1,-1,113149,82999,273969,258620,-1,268610,237255,-1,234505,-1,-1,79420,237399,-1,-1,-1,237254,-1,234505,-1,243459,237254,-1,-1
-1,258328,220609,-1,-1,220609,-1,74695,259128,-1,-1,269684,260625,-1,-1,-1,261872,229800,-1,-1,236689,-1,245364,253207,-1,220609,235493,80634,220609,-1,-1,228627,-1,-1,74658,254800,-1,220609,71420,272906,-1,-1,-1,113217,81995,75761,233735,-1,261737,261737,-1,220609,81292,-1,270072,240531,83532,-1,-1,233730,-1,220609,81235,278749,233730,-1,81236
-1,219754,223627,-1,-1,223627,-1,225600,277495,-1,-1,77102,81239,-1,-1,-1,78995,262412,-1,-1,271636,-1,263893,78996,-1,223627,246381,245574,263893,-1,-1,72740,-1,-1,262287,244769,-1,263893,81238,277462,-1,-1,-1,113222,83726,225195,224959,-1,259378,245574,-1,223627,279480,-1,241954,208987,78984,-1,-1,223627,-1,223627,83943,271873,224394,-1,72334
-1,223760,279271,-1,-1,253505,-1,-1,81508,-1,-1,253505,253031,-1,-1,-1,75134,248251,-1,-1,248331,-1,256994,75155,-1,253505,248308,256990,253505,-1,-1,277228,-1,-1,-1,248301,-1,253505,75119,248294,-1,-1,-1,113257,70615,-1,253478,-1,200727,200727,-1,253505,-1,-1,83841,253701,-1,-1,-1,253505,-1,253505,-1,73907,276143,-1,-1
-1,248292,200471,-1,-1,200471,-1,-1,248274,-1,-1,251118,261425,-1,-1,-1,248319,253502,-1,-1,277545,-1,265454,269671,-1,228194,277360,228188,200471,-1,-1,248197,-1,-1,83837,248247,-1,200471,220446,228194,-1,-1,-1,113297,83539,83838,203173,-1,264362,228188,-1,200471,84100,-1,253724,258556,-1,-1,-1,200471,-1,200471,-1,70972,264662,-1,-1
-1,265460,264599,-1,-1,230132,-1,-1,233524,-1,-1,259648,75128,-1,-1,-1,263058,253697,-1,-1,278257,-1,230132,244799,-1,230132,271900,223763,233524,-1,-1,248304,-1,-1,75561,245169,-1,230132,271011,270735,-1,-1,-1,113298,248180,75154,236452,-1,79851,230132,-1,230132,-1,-1,248296,260146,-1,-1,-1,248307,-1,230132,-1,236546,248307,-1,-1
-1,265457,83493,-1,-1,71926,-1,-1,258410,-1,-1,71926,83621,-1,-1,-1,278937,278041,-1,-1,263683,-1,73061,77384,-1,71926,273877,262048,71926,-1,-1,253035,-1,-1,73063,83548,-1,71926,83544,264499,-1,-1,-1,113299,231933,83622,83495,-1,273880,263683,-1,71926,-1,-1,73056,259646,-1,-1,-1,73062,-1,71926,-1,273878,73062,-1,-1
-1,259729,214784,-1,-1,214784,-1,-1,254092,-1,-1,248298,81345,-1,-1,-1,259340,81379,-1,-1,273773,-1,231932,262047,-1,214784,276630,273755,214784,-1,-1,81966,-1,-1,197062,277359,-1,214784,228303,276629,-1,-1,-1,113300,216273,248305,72766,-1,71061,231932,-1,214784,-1,-1,273756,248325,-1,-1,-1,231932,-1,214784,-1,273754,259727,-1,-1
-1,259488,70661,-1,-1,270743,-1,-1,278697,-1,-1,248302,82006,-1,-1,-1,259561,244657,-1,-1,248280,-1,277567,278247,-1,277567,73732,75052,270743,-1,-1,82313,-1,-1,73039,73733,-1,270743,75136,270743,-1,-1,-1,113301,82657,259137,83521,-1,270742,270742,-1,270743,235627,-1,278234,208481,-1,-1,-1,248280,-1,270743,-1,83522,83840,-1,-1
-1,225213,77172,-1,-1,190939,-1,-1,248310,-1,-1,253064,278258,-1,-1,-1,259311,279563,-1,-1,278671,-1,204882,75053,-1,190939,264788,234508,190939,-1,-1,259764,-1,-1,76061,275683,-1,190939,82105,260147,-1,-1,-1,113302,279584,84006,236774,-1,248265,190939,-1,190939,84007,-1,261537,247670,77839,-1,-1,190939,-1,190939,-1,82104,190939,-1,-1
-1,71223,81459,-1,-1,235884,-1,-1,227837,-1,-1,275741,71726,-1,-1,-1,263186,274133,-1,-1,253980,-1,270560,80226,-1,235884,260193,208111,235884,-1,-1,255154,-1,-1,77309,78939,-1,235884,78042,235884,-1,-1,-1,113458,71724,269822,79206,-1,260555,227837,-1,235884,-1,-1,70271,259918,-1,-1,-1,235884,-1,235884,-1,79808,257853,-1,-1
-1,269754,279058,-1,-1,275490,-1,-1,71931,-1,-1,264295,78051,-1,-1,-1,271611,275490,-1,-1,71857,-1,78030,74923,-1,275490,239006,198642,275490,-1,-1,275170,-1,-1,-1,269756,-1,275490,72670,77084,-1,-1,-1,113459,-1,-1,269757,-1,247962,198642,-1,275490,-1,-1,257617,239797,-1,-1,-1,275490,-1,275490,-1,74631,272529,-1,-1
-1,72534,78793,-1,-1,239393,-1,79932,73292,-1,-1,244181,72535,-1,-1,-1,72541,244522,-1,-1,244783,-1,79373,241552,-1,239393,265799,247031,244181,-1,-1,256967,-1,-1,229885,72538,-1,244181,79375,239393,-1,-1,-1,113616,74361,79369,72542,-1,279209,216582,-1,239393,76964,-1,79931,70524,84385,-1,-1,239393,-1,239393,-1,72537,216582,-1,-1
-1,258239,236420,-1,-1,212934,-1,-1,257265,-1,-1,72866,234877,-1,-1,-1,231873,234984,-1,-1,271135,-1,212934,72869,-1,236420,225921,72871,236420,-1,-1,72873,-1,-1,80872,72877,-1,236420,276614,72868,-1,-1,-1,113888,224211,270053,277456,-1,72874,72874,-1,72866,83664,-1,276093,278145,72878,-1,-1,72868,-1,72866,-1,83704,81724,-1,-1
-1,242105,257220,-1,-1,232062,-1,-1,232062,-1,-1,242393,76657,-1,-1,-1,237140,254637,-1,-1,212165,-1,276566,227836,-1,276566,77353,222145,254637,-1,-1,263733,-1,-1,-1,75071,-1,232062,273596,247034,-1,-1,-1,113892,-1,-1,76859,-1,76870,254637,-1,232062,-1,-1,82887,247033,-1,-1,-1,254637,-1,232062,-1,273087,266651,-1,-1
-1,279028,246094,-1,-1,192319,-1,252549,244985,-1,264580,230876,237316,-1,-1,-1,268904,219177,-1,-1,197170,-1,252435,238319,-1,192319,236248,203292,192319,258762,-1,246173,-1,-1,186200,258375,-1,192319,207828,192319,-1,-1,-1,113926,212487,264554,251516,-1,78407,192319,-1,192319,279236,-1,233572,183789,80330,-1,-1,192319,72294,192319,261156,279117,263975,-1,80565
-1,231073,73423,-1,-1,245491,-1,-1,233968,-1,-1,235942,259057,-1,-1,-1,230936,76431,-1,-1,245491,-1,220933,232439,-1,245491,231428,73989,245491,-1,-1,239998,-1,-1,239732,273917,-1,245491,80597,278354,-1,-1,-1,113974,81257,205089,256214,-1,240282,235942,-1,245491,211302,-1,72850,279891,257324,-1,-1,73423,-1,245491,-1,227966,74924,-1,-1
-1,245871,265277,-1,-1,245879,-1,-1,266393,-1,-1,245882,277911,-1,-1,-1,276380,245879,-1,-1,268488,-1,273387,265305,-1,245879,72348,245877,245879,-1,-1,246967,-1,-1,-1,268487,-1,245879,79208,273391,-1,-1,-1,113984,72904,-1,243403,-1,268486,245879,-1,245879,-1,-1,245889,266451,-1,-1,-1,265277,-1,245879,-1,277965,265274,-1,-1
-1,248785,267287,-1,-1,246364,-1,-1,75545,-1,-1,80055,72865,-1,-1,-1,269678,269675,-1,-1,75714,-1,269677,246361,-1,246364,75546,269680,246364,-1,-1,246366,-1,-1,-1,276568,-1,246364,80059,72810,-1,-1,-1,113996,75715,-1,72828,-1,246364,246364,-1,246364,-1,-1,246377,80056,-1,-1,-1,246364,-1,246364,-1,248789,82398,-1,-1
-1,27251,-1,-1,-1,27251,-1,-1,27252,-1,-1,27263,-1,-1,-1,-1,-1,27266,-1,-1,27265,-1,-1,-1,-1,27251,-1,27253,27251,-1,-1,-1,-1,-1,-1,-1,-1,27251,-1,27264,-1,-1,-1,114019,-1,-1,-1,-1,27254,27251,-1,27251,-1,-1,-1,-1,-1,-1,-1,27251,-1,27251,-1,-1,-1,-1,-1
-1,-1,-1,-1,-1,-1,-1,-1,-1,-1,-1,-1,-1,-1,-1,-1,-1,-1,-1,-1,-1,-1,-1,-1,-1,-1,-1,-1,-1,-1,-1,-1,-1,-1,-1,-1,-1,-1,-1,-1,-1,-1,-1,114046,-1,-1,-1,-1,-1,-1,-1,-1,-1,-1,-1,-1,-1,-1,-1,-1,-1,-1,-1,-1,-1,-1,-1
-1,248091,215601,-1,-1,262443,-1,83610,254289,-1,-1,262443,79002,-1,-1,-1,260183,247974,-1,-1,251634,-1,251052,70960,-1,251634,235269,230703,247974,-1,-1,232295,-1,-1,72622,79181,-1,247974,257809,272675,-1,-1,-1,114147,251777,236579,227561,-1,247978,247978,-1,262443,262226,-1,276659,247893,79263,-1,-1,262443,-1,262443,73395,260435,247674,-1,-1
-1,213206,236885,-1,-1,269151,-1,-1,242624,-1,-1,261245,264157,-1,-1,-1,227855,199562,-1,-1,269151,-1,255339,70676,-1,269151,274107,278884,269151,-1,-1,212170,-1,-1,78458,261359,-1,269151,81403,279942,-1,-1,-1,114161,279937,256136,239944,-1,231948,199562,-1,269151,79847,-1,237075,266726,-1,-1,-1,261204,-1,269151,-1,261565,261204,-1,-1
-1,261305,234249,-1,-1,210021,-1,-1,198705,-1,-1,252858,231886,-1,-1,-1,251905,210021,-1,-1,261875,-1,226385,261874,-1,210021,77557,226737,210021,-1,-1,77463,-1,-1,202215,81771,-1,210021,262208,221713,-1,-1,-1,114162,70140,263237,261031,-1,259292,210021,-1,210021,239782,-1,71077,272887,77130,-1,-1,210021,-1,210021,-1,274665,75070,-1,-1
-1,248284,81920,-1,-1,277230,-1,-1,273760,-1,-1,257302,263224,-1,-1,-1,231461,248318,-1,-1,277230,-1,278674,236453,-1,277230,239324,248313,277230,-1,-1,73889,-1,-1,72971,242672,-1,277230,273879,246715,-1,-1,-1,114168,80228,81792,265659,-1,243568,248318,-1,277230,248150,-1,253509,270653,-1,-1,-1,253460,-1,277230,-1,72157,253460,-1,-1
-1,271411,222467,-1,-1,222467,-1,-1,254822,-1,-1,235398,268395,-1,-1,-1,73050,251411,-1,-1,243870,-1,244762,213404,-1,222467,263245,261040,222467,-1,-1,239179,-1,-1,81343,272943,-1,222467,248568,263208,-1,-1,-1,114326,257339,278582,261143,-1,245540,254822,-1,222467,83298,-1,240847,258311,83794,-1,-1,262314,-1,222467,-1,254899,262314,-1,-1
-1,253688,227427,-1,-1,251236,-1,83360,74659,-1,-1,244147,246827,-1,-1,-1,278333,205983,-1,-1,250952,-1,251236,248587,-1,73406,79430,233820,251236,-1,-1,251104,-1,-1,207624,243210,-1,73406,199572,191058,-1,-1,-1,114385,230046,243398,217699,-1,278087,191058,-1,73406,269411,-1,83210,251057,248443,-1,-1,205983,-1,73406,271164,72721,73406,-1,-1
-1,270054,211561,-1,-1,231753,-1,270069,73163,-1,-1,247180,247258,-1,-1,-1,254556,214606,-1,-1,270587,-1,231753,221750,-1,231753,73853,171791,231753,-1,-1,253146,-1,-1,274004,83778,-1,231753,259054,251025,-1,-1,-1,114510,77337,79824,274465,-1,240728,171791,-1,231753,263018,-1,264825,157970,261674,-1,-1,211561,-1,231753,258925,80521,77186,-1,-1
-1,233868,218738,-1,-1,218738,-1,83740,266075,-1,-1,228974,79064,-1,-1,-1,276369,79437,-1,-1,79060,-1,276652,79059,-1,218738,79058,80286,218738,-1,-1,276618,-1,-1,76200,79061,-1,79060,79062,272944,-1,-1,-1,114545,79067,79644,79063,-1,80166,233868,-1,79060,233871,-1,242513,208755,247905,-1,-1,228974,-1,218738,82374,246663,236985,-1,197904
-1,248000,79180,-1,-1,78704,-1,-1,78699,-1,-1,262706,258453,-1,-1,-1,78705,78704,-1,-1,79694,-1,78706,252099,-1,78704,78702,257215,78704,-1,-1,257800,-1,-1,81908,79125,-1,78704,267632,247966,-1,-1,-1,114546,83477,78711,240431,-1,78703,262706,-1,78704,82738,-1,80562,78700,-1,-1,-1,205760,-1,78704,-1,247446,205760,-1,-1
-1,276198,260044,-1,-1,263006,-1,-1,241505,-1,-1,266100,236393,-1,-1,-1,278758,277311,-1,-1,230134,-1,273022,79752,-1,75437,279603,271955,263006,-1,-1,247500,-1,-1,279881,245704,-1,263006,262498,263006,-1,-1,-1,114554,263347,223558,254507,-1,79703,230134,-1,263006,79751,-1,228707,265405,-1,-1,-1,260044,-1,263006,-1,274828,75437,-1,-1
-1,193359,189153,-1,-1,189153,-1,-1,254210,-1,-1,266669,78103,-1,-1,-1,167663,242294,-1,-1,266348,-1,266667,71790,-1,225679,254449,225679,255817,-1,-1,245065,-1,-1,-1,261822,-1,189153,78102,255817,-1,-1,-1,114581,71789,-1,77423,-1,234059,266669,-1,189153,-1,-1,71795,255812,-1,-1,-1,189153,-1,189153,-1,80041,243545,-1,-1
-1,279327,279355,-1,-1,279328,-1,-1,279346,-1,-1,279336,-1,-1,-1,-1,159961,279358,-1,-1,159957,-1,279328,159979,-1,279328,160130,274161,279328,-1,-1,160176,-1,-1,-1,279324,-1,279328,-1,273937,-1,-1,-1,114598,-1,-1,160003,-1,159943,279327,-1,279328,-1,-1,-1,160180,-1,-1,-1,279363,-1,279328,-1,-1,279363,-1,-1
-1,193302,209886,-1,-1,199159,-1,-1,260004,-1,-1,71161,73658,-1,-1,-1,239626,199159,-1,-1,225053,-1,80010,73659,-1,199159,264072,231634,199159,-1,-1,192250,-1,-1,81983,278233,-1,199159,253752,242057,-1,-1,-1,114604,81888,73940,228171,-1,179789,199159,-1,199159,82100,-1,199266,276845,209885,-1,-1,237375,-1,199159,-1,74787,237375,-1,-1
-1,250842,274896,-1,-1,267397,-1,77350,237534,-1,-1,253828,272703,-1,-1,-1,253911,240982,-1,-1,244514,-1,267397,259614,-1,182896,272330,266387,240982,-1,-1,260962,-1,-1,84243,254941,-1,240982,75780,182896,-1,-1,-1,114611,260298,261481,272329,-1,196881,250842,-1,267397,274897,-1,259979,251773,276013,-1,-1,244834,-1,267397,77357,234063,244834,-1,-1
-1,251703,274484,-1,-1,251720,-1,-1,233991,-1,-1,251699,-1,-1,-1,-1,160096,230418,-1,-1,251720,-1,251707,160186,-1,251720,251711,160055,251720,-1,-1,159951,-1,-1,-1,159932,-1,251720,-1,233990,-1,-1,-1,114615,-1,-1,160002,-1,160059,251703,-1,251720,-1,-1,-1,251709,-1,-1,-1,160207,-1,251720,-1,-1,160207,-1,-1
-1,240704,221815,-1,-1,272540,-1,-1,224674,-1,-1,247195,269514,-1,-1,-1,77914,240392,-1,-1,77572,-1,272540,271526,-1,272540,269031,231956,247195,-1,-1,222175,-1,-1,-1,79987,-1,272540,275304,224556,-1,-1,-1,114628,-1,-1,77912,-1,70550,231956,-1,272540,-1,-1,269110,269526,-1,-1,-1,227509,-1,272540,-1,259003,227509,-1,-1
-1,266282,241985,-1,-1,189280,-1,-1,202814,-1,-1,269913,231878,-1,-1,-1,263377,246299,-1,-1,189280,-1,198717,229379,-1,189280,72167,274534,189280,-1,-1,237920,-1,-1,78201,81765,-1,189280,274686,206086,-1,-1,-1,114640,274910,-1,262648,-1,198261,189280,-1,189280,-1,-1,275008,77501,-1,-1,-1,198717,-1,189280,-1,251547,75295,-1,-1
-1,238428,167198,-1,-1,1397,-1,247515,5003,-1,5419,1397,5467,-1,-1,-1,250,238382,-1,-1,243027,-1,28130,1605,-1,1397,246,1183,1397,6975,-1,1668,-1,-1,1201,243029,-1,1397,51,238430,-1,-1,-1,114815,240,45674,239261,-1,1116,1183,-1,1397,13128,27,54050,51539,5589,-1,330,28130,34079,1397,183277,7512,238424,-1,191972
-1,259562,224358,-1,-1,278192,-1,-1,275682,-1,-1,256305,77610,-1,-1,-1,253722,259175,-1,-1,278941,-1,266720,74000,-1,278192,253708,265458,259175,-1,-1,239872,-1,-1,73064,81923,-1,278192,73999,271240,-1,-1,-1,115202,83244,73060,233525,-1,278192,224358,-1,278192,-1,-1,277229,253672,-1,-1,-1,278192,-1,278192,-1,77189,74001,-1,-1
-1,273167,264946,-1,-1,259287,-1,-1,79937,-1,-1,265024,265012,-1,-1,-1,271809,273010,-1,-1,266601,-1,259287,264980,-1,259287,273169,273174,259287,-1,-1,273168,-1,-1,-1,276284,-1,259287,273171,266941,-1,-1,-1,115362,273179,-1,73014,-1,271347,259287,-1,259287,-1,-1,266963,79946,-1,-1,-1,259287,-1,259287,-1,273175,273099,-1,-1
-1,243759,246108,-1,-1,258844,-1,83318,258844,-1,-1,242485,77008,-1,-1,-1,74240,70053,-1,-1,258048,-1,266838,77006,-1,258844,226227,77005,258844,82884,-1,219175,-1,-1,70696,275882,-1,258844,77010,233292,-1,-1,-1,115472,272861,80225,233775,-1,226411,226411,-1,258844,77007,-1,70212,83317,70214,-1,-1,243977,-1,258844,83316,236018,243977,-1,83315
-1,-1,-1,-1,-1,-1,-1,-1,-1,-1,-1,-1,-1,-1,-1,-1,-1,-1,-1,-1,-1,-1,-1,-1,-1,-1,-1,-1,-1,-1,-1,-1,-1,-1,-1,-1,-1,-1,-1,-1,-1,-1,-1,115486,-1,-1,-1,-1,-1,-1,-1,-1,-1,-1,-1,-1,-1,-1,-1,-1,-1,-1,-1,-1,-1,-1,-1
-1,279403,160116,-1,-1,160116,-1,-1,159924,-1,-1,279380,-1,-1,-1,-1,159967,279382,-1,-1,160093,-1,279387,273741,-1,160116,160190,279365,160116,-1,-1,274157,-1,-1,-1,159944,-1,160116,-1,274158,-1,-1,-1,115536,-1,-1,230517,-1,279416,279380,-1,160116,-1,-1,-1,160015,-1,-1,-1,279413,-1,160116,-1,-1,279413,-1,-1
-1,261848,261852,-1,-1,261829,-1,-1,261858,-1,-1,261835,268470,-1,-1,-1,261849,261845,-1,-1,261833,-1,261843,261855,-1,261829,261844,261831,261843,-1,-1,261838,-1,-1,-1,261830,-1,261843,263479,261853,-1,-1,-1,115682,79204,-1,261842,-1,261829,261829,-1,261833,-1,-1,261841,261834,-1,-1,-1,261837,-1,261833,-1,268472,261837,-1,-1
-1,224987,255611,-1,-1,211361,-1,73162,224031,-1,-1,245275,270217,-1,-1,-1,189505,255009,-1,-1,211361,-1,263929,248729,-1,211361,255001,210413,211361,278338,-1,268804,-1,-1,210864,235374,-1,220502,246242,243237,-1,-1,-1,115841,206098,251530,275978,-1,266123,220502,-1,211361,275163,-1,264257,277802,81592,-1,-1,211361,-1,211361,258890,219581,220502,-1,274444
-1,252154,262113,-1,-1,216150,-1,-1,265188,-1,-1,74574,194894,-1,-1,-1,247229,266866,-1,-1,208461,-1,256115,253177,-1,216150,223273,208165,74574,-1,-1,256035,-1,-1,251470,260697,-1,262113,246875,216150,-1,-1,-1,115845,239368,253002,226710,-1,207993,208461,-1,262113,-1,-1,74483,216065,-1,-1,-1,208461,-1,262113,-1,76955,277839,-1,-1
-1,229501,74705,-1,-1,255109,-1,71081,263152,-1,-1,278946,80279,-1,-1,-1,262554,226295,-1,-1,276609,-1,255109,210134,-1,255109,269433,215651,226295,227688,-1,274494,-1,-1,78956,269697,-1,226295,261636,81875,-1,-1,-1,115892,80338,80402,245813,-1,263895,215651,-1,255109,263024,-1,83651,231146,251294,-1,-1,255109,-1,255109,263403,81879,271673,-1,71344
-1,271860,259287,-1,-1,239344,-1,-1,247788,-1,-1,239345,264908,-1,-1,-1,226998,266933,-1,-1,243404,-1,248822,264994,-1,239344,70145,264886,248822,-1,-1,270525,-1,-1,265018,273168,-1,248822,277039,239344,-1,-1,-1,115995,276519,277278,264933,-1,247513,264886,-1,239344,264903,-1,277452,264899,248717,-1,-1,243404,-1,239344,-1,75090,264890,-1,-1
-1,265076,73014,-1,-1,265377,-1,264915,277264,-1,-1,265042,75569,-1,-1,-1,74806,264929,-1,-1,276507,-1,264922,79457,-1,265042,267885,265052,265377,-1,-1,264926,-1,-1,79953,279695,-1,277264,73028,265034,-1,-1,-1,115996,79954,81647,76433,-1,264924,264922,-1,265377,83597,-1,79454,271830,81648,-1,-1,265377,-1,265377,265118,276937,265377,-1,73653
-1,73714,261773,-1,-1,265121,-1,-1,264975,-1,-1,265035,271404,-1,-1,-1,272097,264925,-1,-1,264936,-1,265058,273405,-1,265121,261796,238470,265121,-1,-1,273274,-1,-1,277041,79451,-1,265058,275904,265121,-1,-1,-1,115997,271405,81627,227137,-1,226979,261773,-1,265058,265053,-1,264058,79450,-1,-1,-1,265035,-1,265121,-1,275886,264947,-1,-1
-1,265054,226302,-1,-1,227337,-1,81642,265004,-1,-1,227337,79447,-1,-1,-1,79449,265063,-1,-1,247790,-1,265055,270329,-1,227337,76201,264934,265409,-1,-1,257530,-1,-1,80167,241847,-1,227337,264864,265409,-1,-1,-1,115998,75566,73237,73027,-1,265408,227337,-1,226302,78843,-1,265057,264999,70830,-1,-1,265063,-1,226302,-1,265421,240717,-1,-1
-1,264995,83650,-1,-1,265025,-1,81798,268451,-1,-1,264988,79517,-1,-1,-1,75279,80770,-1,-1,261810,-1,264982,79519,-1,274847,78273,274847,272657,-1,-1,264830,-1,-1,82134,273567,-1,264982,79520,272657,-1,-1,-1,115999,77158,82179,79516,-1,265703,274847,-1,265025,77159,-1,274850,73575,79518,-1,-1,265025,-1,265025,74803,83108,265025,-1,-1
-1,265043,272338,-1,-1,272338,-1,75165,265047,-1,-1,265033,276941,-1,-1,-1,74791,261792,-1,-1,73017,-1,265046,265045,-1,272338,70546,271837,272338,-1,-1,265036,-1,-1,81392,75094,-1,272338,265049,271819,-1,-1,-1,116001,81854,74794,265041,-1,265039,265039,-1,272338,82178,-1,83656,79727,81797,-1,-1,272338,-1,272338,264991,73242,272340,-1,276505
-1,227330,265145,-1,-1,271839,-1,-1,265075,-1,-1,72333,265172,-1,-1,-1,74580,265070,-1,-1,265073,-1,271839,265060,-1,271839,73026,269661,271839,-1,-1,265083,-1,-1,266404,79483,-1,271839,275849,265069,-1,-1,-1,116002,277040,-1,271845,-1,273403,265069,-1,271839,-1,-1,74889,272342,-1,-1,-1,265080,-1,271839,-1,82177,265080,-1,-1
-1,81335,279523,-1,-1,271788,-1,276842,264930,-1,-1,264940,73652,-1,-1,-1,264985,265082,-1,-1,265102,-1,265091,265007,-1,265082,80337,265023,271788,-1,-1,271952,-1,-1,79521,276480,-1,264940,265006,271788,-1,-1,-1,116003,75424,264914,272274,-1,248715,248715,-1,265082,244890,-1,73021,244301,73025,-1,-1,264940,-1,265082,-1,79728,226355,-1,-1
-1,73717,73023,-1,-1,73023,-1,265126,265120,-1,-1,265116,79522,-1,-1,-1,264949,264921,-1,-1,264907,-1,264931,265124,-1,73023,265123,271784,73023,-1,-1,274846,-1,-1,271787,265014,-1,73023,227734,79524,-1,-1,-1,116004,75933,83602,265101,-1,265119,265116,-1,73023,265166,-1,265117,265028,264910,-1,-1,73023,-1,73023,-1,83655,265382,-1,-1
-1,72562,272284,-1,-1,272284,-1,-1,73715,-1,-1,265144,72479,-1,-1,-1,73573,72475,-1,-1,72477,-1,265168,265128,-1,72475,266406,74954,75092,-1,-1,265359,-1,-1,82360,72448,-1,272284,79729,75092,-1,-1,-1,116005,83492,83302,275528,-1,272283,72475,-1,272284,72476,-1,265137,271786,73022,-1,-1,272284,-1,272284,-1,72474,79730,-1,-1
-1,258680,258980,-1,-1,265239,-1,-1,248343,-1,-1,237288,257001,-1,-1,-1,262866,245872,-1,-1,245802,-1,227110,244064,-1,265239,239761,263013,265239,-1,-1,266915,-1,-1,71131,80053,-1,245802,276298,265239,-1,-1,-1,116009,276299,246426,276552,-1,227119,245872,-1,237288,265242,-1,265040,265106,-1,-1,-1,245802,-1,265239,-1,266949,233364,-1,-1
-1,263009,276285,-1,-1,261733,-1,-1,240030,-1,-1,273466,272001,-1,-1,-1,265249,245882,-1,-1,242830,-1,261733,262093,-1,261733,227323,247461,261733,-1,-1,262330,-1,-1,265254,227246,-1,245882,241491,263007,-1,-1,-1,116010,74741,227383,270407,-1,238257,238257,-1,245882,275457,-1,267382,273411,-1,-1,-1,227125,-1,245882,-1,75108,227125,-1,-1
-1,244058,256489,-1,-1,266598,-1,74754,76998,-1,-1,279885,77575,-1,-1,-1,277966,265246,-1,-1,266598,-1,273177,265261,-1,266598,75726,274644,266939,-1,-1,82995,-1,-1,262458,265262,-1,266598,276726,266939,-1,-1,-1,116011,265258,264998,273520,-1,79410,256489,-1,266598,262868,-1,72578,265255,228081,-1,-1,256489,-1,266598,-1,264233,75725,-1,-1
-1,267212,263011,-1,-1,263011,-1,-1,250751,-1,-1,265340,265275,-1,-1,-1,268475,247477,-1,-1,273227,-1,258706,272114,-1,263011,264896,265293,247477,-1,-1,266551,-1,-1,-1,275942,-1,247477,78100,227013,-1,-1,-1,116012,263012,-1,244302,-1,233756,265293,-1,263011,-1,-1,275980,273838,-1,-1,-1,265293,-1,263011,-1,76426,266254,-1,-1
-1,246641,227255,-1,-1,265292,-1,-1,266393,-1,-1,271568,266590,-1,-1,-1,275969,265292,-1,-1,275923,-1,74404,81413,-1,265292,74729,247805,265705,-1,-1,265850,-1,-1,272208,265691,-1,265292,74738,265705,-1,-1,-1,116013,83112,-1,268996,-1,76693,227255,-1,265292,-1,-1,74739,265279,-1,-1,-1,227255,-1,265292,-1,76576,276846,-1,-1
-1,269805,248728,-1,-1,227348,-1,-1,80327,-1,-1,227115,83623,-1,-1,-1,265845,72791,-1,-1,275454,-1,227348,239756,-1,227348,273404,72788,227348,-1,-1,256094,-1,-1,79925,83180,-1,227348,266600,264955,-1,-1,-1,116014,279583,-1,265273,-1,235594,227115,-1,227348,-1,-1,72075,265295,-1,-1,-1,227348,-1,227348,-1,80855,264950,-1,-1
-1,235593,277983,-1,-1,253417,-1,-1,253417,-1,-1,265243,80797,-1,-1,-1,266918,80614,-1,-1,264969,-1,235657,246235,-1,253417,267328,265237,264866,-1,-1,265307,-1,-1,272011,77841,-1,253417,273469,273205,-1,-1,-1,116015,82771,-1,238422,-1,264866,235657,-1,253417,-1,-1,267374,247796,-1,-1,-1,235657,-1,253417,-1,264876,265274,-1,-1
-1,265331,244059,-1,-1,265319,-1,265334,247797,-1,-1,275964,79529,-1,-1,-1,245834,264831,-1,-1,272051,-1,271739,245443,-1,265319,272056,275920,265319,-1,-1,265342,-1,-1,71367,265012,-1,275964,271728,265319,-1,-1,-1,116016,72818,72114,265975,-1,268947,265331,-1,265319,71620,-1,246968,265269,75719,-1,-1,244059,-1,265319,-1,242784,272049,-1,-1
-1,245824,233746,-1,-1,227254,-1,266526,264875,-1,-1,275906,265341,-1,-1,-1,267234,245830,-1,-1,265317,-1,257008,247791,-1,227254,267217,74822,257008,-1,-1,265333,-1,-1,276350,279532,-1,275906,246414,233150,-1,-1,-1,116017,264996,75204,248799,-1,227254,227254,-1,227254,75571,-1,76580,266568,275450,-1,-1,246219,-1,227254,-1,266451,246219,-1,-1
-1,264889,265253,-1,-1,258704,-1,-1,265326,-1,-1,265233,265265,-1,-1,-1,273381,277963,-1,-1,265252,-1,227113,275919,-1,265233,265234,268461,265224,-1,-1,265322,-1,-1,278811,266947,-1,265224,265263,258704,-1,-1,-1,116020,275398,-1,265311,-1,246208,265233,-1,277963,-1,-1,266556,275451,-1,-1,-1,277963,-1,277963,-1,79440,265224,-1,-1
-1,265086,76199,-1,-1,78685,-1,-1,265385,-1,-1,267389,79723,-1,-1,-1,265016,262089,-1,-1,273563,-1,265010,71677,-1,273563,265378,79726,78685,-1,-1,272482,-1,-1,71303,79725,-1,265010,79724,78685,-1,-1,-1,116021,264923,265059,265896,-1,276502,262089,-1,265010,-1,-1,274510,264997,-1,-1,-1,273563,-1,78685,-1,82687,277263,-1,-1
-1,245956,265898,-1,-1,265674,-1,-1,227392,-1,-1,231432,265092,-1,-1,-1,261740,273946,-1,-1,265536,-1,227361,265905,-1,265674,227310,242896,265674,-1,-1,277951,-1,-1,277175,264980,-1,265674,274753,265674,-1,-1,-1,116033,264944,-1,246272,-1,227316,227316,-1,265674,-1,-1,76312,264893,-1,-1,-1,231432,-1,265674,-1,248751,278219,-1,-1
-1,247504,278225,-1,-1,233662,-1,-1,81625,-1,-1,275916,79955,-1,-1,-1,274759,77050,-1,-1,233852,-1,233662,70803,-1,233662,246630,227346,233662,-1,-1,79958,-1,-1,264905,277866,-1,267531,264884,262457,-1,-1,-1,116034,75228,-1,75175,-1,253469,233662,-1,233662,-1,-1,277925,264967,-1,-1,-1,267531,-1,233662,-1,276774,267531,-1,-1
-1,264865,269811,-1,-1,245697,-1,-1,276825,-1,-1,245697,277171,-1,-1,-1,276765,276862,-1,-1,264963,-1,265861,276548,-1,245697,264906,269208,245697,-1,-1,264959,-1,-1,77388,271174,-1,269811,265027,269972,-1,-1,-1,116035,80209,-1,81565,-1,241546,245697,-1,245697,-1,-1,274786,269943,-1,-1,-1,245697,-1,245697,-1,72078,275399,-1,-1
-1,264895,268640,-1,-1,265968,-1,-1,265879,-1,-1,268000,-1,-1,-1,-1,227357,271890,-1,-1,227356,-1,265968,265956,-1,268640,79717,269817,265968,-1,-1,270166,-1,-1,-1,77400,-1,265968,-1,265833,-1,-1,-1,116036,-1,-1,265002,-1,246568,264895,-1,268640,-1,-1,-1,265890,-1,-1,-1,265968,-1,268640,-1,-1,246177,-1,-1
-1,269959,265903,-1,-1,265903,-1,-1,264807,-1,-1,75368,-1,-1,-1,-1,277314,277349,-1,-1,265840,-1,75178,75181,-1,265903,75177,265892,265903,-1,-1,75180,-1,-1,-1,70802,-1,265903,231347,265894,-1,-1,-1,116037,-1,-1,70235,-1,265859,265903,-1,265903,-1,-1,-1,276775,-1,-1,-1,265903,-1,265903,-1,-1,271888,-1,-1
-1,264978,265716,-1,-1,265878,-1,-1,75390,-1,-1,268261,-1,-1,-1,-1,70236,80036,-1,-1,265878,-1,73677,79544,-1,265878,271165,270967,265878,-1,-1,273258,-1,-1,-1,273626,-1,265878,276772,270708,-1,-1,-1,116039,-1,-1,227116,-1,265883,265878,-1,265878,-1,-1,-1,78619,-1,-1,-1,265878,-1,265878,-1,-1,247743,-1,-1
-1,269202,265901,-1,-1,267661,-1,-1,270830,-1,-1,80039,-1,-1,-1,-1,80599,267661,-1,-1,265973,-1,277067,246038,-1,267661,269218,267652,267661,-1,-1,79539,-1,-1,-1,80877,-1,267661,80040,275410,-1,-1,-1,116044,-1,-1,268649,-1,79542,267661,-1,267661,-1,-1,265917,73675,-1,-1,-1,267661,-1,267661,-1,-1,79534,-1,-1
-1,272534,266995,-1,-1,261835,-1,-1,266937,-1,-1,262092,-1,-1,-1,-1,227074,261835,-1,-1,265240,-1,273099,272010,-1,266937,77098,227067,261835,-1,-1,258915,-1,-1,-1,272015,-1,261835,273001,266962,-1,-1,-1,116280,-1,-1,227072,-1,273275,227067,-1,265240,-1,-1,76319,79232,-1,-1,-1,266995,-1,261835,-1,-1,266931,-1,-1
-1,275811,261514,-1,-1,227095,-1,-1,276284,-1,-1,266973,83382,-1,-1,-1,267025,276098,-1,-1,227095,-1,266969,272341,-1,227095,275887,77249,227095,-1,-1,265681,-1,-1,80399,271347,-1,227095,75186,246786,-1,-1,-1,116282,80403,267053,264089,-1,272122,227095,-1,227095,-1,-1,75229,253741,-1,-1,-1,227095,-1,227095,-1,266243,227101,-1,-1
-1,267200,71666,-1,-1,242024,-1,-1,70110,-1,-1,77985,73756,-1,-1,-1,267243,71495,-1,-1,242024,-1,267201,267293,-1,242024,265853,73755,242024,-1,-1,71610,-1,-1,267273,76332,-1,242024,267524,273484,-1,-1,-1,116300,82710,236640,247512,-1,267209,267209,-1,242024,-1,-1,76333,83414,-1,-1,-1,242024,-1,242024,-1,81421,267300,-1,-1
-1,227925,71427,-1,-1,267223,-1,-1,71665,-1,-1,227387,83432,-1,-1,-1,81411,267529,-1,-1,267223,-1,273475,83153,-1,267223,76334,267203,267223,-1,-1,267375,-1,-1,267215,77421,-1,267223,274815,273470,-1,-1,-1,116302,265860,77865,264012,-1,273174,267203,-1,267223,266093,-1,265072,274767,-1,-1,-1,267529,-1,267223,-1,83536,268303,-1,-1
-1,237673,277926,-1,-1,277633,-1,-1,267247,-1,-1,71425,83181,-1,-1,-1,266091,76689,-1,-1,277633,-1,273471,83733,-1,277633,273488,71160,277633,-1,-1,81533,-1,-1,233838,71663,-1,277633,81840,267376,-1,-1,-1,116303,83014,-1,267214,-1,268012,267376,-1,277633,-1,-1,83537,72782,-1,-1,-1,277633,-1,277633,-1,82726,266240,-1,-1
-1,267295,272115,-1,-1,272115,-1,-1,247725,-1,-1,266928,243261,-1,-1,-1,76283,241224,-1,-1,71560,-1,268262,275915,-1,272115,76383,267261,272115,-1,-1,266970,-1,-1,-1,276797,-1,272115,274779,71561,-1,-1,-1,116304,236642,-1,266996,-1,265339,247725,-1,272115,-1,-1,243263,258979,-1,-1,-1,272217,-1,272115,-1,266816,272217,-1,-1
-1,226335,272100,-1,-1,267264,-1,-1,267221,-1,-1,247724,267321,-1,-1,-1,270079,70309,-1,-1,70182,-1,70305,76766,-1,267264,267282,226375,247724,-1,-1,76516,-1,-1,274810,79255,-1,247724,267242,269123,-1,-1,-1,116305,83426,83734,267286,-1,267264,226335,-1,267264,232073,-1,83282,75968,228628,-1,-1,247724,-1,267264,-1,83424,71516,-1,-1
-1,238212,273486,-1,-1,267227,-1,-1,279811,-1,-1,267227,83034,-1,-1,-1,267381,265854,-1,-1,231736,-1,70675,76690,-1,267227,227405,265862,267227,-1,-1,227096,-1,-1,83182,267391,-1,264960,70684,227384,-1,-1,-1,116306,83154,83428,275981,-1,267371,267371,-1,267227,-1,-1,271403,267884,-1,-1,-1,267227,-1,267227,-1,83159,264960,-1,-1
-1,265856,273504,-1,-1,70502,-1,-1,271945,-1,-1,70502,78921,-1,-1,-1,253175,246059,-1,-1,267199,-1,243262,267312,-1,70502,226890,70308,70502,-1,-1,267339,-1,-1,276359,71531,-1,267199,275679,267519,-1,-1,-1,116307,273270,267309,83415,-1,227421,243262,-1,267199,-1,-1,76485,265950,-1,-1,-1,267199,-1,70502,-1,83420,267299,-1,-1
-1,267314,273481,-1,-1,267305,-1,-1,267325,-1,-1,267311,83157,-1,-1,-1,267269,77548,-1,-1,267384,-1,71494,77964,-1,267305,83031,267474,267305,-1,-1,76218,-1,-1,76213,83280,-1,267305,83012,267305,-1,-1,-1,116308,279908,274808,76889,-1,267281,267281,-1,267305,-1,-1,83281,77799,-1,-1,-1,267384,-1,267305,-1,267318,76517,-1,-1
-1,273136,226893,-1,-1,267343,-1,-1,70713,-1,-1,71527,83022,-1,-1,-1,273476,267226,-1,-1,267336,-1,273467,273480,-1,267343,267254,267329,267343,-1,-1,76325,-1,-1,76324,83025,-1,71527,83024,267343,-1,-1,-1,116309,264011,267268,279812,-1,267276,267336,-1,71527,-1,-1,83009,267521,-1,-1,-1,267336,-1,267343,-1,76323,279799,-1,-1
-1,258310,233244,-1,-1,232075,-1,-1,271893,-1,-1,243264,83263,-1,-1,-1,267362,232075,-1,-1,266401,-1,243769,244045,-1,232075,76216,232074,232075,-1,-1,267353,-1,-1,83150,80331,-1,271040,76887,76326,-1,-1,-1,116310,76329,-1,226350,-1,265247,232075,-1,271040,-1,-1,82728,267219,-1,-1,-1,233244,-1,232075,-1,76437,271040,-1,-1
-1,273492,71583,-1,-1,71583,-1,-1,274813,-1,-1,266384,83196,-1,-1,-1,272826,267322,-1,-1,245839,-1,247811,77988,-1,71583,276482,267367,71583,-1,-1,83032,-1,-1,83033,273468,-1,71583,226316,79564,-1,-1,-1,116311,83152,-1,77095,-1,78730,267367,-1,71583,-1,-1,243403,79220,-1,-1,-1,77669,-1,71583,-1,71556,77669,-1,-1
-1,267368,264989,-1,-1,227353,-1,-1,77895,-1,-1,71809,-1,-1,-1,-1,267241,264900,-1,-1,227353,-1,277927,267386,-1,227353,75791,71586,227353,-1,-1,273158,-1,-1,-1,83029,-1,227353,83026,256095,-1,-1,-1,116312,-1,-1,238412,-1,76518,71586,-1,227353,-1,-1,-1,79825,-1,-1,-1,227397,-1,227353,-1,-1,227397,-1,-1
-1,268943,241846,-1,-1,227203,-1,-1,253436,-1,-1,227203,82184,-1,-1,-1,261855,78357,-1,-1,277699,-1,271446,279890,-1,227203,269404,227190,262531,-1,-1,81289,-1,-1,83102,83800,-1,262531,82127,267530,-1,-1,-1,116325,75063,236479,227102,-1,227191,227203,-1,262531,253435,-1,82183,268942,241667,-1,-1,227203,-1,262531,-1,237289,262531,-1,-1
-1,258789,246774,-1,-1,245879,-1,75012,256303,-1,-1,245879,227327,-1,-1,-1,279107,76929,-1,-1,263964,-1,259372,227344,-1,245879,265900,80230,245879,-1,-1,263966,-1,-1,265849,274758,-1,259372,81548,265024,-1,-1,-1,116326,242797,264946,264725,-1,271944,258789,-1,245879,272009,-1,76242,247789,81549,-1,-1,245879,-1,245879,77690,277952,273153,-1,258576
-1,227204,262545,-1,-1,265280,-1,-1,277339,-1,-1,265280,78733,-1,-1,-1,272099,272094,-1,-1,268946,-1,274780,75425,-1,265280,272145,272112,265280,-1,-1,272053,-1,-1,272012,272109,-1,265280,81677,272110,-1,-1,-1,116327,81741,-1,271742,-1,272084,227204,-1,227369,-1,-1,273010,272271,-1,-1,-1,265280,-1,227369,-1,273053,227369,-1,-1
-1,272212,275586,-1,-1,272123,-1,-1,272125,-1,-1,272135,77641,-1,-1,-1,272129,272127,-1,-1,272137,-1,271942,74786,-1,272127,272008,272119,272123,-1,-1,272138,-1,-1,83586,272203,-1,272137,278651,272123,-1,-1,-1,116328,81277,83588,75062,-1,272124,272124,-1,272127,272121,-1,276445,272211,-1,-1,-1,272127,-1,272127,-1,81285,75061,-1,-1
-1,72705,80913,-1,-1,76434,-1,-1,76434,-1,-1,275581,79799,-1,-1,-1,79783,78896,-1,-1,272269,-1,75041,272251,-1,272269,73226,272210,272269,-1,-1,73648,-1,-1,-1,79631,-1,272269,76051,275579,-1,-1,-1,116331,-1,-1,275588,-1,73529,275581,-1,76434,-1,-1,81304,79628,-1,-1,-1,275581,-1,76434,-1,-1,272024,-1,-1
-1,272235,276637,-1,-1,276637,-1,-1,269145,-1,-1,272225,272040,-1,-1,-1,272025,272246,-1,-1,77683,-1,272224,272147,-1,272224,79146,75255,272224,-1,-1,272113,-1,-1,272228,272234,-1,272224,272214,272232,-1,-1,-1,116332,272229,-1,267287,-1,272257,272232,-1,272224,-1,-1,272697,272236,-1,-1,-1,77683,-1,272224,-1,81419,277123,-1,-1
-1,274075,272047,-1,-1,272017,-1,-1,272014,-1,-1,261830,79659,-1,-1,-1,71497,72364,-1,-1,272017,-1,272244,75066,-1,272047,72706,272059,272017,-1,-1,71979,-1,-1,75008,75009,-1,272047,272265,272019,-1,-1,-1,116333,75393,272018,71978,-1,72910,272014,-1,272047,272004,-1,279189,272020,-1,-1,-1,272014,-1,272047,-1,81680,79648,-1,-1
-1,272061,247530,-1,-1,272204,-1,-1,272072,-1,-1,73850,-1,-1,-1,-1,268949,246287,-1,-1,272204,-1,272005,272077,-1,272204,267326,272013,272204,-1,-1,81290,-1,-1,-1,75294,-1,272204,75293,277544,-1,-1,-1,116334,-1,-1,272241,-1,272082,272082,-1,272204,-1,-1,-1,277685,-1,-1,-1,272005,-1,272204,-1,-1,272101,-1,-1
-1,279597,259334,-1,-1,272007,-1,-1,268993,-1,-1,272007,272048,-1,-1,-1,227359,272054,-1,-1,261843,-1,72783,279191,-1,261843,272199,276711,261843,-1,-1,268948,-1,-1,-1,268995,-1,259334,75408,78279,-1,-1,-1,116336,-1,-1,272200,-1,256302,259334,-1,259334,-1,-1,271443,70796,-1,-1,-1,259334,-1,259334,-1,-1,272073,-1,-1
-1,228630,262460,-1,-1,277573,-1,-1,228626,-1,-1,272146,76055,-1,-1,-1,277256,272202,-1,-1,275774,-1,272180,264986,-1,262460,272116,272055,277573,-1,-1,277145,-1,-1,-1,278942,-1,277573,71784,272172,-1,-1,-1,116337,-1,-1,275589,-1,277573,228630,-1,262460,-1,-1,73730,71503,-1,-1,-1,262460,-1,277573,-1,241182,264671,-1,-1
-1,246152,74861,-1,-1,266922,-1,273050,265301,-1,-1,266922,79467,-1,-1,-1,267238,268488,-1,-1,270892,-1,276722,265019,-1,265352,266975,227243,265352,-1,-1,245826,-1,-1,267583,265350,-1,266922,272207,265352,-1,-1,-1,116343,267585,79883,265277,-1,268486,265301,-1,266922,72312,-1,270330,271821,266907,-1,-1,266922,-1,266922,-1,82994,81456,-1,-1
-1,224702,223344,-1,-1,226096,-1,77904,269476,-1,-1,216741,269480,-1,-1,-1,224562,226096,-1,-1,264009,-1,221847,232256,-1,226096,207740,225740,226096,-1,-1,241252,-1,-1,79985,269539,-1,226096,208480,253518,-1,-1,-1,116360,77902,77903,275319,-1,241299,224702,-1,226096,275322,-1,251291,275318,275320,-1,-1,223344,-1,226096,77905,241318,244723,-1,-1
-1,261931,275190,-1,-1,230665,-1,-1,224692,-1,-1,224546,72003,-1,-1,-1,241334,235139,-1,-1,275666,-1,224675,73723,-1,230665,264029,222235,230665,-1,-1,79961,-1,-1,77941,79993,-1,230665,79992,232888,-1,-1,-1,116361,77944,261941,269552,-1,222199,222235,-1,230665,-1,-1,275663,71983,-1,-1,-1,275190,-1,230665,-1,237010,230665,-1,-1
-1,227349,268647,-1,-1,270049,-1,-1,270895,-1,-1,264961,-1,-1,-1,-1,268060,270049,-1,-1,269829,-1,269213,271811,-1,269829,75184,71382,270049,-1,-1,72081,-1,-1,-1,276971,-1,270049,261863,275395,-1,-1,-1,116416,-1,-1,265842,-1,273160,269213,-1,270049,-1,-1,270612,275382,-1,-1,-1,269213,-1,270049,-1,-1,276812,-1,-1
-1,265970,79532,-1,-1,265952,-1,-1,72442,-1,-1,72074,-1,-1,-1,-1,265937,277170,-1,-1,264904,-1,273255,269818,-1,265952,269812,265893,265952,-1,-1,267297,-1,-1,-1,272205,-1,265952,269214,265952,-1,-1,-1,116417,-1,-1,72463,-1,72438,72438,-1,265952,-1,-1,77825,76308,-1,-1,-1,265952,-1,265952,-1,-1,74083,-1,-1
-1,266553,279523,-1,-1,264891,-1,-1,266945,-1,-1,264891,273210,-1,-1,-1,269664,264932,-1,-1,277544,-1,266384,269662,-1,264891,265300,264886,264891,-1,-1,269657,-1,-1,-1,269668,-1,264891,273207,279524,-1,-1,-1,116428,279527,-1,269665,-1,269661,264886,-1,264891,-1,-1,79116,269655,-1,-1,-1,264891,-1,264891,-1,273215,273211,-1,-1
-1,272400,79973,-1,-1,273032,-1,-1,79622,-1,-1,272223,272192,-1,-1,-1,272570,77681,-1,-1,77685,-1,272144,77684,-1,77681,273130,273032,77681,-1,-1,79277,-1,-1,233576,272179,-1,272223,272016,277005,-1,-1,-1,131123,247543,273187,272143,-1,77677,77687,-1,273032,-1,-1,77682,273836,-1,-1,-1,77687,-1,273032,-1,80910,77687,-1,-1
-1,72795,72764,-1,-1,266598,-1,-1,265286,-1,-1,266598,279933,-1,-1,-1,277966,275925,-1,-1,72791,-1,72787,72797,-1,266598,72792,267221,266598,-1,-1,75390,-1,-1,-1,75550,-1,266598,80054,72763,-1,-1,-1,131124,75717,-1,277963,-1,72788,72788,-1,266598,-1,-1,267184,265267,-1,-1,-1,267221,-1,266598,-1,75712,269131,-1,-1
-1,272021,272148,-1,-1,246356,-1,-1,272168,-1,-1,272163,81440,-1,-1,-1,277173,272081,-1,-1,279037,-1,246356,268994,-1,272111,272159,272140,272111,-1,-1,272085,-1,-1,278649,265948,-1,272111,266941,272064,-1,-1,-1,131125,272046,273142,258914,-1,272111,246356,-1,272111,-1,-1,278313,82677,-1,-1,-1,246356,-1,246356,-1,275967,272266,-1,-1
-1,248221,182096,-1,-1,232264,-1,-1,239859,-1,-1,221856,77917,-1,-1,-1,70055,232264,-1,-1,73699,-1,224618,77915,-1,232264,77916,222200,232264,-1,-1,269037,-1,-1,239858,73700,-1,232264,255597,238103,-1,-1,-1,131173,198635,272748,232258,-1,225739,248221,-1,232264,192008,-1,222344,275474,264025,-1,-1,251111,-1,232264,-1,273007,251111,-1,-1
-1,271211,230685,-1,-1,230685,-1,-1,271228,-1,-1,262998,223074,-1,-1,-1,206413,263317,-1,-1,274548,-1,240941,72823,-1,230685,260459,221323,262998,-1,-1,278006,-1,-1,-1,81557,-1,262998,83202,246118,-1,-1,-1,131174,75853,-1,278157,-1,80459,230685,-1,230685,-1,-1,81567,219339,-1,-1,-1,239043,-1,230685,-1,275694,239043,-1,-1
-1,265115,272050,-1,-1,275938,-1,261831,261853,-1,-1,268470,237290,-1,-1,-1,73230,70851,-1,-1,275938,-1,77246,80898,-1,275938,268992,261829,275938,-1,-1,261858,-1,-1,80899,277776,-1,261829,81790,273265,-1,-1,-1,131358,77367,276397,261837,-1,273280,261829,-1,275938,75435,-1,277780,74712,261838,-1,-1,261829,-1,275938,275932,75305,275927,-1,-1
-1,275968,277815,-1,-1,233747,-1,-1,277813,-1,-1,79673,77243,-1,-1,-1,73227,277812,-1,-1,79666,-1,76331,79313,-1,233747,77059,233747,233747,-1,-1,73228,-1,-1,-1,79675,-1,233747,79669,275949,-1,-1,-1,131359,-1,-1,256102,-1,79314,233747,-1,233747,-1,-1,79674,278089,-1,-1,-1,233747,-1,233747,-1,80345,79676,-1,-1
-1,74187,265304,-1,-1,275820,-1,-1,275814,-1,-1,275826,75809,-1,-1,-1,274770,275824,-1,-1,275820,-1,275808,275822,-1,275820,75807,276382,275820,-1,-1,74194,-1,-1,-1,275818,-1,275820,275823,80341,-1,-1,-1,131360,-1,-1,267001,-1,275813,275813,-1,275820,-1,-1,80340,74189,-1,-1,-1,275824,-1,275820,-1,-1,75388,-1,-1
-1,80046,277308,-1,-1,264911,-1,-1,75002,-1,-1,264911,72229,-1,-1,-1,76011,277307,-1,-1,74026,-1,275845,71294,-1,273406,75369,273406,277308,-1,-1,76010,-1,-1,-1,80051,-1,273406,83139,277718,-1,-1,-1,131361,-1,-1,80049,-1,74023,273406,-1,264911,-1,-1,83141,74019,-1,-1,-1,264911,-1,264911,-1,-1,276615,-1,-1
-1,267236,72764,-1,-1,275917,-1,-1,276237,-1,-1,277881,77948,-1,-1,-1,76204,74915,-1,-1,272700,-1,275917,76653,-1,275917,80382,276238,275917,-1,-1,77946,-1,-1,83138,269657,-1,275917,76651,279933,-1,-1,-1,131362,264832,79441,76656,-1,76375,267236,-1,275917,-1,-1,77947,76649,-1,-1,-1,275917,-1,275917,-1,275925,246637,-1,-1
-1,245871,74030,-1,-1,265305,-1,-1,265305,-1,-1,74021,275897,-1,-1,-1,74024,74017,-1,-1,245891,-1,275899,79664,-1,265305,246899,267137,265305,-1,-1,273391,-1,-1,71364,79665,-1,265305,80061,275898,-1,-1,-1,131363,71366,-1,81333,-1,74027,245871,-1,265305,-1,-1,265203,74912,-1,-1,-1,247415,-1,265305,-1,75291,247415,-1,-1
-1,227457,276599,-1,-1,-1,-1,-1,227452,-1,-1,273209,-1,-1,-1,-1,-1,72793,-1,-1,243054,-1,72798,-1,-1,-1,71047,254564,-1,-1,-1,-1,-1,-1,-1,-1,-1,-1,-1,246359,-1,-1,-1,131368,-1,-1,76441,-1,242806,-1,-1,-1,-1,-1,-1,-1,-1,-1,-1,-1,-1,-1,-1,-1,70091,-1,-1
-1,275889,73655,-1,-1,275760,-1,277299,275533,-1,-1,275525,276568,-1,-1,-1,79630,271868,-1,-1,79626,-1,275760,78820,-1,264920,275527,267179,80460,-1,-1,83671,-1,-1,271598,264912,-1,80460,78842,264920,-1,-1,-1,131386,83658,83657,79633,-1,78840,275525,-1,275525,78844,-1,80116,277300,271406,-1,-1,275533,-1,275525,-1,276939,80460,-1,-1
-1,74395,275787,-1,-1,275787,-1,-1,275768,-1,-1,275784,83103,-1,-1,-1,72366,272270,-1,-1,80077,-1,277048,272032,-1,277048,76195,277116,275787,-1,-1,72223,-1,-1,-1,278665,-1,275787,75695,275765,-1,-1,-1,131391,-1,-1,277073,-1,275574,275784,-1,275787,-1,-1,77686,245825,-1,-1,-1,78888,-1,275787,-1,-1,78888,-1,-1
-1,267636,221908,-1,-1,236918,-1,255411,265734,-1,-1,245685,73671,-1,-1,-1,217606,224067,-1,-1,217047,-1,236918,266507,-1,236918,224874,242199,236918,-1,-1,77967,-1,-1,80612,83721,-1,236918,254859,75236,-1,-1,-1,131439,77495,70074,215247,-1,246048,224067,-1,236918,77459,-1,279225,235590,73870,-1,-1,236918,-1,236918,79998,279706,221992,-1,-1
-1,232410,252205,-1,-1,188825,-1,74586,228775,-1,-1,269748,81412,-1,-1,-1,191390,188825,-1,-1,79621,-1,276309,277499,-1,188825,225168,73083,188825,-1,-1,79265,-1,-1,275266,79498,-1,188825,74886,78113,-1,-1,-1,131447,261771,76247,198836,-1,73082,188825,-1,188825,80543,-1,275517,243711,78145,-1,-1,188825,-1,188825,80234,80689,79499,-1,74444
-1,248071,78696,-1,-1,255082,-1,79194,72627,-1,-1,248061,72625,-1,-1,-1,72619,262450,-1,-1,255082,-1,216776,262483,-1,255082,251646,72637,255082,-1,-1,80284,-1,-1,241890,263306,-1,255082,83122,257722,-1,-1,-1,131459,75984,72624,208626,-1,262856,72637,-1,255082,72621,-1,257837,262420,84203,-1,-1,259803,-1,255082,72935,269709,259803,-1,-1
-1,83085,274231,-1,-1,277971,-1,-1,258747,-1,-1,72654,213374,-1,-1,-1,228814,275487,-1,-1,246592,-1,277971,255730,-1,213795,245749,216778,213795,-1,-1,83990,-1,-1,193870,253713,-1,274231,79396,213795,-1,-1,-1,131463,80024,-1,258194,-1,259053,213795,-1,213795,-1,-1,232459,252284,-1,-1,-1,175851,-1,213795,-1,83084,175851,-1,-1
-1,273483,76377,-1,-1,76377,-1,-1,267350,-1,-1,76214,70490,-1,-1,-1,268505,77162,-1,-1,71679,-1,273472,71599,-1,76377,267250,273473,267208,-1,-1,267220,-1,-1,236641,71680,-1,267350,273687,267208,-1,-1,-1,131477,277508,267222,279699,-1,267283,267350,-1,76377,79719,-1,76217,71967,-1,-1,-1,272076,-1,76377,-1,83023,272076,-1,-1
-1,272994,245835,-1,-1,265571,-1,-1,273171,-1,-1,267358,267272,-1,-1,-1,267202,77803,-1,-1,272206,-1,265571,71559,-1,265571,245833,267332,271444,-1,-1,71529,-1,-1,-1,275922,-1,265571,275684,271444,-1,-1,-1,131478,-1,-1,267320,-1,267388,267358,-1,265571,-1,-1,267338,77300,-1,-1,-1,245835,-1,265571,-1,76220,264939,-1,-1
-1,269127,232381,-1,-1,274024,-1,-1,77637,-1,-1,235984,-1,-1,-1,-1,77939,274024,-1,-1,222273,-1,272759,240472,-1,222273,221801,255632,222273,-1,-1,77936,-1,-1,-1,272314,-1,274024,-1,224685,-1,-1,-1,131487,-1,-1,71471,-1,224558,269127,-1,274024,-1,-1,-1,77938,-1,-1,-1,232381,-1,274024,-1,-1,272622,-1,-1
-1,77573,241335,-1,-1,237135,-1,275652,76749,-1,-1,258731,279553,-1,-1,-1,222432,269155,-1,-1,271657,-1,237135,182409,-1,237135,194617,221972,258731,-1,-1,261929,-1,-1,76748,222306,-1,237135,71577,224544,-1,-1,-1,131488,79983,77918,233667,-1,227970,227970,-1,237135,79978,-1,245039,279550,269484,-1,-1,237135,-1,237135,-1,79976,191569,-1,-1
-1,230741,271533,-1,-1,279715,-1,-1,279717,-1,-1,279715,255936,-1,-1,-1,76904,279710,-1,-1,279713,-1,70185,76638,-1,70185,248392,273649,279715,-1,-1,279716,-1,-1,82659,254750,-1,279710,279714,179543,-1,-1,-1,131491,235906,-1,220786,-1,77818,279713,-1,279710,-1,-1,277505,252783,-1,-1,-1,271533,-1,279710,-1,153048,242419,-1,-1
-1,70846,-1,-1,-1,-1,-1,-1,70847,-1,-1,-1,-1,-1,-1,-1,-1,-1,-1,-1,-1,-1,-1,-1,-1,-1,-1,-1,-1,-1,-1,-1,-1,-1,-1,-1,-1,-1,-1,-1,-1,-1,-1,131524,-1,-1,-1,-1,-1,-1,-1,-1,-1,-1,-1,-1,-1,-1,-1,-1,-1,-1,-1,-1,-1,-1,-1
-1,-1,-1,-1,-1,-1,-1,-1,-1,-1,-1,-1,-1,-1,-1,-1,-1,-1,-1,-1,-1,-1,-1,-1,-1,-1,-1,-1,-1,-1,-1,-1,-1,-1,-1,-1,-1,-1,-1,-1,-1,-1,-1,131527,-1,-1,-1,-1,-1,-1,-1,-1,-1,-1,-1,-1,-1,-1,-1,-1,-1,-1,-1,-1,-1,-1,-1
-1,250978,242698,-1,-1,242698,-1,-1,80134,-1,-1,233874,76595,-1,-1,-1,76599,226296,-1,-1,240917,-1,222853,222278,-1,233874,253967,222435,233874,-1,-1,252517,-1,-1,-1,261907,-1,242698,76597,248003,-1,-1,-1,131531,-1,-1,77945,-1,201026,222435,-1,233874,-1,-1,221850,76593,-1,-1,-1,257518,-1,233874,-1,-1,257518,-1,-1
-1,238399,-1,-1,-1,-1,-1,-1,-1,-1,-1,-1,-1,-1,-1,-1,-1,-1,-1,-1,-1,-1,-1,-1,-1,-1,-1,-1,-1,-1,-1,-1,-1,-1,-1,-1,-1,-1,-1,-1,-1,-1,-1,131680,-1,-1,-1,-1,-1,-1,-1,-1,-1,-1,-1,-1,-1,-1,-1,-1,-1,-1,-1,-1,-1,-1,-1
-1,215698,227796,-1,-1,177003,-1,-1,242664,-1,-1,253473,80809,-1,-1,-1,245630,177003,-1,-1,278237,-1,210008,213666,-1,177003,232411,232756,177003,-1,-1,237942,-1,-1,257186,254840,-1,177003,279782,265774,-1,-1,-1,131681,73286,74010,205431,-1,240277,215698,-1,177003,81252,-1,245152,205812,-1,-1,-1,241721,-1,177003,-1,72179,241721,-1,-1
-1,177683,228093,-1,-1,226268,-1,82087,256632,-1,-1,224232,219715,-1,-1,-1,239807,208128,-1,-1,226268,-1,210406,276278,-1,208128,192883,241736,226268,-1,-1,199845,-1,-1,184392,258648,-1,226268,198176,237383,-1,-1,-1,131682,77325,233096,259565,-1,229237,231478,-1,224232,77615,-1,277327,243311,268534,-1,-1,208128,-1,226268,-1,77523,231478,-1,-1
-1,261848,275587,-1,-1,278195,-1,72221,72814,-1,-1,72147,72150,-1,-1,-1,76960,278195,-1,-1,272188,-1,72149,72288,-1,278195,72285,265021,278195,-1,-1,73029,-1,-1,72290,73231,-1,278195,73031,72215,-1,-1,-1,131720,273398,75392,279215,-1,72286,72149,-1,278195,72152,-1,72222,72217,72148,-1,-1,72149,-1,278195,-1,82678,236478,-1,-1
-1,71691,271259,-1,-1,273478,-1,-1,265832,-1,-1,261841,-1,-1,-1,-1,79537,273478,-1,-1,71706,-1,272607,265096,-1,273478,81566,71696,71706,-1,-1,273365,-1,-1,-1,265005,-1,71706,267648,264987,-1,-1,-1,131724,-1,-1,71703,-1,265969,71696,-1,71706,-1,-1,-1,272043,-1,-1,-1,71706,-1,71706,-1,-1,78636,-1,-1
-1,269921,272164,-1,-1,275779,-1,-1,273150,-1,-1,268944,78389,-1,-1,-1,275782,272153,-1,-1,262459,-1,275779,72344,-1,275779,72361,72340,72345,-1,-1,276904,-1,-1,-1,272254,-1,262459,272038,72345,-1,-1,-1,131733,81293,-1,265171,-1,72359,72345,-1,262459,-1,-1,272126,268951,-1,-1,-1,72345,-1,275779,-1,80573,272136,-1,-1
-1,246610,261072,-1,-1,242749,-1,83474,242558,-1,-1,229011,251660,-1,-1,-1,72739,264828,-1,-1,242749,-1,275571,263549,-1,242749,74949,220061,241538,83805,-1,231179,-1,-1,83124,74948,-1,242749,232904,72741,-1,-1,-1,131735,234333,83136,77534,-1,241538,208974,-1,242749,277460,-1,81872,259364,76771,-1,-1,261072,-1,242749,83563,74057,208974,-1,83992
-1,235860,240096,-1,-1,237268,-1,73937,208520,-1,-1,231065,243966,-1,-1,-1,208543,210826,-1,-1,237333,-1,73092,274006,-1,208520,240262,259723,237268,-1,-1,73102,-1,-1,73104,246195,-1,237268,84069,237268,-1,-1,-1,131739,81885,225993,73106,-1,272324,208520,-1,237268,254143,-1,84070,83749,73105,-1,-1,227040,-1,237268,-1,73103,227040,-1,-1
-1,80009,259797,-1,-1,259797,-1,-1,274342,-1,-1,80800,267416,-1,-1,-1,228741,75365,-1,-1,254064,-1,266218,234372,-1,259797,75362,221990,266218,-1,-1,274747,-1,-1,267620,77444,-1,266218,70209,75358,-1,-1,-1,131795,234956,-1,266582,-1,264533,259797,-1,259797,-1,-1,259617,266353,-1,-1,-1,259797,-1,259797,-1,84278,84277,-1,-1
-1,244316,208135,-1,-1,193301,-1,238186,221370,-1,279785,75421,83167,-1,-1,-1,277488,278902,-1,-1,231801,-1,220621,241862,-1,220621,245438,210648,220621,270460,-1,264823,-1,-1,82367,248482,-1,220621,260703,269683,-1,-1,-1,131798,209166,77389,273604,-1,273123,210648,-1,220621,267827,-1,191269,74977,83166,-1,-1,193301,83801,193301,260414,256130,193301,-1,278206
-1,269805,241846,-1,-1,264884,-1,-1,74401,-1,-1,264971,75021,-1,-1,-1,73677,264954,-1,-1,265082,-1,78461,264982,-1,264884,265102,275895,265082,-1,-1,277278,-1,-1,-1,264930,-1,265082,79183,271788,-1,-1,-1,131877,78463,-1,276765,-1,264884,241846,-1,264884,-1,-1,265017,78462,-1,-1,-1,265082,-1,264884,-1,75063,78609,-1,-1
-1,272213,235659,-1,-1,226987,-1,-1,268941,-1,-1,226987,248790,-1,-1,-1,268945,276297,-1,-1,226997,-1,237197,227109,-1,226987,233751,277169,226987,-1,-1,275961,-1,-1,79138,265336,-1,226987,276771,272332,-1,-1,-1,132176,278194,273912,232202,-1,227069,226987,-1,226987,79140,-1,269131,270406,-1,-1,-1,226987,-1,226987,-1,266457,266504,-1,-1
-1,232549,76721,-1,-1,78346,-1,-1,78342,-1,-1,78346,242045,-1,-1,-1,78340,251313,-1,-1,252169,-1,78349,263344,-1,78346,78343,262160,78346,-1,-1,279506,-1,-1,83914,78348,-1,78346,254273,78339,-1,-1,-1,132231,79192,-1,245565,-1,271458,262160,-1,78346,-1,-1,270864,257789,-1,-1,-1,73932,-1,78346,-1,251309,73932,-1,-1
-1,226182,76503,-1,-1,269579,-1,79986,269579,-1,-1,276076,243108,-1,-1,-1,222190,77906,-1,-1,198640,-1,222191,76499,-1,198640,264324,237033,198640,-1,-1,222179,-1,-1,76490,222449,-1,198640,79960,240393,-1,-1,-1,132305,261919,76494,241997,-1,257936,212601,-1,198640,76506,-1,76498,251112,272814,-1,-1,212601,-1,198640,261947,222195,212601,-1,224677
-1,80042,246223,-1,-1,265986,-1,-1,264962,-1,-1,267653,275396,-1,-1,-1,275400,265864,-1,-1,270619,-1,265915,78633,-1,265986,78628,242795,265986,-1,-1,78624,-1,-1,-1,273196,-1,265986,273199,78623,-1,-1,-1,132370,-1,-1,231349,-1,265986,264962,-1,265986,-1,-1,78620,78617,-1,-1,-1,264968,-1,265986,-1,-1,264968,-1,-1
-1,160169,160109,-1,-1,159983,-1,-1,159947,-1,-1,159983,-1,-1,-1,-1,160076,160098,-1,-1,160203,-1,160126,160085,-1,159983,160140,160077,159983,-1,-1,160060,-1,-1,-1,251694,-1,159983,-1,159920,-1,-1,-1,132375,-1,-1,160145,-1,160065,159983,-1,159983,-1,-1,-1,160019,-1,-1,-1,159983,-1,159983,-1,-1,160000,-1,-1
-1,275523,83455,-1,-1,79732,-1,78683,265897,-1,78690,79734,79733,-1,-1,-1,276506,78689,-1,-1,79732,-1,78694,265051,-1,78682,265074,78682,79732,265029,-1,276848,-1,-1,265064,78677,-1,78682,272298,78782,-1,-1,-1,132533,83463,79735,78691,-1,78687,78689,-1,79732,78780,78678,265107,265138,78684,-1,-1,79734,78679,79732,78692,275989,79221,-1,272293
-1,77866,273202,-1,-1,78830,-1,-1,265931,-1,-1,264885,-1,-1,-1,-1,265916,78826,-1,-1,78823,-1,78832,78821,-1,78830,270168,268643,78832,-1,-1,273194,-1,-1,-1,269816,-1,78832,-1,275403,-1,-1,-1,132588,-1,-1,73764,-1,265902,78830,-1,78832,-1,-1,-1,78813,-1,-1,-1,78830,-1,78830,-1,-1,78830,-1,-1
-1,264935,265026,-1,-1,78602,-1,276849,265129,-1,-1,78602,264966,-1,-1,-1,272288,264954,-1,-1,265383,-1,271864,264943,-1,78602,78601,265079,78602,266399,-1,265164,-1,-1,82959,265159,-1,271864,279693,264992,-1,-1,-1,132589,261793,82962,78605,-1,78596,78602,-1,271864,81334,-1,275534,79731,81853,-1,-1,78602,-1,78602,261799,78599,265009,-1,75329
-1,275576,276468,-1,-1,276887,-1,-1,79617,-1,-1,276887,79344,-1,-1,-1,81787,78900,-1,-1,72810,-1,78897,78901,-1,276887,79975,77986,276887,-1,-1,78898,-1,-1,-1,81679,-1,276887,80059,78881,-1,-1,-1,132629,272680,-1,72464,-1,78884,276887,-1,276887,-1,-1,83107,272255,-1,-1,-1,276887,-1,276887,-1,269678,78883,-1,-1
-1,79362,79358,-1,-1,79350,-1,-1,79345,-1,-1,79351,-1,-1,-1,-1,79359,79349,-1,-1,79350,-1,79352,79360,-1,79345,79353,79346,79345,-1,-1,79356,-1,-1,-1,79357,-1,79348,-1,79348,-1,-1,-1,132630,-1,-1,79354,-1,79347,79361,-1,79350,-1,-1,-1,79355,-1,-1,-1,79351,-1,79350,-1,-1,79361,-1,-1
6235,1179,190042,-1,274750,190042,53302,190046,5003,13128,1116,1397,1238,262271,173210,-1,238427,7763,-1,120274,214100,1025,238382,166906,171877,214100,238435,238439,190042,9676,-1,1041,5740,1201,28130,1088,-1,7763,1114,250890,16619,-1,-1,132670,192181,1625,166691,-1,1183,238439,-1,7763,238430,1615,138449,51539,266690,-1,135455,190042,138956,7763,233700,41236,37576,214098,166676
-1,488,8473,-1,-1,570,-1,-1,121939,-1,-1,182521,10264,-1,-1,-1,45197,238435,-1,-1,570,-1,28765,7743,-1,238435,156616,168473,5454,-1,-1,266690,-1,-1,150418,251483,-1,121939,166676,5454,-1,-1,-1,132671,191208,30110,121944,-1,261593,168473,-1,570,269603,-1,45661,167495,-1,-1,-1,190048,-1,570,-1,242510,190048,-1,-1
1620,238428,51,-1,45197,5471,45674,250,5467,1668,262112,13743,31432,273812,1201,-1,240,5471,-1,247515,238427,266473,54050,140601,1845,13743,20289,251483,34079,183277,-1,243029,248146,16254,214100,274967,-1,13743,1605,34079,49369,-1,-1,132672,10264,167198,246,-1,7289,51,-1,1625,3622,274966,71557,48940,1116,-1,5740,51,5419,1625,570,238388,1625,6975,142754
-1,48940,41236,-1,-1,28130,-1,570,1615,-1,30110,183277,167198,-1,-1,-1,1668,1605,-1,-1,170890,-1,28130,1551,-1,41236,238427,1116,5454,20289,-1,3622,-1,-1,274967,135455,-1,28130,1397,5454,-1,-1,-1,132673,31432,5661,156616,-1,238443,1116,-1,28130,191972,-1,40898,1179,167425,-1,-1,41236,45674,28130,275049,167134,1625,-1,1620
262285,5479,1397,-1,25924,167680,-1,4833,238384,-1,166124,214101,37576,-1,-1,-1,1668,41,-1,-1,45197,-1,190045,238430,-1,167680,250,161840,1397,9676,-1,26709,-1,-1,182521,142754,-1,1397,23174,5589,-1,-1,-1,132674,166149,4231,10535,-1,167680,238384,-1,167680,1183,214649,28130,44897,176676,-1,238424,214101,222000,167680,191695,266691,45661,-1,5661
-1,257138,79794,-1,-1,79794,-1,79792,256730,-1,-1,80065,80064,-1,-1,-1,257171,69996,-1,-1,247533,-1,79791,79793,-1,79794,79789,79787,247533,-1,-1,72080,-1,-1,79786,81552,-1,79794,275619,251924,-1,-1,-1,132680,80744,225166,197813,-1,260776,251924,-1,79794,79788,-1,76245,190700,80066,-1,-1,79794,-1,79794,-1,83812,79797,-1,-1
-1,251742,251732,-1,-1,251721,-1,-1,251747,-1,-1,251727,-1,-1,-1,-1,251744,251745,-1,-1,251748,-1,251721,251724,-1,251721,251738,251722,251721,-1,-1,251737,-1,-1,-1,251733,-1,251721,-1,251743,-1,-1,-1,132681,-1,-1,251746,-1,251725,251725,-1,251721,-1,-1,-1,251739,-1,-1,-1,251721,-1,251721,-1,-1,251723,-1,-1
-1,1179,238382,-1,-1,7763,-1,-1,1615,-1,-1,1397,-1,-1,-1,-1,173210,7763,-1,-1,222077,-1,1114,170890,-1,1397,238427,1183,7763,-1,-1,239580,-1,-1,-1,258966,-1,7763,277954,250890,-1,-1,-1,132702,-1,-1,6235,-1,138956,222077,-1,7763,-1,-1,274966,51539,-1,-1,-1,238382,-1,7763,-1,-1,233700,-1,-1
-1,212831,247699,-1,-1,274967,-1,-1,253149,-1,-1,13743,-1,-1,-1,-1,5673,45197,-1,-1,209331,-1,247515,273812,-1,13743,51257,203376,274967,-1,-1,15723,-1,-1,-1,142754,-1,13743,5419,274967,-1,-1,-1,132703,-1,-1,266801,-1,5467,203376,-1,247699,-1,-1,49369,44897,-1,-1,-1,209331,-1,247699,-1,-1,247703,-1,-1
-1,5479,45661,-1,-1,238430,-1,-1,204963,-1,-1,182521,-1,-1,-1,-1,166149,252371,-1,-1,1668,-1,1397,71557,-1,238430,5589,1183,238430,-1,-1,250,-1,-1,-1,176676,-1,182521,37576,238430,-1,-1,-1,132704,-1,-1,254642,-1,161840,204963,-1,1397,-1,-1,191695,192119,-1,-1,-1,1397,-1,238430,-1,-1,231747,-1,-1
-1,167495,156616,-1,-1,156616,-1,-1,121939,-1,-1,121944,-1,-1,-1,-1,28765,247827,-1,-1,238435,-1,256790,45197,-1,190048,182521,168473,5454,-1,-1,7743,-1,-1,-1,261593,-1,121939,202126,5454,-1,-1,-1,132705,-1,-1,150418,-1,266690,167495,-1,238435,-1,-1,242510,488,-1,-1,-1,190048,-1,238435,-1,-1,190048,-1,-1
-1,48940,1201,-1,-1,5471,-1,-1,238074,-1,-1,257534,-1,-1,-1,-1,214100,5471,-1,-1,1668,-1,183277,256079,-1,5471,49369,1116,5471,-1,-1,45674,-1,-1,-1,184943,-1,5471,7512,34079,-1,-1,-1,132706,-1,-1,27,-1,3622,238074,-1,5471,-1,-1,233700,228789,-1,-1,-1,5471,-1,5471,-1,-1,31432,-1,-1
