competitionid,goals,redcards,appearances,assists,cleansheets,artificialkey,playerid,yellowcards
1,2,0,15,4,0,0,70860,3
1,9,0,31,5,1,1,71110,6
1,3,1,28,5,1,2,71170,4
1,0,1,6,0,0,3,71342,1
1,0,0,27,1,3,4,73125,6
1,8,0,26,3,0,5,73298,3
1,1,1,28,3,1,6,73301,4
1,2,0,31,2,0,7,73364,6
1,7,1,27,1,0,8,73366,4
1,4,2,25,1,4,9,73645,4
1,0,0,28,0,7,10,132740,0
1,20,0,32,0,3,11,191083,2
1,4,0,24,3,4,12,193283,8
1,0,0,32,0,6,13,200209,0
1,3,0,19,4,2,14,201943,4
1,8,0,27,7,4,15,203362,1
1,0,0,30,6,1,16,207886,3
1,3,0,29,4,5,17,208564,9
1,2,0,23,1,3,18,210625,7
1,1,0,31,2,6,19,210646,6
1,2,0,22,0,5,20,212121,5
1,1,0,28,2,2,21,213530,6
1,0,1,6,0,0,22,213959,1
1,3,0,26,0,3,23,215686,10
1,0,1,1,0,0,24,215693,0
1,6,0,32,0,6,25,223566,3
1,1,0,15,4,3,26,224067,4
1,8,0,19,2,1,27,224389,4
1,12,0,24,1,3,28,224438,5
1,6,0,29,5,0,29,224483,1
1,0,1,16,0,5,30,225948,3
1,0,1,30,0,8,31,228505,0
1,1,0,24,2,8,32,229150,7
1,0,1,29,3,4,33,231233,2
1,2,0,30,0,7,34,231828,0
1,1,0,31,2,7,35,234472,1
1,1,0,31,2,6,36,234501,4
1,0,0,28,1,8,37,234827,4
1,6,0,30,6,5,38,236883,5
1,3,0,20,5,0,39,242612,1
1,2,1,15,3,2,40,243283,4
1,10,0,32,5,4,41,243371,0
1,15,0,30,2,3,42,243646,1
1,1,1,22,3,4,43,244181,5
1,0,1,17,3,5,44,246014,2
1,1,0,32,2,6,45,246434,7
1,0,1,12,0,7,46,248478,2
1,2,0,26,4,4,47,250853,7
1,1,0,24,1,1,48,251201,6
1,1,0,20,1,0,49,251629,6
1,1,0,28,4,8,50,254638,1
1,12,0,32,4,1,51,255185,3
1,3,0,23,0,4,52,255211,5
1,14,0,32,12,0,53,255464,2
1,1,0,28,1,7,54,256082,5
1,1,0,28,3,7,55,256222,5
1,8,1,30,2,4,56,256746,4
1,3,0,23,6,0,57,256933,0
1,17,0,29,5,1,58,257167,4
1,1,0,19,7,2,59,257259,1
1,9,0,28,3,6,60,257972,1
1,11,0,26,5,1,61,259130,3
1,13,0,25,1,3,62,260896,1
1,0,1,17,0,0,63,261670,0
1,10,0,25,7,1,64,262538,4
1,0,0,14,3,1,65,262541,5
1,3,0,16,4,1,66,262794,4
1,2,0,23,5,1,67,263672,5
1,1,0,19,2,7,68,263711,5
1,9,0,27,2,1,69,264263,1
1,2,0,31,2,3,70,264502,6
1,1,0,30,6,0,71,264822,1
1,1,0,26,0,6,72,266890,3
1,2,1,22,2,1,73,270536,0
1,15,0,33,4,1,74,271320,2
1,3,1,27,3,1,75,272932,4
1,3,0,26,1,6,76,274187,5
1,2,1,19,3,0,77,275704,3
1,11,0,28,3,1,78,277211,3
1,3,1,24,2,0,79,278012,5
1,2,1,29,3,1,80,278359,3
1,3,0,30,2,6,81,279015,4
4,2,0,23,5,1,82,70427,2
4,1,1,7,0,0,83,71191,1
4,0,1,8,0,0,84,72912,2
4,4,1,33,6,7,85,72954,1
4,19,0,34,4,2,86,73070,9
4,16,0,34,5,4,87,74896,3
4,2,0,27,1,5,88,74963,8
4,0,1,17,2,7,89,183491,4
4,0,0,40,0,20,90,184167,2
4,1,2,28,2,5,91,185349,9
4,0,0,38,0,17,92,200059,1
4,10,0,39,13,10,93,200155,4
4,13,1,32,3,0,94,200429,3
4,1,0,33,1,2,95,201438,9
4,14,0,40,6,4,96,204060,2
4,0,0,26,0,11,97,204549,1
4,1,0,30,2,15,98,210044,11
4,0,0,35,3,7,99,210831,12
4,3,0,40,1,13,100,212204,2
4,2,0,39,2,13,101,222875,4
4,9,0,29,5,3,102,223933,2
4,1,1,23,0,6,103,225487,5
4,0,1,17,1,3,104,226431,4
4,11,0,34,7,4,105,226537,9
4,18,0,31,1,0,106,228687,1
4,1,1,34,0,15,107,232873,2
4,1,1,14,0,3,108,233225,1
4,2,1,35,0,12,109,233230,10
4,2,0,23,5,4,110,233965,3
4,9,0,26,3,1,111,234683,0
4,14,0,39,3,11,112,235242,10
4,3,1,38,7,5,113,235661,10
4,3,0,18,5,3,114,236918,0
4,0,1,30,1,10,115,236947,9
4,10,0,17,1,1,116,237254,3
4,3,1,35,6,3,117,237337,4
4,0,0,39,2,13,118,238409,2
4,0,0,38,0,11,119,243294,5
4,1,1,37,0,12,120,243530,7
4,1,1,33,7,15,121,244889,4
4,1,1,23,1,4,122,246284,6
4,2,0,34,2,13,123,246826,4
4,9,1,31,2,0,124,247539,4
4,0,0,20,0,5,125,247771,9
4,21,0,33,4,0,126,251156,9
4,2,0,27,2,4,127,251466,8
4,3,0,37,5,12,128,251479,4
4,7,0,35,6,0,129,251575,6
4,5,0,28,7,1,130,252108,1
4,4,1,25,5,0,131,255241,3
4,7,0,22,5,1,132,255460,2
4,1,2,31,0,4,133,255558,6
4,16,1,38,9,4,134,256948,4
4,0,1,24,0,7,135,258763,1
4,21,0,40,5,2,136,258911,2
4,0,2,31,2,3,137,259043,6
4,8,0,37,8,3,138,260570,1
4,1,1,26,1,4,139,260977,5
4,1,0,30,7,2,140,261312,9
4,1,0,27,6,0,141,261531,9
4,0,0,27,1,11,142,262265,0
4,1,0,40,6,11,143,262925,6
4,0,1,24,0,1,144,263549,6
4,5,1,29,8,0,145,264201,6
4,10,0,36,3,1,146,265800,2
4,1,0,38,3,11,147,266681,3
4,1,0,39,3,17,148,269230,6
4,0,0,34,0,11,149,270700,6
4,0,1,21,0,5,150,270821,0
4,9,0,33,1,3,151,270905,4
4,0,1,21,1,2,152,270923,2
4,0,2,38,0,11,153,271032,4
4,0,2,8,0,0,154,271205,1
4,8,0,32,1,2,155,271979,9
4,3,1,23,0,4,156,272407,4
4,16,0,29,2,4,157,273915,3
4,0,0,38,3,5,158,274057,9
4,9,0,28,3,0,159,275051,5
4,13,0,39,2,2,160,275401,9
4,3,0,33,0,11,161,277022,9
4,1,1,23,0,1,162,277180,5
4,7,0,36,7,0,163,277975,6
10,1,0,30,1,6,164,72972,6
10,9,0,24,2,0,165,73949,0
10,0,1,26,0,5,166,74344,3
10,0,1,15,0,6,167,74411,1
10,0,0,24,1,11,168,162328,0
10,9,0,27,8,0,169,181458,4
10,1,0,28,4,6,170,183711,6
10,0,1,17,0,0,171,188621,1
10,14,0,31,8,2,172,189805,3
10,2,1,32,0,9,173,192559,3
10,3,1,33,1,9,174,193440,2
10,0,0,31,3,9,175,197860,3
10,0,0,31,0,11,176,199833,0
10,0,1,26,2,3,177,200122,7
10,3,0,31,2,6,178,207725,6
10,0,0,28,0,10,179,210832,1
10,1,1,18,0,0,180,213839,0
10,0,0,34,0,9,181,215223,0
10,0,0,29,1,10,182,223686,2
10,10,0,24,2,0,183,223689,2
10,9,1,26,0,1,184,224324,2
10,1,0,30,6,8,185,225863,2
10,4,1,18,2,0,186,226539,1
10,1,0,34,1,9,187,227794,10
10,10,0,33,2,0,188,230737,2
10,0,1,29,6,4,189,233178,3
10,10,0,32,11,2,190,235663,2
10,13,0,30,0,4,191,237807,3
10,10,1,26,6,3,192,237895,5
10,0,1,10,0,0,193,238840,0
10,11,0,29,10,1,194,239380,1
10,0,0,25,6,2,195,241509,1
10,1,0,18,1,3,196,241693,6
10,27,0,35,7,4,197,244728,3
10,14,0,30,2,1,198,245902,0
10,3,0,32,1,10,199,247103,5
10,5,0,34,7,1,200,247120,1
10,4,0,34,7,1,201,247209,2
10,6,0,32,15,4,202,247447,1
10,2,1,21,0,4,203,247931,1
10,2,2,29,0,5,204,250813,9
10,11,0,18,2,3,205,251223,1
10,4,0,30,3,3,206,251810,6
10,1,0,29,3,3,207,251812,9
10,0,1,11,0,0,208,252169,1
10,6,0,33,0,4,209,252382,7
10,1,1,22,2,1,210,252383,1
10,1,0,27,8,2,211,253109,3
10,12,0,25,3,0,212,253399,2
10,6,0,30,7,4,213,254789,5
10,1,0,33,0,6,214,255449,9
10,2,0,29,0,10,215,256325,3
10,10,0,26,5,1,216,256800,4
10,12,0,26,2,2,217,256853,2
10,6,0,31,4,2,218,258500,7
10,1,0,26,1,5,219,259163,6
10,11,0,29,11,1,220,259480,2
10,1,0,36,7,10,221,260076,4
10,8,0,33,4,7,222,260523,8
10,1,1,18,0,1,223,261249,3
10,2,1,32,7,1,224,262221,4
10,1,1,21,1,1,225,262222,1
10,1,0,36,6,9,226,262311,1
10,2,0,34,8,8,227,262473,3
10,4,0,34,1,9,228,262790,2
10,0,0,33,0,10,229,263798,0
10,1,0,23,0,13,230,264220,2
10,0,1,13,0,1,231,264248,3
10,1,1,33,0,10,232,264288,3
10,9,0,30,1,2,233,265450,1
10,13,0,29,0,0,234,267974,2
10,0,1,13,0,1,235,268106,1
10,1,1,23,1,1,236,268450,7
10,3,1,25,4,7,237,269153,5
10,1,1,32,0,4,238,269246,7
10,2,1,26,6,7,239,271266,2
10,16,0,34,10,9,240,271400,0
10,0,0,30,0,9,241,272958,0
10,2,0,31,6,11,242,272978,6
10,1,1,28,4,7,243,273752,9
10,5,0,29,2,5,244,275867,8
10,1,0,33,0,4,245,276632,7
10,0,0,34,2,3,246,277672,11
10,0,1,12,0,1,247,277968,1
10,1,1,15,0,0,248,278338,1
10,1,1,24,0,4,249,278628,5
13,20,0,36,3,1,250,192123,1
13,4,0,28,7,4,251,192985,2
13,0,0,37,3,11,252,193474,9
13,2,1,25,0,0,253,195202,3
13,1,0,37,1,13,254,198032,11
13,0,0,38,0,13,255,199641,4
13,7,0,30,9,2,256,200104,1
13,1,2,19,0,1,257,202697,2
13,3,0,37,1,14,258,203376,5
13,12,0,38,3,0,259,204838,4
13,0,0,38,1,12,260,204935,7
13,1,1,24,2,4,261,205569,2
13,8,0,35,12,2,262,206085,4
13,0,0,33,3,2,263,206516,11
13,0,1,8,0,0,264,207807,0
13,29,0,38,18,8,265,209331,1
13,4,1,34,0,10,266,210047,9
13,0,0,26,4,10,267,210257,4
13,8,2,36,10,9,268,212198,3
13,2,0,29,3,4,269,213884,9
13,0,0,33,1,3,270,213991,9
13,9,0,31,7,0,271,220697,6
13,0,0,38,0,13,272,220901,3
13,16,0,38,8,4,273,221697,2
13,3,0,30,8,5,274,222665,4
13,4,0,29,3,7,275,223334,10
13,0,1,19,0,1,276,224081,4
13,13,0,34,8,5,277,224371,1
13,2,0,35,1,11,278,224656,5
13,7,1,28,2,3,279,225193,2
13,2,0,26,0,2,280,227535,9
13,0,0,36,10,5,281,229348,8
13,0,1,22,1,1,282,231485,3
13,3,0,28,1,10,283,232580,4
13,0,0,38,0,11,284,233306,3
13,23,0,34,6,3,285,233731,1
13,4,0,33,0,3,286,233927,10
13,4,1,35,7,7,287,234378,5
13,19,0,35,4,5,288,234824,5
13,2,0,35,7,0,289,235456,3
13,2,0,35,1,6,290,235642,10
13,8,0,34,8,2,291,235794,1
13,0,1,28,1,0,292,235844,7
13,7,1,34,8,3,293,236015,9
13,14,0,37,2,4,294,236461,2
13,0,0,30,2,0,295,236699,12
13,12,0,34,6,1,296,236920,8
13,3,1,29,1,0,297,236988,4
13,4,0,37,5,11,298,237646,10
13,1,0,31,2,11,299,237678,5
13,0,0,34,1,3,300,237819,9
13,5,0,37,2,13,301,238095,4
13,14,0,35,4,1,302,238756,4
13,22,0,31,3,6,303,239085,2
13,0,0,27,0,11,304,239818,4
13,1,0,27,0,3,305,240097,12
13,15,0,33,6,3,306,240243,4
13,13,0,36,5,4,307,241084,2
13,3,1,34,2,11,308,241159,7
13,11,0,37,5,6,309,241236,9
13,2,0,38,10,2,310,241508,2
13,1,1,23,2,0,311,241842,3
13,20,0,38,7,8,312,243014,3
13,1,1,25,2,2,313,243702,2
13,2,1,35,0,12,314,243715,2
13,1,0,35,1,11,315,244067,5
13,0,1,7,0,0,316,245729,1
13,0,1,37,4,11,317,246104,6
13,6,0,25,10,2,318,246669,3
13,7,1,20,0,0,319,247172,3
13,1,1,24,0,7,320,250954,2
13,11,0,33,3,1,321,251421,5
13,5,0,37,0,11,322,251517,2
13,10,1,27,6,2,323,252042,4
13,1,0,29,2,1,324,253306,11
13,2,0,37,6,2,325,254243,10
13,1,0,38,2,10,326,256079,11
13,6,0,38,11,3,327,257470,1
13,15,0,37,8,5,328,257534,7
13,12,0,37,2,0,329,259031,12
13,8,0,37,10,5,330,260247,10
13,11,0,38,2,2,331,260926,3
13,2,1,21,0,1,332,261336,3
13,1,0,29,8,3,333,270409,3
13,1,1,28,2,3,334,271574,3
13,0,1,12,0,2,335,277432,3
13,2,0,36,0,11,336,278016,6
13,3,0,32,2,7,337,278349,10
13,1,2,23,0,3,338,278773,3
14,12,0,37,0,4,339,74865,2
14,1,1,17,1,0,340,192231,4
14,3,1,18,0,0,341,202693,2
14,0,1,16,0,2,342,205054,0
14,7,0,42,14,6,343,206083,6
14,12,1,34,1,1,344,206518,1
14,5,0,33,6,3,345,210644,4
14,1,2,35,1,8,346,215638,6
14,3,0,48,1,16,347,215700,9
14,2,0,45,2,18,348,217826,7
14,13,0,44,5,2,349,219216,8
14,4,0,41,3,1,350,220019,11
14,18,0,42,6,14,351,220659,5
14,3,0,33,4,9,352,220940,10
14,2,0,46,2,15,353,221281,5
14,11,0,32,3,3,354,221692,3
14,2,0,48,8,7,355,221982,9
14,2,2,37,1,6,356,223159,5
14,0,1,25,4,2,357,224265,7
14,0,0,35,2,7,358,225071,12
14,2,0,41,3,25,359,225147,4
14,3,0,37,7,0,360,225748,6
14,0,3,26,1,0,361,227995,3
14,2,0,44,3,21,362,228151,11
14,1,0,46,0,25,363,229266,5
14,0,1,21,0,13,364,229901,3
14,12,0,36,9,2,365,232104,4
14,6,0,44,1,10,366,232412,12
14,2,0,45,7,11,367,232759,7
14,2,0,39,1,4,368,233276,11
14,11,0,42,3,2,369,233941,8
14,5,1,25,0,1,370,234229,8
14,2,0,38,1,12,371,234319,11
14,10,0,44,8,6,372,234741,13
14,12,0,26,2,1,373,235161,2
14,0,0,29,0,16,374,235735,7
14,4,1,37,1,4,375,236344,10
14,3,1,41,1,17,376,236524,11
14,11,0,29,3,3,377,237295,3
14,2,0,28,6,1,378,238490,2
14,12,0,29,1,2,379,238743,1
14,12,0,35,4,6,380,239373,3
14,10,0,32,2,3,381,240673,10
14,11,0,36,2,0,382,240783,3
14,0,0,46,0,23,383,240987,3
14,4,0,32,10,10,384,241184,7
14,1,1,18,1,2,385,241411,1
14,1,0,48,8,5,386,241419,1
14,15,0,32,5,4,387,242075,3
14,0,0,39,0,21,388,242656,0
14,2,0,33,5,9,389,242794,11
14,1,0,29,0,7,390,243520,10
14,8,0,43,7,17,391,243669,3
14,1,0,39,1,8,392,244050,11
14,12,0,45,2,4,393,244296,2
14,6,0,44,4,19,394,244591,12
14,10,0,39,12,3,395,246791,3
14,19,0,46,7,3,396,247249,2
14,13,0,46,2,4,397,247335,10
14,6,0,46,6,17,398,248050,2
14,12,0,44,1,4,399,250816,3
14,10,0,45,12,8,400,251690,3
14,12,0,45,11,5,401,252066,6
14,0,1,25,1,1,402,252555,7
14,18,0,41,4,3,403,252929,8
14,2,2,27,0,6,404,253034,7
14,5,2,38,3,4,405,253407,7
14,7,0,44,6,4,406,257063,12
14,3,0,29,6,1,407,258165,0
14,2,1,47,3,16,408,258483,3
14,13,0,36,1,1,409,261283,2
14,1,0,46,0,30,410,262042,3
14,0,0,38,2,17,411,262929,8
14,0,0,45,0,29,412,263063,8
14,1,0,40,7,5,413,263390,11
14,1,1,24,0,8,414,264299,3
14,4,0,45,14,2,415,264371,4
14,0,1,19,0,3,416,264509,2
14,3,1,47,6,17,417,266400,11
14,3,0,24,7,0,418,266815,7
14,1,1,41,1,26,419,268131,7
14,1,1,19,0,0,420,268606,0
14,3,1,18,1,0,421,268927,3
14,0,1,3,0,0,422,270140,0
14,4,1,43,3,14,423,270964,11
14,0,1,6,0,1,424,271983,0
14,2,0,46,7,7,425,275785,3
14,0,0,38,4,3,426,275988,10
14,0,0,34,2,14,427,277068,7
14,0,1,8,0,0,428,278193,1
16,9,0,28,0,3,429,70415,2
16,1,0,27,0,1,430,70768,11
16,0,1,7,0,0,431,74476,2
16,0,1,11,1,0,432,76246,0
16,0,1,2,0,0,433,76760,0
16,0,0,30,3,8,434,190674,12
16,15,0,30,2,2,435,193301,5
16,0,0,26,2,1,436,199393,9
16,0,0,32,0,10,437,200110,4
16,0,2,22,0,4,438,201955,1
16,3,0,30,2,9,439,204105,5
16,0,0,32,0,12,440,204883,4
16,0,0,32,2,9,441,205377,4
16,3,0,33,7,9,442,208787,6
16,9,0,29,4,4,443,210008,4
16,10,0,28,1,3,444,210450,5
16,3,0,24,1,5,445,211256,7
16,8,0,32,10,1,446,216820,2
16,13,0,31,2,6,447,219733,5
16,1,2,27,4,5,448,220837,5
16,1,0,19,0,5,449,225263,9
16,0,0,31,0,8,450,225859,2
16,4,0,27,0,9,451,226229,1
16,0,2,20,1,1,452,226414,3
16,0,0,30,6,5,453,229649,0
16,2,0,20,2,5,454,230020,7
16,0,0,33,0,10,455,230670,1
16,6,0,29,8,5,456,231102,6
16,21,0,29,6,1,457,231443,2
16,2,1,13,4,0,458,232097,1
16,0,0,27,6,4,459,232440,3
16,2,0,29,7,4,460,233061,4
16,3,1,29,1,4,461,235134,7
16,4,0,25,6,7,462,235212,4
16,0,2,28,1,4,463,235458,4
16,0,1,13,2,1,464,236629,0
16,0,1,29,1,9,465,236804,13
16,1,0,28,3,6,466,238392,7
16,3,0,28,8,3,467,239093,7
16,0,0,19,0,8,468,239364,1
16,13,0,33,5,2,469,240753,2
16,10,0,26,2,3,470,240787,5
16,2,0,27,0,0,471,241708,10
16,1,1,30,1,8,472,242195,2
16,1,0,32,3,6,473,242534,11
16,0,1,27,0,4,474,242835,7
16,11,0,32,2,2,475,242914,5
16,0,2,21,0,2,476,243009,5
16,0,1,11,0,1,477,243595,2
16,16,0,32,5,5,478,243630,4
16,21,0,34,5,1,479,246147,3
16,4,1,31,1,10,480,246565,6
16,0,1,11,0,0,481,247019,4
16,6,0,30,8,2,482,250789,4
16,5,0,34,8,2,483,251170,6
16,3,2,25,0,1,484,251401,2
16,8,0,30,11,1,485,251570,3
16,0,0,34,0,11,486,251752,0
16,2,0,29,3,2,487,253157,9
16,17,0,33,3,4,488,253444,2
16,3,0,31,1,9,489,254121,5
16,2,2,24,1,4,490,254548,2
16,11,0,34,6,2,491,254551,2
16,7,0,33,7,2,492,256632,0
16,10,0,22,3,0,493,256903,1
16,1,0,31,1,8,494,257090,7
16,14,0,27,3,5,495,258437,6
16,12,0,33,8,3,496,258444,2
16,0,1,11,0,0,497,259139,0
16,3,0,32,4,5,498,260574,9
16,0,1,10,0,2,499,261647,3
16,12,0,28,4,1,500,262657,4
16,0,1,10,0,0,501,264401,2
16,14,0,34,10,1,502,264652,2
16,5,0,32,10,7,503,264862,2
16,0,0,29,1,8,504,265526,2
16,1,0,30,1,10,505,269493,10
16,0,0,31,0,10,506,269626,2
16,2,1,32,7,5,507,270039,4
16,13,0,16,2,0,508,270050,1
16,9,0,33,8,3,509,271688,3
16,3,0,29,8,2,510,272834,1
16,10,0,32,3,9,511,273018,8
16,0,2,29,3,1,512,273835,1
16,2,1,29,7,3,513,275138,9
16,0,0,27,1,10,514,275507,4
16,0,1,11,0,1,515,277118,1
16,0,0,31,1,8,516,277503,7
16,2,1,10,0,0,517,278207,0
17,1,0,30,5,0,518,70022,3
17,0,1,6,0,0,519,71777,0
17,0,2,23,2,5,520,72100,2
17,9,0,26,2,2,521,72354,4
17,0,0,27,0,9,522,73068,9
17,0,1,16,1,3,523,73081,3
17,2,0,27,0,8,524,73083,7
17,5,0,33,4,4,525,73085,8
17,1,0,29,2,7,526,74049,7
17,0,1,14,0,5,527,74416,2
17,2,1,33,1,11,528,74502,5
17,10,0,29,1,0,529,74618,5
17,1,0,26,1,9,530,74774,12
17,0,0,34,0,12,531,178363,4
17,1,1,25,1,3,532,179789,1
17,1,0,34,0,16,533,188825,6
17,2,0,31,1,14,534,190034,5
17,1,1,29,4,11,535,198836,11
17,0,0,29,0,11,536,199051,6
17,0,0,33,0,13,537,206003,0
17,5,0,27,1,3,538,206243,6
17,1,1,25,0,4,539,208861,8
17,0,0,34,0,11,540,212735,0
17,1,0,32,7,10,541,213367,6
17,0,0,26,0,10,542,215708,3
17,0,0,30,2,7,543,216755,7
17,1,0,30,2,3,544,220030,8
17,8,0,30,2,2,545,223510,4
17,3,0,27,6,10,546,224030,11
17,2,1,15,5,2,547,225855,1
17,0,0,21,0,2,548,225927,6
17,0,0,25,0,14,549,228255,0
17,2,0,21,0,10,550,228290,5
17,2,2,28,5,5,551,228774,3
17,4,0,31,8,10,552,229236,6
17,0,0,34,0,16,553,232410,1
17,12,0,33,6,7,554,234239,5
17,7,0,32,5,5,555,234799,8
17,1,0,28,2,5,556,234814,8
17,1,0,29,0,15,557,234856,5
17,10,0,34,4,5,558,237198,1
17,1,0,32,7,1,559,237347,6
17,8,0,28,5,0,560,239329,0
17,9,0,30,1,3,561,240133,6
17,0,0,28,7,8,562,241445,4
17,0,0,25,1,6,563,242054,6
17,3,0,30,5,5,564,242655,3
17,3,1,26,2,3,565,244542,6
17,2,1,17,0,5,566,244674,2
17,15,0,33,2,1,567,244694,1
17,1,1,30,1,12,568,245410,4
17,1,0,31,5,7,569,246298,6
17,2,0,32,1,13,570,247248,2
17,3,0,32,4,11,571,247369,6
17,0,1,16,0,3,572,248408,1
17,0,1,3,0,0,573,248662,0
17,0,2,25,0,8,574,248711,1
17,17,0,31,5,1,575,248784,1
17,0,1,22,1,4,576,251981,4
17,3,0,26,8,0,577,253181,0
17,10,0,18,2,4,578,254501,3
17,3,0,34,6,8,579,254996,3
17,0,0,34,0,14,580,255266,0
17,17,1,31,5,4,581,256731,1
17,0,1,31,4,13,582,256788,6
17,8,0,33,4,2,583,257112,3
17,5,0,30,7,6,584,257118,4
17,14,0,32,3,2,585,257978,1
17,11,0,33,3,0,586,261141,3
17,9,0,31,2,2,587,262082,0
17,0,1,24,0,4,588,262342,2
17,0,1,20,0,3,589,263920,2
17,3,1,30,5,1,590,263987,2
17,4,0,26,5,0,591,266099,3
17,9,1,32,4,7,592,266586,5
17,4,0,32,2,3,593,270931,7
17,0,2,24,1,3,594,271010,5
17,1,1,18,0,5,595,271050,1
17,9,1,32,3,5,596,271689,8
17,0,0,34,1,15,597,271691,6
17,3,0,34,8,8,598,272835,1
17,0,0,29,0,11,599,274845,5
17,7,0,28,4,0,600,275372,0
17,9,0,28,2,0,601,276027,1
17,0,1,4,1,1,602,276824,0
17,1,1,15,0,3,603,276946,3
17,3,0,18,6,0,604,277216,1
17,2,1,21,0,5,605,277630,6
17,22,0,30,2,1,606,277909,3
17,0,0,24,0,4,607,277930,9
19,1,1,8,1,0,608,73149,0
19,1,0,26,0,2,609,74871,8
19,0,0,22,0,13,610,167495,0
19,0,0,30,0,14,611,185122,0
19,0,1,30,10,4,612,190765,5
19,8,0,32,8,2,613,197031,3
19,2,0,33,7,9,614,199503,3
19,26,0,31,8,8,615,202126,5
19,1,0,33,4,10,616,202201,9
19,5,2,25,0,9,617,204638,4
19,11,0,30,4,0,618,206467,3
19,5,1,32,8,9,619,206591,7
19,2,0,32,1,11,620,207862,5
19,2,1,32,7,5,621,210035,4
19,0,1,16,0,0,622,211362,2
19,8,0,34,11,0,623,212096,2
19,5,0,30,10,0,624,212194,1
19,2,1,28,0,5,625,212212,11
19,3,0,33,6,15,626,212622,4
19,16,1,31,7,5,627,214096,3
19,21,0,30,2,0,628,215441,4
19,11,0,32,8,2,629,216354,4
19,0,1,10,0,0,630,219694,0
19,4,0,19,7,1,631,220876,0
19,11,0,30,5,1,632,222492,2
19,0,1,12,0,1,633,223550,0
19,0,0,32,0,9,634,224251,3
19,7,2,30,5,5,635,225309,7
19,2,0,29,2,6,636,225375,8
19,0,0,34,0,10,637,227370,2
19,1,0,31,7,2,638,227647,5
19,1,1,22,1,0,639,228518,2
19,0,0,32,0,8,640,228883,9
19,0,1,17,0,0,641,229391,2
19,0,0,33,0,9,642,230855,1
19,2,1,32,1,3,643,231089,9
19,1,0,32,0,10,644,231366,5
19,10,0,28,5,7,645,232711,10
19,1,1,15,0,0,646,233151,0
19,1,1,13,0,0,647,234167,2
19,21,0,31,0,1,648,234236,4
19,5,0,30,2,5,649,235297,11
19,0,1,22,2,8,650,236369,9
19,1,0,31,4,8,651,236457,8
19,3,0,30,0,9,652,236532,3
19,1,0,33,7,2,653,236636,6
19,2,0,27,0,9,654,237086,2
19,0,2,26,0,8,655,237595,8
19,0,1,11,0,1,656,238516,0
19,15,0,34,1,2,657,238900,2
19,2,1,32,4,7,658,239096,8
19,3,1,31,1,3,659,239340,9
19,0,0,31,1,9,660,239529,8
19,1,0,27,1,2,661,240193,8
19,0,1,10,0,0,662,240648,0
19,0,0,19,0,9,663,242818,0
19,3,1,18,1,2,664,244068,2
19,18,0,29,2,0,665,244257,0
19,10,0,25,7,9,666,245367,5
19,11,0,32,2,1,667,245622,2
19,7,2,30,2,0,668,245716,4
19,1,1,12,2,1,669,247360,0
19,0,2,23,4,4,670,247819,5
19,12,0,34,15,5,671,247827,3
19,1,0,32,8,4,672,250959,6
19,6,0,29,5,0,673,252259,9
19,12,1,28,2,2,674,254022,3
19,10,0,31,12,4,675,256630,3
19,15,0,17,9,1,676,256675,2
19,12,0,25,2,2,677,256790,3
19,10,1,31,4,5,678,257075,3
19,1,0,30,2,3,679,257191,8
19,15,0,33,8,2,680,257289,1
19,1,0,30,1,10,681,258432,4
19,13,1,33,5,2,682,260592,0
19,0,0,32,1,5,683,261659,9
19,0,0,26,0,10,684,262659,2
19,0,1,33,0,9,685,262956,0
19,0,1,21,0,3,686,263193,2
19,0,1,7,0,0,687,263573,0
19,10,0,31,9,1,688,264697,6
19,2,0,27,2,2,689,265576,8
19,0,0,32,1,2,690,276119,11
19,0,1,5,0,0,691,278854,0
20,1,1,23,0,2,692,72967,4
20,0,0,34,0,11,693,186148,4
20,1,0,31,2,8,694,203030,0
20,0,1,12,2,0,695,205402,2
20,0,0,31,0,8,696,212197,0
20,13,1,29,4,3,697,212240,6
20,22,0,31,0,1,698,212626,7
20,1,0,30,1,3,699,216260,9
20,0,1,23,0,3,700,216416,2
20,13,0,29,4,2,701,221168,7
20,0,1,31,7,9,702,223633,5
20,0,0,24,0,9,703,224041,3
20,1,0,32,7,6,704,224263,6
20,9,0,32,12,3,705,224970,3
20,1,1,21,0,3,706,226167,1
20,1,1,16,0,3,707,226686,4
20,1,0,28,1,3,708,227511,13
20,2,0,31,1,2,709,228082,14
20,13,0,34,11,8,710,228245,3
20,3,1,30,3,8,711,228757,13
20,14,0,28,5,0,712,228859,3
20,11,0,18,1,3,713,231614,0
20,1,0,30,11,7,714,232839,6
20,7,1,24,6,1,715,233520,6
20,3,0,29,1,9,716,234727,6
20,18,0,30,1,1,717,235360,1
20,1,0,31,2,4,718,235899,10
20,2,0,33,1,10,719,236217,7
20,3,0,31,2,8,720,236467,5
20,10,0,15,1,1,721,236533,0
20,0,1,12,0,2,722,236613,0
20,12,0,17,3,0,723,237633,4
20,16,0,27,0,1,724,237708,3
20,4,0,30,1,1,725,238792,10
20,6,0,32,7,2,726,239744,6
20,12,1,28,2,0,727,242965,4
20,3,0,27,11,8,728,242997,3
20,3,0,32,2,4,729,243628,11
20,1,1,14,2,3,730,243801,2
20,11,0,32,3,5,731,246814,8
20,8,0,31,9,4,732,248434,5
20,0,1,14,1,0,733,248765,1
20,0,1,21,0,4,734,250926,3
20,2,0,30,6,2,735,250947,1
20,0,1,31,5,3,736,251281,9
20,0,0,34,0,9,737,251292,1
20,0,0,25,0,9,738,251320,5
20,1,1,30,2,4,739,251429,10
20,13,0,34,6,3,740,251961,3
20,9,0,33,7,2,741,252073,4
20,1,0,27,7,0,742,252903,4
20,14,0,32,2,0,743,255036,4
20,5,1,12,2,0,744,255839,2
20,10,0,25,6,0,745,256564,4
20,8,0,32,12,5,746,256674,3
20,0,1,30,0,3,747,256780,13
20,3,0,31,0,8,748,256942,4
20,0,0,21,2,2,749,259299,9
20,0,0,33,0,9,750,260978,0
20,1,1,11,0,0,751,262005,0
20,4,1,26,2,5,752,262119,10
20,0,0,33,2,11,753,262591,10
20,8,0,32,6,3,754,262604,4
20,2,0,33,5,10,755,262669,7
20,10,0,24,1,0,756,262800,9
20,3,1,22,2,0,757,263056,3
20,1,0,33,1,4,758,263575,9
20,3,0,25,3,3,759,264194,11
20,1,1,21,2,3,760,264589,3
20,18,0,33,8,7,761,265577,5
20,1,0,21,3,5,762,266000,8
20,2,1,17,1,1,763,266011,0
20,3,1,32,9,6,764,266422,6
20,0,0,25,1,8,765,266438,9
20,19,1,33,4,6,766,269264,2
20,0,0,34,0,13,767,269301,2
20,3,0,34,7,13,768,269302,4
20,1,1,20,2,0,769,269566,3
20,3,1,31,3,8,770,269962,9
20,3,0,32,10,8,771,270013,1
20,12,0,29,0,0,772,273771,3
20,0,1,5,0,0,773,273904,1
20,12,1,23,2,4,774,274699,4
20,0,1,9,0,0,775,275274,0
20,1,0,27,2,5,776,276287,10
20,1,1,20,0,2,777,276367,5
20,3,0,31,7,0,778,276583,5
20,11,0,34,1,3,779,276660,4
20,1,1,22,0,5,780,277877,3
20,3,1,33,5,11,781,278228,4
20,1,1,12,1,0,782,278728,1
31,1,1,17,0,1,783,70824,3
31,0,0,33,0,13,784,177683,0
31,10,0,30,1,0,785,189505,2
31,14,0,36,10,1,786,192505,4
31,0,0,35,1,11,787,193080,1
31,0,0,29,0,10,788,201299,1
31,5,0,29,6,1,789,208128,5
31,4,0,30,2,8,790,208268,8
31,4,0,36,4,12,791,208461,5
31,2,2,32,0,4,792,210413,4
31,0,1,11,3,1,793,210864,0
31,0,0,33,6,3,794,211147,6
31,0,0,37,3,8,795,214658,9
31,0,0,37,0,12,796,215698,2
31,1,0,30,1,3,797,216145,12
31,3,0,37,2,18,798,217870,6
31,0,0,36,4,3,799,219952,10
31,1,2,27,0,0,800,220018,3
31,1,1,28,0,2,801,220475,8
31,8,0,34,6,2,802,220502,10
31,2,0,38,1,13,803,220651,1
31,2,0,36,2,10,804,222077,9
31,1,1,28,3,6,805,222148,10
31,1,1,32,0,7,806,223524,10
31,3,0,33,6,4,807,224232,4
31,0,0,34,0,16,808,225116,0
31,9,0,36,3,6,809,226093,3
31,4,0,33,7,2,810,226268,3
31,0,2,31,1,5,811,227222,3
31,6,0,35,4,11,812,227236,5
31,11,0,34,9,3,813,227796,1
31,14,0,32,4,5,814,228093,1
31,2,0,37,0,14,815,229582,8
31,0,1,8,0,0,816,229668,0
31,1,0,35,3,1,817,230824,10
31,0,0,38,0,16,818,230872,1
31,15,0,31,5,2,819,230899,4
31,0,1,32,1,10,820,231207,8
31,12,0,31,3,4,821,231478,1
31,15,0,30,4,3,822,233556,2
31,0,0,33,0,14,823,235840,0
31,10,0,36,1,6,824,235842,4
31,0,0,36,8,10,825,236295,5
31,0,0,38,1,16,826,236403,2
31,19,0,32,3,3,827,236610,6
31,12,0,34,4,16,828,237238,3
31,10,1,29,3,3,829,237712,8
31,0,1,20,0,2,830,238370,1
31,0,0,38,7,6,831,240100,3
31,10,1,37,4,10,832,240638,2
31,0,1,31,6,7,833,240915,4
31,8,0,34,8,3,834,241721,5
31,25,0,36,8,2,835,241850,2
31,1,1,19,2,6,836,242238,1
31,12,0,32,2,2,837,242458,0
31,1,0,22,0,10,838,243241,2
31,4,1,26,6,1,839,243627,1
31,1,1,34,0,8,840,244238,11
31,1,0,38,3,18,841,244263,2
31,3,0,36,0,9,842,244349,9
31,5,1,14,2,0,843,245152,3
31,1,0,35,6,6,844,245630,5
31,9,0,35,3,1,845,246242,2
31,10,0,29,4,7,846,246430,3
31,0,0,35,9,8,847,247229,3
31,10,0,37,1,1,848,248385,6
31,0,1,14,1,0,849,251335,1
31,7,0,36,7,0,850,251470,1
31,0,1,23,8,1,851,251530,2
31,2,2,21,2,3,852,252060,4
31,0,0,34,0,13,853,252154,1
31,0,0,33,3,3,854,255001,13
31,0,1,8,0,0,855,258505,1
31,2,0,35,6,6,856,258714,1
31,1,2,12,0,2,857,258972,2
31,0,0,30,0,10,858,260697,10
31,0,0,35,1,11,859,262394,1
31,2,0,32,0,9,860,265650,10
31,5,0,27,5,3,861,265695,3
31,2,1,10,0,0,862,267593,1
31,0,1,14,0,3,863,267681,3
31,12,0,33,1,0,864,268474,10
31,2,0,34,0,8,865,269181,10
31,1,0,35,0,1,866,271477,9
31,0,1,3,0,0,867,271882,1
31,1,1,15,0,0,868,273936,1
31,0,2,28,2,3,869,275163,4
31,11,0,37,5,3,870,277839,6
31,6,0,35,8,3,871,277846,6
31,0,1,4,0,0,872,278237,0
31,0,1,18,0,1,873,278319,0
32,2,0,34,0,1,874,72850,12
32,11,0,35,1,2,875,72852,3
32,0,0,36,3,8,876,73989,11
32,0,1,32,1,3,877,74150,9
32,0,1,5,0,0,878,75448,0
32,9,0,35,2,1,879,185144,1
32,0,2,17,0,1,880,185172,0
32,1,0,33,2,11,881,193333,11
32,1,0,30,6,9,882,202489,8
32,1,0,34,2,8,883,203782,14
32,3,1,16,0,2,884,204077,4
32,0,0,41,0,14,885,205530,2
32,10,0,31,4,1,886,207471,7
32,3,0,36,0,10,887,208146,11
32,17,0,38,1,8,888,209613,7
32,6,0,29,13,4,889,210935,4
32,4,1,14,0,0,890,211302,1
32,1,0,29,6,1,891,213814,3
32,0,0,34,6,11,892,214622,3
32,0,1,4,0,0,893,216799,0
32,5,0,39,14,0,894,217338,5
32,0,0,37,0,10,895,219584,3
32,0,1,11,2,4,896,219852,2
32,9,0,15,3,2,897,220165,0
32,7,0,35,6,1,898,222959,2
32,10,0,38,1,0,899,224508,3
32,9,1,35,10,2,900,224982,11
32,0,1,29,0,3,901,225995,9
32,1,2,22,1,6,902,226260,2
32,3,0,34,7,0,903,228882,6
32,0,0,36,2,8,904,229456,10
32,0,0,37,0,12,905,231073,5
32,1,0,32,3,1,906,231428,9
32,6,2,32,1,4,907,232439,7
32,2,2,33,0,3,908,233884,4
32,2,0,36,1,10,909,235292,6
32,1,0,33,0,12,910,235916,7
32,0,2,32,1,1,911,235942,7
32,0,0,41,1,13,912,237127,5
32,10,0,37,2,2,913,237391,3
32,8,0,35,7,1,914,237502,6
32,4,3,36,2,7,915,237613,2
32,0,0,24,0,12,916,239573,0
32,2,0,38,1,15,917,239998,8
32,1,0,38,2,13,918,240282,8
32,0,1,11,1,0,919,240661,1
32,13,0,26,3,1,920,240797,0
32,0,0,30,1,5,921,240798,11
32,10,0,31,3,1,922,241628,1
32,0,1,36,0,12,923,242264,3
32,4,0,34,0,5,924,242411,11
32,3,1,36,1,15,925,243185,6
32,9,0,32,3,2,926,243200,3
32,18,0,33,5,3,927,243593,8
32,0,1,15,0,1,928,244190,3
32,0,0,36,0,11,929,244274,1
32,1,2,30,0,11,930,244576,9
32,3,1,18,2,0,931,244626,5
32,1,0,36,8,3,932,244874,2
32,1,0,32,0,7,933,248199,9
32,0,0,27,0,11,934,251136,1
32,3,0,37,8,4,935,251603,3
32,2,1,35,4,5,936,251769,10
32,3,0,34,8,8,937,251951,9
32,8,0,33,0,1,938,251953,6
32,7,0,36,10,12,939,252290,6
32,9,0,34,2,0,940,253019,8
32,1,1,9,1,1,941,253120,2
32,8,0,39,5,11,942,254094,5
32,2,1,29,5,4,943,255580,3
32,8,1,32,3,3,944,256778,3
32,0,2,27,0,5,945,258464,4
32,17,0,36,2,1,946,259107,6
32,8,0,36,2,1,947,259331,4
32,1,0,23,5,0,948,264372,2
32,4,1,18,6,0,949,265761,4
32,4,0,34,3,11,950,268462,4
32,2,0,35,7,1,951,268704,4
32,5,0,37,8,6,952,268759,3
32,2,1,28,2,0,953,270614,10
32,0,1,17,0,1,954,270655,3
32,2,1,16,1,2,955,271921,3
32,0,1,3,0,0,956,274090,0
32,3,0,35,5,2,957,275162,11
32,5,0,32,5,3,958,276706,10
32,19,0,39,3,4,959,277327,9
32,6,0,35,3,1,960,277665,12
32,1,0,27,1,4,961,279876,9
39,19,0,38,15,8,962,70822,1
39,0,1,12,1,4,963,74063,5
39,0,1,7,0,0,964,74322,1
39,21,0,22,11,3,965,158023,2
39,0,0,37,0,13,966,167948,1
39,21,0,30,9,1,967,176580,6
39,0,1,14,0,0,968,178287,2
39,23,1,30,5,1,969,184111,8
39,2,0,36,5,13,970,189280,7
39,5,0,31,11,4,971,189332,7
39,0,1,33,0,12,972,190569,0
39,2,0,31,5,2,973,192955,10
39,1,1,5,0,0,974,202073,0
39,0,0,34,2,13,975,202814,7
39,1,0,35,0,9,976,203137,10
39,1,1,30,1,9,977,206485,3
39,15,0,34,12,4,978,208919,4
39,8,0,32,8,4,979,210021,5
39,10,0,35,12,7,980,210423,2
39,8,3,29,5,5,981,212404,7
39,0,0,31,3,3,982,212722,9
39,0,1,20,0,1,983,213536,2
39,14,1,30,2,1,984,213620,3
39,17,0,32,6,6,985,217998,7
39,0,1,32,1,10,986,221664,9
39,0,0,24,0,2,987,221860,9
39,1,0,33,0,11,988,222123,4
39,2,1,26,1,7,989,222587,11
39,16,0,30,5,4,990,223816,7
39,1,0,33,0,10,991,224396,6
39,0,0,34,0,11,992,225701,2
39,21,0,36,9,9,993,225951,4
39,14,0,37,4,7,994,226035,4
39,4,0,34,12,0,995,226385,5
39,2,0,37,1,10,996,226807,3
39,1,0,29,1,5,997,227916,9
39,7,0,35,13,2,998,228312,2
39,0,1,34,2,9,999,228321,7
39,15,0,29,15,4,1000,234505,9
39,6,0,37,10,1,1001,234905,2
39,0,1,20,1,2,1002,235425,3
39,0,1,13,1,4,1003,236530,1
39,1,1,13,2,0,1004,236924,4
39,19,1,29,11,3,1005,237034,4
39,1,0,32,9,1,1006,237223,2
39,1,0,28,2,6,1007,237407,10
39,0,1,30,1,7,1008,237469,10
39,11,0,30,10,3,1009,237496,6
39,1,1,33,0,10,1010,237875,6
39,17,0,30,2,4,1011,238277,6
39,1,0,34,10,7,1012,239704,7
39,0,1,2,0,1,1013,239993,0
39,5,0,39,9,1,1014,240744,2
39,14,0,34,8,3,1015,241162,8
39,2,1,11,3,0,1016,241985,2
39,1,1,33,1,5,1017,242214,14
39,2,0,25,0,4,1018,242533,11
39,1,0,30,4,2,1019,242542,9
39,1,1,33,0,11,1020,242648,1
39,17,0,33,12,5,1021,242816,10
39,16,0,34,2,4,1022,243456,5
39,16,0,30,3,2,1023,244797,6
39,2,1,25,2,4,1024,246300,9
39,0,1,17,0,1,1025,246354,6
39,0,1,21,1,0,1026,247125,3
39,1,2,33,1,7,1027,247459,4
39,0,0,24,0,2,1028,247648,9
39,1,1,17,3,0,1029,248281,2
39,21,0,33,6,1,1030,251105,2
39,0,0,29,2,6,1031,255824,9
39,0,0,14,8,1,1032,256044,1
39,1,0,35,1,7,1033,259874,12
39,1,0,26,4,1,1034,261245,9
39,1,0,35,0,13,1035,262597,4
39,1,2,33,7,4,1036,264157,5
39,3,1,27,3,2,1037,264390,9
39,0,0,37,0,13,1038,266282,5
39,0,0,33,0,9,1039,266382,1
39,0,0,29,0,10,1040,266389,3
39,3,1,37,1,13,1041,267995,7
39,17,0,30,3,0,1042,268715,1
39,8,0,33,8,0,1043,270517,6
39,0,1,8,1,0,1044,271756,1
39,4,1,19,2,0,1045,272317,0
39,0,0,33,0,12,1046,274534,5
39,0,2,30,0,2,1047,274569,12
39,15,0,36,1,0,1048,276619,7
39,2,1,16,0,0,1049,279786,0
41,0,0,2,0,2,1050,70117,1
41,0,0,30,0,13,1051,70118,2
41,6,1,26,3,6,1052,70120,3
41,2,0,30,3,13,1053,70124,2
41,0,0,21,1,7,1054,70693,6
41,5,0,28,5,0,1055,70801,5
41,1,1,18,0,1,1056,70918,5
41,1,1,30,1,6,1057,71292,3
41,1,0,26,0,9,1058,71864,3
41,1,0,3,0,0,1059,72013,0
41,1,0,15,0,3,1060,72062,5
41,12,0,23,4,0,1061,153048,0
41,2,0,27,0,10,1062,177279,3
41,0,0,28,5,5,1063,197391,4
41,1,0,20,5,5,1064,198599,1
41,2,0,30,1,9,1065,203363,1
41,10,0,28,15,4,1066,205214,5
41,4,0,30,6,9,1067,205291,3
41,0,0,29,3,11,1068,207502,2
41,0,0,28,0,9,1069,207633,3
41,0,0,30,0,11,1070,208573,1
41,6,1,28,1,1,1071,209264,0
41,1,2,25,1,7,1072,210695,3
41,0,0,30,0,9,1073,211021,1
41,1,0,27,3,3,1074,212040,8
41,1,0,24,5,3,1075,214650,0
41,7,0,27,1,1,1076,215195,1
41,2,1,15,1,6,1077,221552,2
41,12,0,27,3,2,1078,222168,5
41,9,0,29,2,11,1079,222227,4
41,0,0,30,0,12,1080,222389,2
41,2,1,25,3,8,1081,228238,4
41,9,0,29,8,3,1082,233379,4
41,8,0,28,5,5,1083,233848,3
41,0,1,15,0,3,1084,235532,1
41,3,0,26,6,2,1085,236634,1
41,0,0,16,5,0,1086,236750,0
41,3,0,27,0,2,1087,236877,5
41,3,0,27,6,5,1088,237937,3
41,10,0,11,2,1,1089,238236,3
41,3,0,26,5,6,1090,239175,4
41,1,0,22,2,3,1091,239960,7
41,3,0,19,3,3,1092,241726,6
41,4,0,26,9,4,1093,242162,5
41,12,0,23,1,1,1094,243203,1
41,1,0,27,0,8,1095,243347,5
41,0,0,22,3,9,1096,244056,0
41,1,0,28,5,4,1097,246063,4
41,0,2,23,0,1,1098,246911,2
41,1,1,22,1,2,1099,246954,3
41,1,1,23,1,4,1100,247376,2
41,0,1,29,0,8,1101,247611,3
41,0,0,1,0,1,1102,248283,1
41,0,0,26,0,9,1103,248855,6
41,0,0,29,0,12,1104,251905,5
41,0,0,27,1,3,1105,253010,7
41,8,0,23,4,3,1106,253152,2
41,11,0,29,1,1,1107,253441,3
41,5,0,30,1,10,1108,254084,4
41,0,0,28,5,6,1109,254142,5
41,5,0,28,5,1,1110,254307,4
41,0,0,26,2,7,1111,256384,6
41,1,0,24,0,10,1112,256396,5
41,1,0,15,1,1,1113,256398,6
41,8,0,15,2,5,1114,256949,1
41,3,0,25,7,3,1115,258892,1
41,10,0,23,2,0,1116,260567,3
41,0,0,2,0,0,1117,260616,1
41,0,0,29,7,7,1118,262173,4
41,9,0,28,3,6,1119,262732,4
41,10,1,28,4,3,1120,266731,3
41,14,0,28,5,8,1121,267685,7
41,1,0,28,0,9,1122,267690,4
41,8,0,28,7,6,1123,268737,2
41,8,0,29,0,4,1124,268738,2
41,5,0,26,1,3,1125,269414,7
41,5,0,26,0,3,1126,271993,5
41,3,0,26,4,0,1127,273978,6
41,1,1,25,2,0,1128,277238,2
41,8,0,18,0,0,1129,277309,3
41,2,2,25,1,3,1130,277771,7
41,0,1,5,0,0,1131,279217,0
41,10,0,27,6,5,1132,279711,2
41,1,0,26,0,8,1133,279714,4
50,0,0,33,0,8,1134,53110,1
50,12,0,33,1,0,1135,73449,2
50,2,0,35,3,8,1136,73470,9
50,4,0,28,5,0,1137,74864,2
50,0,0,32,0,19,1138,163587,0
50,4,0,33,8,11,1139,195479,4
50,3,0,38,2,3,1140,199146,8
50,1,0,36,3,6,1141,200302,9
50,1,0,23,5,1,1142,200630,0
50,2,1,16,0,0,1143,202771,5
50,0,0,28,1,10,1144,203042,2
50,2,0,27,0,5,1145,208462,8
50,8,0,35,3,14,1146,211093,3
50,0,1,38,3,7,1147,211096,8
50,15,0,36,6,2,1148,211221,7
50,1,0,24,0,10,1149,212516,1
50,1,0,29,1,3,1150,213570,7
50,1,2,29,1,2,1151,214641,2
50,2,2,28,2,6,1152,214682,5
50,1,2,25,2,2,1153,215820,4
50,8,0,32,8,2,1154,216218,7
50,12,0,33,4,4,1155,216860,3
50,3,1,31,1,2,1156,219177,4
50,0,0,26,1,4,1157,221552,9
50,18,0,35,2,2,1158,222262,3
50,3,1,33,7,1,1159,223871,7
50,11,0,32,5,4,1160,225317,4
50,4,0,25,6,0,1161,225872,4
50,0,0,28,7,10,1162,226508,5
50,4,1,24,5,2,1163,226568,5
50,16,0,38,3,1,1164,227758,9
50,1,0,30,0,15,1165,228174,0
50,0,0,36,0,12,1166,228369,3
50,0,1,25,1,0,1167,231863,3
50,2,0,33,5,10,1168,232212,11
50,8,1,31,2,0,1169,232642,7
50,1,1,27,1,3,1170,232668,3
50,12,0,36,0,0,1171,233865,4
50,1,0,22,1,10,1172,235755,2
50,15,0,35,2,5,1173,236528,1
50,0,1,8,0,0,1174,236626,0
50,3,2,33,2,6,1175,237470,4
50,4,0,33,10,7,1176,239810,8
50,13,0,32,9,1,1177,239977,5
50,0,1,4,0,0,1178,240653,0
50,0,0,29,4,8,1179,241244,4
50,0,0,35,4,12,1180,241875,12
50,0,1,6,0,0,1181,243167,1
50,5,0,29,7,2,1182,243842,2
50,13,0,35,0,1,1183,244288,1
50,11,0,30,1,1,1184,245174,1
50,10,0,22,3,3,1185,245538,0
50,0,0,29,1,8,1186,246006,9
50,16,0,34,10,8,1187,246321,3
50,0,1,33,0,1,1188,246872,7
50,2,0,26,3,14,1189,246991,2
50,2,0,30,1,3,1190,247185,11
50,1,0,36,1,8,1191,247528,5
50,10,0,37,4,1,1192,255742,2
50,4,1,36,7,6,1193,255928,6
50,4,0,32,10,12,1194,256107,3
50,1,1,22,1,3,1195,257487,3
50,3,0,38,6,0,1196,257699,1
50,4,0,35,1,4,1197,261300,9
50,0,0,37,1,8,1198,261512,2
50,9,0,33,5,2,1199,262361,2
50,8,0,36,8,2,1200,262525,0
50,0,1,10,1,0,1201,263906,2
50,9,0,34,6,4,1202,272874,2
50,0,1,20,1,1,1203,273692,3
50,2,0,32,8,2,1204,275522,5
50,1,2,32,0,5,1205,277288,5
50,0,1,20,0,3,1206,277289,7
50,3,0,31,2,4,1207,278030,7
50,5,1,24,2,0,1208,278600,1
50,8,0,35,1,1,1209,278602,1
50,1,1,12,0,3,1210,279117,0
53,4,1,31,2,1,1211,69967,10
53,4,2,33,6,3,1212,73374,6
53,0,0,30,2,9,1213,183512,5
53,11,0,32,2,0,1214,186537,4
53,21,0,38,4,1,1215,188335,4
53,27,0,34,2,4,1216,188545,1
53,0,0,30,0,11,1217,192119,1
53,10,1,30,5,1,1218,192629,4
53,3,2,31,0,7,1219,192638,9
53,13,1,35,0,3,1220,192678,3
53,0,1,0,0,0,1221,194730,0
53,8,0,38,7,2,1222,194765,2
53,9,0,22,8,2,1223,197781,5
53,4,0,37,7,0,1224,198451,5
53,0,0,36,0,15,1225,200389,0
53,0,0,29,0,11,1226,205452,3
53,3,0,35,0,9,1227,208137,10
53,19,0,30,2,1,1228,215590,4
53,6,0,35,8,8,1229,216201,1
53,0,0,27,1,9,1230,216460,5
53,20,0,35,2,1,1231,216549,4
53,0,1,31,0,8,1232,217940,10
53,3,0,34,6,0,1233,220031,3
53,0,1,33,3,9,1234,220414,9
53,2,0,23,1,10,1235,220440,9
53,0,0,30,0,0,1236,223578,9
53,7,2,29,2,1,1237,223710,1
53,2,1,22,1,1,1238,223790,1
53,11,0,37,3,0,1239,224179,2
53,6,0,36,7,3,1240,225201,5
53,0,1,12,0,0,1241,225508,2
53,3,0,28,6,2,1242,226110,3
53,2,1,33,4,10,1243,226161,0
53,0,1,22,0,1,1244,226221,2
53,0,0,36,0,13,1245,227127,0
53,0,0,32,0,10,1246,227290,0
53,2,1,19,0,0,1247,228520,5
53,0,1,14,1,3,1248,228618,1
53,0,0,21,0,10,1249,230869,0
53,11,1,38,2,3,1250,231416,3
53,31,1,34,3,5,1251,231747,3
53,0,1,14,0,0,1252,232008,1
53,10,0,35,0,4,1253,232665,10
53,18,0,36,9,7,1254,233419,4
53,1,0,27,0,12,1255,233486,8
53,4,1,29,3,3,1256,234060,10
53,0,1,12,0,0,1257,234426,3
53,0,1,6,0,1,1258,234790,1
53,1,2,22,0,4,1259,234835,2
53,1,0,30,1,4,1260,237626,14
53,11,1,30,8,4,1261,238794,8
53,6,0,36,4,11,1262,239053,4
53,0,1,19,0,2,1263,240859,6
53,2,0,34,1,8,1264,240953,11
53,10,1,27,6,0,1265,241461,1
53,8,0,29,6,0,1266,241463,6
53,0,0,32,0,10,1267,241637,5
53,4,2,34,0,1,1268,241707,4
53,11,0,31,2,2,1269,243032,5
53,1,0,35,3,7,1270,243976,11
53,10,0,25,3,0,1271,244260,1
53,0,0,30,1,2,1272,244407,13
53,12,0,35,4,3,1273,244622,7
53,15,0,29,1,1,1274,244675,2
53,3,0,35,0,5,1275,245426,10
53,0,0,29,1,5,1276,245628,13
53,17,0,37,4,4,1277,246191,5
53,2,0,36,1,12,1278,248148,6
53,4,0,32,0,12,1279,248550,3
53,4,0,33,1,4,1280,250858,12
53,0,0,30,0,3,1281,251337,12
53,10,0,24,3,0,1282,252037,7
53,2,0,28,0,3,1283,252064,10
53,9,1,31,8,4,1284,252371,5
53,0,1,6,0,2,1285,252961,1
53,2,0,33,6,1,1286,253396,3
53,7,0,32,9,5,1287,257279,9
53,2,0,37,0,10,1288,259066,5
53,4,0,34,7,1,1289,259377,11
53,4,1,34,6,4,1290,259694,6
53,1,2,27,0,2,1291,261530,7
53,0,0,36,2,7,1292,261654,10
53,1,0,35,7,3,1293,262402,11
53,0,1,14,0,5,1294,263880,1
53,0,0,35,0,9,1295,264172,11
53,0,1,19,0,1,1296,268414,1
53,1,0,27,6,1,1297,271916,4
53,0,3,30,1,1,1298,274555,6
53,11,0,35,4,2,1299,276295,4
53,9,0,35,13,10,1300,277643,3
54,10,1,39,1,1,1301,73408,8
54,4,0,36,2,5,1302,73412,10
54,5,0,40,11,5,1303,73413,13
54,6,0,32,11,2,1304,73505,7
54,4,0,46,2,15,1305,74091,4
54,15,0,44,3,1,1306,74317,4
54,0,0,46,0,17,1307,186680,4
54,6,2,35,1,6,1308,190199,13
54,0,1,16,1,2,1309,196935,6
54,3,1,11,0,1,1310,198731,2
54,2,2,36,1,11,1311,200519,10
54,10,0,39,5,1,1312,205976,2
54,0,0,38,0,16,1313,207935,0
54,0,0,14,6,0,1314,212830,1
54,0,1,14,1,1,1315,214639,2
54,11,0,42,4,0,1316,216475,4
54,2,0,45,3,15,1317,219180,9
54,0,0,42,0,14,1318,219637,0
54,0,1,27,1,12,1319,219796,2
54,0,2,39,0,8,1320,219836,0
54,0,0,45,0,16,1321,220383,3
54,0,0,30,1,10,1322,220638,12
54,10,0,33,5,4,1323,222041,3
54,3,0,33,0,12,1324,222598,5
54,12,0,35,1,0,1325,224428,3
54,0,1,18,0,6,1326,224981,4
54,0,1,36,0,12,1327,225868,1
54,0,1,9,0,1,1328,228456,0
54,0,1,22,0,4,1329,229628,12
54,4,0,32,10,0,1330,229667,5
54,3,0,29,1,2,1331,229788,10
54,10,1,35,6,3,1332,231640,7
54,4,0,43,3,11,1333,232770,11
54,0,1,17,1,0,1334,233222,3
54,11,1,37,4,5,1335,233231,5
54,0,0,41,0,16,1336,235312,2
54,9,1,34,6,3,1337,235988,5
54,1,1,9,0,0,1338,236890,0
54,13,0,37,4,3,1339,240047,2
54,0,0,36,6,0,1340,241588,7
54,11,0,37,4,0,1341,241591,4
54,0,2,28,0,6,1342,243155,2
54,4,1,14,1,0,1343,243315,1
54,4,1,42,10,3,1344,243792,9
54,0,1,18,0,2,1345,244135,2
54,6,0,34,6,9,1346,244197,12
54,1,1,14,0,1,1347,245157,1
54,27,0,41,8,8,1348,245158,9
54,2,1,32,1,6,1349,245290,10
54,17,0,43,18,3,1350,246044,9
54,1,1,37,1,7,1351,246097,11
54,10,0,24,2,0,1352,251922,5
54,10,0,41,2,0,1353,252590,8
54,0,0,39,0,13,1354,254786,11
54,3,1,16,3,1,1355,254860,2
54,0,0,35,0,13,1356,257027,2
54,6,1,33,8,8,1357,257866,8
54,2,0,39,3,14,1358,258684,10
54,0,0,35,6,3,1359,258766,8
54,3,0,40,1,12,1360,259173,7
54,1,0,38,3,6,1361,259190,20
54,14,0,18,1,0,1362,261204,3
54,0,0,40,2,17,1363,261264,3
54,1,0,35,0,4,1364,262260,11
54,1,0,41,1,14,1365,262423,7
54,2,0,41,3,8,1366,262501,11
54,2,1,32,1,7,1367,263178,10
54,4,0,44,0,15,1368,263393,6
54,0,0,33,0,7,1369,263670,10
54,8,0,37,9,6,1370,263883,6
54,0,1,11,0,0,1371,264092,2
54,15,0,39,5,2,1372,264492,2
54,1,0,31,1,8,1373,264736,14
54,2,1,34,7,5,1374,265671,7
54,5,0,37,5,1,1375,265732,11
54,2,1,16,1,3,1376,267717,2
54,11,0,38,2,3,1377,269306,4
54,13,0,40,1,0,1378,269639,6
54,1,1,41,8,10,1379,270338,3
54,21,0,44,8,14,1380,273748,5
54,7,0,42,11,5,1381,274209,4
54,0,0,27,0,4,1382,274486,10
54,7,1,36,11,6,1383,275986,9
54,2,0,37,5,12,1384,276745,4
54,14,0,44,4,5,1385,276895,5
54,2,1,38,8,4,1386,277069,2
54,0,0,38,5,9,1387,277519,12
54,0,1,12,0,0,1388,278126,1
54,1,2,21,0,2,1389,278630,5
54,3,0,43,5,13,1390,279026,9
54,0,2,10,0,0,1391,279926,0
56,0,0,25,7,2,1392,70107,1
56,0,0,30,1,9,1393,70108,2
56,2,0,25,3,6,1394,70111,7
56,8,0,26,3,0,1395,70114,12
56,3,0,30,9,8,1396,70129,3
56,3,1,22,1,6,1397,70160,2
56,2,1,22,0,0,1398,70331,4
56,8,0,23,3,2,1399,71418,3
56,1,0,15,0,1,1400,73257,6
56,0,0,20,0,10,1401,164484,3
56,0,0,28,0,9,1402,192129,2
56,0,0,24,1,11,1403,193133,4
56,1,0,26,0,12,1404,194201,2
56,10,0,28,6,8,1405,197240,0
56,2,0,24,3,0,1406,201967,5
56,11,0,25,1,3,1407,202905,2
56,6,1,22,4,0,1408,204850,2
56,0,0,1,0,0,1409,207589,1
56,7,0,29,5,4,1410,209061,1
56,2,0,24,1,5,1411,209063,7
56,0,1,26,2,1,1412,210688,0
56,0,0,22,0,5,1413,213497,6
56,6,0,28,4,5,1414,213613,7
56,12,0,29,1,1,1415,215817,5
56,3,0,27,2,10,1416,219951,4
56,0,0,27,2,2,1417,220600,6
56,1,0,2,0,0,1418,220649,0
56,5,0,27,7,0,1419,221919,0
56,0,0,12,0,0,1420,222328,5
56,0,0,15,0,10,1421,222900,0
56,0,1,15,0,2,1422,225026,1
56,1,2,26,4,5,1423,225273,2
56,0,0,25,0,9,1424,226583,1
56,4,0,29,2,8,1425,227835,5
56,1,0,28,2,4,1426,227837,7
56,3,0,27,0,3,1427,227855,10
56,3,0,26,9,2,1428,234488,4
56,0,0,23,1,9,1429,236662,2
56,4,0,29,5,4,1430,237140,4
56,12,0,30,6,4,1431,239125,1
56,4,0,28,3,12,1432,241538,7
56,0,1,14,0,0,1433,243125,2
56,2,0,18,6,2,1434,243795,2
56,10,0,29,1,0,1435,246151,4
56,2,1,10,1,1,1436,246946,1
56,5,0,26,6,3,1437,247025,4
56,2,0,28,6,11,1438,248166,4
56,8,0,26,1,2,1439,253013,3
56,7,0,19,4,0,1440,253980,5
56,0,0,3,0,0,1441,254282,1
56,7,0,22,3,2,1442,256326,2
56,6,0,17,9,2,1443,256782,1
56,0,0,2,0,0,1444,256819,1
56,2,0,27,0,9,1445,258517,5
56,5,0,17,6,1,1446,259131,0
56,0,0,3,0,0,1447,259918,1
56,2,1,28,0,4,1448,259990,5
56,9,0,29,3,3,1449,260193,2
56,0,1,21,0,8,1450,260194,3
56,1,0,28,7,3,1451,260972,4
56,5,1,27,4,0,1452,261031,3
56,2,0,22,1,8,1453,262224,2
56,2,0,25,5,2,1454,262645,0
56,7,0,29,3,2,1455,263364,4
56,11,0,27,4,3,1456,263775,1
56,1,0,28,1,8,1457,265999,5
56,2,0,29,0,8,1458,266173,1
56,0,0,17,0,10,1459,266337,3
56,0,0,12,1,1,1460,266606,5
56,8,0,23,2,4,1461,268597,1
56,7,0,29,2,0,1462,270535,2
56,0,0,27,4,1,1463,270538,6
56,1,1,23,2,3,1464,271645,4
56,0,1,16,1,3,1465,272304,4
56,7,0,29,6,5,1466,272712,2
56,16,0,29,3,2,1467,272916,3
56,1,0,17,0,4,1468,272930,5
56,10,0,25,2,2,1469,272931,1
56,1,0,26,6,7,1470,273694,5
56,0,0,29,7,4,1471,273952,6
56,4,0,30,5,1,1472,274133,3
56,6,0,20,6,5,1473,274270,0
56,0,1,8,0,0,1474,275011,0
56,5,0,20,0,0,1475,276189,8
56,5,0,24,0,1,1476,276567,7
56,3,1,27,2,4,1477,277807,7
60,1,1,11,0,0,1478,70228,0
60,0,1,11,1,1,1479,70984,1
60,19,0,44,1,2,1480,187157,3
60,11,1,40,1,1,1481,195126,5
60,1,1,20,0,1,1482,196953,4
60,5,1,23,2,3,1483,198011,2
60,4,0,42,7,16,1484,198489,11
60,0,0,38,1,20,1485,199812,5
60,3,0,44,1,17,1486,200731,10
60,1,1,19,0,7,1487,203749,2
60,10,0,40,5,5,1488,206089,12
60,2,1,40,2,11,1489,206562,10
60,1,0,35,1,20,1490,213017,3
60,4,0,42,5,9,1491,213105,11
60,11,1,41,8,1,1492,213699,0
60,1,0,34,1,5,1493,215211,13
60,3,0,39,0,20,1494,215301,8
60,0,1,43,1,16,1495,218576,7
60,1,1,22,1,0,1496,222654,1
60,9,1,36,7,4,1497,224225,2
60,12,0,45,4,4,1498,225509,5
60,1,0,44,0,18,1499,225589,6
60,1,0,42,5,16,1500,225769,10
60,0,1,7,0,0,1501,225873,0
60,3,2,39,4,9,1502,228106,10
60,1,0,46,8,8,1503,228153,4
60,6,0,47,3,22,1504,228366,3
60,7,0,44,8,3,1505,228382,4
60,1,1,42,7,6,1506,229073,5
60,2,2,17,2,4,1507,229378,3
60,0,0,31,0,15,1508,231681,0
60,11,0,37,2,2,1509,233565,2
60,0,0,41,7,6,1510,234242,8
60,18,0,43,2,4,1511,235247,9
60,14,0,43,5,6,1512,235742,4
60,6,1,38,7,6,1513,235807,3
60,18,0,45,7,4,1514,236487,3
60,4,0,39,7,2,1515,237005,7
60,2,0,40,9,9,1516,237036,1
60,16,0,44,8,0,1517,237332,3
60,6,0,41,3,2,1518,239799,12
60,1,3,30,0,8,1519,239989,5
60,1,0,47,2,19,1520,240863,11
60,14,0,43,6,10,1521,241428,5
60,1,0,43,3,18,1522,242386,11
60,11,0,40,2,4,1523,242436,6
60,1,0,42,2,17,1524,243589,5
60,6,0,42,7,13,1525,243640,7
60,5,0,36,9,8,1526,245761,3
60,2,0,41,4,2,1527,245988,13
60,1,0,35,1,16,1528,246137,4
60,23,0,49,5,8,1529,246604,4
60,0,0,33,0,19,1530,246671,1
60,0,0,42,0,8,1531,250823,12
60,12,0,27,8,0,1532,251028,0
60,2,1,14,3,0,1533,252268,1
60,11,0,30,2,2,1534,252330,0
60,0,1,16,1,4,1535,253386,3
60,5,0,38,7,4,1536,255049,6
60,19,0,37,3,3,1537,255206,7
60,4,0,38,3,5,1538,255913,11
60,3,0,35,1,3,1539,256442,10
60,4,1,31,1,0,1540,257247,12
60,1,0,39,1,9,1541,258776,10
60,15,0,23,2,1,1542,258932,2
60,0,0,38,0,2,1543,259186,12
60,0,0,39,1,16,1544,259596,5
60,5,2,32,0,3,1545,261390,5
60,7,0,42,2,21,1546,262523,3
60,0,0,46,0,18,1547,263214,4
60,5,2,30,0,1,1548,263304,7
60,3,0,38,0,16,1549,263685,4
60,0,1,5,0,0,1550,263796,0
60,1,0,34,0,9,1551,264437,11
60,1,0,22,3,6,1552,264505,10
60,11,0,43,7,7,1553,265468,3
60,5,0,45,9,11,1554,265789,6
60,2,2,31,3,1,1555,268529,4
60,0,0,37,0,16,1556,268544,1
60,14,0,40,2,0,1557,269329,5
60,0,2,39,0,6,1558,270363,6
60,3,0,33,2,7,1559,270637,11
60,0,1,16,1,3,1560,271668,4
60,0,1,16,0,1,1561,275261,3
60,1,1,18,0,4,1562,276436,3
60,12,0,45,9,2,1563,278105,4
60,8,0,42,10,7,1564,278557,4
60,2,0,33,0,6,1565,279124,15
60,18,0,43,3,5,1566,279857,5
61,1,0,32,0,16,1567,70229,10
61,25,0,45,7,4,1568,72457,8
61,6,0,41,7,3,1569,73754,12
61,17,0,36,3,6,1570,180818,5
61,12,0,22,0,4,1571,192450,5
61,4,0,30,3,4,1572,193608,12
61,12,0,32,3,0,1573,194122,3
61,0,0,41,0,18,1574,194785,8
61,11,0,38,7,8,1575,195427,5
61,1,1,26,1,1,1576,198776,1
61,0,0,46,0,16,1577,200525,3
61,2,1,43,3,15,1578,200806,9
61,0,1,11,0,4,1579,200841,2
61,2,1,31,5,15,1580,203415,4
61,14,0,45,2,6,1581,203500,6
61,16,0,38,3,0,1582,207828,3
61,11,0,42,1,5,1583,208302,9
61,7,1,26,0,1,1584,210244,5
61,12,0,46,1,1,1585,212683,8
61,4,0,45,5,15,1586,213018,9
61,0,0,46,0,21,1587,213407,3
61,1,0,41,5,9,1588,213686,14
61,8,0,42,10,13,1589,216467,3
61,6,1,25,0,0,1590,216795,1
61,0,0,45,0,16,1591,219854,5
61,0,0,43,1,16,1592,220956,8
61,0,0,40,9,2,1593,223977,7
61,3,0,40,5,16,1594,223981,6
61,4,0,36,9,3,1595,224956,4
61,7,1,39,7,4,1596,225772,8
61,11,0,39,3,0,1597,226018,4
61,1,1,9,0,2,1598,226102,0
61,4,0,44,7,11,1599,226172,6
61,2,0,41,7,9,1600,228368,6
61,2,0,33,2,12,1601,228577,11
61,4,0,44,7,16,1602,228642,7
61,17,0,49,3,6,1603,229731,2
61,1,1,44,3,20,1604,230014,12
61,0,1,21,1,4,1605,230149,3
61,3,2,32,4,3,1606,230590,4
61,1,1,17,0,5,1607,232114,1
61,2,0,47,0,16,1608,234261,11
61,0,1,32,1,12,1609,234940,11
61,2,1,17,1,3,1610,235771,2
61,16,1,45,12,4,1611,235915,6
61,15,1,39,3,8,1612,236025,11
61,0,0,45,12,10,1613,236209,9
61,3,0,33,7,1,1614,236248,7
61,11,0,46,4,3,1615,236557,4
61,0,0,34,1,7,1616,238410,10
61,1,1,18,0,0,1617,238958,2
61,1,2,37,0,6,1618,240446,8
61,1,1,20,1,6,1619,240604,4
61,6,1,42,7,2,1620,240813,0
61,0,1,21,0,2,1621,241409,3
61,0,2,28,2,5,1622,242366,2
61,3,0,39,8,5,1623,243845,1
61,9,0,34,7,5,1624,246094,5
61,1,0,39,4,6,1625,246173,12
61,6,0,48,4,22,1626,246789,10
61,10,0,44,2,0,1627,247722,11
61,0,0,39,8,7,1628,247741,8
61,11,1,48,7,15,1629,248328,4
61,2,1,23,2,5,1630,248774,6
61,1,0,45,10,12,1631,250786,4
61,1,0,39,2,16,1632,250994,11
61,1,2,40,4,11,1633,251420,6
61,1,0,33,5,7,1634,251516,14
61,5,0,49,4,21,1635,251819,6
61,0,2,27,0,8,1636,254317,3
61,5,0,46,2,6,1637,255196,11
61,19,1,40,4,5,1638,256738,4
61,6,1,16,1,0,1639,257614,3
61,0,0,44,0,18,1640,257863,4
61,7,2,37,4,2,1641,258627,4
61,0,1,44,8,10,1642,259091,10
61,12,0,22,0,1,1643,260723,4
61,1,1,41,2,13,1644,262079,13
61,9,0,32,5,2,1645,263975,12
61,14,0,37,8,3,1646,266886,5
61,0,0,46,0,16,1647,268583,4
61,3,0,44,8,5,1648,269149,4
61,1,0,42,0,9,1649,270491,12
61,0,1,17,0,0,1650,270933,0
61,15,0,22,5,6,1651,274472,0
61,0,0,49,0,24,1652,276806,3
61,0,0,43,0,15,1653,276944,3
61,2,1,39,0,10,1654,277516,11
61,9,0,36,6,10,1655,278040,12
65,7,0,28,1,0,1656,70520,1
65,4,0,32,4,5,1657,71141,4
65,0,0,3,0,1,1658,73946,0
65,0,0,36,0,16,1659,157407,2
65,4,0,27,3,1,1660,183544,6
65,14,0,36,2,7,1661,183807,1
65,1,0,32,2,9,1662,198497,10
65,8,0,30,2,3,1663,198543,2
65,0,0,33,0,2,1664,198990,8
65,4,0,30,1,4,1665,200134,8
65,9,1,33,3,7,1666,200404,9
65,1,1,33,0,12,1667,202014,8
65,1,0,33,3,11,1668,202731,15
65,3,0,36,3,11,1669,202819,6
65,0,0,33,1,14,1670,203095,13
65,0,1,31,1,12,1671,205139,10
65,5,0,31,5,5,1672,210263,4
65,1,0,34,4,6,1673,227082,8
65,3,0,29,1,5,1674,227288,11
65,0,0,1,0,0,1675,227570,1
65,0,0,35,2,3,1676,227679,8
65,1,0,35,0,15,1677,228108,4
65,7,0,31,3,1,1678,229249,3
65,10,1,27,4,2,1679,230722,6
65,1,0,11,4,0,1680,230847,0
65,0,1,18,0,6,1681,231303,3
65,1,0,31,1,10,1682,233056,10
65,2,1,33,3,6,1683,233375,7
65,2,1,30,2,0,1684,233950,5
65,0,1,10,0,1,1685,235704,1
65,4,0,30,7,4,1686,236364,6
65,0,0,31,1,10,1687,236379,7
65,1,0,26,3,5,1688,236845,0
65,6,0,11,0,1,1689,237863,0
65,0,0,36,0,12,1690,237927,2
65,0,0,4,0,1,1691,238197,0
65,1,1,34,3,9,1692,240473,4
65,9,0,34,3,7,1693,240535,7
65,2,0,30,4,5,1694,241582,3
65,0,0,36,0,13,1695,242229,3
65,2,0,34,1,11,1696,242230,12
65,1,0,26,3,2,1697,242638,2
65,4,1,19,2,2,1698,242984,2
65,4,0,30,4,1,1699,243127,9
65,1,0,35,1,10,1700,243596,13
65,2,0,36,1,11,1701,243637,7
65,6,0,34,12,1,1702,243764,2
65,7,0,32,2,1,1703,244321,4
65,4,0,32,2,10,1704,246079,6
65,1,0,35,1,9,1705,246136,9
65,2,0,31,1,9,1706,246591,15
65,0,0,36,1,16,1707,246987,2
65,2,0,22,3,4,1708,247001,2
65,4,0,35,0,10,1709,248723,7
65,5,0,28,4,3,1710,251219,4
65,0,1,24,0,2,1711,251283,5
65,3,1,13,0,0,1712,251454,2
65,1,0,35,0,5,1713,252754,8
65,4,0,13,3,2,1714,252758,6
65,0,0,33,0,10,1715,253421,3
65,7,0,35,10,5,1716,255621,5
65,1,1,28,2,2,1717,255628,8
65,0,1,9,0,1,1718,259234,1
65,0,2,30,1,6,1719,260881,7
65,13,0,29,2,1,1720,260951,5
65,0,0,19,4,2,1721,261876,3
65,8,0,25,4,4,1722,263840,0
65,0,0,35,2,12,1723,264695,8
65,1,0,22,0,11,1724,266210,0
65,6,0,14,2,2,1725,269954,4
65,0,1,11,1,1,1726,274390,1
65,6,0,31,1,0,1727,276346,3
65,6,0,17,1,0,1728,277532,3
65,0,1,7,0,0,1729,279520,2
66,0,1,23,0,9,1730,70084,1
66,8,0,16,1,1,1731,72589,2
66,1,0,27,2,1,1732,72616,8
66,1,0,27,3,5,1733,74352,9
66,3,1,15,2,0,1734,76839,3
66,1,1,13,0,0,1735,77092,0
66,7,0,33,10,1,1736,177922,3
66,1,0,31,4,6,1737,198046,10
66,0,2,27,1,9,1738,201132,6
66,1,0,28,4,6,1739,203575,8
66,2,0,29,7,0,1740,204078,6
66,21,0,32,5,3,1741,206626,1
66,0,2,25,1,1,1742,208088,5
66,0,0,25,1,9,1743,209417,9
66,0,0,22,0,2,1744,210401,9
66,2,0,32,1,12,1745,213933,6
66,0,2,22,0,3,1746,214884,4
66,9,0,25,1,3,1747,216003,3
66,0,0,34,0,9,1748,216110,2
66,1,0,31,2,8,1749,220616,9
66,8,0,27,7,1,1750,222467,3
66,0,1,17,0,6,1751,223426,2
66,0,0,23,1,8,1752,224062,8
66,16,0,34,6,1,1753,224146,1
66,2,0,26,3,6,1754,224336,7
66,2,1,28,8,8,1755,225996,3
66,0,0,31,3,12,1756,226518,7
66,2,1,32,5,15,1757,227278,7
66,8,0,32,5,0,1758,230046,1
66,10,0,28,2,1,1759,231601,2
66,3,1,30,2,4,1760,235005,7
66,0,0,34,0,14,1761,235304,0
66,5,0,33,1,10,1762,235398,4
66,2,0,28,7,5,1763,235471,1
66,0,0,34,0,14,1764,236330,3
66,2,0,34,7,7,1765,236363,2
66,0,1,16,2,5,1766,236508,2
66,9,0,30,4,3,1767,236692,3
66,0,1,15,2,1,1768,238895,2
66,0,0,34,6,11,1769,239106,3
66,10,0,31,1,1,1770,239267,6
66,0,1,16,0,1,1771,239505,2
66,12,0,31,2,2,1772,240847,2
66,9,0,22,3,0,1773,241921,4
66,4,0,26,6,0,1774,242509,1
66,0,0,34,0,11,1775,242514,1
66,0,0,28,3,7,1776,242629,9
66,8,0,33,5,0,1777,243551,3
66,8,1,33,2,8,1778,243870,5
66,2,0,31,5,2,1779,243949,5
66,16,0,34,4,3,1780,244185,3
66,2,0,29,0,14,1781,245540,8
66,18,0,34,7,5,1782,245582,3
66,2,0,28,0,10,1783,248508,3
66,5,0,30,7,2,1784,250932,2
66,1,1,24,0,8,1785,251760,2
66,1,1,9,0,0,1786,251764,1
66,1,1,12,0,0,1787,252509,0
66,4,0,25,0,5,1788,252913,7
66,8,0,22,3,0,1789,254148,4
66,3,0,29,7,2,1790,254333,4
66,0,2,30,3,11,1791,254822,5
66,4,0,25,8,1,1792,255361,5
66,6,2,31,4,4,1793,255855,3
66,4,0,30,3,1,1794,257473,8
66,2,0,32,7,11,1795,258276,3
66,0,0,34,1,17,1796,258311,1
66,13,0,31,5,1,1797,258698,4
66,3,0,28,2,3,1798,258713,7
66,8,0,30,1,1,1799,260941,3
66,14,0,32,0,2,1800,262314,5
66,1,0,23,3,1,1801,262699,7
66,1,1,26,0,7,1802,263262,2
66,3,0,32,6,1,1803,263303,3
66,2,0,27,5,1,1804,266277,1
66,0,1,7,0,0,1805,266437,0
66,0,0,31,0,10,1806,267994,3
66,2,0,25,1,2,1807,268098,7
66,0,1,19,0,2,1808,269427,3
66,4,0,31,0,6,1809,269616,11
66,1,1,30,2,12,1810,270764,7
66,1,0,20,6,1,1811,271326,1
66,0,1,22,0,3,1812,273855,2
66,0,1,30,0,11,1813,274830,3
66,0,0,26,5,5,1814,275951,0
66,2,0,29,1,0,1815,276395,9
66,1,0,19,2,3,1816,276680,8
66,9,0,18,2,1,1817,276735,2
68,0,1,32,2,3,1818,72888,9
68,0,1,24,0,2,1819,72889,2
68,13,0,29,9,2,1820,73398,5
68,1,0,18,1,8,1821,74295,1
68,1,1,10,0,0,1822,74402,2
68,14,0,35,4,2,1823,180930,1
68,1,0,34,0,12,1824,182494,8
68,0,0,34,0,11,1825,190113,4
68,15,0,30,4,2,1826,192387,4
68,0,0,31,2,10,1827,198657,7
68,8,0,29,1,0,1828,200713,1
68,2,1,25,0,3,1829,204451,3
68,4,1,30,6,2,1830,205678,3
68,0,1,11,2,0,1831,208053,0
68,1,0,27,6,5,1832,208574,5
68,0,0,31,1,13,1833,209232,1
68,3,1,23,2,0,1834,210372,4
68,4,4,29,0,5,1835,211250,3
68,0,1,3,0,2,1836,211908,0
68,1,1,31,1,11,1837,211987,8
68,1,0,27,6,2,1838,212045,3
68,0,1,12,1,3,1839,212138,2
68,0,0,33,8,9,1840,212491,9
68,9,0,16,1,0,1841,212523,3
68,1,2,25,1,2,1842,213064,8
68,19,0,36,2,2,1843,215323,3
68,5,1,34,7,4,1844,215531,7
68,1,1,11,0,0,1845,215785,3
68,12,0,35,5,3,1846,216547,5
68,3,0,29,9,3,1847,216580,8
68,15,0,32,2,3,1848,217007,8
68,2,0,33,8,3,1849,220175,6
68,3,0,31,1,11,1850,220793,7
68,1,0,29,2,7,1851,221000,11
68,1,0,34,0,7,1852,221989,9
68,21,1,33,2,3,1853,223113,6
68,2,0,35,7,7,1854,223134,8
68,0,0,36,0,14,1855,223175,3
68,2,0,26,3,3,1856,224158,9
68,0,0,34,8,7,1857,224885,3
68,8,0,33,7,5,1858,224890,9
68,1,0,33,4,10,1859,225775,5
68,11,0,28,2,0,1860,226295,0
68,0,0,32,0,13,1861,226300,3
68,9,0,34,8,2,1862,226517,5
68,3,0,32,2,11,1863,229905,4
68,1,0,30,2,10,1864,230042,6
68,13,1,29,2,3,1865,230857,5
68,0,0,26,0,8,1866,232144,3
68,26,0,30,5,7,1867,232293,4
68,3,1,33,0,12,1868,233097,9
68,0,0,31,2,9,1869,233465,8
68,10,0,36,5,4,1870,233897,2
68,2,0,27,1,5,1871,234171,10
68,0,3,28,1,4,1872,234226,7
68,4,1,23,2,0,1873,234711,3
68,20,0,34,4,2,1874,235410,4
68,0,0,34,0,10,1875,235931,4
68,3,0,31,12,2,1876,239045,7
68,0,0,34,0,10,1877,239254,5
68,9,0,35,3,4,1878,239747,3
68,7,0,30,10,3,1879,239892,4
68,0,1,21,0,5,1880,240064,8
68,0,0,25,0,9,1881,240856,4
68,0,0,22,0,8,1882,241671,0
68,0,2,15,0,0,1883,242919,1
68,0,1,14,0,3,1884,243549,2
68,10,1,34,4,4,1885,244685,5
68,0,1,27,0,6,1886,245022,9
68,9,0,32,6,4,1887,245762,9
68,9,0,30,3,1,1888,251260,8
68,3,0,33,5,5,1889,254296,10
68,5,0,33,9,0,1890,255109,1
68,0,0,35,8,6,1891,255776,7
68,2,0,32,0,7,1892,258642,12
68,2,0,33,3,8,1893,258777,9
68,2,0,29,4,2,1894,262411,9
68,2,1,19,0,2,1895,263021,7
68,12,0,32,3,3,1896,263205,9
68,5,0,32,4,4,1897,263432,10
68,0,2,30,5,7,1898,263808,8
68,2,1,29,3,0,1899,264485,9
68,5,0,31,10,2,1900,269456,4
68,2,0,31,8,4,1901,270571,4
68,0,1,10,1,0,1902,271368,0
68,6,1,32,7,3,1903,275691,5
68,2,1,18,4,0,1904,276547,4
68,0,0,35,8,4,1905,277217,6
68,0,0,33,1,2,1906,277749,10
68,2,0,33,0,6,1907,279928,10
80,0,1,21,0,4,1908,71350,1
80,1,0,31,1,2,1909,72245,8
80,0,2,22,0,0,1910,72541,4
80,5,0,31,6,0,1911,72542,6
80,1,0,30,3,1,1912,72975,8
80,0,0,22,4,1,1913,73121,1
80,10,0,31,8,0,1914,73288,5
80,12,0,33,2,2,1915,73607,1
80,2,0,24,5,0,1916,73610,0
80,8,0,20,3,0,1917,73952,1
80,0,1,6,0,0,1918,74361,0
80,2,1,25,1,7,1919,74981,6
80,0,0,26,1,5,1920,74992,9
80,0,1,25,2,2,1921,75045,9
80,0,0,29,0,8,1922,189060,8
80,3,0,21,4,0,1923,191783,2
80,4,1,22,1,0,1924,193260,0
80,0,0,32,0,10,1925,193272,1
80,0,1,15,1,1,1926,199215,2
80,1,2,26,0,6,1927,203026,2
80,1,0,27,1,8,1928,209196,6
80,2,1,30,1,8,1929,213301,1
80,2,1,30,3,8,1930,215368,4
80,0,0,21,0,7,1931,215522,3
80,7,0,28,3,4,1932,216582,6
80,1,1,21,0,5,1933,220665,4
80,4,0,30,5,1,1934,221896,5
80,0,1,14,0,1,1935,224267,1
80,2,0,25,4,3,1936,224271,3
80,14,0,31,1,0,1937,226958,6
80,0,0,32,0,8,1938,228562,3
80,1,0,29,1,2,1939,229477,9
80,2,0,28,1,8,1940,229818,8
80,4,0,32,3,8,1941,231840,4
80,0,0,32,0,8,1942,233435,2
80,13,0,29,3,3,1943,235416,4
80,1,0,22,0,8,1944,239090,6
80,0,1,27,3,3,1945,239476,9
80,12,0,30,13,6,1946,242815,11
80,1,0,27,0,6,1947,243442,8
80,1,0,27,2,4,1948,244783,8
80,0,0,21,0,9,1949,244810,1
80,0,1,15,1,0,1950,244940,2
80,12,0,32,3,3,1951,245058,3
80,2,0,31,5,6,1952,247041,3
80,10,0,31,6,1,1953,248356,7
80,1,1,27,3,7,1954,248471,9
80,1,1,24,1,4,1955,250780,3
80,1,0,31,0,9,1956,251167,1
80,11,0,31,3,2,1957,251431,6
80,0,0,22,5,6,1958,252573,1
80,2,1,10,1,5,1959,252873,1
80,7,0,22,2,1,1960,252960,1
80,11,1,30,5,4,1961,256127,0
80,0,1,32,0,10,1962,256938,1
80,0,0,30,0,9,1963,257497,1
80,1,0,24,5,2,1964,258036,3
80,2,1,27,3,5,1965,258601,9
80,0,1,31,1,8,1966,258806,7
80,3,0,28,0,8,1967,259082,7
80,5,0,16,2,0,1968,260020,2
80,13,0,30,4,2,1969,260236,1
80,5,1,21,2,0,1970,261293,2
80,2,0,28,4,2,1971,262383,11
80,2,0,32,2,8,1972,263233,7
80,0,1,11,0,0,1973,263313,3
80,9,0,31,1,4,1974,264247,6
80,2,0,24,0,2,1975,265754,7
80,2,0,29,5,3,1976,268504,3
80,0,1,3,0,0,1977,269855,0
80,4,0,32,8,2,1978,270017,1
80,11,0,16,4,3,1979,270050,2
80,0,0,32,0,8,1980,270996,3
80,0,1,29,0,10,1981,270997,3
80,0,0,19,4,4,1982,271000,5
80,2,2,26,1,2,1983,271002,3
80,6,0,31,0,1,1984,271005,5
80,10,0,30,2,2,1985,271384,9
80,7,0,27,2,0,1986,273652,4
80,10,0,26,5,3,1987,274288,0
80,5,1,18,2,1,1988,274527,1
80,4,0,34,6,4,1989,275638,0
80,2,1,22,0,4,1990,275918,5
80,3,0,22,6,1,1991,275978,1
80,0,1,0,0,0,1992,277445,0
83,3,1,37,1,6,1993,70419,5
83,0,0,25,2,3,1994,70636,6
83,12,0,38,5,5,1995,71106,2
83,0,0,23,4,0,1996,155355,3
83,0,2,28,0,7,1997,184901,6
83,1,1,31,2,4,1998,199236,5
83,6,0,36,3,0,1999,199266,1
83,2,0,21,0,8,2000,201528,3
83,0,0,26,1,7,2001,202968,5
83,0,0,22,1,9,2002,203002,3
83,6,0,26,3,2,2003,207494,4
83,1,0,22,0,1,2004,208063,5
83,0,1,26,0,1,2005,208073,3
83,0,0,35,1,9,2006,210941,1
83,0,0,23,1,7,2007,211635,3
83,4,1,28,2,0,2008,211786,1
83,0,0,38,0,14,2009,212432,3
83,0,1,18,0,5,2010,212439,4
83,10,1,33,4,5,2011,213189,1
83,0,2,20,3,3,2012,213317,2
83,0,1,36,0,8,2013,221759,1
83,3,0,34,2,2,2014,221767,6
83,0,0,28,3,11,2015,222052,3
83,1,0,25,0,5,2016,222582,5
83,1,0,35,3,12,2017,222734,4
83,11,0,30,9,4,2018,225733,3
83,0,0,14,0,0,2019,226651,5
83,0,1,8,0,0,2020,228191,0
83,1,0,25,1,4,2021,228461,6
83,6,0,27,1,1,2022,228534,0
83,4,0,38,2,8,2023,229343,2
83,6,0,29,3,1,2024,229694,1
83,0,0,30,0,1,2025,231942,6
83,2,0,12,5,0,2026,232000,1
83,0,0,31,0,9,2027,232065,0
83,2,0,28,4,3,2028,232857,4
83,4,0,33,0,10,2029,232865,4
83,5,0,29,4,1,2030,233011,2
83,5,0,28,8,1,2031,233018,1
83,2,1,10,0,0,2032,233214,0
83,13,0,37,8,1,2033,233568,1
83,4,0,29,4,1,2034,234222,2
83,11,0,38,6,5,2035,234264,3
83,8,0,36,3,0,2036,234276,0
83,1,0,27,0,8,2037,234749,4
83,0,0,34,0,8,2038,237778,3
83,0,0,26,0,5,2039,238098,7
83,7,0,28,2,2,2040,238763,4
83,1,1,17,0,3,2041,242826,2
83,0,1,5,1,0,2042,243175,2
83,0,1,27,0,6,2043,243673,3
83,12,0,26,7,3,2044,245054,5
83,0,0,25,1,2,2045,245981,5
83,6,0,15,3,0,2046,247471,2
83,0,1,6,0,0,2047,247689,0
83,1,0,32,4,4,2048,247844,5
83,6,0,28,6,0,2049,248188,4
83,0,0,23,1,0,2050,248487,6
83,1,0,36,4,12,2051,251161,6
83,7,0,38,14,5,2052,254225,3
83,0,1,12,0,3,2053,255035,1
83,1,0,19,1,7,2054,256252,3
83,7,0,22,5,5,2055,256370,0
83,2,0,23,1,3,2056,259843,6
83,0,0,38,1,15,2057,260474,4
83,5,1,29,2,2,2058,261105,4
83,9,0,27,4,0,2059,261115,2
83,0,1,13,0,0,2060,261116,2
83,0,0,35,5,6,2061,261128,6
83,1,0,22,0,3,2062,261582,8
83,2,2,26,1,7,2063,263034,6
83,0,0,32,2,12,2064,263845,1
83,0,0,36,5,7,2065,266751,5
83,7,0,32,0,1,2066,267825,4
83,1,0,36,1,3,2067,268342,8
83,0,0,36,1,7,2068,269093,7
83,3,1,35,2,6,2069,272733,2
83,0,0,26,4,1,2070,273800,1
83,6,0,33,2,0,2071,276616,3
189,3,0,16,2,3,2072,71151,7
189,4,0,27,3,2,2073,73427,7
189,1,1,20,0,3,2074,73657,1
189,0,1,14,0,1,2075,74643,3
189,0,1,13,0,1,2076,74876,4
189,7,0,20,3,5,2077,190059,3
189,0,0,36,0,12,2078,190243,1
189,18,0,34,21,3,2079,193348,3
189,0,0,27,1,7,2080,193468,3
189,0,1,30,2,1,2081,199282,8
189,7,0,33,1,9,2082,201841,7
189,0,0,38,1,11,2083,204842,0
189,0,0,33,0,9,2084,205878,3
189,14,0,38,10,5,2085,206254,3
189,7,0,26,5,4,2086,210537,7
189,9,1,21,3,0,2087,211903,2
189,0,1,17,0,3,2088,213323,4
189,10,2,30,6,3,2089,222352,1
189,5,1,28,0,7,2090,224821,5
189,5,1,25,4,0,2091,228645,9
189,1,1,35,1,9,2092,228874,5
189,9,0,36,2,5,2093,229336,4
189,0,1,28,1,7,2094,229900,6
189,3,0,37,7,8,2095,231039,6
189,0,0,22,5,1,2096,232708,3
189,8,0,34,2,0,2097,233139,5
189,15,0,37,3,0,2098,233917,2
189,0,0,31,4,6,2099,234138,8
189,2,0,33,0,5,2100,234817,12
189,11,0,18,0,2,2101,234913,3
189,0,0,31,1,9,2102,235815,6
189,4,0,35,6,9,2103,239016,6
189,9,0,31,1,0,2104,239432,3
189,0,0,24,1,8,2105,239974,4
189,1,0,32,1,5,2106,240008,10
189,7,0,37,6,5,2107,240503,6
189,5,0,26,6,1,2108,240544,6
189,14,1,31,3,1,2109,241266,2
189,1,0,37,2,10,2110,242532,6
189,0,0,30,0,5,2111,243275,7
189,0,0,34,0,10,2112,243538,4
189,2,2,27,1,4,2113,243661,8
189,4,0,22,5,0,2114,243838,0
189,2,1,35,7,5,2115,244399,8
189,0,1,27,0,2,2116,244490,9
189,1,1,26,0,2,2117,245017,2
189,5,1,21,3,0,2118,245749,2
189,6,0,34,5,1,2119,246168,2
189,3,0,28,5,0,2120,247519,2
189,0,1,14,0,0,2121,248661,3
189,2,1,21,3,0,2122,250764,3
189,1,0,32,6,1,2123,252025,7
189,1,1,20,0,0,2124,252038,1
189,13,0,35,0,1,2125,252386,5
189,7,2,22,1,2,2126,253173,5
189,0,0,21,0,7,2127,256726,1
189,2,0,35,1,8,2128,256874,3
189,8,0,38,2,2,2129,256980,0
189,7,1,27,2,2,2130,258924,0
189,1,0,30,0,4,2131,259074,10
189,7,0,35,5,0,2132,259268,8
189,12,0,28,4,4,2133,260272,3
189,13,1,36,8,1,2134,260651,3
189,0,0,38,0,8,2135,262862,2
189,0,1,8,0,1,2136,263112,2
189,1,0,29,2,3,2137,263317,7
189,7,0,34,7,2,2138,263745,5
189,1,0,29,1,6,2139,263854,7
189,1,1,30,1,7,2140,263968,7
189,0,1,18,0,1,2141,264033,4
189,4,0,36,6,1,2142,264423,2
189,4,0,26,5,0,2143,264584,3
189,4,1,25,0,1,2144,264705,0
189,0,1,14,0,2,2145,264785,2
189,9,0,18,4,0,2146,266395,1
189,10,0,37,3,0,2147,268273,0
189,9,0,31,6,1,2148,270328,6
189,2,0,31,2,3,2149,270913,8
189,0,0,27,5,2,2150,271573,8
189,2,0,26,0,10,2151,276172,3
189,0,0,32,0,10,2152,276634,2
189,1,1,35,0,5,2153,276969,9
201,0,0,1,0,0,2154,70229,1
201,2,0,2,0,0,2155,70994,0
201,0,0,2,2,1,2156,71998,0
201,0,0,1,0,0,2157,72212,1
201,1,0,1,0,0,2158,72953,0
201,0,0,3,0,2,2159,73261,0
201,1,1,3,1,0,2160,73615,0
201,3,0,3,0,0,2161,73754,0
201,0,0,1,1,0,2162,74364,1
201,0,0,1,1,0,2163,74413,0
201,1,0,1,0,0,2164,74917,0
201,0,0,1,0,1,2165,75149,0
201,2,0,1,0,0,2166,78415,0
201,6,0,4,0,0,2167,186562,0
201,0,0,4,2,1,2168,200458,0
201,0,0,3,2,2,2169,203505,0
201,1,0,2,0,2,2170,203749,0
201,0,0,3,0,2,2171,204297,0
201,0,1,2,0,0,2172,204870,0
201,0,0,3,0,0,2173,204979,2
201,0,0,3,0,0,2174,205019,2
201,0,0,4,1,1,2175,205818,2
201,1,0,5,3,1,2176,206517,1
201,0,0,3,0,2,2177,206555,0
201,0,0,2,1,2,2178,206653,0
201,0,0,2,2,0,2179,208004,1
201,0,1,2,0,1,2180,211604,0
201,0,0,3,0,2,2181,216481,1
201,0,0,4,2,0,2182,220196,1
201,0,0,4,2,0,2183,221697,0
201,0,0,3,0,2,2184,222514,0
201,0,2,1,0,0,2185,222714,1
201,0,0,2,0,0,2186,222836,2
201,0,0,3,1,0,2187,227686,2
201,0,0,3,1,2,2188,230876,1
201,0,0,3,0,2,2189,231107,0
201,0,0,2,0,1,2190,232106,2
201,0,0,5,1,3,2191,232730,1
201,0,0,3,0,2,2192,233267,0
201,0,0,3,0,3,2193,233306,1
201,0,1,1,0,0,2194,233315,0
201,0,0,4,0,1,2195,233804,2
201,0,1,3,1,0,2196,234574,0
201,3,0,4,2,0,2197,235014,0
201,0,0,3,2,0,2198,235173,0
201,3,0,5,1,2,2199,235353,0
201,2,0,4,0,1,2200,235642,2
201,4,0,5,1,2,2201,235794,0
201,0,0,4,0,0,2202,236015,2
201,0,0,4,0,0,2203,236321,2
201,0,0,3,0,2,2204,236600,1
201,1,0,4,2,0,2205,236920,2
201,2,0,6,1,3,2206,237646,1
201,0,0,6,2,0,2207,237692,0
201,0,0,3,0,2,2208,237942,1
201,2,1,2,0,1,2209,240243,0
201,0,0,6,0,4,2210,241159,0
201,0,1,2,0,0,2211,241646,0
201,0,0,2,0,0,2212,241982,2
201,0,1,2,0,0,2213,242418,0
201,2,0,1,0,1,2214,242444,0
201,3,0,3,2,1,2215,242908,0
201,1,1,2,0,0,2216,242964,0
201,0,0,3,0,1,2217,243057,2
201,0,0,2,0,1,2218,243576,2
201,0,0,5,0,4,2219,244067,1
201,3,0,4,1,0,2220,245637,1
201,2,0,3,2,0,2221,246420,0
201,3,0,3,0,0,2222,248740,0
201,0,0,6,1,5,2223,250954,2
201,2,0,3,3,0,2224,251257,0
201,0,1,3,0,0,2225,252385,0
201,0,0,3,2,2,2226,252555,1
201,0,0,3,0,0,2227,253306,2
201,4,0,3,0,0,2228,254482,0
201,2,0,1,0,0,2229,255912,0
201,0,0,2,2,0,2230,257504,0
201,3,0,3,0,2,2231,259185,0
201,0,0,3,0,1,2232,260908,2
201,2,0,1,0,1,2233,262848,1
201,3,0,3,0,0,2234,263115,0
201,3,0,4,0,1,2235,263230,1
201,0,1,1,0,0,2236,263861,0
201,0,1,1,0,0,2237,263901,0
201,3,0,4,1,0,2238,264337,0
201,3,0,4,0,1,2239,264349,2
201,1,0,3,3,1,2240,265789,0
201,1,0,4,3,0,2241,266074,0
201,1,0,2,2,0,2242,270519,1
201,0,0,4,0,3,2243,276385,0
201,3,0,6,2,2,2244,277427,2
201,0,0,3,0,1,2245,278349,2
201,0,0,4,1,0,2246,278557,2
202,1,0,1,0,0,2247,71215,0
202,1,0,1,0,0,2248,73512,0
202,0,0,1,0,0,2249,73896,1
202,0,1,1,0,0,2250,74222,0
202,0,0,1,0,0,2251,74242,1
202,1,0,1,0,1,2252,74359,0
202,0,0,1,0,0,2253,167512,1
202,0,0,1,0,1,2254,169493,0
202,0,0,1,1,0,2255,180818,1
202,1,0,1,0,0,2256,188166,0
202,2,0,2,1,1,2257,190460,0
202,0,0,3,2,1,2258,190583,1
202,0,0,1,0,0,2259,190885,1
202,0,0,1,0,1,2260,192231,0
202,1,0,1,0,0,2261,192450,0
202,0,0,3,0,2,2262,197928,0
202,2,0,2,0,1,2263,200145,0
202,4,0,3,1,2,2264,200521,0
202,2,0,2,1,0,2265,202017,0
202,0,0,2,2,0,2266,203415,1
202,0,0,3,0,1,2267,203841,2
202,0,0,2,2,0,2268,204760,0
202,0,0,3,0,2,2269,204825,0
202,0,0,2,0,0,2270,205584,2
202,1,0,4,2,0,2271,206085,0
202,0,0,3,2,1,2272,206653,0
202,0,0,3,0,2,2273,207998,0
202,0,1,2,0,1,2274,208014,0
202,2,0,5,1,2,2275,210047,3
202,0,0,2,0,2,2276,210243,0
202,2,0,3,2,0,2277,212198,1
202,2,0,1,0,0,2278,220139,0
202,0,0,4,0,2,2279,220407,0
202,0,0,2,0,0,2280,220697,2
202,0,0,2,0,0,2281,220956,2
202,1,0,2,0,0,2282,221841,2
202,0,0,4,0,2,2283,222514,0
202,0,0,3,2,0,2284,222665,0
202,2,0,4,0,2,2285,222836,0
202,3,0,2,0,0,2286,224411,0
202,0,0,2,2,1,2287,225441,1
202,0,1,1,0,0,2288,226116,0
202,0,0,2,0,1,2289,230149,2
202,4,0,4,1,1,2290,230666,0
202,0,0,3,1,2,2291,230876,0
202,0,1,1,0,0,2292,230882,0
202,0,0,3,0,2,2293,231512,0
202,2,0,2,1,0,2294,231677,0
202,3,0,2,0,0,2295,232411,0
202,0,0,2,0,2,2296,232755,1
202,2,0,2,0,0,2297,233378,0
202,3,0,6,0,0,2298,233731,0
202,2,0,3,0,2,2299,235744,1
202,2,0,4,3,1,2300,235794,0
202,0,1,2,0,0,2301,235844,0
202,1,0,3,1,1,2302,236390,2
202,3,0,4,1,1,2303,236461,1
202,0,0,4,0,1,2304,236480,2
202,0,0,5,0,2,2305,237161,2
202,0,0,3,1,0,2306,237646,2
202,0,0,3,2,0,2307,238368,1
202,0,1,3,0,1,2308,240608,1
202,2,1,2,1,0,2309,241037,1
202,0,0,3,2,0,2310,242085,1
202,0,0,2,1,0,2311,242444,2
202,5,0,6,1,0,2312,242516,0
202,0,0,2,2,0,2313,242749,0
202,0,1,1,0,0,2314,243612,0
202,0,0,2,1,0,2315,244322,2
202,0,0,1,2,0,2316,245903,1
202,3,0,3,0,0,2317,246094,0
202,0,0,2,0,2,2318,246873,1
202,1,0,5,3,1,2319,247394,0
202,0,0,6,1,0,2320,247851,3
202,0,0,2,2,0,2321,252970,0
202,0,0,3,0,2,2322,254470,0
202,1,0,3,0,0,2323,255196,2
202,0,0,2,0,0,2324,258606,2
202,3,0,3,0,0,2325,258930,0
202,0,0,3,3,1,2326,259507,1
202,1,0,4,0,0,2327,259868,2
202,3,0,3,0,1,2328,260779,0
202,0,0,3,0,2,2329,261281,2
202,3,0,3,0,1,2330,263230,0
202,0,0,3,3,0,2331,264120,1
202,0,0,3,2,1,2332,265693,0
202,3,0,3,3,0,2333,268438,0
202,0,0,3,0,2,2334,268530,1
202,0,0,2,0,0,2335,268886,2
202,0,0,2,1,2,2336,270371,0
202,0,0,3,0,2,2337,270455,0
202,3,0,4,0,0,2338,271807,0
202,1,0,4,0,1,2339,272926,2
202,0,0,3,0,2,2340,273020,0
202,0,0,4,0,2,2341,278828,0
202,0,0,3,2,0,2342,279497,1
204,4,0,3,0,1,2343,70415,0
204,0,0,1,0,0,2344,72308,1
204,1,0,1,0,0,2345,74139,0
204,0,0,1,0,0,2346,74326,1
204,1,0,2,0,0,2347,74440,2
204,0,0,1,0,0,2348,74478,1
204,1,0,1,0,0,2349,74497,0
204,0,0,1,0,0,2350,74567,1
204,1,0,1,0,0,2351,74618,0
204,0,1,1,0,0,2352,74645,0
204,2,0,2,0,0,2353,75421,0
204,1,0,1,0,0,2354,78658,0
204,0,1,2,0,0,2355,78661,0
204,2,0,2,0,0,2356,79621,0
204,0,0,1,0,1,2357,179789,0
204,0,0,1,0,0,2358,188537,1
204,2,0,4,0,1,2359,188538,0
204,0,0,1,1,0,2360,199393,0
204,0,0,1,0,1,2361,201138,0
204,0,0,1,0,1,2362,201143,0
204,1,0,1,0,0,2363,205559,0
204,2,0,1,1,0,2364,209430,0
204,0,0,3,0,2,2365,215708,1
204,0,0,1,1,0,2366,216755,0
204,0,1,1,0,0,2367,220030,0
204,1,0,2,2,0,2368,220621,0
204,0,0,2,2,1,2369,224019,0
204,0,0,1,0,0,2370,225782,1
204,0,0,1,0,0,2371,225853,1
204,0,0,6,0,3,2372,226271,0
204,0,0,1,0,1,2373,229168,0
204,0,0,1,0,1,2374,231105,0
204,0,0,1,0,0,2375,231236,1
204,3,0,4,1,1,2376,231443,0
204,0,0,1,1,0,2377,231612,0
204,0,0,1,0,0,2378,234371,1
204,0,0,1,1,0,2379,234570,0
204,0,0,3,0,2,2380,234856,1
204,0,1,1,0,0,2381,235022,0
204,0,0,1,0,1,2382,235134,0
204,0,0,1,1,0,2383,237198,0
204,0,0,1,1,0,2384,237331,1
204,0,0,3,0,0,2385,239368,2
204,0,0,1,0,1,2386,239502,0
204,0,0,5,0,3,2387,240225,0
204,2,0,5,0,0,2388,240258,1
204,0,0,1,0,0,2389,240452,1
204,0,1,4,0,1,2390,241445,0
204,0,0,1,0,1,2391,243201,0
204,0,0,3,3,1,2392,243630,0
204,0,0,1,0,1,2393,243924,1
204,0,1,1,0,0,2394,244022,0
204,1,0,1,0,0,2395,244674,1
204,0,0,1,0,0,2396,244736,1
204,1,0,4,1,0,2397,246298,2
204,0,0,3,1,2,2398,248408,1
204,2,0,2,0,0,2399,253074,0
204,1,0,3,1,1,2400,254121,2
204,2,0,2,0,0,2401,254551,0
204,1,0,2,2,0,2402,255174,0
204,0,0,1,0,1,2403,255533,0
204,2,0,2,2,1,2404,256632,0
204,5,0,6,2,1,2405,256903,1
204,2,0,2,0,1,2406,257612,0
204,0,0,1,1,0,2407,257978,0
204,2,0,4,0,0,2408,259816,1
204,0,0,1,1,0,2409,260776,0
204,2,0,2,1,0,2410,261084,0
204,0,0,1,0,1,2411,262137,0
204,2,0,2,0,0,2412,262652,0
204,0,0,1,1,0,2413,263987,0
204,2,0,2,0,1,2414,264422,0
204,4,0,6,4,1,2415,264652,0
204,0,0,1,1,0,2416,265651,0
204,0,0,4,1,0,2417,269729,2
204,4,0,6,5,1,2418,271421,0
204,2,0,2,0,0,2419,271689,0
204,0,0,3,0,2,2420,271691,0
204,0,0,1,0,1,2421,272808,0
204,1,0,4,2,0,2422,272835,0
204,0,0,3,0,2,2423,276827,0
204,0,0,4,0,1,2424,277659,2
204,0,0,4,0,2,2425,279709,1
206,0,0,1,0,0,2426,70951,1
206,0,0,1,1,0,2427,72776,0
206,0,0,1,0,0,2428,72974,1
206,1,0,1,0,0,2429,73007,0
206,1,0,1,0,0,2430,73009,0
206,1,0,1,0,0,2431,73370,0
206,0,0,1,0,0,2432,73680,1
206,0,0,1,0,0,2433,76274,1
206,0,1,3,0,2,2434,167495,0
206,0,0,1,0,0,2435,182520,1
206,2,0,2,1,1,2436,189596,0
206,0,0,2,2,0,2437,190765,0
206,0,0,3,1,2,2438,192658,0
206,0,0,1,0,0,2439,194431,1
206,2,0,2,0,0,2440,195262,0
206,1,0,4,2,2,2441,197031,2
206,0,0,1,0,0,2442,202088,1
206,0,0,2,0,0,2443,202325,2
206,0,0,1,0,1,2444,202873,0
206,0,0,4,1,1,2445,203106,2
206,0,0,4,1,1,2446,206198,2
206,0,0,2,1,2,2447,206511,2
206,0,0,4,0,2,2448,206591,2
206,0,0,1,0,0,2449,206606,1
206,2,0,1,0,0,2450,207791,0
206,0,0,5,3,1,2451,210035,1
206,1,0,1,0,0,2452,211362,0
206,2,0,3,0,0,2453,211899,1
206,1,0,2,0,0,2454,212212,2
206,0,0,3,0,2,2455,212622,1
206,0,0,3,0,1,2456,212977,2
206,1,0,5,0,3,2457,213331,0
206,0,1,1,0,0,2458,216416,0
206,0,0,1,1,0,2459,221671,0
206,0,0,2,0,0,2460,223755,2
206,0,0,1,1,0,2461,224883,0
206,0,0,1,1,0,2462,225735,0
206,2,0,3,0,2,2463,228245,0
206,0,0,3,0,3,2464,228383,0
206,1,0,3,0,2,2465,228813,1
206,0,0,3,0,0,2466,228946,2
206,0,0,2,1,0,2467,229472,2
206,0,0,4,0,1,2468,233492,2
206,4,0,5,0,1,2469,234236,0
206,0,0,1,1,0,2470,234279,0
206,1,0,2,2,0,2471,234399,0
206,0,0,4,0,1,2472,234727,2
206,0,1,3,1,0,2473,235899,1
206,0,0,3,1,1,2474,236457,2
206,0,0,3,0,2,2475,237595,0
206,2,0,3,2,0,2476,237633,1
206,1,0,6,3,1,2477,238900,1
206,0,0,3,1,2,2478,239701,0
206,1,0,4,0,0,2479,240193,2
206,1,0,3,0,2,2480,240988,0
206,0,0,4,0,3,2481,242948,1
206,2,0,4,2,1,2482,242997,1
206,3,0,2,0,0,2483,243537,0
206,3,0,4,0,2,2484,243580,1
206,1,0,3,0,0,2485,243628,2
206,2,0,1,1,0,2486,243904,0
206,0,0,2,2,0,2487,244024,0
206,2,0,4,2,0,2488,244176,0
206,3,0,4,0,0,2489,245716,0
206,0,0,4,0,3,2490,247263,2
206,0,0,2,0,0,2491,247819,2
206,2,0,6,3,2,2492,250959,0
206,3,0,5,0,0,2493,252259,2
206,5,0,5,1,2,2494,254022,0
206,1,0,3,0,0,2495,256564,2
206,0,0,2,0,2,2496,256634,0
206,1,0,3,2,0,2497,256675,0
206,3,0,3,0,0,2498,256790,0
206,1,0,2,2,0,2499,257020,1
206,1,1,2,0,0,2500,257054,0
206,0,1,1,0,0,2501,257278,0
206,3,0,3,1,0,2502,257289,0
206,2,0,2,0,1,2503,257877,0
206,0,0,3,0,2,2504,259718,1
206,0,0,2,2,0,2505,259752,0
206,4,0,4,1,1,2506,260592,0
206,0,0,2,0,1,2507,261182,2
206,2,0,3,3,0,2508,262863,0
206,0,0,3,0,2,2509,263077,1
206,1,0,3,0,2,2510,263273,0
206,0,0,3,0,0,2511,265465,2
206,3,0,1,0,0,2512,265749,0
206,0,0,3,0,2,2513,269096,0
206,0,0,3,0,2,2514,270077,0
206,3,0,6,3,0,2515,270403,1
206,2,0,2,0,1,2516,273114,0
206,2,0,2,0,0,2517,275754,0
206,2,0,1,0,0,2518,276312,0
207,0,0,1,0,0,2519,199503,1
207,0,0,1,1,0,2520,210035,0
207,0,0,1,1,0,2521,227647,0
207,0,0,1,0,0,2522,229584,1
207,1,0,1,0,0,2523,234236,0
207,0,1,1,0,0,2524,236786,0
207,0,0,1,0,0,2525,238900,1
207,0,0,1,0,0,2526,239340,1
207,1,0,1,0,0,2527,244176,0
207,0,0,1,1,0,2528,247263,1
207,1,0,1,0,0,2529,247679,1
207,0,0,1,0,0,2530,250959,1
207,1,0,1,0,0,2531,252259,1
207,0,0,1,0,0,2532,253149,1
207,0,0,1,0,0,2533,256630,1
207,0,0,1,1,0,2534,277668,0
208,1,0,1,0,0,2535,69967,0
208,0,0,1,0,0,2536,70344,1
208,0,0,3,2,0,2537,70893,0
208,0,0,1,0,0,2538,70966,1
208,0,0,2,2,0,2539,72293,0
208,0,0,1,1,0,2540,73199,0
208,0,0,5,0,4,2541,73373,1
208,0,0,1,0,0,2542,73375,1
208,0,0,1,0,0,2543,73452,1
208,1,0,1,0,0,2544,74087,0
208,0,0,1,0,0,2545,74370,1
208,0,0,1,1,1,2546,74371,0
208,0,0,4,1,0,2547,74403,3
208,0,0,5,0,1,2548,74462,2
208,0,0,6,0,1,2549,75605,2
208,3,0,4,1,1,2550,173030,1
208,2,0,5,0,0,2551,177003,2
208,0,0,3,0,2,2552,177413,0
208,0,0,4,0,1,2553,184432,2
208,0,0,5,0,3,2554,186153,0
208,3,0,4,0,0,2555,188335,1
208,3,0,3,0,0,2556,188545,1
208,0,1,2,0,0,2557,193794,0
208,1,1,4,0,1,2558,205452,0
208,0,1,5,0,0,2559,208618,1
208,0,0,3,0,2,2560,208817,0
208,0,0,5,0,3,2561,211348,1
208,0,0,6,3,0,2562,212616,1
208,0,0,7,0,4,2563,214979,0
208,3,0,2,2,0,2564,215590,1
208,4,0,7,0,0,2565,216549,1
208,0,1,2,0,1,2566,220414,1
208,4,0,3,0,1,2567,223578,0
208,1,0,5,4,1,2568,224013,0
208,0,0,2,0,0,2569,224179,2
208,0,0,2,1,0,2570,224591,2
208,0,0,3,2,1,2571,225204,1
208,3,0,2,0,1,2572,225719,0
208,0,0,6,0,3,2573,228702,2
208,4,0,6,4,1,2574,230142,2
208,1,0,5,1,3,2575,230786,0
208,0,0,6,3,0,2576,231410,0
208,1,0,4,0,1,2577,231627,2
208,0,0,3,1,0,2578,232498,2
208,0,0,6,0,3,2579,233084,1
208,1,0,5,4,1,2580,233419,2
208,0,0,5,0,3,2581,233486,2
208,0,0,3,1,0,2582,233631,2
208,0,0,5,0,3,2583,234835,0
208,1,0,2,2,1,2584,235888,0
208,3,0,5,0,1,2585,235944,0
208,0,0,4,1,0,2586,239614,2
208,0,0,2,2,1,2587,240223,0
208,0,0,2,0,2,2588,240859,0
208,6,0,5,0,1,2589,241461,0
208,0,0,4,0,3,2590,242802,0
208,3,0,3,3,1,2591,243034,0
208,3,0,5,1,0,2592,243604,0
208,0,1,2,0,0,2593,243976,1
208,0,0,4,2,0,2594,244260,0
208,4,0,2,0,0,2595,245158,0
208,5,0,7,2,0,2596,246191,1
208,4,0,7,2,0,2597,246672,0
208,1,1,3,1,0,2598,247131,1
208,0,0,3,0,0,2599,247495,3
208,0,1,2,1,1,2600,250858,0
208,1,0,3,3,0,2601,252079,0
208,3,0,4,1,1,2602,253416,0
208,0,1,1,0,0,2603,254913,0
208,0,0,3,1,3,2604,255854,0
208,1,1,3,2,0,2605,257866,1
208,0,0,3,0,2,2606,258652,0
208,0,0,1,2,0,2607,259377,0
208,1,0,2,2,0,2608,259521,0
208,0,0,5,0,3,2609,260082,0
208,0,0,3,0,2,2610,262260,2
208,0,0,3,0,2,2611,262299,0
208,1,0,3,0,0,2612,263227,2
208,0,0,3,0,2,2613,264270,0
208,2,0,6,4,1,2614,264309,0
208,0,0,2,0,0,2615,264736,2
208,0,0,3,0,3,2616,265520,0
208,1,0,2,2,0,2617,267976,0
208,3,0,2,0,1,2618,269176,1
208,0,1,2,0,0,2619,269197,0
208,3,0,2,1,0,2620,271037,0
208,3,0,3,1,0,2621,271682,1
208,1,1,4,1,0,2622,272445,1
208,5,0,6,0,1,2623,272505,1
208,2,0,5,5,1,2624,277643,0
208,0,0,2,1,0,2625,279604,2
210,0,0,1,0,0,2626,71296,1
210,2,0,3,0,0,2627,72852,0
210,0,0,1,1,0,2628,72916,0
210,0,0,1,0,0,2629,73423,1
210,0,0,1,0,1,2630,73838,0
210,0,0,1,0,0,2631,74071,1
210,0,0,1,0,1,2632,74310,0
210,0,0,1,0,1,2633,74566,0
210,0,0,1,0,1,2634,169115,0
210,0,0,3,0,3,2635,189908,0
210,0,0,1,0,0,2636,196889,1
210,0,1,2,0,0,2637,198857,0
210,0,0,1,0,1,2638,199174,0
210,0,0,1,0,0,2639,199845,1
210,0,0,1,0,1,2640,201976,0
210,0,0,5,0,2,2641,202024,0
210,0,0,1,2,0,2642,202489,0
210,1,0,1,2,0,2643,204970,0
210,0,0,1,0,1,2644,206551,1
210,2,0,4,0,0,2645,208128,1
210,0,0,1,0,0,2646,208942,1
210,0,0,3,2,2,2647,210381,0
210,0,0,2,0,2,2648,210406,0
210,0,0,1,0,0,2649,210864,1
210,0,0,1,0,1,2650,215147,0
210,0,0,3,0,1,2651,216145,2
210,0,0,1,0,1,2652,219759,0
210,0,0,5,2,0,2653,219952,1
210,0,0,1,1,0,2654,220534,0
210,0,0,1,0,0,2655,222148,1
210,0,0,1,0,1,2656,222982,1
210,0,0,1,1,0,2657,223697,1
210,0,0,1,1,0,2658,226260,0
210,0,0,1,1,0,2659,228882,1
210,0,0,5,0,3,2660,231207,1
210,5,0,6,1,0,2661,231352,0
210,0,0,1,0,0,2662,231835,1
210,0,0,1,1,0,2663,231969,0
210,2,0,2,0,0,2664,232432,0
210,0,0,4,2,0,2665,232656,1
210,0,0,1,0,0,2666,233884,1
210,0,0,1,1,0,2667,235163,0
210,0,0,1,0,0,2668,235800,1
210,0,0,1,1,0,2669,235949,0
210,0,1,2,0,0,2670,236368,0
210,2,0,1,0,0,2671,236767,0
210,0,0,1,1,0,2672,237640,0
210,0,0,1,1,0,2673,237647,0
210,0,0,1,1,0,2674,237679,0
210,0,0,2,0,2,2675,240915,0
210,0,0,4,0,2,2676,241736,1
210,0,0,3,1,2,2677,241788,0
210,0,0,3,0,2,2678,242280,1
210,3,0,2,0,0,2679,242458,0
210,2,0,2,0,0,2680,243200,0
210,0,0,4,0,2,2681,243311,1
210,2,0,3,0,0,2682,246172,0
210,2,0,2,1,0,2683,246242,0
210,2,0,3,0,0,2684,246457,0
210,2,0,3,0,0,2685,248385,0
210,2,0,2,0,0,2686,251470,0
210,3,0,4,0,1,2687,252021,0
210,2,0,3,2,0,2688,256115,0
210,1,0,3,2,1,2689,257980,1
210,2,0,2,0,0,2690,260456,0
210,0,0,4,0,3,2691,262394,0
210,3,0,2,0,0,2692,264257,0
210,1,0,3,0,0,2693,264699,2
210,2,0,2,0,0,2694,266596,0
210,2,0,3,3,1,2695,267861,0
210,2,0,3,0,0,2696,268474,0
210,2,0,3,0,0,2697,271923,0
210,0,1,2,0,0,2698,276451,0
210,0,0,2,0,1,2699,277244,2
210,0,0,6,2,0,2700,278319,2
210,0,0,2,0,0,2701,278354,2
211,0,0,1,1,0,2702,74566,0
211,0,0,2,0,1,2703,177683,0
211,0,0,2,0,1,2704,192883,1
211,0,0,2,1,1,2705,198176,0
211,0,0,2,0,0,2706,224232,1
211,2,0,2,0,0,2707,227796,1
211,1,0,2,0,0,2708,231352,0
211,1,0,2,0,1,2709,231478,0
211,1,0,2,1,0,2710,232656,0
211,0,0,2,0,0,2711,232756,1
211,2,0,2,0,1,2712,233096,1
211,0,0,2,0,0,2713,237383,1
211,0,0,1,0,0,2714,238744,1
211,0,0,1,1,0,2715,241721,0
211,0,0,2,0,1,2716,241736,0
211,1,0,2,1,0,2717,241788,0
211,0,0,2,0,0,2718,258648,1
211,0,0,1,0,0,2719,265188,1
211,1,0,1,0,0,2720,277954,0
223,0,1,6,0,2,2721,72874,0
223,0,1,4,0,0,2722,72905,1
223,0,1,3,0,0,2723,73617,0
223,0,0,6,0,0,2724,74411,3
223,0,0,14,0,7,2725,177683,0
223,0,1,2,0,0,2726,182494,0
223,0,1,1,0,0,2727,186569,0
223,11,0,13,0,1,2728,188545,0
223,6,0,10,2,0,2729,194765,0
223,0,0,9,0,5,2730,198176,1
223,0,1,5,0,0,2731,201143,1
223,11,0,13,2,3,2732,202126,1
223,0,0,6,2,0,2733,202652,3
223,0,0,12,0,5,2734,202811,0
223,1,0,9,0,6,2735,203376,2
223,0,0,16,0,6,2736,207865,3
223,1,0,10,1,0,2737,208618,4
223,3,0,9,4,4,2738,209331,0
223,1,0,12,1,1,2739,209658,4
223,0,0,5,1,0,2740,210381,3
223,0,0,13,5,2,2741,212194,0
223,0,0,14,4,4,2742,212622,1
223,0,0,10,0,5,2743,213331,2
223,13,0,14,4,2,2744,215441,2
223,0,1,4,1,0,2745,215522,0
223,0,0,9,5,4,2746,216150,0
223,1,0,8,0,2,2747,216460,4
223,0,0,6,0,3,2748,219693,3
223,0,0,13,0,6,2749,220901,2
223,2,0,6,3,1,2750,221001,0
223,1,0,12,4,0,2751,221697,0
223,2,0,12,1,2,2752,224196,4
223,2,0,8,4,2,2753,226161,1
223,1,1,5,1,2,2754,226166,0
223,1,0,17,4,2,2755,226271,2
223,1,0,12,0,5,2756,226851,2
223,0,0,5,0,0,2757,228881,3
223,7,0,12,2,0,2758,229188,1
223,1,0,6,3,0,2759,229593,1
223,0,1,1,0,0,2760,229905,0
223,0,0,15,0,6,2761,230621,0
223,5,0,7,1,0,2762,230899,0
223,8,1,15,6,2,2763,231443,0
223,9,0,14,0,0,2764,231478,2
223,7,0,14,1,1,2765,231747,1
223,2,0,12,3,5,2766,233096,2
223,13,0,14,8,4,2767,233419,0
223,4,0,17,5,7,2768,235212,3
223,0,0,4,3,0,2769,236364,1
223,8,0,12,2,0,2770,238794,4
223,8,0,9,0,1,2771,239085,0
223,2,0,8,0,5,2772,239837,5
223,1,1,4,0,0,2773,240507,0
223,6,0,8,1,2,2774,241651,1
223,3,0,5,3,0,2775,242325,1
223,7,0,10,2,1,2776,243630,2
223,0,0,11,0,5,2777,243715,0
223,5,0,12,2,1,2778,243812,0
223,6,0,7,1,1,2779,245152,1
223,0,0,9,0,5,2780,246104,1
223,7,0,10,1,1,2781,246191,0
223,6,0,9,2,1,2782,246669,2
223,0,0,6,0,0,2783,246785,3
223,0,0,9,0,5,2784,247263,1
223,0,0,12,1,5,2785,247819,0
223,4,0,6,3,0,2786,247972,1
223,4,0,10,5,1,2787,251470,0
223,5,0,10,1,0,2788,251852,2
223,4,0,16,1,5,2789,252145,4
223,0,0,9,0,5,2790,252154,0
223,0,1,1,0,0,2791,252308,0
223,2,0,5,0,1,2792,252675,3
223,2,1,6,1,2,2793,252802,0
223,2,0,17,2,6,2794,255253,0
223,0,0,17,0,6,2795,256196,0
223,6,0,9,1,0,2796,256630,2
223,0,0,5,0,1,2797,259101,3
223,0,1,3,0,0,2798,259472,1
223,0,1,5,0,1,2799,260815,1
223,0,0,5,0,0,2800,262138,3
223,1,0,4,0,1,2801,262344,4
223,3,0,17,4,1,2802,264652,1
223,1,0,9,0,4,2803,266866,4
223,0,0,10,2,3,2804,268889,5
223,0,0,3,0,2,2805,269635,3
223,0,1,1,0,0,2806,270905,0
223,0,1,3,0,0,2807,271266,0
223,2,0,11,4,0,2808,271400,0
223,0,1,6,0,1,2809,272449,1
223,0,1,6,0,1,2810,272785,3
223,1,1,6,0,0,2811,275050,0
223,0,1,6,0,1,2812,277193,1
223,3,0,6,3,0,2813,277211,0
224,1,1,6,0,0,2814,70887,1
224,0,0,9,0,1,2815,70888,4
224,0,0,9,3,3,2816,73884,0
224,4,0,13,1,0,2817,74753,4
224,1,1,3,0,0,2818,75272,0
224,0,0,11,0,4,2819,162328,0
224,0,0,7,0,3,2820,188943,1
224,3,0,11,3,0,2821,198331,0
224,0,1,3,0,1,2822,203483,0
224,1,0,8,0,0,2823,207439,4
224,0,0,10,0,3,2824,209297,5
224,2,0,9,0,1,2825,211256,5
224,3,1,6,1,1,2826,211368,0
224,0,0,10,1,4,2827,212091,2
224,7,1,14,4,3,2828,212198,1
224,1,0,7,0,1,2829,212491,4
224,5,0,12,1,3,2830,216201,2
224,2,0,8,3,1,2831,216547,1
224,6,0,12,2,0,2832,216860,1
224,0,1,6,0,1,2833,219581,3
224,2,0,10,2,0,2834,220502,4
224,2,0,11,3,2,2835,220651,1
224,3,0,11,3,0,2836,220697,0
224,1,0,10,3,1,2837,223231,2
224,0,0,10,1,3,2838,224158,4
224,5,0,13,4,3,2839,225539,0
224,0,0,11,3,2,2840,225782,2
224,0,0,13,0,4,2841,227535,4
224,0,1,9,0,1,2842,227884,5
224,5,0,12,1,0,2843,230142,2
224,6,0,7,1,0,2844,232293,3
224,0,0,7,1,3,2845,232488,2
224,3,1,8,0,1,2846,233230,5
224,0,0,6,0,3,2847,234341,0
224,1,1,5,0,0,2848,235134,1
224,6,0,12,0,0,2849,235410,1
224,1,0,8,3,1,2850,236420,0
224,6,0,8,1,1,2851,236510,5
224,0,0,3,0,0,2852,236572,3
224,1,1,5,0,1,2853,239091,1
224,4,0,8,0,0,2854,239125,1
224,5,0,8,0,0,2855,239892,2
224,0,0,9,0,4,2856,240091,1
224,1,1,6,0,0,2857,240453,1
224,0,1,1,0,0,2858,240956,0
224,7,0,14,1,0,2859,243203,2
224,2,0,13,3,4,2860,243576,0
224,7,0,8,0,3,2861,243586,1
224,0,0,9,0,2,2862,244206,4
224,4,0,7,1,0,2863,244793,3
224,0,1,1,0,0,2864,245708,0
224,2,0,10,3,0,2865,245977,2
224,0,0,12,0,5,2866,246561,2
224,1,0,11,3,1,2867,247394,2
224,0,0,9,0,5,2868,247968,3
224,2,1,4,1,1,2869,247972,1
224,0,0,11,0,5,2870,248073,2
224,0,0,12,1,5,2871,248095,1
224,0,0,8,0,1,2872,248148,4
224,0,1,11,0,5,2873,248550,2
224,2,0,10,3,0,2874,248729,1
224,2,0,11,0,5,2875,251076,2
224,5,0,13,1,0,2876,251421,2
224,4,0,12,8,1,2877,251570,1
224,2,0,8,3,1,2878,251810,1
224,0,1,4,0,1,2879,251845,0
224,0,1,10,0,6,2880,252552,1
224,0,1,3,1,0,2881,252754,2
224,1,0,10,4,0,2882,253306,2
224,0,0,6,3,0,2883,253727,1
224,0,1,9,1,1,2884,255001,4
224,5,0,11,1,0,2885,255009,4
224,1,1,6,0,1,2886,255471,1
224,1,0,10,2,1,2887,255928,5
224,1,0,9,0,4,2888,255971,3
224,6,0,10,1,0,2889,256420,1
224,5,0,13,2,2,2890,256516,1
224,4,0,6,2,1,2891,256675,1
224,0,0,7,3,0,2892,256933,1
224,0,1,1,0,0,2893,259074,0
224,6,0,15,2,1,2894,259399,0
224,1,0,10,1,4,2895,259524,0
224,0,1,4,1,1,2896,263233,1
224,0,0,13,0,5,2897,263880,0
224,1,1,6,0,0,2898,264205,0
224,0,0,8,0,4,2899,264453,1
224,0,1,4,0,0,2900,266755,2
224,1,0,15,4,0,2901,268438,2
224,0,1,2,0,0,2902,270686,0
224,0,0,7,2,3,2903,270919,0
224,0,1,2,0,0,2904,270971,0
224,0,0,11,0,3,2905,272978,4
224,0,0,6,0,0,2906,274536,4
224,2,0,6,3,2,2907,275638,0
224,6,0,9,0,1,2908,277581,3
225,0,0,2,0,0,2909,75605,2
225,0,1,2,0,1,2910,186153,0
225,1,0,2,1,0,2911,188545,1
225,0,0,2,0,1,2912,192119,0
225,0,0,1,0,0,2913,198451,1
225,0,0,2,0,1,2914,204525,1
225,0,0,2,0,1,2915,205452,2
225,0,0,2,1,1,2916,208618,0
225,0,0,1,0,0,2917,225201,1
225,0,0,2,0,1,2918,228618,0
225,0,0,1,0,0,2919,228805,1
225,1,0,2,0,1,2920,231747,0
225,2,0,2,1,1,2921,233419,1
225,0,0,2,1,0,2922,238794,1
225,0,0,2,1,1,2923,241486,0
225,0,0,2,0,0,2924,241637,1
225,2,0,2,0,1,2925,243812,0
225,0,0,2,0,1,2926,248243,2
225,0,0,2,0,1,2927,251854,0
225,1,0,2,0,1,2928,252371,1
225,0,0,1,0,0,2929,253163,1
225,1,0,2,1,0,2930,263578,0
225,1,0,2,1,0,2931,264240,0
225,0,0,2,1,0,2932,272600,0
225,2,0,2,0,0,2933,277643,0
225,0,0,1,0,0,2934,277708,1
225,0,0,2,0,1,2935,278046,0
226,4,0,5,0,0,2936,71343,1
226,2,0,12,8,2,2937,72824,1
226,4,0,7,0,0,2938,73447,1
226,0,0,4,0,1,2939,74881,3
226,0,0,4,0,3,2940,77233,2
226,2,0,6,0,0,2941,153048,3
226,2,1,6,0,0,2942,176246,3
226,0,1,5,0,0,2943,177790,0
226,0,0,6,0,5,2944,191058,1
226,0,0,10,0,4,2945,193352,0
226,2,0,9,3,0,2946,197781,2
226,7,0,14,2,2,2947,198951,1
226,0,1,5,0,0,2948,199572,0
226,0,1,2,0,0,2949,203095,0
226,2,0,9,3,5,2950,203568,2
226,3,0,11,5,1,2951,204850,4
226,1,0,10,0,1,2952,208440,4
226,0,0,4,0,3,2953,210347,0
226,1,0,7,0,3,2954,216003,3
226,0,0,9,0,4,2955,221422,2
226,1,0,10,0,4,2956,222104,3
226,5,0,6,1,0,2957,223113,2
226,3,0,8,3,0,2958,223697,0
226,4,0,12,4,3,2959,224146,2
226,4,0,9,1,1,2960,224841,4
226,1,0,6,0,2,2961,225251,3
226,5,0,11,2,1,2962,225439,2
226,1,1,7,0,0,2963,226226,0
226,0,0,6,0,4,2964,229251,1
226,0,0,4,0,3,2965,230988,0
226,5,0,9,3,1,2966,232411,0
226,2,0,8,4,1,2967,233049,1
226,0,0,7,0,2,2968,233056,3
226,0,0,8,0,0,2969,234112,4
226,4,0,6,0,1,2970,234612,0
226,0,1,8,0,2,2971,234813,0
226,1,0,4,0,3,2972,235546,0
226,1,0,6,3,2,2973,235866,3
226,0,1,6,0,0,2974,236495,1
226,0,1,5,0,2,2975,236508,0
226,0,1,1,0,0,2976,236804,1
226,4,1,4,4,0,2977,237254,2
226,8,0,12,1,2,2978,239267,1
226,0,1,4,0,1,2979,239453,0
226,1,1,7,0,3,2980,240008,0
226,0,0,9,0,4,2981,240043,1
226,0,0,5,0,0,2982,240064,4
226,0,0,13,2,3,2983,241867,5
226,4,0,5,0,0,2984,242166,2
226,4,0,5,0,1,2985,242444,0
226,0,0,11,0,5,2986,242578,3
226,0,0,4,0,0,2987,243516,3
226,4,0,9,0,1,2988,244186,3
226,0,0,6,4,0,2989,246014,3
226,0,1,2,0,0,2990,246136,0
226,1,1,5,1,0,2991,247001,0
226,2,0,6,6,0,2992,247090,1
226,0,1,10,1,4,2993,251167,1
226,0,1,7,0,1,2994,251845,1
226,1,0,5,3,0,2995,252183,1
226,4,0,4,0,1,2996,254159,2
226,0,1,8,0,1,2997,254994,0
226,4,0,9,3,1,2998,255475,3
226,0,0,10,0,4,2999,256938,0
226,0,0,6,3,0,3000,257534,1
226,4,0,9,0,2,3001,258015,2
226,0,0,12,0,5,3002,258485,2
226,0,0,6,3,0,3003,258771,1
226,1,1,7,0,2,3004,259074,4
226,5,0,6,1,0,3005,260951,1
226,0,1,1,0,0,3006,261776,0
226,0,1,5,0,0,3007,263361,0
226,1,0,6,3,0,3008,263397,0
226,0,0,6,3,0,3009,263745,2
226,2,0,10,2,1,3010,266029,5
226,0,0,4,0,4,3011,266803,0
226,0,0,12,0,4,3012,267994,1
226,0,0,5,1,0,3013,268683,3
226,2,0,10,0,5,3014,269507,2
226,4,0,2,0,0,3015,271320,0
226,5,0,10,2,1,3016,271384,1
226,0,0,6,3,2,3017,271573,1
226,0,1,5,0,0,3018,273883,0
226,1,0,6,1,0,3019,274105,3
226,1,0,10,1,4,3020,275918,2
226,0,0,5,0,0,3021,276680,3
226,1,0,15,0,4,3022,277537,3
226,0,0,4,2,0,3023,278359,1
226,6,0,7,0,0,3024,278813,0
227,0,0,2,1,0,3025,70145,0
227,0,0,2,0,0,3026,70816,1
227,0,0,2,0,1,3027,73230,0
227,0,0,2,0,1,3028,76312,0
227,0,0,2,0,1,3029,76998,1
227,4,0,7,3,1,3030,226302,1
227,2,0,6,3,1,3031,227095,0
227,3,0,11,3,2,3032,227110,3
227,0,0,10,0,4,3033,227119,1
227,3,0,10,4,0,3034,227203,1
227,3,0,9,0,5,3035,227316,0
227,0,0,8,3,0,3036,227350,0
227,6,0,10,4,1,3037,227361,0
227,1,0,2,0,1,3038,227369,0
227,0,0,2,0,1,3039,230443,0
227,1,0,10,2,3,3040,231432,0
227,0,0,6,1,1,3041,235585,2
227,7,0,11,2,3,3042,237288,0
227,0,0,11,4,2,3043,237289,1
227,0,0,10,2,6,3044,240030,0
227,0,0,3,0,1,3045,241546,2
227,3,0,11,5,1,3046,241667,0
227,7,0,11,3,3,3047,241846,0
227,0,0,6,1,2,3048,243404,2
227,0,0,4,0,4,3049,245824,0
227,0,0,8,1,4,3050,245830,0
227,3,0,8,3,0,3051,245879,0
227,0,0,10,0,6,3052,245956,1
227,0,0,2,0,1,3053,246152,0
227,3,0,4,0,1,3054,246219,1
227,0,0,10,0,4,3055,246426,0
227,3,0,6,0,0,3056,246774,0
227,2,0,9,1,5,3057,247513,1
227,1,0,8,3,2,3058,247788,0
227,0,0,2,0,1,3059,248790,1
227,2,0,8,3,1,3060,248822,0
227,0,0,6,3,1,3061,253417,1
227,0,0,6,0,1,3062,253435,2
227,0,0,8,3,0,3063,257001,3
227,0,0,2,0,1,3064,257530,2
227,0,0,7,0,4,3065,258680,1
227,0,0,8,0,4,3066,258789,2
227,7,0,11,2,1,3067,258980,0
227,6,0,8,0,1,3068,259287,0
227,2,0,8,1,1,3069,261733,2
227,3,0,2,0,0,3070,261773,0
227,1,0,4,0,2,3071,261831,2
227,3,0,6,3,1,3072,261855,0
227,3,0,7,2,0,3073,262330,1
227,0,0,8,0,3,3074,262457,1
227,10,0,9,1,0,3075,262531,2
227,3,0,7,2,1,3076,264058,0
227,1,0,6,0,3,3077,264875,1
227,1,0,6,1,3,3078,264886,0
227,1,0,7,0,3,3079,264903,1
227,1,0,1,0,1,3080,264925,0
227,5,0,7,3,1,3081,264946,0
227,0,0,2,2,0,3082,264955,0
227,3,0,4,0,0,3083,264968,1
227,0,0,1,0,1,3084,264987,0
227,0,0,1,0,1,3085,265034,0
227,0,0,1,0,0,3086,265121,1
227,0,0,11,2,4,3087,265239,1
227,0,0,10,0,3,3088,265536,2
227,6,0,9,2,3,3089,265898,0
227,4,0,7,0,0,3090,266384,0
227,0,0,3,0,2,3091,266601,2
227,1,0,4,0,0,3092,266949,2
227,0,0,11,0,4,3093,268942,0
227,1,0,1,0,0,3094,268996,0
227,4,0,7,0,0,3095,269404,1
227,0,0,1,0,0,3096,269661,1
227,1,1,9,3,0,3097,270407,0
227,2,0,7,0,4,3098,271944,0
227,4,0,4,0,0,3099,272050,0
227,0,0,1,0,0,3100,272110,1
227,0,0,1,0,1,3101,272271,0
227,0,0,1,0,1,3102,272534,0
227,0,0,6,0,0,3103,273001,2
227,4,0,8,4,3,3104,273153,0
227,0,0,1,0,1,3105,273405,0
227,0,0,2,1,0,3106,275813,2
227,0,0,2,0,0,3107,275814,2
227,2,0,6,3,1,3108,275906,0
227,0,0,2,1,0,3109,275916,2
228,0,0,1,1,0,3110,212198,0
228,1,0,1,0,0,3111,218667,1
228,0,0,1,0,0,3112,253124,1
228,1,0,1,0,0,3113,268438,1
228,0,0,1,1,0,3114,277295,0
233,0,0,1,0,1,3115,207865,0
233,0,0,1,1,0,3116,226271,0
233,0,0,1,0,1,3117,230621,0
233,1,0,1,0,1,3118,231443,0
233,0,0,1,0,1,3119,235212,0
233,0,0,1,0,1,3120,252145,1
233,0,0,1,0,1,3121,255253,0
233,0,0,1,0,1,3122,256196,0
233,0,0,1,0,0,3123,263781,1
233,0,0,1,0,0,3124,264652,1
308,8,0,29,4,3,3125,70971,1
308,0,0,25,6,7,3126,72093,5
308,10,0,23,4,0,3127,72997,3
308,2,1,31,0,8,3128,73128,11
308,3,2,31,1,7,3129,73349,8
308,7,0,21,0,1,3130,74649,4
308,1,1,6,1,1,3131,76992,1
308,0,1,1,0,0,3132,157970,0
308,1,2,22,2,2,3133,162347,4
308,8,0,25,5,0,3134,183898,5
308,6,0,31,2,13,3135,192366,4
308,1,0,24,0,1,3136,192636,8
308,8,0,27,7,4,3137,211368,1
308,10,0,26,2,1,3138,211561,4
308,0,1,9,0,0,3139,212213,0
308,10,0,34,6,9,3140,213516,2
308,1,2,29,0,3,3141,214606,6
308,0,0,34,0,13,3142,219754,3
308,0,0,12,4,0,3143,226370,0
308,19,0,34,7,1,3144,229188,3
308,5,0,30,2,1,3145,229453,8
308,3,0,29,5,7,3146,231913,1
308,0,0,32,0,16,3147,234577,0
308,0,1,29,0,10,3148,234992,10
308,8,0,18,0,4,3149,239482,4
308,5,0,14,4,2,3150,240950,3
308,39,0,33,7,12,3151,241651,4
308,0,1,0,0,0,3152,241976,0
308,11,0,33,0,3,3153,243047,1
308,11,0,34,3,0,3154,243169,1
308,1,1,20,2,0,3155,243205,1
308,7,0,33,7,6,3156,243245,8
308,1,1,25,2,10,3157,244206,9
308,0,0,27,0,11,3158,244377,7
308,2,1,28,2,7,3159,244669,9
308,9,0,34,14,6,3160,244778,1
308,0,1,21,0,1,3161,245021,4
308,2,0,29,2,3,3162,246918,13
308,1,0,31,2,2,3163,246974,9
308,2,0,29,0,12,3164,248278,5
308,2,1,23,0,5,3165,248386,11
308,0,0,32,0,13,3166,250753,1
308,4,0,19,5,0,3167,251377,4
308,0,0,29,1,12,3168,251446,8
308,3,0,31,10,11,3169,251615,2
308,1,1,18,0,3,3170,252001,5
308,3,0,18,4,3,3171,252143,3
308,9,0,33,3,4,3172,253167,3
308,0,1,29,0,7,3173,253276,8
308,5,1,17,3,4,3174,255069,6
308,3,0,28,2,10,3175,257179,6
308,5,0,30,5,2,3176,257899,1
308,0,1,15,0,7,3177,258315,3
308,1,0,29,0,4,3178,258457,8
308,11,0,30,9,1,3179,258580,3
308,0,1,16,0,3,3180,258687,0
308,1,0,29,0,7,3181,258728,10
308,0,0,31,2,5,3182,260599,9
308,7,0,24,2,0,3183,262642,1
308,0,1,10,0,0,3184,264825,2
308,3,1,16,1,1,3185,265701,0
308,0,0,32,0,12,3186,266461,10
308,3,0,32,1,11,3187,268889,9
308,1,0,23,2,9,3188,270086,3
308,2,2,31,0,9,3189,270531,5
308,14,1,31,2,2,3190,270983,11
308,0,1,28,4,4,3191,271017,10
308,4,0,33,6,1,3192,271057,7
308,2,0,27,1,4,3193,271451,8
308,0,1,15,2,1,3194,271539,3
308,1,0,33,1,10,3195,271562,5
308,0,0,34,0,11,3196,271571,4
308,0,1,16,0,0,3197,271576,1
308,0,1,5,0,1,3198,273560,0
308,2,0,20,0,9,3199,275070,6
308,8,0,33,1,2,3200,275360,8
308,7,0,31,6,3,3201,275545,6
308,0,0,11,4,3,3202,277252,0
308,0,0,29,2,9,3203,277322,5
308,19,1,30,3,9,3204,277581,3
308,9,0,33,3,0,3205,277594,5
308,5,1,28,5,1,3206,277689,0
308,0,1,11,0,1,3207,277752,2
308,4,0,27,2,1,3208,277878,10
330,0,0,35,0,8,3209,70298,9
330,1,0,38,3,11,3210,70958,4
330,8,0,27,1,5,3211,72620,5
330,1,1,19,0,2,3212,72637,3
330,1,1,20,2,0,3213,72694,2
330,1,0,30,5,9,3214,72721,8
330,7,0,34,2,1,3215,73404,8
330,9,1,39,6,1,3216,73406,3
330,3,1,19,2,0,3217,75027,4
330,9,1,30,10,6,3218,197971,9
330,2,0,33,2,11,3219,203393,3
330,2,1,34,0,11,3220,204211,13
330,0,1,36,2,12,3221,212048,12
330,11,0,39,7,5,3222,212226,5
330,6,0,39,6,1,3223,215601,2
330,7,0,33,6,11,3224,216800,6
330,10,0,39,2,10,3225,220177,5
330,0,0,39,0,11,3226,222221,1
330,2,0,35,3,11,3227,224115,2
330,0,0,35,0,11,3228,226656,5
330,0,1,18,0,1,3229,227706,4
330,9,0,38,6,2,3230,228388,6
330,19,0,37,8,9,3231,229804,11
330,0,1,18,0,3,3232,234910,8
330,1,1,23,0,7,3233,235442,3
330,7,0,27,0,4,3234,237378,3
330,4,0,31,4,1,3235,237666,2
330,1,2,31,4,2,3236,237989,5
330,0,0,39,3,11,3237,239116,2
330,0,0,28,0,11,3238,239271,3
330,1,1,21,0,6,3239,242358,1
330,4,0,35,5,1,3240,242513,4
330,1,0,36,5,8,3241,243000,9
330,2,1,24,0,3,3242,243398,2
330,6,0,38,5,4,3243,244143,5
330,4,0,35,5,1,3244,244147,2
330,6,1,35,0,4,3245,244474,10
330,0,2,33,2,13,3246,246561,4
330,5,0,39,1,12,3247,246563,4
330,8,2,31,1,2,3248,246827,9
330,8,0,19,1,1,3249,247941,1
330,0,0,33,1,4,3250,247950,8
330,13,0,38,3,1,3251,247955,5
330,1,0,36,4,10,3252,247968,8
330,8,1,17,3,1,3253,247972,3
330,0,1,32,1,8,3254,248002,8
330,8,1,35,11,0,3255,248049,5
330,0,0,37,0,12,3256,248054,3
330,0,0,38,0,16,3257,248073,2
330,1,0,31,8,10,3258,248095,7
330,23,0,35,3,4,3259,248674,5
330,1,1,30,7,9,3260,251076,7
330,1,2,35,0,7,3261,251781,7
330,11,0,38,4,4,3262,251880,6
330,3,0,34,1,13,3263,252574,9
330,1,2,27,0,10,3264,252675,6
330,2,1,12,0,0,3265,252697,0
330,0,1,5,1,1,3266,256271,1
330,2,0,34,5,1,3267,258364,6
330,3,1,33,2,11,3268,262268,3
330,0,2,33,2,2,3269,262788,3
330,1,3,35,0,15,3270,266564,6
330,16,0,29,4,4,3271,266728,6
330,4,0,37,1,7,3272,266792,8
330,0,0,36,0,14,3273,269411,9
330,0,0,35,1,10,3274,269424,11
330,3,0,35,1,11,3275,271620,6
330,12,0,37,4,2,3276,271704,5
330,4,0,37,7,2,3277,275225,2
330,6,1,26,2,0,3278,275739,3
330,7,0,30,2,0,3279,275901,8
330,2,0,30,6,0,3280,276259,2
330,1,2,30,1,8,3281,277618,3
330,1,1,28,0,13,3282,277806,5
330,6,0,36,1,9,3283,278086,9
350,25,0,30,3,6,3284,20801,2
350,0,1,17,0,0,3285,72741,1
350,0,0,34,0,9,3286,73562,2
350,0,0,30,0,10,3287,74699,4
350,21,0,29,9,2,3288,165153,1
350,14,0,34,4,7,3289,181291,0
350,17,1,32,3,6,3290,188567,1
350,1,1,30,0,9,3291,189881,3
350,0,0,33,0,14,3292,192984,2
350,0,0,31,1,14,3293,200724,4
350,2,1,30,0,10,3294,201024,2
350,9,0,30,5,3,3295,203980,4
350,8,0,31,10,8,3296,204485,4
350,14,0,32,11,6,3297,208722,4
350,1,2,27,0,7,3298,208965,9
350,2,0,32,1,9,3299,209499,8
350,6,0,28,7,0,3300,209888,1
350,0,0,31,0,9,3301,209981,2
350,15,0,32,15,7,3302,210602,3
350,1,0,26,1,3,3303,211152,8
350,10,0,33,4,0,3304,211395,3
350,5,0,29,7,5,3305,212207,4
350,23,0,30,4,6,3306,212228,5
350,21,1,26,2,7,3307,213761,4
350,4,0,31,3,8,3308,215914,5
350,2,0,28,5,3,3309,216352,12
350,5,0,31,1,10,3310,216774,7
350,0,0,25,1,5,3311,222709,10
350,9,0,30,10,5,3312,222737,3
350,11,0,17,3,2,3313,223627,2
350,12,0,31,6,4,3314,223848,3
350,1,0,26,8,8,3315,224293,6
350,0,1,15,0,3,3316,225316,2
350,13,0,25,7,1,3317,225953,4
350,1,1,29,0,9,3318,226515,5
350,2,1,19,7,1,3319,226766,3
350,0,0,22,0,0,3320,230713,9
350,0,1,29,0,5,3321,230762,8
350,2,0,30,5,8,3322,230938,8
350,0,0,28,5,7,3323,230965,12
350,1,0,24,3,3,3324,231801,10
350,1,1,14,0,3,3325,231821,3
350,0,1,11,1,3,3326,234134,4
350,0,0,30,0,8,3327,234200,4
350,15,0,34,0,4,3328,234333,1
350,20,1,28,5,5,3329,234579,6
350,0,0,28,1,12,3330,234642,0
350,12,0,30,4,3,3331,234906,5
350,0,0,33,7,6,3332,234930,3
350,0,1,4,0,0,3333,235551,0
350,0,0,28,0,4,3334,235890,11
350,7,0,29,7,1,3335,238043,3
350,1,1,30,2,11,3336,238160,7
350,4,0,30,6,2,3337,241809,5
350,5,1,24,14,4,3338,241852,4
350,0,2,13,0,3,3339,241862,2
350,13,0,33,3,3,3340,242374,1
350,0,0,27,0,5,3341,242506,11
350,3,1,14,1,0,3342,242893,5
350,1,2,26,1,4,3343,243854,2
350,0,1,11,1,0,3344,245420,2
350,8,1,13,0,2,3345,247172,4
350,5,0,31,1,8,3346,247257,8
350,0,0,31,1,5,3347,250952,8
350,2,1,30,6,6,3348,254685,6
350,12,0,32,1,2,3349,255487,4
350,1,0,31,1,8,3350,256130,9
350,3,0,32,9,1,3351,256688,3
350,13,0,28,6,3,3352,259265,4
350,1,1,22,1,4,3353,260010,4
350,0,1,5,0,0,3354,260250,0
350,3,2,28,1,1,3355,261357,2
350,0,2,31,2,7,3356,261737,4
350,1,0,32,3,12,3357,262151,4
350,2,0,30,1,4,3358,263182,9
350,5,0,31,10,4,3359,263824,6
350,8,0,26,7,1,3360,263893,4
350,0,1,30,1,10,3361,263976,2
350,1,0,30,0,12,3362,266797,7
350,1,1,15,2,0,3363,270000,1
350,0,0,21,5,0,3364,270331,8
350,1,0,25,6,0,3365,272829,2
350,0,1,31,1,3,3366,272906,11
350,0,0,30,1,6,3367,275549,8
350,0,1,20,1,0,3368,275557,3
350,0,1,17,0,0,3369,276609,3
350,0,1,15,2,2,3370,277233,4
350,0,0,26,0,2,3371,277474,8
350,17,0,24,2,2,3372,277797,2
351,0,1,12,1,3,3373,70192,1
351,1,1,18,2,0,3374,70805,3
351,1,1,28,1,5,3375,73098,4
351,0,0,2,0,0,3376,73103,1
351,0,1,2,0,0,3377,73104,1
351,0,0,4,0,0,3378,73659,1
351,0,0,2,0,0,3379,74756,1
351,4,0,22,5,0,3380,75033,0
351,0,0,1,0,0,3381,77387,1
351,3,0,26,6,1,3382,180903,4
351,10,0,26,1,3,3383,182091,2
351,1,0,21,0,6,3384,189155,2
351,10,0,27,1,2,3385,190644,1
351,1,0,25,3,5,3386,192241,6
351,2,1,28,0,7,3387,193143,2
351,1,0,16,1,0,3388,199000,7
351,2,0,26,2,3,3389,199159,7
351,1,0,26,2,8,3390,199218,2
351,2,0,27,0,11,3391,202157,4
351,10,0,25,4,4,3392,202676,2
351,7,0,26,1,0,3393,206147,0
351,3,0,25,4,11,3394,208520,2
351,0,0,4,0,1,3395,209210,0
351,0,0,19,0,5,3396,210368,2
351,3,0,21,7,1,3397,210484,2
351,1,0,27,2,5,3398,210826,6
351,1,0,18,5,2,3399,211785,4
351,2,0,3,0,0,3400,212075,0
351,0,1,22,2,1,3401,213094,1
351,0,0,19,1,3,3402,219392,7
351,6,0,26,11,0,3403,220708,5
351,9,0,24,7,2,3404,221587,0
351,7,0,30,3,0,3405,222540,1
351,0,1,3,0,0,3406,225757,0
351,2,0,24,1,7,3407,228416,6
351,9,0,28,2,2,3408,231065,2
351,3,1,21,0,1,3409,231634,4
351,3,0,24,1,5,3410,232162,7
351,2,0,12,4,1,3411,232861,2
351,3,0,29,6,0,3412,234867,4
351,11,0,21,2,0,3413,236757,4
351,2,0,28,8,9,3414,237268,2
351,2,1,25,3,8,3415,237333,6
351,8,0,27,0,4,3416,239458,3
351,1,1,22,2,0,3417,240580,1
351,1,0,22,7,3,3418,240710,6
351,1,0,28,1,10,3419,241861,7
351,2,0,28,5,5,3420,242154,8
351,2,0,26,8,1,3421,242764,1
351,9,0,28,2,6,3422,243966,0
351,4,0,28,3,9,3423,246007,4
351,5,0,19,5,5,3424,246009,2
351,1,0,21,1,2,3425,247336,6
351,1,0,20,4,0,3426,247889,0
351,4,0,25,1,3,3427,252698,6
351,3,0,27,1,12,3428,252700,6
351,1,0,23,1,2,3429,253153,6
351,4,0,27,0,12,3430,254143,6
351,12,0,26,6,3,3431,257326,7
351,4,0,20,2,0,3432,259476,8
351,0,0,15,0,9,3433,259723,2
351,8,0,18,1,0,3434,259726,0
351,2,0,26,6,5,3435,259767,3
351,0,0,23,0,8,3436,260004,3
351,7,0,25,4,0,3437,262039,1
351,0,1,20,0,5,3438,262434,0
351,13,0,26,0,0,3439,262648,0
351,0,1,23,0,1,3440,262722,5
351,13,0,24,2,1,3441,262748,4
351,1,0,21,3,2,3442,263786,6
351,16,0,29,6,1,3443,263844,2
351,0,0,28,0,13,3444,263851,1
351,9,0,24,1,2,3445,263982,2
351,0,0,29,0,13,3446,267599,2
351,0,0,3,0,1,3447,268416,0
351,9,0,26,4,0,3448,269475,0
351,6,0,13,7,0,3449,272562,1
351,0,0,3,0,0,3450,272708,1
351,2,0,23,1,3,3451,273526,7
351,0,0,30,6,7,3452,275134,4
351,2,0,23,1,4,3453,277524,6
351,7,0,26,6,1,3454,277549,0
353,1,0,24,2,0,3455,70198,8
353,1,1,6,0,3,3456,70700,1
353,0,2,10,1,5,3457,71078,2
353,2,0,18,3,11,3458,71230,5
353,13,0,21,1,1,3459,198347,7
353,0,1,22,0,7,3460,211269,10
353,0,0,19,4,2,3461,214660,3
353,4,0,27,5,7,3462,214971,1
353,0,0,23,1,12,3463,215057,7
353,0,1,21,0,5,3464,215065,8
353,0,0,27,0,15,3465,215069,2
353,0,1,4,0,1,3466,215178,1
353,2,0,21,5,2,3467,215199,9
353,1,1,9,0,3,3468,215228,4
353,0,0,26,0,11,3469,215251,5
353,7,0,19,1,1,3470,215334,1
353,5,0,5,1,2,3471,219536,1
353,9,0,27,4,2,3472,219553,3
353,0,0,14,0,5,3473,219841,8
353,11,0,22,1,5,3474,219862,5
353,1,0,25,2,11,3475,221053,2
353,0,0,18,1,9,3476,221952,8
353,0,2,25,0,9,3477,221990,8
353,7,1,19,3,2,3478,224510,0
353,9,0,27,1,3,3479,226286,2
353,1,0,9,4,0,3480,226377,0
353,2,2,19,1,5,3481,226616,5
353,1,1,23,0,12,3482,226772,7
353,3,0,19,5,2,3483,226797,1
353,12,0,27,4,5,3484,227528,4
353,2,0,21,0,5,3485,228959,9
353,0,1,21,2,6,3486,231507,10
353,4,1,22,1,5,3487,232244,8
353,0,0,25,0,12,3488,232255,11
353,0,0,9,4,3,3489,233092,1
353,0,0,25,0,7,3490,233814,8
353,4,0,22,6,5,3491,233959,4
353,3,0,25,4,0,3492,234108,4
353,0,0,26,0,5,3493,234466,9
353,0,0,27,0,14,3494,235004,4
353,5,0,25,10,9,3495,235467,4
353,3,1,25,4,6,3496,236803,3
353,0,1,9,0,1,3497,237576,1
353,2,0,26,1,11,3498,238518,4
353,0,0,22,0,8,3499,240640,8
353,7,0,22,3,3,3500,240663,4
353,0,1,8,0,0,3501,241568,2
353,0,1,6,0,0,3502,241930,2
353,1,0,27,5,2,3503,242342,3
353,0,0,25,0,3,3504,242485,8
353,0,0,25,1,12,3505,243759,1
353,9,0,27,0,2,3506,243977,3
353,7,0,22,1,1,3507,245461,4
353,0,1,26,0,13,3508,246610,2
353,0,0,25,4,2,3509,246770,3
353,0,0,23,0,11,3510,251138,3
353,0,1,6,0,0,3511,251213,1
353,1,2,9,0,2,3512,251686,2
353,0,0,22,0,11,3513,252044,7
353,7,1,20,3,2,3514,253242,7
353,0,0,26,0,12,3515,253271,2
353,0,0,24,0,13,3516,253354,0
353,6,0,13,2,2,3517,255217,1
353,0,1,9,1,0,3518,255352,0
353,3,0,23,5,9,3519,255878,2
353,0,1,15,0,4,3520,255879,7
353,4,0,18,4,1,3521,255925,4
353,0,0,22,0,11,3522,256524,6
353,6,0,26,3,3,3523,257338,5
353,0,0,26,0,15,3524,259273,0
353,8,0,23,1,2,3525,259579,1
353,6,0,19,1,2,3526,261160,2
353,6,1,20,0,1,3527,261161,1
353,1,1,26,1,13,3528,261262,4
353,1,1,7,0,0,3529,262283,3
353,10,0,25,1,2,3530,263229,2
353,0,2,13,1,0,3531,264147,1
353,0,0,24,0,13,3532,264365,5
353,0,0,27,5,10,3533,266171,0
353,0,2,9,0,0,3534,267853,1
353,0,0,22,0,11,3535,267860,7
353,6,1,25,3,2,3536,269619,2
353,0,1,8,0,0,3537,271277,0
353,1,0,19,0,0,3538,271344,8
353,0,1,20,0,7,3539,271969,11
353,3,0,18,5,1,3540,272734,3
353,0,0,25,2,6,3541,272844,9
353,6,0,27,2,8,3542,273080,3
353,0,1,8,0,2,3543,273767,0
353,0,2,19,0,6,3544,274382,4
353,0,2,13,1,0,3545,274401,1
353,5,0,25,6,3,3546,275205,1
353,0,1,7,0,1,3547,276820,0
353,3,0,20,4,0,3548,277517,1
353,3,0,18,6,0,3549,277794,1
353,1,0,21,0,4,3550,278436,9
353,1,0,18,4,0,3551,278454,2
1003,4,0,4,0,0,3552,70712,3
1003,0,0,1,1,0,3553,71646,0
1003,0,0,1,0,0,3554,78101,1
1003,3,0,6,2,0,3555,79402,2
1003,1,1,10,1,1,3556,181872,4
1003,2,0,5,0,0,3557,191856,0
1003,0,1,7,0,2,3558,193241,2
1003,1,0,6,0,3,3559,193601,0
1003,2,0,5,0,0,3560,198628,1
1003,0,0,8,1,4,3561,199669,0
1003,0,0,12,0,5,3562,202089,1
1003,0,1,8,2,2,3563,203843,1
1003,0,0,11,2,0,3564,204691,3
1003,0,0,5,1,1,3565,205119,3
1003,1,0,10,0,2,3566,213846,3
1003,0,0,14,0,5,3567,214294,3
1003,1,1,11,0,6,3568,214436,2
1003,0,0,12,0,7,3569,214584,2
1003,0,0,9,1,3,3570,214838,3
1003,1,0,9,1,0,3571,215036,3
1003,0,0,1,1,1,3572,215071,0
1003,0,0,14,0,5,3573,215086,3
1003,4,0,2,0,0,3574,215292,0
1003,1,0,13,0,5,3575,219576,2
1003,6,0,11,2,4,3576,219862,2
1003,3,0,10,0,0,3577,223593,1
1003,1,0,7,2,1,3578,224317,0
1003,0,0,6,2,1,3579,226386,2
1003,0,1,1,0,0,3580,228136,0
1003,2,0,8,0,0,3581,228179,4
1003,0,1,3,0,0,3582,228271,0
1003,0,0,12,2,5,3583,229015,3
1003,3,0,6,1,0,3584,231050,1
1003,0,0,7,2,0,3585,233029,1
1003,1,1,6,0,1,3586,233814,3
1003,0,0,6,2,1,3587,234037,1
1003,0,0,8,0,5,3588,236241,0
1003,0,0,7,0,4,3589,236267,2
1003,1,0,11,1,4,3590,236382,1
1003,0,0,6,0,3,3591,236441,1
1003,0,1,1,0,0,3592,237644,0
1003,0,0,7,1,0,3593,237994,3
1003,1,0,10,3,3,3594,241602,1
1003,1,0,5,2,0,3595,242426,3
1003,3,0,14,2,3,3596,242971,4
1003,2,0,5,0,0,3597,245357,0
1003,3,0,11,1,1,3598,245461,3
1003,3,0,8,0,0,3599,246471,1
1003,0,1,13,1,3,3600,246840,4
1003,0,0,1,0,1,3601,247150,0
1003,0,0,7,0,1,3602,248191,3
1003,3,0,6,1,0,3603,251030,3
1003,3,0,12,6,4,3604,252935,2
1003,0,0,1,0,0,3605,252962,1
1003,0,1,5,0,1,3606,253278,0
1003,0,0,5,0,3,3607,253713,0
1003,0,0,4,2,1,3608,254628,0
1003,0,1,5,0,0,3609,254941,0
1003,0,1,5,0,2,3610,255457,2
1003,2,0,3,1,1,3611,255472,0
1003,4,0,5,0,0,3612,258194,0
1003,1,1,13,0,4,3613,259298,2
1003,0,1,1,0,0,3614,259543,0
1003,0,0,4,2,0,3615,261015,3
1003,1,0,6,0,1,3616,262881,4
1003,2,0,4,0,0,3617,265627,0
1003,0,0,8,0,5,3618,265993,2
1003,3,0,8,0,0,3619,266648,3
1003,2,0,12,1,5,3620,266844,3
1003,6,0,12,1,1,3621,267406,0
1003,0,1,7,0,0,3622,268396,1
1003,0,0,7,3,0,3623,269620,3
1003,0,0,6,2,0,3624,271417,0
1003,2,0,5,0,1,3625,273604,3
1003,2,0,3,0,1,3626,274254,0
1003,1,0,6,2,0,3627,274559,2
1003,0,0,12,0,4,3628,275371,2
1003,0,0,5,1,1,3629,277786,4
1014,2,0,7,1,1,3630,69957,1
1014,0,1,5,1,0,3631,70198,3
1014,0,0,1,0,0,3632,70680,1
1014,0,0,1,0,0,3633,71078,1
1014,0,0,1,0,1,3634,71230,0
1014,0,0,7,1,3,3635,71231,1
1014,0,1,4,0,1,3636,72006,0
1014,1,0,4,2,1,3637,72382,1
1014,0,1,1,0,0,3638,72905,0
1014,0,1,8,0,1,3639,167663,1
1014,0,0,9,0,5,3640,173373,1
1014,2,0,4,0,1,3641,179752,0
1014,5,0,6,0,0,3642,179813,1
1014,0,0,9,0,5,3643,193359,0
1014,3,0,7,0,1,3644,198347,2
1014,0,0,3,3,0,3645,202556,1
1014,0,1,8,0,3,3646,204539,4
1014,0,0,1,0,0,3647,209744,1
1014,3,0,10,3,0,3648,210513,0
1014,0,0,8,1,1,3649,211269,5
1014,0,0,1,0,0,3650,214177,1
1014,0,0,9,1,3,3651,214226,3
1014,0,0,4,0,3,3652,215123,1
1014,0,0,7,2,3,3653,215228,1
1014,2,0,6,0,1,3654,215353,1
1014,0,0,1,0,0,3655,216385,1
1014,5,0,11,1,0,3656,219797,2
1014,0,0,1,0,0,3657,220851,1
1014,3,0,6,0,1,3658,222065,1
1014,0,1,10,0,2,3659,222418,2
1014,0,0,8,0,3,3660,222830,4
1014,0,0,13,0,5,3661,223249,1
1014,7,0,11,0,2,3662,224510,2
1014,0,0,4,0,1,3663,224524,2
1014,0,0,9,2,0,3664,228415,1
1014,0,0,1,0,0,3665,228730,1
1014,1,0,1,0,0,3666,228748,0
1014,2,0,7,0,0,3667,233585,2
1014,3,0,10,0,0,3668,233710,0
1014,2,0,12,5,2,3669,235467,2
1014,1,0,3,0,0,3670,238230,3
1014,1,0,1,0,0,3671,241601,0
1014,2,0,12,2,0,3672,242081,3
1014,0,0,1,0,0,3673,242548,1
1014,3,0,9,1,1,3674,243545,1
1014,3,0,11,2,0,3675,244205,0
1014,0,0,4,0,1,3676,245061,3
1014,0,0,13,0,5,3677,246033,2
1014,0,0,9,2,3,3678,247156,0
1014,1,0,4,2,1,3679,248207,2
1014,0,0,5,0,1,3680,248868,3
1014,0,0,3,0,0,3681,251132,2
1014,10,0,13,4,2,3682,253242,3
1014,0,0,4,2,1,3683,253322,0
1014,1,0,9,2,0,3684,253952,4
1014,0,0,9,0,5,3685,254062,1
1014,0,0,9,0,5,3686,254172,1
1014,0,0,7,2,3,3687,254210,0
1014,0,0,1,0,0,3688,254601,1
1014,1,0,5,2,0,3689,254725,0
1014,0,0,3,0,0,3690,254754,2
1014,3,0,10,0,1,3691,255878,2
1014,0,0,8,3,3,3692,257185,1
1014,2,0,6,1,1,3693,259271,0
1014,2,0,7,2,2,3694,259789,1
1014,2,0,8,5,0,3695,259797,1
1014,1,0,12,0,3,3696,260233,4
1014,0,1,6,0,0,3697,260267,2
1014,0,0,4,0,1,3698,261000,3
1014,1,0,7,2,4,3699,261989,1
1014,2,0,4,0,1,3700,263518,0
1014,0,0,7,0,3,3701,267902,2
1014,0,0,7,1,3,3702,267931,1
1014,0,0,11,1,4,3703,269796,0
1014,2,0,3,1,0,3704,272990,0
1014,0,0,7,0,1,3705,273538,3
1014,0,1,4,0,1,3706,273767,1
1014,0,0,6,0,1,3707,273768,3
1014,3,0,4,0,0,3708,273843,0
1014,0,0,7,0,4,3709,274046,1
1014,0,0,9,0,4,3710,274266,2
1014,0,0,5,0,4,3711,274564,1
1014,0,0,6,0,4,3712,275003,0
1014,1,0,8,2,1,3713,275343,2
1014,0,0,7,0,3,3714,278436,0
1014,0,0,6,1,0,3715,279918,3
1014,2,0,9,0,0,3716,279919,3
1014,5,0,9,0,0,3717,279922,1
2076,1,0,29,4,3,3718,70289,9
2076,3,1,19,1,0,3719,71177,1
2076,13,0,32,1,0,3720,71178,5
2076,1,0,26,0,2,3721,72531,10
2076,4,2,20,2,0,3722,72675,4
2076,0,0,38,0,12,3723,72755,1
2076,1,1,13,0,0,3724,72769,4
2076,0,0,35,0,14,3725,206145,0
2076,0,0,36,0,10,3726,208776,0
2076,15,0,33,6,5,3727,211732,5
2076,10,0,26,3,0,3728,212248,2
2076,9,1,28,3,0,3729,216255,6
2076,7,2,34,0,0,3730,216377,3
2076,5,1,14,0,0,3731,220881,1
2076,0,0,31,0,11,3732,223678,4
2076,2,0,35,4,14,3733,223680,6
2076,6,0,35,3,8,3734,224395,11
2076,15,0,36,7,2,3735,224518,4
2076,4,0,25,7,1,3736,224662,1
2076,12,0,33,1,1,3737,225735,2
2076,3,0,32,5,4,3738,227932,15
2076,2,1,16,2,0,3739,229354,7
2076,0,0,35,4,9,3740,229487,8
2076,1,1,14,0,1,3741,231379,3
2076,14,0,34,4,3,3742,231424,7
2076,10,0,32,2,0,3743,233707,8
2076,2,1,35,1,8,3744,234279,11
2076,6,0,37,6,1,3745,234385,9
2076,17,0,30,2,1,3746,234631,6
2076,0,0,36,0,11,3747,235141,3
2076,18,0,37,3,1,3748,235157,7
2076,6,0,25,3,1,3749,238637,10
2076,11,0,27,5,3,3750,238643,2
2076,5,1,31,3,3,3751,238684,12
2076,0,0,17,2,5,3752,238692,10
2076,0,1,31,1,9,3753,238963,6
2076,1,0,35,2,5,3754,239494,11
2076,1,0,33,1,9,3755,239634,10
2076,3,2,31,2,7,3756,239903,3
2076,12,0,37,12,2,3757,240329,2
2076,0,1,16,1,2,3758,240335,1
2076,1,0,29,6,1,3759,241967,7
2076,0,0,19,6,0,3760,241969,2
2076,0,0,32,1,7,3761,241995,12
2076,20,0,35,1,3,3762,243445,7
2076,0,0,33,0,11,3763,243959,2
2076,2,1,35,2,1,3764,244076,12
2076,2,1,32,2,11,3765,244133,6
2076,2,0,37,4,10,3766,252861,9
2076,0,0,38,0,10,3767,252911,3
2076,0,0,29,6,2,3768,255789,5
2076,2,0,32,7,7,3769,256954,5
2076,11,0,36,3,0,3770,257144,6
2076,2,2,30,0,0,3771,257183,4
2076,0,1,17,0,4,3772,257273,3
2076,2,0,31,1,9,3773,257286,5
2076,3,0,31,9,2,3774,257307,5
2076,8,0,22,0,0,3775,257399,4
2076,2,0,36,1,12,3776,257779,6
2076,0,0,38,0,14,3777,257914,1
2076,0,0,36,0,10,3778,258085,3
2076,0,0,36,3,10,3779,259453,6
2076,14,0,26,6,1,3780,259627,2
2076,3,1,30,4,3,3781,260186,9
2076,15,0,37,3,4,3782,261653,7
2076,3,1,17,2,1,3783,262029,5
2076,1,0,33,1,10,3784,262212,7
2076,0,1,35,0,12,3785,262635,8
2076,7,0,34,6,1,3786,263025,5
2076,3,0,35,3,7,3787,263065,14
2076,8,0,30,0,5,3788,263353,9
2076,0,0,28,6,6,3789,263841,3
2076,7,0,35,6,0,3790,263970,4
2076,3,0,25,0,4,3791,266109,11
2076,1,0,37,0,7,3792,269315,10
2076,6,0,35,6,2,3793,270014,13
2076,0,0,22,6,1,3794,270111,3
2076,0,1,16,0,2,3795,270116,2
2076,3,1,18,8,4,3796,270901,2
2076,1,0,35,7,0,3797,270994,9
2076,6,0,38,7,4,3798,273114,3
2076,0,1,14,0,3,3799,274565,4
2076,14,0,36,2,2,3800,276325,4
2076,0,1,16,0,0,3801,276429,3
2076,3,0,37,8,8,3802,276610,10
2076,2,2,32,3,5,3803,276668,6
2076,14,0,34,1,1,3804,278186,3
2076,0,2,16,0,4,3805,278832,1
2076,0,1,14,0,0,3806,278854,3
2076,10,0,38,4,0,3807,278893,4
2076,0,1,10,0,0,3808,279622,2
2076,2,1,31,4,0,3809,279623,9
2149,0,1,1,0,0,3810,71125,0
2149,2,0,17,4,2,3811,71926,1
2149,23,0,25,7,7,3812,74328,2
2149,7,0,21,3,3,3813,189573,2
2149,14,0,28,2,2,3814,190939,0
2149,2,0,26,1,14,3815,190962,6
2149,6,0,23,1,0,3816,200471,2
2149,0,1,18,0,2,3817,200727,0
2149,0,0,22,6,4,3818,203902,4
2149,7,0,22,4,3,3819,204882,4
2149,5,0,19,0,1,3820,205158,0
2149,2,0,23,3,7,3821,208602,7
2149,4,1,19,1,1,3822,210380,2
2149,12,0,25,2,6,3823,212232,4
2149,3,0,18,4,1,3824,214784,6
2149,7,0,25,6,0,3825,219948,4
2149,5,0,21,7,1,3826,223618,7
2149,3,0,20,5,0,3827,223746,5
2149,1,0,20,1,7,3828,223763,1
2149,0,0,26,0,8,3829,225213,3
2149,0,0,22,1,7,3830,230306,4
2149,6,1,24,2,7,3831,231932,2
2149,3,0,19,3,2,3832,233524,2
2149,6,1,22,4,2,3833,235754,5
2149,6,0,25,1,2,3834,240035,1
2149,3,1,23,1,5,3835,243568,7
2149,11,0,18,1,0,3836,244110,0
2149,0,0,26,0,15,3837,245164,2
2149,6,0,25,1,13,3838,245165,7
2149,0,0,18,3,2,3839,245170,2
2149,0,1,20,0,4,3840,248177,4
2149,3,0,26,0,10,3841,248265,7
2149,0,1,17,1,2,3842,248274,2
2149,0,1,18,1,0,3843,248289,5
2149,5,0,25,4,8,3844,248300,2
2149,0,0,14,0,2,3845,248302,6
2149,1,0,21,2,9,3846,248311,4
2149,2,0,22,0,4,3847,248313,6
2149,0,1,17,1,0,3848,248318,3
2149,0,1,13,1,1,3849,248327,3
2149,7,0,26,0,0,3850,250884,6
2149,0,1,12,0,0,3851,253035,2
2149,2,1,19,1,0,3852,253505,2
2149,2,1,18,0,0,3853,253508,4
2149,0,0,24,3,8,3854,253704,5
2149,1,0,22,0,12,3855,253712,8
2149,0,0,24,0,8,3856,254092,5
2149,1,1,16,2,1,3857,256304,3
2149,3,0,20,4,2,3858,256994,1
2149,0,1,10,0,0,3859,257685,0
2149,0,0,21,0,2,3860,259175,6
2149,2,1,20,1,2,3861,259560,2
2149,0,0,20,0,8,3862,259729,1
2149,1,0,23,0,10,3863,259730,3
2149,0,0,24,0,7,3864,260106,2
2149,1,0,28,3,9,3865,260147,4
2149,0,0,18,0,4,3866,262048,8
2149,5,0,22,1,14,3867,263725,6
2149,1,1,21,0,2,3868,264362,8
2149,0,0,22,2,4,3869,264499,6
2149,0,0,19,0,7,3870,265460,2
2149,1,0,23,3,4,3871,270735,7
2149,7,0,19,5,1,3872,270741,2
2149,0,1,21,0,3,3873,270742,6
2149,2,3,18,0,4,3874,271396,4
2149,2,0,23,5,1,3875,271664,4
2149,7,0,24,2,2,3876,271900,1
2149,2,0,22,3,0,3877,272312,1
2149,1,2,17,2,1,3878,275682,2
2149,5,0,24,4,2,3879,277360,3
2149,0,0,21,3,2,3880,277490,3
2149,0,1,15,1,3,3881,277491,6
2149,2,0,21,1,4,3882,278197,6
2149,0,0,10,3,0,3883,278234,1
2149,0,1,5,0,0,3884,278670,0
2215,12,0,22,2,5,3885,73014,1
2215,1,1,21,0,1,3886,73022,2
2215,10,0,21,1,6,3887,73023,3
2215,5,0,19,3,1,3888,73028,5
2215,0,0,3,1,0,3889,73237,0
2215,0,0,3,0,1,3890,73652,1
2215,0,0,20,1,0,3891,73715,6
2215,0,0,6,0,0,3892,74791,1
2215,0,0,4,0,0,3893,74806,1
2215,0,0,5,0,2,3894,75933,0
2215,7,0,20,3,7,3895,226302,2
2215,1,0,20,6,6,3896,227337,4
2215,4,0,18,0,7,3897,238470,1
2215,3,0,22,4,7,3898,239344,1
2215,0,0,20,2,7,3899,239756,1
2215,17,0,20,1,4,3900,240717,2
2215,5,0,12,3,4,3901,243404,2
2215,11,0,22,3,5,3902,244302,0
2215,0,0,16,0,7,3903,247477,3
2215,0,0,19,1,7,3904,247788,1
2215,0,0,12,0,6,3905,247789,1
2215,5,0,19,1,3,3906,247790,4
2215,2,0,17,4,1,3907,247791,1
2215,7,0,22,14,1,3908,248822,0
2215,0,0,20,0,8,3909,257530,4
2215,14,0,22,5,6,3910,259287,0
2215,4,0,19,5,1,3911,261740,1
2215,14,0,22,5,5,3912,261773,0
2215,2,1,18,2,6,3913,264886,1
2215,2,0,17,1,0,3914,264890,4
2215,2,0,22,5,0,3915,264891,0
2215,0,0,20,0,9,3916,264915,0
2215,2,0,20,0,8,3917,264924,4
2215,1,1,20,3,4,3918,264925,0
2215,1,0,10,5,5,3919,264933,2
2215,10,0,20,7,5,3920,264936,3
2215,5,0,20,8,2,3921,264939,0
2215,0,0,22,5,2,3922,264940,2
2215,14,0,22,6,2,3923,264947,0
2215,5,0,11,2,1,3924,264950,1
2215,0,0,22,0,8,3925,264995,0
2215,1,1,19,0,1,3926,265007,3
2215,3,1,20,1,5,3927,265014,5
2215,16,0,20,3,2,3928,265025,0
2215,0,1,16,0,1,3929,265028,0
2215,2,0,18,3,7,3930,265042,4
2215,1,0,21,0,7,3931,265052,5
2215,0,0,22,0,11,3932,265054,1
2215,8,0,20,4,2,3933,265057,3
2215,6,0,20,6,2,3934,265058,1
2215,11,0,21,5,0,3935,265059,4
2215,4,0,21,2,8,3936,265063,0
2215,4,0,22,1,8,3937,265069,2
2215,0,0,19,0,7,3938,265076,0
2215,0,1,7,0,1,3939,265116,1
2215,0,0,20,5,4,3940,265121,2
2215,0,1,16,0,1,3941,265122,1
2215,2,0,21,5,3,3942,265126,6
2215,0,0,6,0,1,3943,265166,0
2215,10,0,22,3,4,3944,265377,2
2215,0,0,20,2,0,3945,265383,4
2215,1,1,19,4,6,3946,265409,3
2215,0,0,20,1,7,3947,265703,5
2215,0,1,19,0,1,3948,265896,2
2215,4,0,17,3,2,3949,267389,6
2215,3,0,19,0,1,3950,268451,6
2215,1,0,22,7,5,3951,271839,2
2215,0,0,12,0,8,3952,271860,0
2215,1,0,19,2,2,3953,271952,5
2215,1,0,15,2,0,3954,272274,4
2215,6,0,21,5,2,3955,272338,3
2215,4,0,19,1,4,3956,272341,4
2215,0,0,2,0,1,3957,272342,0
2215,0,1,20,0,6,3958,273403,1
2215,0,0,6,1,0,3959,274846,0
2215,1,0,17,0,7,3960,274847,2
2215,7,0,21,1,1,3961,275904,0
2215,2,0,20,1,2,3962,276505,4
2215,1,1,6,1,0,3963,279695,1
2216,0,0,3,0,0,3964,72793,1
2216,0,0,19,0,1,3965,74741,5
2216,0,0,6,0,0,3966,76693,3
2216,4,0,20,5,1,3967,226350,1
2216,1,0,5,0,0,3968,227003,0
2216,3,0,22,4,3,3969,227115,4
2216,0,0,19,0,7,3970,227119,2
2216,2,0,19,3,6,3971,227246,1
2216,7,0,17,2,2,3972,227255,2
2216,8,0,17,0,3,3973,227323,0
2216,9,0,21,6,3,3974,227348,6
2216,0,0,5,1,3,3975,227383,1
2216,0,0,1,0,0,3976,228081,1
2216,7,0,11,1,0,3977,233746,1
2216,2,0,21,2,8,3978,233756,2
2216,8,0,22,3,2,3979,235657,3
2216,7,0,22,5,2,3980,235659,3
2216,9,0,21,5,4,3981,237288,2
2216,0,0,21,2,11,3982,238257,1
2216,7,0,22,2,3,3983,239761,1
2216,4,0,21,4,3,3984,241491,0
2216,1,0,5,0,0,3985,244064,0
2216,7,0,21,3,3,3986,245802,1
2216,1,0,20,5,1,3987,245872,1
2216,4,0,18,0,6,3988,245882,6
2216,12,0,14,1,1,3989,246219,2
2216,0,0,12,1,1,3990,246235,4
2216,2,0,19,0,6,3991,246426,1
2216,1,0,16,1,6,3992,247461,2
2216,4,0,22,5,4,3993,248728,1
2216,6,0,17,7,2,3994,248799,0
2216,0,0,18,2,5,3995,250751,1
2216,8,0,19,1,1,3996,256489,0
2216,2,0,10,8,1,3997,257008,1
2216,0,0,15,0,10,3998,258680,0
2216,12,0,21,2,8,3999,258980,0
2216,2,0,21,3,7,4000,262093,3
2216,6,0,18,3,1,4001,262330,0
2216,0,0,12,2,5,4002,263007,0
2216,0,0,22,0,13,4003,263009,1
2216,0,0,21,1,12,4004,263012,2
2216,2,0,21,3,6,4005,264875,2
2216,2,0,22,6,4,4006,264896,1
2216,10,0,12,0,0,4007,264950,2
2216,0,0,11,3,3,4008,264955,1
2216,0,0,3,0,0,4009,265002,1
2216,3,1,19,4,4,4010,265024,7
2216,1,1,20,5,6,4011,265239,5
2216,0,0,18,1,1,4012,265243,5
2216,3,0,19,0,2,4013,265246,5
2216,3,0,19,4,0,4014,265274,0
2216,5,0,18,2,6,4015,265275,0
2216,0,1,18,2,1,4016,265292,3
2216,3,0,22,1,13,4017,265293,4
2216,8,0,21,0,7,4018,265333,4
2216,0,1,18,2,3,4019,265336,4
2216,0,0,15,0,2,4020,265342,7
2216,0,0,20,1,1,4021,265352,4
2216,1,0,4,0,0,4022,265691,0
2216,10,0,20,5,5,4023,266254,0
2216,1,0,18,5,1,4024,266393,2
2216,0,0,19,0,4,4025,266551,6
2216,2,0,17,3,0,4026,266598,5
2216,2,0,22,0,2,4027,266915,4
2216,0,0,22,0,13,4028,267212,1
2216,1,0,4,0,0,4029,267300,0
2216,0,0,5,0,2,4030,267382,0
2216,9,0,22,0,3,4031,270407,1
2216,0,0,5,0,0,4032,271809,1
2216,0,1,13,1,0,4033,272011,0
2216,1,0,22,5,0,4034,272051,0
2216,0,0,4,0,1,4035,273469,0
2216,2,0,17,0,1,4036,274644,7
2216,0,1,4,0,0,4037,275457,0
2216,1,0,17,5,2,4038,275906,0
2216,6,0,18,4,0,4039,275923,0
2216,0,0,5,0,0,4040,275925,1
2216,3,0,17,1,0,4041,276299,4
2216,7,0,20,0,2,4042,276552,6
2216,1,0,3,0,0,4043,277963,0
2218,0,0,6,0,0,4044,71382,1
2218,0,0,10,0,0,4045,71978,4
2218,1,0,1,0,0,4046,72075,0
2218,1,1,21,0,4,4047,72438,1
2218,3,0,16,5,0,4048,73677,0
2218,0,0,4,0,1,4049,76312,0
2218,2,0,9,4,1,4050,77050,0
2218,0,0,4,0,0,4051,77825,1
2218,2,0,6,1,1,4052,226336,0
2218,7,0,20,2,6,4053,227327,1
2218,0,0,4,0,2,4054,227330,0
2218,7,0,15,3,3,4055,227350,0
2218,0,0,20,0,7,4056,227356,4
2218,0,0,11,0,7,4057,227357,0
2218,10,0,19,6,0,4058,227361,2
2218,12,0,17,8,2,4059,231432,0
2218,6,0,20,4,7,4060,237197,0
2218,18,0,20,7,8,4061,245697,1
2218,0,0,20,0,15,4062,245956,0
2218,12,0,20,4,5,4063,246272,1
2218,1,0,20,2,11,4064,246568,4
2218,0,0,19,0,10,4065,246641,1
2218,0,0,22,0,10,4066,247504,0
2218,7,0,19,2,9,4067,247513,1
2218,6,0,19,0,0,4068,247743,0
2218,1,0,19,1,8,4069,253469,2
2218,2,0,22,3,9,4070,264807,4
2218,11,0,22,7,5,4071,264864,0
2218,1,0,21,3,9,4072,264866,3
2218,1,0,14,0,4,4073,264884,4
2218,0,0,18,0,10,4074,264895,0
2218,0,0,21,4,4,4075,264905,3
2218,0,0,3,1,0,4076,264944,0
2218,0,0,22,6,5,4077,264963,1
2218,0,0,2,0,2,4078,264967,0
2218,6,0,17,4,1,4079,264968,0
2218,0,0,16,0,8,4080,264978,0
2218,0,0,20,5,8,4081,264980,2
2218,1,0,2,0,0,4082,265002,0
2218,0,0,18,1,0,4083,265096,8
2218,0,0,10,0,1,4084,265840,4
2218,1,0,20,0,4,4085,265859,5
2218,6,0,11,5,2,4086,265860,0
2218,7,0,21,2,4,4087,265861,0
2218,1,0,22,0,9,4088,265878,3
2218,0,0,23,3,11,4089,265879,1
2218,0,0,21,1,10,4090,265883,5
2218,0,0,4,0,1,4091,265890,0
2218,2,1,19,1,1,4092,265894,4
2218,16,0,19,7,8,4093,265898,1
2218,2,0,14,4,8,4094,265905,0
2218,1,1,18,1,1,4095,265917,2
2218,2,0,18,1,8,4096,265956,0
2218,0,1,20,0,4,4097,265969,5
2218,0,0,20,1,1,4098,265973,5
2218,1,0,18,0,5,4099,267297,4
2218,9,0,22,4,2,4100,267531,1
2218,9,0,20,4,4,4101,267660,5
2218,6,0,20,2,0,4102,268640,5
2218,2,2,16,0,0,4103,268643,3
2218,0,1,21,1,2,4104,269213,2
2218,0,0,5,0,1,4105,269943,0
2218,0,0,21,3,8,4106,269972,3
2218,0,0,18,0,2,4107,270708,4
2218,0,0,17,2,0,4108,271259,4
2218,1,0,20,0,3,4109,271890,6
2218,0,0,20,0,4,4110,273478,5
2218,0,1,20,3,1,4111,275410,2
2218,7,0,18,4,0,4112,275916,1
2218,2,0,22,6,1,4113,276548,4
2218,10,0,20,4,3,4114,276765,3
2218,0,1,19,1,1,4115,276797,5
2218,0,0,21,1,0,4116,277173,5
2218,3,0,6,1,0,4117,277175,0
2218,0,0,14,0,4,4118,277866,4
2218,7,0,19,5,2,4119,278219,0
2221,1,0,22,1,4,4120,70110,5
2221,3,0,21,4,3,4121,71527,2
2221,3,0,28,0,5,4122,71560,8
2221,0,0,1,0,1,4123,71612,0
2221,7,0,25,1,3,4124,226316,1
2221,11,0,26,1,8,4125,226890,4
2221,4,0,24,5,1,4126,226893,0
2221,5,0,16,4,0,4127,226897,0
2221,1,0,26,5,1,4128,228724,1
2221,7,0,25,4,3,4129,232073,0
2221,0,0,27,1,8,4130,232074,5
2221,8,0,23,1,3,4131,232075,1
2221,2,0,10,3,0,4132,232202,0
2221,10,0,23,4,3,4133,233244,1
2221,3,0,23,0,7,4134,236641,1
2221,0,1,25,0,6,4135,237673,0
2221,0,0,25,0,8,4136,238212,2
2221,8,0,19,2,1,4137,241545,1
2221,2,0,25,0,10,4138,243262,3
2221,7,0,27,3,1,4139,243263,0
2221,7,0,26,2,2,4140,243403,3
2221,0,0,1,0,0,4141,243769,1
2221,2,0,22,4,6,4142,245839,2
2221,0,0,29,2,7,4143,247725,3
2221,0,0,3,0,0,4144,253175,2
2221,0,0,24,0,8,4145,258310,0
2221,12,1,20,6,3,4146,264012,1
2221,0,0,23,2,3,4147,265854,5
2221,0,0,29,0,14,4148,265856,1
2221,5,0,27,4,1,4149,266091,1
2221,8,1,25,1,1,4150,266094,0
2221,0,0,8,0,0,4151,266401,4
2221,0,1,29,0,7,4152,266816,0
2221,8,0,26,6,1,4153,266928,5
2221,0,0,23,0,1,4154,267202,5
2221,3,0,25,4,0,4155,267213,1
2221,0,0,22,0,9,4156,267219,0
2221,0,0,21,2,6,4157,267220,6
2221,5,1,27,6,4,4158,267227,2
2221,1,0,24,3,4,4159,267238,6
2221,0,1,26,0,5,4160,267247,1
2221,1,0,29,1,7,4161,267261,2
2221,6,0,25,6,0,4162,267268,3
2221,0,0,10,0,6,4163,267276,1
2221,7,0,24,4,0,4164,267278,1
2221,0,1,22,0,4,4165,267281,1
2221,1,1,15,0,0,4166,267293,1
2221,0,1,28,2,13,4167,267309,2
2221,5,0,21,2,2,4168,267318,5
2221,0,0,27,0,6,4169,267322,7
2221,6,0,26,1,9,4170,267336,3
2221,0,0,25,1,6,4171,267339,6
2221,1,0,21,0,7,4172,267371,4
2221,3,0,24,1,5,4173,267384,6
2221,1,1,24,0,3,4174,267386,2
2221,0,0,3,0,0,4175,267505,1
2221,1,0,29,2,9,4176,267519,3
2221,0,1,10,2,0,4177,268262,2
2221,1,0,3,0,0,4178,268302,1
2221,0,1,22,2,1,4179,271893,3
2221,5,0,22,4,4,4180,272076,7
2221,1,0,3,0,0,4181,272084,0
2221,2,0,23,0,3,4182,272114,6
2221,2,0,15,1,3,4183,272206,5
2221,0,0,3,0,1,4184,272700,0
2221,5,0,12,0,0,4185,273271,2
2221,5,0,26,7,3,4186,273466,1
2221,1,0,28,3,14,4187,273468,2
2221,1,0,28,3,4,4188,273469,5
2221,0,0,26,1,5,4189,273470,5
2221,4,0,22,3,1,4190,273472,6
2221,0,0,1,0,1,4191,273478,0
2221,1,0,24,1,1,4192,273481,10
2221,7,0,23,0,0,4193,273488,0
2221,17,0,25,7,8,4194,276359,1
2221,21,0,27,6,10,4195,279799,1
2221,5,0,17,10,0,4196,279812,1
2221,5,0,15,3,0,4197,279908,0
2222,3,0,29,6,3,4198,72149,3
2222,1,0,24,1,1,4199,72215,7
2222,0,2,26,2,4,4200,72344,5
2222,3,1,27,0,4,4201,72910,1
2222,2,0,28,1,5,4202,74786,6
2222,1,1,18,1,4,4203,75255,4
2222,11,0,22,10,1,4204,227102,1
2222,16,0,24,11,5,4205,227203,1
2222,0,0,27,0,15,4206,227204,1
2222,2,0,22,6,1,4207,227344,1
2222,0,1,28,0,8,4208,228630,4
2222,4,1,23,3,0,4209,233576,3
2222,1,0,26,6,10,4210,236479,1
2222,7,0,25,8,4,4211,237289,2
2222,12,0,26,6,10,4212,241667,2
2222,25,0,28,10,10,4213,241846,1
2222,10,0,26,8,3,4214,245879,1
2222,7,0,22,3,9,4215,246630,2
2222,15,0,29,3,0,4216,246774,1
2222,9,0,16,1,0,4217,247530,0
2222,4,0,22,8,7,4218,253436,0
2222,1,0,29,1,14,4219,256302,2
2222,6,0,27,5,2,4220,259372,4
2222,0,0,30,6,11,4221,261843,2
2222,0,1,28,0,8,4222,261848,5
2222,0,0,28,0,8,4223,261853,8
2222,5,0,29,3,3,4224,262460,6
2222,10,0,27,7,3,4225,262531,3
2222,10,0,28,1,3,4226,262545,0
2222,10,0,26,5,0,4227,264089,4
2222,12,0,26,7,0,4228,264946,2
2222,1,0,29,2,1,4229,265171,8
2222,0,0,22,0,12,4230,268942,0
2222,0,0,29,0,5,4231,268948,8
2222,2,0,25,1,2,4232,268949,7
2222,7,0,17,3,3,4233,269404,1
2222,10,0,25,1,3,4234,271446,1
2222,5,1,27,6,3,4235,271742,4
2222,0,0,29,0,11,4236,272008,2
2222,3,0,26,0,9,4237,272012,9
2222,3,1,26,3,4,4238,272015,1
2222,0,1,20,2,0,4239,272017,1
2222,0,1,17,0,3,4240,272020,2
2222,0,0,28,0,3,4241,272032,7
2222,1,0,27,0,7,4242,272038,6
2222,4,0,28,1,0,4243,272048,6
2222,3,0,29,2,3,4244,272054,7
2222,0,0,25,0,2,4245,272059,6
2222,2,0,29,0,15,4246,272084,2
2222,4,0,29,9,7,4247,272094,3
2222,0,0,20,0,9,4248,272109,5
2222,1,1,19,2,0,4249,272116,2
2222,2,0,28,6,4,4250,272123,3
2222,2,0,26,3,11,4251,272125,2
2222,4,1,15,0,0,4252,272129,3
2222,2,1,25,3,5,4253,272153,5
2222,0,1,26,2,4,4254,272172,8
2222,4,0,29,3,11,4255,272201,8
2222,2,0,28,0,10,4256,272203,1
2222,0,1,9,0,2,4257,272210,0
2222,0,0,29,0,12,4258,272212,1
2222,0,1,27,0,10,4259,272213,1
2222,10,0,19,2,3,4260,272217,3
2222,1,0,24,3,9,4261,272228,1
2222,0,0,29,0,10,4262,272235,0
2222,0,0,24,0,7,4263,272254,6
2222,3,0,29,1,12,4264,272257,3
2222,7,0,28,3,3,4265,272266,2
2222,0,0,27,1,7,4266,273150,7
2222,7,0,25,4,1,4267,273153,1
2222,1,0,21,0,4,4268,275574,6
2222,0,1,14,0,7,4269,275576,1
2222,1,0,28,9,4,4270,275787,5
2222,0,0,25,1,8,4271,276519,7
2222,1,0,26,5,0,4272,276771,2
2222,0,0,26,0,4,4273,277145,10
2222,1,1,22,2,0,4274,277256,1
2222,11,0,28,1,4,4275,277278,3
2222,16,0,29,1,5,4276,277452,4
2222,2,1,28,2,3,4277,277573,2
2222,0,0,28,0,11,4278,278651,0
2222,2,1,21,0,0,4279,279191,1
