fl_lipUpper_NR_SCX_R_A,fl_eyelids_NR_ICX_R_A,fl_lipUpper_NL_SCX_D_U,fl_buccomandibularGroove_NR_XXX_L,mu_platysma_NR_ILX_N_W,fl_lipUpper_NL_SXX_B_F,mu_masseter_NR_XXX_L_M,fl_lipLower_NR_ICX_B_F,mu_platysma_NR_ILX_D,fl_lipLower_NL_IXX_R_A,fl_eyelids_NR_SLX_R_A,fl_lipUpper_NR_SLX_B_F,fl_lipLower_NL_IXX_B_F,fl_epicanthic_NL_XCX_D_U,fl_lipUpper_NL_SXX_R_A,fl_lipLower_NR_ILX_R_A,fl_lipUpper_NN_SMX_N_W,fl_lipLower_NR_ILX_D_U,fl_lipUpper_NL_SXX_D_U,mu_temporalis_NR_XXX_L_M,fl_lipLower_NR_ICX_D_U,fl_lip_NN_XMX_B_F,mu_trapezius_NN_SXX_L_M,fl_eyelids_NL_SLX_N_W,fl_eyelids_NR_ICX_D_U,fl_nasojugalGroove_NR_XXX_L_M,fl_lip_NR_XCX_D_U,mu_sternomastoid_NL_XXX_R_A,fl_eyelids_NL_XLX_D_U,fl_lipUpper_NR_SCX_D_U,mu_masseter_NL_XXX_L_M,fl_eyelids_NR_SMX_R_A,fl_lipLower_NR_SLX_B_F,fl_lip_NL_XLX_D_U,fl_lip_NN_XMX_R_A,fl_lipUpper_NR_ILX_R_A,fl_eyelids_NR_SCX_N_W,mu_platysma_NN_SMX_D_U,fl_lipUpper_NN_IMX_D_U,fl_eyelids_NR_ILX_D_U,fl_lipLower_NR_IXX_N_W,fl_nasojugalGroove_NL_XXX_L_M,fl_lipLower_NN_IMX_SL_SR,fl_lipLower_NL_SLX_R_A,fl_epicanthic_NR_XMX_D_U,fl_lipUpper_NL_ILX_B_F,mu_platysma_NL_SLX_D,fl_lipUpper_NR_SXX_N_W,mu_procerus_NN_XXX_D_U,fl_lipUpper_NL_ILX_R_A,fl_lipLower_NR_SLX_N_W,fl_lip_NR_XLX_D_U,fl_eyelids_NL_SLX_R_A,fl_lip_NL_XCX_N_W,fl_lipLower_NL_SLX_B_F,fl_eyelids_NL_SMX_R_A,fl_lipUpper_NR_ILX_N_W,fl_epicanthic_NR_XCX_B_F,fl_lipLower_NN_IMX_D_U,fl_eyelids_NL_SCX_D_U,fl_eyelids_NR_SLX_N_W,fl_lipLower_NL_IXX_N_W,fl_eyelids_NR_XLX_D_U,fl_eyelids_NR_SMX_N_W,fl_eyelids_NL_ILX_D_U,fl_oromentalGroove_NR_XXX_L,fl_epicanthic_NR_XLX_D_U,fl_nasolabialGroove_NL_SXX_L_M,fl_eyelids_NR_XMX_D_U,fl_lipUpper_NN_SMX_B_F,mu_platysma_NR_SLX_D,fl_buccalRecess_NL_XXX_D_U,fl_epicanthic_NL_XLX_D_U,fl_epicanthic_NR_XLX_R_A,fl_nasojugalGroove_NL_XXX_D_U,fl_lipLower_NR_IXX_R_A,fl_lipLower_NN_SMX_SL_SR,mu_procerus_NN_XXX_L_M,mu_platysma_NL_SLX_N_W,fl_lipLower_NN_IMX_R_A,fl_eyelids_NL_SCX_R_A,fl_lipUpper_NR_SXX_B_F,fl_lipLower_NN_IMX_B_F,fl_eyelids_NL_IMX_D_U,fl_epicanthic_NR_XCX_D_U,fl_lipLower_NL_SLX_N_W,fl_lipUpper_NL_SLX_D_U,fl_lipUpper_NN_SMX_R_A,fl_epicanthic_NL_XMX_N_W,fl_lip_NR_XLX_B_F,fl_lipLower_NL_ICX_D_U,fl_eyelids_NL_IMX_N_W,fl_buccalRecess_NR_XXX_L_M,fl_lipLower_NL_SLX_D_U,fl_lipUpper_NL_SLX_N_W,fl_epicanthic_NR_XMX_R_A,fl_lip_NN_XMX_N_W,fl_eyelids_NR_SCX_R_A,mu_platysma_NR_SLX_N_W,fl_epicanthic_NL_XLX_N_W,mu_trapezius_NN_SXX_D_U,fl_orbitalGroove_NL_IXX_L_M,fl_philtrum_NN_XXX_D_U,fl_eyelids_NR_ILX_R_A,fl_nasojugalGroove_NR_XXX_D_U,mu_corrugator_NR_XXX_D_U,fl_lipUpper_NR_ILX_D_U,mu_platysma_NN_IMX_D,fl_lip_NL_XLX_R_A,fl_eyelids_NL_SCX_N_W,fl_oromentalGroove_NL_XXX_L,fl_lip_NN_XMX_D_U,fl_lipLower_NN_IMX_N_W,fl_philtrum_NN_XXX_N_W,fl_eyelids_NR_SMX_D_U,fl_epicanthic_NL_XMX_B_F,fl_epicanthic_NR_XLX_N_W,fl_eyelids_NR_XMX_N_W,fl_eyelids_NL_SCX_F,fl_lipLower_NR_SLX_D_U,fl_lip_NL_XCX_D_U,fl_lipLower_NL_ICX_N_W,fl_mandibularGroove_NR_XXX_L,fl_lip_NR_XCX_R_A,fl_epicanthic_NL_XMX_R_A,fl_eyelids_NL_XLX_R_A,fl_lip_NL_XLX_B_F,fl_epicanthic_NR_XCX_N_W,fl_lipLower_NR_ICX_R_A,fl_chinCleft_NN_XXX_SL_SR,fl_lipUpper_NR_ILX_B_F,mu_sternomastoid_NL_XXX_L_M,fl_epicanthic_NL_XMX_D_U,fl_lipUpper_NR_SCX_B_F,fl_lip_NL_XCX_R_A,fl_nasolabialGroove_NL_IXX_L,fl_lipLower_NR_SLX_R_A,mu_corrugator_NL_XXX_L_M,fl_epicanthic_NL_XCX_R_A,fl_lip_NL_XCX_B_F,fl_lipUpper_NN_IMX_N_W,fl_chinCleft_NN_XXX_D_U,mu_corrugator_NL_XXX_D_U,fl_eyelids_NR_SLX_D_U,fl_nasolabialGroove_NR_SXX_L_M,fl_philtrum_NN_XXX_R_A,fl_epicanthic_NL_XLX_B_F,fl_eyelids_NR_XLX_N_W,fl_lipLower_NL_IXX_D_U,fl_lipLower_NL_ICX_B_F,fl_lipUpper_NL_SCX_R_A,fl_eyelids_NL_ILX_N_W,fl_eyelids_NR_SCX_D_U,fl_mandibularGroove_NL_XXX_L,fl_epicanthic_NL_XCX_B_F,fl_lipUpper_NN_IMX_SL_SR,fl_eyelids_NR_IMX_R_A,fl_lip_NR_XLX_N_W,fl_lipLower_NR_ILX_B_F,mu_corrugator_NR_XXX_L_M,fl_lipUpper_NL_SCX_B_F,fl_eyelids_NR_ICX_N_W,fl_lipLower_NL_ICX_R_A,fl_philtrum_NN_XXX_B_F,fl_eyelids_NL_XMX_R_A,fl_lipUpper_NR_SLX_R_A,fl_lip_NR_XCX_N_W,fl_lipUpper_NL_SLX_R_A,fl_epicanthic_NR_XMX_N_W,fl_lipUpper_NN_SMX_D_U,fl_lipLower_NR_ILX_N_W,fl_epicanthic_NR_XCX_R_A,fl_lipLower_NL_ILX_B_F,fl_eyelids_NL_IMX_R_A,fl_lipUpper_NR_SXX_D_U,fl_eyelids_NR_SCX_F,mu_platysma_NN_SMX_N_W,fl_lipLower_NL_ILX_R_A,fl_eyelids_NR_ILX_N_W,fl_buccalRecess_NR_XXX_D_U,fl_epicanthic_NL_XLX_R_A,fl_lipUpper_NL_SLX_B_F,fl_lipLower_NR_IXX_D_U,mu_sternomastoid_NR_XXX_L_M,mu_platysma_NL_ILX_D,fl_lipUpper_NN_IMX_B_F,fl_eyelids_NR_XMX_R_A,fl_eyelids_NL_ILX_R_A,fl_orbitalGroove_NR_IXX_L_M,fl_buccomandibularGroove_NL_XXX_L,mu_platysma_NL_ILX_N_W,fl_eyelids_NL_ICX_R_A,fl_eyelids_NR_XLX_R_A,fl_lip_NL_XLX_N_W,fl_lipLower_NN_SMX_R_A,mu_sternomastoid_NR_XXX_R_A,fl_eyelids_NL_SMX_D_U,fl_buccalRecess_NL_XXX_L_M,fl_eyelids_NL_ICX_D_U,fl_eyelids_NL_XMX_N_W,fl_lipLower_NN_SMX_D_U,fl_epicanthic_NR_XMX_B_F,fl_lipUpper_NR_SLX_N_W,fl_nasolabialGroove_NR_IXX_L,fl_lipUpper_NR_SCX_N_W,fl_lipUpper_NL_ILX_D_U,fl_epicanthic_NR_XLX_B_F,fl_eyelids_NL_XLX_N_W,fl_lip_NR_XLX_R_A,fl_eyelids_NL_SLX_D_U,fl_eyelids_NR_IMX_N_W,mu_temporalis_NL_XXX_L_M,fl_lipUpper_NL_SXX_N_W,fl_lipLower_NR_ICX_N_W,fl_lip_NR_XCX_B_F,fl_lipUpper_NN_SMX_SL_SR,fl_lipLower_NL_ILX_D_U,fl_lipLower_NN_SMX_B_F,fl_lipUpper_NR_SXX_R_A,fl_epicanthic_NL_XCX_N_W,fl_lipUpper_NN_IMX_R_A,fl_philtrum_NN_XXX_SL_SR,fl_lipLower_NL_ILX_N_W,fl_lipLower_NR_IXX_B_F,fl_eyelids_NL_ICX_N_W,fl_eyelids_NL_SMX_N_W,fl_eyelids_NL_XMX_D_U,fl_lipUpper_NL_SCX_N_W,fl_lipUpper_NR_SLX_D_U,fl_lipLower_NN_SMX_N_W,fl_lipUpper_NL_ILX_N_W,fl_eyelids_NR_IMX_D_U,assetid
-27,39,48,0,-8,-58,-34,19,0,-35,-1,11,-18,17,8,8,-42,40,-4,45,64,-34,14,7,-33,38,-21,10,46,40,-35,24,-66,52,16,-16,5,-11,-11,19,-24,31,26,33,12,-20,0,17,16,-21,-28,45,-2,-12,-68,26,-25,-13,74,52,6,-38,51,47,15,0,-64,-20,3,-38,0,26,-70,22,-3,-38,5,15,-28,-39,-16,-48,-15,84,30,-27,13,-41,-32,-19,61,3,-3,-9,-69,-22,24,-18,-27,-33,4,1,31,-6,0,-24,-13,0,30,0,0,28,25,78,4,-56,-31,41,0,-13,-15,-1,0,5,-22,-8,-10,-47,-13,-12,-16,17,9,-46,10,0,32,-64,0,-40,60,19,-18,33,-16,-10,44,-48,-10,23,-35,-14,56,0,-10,25,-6,40,41,-67,-39,-37,-12,19,46,-56,11,-47,-35,-18,-52,5,36,-3,-2,0,76,4,-14,24,26,11,-8,18,0,-16,46,-7,15,0,-9,39,-10,38,14,10,12,-3,-32,37,29,-56,-50,0,19,-13,40,-45,23,32,3,37,17,17,-41,18,41,-11,6,-52,-20,14,-72,-8,-41,47,8,-7,9,-3,-40,83,6007
-43,-32,17,-21,-28,13,-16,96,-40,43,-61,51,58,61,27,-44,-56,46,-35,-51,29,-39,55,52,51,48,-22,29,-19,8,-15,8,-40,1,30,-26,17,-5,-29,90,-35,40,13,-22,-9,8,-28,-1,-7,-24,-6,19,-64,4,-33,10,-23,36,52,88,48,-48,-39,90,88,-52,-100,-73,40,-16,-27,-22,-100,14,43,40,8,-34,-9,-29,-75,1,26,92,63,-5,45,-60,-64,-45,24,18,24,-6,-19,-64,8,-78,-10,-36,41,69,-21,-29,60,17,13,-42,12,19,-52,1,-9,63,-18,4,-29,65,78,0,-26,-22,-27,19,-58,-3,-47,-21,32,-41,0,9,-7,17,22,-21,-18,25,-21,-16,41,10,31,-88,-71,-26,57,-24,-22,93,-42,-19,80,-26,32,25,-46,42,57,42,16,19,36,40,95,-54,2,-52,-67,-76,-38,-20,66,-42,-44,80,56,-46,-22,-13,8,62,-17,10,-39,-74,94,-37,63,-21,-27,-21,0,41,-3,33,-24,2,50,62,7,10,-34,-21,50,9,52,-28,18,-76,20,-34,-1,-1,-21,-3,42,-9,26,-29,-15,-5,-19,51,24,85,31,36,48,3,-15,94,6869
-13,1,12,0,-13,-1,58,22,-30,33,-27,70,39,-5,15,-15,3,6,9,-7,8,-15,1,39,-32,48,10,9,57,14,56,23,-26,-11,32,-13,48,-16,2,27,-12,52,21,7,-15,2,-28,11,2,-14,20,0,-27,23,-24,20,8,-10,6,26,41,-5,67,41,29,-5,9,50,37,2,-28,-16,17,40,47,30,11,-2,11,-10,-43,-3,19,57,-32,22,-50,-21,7,-17,2,13,87,-34,15,-58,19,-42,8,-57,6,66,27,-9,55,-52,-31,-31,23,45,-6,29,31,73,18,-46,-68,0,61,-30,5,-8,-18,41,-56,-11,-17,-31,-13,-12,0,23,-15,11,43,0,9,40,13,3,32,15,-51,-18,47,-10,33,-14,-8,23,-15,-14,23,-18,-26,24,-22,31,49,33,14,17,-11,2,54,-41,23,-39,8,18,-1,-12,46,-26,11,63,19,-16,-9,-14,42,74,-1,21,-31,-43,57,-13,55,0,-14,-7,-10,32,31,10,11,83,-26,0,56,-37,14,0,24,-34,44,-11,30,-11,14,-15,12,-6,1,13,0,14,15,-44,11,12,4,36,10,40,20,18,-48,2,9,58,70068
-16,7,100,-30,-21,27,-25,76,-77,39,-51,90,100,33,16,-31,-35,39,28,-13,-51,66,63,13,-11,-27,-7,13,-22,100,-38,-18,14,-72,65,-27,-5,-35,-26,0,-67,-48,30,-34,-37,43,-82,-5,2,-32,-32,-60,-51,17,12,-22,-5,-16,-14,-11,12,-79,-10,33,-2,-87,5,-100,5,-20,-82,-14,10,12,-61,42,20,-40,14,-66,-64,28,88,39,26,-27,-40,2,-27,-53,-54,-23,-19,-37,25,-20,-38,-59,15,-16,43,84,27,-27,-63,-23,35,-68,-7,-3,-86,-53,18,85,-11,-64,-18,-34,82,-30,-23,-70,-61,30,-8,-14,-50,-64,26,-40,48,52,-30,-45,40,-59,-39,9,49,72,-1,-25,-22,-17,-100,-37,13,-14,-55,80,-27,-3,-4,-65,-26,38,-2,23,74,-1,-39,-45,29,-15,31,-37,30,-29,-27,-22,43,29,67,-7,32,82,51,-32,-10,-17,17,91,-49,51,-77,-2,32,-20,81,-32,-20,6,-19,23,-41,17,-6,-19,-19,-43,-40,-56,40,-58,-62,23,20,-30,-14,-35,-21,3,-5,-52,70,22,33,33,14,-60,-12,17,21,100,-39,33,9,-86,-38,-19,-14,43,70716
-27,-48,12,-12,-18,-22,-23,63,-38,19,-45,42,24,70,16,-21,-15,37,-23,-9,61,-52,7,23,10,-38,56,33,-8,12,-19,21,-32,-19,-5,-41,-14,-2,1,57,-68,-34,23,15,-6,-11,-34,8,17,-38,-9,-13,-46,-1,-30,22,-27,-1,49,38,22,-75,-4,46,62,-33,-55,-71,27,-33,-34,-21,-54,-1,3,18,15,-8,14,-58,-56,-21,22,70,74,-11,2,-47,-58,-15,55,-15,47,1,-22,-43,-3,-56,8,-3,16,31,11,-32,7,-62,4,-42,57,-12,-34,56,23,82,-50,-69,-4,12,63,5,52,-25,-24,-29,-39,15,-8,-58,-23,-30,-11,-2,-2,-26,-27,-18,16,-39,-32,-43,44,-9,-65,-56,-80,-27,18,5,10,66,-33,-11,38,-24,-3,32,-16,13,44,-38,-26,-25,-22,-28,71,-61,7,-55,-60,-15,-42,-32,46,-13,-14,63,26,-23,-12,-25,-2,45,17,-3,-39,-79,75,-33,29,-12,-22,-38,16,12,4,29,-49,45,10,4,28,-66,-20,-17,47,0,23,8,61,-47,-12,-9,8,-7,-42,16,31,-15,16,-54,-24,18,-37,25,-30,43,25,23,10,4,-26,71,70896
-38,32,33,0,1,-1,48,43,-33,36,-25,77,18,-50,18,-13,-19,-7,25,-39,-7,25,-9,31,5,53,11,-20,70,23,69,-41,0,22,46,-10,57,-22,-28,96,-26,52,-31,1,-71,-1,-30,-4,-4,-14,28,9,-27,3,-2,-43,12,-29,-12,17,31,-45,84,19,94,-4,-22,44,-25,-5,-31,-36,-26,21,69,39,-29,-33,19,0,-71,12,31,74,-40,26,-55,-15,76,6,-19,39,74,-52,-14,-55,-2,-73,28,-28,-2,35,37,44,72,15,-48,-21,11,71,-5,18,16,37,28,16,-22,46,39,-56,14,-33,-12,32,-49,17,9,-44,5,-25,10,-3,-74,-30,34,0,-3,45,54,21,17,32,16,-46,50,-43,33,16,-18,44,-41,24,11,-10,-33,-21,-61,0,28,47,-32,59,6,23,18,-47,20,-42,73,47,5,59,20,-62,28,41,11,-13,18,-24,17,71,-14,-4,-33,-40,11,47,32,0,4,26,15,0,22,-17,24,81,0,54,59,37,10,0,-15,-48,24,11,-3,-49,33,-32,-5,-19,26,-38,-3,27,16,-37,-9,-21,-19,37,69,24,-15,-38,-62,5,-5,70,70913
-3,-11,39,-35,0,-49,-3,47,-43,-13,-44,37,3,51,23,-22,3,26,5,-5,-25,-52,31,33,60,-8,35,1,-13,49,-2,-2,-25,31,-4,-3,-1,-13,5,79,-52,-1,3,-2,-40,-26,-38,0,-5,-1,-3,49,-43,-25,-25,-3,-28,-20,29,86,29,-50,-12,21,82,-48,-21,-67,6,-18,-37,9,-14,38,49,-12,-7,31,3,-16,-72,-51,-4,74,52,0,-12,-21,-34,-56,-28,8,36,-30,0,-50,4,-70,3,-18,30,67,-2,-11,60,-17,50,-37,19,10,-48,22,30,57,-40,-38,-14,5,67,-20,24,6,-25,-19,-44,17,-52,-60,-5,-22,-28,6,-33,-51,-10,-37,-3,34,-3,-46,41,19,-30,-47,-63,-17,-4,12,-29,48,-9,7,78,-23,-24,6,-28,57,34,26,-47,-7,0,-2,68,-47,-20,-39,-39,7,-37,-12,36,-33,18,68,26,-25,1,12,47,40,-28,1,-44,-88,72,-14,65,-34,-2,-16,14,52,-10,1,-37,43,56,11,19,-38,4,-37,38,36,1,2,13,-55,0,-8,2,14,-45,-14,17,-21,19,-54,10,-1,-39,5,5,23,4,33,2,18,-30,72,70971
0,0,0,0,0,0,0,0,0,0,0,0,0,0,0,0,0,0,0,0,0,0,0,0,0,0,0,0,0,0,0,0,0,0,0,0,0,0,0,0,0,0,0,0,0,0,0,0,0,0,0,0,0,0,0,0,0,0,0,0,0,0,0,0,0,0,0,0,0,0,0,0,0,0,0,0,0,0,0,0,0,0,0,0,0,0,0,0,0,0,0,0,0,0,0,0,0,0,0,0,0,0,0,0,0,0,0,0,0,0,0,0,0,0,0,0,0,0,0,0,0,0,0,0,0,0,0,0,0,0,0,0,0,0,0,0,0,0,0,0,0,0,0,0,0,0,0,0,0,0,0,0,0,0,0,0,0,0,0,0,0,0,0,0,0,0,0,0,0,0,0,0,0,0,0,0,0,0,0,0,0,0,0,0,0,0,0,0,0,0,0,0,0,0,0,0,0,0,0,0,0,0,0,0,0,0,0,0,0,0,0,0,0,0,0,0,0,0,0,0,0,0,0,0,0,0,0,0,0,0,0,0,71139
11,-36,71,0,-4,-58,17,7,0,23,-80,69,-19,-19,2,-16,64,0,52,22,-64,-64,13,33,-23,44,5,-8,38,69,12,-61,-49,20,26,-16,58,-2,11,32,-27,42,0,20,-39,-6,0,-23,-62,-17,25,16,-78,-25,-45,-61,5,6,-20,-3,35,-33,49,45,40,0,10,11,21,-61,0,8,18,58,39,18,6,-66,16,24,-100,-55,-11,73,-24,22,-44,39,28,-54,-64,22,92,-41,11,-47,27,-100,16,-24,16,73,6,-28,54,56,2,0,8,67,0,-2,32,66,-11,-29,-18,9,0,-40,5,18,0,10,-40,-27,-56,-35,26,-13,-8,-4,-30,-77,13,0,27,3,43,-35,47,24,58,-43,7,-16,27,12,-36,10,2,-14,-13,0,-4,13,-52,49,27,1,-74,5,27,-44,61,-69,-7,-58,25,45,-2,36,28,-56,64,0,28,-23,-21,15,66,74,-37,-6,0,-69,61,-25,71,0,-6,-36,-35,51,-12,-9,-18,100,-18,14,33,-31,22,0,23,3,29,4,6,-54,19,19,-22,42,-37,3,-3,-45,-1,-36,12,10,-1,-20,10,46,26,-15,-47,10,-1,68,71232
-13,14,11,0,-2,14,45,43,0,-10,-11,43,40,29,2,-5,-27,-16,-19,-34,-9,14,-8,21,35,33,-20,0,-11,6,44,-12,-21,1,26,8,13,8,4,23,2,34,23,14,-45,-12,0,3,17,8,-7,10,-10,2,-17,-10,-12,-29,14,51,12,-12,-1,21,26,0,-31,-15,-9,10,0,8,-31,11,28,-12,15,-6,-5,-35,-34,11,33,73,32,-8,-20,-25,-17,-34,-13,7,-21,-50,-23,-21,11,-37,-5,19,-3,-13,3,-13,24,2,-11,0,9,17,0,11,13,56,-22,-36,17,3,0,-45,-25,-12,0,16,-20,-3,-24,-36,5,-9,-12,22,-42,0,20,0,19,54,52,-10,24,21,10,-30,-15,-17,8,-5,-40,47,-24,-8,40,0,-33,26,-20,29,50,54,4,-11,9,7,31,-28,22,-18,-23,-5,-43,52,54,-16,-12,0,28,-10,-12,7,11,51,-38,22,0,-2,28,-16,-26,0,-2,16,-4,23,-24,-1,-14,-19,41,10,-14,-43,-14,0,30,-13,9,-7,10,-33,5,-32,2,18,-15,17,-21,10,1,-26,-26,13,-45,39,-7,21,-8,-4,-19,-1,-19,71,71740
-54,30,15,-10,-18,37,10,100,-52,35,-47,100,81,13,27,-22,-45,29,-43,-42,20,48,-7,67,-27,43,-13,12,54,6,11,24,-29,-48,60,-13,43,-23,-57,100,-45,52,11,-9,-33,14,-46,10,10,-8,7,-48,-45,20,-26,25,3,1,58,71,70,-52,73,39,91,-45,-18,-20,-32,14,-46,-36,-18,25,65,31,7,6,22,-40,-56,38,75,69,-16,4,-71,-82,-12,-45,24,23,99,-26,-21,-60,3,-58,13,-67,0,21,11,6,64,-66,-71,-48,17,35,-46,44,20,94,41,-49,-77,8,76,-27,-10,-42,-36,40,-60,5,-48,-54,35,-19,19,-6,-33,63,40,-19,-6,91,-2,29,19,-10,-57,8,-6,-31,58,19,-17,100,-58,13,68,-38,-16,26,-36,46,51,88,60,29,34,7,44,-40,26,-39,-9,-44,-27,-19,52,-35,-45,78,33,-24,17,-46,27,100,-17,-4,-52,-58,57,6,22,-10,-24,29,4,49,21,10,40,86,-6,-10,37,-48,-18,-19,33,-69,66,6,27,19,32,-43,10,-23,29,8,25,33,27,-66,-26,14,-21,79,14,29,-43,2,-78,2,-1,65,72737
-31,-69,34,0,-9,-41,3,29,-31,17,-34,22,-20,-16,14,-31,-61,35,-4,-5,19,-66,-7,36,37,28,26,0,29,40,3,-14,-69,58,17,-5,77,-16,-13,56,-51,38,-4,19,-39,-39,-25,0,-11,0,1,66,-33,-40,-65,-9,-30,-8,44,47,37,-55,35,54,66,-21,-18,-30,-66,-2,-25,6,-2,62,30,17,-8,-42,3,9,-67,-44,-44,50,0,0,-19,-45,52,-33,15,45,45,-30,-38,-58,16,-70,5,-31,6,61,2,-15,24,94,24,-31,56,83,-22,32,7,44,-13,-2,-22,45,75,-23,27,-17,-20,11,-52,-5,-25,-27,-9,-18,-41,-3,-40,-32,13,-5,23,5,14,-71,54,55,94,-24,-27,-24,12,8,10,30,-39,-31,35,-20,-2,2,-61,42,58,21,-32,47,-4,57,46,-44,-33,-39,43,-13,-43,12,66,-64,6,76,34,-33,-29,0,61,27,13,-2,-32,-90,46,-20,57,0,-10,-68,-7,37,24,-1,-1,41,29,54,55,-9,-39,-5,29,21,10,-10,62,-29,38,-6,0,3,-73,-16,29,-26,13,-22,-11,-16,-33,-24,54,56,-61,8,-15,12,-31,55,73031
-56,-10,29,-23,-21,-19,11,62,-50,2,-36,67,21,70,12,-16,-50,48,-30,-28,51,-16,31,42,-30,9,6,28,52,30,9,12,-52,1,27,11,9,-31,-17,2,-61,2,28,8,2,-21,-52,0,-8,9,-19,-6,-35,-20,-51,13,-45,-35,70,85,40,-66,58,56,-5,-34,1,-13,1,-17,-51,-10,1,43,23,-1,10,12,-7,-41,-54,-14,16,52,69,-17,-20,-64,-16,-29,50,17,42,1,-52,-30,4,-55,-7,-75,28,6,44,-20,45,18,-12,-52,37,13,-35,27,18,76,-11,-64,-68,6,64,0,12,-30,-34,15,-34,-21,-17,-43,2,-14,-18,0,0,10,14,-28,9,-18,24,-26,40,5,22,34,-19,-24,34,-27,-8,65,-57,-7,80,-33,-49,32,-8,28,62,-12,14,-3,3,8,72,-40,-11,-37,-23,-5,-44,23,58,-10,-26,67,57,-18,-13,-5,51,67,-9,-1,-50,-48,74,-19,5,-23,-20,-13,-24,23,8,27,-11,52,-49,11,16,-57,-52,-29,-22,-8,33,-39,34,23,16,-30,0,-18,-25,20,52,-1,10,-45,-25,17,-40,21,-2,58,5,-39,-28,4,-48,52,73384
-10,-6,79,0,-9,19,66,86,-39,63,-56,100,77,3,29,-14,5,-3,25,2,-31,54,31,17,-6,50,5,31,32,78,66,0,11,-31,81,12,26,5,-34,52,-63,46,20,-7,-8,24,-37,3,-1,9,-21,-31,-56,0,16,-2,-8,-39,14,11,16,-75,49,26,59,-23,11,-27,-5,9,-37,-12,23,8,75,62,17,-35,39,-43,-80,20,55,55,0,-22,-26,28,-4,-12,-33,19,84,-26,32,-28,-33,-80,35,2,21,90,-21,-25,82,-33,11,-39,10,29,-24,-11,48,72,0,-73,6,26,66,-24,2,-60,-13,52,-26,5,-9,-59,20,-15,22,43,-2,22,58,-15,-5,25,8,64,-6,-10,-32,-41,-36,-20,31,10,-28,88,-14,-10,8,-13,-47,29,-30,-10,55,17,26,-6,23,12,58,-24,11,-18,-3,-45,40,-1,54,-29,30,68,17,-16,-10,-10,10,100,-26,41,-40,-11,58,-28,79,0,-11,-9,4,-10,1,31,-5,89,-5,23,0,-69,39,-14,-56,9,34,12,11,-43,18,0,5,-40,62,13,-10,26,26,-57,7,15,37,77,-9,26,-10,-80,-30,5,-14,57,73638
-15,15,10,0,-7,5,-15,7,0,1,-3,34,19,17,1,0,3,26,-24,6,2,20,-2,4,-1,7,9,8,41,9,-15,5,-13,-2,23,-11,3,-2,-1,-8,-18,4,1,12,-46,-7,0,1,8,-12,-3,5,-3,1,-13,0,2,-24,14,43,-2,-26,48,10,-6,0,-8,-7,1,-10,0,-5,-21,19,12,1,-2,-14,-9,-13,-24,4,12,63,14,-5,-39,-42,-11,3,-2,-4,5,-19,-12,-27,16,-23,-7,-15,0,-8,24,-11,11,-63,-8,0,22,8,0,26,28,51,-19,-38,-19,20,0,-17,7,-15,0,-1,-23,-7,8,-38,-10,0,-6,11,-42,-5,1,0,15,27,5,-1,22,-28,-66,4,-5,5,17,-23,-3,12,-22,-6,47,0,-29,2,-25,4,27,27,0,-20,-9,8,21,-32,14,-23,-15,-32,-28,0,26,-22,-18,0,44,-2,-9,-5,16,38,0,10,0,13,19,-13,1,0,-6,15,-5,2,2,8,-19,6,-1,21,15,-32,-7,0,22,-10,18,-21,26,5,-3,8,2,1,-5,1,20,10,0,-28,-20,0,-30,17,-16,12,5,7,-38,-1,0,61,73956
-35,-56,56,-5,-14,-62,-27,25,-47,-8,-72,37,10,0,5,-20,-21,4,6,-16,24,-64,3,85,-73,19,15,0,-72,62,-16,-30,-58,60,13,-12,49,-15,-3,49,-75,33,24,17,-29,-2,-50,-11,-30,-7,-21,57,-72,-36,-58,-33,-43,-13,49,40,88,-54,-66,58,51,-24,-3,-4,17,-45,-50,-17,-7,67,23,-15,4,-38,2,-14,-100,-70,-17,19,0,-24,-17,-27,9,-44,23,28,100,-62,-19,-54,13,-100,1,-76,8,67,6,2,28,51,-24,-52,-12,52,-25,26,20,70,10,-14,-81,52,80,-61,9,6,-24,15,-45,-2,-54,-31,-3,-22,-7,3,-23,-70,13,-26,22,20,89,-54,58,25,43,-82,4,-25,31,-14,-34,22,-31,22,42,-22,-13,30,-63,61,67,-6,-73,62,-4,-4,61,-74,-51,-80,17,19,-64,83,70,-68,8,81,43,-23,26,-19,61,36,-34,2,-48,-79,67,2,61,-5,-18,-58,-2,68,-14,-2,7,99,-69,48,31,-6,-29,-25,-21,-21,33,-18,-1,-75,28,-11,-12,-11,-57,10,5,-39,7,-28,-13,9,-51,-1,61,57,8,-3,-21,-7,-34,24,73972
17,-8,85,-16,-13,0,13,32,-34,16,-66,66,20,-3,13,-13,48,4,48,12,-41,-4,27,33,-7,37,29,18,16,83,9,-23,-9,-31,42,-5,17,-2,-22,36,-11,46,10,2,-14,19,-33,-11,-44,-6,12,-27,-71,6,-6,-26,10,-15,-20,-21,27,-10,55,18,20,-17,20,-28,41,-25,-33,-6,18,-1,68,16,6,31,28,-2,-84,2,13,62,-8,9,-51,32,4,-44,-42,10,54,-24,47,-36,-16,-82,30,23,9,46,-32,-35,80,4,-2,-37,20,33,-18,0,40,50,-8,-50,21,-15,68,-20,22,10,-22,20,-35,-14,-44,-45,7,-18,20,20,-12,-32,22,-16,5,2,15,13,13,-3,4,-9,-32,-22,16,41,-30,34,12,-9,-28,-22,-27,17,-29,19,52,-7,-26,-4,10,-45,58,-35,16,-30,-7,4,41,7,48,-26,52,70,18,-17,-15,0,-2,69,-29,19,-34,-47,60,-31,29,-15,-12,-12,-14,19,-9,22,-3,65,-15,-5,9,-43,58,-16,-17,-7,15,47,17,-19,6,14,-10,17,12,7,1,-10,11,-30,3,11,28,20,-4,21,48,-26,-50,10,3,66,74449
0,0,0,0,0,0,0,0,0,0,0,0,0,0,0,0,0,0,0,0,0,0,0,0,0,0,0,0,0,0,0,0,0,0,0,0,0,0,0,0,0,0,0,0,0,0,0,0,0,0,0,0,0,0,0,0,0,0,0,0,0,0,0,0,0,0,0,0,0,0,0,0,0,0,0,0,0,0,0,0,0,0,0,0,0,0,0,0,0,0,0,0,0,0,0,0,0,0,0,0,0,0,0,0,0,0,0,0,0,0,0,0,0,0,0,0,0,0,0,0,0,0,0,0,0,0,0,0,0,0,0,0,0,0,0,0,0,0,0,0,0,0,0,0,0,0,0,0,0,0,0,0,0,0,0,0,0,0,0,0,0,0,0,0,0,0,0,0,0,0,0,0,0,0,0,0,0,0,0,0,0,0,0,0,0,0,0,0,0,0,0,0,0,0,0,0,0,0,0,0,0,0,0,0,0,0,0,0,0,0,0,0,0,0,0,0,0,0,0,0,0,0,0,0,0,0,0,0,0,0,0,0,75162
-51,-34,9,0,-10,-1,66,54,-43,36,-69,69,36,73,13,-14,-18,17,-30,2,17,21,23,60,-4,-16,0,4,2,9,73,16,-21,-5,43,2,46,-16,-8,-2,-36,-29,-6,-2,-30,3,-38,1,-25,0,2,-10,-67,22,-18,16,-5,-34,23,66,64,-41,15,68,0,-16,-14,-28,17,-2,-37,-37,-18,46,-24,37,-4,32,15,-13,-79,2,32,44,71,0,-62,-55,-5,10,19,15,4,-40,-27,-58,11,-78,11,-80,20,34,31,-7,-14,54,-52,-39,-10,43,-18,29,5,70,15,-58,-81,49,74,-44,5,-28,-19,47,-54,-2,6,-38,3,-12,4,23,-25,22,43,-7,-1,69,27,18,21,7,47,-28,-23,-10,32,-25,-5,51,-50,8,68,-13,-43,7,-52,-4,37,71,16,19,2,10,63,-31,21,-32,0,-28,-6,21,40,-51,-30,76,17,-14,7,-29,40,64,-10,21,-43,-49,65,0,32,0,-12,-34,-6,0,25,3,15,1,-5,38,57,-45,-29,-7,-24,-44,35,-36,-9,-41,18,7,0,-22,18,-3,22,21,11,-44,2,-5,0,36,14,67,13,-30,-70,-2,-6,49,75239
26,-2,87,-10,-3,-63,21,45,-29,14,-54,63,-14,-38,27,17,72,-25,47,-38,-48,-68,4,68,-12,-16,10,-13,41,84,24,-13,-45,39,42,12,66,-26,-43,86,-33,-17,9,30,-43,7,-24,2,-13,15,13,44,-52,-35,-37,-9,7,-6,-35,19,69,-34,69,43,83,-18,-16,-16,18,-61,-25,20,-2,50,33,13,5,-55,32,9,-82,-62,-4,63,-42,8,-38,43,-1,-75,-52,35,96,-71,60,-88,39,-83,33,-14,-2,61,-35,-12,47,1,-37,-24,-45,72,-19,-8,27,52,-23,-39,-8,-37,61,-67,6,58,-19,28,-86,11,-70,-22,-2,-19,6,41,-52,-80,35,-13,33,12,-2,-42,55,20,28,-30,-31,-16,27,3,-47,47,18,-14,13,-16,-11,21,-20,77,26,19,-79,34,0,-64,73,-47,-21,-40,-13,21,-3,-11,30,-17,55,63,10,13,-17,21,61,66,-43,40,-30,-88,65,-5,52,-10,-3,-4,7,72,-3,-13,-24,99,-15,-27,36,-30,70,-12,35,-41,24,2,-41,-42,27,-36,4,82,-42,10,-32,-38,24,-21,3,20,-7,-16,36,51,2,12,-36,19,0,65,75770
-28,-51,-4,0,-14,4,-4,14,-37,32,-61,70,7,26,0,-31,-21,44,-12,18,42,-9,40,29,-11,50,17,-2,13,-3,-1,8,-37,36,50,-7,62,-8,-27,17,-14,50,-21,-4,-14,-7,-34,-6,-35,-11,20,35,-60,21,-38,4,11,20,12,12,34,-20,29,71,21,-6,-23,38,34,8,-33,25,-21,22,3,31,-16,-9,1,-8,-65,10,5,58,8,18,-9,-55,3,-3,37,24,36,0,-10,-45,32,-63,0,-38,24,39,6,-56,8,15,-33,-35,9,62,-7,22,28,78,36,-23,-37,40,71,-4,20,-5,-11,41,-43,-40,-3,-17,-8,-22,-3,16,-8,29,41,0,-4,47,33,14,31,20,13,2,41,0,39,-11,26,13,-27,-58,11,-11,19,-10,-52,19,31,52,25,-17,-9,54,55,-46,26,-46,8,-54,0,32,28,-52,-12,71,27,-30,-62,25,19,66,27,15,-37,-43,65,-48,46,0,-17,-52,-46,23,33,-4,31,28,-11,30,56,-15,-8,0,55,-28,38,-16,7,-7,24,14,-6,-2,15,-19,46,0,-2,-32,3,-18,-5,14,-17,67,34,46,-24,-10,5,62,75917
-17,20,46,0,-15,-18,75,19,0,26,-56,27,15,-58,19,-9,21,-14,3,-11,0,-6,2,69,-14,34,-6,-4,6,44,79,-2,-29,30,24,12,55,-18,-13,20,-24,41,11,4,-56,14,0,0,-18,10,7,23,-54,-16,-23,3,7,-24,7,36,71,-40,40,36,20,0,-42,27,12,-6,0,-2,-36,33,19,22,10,-2,20,14,-75,-16,3,67,-65,5,-5,-13,14,-23,-4,15,78,-36,19,-46,4,-79,19,-75,8,35,-8,-9,39,31,-41,0,-17,58,0,-16,17,35,12,-31,-66,25,0,-36,-6,-29,0,20,-34,-1,-22,-40,1,-15,15,13,-40,0,23,0,8,50,56,11,27,21,40,0,29,-9,48,-6,-18,26,-26,2,32,0,-34,25,-34,24,23,43,2,10,5,-10,37,-30,7,-20,8,-7,18,38,21,-32,15,0,22,-14,0,1,41,32,-16,14,0,-28,35,-9,48,0,-17,24,-8,27,9,-6,25,77,-19,33,23,-34,28,0,24,-40,44,-25,-16,-22,9,-9,1,6,7,14,-16,3,16,-41,5,20,19,18,11,41,22,-20,-11,-12,-1,67,76042
-64,-54,39,0,0,0,-27,31,0,48,62,75,87,-2,23,89,-70,6,9,17,9,100,0,11,54,-56,-25,0,6,40,-20,14,-10,-22,46,20,22,0,4,0,-9,-58,-3,-43,-24,96,0,-3,-11,14,31,-25,32,11,-16,2,57,16,5,-27,9,-12,4,79,1,0,-59,-51,7,68,0,-2,-57,22,-100,44,-1,-49,0,-100,1,0,99,100,-1,53,-6,5,-2,42,5,-45,-65,-12,47,-55,34,-1,0,-58,0,-85,-78,-51,-100,6,30,0,-37,14,0,4,-85,35,-34,-23,-60,-23,0,-26,-30,-52,0,16,-78,0,40,-67,69,-2,90,0,-17,65,-32,0,-12,-100,-70,100,0,48,8,-11,-74,-100,45,-18,-3,28,-23,46,-29,0,18,-7,100,-41,-29,-100,64,-5,60,76,41,3,15,0,0,19,100,-62,-22,78,4,0,0,28,67,-2,7,69,-5,0,0,37,39,-62,-99,0,0,-99,-1,-41,1,0,-32,-69,54,-26,51,-27,53,0,-33,46,29,-21,-43,-15,-42,16,3,-58,100,2,0,76,-72,-62,-100,-12,100,83,-21,58,-1,-32,-18,-2,56,100,76123
5,-64,58,0,-13,-47,17,44,-39,10,-64,47,15,7,14,-31,26,13,12,-1,-28,-16,45,38,0,89,-13,11,-43,55,27,-13,-25,32,33,-17,65,-5,-3,36,-32,86,17,-8,-15,-5,-33,-5,-18,-13,23,32,-65,7,-21,-17,4,-16,5,10,42,-23,-41,50,44,-19,-29,-43,47,-23,-33,-24,-15,35,85,8,10,16,26,-3,-91,-48,8,69,21,21,-63,-10,22,-80,-30,29,99,-33,5,-52,14,-88,19,38,48,52,-7,-7,94,27,-6,-39,33,68,-20,7,36,84,-11,-21,44,38,64,-31,-14,0,-7,22,-52,-2,-78,-17,8,-27,-7,-26,-19,-26,23,-14,-7,1,-2,-12,36,9,32,-57,-47,-21,-7,60,-44,46,2,0,10,-9,-21,20,-61,61,33,8,-27,18,9,-21,58,-46,12,-47,16,-26,-15,-8,41,-71,18,64,21,-38,-5,-22,38,49,-42,-24,-39,-79,63,-8,43,0,-16,-65,-6,62,-9,9,-12,94,-1,42,18,-28,6,-13,40,-7,-4,52,37,-77,24,-1,-4,13,-12,7,6,-9,14,-26,11,11,-4,7,29,48,41,10,-58,21,6,74,76232
-24,3,16,0,-14,-40,58,-17,-26,16,-22,36,-16,-30,11,-22,9,22,-5,2,23,-63,13,37,10,-10,46,14,33,13,58,29,-41,49,19,4,60,-3,-8,55,-24,-19,8,13,-22,-17,-22,10,-4,5,18,35,-20,-7,-40,31,-3,-3,-6,24,40,-21,41,58,54,-11,-35,15,39,0,-21,0,-32,36,-8,13,2,-17,20,24,-25,-37,-20,75,-33,18,0,-23,-6,-16,23,7,72,0,-6,-63,36,-28,19,-21,9,33,-16,-26,-2,52,-13,-27,38,52,-12,8,15,77,-3,-27,-20,-9,61,1,48,-14,-22,33,-63,-15,-19,-47,-13,-9,-16,6,-23,-19,34,-4,16,-29,18,-22,43,34,48,-27,9,-2,42,-12,3,-16,-26,-47,18,-19,-8,13,-4,29,37,-25,-18,0,-13,21,73,-37,-3,-35,0,-24,-3,14,35,2,-4,63,11,-22,-43,0,33,36,1,7,-26,-73,71,-27,26,0,-15,6,-17,35,13,10,-12,72,9,-18,46,-19,-4,-3,31,-9,41,-11,42,-28,14,0,11,-12,-24,4,24,-12,11,-58,15,4,3,-20,-7,56,31,19,-9,-12,-3,73,76415
-40,-75,29,-37,-20,-43,21,63,-75,31,-54,30,32,77,-4,-9,-31,67,-38,15,48,-60,2,35,-71,-65,13,45,-17,28,26,-3,-85,-82,5,21,-17,-13,0,-40,-19,-70,30,42,-43,-40,-75,-11,-19,19,-8,-80,-55,9,-87,-1,-31,-47,80,72,33,-13,26,60,-35,-78,0,-65,2,-52,-74,-3,-27,22,-66,33,14,-19,-11,-43,-48,-41,20,43,87,-7,-24,-49,-63,-30,48,-19,-6,3,-48,-33,16,-51,-10,-30,11,-43,20,-56,-70,0,-16,-74,67,-6,-80,36,-6,68,-28,-65,-42,5,83,2,10,25,-60,-8,-22,-21,-30,-27,23,-31,-39,-27,-6,-32,-7,-47,39,5,22,-84,58,-26,-1,19,-68,-20,10,-12,-1,65,-43,-29,72,-57,-45,31,-8,22,72,-4,-31,-40,23,-16,81,-45,8,-44,-63,-33,-19,3,70,0,-36,86,35,-10,-28,-11,17,26,-1,-27,-75,-70,89,-52,-56,-38,-21,-68,-26,24,-8,46,-17,3,-58,-21,-4,-54,-38,-47,3,-18,9,-21,66,2,-13,6,-12,17,-80,15,70,-28,-7,-20,-38,8,-27,32,-49,61,20,7,-19,0,-32,43,76529
-33,35,-1,0,-18,-13,45,17,-26,34,1,46,13,-52,9,-1,-21,26,-9,-37,66,-15,6,20,-31,0,34,18,69,-14,38,15,-45,-5,10,0,26,-12,0,28,-11,14,7,28,-57,-25,-25,13,31,-10,-4,-25,3,6,-48,19,-7,3,47,3,24,-31,89,14,34,-9,-6,3,-2,-1,-24,-8,2,11,-8,32,-7,-2,15,-16,-20,-1,13,44,-61,-1,-19,-41,20,28,66,-1,45,-4,-45,-72,9,-19,8,-44,9,46,30,25,-14,8,-21,-29,52,21,-9,52,38,61,-3,-13,-52,8,54,-11,34,-28,-16,6,-61,14,23,-52,-16,-11,-15,47,-45,-3,5,0,26,36,-18,-37,33,20,4,-20,9,-18,34,-22,41,18,-29,8,-3,-17,-1,11,-1,-15,55,28,-1,13,-17,15,18,-36,21,-36,22,8,3,-29,42,-6,-22,54,43,-3,11,-14,13,37,32,45,-27,-26,23,22,33,0,-21,28,10,-6,45,15,1,47,-28,-2,60,-6,-24,0,20,-15,40,-28,45,-30,-1,-40,13,-14,-32,-8,40,12,11,-56,-13,-2,-23,31,7,14,0,13,-41,0,-18,43,76577
-58,1,-19,0,-24,9,30,69,0,26,-52,80,45,66,5,-22,-58,41,-48,1,62,2,-11,63,-22,17,14,10,26,-17,39,3,-41,24,41,-17,33,-18,-45,-10,-41,30,17,7,38,-6,0,-1,-14,-16,-7,27,-47,-15,-34,7,-21,-31,48,42,60,-60,33,50,-15,0,-11,-15,34,2,0,17,3,27,-13,22,11,17,4,-47,-66,10,42,46,69,-7,-54,-76,-6,4,55,7,66,-22,-44,-27,2,-70,0,-94,0,40,22,-14,0,23,-65,0,29,42,0,30,21,67,18,-58,-89,14,0,-18,11,-57,0,16,-16,-7,14,-30,-16,-12,-9,-5,47,34,25,0,12,58,51,0,27,8,62,19,-12,-15,38,-52,0,74,-66,0,38,0,-46,31,-46,18,43,38,42,-8,-13,31,41,-52,2,-43,-23,-47,-34,38,45,-49,-40,0,48,-27,-12,19,38,89,8,-5,0,-54,43,-14,36,0,-29,0,-12,16,36,8,33,60,-37,21,50,-56,-43,0,-9,-65,41,-69,31,-6,-2,-14,-2,-17,-4,19,37,17,2,-27,-19,15,-25,47,7,54,35,-51,-61,-10,-26,52,76602
-46,-13,-6,-2,-7,-5,15,65,-41,36,-49,69,31,-13,26,-24,-13,16,-38,-70,5,-43,-16,58,-38,50,-15,-6,37,-5,16,7,-45,49,26,-18,56,-17,-36,52,-40,48,2,0,-36,6,-26,13,4,-17,-11,54,-48,-12,-44,7,1,34,28,62,56,-47,47,46,50,-6,-3,-26,-7,-38,-26,-34,3,38,35,36,8,-21,28,-14,-85,-4,22,27,-11,-13,-69,-55,0,-24,3,36,83,-52,-27,-78,21,-87,28,-79,-9,58,13,20,36,-47,-52,-35,16,63,-7,0,5,63,15,-13,-83,37,65,-51,-15,-6,-16,33,-74,6,-25,-37,2,-8,7,46,-32,-23,33,-5,1,49,-58,-30,36,17,-43,-72,-27,-17,40,2,-4,64,-50,9,55,-14,32,17,-45,25,60,43,-23,50,1,-8,38,-43,-3,-38,-1,-44,-5,-61,63,-43,-33,66,5,-24,6,-28,39,69,-3,44,-41,-76,40,22,52,-2,-6,-15,5,25,-6,-6,17,82,-42,37,38,-5,-20,-5,32,-54,41,-1,13,-76,35,-64,13,9,-29,-4,12,-2,24,-33,-11,2,-8,35,55,48,-9,16,-68,-4,-2,31,77497
-14,5,-9,-1,-28,6,-24,61,-35,13,-56,58,33,31,0,-34,-21,42,-20,-32,8,-18,19,25,-50,3,-6,27,-37,-14,-29,6,-37,-24,30,-31,-17,-34,-24,16,15,-15,13,0,25,-19,-36,-10,-20,-27,23,-33,-56,22,-31,7,10,-12,13,48,13,-1,-9,32,11,-17,-61,-23,25,-2,-37,-14,-64,12,-8,10,5,0,-2,-41,-52,13,44,82,30,17,-24,-37,-23,1,0,-5,-45,-38,-10,-18,20,-57,-2,-21,24,49,-12,-39,-17,-40,-20,-39,38,0,-17,11,26,74,-3,-36,-26,29,56,-37,-3,-23,-29,-15,-8,-4,0,-43,1,-13,-17,-24,36,-3,-13,0,4,26,-35,-21,33,-9,-42,-33,-32,-16,44,-32,-2,68,-23,2,31,-28,-18,21,-52,11,36,18,0,-37,5,22,40,-70,39,-62,-25,-12,-10,-42,40,-61,-14,60,42,-38,-9,0,-1,64,5,-23,-35,-34,47,-38,11,0,-26,9,-5,12,-6,27,8,-39,-51,33,20,-43,-1,0,70,-23,44,-25,33,-66,-7,-28,-9,7,-25,0,35,0,0,-22,-28,4,-4,31,-18,33,40,42,-14,-13,2,82,77851
-31,2,34,0,-16,-7,29,56,-25,38,-23,58,38,35,16,-31,-48,33,23,-6,7,5,-17,38,14,17,49,17,22,42,35,6,-20,15,34,-4,52,-30,-15,49,-26,25,-1,-2,-14,-5,-27,6,2,-5,15,21,-21,6,-20,12,-4,-16,6,33,35,-32,55,41,43,0,4,-15,-7,14,-27,-32,18,27,10,37,-3,-58,5,-28,-48,-9,31,61,21,15,-18,-20,19,19,7,20,45,-7,-8,-40,-13,-52,12,-31,-3,-7,52,0,18,-30,2,-30,27,65,0,34,24,47,16,-45,-30,44,64,-2,38,-42,-13,30,-38,7,14,-36,-6,-18,-6,19,-7,5,34,0,-1,64,10,5,15,16,-14,-14,-18,-16,16,-15,-8,56,-35,8,26,-14,-22,4,-48,-7,53,55,6,24,-3,39,29,-43,11,-36,6,44,8,2,48,-47,29,65,39,-30,2,-8,35,60,-7,21,-25,-40,26,2,14,0,-15,0,2,-2,42,18,21,44,7,57,61,-38,-7,0,-18,-3,15,-24,29,-21,11,-6,6,-35,3,-7,27,19,14,-31,10,-4,9,42,36,46,-3,-22,-20,5,-7,64,78159
-27,6,31,0,6,-50,26,35,-40,-32,-46,58,-43,21,16,-8,-2,36,1,-14,12,-36,3,85,5,8,11,-10,51,38,32,-25,-83,-1,45,-4,82,-12,-26,85,-45,14,32,49,-30,-42,-25,-6,0,-4,11,0,-44,14,-81,-29,-28,-81,58,82,86,-48,49,50,85,-33,-16,-22,5,5,-25,22,-29,32,23,-31,2,-20,16,-14,-84,-55,-11,78,16,11,-71,-56,14,-60,7,32,74,-32,-42,-79,58,-81,14,34,9,51,54,2,20,89,-35,-27,69,83,-33,36,61,98,-13,-89,19,51,57,-31,11,54,-17,9,-77,25,-65,-46,-13,-28,-44,-8,-15,-20,8,-8,51,6,39,-57,76,18,88,-80,-24,-20,2,43,-9,37,-28,26,78,-16,-82,37,-71,68,48,1,-17,58,-12,68,50,-55,14,-57,17,22,-73,43,50,-70,7,58,31,-10,26,23,33,62,-7,-7,-40,-67,52,6,43,0,6,7,24,72,-9,-11,-12,62,3,43,44,-81,-44,-8,67,-37,8,42,65,-78,33,-12,-5,57,-57,25,37,-22,14,-46,-20,22,-74,-42,60,50,1,71,-66,33,-26,76,78389
3,29,82,0,-1,4,86,74,0,66,-33,94,81,-32,37,3,27,-30,32,-6,-23,0,10,34,-2,32,-9,15,55,73,86,17,8,-9,58,16,24,3,-23,72,-47,37,24,-11,-58,42,0,19,22,17,-18,-5,-30,-13,16,19,6,-24,-21,-11,37,-50,73,13,80,0,0,-3,0,-1,0,2,12,21,20,64,15,-3,38,-23,-60,6,41,77,-40,-22,-30,31,-29,-33,-26,13,100,-81,54,-52,-26,-64,34,-30,-2,51,-39,-1,21,-77,-4,0,-39,24,0,-11,32,65,-7,-47,-28,18,0,-79,-9,-39,0,72,-48,23,-35,-69,2,-14,39,52,-49,-11,75,0,-2,35,6,26,14,-2,-60,-42,-12,-21,31,1,-16,75,-7,-14,-12,0,-32,32,-30,25,55,23,-7,-18,4,-21,43,-32,2,-20,-29,-17,58,0,60,-23,34,0,13,0,-12,0,24,99,-8,51,0,-32,44,-1,49,0,-5,27,17,25,2,15,-5,100,-6,17,13,-34,66,0,-14,-6,38,-1,-37,-51,9,-5,20,-13,24,12,-39,32,34,-75,8,22,58,76,-15,15,-1,-45,-27,-3,0,80,78421
-15,-41,98,0,-14,-66,48,31,0,38,-72,69,-2,28,13,-17,12,-2,44,-6,-13,-35,18,71,-80,-1,-1,0,49,92,52,-27,-54,15,39,10,65,-37,-19,25,-66,0,1,10,-10,-6,0,-12,-32,10,12,20,-72,-42,-50,-25,-8,0,12,60,69,-65,70,56,37,0,20,-29,15,-45,0,6,30,51,-33,31,8,-18,21,19,-91,-63,-15,43,12,9,-13,7,-7,-47,-16,19,100,-51,16,-45,8,-93,19,-85,15,58,-39,-29,-14,18,-18,0,-10,65,0,18,15,58,3,-58,-88,3,0,-51,2,-41,0,40,-43,-16,-46,-31,21,-18,-6,17,0,-36,42,0,14,52,55,-35,42,28,28,-13,-27,-14,38,-29,-30,34,-20,-12,50,0,-8,22,-47,48,37,43,-33,13,22,-33,58,-63,-29,-57,-12,14,-13,40,37,-47,47,0,23,-21,-15,6,56,73,-30,18,0,-82,56,-33,52,0,-18,-49,-19,49,22,-2,6,98,-79,1,61,-46,27,0,-37,-16,38,-30,-8,-26,15,-2,-10,-26,-38,10,-8,-23,12,-40,-4,16,-12,-3,18,56,10,-69,-12,-6,-15,48,78474
-17,0,8,-2,-13,-24,57,16,-25,34,-17,57,11,5,13,-15,-3,40,4,-23,38,-17,-12,32,-24,16,-15,6,3,0,62,24,-52,28,39,9,66,-7,-12,-13,3,17,-10,24,-2,-26,-27,11,-8,8,40,25,-16,26,-53,24,25,-31,9,20,35,0,9,50,-9,-6,-19,9,24,5,-26,-24,-3,28,-11,32,-4,-49,12,-8,-21,-22,14,54,3,38,-37,-36,24,-29,34,15,53,-16,-8,-53,42,-21,12,-43,0,0,29,-6,2,15,-35,-27,25,67,-6,37,30,65,14,-59,-40,9,53,-17,-10,7,-26,42,-51,-16,-28,-12,-18,0,-24,7,-9,9,43,-5,22,53,33,-20,41,0,23,-12,11,-9,29,-21,16,19,-18,-19,19,-27,-33,0,-21,38,31,51,12,9,-18,38,29,-42,33,-41,27,-11,1,23,27,-22,0,54,15,-15,-15,-23,33,53,19,8,-25,-53,27,-10,-8,-2,-13,-6,-16,39,54,6,9,35,-24,11,79,-60,-3,-4,54,-33,32,-24,30,-11,13,-18,11,11,-19,-7,40,15,13,-19,22,-4,0,15,9,49,19,50,-40,7,21,55,78933
-38,-21,55,0,-23,-6,67,54,-43,42,-35,75,52,35,16,-20,-11,32,17,-27,58,-31,23,67,-56,56,16,7,21,52,80,20,-37,1,35,-7,69,-16,-17,16,-32,56,13,6,0,15,-42,-1,-21,-6,23,1,-33,13,-31,22,-2,-5,19,45,76,-32,17,61,24,-7,-47,5,34,-14,-41,-12,-27,27,23,36,15,12,22,-32,-58,-14,38,49,16,16,-36,-35,-11,-14,57,33,100,-38,1,-67,0,-58,16,-61,19,54,27,-1,49,16,-46,-45,16,60,-10,51,31,77,42,-55,-61,43,74,-37,11,-39,-24,44,-64,-11,-21,-10,-18,-11,6,31,0,2,45,-1,13,69,22,-11,35,16,29,-18,-2,-18,42,-18,1,51,-37,-4,42,-21,-17,31,-43,19,70,50,-3,23,-17,-2,63,-58,8,-58,-9,8,-4,19,75,-45,17,75,32,-24,-4,-18,38,80,3,33,-43,-56,62,-6,38,-1,-26,-28,-13,26,35,3,30,99,-54,38,67,-36,-8,0,-18,-42,42,-22,29,-4,31,-36,-1,-28,-16,21,29,2,17,-33,-11,16,14,43,24,58,7,-28,-41,2,2,56,79161
-32,36,20,0,-15,-27,48,21,-28,2,-21,51,0,-7,18,-13,-26,31,-10,-2,50,-37,-3,54,-9,30,16,14,34,16,54,20,-58,28,29,-7,44,-15,-24,45,-39,33,18,27,-8,-12,-29,12,-8,-7,1,25,-19,1,-55,25,-16,-26,37,-29,58,-39,52,42,48,-5,-46,6,37,-24,-28,4,-54,37,43,0,0,-22,13,-10,-33,-25,1,78,-4,0,-19,-36,5,-15,52,1,51,-13,-23,-64,31,-35,8,-48,8,37,17,-2,51,29,-28,-30,32,40,-6,38,29,71,-7,-51,-46,-7,53,-12,18,-13,-20,30,-61,-2,-17,-31,-28,-10,-14,32,-12,-26,30,-8,30,59,30,-31,49,31,13,-8,7,-12,51,-36,8,21,-35,-17,-29,-18,-31,18,-14,34,53,54,-25,15,-29,19,47,-54,5,-51,9,3,-31,16,54,-14,-7,55,24,-13,-12,0,39,49,4,29,-29,-61,48,-4,36,0,-18,32,-6,36,40,9,-5,44,-8,-13,61,-43,-21,-7,22,-26,50,-43,29,-28,0,-7,14,-6,-33,5,34,1,18,-40,0,5,-24,-2,8,44,37,13,-21,2,-18,75,79487
-36,26,4,0,-11,-23,52,23,0,19,-10,63,11,25,11,-13,-22,22,-19,-13,69,-37,-1,42,-27,17,35,0,17,0,51,31,-62,29,27,1,31,0,-16,-12,-10,17,9,36,-10,-28,0,22,18,0,14,20,-10,11,-60,34,2,-35,56,56,44,-12,32,42,-11,0,-27,-6,8,-14,0,-10,-25,22,-6,17,8,-4,5,-16,-17,-20,-5,63,22,12,-55,-46,-11,-10,73,7,60,0,-24,-60,30,-19,3,-46,2,40,35,0,-12,-18,-60,0,31,31,0,64,30,71,29,-75,-49,21,0,-3,37,-17,0,24,-58,-3,-9,-34,-39,-10,-29,23,-9,0,21,0,38,44,31,-48,49,9,-25,-29,-5,-15,46,-43,34,21,-38,-8,55,0,-41,17,-13,34,52,43,1,-7,-39,0,23,-49,17,-47,-9,-26,-19,30,52,-12,-22,0,21,-14,-5,-12,21,62,30,21,0,-63,22,0,39,0,-12,23,-2,36,61,1,25,55,-24,16,88,-69,-25,0,23,-57,49,-45,32,-23,7,-11,20,-6,-50,6,27,10,10,-36,-14,9,-15,9,-9,41,6,6,-62,-1,0,60,80084
25,46,96,0,1,-92,20,46,-38,-7,-61,31,-75,-32,26,9,58,-47,68,11,-65,-79,0,52,-12,52,-14,-9,65,94,31,-40,-29,48,22,7,43,-2,-13,84,-24,43,39,4,-43,16,-34,-10,-33,21,-7,64,-66,-36,-9,-32,-22,-19,-39,13,61,-26,66,14,84,-15,-40,-25,25,-85,-33,4,-28,24,73,-13,20,-7,40,8,-87,-100,-15,32,-41,-19,-10,81,32,-61,-67,26,90,-85,33,-42,6,-90,37,15,7,100,-4,13,91,-14,24,-30,-54,21,-18,-58,20,50,43,-48,17,21,52,-76,-18,25,-11,32,-40,3,-56,-52,20,-13,-1,52,-38,-100,35,0,18,0,4,-20,45,39,4,-8,-39,-25,45,48,-52,47,8,4,5,-7,-31,48,-10,50,23,-10,-100,33,27,-82,32,-52,-26,-41,20,71,-22,-2,44,-5,85,55,-1,-1,14,4,25,47,-49,49,-39,-75,31,4,90,0,0,44,6,44,-54,-13,51,84,-23,9,-15,-22,21,0,36,21,43,42,-42,9,30,-1,-9,67,-34,40,-64,-62,25,-71,19,49,23,-100,3,9,8,-12,6,6,-19,40,80141
-11,-18,25,0,-8,-67,12,34,0,-7,-45,27,-14,46,18,-29,-8,45,-6,-8,0,-80,6,48,43,4,17,3,-7,28,21,0,-77,19,-1,-11,5,-1,-7,69,-39,5,12,27,-49,-35,0,-4,-7,-9,3,37,-45,-17,-74,0,-25,-7,31,72,47,-42,-10,39,73,0,-70,-28,27,-25,0,4,-60,38,45,-8,0,-41,0,-4,-70,-70,-20,86,44,1,-35,-33,-28,-77,-3,3,70,-35,-33,-56,29,-72,3,-37,20,52,5,-24,51,33,18,0,63,14,0,17,21,76,-32,-37,-40,30,0,-25,10,24,0,-23,-51,12,-67,-45,-5,-14,-41,-20,-39,-61,-15,0,31,15,-12,-81,65,20,39,-79,-22,-17,33,-15,-21,37,-23,-4,69,0,-12,16,-37,81,54,7,-60,1,-2,-12,73,-63,-12,-54,-29,-5,-37,-19,58,-40,3,0,17,-31,-5,7,36,35,-16,-20,0,-99,75,-30,46,0,-6,-22,12,73,-20,1,-35,63,42,29,20,-26,-33,0,58,9,41,-18,66,-80,-2,-7,-3,42,-83,-6,31,-48,14,-39,-10,0,-27,-20,12,39,23,38,-22,19,-26,85,80337
25,-36,100,-19,11,-26,37,68,-51,47,-88,86,34,20,24,-2,58,-42,70,-4,-70,-9,12,58,-66,10,-25,-24,46,99,38,-49,-26,0,76,35,71,-26,-47,41,13,6,4,25,-26,15,-49,-12,-24,32,9,-3,-89,30,-26,-58,22,15,-44,31,62,7,60,51,33,-29,12,-28,12,-34,-49,-6,28,57,24,48,3,-24,36,-7,-100,-21,32,52,12,11,-22,47,-9,-50,-69,29,70,-65,69,-44,1,-100,28,-51,0,56,-38,-35,29,5,-2,-36,-33,73,-29,-24,21,56,-33,-45,-46,21,79,-69,-15,22,-25,73,-45,-10,-49,-32,24,-24,21,21,-16,-56,65,-22,26,22,32,20,25,2,6,-40,-29,-16,37,16,-58,67,19,-6,33,-26,8,20,-56,27,52,8,-56,18,25,-19,71,-48,39,-49,0,18,56,18,54,-52,78,81,22,-8,-9,-10,64,80,-60,22,-50,-52,76,-28,42,-20,8,-28,-14,26,-20,-23,-44,75,-48,10,12,-34,82,-22,9,-4,35,12,-46,-41,30,-7,-12,39,23,4,-40,-6,24,-36,17,13,44,41,21,48,6,-15,-18,9,17,44,80687
-37,-71,-42,0,0,-1,12,-6,0,-37,-47,32,13,21,-15,-13,70,-16,-50,3,8,-1,0,37,-25,-100,-37,0,-5,-46,12,0,-74,-40,-8,-4,100,0,-11,-28,-13,-100,-3,-35,-78,-37,0,-15,-75,1,-45,-40,-31,100,-65,-2,-22,-40,22,-1,44,-16,-6,-5,-37,0,-100,-46,-97,-3,0,22,-29,92,-100,-44,0,-100,0,-31,-2,-2,-4,17,-31,-41,-37,-25,19,-8,-16,16,74,4,-66,-39,49,-2,0,34,0,-29,-55,-82,-100,-47,-30,0,25,100,0,-21,40,-2,-19,-49,-49,-7,0,0,-38,42,0,-7,-25,-46,-7,100,7,-28,-35,0,-78,-45,-13,0,-60,-94,39,-38,39,18,-45,-93,-70,0,2,-51,18,-4,-21,33,-6,0,-82,5,-100,2,76,-100,-31,-33,-9,-68,33,-23,80,-26,21,-77,-49,49,69,-74,-47,0,0,-23,37,23,33,25,-4,0,0,-23,28,-63,9,0,0,-47,-34,1,-7,0,-19,62,-16,-7,-2,-54,-73,0,-36,-31,100,-49,29,-97,3,0,-2,30,-34,1,-28,-21,-24,-46,-5,-12,-42,12,-28,-2,-95,-31,-31,41,-30,16,81293
18,14,75,-9,-1,-40,72,31,-37,13,-36,66,2,2,32,5,47,5,45,-9,-47,-10,-14,45,44,27,-3,4,27,66,72,-6,-20,26,46,-7,49,-4,-21,30,-29,32,16,17,-51,16,-37,9,7,-10,11,27,-40,-10,-21,-7,18,-17,-12,28,47,-38,62,31,31,-13,2,-1,-71,-38,-37,9,-6,44,75,11,3,-58,33,25,-39,-30,-8,33,-20,9,-1,35,35,-81,-47,20,80,-36,47,-51,14,-34,30,-33,-4,70,-40,-17,85,26,-3,-37,11,49,-13,6,38,52,-3,-17,-27,36,71,-39,0,24,-16,39,-41,-6,-79,-36,18,-18,23,1,-34,-54,39,-16,18,0,14,-3,41,23,19,32,0,-22,41,31,-33,34,15,1,36,-13,-26,18,-30,67,30,-10,-50,23,17,-37,39,-41,8,-36,42,29,10,-6,24,-29,44,72,7,4,1,6,50,62,-37,0,-38,-52,44,-17,63,-9,-6,11,-10,66,6,3,-2,84,38,27,31,3,69,-15,11,-5,39,25,3,12,20,-7,8,35,1,6,5,1,31,-31,10,15,-11,12,12,30,-60,-5,-3,21,5,36,81606
-35,-37,3,0,-13,-15,35,0,-25,35,-32,56,14,11,9,-22,-22,32,-19,-6,47,-28,0,20,-20,34,38,7,-25,7,37,26,-43,13,25,-6,63,3,6,-6,-37,29,9,18,-71,-15,-25,5,8,-4,3,12,-30,9,-40,29,-11,16,22,-5,21,-33,-17,76,-3,-9,-44,45,50,3,-24,-9,-45,18,-26,33,9,-39,20,0,-37,-18,-10,70,2,4,-51,-34,15,10,45,8,58,-21,-30,-63,15,-39,20,-23,13,52,24,-22,-23,88,-25,-30,35,61,-10,62,39,64,-18,-23,-22,12,75,-18,35,-31,-18,19,-58,-10,10,-24,-21,-10,-18,-9,-62,0,21,0,22,42,52,-33,34,12,92,-81,44,-6,38,-16,20,1,-37,-39,-12,-17,7,20,-9,13,72,32,2,-5,-20,18,82,-43,8,-40,15,-10,3,43,74,-10,-14,77,0,-24,-40,-9,20,58,22,-10,-26,-44,84,-25,44,0,-13,-41,-14,16,43,6,-16,61,-22,11,68,-15,-34,0,-16,-25,38,-24,40,-87,6,-7,5,-22,-35,6,29,2,8,-33,-4,5,14,10,-2,75,43,-21,-55,0,-8,74,81634
-19,19,-18,0,-17,-29,52,52,-32,28,-28,47,8,-14,10,-29,3,36,-21,-19,46,-36,-8,35,-40,49,31,8,-4,0,56,13,-64,22,20,-20,51,-36,-22,26,-12,57,-2,34,-19,-32,-33,8,-21,-14,29,38,-25,10,-64,22,5,-31,41,20,35,-5,36,44,32,-6,-12,-30,39,-28,-32,-16,-31,7,65,29,-13,-2,7,-27,-37,-35,15,65,-20,30,-71,-52,3,-30,37,11,66,-16,-18,-68,28,-38,11,-21,-1,51,41,7,75,-6,-45,-34,55,51,-7,50,17,90,-10,-49,-34,34,52,-8,21,16,-30,9,-64,7,-32,-35,-18,-4,-36,-1,-29,-6,18,-3,34,67,5,-43,48,35,-23,-67,-27,-9,35,-16,-1,50,-21,-4,24,-29,-27,-2,-35,37,37,69,-3,21,-16,-16,46,-52,6,-45,-2,-6,-24,-22,35,-34,-6,52,33,-23,-2,-19,11,51,9,-4,-33,-67,51,8,44,0,-17,10,5,39,31,8,6,58,-27,20,64,-46,-28,-3,49,-52,41,-11,64,-75,9,-26,9,10,-45,-18,25,-8,10,-36,-8,-16,-15,6,17,46,35,64,-68,8,8,68,81635
12,-10,70,-14,-9,-81,11,36,-42,-35,-44,28,-63,13,19,2,31,-6,32,23,-30,-67,13,49,34,8,-14,-4,48,76,13,-50,-47,19,12,0,61,-8,-4,82,-35,26,26,12,-38,1,-43,-6,-38,0,-16,21,-46,-36,-40,-50,-14,-36,-1,46,45,-44,70,28,74,-25,47,-31,-39,-55,-43,14,43,24,-1,-37,4,-14,22,-14,-84,-78,-2,65,28,-21,-5,30,15,-72,-38,31,46,-44,-22,-48,24,-83,29,8,1,44,-22,-30,3,15,-6,-39,-23,74,-25,-11,38,61,-44,-3,14,33,58,-40,-19,15,-19,18,-40,-1,-72,-22,0,-9,0,13,-21,-67,25,-15,21,0,47,-41,60,3,-3,11,-31,-9,-10,1,-49,43,-1,-14,36,-18,-43,26,-57,58,20,-10,-60,18,3,-26,40,-48,-12,-37,15,56,-46,38,22,-61,42,61,35,-3,-25,19,31,35,-39,12,-42,-48,47,-27,48,-14,-12,-15,0,57,-46,-3,-30,52,30,34,-4,2,-11,-15,25,-10,-9,0,-17,-13,21,29,-6,41,-45,11,-17,-37,17,-11,-6,12,-52,-66,29,31,-36,0,-4,3,-28,68,81660
-50,-5,34,0,-15,-38,34,35,-38,19,-18,77,17,0,25,-5,-14,20,-15,-23,56,-53,-9,47,-35,1,32,1,47,35,40,32,-65,9,10,2,32,-16,-19,36,-63,7,13,15,-42,-5,-38,20,3,1,-13,14,-17,-34,-60,38,-30,7,34,38,52,-66,59,45,45,-11,-1,13,2,-51,-37,-21,8,37,43,16,8,-7,13,0,-40,-40,-4,47,-9,-15,-58,-33,-13,-14,50,10,100,-37,-13,-85,10,-40,11,-75,0,51,33,5,52,-27,-53,-35,-4,29,-12,58,15,61,-6,-46,-76,-23,67,-35,27,-24,-12,31,-79,13,-10,-43,-23,-13,-8,43,-35,-42,33,0,17,33,-23,-41,47,22,-20,-28,11,-19,51,-24,-5,35,-53,0,34,-12,1,26,-9,33,68,25,-43,14,-20,-39,57,-50,-30,-47,-10,16,-21,-36,69,-8,-12,67,24,-6,0,-23,39,77,-1,42,-39,-83,55,3,39,0,-15,-5,10,31,41,2,-5,100,-34,-23,73,-39,-11,0,-1,-54,52,-35,0,-37,8,-27,20,-8,-44,11,19,-12,24,-50,-9,5,-17,16,12,46,-2,-17,-60,-6,-31,49,81670
-18,13,34,-1,-7,-9,50,24,-25,36,-30,67,42,-3,14,-20,-8,-14,11,-48,-4,-14,-31,47,-42,-16,23,3,27,35,60,1,-28,-19,29,1,38,-26,-8,5,-17,-7,15,4,-31,0,-27,2,-18,3,5,-18,-30,-1,-25,5,-1,2,-17,36,48,-21,31,28,10,-4,-29,13,1,11,-27,12,-6,7,13,33,8,-29,5,-18,-52,-11,34,36,-7,5,-34,-18,22,-6,-4,0,95,-39,15,-69,5,-56,3,-41,-3,41,10,18,9,18,-12,-28,10,36,-5,14,28,49,10,-23,-36,36,55,-36,14,-27,-16,29,-67,7,-13,-18,-11,-11,-3,7,-31,2,33,-7,6,43,-15,-2,18,20,17,-67,8,-11,40,14,-5,25,-23,31,35,-14,-7,23,-24,10,49,37,5,27,-9,-4,25,-39,7,-33,27,12,24,-26,46,-22,17,57,21,-22,33,12,19,72,-6,7,-26,-51,22,14,29,-1,-8,10,7,17,16,2,3,91,-36,37,44,-10,20,-7,-3,-16,41,13,11,-62,-1,-43,3,-14,-4,17,-18,2,13,-31,6,21,27,41,26,26,-1,-26,-37,3,-3,35,81711
6,-30,75,0,-8,-11,-3,43,-25,48,-51,73,10,-12,12,-6,51,-4,51,-32,0,-26,10,24,26,0,25,9,-5,76,-11,-12,-44,-31,45,4,43,-16,-24,31,-27,9,1,23,-33,3,-23,0,-13,2,7,-26,-49,-8,-42,-14,8,-15,-5,12,21,-23,28,37,30,-4,-12,0,25,-7,-23,-3,-2,30,0,47,-2,-43,8,0,-62,-10,10,66,-11,8,-19,4,33,-31,-4,8,74,-21,39,-32,12,-63,11,-21,3,36,-10,-39,16,13,-9,-25,-3,59,-5,14,34,74,-22,-53,-16,-24,54,-19,24,3,-19,28,-28,-23,-28,-29,8,-13,3,17,-28,-8,30,-6,25,23,9,-16,28,11,23,-19,3,-9,38,-1,-8,44,4,-33,4,-19,-16,9,-27,26,30,17,-8,-17,9,-32,57,-42,-2,-39,22,-7,13,2,29,-28,54,55,28,-8,-37,4,36,73,-3,15,-25,-50,59,-35,25,0,-9,-29,-29,23,13,12,-17,76,29,-10,38,-50,43,-6,4,-10,36,-8,-1,-27,2,-25,0,8,-15,-4,-7,-8,9,-22,0,1,7,10,-13,42,27,1,-20,11,5,71,81732
4,-21,33,-31,-18,-85,47,71,-44,-20,-49,18,-39,23,22,-20,12,72,2,-60,-13,-79,-7,57,-26,-3,31,14,16,35,47,6,-83,55,-6,-16,38,-13,-15,61,-71,-4,16,41,-30,-22,-39,0,-40,-13,-4,68,-48,-18,-83,5,-17,20,65,49,59,-68,22,61,67,-36,-8,-72,38,-65,-38,0,0,25,95,-21,15,7,15,-21,-75,-86,1,69,20,-4,7,-28,-47,-94,-15,5,40,2,-27,-61,26,-73,16,-35,0,36,-7,0,96,4,5,-43,62,42,-38,40,28,80,-28,-50,-35,-9,64,8,28,40,-38,-10,-62,11,-89,-30,-3,-11,-25,29,-33,-71,-6,-47,38,79,22,-79,65,30,19,-63,-72,-13,30,-6,-35,70,-1,-4,42,-36,15,24,-20,79,27,76,-72,20,-3,-43,87,-65,-14,-62,-47,14,-74,18,28,-21,12,66,33,-19,-5,3,25,20,-31,29,-44,-100,85,-3,25,-31,-17,-28,10,75,-5,15,-27,40,-32,-9,20,-48,-23,-46,62,0,33,-10,64,-66,3,-59,1,45,-78,9,66,-43,21,-30,-11,11,-71,-41,23,60,32,50,19,15,-16,71,81835
-31,2,9,0,-8,-38,56,7,-30,36,-30,49,-17,-39,8,-17,-20,15,14,-11,26,-29,9,51,-9,23,18,-8,19,5,57,-7,-50,55,34,-5,79,-8,-19,46,-22,28,-10,23,-38,-16,-21,0,-16,-4,23,50,-30,5,-51,-10,13,-13,0,0,54,-18,29,49,51,-2,-17,41,7,-9,-21,-18,0,25,-2,40,-8,-28,15,19,-60,-29,-13,47,-46,25,-42,-16,45,1,25,38,78,-37,-6,-60,30,-58,13,-21,1,30,30,19,0,-12,-51,-24,0,89,-3,37,14,63,4,-33,-14,32,48,-37,20,-10,-16,43,-52,1,5,-32,-24,-17,-9,27,-25,-9,45,0,19,55,44,-19,37,50,-9,-57,43,-3,20,20,20,6,-31,0,-3,-18,-7,0,-44,22,30,60,-14,43,-24,33,30,-50,9,-49,37,18,6,44,26,-47,17,47,7,-16,-3,-12,22,44,17,24,-30,-66,27,21,32,0,-10,-3,-1,22,49,-9,1,71,-15,40,86,-30,0,0,19,-49,15,17,-10,-71,35,-9,0,-6,-18,-6,19,-5,6,-24,10,-4,5,-10,52,55,4,7,-43,-5,8,52,81863
-40,23,44,0,-9,-12,37,34,-33,27,-33,79,34,-18,14,-14,-2,-7,2,-55,17,9,-13,51,9,14,2,9,2,51,40,7,-17,4,52,-7,54,-29,-22,62,-51,33,3,-6,-18,18,-31,6,-12,-8,0,-2,-30,-4,-17,2,-11,-1,11,23,53,-54,16,52,66,-10,-41,23,31,-4,-31,4,-34,11,2,25,-2,-29,-5,-13,-55,-13,23,82,-30,1,-51,-20,18,10,15,6,83,-41,-6,-55,13,-54,-6,-55,-1,20,26,-3,-3,13,-51,-35,-25,64,-11,29,28,67,10,-30,-58,24,55,-40,0,-41,-17,45,-49,2,2,-27,-5,-19,16,25,-27,2,45,-6,-5,71,19,26,18,15,9,-59,25,-8,49,-45,-16,32,-42,1,22,-18,-5,11,-28,9,42,63,2,17,-5,5,41,-42,-1,-39,21,7,10,8,42,-35,9,55,41,-13,0,14,10,78,-13,23,-33,-43,47,-4,13,0,-15,18,0,17,34,7,2,66,18,21,60,-21,-7,-6,-29,-52,54,-40,-23,-70,1,-51,5,-38,27,0,-7,19,10,-23,6,2,8,37,24,50,28,-31,-56,-6,-12,80,81930
-67,-95,-22,0,0,35,40,1,0,46,5,57,50,-27,-39,46,48,-17,-50,35,-9,62,0,40,-1,-41,-53,0,-21,-20,30,0,-71,-26,87,97,56,0,-39,-26,-58,-35,-13,54,-37,9,0,-23,-32,100,-29,-26,-2,73,-72,0,10,-16,-42,-20,35,-46,-9,48,-31,0,-49,-100,-38,34,0,-34,-38,0,-100,52,-14,36,0,-75,-10,30,15,37,-27,-39,-19,-17,13,28,-9,19,-85,-65,-66,-31,26,-8,0,-7,0,-89,-100,-17,-100,51,-13,0,9,60,0,-64,-10,0,-12,-52,-6,30,0,-63,-52,17,0,-5,-33,-4,24,5,29,-19,4,0,-31,11,0,0,32,-47,30,52,-25,-27,55,-15,-75,52,-1,-20,-17,0,-59,-20,-22,0,-41,-11,-4,-29,43,-4,6,26,15,100,43,1,63,0,7,-71,21,26,57,-4,-47,0,0,59,-20,-1,0,63,-19,0,0,11,38,-31,-82,0,0,-79,4,-24,-47,0,-18,-86,-7,27,-59,-48,-74,0,-71,-10,-1,-24,17,-27,19,17,-26,18,59,-6,-9,-12,-65,43,-49,-10,16,41,42,50,-48,-54,-11,-50,0,25,81933
-4,-1,34,0,-18,0,25,49,-33,10,-39,74,27,-11,15,-23,19,20,10,-22,-25,8,11,40,-18,71,5,11,16,31,35,3,-29,7,56,-6,60,-6,-50,43,-22,71,-14,-3,-54,8,-33,-3,-4,-8,12,4,-41,6,-24,5,11,-4,8,28,49,-34,43,36,40,-20,-32,20,4,0,-32,-8,-22,35,69,5,-26,-25,22,-13,-58,2,18,58,-19,7,-61,-34,10,-63,-28,16,67,-13,10,-60,16,-54,15,-9,17,35,10,-11,79,19,-42,-37,23,54,-21,12,26,78,5,-25,-14,11,62,-15,10,1,-22,34,-55,-5,-55,-23,15,-17,4,8,-47,12,30,-7,4,40,5,11,25,13,21,-36,32,-10,30,41,-47,49,-8,-7,29,-18,-1,-17,-32,50,29,36,12,26,14,-1,54,-41,15,-39,14,-3,-4,1,35,-36,8,61,6,-29,-2,-13,29,74,-47,6,-34,-53,61,-16,35,-1,-17,-9,-6,44,6,8,6,56,-14,-1,25,-13,13,-7,46,-32,28,39,29,-45,17,-32,-4,20,10,-33,23,4,14,-30,-6,-24,0,24,19,32,8,35,-71,14,6,56,81935
4,-31,40,-24,-5,-64,-11,43,-49,27,-63,10,6,22,13,-21,28,26,5,-13,-12,-60,19,51,7,5,6,1,7,41,-14,-14,-43,21,3,-34,21,-9,0,70,-45,3,0,17,-34,-16,-41,-6,-18,-26,11,30,-63,-14,-41,-16,-4,-2,9,42,50,-52,10,16,73,-35,7,-64,4,-46,-41,14,22,47,41,26,-6,29,18,-9,-86,-68,3,28,11,4,-16,6,-2,-52,-7,15,57,-39,0,-60,20,-86,11,-39,21,55,-23,11,52,-10,19,-45,41,30,-35,9,21,51,0,-50,-43,-7,67,-33,-2,13,-31,-22,-52,17,-50,-41,3,-15,-20,1,-22,-74,-20,-40,16,28,-19,-52,46,21,-9,-76,-67,-20,13,32,-17,40,3,31,37,-31,-13,3,-52,48,24,23,-73,33,5,-41,38,-56,-13,-52,0,0,-28,-30,31,-50,7,68,1,-19,36,14,48,15,-19,0,-49,-73,40,2,43,-23,-3,-41,18,48,0,2,-2,58,4,-14,36,-39,-3,-37,25,16,23,29,44,-69,12,-12,-9,30,-54,-13,25,-43,11,-34,10,-4,-14,2,40,18,-1,7,-13,16,-3,32,81956
-34,-33,-13,0,0,-49,28,4,-27,17,-23,25,-24,84,10,-17,-32,21,-34,3,47,-77,-13,35,-16,49,21,1,-14,-9,31,11,-73,17,8,8,52,-5,-4,45,-38,47,-4,35,44,-39,-23,-12,-17,11,1,12,-22,-25,-72,11,-19,-82,44,52,43,-39,-2,38,55,-15,-41,17,-4,-7,-22,4,-9,32,-28,16,-9,-67,10,23,-32,-50,-43,20,89,0,-33,-31,43,-18,49,36,47,-32,-39,13,26,-37,4,-5,4,77,-4,-27,-4,91,8,-23,61,47,-14,28,-5,58,31,-25,-1,54,54,-30,19,-13,-8,-4,10,-4,-14,5,3,-4,-41,-21,50,-38,-4,-3,40,18,65,-79,51,13,98,33,12,-19,-12,-22,21,4,-38,-34,54,-7,-84,-1,-52,33,52,15,-38,20,5,36,9,-40,-26,-40,52,-10,-22,73,57,-55,-26,54,15,-19,-28,9,31,27,14,-22,-27,-94,7,-29,73,0,-2,-41,-7,32,13,-1,28,50,-26,66,49,-25,-42,-2,23,6,-8,-27,58,22,29,5,-10,0,-80,-18,23,-41,9,-6,-4,-16,-16,-25,19,39,-6,10,-32,11,-18,25,82122
19,-3,60,0,-1,-25,14,35,-24,19,-37,87,-2,-56,21,1,49,-26,33,-2,-36,-2,22,22,1,37,-30,5,-12,52,20,-28,-26,10,67,0,58,-14,-34,70,-7,37,6,25,-70,0,-21,8,5,0,25,6,-35,0,-23,-21,31,1,-21,-10,21,-29,-3,43,71,-12,-25,28,-46,7,-21,4,-18,49,36,20,0,-83,25,5,-64,-20,6,75,-59,24,-54,20,54,-56,-41,35,90,-55,48,-56,27,-68,25,-8,10,86,3,-3,54,29,-47,-21,-6,61,-12,19,45,53,-20,-4,4,10,58,-51,-35,14,-8,54,-54,-4,-48,-25,2,-5,8,37,-62,-23,62,0,24,-42,25,8,34,67,46,-11,30,-14,29,41,-41,42,5,-21,-16,-6,-3,15,-20,58,28,-46,-16,14,8,10,62,-34,29,-22,58,10,16,17,22,-19,38,59,17,0,-31,8,62,88,-39,36,-25,-49,61,1,81,0,-4,0,-8,54,27,3,-14,97,-1,21,45,-7,71,0,55,-51,27,36,-12,-17,28,-13,10,46,7,10,-29,5,18,-32,9,17,-4,6,22,41,-51,12,-58,16,14,78,82172
-17,11,38,0,-12,-45,56,37,-30,15,-24,31,-3,16,24,-20,-20,50,8,-26,28,-58,-6,34,-13,15,28,2,32,29,61,20,-70,41,6,-13,31,-29,1,55,-43,28,-12,25,-10,-30,-26,12,-1,-10,23,41,-22,-2,-63,20,-5,-28,37,46,39,-50,47,39,57,-15,-32,-34,23,-24,-26,-20,-7,27,55,12,-9,-46,12,4,-44,-47,-3,70,8,20,-33,-26,8,-46,25,12,75,3,-28,-61,26,-45,16,-41,6,60,27,0,58,70,-4,-31,56,41,-16,52,23,78,-4,-47,-30,1,50,5,29,-12,-8,16,-58,4,-39,-42,-13,-1,-33,-1,3,-36,18,-11,31,48,10,-52,50,40,71,-12,-29,-25,39,-13,0,38,-22,-11,39,-5,-39,-4,-17,47,45,49,-35,17,-10,0,48,-52,7,-46,-3,13,-36,4,49,-20,4,51,24,-22,-11,-19,34,33,0,-2,-30,-90,54,1,62,0,-15,13,-1,43,30,0,-2,60,-20,12,63,-46,-27,-10,41,-2,39,-35,64,-28,6,-25,13,10,-56,-25,50,-12,22,-36,8,-11,-23,-8,23,41,26,22,-35,18,-7,74,82187
-11,-10,35,-52,-14,-90,24,29,-43,9,-58,17,-48,33,14,-1,2,38,-9,10,25,-88,3,64,-29,28,15,-1,-45,46,10,-1,-89,46,3,-5,52,-40,-16,62,-64,44,-10,58,14,-30,-42,-1,-24,-10,-12,64,-58,-22,-94,-9,-12,-29,51,64,57,-48,-6,57,42,-21,-13,-63,37,-71,-42,20,-12,58,71,6,-24,-22,1,2,-83,-86,-41,64,52,-7,-30,-18,7,-70,26,30,56,-32,-4,-38,33,-79,24,-54,8,40,1,-23,60,2,-3,-42,62,85,-22,49,6,60,-9,-22,-51,5,71,-28,5,49,-21,-8,-21,-17,-68,-25,-5,-10,-31,12,19,-92,-3,-51,61,11,58,-90,67,24,20,-15,-45,-12,5,-7,-12,26,-9,-19,38,-22,-17,-9,-37,74,52,11,-87,15,-2,-25,77,-70,-22,-64,-14,-8,-45,51,42,-54,-8,71,34,-3,-30,21,73,15,-15,9,-44,-100,83,-18,42,-52,-12,-26,-19,71,10,9,6,15,-29,30,54,-38,0,-52,27,-9,5,-25,56,-26,16,-2,-3,29,-89,-31,34,-55,10,-1,-2,-30,-56,-48,30,66,54,47,-28,9,-18,55,82318
-25,-44,51,0,-22,5,-6,61,-29,18,-61,66,65,14,9,-19,-22,3,2,-2,-27,13,20,34,-76,9,14,42,11,40,-5,-7,-10,-43,40,-11,29,0,-41,-22,-30,16,35,-15,-20,12,-24,-9,-22,-19,-15,-39,-60,-30,-6,-6,-21,-3,-2,18,39,-45,41,44,-5,-8,7,-41,27,8,-25,-17,37,25,18,14,14,9,8,-50,-85,14,46,46,-27,-15,-27,-23,-31,-13,-35,-4,75,-57,-16,-43,-11,-86,7,-40,20,40,5,-26,22,-58,-19,-38,2,26,-9,-17,36,69,-32,-66,-36,-31,72,-57,12,-41,-15,1,-26,0,-3,-33,-5,-15,15,13,8,-14,7,-1,-11,5,5,6,16,-9,-53,-73,-49,-14,17,-5,-40,70,-34,2,4,-14,-18,35,-25,5,66,-1,0,4,-4,15,67,-47,4,-34,-22,12,10,1,60,-27,1,74,39,-31,3,-11,9,71,-33,10,-30,-21,73,-36,18,0,-23,-40,-9,3,-29,38,-37,74,-67,-35,-6,-52,10,0,-6,-20,26,-26,0,-78,-6,-12,-8,-6,6,23,-4,7,10,-23,-31,19,-9,73,0,43,19,-53,-34,-10,-39,50,82432
-45,-29,50,0,-9,-17,64,53,-47,54,-62,64,21,47,17,-17,-37,49,-7,-17,42,-45,22,32,-90,-29,39,16,45,48,65,20,-67,-31,16,-5,-3,-23,-3,-15,-80,-41,36,12,-2,-12,-43,0,8,-8,-21,-40,-59,-10,-65,16,-29,-27,64,57,34,-82,59,42,-6,-14,-5,-45,10,-24,-43,-24,-1,15,-48,54,23,-52,25,-36,-70,-15,28,34,50,-16,8,-42,-35,-4,36,-11,13,-13,-2,-50,-5,-69,20,-68,15,23,45,-42,-35,-20,4,-40,27,-2,-16,35,9,82,14,-96,-80,-12,76,-15,40,-45,-25,21,-44,-12,-8,-66,16,-21,-10,39,1,-29,21,-10,18,22,15,-41,42,-1,-9,8,-48,-22,53,-37,4,55,-47,2,60,-23,-39,41,-23,10,61,25,-29,-40,18,-16,62,-59,-4,-55,-37,-11,2,0,61,-20,-9,80,32,-19,-4,-20,19,63,10,38,-48,-65,64,-30,17,0,-13,-28,-18,17,14,15,10,5,-82,-24,43,-82,-6,-9,-30,8,58,-46,34,-8,-10,-22,0,-31,-43,30,46,-10,13,-65,-9,31,7,20,-34,42,0,-54,-3,-5,-29,36,82458
-14,29,74,-22,34,-41,45,44,-75,4,-41,67,-11,68,4,4,23,-45,14,-2,-38,-61,-4,50,-60,4,-29,-44,46,60,47,-33,-39,13,31,27,16,-92,-28,6,0,1,-26,33,55,-17,-73,-18,-49,25,6,3,-42,8,-38,-32,7,-37,-26,9,43,-28,70,32,14,-37,15,-44,-32,-30,-72,-20,9,25,-6,2,-24,-2,38,-9,-79,-27,27,13,77,5,-15,-12,-11,-42,-46,11,45,-45,6,-33,28,-76,39,-5,-12,0,24,0,1,-14,-48,-28,-23,35,-35,-4,-6,65,44,-91,-10,7,84,-49,-24,32,-40,27,-27,-2,-45,-40,-1,-8,-9,41,61,-63,29,-32,36,11,83,-18,41,-14,-2,5,-49,-25,-20,-41,-36,49,-21,8,28,-34,-25,-9,-47,42,40,-1,-55,7,0,15,7,-40,27,-30,0,18,-27,91,33,-43,8,81,34,2,8,-13,21,68,-31,40,-76,-79,7,6,16,-22,32,24,-7,49,-40,-43,43,29,-69,9,21,-90,27,-32,50,-44,-23,-18,-28,-15,7,-12,-19,47,-21,-23,-40,-49,1,-23,-4,-3,-36,-1,22,40,-30,23,-26,-3,-5,25,82493
10,-15,78,-5,3,-6,32,52,-33,0,-71,90,-28,3,11,-5,13,-13,28,-3,-29,-29,0,29,-33,39,28,-3,47,67,26,-16,-22,39,46,-8,21,-27,-44,12,-13,48,0,21,5,-2,-31,-12,-20,-11,0,36,-71,-8,-23,-14,-12,-26,-38,63,27,-38,64,35,11,-15,15,40,-3,5,-31,27,10,40,70,2,-9,-21,16,-5,-88,3,-6,49,6,-1,-18,-7,-1,-41,-33,43,81,-15,36,-24,-13,-88,14,-32,-5,77,26,-51,72,-7,-40,-26,0,28,-15,43,31,47,38,-69,-28,0,70,-17,26,-6,-24,12,-27,-31,-34,-17,3,-23,7,21,9,-16,16,-9,17,-22,31,6,29,31,4,41,45,-18,27,-31,-31,57,0,-51,58,-20,-25,5,-50,45,21,-4,-11,-17,5,4,37,-41,18,-31,-3,1,-4,31,12,-46,31,71,37,-7,-52,27,45,87,-31,19,-34,-51,45,-48,81,-5,0,-11,-36,44,2,-1,46,80,-36,5,15,-68,55,-9,-7,-41,19,-36,-17,26,42,-9,-12,23,5,-5,-8,-9,6,-15,-18,2,-22,-16,-14,35,6,-48,-24,16,-29,52,82496
-15,0,43,-9,-18,14,39,28,-44,15,-61,66,24,0,11,-19,-21,24,8,-46,7,7,31,61,-12,49,23,-12,67,37,36,-38,0,33,59,-2,64,-14,-25,43,-22,40,8,-1,-62,7,-37,-6,-11,3,12,35,-65,27,5,-47,4,60,15,13,56,-28,76,42,55,-17,-12,12,30,39,-35,-11,27,62,11,11,5,15,23,-19,-85,14,37,67,-22,5,-27,-62,25,-3,1,8,3,-23,17,-47,0,-82,11,-47,13,55,31,2,22,40,-19,-41,-1,63,-17,38,41,64,-13,14,-55,4,77,-21,22,-58,-27,43,-40,-13,1,-63,15,-19,5,31,-71,40,45,-17,1,36,94,35,19,54,62,-50,15,-14,34,15,-30,30,-20,2,9,-30,53,20,-34,10,24,8,44,40,18,67,66,-49,31,-47,35,-19,13,93,31,-33,2,77,36,-23,8,-25,54,69,-22,29,-45,-31,59,0,44,-7,-21,0,-17,8,26,-12,-41,-3,-10,-13,47,29,14,-15,19,-18,46,23,14,-68,8,-47,-7,-31,30,11,15,35,9,-68,-9,16,31,13,44,41,10,-8,-36,-1,0,71,82497
16,-5,80,0,0,-4,49,52,-40,21,-72,66,51,11,20,-25,22,-2,49,-8,-38,4,8,36,-20,14,6,5,47,82,50,-16,-1,-11,34,-8,33,-23,16,36,-12,-1,14,-3,-48,28,-38,-11,-28,-7,10,-20,-68,34,2,-19,13,0,-20,52,37,-14,61,30,34,-13,-40,-14,-1,-39,-37,-34,-10,25,20,22,2,10,28,-12,-82,-3,41,50,-12,8,-13,45,40,-31,-39,13,13,-58,58,-54,-34,-84,25,-41,10,29,-24,-22,30,47,30,-31,-5,40,-13,13,26,56,20,-28,-47,21,58,-58,4,-31,-18,19,-51,-7,-37,-44,15,-20,28,13,-39,-61,22,-15,0,4,9,14,15,14,50,-4,-20,-38,49,-5,-41,52,11,5,50,-17,-14,21,-52,7,61,2,-61,0,17,-41,51,-60,36,-58,40,27,43,-4,66,-50,51,62,20,-29,7,-25,33,63,-38,12,-40,-33,45,-12,30,0,-1,-4,-10,15,-17,8,3,29,-21,32,18,-21,55,-14,-21,29,58,-9,0,-1,13,-4,-12,-16,10,4,-5,16,19,-32,6,11,50,46,0,34,-13,-37,-14,6,12,52,82509
51,52,100,-42,-1,-74,64,58,-52,-16,-68,41,-13,-47,28,29,68,2,63,-14,-42,-73,4,76,5,30,-12,-3,60,95,82,-49,-65,6,35,-23,48,-78,-23,69,0,12,33,47,-29,24,-41,0,6,-17,-10,28,-67,-32,-52,-55,-8,-18,-24,70,76,-28,74,31,51,-43,-73,-51,34,-91,-41,65,-67,57,46,-16,10,-75,45,-15,-100,-76,-5,73,-52,-22,0,85,13,-100,-47,41,87,-65,22,-35,34,-100,40,-34,1,13,-18,-18,55,52,14,-31,-3,61,-43,-7,51,94,7,-67,-7,11,73,-55,-21,50,-34,23,-20,15,-93,-52,-6,-29,19,51,-17,-100,38,-51,52,20,18,-37,75,16,51,-47,-44,-8,62,-24,-68,69,19,18,73,-31,-38,43,-46,100,43,1,-100,23,-1,-92,61,-81,10,-60,14,41,-51,-7,52,-45,87,76,-15,24,10,63,70,58,-65,54,-55,-42,64,-21,17,-44,-1,47,10,89,-35,-3,-4,100,-3,19,-1,-68,38,-52,58,0,62,-30,-9,-54,39,-18,2,100,-47,27,-18,-55,28,-52,-7,35,-50,-15,25,37,22,-4,14,24,-27,72,82523
-29,-1,26,-13,-15,-60,26,44,-43,-8,-46,43,-8,81,15,-29,-10,49,-2,-11,31,-72,4,62,-20,63,13,12,15,28,28,1,-70,31,1,-3,6,-9,-17,33,-55,69,-5,18,-8,-29,-39,-6,-16,-3,3,45,-46,-19,-71,2,-20,-33,63,19,60,-55,21,24,34,-31,-24,-14,2,-34,-39,-1,-15,46,82,-9,-14,-7,5,-14,-68,-58,-13,50,78,2,-21,-40,-25,-47,27,11,93,-28,-33,-55,12,-71,4,-75,11,65,5,-11,89,46,3,-45,45,20,-32,23,8,81,20,-36,-79,8,64,-22,10,0,-15,-14,-52,5,-41,-55,-1,-9,-30,18,-2,-55,-12,-24,17,36,-8,-76,53,-4,50,7,-12,-12,38,-27,-21,47,-34,9,20,-15,-42,-4,-51,51,58,33,-53,8,0,-4,40,-74,-15,-71,-30,0,-35,-20,54,-53,3,65,38,-27,10,0,41,43,-17,17,-44,-100,38,-12,59,-13,-16,-7,6,47,3,13,19,93,-19,13,35,-34,-30,-24,28,-2,46,-28,48,-7,5,-8,-6,4,-74,-26,42,-37,14,-37,0,-13,-38,-8,17,28,1,24,-11,9,-21,50,82744
-4,-27,5,0,-12,-12,0,-42,-27,37,-22,50,-24,7,6,-28,-3,34,11,-10,18,-11,-3,28,31,84,27,-6,18,1,2,16,-21,61,40,1,67,4,-13,9,-13,77,-25,-1,-25,-12,-13,7,-6,0,35,62,-23,28,-19,15,22,-18,-8,58,30,-13,31,48,8,0,-5,50,10,8,-13,11,0,45,27,38,-7,-42,20,50,-29,-13,-33,25,-5,36,-14,-16,42,2,11,37,41,17,23,-38,40,-29,16,-55,1,35,7,-5,38,19,-8,-25,13,68,0,38,32,52,52,-4,-57,51,46,16,29,-9,-14,50,-38,-21,0,-7,-11,-12,-13,13,-12,14,48,0,0,56,25,16,33,21,18,4,57,5,25,10,26,-44,-5,-15,51,-14,-22,-13,-51,14,18,65,7,20,-10,48,13,-33,26,-34,47,-14,17,27,18,-51,14,48,6,-30,-17,12,43,49,30,12,-27,-49,13,-1,38,0,-14,-29,-22,14,58,-7,51,25,32,50,79,5,25,0,50,-8,20,5,11,2,37,-5,6,-4,15,-19,37,12,4,-9,39,-14,21,-22,21,47,13,35,-8,2,22,28,82756
15,2,88,-23,-10,-78,-35,63,-51,15,-66,63,-32,-3,25,-15,39,-27,31,-20,-20,-76,0,40,-5,35,32,-4,59,88,-40,-9,-55,58,34,15,25,-30,-47,92,-19,26,0,9,-23,-14,-37,-1,-36,15,16,61,-68,-16,-58,-9,0,-5,10,68,40,-21,69,48,94,-28,10,-34,-39,-67,-37,-27,18,51,12,17,0,8,15,16,-81,-73,-25,43,-1,16,-23,17,-11,-77,-22,34,88,-23,34,-52,14,-82,13,-26,-2,85,-12,-24,33,-81,-22,-48,-17,34,-29,20,19,62,17,-6,-27,35,80,-20,26,49,-36,27,-54,-15,-77,-35,-3,-24,-10,11,-21,-50,30,-6,8,69,-11,-51,63,0,-80,13,-30,-28,31,37,-27,63,12,-31,63,-40,-5,7,-39,65,31,82,-50,3,-1,-58,49,-29,-7,-27,-10,-18,-22,-11,25,-41,38,83,16,-17,-31,-22,52,61,-24,10,-50,-100,50,-21,81,-23,-12,1,-16,66,-12,-4,17,83,0,40,32,-1,42,-6,29,-27,30,33,-24,9,30,-13,-1,57,-51,-5,-31,-31,23,-38,4,4,-27,-26,11,48,-39,7,-20,18,-3,41,82883
-28,0,-2,-1,-13,15,31,60,-29,20,-42,78,26,-14,15,-17,-17,-19,0,-7,-2,-9,-4,38,-58,31,11,6,-5,-13,38,-13,-11,-10,33,2,47,-3,-20,73,-50,29,19,-3,-39,6,-27,-4,-11,0,-10,-16,-41,-20,-4,-9,-24,-4,4,-4,41,-49,23,36,78,-8,-29,10,11,-7,-27,-11,-22,25,37,12,5,-27,18,-16,-67,14,22,72,-15,-12,-15,-8,11,-23,0,12,27,-31,3,-54,-7,-67,14,-22,1,31,-7,-4,32,45,-22,-32,11,51,-10,12,25,52,-26,-5,-20,-6,64,-31,12,-49,-22,26,-52,1,-17,-28,0,-15,1,2,-36,1,25,-7,5,12,45,4,17,0,46,-48,5,-28,15,19,-11,60,-32,-1,-10,-21,-5,23,-29,25,39,27,3,22,1,-11,52,-43,-11,-39,9,25,1,38,44,-32,-7,65,19,-22,-2,-8,23,82,-17,1,-30,-29,50,-6,33,-1,-15,2,-1,22,-2,6,-21,41,-49,11,14,4,1,-6,-8,-14,10,0,15,-65,7,-21,-5,-27,0,9,-19,-1,12,-34,-15,9,18,17,24,39,25,-33,-27,2,-25,67,83088
-44,23,-16,0,-8,-20,37,40,-37,40,-35,83,6,56,11,-27,-28,16,-42,-32,39,-35,18,60,-16,89,-1,-5,1,-15,40,30,-58,29,45,-8,71,-22,-31,49,-37,90,0,27,27,-16,-31,2,-26,-4,7,31,-36,2,-58,28,10,-74,35,83,60,-37,13,42,52,-4,-31,62,5,-5,-31,-3,-26,23,56,41,2,-1,21,1,-42,-19,-2,44,46,6,-84,-58,27,-16,37,39,69,-39,-16,-65,30,-40,13,-40,10,54,1,2,62,46,-63,-28,42,74,-5,40,0,67,74,-58,-44,81,47,-39,0,-7,-15,43,-60,2,-15,-26,-6,-15,-15,32,35,1,43,0,25,57,41,-28,43,26,43,-12,64,-20,22,-26,23,38,-46,-22,79,-15,-77,12,-63,45,48,60,-1,23,-6,35,0,-45,0,-47,30,-58,-8,36,49,-64,-38,48,18,-28,-20,-3,21,81,25,31,-38,-79,4,0,49,0,-10,17,3,44,48,-6,72,68,-18,76,81,-51,-16,0,24,-63,24,-30,41,-20,40,-31,2,-2,-27,0,15,-6,10,-32,-7,0,-4,7,24,41,4,18,-81,0,9,47,83183
-24,2,44,0,-13,-23,31,26,-29,19,-30,39,19,18,8,-19,-3,-7,12,-23,4,-23,14,36,-50,-11,36,13,7,39,37,17,-9,5,36,-14,13,-11,-16,-7,-5,-24,26,1,1,0,-25,4,-7,-12,7,12,-31,-13,-7,20,-13,0,-7,13,36,-30,10,39,20,-10,-14,-26,43,-19,-25,-19,-1,8,-48,17,24,2,14,-8,-36,-27,8,49,-5,2,-2,-2,-26,10,4,-15,36,-40,-4,-57,16,-39,12,-57,7,32,11,-7,-28,-3,26,-29,10,4,-10,-5,16,43,3,-62,-58,-6,54,-36,29,-46,-16,31,-41,1,15,-38,-12,-4,0,20,19,-36,36,-1,-1,16,9,9,28,30,-6,-26,-29,-15,37,-45,15,31,-32,-15,9,-15,-21,39,-5,3,38,13,-30,-23,-11,-24,47,-47,0,-39,-9,18,-12,-12,36,-3,17,57,12,-17,-13,-13,5,43,17,20,-30,-21,51,-16,24,0,-14,-1,1,0,17,8,0,24,-30,-31,40,-35,-2,0,-13,23,45,-45,9,-21,-12,-38,2,-14,6,31,-7,5,8,-48,1,26,-8,23,-26,30,29,-44,-4,-11,-14,54,83296
-47,40,91,-6,-12,-61,81,9,-40,12,-55,90,2,0,25,2,6,-41,35,-8,-23,-17,-20,88,1,-17,21,12,54,95,83,4,-29,-12,61,43,74,-46,-52,22,-52,-18,4,7,-8,-1,-39,9,-1,44,5,-20,-52,6,-30,5,-13,-9,-11,70,90,-52,72,48,23,-8,-6,0,31,-19,-39,-15,8,20,-24,9,0,-4,17,0,-72,-58,7,52,-6,4,-22,-22,0,-6,-24,8,100,-50,20,-64,12,-74,13,-74,2,36,49,-9,-17,73,-40,-39,-92,75,-9,1,34,80,33,-70,-71,40,78,-50,21,-44,-21,72,-58,-1,-7,-47,-15,-16,0,23,-7,29,73,-11,6,68,62,6,20,35,70,-31,2,11,64,-29,-31,10,-49,11,68,-21,-15,19,-22,12,43,60,28,29,-15,-35,42,-50,12,-49,-1,30,23,52,41,-21,47,79,22,2,10,-16,21,89,-32,23,-40,-58,41,-10,40,-6,-14,38,-1,16,11,12,30,100,0,39,47,-64,25,-8,-39,-39,65,-20,-93,-41,9,-10,10,-40,7,4,-40,2,24,-51,-2,5,25,3,24,50,25,-58,-23,-16,-16,54,83328
-11,-63,55,0,-18,-6,4,43,-38,30,-85,70,58,65,3,-41,14,17,10,3,-39,30,23,43,-50,74,18,16,-11,55,13,-34,3,-19,65,-9,73,-13,-33,8,-8,74,0,-15,-4,5,-36,-27,-69,-6,25,-24,-84,21,9,-34,0,-26,-18,52,45,3,12,51,14,-5,11,-3,9,4,-35,-7,9,58,54,24,-1,-22,14,-6,-87,-10,25,55,64,21,-48,-17,44,0,-44,27,90,-46,5,-33,10,-88,7,-26,23,49,-31,-45,63,81,-8,-44,11,78,-7,-10,37,68,-13,-61,-30,12,72,-44,15,-19,-11,25,-27,-24,-1,-26,23,-14,-1,-8,1,6,23,-2,-9,36,73,31,15,32,79,-11,-12,-25,29,21,-31,40,-11,-17,46,-10,-38,9,-75,-7,51,30,4,18,23,14,57,-54,17,-54,40,-12,4,66,58,-78,14,76,40,-48,-17,-7,55,74,-26,-9,-38,-44,57,-44,31,0,-18,-61,-27,-5,-11,14,-14,87,-39,18,14,-54,0,-1,-6,-4,31,18,23,-18,26,0,-28,-14,30,-4,11,1,1,-30,-11,0,20,49,18,51,10,-19,-51,13,5,52,83465
-7,-21,93,-5,-13,-50,-24,35,-32,-2,-66,78,-14,-13,15,-10,28,0,48,3,-35,-39,37,33,31,34,1,6,-14,87,-24,-23,-70,26,56,18,46,-9,-51,18,-69,32,7,16,-37,0,-33,-7,-21,20,-23,27,-67,-45,-63,-21,-27,37,3,19,32,-74,7,54,15,-11,-22,7,15,-36,-33,8,-14,42,52,-5,3,-50,23,-3,-92,-49,-6,55,-27,-23,-45,5,9,-73,-36,23,89,-29,1,-29,12,-92,18,-31,25,54,-4,-37,62,63,-27,-35,15,50,-13,10,27,68,23,-7,-30,45,76,-27,-2,-3,-16,43,-22,-26,-71,-41,7,-7,-1,20,-27,-33,45,-12,21,34,54,-25,45,29,65,-22,11,-8,43,-25,-55,37,-12,-36,13,-14,29,17,-35,74,37,32,-30,-10,11,-12,65,-41,-33,-35,7,2,-35,36,39,-32,49,78,33,-15,-38,11,47,80,-56,17,-33,-60,65,-35,49,-5,-15,-21,-29,73,-12,8,22,86,28,47,14,0,9,-11,0,-28,44,-26,18,-27,20,2,-5,18,-28,8,-2,-33,11,-43,-7,8,-33,-18,-11,57,20,-24,-50,3,-30,54,83494
-5,3,29,0,-14,-36,73,-26,-23,26,-16,49,-21,-19,8,-18,25,0,18,-61,2,-56,4,24,8,42,31,7,56,20,64,2,-49,41,28,-5,65,-4,-19,9,-10,49,15,14,-22,-8,-21,8,-4,-6,21,30,-20,-4,-47,1,11,-27,-10,8,23,-17,84,41,11,0,6,43,0,-30,-20,2,3,15,-36,17,14,-42,26,38,-41,-38,-36,51,-56,25,-6,7,25,-26,0,21,83,-19,8,-49,27,-35,17,-9,1,70,-9,-12,-57,-42,-26,-25,9,56,0,35,29,52,9,-31,-32,51,52,-21,35,-7,-10,23,-42,-12,-29,-38,-20,-8,-9,42,-16,-30,17,0,21,73,44,-35,40,17,-45,-13,43,-5,14,-29,14,-25,-8,-38,8,-11,-25,22,-35,36,29,42,-29,1,-20,-14,34,-55,-2,-55,30,12,-1,31,28,-35,12,51,16,-23,-34,-2,3,54,17,43,-24,-64,28,-17,72,0,-15,-8,-11,38,34,8,0,81,26,33,73,-4,10,0,38,-17,13,-8,21,-18,23,-68,5,5,-39,12,2,-16,7,-47,11,10,8,-26,-9,38,-2,18,-21,-12,13,44,83707
-42,37,37,0,-9,-27,0,40,-26,-5,-15,84,14,-54,13,-10,-38,32,2,6,51,-8,0,39,62,78,-8,22,14,32,0,-27,-43,-15,28,-18,38,-5,-7,73,-62,78,33,7,-75,-16,-26,7,-2,-21,-4,-9,-18,-16,-42,-25,-41,-9,60,11,39,-65,15,27,79,-19,-70,13,17,-11,-25,21,-64,20,68,-4,17,-11,13,-25,-58,-23,4,100,-55,-5,-8,-32,44,-24,40,5,84,-16,-51,-44,8,-58,10,-6,8,62,44,14,69,12,-7,-25,40,41,-20,48,54,72,-35,14,-5,45,55,-14,-7,-37,-10,19,-38,11,-23,-57,-6,-26,-16,0,-70,-22,23,-2,7,22,51,-14,47,16,18,-60,14,-24,32,33,-5,45,-48,10,2,-10,-19,38,-55,36,65,21,-19,10,-4,18,50,-52,-1,-42,54,26,-50,42,63,-57,4,56,46,-11,7,20,17,85,7,0,-27,-32,51,9,58,0,-11,36,10,38,12,21,-31,88,63,44,33,20,-40,0,-15,-12,35,26,50,-69,1,4,8,-21,-12,21,19,8,12,-52,-11,18,-58,16,18,25,20,-36,-6,3,-47,99,83759
-57,-100,-41,0,0,4,21,42,0,52,-47,13,55,0,-12,46,-10,-14,-48,23,24,31,0,-20,0,-30,-48,0,-56,-41,8,-63,0,-31,22,61,-100,0,27,-38,-34,-50,0,46,-72,-8,0,10,-94,68,31,-36,-1,0,0,-85,19,-13,60,-52,-61,-30,-45,-15,-11,0,-6,-68,-52,-13,0,-63,-58,81,-100,44,0,-1,0,-37,-71,5,96,44,0,22,-70,6,23,27,30,40,-93,0,42,-14,-2,1,0,-17,0,-3,-50,-76,-100,-65,0,0,-40,43,0,-71,-31,-5,-92,-34,-37,51,16,0,-51,-3,0,-2,-43,20,27,-100,100,0,-17,0,-29,-21,1,0,42,9,70,0,23,-48,-87,26,-52,-74,0,-51,3,40,-33,8,-72,0,55,0,76,-24,45,15,-17,-36,100,77,11,0,0,-4,-14,-37,81,18,38,-79,-47,0,0,56,-47,-65,3,12,6,0,0,4,24,-50,-68,0,0,-97,-11,-24,15,0,-21,-91,-3,55,7,-37,51,0,-52,11,21,-42,-33,-38,-11,16,7,-12,0,0,-10,93,5,-28,-14,7,91,54,-57,100,-26,-58,-51,18,28,73,83781
-9,-42,0,-5,-12,-15,16,83,-37,32,-35,61,6,40,20,-18,9,22,-21,-5,15,33,-7,48,-21,43,12,20,29,-2,25,13,-30,24,57,-18,41,-2,-44,36,-24,37,29,6,-13,-8,-32,5,-6,-14,3,30,-35,12,-26,18,0,5,29,37,51,-36,24,31,47,-18,-16,-56,35,-6,-31,-8,-3,33,73,29,12,0,10,-42,-35,-17,48,35,30,1,-60,-29,-28,-58,8,22,92,-33,0,-43,25,-35,0,-48,13,56,8,12,88,-1,-23,-40,52,29,-19,10,41,100,16,-52,-45,48,74,-29,8,-6,-6,16,-35,21,-56,-38,0,-23,-12,2,-4,0,19,-15,8,-1,-11,6,32,10,1,-40,-54,-16,29,6,-34,85,-16,10,32,-4,-6,30,-40,60,39,-11,2,13,2,-1,34,-58,22,-52,-20,-28,-14,-24,45,-44,-14,74,28,-20,15,-11,31,65,-30,2,-37,-45,37,2,55,-4,-16,-47,22,57,0,16,17,83,-20,41,21,-39,3,-14,67,-27,35,3,56,-32,22,-11,5,23,4,10,15,12,20,-49,-7,20,-9,7,5,27,20,34,-52,12,0,37,83813
-60,-47,-8,-10,-36,6,-38,95,-73,43,-58,72,49,76,28,-40,-58,55,-65,-2,43,-31,17,44,-56,34,26,51,26,-5,-38,30,-52,-18,22,-26,-34,-43,-41,66,-61,28,11,-4,-41,-21,-64,3,-4,-17,0,-9,-57,17,-51,31,-37,52,74,82,42,-61,21,83,61,-57,-96,-86,17,-42,-64,-72,-81,28,29,48,6,31,-22,-43,-58,2,37,65,60,0,-25,-71,-66,-41,36,6,75,0,-32,-83,16,-62,-19,-64,24,40,36,-31,36,-3,-3,-71,24,-26,-57,22,-1,81,-40,-48,-66,5,80,12,10,-17,-25,-9,-70,5,-32,-67,9,-27,-25,31,-20,-4,1,-19,-8,6,-83,-37,49,13,4,-17,-93,-34,61,-2,-3,92,-62,-21,77,-27,40,24,-14,44,72,8,-4,-18,14,0,96,-56,14,-51,-77,-40,-26,-100,78,-14,-54,83,58,-35,-26,-61,29,75,5,28,-73,-84,96,-28,30,-10,-33,-44,3,34,6,54,-43,69,-61,10,20,-38,-38,-18,45,-18,68,-14,22,-15,5,-3,3,-1,-40,-6,45,-15,27,-61,-25,-7,-17,50,-12,85,12,30,-5,5,-31,65,84064
-20,5,68,-7,-5,-36,-26,43,-34,-29,-9,82,-11,12,21,-3,-25,2,26,3,-7,-26,-6,50,34,-8,-1,4,86,64,-27,1,-58,7,35,-25,37,7,-13,100,-70,0,28,0,-92,10,-31,12,15,-25,-36,7,-11,-36,-56,1,-33,-13,29,14,49,-77,100,20,95,-36,30,72,-81,-7,-30,38,26,39,69,-31,4,-9,16,-23,-43,-30,1,38,6,-37,-27,0,21,-52,-8,26,84,-50,10,-87,-6,-45,13,-23,15,49,54,-14,74,60,-5,-33,-17,41,-36,58,57,12,-54,34,-23,20,61,-50,0,-14,-22,32,-83,-5,-42,-42,-7,-19,13,0,-89,-42,35,-7,4,-75,-13,-17,51,51,71,64,66,-13,15,31,-36,45,-23,-9,4,-21,-18,28,-23,66,60,-71,-36,41,-6,52,69,-20,-24,-16,16,52,-8,-25,58,-22,25,64,7,-6,-7,31,33,82,-35,-1,-35,-19,67,-21,47,-6,-7,0,-6,58,22,4,-58,93,29,17,26,41,17,-7,-4,-6,13,26,-16,61,24,8,11,2,-18,13,0,-7,23,-37,-1,9,-16,-11,36,18,-76,-21,-26,15,-38,36,84103
-10,21,20,0,-2,11,20,26,-27,0,-28,60,47,-47,13,-20,-14,16,-1,11,-9,42,-9,20,-1,16,4,15,24,20,28,-2,20,-17,29,-21,-5,4,10,32,-27,32,7,-21,-79,14,-22,4,0,-27,15,-21,-27,28,22,2,16,3,-7,26,23,-37,45,17,33,-11,-31,-2,14,-5,-22,-36,-10,-5,35,-1,7,-4,19,-10,-41,16,25,72,-54,18,-12,-13,18,-7,-16,-11,14,-26,17,-47,-8,-46,16,-33,0,72,-16,0,33,-2,10,-22,34,-3,-11,12,28,58,-21,-7,-33,23,55,-25,3,-55,-8,10,-45,7,3,-61,-6,-11,16,11,-70,-17,9,-2,-20,42,-20,29,6,11,4,-35,-2,-24,50,-8,-22,30,-16,-4,14,-7,-5,15,-21,0,56,36,-16,-16,-2,-11,39,-56,40,-48,17,-8,14,-29,54,-24,5,57,24,-26,-2,-27,-7,58,-18,10,-28,-8,39,-5,60,0,-7,17,4,-5,-1,14,-18,10,-3,21,19,0,31,-2,9,10,55,-19,31,-52,-18,2,2,-32,30,2,16,34,12,-58,1,11,2,50,-14,18,11,-19,-14,-9,7,72,84105
-12,-9,36,-9,-4,-60,24,21,-36,-30,-16,30,-32,49,14,0,13,43,-7,-24,26,-58,-13,41,23,55,15,8,32,31,31,18,-73,-9,-1,-3,28,3,-1,13,-16,52,24,40,0,-43,-35,11,3,0,5,-14,-18,-13,-69,19,-28,-49,51,38,45,-24,33,25,19,-30,5,-28,11,-14,-34,9,9,57,27,-33,1,-7,9,-2,-38,-63,-14,12,44,3,-45,-37,12,-58,20,12,76,-19,-56,-43,37,-38,3,-44,-8,64,33,-8,30,33,-12,-34,60,22,-30,49,40,74,28,-65,-43,-3,64,-17,17,31,-18,-20,-38,7,-51,-29,-1,-4,-44,12,7,-32,-18,-17,43,14,13,-74,69,9,39,5,-21,-13,5,-8,-13,25,-17,-3,43,-18,-56,21,-26,63,33,-5,-31,9,0,-3,29,-32,-6,-27,18,7,-67,6,38,-25,-7,66,15,-3,0,3,49,34,-7,12,-36,-77,34,-15,54,-11,-5,-10,6,58,5,2,22,74,21,-14,35,-55,-57,-17,47,-9,8,-13,70,4,12,-24,12,47,-76,8,40,-19,14,-35,-16,5,-57,-36,8,21,2,27,-48,24,-28,18,84135
-8,-35,21,-15,-12,-83,15,18,-35,-9,-8,16,-78,48,10,-9,3,57,-6,-1,30,-72,18,52,16,54,23,14,1,11,18,12,-68,36,-15,-26,20,-36,4,50,-51,48,0,24,-33,-41,-27,8,0,-28,17,42,-10,-25,-66,13,-18,44,40,39,52,-71,12,49,49,-27,-18,-47,30,-52,-27,11,-18,47,100,-9,2,-4,8,-4,-16,-78,-11,78,47,15,0,-32,-45,-60,27,-8,97,-16,-51,-27,37,-19,10,-26,17,84,9,-13,100,58,6,-30,75,16,-29,29,22,84,-23,-49,-24,-13,76,-12,25,9,-18,-17,-17,4,-51,-27,-2,-14,-41,5,-14,-65,-14,-15,26,5,-14,-77,70,32,63,-21,-39,-10,41,-8,-7,26,-18,-12,28,-18,26,14,-28,80,26,3,-56,7,0,-34,37,-61,0,-52,-49,-3,-66,-36,26,-24,-4,80,42,-12,-13,7,40,21,-6,5,-36,-95,39,-23,73,-16,-9,-34,3,75,0,12,-18,99,16,-18,25,-36,-35,-15,73,2,42,-16,74,-29,-6,-6,9,36,-74,-10,51,-28,10,-25,-2,0,-70,-73,3,47,29,43,6,5,-26,78,84136
7,-13,67,-5,-7,-35,34,26,-29,41,-67,70,-18,-51,13,-12,26,1,44,-11,-26,-27,-25,32,22,24,15,20,12,57,34,-31,-38,20,56,0,57,-30,-39,46,-28,24,11,16,-57,3,-31,-8,-26,1,15,29,-69,-24,-32,-30,8,-1,-20,-2,31,-45,27,46,47,-6,-36,28,24,-18,-32,-2,-26,35,29,39,7,-43,25,22,-85,-31,-1,74,-42,14,-28,18,52,-58,-31,27,85,-40,32,-43,12,-86,18,-17,0,61,-10,-38,48,60,-14,-35,-19,58,-7,6,32,45,-5,-12,-2,13,58,-35,12,-4,-14,20,-38,-20,-49,-29,4,-19,4,10,-52,-24,30,-2,20,-5,50,-10,30,19,75,-39,15,-14,43,12,-5,31,-4,-38,-18,-15,-15,22,-43,47,31,-14,-15,-2,10,-10,56,-52,0,-39,55,33,5,39,30,-38,47,62,20,-17,-48,0,49,78,0,9,-29,-52,55,-41,50,-5,-10,-9,-28,43,5,20,-6,97,16,20,41,-3,47,-1,14,-20,39,0,-17,-52,22,-8,-9,34,-13,6,-9,-19,12,-39,5,14,-3,-14,5,43,26,-28,-29,6,-4,76,84138
-33,4,92,-26,3,-49,65,79,-78,36,-97,93,-10,41,4,-16,13,42,30,-11,55,-21,8,72,-37,10,32,-29,2,93,60,-16,-98,-23,70,20,28,-40,-54,-35,-27,15,-6,52,9,-35,-66,-10,-47,25,22,83,-93,38,-97,-15,-3,-25,41,11,90,-34,-3,34,-32,-51,-11,10,49,-40,-67,-43,9,22,24,38,2,-67,28,-39,-89,-52,10,57,37,11,-77,-50,-32,-1,49,6,73,-44,-10,-23,13,-93,27,-75,3,83,47,-43,29,-25,-20,-51,38,32,-58,58,-14,97,43,-84,-69,-9,77,-65,15,-23,-42,30,-12,-39,-5,-60,2,-25,-34,58,30,-7,36,-41,49,87,63,-22,39,-100,-9,-30,30,-17,61,-65,-19,79,-38,-36,5,-43,-28,12,-56,26,47,92,-15,-36,6,-72,28,-74,38,-73,-32,-14,-13,57,45,-61,69,78,39,-14,-39,-37,32,94,-11,58,-78,-96,27,-40,73,-26,5,2,-46,12,65,-27,45,80,-55,-1,78,-81,-15,-40,-20,-94,56,-67,42,-2,1,-1,-2,-11,-27,1,20,-24,5,-65,-1,7,-19,-5,-23,38,43,-31,-93,0,2,100,84272
-4,-1,58,-9,-7,36,10,91,-39,45,-71,96,77,-2,23,-12,6,-12,8,-50,-44,43,41,38,5,36,-3,5,19,56,15,-5,21,-7,65,-16,34,-18,-32,70,-36,34,-1,-8,-46,29,-30,-4,-20,-16,5,-5,-73,16,24,-10,15,10,-21,41,38,-47,25,29,71,-17,-55,-50,21,-1,-30,-8,-49,21,71,44,0,17,23,-33,-89,38,79,71,-3,1,-37,-18,-3,-45,-52,20,70,-45,40,-65,-23,-89,21,-19,19,67,-39,-8,82,-28,-24,-29,18,36,-18,-12,21,67,15,-15,-20,37,61,-45,-1,-34,-17,28,-61,1,-43,-54,26,-26,29,54,-41,14,30,-15,-6,20,-48,58,-4,15,-24,-40,-58,-30,47,4,-45,95,-11,-14,38,-17,4,8,-66,17,27,9,13,-8,28,-19,54,-33,28,-30,-6,-44,16,-54,29,-62,13,63,38,-13,-15,-6,19,96,-38,52,-39,-40,58,-9,50,-9,-6,-6,-1,14,-27,6,11,68,0,31,-12,-4,48,-14,-1,-25,48,1,20,-48,22,-37,-3,-7,56,-8,-17,22,21,-51,-1,1,14,78,-11,27,16,-26,-36,3,11,76,84357
-13,-66,-42,0,0,24,-47,11,0,28,8,89,31,-19,-23,65,-100,6,-14,5,-25,56,0,29,24,-22,-94,0,38,-51,-53,-100,0,-6,93,60,-16,0,39,-16,6,-25,70,-57,-25,22,0,-31,0,-18,-35,6,15,-12,-10,-100,25,-21,-23,0,28,-30,42,46,-17,0,-30,-72,-37,100,0,-51,-30,37,-90,21,63,88,0,-53,-1,35,47,25,-17,-18,-38,-100,21,19,-42,23,-100,-72,19,-43,16,-4,0,-52,0,58,-100,32,-94,-42,0,0,-35,-4,0,-88,-89,67,-1,-39,-57,9,0,-83,-90,-69,0,2,-22,-20,28,-93,57,-80,38,0,-30,100,2,0,-63,-67,37,96,-25,65,-40,8,-70,100,-46,-8,-35,6,-50,27,2,0,-26,45,0,-17,22,-76,100,13,-7,100,23,0,41,1,16,-78,100,39,-1,-3,-15,0,0,90,26,-25,25,89,-35,0,0,74,25,-38,6,0,0,-66,-15,-26,20,0,-3,-100,19,2,-21,-35,32,0,-15,-3,-47,-2,-60,8,5,11,-22,35,100,22,-5,-1,-44,-92,-70,60,60,33,11,71,-40,-84,-69,0,17,34,84397
17,1,100,-27,-7,-8,57,28,-28,3,-35,60,45,-8,15,-15,14,-34,52,19,-32,-11,31,16,22,52,-11,21,42,90,52,-23,-7,-11,40,-16,16,-10,-10,-5,9,43,38,-17,-16,38,-23,-13,-24,-18,0,-8,-35,-13,1,-21,6,38,-13,-11,21,-19,47,5,3,-17,-4,-23,13,-27,-23,20,0,11,48,-1,24,11,13,-19,-49,-5,32,35,-21,-7,-10,49,8,-22,-39,2,-63,-71,50,-10,-26,-49,-5,-25,13,95,-29,-8,71,7,12,-31,-46,7,-19,-33,23,50,28,-26,-20,14,49,-74,-10,-46,-9,25,-10,6,-10,-27,14,-14,36,40,-5,-66,28,-14,-12,-27,-17,3,19,1,5,-3,-28,-33,35,-12,-44,36,0,5,-7,-9,31,43,-11,12,80,-44,-60,6,16,-24,5,-79,21,-64,10,23,49,-18,82,-9,55,51,29,-23,5,14,18,67,-38,44,-29,-41,8,-10,77,-27,-11,0,4,4,-36,12,26,-48,21,4,-11,-13,74,-12,7,13,35,-19,-44,-6,3,17,-12,7,0,34,-40,1,12,-33,-2,37,38,46,-2,4,3,-58,-12,-21,-10,38,84412
0,0,0,0,0,0,0,0,0,0,0,0,0,0,0,0,0,0,0,0,0,0,0,0,0,0,0,0,0,0,0,0,0,0,0,0,0,0,0,0,0,0,0,0,0,0,0,0,0,0,0,0,0,0,0,0,0,0,0,0,0,0,0,0,0,0,0,0,0,0,0,0,0,0,0,0,0,0,0,0,0,0,0,0,0,0,0,0,0,0,0,0,0,0,0,0,0,0,0,0,0,0,0,0,0,0,0,0,0,0,0,0,0,0,0,0,0,0,0,0,0,0,0,0,0,0,0,0,0,0,0,0,0,0,0,0,0,0,0,0,0,0,0,0,0,0,0,0,0,0,0,0,0,0,0,0,0,0,0,0,0,0,0,0,0,0,0,0,0,0,0,0,0,0,0,0,0,0,0,0,0,0,0,0,0,0,0,0,0,0,0,0,0,0,0,0,0,0,0,0,0,0,0,0,0,0,0,0,0,0,0,0,0,0,0,0,0,0,0,0,0,0,0,0,0,0,0,0,0,0,0,0,84573
1,17,18,-2,-19,-52,47,29,-34,11,-20,30,-15,-6,9,-24,35,45,4,-3,4,-52,21,47,-55,76,18,12,-15,13,42,4,-57,19,22,-4,75,-32,-18,87,-8,87,-18,29,-43,-31,-29,1,0,-3,44,29,-20,10,-58,7,18,-37,7,49,51,-9,13,33,80,-12,-20,2,5,-6,-28,-10,-26,22,14,7,-22,-23,15,-1,-36,-49,-12,70,-12,43,-57,-35,44,-66,0,34,61,-27,-12,-64,34,-37,17,18,12,45,23,7,19,-10,-18,-34,62,84,-12,34,25,90,26,-28,16,51,47,-23,18,19,-20,6,-60,12,-58,-23,-2,-18,-31,36,-41,-14,8,-12,30,70,22,-50,55,1,-13,-60,5,-2,-11,48,-9,31,-4,-11,46,-21,-42,-15,-51,58,29,54,-10,33,-3,7,32,-52,18,-49,37,-4,-12,19,24,-52,1,49,15,-24,-7,-5,19,31,-2,33,-33,-78,33,6,42,-1,-18,11,11,52,15,12,26,63,-62,47,60,-24,-3,-11,69,-20,-11,42,68,-65,32,-8,1,18,-49,-43,38,-17,8,-13,5,-37,-20,-12,30,34,14,69,-54,17,13,66,84596
-23,-15,23,0,-9,-17,14,43,-28,59,-38,52,0,11,12,-7,-18,-3,-5,-13,30,37,-1,43,-33,3,-13,17,9,3,11,23,-26,11,68,4,47,-5,-27,28,9,-6,8,-1,-20,3,-24,8,6,-5,3,-13,-43,17,-21,21,21,14,35,10,42,-13,34,66,33,-4,-30,-31,17,22,-25,0,-15,11,-7,50,5,-20,17,-22,-60,-6,48,78,-8,6,6,-34,-38,-7,28,10,60,-40,6,-52,28,-62,0,-51,3,45,-11,4,-1,-48,-10,-30,-19,45,-6,-31,24,73,-21,-58,-50,29,64,-48,1,-32,-19,48,-40,8,-1,-39,6,-21,8,8,3,19,43,0,7,46,0,34,19,-4,-43,-67,-31,0,36,-19,5,49,-27,4,3,-16,-7,19,-34,10,36,36,25,5,6,21,76,-51,41,-42,-36,-71,41,-15,32,-29,-15,67,33,-18,5,-1,12,47,5,6,-28,-15,74,-6,33,0,-20,-25,8,10,8,12,-21,52,-26,26,29,-35,30,0,18,4,37,-25,-15,-80,9,-9,6,-2,35,11,2,23,11,-37,13,16,23,5,3,64,24,-22,-16,-11,7,76,84600
-6,7,72,-26,-16,-5,49,79,-55,25,-57,66,91,65,38,-6,-10,-43,9,0,-39,14,9,47,-59,-65,-38,47,60,71,54,4,18,-31,45,15,-19,40,5,0,-19,-71,67,-48,-15,48,-53,17,27,10,-4,-34,-57,-11,18,4,21,-7,-4,71,48,-26,58,57,8,-57,-31,-51,-9,-39,-54,-1,-10,5,-17,26,46,-54,32,-44,-69,2,63,52,69,-3,7,38,-36,-43,-43,-25,43,-71,29,-34,-27,-68,31,-46,18,63,-68,-3,-8,12,14,-60,-18,-22,-58,-43,16,60,-11,-70,-42,-8,95,-72,-35,-45,-30,64,-33,28,-45,-67,30,-19,55,14,-12,-39,65,-31,-52,-22,-10,38,22,-25,11,6,-54,-62,64,-51,-86,83,-7,22,76,-33,-8,73,8,24,62,-17,-35,-48,32,-8,65,-32,1,-31,-36,6,54,-17,57,9,13,96,22,-4,22,-3,10,64,-84,16,-56,-26,69,-7,53,-26,-17,9,27,26,-48,46,-11,32,-59,-15,-41,-66,41,-31,-10,11,66,-55,-24,0,-26,0,19,-33,40,65,-46,28,36,-69,-3,57,36,100,-52,55,-15,-20,6,-27,13,55,84621
-1,-39,93,-20,-50,-58,-18,77,-58,17,-87,52,-1,87,15,-46,45,74,17,-7,-1,-81,44,52,-97,-4,25,24,-16,91,-23,44,-79,-31,-7,-38,2,-10,3,-37,-26,-3,46,1,61,-29,-51,-7,-4,-42,4,-29,-84,-13,-76,44,-24,-62,54,87,52,-36,-3,51,-36,-36,-17,-54,23,-49,-51,-37,-13,52,-25,14,29,25,24,-18,-73,-56,19,-3,84,6,-46,-9,-15,-88,-6,17,1,13,-24,-31,-1,-72,17,-78,30,-5,9,-60,-7,-20,-23,-69,80,10,-38,58,54,80,60,-85,-79,-31,88,12,26,14,-35,5,-27,-22,-90,-11,21,-32,-27,8,67,-23,6,-24,7,84,-16,-70,68,-11,-2,11,-43,-33,42,-12,-40,80,-3,3,86,-33,-69,51,-31,80,34,79,-21,-22,24,-62,68,-45,0,-41,-18,-22,-37,-26,34,-36,18,90,33,-54,-1,-35,54,50,-36,7,-58,-80,71,-51,-3,-21,-55,-44,-24,85,-3,24,61,14,-100,-36,6,-80,-22,-24,13,-24,47,-16,80,3,10,-6,-8,35,-71,39,71,-20,14,-1,-25,29,-36,-3,-12,52,23,-5,-51,13,-28,0,84682
-35,17,81,0,-1,-29,-17,42,-41,10,-57,98,-11,-11,16,-23,-8,-34,27,10,-18,-6,7,36,-7,49,4,-7,43,84,-18,-7,-45,30,74,27,77,-26,-81,72,-35,10,-2,-7,-40,-7,-33,-8,-49,37,35,24,-58,-10,-35,-8,-20,-44,-8,60,47,-41,44,69,78,-14,-64,64,35,-32,-32,0,-61,6,15,8,0,-69,35,32,-57,-32,-23,74,-18,30,-60,-6,38,-23,-22,17,100,-44,25,-64,7,-58,14,-22,7,29,28,-47,38,1,-66,-32,-56,55,-13,17,-6,33,24,0,-17,-8,65,-39,1,-38,-27,65,-52,-28,-20,13,7,-41,-13,9,-33,-7,66,0,-1,61,33,15,29,64,24,4,54,-35,53,-37,-33,38,-42,-49,63,-18,-44,12,-47,25,17,57,-6,23,9,7,55,-33,-12,-34,51,24,-15,37,36,-46,40,65,2,-30,-46,-1,12,100,-27,5,-41,-90,61,-43,52,0,-8,17,-37,24,32,-17,14,97,-1,-22,64,22,16,0,-14,-67,50,-45,-53,6,24,12,-10,-1,6,-2,-43,-5,16,-22,-9,6,19,-23,13,60,19,-50,-55,2,-13,71,84684
17,-1,90,-8,-7,-55,19,7,-36,-1,-92,56,-35,44,13,-11,44,-6,71,8,-29,-63,7,59,-71,34,9,-27,72,92,18,-37,-62,17,51,22,47,-31,-39,-2,24,27,-13,45,4,-4,-28,-13,-56,25,29,18,-92,33,-60,-37,23,91,-40,34,57,19,89,61,-6,-13,17,55,16,-48,-27,0,14,71,26,0,-10,-59,14,33,-91,-53,-20,29,46,23,12,34,41,-37,-34,18,49,-48,61,26,15,-91,10,-93,-1,53,-31,-56,31,56,4,-32,-14,55,-12,-3,6,37,58,31,-94,11,85,-48,6,23,-33,52,21,-55,-44,-57,13,-21,-3,14,5,-61,54,-17,45,34,93,-36,41,53,64,28,61,-15,83,-44,-41,8,11,-39,34,-33,89,-2,-41,33,40,40,-57,0,15,-26,51,-76,38,-73,40,34,27,93,37,-39,77,87,42,-13,-39,6,73,55,-35,12,-36,-85,57,-48,67,-7,-8,1,-60,39,-9,-24,58,50,-72,11,40,41,66,-16,14,-1,76,-46,-18,17,19,7,-13,35,-40,-17,-10,-26,9,-57,0,-10,26,-33,1,63,26,1,16,0,17,26,84685
-24,5,40,-10,-10,-20,26,26,-36,-4,-24,52,19,11,13,-19,-18,37,-4,-8,8,14,1,15,17,-2,-1,20,32,36,25,-6,-28,-4,23,0,20,0,0,49,-43,-8,23,-4,-47,-12,-37,6,10,-5,-1,-9,-24,-4,-26,-6,-15,13,26,15,17,-53,34,42,54,-16,18,-8,9,-13,-37,6,21,22,6,-9,18,-19,21,-6,-52,-15,3,68,7,2,-18,-21,-16,-24,6,-11,39,-3,-15,-32,2,-51,7,-27,8,25,14,-15,17,17,0,-40,28,13,-17,24,30,49,-30,-28,-20,8,73,-5,4,-45,-18,9,-26,5,-12,-39,4,-14,-10,-6,-34,-13,9,-11,-2,17,35,-16,30,22,22,-44,-5,-23,12,-20,-13,31,-28,-5,9,-16,7,31,-9,25,51,10,-7,3,4,10,56,-40,11,-36,-9,4,-7,22,48,-12,-2,74,25,-22,-9,2,20,53,-12,-6,-36,-31,59,-18,22,-11,-15,6,0,21,12,12,-36,57,17,10,24,-20,-2,-11,-12,2,15,-27,26,-53,-10,-14,5,-21,-14,13,36,14,13,-48,-9,11,-19,22,3,43,-4,-34,-25,3,-22,70,85120
-12,-13,35,0,-4,-12,-14,64,-41,16,-42,52,9,87,19,-24,2,26,4,-4,-20,27,8,56,0,9,-15,18,23,34,-15,2,-19,-16,33,-2,2,-20,-6,48,-27,12,31,-4,-25,-6,-40,0,2,-4,11,-9,-42,14,-15,2,1,-27,14,42,54,-38,12,23,58,-22,-54,-26,0,8,-39,2,-40,24,25,17,16,57,3,-37,-69,-15,55,61,79,14,-25,-41,-44,-57,-21,3,92,-49,-26,-52,9,-69,-6,-43,13,50,-7,-22,32,26,16,-30,52,-2,-23,-35,27,89,-38,-43,-41,33,71,-45,-20,-14,-5,9,-45,18,-51,-49,20,-9,-10,22,-22,3,11,-11,-5,1,-36,5,24,-11,47,-41,-34,-3,19,-19,-26,66,-16,20,39,-6,-37,31,-39,47,48,5,3,-12,22,9,46,-39,21,-35,-41,-30,-10,-52,51,-42,9,73,52,-24,16,5,16,56,-29,23,-41,-29,48,-28,41,-1,-8,-14,17,45,-50,16,-37,84,-2,33,-31,-40,-25,-10,52,11,28,-24,49,-44,0,-23,0,9,3,16,23,4,17,-49,0,20,-7,12,-7,21,-8,30,-18,-1,2,66,85147
-6,-13,90,-37,-17,-33,40,67,-54,48,-68,42,56,56,7,-26,-5,42,15,0,-6,0,12,35,-33,17,42,27,18,88,49,-17,-44,-66,39,4,29,-17,-16,3,-17,14,0,14,-37,-10,-53,-13,-34,1,3,-65,-68,6,-41,-14,-3,-11,37,53,38,-21,27,41,8,-35,-4,-70,10,-27,-53,-5,9,43,37,43,7,-23,9,-33,-83,-33,35,55,47,1,-34,-9,-25,-30,-9,-7,36,8,5,-36,-9,-83,5,-52,7,64,-8,-45,55,14,0,-54,32,28,-36,45,28,77,-22,-47,-53,-5,87,9,39,-27,-44,9,-34,-24,-32,-42,18,-20,-11,61,-32,-25,10,-45,19,57,36,-12,27,-26,11,-20,-70,-25,42,-12,-21,68,-8,-23,49,-43,-20,13,-34,11,50,52,-23,-20,20,-20,65,-47,10,-47,-25,-21,12,21,50,-34,17,89,45,-29,-21,-3,40,45,-18,63,-55,-48,65,-52,54,-37,-16,-19,-27,14,14,27,-23,39,-35,-7,36,-40,10,-44,-44,0,45,-20,35,-25,-11,-5,-13,-12,-14,1,37,0,7,-45,-3,0,12,54,-21,41,3,-54,-36,5,-6,59,85160
-18,-40,4,0,-18,-79,10,31,-39,-4,-46,22,-54,23,7,-32,9,46,-8,-12,33,-71,2,52,10,76,15,0,-19,6,13,3,-74,78,6,-27,50,-25,-31,15,-16,84,-18,28,48,-38,-35,2,-18,-23,29,86,-47,-8,-73,3,6,-21,46,60,54,-12,7,52,17,-21,-6,-34,43,-40,-34,-16,-12,57,62,-4,-23,-11,0,-8,-67,-78,-17,57,24,27,-40,-39,6,-48,30,27,80,-35,-31,-22,47,-69,1,-58,12,48,27,-16,63,51,-31,-43,40,58,-21,25,11,83,30,-35,-64,40,67,-31,15,19,-14,-10,-21,-3,-45,-28,-19,-12,-39,-15,47,-52,-8,-11,29,37,24,-76,68,27,55,-21,-25,-12,29,-39,-3,32,-22,-8,58,-13,-24,-11,-60,68,30,36,-52,21,-18,1,40,-74,-5,-70,7,-21,-37,22,30,-61,-3,68,32,-31,-6,-14,51,20,0,-18,-40,-100,42,-14,43,0,-18,-42,-3,65,21,0,30,75,10,40,58,-32,-29,-10,69,-33,29,-37,44,-29,27,-12,3,23,-74,-34,41,-29,5,-21,-5,-28,-36,-54,21,52,54,66,-32,7,6,52,85220
-65,48,12,0,-3,17,55,35,-23,15,0,84,36,-54,18,-10,-69,-2,-30,-22,34,28,-36,46,5,64,-6,-10,100,7,63,-52,-18,-15,51,9,56,-2,-60,96,-47,66,18,3,-91,9,-20,-4,9,8,-5,-14,2,-28,-15,-49,-21,-6,41,42,45,-61,100,22,100,-7,-55,64,-57,15,-20,-20,-45,23,-50,11,12,-65,10,-11,-49,21,21,51,-51,-5,-32,-52,94,29,29,20,50,-51,-20,-45,-6,-54,9,-39,-10,51,-16,39,-41,87,-56,-22,13,63,-7,3,26,26,-2,68,-35,81,45,-49,-6,-64,-3,21,-43,3,39,-39,2,-22,11,-10,-85,17,24,0,3,-7,74,-2,11,37,91,24,60,-52,29,10,10,39,-73,31,34,-3,-9,25,-47,-10,58,-1,20,61,3,36,7,-52,-7,-41,100,2,-5,79,56,-48,-25,45,19,-10,24,-15,27,88,13,-9,-23,-35,8,41,45,0,-4,52,0,-16,21,-11,-4,69,12,86,47,66,-9,0,-32,-56,30,7,14,17,15,-20,-4,-35,-5,19,-4,29,17,-36,-42,25,-10,40,75,20,-60,-73,-36,-3,-26,52,85228
-33,36,41,0,-7,-38,9,51,-37,-2,-48,62,-8,-7,21,-25,-21,31,-3,-37,17,-42,0,69,-1,33,22,2,33,42,11,-33,-57,34,25,-14,62,-38,-35,74,-48,50,3,35,-34,-20,-32,-1,-10,-10,3,40,-48,0,-58,-31,-22,10,47,44,69,-51,33,39,80,-20,-43,-31,47,-48,-33,-27,-37,60,84,-1,-4,-28,15,-3,-81,-36,-3,76,-8,3,-52,-44,53,-42,16,13,68,-24,-30,-55,17,-81,15,-50,4,53,22,43,84,97,-24,-32,37,64,-20,31,24,69,-11,-14,-48,0,50,-18,17,14,-13,-2,-48,10,-39,-38,-8,-18,-19,16,-33,-58,0,-8,31,13,46,-50,53,55,96,-74,-35,-36,52,24,-5,52,-35,27,38,-14,3,6,-41,45,59,18,-59,58,-7,1,44,-69,5,-66,46,5,-49,35,60,-42,0,52,34,-24,24,-25,65,60,-3,14,-36,-83,48,39,52,0,-8,34,7,44,19,1,-2,67,-1,-4,54,0,-26,-8,29,-28,53,15,37,-82,10,-38,-2,30,-49,-13,26,-18,21,-36,-10,-4,-46,-5,61,39,40,14,-51,14,-23,80,85308
-23,99,-58,0,0,6,0,16,0,21,29,2,29,24,-11,8,27,-11,-64,24,-10,100,0,32,-27,-75,-41,0,28,-40,-3,-100,10,3,96,23,96,0,-23,-20,-26,-100,-8,35,-17,10,0,0,-25,35,28,-5,28,39,21,-100,-3,-18,-55,-26,25,-15,33,65,-25,0,87,-78,-15,15,0,-2,100,100,-100,44,-18,-100,0,73,-100,0,19,2,3,17,-76,-54,16,1,0,-7,-11,-86,10,-31,28,-100,0,38,0,-100,-88,26,-87,71,-50,0,-38,47,0,-67,-52,18,-52,23,26,33,0,-84,-56,27,0,46,-50,62,2,21,47,20,-9,0,-27,-6,16,0,19,-100,28,60,18,19,0,-27,-64,-55,54,39,-28,0,-27,27,5,0,-22,-19,95,0,-2,-100,-8,100,99,-1,19,0,-41,31,13,-73,-37,28,2,-1,-65,0,0,40,100,-1,100,11,-26,0,0,31,27,5,-100,0,0,-40,26,0,2,0,-77,-11,-24,29,35,84,-49,0,-83,-45,26,99,-35,-15,-19,10,-15,-1,16,-16,-25,-3,23,-20,-79,-8,13,16,41,72,-15,-21,-100,32,-4,0,85344
0,0,0,0,0,0,0,0,0,0,0,0,0,0,0,0,0,0,0,0,0,0,0,0,0,0,0,0,0,0,0,0,0,0,0,0,0,0,0,0,0,0,0,0,0,0,0,0,0,0,0,0,0,0,0,0,0,0,0,0,0,0,0,0,0,0,0,0,0,0,0,0,0,0,0,0,0,0,0,0,0,0,0,0,0,0,0,0,0,0,0,0,0,0,0,0,0,0,0,0,0,0,0,0,0,0,0,0,0,0,0,0,0,0,0,0,0,0,0,0,0,0,0,0,0,0,0,0,0,0,0,0,0,0,0,0,0,0,0,0,0,0,0,0,0,0,0,0,0,0,0,0,0,0,0,0,0,0,0,0,0,0,0,0,0,0,0,0,0,0,0,0,0,0,0,0,0,0,0,0,0,0,0,0,0,0,0,0,0,0,0,0,0,0,0,0,0,0,0,0,0,0,0,0,0,0,0,0,0,0,0,0,0,0,0,0,0,0,0,0,0,0,0,0,0,0,0,0,0,0,0,0,85345
-99,-80,-72,0,0,58,-8,46,0,-100,14,58,0,0,-29,0,85,-60,-70,27,-26,0,0,-14,28,45,-47,0,0,-40,-42,-100,-98,-31,54,48,10,0,-48,26,-30,29,-27,94,-58,38,0,13,6,100,58,-52,4,30,-46,-56,65,-19,-24,-61,-3,-75,-14,0,49,0,-88,-26,-52,43,0,-83,-87,-40,-75,-91,4,-100,0,100,-75,1,12,60,0,24,-70,-54,42,1,-17,12,-47,-67,-34,1,88,-15,0,-11,0,100,-100,9,-79,-7,-84,0,67,37,0,-100,37,20,-18,12,32,69,0,-41,-27,78,0,79,0,2,-12,-46,-4,-31,-11,0,-61,52,43,0,4,33,70,-24,100,68,-57,-29,-21,71,2,-19,-18,0,-38,24,-52,0,-11,42,100,0,-43,19,-4,-29,54,100,-31,79,-92,7,43,-63,0,68,100,69,-65,3,0,100,-1,-68,-35,58,-22,0,0,64,-16,7,63,0,0,-82,2,-3,-39,0,-1,-30,29,43,70,1,15,0,2,-38,70,-24,35,-37,8,22,-26,45,-22,29,-27,-18,-17,-47,-23,37,36,-25,-19,44,-58,-70,-91,-18,31,37,85346
0,0,0,0,0,0,0,0,0,0,0,0,0,0,0,0,0,0,0,0,0,0,0,0,0,0,0,0,0,0,0,0,0,0,0,0,0,0,0,0,0,0,0,0,0,0,0,0,0,0,0,0,0,0,0,0,0,0,0,0,0,0,0,0,0,0,0,0,0,0,0,0,0,0,0,0,0,0,0,0,0,0,0,0,0,0,0,0,0,0,0,0,0,0,0,0,0,0,0,0,0,0,0,0,0,0,0,0,0,0,0,0,0,0,0,0,0,0,0,0,0,0,0,0,0,0,0,0,0,0,0,0,0,0,0,0,0,0,0,0,0,0,0,0,0,0,0,0,0,0,0,0,0,0,0,0,0,0,0,0,0,0,0,0,0,0,0,0,0,0,0,0,0,0,0,0,0,0,0,0,0,0,0,0,0,0,0,0,0,0,0,0,0,0,0,0,0,0,0,0,0,0,0,0,0,0,0,0,0,0,0,0,0,0,0,0,0,0,0,0,0,0,0,0,0,0,0,0,0,0,0,0,85347
-67,-95,-22,0,0,35,40,1,0,46,5,57,50,-27,-39,46,48,-17,-50,35,-9,62,0,40,-1,-41,-52,0,-21,-20,30,0,-71,-26,87,97,56,0,-39,-26,-58,-35,-13,54,-37,9,0,-23,-32,100,-29,-26,-2,73,-72,0,10,-16,-42,-20,35,-46,-9,48,-31,0,-49,-100,-38,34,0,-34,-38,0,-100,52,-14,36,0,-75,-10,30,15,37,-27,-39,-19,-17,13,28,-9,19,-85,-65,-66,-31,26,-8,0,-7,0,-89,-100,-17,-100,51,-13,0,9,60,0,-64,-10,0,-12,-52,-6,30,0,-63,-52,17,0,-5,-33,-4,24,5,29,-19,4,0,-31,11,0,0,32,-47,30,52,-25,-27,55,-15,-75,52,-1,-20,-17,0,-58,-20,-22,0,-41,-11,-4,-29,43,-4,6,26,15,100,43,1,63,0,7,-71,21,26,57,-4,-47,0,0,58,-20,-1,0,63,-19,0,0,11,38,-31,-82,0,0,-79,4,-24,-47,0,-18,-86,-7,27,-58,-48,-74,0,-71,-10,-1,-24,17,-27,19,17,-26,18,58,-6,-9,-12,-65,43,-49,-10,16,41,42,50,-48,-54,-11,-50,0,25,85348
0,0,0,0,0,0,0,0,0,0,0,0,0,0,0,0,0,0,0,0,0,0,0,0,0,0,0,0,0,0,0,0,0,0,0,0,0,0,0,0,0,0,0,0,0,0,0,0,0,0,0,0,0,0,0,0,0,0,0,0,0,0,0,0,0,0,0,0,0,0,0,0,0,0,0,0,0,0,0,0,0,0,0,0,0,0,0,0,0,0,0,0,0,0,0,0,0,0,0,0,0,0,0,0,0,0,0,0,0,0,0,0,0,0,0,0,0,0,0,0,0,0,0,0,0,0,0,0,0,0,0,0,0,0,0,0,0,0,0,0,0,0,0,0,0,0,0,0,0,0,0,0,0,0,0,0,0,0,0,0,0,0,0,0,0,0,0,0,0,0,0,0,0,0,0,0,0,0,0,0,0,0,0,0,0,0,0,0,0,0,0,0,0,0,0,0,0,0,0,0,0,0,0,0,0,0,0,0,0,0,0,0,0,0,0,0,0,0,0,0,0,0,0,0,0,0,0,0,0,0,0,0,85349
-24,28,-8,0,0,16,-26,0,0,-4,63,-23,10,0,-5,95,48,-16,-16,7,-28,58,0,-3,35,-69,-70,0,23,0,-9,-94,-29,-6,32,55,-30,0,-56,0,-43,-73,0,69,-58,-23,0,-15,-43,60,20,2,26,0,-31,-10,-8,36,-68,-15,46,-24,48,-7,-2,0,-48,-100,4,64,0,-33,-40,40,-93,0,9,-100,0,76,-39,11,47,100,-5,-20,-27,-96,10,1,-1,9,-100,-83,-54,-1,19,-41,0,-28,0,-61,-100,-96,-81,-27,-54,0,-50,13,0,-36,-53,-17,-44,1,-25,-1,2,-84,-71,12,0,8,-2,1,3,-88,59,-1,-28,0,-43,37,25,0,62,-50,64,36,-12,13,-13,-17,-62,48,0,9,-24,0,-25,28,-9,0,46,1,86,-1,1,-46,50,-37,41,100,-8,3,0,5,-1,46,38,28,0,71,-11,0,0,99,50,-32,76,-15,-8,0,0,36,42,-90,78,0,0,-92,-8,-3,-16,0,-15,-100,42,5,66,1,-65,0,-61,-54,-2,8,-41,0,-55,1,-1,52,25,0,12,7,-39,-55,-3,38,43,7,-82,24,13,-81,-21,-13,-3,99,85350
-29,-100,-69,0,0,0,10,-17,0,-25,28,76,-33,-32,30,-10,-61,-23,-24,28,0,79,0,73,58,-39,-46,0,31,-68,69,100,-15,-19,100,100,21,0,-41,17,-29,94,-65,32,-30,23,0,42,19,63,-74,5,43,-1,-48,-87,34,-4,-16,-9,-6,-35,40,100,41,0,-23,-28,33,63,0,-1,18,86,-100,36,-81,31,0,100,-84,12,4,69,-28,2,-50,-88,35,8,-28,13,-100,-96,4,-7,39,-24,0,14,0,100,97,-36,-100,-22,-29,0,12,98,0,-69,-76,40,-12,19,-33,-9,4,-100,-37,22,0,100,-3,-37,-1,-40,94,-3,33,0,0,79,91,0,66,16,-46,41,-6,-86,0,-17,-93,100,-50,-61,-34,-42,-61,60,-34,0,13,-20,28,-9,-3,48,73,-25,84,100,24,39,25,10,-4,-97,85,-7,-10,33,-29,9,0,80,9,40,97,41,-27,0,0,52,42,39,98,0,0,-100,29,18,-6,0,13,-64,59,54,38,-13,14,0,-23,-45,-35,-11,-43,-22,-22,1,50,-22,63,-15,-36,-56,20,93,30,-25,6,-17,96,67,15,19,-53,-93,11,70,85351
-47,-52,-16,0,0,0,64,-50,0,-7,4,47,-39,78,-3,100,41,-37,-68,15,-26,88,0,7,18,-51,-44,0,-51,6,47,4,1,-58,85,10,-32,0,-17,0,-18,-75,-22,20,-33,30,0,-2,-46,1,-17,-72,0,-11,-22,3,32,-82,-37,-35,18,-26,-26,-20,-24,0,-43,-56,-49,23,0,-23,-85,35,-100,-9,-23,9,0,100,-4,2,-41,55,53,46,30,-61,-27,-2,-23,-41,-100,-73,54,0,38,1,0,0,0,92,-100,2,-100,-79,9,0,28,-9,0,-80,-90,0,-66,-81,6,35,0,-89,-49,11,0,-3,0,-8,-3,-33,87,-1,35,0,-11,70,1,0,50,52,100,8,0,-49,-84,-29,-41,3,3,-4,-52,-19,-43,66,-36,0,-55,0,-97,0,-5,96,69,-13,27,26,66,6,2,-1,-55,-100,59,82,-61,44,-77,0,0,14,-32,-65,2,17,-53,0,0,-18,10,32,97,0,0,-42,-1,4,-6,0,-10,-100,5,5,-34,-69,88,0,-1,-31,-30,-6,-31,-48,11,21,-24,34,33,1,-17,0,-34,-19,-39,15,-41,-21,-36,8,-34,25,-4,-74,48,25,85352
-99,-80,-72,0,0,59,-8,46,0,-100,14,59,0,0,-29,0,85,-60,-70,27,-26,0,0,-14,28,45,-47,0,0,-40,-42,-100,-98,-31,54,48,10,0,-48,26,-30,29,-27,94,-58,38,0,13,6,100,58,-52,4,30,-46,-56,65,-19,-24,-61,-3,-75,-14,0,49,0,-88,-26,-52,43,0,-83,-87,-40,-75,-91,4,-100,0,100,-75,1,12,60,0,24,-70,-54,42,1,-17,12,-47,-67,-34,1,88,-15,0,-11,0,100,-100,9,-79,-7,-84,0,67,37,0,-100,37,20,-18,12,32,69,0,-41,-27,78,0,79,0,2,-12,-46,-4,-31,-11,0,-61,53,43,0,4,33,70,-24,100,68,-57,-29,-21,71,2,-19,-18,0,-38,24,-53,0,-11,42,100,0,-43,19,-4,-29,54,100,-31,79,-92,7,43,-63,0,68,100,69,-65,3,0,100,-1,-68,-35,59,-22,0,0,64,-16,7,63,0,0,-82,2,-3,-39,0,-1,-30,29,43,70,1,15,0,2,-38,70,-24,35,-37,8,22,-26,45,-22,29,-27,-18,-17,-47,-23,37,36,-25,-19,44,-58,-70,-91,-18,31,37,85353
-58,-100,-34,0,0,-15,-27,1,0,-47,9,-33,8,38,-30,100,19,-17,-55,7,34,76,0,-21,37,-10,-53,0,-52,-37,-41,-42,-68,-1,18,22,83,0,17,-29,-51,-59,2,100,-18,-28,0,8,-42,35,-22,-13,33,13,-78,-97,-2,2,0,-64,-36,-41,-40,85,-13,0,-5,-100,-23,-35,0,-45,-36,2,-100,-23,-10,-23,0,-100,-1,-25,34,95,0,-37,-63,0,1,-6,15,-26,-100,-100,-24,-7,35,-80,0,13,0,-53,-100,-9,-100,-67,-32,0,-34,60,0,-56,-100,44,-7,-44,-19,31,41,-100,-35,33,0,12,0,27,-7,36,100,-17,-25,0,-14,-55,3,0,80,-100,96,12,4,-44,-47,-33,-100,89,-77,-9,-9,1,-41,1,-69,0,-7,-12,100,17,-33,-61,-59,31,100,33,56,3,-8,1,9,-70,-48,35,0,-45,-54,18,0,84,46,-55,-1,-47,-23,0,0,-45,54,-24,-96,0,0,-48,0,11,3,0,-36,-100,38,15,-86,-17,-56,0,-62,-10,-10,-5,-7,-44,13,12,11,34,18,-21,-24,-13,-24,100,0,11,-39,-6,35,67,-5,-12,-26,-18,-23,54,85355
-21,-98,13,0,0,18,-42,49,0,37,9,81,55,-16,76,40,56,-16,36,7,0,75,0,42,16,100,-16,0,-21,39,-49,32,6,-38,100,44,41,0,11,-31,-11,88,27,-26,-66,32,0,5,-15,21,-48,-10,16,38,13,-84,39,14,-51,-40,99,2,-33,76,-11,0,-62,50,-38,51,0,-21,-57,-5,-75,61,-2,58,0,-44,-100,25,67,27,-13,-10,-15,-21,37,39,-3,24,-96,-22,8,0,22,49,0,-13,0,57,100,-21,-100,36,0,0,-53,44,0,-27,12,0,-6,1,-13,33,30,-26,-26,-57,0,38,0,32,37,-26,100,54,39,0,-59,16,3,0,-14,13,100,86,-15,-55,56,-49,71,2,-25,42,-32,29,-46,17,-34,0,-29,4,55,-37,20,31,25,88,100,-19,32,-1,40,2,28,97,71,100,27,99,36,29,0,12,94,-32,-84,64,-23,0,0,70,40,-66,100,0,0,-100,55,-36,37,0,0,-73,3,23,61,34,-19,0,-43,5,-10,-27,-56,-44,32,0,2,-85,76,-10,-56,36,27,22,100,-5,69,55,100,22,-71,-60,-14,13,29,25,85361
8,-81,-7,0,0,-37,-32,1,0,90,-69,48,-6,0,-29,51,13,-64,20,31,-24,90,0,-20,-26,-59,-55,0,-3,-1,-32,-93,-18,-42,95,-37,6,0,-21,-19,-15,-58,0,30,-31,11,0,-55,-34,-48,42,-40,-74,-16,-20,-86,18,-17,-11,-51,-18,-13,-1,81,-25,0,-26,-46,-16,72,0,2,-29,44,-79,95,7,-60,0,-36,-54,-25,48,81,0,45,-29,27,5,-24,-27,-2,-93,-100,0,-1,68,-34,0,-23,0,30,100,-38,-72,-45,-57,0,-15,8,0,-71,-100,48,-9,-76,-24,-30,32,-100,-55,3,0,-33,-1,-7,-18,-42,90,-46,17,0,-35,84,-6,0,32,-68,76,100,9,36,-47,5,-57,66,30,-34,-52,19,-58,-12,-49,0,-12,2,100,37,-65,-74,100,-34,79,99,14,1,-1,6,2,84,-43,75,-85,40,16,38,0,44,-8,1,64,42,-48,0,0,54,16,-27,37,0,0,-83,-14,33,4,0,-8,-97,-26,-29,-26,-84,2,0,48,-44,19,-34,-26,7,-2,10,-54,13,100,-1,-69,51,49,-40,75,-1,-55,8,-31,79,-20,41,-27,-83,31,77,85362
-29,-100,-69,0,0,0,10,-17,0,-25,28,76,-33,-32,30,-10,-61,-23,-24,28,0,79,0,73,58,-39,-46,0,31,-68,69,100,-15,-19,100,100,21,0,-41,17,-29,94,-65,32,-30,23,0,42,19,63,-74,5,43,-1,-48,-87,34,-4,-16,-9,-6,-35,40,100,41,0,-23,-28,33,63,0,-1,18,86,-100,36,-81,31,0,100,-84,12,4,69,-28,2,-50,-88,35,8,-28,13,-100,-96,4,-7,39,-24,0,14,0,100,97,-36,-100,-22,-29,0,12,98,0,-69,-76,40,-12,19,-33,-9,4,-100,-37,22,0,100,-3,-37,-1,-40,94,-3,33,0,0,79,91,0,66,16,-46,41,-6,-86,0,-17,-93,100,-50,-61,-34,-42,-61,60,-34,0,13,-20,28,-9,-3,48,73,-25,84,100,24,39,25,10,-4,-97,85,-7,-10,33,-29,9,0,80,9,40,97,41,-27,0,0,52,42,39,98,0,0,-100,29,18,-6,0,13,-64,59,54,38,-13,14,0,-23,-45,-35,-11,-43,-22,-22,1,50,-22,63,-15,-36,-56,20,93,30,-25,6,-17,96,67,15,19,-53,-93,11,70,85364
0,0,0,0,0,0,0,0,0,0,0,0,0,0,0,0,0,0,0,0,0,0,0,0,0,0,0,0,0,0,0,0,0,0,0,0,0,0,0,0,0,0,0,0,0,0,0,0,0,0,0,0,0,0,0,0,0,0,0,0,0,0,0,0,0,0,0,0,0,0,0,0,0,0,0,0,0,0,0,0,0,0,0,0,0,0,0,0,0,0,0,0,0,0,0,0,0,0,0,0,0,0,0,0,0,0,0,0,0,0,0,0,0,0,0,0,0,0,0,0,0,0,0,0,0,0,0,0,0,0,0,0,0,0,0,0,0,0,0,0,0,0,0,0,0,0,0,0,0,0,0,0,0,0,0,0,0,0,0,0,0,0,0,0,0,0,0,0,0,0,0,0,0,0,0,0,0,0,0,0,0,0,0,0,0,0,0,0,0,0,0,0,0,0,0,0,0,0,0,0,0,0,0,0,0,0,0,0,0,0,0,0,0,0,0,0,0,0,0,0,0,0,0,0,0,0,0,0,0,0,0,0,85365
0,0,0,0,0,0,0,0,0,0,0,0,0,0,0,0,0,0,0,0,0,0,0,0,0,0,0,0,0,0,0,0,0,0,0,0,0,0,0,0,0,0,0,0,0,0,0,0,0,0,0,0,0,0,0,0,0,0,0,0,0,0,0,0,0,0,0,0,0,0,0,0,0,0,0,0,0,0,0,0,0,0,0,0,0,0,0,0,0,0,0,0,0,0,0,0,0,0,0,0,0,0,0,0,0,0,0,0,0,0,0,0,0,0,0,0,0,0,0,0,0,0,0,0,0,0,0,0,0,0,0,0,0,0,0,0,0,0,0,0,0,0,0,0,0,0,0,0,0,0,0,0,0,0,0,0,0,0,0,0,0,0,0,0,0,0,0,0,0,0,0,0,0,0,0,0,0,0,0,0,0,0,0,0,0,0,0,0,0,0,0,0,0,0,0,0,0,0,0,0,0,0,0,0,0,0,0,0,0,0,0,0,0,0,0,0,0,0,0,0,0,0,0,0,0,0,0,0,0,0,0,0,85366
-47,-52,-16,0,0,0,64,-50,0,-7,4,47,-39,78,-3,100,41,-37,-68,15,-26,88,0,7,18,-51,-44,0,-51,6,47,4,1,-58,85,10,-32,0,-17,0,-18,-75,-22,20,-33,30,0,-2,-46,1,-17,-72,0,-11,-22,3,32,-82,-37,-35,18,-26,-26,-20,-24,0,-43,-56,-49,23,0,-23,-85,35,-100,-9,-23,9,0,100,-4,2,-41,55,53,46,30,-61,-27,-2,-23,-41,-100,-73,54,0,38,1,0,0,0,92,-100,2,-100,-79,9,0,28,-9,0,-80,-90,0,-66,-81,6,35,0,-89,-49,11,0,-3,0,-8,-3,-33,87,-1,35,0,-11,70,1,0,50,52,100,8,0,-49,-84,-29,-41,3,3,-4,-52,-19,-43,66,-36,0,-55,0,-97,0,-5,96,69,-13,27,26,66,6,2,-1,-55,-100,59,82,-61,44,-77,0,0,14,-32,-65,2,17,-53,0,0,-18,10,32,97,0,0,-42,-1,4,-6,0,-10,-100,5,5,-34,-69,88,0,-1,-31,-30,-6,-31,-48,11,21,-24,34,33,1,-17,0,-34,-19,-39,15,-41,-21,-36,8,-34,25,-4,-74,48,25,85367
0,0,0,0,0,0,0,0,0,0,0,0,0,0,0,0,0,0,0,0,0,0,0,0,0,0,0,0,0,0,0,0,0,0,0,0,0,0,0,0,0,0,0,0,0,0,0,0,0,0,0,0,0,0,0,0,0,0,0,0,0,0,0,0,0,0,0,0,0,0,0,0,0,0,0,0,0,0,0,0,0,0,0,0,0,0,0,0,0,0,0,0,0,0,0,0,0,0,0,0,0,0,0,0,0,0,0,0,0,0,0,0,0,0,0,0,0,0,0,0,0,0,0,0,0,0,0,0,0,0,0,0,0,0,0,0,0,0,0,0,0,0,0,0,0,0,0,0,0,0,0,0,0,0,0,0,0,0,0,0,0,0,0,0,0,0,0,0,0,0,0,0,0,0,0,0,0,0,0,0,0,0,0,0,0,0,0,0,0,0,0,0,0,0,0,0,0,0,0,0,0,0,0,0,0,0,0,0,0,0,0,0,0,0,0,0,0,0,0,0,0,0,0,0,0,0,0,0,0,0,0,0,85368
0,0,0,0,0,0,0,0,0,0,0,0,0,0,0,0,0,0,0,0,0,0,0,0,0,0,0,0,0,0,0,0,0,0,0,0,0,0,0,0,0,0,0,0,0,0,0,0,0,0,0,0,0,0,0,0,0,0,0,0,0,0,0,0,0,0,0,0,0,0,0,0,0,0,0,0,0,0,0,0,0,0,0,0,0,0,0,0,0,0,0,0,0,0,0,0,0,0,0,0,0,0,0,0,0,0,0,0,0,0,0,0,0,0,0,0,0,0,0,0,0,0,0,0,0,0,0,0,0,0,0,0,0,0,0,0,0,0,0,0,0,0,0,0,0,0,0,0,0,0,0,0,0,0,0,0,0,0,0,0,0,0,0,0,0,0,0,0,0,0,0,0,0,0,0,0,0,0,0,0,0,0,0,0,0,0,0,0,0,0,0,0,0,0,0,0,0,0,0,0,0,0,0,0,0,0,0,0,0,0,0,0,0,0,0,0,0,0,0,0,0,0,0,0,0,0,0,0,0,0,0,0,85369
-99,-80,-72,0,0,59,-8,46,0,-100,14,59,0,0,-29,0,85,-60,-70,27,-26,0,0,-14,28,45,-47,0,0,-40,-42,-100,-98,-31,54,48,10,0,-48,26,-30,29,-27,94,-58,38,0,13,6,100,58,-52,4,30,-46,-56,65,-19,-24,-61,-3,-75,-14,0,49,0,-88,-26,-52,43,0,-83,-87,-40,-75,-91,4,-100,0,100,-75,1,12,60,0,24,-70,-54,42,1,-17,12,-47,-67,-34,1,88,-15,0,-11,0,100,-100,9,-79,-7,-84,0,67,37,0,-100,37,20,-18,12,32,69,0,-41,-27,78,0,79,0,2,-12,-46,-4,-31,-11,0,-61,53,43,0,4,33,70,-24,100,68,-57,-29,-21,71,2,-19,-18,0,-38,24,-53,0,-11,42,100,0,-43,19,-4,-29,54,100,-31,79,-92,7,43,-63,0,68,100,69,-65,3,0,100,-1,-68,-35,59,-22,0,0,64,-16,7,63,0,0,-82,2,-3,-39,0,-1,-30,29,43,70,1,15,0,2,-38,70,-24,35,-37,8,22,-26,45,-22,29,-27,-18,-17,-47,-23,37,36,-25,-19,44,-58,-70,-91,-18,31,37,85370
-67,-95,-22,0,0,35,40,1,0,46,5,57,50,-27,-39,46,48,-17,-50,35,-9,62,0,40,-1,-41,-53,0,-21,-20,30,0,-71,-26,87,97,56,0,-39,-26,-58,-35,-13,54,-37,9,0,-23,-32,100,-29,-26,-2,73,-72,0,10,-16,-42,-20,35,-46,-9,48,-31,0,-49,-100,-38,34,0,-34,-38,0,-100,52,-14,36,0,-75,-10,30,15,37,-27,-39,-19,-17,13,28,-9,19,-85,-65,-66,-31,26,-8,0,-7,0,-89,-100,-17,-100,51,-13,0,9,60,0,-64,-10,0,-12,-52,-6,30,0,-63,-52,17,0,-5,-33,-4,24,5,29,-19,4,0,-31,11,0,0,32,-47,30,52,-25,-27,55,-15,-75,52,-1,-20,-17,0,-59,-20,-22,0,-41,-11,-4,-29,43,-4,6,26,15,100,43,1,63,0,7,-71,21,26,57,-4,-47,0,0,59,-20,-1,0,63,-19,0,0,11,38,-31,-82,0,0,-79,4,-24,-47,0,-18,-86,-7,27,-59,-48,-74,0,-71,-10,-1,-24,17,-27,19,17,-26,18,59,-6,-9,-12,-65,43,-49,-10,16,41,42,50,-48,-54,-11,-50,0,25,85371
0,0,0,0,0,0,0,0,0,0,0,0,0,0,0,0,0,0,0,0,0,0,0,0,0,0,0,0,0,0,0,0,0,0,0,0,0,0,0,0,0,0,0,0,0,0,0,0,0,0,0,0,0,0,0,0,0,0,0,0,0,0,0,0,0,0,0,0,0,0,0,0,0,0,0,0,0,0,0,0,0,0,0,0,0,0,0,0,0,0,0,0,0,0,0,0,0,0,0,0,0,0,0,0,0,0,0,0,0,0,0,0,0,0,0,0,0,0,0,0,0,0,0,0,0,0,0,0,0,0,0,0,0,0,0,0,0,0,0,0,0,0,0,0,0,0,0,0,0,0,0,0,0,0,0,0,0,0,0,0,0,0,0,0,0,0,0,0,0,0,0,0,0,0,0,0,0,0,0,0,0,0,0,0,0,0,0,0,0,0,0,0,0,0,0,0,0,0,0,0,0,0,0,0,0,0,0,0,0,0,0,0,0,0,0,0,0,0,0,0,0,0,0,0,0,0,0,0,0,0,0,0,85372
0,0,0,0,0,0,0,0,0,0,0,0,0,0,0,0,0,0,0,0,0,0,0,0,0,0,0,0,0,0,0,0,0,0,0,0,0,0,0,0,0,0,0,0,0,0,0,0,0,0,0,0,0,0,0,0,0,0,0,0,0,0,0,0,0,0,0,0,0,0,0,0,0,0,0,0,0,0,0,0,0,0,0,0,0,0,0,0,0,0,0,0,0,0,0,0,0,0,0,0,0,0,0,0,0,0,0,0,0,0,0,0,0,0,0,0,0,0,0,0,0,0,0,0,0,0,0,0,0,0,0,0,0,0,0,0,0,0,0,0,0,0,0,0,0,0,0,0,0,0,0,0,0,0,0,0,0,0,0,0,0,0,0,0,0,0,0,0,0,0,0,0,0,0,0,0,0,0,0,0,0,0,0,0,0,0,0,0,0,0,0,0,0,0,0,0,0,0,0,0,0,0,0,0,0,0,0,0,0,0,0,0,0,0,0,0,0,0,0,0,0,0,0,0,0,0,0,0,0,0,0,0,85373
0,0,0,0,0,0,0,0,0,0,0,0,0,0,0,0,0,0,0,0,0,0,0,0,0,0,0,0,0,0,0,0,0,0,0,0,0,0,0,0,0,0,0,0,0,0,0,0,0,0,0,0,0,0,0,0,0,0,0,0,0,0,0,0,0,0,0,0,0,0,0,0,0,0,0,0,0,0,0,0,0,0,0,0,0,0,0,0,0,0,0,0,0,0,0,0,0,0,0,0,0,0,0,0,0,0,0,0,0,0,0,0,0,0,0,0,0,0,0,0,0,0,0,0,0,0,0,0,0,0,0,0,0,0,0,0,0,0,0,0,0,0,0,0,0,0,0,0,0,0,0,0,0,0,0,0,0,0,0,0,0,0,0,0,0,0,0,0,0,0,0,0,0,0,0,0,0,0,0,0,0,0,0,0,0,0,0,0,0,0,0,0,0,0,0,0,0,0,0,0,0,0,0,0,0,0,0,0,0,0,0,0,0,0,0,0,0,0,0,0,0,0,0,0,0,0,0,0,0,0,0,0,85374
0,0,0,0,0,0,0,0,0,0,0,0,0,0,0,0,0,0,0,0,0,0,0,0,0,0,0,0,0,0,0,0,0,0,0,0,0,0,0,0,0,0,0,0,0,0,0,0,0,0,0,0,0,0,0,0,0,0,0,0,0,0,0,0,0,0,0,0,0,0,0,0,0,0,0,0,0,0,0,0,0,0,0,0,0,0,0,0,0,0,0,0,0,0,0,0,0,0,0,0,0,0,0,0,0,0,0,0,0,0,0,0,0,0,0,0,0,0,0,0,0,0,0,0,0,0,0,0,0,0,0,0,0,0,0,0,0,0,0,0,0,0,0,0,0,0,0,0,0,0,0,0,0,0,0,0,0,0,0,0,0,0,0,0,0,0,0,0,0,0,0,0,0,0,0,0,0,0,0,0,0,0,0,0,0,0,0,0,0,0,0,0,0,0,0,0,0,0,0,0,0,0,0,0,0,0,0,0,0,0,0,0,0,0,0,0,0,0,0,0,0,0,0,0,0,0,0,0,0,0,0,0,85375
-67,-95,-22,0,0,35,40,1,0,46,5,57,50,-27,-39,46,48,-17,-50,35,-9,62,0,40,-1,-41,-53,0,-21,-20,30,0,-71,-26,87,97,56,0,-39,-26,-58,-35,-13,54,-37,9,0,-23,-32,100,-29,-26,-2,73,-72,0,10,-16,-42,-20,35,-46,-9,48,-31,0,-49,-100,-38,34,0,-34,-38,0,-100,52,-14,36,0,-75,-10,30,15,37,-27,-39,-19,-17,13,28,-9,19,-85,-65,-66,-31,26,-8,0,-7,0,-89,-100,-17,-100,51,-13,0,9,60,0,-64,-10,0,-12,-52,-6,30,0,-63,-52,17,0,-5,-33,-4,24,5,29,-19,4,0,-31,11,0,0,32,-47,30,52,-25,-27,55,-15,-75,52,-1,-20,-17,0,-59,-20,-22,0,-41,-11,-4,-29,43,-4,6,26,15,100,43,1,63,0,7,-71,21,26,57,-4,-47,0,0,59,-20,-1,0,63,-19,0,0,11,38,-31,-82,0,0,-79,4,-24,-47,0,-18,-86,-7,27,-59,-48,-74,0,-71,-10,-1,-24,17,-27,19,17,-26,18,59,-6,-9,-12,-65,43,-49,-10,16,41,42,50,-48,-54,-11,-50,0,25,85376
0,0,0,0,0,0,0,0,0,0,0,0,0,0,0,0,0,0,0,0,0,0,0,0,0,0,0,0,0,0,0,0,0,0,0,0,0,0,0,0,0,0,0,0,0,0,0,0,0,0,0,0,0,0,0,0,0,0,0,0,0,0,0,0,0,0,0,0,0,0,0,0,0,0,0,0,0,0,0,0,0,0,0,0,0,0,0,0,0,0,0,0,0,0,0,0,0,0,0,0,0,0,0,0,0,0,0,0,0,0,0,0,0,0,0,0,0,0,0,0,0,0,0,0,0,0,0,0,0,0,0,0,0,0,0,0,0,0,0,0,0,0,0,0,0,0,0,0,0,0,0,0,0,0,0,0,0,0,0,0,0,0,0,0,0,0,0,0,0,0,0,0,0,0,0,0,0,0,0,0,0,0,0,0,0,0,0,0,0,0,0,0,0,0,0,0,0,0,0,0,0,0,0,0,0,0,0,0,0,0,0,0,0,0,0,0,0,0,0,0,0,0,0,0,0,0,0,0,0,0,0,0,85377
-30,28,10,0,-14,-8,58,20,-30,22,-15,63,16,-12,10,-26,-31,28,12,-12,25,-12,0,39,-49,60,25,13,28,13,62,19,-29,11,45,-4,60,-3,-13,70,-15,54,3,8,-50,-7,-26,2,-2,-5,22,4,-12,33,-28,20,-5,-28,20,30,44,-12,35,46,84,-5,-34,37,19,27,-25,-5,-42,5,-11,18,-5,-37,20,-8,-27,-11,-3,35,-20,22,-44,-27,18,20,28,12,64,-16,-11,-58,15,-30,9,-2,4,67,31,9,-5,48,-21,-29,27,49,-6,23,40,60,38,-28,-10,62,52,-15,19,-11,-20,28,-63,-11,11,-20,-19,-9,-13,17,-61,16,26,0,12,40,30,0,21,-11,41,-23,36,-8,39,3,21,18,-27,-13,32,-19,-36,10,-23,-6,43,34,14,8,-19,45,21,-43,25,-46,40,12,-9,31,44,-18,14,55,22,-24,-7,-10,-6,62,16,16,-31,-46,24,5,52,0,-17,25,-12,3,47,7,20,52,-34,34,65,-6,-15,0,2,-18,42,0,29,-6,18,-22,1,-15,0,0,31,10,10,-36,10,0,-2,13,6,38,0,7,-52,6,-1,32,85505
0,0,0,0,0,0,0,0,0,0,0,0,0,0,0,0,0,0,0,0,0,0,0,0,0,0,0,0,0,0,0,0,0,0,0,0,0,0,0,0,0,0,0,0,0,0,0,0,0,0,0,0,0,0,0,0,0,0,0,0,0,0,0,0,0,0,0,0,0,0,0,0,0,0,0,0,0,0,0,0,0,0,0,0,0,0,0,0,0,0,0,0,0,0,0,0,0,0,0,0,0,0,0,0,0,0,0,0,0,0,0,0,0,0,0,0,0,0,0,0,0,0,0,0,0,0,0,0,0,0,0,0,0,0,0,0,0,0,0,0,0,0,0,0,0,0,0,0,0,0,0,0,0,0,0,0,0,0,0,0,0,0,0,0,0,0,0,0,0,0,0,0,0,0,0,0,0,0,0,0,0,0,0,0,0,0,0,0,0,0,0,0,0,0,0,0,0,0,0,0,0,0,0,0,0,0,0,0,0,0,0,0,0,0,0,0,0,0,0,0,0,0,0,0,0,0,0,0,0,0,0,0,85515
0,-8,45,0,-19,0,20,90,-38,79,-51,80,93,35,23,-4,-15,6,0,-12,1,45,22,26,-68,3,-13,25,43,44,12,36,-8,-4,52,-28,2,-25,-4,20,-42,5,34,-5,-11,21,-36,17,-1,-30,-14,1,-52,-5,-5,34,9,-14,24,20,23,-62,62,28,24,-23,8,-28,21,0,-36,-19,14,10,50,77,31,3,19,-49,-57,0,71,38,29,-11,-38,-2,-30,-24,-7,0,91,-54,4,-45,0,-58,9,-46,5,52,-15,-25,55,-46,-16,-41,20,5,-24,23,40,74,17,-81,-47,-23,78,-50,-18,-43,-20,51,-36,0,-16,-69,14,-23,24,48,-6,16,58,-7,-6,39,-11,52,13,-32,-35,-7,-43,-24,39,-15,-13,98,-16,-24,16,-22,-22,44,-24,22,31,25,22,-42,20,-23,48,-26,18,-14,-33,-14,1,-25,26,-24,15,79,39,-5,-26,-26,11,87,-1,46,-38,-20,46,-32,35,0,-23,-11,-1,20,21,23,17,89,-61,-21,25,-78,21,-7,9,-24,41,-16,23,-18,-2,-11,17,-3,51,31,-1,31,20,-64,6,30,-11,99,-41,25,18,-41,-36,0,2,40,85618
-9,-34,46,0,-13,-6,4,39,-35,27,-66,66,41,15,5,-24,-3,-8,17,-12,-24,-3,51,51,-56,51,-4,9,-4,47,3,4,-5,-17,33,-23,28,-7,-16,0,-23,51,10,-25,25,19,-27,-8,-19,-22,11,-21,-66,6,-2,0,7,0,-11,57,48,-27,14,43,0,-9,-26,-18,40,-26,-27,-19,-25,1,37,26,5,0,4,-19,-71,-4,43,43,17,9,-18,-11,-7,-23,-27,15,62,-52,25,-23,-5,-69,1,-48,23,31,0,-33,37,-71,-9,-32,-15,36,-10,-14,5,64,39,-44,-56,0,61,-55,0,-34,-13,20,-20,-17,-26,-19,19,-23,22,26,29,-25,19,0,-21,25,1,10,19,1,-62,-22,-17,-8,35,-18,-48,38,-13,6,55,-11,-1,20,-49,19,33,22,-24,-4,21,-16,36,-57,11,-56,-10,1,9,-6,34,-52,19,62,28,-27,0,-13,0,63,-45,27,-36,-44,39,-30,21,0,-14,-39,-19,23,-18,12,44,67,-55,-3,12,-41,27,0,-1,-10,37,-15,-12,-34,15,-8,-9,-21,11,0,-12,2,5,-11,-5,0,11,40,1,44,48,-15,-20,-20,4,44,85641
-19,-9,56,-31,-22,-56,17,84,-62,38,-77,49,22,47,14,-20,1,47,-22,-18,7,-52,25,61,-19,33,9,19,26,61,17,9,-73,4,31,-9,9,-23,-44,75,-48,38,2,30,26,-11,-55,-7,-29,-7,5,5,-76,10,-72,10,0,-18,56,76,63,-43,44,57,72,-37,-35,-68,26,-70,-55,3,-30,11,74,37,-8,-2,15,-31,-83,-51,29,68,42,2,-29,-20,-58,-52,10,14,65,0,-18,-37,12,-81,13,-62,8,48,-25,-42,77,-21,-35,-58,32,14,-38,20,-7,81,32,-55,-67,25,77,0,9,15,-36,12,-28,-16,-54,-51,28,-26,-5,34,31,-47,17,-39,31,67,34,-42,48,-15,-26,5,-58,-27,49,-41,-26,81,-17,-30,78,-38,-17,6,-45,43,38,69,-46,-17,27,-62,65,-58,8,-58,-62,-28,-35,26,36,-49,-21,78,33,-20,-32,3,13,45,-25,32,-62,-89,66,-37,46,-32,-22,-12,-19,44,8,22,34,58,-22,17,32,-43,-18,-39,-3,-35,50,-44,37,-7,15,-23,-8,13,-42,-19,40,-34,13,-51,-14,-17,-38,21,-14,58,31,5,-35,-2,-3,68,85642
-16,-55,46,-1,-9,-36,20,38,-48,48,-92,48,-13,39,7,-20,-5,26,1,2,31,-47,66,72,-70,5,30,1,17,51,30,-12,-74,27,33,-14,71,-17,-29,30,-20,7,-7,24,4,-8,-41,-11,-61,-11,18,30,-91,4,-70,-11,10,9,44,57,78,-27,27,76,40,-14,14,-3,33,-39,-41,-8,19,61,7,47,-7,-27,15,37,-99,-42,-26,29,23,15,-19,-21,-22,-51,20,17,98,-13,15,-32,28,-95,-1,-99,24,63,-8,-40,-7,1,-22,-44,-14,52,-15,30,-10,66,17,-41,-99,7,77,-13,33,14,-20,18,-24,-34,-57,-11,30,-26,-8,25,17,-34,20,-10,26,68,83,-33,54,4,-2,-37,9,-13,32,-11,-5,35,-12,-12,58,-22,8,5,-52,51,40,68,-33,27,32,-12,61,-60,-3,-65,-16,-6,-15,71,41,-62,1,78,26,-20,-14,-17,65,48,7,27,-48,-88,67,-40,72,-2,-16,-52,-40,57,10,-4,20,89,-68,-9,56,-22,7,-9,13,-18,28,-28,-3,-49,21,-8,-12,23,-33,-18,21,-29,7,-42,-2,-18,-15,-10,27,71,33,21,-30,-8,6,27,85643
-7,-16,94,0,-5,-38,43,32,-35,39,-81,80,17,-14,14,-28,23,-11,80,-7,-34,-47,41,55,-49,62,16,-17,-4,88,42,-26,-39,-8,31,-7,58,-24,9,1,-17,55,5,1,-9,15,-29,-19,-26,-6,19,-13,-83,1,-35,-28,6,-19,-14,71,49,-23,9,43,12,0,-21,2,7,-65,-29,4,-6,8,25,36,2,-7,31,11,-94,-37,10,23,-30,18,-20,48,34,3,-39,24,65,-76,75,-51,-32,-94,24,-77,20,50,8,-17,38,3,15,-27,-37,52,-1,21,12,51,38,-61,-79,52,62,-75,12,-47,-16,28,-45,-12,-2,-28,15,-22,15,7,-22,-80,31,-2,4,32,30,-36,28,21,8,-54,-9,-26,52,-12,-36,32,-13,19,60,-19,-39,24,-74,-1,75,30,-84,13,17,-55,23,-77,9,-74,27,54,67,3,78,-67,81,66,14,-31,13,2,21,84,-30,7,-35,-63,19,-21,43,0,-7,-11,-15,5,9,-16,43,68,-52,52,60,-48,74,0,-45,15,55,-21,-30,-62,20,-11,-19,-27,-41,7,-15,-16,13,-37,-2,12,77,13,17,44,3,-73,-24,-15,3,35,85652
-29,4,34,0,-11,0,49,45,-33,28,-37,80,32,16,14,-28,-14,17,5,-23,19,2,-12,47,-70,38,13,-1,43,23,52,20,-39,-9,51,15,34,-11,-37,-8,-2,23,5,4,-13,-3,-22,4,-2,18,13,-11,-35,8,-35,18,13,-3,15,71,56,-23,46,37,-3,-9,-52,0,21,4,-22,-2,-26,-12,-41,29,9,-32,18,-23,-42,3,32,28,12,9,-52,-44,6,-25,11,10,19,-29,-4,-68,14,-44,8,-57,-6,52,39,0,-22,-14,-34,-28,16,30,-10,1,10,71,50,-52,-45,11,56,-25,5,-36,-14,43,-62,0,-12,-34,-2,-14,-2,27,0,5,47,-1,3,29,-14,0,25,15,-3,-2,-1,-13,61,-6,-21,48,-39,8,68,-13,-10,18,-21,27,44,30,2,-8,0,34,28,-57,26,-50,6,3,15,-15,44,-17,9,58,29,-28,2,-4,-9,78,-13,29,-33,-46,28,2,48,0,-14,6,-7,19,22,-6,44,10,-68,19,45,-45,4,0,32,-35,58,-29,18,-8,9,-27,3,3,-4,3,15,12,12,-47,-2,11,18,38,-4,35,14,-16,-61,-3,6,33,85688
-46,3,29,0,-9,1,29,61,-44,13,-35,86,51,56,15,-18,-42,20,-14,8,32,2,43,38,-7,34,-7,31,32,15,23,10,-35,-28,37,-13,13,-1,-24,30,-41,7,47,-7,-12,-6,-45,5,1,-10,-15,-24,-34,-23,-29,19,-33,-46,49,80,46,-66,4,51,41,-37,-48,12,14,-14,-44,21,-46,61,-7,7,38,-6,21,-33,-57,0,21,68,81,-15,-26,-47,-31,-25,35,-10,44,-28,-38,-45,-2,-58,-17,-73,40,45,25,-8,35,25,-19,-49,16,-16,-38,19,15,84,-1,-54,-58,30,81,-25,-10,-82,-15,24,-39,5,-8,-61,15,-26,-7,-24,-13,2,28,0,-3,-17,4,-12,44,16,-2,16,1,-37,49,-2,-9,68,-61,0,82,-14,-38,58,-29,34,66,-23,5,-4,17,17,50,-55,0,-47,-19,5,-13,11,71,-23,-8,81,35,-25,6,-12,62,92,-12,-27,-44,-47,60,-20,24,0,-22,6,0,27,11,12,4,48,-10,1,27,-39,-22,0,21,-19,42,-26,16,22,0,-8,6,-17,-16,44,17,13,17,-84,-28,38,-14,50,-23,40,0,-47,-27,1,-37,74,85697
0,0,0,0,0,0,0,0,0,0,0,0,0,0,0,0,0,0,0,0,0,0,0,0,0,0,0,0,0,0,0,0,0,0,0,0,0,0,0,0,0,0,0,0,0,0,0,0,0,0,0,0,0,0,0,0,0,0,0,0,0,0,0,0,0,0,0,0,0,0,0,0,0,0,0,0,0,0,0,0,0,0,0,0,0,0,0,0,0,0,0,0,0,0,0,0,0,0,0,0,0,0,0,0,0,0,0,0,0,0,0,0,0,0,0,0,0,0,0,0,0,0,0,0,0,0,0,0,0,0,0,0,0,0,0,0,0,0,0,0,0,0,0,0,0,0,0,0,0,0,0,0,0,0,0,0,0,0,0,0,0,0,0,0,0,0,0,0,0,0,0,0,0,0,0,0,0,0,0,0,0,0,0,0,0,0,0,0,0,0,0,0,0,0,0,0,0,0,0,0,0,0,0,0,0,0,0,0,0,0,0,0,0,0,0,0,0,0,0,0,0,0,0,0,0,0,0,0,0,0,0,0,85701
-95,100,-38,0,0,1,46,1,0,21,-42,7,41,-3,7,58,85,13,-19,19,10,56,0,27,46,-44,-54,0,0,-36,52,-66,-48,-20,46,76,20,0,0,9,0,-12,8,98,-13,-4,0,-10,-23,80,-37,-19,6,32,-51,17,43,60,-3,80,36,-10,23,-1,13,0,-30,-86,-12,3,0,-22,-22,0,-100,13,-1,-100,0,-47,-99,0,29,68,0,-33,-38,-94,-14,24,8,-27,-81,-100,39,0,27,-100,0,0,0,-96,73,-85,-100,31,-22,0,-56,15,0,-48,-100,11,-10,-51,-21,27,0,-100,-53,-5,0,21,0,-7,24,-29,100,0,-8,0,-15,17,10,0,100,-46,40,20,-1,48,40,-23,-90,90,-35,-46,-4,1,-94,2,54,0,20,-1,100,-23,23,-49,20,72,100,100,-90,3,21,3,-17,-57,24,44,25,-100,-23,29,0,61,6,-9,-25,6,-5,0,0,17,-36,-45,52,0,0,100,-1,-24,-1,0,-5,-72,49,10,24,-61,36,0,-8,-18,-5,-41,-62,-56,-23,24,-13,3,21,0,4,-18,26,-11,-24,-9,24,41,72,1,-26,-7,-43,-58,43,52,85894
-31,-91,-15,0,0,41,7,0,0,3,4,81,9,0,5,100,-79,-14,-35,15,-29,27,0,9,26,-28,-12,0,10,-22,13,-100,-16,-56,1,100,29,0,0,4,-16,-10,-9,22,-41,24,0,-15,0,66,-18,-57,3,6,-29,-100,42,-21,-1,-50,0,-10,7,37,21,0,-46,-75,-79,82,0,-1,-43,55,-79,-2,-13,-85,0,98,-64,52,-3,2,0,-32,-31,-100,28,38,-8,17,-66,-49,-12,-19,31,-81,0,-11,0,100,-100,-34,-70,-9,-7,0,-7,28,0,-8,-40,22,-4,35,-9,18,0,-100,-29,-7,0,22,-2,6,34,-32,100,-3,26,0,-45,94,22,0,78,8,73,0,4,39,-17,-26,-52,-100,-23,-14,-19,-4,-37,100,-43,0,-8,-7,23,-39,34,35,77,28,46,100,0,-1,48,-2,22,-26,91,72,9,13,-46,0,0,48,59,-63,56,81,27,0,0,8,25,83,100,0,0,-100,7,-34,-2,0,0,-39,33,21,34,3,32,0,20,-50,0,-8,-51,-23,12,12,-8,-42,27,4,-27,-13,-60,-23,-31,-24,2,16,62,100,-72,7,-49,21,45,2,85895
19,-70,92,-25,-8,-39,30,65,-25,66,-80,81,17,60,17,3,19,12,51,6,-9,-41,45,46,-63,49,15,7,74,85,32,-12,-71,-8,49,12,68,-13,-4,1,2,21,2,43,39,-5,-24,-6,-30,9,25,-13,-83,39,-68,-8,18,-23,16,47,45,-2,88,63,25,-28,45,-2,26,-23,-24,16,51,40,11,64,0,0,22,-12,-88,-45,36,22,32,24,-10,2,0,-57,-13,25,-19,-29,67,-16,6,-90,20,-58,11,72,-3,-61,19,-3,4,-19,-1,46,-28,42,26,71,52,-55,-65,17,84,-27,13,6,-34,42,-12,-52,-67,-19,29,-26,-8,37,42,-20,40,-31,44,-5,34,-26,43,-4,17,49,0,-16,47,-20,-12,60,20,-37,39,-37,-19,20,-52,47,40,1,-26,-1,34,-4,61,-51,36,-52,16,-28,22,16,46,-46,45,85,13,2,-35,26,36,80,-6,40,-24,-73,62,-67,38,-25,-8,-55,-58,55,7,12,58,15,-52,0,49,-44,58,-32,-7,6,44,-36,8,25,35,12,-6,11,-28,0,5,-5,18,-30,15,3,33,17,-8,54,10,-5,-16,14,19,33,85971
-18,10,80,0,8,-3,48,63,-27,24,-68,99,20,22,17,-8,2,-1,27,-16,-51,24,-30,75,0,85,-15,-41,41,73,46,-46,-15,18,83,9,81,-30,-47,75,-16,88,-12,19,9,12,-20,-14,-26,8,41,10,-68,19,-14,-48,28,-33,-31,51,77,-31,53,14,74,-8,-35,32,-2,13,-19,-1,-23,63,33,24,-9,-39,22,-11,-87,0,45,63,19,36,-38,-42,52,-24,-54,40,87,-60,12,-42,13,-87,17,-54,-21,62,-4,7,37,19,-59,-16,-3,83,-8,-7,13,58,46,-46,-51,46,51,-63,-11,-8,-11,48,-39,-1,-19,-26,22,-18,18,15,4,14,49,0,18,11,63,33,18,27,20,-55,34,-18,24,19,-33,63,-24,15,47,-12,-44,0,-88,17,23,1,14,55,23,10,8,-53,30,-52,53,-19,2,57,20,-85,27,53,21,-8,16,-2,66,98,-32,15,-27,-60,3,9,51,0,8,8,-5,15,-5,-39,43,87,-6,41,41,-36,24,0,-12,-57,25,13,-8,-67,40,-20,-14,8,32,-21,0,12,16,-29,-6,-12,-10,28,58,17,-2,-31,-43,6,16,64,85973
-43,-58,55,0,-18,11,6,41,-50,-6,-72,83,39,70,12,-29,-20,-16,11,-35,-15,2,60,52,-88,33,7,20,-8,63,1,-17,-3,-26,34,-8,24,-8,-17,-10,-29,40,17,-28,3,22,-47,-9,-13,-14,-21,-39,-72,-23,-2,-26,-36,-22,6,72,50,-47,20,58,-11,-10,-36,1,11,-27,-48,-3,-9,37,9,-11,-3,-67,10,-19,-91,16,18,28,57,-17,-21,-19,19,17,-21,22,70,-61,7,-43,-17,-89,2,-77,52,62,14,-25,23,39,-11,-52,-52,43,-11,-14,19,45,21,-66,-70,8,79,-64,6,-45,-21,22,-31,-20,20,-31,-8,-20,25,1,4,-28,24,-7,-26,20,28,0,27,18,33,-8,5,-22,45,-12,-35,45,-48,4,63,-18,-28,25,-47,-10,81,6,-22,10,-5,10,65,-62,-10,-58,5,37,9,21,77,-54,16,80,25,-35,0,-9,49,84,-35,-2,-50,-24,58,-29,13,0,-19,-77,-26,-5,-19,20,2,80,-86,19,9,-64,12,-6,-30,-7,46,-21,-55,-26,14,-34,-12,-20,0,13,-13,7,11,-19,-30,7,-1,44,17,65,10,-43,-41,-13,-40,23,86104
-42,38,35,-42,-22,-100,-3,46,-55,-28,-34,32,-69,17,19,10,-18,71,-34,16,71,-97,7,74,15,83,27,11,2,46,0,17,-95,78,-7,-9,24,0,-20,85,-95,80,32,65,-29,-40,-48,15,5,-8,-22,94,-34,-36,-96,19,-52,-19,96,52,77,-82,25,42,69,-48,-41,-39,32,-76,-48,21,-37,36,87,-28,6,37,-10,-20,-77,-100,-37,83,13,-25,-44,-46,-35,-52,73,8,94,-32,-65,-70,44,-74,-1,-34,11,24,50,-4,100,0,-52,-58,29,31,-48,87,36,77,-17,-58,-37,19,78,-29,21,51,-40,-8,-61,13,-57,-61,-31,-14,-44,4,-14,-88,-4,-55,68,61,33,-93,83,-4,30,-49,-23,-13,23,10,-24,46,-45,2,55,-37,-25,31,-27,70,63,65,-85,23,-33,-21,69,-63,-32,-62,-42,15,-84,23,58,-34,-25,79,43,12,9,27,33,35,-23,4,-55,-100,76,-3,32,-42,-20,26,15,75,22,12,-5,100,4,22,65,-56,-64,-55,1,-58,28,4,29,-58,3,13,16,34,-92,2,65,-55,20,-42,-22,2,-84,-69,17,48,35,14,-37,9,-55,84,86105
-10,-28,33,0,-9,8,14,75,-27,45,-58,58,66,41,12,-8,-5,6,2,0,12,14,0,27,-27,11,10,35,-5,32,16,10,-18,-5,39,-29,3,-17,-25,26,-42,26,36,-15,6,15,-23,4,-8,-21,-7,0,-61,2,-7,8,-14,5,25,24,28,-55,18,39,31,-13,-22,-57,55,-13,-22,8,3,19,75,40,23,9,15,-38,-82,-2,56,70,18,-10,0,-22,-47,-5,5,3,52,-27,17,-42,-3,-78,-2,-29,10,50,-10,-13,80,-85,9,-24,7,6,-14,-17,28,77,2,-69,-40,7,65,-20,2,-45,-6,22,-21,7,-7,-49,10,-22,3,-3,22,-8,27,0,-7,15,-7,27,15,2,-58,-35,-66,-10,27,-14,-17,77,-23,-5,10,-6,-3,40,-40,0,29,0,-12,-23,17,-1,58,-43,9,-37,-48,-29,-19,-27,44,-50,10,66,50,-17,-3,7,19,73,-9,-5,-27,-27,61,-24,35,0,-15,-49,6,2,-12,28,2,61,-31,-7,-1,-58,9,0,29,6,39,-6,25,-37,0,-14,4,-9,22,31,-7,8,15,-48,2,30,4,54,-22,38,51,-14,2,-3,-10,71,86106
19,23,73,-14,8,-55,50,61,-43,-1,-79,45,-6,37,26,-15,50,10,38,1,-52,-65,18,64,17,-2,5,-14,20,69,49,-4,-47,25,17,-12,28,-31,-5,94,-11,10,-4,22,37,1,-36,-8,-31,-11,19,23,-78,3,-41,-13,7,-38,-29,54,65,-24,24,18,92,-24,9,-58,3,-58,-36,-21,17,21,51,-1,-6,13,29,-8,-92,-58,38,43,32,15,-4,37,-12,-46,-58,26,88,-62,26,-36,-4,-90,23,-55,3,62,-32,-8,57,-58,-6,-33,16,28,-25,14,32,50,35,-54,-55,52,58,-58,1,28,-21,6,-36,19,-44,-50,2,-18,0,20,37,-84,9,-17,27,-18,-5,-43,49,42,-37,-37,-65,-33,34,-21,-52,58,13,19,58,-22,-51,8,-50,40,38,-35,-85,19,4,-56,31,-58,10,-57,-14,19,-6,-18,42,-55,42,62,16,-19,18,-22,32,46,-49,21,-43,-88,30,-7,64,-13,4,19,16,38,-20,-14,25,85,14,44,20,-41,25,-17,25,-9,37,-23,11,-43,29,1,-8,54,-48,-11,10,-29,26,-50,11,-6,-6,-7,19,17,-5,3,2,12,5,41,86128
-23,-29,48,0,-6,-23,23,31,-31,30,-34,62,24,-19,16,-15,-10,-6,-3,-69,-3,0,-5,34,-23,79,-5,4,21,42,30,-19,-26,44,60,19,90,-2,-51,52,3,87,0,0,-54,2,-28,0,-23,23,19,38,-30,-2,-17,-16,0,0,-4,-12,42,-18,30,44,57,-6,-52,63,5,12,-28,-7,-48,7,18,20,-1,-73,35,1,-57,-28,0,44,-17,17,-64,-28,90,-15,0,39,76,-37,-12,-41,25,-58,14,3,0,71,6,-8,37,58,-38,-30,12,90,-7,0,10,74,5,4,10,34,65,-35,-4,-29,-34,52,-39,-9,-6,6,3,-16,-6,17,-61,14,51,-6,7,65,52,17,20,65,58,-62,54,-8,28,23,-19,30,-34,-26,-7,-30,-7,3,-47,24,28,50,13,32,4,35,11,-24,6,-24,82,-28,-3,51,40,-52,-2,65,0,-20,-27,-12,18,68,-28,16,-31,-58,13,-10,46,0,-13,-39,-9,18,28,-1,2,87,-28,49,49,8,-17,-5,14,-30,25,19,17,-55,31,-71,0,13,11,-9,-6,6,17,-13,3,-7,19,15,36,47,-11,-21,-76,9,2,54,86210
-26,36,36,0,-9,-26,46,11,-38,22,-32,77,-11,-23,7,-34,5,23,2,-20,22,-35,0,67,26,74,29,-25,20,36,47,7,-61,15,49,-4,70,1,-38,15,14,77,-15,27,-28,-17,-29,4,-7,-1,41,13,-30,20,-58,4,20,-29,21,62,73,5,34,29,24,-9,-54,70,-9,-6,-28,-2,-28,22,22,22,-14,-25,28,-4,-38,-26,7,70,-30,38,-68,-48,38,-16,23,38,85,-19,-19,-73,33,-36,25,-44,0,19,23,2,18,-44,-74,-31,28,80,-9,52,36,78,65,-15,-43,40,50,-19,26,-4,-18,29,-70,-14,-15,-26,-21,-15,-13,14,-30,5,31,0,29,58,25,-31,46,25,-38,-27,72,-15,43,35,19,11,-30,1,65,-21,-31,-1,-50,38,37,65,7,18,-21,-1,20,-66,27,-65,30,-11,-8,15,34,-55,5,51,20,-32,0,-2,27,76,19,15,-38,-65,14,5,20,0,-8,30,-19,41,46,-24,63,76,24,45,75,-14,-13,0,32,-76,46,21,26,-40,29,-21,3,8,-32,-24,22,0,7,-24,-19,-13,-12,-6,29,36,-3,18,-74,-4,14,72,86239
-29,-17,38,0,-14,-11,7,25,-37,32,-52,78,3,-52,4,-25,-20,13,15,-19,32,-25,0,54,-33,80,7,-9,57,36,13,-39,-50,22,38,-35,90,-5,-30,66,-40,78,0,14,-63,3,-27,-9,-7,-31,4,23,-54,-7,-49,-40,-1,4,27,20,57,-43,65,43,67,-2,-17,54,25,-18,-27,-4,0,35,46,32,-1,-36,19,8,-87,-10,-7,52,-71,1,-50,-37,58,-11,29,40,77,-35,-11,-55,11,-85,16,-27,4,31,30,8,48,-20,-36,-34,11,90,-3,22,14,64,4,3,-34,17,51,-33,9,-22,-10,31,-47,-19,-11,-14,5,-21,6,15,-52,-15,32,0,15,51,73,-6,32,28,-14,-62,61,-15,11,37,-2,25,-32,-5,21,-12,1,13,-62,27,42,50,-19,58,6,27,40,-60,-2,-58,63,-3,-10,57,41,-64,14,52,21,-23,-7,-5,36,75,2,18,-36,-60,38,7,37,0,-14,-19,-22,29,28,-8,0,68,-28,17,52,17,-8,0,8,-38,13,35,17,-68,40,-14,-10,-10,-7,-3,6,-11,4,-16,-10,-4,-10,6,62,45,24,-3,-54,-8,-7,52,86240
-34,7,39,0,-3,1,38,10,-26,-5,-31,76,-5,-24,14,-26,-39,7,-4,-33,0,-4,-34,49,-5,7,0,-11,71,36,46,-32,-20,58,51,-7,58,-3,-44,64,-33,-26,-3,1,-70,2,-15,7,-4,-5,12,58,-29,8,-19,-30,5,1,6,27,43,-46,73,54,69,-7,-36,28,-9,5,-15,-18,-27,38,-5,-4,-2,-65,16,13,-66,8,-4,78,-31,11,-45,-62,26,-39,-5,30,71,-39,-21,-48,21,-73,16,-41,-23,28,29,7,-13,1,-42,-21,5,77,-7,21,26,56,-38,-10,-34,13,52,-37,-3,-25,-15,44,-55,-8,-25,-60,-15,-16,7,26,-48,-3,48,0,1,10,77,8,35,60,27,-22,32,-23,26,-3,-17,13,-42,-8,29,-17,-14,11,-31,49,54,51,-2,29,-11,48,67,-52,25,-45,25,-23,-22,62,51,-29,3,57,17,-22,-18,-8,45,73,-14,25,-25,-41,64,4,52,0,-1,-1,-9,40,23,-10,-37,56,-1,24,52,-19,-5,-1,26,-46,29,-17,0,-19,25,-33,7,-1,4,0,6,20,13,-52,-14,-1,-27,0,46,56,-7,-5,-52,-4,-6,86,86241
-1,-21,21,0,-13,12,0,45,-27,36,-43,52,31,-37,3,-31,-5,0,0,-25,-27,1,1,20,15,52,10,21,-80,17,4,0,-18,-22,41,-21,60,-23,-32,23,17,63,0,-9,-2,3,-19,-8,-51,-23,33,-33,-43,13,-12,0,22,22,-13,-13,19,5,-52,55,23,-4,-56,-21,79,17,-18,-6,-60,28,21,30,-1,12,11,-18,-54,15,38,88,-41,33,-41,-27,-10,-6,-40,2,71,-34,5,-60,2,-55,3,-5,8,24,-10,-12,28,-17,-34,-22,31,60,-5,2,3,76,1,-45,-5,3,52,-34,17,-42,-21,0,-51,3,-3,-8,5,-13,0,16,7,23,1,0,0,54,-3,-1,9,3,-15,-94,-27,0,15,11,-39,51,-9,-12,-24,-17,11,0,-46,1,22,37,28,-4,7,4,52,-50,29,-40,-13,-26,5,-23,25,-46,4,56,30,-40,-16,-3,18,58,-28,12,-27,-33,56,-14,4,0,-15,-18,0,3,5,19,4,79,12,0,33,-37,7,0,24,-28,19,6,42,-100,0,-34,-7,-13,-4,-15,-8,2,1,-15,-19,-9,16,29,-2,55,81,-7,-48,-12,18,88,86243
-24,51,50,0,-5,-54,3,-9,0,-32,-6,29,-38,12,9,7,-10,39,17,56,28,-49,15,45,-62,3,0,1,52,50,2,16,-62,3,1,-17,-1,24,10,-19,-60,5,22,24,12,-13,0,8,14,-18,-18,4,-7,-32,-63,15,-33,-10,40,92,45,-63,54,13,-19,0,-52,-20,-6,-47,0,7,-60,30,-6,-30,8,3,-13,-8,-27,-54,-11,28,18,-16,5,-9,-28,-47,26,0,-25,-47,-33,-24,10,-27,-9,-48,-8,-8,30,-17,-9,-40,1,0,-16,-5,0,39,24,47,38,-34,-50,13,0,-46,-1,-21,0,-11,-28,-5,-46,-29,-5,-8,-12,42,6,-51,-9,0,25,35,1,-65,55,-8,-33,14,-16,-6,44,-32,-17,-7,-26,10,95,0,-8,23,-9,55,40,30,-49,-11,-5,-27,28,-58,-28,-58,-30,18,-57,6,40,-10,18,0,36,5,8,6,33,31,-16,43,0,-27,27,-17,46,0,-5,50,-2,54,1,6,39,-29,-57,15,25,-33,-30,0,0,0,35,-30,-17,10,0,54,7,-17,-66,18,36,-15,6,-33,-22,12,-54,-36,-11,11,-3,-5,5,-6,-31,25,186555
-23,-14,29,-16,-17,-46,7,62,-49,45,-51,38,47,8,6,9,-41,50,-19,-17,33,17,13,22,-12,-7,21,40,-42,33,19,3,-55,-33,32,-3,-11,-37,-21,14,-47,-9,15,18,-29,-19,-44,6,-10,-5,-17,-43,-50,0,-50,-2,-20,24,54,11,25,-59,-20,44,21,-44,-56,-84,60,-22,-44,-12,-32,0,20,43,1,7,-12,-28,-57,-41,27,82,1,-17,-14,-17,-58,-11,30,-22,19,16,0,-42,5,-55,-15,-3,8,11,7,-30,43,-86,-8,-45,47,0,-45,36,6,67,-44,-54,-7,-29,74,17,26,-37,-38,3,-30,-8,-8,-47,19,-23,-18,24,-31,-14,2,-23,21,1,-1,-16,24,-5,-82,-58,-76,-16,15,9,-20,63,-25,-6,18,-36,1,22,-20,8,24,-20,-12,-35,19,-35,75,-37,14,-34,-62,-22,-10,-29,27,-26,-12,77,55,1,-11,-1,-8,37,-22,24,-49,-51,76,-34,0,-16,-22,-26,-13,9,22,42,-47,41,-15,-21,35,-51,3,-22,-17,-6,34,12,42,-84,-31,-13,5,-15,-14,8,49,0,6,-37,-5,5,-13,51,-25,48,65,-36,-18,-8,-29,79,198198
-42,47,-2,0,-3,-42,-8,9,0,-1,-2,19,-14,36,2,6,-14,21,-37,13,57,-54,-6,48,-16,-7,-7,-13,24,2,-9,5,-85,16,1,0,17,11,-2,-22,-34,-5,15,45,-2,-30,0,11,7,-1,-14,23,-5,-23,-84,4,-16,-15,74,40,47,-39,34,34,-25,0,-40,-25,-1,-16,0,20,-46,21,-83,-3,4,36,-20,-14,-32,-43,-7,58,32,-11,-28,-47,18,-33,54,3,-17,-44,-26,-26,46,-34,-18,-57,-4,6,10,17,-79,12,-40,0,12,21,0,43,33,65,-6,-19,-58,50,0,-42,-12,4,0,-17,-20,2,-29,-17,-16,2,-34,0,9,-40,-12,0,47,20,42,-82,63,-7,19,-28,-24,-6,45,-44,19,10,-45,22,34,0,-20,16,-2,46,38,15,-35,1,-14,28,30,-47,-17,-46,14,-1,-60,37,44,-3,-33,0,39,3,22,23,19,23,20,1,0,-34,32,14,1,0,-3,46,-1,44,12,-15,0,-13,-24,49,44,-16,-26,0,13,-43,45,-47,11,-40,1,7,13,13,-83,13,12,-5,0,-10,-28,9,-58,-15,1,36,4,5,-23,-6,-15,60,204219
-32,31,44,0,-7,-50,-4,-21,0,-39,-2,23,-52,67,13,14,-40,49,-6,-13,20,-46,-2,20,-21,35,7,0,22,45,-4,35,-81,8,9,11,32,24,-13,19,-32,26,20,39,-16,-36,0,23,36,12,-1,8,0,-8,-79,30,-26,-1,55,-4,16,-34,26,35,23,0,-7,-38,14,-19,0,-2,-12,22,-11,-41,14,-18,2,-3,-10,-51,-30,7,66,2,30,-55,-8,-18,18,-1,0,5,-34,12,31,-11,-1,-48,-4,5,37,-11,-2,-39,-4,0,23,40,0,36,21,75,-5,-11,-45,-19,0,6,5,1,0,11,11,0,-19,0,-11,-10,-42,1,-15,-16,16,0,42,12,48,-62,61,-3,-35,-28,-37,2,25,-40,-25,-20,-35,-15,-5,0,-3,25,10,34,13,6,-15,-2,-9,9,31,-44,-7,-43,-14,-31,-75,44,21,9,-3,0,26,11,-16,-1,29,27,-24,2,0,-42,29,-11,-19,0,-7,32,-2,32,18,-3,-10,0,-13,-9,37,-14,-38,0,4,-3,23,-42,26,-26,-6,-21,26,11,-66,21,44,-7,9,2,-24,15,-66,-55,5,38,12,-4,29,-4,-26,6,204280
-15,21,37,-58,4,19,-33,46,-50,23,-13,34,20,-1,0,-2,-30,32,38,34,-15,13,60,28,-14,-39,1,-11,-19,34,-38,-12,-45,-29,21,-1,19,-24,19,-13,14,-9,-12,29,19,-25,-52,0,-5,-6,12,-46,-8,33,-45,-9,2,27,32,37,28,4,2,21,-12,-36,-46,-39,11,23,-51,18,-54,19,-47,21,-14,-41,-8,-19,-29,21,12,54,-12,13,6,-18,-10,-30,-13,-14,-59,31,-23,3,-4,-29,-8,-26,35,-15,25,-1,-40,-27,10,-34,47,21,-34,25,3,41,-11,-23,-29,13,40,27,5,-1,-44,14,5,1,-41,-10,17,4,-24,55,25,28,7,-52,31,-22,26,1,6,-60,-26,-15,-25,-3,14,-42,1,43,-13,3,41,-44,15,-14,-19,15,32,-13,25,-4,14,15,28,-19,34,-24,-15,29,-18,12,28,-24,35,42,38,-5,6,24,13,30,-5,52,-49,2,32,-1,-1,-58,2,10,0,25,-1,-10,-3,-14,-9,14,-3,-22,-16,-53,-7,19,22,-43,41,-27,-18,42,-1,-3,3,-14,44,-2,0,-5,-4,-14,-30,25,-8,24,21,-4,-5,-1,-1,52,205383
4,-5,38,0,-15,-71,-14,-5,0,-8,-44,-4,-54,55,10,-7,8,69,11,-40,6,-72,-12,56,-10,25,38,1,17,35,-18,-7,-74,44,1,-18,46,-19,5,51,-26,32,11,45,0,-37,0,-1,-8,-13,50,67,-42,18,-70,-7,9,4,33,77,57,-8,34,52,60,0,-38,-21,30,-35,0,-18,-33,45,14,-12,18,-13,-1,36,-72,-80,-43,70,34,49,-40,-36,-28,-78,5,7,74,3,-26,-45,45,-71,-3,-39,-2,51,20,-15,18,52,-6,0,66,52,0,42,8,75,-7,-38,-49,19,0,11,32,34,0,-1,-32,-11,-67,-32,8,-13,-48,9,10,-50,0,0,48,71,60,-72,68,10,55,16,-26,-2,18,-67,-17,-8,3,-17,72,0,-15,22,-45,83,18,69,-51,2,12,1,56,-63,8,-66,-38,-25,-78,33,24,-50,7,0,43,-7,-20,-16,45,0,-15,7,0,-89,62,-19,58,0,-14,-17,-15,73,6,1,-9,68,-11,13,47,-25,-35,0,74,-8,30,-69,77,4,1,-32,0,40,-77,7,61,-35,8,-30,10,4,-52,-67,12,55,27,73,-31,10,19,75,209232
-39,38,26,0,-5,-38,-12,-2,0,-19,-14,40,-50,23,2,-7,-36,62,-8,-2,78,-77,13,35,4,12,-20,2,57,29,-10,-1,-96,56,6,9,10,22,-28,2,-73,5,30,27,-39,-22,0,6,2,6,-19,56,-16,-27,-97,-2,-22,-6,89,79,38,-74,50,34,3,0,-27,-3,10,-10,0,13,-19,17,19,-19,17,21,-17,-9,-42,-38,-43,82,16,-19,25,-57,-24,-72,76,0,23,-19,-29,-21,21,-42,-19,-38,4,26,32,-7,25,-20,-26,0,35,4,0,37,25,88,-8,-38,-40,56,0,-19,-22,-21,0,16,-22,-21,-69,-25,-18,-8,-26,9,-38,-7,17,0,29,70,22,-80,66,-20,-20,0,-4,0,56,-36,0,-3,-41,-14,77,0,-12,27,-13,77,47,61,-6,-14,-19,30,57,-58,-24,-58,-23,-24,-44,16,47,-10,-7,0,51,-12,-10,10,12,41,0,11,0,-56,58,-12,16,0,-9,41,-21,77,17,-2,-10,28,2,52,37,-37,-26,0,-8,-26,54,-37,29,3,1,-5,8,-17,-81,23,60,-32,1,-29,-34,17,-46,-49,-15,29,3,-9,26,-2,-21,84,209361
-21,19,47,-7,-11,-30,32,48,-37,25,-38,36,42,31,14,-8,-22,19,5,-6,11,37,12,37,2,-6,7,30,22,44,32,4,-15,11,46,-12,26,1,-16,24,-35,-5,30,-3,-16,-2,-35,7,-2,-17,-5,10,-39,16,-17,5,-15,-16,40,67,44,-44,16,32,30,-29,-15,-51,20,-5,-35,24,8,14,35,26,12,17,5,-37,-66,-27,30,72,21,-5,14,-19,-33,-33,11,-12,17,-18,-23,-35,0,-63,1,-30,3,-4,29,3,44,-33,14,-35,34,10,-28,11,37,81,-1,-44,-17,23,65,-17,5,-24,-24,16,-28,8,-37,-37,3,-32,0,16,0,-9,19,-20,-5,-6,10,22,23,-27,-37,-45,-43,-12,29,11,-19,50,-22,13,67,-25,-29,34,-34,23,38,-11,-5,0,5,14,39,-43,25,-39,-22,-3,-10,0,34,-37,2,66,45,-10,15,25,18,35,-22,16,-38,-13,45,-3,-21,-7,-14,15,6,29,-3,27,0,11,0,5,12,-34,-10,-18,-9,12,31,0,31,-53,-8,-17,7,-19,27,21,21,19,13,-46,4,17,-27,51,-9,28,15,-13,8,-1,-23,73,209701
-7,33,49,0,-3,-20,-22,0,0,-67,-12,40,-24,2,13,-14,15,-16,33,-19,-39,-24,5,31,31,-6,-40,0,39,50,-23,-12,-17,-4,28,14,28,24,-20,28,-25,-7,27,2,-61,-3,0,5,24,17,-4,-6,-8,-8,-19,-11,-4,-13,-17,74,30,-18,37,25,33,0,-8,21,-37,-6,0,-6,-8,9,48,-65,11,-69,-8,-15,-43,-16,-9,65,2,-1,-2,-13,6,-52,-38,7,62,-44,14,-44,24,-43,-5,-11,6,84,31,-13,47,38,-33,0,-33,32,0,-8,32,57,-49,32,-14,48,0,-45,-38,1,0,23,-43,7,-54,-30,-13,-11,-2,-7,-61,-4,24,0,4,-66,46,-36,38,8,40,-3,23,-2,13,-21,-62,0,-7,4,81,0,-12,24,-11,47,46,-69,-4,1,-10,22,41,-63,-7,-61,4,21,-25,47,46,-13,32,0,30,-18,2,-5,12,39,-64,-5,0,-18,40,-11,90,0,-3,36,4,50,-39,0,-48,64,34,50,-22,32,18,0,23,-30,17,-21,-33,-10,6,-16,6,-3,-31,18,-16,-7,10,-23,-28,13,-31,-20,10,31,-39,27,-1,-6,-4,66,210212
-7,14,62,-8,-1,-16,38,25,-32,-9,-36,58,36,0,22,-5,1,-6,23,17,-29,6,25,27,21,39,-13,20,36,62,43,-12,-10,-10,35,1,-6,5,-17,32,-13,34,32,-4,-34,10,-33,0,3,1,-21,-16,-35,-8,-3,-16,-21,-9,0,57,26,-33,34,2,29,-18,-10,-4,30,-24,-33,-10,-2,18,56,-10,11,35,20,-27,-58,-13,34,62,-6,-23,-11,18,-1,-19,-34,-3,37,-47,-2,-39,-15,-61,19,-12,17,58,-1,-4,70,28,7,-31,-6,0,-19,-27,38,49,7,-26,-6,-14,50,-45,-19,-19,-15,23,-40,2,-17,-63,1,-18,9,16,-39,-30,26,-17,-1,2,-6,13,18,9,41,-14,-16,-18,38,18,-33,28,-15,15,58,-13,-17,35,-18,4,52,-2,-26,-7,4,-12,35,-38,11,-29,-3,19,6,-19,50,-18,30,51,15,-8,10,-1,23,65,-32,15,-33,-19,32,-3,52,-7,-1,17,0,4,-34,18,-5,21,17,-7,-24,-24,4,-17,-5,6,41,15,-7,-18,-5,28,0,6,12,26,-12,-2,19,-58,1,27,2,38,-5,4,20,-33,-18,0,-28,62,210287
-30,-14,45,0,-6,0,39,21,0,66,-75,96,0,26,22,11,15,-21,26,-34,3,0,34,68,-73,20,-2,0,54,52,37,10,-42,32,64,21,36,-22,-55,38,-31,15,-15,17,-31,29,0,7,-34,21,1,35,-75,10,-37,7,2,60,-25,33,71,-21,82,60,34,0,4,27,5,-10,0,-14,12,66,54,70,-12,-27,23,56,-92,-3,-2,26,12,-3,-20,-20,-25,-20,6,25,94,-47,52,-71,24,-92,22,-96,17,43,14,-33,65,-7,-61,0,-45,39,0,24,-29,57,23,-19,-100,-14,0,-49,0,1,0,87,-63,-28,-19,-30,34,-24,31,23,-26,4,83,0,18,22,-18,41,20,23,-28,24,33,-1,64,-60,-14,15,-25,-25,38,0,56,0,-29,19,17,12,2,15,36,21,69,-20,9,-24,-19,11,24,-33,21,-23,27,0,20,12,-21,-11,62,91,-13,22,0,-73,71,-30,32,0,-7,-19,-30,21,30,0,24,83,-69,-26,52,-5,41,0,5,-58,74,-48,-39,4,28,-36,6,3,41,-12,-24,-1,19,-30,20,-5,28,-1,14,63,7,16,-28,-6,3,23,210822
-14,50,52,0,-7,-5,-13,58,0,-13,-10,43,15,54,3,-10,-36,26,-12,-13,0,-29,-22,52,43,22,4,23,6,52,-14,-11,-32,-9,9,2,-16,-4,-24,43,-37,14,30,2,-26,-2,0,-2,6,5,0,-5,-12,-24,-29,-12,-37,-4,49,88,58,-37,5,10,45,0,-62,-70,29,-7,0,48,-54,-10,25,-13,15,-39,-13,-26,-45,-7,17,83,41,0,25,-8,-35,-55,3,-40,-10,-19,-28,-27,-4,-42,-16,-9,-8,35,-6,-11,27,4,24,0,8,-23,0,-11,15,68,-35,2,-12,14,0,-17,0,-8,0,-11,-29,6,-54,-21,21,-11,-2,17,-25,-1,-9,0,5,2,40,-42,33,8,11,-61,-76,-11,35,-40,-34,55,-18,35,91,0,-4,30,-21,51,45,2,-1,0,20,20,38,-33,-27,-35,-34,-9,-33,40,51,-19,-9,0,58,-11,40,48,-12,46,-38,17,0,-17,38,-14,41,0,-7,52,7,48,-37,20,-39,-4,42,9,-22,2,-33,0,-14,22,29,-36,5,-52,-37,-15,-2,-6,-44,20,25,-6,2,-24,-32,17,-28,14,-2,9,21,-20,29,6,-34,87,210923
6,-58,100,0,-12,-16,-17,66,0,1,-100,83,25,27,26,-26,31,12,24,-25,-18,-8,7,38,-14,4,-6,30,-7,87,-10,-49,-42,-5,78,13,64,-3,-58,41,-42,3,32,20,-40,16,0,-15,-28,14,-12,0,-100,3,-33,-46,-13,47,23,-12,42,-45,7,76,42,0,-10,-43,49,-14,0,20,-13,39,79,-3,19,-20,34,-30,-100,-11,34,83,25,-16,-45,3,20,-65,-23,22,66,-19,17,-34,0,-100,30,-12,17,52,-10,-52,100,73,-11,0,14,57,0,1,67,100,-51,-14,0,-2,0,-15,-7,0,0,48,-32,-22,-61,-13,14,-30,15,3,-43,-24,56,0,26,10,82,15,39,36,76,-55,-42,-10,61,-20,-55,71,-2,-49,-25,0,41,45,-26,43,72,4,-16,-7,19,13,91,-58,26,-50,23,-33,-7,71,78,-24,32,0,30,-33,-58,22,46,90,-52,1,0,-57,93,-49,41,0,-15,-52,-31,41,-20,26,-52,70,-22,5,-18,0,30,0,34,-15,58,-32,13,-67,20,-16,-13,31,13,20,2,-23,21,-35,8,34,-2,18,-10,76,39,-9,-40,19,-22,84,212546
11,69,90,-9,-13,-36,31,20,-36,1,-36,79,-1,-25,29,-16,39,1,75,-1,-72,32,16,54,-4,68,-19,5,33,92,39,8,-2,-8,78,-6,31,-54,-45,39,0,90,-17,-3,-32,4,-36,17,9,-4,58,4,-38,39,-5,1,17,-23,-34,49,49,6,55,21,36,-13,-5,17,33,-15,-37,-33,0,24,80,0,-15,3,0,33,-49,-34,2,69,-29,61,-61,10,51,-44,-76,8,100,-50,40,-60,27,-46,23,-42,4,29,12,-10,74,16,-25,-30,-5,52,-14,5,47,86,50,2,-50,0,56,-44,-31,23,-22,63,-62,-23,-51,-33,2,-25,4,36,-42,-3,71,-10,-1,68,8,22,33,58,20,1,24,-12,52,-45,-58,18,11,-25,41,-23,-19,-8,-8,35,49,49,2,5,7,-44,39,-40,44,-31,34,28,-22,14,36,-15,70,52,14,-13,-26,-27,21,80,-50,37,-36,-29,35,-8,38,-10,-9,54,-20,43,5,14,40,100,-18,11,37,7,42,-9,10,-33,52,-16,0,-1,0,5,16,14,23,-30,-8,35,28,-14,5,-17,-28,5,14,28,31,26,-66,13,14,77,213615
-4,8,98,-4,-16,-42,52,18,-37,28,-60,79,-3,-28,14,-20,28,6,39,0,5,-43,64,57,-31,62,51,14,24,97,58,-9,-47,-21,34,3,62,-42,-33,41,-26,60,0,6,-30,9,-36,-7,-52,4,19,-16,-61,-12,-47,-9,4,-28,41,71,58,-42,17,49,52,-15,-72,20,25,-41,-37,-21,-52,4,61,25,7,29,25,12,-72,-38,-2,67,-51,22,-46,-3,79,-56,2,12,74,-21,27,-45,-13,-71,24,24,47,4,6,-36,61,5,-24,-40,-25,64,-16,39,33,68,39,-7,33,72,61,-18,42,-15,-30,18,-43,-19,-50,-22,4,-21,14,-2,-26,-12,25,-13,5,57,64,-27,25,4,14,-30,15,-24,49,0,1,23,-14,-17,60,-30,-44,11,-64,49,44,50,-3,7,6,-56,34,-50,6,-42,77,0,18,54,33,-67,46,63,14,-18,-15,-26,23,83,7,-2,-38,-93,39,-41,21,-4,-18,5,-18,45,29,15,37,77,-29,68,64,9,47,-12,-23,-32,48,-9,-26,-7,9,-6,-7,2,-26,-6,2,-10,14,-18,-2,-1,-3,4,7,44,14,-47,-48,0,-8,73,213948
-39,-73,15,0,-8,-24,46,36,-31,28,-87,40,37,28,8,-4,-29,18,-2,-29,45,-23,12,32,-15,-15,-9,28,-2,22,39,-5,-58,-5,22,3,21,-8,-4,-31,-52,-35,15,21,3,-16,-28,-7,-50,4,1,2,-86,16,-56,-6,-18,5,44,2,36,-41,27,63,-23,-5,38,28,45,-37,-28,-30,44,60,61,25,9,-20,11,-23,-92,-25,29,63,23,2,-15,-35,-37,-14,44,-11,52,-22,-2,-21,9,-92,1,-80,7,55,43,-43,83,18,1,-30,15,24,-8,20,2,58,-31,-58,-86,-5,86,-19,-9,-27,-15,21,-18,-44,-16,-45,13,-28,-24,8,9,-40,19,-4,24,44,46,-27,40,-1,22,-11,21,-22,30,-34,8,33,-38,-17,20,-12,-9,26,-28,13,63,28,-46,-18,14,4,79,-57,10,-56,-33,15,-14,40,68,-28,6,90,9,-6,-20,-36,55,42,6,7,-32,-37,79,-34,45,0,-12,-69,-47,17,0,25,-41,55,-11,-11,24,-37,-10,-3,-7,0,35,-42,17,-4,-13,-42,-6,-24,-27,10,10,-5,6,-60,-8,5,1,28,-13,64,32,-11,-4,-7,-10,66,214332
-18,19,79,-29,-16,-52,10,80,-51,-41,-37,80,-25,-14,27,2,18,-19,22,-22,-48,-41,8,31,-2,55,-1,16,85,75,17,-1,-72,25,48,15,44,-37,-62,67,-88,41,30,20,-28,4,-49,5,11,20,-30,35,-39,-32,-64,-8,-51,-14,36,50,44,-82,75,42,80,-43,-8,42,-23,-43,-49,-19,41,52,11,-47,13,-66,11,-41,-60,-63,13,69,2,-34,-33,-24,-18,-66,-51,30,52,-33,-11,-49,21,-61,16,-9,6,89,0,-27,46,34,-43,-51,-14,47,-44,14,44,50,15,-42,-10,15,72,-27,-7,13,-38,47,-43,-19,-71,-27,-12,-26,-8,31,-7,-43,48,-34,31,34,-3,-19,60,21,16,19,25,-18,13,-20,-66,75,-24,-56,48,-36,-32,34,-22,65,30,34,-52,4,-8,3,73,-24,-35,-24,-9,20,-88,6,40,-20,29,75,26,-5,-45,-12,33,87,-61,31,-52,-58,67,-33,77,-29,-15,19,-22,65,-25,14,-25,38,17,10,-5,-19,-19,-33,27,-45,18,-19,-6,30,32,-23,4,27,-27,21,-28,-21,29,-49,-14,23,-61,-45,-5,37,-30,5,-23,13,-42,58,217045
13,16,71,-9,-11,-39,23,51,-27,-5,-53,63,3,27,15,-18,29,-3,44,8,-42,-42,17,35,27,53,11,16,3,76,27,-10,-23,1,22,-21,25,-13,-9,70,-17,51,-4,0,-11,6,-22,-3,-29,-25,10,1,-52,-15,-21,-10,6,-11,-9,48,31,-25,30,33,69,-15,-18,-16,28,-39,-22,16,-23,25,81,-6,-14,20,11,-23,-65,-26,21,71,23,9,-3,26,-13,-45,-50,14,78,-22,18,-40,-8,-66,17,-23,15,59,-4,-32,90,-25,0,-30,-9,27,-15,-2,31,52,9,-27,-22,41,58,-21,15,0,-13,11,-38,-8,-44,-28,0,-14,13,16,-9,-58,16,-18,3,19,18,-28,35,-7,-18,-13,-11,-19,30,-14,-46,56,6,-16,46,-12,-24,-3,-34,36,42,0,-47,2,3,-44,51,-54,7,-43,-7,20,3,-2,31,-31,54,62,48,-20,-17,20,29,61,-36,13,-28,-55,50,-31,51,-8,-12,14,-7,39,-23,21,9,69,27,29,3,-17,38,-16,10,-4,32,-10,-10,-24,14,7,-4,13,-26,-21,-11,-18,11,-22,-6,-11,-17,12,-5,33,35,-2,-4,3,-10,65,217050
0,-31,87,-34,-19,-99,61,67,-61,-14,-74,44,-3,68,28,-17,23,42,51,-17,-43,-77,48,63,-19,24,55,14,28,82,63,-27,-49,17,3,0,53,0,5,63,-33,27,22,29,-21,-24,-57,-8,-23,0,4,12,-74,-19,-49,-17,-26,-30,15,74,66,-33,40,57,66,-54,12,-80,29,-83,-56,0,20,69,88,-17,13,1,36,-4,-100,-98,-12,73,52,5,-20,21,26,-77,-45,16,85,-25,-14,-68,8,-100,33,-56,52,55,0,-11,96,44,7,-67,46,44,-55,43,29,57,-4,-42,-54,33,83,-24,47,40,-45,-6,-61,9,-74,-33,4,-21,-23,-27,-11,-98,0,-45,28,-24,33,-62,60,16,46,-54,-87,-29,28,-16,-52,68,0,4,63,-42,-43,26,-59,59,51,-25,-93,38,4,-69,75,-61,-16,-59,21,58,-39,22,49,-56,42,85,6,-17,4,0,67,43,-55,-28,-62,-100,80,-10,39,-33,-17,-24,7,60,-20,14,4,80,-12,26,24,-29,-11,-44,16,9,27,-11,52,-45,18,-12,-7,45,-62,5,46,-43,26,-45,0,14,-42,-2,29,53,19,13,-31,28,-28,77,217877
-30,-12,58,0,-6,3,81,35,0,70,-65,78,5,66,12,-16,27,17,27,-4,-16,-4,2,54,-42,-23,12,-13,57,66,77,-11,-54,-3,62,31,54,-32,-33,19,-6,0,-39,19,34,6,0,0,-43,31,43,-15,-67,24,-52,-22,32,-4,-7,63,57,-6,85,56,27,0,19,-4,-1,-15,0,-28,17,20,-22,74,-22,-46,32,26,-77,10,12,42,35,40,-32,-7,17,-17,-16,18,31,-27,45,-56,21,-67,23,-66,6,54,-3,-41,-11,-3,-41,0,-50,64,0,28,-10,61,35,-26,-81,46,0,-27,9,-8,0,76,-39,-38,-21,-24,8,-18,4,0,52,25,72,0,16,58,30,10,25,8,-9,31,-6,-16,42,-40,29,31,-29,-25,71,0,-5,-21,-43,8,32,41,21,7,10,-31,21,-43,14,-46,6,6,35,4,36,-49,39,0,16,-16,-24,-16,23,72,28,-1,0,-73,30,-41,39,0,-9,-27,-43,16,57,-16,24,28,-51,34,81,-9,43,0,-14,-37,47,-43,-55,8,13,1,0,-10,9,-31,19,7,12,-29,12,-26,48,11,10,60,0,-6,-36,-4,35,48,218191
-10,-84,66,-23,-22,-64,-25,46,-49,30,-87,37,-28,-4,7,-30,25,15,23,8,6,-87,18,44,-37,29,20,4,-79,71,-20,-22,-82,32,32,-3,71,-33,-36,23,-60,15,-4,22,9,-14,-51,-16,-65,0,5,31,-85,-33,-80,-17,-15,64,55,-18,44,-63,-64,88,30,-13,10,-18,80,-69,-51,2,22,62,52,25,0,3,-9,2,-96,-64,-11,79,-16,4,-3,-11,-33,-64,6,17,100,-23,13,-12,15,-96,-6,-44,20,-11,-21,-61,59,2,1,-54,1,72,-14,27,19,59,-20,-39,-47,-16,81,-20,19,0,-33,15,-4,-27,-64,-10,10,-16,-17,-2,29,-64,19,-34,26,72,66,-69,55,6,8,-88,-20,-10,19,-55,-22,46,-13,-65,-33,-29,56,6,-50,60,44,69,-63,-9,10,-31,100,-73,-28,-70,-36,2,-36,63,47,-49,29,83,38,-31,-68,6,58,40,-23,0,-50,-99,100,-61,-23,-23,-21,-81,-29,60,6,6,-9,99,-41,-16,43,-25,10,-32,20,-1,19,-58,5,-92,14,9,-16,14,-71,-10,12,-54,4,-11,-6,-13,-30,-31,-8,87,85,12,-2,0,-13,79,218215
-52,-9,31,-8,-12,-4,26,57,-38,17,-45,60,30,39,7,6,-30,4,-13,-32,45,-14,3,44,-42,-40,-1,29,42,21,25,-3,-45,-25,20,4,-6,9,-20,32,-62,-52,44,7,-18,-6,-38,2,13,-3,-38,-38,-46,-22,-43,0,-40,16,54,25,41,-65,51,25,27,-21,-12,-24,4,9,-37,12,-3,16,-16,15,26,-34,3,-44,-76,0,26,36,38,-34,-8,-52,-24,7,42,-17,48,-34,-41,-16,-7,-76,-1,-38,1,7,38,-22,-7,-65,-22,-41,-4,-3,-22,16,14,60,-26,-35,-32,-6,81,-39,5,-42,-28,7,-12,-1,21,-51,-5,-17,-2,-4,-6,18,4,-11,7,67,23,-21,27,-17,-60,-5,-32,-3,31,0,6,58,-52,15,26,-28,15,49,-20,0,41,61,19,-12,-6,15,41,-28,-19,-29,-28,13,0,16,38,-18,-15,83,30,0,11,0,16,57,2,-4,-38,-28,38,-25,0,-9,-12,-7,-1,-9,-3,28,-18,43,-46,-3,7,-28,-29,-11,-23,-14,33,2,-12,-21,-20,-34,4,-38,-19,40,13,-3,7,-45,-30,29,-13,30,-9,28,4,-37,-16,-11,-44,37,219914
-45,-9,71,0,-30,-20,-11,100,-37,32,-85,76,49,45,15,-32,-26,30,-19,13,35,-24,21,46,22,25,20,48,-51,69,-8,-1,-56,-15,45,5,39,-17,-63,54,-57,26,25,0,-7,-7,-32,0,-32,4,-6,-10,-87,-18,-50,-8,-31,9,60,7,48,-61,-47,86,62,-12,-60,-41,77,-40,-31,-22,-39,6,62,28,28,42,22,-60,-89,-27,40,100,36,-5,-50,-69,-15,-50,28,-3,81,-9,-20,-30,-9,-82,15,-12,12,14,21,-55,59,-36,-41,-44,10,43,-15,12,29,93,-11,-50,-25,-6,76,-5,20,-33,-23,20,-28,-16,-45,-27,-12,-36,-12,13,-11,9,23,-2,5,70,58,-18,35,-25,-29,-80,-43,-23,38,4,-12,100,-53,-31,8,-23,6,41,-52,34,47,53,9,-28,-10,-39,89,-59,-8,-53,-16,-18,-33,50,53,-59,-12,76,45,-39,-32,-21,7,85,0,13,-38,-76,90,-56,-1,0,-35,-12,-17,34,-10,44,-13,74,22,-6,15,-51,-19,-1,-23,-44,48,1,22,-82,-6,10,-1,-8,-18,24,19,-9,11,-33,-27,14,-26,41,-22,81,73,-51,-49,-3,-30,100,220129
-42,-27,52,0,-22,-26,34,52,0,24,-56,64,-15,63,6,-17,-8,25,-11,-4,31,-10,41,51,-63,-15,13,26,19,48,29,9,-34,-28,33,5,9,-8,-34,28,-48,0,4,-7,69,12,0,-10,-30,-1,-10,-29,-56,-11,-34,5,-17,11,54,8,47,-57,49,48,23,0,-29,-27,-10,-39,0,-10,-35,8,5,20,-5,24,5,-28,-66,-20,24,30,60,-10,-38,-38,-25,-36,35,3,58,-23,-20,-21,-8,-66,6,-49,34,38,22,-49,15,-17,-27,0,-14,19,0,17,11,68,42,-48,-52,9,0,-24,10,-33,0,16,-17,-8,-31,-44,8,-25,13,2,68,-13,17,0,-6,41,33,-5,22,-3,-12,13,-26,-10,38,-31,4,55,-44,-12,6,0,4,13,-27,28,58,40,-6,-13,7,-30,61,-49,0,-47,-27,-5,-8,13,54,-30,-11,0,29,-19,-14,-6,8,64,-1,1,0,-56,61,-52,24,0,-22,-34,-9,26,3,30,43,48,-52,7,24,-43,-11,0,-36,-24,41,-38,-21,-6,3,-2,-11,-24,-4,-2,30,-12,4,-34,-15,-8,-15,-11,-14,49,0,-48,-45,-8,-26,22,220346
-45,34,10,0,-2,-6,69,42,-34,14,-8,60,39,-34,12,-2,-38,-3,-18,-26,40,25,-22,56,3,57,-3,3,44,8,66,-13,-22,-10,51,2,68,-39,-46,65,-40,55,-4,6,-37,6,-30,0,11,1,22,0,-6,9,-20,-11,8,7,32,52,60,-41,48,46,61,-5,-58,25,2,4,-28,7,-53,9,-49,11,-7,-75,16,-24,-39,-3,37,78,-31,21,-68,-51,40,-9,27,13,73,-52,-24,-48,11,-41,7,-36,-3,4,36,29,-39,67,-54,-24,3,61,-6,14,18,42,-2,35,-26,78,57,-48,-5,-31,-11,17,-49,20,-14,-17,3,-16,4,26,-35,6,20,-10,9,77,16,5,17,14,63,-64,22,-24,30,-20,-15,44,-50,36,48,-14,8,1,-47,12,49,65,8,59,5,39,38,-50,23,-41,48,19,-8,25,46,-52,-14,57,3,-4,32,2,21,61,0,26,-34,-42,43,26,16,0,-5,31,18,18,37,-1,3,71,11,69,62,35,-13,-7,1,-58,27,-21,16,-68,11,-29,0,-16,4,-11,-16,21,13,-22,-13,0,-17,39,62,40,0,-17,-64,3,1,77,220376
-14,-43,26,-26,-22,-78,78,49,-44,58,-68,14,21,89,23,1,3,10,-29,-18,58,-62,12,74,-76,35,4,25,-8,18,82,24,-75,10,14,8,20,-23,-34,60,-44,45,9,36,-4,-20,-41,10,2,3,0,27,-68,-11,-75,28,2,28,66,37,67,-40,40,61,55,-27,-2,-100,43,-83,-40,-1,-19,39,100,58,2,-21,6,-5,-100,-72,8,50,81,0,-29,-6,-73,-46,57,-7,75,-40,0,-62,20,-100,8,-69,14,38,-24,-9,100,-41,-10,-50,34,36,-30,30,-13,90,-28,-61,-82,-11,77,-38,5,3,-17,18,-47,25,-38,-51,10,-19,-19,18,13,-74,24,-31,35,35,32,-68,52,4,-34,-80,-95,-12,26,-21,-11,52,-17,9,26,-18,15,14,-37,44,51,16,-70,27,13,-52,81,-67,-2,-62,-78,-15,-13,15,48,-35,-31,80,28,-1,4,-3,33,13,-11,14,-45,-100,81,-7,42,-27,-23,-43,22,39,24,27,-15,62,-71,-16,48,-50,9,-30,35,-15,31,-23,36,-100,-8,-16,10,12,-65,-13,3,-27,18,-33,1,-5,-19,26,30,66,58,31,-19,-7,0,44,221989
-46,64,9,0,-4,-41,19,14,0,-5,15,34,-13,30,11,9,-49,37,-17,-2,81,-50,-10,47,-34,-1,23,8,100,11,19,30,-74,13,5,13,29,15,-32,9,-34,-3,14,42,-6,-36,0,25,44,9,-17,8,16,-16,-75,35,-35,-26,73,82,50,-30,100,29,8,0,-3,5,-54,-10,0,-2,-22,19,-32,-6,5,4,7,-22,-11,-38,-13,23,52,-15,-8,-48,-30,-11,80,2,1,-13,-45,-29,27,-14,6,-49,-2,9,36,0,-30,-67,-30,0,40,20,0,41,32,57,0,-84,-48,15,0,-15,24,6,0,2,-32,-8,-12,-5,-27,-1,-37,7,-8,-22,2,0,42,100,19,-75,57,-28,-68,20,4,-7,27,-41,14,13,-41,11,82,0,-24,13,17,31,47,100,-22,17,-27,37,32,-34,-20,-39,-27,0,-58,33,50,18,-19,0,29,5,14,-5,20,31,12,8,0,-37,32,0,16,0,-7,67,-10,31,26,9,8,2,-34,8,47,-79,-47,0,0,-25,19,-42,38,19,4,0,24,1,-73,0,38,2,8,-15,-28,1,-58,-10,9,27,-52,4,-9,0,-30,23,222369
-6,19,90,0,-1,-19,24,30,-35,31,-100,100,4,66,21,-12,56,-24,47,13,-52,-12,13,79,-59,-30,-21,-22,76,91,30,-47,-30,12,95,45,56,-24,-68,58,-14,-28,8,22,39,16,-35,-25,-58,46,11,12,-100,40,-28,-50,4,48,-53,52,76,-17,84,57,60,-5,20,85,23,-46,-35,9,22,45,44,32,3,-64,40,49,-100,-21,-13,44,66,10,-63,24,21,-30,-54,23,88,-72,77,5,15,-100,39,-94,0,89,-1,-46,45,13,-16,-26,-60,64,-6,-31,11,56,22,-30,-92,-18,77,-72,-26,24,-23,78,4,-29,-37,-31,41,-26,16,14,35,-66,80,-9,21,49,75,8,28,33,13,-64,89,-25,84,4,-53,30,-8,0,51,-22,49,21,-43,15,81,52,-68,29,44,-9,43,-64,41,-65,17,34,52,69,81,-39,49,79,14,-14,2,7,51,100,-51,14,-35,-69,50,-47,86,0,-3,16,-30,23,-20,-23,20,94,-58,-19,21,-23,76,-8,-6,-16,81,3,-58,-67,20,11,-24,37,7,7,-26,-14,18,-33,0,23,57,3,34,55,25,-17,-69,12,4,45,222560
-24,52,2,0,-5,-44,0,10,0,-9,-10,33,-44,17,8,10,-27,34,-32,-9,63,-60,1,32,-18,11,-15,2,24,5,3,18,-92,38,10,5,14,19,-14,-32,-37,10,14,48,7,-30,0,16,20,4,-17,43,-11,-19,-93,18,-16,-17,86,46,28,-40,38,27,-31,0,-12,-13,26,-10,0,-1,-26,19,38,-9,2,-8,-12,-18,-27,-39,-15,56,17,-14,-2,-60,-20,-68,58,0,34,-14,-41,-22,33,-28,-8,-43,1,39,35,-2,40,-25,-42,0,52,24,0,64,26,69,12,-47,-47,38,0,-12,-16,5,0,6,-19,-11,-66,-23,-11,-3,-30,31,16,-4,10,0,50,54,17,-78,67,-15,-21,-20,-13,-3,46,-37,-5,14,-25,-4,44,0,-19,12,0,77,21,51,0,-11,-8,24,20,-47,-10,-45,-24,-43,-66,15,23,-2,-31,0,30,8,-4,-1,20,34,-4,30,0,-49,21,-3,28,0,-2,51,-15,75,22,5,18,35,-16,35,39,-48,-35,0,38,-43,46,-36,49,-34,-2,-11,15,16,-80,4,26,-20,5,-14,-29,0,-70,-42,-7,30,33,28,1,5,-19,54,223571
-35,0,40,-16,-26,-14,34,33,-52,0,-45,60,-8,96,8,-40,-65,48,13,3,80,-71,46,57,16,72,64,2,1,34,32,1,-54,41,0,-29,46,-7,-10,75,-77,69,2,-11,30,-23,-55,-7,-38,-26,-3,47,-43,-41,-54,1,-53,-22,68,81,60,-74,21,58,74,-33,-15,42,18,3,-55,17,-12,45,54,-3,-12,9,-7,-11,-61,-10,-37,59,84,-3,28,-44,0,-24,73,28,91,17,-50,-7,-16,-60,-7,-10,42,91,32,-34,61,68,32,-62,45,42,-34,66,23,47,28,-5,-18,66,81,19,59,-25,-31,-6,-6,-28,-20,-14,-3,-22,-21,-21,31,-13,0,-24,-9,42,51,-45,48,15,68,17,48,-8,-7,-18,-6,34,-38,-33,76,-32,-28,9,-54,47,68,29,-6,22,-2,80,54,-52,-36,-45,1,-9,-47,35,63,-55,9,81,52,-38,-30,16,41,63,0,-24,-52,-85,55,-38,86,-16,-28,-3,-28,46,15,2,24,83,13,56,35,1,-45,-23,25,29,-4,-18,51,15,31,8,-6,-22,-48,-7,42,-21,7,-20,5,-10,-43,-8,11,57,17,13,28,6,-53,61,223690
-26,-1,32,0,-24,-31,44,56,-33,42,-36,62,38,22,9,-16,-25,32,-10,-7,40,-3,-1,63,3,32,35,28,-1,36,42,21,-43,-4,46,-6,73,-19,-30,67,-22,40,9,14,-3,-9,-29,4,9,-6,12,0,-35,10,-40,25,-9,-40,41,46,64,-28,-3,53,70,-13,23,-35,36,-4,-29,15,21,35,8,40,10,22,5,-33,-61,-33,34,87,17,10,-40,-44,-29,-12,34,17,29,-19,-18,-61,10,-60,1,-24,3,-5,29,2,12,-26,-38,-37,14,70,-14,27,38,76,-10,-78,-22,-7,63,-15,28,-39,-26,24,-57,25,-13,-29,-17,-18,-12,15,1,20,30,-5,15,44,32,-8,31,-20,-23,-57,-36,-10,4,17,16,58,-29,-8,49,-25,-38,21,-48,19,47,40,22,26,-15,-4,64,-41,17,-37,-32,-18,-2,23,45,-45,0,64,59,-14,-5,18,43,65,24,15,-34,-61,64,-1,-15,0,-25,-3,25,23,34,26,-8,27,-3,-4,62,-72,-18,-4,-13,-41,0,3,19,-43,18,-12,3,-27,-9,6,26,11,7,-37,-5,0,1,37,21,52,31,-24,-41,0,-12,91,224013
-16,-22,42,0,-4,-32,6,50,-28,-1,-69,58,2,55,9,-22,-14,16,3,-16,-14,-47,33,56,-28,23,16,7,29,39,13,-12,-29,39,11,-32,55,-5,2,46,-26,29,4,2,43,1,-18,-10,-38,-27,12,41,-67,3,-23,-12,-9,-13,12,54,56,-46,33,55,58,-14,-15,-29,30,-38,-18,14,-5,52,63,-3,-4,0,15,-15,-88,-34,16,57,48,7,-23,-19,12,-28,-19,36,56,-36,-10,-14,4,-87,9,-51,18,36,11,-14,63,38,-24,-21,1,50,-14,26,21,60,21,-57,-47,17,66,-32,9,-14,-18,-3,-12,-8,-24,-14,0,-26,0,25,45,-41,3,-3,4,33,58,-26,45,13,39,-29,-33,-26,24,-14,-27,50,-21,4,48,-17,-11,10,-58,36,44,32,-39,24,2,-19,38,-54,11,-51,15,7,-32,48,48,-61,7,66,16,-24,0,12,57,64,-22,25,-28,-64,42,-15,23,0,-7,-20,-13,33,-8,5,24,56,-23,14,33,-45,-9,-3,14,-27,24,-26,2,-27,33,-23,-10,15,-30,-12,10,-17,7,-33,-13,-12,-28,4,32,50,28,-6,-23,-1,-13,58,224198
-15,-6,73,-17,-19,-10,8,63,-40,50,-52,68,31,1,6,-17,0,48,-1,-5,38,-50,58,21,-24,0,40,37,-46,76,10,10,-77,-1,34,0,6,-9,-23,-3,-45,4,12,31,-2,-12,-41,-2,-19,-2,-14,-4,-54,-2,-73,10,-24,1,54,43,19,-49,-28,47,-4,-19,-58,-30,63,-22,-40,20,-56,-6,47,48,2,20,13,-49,-52,-8,27,82,-7,-14,-43,-29,-43,-46,38,-13,29,12,-15,-36,-1,-51,16,-15,44,25,10,-48,58,-36,-7,-44,47,4,-21,45,34,78,-8,-81,-16,-10,58,14,35,2,-29,3,-31,-20,-51,-47,-2,-23,-16,6,10,-7,7,-22,36,3,13,-37,42,-14,-25,-63,-35,-16,63,-33,18,62,-18,-39,35,-29,-8,19,-15,37,63,-6,-5,-43,-1,-29,79,-47,3,-42,-47,-55,-9,2,63,-15,3,61,27,-22,-40,23,-5,70,18,5,-40,-52,82,-49,12,-16,-18,-6,-21,42,12,38,0,20,-23,-11,24,-71,-10,-22,-7,-9,65,-32,48,-71,-14,-2,-2,11,-38,3,45,-24,5,-43,-18,2,-10,30,-48,50,66,-15,-49,9,-28,84,224201
11,-8,91,-16,-7,17,49,33,-28,28,-69,82,49,35,24,-15,31,-37,48,8,-52,14,28,25,13,51,-8,9,71,83,60,-25,33,16,65,20,51,-20,-37,57,-12,23,21,-26,-9,51,-25,-12,-33,16,-6,22,-69,-16,44,-16,13,14,-33,23,27,-29,65,39,50,0,38,2,-5,-17,-26,-12,58,16,25,25,19,-29,33,5,-92,14,20,58,7,-12,-17,45,10,-43,-61,42,52,-65,60,1,-31,-97,33,-41,17,62,-54,-33,45,-42,4,-31,-52,42,-1,-35,24,42,0,-42,-23,44,73,-60,-15,-45,-20,56,10,-13,-43,-38,24,-20,48,7,6,-20,67,-20,-16,-3,25,60,-4,-8,0,-4,7,-17,31,-21,-60,41,-4,-40,14,-19,-7,35,-30,16,60,0,-15,4,32,-32,70,-50,13,-35,3,-17,65,8,66,-24,58,76,3,-24,-43,-5,24,93,-51,8,-29,-22,73,-40,76,-16,-7,-4,-15,22,-31,9,13,50,-11,40,-16,-28,76,-18,-24,0,27,-44,-47,4,42,6,-9,0,52,21,-50,7,20,-40,5,28,58,45,-8,38,-16,-79,-19,-17,-2,71,224242
-43,13,24,0,-12,-6,5,51,0,19,-35,82,17,-6,13,-17,-36,-6,-13,-35,10,23,-28,36,12,60,-17,-10,61,31,21,-56,-36,19,54,-4,49,-28,-49,79,-55,69,13,7,-84,-7,0,-6,-13,-4,2,18,-31,-18,-36,-58,-22,40,68,4,37,-56,64,30,86,0,-69,17,13,-4,0,8,-46,41,22,19,7,-45,-4,-7,-79,-6,2,90,-30,4,-60,-52,57,-22,10,10,58,-37,-25,-62,8,-79,-2,-24,-2,-24,20,13,18,38,-24,0,18,63,0,9,20,54,-17,54,-19,34,0,-31,-15,-39,0,33,-51,0,-16,-40,20,-16,-7,-10,-70,-4,29,0,3,43,62,-3,27,36,58,-42,9,-40,32,10,-4,47,-46,14,4,0,34,20,-47,35,31,47,-11,37,23,22,42,-46,-14,-45,58,-15,-31,48,35,-55,-5,0,44,-15,8,4,41,81,-8,-10,0,-49,42,9,-45,0,-15,14,-5,32,34,-7,-22,56,-4,50,50,51,-24,0,-2,-28,38,-1,18,-58,0,-36,-7,-24,0,9,-7,12,11,-25,-23,11,-28,20,57,32,18,-16,-57,2,-19,98,224599
-12,6,49,-28,-19,-95,16,39,-39,-48,-56,20,-59,86,11,-11,-12,50,-10,-5,61,-94,1,65,-7,78,18,20,-12,44,25,15,-100,43,5,-20,34,-6,-21,1,-40,82,45,70,28,-48,-35,-2,-5,-17,-9,50,-55,-1,-99,20,-34,-18,84,56,64,-46,-8,69,5,-32,-63,9,57,-64,-34,-8,-66,37,100,-49,31,-9,-1,-27,-66,-99,-30,74,74,-12,-7,-43,-53,-64,58,11,91,3,-61,-33,35,-65,-1,-61,0,73,7,-36,100,44,-11,-41,62,30,-33,44,36,89,28,-48,-58,-8,76,9,14,29,-28,-5,-25,-26,-56,-30,-23,-22,-52,30,50,-78,0,-35,72,60,47,-86,75,-9,39,27,2,-9,35,-38,-18,41,-21,-50,49,-24,-23,52,-21,82,46,51,-76,-19,-21,-15,78,-80,6,-75,-55,-11,-85,42,51,-22,-8,77,39,-11,-51,-6,42,25,-15,33,-40,-100,81,-42,62,-29,-19,8,-26,77,6,17,42,88,2,-4,26,-41,-60,-34,55,-13,34,-50,66,24,8,-22,-3,49,-89,34,48,-49,12,-35,-10,28,-74,-65,-25,67,60,31,-5,6,-35,74,224981
-27,13,15,0,-9,-10,-22,51,-25,39,-36,44,40,23,12,0,-23,15,-23,-2,44,-22,-7,45,-42,-18,0,39,23,6,-8,12,-48,-14,15,5,-19,0,-16,-2,-47,-20,37,3,-11,0,-23,6,13,4,-23,-11,-36,-20,-42,13,-13,10,45,46,44,-61,35,10,3,-14,-5,-45,25,-17,-21,20,7,4,41,38,25,26,12,-22,-51,-11,16,35,13,-24,13,-35,-44,-21,39,-21,79,-20,-5,-38,-5,-54,3,-48,-6,39,-17,-15,58,-45,1,-28,38,-18,-15,8,-1,67,7,-38,-50,-11,63,-18,-4,-35,-27,10,-29,2,-19,-58,13,-23,-1,10,0,-6,15,-4,6,-12,-16,-13,21,-17,-41,-3,-48,-2,37,7,-8,52,-34,18,42,-25,-1,40,-16,19,32,-11,-2,-26,15,-11,31,-42,-4,-34,-44,-18,-24,-30,36,-14,-21,65,35,-6,13,10,0,48,-5,10,-26,-50,32,-20,25,0,-14,15,1,21,-7,36,4,58,-34,-15,3,-30,2,-3,19,-1,46,5,42,-7,-25,-2,7,0,-15,30,7,-14,11,-60,-4,30,-25,41,-20,10,18,-22,13,-13,-19,36,225236
-11,16,19,0,-4,2,5,13,0,-26,-15,30,-18,5,-1,0,-17,19,-8,-46,37,-15,2,36,10,-31,14,9,33,19,4,-9,-39,38,4,5,-14,-3,-7,7,-32,-34,11,22,-4,-17,0,0,8,5,-18,38,-15,-8,-40,-9,-27,-2,50,9,34,-33,38,1,7,0,-5,-8,-11,-15,0,-1,-1,-3,-9,-26,-8,35,-10,-17,-45,5,-7,33,4,-16,12,-8,0,-22,34,-13,-9,5,-26,-13,4,-46,-9,-20,-1,-8,-20,-13,-11,8,0,0,28,-4,0,13,25,52,13,-11,-20,-10,0,4,13,-6,0,2,-13,-6,-22,-29,-13,0,-14,-3,-8,-16,5,0,21,46,3,-32,32,-12,14,18,-6,-11,20,-7,8,14,-12,20,12,0,-3,7,-13,33,34,43,-14,-17,-14,15,0,-34,-7,-34,-1,28,-40,3,30,-17,-7,0,41,1,17,1,0,28,8,-4,0,6,-1,-12,-3,0,-5,9,-6,34,-1,11,7,-2,8,-2,0,-9,-23,0,9,0,20,-7,27,16,-17,-54,-1,-6,-30,7,18,-5,0,-25,-23,0,-46,-13,-7,2,-13,10,11,-2,-30,32,225645
-26,-29,43,-30,-6,-11,2,20,-39,24,-29,54,7,29,8,-21,-27,24,8,-25,-41,21,23,15,-3,-7,19,8,-38,45,5,-7,-25,7,28,3,24,-26,-18,45,-23,-6,3,-9,-30,-3,-39,0,-69,2,-6,8,-26,-39,-22,-6,-18,22,-18,11,20,-26,-11,30,49,-8,-20,38,-7,15,-38,-2,5,36,5,20,-4,-13,9,12,-38,-11,-10,43,14,-4,-37,-17,68,-26,-40,22,26,-34,-6,-7,2,-40,-1,-65,14,74,4,-2,20,-4,16,-34,2,26,-9,-20,0,40,0,-24,-56,28,66,-32,18,-2,-30,23,-2,-9,-18,-11,21,0,-6,46,-33,-2,23,-8,-6,56,-3,6,16,6,-5,-50,39,-4,21,-29,-31,19,-27,-22,20,-30,4,1,-23,16,40,48,-2,8,24,38,40,-14,-40,-12,62,11,-1,-22,41,-25,10,69,19,-23,-25,0,41,52,-37,45,-39,-16,42,-5,68,-29,-9,-35,-11,13,-23,6,-8,18,-10,26,0,-12,-10,-9,-25,18,26,-41,2,-52,20,-30,0,13,2,-9,24,0,9,-16,-3,-9,8,3,9,34,-19,-31,-43,-5,-15,52,225964
-3,30,40,-2,-8,9,43,22,-18,11,-40,74,25,23,8,-29,8,-29,20,-79,-36,17,27,52,26,21,25,5,-21,38,38,1,24,-5,50,-14,53,0,-49,58,12,39,9,-16,-25,17,-16,0,-25,-13,24,0,-42,-23,28,-3,4,-23,-33,35,51,-10,12,30,54,-4,-36,3,28,24,-16,-15,-19,27,-8,5,2,-2,27,-1,-68,12,19,79,-9,24,-15,-10,-1,-39,-39,14,36,-51,13,-32,0,-63,21,-13,8,46,-20,-12,10,-41,-40,-20,9,64,-5,4,35,61,-3,-39,-12,12,55,-47,18,-33,-21,24,-20,-3,-27,-39,-6,-20,18,24,-7,0,32,-3,-10,49,54,28,16,7,-36,-49,5,-11,10,3,-34,27,-15,-8,30,-23,-16,13,-44,27,38,52,10,10,-2,27,39,-49,0,-40,-10,18,-8,27,32,-49,25,54,8,-31,-14,-17,44,82,-34,23,-18,-29,36,-16,37,-2,-12,22,-5,23,-11,6,-4,25,20,22,21,-46,24,-1,24,-44,13,-3,5,-66,9,-68,-1,1,22,-1,-33,23,7,-27,-22,0,-15,28,14,33,30,-8,-21,-4,-4,83,226045
24,14,94,-10,-9,-73,0,34,-41,-3,-76,33,-19,0,3,-26,55,0,74,-16,-24,-57,5,68,20,40,18,9,-4,91,-1,-52,-41,29,26,-9,52,-19,-19,48,5,50,7,20,-10,3,-40,-22,-42,-8,22,35,-75,-10,-38,-52,12,3,-12,55,65,0,6,40,50,-17,-8,-30,27,-41,-40,2,-16,50,15,-4,-2,23,2,5,-100,-71,-3,76,10,22,-24,33,17,-74,-26,17,88,-48,21,-27,13,-100,5,-37,10,45,18,-17,30,34,-17,-40,-35,50,-18,6,41,82,1,-23,-30,42,64,-44,14,11,-22,5,-23,-11,-73,0,6,-9,5,28,-12,-57,11,-14,21,38,51,-35,47,20,36,-43,-31,-7,28,5,-45,37,17,10,52,-21,-5,11,-50,64,30,43,-52,17,10,-35,52,-81,4,-74,22,19,-1,39,27,-45,82,67,36,-28,8,2,58,35,-44,27,-42,-81,55,-16,37,-11,-7,15,-13,63,-11,11,4,87,23,41,29,-18,32,-13,33,-21,27,3,-38,-43,18,-16,-21,28,-37,-8,-4,-33,1,-9,6,2,-5,-18,9,38,28,14,-21,2,4,74,227153
-7,33,52,0,-4,-38,9,-9,0,-64,-32,30,-46,32,7,4,-5,-39,35,-5,-11,-64,-4,31,11,10,23,7,14,54,11,-2,-18,32,1,-2,26,24,5,13,-28,18,26,4,-11,-2,0,6,27,0,-29,37,-28,-32,-16,0,-38,10,18,12,31,-33,20,23,13,0,-7,-7,0,-29,0,31,-6,22,16,-65,7,-61,-6,-12,-65,-37,-31,56,27,-27,21,2,-16,-52,-12,1,18,-17,-13,-10,19,-68,-6,-30,0,-1,36,-9,19,13,4,0,-30,17,0,13,26,63,-1,-37,-32,13,0,-17,24,3,0,15,-8,4,-48,-21,-21,-15,-5,35,-10,-49,19,0,8,-16,28,-35,55,-21,18,-36,-7,-4,22,-20,-58,-7,-14,5,12,0,5,22,-11,57,42,-24,-46,0,-18,14,32,-45,-22,-42,-14,55,-62,26,43,-13,37,0,39,-2,5,33,20,34,-57,34,0,-14,31,-12,14,0,-4,34,3,56,-43,5,2,14,8,6,-18,-34,-8,0,32,4,21,-23,-34,-36,2,-2,7,18,-38,12,-40,-31,5,-28,-22,10,-65,-46,-1,23,0,15,21,-6,-43,58,228120
6,-38,91,-19,10,14,39,88,-8,56,-100,80,43,40,17,-26,6,39,36,28,-20,-10,66,38,-18,-29,53,8,-30,95,32,-17,-50,-3,35,-27,20,-15,-13,11,-60,-27,7,18,-3,30,-2,-10,-20,-30,-13,-18,-100,20,-46,-19,4,27,37,56,35,-58,-11,61,7,-32,-17,-50,46,-21,-2,4,-14,-11,34,55,10,-29,14,-11,-93,15,32,76,53,-11,47,25,-26,-40,-34,-3,21,28,82,-35,-50,-93,16,-9,19,43,-38,-49,34,-8,34,0,28,28,-32,10,14,54,-3,-43,-17,-21,72,26,55,-28,-18,22,-27,-44,-47,-18,42,-31,31,29,2,-26,27,-27,21,-28,6,14,9,1,-12,-37,-54,-45,59,-29,-44,86,6,0,52,-21,23,22,-41,15,37,-31,-27,-19,46,-42,79,-62,18,-61,-31,-35,44,6,36,-46,36,73,-10,-29,0,7,-15,78,-28,27,-8,-59,84,-47,48,-19,10,-29,-47,22,-4,12,1,24,-22,-28,-6,-48,80,-26,-59,35,59,-31,43,-50,-4,18,-10,-26,10,7,32,0,16,-17,-6,10,39,43,-21,61,60,-53,37,-2,2,76,228206
-36,4,30,0,-11,-78,40,14,0,6,-56,32,-30,31,4,-14,-33,40,-3,-9,57,-66,-1,75,-100,2,-20,6,-38,15,49,-14,-76,52,10,-17,48,-33,14,-30,-42,1,18,33,-17,-23,0,-2,-25,-26,11,47,-57,-22,-71,-7,-5,4,49,76,78,-60,1,52,-25,0,-38,3,52,-33,0,0,-23,12,-15,2,5,-27,-12,-9,-76,-69,-21,39,2,10,-61,-33,-19,-57,58,3,93,-37,-52,-52,24,-79,-10,-68,5,56,35,3,-12,56,-62,0,48,43,0,69,11,76,39,-71,-71,27,0,-39,-8,-28,0,15,-27,-10,-37,-16,-15,-9,-26,41,31,-47,13,0,41,46,71,-63,62,22,66,-36,5,-12,42,-14,-10,20,-42,2,75,0,-26,27,-54,69,42,46,-43,14,-18,16,28,-76,0,-69,-2,4,-39,29,42,-58,-9,0,35,-21,7,1,18,31,-18,43,0,-89,21,-7,45,0,-13,-7,-14,57,28,3,42,85,-91,30,69,-29,-38,0,20,-52,52,-21,40,-70,0,-17,-4,2,-66,14,48,-28,2,-21,-4,12,-47,-28,5,58,42,-25,-66,-3,-16,37,231601
-5,0,37,0,-5,-34,11,-16,0,-52,-24,2,-46,27,2,12,22,-18,37,32,-11,-63,11,20,1,-39,11,6,-4,38,8,-30,-51,-22,1,-19,21,0,-3,-6,-19,-46,23,32,-41,0,0,0,6,-14,-16,-23,-24,-24,-50,-33,-11,-28,0,-34,19,-19,7,26,-8,0,-72,23,5,-28,0,17,-78,0,-16,-51,7,-34,-12,1,-42,-33,-30,60,24,-13,-6,18,-4,-39,-11,-5,28,-56,-6,-29,28,-43,-14,-22,4,14,23,-31,-8,47,-28,0,-16,15,0,6,17,41,-45,-52,-23,6,0,-56,11,26,0,0,-25,-23,-35,-8,-19,-15,-1,1,-32,-58,1,0,29,-24,54,-58,52,35,48,-24,24,-8,27,-52,-35,-16,-3,-13,-36,0,-32,24,-14,38,34,-37,-60,-13,-17,1,52,-62,-20,-58,-3,81,-40,52,36,-11,40,0,43,9,-13,15,-3,1,-37,3,0,-16,51,-33,21,0,-6,5,-24,36,-40,3,-37,29,0,4,-2,-50,-6,0,48,-28,24,-52,-20,-31,-5,33,0,29,-54,20,-17,-33,0,-13,-23,15,-40,-48,-17,26,11,43,-9,-12,-10,58,231652
-21,-54,77,0,-7,29,68,57,-39,34,-39,93,57,49,30,-9,-10,-35,16,-15,-30,52,-2,23,-84,-23,-40,15,81,66,75,-2,9,-20,63,19,45,2,-32,-4,-8,-40,6,-13,-47,35,-37,4,-10,12,4,-37,-40,0,11,0,19,-28,-15,11,30,-37,98,65,0,-19,18,-33,-51,15,-38,-33,28,54,-42,29,5,31,33,-15,-71,40,42,11,40,2,-44,0,-4,-31,-36,10,8,-56,43,-32,-15,-68,12,-65,10,35,-8,-16,-28,-28,-39,-40,-34,26,-20,-19,5,55,-30,-58,-61,22,86,-63,-31,-55,-23,72,-26,0,-26,-33,23,-25,43,-5,-34,24,69,-10,-10,1,57,58,2,16,-18,11,-29,-26,15,-2,-40,61,-25,-7,11,-20,-32,17,-5,12,61,-2,32,10,23,31,73,-20,26,-17,11,-4,57,46,52,-4,14,88,1,-12,-9,-47,56,89,-38,-7,-39,-20,81,-21,47,0,-19,-51,-4,15,-2,8,-24,21,-86,8,14,-43,67,-8,-25,-30,15,-13,-35,3,17,-27,3,-18,61,4,-30,49,29,-56,3,7,33,71,-4,58,-49,-61,-63,-11,2,14,231867
14,11,86,0,-7,-51,-25,51,0,0,-71,55,24,-5,20,-27,39,-17,34,-5,-40,-33,21,47,10,-19,-7,3,-28,79,-27,-41,-27,17,44,-2,46,4,-25,69,-42,-15,26,2,-45,8,0,-10,-20,-2,-1,26,-72,-24,-22,-42,-1,-25,-4,14,43,-44,4,41,71,0,-15,-42,4,-44,0,-1,-13,46,22,-1,13,-21,22,-18,-98,-46,7,73,-15,-2,-27,27,6,-52,-44,14,67,-58,35,-58,1,-99,19,-19,8,60,-44,-13,30,-61,6,0,-3,58,0,-2,50,68,-56,-39,-14,17,0,-54,-9,-5,0,19,-51,5,-51,-54,-4,-20,9,11,-34,-71,23,0,5,24,22,-18,38,20,-56,-75,-43,-30,25,18,-43,55,5,19,-1,0,-39,33,-25,44,62,18,-65,9,0,-35,65,-60,-2,-49,-2,4,9,17,61,-28,39,0,27,-32,9,1,46,58,-39,9,0,-70,67,-7,56,0,-8,15,0,45,-19,4,-55,65,11,22,7,-33,51,0,19,0,26,14,-4,-88,8,0,-8,19,-18,19,-29,-26,16,-43,3,28,-2,25,16,45,13,-13,-23,7,-14,69,232413
-5,-52,64,-4,7,-37,44,51,-49,15,-82,96,-24,27,11,-12,27,-23,35,-6,-38,-53,14,53,-66,25,15,-19,44,59,49,-21,-61,29,51,29,70,-22,-76,12,20,18,-3,24,19,-10,-38,-15,-40,28,34,26,-80,-3,-57,-23,5,-18,-22,73,58,16,41,53,21,-12,3,47,34,-27,-38,-14,-1,57,2,13,-7,-9,42,19,-88,-35,-15,12,21,32,-41,7,20,-40,-38,41,96,-39,47,-15,12,-89,34,-59,0,71,2,-48,14,12,-75,-31,-21,54,-13,14,-2,50,76,-40,-65,46,72,-42,17,27,-30,47,-15,-35,-43,-15,0,-21,-10,27,14,-8,46,-11,26,38,71,-30,37,14,11,36,45,-20,34,0,-29,51,-5,-52,73,-28,-23,4,-57,44,17,30,-10,-4,0,-31,25,-41,-2,-44,26,34,4,70,19,-58,31,74,-10,-15,-53,-22,56,96,-28,26,-49,-87,30,-43,55,-5,6,-50,-38,48,21,-21,68,92,-64,30,59,-27,48,-11,-1,-68,36,-6,-15,29,47,-9,-16,38,-33,-8,-22,-28,9,-28,-17,2,10,-25,-8,49,19,-18,-51,2,2,16,232500
-37,31,33,0,-6,-35,-34,0,0,-39,-7,26,-36,19,1,-3,-21,34,-9,-44,24,-62,-14,33,-9,98,4,-2,28,39,-31,8,-79,39,6,0,28,30,-24,-13,-52,86,31,32,-27,-23,0,5,13,-2,-20,44,-7,-29,-81,7,-40,-3,55,56,34,-40,33,34,-15,0,-17,18,-7,-12,0,8,-12,9,-11,-37,15,-26,-7,-17,-27,-37,-26,57,11,-17,-15,-51,-4,-33,23,18,40,-31,-51,-26,24,-30,-6,-8,-9,11,39,8,-7,-6,-37,0,34,27,0,25,26,54,24,-11,-11,67,0,-30,0,20,0,-8,-24,-6,-33,-11,-18,-9,-26,26,-23,-19,-5,0,31,-9,19,-84,62,12,-2,2,18,-9,24,-4,-19,0,-36,-2,51,0,-9,30,-18,47,42,-15,-20,4,-17,26,35,-48,-40,-50,-6,-15,-83,13,44,-16,-6,0,32,-4,0,8,7,26,-18,26,0,-35,36,5,6,0,-6,32,-7,48,-2,-3,26,47,-9,67,22,-7,-55,0,-3,-41,24,-5,33,0,18,-45,9,13,-86,21,30,-21,0,-6,-45,18,-78,-38,2,35,-6,7,-10,3,-37,55,233139
-2,3,72,-19,-10,-75,38,47,-32,7,-36,49,-23,-13,19,-9,37,22,21,-10,-42,-61,-10,45,1,38,-3,4,-61,74,35,6,-70,72,27,-12,50,-32,-29,82,-47,50,14,28,-38,0,-25,7,0,-12,5,72,-40,-39,-65,2,-6,-39,11,15,47,-46,-37,41,82,-21,11,21,-66,-42,-25,-16,9,42,29,4,13,-6,31,2,-56,-78,-11,66,-29,3,-1,-1,-10,-76,-43,34,69,-35,-2,-65,21,-52,27,-32,-7,66,-34,-28,29,-17,-60,-31,24,46,-22,20,32,72,21,-48,-39,24,63,-34,0,19,-24,33,-61,-16,-70,-32,-6,-15,-2,31,-32,-44,30,-22,32,21,29,-47,58,3,-14,29,23,-18,25,-26,-41,47,-3,-52,8,-23,-40,20,-27,79,5,-4,-44,5,-6,-43,67,-46,-39,-49,-10,-12,-43,23,7,-30,22,64,15,-8,-51,-14,41,51,-42,30,-32,-88,68,-26,65,-19,-13,3,-17,75,0,3,20,79,2,22,33,-45,-8,-21,-4,-54,26,-18,29,20,37,-13,5,27,-49,12,23,-24,18,-34,-8,18,-37,-29,-6,40,-70,-5,-7,-5,-4,68,234051
-55,-39,35,0,-17,-27,3,14,-30,-2,-62,77,-8,90,3,-22,-15,-12,12,-13,13,-17,35,33,23,61,-1,7,16,32,10,-29,-54,-1,48,14,65,-5,-74,38,-32,64,6,7,42,-1,-25,-13,-57,14,18,0,-60,-5,-51,-26,-17,-2,13,60,36,-37,29,63,38,-9,24,73,-37,-4,-25,-32,29,30,-16,-6,-1,-78,11,7,-76,-26,-17,74,81,14,-39,-40,40,-19,11,28,100,-43,8,23,27,-78,3,-33,33,84,64,-54,-3,-21,-66,-38,-46,65,-11,12,9,82,12,-22,-32,78,79,-41,3,-35,-28,8,17,-23,-5,-25,-6,-26,-4,-21,41,-23,6,0,11,76,77,-16,35,35,-10,36,75,-12,7,-30,-7,16,-58,-46,59,-27,0,12,-73,22,49,72,-25,-7,-7,56,54,-72,-1,-72,31,67,-16,69,54,-73,17,80,16,-25,-50,-36,32,76,-8,-20,-30,-79,53,-49,72,0,-20,-39,-23,14,12,6,13,100,16,76,53,-25,8,0,30,-62,5,-27,-41,34,28,-14,-11,-19,-18,0,-11,-17,0,-34,-14,-3,-6,-13,-8,64,-33,9,-43,-9,-17,77,234587
27,8,50,0,-10,8,19,79,-26,33,-36,54,88,-46,26,-6,51,0,26,-19,-45,10,38,20,26,13,-10,10,22,50,19,0,-5,13,39,-24,19,-7,-1,58,5,-10,45,-5,-30,29,-23,11,18,-14,13,22,-46,24,9,2,21,1,-10,-12,22,-1,33,17,44,-21,-12,-52,10,-12,-22,0,10,-2,-15,27,29,-2,34,-29,-54,-7,61,52,-46,3,13,37,-3,-73,-47,-11,76,-23,70,-42,0,-52,36,-1,28,-26,-42,-8,4,-100,-9,-26,-5,11,-21,-10,37,86,-19,-19,2,-20,61,-14,-16,3,-7,28,-41,8,-75,-29,11,-19,16,4,-18,-30,30,-3,7,18,-61,31,24,7,-100,-55,-57,-18,33,18,-48,79,15,-12,-10,-5,6,46,-22,55,14,-12,-31,-13,15,-46,18,-61,26,-55,10,-1,-6,-52,32,-15,36,58,17,-16,-6,-6,3,70,-43,5,-27,-35,16,-16,2,0,-8,4,11,52,-15,7,-15,73,6,-17,0,-8,52,-3,57,-9,29,24,9,-48,-9,-8,15,34,21,33,-13,16,27,-39,8,37,38,69,-31,14,12,30,20,4,28,61,234726
-25,46,29,0,-3,-47,-19,8,0,-40,9,13,-22,19,10,0,-11,42,2,-16,-6,-55,-2,16,12,-19,-1,-1,82,33,-12,23,-66,27,-1,5,-4,26,-14,45,-29,-19,11,13,-12,-26,0,15,23,8,-13,24,10,-29,-64,24,-31,-34,41,49,19,-33,86,32,46,0,-11,-10,-34,-32,0,7,-7,-8,18,-45,2,1,8,-8,-10,-52,-26,35,9,-12,-4,-40,-10,-25,-8,4,5,-30,-39,-24,28,-10,5,-29,-3,58,34,0,23,-18,0,0,3,-6,0,18,7,52,-2,-47,-34,33,0,-30,-4,22,0,2,-24,0,-25,-48,-7,0,-30,11,-9,-25,2,0,17,-5,35,-72,58,-4,-11,20,-12,-6,20,-52,-26,6,-29,-9,50,0,-35,9,10,37,23,-6,-26,-9,-5,-1,36,-36,-34,-40,-9,-5,-84,38,30,9,3,0,11,-6,-4,9,-18,14,-28,11,0,-35,36,0,31,0,-6,48,-3,35,0,-2,-3,8,12,29,23,-42,-44,0,22,3,20,-49,3,23,5,-17,16,32,-75,6,42,-7,7,-49,-37,3,-75,-29,-10,33,-38,18,-4,0,-28,37,234913
-29,-29,29,0,-15,-8,15,57,0,61,-83,80,39,50,24,-19,-2,4,2,-50,-11,-19,8,57,-65,17,3,7,4,30,18,8,-55,-23,52,16,52,-17,-42,39,-50,-3,-10,5,-16,-1,0,1,-18,9,-4,-32,-82,-16,-55,11,-2,0,18,50,61,-65,21,72,37,0,-17,0,39,-51,0,-8,10,52,50,61,-11,-27,10,4,-90,-7,21,68,25,-7,-4,-16,-50,-31,-14,-1,96,-31,31,-38,13,-94,13,-100,23,65,1,-49,45,12,1,0,-4,46,0,3,-5,81,-10,-57,-100,-3,0,-32,1,-17,0,54,-31,-24,-33,-45,16,-14,-2,31,14,-17,55,0,9,62,43,-19,31,9,-10,-43,8,-22,56,-47,-7,55,-36,-24,47,0,-10,-2,-27,30,66,55,-14,0,17,-31,88,-60,-5,-57,-40,9,21,36,64,-26,2,0,38,-27,-23,-13,54,82,-6,30,0,-68,90,-54,61,0,-15,-38,-28,32,13,8,-13,85,-60,-16,45,-46,41,0,15,3,64,-47,-3,-47,0,-47,2,-4,-18,-29,6,-5,21,-52,-1,-21,8,45,-6,71,33,3,-17,-7,-15,67,234983
9,27,77,0,-1,-35,20,-47,0,-58,4,23,-33,-8,29,6,29,-9,61,9,-37,4,4,10,-29,32,-40,-5,46,70,15,9,-12,58,48,-5,37,25,-33,42,11,39,7,18,-72,-10,0,21,40,-5,14,56,5,29,-11,14,5,-48,-39,11,10,0,46,46,39,0,-1,12,-39,-32,0,1,-3,31,5,-60,1,-79,25,14,-22,-30,0,25,-11,13,9,22,1,-47,-37,14,32,-26,25,-34,44,-24,26,-37,8,50,26,-14,0,9,-11,0,-9,33,0,-17,39,77,-39,-36,-31,27,0,-27,-36,6,0,37,-33,-13,-39,-31,-3,-19,-9,10,-69,-39,37,0,19,-100,16,-6,54,0,17,47,12,0,39,11,-75,-44,7,-16,11,0,-51,15,15,48,52,-100,-36,12,-4,0,48,-54,42,-47,2,22,-36,15,51,17,64,0,5,5,-23,2,36,26,-78,9,0,6,46,-13,52,0,0,27,-14,46,-19,-6,-40,32,-34,35,10,-34,33,0,42,-12,36,8,-12,41,11,9,23,25,-7,7,-9,20,28,-41,-9,7,-44,-31,14,47,-43,24,6,0,0,27,235662
-43,-42,19,0,-17,12,17,58,-46,24,-39,69,49,71,6,-21,-31,32,-30,-3,8,11,0,31,-75,-6,7,26,65,12,17,-8,-10,-50,25,6,8,-9,-7,-11,-31,-18,15,-13,-5,-7,-45,-12,-7,0,8,-58,-35,-5,-12,-3,-4,-46,25,80,37,-31,70,37,-8,-26,14,-32,-21,-3,-45,-25,18,44,-11,23,16,-28,2,-25,-41,20,34,19,68,11,-48,-52,-28,-21,4,-3,50,-3,-27,-27,-5,-42,-1,-57,17,34,11,-40,12,44,-24,-50,25,-3,-27,7,0,52,-5,-52,-52,2,74,-7,10,-47,-27,11,-19,-18,-18,-31,23,-19,-1,-30,7,15,9,-11,-15,-9,20,-7,26,0,18,52,-22,-25,17,-6,-13,63,-43,1,81,-28,-49,25,-23,11,61,-23,23,3,23,5,49,-26,11,-19,-15,-17,9,8,52,-25,-31,74,27,-24,0,-29,42,62,-8,-31,-46,-36,57,-38,26,0,-25,-37,-23,14,-3,21,-2,26,-62,-13,5,-46,-6,-11,-27,-21,20,-14,27,41,2,-11,-10,-34,-2,13,33,11,3,-41,-25,8,-7,58,-9,36,-12,-49,-56,2,-15,9,237055
-27,58,38,0,-4,-51,-30,0,0,-38,7,22,-44,-7,10,1,-46,47,20,-10,52,-60,-10,38,24,15,15,7,29,38,-30,20,-81,34,0,-4,46,29,8,13,-38,15,19,36,-13,-32,0,18,23,-7,-7,38,8,-14,-80,19,-23,8,73,35,37,-44,35,50,13,0,-44,5,12,-12,0,-15,-36,15,18,-41,8,15,2,-16,-11,-50,-34,84,-14,-5,5,-33,-8,-16,50,18,51,-10,-28,-28,19,-11,0,-35,-4,57,58,12,13,-33,-11,0,30,52,0,62,32,72,-25,-43,-31,30,0,-8,16,-14,0,2,-23,-1,-14,-8,-27,-11,-34,21,-8,-35,4,0,39,22,19,-76,58,18,-25,-27,3,-13,42,-21,-14,1,-32,11,30,0,2,18,12,33,45,21,-33,18,-24,22,48,-64,-9,-64,-12,38,-63,10,49,7,24,0,31,-4,6,-15,22,25,-13,21,0,-43,49,9,69,0,-6,55,-5,32,29,4,-26,58,22,34,52,-49,-22,0,-2,-12,45,-24,28,-34,9,-16,18,-3,-76,9,42,-10,9,-2,-25,8,-63,-42,29,55,9,-12,7,-2,-30,85,237647
-38,6,23,0,-15,12,71,76,-30,39,-47,79,94,77,11,-16,-10,-1,-15,-44,5,27,5,28,-22,-15,-14,24,61,9,67,7,4,-41,39,-2,-1,-12,-1,22,-11,-16,22,-16,17,12,-28,-2,5,-11,-1,-55,-45,0,13,12,1,-52,13,49,27,-42,65,30,33,-13,32,-33,-21,3,-27,-12,33,10,-50,33,12,-8,19,-50,-64,15,66,64,71,-2,-42,-36,-32,-17,4,-11,22,-53,-28,-22,-8,-66,10,-61,9,66,11,-23,-38,-35,-40,-31,12,-8,-15,8,17,78,-18,-69,-54,27,71,-57,-11,-62,-9,4,-17,16,-8,-64,16,-12,11,15,22,25,6,0,-9,18,6,18,13,-30,-29,-4,-31,-37,18,-32,-19,82,-45,-1,41,-5,-67,30,-48,6,45,8,29,-29,16,-17,24,-48,26,-41,-25,-15,22,-11,46,-47,-15,74,34,-26,-4,-24,12,81,-25,13,-31,-19,25,-28,50,0,-18,11,14,4,1,19,-13,23,-24,14,26,-61,-15,0,-1,-29,21,-39,12,-13,-13,-40,-1,-18,17,19,2,32,8,-69,-27,22,15,98,-28,27,-23,-52,-59,-12,-11,65,238196
-3,45,56,0,-6,-3,-20,-9,0,-49,-8,23,-14,37,14,9,13,-31,43,-46,-51,2,22,39,21,23,-34,2,-17,60,-19,0,1,-17,43,13,4,3,-45,23,-12,25,16,-6,15,25,0,6,14,14,-4,-18,-11,8,0,0,11,-3,-17,69,38,-5,-13,3,26,0,-27,-15,28,-28,0,21,-19,0,-12,-48,6,-39,-5,-12,-21,0,-3,37,30,-1,13,2,2,-64,-50,-6,42,-44,46,-9,17,-20,-4,-32,11,25,19,-8,-11,18,-36,0,-44,8,0,-21,23,31,27,-12,-36,9,0,-46,-35,27,0,42,-9,-3,-64,-4,-7,-10,24,5,11,-15,39,0,-4,-23,17,1,19,23,13,0,-14,0,39,-30,-58,-11,-2,13,73,0,-3,16,2,47,26,-24,-16,3,-8,-8,5,-46,3,-47,-1,22,-22,12,25,0,42,0,37,6,17,21,-2,21,-62,6,0,7,5,-7,30,0,-6,46,-4,46,-34,4,26,44,23,8,-22,-16,48,0,19,-36,43,-27,-48,0,-9,-49,9,18,0,12,-29,0,11,0,-30,8,-25,-12,3,6,27,28,14,-12,12,36,238391
-13,1,36,0,-6,-30,-36,16,0,-24,-22,12,-1,18,4,14,-17,33,1,18,-14,18,40,17,1,-18,2,5,2,34,-33,-21,-29,4,36,10,25,15,-8,-13,-31,-2,-2,29,-36,-15,0,0,5,5,-16,0,-18,9,-32,-22,-7,-10,22,38,15,-38,9,22,-11,0,-2,-8,9,-6,0,-12,-4,22,8,-26,-6,-52,-3,-22,-43,-22,23,58,21,-12,4,-18,-6,-31,-13,5,5,2,-28,-12,22,-45,-7,-33,16,26,-11,-14,2,31,7,0,12,31,0,2,35,36,-60,-15,-30,2,0,0,3,0,0,10,-9,-11,-28,-7,-2,-3,-14,19,-34,-18,6,0,29,38,38,2,32,-14,34,-14,-7,-2,19,-22,-15,17,-11,2,33,0,-13,0,-12,30,24,36,-18,2,0,18,41,-38,15,-35,-5,10,-23,39,23,-16,1,0,39,8,-4,-7,27,11,-17,17,0,6,41,-14,31,0,-8,0,-15,30,-4,6,-58,11,-2,1,-7,-21,-18,0,-9,8,21,-26,6,-25,0,4,1,3,2,-7,34,5,3,-9,-7,-7,-38,6,12,24,12,-13,1,2,-15,58,240351
-23,73,38,0,-4,-91,17,-26,0,-60,4,-15,-69,31,10,16,-1,61,-8,21,6,-64,3,52,5,5,-6,-3,-8,36,15,6,-72,54,-9,3,28,26,-4,7,-56,18,25,43,5,-37,0,17,16,0,-14,47,4,-39,-78,5,-34,-26,49,52,51,-60,1,-7,7,0,-9,-34,4,-47,0,7,-16,-12,3,-57,6,-56,-4,14,-17,-80,-38,35,28,-12,21,-24,-19,-70,2,-18,-15,-13,-58,-21,54,-15,-4,14,-2,27,1,3,-2,31,-13,0,12,28,0,31,27,77,-41,-77,11,-45,0,-16,-2,30,0,-5,-17,12,-69,-11,-14,-10,-34,23,10,-58,-4,0,39,18,30,-77,74,-4,29,-2,-28,0,7,6,-18,-22,-23,33,56,0,-24,22,2,77,14,19,-52,15,-11,-3,-7,-45,-31,-41,-20,13,-71,31,8,3,-8,0,17,17,31,6,-12,-17,-17,24,0,-42,-5,3,6,0,-3,74,7,79,-6,-2,-33,-16,9,-50,18,-76,-48,0,33,-11,2,7,5,-10,-19,20,16,26,-74,17,63,-27,6,-9,-25,8,-87,-61,18,-7,14,28,19,-9,-40,32,240463
-25,60,20,0,-4,-46,29,4,0,-41,-2,30,-41,15,10,-9,-13,42,10,-23,2,-43,8,31,-11,62,-17,7,54,21,25,15,-80,51,17,8,32,10,-23,-18,-25,63,23,35,10,-33,0,16,20,7,-6,51,-2,-8,-82,21,-19,-13,47,77,34,-25,62,19,-20,0,-11,-9,-8,2,0,1,-9,12,-8,-40,10,-34,1,-17,-17,-47,-24,46,18,-3,-18,-41,-4,-37,2,9,7,-10,-44,-19,39,-22,3,-43,1,72,57,9,-10,22,-30,0,41,25,0,26,31,89,36,-48,-40,47,0,-10,-16,19,0,8,-20,4,-37,-23,-8,-6,-34,35,7,-18,10,0,37,60,21,-68,60,16,24,23,-5,-10,41,-32,-29,6,-24,18,77,0,-17,24,-12,43,41,58,-15,8,-10,39,6,-46,-10,-49,-3,14,-66,22,43,-9,10,0,34,-12,18,3,11,32,-32,36,0,-40,4,10,69,0,-4,61,4,42,11,8,42,15,-13,47,34,-46,-45,0,29,-30,38,-33,40,11,9,-20,20,18,-70,18,40,-1,6,-29,-27,14,-61,-39,5,20,-7,31,-18,4,-16,46,240628
8,5,40,0,-13,-25,46,72,-36,40,-52,72,10,58,20,-11,43,14,-13,8,-8,-44,29,46,-7,-35,21,0,64,50,67,-15,-58,42,47,27,51,-35,-48,83,-3,-45,14,36,26,-18,-37,-3,-75,37,25,55,-52,-10,-48,-13,2,-23,20,67,52,-24,76,41,86,-23,21,-29,1,-9,-36,-10,40,65,12,39,14,-72,20,-7,-73,-39,10,69,60,21,-57,-23,-3,-75,-7,20,100,-22,2,-31,39,-71,16,-55,26,26,-35,-25,30,-33,-20,-41,29,41,-25,17,23,92,-31,-77,-56,-20,73,-13,8,25,-27,32,-35,-3,-61,-43,14,-24,-27,11,22,-14,33,-16,41,-2,39,-29,58,42,14,19,-39,-24,27,-6,0,72,-4,-17,42,-25,-30,22,-28,70,31,0,-17,11,18,0,70,-37,-7,-38,-20,-43,-36,52,41,-34,0,75,32,-15,-18,-19,77,79,-1,15,-36,-91,69,-22,43,0,-17,13,-4,58,13,-4,-18,93,-16,-14,52,-54,0,-14,62,-25,25,-15,29,24,16,11,-3,69,-36,0,14,-23,21,-55,8,13,-20,4,8,41,-2,39,-51,27,6,75,241731
-10,-40,90,-25,-15,-30,41,52,-52,1,-45,56,23,-2,16,-9,20,17,31,-16,-14,-18,58,44,-63,15,16,27,50,88,41,-4,-42,-48,21,11,16,-13,-13,4,-12,25,33,11,-45,1,-55,0,-6,3,-9,-55,-43,-15,-40,-2,-15,16,10,52,44,-26,55,38,5,-38,-16,-44,5,-56,-54,16,-12,11,2,-1,21,-28,13,-23,-65,-25,17,35,-11,-7,-45,8,-20,-39,-11,-1,78,-24,-8,-57,-7,-64,11,-50,37,12,0,-27,12,-69,-8,-54,17,12,-39,-3,17,52,-4,-30,-45,-7,80,-24,15,-5,-34,9,-52,-12,-41,-28,7,-13,2,30,-44,-45,11,-36,13,28,-22,-32,29,-7,-62,3,-47,-16,39,17,-35,54,-17,-1,44,-33,8,33,-17,14,57,13,-40,-5,8,-62,70,-43,3,-34,-22,27,-6,-35,54,-18,32,82,37,-13,-5,24,21,58,-39,31,-52,-41,71,-30,-4,-26,-17,-41,-16,21,-19,25,1,74,-65,0,3,-29,2,-36,-12,-7,39,7,16,0,-4,-26,0,18,-30,21,15,-11,15,-37,-18,15,-15,29,-6,39,-2,-37,-54,-2,-26,40,241777
37,-30,86,-1,-2,-79,39,59,-30,-3,-69,76,-46,-40,24,1,89,0,51,-3,-74,-77,0,47,9,16,5,2,23,86,35,-30,-52,27,38,3,76,-19,-32,86,-48,8,14,29,-36,0,-26,-13,-22,2,1,32,-70,-36,-47,-24,-4,-46,-42,16,49,-50,47,44,78,-16,3,8,13,-47,-26,20,2,65,44,-3,0,-59,41,10,-100,-74,-6,70,-41,0,-41,50,0,-99,-74,62,92,-49,27,-84,19,-100,42,35,-1,61,-41,-37,58,38,-30,-27,0,67,-17,-11,53,63,-33,-63,47,-21,62,-44,1,49,-13,25,-81,-11,-95,-19,9,-15,1,24,-42,-72,30,-2,33,-19,-26,-47,65,32,51,-20,0,-26,-5,59,-45,61,29,-36,9,-11,-51,19,-30,78,23,-28,-67,23,14,-62,91,-37,-19,-32,6,13,-27,-38,21,-28,58,65,4,-4,-42,15,78,78,-48,22,-31,-94,86,-34,58,-1,0,-33,-14,77,-39,3,-34,100,0,-25,-5,-49,41,0,40,-35,-6,58,-7,-28,58,-10,-11,68,-48,2,-5,-56,20,-35,2,15,-36,-45,19,44,10,22,-33,28,-13,64,241943
-23,-9,10,-18,-11,-41,60,40,-30,-17,-19,55,-9,41,22,-13,4,30,-14,-17,-13,-53,4,20,50,54,15,12,-3,13,55,30,-54,37,0,-16,31,2,-5,44,-38,68,15,16,-14,-23,-28,17,23,-17,-4,46,-17,-11,-58,24,-29,-35,47,49,18,-30,18,48,40,-31,-4,0,-80,-39,-28,-12,6,35,72,-18,1,5,7,-27,-44,-38,0,71,44,0,-48,-30,-29,-48,-13,33,63,-23,-54,-26,19,-44,13,2,9,61,41,-24,73,-58,-25,-34,52,60,-30,53,34,69,-6,-41,2,27,64,-20,15,33,-13,4,-19,-9,-46,-44,-16,-15,-22,-2,-2,-46,5,-30,15,36,31,-63,57,-13,-26,21,5,-16,-11,-2,-23,40,-21,-52,46,-17,-39,16,-23,54,44,42,-47,-9,-15,-17,65,-33,-9,-32,-40,9,-55,21,40,-31,-9,65,13,-11,-56,-7,35,54,-23,-3,-31,-68,66,-20,69,-17,-11,-11,-13,53,5,14,-6,67,50,41,30,-47,-51,-30,35,-31,-7,-9,48,10,23,4,16,21,-61,-7,27,1,22,-16,-14,-7,-61,-7,6,54,-73,40,-40,16,-29,73,242249
-28,22,65,0,-7,-54,18,57,0,-21,-11,74,-30,21,34,-18,-9,27,3,-19,6,-52,-3,39,16,29,19,23,26,57,25,24,-48,-12,9,-15,26,-4,-10,96,-64,42,19,4,-28,-19,0,13,15,-14,-10,-11,-11,-29,-45,26,-46,-55,32,88,40,-74,42,30,100,0,-24,-39,-32,-42,0,-10,-11,55,76,-23,0,-8,24,-25,-46,-47,1,54,4,-10,-47,-21,6,-57,-1,31,86,-23,-42,-71,12,-48,18,-33,1,79,24,22,85,-1,-2,0,40,30,0,36,42,61,-3,-45,-36,47,0,-21,18,1,0,-4,-63,35,-52,-60,-14,-12,-18,16,-21,-58,0,0,7,2,-17,-52,60,4,3,-11,-44,-32,11,25,-22,61,-35,6,83,0,-74,22,-34,52,62,-11,-54,22,-11,-21,43,-39,-13,-27,8,26,-47,-44,62,-36,3,0,10,-17,6,-7,52,76,-17,14,0,-83,49,18,56,0,-10,17,33,52,-7,19,-4,92,9,43,27,-37,-33,0,30,-3,22,23,43,-20,26,-20,13,25,-54,0,20,-14,34,-54,-14,8,-48,-28,25,31,-40,-3,-47,26,-52,60,242351
17,-13,70,-40,-10,-22,60,52,-48,18,-60,69,0,88,13,-3,54,26,37,-24,-47,-22,-2,10,-4,-36,12,-5,30,74,54,-31,-45,25,61,39,25,-8,-33,-13,-4,-37,-13,36,42,-8,-49,-14,-40,35,28,20,-60,9,-45,-24,34,-55,-19,12,10,14,46,45,-22,-36,62,3,-22,11,-49,14,60,42,-33,18,4,-80,7,4,-60,-22,20,43,91,30,-32,17,23,-86,-47,8,65,5,63,27,23,-61,11,-65,2,34,-44,-52,-13,31,-10,-48,33,33,-37,5,11,52,-32,-41,-69,4,85,4,11,39,-42,45,31,-41,-92,-18,33,-14,-7,26,49,7,45,-43,38,61,80,-2,27,-13,46,23,8,-7,26,-58,-47,52,19,-50,15,-42,-55,1,-24,64,10,47,6,-32,35,-10,41,-44,1,-48,14,-16,2,78,7,-19,39,87,32,-5,-50,16,47,67,-50,25,-48,-67,43,-50,37,-40,-9,-18,-42,68,-4,0,-22,58,-8,0,15,-41,63,-43,-7,-7,23,-64,34,15,5,-26,-12,23,0,-10,29,-18,8,-14,22,-2,1,-4,-36,46,-14,6,-37,16,34,46,242395
12,9,100,-7,-11,-20,8,61,-45,29,-61,80,21,20,27,4,38,0,48,-2,-54,6,57,63,-42,36,-34,-11,51,100,8,-4,-18,2,69,20,19,-17,-41,24,-19,40,10,20,-21,25,-49,0,-16,24,15,4,-63,31,-18,-10,17,6,-23,77,62,-20,68,29,26,-28,24,14,6,-40,-49,0,23,41,94,32,0,-26,29,12,-70,-23,28,35,15,11,-39,19,3,-58,-52,16,81,-43,64,-72,4,-65,27,-47,25,39,-28,-12,100,14,-31,-39,-22,32,-29,0,7,64,21,-47,-53,-23,68,-42,-37,5,-31,67,-73,-21,-65,-42,40,-18,24,30,-13,-37,65,-19,14,-12,-11,27,22,21,29,37,15,-23,60,13,-47,58,9,-7,76,-30,0,13,-24,38,35,-18,-42,0,43,-35,53,-36,30,-36,-7,-27,16,-12,37,-27,52,68,28,4,-4,1,46,76,-48,28,-45,-66,55,-10,28,-7,-14,8,-23,45,1,-10,23,85,-47,-25,14,-44,61,-18,-23,-35,60,8,-17,25,10,-2,-1,11,26,0,-5,13,25,-35,11,9,22,20,9,34,9,-25,-37,14,19,40,242935
-5,48,85,0,-7,-25,22,35,-36,64,-84,100,-20,-7,19,3,38,-15,25,-14,-20,-40,21,60,-19,5,42,-8,15,91,24,-20,-49,16,61,20,37,-27,-58,51,-40,-11,0,27,-12,13,-36,-11,-55,22,10,18,-87,-3,-43,-23,-1,13,-17,27,59,-46,35,50,47,-2,-54,48,53,-38,-36,10,-35,18,78,63,1,-46,33,54,-96,-24,-24,80,-30,6,-32,24,2,-38,-26,-7,93,-53,70,-59,0,-93,29,-35,-4,56,-17,-28,93,19,-29,-28,-21,45,-3,16,20,62,10,-36,-33,-20,64,-54,43,2,-25,52,-60,-27,-41,-50,23,-22,14,42,-15,-32,57,0,31,52,57,-18,35,39,29,-60,49,-24,82,-16,-11,37,-9,-12,26,-26,3,14,-31,38,46,58,-27,-7,26,-65,65,-51,5,-43,6,0,30,42,47,-28,34,67,27,-1,-6,9,33,100,-4,42,-36,-78,64,-34,50,0,-6,42,-25,42,14,-7,-2,90,-19,-12,51,-15,73,0,-25,-30,84,-16,-14,-48,-7,-9,-11,24,-22,-1,-23,-22,16,-47,-1,14,35,-24,-13,50,48,-50,-37,8,-5,82,242936
-35,5,32,-12,-14,-51,40,33,-47,0,-48,58,-25,78,6,-23,-32,43,12,71,47,-45,-12,65,-58,16,10,-10,23,28,28,-11,-66,70,35,12,43,-12,-30,9,-7,23,-8,30,93,-46,-35,-2,-37,13,26,67,-49,-1,-71,-5,0,-43,18,100,69,-8,67,45,27,-18,13,-3,0,-2,-34,19,9,52,14,-3,-4,4,11,-7,-66,-42,-13,20,86,26,-14,-52,38,-5,47,32,79,-5,-25,16,31,-71,13,-79,-3,37,37,-11,17,34,-33,-45,21,50,-19,33,0,77,78,-45,-83,56,73,-7,18,0,-29,26,17,-17,-11,-24,-4,-7,-38,-5,96,-2,27,-14,24,50,65,-37,50,33,42,58,-1,-7,17,-17,-3,37,-35,7,98,-35,-41,8,-73,27,33,65,3,16,-1,35,-26,-58,6,-54,44,4,-25,64,20,-75,14,74,33,-22,10,17,54,58,-3,-6,-46,-84,-27,-9,57,-13,-15,-5,-21,36,50,-6,84,67,-23,50,75,-49,-12,-12,23,-34,12,-22,16,39,32,70,-1,-5,-35,0,47,-13,4,-28,-8,1,-37,-13,13,44,7,15,-17,0,-8,10,244266
-41,27,-4,0,-4,-30,8,14,0,-22,-20,38,-14,-11,-8,0,-34,5,-51,17,25,-39,14,25,-4,65,-17,-6,-65,-8,10,14,-73,-33,27,28,25,34,-24,-63,-39,58,14,31,0,-18,0,1,14,25,-19,-35,-20,-7,-74,12,-15,-21,36,29,24,-45,-55,49,-67,0,-67,0,25,-21,0,-15,-69,-38,2,-22,9,-58,-13,-24,-22,-30,3,71,-7,-17,-64,-43,-28,-41,24,-5,-10,-49,-51,-17,10,-21,-16,-11,1,7,-18,-8,6,32,-62,0,58,23,0,16,9,54,-18,-45,-12,30,0,-52,-18,-10,0,8,-15,-31,-37,0,-13,-11,-19,-2,4,-34,8,0,34,99,32,-58,30,-16,35,-35,0,-17,42,-25,-21,19,-43,-19,30,0,-20,19,-10,35,50,100,-32,-33,-14,16,47,-32,-1,-33,-32,-17,-63,32,52,-10,-52,0,37,-2,-16,-16,-43,40,-23,-1,0,-41,49,-11,14,0,-3,22,-29,36,-12,-5,-11,-4,-6,28,6,-44,-49,0,-21,-61,40,-24,57,-40,-4,18,2,-3,-61,12,3,-20,-10,4,-42,12,-65,-13,-37,49,35,-28,-66,-7,-17,69,244271
-5,-13,54,0,-11,-60,-9,49,-40,-33,-73,52,-19,68,10,-34,-4,46,7,-29,-11,-29,52,58,18,60,26,17,-22,57,-7,10,-38,20,24,-29,37,-5,-26,75,-38,58,9,5,42,-20,-29,-9,-28,-23,22,30,-75,9,-37,9,-23,0,27,61,58,-42,-14,45,79,-29,-31,-4,47,-29,-29,5,-25,49,77,-34,0,14,16,-20,-87,-58,3,74,61,19,-35,-34,-43,-55,-15,20,57,-21,-35,-19,5,-87,9,-36,36,70,20,-29,89,-45,0,-39,55,33,-30,13,36,75,19,-64,-36,0,69,-17,26,8,-17,-7,-9,4,-55,-34,-4,-30,-21,-18,56,-52,-6,-7,5,38,34,-34,46,12,-44,-32,2,-20,22,0,-20,48,-9,-18,61,-20,0,13,-57,56,34,45,-52,17,-4,2,61,-52,12,-52,-38,9,-46,21,39,-52,14,70,26,-35,-17,6,48,52,-16,-19,-41,-83,66,-35,56,0,-11,-18,5,56,-25,17,19,52,19,-13,12,-45,-35,-7,36,-4,19,-6,52,-39,21,-31,-8,23,-34,-5,38,-23,10,-45,-2,-4,-42,-19,15,44,45,28,-28,10,-24,80,244623
-48,35,57,0,-2,-12,17,61,-29,-4,-34,85,16,-24,23,-10,-38,8,7,-41,23,2,-21,51,-4,40,-14,-11,88,45,26,-42,-49,3,46,-5,49,-31,-45,95,-46,41,4,14,-52,-10,-22,2,7,-3,2,0,-33,-5,-45,-41,-18,4,60,49,51,-61,92,26,93,-9,-15,6,-7,-19,-22,-22,-9,43,9,-4,-2,-45,8,-17,-78,-4,16,68,-16,2,-52,-64,52,-16,16,21,66,-35,-41,-41,9,-80,5,-60,-3,31,48,31,17,21,-40,-19,5,54,-9,14,16,58,9,19,-51,11,41,-33,-11,-35,-5,31,-37,12,-8,-51,10,-25,-5,-16,-39,-12,32,0,15,37,61,-5,36,47,30,2,4,-43,39,14,-16,66,-55,24,43,-3,-8,14,-44,23,39,57,-17,51,11,33,32,-55,12,-50,64,32,-38,52,42,-43,10,45,46,-12,13,-19,47,82,-13,-14,-29,-55,29,33,32,0,-3,37,7,18,26,-13,14,62,-12,17,47,26,-31,0,28,-40,35,-6,1,-9,16,-40,1,-2,-7,-8,6,13,23,-51,-23,-2,-39,18,64,28,-3,-15,-56,7,-28,73,245054
-34,-5,29,0,-20,-9,27,45,-40,39,-39,72,46,22,8,-13,-17,16,-9,0,18,10,58,48,-40,47,5,26,1,22,32,24,-35,2,52,-2,24,0,-33,10,-26,36,29,6,4,-10,-39,6,4,-5,-1,-2,-40,7,-30,27,-14,1,16,37,52,-39,4,53,15,-13,-34,0,63,9,-39,-18,-26,14,52,33,27,24,11,-31,-56,-13,37,76,13,-2,-47,-47,-52,1,16,-3,74,-37,-18,-43,9,-56,0,-62,29,30,22,-7,65,-63,-40,-46,11,15,-14,17,29,75,10,-63,-62,-3,70,-36,4,-46,-21,39,-37,5,3,-34,-14,-11,-14,22,7,33,40,-5,10,26,3,7,24,5,-49,-52,-10,0,46,-20,1,46,-40,-9,33,-21,-7,41,-18,12,45,6,31,-7,-11,17,68,-36,13,-30,-52,-29,0,-1,48,-19,-8,71,40,-18,-8,-23,17,75,0,22,-42,-33,67,-16,4,0,-23,-8,4,14,29,22,6,75,-34,-9,51,-55,-14,-4,-1,-36,47,-23,13,-55,-2,-3,7,-20,5,34,17,17,9,-48,-7,30,8,43,-13,49,53,-33,-52,-11,-17,76,245710
-24,-21,2,-1,-23,-10,22,51,-54,14,-60,59,-8,21,1,-22,-30,38,-10,-15,31,-17,30,68,5,60,3,5,-25,-1,19,-18,-55,33,40,-21,63,-63,-40,32,-25,64,-22,23,-4,-21,-51,-5,-16,-24,19,26,-59,24,-55,-18,7,28,42,65,65,-29,-4,67,27,-20,-35,-1,65,-3,-51,-18,-43,30,50,15,-24,-22,-7,-21,-79,-2,12,87,32,19,-27,-67,-14,-27,29,25,2,-11,-11,-36,24,-80,-3,-2,12,29,45,-25,50,7,-36,-49,16,74,-21,25,10,86,5,2,-4,25,69,-14,9,-16,-15,19,-33,-23,-26,-4,13,-25,-15,22,2,18,21,-12,23,10,28,-7,38,13,12,-17,5,-8,18,2,-2,53,-23,-21,62,-17,26,-13,-51,36,25,18,19,26,13,61,76,-59,32,-55,-24,-31,-21,25,21,-51,-12,72,77,-23,-26,-13,30,56,0,21,-54,-61,78,-17,26,-1,-21,-19,-27,38,20,9,10,0,-1,27,41,0,-5,-11,67,-35,16,-4,14,-39,23,-16,-6,-12,-7,-38,39,-8,0,5,-7,-31,-29,-3,31,72,75,55,-29,-6,0,90,246058
-16,29,69,-11,-15,-94,18,-15,-41,-30,-41,15,-93,51,16,-23,0,52,30,-7,10,-94,-8,62,3,86,20,5,-10,73,24,9,-79,36,-6,-18,34,-14,4,51,-23,92,0,32,22,-23,-36,6,2,-15,28,43,-39,-8,-77,9,-14,-12,45,8,63,-25,-1,42,49,-18,-16,-8,8,-67,-36,-7,-13,36,45,-32,-8,-49,14,-1,-57,-99,-23,50,46,27,-7,-3,3,-54,9,8,90,-22,-28,-33,23,-59,13,-49,1,55,37,-12,52,16,-8,-41,22,42,-19,47,15,60,59,-19,-48,37,60,-15,16,15,-18,0,-29,0,-48,-27,-13,-7,-30,24,29,-70,2,-18,34,90,32,-79,63,23,16,8,-9,-10,40,-39,-29,-16,-20,-14,8,-17,-19,4,-50,63,28,80,-72,5,-12,-40,21,-77,-8,-76,4,33,-54,23,34,-52,40,61,15,-22,-13,-1,38,18,-29,23,-41,-100,21,-13,50,-11,-19,25,-2,58,20,4,61,88,-2,40,57,-15,-34,-17,17,-9,43,-41,25,4,4,-10,5,22,-82,-10,48,-39,16,-20,7,-10,-41,-100,8,43,10,8,-3,2,-12,49,246097
-36,-4,63,0,-22,-69,30,35,0,17,-48,12,-2,-24,4,-32,-16,50,-3,-24,56,-60,-1,37,-24,16,37,11,39,68,44,-3,-72,28,20,-10,39,-30,-23,39,-61,15,23,13,-29,-12,0,-7,-4,-9,10,42,-50,-15,-66,-10,-23,13,50,5,37,-58,46,52,33,0,-24,-31,22,-64,0,-13,-10,-17,-11,12,21,4,-3,-12,-64,-79,-1,79,-31,9,-13,-25,-18,-24,55,0,69,-4,-16,-63,0,-58,7,-20,2,31,-11,-25,-3,-7,-16,0,16,50,0,18,20,69,-3,-20,-25,-14,0,3,25,-54,0,2,-65,-21,-28,-32,-10,-15,-23,15,-31,-67,6,0,18,56,-9,-52,46,3,10,-32,-31,-22,34,-16,-1,34,-42,-39,6,0,10,35,-22,26,58,50,-69,-17,-6,-40,66,-79,-17,-74,-27,10,-26,-12,64,-28,5,0,52,-36,-40,-9,-9,18,1,15,0,-77,66,-28,26,0,-22,-12,-21,31,8,13,-9,56,-30,-11,42,-14,-27,0,-41,-21,35,-24,26,-42,-2,-19,-8,-45,-61,18,40,-33,1,-25,-18,12,-2,-14,-15,54,22,-54,-8,-8,-16,77,246562
-46,3,35,0,-5,3,36,68,-41,40,-64,92,29,27,12,-10,-54,3,2,-52,4,35,-10,67,-20,57,-2,-15,19,32,36,9,-29,0,65,-4,64,-22,-48,56,-37,69,-13,3,-31,-6,-23,0,-30,-2,8,-3,-61,0,-28,6,-5,5,4,78,73,-58,35,47,69,-10,-42,14,25,15,-22,-13,-35,38,70,42,-14,0,8,-25,-76,8,44,71,12,1,-30,-56,-6,-5,0,23,72,-51,-6,-69,1,-75,3,-44,0,35,32,-17,86,24,-61,-31,-3,52,-13,25,-1,60,38,-40,-58,30,61,-54,-1,-48,-16,58,-55,-14,3,-23,8,-26,0,0,-13,44,58,-3,-2,37,19,35,13,23,5,-21,14,-16,41,-21,-19,70,-49,-17,76,-15,-3,0,-61,15,27,47,41,38,9,39,45,-29,13,-26,-2,-8,-7,8,24,-65,1,62,19,-7,-17,-18,30,91,-18,0,-40,-38,55,-12,37,0,-6,6,-17,13,33,-14,43,72,-6,8,50,-22,-3,-3,-12,-56,47,-22,-3,-37,29,-47,0,-25,37,-11,9,21,10,-35,-16,-3,-18,42,30,45,24,-39,-49,-6,-19,68,246608
-39,52,26,0,-4,-30,-52,10,0,-10,0,41,-13,-1,0,-12,-51,41,-20,12,63,-73,0,31,17,24,20,3,36,27,-52,11,-73,44,2,-9,5,19,-20,-12,-45,19,34,27,-40,-23,0,13,27,-12,-19,46,0,-22,-73,10,-33,-16,65,56,28,-41,42,18,-13,0,-37,-6,-9,-13,0,11,-38,7,10,-11,22,-16,-4,-28,-13,-30,-16,76,-4,-17,-11,-50,6,1,64,-6,62,-4,-46,-55,17,-17,-6,-52,-1,34,26,-4,13,36,-40,0,55,4,0,49,38,69,1,-39,-50,21,0,-5,16,-11,0,-8,-58,-15,0,-24,-26,-9,-26,39,-43,-12,-6,0,29,42,14,-80,60,23,44,-7,-6,-12,56,-54,6,9,-38,0,49,0,-26,36,-4,30,55,39,-13,-16,-26,21,25,-52,-23,-51,7,-34,-65,2,60,-4,-18,0,34,-17,-1,10,14,43,4,39,0,-42,25,-10,30,0,-6,52,-16,31,31,1,1,65,18,22,49,-42,-48,0,-20,-39,56,-56,54,-8,-8,11,12,-11,-81,27,37,-15,0,-31,-37,21,-63,-13,-13,19,-12,-21,-8,-5,-31,73,246666
-56,-52,1,-3,-38,-7,-62,69,-55,49,-72,50,11,82,19,-35,-34,62,-55,-14,59,-32,26,26,-45,65,-11,51,-10,4,-63,27,-87,-37,35,-22,1,-25,-52,46,-48,61,11,23,-25,-31,-46,0,-4,-18,-4,-40,-69,27,-86,28,-29,63,77,65,24,-51,-6,86,41,-34,-94,-88,38,-48,-46,-45,-88,-32,91,49,3,10,-6,-29,-81,-3,26,68,73,-11,-13,-76,-62,-46,55,9,66,27,-40,-47,31,-81,-6,-24,32,38,45,-49,92,-46,-19,-56,49,3,-35,23,2,91,-46,-16,-30,30,75,29,-15,8,-22,29,-46,-16,-47,-26,26,-36,-30,3,-23,-10,32,-6,25,28,-45,-34,55,0,-34,-57,-84,-21,61,-29,-14,69,-57,-44,64,-20,58,19,-32,33,56,27,-7,-9,27,9,93,-61,29,-59,-59,-56,-37,-61,58,-29,-52,77,48,-37,-47,-41,-25,50,-9,1,-55,-76,96,-38,27,-2,-41,-57,-17,37,0,51,-50,58,-51,30,-1,-6,-40,-4,46,-20,70,-25,52,-57,9,-16,0,18,-36,-7,58,-26,18,-30,-29,-3,-32,9,-7,87,33,34,-12,9,-31,70,249364
-91,-100,-23,-32,-41,13,-50,96,-94,23,-98,65,33,100,4,-34,-54,66,-100,-28,45,-42,8,27,-95,-88,-18,65,67,-25,-51,-26,-88,-69,41,54,-28,-19,-87,-13,-65,-95,14,19,-37,-40,-97,-23,-45,49,-26,-78,-96,-24,-85,-27,-53,-25,90,58,24,-79,81,88,-15,-72,18,-100,-42,-55,-97,-46,22,63,-88,23,5,5,-27,-46,-100,22,36,32,100,-21,-3,-98,-59,-38,40,-9,-24,-10,-52,-42,23,-100,-30,-94,28,-20,-41,-71,-73,3,-10,-100,31,-25,-74,-53,-48,83,-37,-73,-94,0,95,-11,-17,-34,-65,8,-34,-28,-27,-74,48,-44,-37,-43,-25,9,13,-49,18,-70,61,-76,61,-17,-10,58,-100,-34,24,-69,-8,100,-94,-36,46,-64,-28,30,-8,18,88,-79,16,-54,50,28,100,-65,-4,-60,-63,-96,-23,58,85,-7,-100,96,50,-36,-39,-42,59,64,-9,-45,-94,-84,100,-71,-73,-33,-42,-100,-30,14,-49,65,-28,-18,-100,2,-64,-64,-46,-49,14,-7,26,-72,25,37,-5,-27,-24,-7,-73,10,67,-36,0,-60,-74,1,-28,41,-62,90,-29,-10,-11,-17,-57,33,249481
-89,-83,-18,0,-35,-16,-19,98,-54,72,-77,80,48,65,7,-29,-61,62,-77,-17,88,-52,58,61,-42,9,-10,49,0,-19,-23,12,-87,-64,23,3,1,-6,-57,47,-58,-16,27,14,12,-27,-38,-8,-22,5,-22,-70,-76,-7,-87,6,-42,75,95,94,54,-62,14,97,45,-44,-100,-54,27,-62,-38,-40,-99,25,-54,72,22,24,-46,-43,-88,-10,27,79,61,-19,-10,-88,-44,-11,81,4,-8,0,-57,-41,26,-88,-39,-52,56,-73,32,-62,-48,-100,-47,-54,19,21,-44,-3,-33,100,22,-29,-57,-1,89,1,-13,-25,-23,26,-33,-11,-11,-36,27,-51,-20,-4,14,3,29,-3,16,36,-20,-52,60,-57,-100,-70,-54,-17,57,-49,18,97,-90,-24,91,-24,71,42,-62,25,63,43,7,-5,28,30,97,-60,0,-55,-52,-78,-26,-38,63,-62,-76,92,-7,-31,-32,-38,26,80,27,-7,-54,-89,97,-55,-90,0,-33,-83,-10,27,-6,56,16,-3,-42,9,5,-34,-49,-2,46,-51,67,-43,27,-69,3,-13,-8,-14,-52,19,55,-30,6,-17,-39,17,-32,52,1,100,38,23,-18,-26,-46,78,249575
-58,-23,37,-27,-23,-35,3,78,-70,22,-58,57,29,58,12,-7,-44,76,-67,14,54,-25,7,33,-93,-63,8,39,52,30,3,-16,-84,-65,36,8,5,-13,-33,-28,-57,-58,39,23,15,-33,-73,-3,-10,7,-14,-76,-58,-19,-74,-3,-48,-42,85,91,30,-76,54,75,-28,-57,-83,-25,3,-73,-73,-31,-89,23,-66,17,25,-48,-17,-36,-48,-36,19,55,57,-16,-7,-51,-4,-72,49,-23,52,48,-51,-37,31,-49,-22,-78,19,27,-24,-42,-75,20,8,-70,70,-7,-57,1,-12,83,-29,-68,-75,2,77,46,13,-13,-46,11,-25,-17,-62,-42,31,-29,-36,-6,33,-23,11,-43,30,0,-20,-25,52,20,-8,16,-31,-31,70,-40,-13,82,-68,-10,88,-47,-36,45,-21,60,36,-26,-19,-28,33,-37,76,-54,0,-45,0,-32,-62,-23,41,-17,-65,77,47,-15,-11,-29,20,61,-10,-6,-71,-67,75,-45,4,-28,-26,-18,-16,60,-12,38,-7,52,-88,0,-3,-49,-50,-42,8,18,67,-43,76,10,-23,-9,-5,33,-30,34,78,-32,8,-43,-24,23,-48,24,-36,76,11,-41,-15,4,-49,50,249620
-42,5,25,-7,-22,-58,-13,41,-48,22,-14,39,-23,-32,16,-11,-5,55,-28,-22,50,-72,13,23,5,36,20,23,42,10,-6,22,-75,15,15,-3,32,-21,-37,54,-46,26,-4,36,-13,-29,-47,18,14,0,22,38,-10,4,-76,26,-4,-14,71,20,30,-37,39,58,50,-34,-68,-14,38,-46,-46,-18,-66,26,-6,21,-10,-12,-5,-34,-14,-52,8,64,-9,23,-51,-62,-44,-36,52,9,46,20,-47,-58,36,-18,-12,-19,7,48,52,-10,20,32,-57,-51,50,25,-36,49,14,80,-13,-37,-13,25,62,24,18,-2,-58,14,-61,-2,-27,-40,-19,-17,-29,17,-22,-11,16,-12,33,30,-15,-66,56,-6,21,-8,-13,-9,24,-38,3,41,-43,-37,22,-57,-20,1,0,38,36,26,-9,-9,-20,-19,67,-39,7,-35,-36,-39,-35,-6,36,2,-29,62,32,-9,-34,-22,20,38,2,16,-48,-87,62,-14,38,-8,-22,0,-1,29,36,21,-20,56,-4,30,57,-27,-37,-10,49,-63,26,-34,45,-10,9,-14,19,0,-66,-20,51,-16,16,-52,-13,-25,-31,-24,-14,61,25,33,-39,5,-5,64,249939
-42,28,-25,0,-11,-30,-79,26,0,22,-21,36,-35,34,0,-2,-42,58,-50,50,63,-61,3,26,8,31,-9,21,9,-25,-78,5,-71,35,4,-4,-6,3,-25,-12,-67,24,41,28,-15,-21,0,3,10,0,-30,39,-23,-39,-70,0,-38,62,75,31,23,-72,13,36,-12,0,-52,-27,40,-39,0,39,-45,37,13,23,19,-23,-6,-8,-39,-30,-22,71,25,-28,-14,-60,-47,-28,65,-2,51,-12,-49,2,28,-45,-1,-36,-1,31,31,-18,11,36,-2,0,64,1,0,9,9,66,-4,8,-37,10,0,-12,-10,-6,0,9,1,-4,-26,-44,17,-21,-19,6,-6,-22,8,0,29,-7,-15,-83,57,-9,44,19,-29,10,52,-24,3,29,-43,9,27,0,57,41,6,56,46,-5,-22,-1,17,22,58,-42,-31,-38,-56,-65,-70,-20,42,5,-48,0,47,-3,7,42,38,37,2,7,0,-14,57,-18,21,0,-9,21,1,52,-20,25,-4,46,10,18,2,1,-48,0,-3,-6,51,-20,61,13,-7,52,4,1,-81,32,54,-32,1,-34,-36,18,-74,-35,2,40,40,-20,-15,-2,-43,66,249953
-77,-8,-13,0,-30,-16,-17,57,-48,43,-29,57,0,21,16,-12,-91,58,-64,-47,83,-52,-6,50,-4,-6,13,67,28,-17,-17,11,-84,-10,19,2,14,-23,-32,58,-87,-15,40,24,-57,-37,-45,4,-12,2,-19,-6,-27,-31,-81,18,-72,57,90,71,52,-90,22,96,54,-26,-100,-29,36,-28,-45,3,-92,34,36,42,27,-34,-6,-16,-46,-18,-10,87,14,-17,8,-75,-70,7,79,-4,73,25,-74,-86,18,-50,-7,-23,18,-28,7,-17,50,72,0,-52,61,9,-27,32,12,74,-40,26,-11,29,82,29,6,-46,-40,12,-76,-5,4,-52,3,-38,-41,-6,-48,0,16,0,25,-1,0,-63,64,11,76,-55,-38,-27,58,-39,39,58,-80,-14,66,-39,52,49,0,10,77,-9,3,10,8,36,100,-36,-25,-28,-68,-34,-56,-9,79,1,-65,82,62,-14,-15,1,38,58,46,-7,-48,-71,100,-15,-35,0,-32,-6,-5,15,20,62,-37,77,-12,29,27,32,-74,0,-11,-2,55,-45,68,-47,-5,-50,5,-25,-66,30,51,-20,16,-58,-32,17,-51,-2,7,95,32,-31,6,2,-70,90,250085
-68,8,27,-2,-34,-39,-60,92,-67,6,-52,62,-20,52,26,-45,-88,75,-65,-30,77,-68,54,66,-54,15,22,67,11,31,-58,50,-96,34,38,-7,-8,-14,-72,45,-80,7,26,35,-24,-61,-55,6,-30,2,-15,49,-51,-15,-98,48,-68,27,95,88,64,-79,11,98,42,-42,-100,-36,64,-41,-55,-34,-99,2,94,9,14,56,-28,-58,-75,-42,-19,81,35,-16,-18,-90,-76,-52,66,14,39,35,-89,-72,33,-77,-28,-50,37,7,35,-33,99,17,-11,-65,68,1,-42,52,17,87,-5,-28,-50,25,72,44,12,1,-26,0,-66,-9,-49,-58,-36,-52,-58,28,-21,-13,12,0,33,62,38,-73,84,-30,20,-72,-39,-28,69,-62,14,94,-71,-45,82,-28,15,41,6,75,87,62,-8,-19,-31,78,95,-58,-10,-49,-83,-51,-69,14,87,7,-62,75,70,-41,-49,-25,16,71,24,29,-66,-86,99,-36,8,-1,-34,0,-12,73,22,67,-8,48,-61,24,28,-22,-92,0,43,-23,73,-73,67,-66,9,-38,7,10,-73,13,65,-41,25,-52,-43,8,-70,-20,-10,97,58,25,-3,11,-70,84,250340
-76,-30,-37,0,-25,-58,24,69,-51,12,-55,64,-18,76,10,-37,-68,100,-58,5,99,-70,46,42,-35,9,-9,55,55,-40,25,32,-100,-31,13,0,-8,-23,-10,23,-62,5,16,37,-36,-60,-48,-4,-3,-1,17,-40,-55,17,-100,32,-32,-60,97,100,41,-66,66,87,19,-47,-26,-33,-13,-55,-48,-64,-37,28,-44,12,-2,-41,-16,-41,-56,-51,3,76,74,18,-34,-83,-39,-52,96,5,17,18,-83,-70,41,-55,-20,-74,36,29,68,-52,-28,-16,-43,-49,64,-1,-49,68,-4,90,2,-81,-75,28,73,17,-6,-23,-50,0,-57,-14,-49,-80,4,-39,-54,31,-24,-18,2,-12,38,14,17,-81,85,-9,-6,41,-21,-30,50,-56,31,69,-75,-18,100,-48,-52,24,-27,67,74,20,-11,-30,4,32,90,-73,22,-70,-43,-8,-52,16,70,-27,-62,73,49,-36,-21,-60,37,62,33,27,-51,-87,95,-47,-39,0,-27,-36,-16,65,20,57,5,22,-35,28,44,-76,-85,-11,30,-41,52,-57,66,33,6,11,-4,-19,-80,-2,99,-39,9,-78,-32,-9,-58,-15,-30,89,-5,30,-38,-8,-35,76,250516
-29,37,23,0,-4,-36,-18,4,0,-73,-12,32,-25,-3,5,-24,13,9,13,-26,3,-52,4,36,1,100,-7,0,18,27,-18,3,-48,36,17,-3,33,28,-45,3,-35,100,24,0,-16,-4,0,1,13,-4,-19,34,-13,-19,-48,3,-24,-7,6,50,36,-30,20,35,1,0,-37,74,-15,-27,0,20,-26,-3,-1,-74,13,-15,-6,-31,-25,-38,-10,39,-9,-17,0,-32,35,-16,4,22,63,-42,-18,-34,15,-27,-4,-29,0,74,44,10,-6,29,-37,0,-22,33,0,0,23,46,21,-8,-29,72,0,-44,-5,1,0,-6,-30,-9,-19,-4,-25,-9,-5,13,-15,-33,-8,0,1,43,10,-61,47,24,30,-3,76,-1,25,-18,-50,2,-25,5,50,0,-7,24,-13,26,50,40,-36,8,-24,9,26,-61,-30,-65,33,19,-50,11,54,-15,11,0,34,-26,3,21,-1,30,-54,14,0,-36,25,8,69,0,-5,36,-8,28,-16,3,22,67,-2,74,8,-9,-20,0,23,-35,24,-12,-24,1,18,-21,4,-5,-62,18,13,-18,3,-3,-43,18,-45,-29,13,40,-16,37,1,-12,-20,42,250779
-35,35,4,0,-3,-44,39,2,0,-29,7,38,-43,37,7,-3,-21,70,-31,20,54,-62,-24,27,22,32,10,4,77,4,43,7,-86,58,4,-19,26,24,-5,30,-47,33,20,34,-35,-26,0,13,25,-18,-16,63,8,-28,-85,9,-28,-57,74,67,26,-52,90,38,29,0,10,-2,-49,-23,0,4,-1,15,10,-35,8,-63,-2,-13,-20,-46,-37,67,43,-14,-28,-60,7,-32,52,17,42,-3,-61,-37,39,-24,-4,-41,-6,20,56,15,10,9,-21,0,74,24,0,67,34,78,-26,-48,-44,63,0,-1,7,3,0,-4,-37,-6,-32,-31,-21,-11,-29,8,-28,-40,0,0,40,51,3,-72,68,-9,13,24,-2,-15,25,-6,-4,6,-39,5,65,0,-58,20,-16,58,42,50,-40,17,-17,29,43,-49,-22,-48,3,-40,-80,6,45,-14,-28,0,27,-8,8,4,14,41,-4,10,0,-30,44,13,10,0,-3,35,-8,55,28,5,-15,43,26,58,49,-44,-61,0,23,-21,22,-6,75,20,18,19,15,17,-80,11,65,-16,3,-33,-36,8,-72,-43,13,41,-39,11,-22,3,-26,64,251076
-10,34,14,0,0,-13,13,6,0,-18,-2,23,-20,-17,9,12,8,1,5,27,12,-17,3,18,-2,37,8,0,-68,16,14,-4,-50,3,16,-11,27,18,-33,50,-25,35,15,30,-31,-11,0,13,15,-10,-15,8,-3,-13,-50,-4,-13,-3,58,10,14,-25,-62,21,51,0,-1,12,-47,16,0,-1,-10,10,-49,-19,10,-30,-3,-6,-27,-12,-9,50,-11,-11,-12,-13,42,0,12,18,17,-24,-19,0,31,-31,-3,-34,-3,31,15,5,-52,1,-38,0,-6,37,0,7,31,58,-6,12,-33,45,0,-20,7,11,0,-23,4,-4,0,-10,-13,-7,-10,7,-29,-10,-22,0,33,60,68,-40,43,4,8,21,17,-4,31,-27,-1,8,-13,-3,5,0,-3,18,-13,12,12,62,-9,-7,-12,47,13,-40,-10,-37,36,29,-61,65,16,-15,9,0,18,8,-10,0,16,27,-1,7,0,-31,11,6,48,0,0,31,-7,13,12,0,-3,16,-3,55,27,4,-18,0,58,-39,34,-26,-6,15,12,13,18,22,-42,15,-4,7,6,-4,-26,10,-62,-20,4,27,-41,55,-9,-6,-12,48,251223
-35,-3,44,0,-20,-23,13,61,-42,9,-53,59,9,42,0,-38,-17,31,3,-12,2,-13,-3,77,-59,88,11,-23,4,47,14,-11,-46,22,44,-10,59,-26,-53,13,-8,88,-8,16,42,-16,-40,-12,-18,-5,29,28,-51,-1,-44,-11,3,2,18,90,79,-16,16,42,15,-20,-22,0,24,-6,-39,-16,-17,47,5,9,-4,-14,0,-29,-64,-25,21,30,42,27,-39,-53,2,5,1,35,76,-24,-31,-42,10,-63,-2,-51,1,11,17,1,11,50,-61,-38,19,59,-21,2,4,65,72,-38,-54,48,64,-22,11,-27,-25,21,-35,-13,8,-14,-12,-7,-17,4,43,8,22,-5,15,62,19,-17,32,23,48,-9,3,-10,25,0,-23,63,-38,3,90,-21,0,2,-60,9,31,68,8,27,-10,23,13,-63,1,-60,0,-28,-33,14,33,-63,8,65,44,-38,0,-17,46,62,-24,2,-42,-64,12,7,7,0,-20,-10,-18,9,17,-22,72,74,-58,48,42,-31,-34,-5,5,-61,26,-3,17,-20,33,-18,-13,-13,-18,-12,31,-9,-2,-18,-31,-7,-23,9,30,44,27,-7,-37,-10,3,29,251663
4,2,72,-17,-17,-20,18,70,-37,26,-47,51,30,25,12,-14,22,17,36,-21,-5,-36,32,49,-49,40,20,19,6,72,15,9,-41,14,23,-28,13,-22,-19,-6,-22,45,15,17,-2,4,-35,0,9,-29,5,11,-49,-5,-39,6,0,-32,27,36,50,-28,29,21,-12,-13,3,-39,28,-26,-35,-14,5,22,15,21,6,-21,10,-35,-64,-21,50,57,18,2,-24,5,-10,-44,-4,7,72,-28,5,-40,-2,-62,7,-44,11,26,-4,-10,32,-73,-31,-39,23,20,-15,25,33,66,29,-71,-49,-5,63,-29,18,-5,-20,1,-36,-4,-46,-38,4,-13,2,44,9,-16,2,-22,20,1,-16,-33,42,-19,-52,-8,-43,-22,33,1,-28,71,3,2,37,-21,-36,20,-39,36,38,4,-15,-12,5,-35,46,-47,-1,-47,-10,19,-14,-14,37,-37,36,64,43,-16,4,-17,26,52,-27,45,-38,-48,45,-9,17,-18,-17,0,-6,39,0,20,26,60,-58,0,30,-58,6,-21,0,-26,33,-8,28,-7,6,-20,-1,0,-33,7,18,1,11,-32,-21,9,-12,29,-14,22,35,-4,-32,1,-3,55,251835
-27,-18,47,0,-14,-46,28,29,0,-3,-56,28,4,73,9,-26,-22,42,1,4,12,-44,11,50,-39,31,20,15,19,41,30,9,-44,46,9,-26,0,-4,-20,18,-14,24,18,5,31,-17,0,-4,-25,-24,23,41,-52,-17,-39,9,-11,6,25,76,54,-24,27,42,17,0,-33,-34,46,-48,0,-13,-30,19,41,-7,19,11,3,-8,-58,-47,10,56,69,20,-5,-34,-43,-35,10,11,66,-23,-30,-29,5,-61,-3,-54,8,70,18,-33,54,82,-14,0,13,-1,0,2,4,67,38,-34,-52,0,0,-20,24,-39,0,0,-26,-23,-28,-42,7,-12,-19,-7,33,-39,0,0,8,1,10,-46,41,43,79,33,-35,-14,45,-45,-19,30,-32,-40,77,0,-2,31,-30,41,48,1,-34,-19,9,-5,61,-64,-8,-58,-37,-13,-32,3,52,-30,3,0,24,-28,-41,-11,19,31,-17,-9,0,-65,61,-35,63,0,-20,-21,-24,38,-11,7,35,61,-43,0,19,-28,-28,0,10,-11,47,-51,16,26,12,2,-4,-13,-50,20,43,-16,8,-44,-20,20,-22,0,-23,42,41,-11,-8,-12,-12,54,252508
-34,16,20,-9,-15,-26,42,23,-35,32,-37,47,-7,40,11,-10,-38,8,-10,-64,-16,25,30,37,5,25,-22,23,25,8,46,6,-46,-3,43,-2,30,-28,-12,55,-66,20,15,5,4,-19,-33,0,-6,1,-12,-9,-35,-30,-46,4,-31,-1,51,46,34,-75,32,42,52,-24,6,57,24,2,-32,2,-2,17,55,27,9,-79,-2,6,-57,-18,22,71,63,-13,-9,-6,-24,-13,-20,11,52,-28,-54,-23,0,-58,1,-47,17,-29,3,-12,56,7,14,-36,35,37,-24,5,15,71,-16,-22,-45,22,69,-31,-13,-25,-40,48,-15,-20,-13,-15,30,-18,-12,51,10,31,50,-11,8,47,13,33,13,25,14,-27,58,2,13,-51,9,29,-36,-11,31,-38,-3,23,-25,20,44,57,39,6,28,9,77,-15,-8,-5,-31,-35,-29,15,41,-29,-9,71,44,-10,-15,4,11,52,10,51,-36,-24,81,-18,34,-9,-17,17,-21,23,7,23,-16,64,6,36,15,-29,-44,-11,-12,15,11,-52,29,-23,10,-70,0,-12,34,11,7,0,11,-12,20,14,-29,-7,4,44,28,-49,-11,-8,-41,72,253061
-4,50,0,0,0,75,-24,-87,0,100,2,100,98,30,-10,-93,-100,-100,-91,24,-43,12,0,67,49,10,-62,0,-12,0,-24,3,56,-39,100,58,95,0,-100,-49,-57,18,0,-100,0,100,0,1,-48,-7,0,-39,0,40,49,-12,22,-100,-27,11,100,-62,18,47,-10,0,-77,-100,-2,95,0,-27,-89,-100,-100,100,-1,-100,0,-41,0,72,-100,100,24,0,-16,-100,11,-15,-58,66,-100,51,23,29,-21,1,0,0,0,100,-100,100,-100,-87,-51,0,-8,86,0,-78,-66,41,-31,0,3,37,0,56,-60,-45,0,-1,62,37,-15,84,70,0,100,0,10,100,3,0,-100,-70,100,89,-100,-33,-80,-100,-100,100,-46,-10,-28,-95,-9,100,6,0,-95,1,70,6,60,-76,100,100,10,100,31,30,39,52,8,-46,100,100,45,-100,-92,0,0,-96,100,-39,-100,100,-33,0,0,46,40,56,100,0,0,41,57,5,100,0,-25,-100,47,39,100,3,17,0,-75,-90,-28,0,-8,-74,63,26,3,-60,100,2,-100,-23,52,96,-2,18,100,92,100,48,-11,-69,-18,-2,10,100,253281
4,16,100,0,-11,-63,4,34,-35,-4,-40,57,-14,3,21,-2,26,29,61,0,-26,-53,53,57,-27,-30,13,24,86,100,7,5,-53,-3,43,0,31,-20,-14,59,-50,-32,12,22,-40,6,-36,4,-9,3,0,-4,-42,-22,-48,9,-17,-15,3,51,61,-45,98,34,65,-14,-10,5,-15,-44,-36,19,-14,31,23,-7,-6,16,26,2,-68,-62,-4,58,-9,-2,6,40,-12,-45,-35,8,69,-22,15,-70,7,-67,19,-54,41,33,-19,-19,35,36,-4,-39,1,21,-16,39,42,46,17,-62,-47,-37,66,-22,13,4,-30,25,-58,-5,-46,-51,1,-22,5,29,-31,-51,28,-7,28,15,38,-34,54,24,26,-16,13,-26,57,-24,-35,34,3,-10,50,-27,-24,12,-10,42,42,3,-44,14,3,-51,61,-49,-18,-46,2,47,-25,27,43,-6,66,68,35,-4,-6,13,37,60,-26,27,-36,-66,65,-22,24,0,-15,14,-4,43,19,22,8,52,-11,-47,48,-25,19,-6,-9,-3,54,-32,9,1,14,-9,4,7,-36,-1,22,-18,21,-69,-2,4,-28,-18,0,30,-18,-13,-1,15,-23,54,253440
-33,1,61,0,-13,-1,45,65,-34,42,-42,88,43,13,18,-23,-16,4,10,17,24,7,-11,34,-26,-2,31,18,29,53,49,21,-32,-43,46,9,16,-10,-51,56,-39,12,3,4,-21,-3,-33,0,10,0,-11,-47,-42,-28,-32,6,-22,-10,19,50,42,-60,73,29,44,-16,-15,4,-30,-6,-33,-16,18,10,19,41,-5,-31,21,-36,-60,7,25,58,-21,-10,-27,-27,-1,-6,21,15,65,-7,-21,-43,-11,-54,17,-44,6,53,-5,-22,23,-70,-20,-35,36,35,-17,3,17,65,40,-64,-44,8,53,-6,26,-37,-21,29,-39,2,-1,-54,4,-12,0,-8,-33,13,31,-5,5,64,14,3,12,0,-55,15,0,-34,40,-3,-6,67,-37,-9,58,-20,-27,7,-24,0,50,50,20,-3,6,-7,45,-33,-9,-24,-11,9,5,-12,40,-36,3,56,10,-20,-10,-10,6,86,-5,-10,-34,-60,45,-24,33,0,-18,-9,-6,2,9,19,13,74,-40,18,24,-60,-5,-5,-35,-19,49,-26,38,-25,11,11,-1,-18,5,-7,4,6,16,-34,-19,2,-12,57,0,32,-13,-53,-43,12,-32,50,253617
-6,-25,58,0,-6,-47,-11,13,-39,31,-76,78,-25,-52,4,-33,0,0,49,-40,-15,-63,56,31,-23,11,39,-6,24,57,-12,-21,-52,31,44,14,70,-12,-57,12,7,-4,-4,10,-22,-14,-31,-18,-79,19,56,25,-75,0,-49,-21,6,19,-24,12,34,7,26,64,15,-5,-31,89,58,3,-30,-8,-28,56,8,30,-5,-3,36,30,-78,-47,-9,65,-56,51,-12,-12,19,-27,-18,25,87,-8,21,-42,13,-79,29,-58,22,56,26,-51,25,27,-56,-30,0,68,-7,22,3,65,31,13,-62,8,67,-7,36,3,-24,27,-38,-51,-26,-19,1,-32,-15,60,-26,27,27,0,10,49,67,-18,39,46,34,2,88,-16,51,-49,11,12,-6,-56,9,-22,22,3,-52,38,4,55,27,-4,2,15,62,-46,0,-47,21,29,-16,66,7,-50,55,68,22,-34,-55,-8,57,79,13,58,-39,-95,65,-49,54,0,-7,-28,-55,38,23,-8,22,88,-25,2,61,22,15,0,22,-54,47,-47,1,0,26,-37,-17,14,-22,-8,0,-30,1,-37,-7,-4,0,-32,-7,63,52,3,-13,-2,6,67,253949
-14,-31,58,-24,-17,-67,34,57,-52,-13,-77,47,-26,89,7,-33,-24,70,44,-15,55,-85,-3,70,0,9,40,11,-44,53,43,-14,-84,39,-12,-5,53,-54,-1,10,-14,23,28,32,51,-37,-48,-13,-26,-5,29,28,-73,-3,-74,-7,-24,22,57,56,71,-26,-55,58,30,-33,-53,-34,61,-28,-48,-6,-26,7,35,-22,21,27,13,-43,-85,-69,2,43,59,25,0,-37,-26,-50,53,6,87,16,-39,5,0,-84,8,-15,11,31,47,-28,36,-4,-30,-53,61,50,-34,45,26,88,24,-70,-17,6,85,15,50,-3,-41,-16,5,-1,-41,-14,-13,-15,-46,-3,56,-25,-19,-39,46,80,58,-79,53,-17,0,-54,-37,-17,11,12,-14,60,-21,-32,49,-34,14,40,-48,50,56,73,-27,-23,-13,-10,62,-78,5,-72,-20,26,-58,40,66,-53,50,84,30,-41,-33,-4,18,53,-13,-1,-52,-100,59,-30,18,-24,-22,-33,-2,46,-14,5,25,90,0,18,30,-70,-40,-39,46,-17,19,6,68,-45,0,-21,-14,26,-86,21,70,-46,6,-25,-15,16,-44,-37,-14,58,42,11,-9,5,-27,51,254005
-4,-28,71,0,0,3,27,64,-42,47,-97,100,49,-34,12,-12,28,-25,26,0,-44,3,19,69,-32,62,-8,-10,62,67,23,-26,8,-13,69,-17,75,-43,-49,68,-9,68,14,2,-29,40,-40,-21,-20,-16,18,-11,-95,15,10,-27,26,-3,-40,50,68,-24,76,38,65,-19,-6,37,10,-31,-40,-10,0,60,75,48,3,8,33,-19,-99,13,48,64,-38,16,-57,-11,-7,-30,-49,41,90,-77,54,-55,-6,-100,32,-29,3,55,2,-39,72,-69,-52,-31,-29,74,-19,-11,30,75,-3,-71,-24,-36,66,-80,1,-9,-14,40,-52,-24,-29,-48,22,-31,48,4,-11,-18,40,0,1,58,17,29,20,6,-49,-11,37,-29,29,31,-30,67,-12,-19,43,-15,-5,23,-68,29,44,68,-18,28,23,-32,61,-66,36,-57,-7,-30,29,15,42,-65,32,67,38,-15,-22,-6,65,100,-26,2,-42,-52,63,-32,60,0,-3,-20,-28,29,-6,-9,0,96,-37,-32,32,-66,74,0,-3,-54,25,20,-31,-27,40,0,-23,13,31,6,-31,2,10,-49,-14,6,18,56,20,43,8,-30,-57,-1,10,71,254391
-24,-37,23,-10,-12,-50,35,18,-40,21,-79,34,-35,87,-4,-26,-2,42,-4,-20,34,-71,6,60,-65,64,51,-16,6,25,39,-40,-75,36,17,-7,73,-53,-31,-10,-9,60,-11,33,74,-21,-34,-15,-63,-7,28,32,-79,1,-74,-40,7,6,44,40,62,-21,11,65,4,-12,6,-21,42,-41,-33,-2,18,52,27,19,-5,19,9,14,-84,-51,-18,30,73,27,-33,-27,26,-15,32,25,64,-3,1,30,24,-85,5,-69,9,39,0,-33,35,-11,-45,-33,-13,71,-11,52,14,66,26,-3,-75,42,72,-4,53,-6,-28,2,37,-31,-15,14,-9,-11,-19,4,79,-29,0,-22,31,59,83,-62,47,-1,-14,-32,-19,-15,11,-31,11,16,-26,-16,45,-30,-1,2,-70,27,26,65,-28,21,-8,-23,18,-70,4,-71,28,1,-26,67,25,-70,-2,74,23,-28,-14,-3,51,36,10,5,-40,-95,23,-37,32,-10,-11,-38,-32,28,38,-15,24,62,-54,34,79,9,-2,-22,11,-43,18,-31,-15,-35,25,-21,-17,7,-63,-6,47,-37,-5,0,-10,-9,-20,-32,22,63,38,-2,-36,-10,5,29,254623
-19,-9,44,-5,-18,-40,2,16,-38,-15,-22,46,-37,-4,21,-17,-13,40,7,8,32,-38,27,37,-3,-28,37,15,29,48,1,34,-66,48,42,10,41,-16,-50,62,-57,-29,11,13,-17,-17,-38,15,1,13,5,62,-21,-21,-65,35,-25,14,44,26,36,-55,36,54,63,-12,-11,0,17,-28,-38,-25,-5,33,23,-16,10,-25,1,10,-30,-43,-17,72,-22,5,-10,-18,-44,-50,30,14,100,3,-9,-52,28,-30,10,-34,17,52,-2,-34,34,24,-6,-38,-8,41,-14,40,22,65,-14,-39,-39,-48,69,10,26,-5,-32,30,-49,-16,-48,-22,-22,-14,-20,40,-10,-5,37,-17,13,42,4,-34,51,12,35,-24,-5,-9,14,-2,-16,15,-22,-47,12,-31,5,16,9,51,44,43,-3,-5,-17,5,81,-37,-19,-31,-47,10,-39,-8,39,8,9,71,30,-13,-52,-23,38,48,-11,39,-37,-68,74,-33,42,-6,-16,-13,-17,52,28,17,-14,95,-7,-42,46,-33,-11,-17,27,-14,17,-11,-1,-24,8,13,14,-1,-36,-1,32,-10,20,-27,-2,-3,-34,-38,0,56,4,19,-8,0,-24,77,254952
-17,19,48,0,-15,-16,24,55,-28,1,-38,65,40,-1,26,-22,-10,25,-1,3,-5,-12,13,15,53,19,16,33,-4,49,23,15,-23,25,12,-33,-16,-1,4,72,-52,32,14,-8,-34,-11,-15,23,26,-32,-1,35,-38,-1,-23,15,-25,1,29,16,12,-54,-2,24,68,-30,-48,-39,44,-3,-15,-16,-45,13,70,2,1,59,9,-35,-56,-12,29,89,6,-1,-30,-29,-46,-46,-12,-17,86,-50,-30,-56,5,-55,3,-26,20,64,19,-15,65,0,3,-28,13,-8,-32,-2,57,75,-56,-40,-25,-7,63,-45,13,9,-15,4,-54,13,-41,-84,-19,-18,-10,25,-30,-19,11,-6,-9,-31,-54,-30,44,42,-7,-47,-45,-17,40,27,-22,59,-24,-13,7,-16,-6,21,-16,43,59,-30,-13,-34,-16,-14,70,-43,12,-34,-51,-8,-40,-59,55,-17,6,64,30,-24,-15,-11,10,69,-14,24,-30,-51,70,-18,62,0,-17,16,15,42,-23,34,-53,84,45,-5,-2,-39,-21,-5,44,-5,47,30,13,-54,-23,5,21,22,-28,-1,12,16,24,-71,-7,6,-46,43,-25,27,39,24,-22,10,-30,90,255123
-29,25,-9,0,-5,-9,17,12,0,-1,-19,45,5,14,2,2,-21,5,-26,25,41,-19,32,41,-2,30,-3,2,-1,-12,20,-9,-33,22,16,-1,45,7,-21,-14,-30,20,8,20,-68,-11,0,0,13,-4,-36,22,-17,-14,-33,-9,-14,-4,47,61,39,-35,6,30,-16,0,-22,-4,3,-9,0,9,-29,30,34,-4,-2,-37,-12,-22,-43,-3,-7,80,14,-29,-9,-52,-6,4,38,12,-26,-29,-14,-62,18,-47,-15,-32,12,26,15,8,38,3,-38,0,5,41,0,20,29,42,-37,-14,-31,37,0,-30,-2,-7,0,-2,-58,-3,7,0,-22,-8,-10,9,-57,-18,-2,0,22,50,17,-31,29,8,12,-37,0,-4,36,-5,5,15,-32,17,58,0,-12,8,-17,10,45,46,-14,29,-23,29,52,-48,-6,-45,-5,-32,-38,11,41,-16,-25,0,40,-1,16,7,33,42,4,9,0,-20,54,6,39,0,-5,23,-6,10,12,0,-29,-11,-2,34,19,-8,-6,0,13,-37,33,-8,-1,-44,13,27,1,3,-32,2,4,-2,-2,-7,-29,1,-45,7,28,31,8,0,-12,-7,-20,76,255340
-30,48,25,0,-6,-75,73,41,0,-9,-20,29,-23,-35,15,-13,-13,7,3,-19,61,-100,-13,58,-3,14,23,-4,23,28,71,8,-78,58,-12,-1,35,-43,1,38,-51,16,26,39,-45,-36,0,2,0,5,-2,76,-19,-30,-80,11,-30,-24,55,64,61,-46,16,37,51,0,-37,1,2,-49,0,-21,-27,16,11,-12,9,4,8,-7,-48,-79,-31,58,-39,-5,-38,-24,-12,-54,60,16,66,-27,-40,-69,17,-47,8,-14,-9,45,46,17,7,-22,-16,0,42,35,0,45,9,69,9,-42,-31,34,0,-22,19,23,0,13,-62,4,-47,-50,-15,-8,-39,49,-32,-71,14,0,39,39,-1,-85,64,13,-22,-22,-5,-21,21,-16,-15,40,-32,-4,61,0,-29,30,-12,63,44,42,-73,15,-14,0,41,-62,-40,-64,-9,20,-66,0,45,-12,12,0,41,-8,4,-24,9,34,-13,47,0,-100,49,17,32,0,-9,43,6,55,8,-7,16,66,-3,4,52,-31,-46,0,39,-23,29,-4,44,-15,19,-15,2,17,-87,16,3,-49,14,-44,6,17,-52,-28,7,33,-4,45,-27,0,-24,68,256036
-10,8,37,-19,-19,-90,61,31,-35,25,-48,30,-22,50,22,-15,30,25,-4,-19,47,-100,-4,75,-3,-1,47,1,61,41,58,23,-85,50,9,3,70,-34,-24,75,-3,15,4,40,21,-21,-39,11,-19,1,28,48,-47,-21,-81,21,6,-6,52,32,75,-20,74,52,90,-16,62,-32,2,-68,-39,-10,78,47,28,19,5,8,8,7,-68,-95,-12,67,29,27,-27,-15,-36,-73,43,22,100,-19,0,-45,30,-64,7,-76,0,46,-9,-23,39,-33,-41,-40,24,77,-17,52,19,70,-4,-57,-60,-19,82,-16,43,4,-27,10,-36,2,-60,-38,-17,-10,-26,20,31,-58,13,-24,44,50,43,-83,67,2,-45,3,-35,-11,14,18,12,35,-17,-14,31,-26,-8,14,-34,73,34,51,-54,10,-15,-65,72,-67,-10,-67,-44,20,-31,21,36,-37,1,82,30,-17,-21,-5,62,38,15,18,-35,-100,70,-22,22,-19,-21,1,0,63,27,4,-6,97,4,-9,78,-45,1,-23,25,-39,12,11,28,-5,16,-27,9,30,-87,-3,25,-36,18,-41,-7,-2,-30,-25,21,52,-5,6,-38,0,2,69,256145
-5,56,56,0,-3,-37,-40,-2,0,-73,-25,2,-39,8,5,7,1,-17,38,14,-23,-60,-3,39,8,39,-55,-1,-18,50,-40,-29,-57,13,12,-8,22,26,-23,16,-14,34,40,22,-10,-7,0,3,16,-4,-16,10,-24,-17,-55,-29,-24,0,0,-20,43,-24,-14,8,15,0,-61,3,36,-28,0,9,-64,-19,23,-77,15,-46,-5,-38,-55,-32,1,52,11,-16,19,-11,21,-64,-23,-14,24,-56,-32,-20,24,-56,-6,-18,2,52,26,9,31,80,-52,0,-17,7,0,-13,44,56,-3,0,-14,19,0,-57,-51,20,0,22,-20,0,-58,-3,-27,-13,-6,4,-14,-42,22,0,24,-13,36,-57,58,10,80,-33,7,-3,39,-23,-47,1,-11,22,-18,0,-2,39,-12,67,37,-19,-37,11,-23,8,5,-58,-2,-51,23,52,-70,33,37,-9,37,0,24,4,23,7,-19,6,-46,4,0,-5,5,5,45,0,-3,58,0,64,-47,-6,3,20,7,14,-16,2,-24,0,52,-51,35,-27,-19,-41,-11,10,2,40,-60,31,-15,-28,4,-14,-41,26,-73,-38,3,3,38,32,15,-5,-31,52,256420
-52,-48,-27,0,-15,-10,33,44,-35,26,-33,69,0,-8,18,-23,-14,40,-37,-49,40,-44,0,57,-33,49,-8,-17,72,-25,37,20,-66,39,35,-13,76,-29,-22,64,-36,40,-2,17,-22,-12,-16,11,-3,-8,15,48,-32,10,-68,22,0,19,35,77,55,-44,88,77,66,-6,-31,32,-6,-28,-17,-15,-27,27,32,29,0,-58,26,-17,-56,-8,29,49,-20,11,-62,-70,10,-11,36,42,52,-11,-53,-87,40,-58,25,-52,-3,-3,38,-16,34,-60,-58,-32,30,80,-6,40,16,80,17,-15,-59,18,64,-8,-12,6,-12,54,-78,-18,-11,-28,-19,-11,-11,19,-17,3,55,0,13,48,-5,-17,55,17,-42,-10,31,2,36,-7,6,43,-55,-33,73,-13,12,13,-35,34,43,49,-1,37,-18,36,68,-47,14,-45,6,-36,-34,-19,41,-29,-30,67,29,-20,-36,-12,30,68,12,21,-35,-61,66,-13,-5,0,-16,-48,-19,33,36,-16,16,52,-31,19,63,-5,-53,0,83,-64,41,-15,29,-15,42,-44,10,17,-17,-4,33,0,17,-26,4,-2,-31,6,40,80,-6,69,-59,-1,-3,53,256435
-52,-71,28,-22,-35,-28,17,72,-44,77,-55,69,41,56,25,-8,-38,55,-39,-44,11,-19,57,49,-80,39,20,55,15,33,21,45,-65,-78,34,-19,-8,-36,-18,11,-88,27,5,13,-12,-5,-30,4,-5,-15,-7,-76,-52,3,-67,43,-20,28,54,84,52,-78,25,83,12,-45,-97,-80,24,-55,-30,-36,-97,-14,-32,78,3,-17,-12,-14,-45,-25,30,34,57,-7,0,-38,-58,-36,15,5,38,13,-7,-78,16,-45,-12,-13,40,90,8,-38,-27,-68,6,-44,39,-4,-45,29,-20,79,15,-75,-22,-9,80,17,13,-27,-35,32,-79,-16,-30,-61,46,-32,-3,-20,-23,-19,34,-32,11,26,-65,-21,41,-9,-70,-2,-75,-30,66,13,-11,68,-52,-18,88,-31,25,15,-12,27,42,5,-18,-27,48,-35,94,-49,-1,-46,-63,-18,-14,-75,45,-12,-37,83,41,-8,-17,-39,-13,64,-13,-21,-44,-78,92,-35,80,-22,-35,-71,-19,23,18,56,13,24,-82,-7,38,-66,0,-31,-17,-1,67,7,40,-7,5,-44,4,-30,-18,-5,48,-12,24,-66,-14,-3,-13,40,-28,85,25,-10,5,-8,-18,35,256901
-20,26,88,0,-17,-22,56,60,-35,39,-51,87,10,5,29,0,20,13,37,9,1,-9,-9,63,-18,32,4,14,32,94,55,-11,-64,-36,66,26,74,-40,-34,38,-48,41,7,25,-37,-3,-35,10,0,21,15,-39,-51,-6,-65,-6,-4,-14,27,10,63,-55,46,54,34,0,4,5,22,-13,-35,-18,4,20,38,35,2,-65,13,2,-82,-19,16,87,-17,12,-36,0,8,-45,-1,5,100,-32,6,-65,22,-79,10,-46,-1,65,3,-12,49,47,-50,-32,-12,64,0,39,47,79,-9,-50,-46,25,74,-33,4,4,-25,71,-57,-17,-47,-33,2,-8,-3,18,-28,20,71,0,27,91,51,-10,43,21,47,-76,5,-11,44,6,-21,59,-21,0,-2,-28,-18,15,-50,42,43,69,21,20,1,-28,68,-35,2,-36,15,32,-11,38,35,-43,45,74,45,1,-1,-21,33,87,-21,16,-36,-49,65,-12,45,0,-18,19,-16,44,31,14,-2,100,-23,16,69,-42,15,0,-12,-49,45,12,-17,-78,8,9,10,8,-8,-2,13,-1,28,-38,1,2,-27,16,8,54,17,-14,-44,14,-9,88,257025
19,-9,54,0,-15,0,43,21,0,22,-62,34,29,18,12,-9,8,-16,24,-15,-49,40,47,40,-27,30,-23,21,-11,60,41,-8,27,-25,41,-2,7,9,11,-8,14,38,8,-19,-37,17,0,-5,7,-3,33,-28,-64,37,28,-16,28,-4,-19,-30,37,6,41,33,-17,0,-39,-14,10,-6,0,-39,-29,-4,40,20,2,-56,26,-2,-68,4,47,47,0,35,0,29,-17,-25,-52,-13,8,-64,38,-48,-2,-70,20,-45,38,84,-45,-32,41,26,16,0,-1,29,0,-42,15,54,-6,-37,-46,-32,0,-62,-31,-25,0,17,-43,-6,-25,-52,29,-24,18,15,-39,-22,23,0,-18,12,10,21,8,-5,41,-40,-19,-21,54,-6,-52,24,13,-1,-34,0,-24,11,-28,3,45,-4,-18,0,32,-22,57,-52,45,-49,-23,11,39,-15,40,-31,34,0,17,-14,-1,-30,-1,35,-52,12,0,-11,56,-36,63,0,-15,-14,-11,6,-30,23,-16,42,-25,-22,-4,-33,46,0,13,12,58,-9,-9,-57,-18,-3,-6,-13,22,-2,-19,36,11,-31,2,0,24,30,2,37,25,1,-4,-14,21,43,257289
-42,25,-21,0,-5,-11,12,13,0,-24,-3,39,-2,44,2,10,-23,44,-49,-34,52,-9,-19,41,-16,8,-19,-8,41,-22,12,8,-40,27,23,12,19,18,-27,-4,-44,14,22,33,-10,-13,0,3,8,9,-31,29,-3,-4,-42,5,-20,-48,55,65,40,-49,44,28,-6,0,-33,-13,-36,-3,0,-4,-30,18,-16,-26,10,-9,-23,-20,-31,-6,-8,42,45,-27,-25,-56,-8,10,49,21,-18,-34,-43,-40,22,-29,-26,-45,-10,24,-19,3,-20,50,-28,0,34,20,0,4,25,43,3,-40,-43,69,0,-34,-18,-5,0,0,-37,-5,15,-8,-14,-3,-12,21,0,-19,0,0,34,41,9,-36,33,-9,55,23,-10,-8,19,-65,5,14,-41,11,63,0,-47,21,-17,9,45,36,-17,5,-15,48,28,-47,1,-42,-11,-34,-47,14,44,-20,-48,0,47,7,9,-5,17,37,5,22,0,-25,27,2,32,0,-7,20,-6,7,8,-6,9,-12,-24,70,14,-40,-36,0,5,-30,20,-68,30,8,18,-29,5,1,-35,16,38,3,1,-2,-27,13,-57,2,10,31,-29,-1,-25,-4,-25,42,257536
-28,-15,22,0,-19,-47,65,16,0,1,-58,39,-12,46,14,-32,-12,30,-18,-20,-18,-17,-17,57,-46,33,15,-5,22,25,65,9,-50,65,56,2,62,-7,-64,-9,-4,0,14,9,-18,-30,0,5,-16,7,47,76,-60,-9,-47,7,12,11,-8,71,62,-10,19,74,-9,0,-68,11,29,-14,0,-11,-52,31,-8,0,9,-73,9,24,-66,-52,2,82,28,45,-63,-64,-67,-46,-16,4,77,-31,-20,-77,40,-68,5,-22,-2,15,-3,-48,29,39,-54,0,9,61,0,14,13,79,12,-45,-30,37,0,-28,16,-6,0,41,-74,-22,-48,0,-5,-16,-33,-22,-4,21,42,0,11,50,19,-39,52,28,44,-52,21,-10,47,-63,-33,18,-42,-54,68,0,3,20,-48,45,40,16,22,-11,-3,32,76,-63,-2,-58,-70,-7,-42,25,47,-40,-3,0,25,-36,-49,-8,22,49,-35,-17,0,-48,77,-54,26,0,-19,-17,-26,49,11,-9,-3,87,-33,40,50,-24,-23,0,30,-60,45,-64,12,-33,9,-37,4,20,-41,4,19,5,7,-17,-41,3,-24,-17,-19,71,10,9,-50,-7,11,83,258040
-37,4,39,-8,-22,-59,80,17,-53,22,-47,60,-43,-27,7,-34,18,71,4,0,44,-88,8,72,-49,42,50,-21,30,42,82,-6,-90,24,37,20,75,-34,-42,7,3,50,-12,43,-11,-34,-45,-3,-23,23,52,20,-46,18,-91,-3,27,0,37,53,73,1,47,63,10,-18,-22,13,30,-41,-45,-13,-22,26,-24,21,0,-21,8,11,-49,-56,-24,52,-23,54,-43,-43,42,-37,42,28,77,13,12,-65,40,-49,9,-61,9,37,30,-20,-20,23,-63,-48,-3,77,-19,57,19,84,65,-8,-62,50,72,12,51,0,-34,23,-58,-31,-41,-25,-28,-14,-31,26,-5,-1,23,-13,41,58,35,-63,59,20,20,1,17,-2,61,-28,27,19,-39,-30,53,-34,0,4,-45,49,34,64,-1,-2,-27,-33,16,-88,21,-86,36,10,-4,35,29,-47,8,73,40,-35,-33,-10,31,59,28,24,-53,-100,16,-16,30,-8,-20,0,-34,55,52,-19,71,77,-48,49,91,0,12,-14,25,-62,59,-32,-5,-12,26,0,-5,2,-63,-6,72,-35,4,-30,-3,-5,2,-41,1,66,34,13,-45,-9,26,51,258210
-27,9,28,-6,-12,-61,34,37,-31,-8,-36,33,-14,30,12,-8,-24,18,-5,-31,15,-68,0,61,-66,62,7,7,47,28,46,12,-67,31,11,-20,27,-6,-15,6,-43,62,5,29,-30,-27,-30,3,-13,-17,0,28,-30,-13,-61,19,-24,-18,39,-3,59,-48,53,33,16,-11,-9,-19,21,-40,-30,6,-16,30,44,-12,-3,-4,-3,-13,-54,-63,-14,4,28,0,-17,-30,-8,-15,13,15,55,-20,-43,4,20,-59,0,-52,0,22,26,-7,47,4,-10,-34,45,34,-12,19,13,60,59,-36,-56,22,62,-17,6,0,-22,14,5,-18,-6,-23,-7,-6,-32,11,-29,-59,15,-9,33,46,61,-60,53,21,11,34,-18,-17,13,-5,-13,37,-32,-17,-9,-21,-25,11,-36,33,41,42,-59,2,-4,-7,4,-53,-11,-48,-5,-3,-53,48,46,-38,0,64,50,-7,-16,0,35,32,-14,8,-31,-78,1,-7,28,-6,-18,10,-18,27,26,4,60,31,-70,28,49,-24,-45,-9,28,-8,19,-16,47,50,12,-42,4,19,-64,2,19,-24,10,-27,-6,4,-42,-19,3,34,17,9,-19,0,-24,4,258602
-43,-49,-37,0,-18,-11,25,51,-33,26,-37,68,4,63,23,-11,-25,37,-49,-34,67,-34,48,57,-29,44,-4,26,16,-32,25,51,-46,-5,16,-8,-1,-22,-31,43,-56,47,-2,12,15,-9,-27,13,-6,-5,-16,2,-36,4,-51,46,-12,-2,56,84,51,-55,33,52,39,-21,-27,-54,21,-44,-28,-17,-11,39,71,35,-11,13,0,-17,-58,0,8,58,45,-16,-4,-51,-49,-24,60,30,10,-18,-13,-55,20,-58,6,-39,30,31,2,-6,70,-55,-10,-31,36,22,-21,10,-18,78,9,-66,-52,-24,54,-9,-15,-4,-3,13,-39,19,-19,-51,2,-31,-1,4,28,-25,24,-8,5,28,-37,-28,38,-2,-45,-6,-48,-10,9,2,-2,51,-46,8,80,-9,-16,9,-29,31,58,17,-22,16,7,-9,64,-48,11,-37,-55,-43,-6,-61,49,-29,-43,57,35,-3,0,-5,30,58,12,3,-33,-74,66,-6,22,0,-18,-51,17,28,7,35,11,23,-33,-13,23,-65,2,-9,46,-27,23,-10,37,-20,25,-26,12,-4,-25,-22,22,-13,20,-17,-10,-17,-25,19,30,58,34,43,1,-4,-21,60,259293
-23,8,45,0,-13,-34,14,33,-23,-3,-37,75,-7,-37,18,1,-7,-42,11,-47,0,-21,-6,64,1,26,12,5,54,37,20,12,-32,40,44,18,73,-13,-57,85,-29,33,0,9,-40,-1,-19,16,7,20,9,57,-36,-44,-26,7,-18,12,-11,0,70,-52,48,45,89,-6,-42,45,21,-7,-19,-3,-13,55,42,-4,-15,-50,15,0,-73,-35,-1,71,-52,5,-56,-40,-16,-44,-4,29,95,-68,0,-75,19,-68,6,-46,-14,79,31,-6,70,-52,-76,-22,-23,65,-8,11,13,74,-1,-35,-33,-25,62,-63,11,-18,-14,52,-78,0,-29,-17,-11,-18,-2,36,-43,0,58,0,10,61,13,-10,43,43,-56,-32,47,-9,30,31,-31,37,-33,-11,1,-12,-2,11,-25,48,33,58,3,38,-9,27,73,-32,-24,-22,-17,36,-39,-15,38,-20,18,63,18,0,-16,0,66,82,-30,36,-22,-62,75,-11,52,0,-16,9,-2,37,-10,1,-19,100,0,-26,26,-31,10,0,52,-81,33,21,-25,-23,29,-56,16,20,-13,-3,-46,-6,17,-39,-14,-1,-39,-5,36,40,11,13,-50,-3,-25,71,259849
18,48,70,-9,-15,-64,33,11,-27,-17,-49,30,-5,31,19,-10,53,25,58,-43,3,-65,37,64,-15,22,26,10,41,62,29,6,-25,8,4,-14,28,-33,-10,62,-12,9,36,17,58,-3,-23,2,-30,-3,32,27,-47,1,-20,0,-1,-30,-10,53,68,-14,60,31,57,-6,4,-50,28,-54,-23,-11,16,38,67,-19,30,39,23,2,-69,-70,0,38,21,30,16,18,-6,-54,-5,14,65,-36,25,-16,22,-70,13,-65,20,31,2,1,72,-12,-17,-28,-2,33,-7,25,30,77,59,-44,-60,5,51,-27,23,1,-11,19,-7,5,-45,-42,0,-12,-7,31,64,-57,26,-14,19,21,38,-29,52,23,-16,9,-66,-9,27,-24,-37,15,3,9,40,-13,-34,46,-20,49,21,6,-55,11,4,-42,29,-64,12,-54,-4,51,-33,26,29,-21,67,51,18,-8,2,-10,45,40,-25,29,-28,-89,27,4,47,-9,-18,50,-1,44,-17,7,39,85,-15,-6,25,-41,29,-13,62,-30,29,-18,3,-16,15,-45,3,26,-33,40,8,-15,16,-42,8,39,-25,-13,18,28,20,26,37,3,-3,34,259850
-17,33,19,0,0,-2,0,14,0,-34,-13,49,-30,-11,5,2,-13,19,-13,24,29,-24,15,27,4,41,-6,2,12,19,-1,-4,-52,23,13,-15,37,16,-10,2,-54,47,11,24,-7,-10,0,5,2,-14,-22,22,-12,-16,-52,-2,-23,-18,42,39,28,-58,14,16,4,0,-22,4,0,0,0,12,-18,0,13,-34,6,43,2,-27,-27,-3,-10,51,-16,-21,-33,-35,-1,-37,30,14,6,-8,-31,-17,13,-28,2,-22,6,25,23,0,13,-1,-31,0,45,30,0,31,26,46,-3,-21,-21,32,0,-9,-5,-9,0,-8,-18,-11,-36,-2,-15,-3,-10,21,-1,-4,-8,0,24,30,6,-39,40,18,1,-28,9,-14,20,-6,-12,14,-17,0,41,0,-18,16,-19,37,21,28,-4,12,-13,26,33,-34,-14,-34,-3,-10,-58,8,20,-16,-15,0,22,0,1,10,0,51,-13,21,0,-19,32,0,24,0,-2,32,-11,38,6,1,1,7,3,31,16,-22,-30,0,12,-30,18,-7,44,-31,14,21,6,-6,-39,10,18,-9,3,-3,-28,7,-56,-29,9,18,0,10,-37,4,-23,52,259858
-63,-55,-26,-6,-36,-22,-60,82,-69,49,-58,54,31,23,6,-28,-52,67,-91,-1,58,-61,50,29,-57,2,45,70,-38,-22,-58,14,-76,-55,6,-1,-5,-31,-34,13,-65,-12,24,2,-1,-27,-67,-1,-29,-5,-13,-57,-60,-14,-73,19,-49,52,85,47,28,-70,-41,87,9,-41,-94,-85,63,-69,-68,-20,-98,-2,-18,45,13,2,-16,-37,-47,-22,0,66,42,-10,-21,-64,-99,-39,52,-26,64,42,-26,-36,9,-47,-13,2,37,40,-9,-49,-20,-47,-3,-68,71,-16,-42,11,-2,79,-58,-57,6,-37,82,46,37,-15,-34,-13,-32,-17,-33,-29,13,-37,-29,42,3,-32,-7,-4,4,-10,-71,-62,52,-14,-47,-60,-87,-24,46,-1,12,83,-68,-42,36,-35,52,31,-3,35,76,-16,-28,-43,16,-55,100,-51,-7,-48,-96,-55,-24,-62,74,5,-89,83,57,-32,-43,-39,-12,58,17,38,-69,-99,100,-52,32,-7,-36,-48,-17,34,-16,69,-57,38,-56,-58,-7,-45,-21,-4,-14,-2,40,-1,78,-65,-15,-7,-2,-2,-63,1,65,-39,4,-43,-36,-6,-26,29,-54,82,65,-22,-29,-7,-51,64,260198
3,-7,83,-5,-13,-52,61,-3,-39,14,-58,68,-17,15,17,-6,33,-37,58,-42,-38,-43,-1,52,-24,22,-21,1,-9,84,65,0,-43,46,52,11,63,-8,-32,36,-22,22,7,18,-32,11,-44,0,-26,14,16,39,-58,-10,-39,-2,-2,-3,-26,5,54,-20,0,60,50,-14,-31,41,33,-37,-44,-38,-36,48,8,9,9,-58,16,38,-77,-54,-26,58,5,13,-8,31,-2,-47,-36,26,87,-73,49,-55,32,-74,13,-39,1,67,-11,-26,17,56,-31,-43,-65,65,-15,19,21,42,-13,-50,-46,17,77,-74,-18,14,-32,66,-52,-15,-46,-30,-4,-16,7,15,-18,-39,63,-18,24,27,51,-16,50,28,43,-49,34,-7,39,-23,-40,-4,0,-28,2,-29,0,22,-23,55,42,22,-41,5,-3,-9,78,-51,-7,-50,-12,16,3,46,46,-21,63,77,29,-9,-28,-35,48,68,-44,16,-39,-54,82,-26,67,-5,-15,-10,-17,55,16,0,-16,74,-10,9,65,-39,49,-17,13,-27,37,-23,-62,-52,26,-40,0,23,-18,13,-37,-14,17,-39,7,14,12,-25,4,58,25,-1,-14,-3,0,64,260386
-23,49,73,0,-3,-11,-40,39,0,-89,-12,24,-8,-18,13,-12,-27,-7,47,-5,-50,-14,-4,47,42,25,-35,4,25,75,-37,-12,-18,20,39,6,40,19,-47,42,-38,11,45,-8,-12,2,0,2,27,10,-25,20,-12,-18,-15,-10,-54,-12,-6,68,51,-26,27,19,42,0,-43,10,6,-3,0,-2,-33,13,6,-90,16,-38,-21,-58,-50,-17,18,80,-25,-23,39,-10,-7,-40,-47,14,3,-36,-30,-50,20,-51,-23,-31,-3,55,16,15,14,39,-33,0,-40,33,0,-50,55,57,6,-4,-32,23,0,-40,-36,26,0,33,-52,0,-42,-5,-33,-15,0,4,-15,3,30,0,-8,-69,-10,-13,44,30,40,-37,8,-8,31,-34,-54,36,-23,24,75,0,-7,39,-18,35,43,-73,-2,42,-33,34,35,-43,-29,-48,-8,49,-85,-6,51,-20,46,0,41,-16,30,0,11,27,-58,4,0,24,36,15,49,0,-5,52,0,35,-57,3,8,5,39,22,-46,-1,-39,0,-6,-28,29,-31,-36,-37,13,-7,3,18,-16,31,-5,-8,10,-10,-49,26,-73,-15,34,21,5,5,40,-4,-44,78,260740
-31,35,9,0,-18,-28,30,29,0,31,-16,67,10,7,18,-25,8,47,-15,4,62,-44,-16,58,-3,57,24,-1,-4,19,40,29,-63,46,36,-2,55,-23,-29,16,-18,48,-3,24,27,-6,0,11,-28,5,24,44,-14,14,-61,33,15,-20,39,48,67,-25,-4,47,33,0,-65,0,30,-51,0,-3,-52,12,21,26,0,3,22,-7,-17,-37,-5,51,-7,22,-56,-38,5,-31,61,17,70,-11,21,-57,29,-19,6,-50,-3,48,22,10,25,36,-51,0,10,42,0,57,23,69,83,-51,-49,37,0,-8,16,-15,0,36,-58,-8,-34,-6,-23,-14,-12,4,23,-6,36,0,26,47,2,-34,45,15,41,-40,-7,-1,56,6,19,25,-33,6,48,0,-30,8,-25,43,43,43,-12,14,-23,-30,7,-58,4,-63,10,-23,0,-2,48,-22,-3,0,22,-24,14,-13,10,70,18,5,0,-82,7,5,44,0,-19,38,-8,45,58,-7,73,78,2,26,88,-33,11,0,29,-51,56,-2,13,-21,20,0,10,-2,-36,-3,49,-5,17,-29,6,-4,16,4,11,42,10,21,-57,0,22,56,261176
16,-18,71,-2,-15,-93,46,-39,-34,-47,-75,13,-77,-34,8,-27,55,8,32,-23,-29,-100,32,45,-22,13,24,1,28,79,60,-18,-90,59,22,11,41,-21,-37,17,0,5,-1,35,-35,-32,-26,-16,-37,14,26,67,-69,-25,-84,-19,0,6,-3,35,42,-3,37,40,20,-15,-24,27,59,-76,-26,17,-15,55,-28,-52,-4,-52,5,41,-80,-96,-54,68,-35,24,-9,14,28,-65,-19,25,89,-27,2,-43,52,-79,10,-70,18,48,-46,-63,-14,50,-12,-34,11,53,-14,-9,23,68,9,-43,-61,-51,69,-22,12,36,-14,7,-47,-46,-60,-61,-7,-1,-41,28,-36,-82,6,-16,45,46,27,-84,77,40,80,19,25,-6,71,-48,-29,-42,6,-57,28,-11,5,5,-14,79,29,52,-84,-33,-6,-41,73,-87,-20,-82,4,-20,-47,8,34,-18,46,70,33,-32,-68,16,70,18,-42,27,-34,-100,71,-54,52,-2,-15,-16,-48,73,-16,2,12,86,-27,-40,32,-55,6,-16,42,-13,72,-62,1,7,17,-12,-14,55,-88,-10,9,-77,4,-62,-2,0,-41,-82,-17,48,52,22,-8,-3,-3,70,262039
14,23,39,0,-5,-19,-22,35,0,-62,4,5,14,-3,21,-2,-3,-26,27,61,-45,-40,49,33,14,-44,-19,10,1,37,-24,26,-21,1,7,-25,19,19,-6,14,-5,-42,37,1,-13,8,0,22,46,-23,-24,6,6,0,-18,26,-10,42,-6,-10,30,-12,2,8,16,0,-28,-51,15,-25,0,-11,-15,29,36,-63,3,-21,12,-67,-21,-22,34,83,-13,-24,9,18,-4,-56,-45,-10,58,-58,4,-30,19,-24,11,22,26,10,56,5,39,-13,-42,0,-56,19,0,20,47,41,-43,-28,23,0,0,-54,-21,3,0,33,-25,22,-51,-22,-50,-8,5,17,-8,-48,35,0,6,0,-18,-41,18,10,-8,-35,-47,-1,41,12,-52,40,0,10,-14,0,35,36,14,52,51,-6,-45,0,-48,-12,50,-52,18,-46,-2,58,-38,-32,54,15,31,0,21,-9,8,-10,32,13,-51,19,0,40,47,0,-11,0,-7,26,19,52,-43,9,-41,54,11,3,-20,-27,10,0,29,-44,44,8,-54,-44,-12,47,24,28,-42,33,-33,15,15,-24,-46,19,-32,12,3,13,14,1,10,-3,-18,82,262071
-15,58,86,0,-6,-21,-37,8,0,-41,-14,34,-23,36,6,-11,-8,23,10,-35,0,-33,20,42,-23,66,5,12,6,84,-37,-12,-48,44,18,-11,42,6,-34,44,-20,63,14,12,-21,-10,0,8,17,-10,-17,45,-9,-24,-50,-8,-28,-22,41,71,42,-23,16,37,43,0,-46,-18,-14,-2,0,-8,-50,28,47,-39,3,-72,-14,-19,-39,-19,-19,77,32,-15,23,-32,23,-42,-1,16,9,-22,-26,-31,32,-44,-15,-30,12,23,30,13,51,62,36,0,3,45,0,4,28,73,-13,-19,-35,67,0,-21,3,20,0,1,-27,8,-40,-6,-10,-5,-12,5,-6,-22,0,0,13,28,32,-48,51,18,64,-29,-13,-7,32,-24,-35,10,-16,26,71,0,-26,16,-27,49,37,36,-20,38,-7,44,41,-54,-23,-51,23,-62,-58,33,37,-28,11,0,54,-15,28,-11,24,33,-38,6,0,-17,40,13,15,0,-6,55,7,49,-5,10,-7,0,-21,70,13,-18,-21,0,39,37,33,-23,-1,-44,14,-40,9,24,-49,5,22,-4,4,2,-28,3,-62,-20,39,40,-4,34,23,-1,-27,73,262151
-33,-17,11,0,-19,-26,-7,65,0,50,-46,33,54,36,7,-8,-35,44,-41,-52,49,-16,2,42,-40,-88,19,41,58,1,-10,20,-46,-27,23,3,-25,-3,-9,13,-39,-85,21,7,-5,-11,0,1,-21,-1,-8,-31,-46,-9,-44,21,-15,13,64,68,38,-58,64,46,16,0,9,-63,-18,-25,0,-12,14,7,-66,50,17,-7,-10,-42,-49,-21,54,54,30,-7,36,-36,-75,-10,47,-28,29,-10,-10,-36,3,-51,-14,-67,0,30,-25,-36,-52,-58,8,0,36,-25,0,26,23,72,-33,-57,-70,-15,0,-9,14,-40,0,8,-29,-5,-10,-60,15,-15,-9,28,8,1,12,0,6,20,-47,-17,30,-33,-43,6,-63,-15,42,-9,18,69,-42,6,62,0,2,31,0,19,46,11,9,-30,17,-19,65,-48,14,-36,-75,-52,0,-60,40,3,-41,0,54,-10,3,-10,5,37,16,29,0,-50,65,-41,37,0,-21,-14,-4,24,12,40,-25,36,-49,-19,23,-50,4,0,6,5,49,-13,31,1,-28,-52,1,-10,-17,19,40,-3,4,-51,-6,18,-12,61,-31,47,-14,-34,33,-15,-26,58,262187
-42,48,8,0,-10,-72,12,8,0,-34,-16,11,-38,26,-2,16,-9,50,-41,-7,50,-58,52,50,-66,-34,-52,7,27,6,13,20,-85,-19,-5,24,-23,6,-11,-39,-49,-34,17,45,-40,-31,0,-1,1,21,-25,-23,-13,-35,-86,23,-44,1,79,73,48,-52,40,22,-41,0,-69,-26,23,-48,0,-21,-64,7,-46,-34,0,-11,0,0,-26,-67,-34,35,10,-20,-44,-52,-33,-43,48,-15,-33,-36,-82,-13,42,-25,2,-5,26,22,17,-14,-38,28,-37,0,40,-18,0,4,-2,63,24,-67,-12,25,0,-38,-47,13,0,14,-6,-5,-41,-24,10,-8,-28,-3,-24,-49,14,0,45,22,26,-71,69,8,30,-30,-24,-14,34,-17,-3,10,-46,7,75,0,-2,16,13,47,38,21,-46,-31,11,0,36,-24,-30,-21,-39,-26,-71,20,38,14,-46,0,31,11,9,-19,-3,10,-3,-2,0,-47,41,-14,7,0,-11,47,-9,50,-28,6,36,-29,-65,25,-15,-65,-77,0,-2,-38,41,-16,36,-43,-15,-1,0,18,-69,7,51,-36,-2,-9,-31,0,-80,-33,-31,25,34,-7,-49,-12,-46,31,262188
13,-32,82,0,-4,17,38,34,-40,5,-60,78,20,14,25,-8,31,-11,60,-6,-45,33,0,40,-59,17,-30,8,45,71,37,0,3,-1,59,19,17,-24,-9,14,-13,28,-1,-1,-16,18,-42,-4,-11,19,14,-11,-62,20,7,0,10,7,-44,70,37,-29,61,19,11,-13,-3,-12,3,-9,-42,-14,-14,20,-14,3,-8,-7,31,-6,-70,20,27,9,30,13,-21,44,-6,-43,-53,23,87,-53,48,-53,-21,-75,27,-44,2,18,-12,-19,-17,-30,7,-30,-17,27,-13,-24,18,50,25,-54,-31,-40,71,-56,-26,-33,-23,52,-52,-3,-42,-34,24,-14,20,18,-13,-35,52,-5,2,-14,-49,36,4,53,-15,6,-20,-25,35,13,-68,39,6,3,65,-18,-2,8,-27,13,49,17,-39,-1,25,12,40,-30,36,-28,-10,10,35,-44,58,-26,60,74,25,-16,-6,-11,24,81,-64,17,-40,-20,41,-14,33,0,-6,-29,-6,16,-21,7,20,98,-69,-35,0,-45,56,-6,13,11,27,5,-21,-1,21,-4,-5,-1,33,-4,-9,14,23,-37,15,2,39,19,9,24,0,-27,-24,2,3,17,262638
18,-50,5,0,-9,-62,15,-17,0,6,-89,36,-46,-30,3,-16,43,-26,73,-34,-36,-64,-1,44,-25,70,11,13,-17,3,16,-62,-52,-4,46,0,74,-33,-29,14,3,55,0,31,-52,-19,0,-24,-47,-1,38,-2,-87,8,-50,-60,4,34,-32,78,42,-4,-3,65,24,0,-66,-1,57,-50,0,-22,-80,63,30,2,3,-72,16,38,-100,-57,-38,74,-24,39,-6,28,38,-40,-33,19,69,-39,25,-30,37,-100,12,1,-3,60,28,-40,51,42,0,0,-26,74,0,-5,34,60,-49,-3,18,-24,0,-35,11,22,0,20,-27,-44,-40,-12,-1,-26,-17,11,-50,-67,26,0,36,-12,88,-49,52,27,76,-68,-4,-14,39,15,-19,-15,12,-41,64,0,28,17,-45,30,55,56,-63,4,-1,-13,84,-80,24,-70,20,66,-1,75,52,-44,80,0,17,-18,-50,-23,71,43,-23,12,0,-58,74,-39,49,0,-12,-40,-49,35,-7,12,-50,74,-42,-8,42,-1,37,0,44,-4,30,0,-30,-69,16,-21,-24,46,-49,6,-33,-50,0,-37,1,4,-3,-44,12,67,51,17,-5,2,0,80,262968
-3,8,49,0,-16,-19,-10,56,0,24,-38,63,-6,-49,18,-22,-9,37,21,10,-9,-27,24,37,49,14,43,8,-22,56,-8,10,-31,38,45,-1,48,-24,-40,36,-35,-3,26,2,-30,-14,0,10,3,6,16,48,-36,-27,-29,12,-14,9,8,29,36,-36,-18,50,38,0,-74,-32,75,-10,0,-29,-65,29,65,21,28,-7,7,-24,-48,-28,10,83,-62,15,-9,-13,1,-58,-9,0,65,-14,30,-46,11,-46,4,-12,17,55,3,-20,74,-12,-19,0,13,50,0,33,27,78,-32,-27,-22,-37,0,-6,33,-13,0,7,-43,-17,-66,-33,-25,-17,-19,15,-19,17,10,0,3,30,-6,6,35,-20,10,-47,-48,-1,54,-7,-19,52,-11,-45,23,0,6,37,-24,51,4,54,17,-22,-24,-4,58,-45,-21,-36,-8,5,-16,-14,8,-27,37,0,39,-22,-47,-27,22,73,-18,16,0,-69,56,-26,48,0,-19,2,-17,57,28,5,-20,64,49,-39,52,-17,28,0,29,-29,57,-17,13,-35,-6,9,8,3,3,26,26,-4,18,-37,5,26,-1,-12,-14,46,69,0,0,3,-10,89,263432
-45,21,63,-14,-15,-28,90,64,-50,44,-47,97,16,4,16,-15,-18,38,16,-19,14,-12,31,69,3,14,15,0,54,68,89,8,-60,26,58,33,68,-21,-47,34,-24,13,-8,22,19,-28,-50,8,-22,33,40,16,-43,2,-56,9,-15,-31,54,18,74,-26,74,60,41,-17,42,5,4,-2,-50,-18,32,35,-18,39,-6,1,7,-21,-60,-30,41,50,8,34,-52,-49,9,-13,11,16,100,-6,-20,-20,21,-60,2,-81,23,62,39,-22,-13,43,-63,-51,0,61,-19,58,33,91,32,-57,-87,60,85,-6,15,-25,-31,54,-15,-11,-20,-33,-1,-9,-33,1,36,70,52,-20,25,80,100,-8,42,27,19,20,1,-8,26,-40,21,63,-45,-11,13,-32,-41,6,-43,22,30,82,66,10,-2,-1,21,-38,3,-39,16,11,-38,88,30,-43,21,88,23,-13,-10,-29,29,95,26,1,-49,-64,21,-20,58,-15,-18,20,-16,30,49,-2,43,100,2,47,81,-41,-24,-18,-22,-58,30,-39,9,4,17,-22,5,-23,-11,-6,39,12,14,-40,1,-12,-36,11,7,60,7,-22,-61,6,-17,49,263527
-2,-7,77,0,-9,-26,-7,3,-27,10,-51,66,-10,10,13,-28,16,5,55,-21,-41,2,-31,27,1,42,37,9,32,70,-10,-2,0,29,50,-19,44,-9,-44,58,-37,46,-3,-18,-14,14,-24,4,-15,-22,21,29,-52,-22,0,-6,-5,3,-21,61,29,-41,61,32,50,-1,-6,20,5,-19,-24,1,-6,45,-11,8,-3,-45,19,29,-69,-26,-17,54,-9,21,18,19,24,-21,-40,25,90,-36,23,-26,-4,-66,13,-35,-9,61,-36,-35,5,6,-5,-32,-40,48,-1,15,43,33,34,-14,-38,4,67,-35,27,-9,-19,30,-29,-23,-15,-34,-12,-18,16,13,-27,-6,33,-4,-18,3,29,1,27,46,19,38,21,-14,36,-5,-10,2,0,-40,61,-20,0,3,-47,24,42,2,-8,0,-13,-39,46,-41,-20,-46,14,22,-6,14,34,-47,47,69,16,-25,-39,3,48,62,-14,14,-28,-26,40,-36,60,0,-10,-12,-24,19,13,9,27,98,-1,12,39,-9,36,-3,-14,-6,32,-3,-39,23,26,-21,2,-4,0,-9,10,3,14,-28,-18,-6,-24,-5,-6,34,0,-17,6,2,-7,55,263645
-16,-47,68,-46,-17,-92,43,65,-50,2,-68,11,-19,68,15,-20,6,49,5,-53,36,-83,3,59,-31,8,2,2,-25,51,55,-20,-95,35,10,14,61,-18,-31,22,-44,-13,11,52,26,-30,-48,-13,-100,13,-1,54,-68,-32,-90,-11,-6,-30,61,53,67,-52,-9,69,28,-29,-35,-73,30,-78,-48,-12,10,62,30,-1,7,25,11,-9,-89,-91,-11,60,61,-5,-29,-27,-31,-84,24,11,91,-27,-22,-32,22,-91,7,-75,13,54,-14,-38,72,22,-22,-54,37,51,-29,31,-4,80,-19,-75,-67,-8,70,-23,4,20,-31,4,-21,-20,-65,-12,4,-10,-35,0,42,-81,10,-56,56,68,70,-77,60,9,36,-27,-68,-25,22,-38,-44,69,-21,-36,45,-30,-51,19,-48,65,55,63,-73,1,7,-32,80,-76,-21,-69,-28,-8,-54,47,56,-45,-15,74,28,-23,-37,-17,56,15,-32,1,-51,-100,81,-42,46,-46,-16,-44,-26,52,-4,0,-15,67,-28,-18,35,-59,-18,-56,35,-22,25,-52,54,-51,11,-48,-12,49,-82,0,40,-55,13,-38,-9,1,-51,-20,0,68,19,19,-32,4,-11,62,263740
9,-60,97,-7,-10,13,49,66,-43,87,-100,91,47,34,23,-8,10,12,33,21,-35,-25,14,43,-58,-43,26,2,26,100,55,-16,-55,-41,48,23,54,-28,-18,17,-7,-57,-19,32,-7,4,-39,-6,-41,28,12,-37,-100,23,-54,-22,17,17,-9,20,45,-10,42,61,23,-13,-29,-47,19,-22,-38,9,-7,19,33,87,-7,-20,27,8,-100,11,36,48,28,10,2,0,-6,-43,-40,12,71,-26,87,-55,-16,-100,20,-31,6,32,-50,-44,41,-35,21,-37,-16,56,-15,5,1,52,7,-68,-37,10,83,-24,26,2,-23,42,-47,-33,-47,-37,40,-15,5,15,6,-1,42,-22,32,-38,14,-15,16,6,-25,-51,-44,-25,40,-26,-20,66,6,-10,22,-22,10,-1,-53,14,59,-45,-3,-8,43,-29,73,-44,26,-41,-7,-46,52,7,61,-54,38,83,23,-9,-13,4,26,93,-15,14,-43,-71,77,-38,26,-7,-10,-56,-40,19,-2,1,1,70,-53,6,35,-51,87,-22,-27,18,46,-30,-14,-55,12,21,-8,11,-15,-13,6,-6,21,-45,4,-4,54,46,-1,63,16,-39,6,3,15,51,264156
-33,15,16,0,-13,-10,54,41,0,14,-31,74,29,38,22,-16,-10,12,-18,-25,30,-17,-10,63,17,23,9,13,55,19,57,29,-36,25,36,-8,40,-20,-37,47,-26,11,10,16,-2,-2,0,12,1,-7,-1,25,-27,4,-33,28,-10,-21,28,30,65,-31,56,35,55,0,-32,-11,16,0,0,-19,-20,43,33,11,-3,-11,15,-14,-57,-8,11,57,27,-3,-56,-40,-6,-34,27,26,83,-41,-14,-67,14,-58,9,-52,9,13,31,-1,57,35,-52,0,25,41,0,21,27,74,19,-85,-50,13,0,-40,7,-13,0,29,-57,14,-28,-54,-11,-10,-2,21,-3,0,32,0,17,19,13,-14,40,17,41,-22,-11,-17,37,-29,-8,43,-35,-5,26,0,-35,18,-26,44,58,3,2,16,-10,16,48,-47,9,-45,0,-2,-7,-8,58,-26,-10,0,26,-15,-4,-21,42,76,-6,19,0,-58,49,-5,9,0,-17,15,12,42,19,9,9,89,9,11,47,-79,-12,0,20,-54,45,-36,24,-22,24,-25,13,1,-15,4,10,6,22,-52,-9,3,-8,30,15,35,5,6,-57,5,-11,62,266895
38,-28,66,0,-5,-78,66,-13,-28,30,-42,46,-45,-46,19,-14,78,25,48,-62,-42,-89,21,35,-28,18,20,7,10,61,70,-25,-63,43,22,-17,83,-58,12,65,14,21,-22,40,-31,-30,-24,0,-17,-12,77,52,-44,28,-58,-18,35,-56,-23,1,39,4,28,58,71,-8,17,11,-17,-73,-24,-28,31,39,24,27,-21,-100,24,57,-66,-78,-26,55,-31,70,-44,46,3,-93,-44,40,98,-14,22,-61,62,-66,24,2,8,55,-8,-27,28,10,-23,-24,13,74,-9,29,42,70,-41,-62,26,10,63,-10,20,57,-18,10,-67,-20,-83,-30,0,-2,-30,36,-29,-56,16,-5,45,-5,12,-62,75,58,34,26,9,-17,26,25,-9,-7,25,-54,-17,-17,-66,-16,-40,84,20,-15,-51,9,3,-85,76,-64,47,-57,5,46,-31,0,24,-42,52,65,13,-17,-56,-26,41,51,-5,36,-29,-81,79,-28,54,0,-8,-19,-25,77,12,4,-26,98,-19,21,76,-55,31,-5,78,-26,18,3,18,0,36,-47,1,81,-64,-32,18,-33,16,-51,17,-17,-31,-47,10,57,-18,52,-40,26,25,56,268082
-14,50,56,0,-3,-46,-23,-19,0,-38,4,25,-46,-13,9,9,14,23,18,72,34,-67,-21,24,-4,100,-26,-5,76,57,-25,0,-69,14,6,-6,21,24,-14,-3,-18,100,11,37,-47,-21,0,16,16,-9,0,12,0,-14,-70,-4,-9,0,40,50,22,-17,85,10,-6,0,-34,72,-57,-20,0,-3,-31,12,17,-37,2,-41,1,12,-26,-40,-32,25,-13,3,-29,-25,58,-35,32,5,54,-14,-36,-41,45,-25,6,-35,-6,83,13,12,11,15,-47,0,10,25,0,13,20,39,19,27,-39,24,0,-15,-24,33,0,2,-41,-3,-35,-20,-13,-11,-19,-9,-44,-28,4,0,39,1,9,-66,58,5,21,7,76,-2,49,-33,-5,-16,-12,15,52,0,2,9,-10,44,18,2,-28,9,-14,12,0,-49,-12,-46,54,-7,-61,13,16,-14,17,0,19,8,15,-1,10,23,-6,-11,0,-40,0,12,87,0,0,48,-3,46,15,0,23,51,-7,27,33,27,-32,0,31,-48,46,-28,4,0,2,71,19,32,-65,2,21,-21,4,-15,-30,1,-69,-41,14,12,-47,33,-30,-1,-10,21,268428
-30,-6,-1,0,-11,11,-1,43,0,36,-14,73,42,-27,12,-7,-40,3,-25,-43,36,3,-2,48,-64,-16,5,-1,67,5,-2,7,-41,23,44,-2,58,-24,-43,29,-26,-5,-13,22,-54,-6,0,11,6,-12,-13,14,-17,8,-45,10,10,18,28,1,46,-25,100,52,38,0,22,-2,-8,6,0,7,-1,63,58,36,-16,0,2,-45,-55,22,48,41,-24,-11,-20,-74,-10,17,37,7,54,-41,11,-80,28,-52,-5,-83,-6,9,11,9,57,28,-56,0,32,54,0,23,20,58,-23,-34,-100,11,0,-44,6,0,0,34,-74,-8,7,-27,-19,-12,-2,36,-30,25,32,0,25,-8,-6,-18,34,2,31,-6,17,0,37,-43,16,43,-31,4,5,0,20,-1,-2,5,50,-9,26,38,-19,37,72,-51,14,-47,-10,-57,-19,-10,37,2,-16,0,48,-8,10,-1,57,64,12,33,0,-8,78,8,-3,0,-19,-16,-8,14,26,-2,-9,49,-49,6,48,-16,26,0,18,-54,36,-35,24,-22,10,-41,10,-3,-14,-6,8,27,11,-36,-18,-8,-40,50,23,51,13,19,-28,-11,3,38,268506
7,-54,100,-19,-12,-85,17,56,-41,29,-97,67,-27,15,20,1,64,-34,60,26,-65,-58,30,62,-2,28,-13,7,11,100,19,-48,-57,36,65,26,81,-29,-55,89,-46,25,-7,21,-20,4,-36,-12,-47,22,-5,37,-98,-49,-54,-49,-14,28,-29,40,60,-47,58,71,82,-11,61,-40,27,-74,-37,18,41,59,43,27,-9,-73,16,23,-100,-70,-5,70,-8,-3,-20,43,-3,-84,-70,39,86,-57,28,-25,23,-100,19,-3,19,77,-23,-57,63,12,0,-46,-56,82,-14,-10,24,50,-48,-4,5,33,83,-58,-7,39,-16,55,-21,-19,-75,-23,32,-23,9,19,2,-72,61,-23,25,29,60,-21,48,26,44,-6,-40,-10,16,14,-65,59,2,-57,36,-15,20,4,-61,57,38,33,-60,17,37,-64,91,-44,-23,-32,-1,20,3,43,30,-53,58,85,5,-1,-70,8,76,64,-61,13,-42,-90,97,-52,80,-18,-13,-47,-26,57,-15,8,-43,85,-4,32,22,6,48,-21,-3,-2,7,1,-54,-56,43,29,-14,55,-17,-19,-42,-51,15,-18,13,-6,-17,-17,12,74,42,-20,-24,13,-27,74,268823
33,-46,76,0,-7,-20,37,25,0,55,-72,54,20,-12,9,-16,16,31,60,17,-34,6,18,40,-60,0,40,0,57,75,46,-52,-27,-13,37,-29,56,-52,42,10,-26,4,-1,8,-27,-1,0,-16,-52,-30,23,-12,-72,10,-23,-56,16,-30,28,19,39,-39,66,30,12,0,42,-17,24,1,0,23,50,40,-13,54,0,-29,7,8,-91,-15,17,23,-13,20,25,45,10,-29,-35,5,56,-23,41,-28,-14,-92,8,-50,-5,65,-4,-23,-9,15,80,0,19,63,0,47,46,70,-11,-77,-49,-30,0,-21,43,-33,0,11,-22,-19,-24,-38,47,-11,0,52,-23,-28,13,0,10,32,63,0,16,0,18,-4,-12,-12,24,13,-19,30,23,-7,12,0,-33,10,-54,21,47,18,-25,1,49,-32,46,-67,34,-56,9,30,58,52,46,-56,72,0,40,-17,-13,25,42,57,-17,55,0,-47,47,-23,63,0,-8,-43,-24,16,38,-1,-16,58,-58,-28,52,-69,56,0,-15,76,30,11,18,-19,4,17,-15,-9,0,-4,26,-1,8,-33,22,1,46,27,5,30,14,-46,28,4,4,31,268877
-26,-37,46,-38,-22,-47,-57,88,-48,-3,-72,37,58,48,12,-20,-22,60,-13,-10,11,11,31,46,-25,50,11,16,-4,60,-37,-10,-60,5,42,-4,22,-12,-26,-47,-32,33,20,19,35,-20,-43,3,2,-9,-14,10,-66,-1,-58,-20,-31,-11,35,52,45,-33,-34,55,-33,-39,-19,-68,58,-14,-43,-17,-13,39,54,-6,8,-42,-18,-72,-86,-50,78,69,50,-14,-12,-30,-20,-26,8,-5,75,-16,-48,-15,11,-79,-17,-61,18,5,29,-35,72,38,11,-48,50,34,-39,33,36,80,-15,-38,-70,0,85,-15,14,-2,-61,21,-16,-33,-35,-23,8,-16,-26,55,20,-19,15,-38,22,3,21,-12,41,-12,18,-16,-73,-15,34,-17,-56,86,-24,-1,54,-58,-2,25,-36,26,46,2,-30,-23,9,-3,52,-50,-3,-50,-26,-6,-58,21,46,-43,-5,84,74,-23,-7,-19,49,37,-51,58,-48,-52,57,-26,3,-39,-20,-29,-32,34,0,17,-35,69,-8,-1,15,-43,-48,-37,-17,13,44,-18,58,10,-8,-21,1,1,-9,10,52,9,9,-16,-7,6,-58,61,-7,54,37,-16,-11,8,-29,66,268982
-22,-60,-40,0,0,6,21,-96,0,-65,0,21,-15,-1,-31,10,100,48,11,1,19,75,0,76,16,-100,0,0,38,-75,0,-16,-83,18,62,15,40,0,99,61,53,-100,-16,-4,-70,91,0,-11,1,24,29,43,-3,100,-93,-24,37,-98,-9,38,62,54,35,10,30,0,-100,4,-84,2,0,-3,-94,-19,-100,-93,-20,-100,0,100,0,0,2,100,0,10,-48,-46,6,-29,34,-99,-17,-100,68,0,40,0,0,0,0,-34,-51,-99,-100,0,17,0,-74,33,0,3,47,37,-12,-3,-26,1,0,-99,-13,100,0,-1,-6,-37,-27,55,9,-5,81,0,-69,26,-1,0,100,-77,58,81,-9,100,13,-93,27,-7,32,-14,-9,-84,-10,71,58,0,-87,-20,-61,10,29,-83,15,30,29,-51,-59,3,100,3,12,-67,100,49,32,-76,23,0,0,25,80,-3,-20,46,9,0,0,35,17,-94,-17,0,0,-57,-31,4,6,0,-25,-21,29,1,10,-16,81,0,-56,41,58,-9,-94,-98,-100,3,-8,100,87,-9,36,0,-18,39,-21,-28,100,-21,29,3,-84,-20,-39,100,73,97,269379
-78,-31,22,-10,-49,-37,-41,80,-86,25,-86,54,45,78,9,-48,-78,68,-55,-21,89,-89,80,51,-39,14,34,97,-51,23,-49,0,-95,-64,-10,-33,-38,-19,-36,14,-73,16,49,7,-36,-40,-82,-4,-14,-38,-40,-66,-79,-39,-89,0,-89,62,99,82,38,-89,-34,80,9,-67,-95,-100,52,-39,-82,-33,-96,12,-9,22,19,54,-26,-78,-88,-27,13,70,83,-35,20,-75,-89,-35,72,-19,57,-10,-67,-47,-9,-93,-26,-57,74,17,46,-61,0,-66,-20,-95,22,-14,-70,58,20,100,-56,-40,-52,-12,90,-5,39,-62,-36,-60,-38,-12,-11,-74,-15,-49,-37,0,-33,-57,-52,-22,14,-13,-9,-98,87,-19,-33,-49,-100,-40,60,-24,-1,90,-88,-12,78,-32,42,63,-21,52,97,-25,-47,-54,-9,15,93,-99,-6,-80,-100,-5,-32,-32,99,-24,-52,94,65,-55,-29,-36,21,58,15,-4,-87,-100,95,-58,-20,-12,-52,-38,-12,42,-5,97,-47,70,-54,-8,3,-49,-58,-22,20,-23,72,-18,34,-60,-33,-26,-5,-12,-98,34,51,-54,8,-42,-69,25,-36,46,-33,88,52,-30,16,-21,-96,77,269629
-19,20,11,0,-2,-32,-10,7,0,-27,10,20,-37,24,14,-3,-21,22,-6,-16,30,-38,-10,13,44,25,28,5,29,11,-10,12,-40,48,5,2,36,13,-6,52,-35,19,17,19,-55,-20,0,18,32,2,-12,50,10,-29,-39,12,-26,-19,58,35,13,-39,30,31,52,0,-11,-18,-9,0,0,7,-13,20,-3,-31,5,-74,5,4,-10,-35,-54,84,27,-13,-9,-28,-1,-31,32,14,6,10,-37,-47,36,-13,1,-2,-2,1,35,10,4,46,-5,0,29,30,0,39,19,43,-32,-21,5,50,0,10,27,9,0,2,-49,9,-31,-13,-22,-3,-22,-14,-60,-16,2,0,20,-8,12,-40,51,14,56,-5,-16,-6,14,-18,-5,8,-23,1,34,0,-24,16,-2,43,22,-11,-16,15,-20,33,55,-30,-26,-28,0,7,-62,9,25,0,-6,0,27,-5,0,6,25,24,-8,-12,0,-34,52,9,-1,0,-4,22,10,43,17,2,-30,2,41,49,28,-21,-37,0,29,-4,12,-22,30,-6,14,-11,21,20,-42,11,21,-5,10,-22,-11,7,-57,-37,15,33,-12,18,-7,7,-26,85,270468
-42,24,5,0,-2,-35,-6,-2,0,-33,-17,36,-27,3,0,0,-24,4,-28,15,32,-36,31,48,24,7,-5,0,-31,8,-9,-6,-61,-3,25,14,43,17,-44,15,-41,8,20,34,-62,-18,0,-1,0,13,-21,-4,-18,-14,-63,-6,-26,0,30,-30,49,-37,-28,20,12,0,-68,17,7,-10,0,0,-72,15,-40,-33,10,-3,-16,-7,-37,-33,-12,56,0,-20,-35,-47,20,6,31,1,7,-37,-31,-34,26,-39,-16,-25,11,21,0,4,-33,36,-42,0,19,35,0,-1,9,62,0,-17,-22,34,0,-37,-3,-7,0,-6,-34,-2,6,1,-8,-14,-19,18,-61,-38,-6,0,35,52,35,-56,37,-8,37,-54,16,-5,32,-30,-17,-3,-39,19,-32,0,-2,18,-21,8,42,52,-38,17,-11,46,10,-54,-16,-58,23,-8,-58,34,45,-21,-30,0,36,1,21,-1,14,34,-19,20,0,-47,9,2,31,0,-3,27,-3,6,-5,-2,1,9,16,29,14,-13,-32,0,-3,-43,28,-30,15,-54,3,21,0,-12,-57,13,4,-20,-2,-6,-34,10,-58,-26,9,19,8,2,-35,-11,-22,58,270529
-19,-54,54,0,-23,-20,43,72,0,56,-58,60,48,56,11,-25,-6,25,-9,-22,18,-33,18,43,-100,-27,28,50,28,47,42,25,-64,-42,9,-1,0,-27,0,-12,-49,-20,7,10,-3,-12,0,0,-7,-4,0,-46,-60,-12,-61,23,-23,-28,50,50,40,-55,42,49,-9,0,13,-41,38,-14,0,-11,10,40,-12,52,9,27,14,-38,-67,-18,39,38,50,0,-26,-33,-68,-37,19,2,58,-21,4,-29,-8,-68,9,-74,6,58,17,-38,-4,-80,-30,0,25,4,0,62,12,72,2,-88,-71,-40,0,-22,27,-29,0,-6,-27,-2,-38,-46,8,-23,-13,31,1,-4,-4,0,11,46,33,-47,43,-12,-72,-32,-43,-17,27,-17,-9,73,-21,-10,45,0,-33,21,-8,38,63,41,-1,-15,9,-21,77,-40,-6,-37,-70,-22,-9,19,63,-5,-12,0,29,-29,-12,-12,43,60,-14,28,0,-76,77,-42,51,0,-26,-55,-3,41,16,49,-2,45,-100,-43,42,-84,9,0,5,-27,30,-24,21,-36,1,-22,-1,-19,-48,5,28,0,10,-45,-21,0,-11,49,-16,48,33,-11,-28,0,-26,41,272472
-58,-8,32,-19,-23,-56,29,72,-73,34,-49,46,38,21,12,-21,-35,58,-36,-21,50,-46,57,28,-14,36,20,67,-24,8,22,27,-67,-23,2,-17,-23,-18,-1,6,-33,23,47,-1,12,-23,-71,6,-10,-25,-12,-49,-46,-22,-64,29,-43,36,79,72,30,-70,-31,74,13,-54,-96,-74,54,-74,-70,-25,-90,-2,0,26,25,-8,11,-50,-39,-44,27,82,12,-8,3,-37,-60,-36,45,-23,11,-5,-60,-37,1,-38,-14,-29,49,21,51,-44,21,-44,-22,-74,18,-39,-54,48,11,77,-12,-64,-23,7,84,-13,30,-49,-62,-5,-37,-1,-21,-46,2,-42,-15,20,16,-45,-3,-28,2,9,-61,-56,58,-18,-52,-62,-84,-28,65,-15,14,77,-64,-22,69,-62,22,52,-1,28,73,-3,-39,-55,3,-49,88,-60,5,-54,-52,-2,-14,-73,67,3,-45,86,44,-30,-26,-33,2,46,16,17,-74,-56,93,-49,24,-19,-35,-12,-1,24,2,58,-14,49,-18,-6,21,-51,-33,-28,3,-9,73,-24,14,-57,-19,-21,6,0,-56,32,69,-18,12,-62,-32,23,-36,49,-58,70,43,-49,-17,-9,-54,84,272666
-51,16,-10,-5,-9,-15,20,45,-30,40,-58,58,23,26,4,-15,-12,19,-32,25,9,-30,28,31,-35,-9,30,6,-68,-28,18,-7,-64,-24,42,20,34,-18,-24,-18,-28,1,16,14,42,-17,-25,-9,-47,16,0,-31,-54,4,-56,-6,-19,-4,12,51,32,-45,-38,58,0,-8,-22,-28,56,-6,-25,17,3,-49,-88,31,9,4,8,-6,-64,-15,26,68,33,0,-34,-52,-18,-13,15,17,-15,-20,-41,-7,16,-63,-2,-28,17,58,2,-30,-70,-12,-34,-28,18,48,-11,26,4,84,6,-16,-40,27,70,-20,40,-38,-16,15,7,-12,0,-36,23,-24,-24,8,54,13,8,-4,23,48,76,-40,26,-5,0,-46,-29,-4,27,-49,23,44,-54,-45,45,-14,-2,28,-22,21,35,52,14,-47,25,-10,58,-51,14,-45,-20,-16,-45,72,45,-30,-40,70,17,-19,-45,24,-37,63,11,7,-30,-39,56,-33,45,-5,-17,7,-17,10,7,3,21,22,-42,46,42,-31,-45,-3,9,-21,43,-76,19,-60,4,21,-9,-1,-47,21,25,-10,2,-26,-27,11,-25,17,-37,66,68,-31,-45,-17,-19,73,273660
-26,-22,22,0,-13,-43,1,15,-20,14,-19,36,9,-16,11,-10,-24,8,-3,-26,12,-32,-15,29,-14,-22,8,8,-3,19,8,20,-51,7,13,-13,27,-11,-11,58,-24,-36,2,22,-54,-11,-18,7,5,-14,0,5,-23,-14,-48,14,-8,-5,12,20,30,-23,27,43,46,-3,-8,-7,-1,-30,-17,-30,-10,18,3,9,-5,-18,11,0,-44,-39,-4,60,6,0,-43,-19,-6,-12,10,23,72,-32,-8,-68,19,-41,16,-41,1,28,17,1,18,-23,-32,-23,25,31,-4,34,13,40,-20,-57,-27,-13,46,-31,13,-6,-12,17,-61,8,-5,-29,-14,-4,-10,-2,-50,-55,14,0,28,-18,-19,-29,36,24,-27,-46,-6,-20,31,-40,-4,18,-28,-15,8,-12,-1,5,-6,20,47,-19,-52,15,-14,-14,74,-41,0,-34,-10,9,-18,-18,48,-9,0,47,12,-13,-20,-23,14,38,-4,-2,-21,-48,74,1,52,0,-13,-18,4,17,20,9,-22,78,-27,-17,46,-49,-5,0,0,-31,19,-51,23,-68,22,-13,8,5,-30,-11,4,-9,9,-43,-3,-6,-15,5,16,41,22,-21,-44,2,-12,55,273934
-31,-11,28,-4,-15,-12,26,51,-26,31,-51,67,43,74,7,-14,-14,15,-14,-28,14,16,-5,52,-46,42,-13,6,47,23,31,3,-35,-4,63,-4,60,-19,-31,22,-17,44,11,12,6,-2,-25,-3,-9,-4,13,-12,-50,13,-29,5,6,4,18,78,62,-35,56,52,28,-9,-37,0,7,9,-25,6,-3,34,22,25,14,-38,17,-34,-69,-15,41,57,61,10,-56,-54,-2,-16,10,20,63,-15,-30,-37,19,-68,7,-76,2,48,12,-21,33,14,-54,-29,38,51,-10,17,32,80,34,-58,-66,31,77,-13,-11,-37,-13,49,-34,-21,-12,-28,7,-11,-5,4,19,30,49,-10,15,47,39,19,17,2,22,21,-3,-7,52,-36,-16,54,-38,-16,78,-12,-2,26,-47,20,27,54,30,5,9,15,57,-48,25,-39,0,-35,-12,34,33,-51,-10,76,14,-18,-11,4,32,75,-12,8,-26,-51,55,-30,36,-4,-19,-14,-25,20,34,2,31,70,-44,36,48,-51,-28,-8,-1,-48,50,-42,47,14,17,-33,-3,-4,15,22,13,17,7,-39,0,19,0,39,-2,52,2,-45,-67,0,2,61,275497
-5,22,34,0,-8,-21,-2,22,0,-31,0,29,-21,-21,12,-5,-14,38,19,1,7,-20,-5,11,23,51,9,11,-8,33,-4,10,-56,52,16,-25,30,8,-12,17,-40,50,9,21,-42,-27,0,16,16,-28,-13,51,-3,-9,-55,8,-12,-21,37,14,13,-49,1,20,16,0,-22,17,12,14,0,36,-20,1,20,-33,-4,0,-3,-50,-21,-14,-1,70,-26,-12,19,-35,0,-44,5,11,28,-16,-21,-39,22,-23,-1,-11,-3,48,47,3,19,13,-12,0,44,28,0,58,63,91,-12,-19,-11,52,0,-18,9,8,0,-7,-35,0,-41,-26,-28,-10,-23,24,-41,3,-6,0,23,76,21,-43,52,-10,20,-14,21,3,18,-16,-26,26,-8,-10,14,0,-27,7,-13,58,31,68,7,-10,-25,41,30,-48,0,-44,0,8,-57,13,29,-15,21,0,50,-10,-13,37,4,30,-26,24,0,-2,27,-1,45,0,-7,22,0,57,19,13,-9,34,26,50,33,-19,-11,0,57,-10,17,-16,40,-19,9,0,16,20,-44,0,36,7,8,-28,-22,3,-64,-18,-8,22,12,43,19,10,-19,71,276048
-23,60,16,0,-1,-34,-2,-3,0,-14,0,22,-21,18,1,-7,-31,30,-3,33,63,-64,-1,28,-5,40,13,3,12,16,-4,16,-65,51,-4,-23,7,16,-14,0,-20,44,26,35,3,-23,0,14,22,-23,-14,48,1,-18,-67,15,-25,-35,58,49,29,-24,15,15,-2,0,-52,-3,1,-7,0,21,-49,-6,11,-14,10,-57,-4,-18,-18,-33,-28,43,18,-15,9,-28,-7,-14,60,3,20,-12,-36,-32,32,-18,-9,-20,-3,21,37,15,8,25,-25,0,46,2,0,45,36,67,19,-57,-17,12,0,-16,13,6,0,-14,-33,0,-16,-32,-24,-10,-24,21,6,-35,-14,0,33,21,18,-75,60,8,18,-3,-1,-9,35,-32,3,-4,-22,12,49,0,-35,23,-5,42,48,22,-33,-13,-26,44,9,-57,-18,-61,-6,-8,-58,19,49,-7,-4,0,33,-9,16,17,-7,22,0,22,0,-37,8,12,27,0,-5,61,-1,41,28,2,22,19,-5,13,49,-57,-35,0,23,-22,30,-33,44,-8,0,35,15,9,-76,15,30,-11,1,-34,-27,12,-58,-19,-14,15,1,22,9,-1,-25,43,276070
20,-52,86,-6,0,-14,-7,52,-49,42,-99,76,4,-24,9,-10,27,-14,50,-11,-35,-42,33,55,-51,21,10,10,56,77,0,-41,-34,9,42,-14,60,-68,-26,34,-6,28,-4,25,-3,15,-50,-22,-27,-20,13,-5,-100,19,-33,-44,16,54,-13,32,48,-27,66,58,24,-14,20,-22,54,-41,-50,18,18,68,31,40,-6,-20,32,1,-100,1,12,52,-13,10,-2,25,8,-31,-32,30,52,-45,44,-22,-16,-100,33,-39,4,51,-10,-42,41,6,-10,-35,-10,63,-15,3,26,62,4,-14,-38,-20,78,-47,5,-8,-23,19,-31,-44,-30,-36,24,-24,27,51,-28,-52,22,-9,26,-33,52,-13,32,12,17,-7,-35,-21,45,3,-18,52,13,-23,21,-20,50,7,-50,19,55,-2,-52,1,21,-20,78,-62,47,-57,4,5,39,54,47,-43,50,80,18,-15,-30,22,72,67,-24,52,-49,-58,78,-41,60,-6,0,-43,-45,22,-10,12,-1,73,-52,-9,19,-28,78,-11,2,-4,40,3,-11,1,29,-7,-23,20,-11,-10,-14,-20,8,-34,-3,-6,14,16,5,58,49,-24,-27,-2,-3,51,276180
-30,-9,49,0,-17,-61,11,46,-39,16,-53,22,30,45,6,2,-5,7,-14,-28,17,-23,0,38,-67,-39,-19,30,43,45,11,4,-46,-46,18,1,-14,1,-6,-7,-51,-49,24,8,-8,1,-37,-1,-11,-1,-9,-57,-53,-9,-41,2,-19,8,26,55,34,-64,68,31,-9,-15,22,-56,4,-49,-37,-2,8,-14,24,12,4,14,-1,-35,-66,-57,31,38,45,-11,-21,-26,-39,-37,12,-18,25,-41,-20,-34,3,-67,-5,-38,6,16,-4,-26,37,-45,-17,-38,19,-1,-17,7,4,74,-7,-53,-54,-37,66,-44,-14,-26,-25,3,-26,-7,-34,-47,2,-10,-1,9,1,-46,3,-8,10,-11,14,-40,35,0,-51,-27,-65,-16,37,-28,-13,47,-29,2,49,-25,-8,23,-11,26,40,-13,-46,-9,4,-40,53,-39,-6,-41,-48,-11,-25,-11,37,-13,-18,71,31,0,1,0,-31,22,-11,5,-39,-65,53,-29,4,0,-19,-11,-5,27,-9,29,-9,43,-62,-24,9,-50,-19,-8,-20,-8,45,-28,21,-27,-19,-16,-2,-14,-40,7,10,-2,8,-32,-18,7,-21,31,-15,36,12,-28,-28,-10,-18,36,276189
-5,34,68,0,-12,-57,49,35,0,14,-58,45,-6,-7,6,-20,18,8,34,-15,-23,-66,27,67,15,14,40,12,52,71,43,-40,-48,19,14,0,46,-30,-13,78,-14,4,22,32,-32,-7,0,-17,-33,-1,7,8,-57,-26,-45,-42,-14,-1,0,34,70,-23,67,30,70,0,-17,-28,29,-52,0,-15,-13,38,4,8,10,-14,4,0,-84,-58,1,84,1,5,0,3,4,-43,-20,4,39,-38,3,-47,7,-85,4,-37,28,55,-3,-18,32,63,2,0,8,44,0,17,29,77,-19,-18,-28,8,0,-37,36,3,0,14,-43,-10,-46,-37,5,-12,-8,19,-31,-64,15,0,36,18,32,-47,50,30,70,-30,-30,-14,40,-28,-17,36,-10,-2,28,0,-11,28,-33,42,45,6,-60,22,3,-36,64,-74,-12,-69,8,29,-17,17,44,-30,43,0,45,-21,-3,-14,44,50,-23,19,0,-68,58,-18,51,0,-13,34,-14,47,-15,12,-23,43,9,24,31,-21,8,0,6,4,40,-27,4,-39,4,-17,-17,18,-50,16,11,-32,4,-47,-4,18,-21,-7,15,35,15,-11,-8,0,-17,87,276544
-32,-32,16,0,-2,-33,20,56,0,-6,-7,27,2,18,26,-10,-27,44,-19,-57,19,-69,-37,56,43,44,14,-9,-9,22,31,7,-49,22,7,5,58,-12,-15,49,-56,43,22,13,-14,-30,0,4,-16,5,-9,24,-6,-23,-49,9,-36,-57,25,27,57,-44,16,46,44,0,-51,-48,-29,-13,0,-3,-46,43,1,-7,6,-31,4,-5,-24,-37,-22,24,29,-8,2,-42,28,-43,19,47,37,-43,-28,-43,18,-28,10,-34,-12,44,-19,8,5,84,28,0,58,71,0,7,10,52,-13,-29,-20,45,0,-39,7,16,0,1,-49,36,-40,-20,-3,-4,-31,0,-8,-51,2,0,16,-37,-52,-65,55,3,90,-19,-49,-25,-14,18,-8,54,-32,15,22,0,-52,22,-35,43,52,-18,-52,47,-1,21,37,-42,-33,-42,23,-2,-51,-31,57,-39,-14,0,25,-13,11,-4,40,27,-10,0,0,-77,37,15,66,0,0,-25,35,41,-2,-7,-15,26,43,58,27,-43,-31,0,20,25,-20,17,61,-39,43,-46,5,10,-65,11,44,-25,25,-4,-9,10,-48,-4,54,48,-18,36,6,20,-30,21,277508
-33,0,36,-26,-26,6,-22,40,-77,38,-11,57,19,-19,11,-28,-30,47,-36,-9,8,-36,59,11,-18,-23,36,28,-9,30,-38,31,-49,-20,18,-11,1,6,-38,29,-1,-27,27,12,-39,-31,-81,12,1,6,31,-17,-11,16,-38,30,-29,16,58,34,19,-39,-30,73,30,-63,-100,-56,5,-27,-80,-31,-92,-5,46,35,29,-47,23,-30,-14,-13,15,72,-1,22,-23,-63,-43,-30,16,-11,33,49,-3,-64,22,-16,16,-23,47,-73,27,-18,36,-31,-14,-74,17,-13,-63,23,16,82,-13,-21,-13,35,68,60,37,-43,-50,0,-64,-3,-14,-33,-24,-14,-41,-9,-72,2,0,-24,15,-23,-24,-34,53,-2,-46,-46,-64,-31,41,-18,57,39,-51,-32,40,-48,9,36,11,28,50,-22,0,-29,-17,18,83,-48,26,-43,-38,-68,-64,-8,73,9,-26,70,8,-32,-32,-41,0,74,50,-13,-77,-65,80,-24,-88,-28,-23,-4,-4,12,4,23,-23,44,-30,28,26,-19,-23,-22,59,-14,40,-32,19,-39,-12,-26,12,22,-43,16,44,-5,13,-50,-30,13,-25,6,-29,68,-6,10,-14,4,-20,73,277803
16,21,84,-19,2,55,81,49,-38,39,-56,79,50,-55,30,0,36,2,40,-11,-48,0,-8,46,7,24,13,15,52,86,82,-15,-4,9,61,29,46,8,-13,41,-23,21,38,4,-33,29,-34,-5,-11,26,-1,4,-57,11,3,-11,4,-31,-23,-2,52,-22,65,19,41,-19,6,-33,17,-30,-34,22,14,12,69,37,26,-9,36,-13,-69,52,44,39,-52,-5,20,64,-17,-40,-55,19,6,-62,87,-40,-21,-72,37,-19,5,72,-62,-8,85,-6,47,-33,-27,40,-21,-32,52,49,18,-58,-17,7,54,-58,12,0,-21,58,-39,1,-40,-43,21,-22,25,25,-28,-47,66,-27,11,-12,-19,34,12,9,0,7,-33,-14,54,24,-49,51,12,-3,-3,-19,-39,45,-24,20,70,-24,-44,6,26,-43,39,-60,23,-57,-12,13,47,-21,72,-17,45,56,9,-6,-7,23,16,85,-46,26,-40,-33,38,-5,58,-19,4,20,-1,21,-43,14,14,0,9,5,-19,-46,88,-25,-40,47,51,26,-20,2,21,-10,-3,12,30,31,-5,-1,25,-56,25,40,50,46,-1,19,-3,-58,15,0,-2,45,277869
-23,-12,-17,0,-16,-3,45,13,0,49,-24,58,18,9,9,-18,-4,23,-23,18,37,-17,12,22,3,32,9,7,25,-25,51,12,-54,32,44,-3,64,-18,-20,46,-9,14,1,19,-10,-13,0,6,-5,-6,29,30,-28,19,-51,16,20,-2,27,28,26,-23,33,57,44,0,-15,50,11,5,0,1,4,7,5,45,8,-48,15,2,-39,-4,6,71,-14,27,-49,-49,10,-30,37,22,79,-19,-1,-49,31,-40,11,-49,13,50,8,-11,17,36,-38,0,39,56,0,31,14,75,7,-42,-47,28,0,-18,9,-9,0,35,-40,-9,-22,-20,-9,-3,-16,17,2,23,33,0,21,61,10,-16,33,21,51,-20,47,-1,37,-29,21,16,-29,-38,22,0,-17,12,-42,45,42,56,23,9,-7,21,45,-45,28,-42,7,-37,8,-4,40,-42,-20,0,26,-20,-34,1,9,63,16,20,0,-58,40,-22,33,0,-16,-21,-11,40,36,6,10,81,0,32,67,-27,4,0,58,-33,38,-38,35,-28,21,19,4,13,-17,-2,25,7,10,-30,17,1,11,17,3,57,1,30,-52,-2,18,75,277902
-11,10,26,0,-1,-26,3,1,0,-40,22,16,-31,2,16,17,-2,7,-6,-20,-2,-37,-40,39,-7,19,-11,-6,54,28,0,40,-42,58,7,-14,60,21,-21,7,-30,11,30,25,-24,-6,0,25,29,-12,-17,61,22,-20,-44,40,-16,12,21,-8,39,-25,56,44,8,0,15,9,-47,-2,0,13,19,36,-4,-39,15,-21,8,-7,-5,-25,-14,0,0,-16,1,-27,11,-39,-3,25,39,-31,-31,-33,37,-5,12,-34,-12,43,6,34,4,-7,-46,0,-16,57,0,9,19,48,0,7,-36,54,0,-33,-11,30,0,-1,-35,19,-41,-7,-9,-7,-7,-27,-32,-6,-2,0,25,-9,34,-45,56,-6,1,2,11,-9,3,-18,-31,2,-10,37,-3,0,8,30,5,52,12,-11,-8,58,-11,22,23,-36,-21,-35,12,-13,-60,31,12,4,-5,0,10,17,40,15,36,13,-30,-25,0,-23,20,36,38,0,-2,10,20,55,-1,-4,0,42,-3,54,12,9,-27,0,37,-42,2,-15,-19,6,26,-18,26,22,-45,24,8,1,13,-11,-34,19,-64,-30,56,44,-52,46,2,0,-17,-1,278061
-25,5,61,0,-15,-37,56,52,0,34,-47,76,34,-22,20,-15,17,-8,1,23,21,-48,-4,60,-48,-1,58,0,12,61,58,7,-54,-2,41,11,69,-20,-52,27,-28,4,2,10,16,5,0,6,-11,7,2,-12,-48,-28,-50,14,-8,0,30,25,69,-35,43,49,21,0,-18,-16,42,-51,0,-7,-28,49,22,34,-9,-32,1,-9,-66,-39,14,50,-15,-2,-18,-20,-19,-12,22,3,100,-33,28,-54,16,-63,1,-57,-9,7,-27,-13,21,-4,-45,0,-36,57,0,24,29,62,7,-52,-61,-27,0,-37,58,-10,0,39,-51,-5,-17,-20,-17,-10,2,12,20,-9,35,0,17,60,17,-34,39,9,-7,-22,-13,-15,51,19,11,49,-30,-3,34,0,4,7,-28,18,44,61,-13,6,-19,-65,36,-43,-27,-43,-16,3,3,11,47,-25,0,0,31,-20,-1,-8,37,75,8,12,0,-66,42,-10,-1,0,-15,1,-9,25,36,0,17,84,-52,-39,71,-38,27,0,-29,-38,48,11,-32,-42,2,31,8,-2,-36,-3,-3,-2,17,-36,-24,-4,4,32,-4,49,48,-33,-33,-5,-14,52,278159
29,63,100,-10,0,-40,72,58,-38,-23,-38,56,-30,-9,27,3,68,-32,79,17,-58,-41,3,63,-24,44,-7,-12,100,100,79,0,9,-8,50,-7,30,2,-33,91,-23,40,41,17,29,16,-34,-4,-4,-3,4,2,-42,-1,12,1,-8,-73,-73,55,70,-25,100,-16,95,-12,45,-33,-18,-46,-35,-14,63,1,32,-27,24,13,48,-15,-68,-51,6,-5,0,0,18,89,5,-42,-63,36,65,-58,77,-47,-15,-68,43,-2,-8,83,-61,8,63,-29,11,-32,-20,26,-12,-26,49,57,100,-66,9,-6,58,-50,-21,20,-13,31,-48,17,-42,-27,-10,-21,10,44,25,-72,39,0,17,29,-17,9,36,22,-27,44,-30,-27,9,-16,-70,58,28,-1,54,-18,-65,52,-16,26,21,10,-76,33,-5,-73,-20,-55,-10,-55,3,64,-2,-12,24,-15,84,55,-3,8,8,-17,0,66,-67,44,-39,-51,-33,0,71,-10,3,52,20,23,-19,-14,92,71,-9,-11,-1,-61,68,0,7,6,3,-16,-8,54,34,18,-3,18,3,47,-37,-21,28,-33,-4,52,13,-41,22,-17,-30,7,18,11,-3,-13,278569
-51,-12,-2,0,-10,-33,25,9,-28,43,-26,66,-10,-38,10,-24,-25,10,-18,-22,63,-54,2,40,-31,58,21,-5,-29,4,28,23,-59,31,24,1,73,-12,-13,22,-54,61,-14,14,-10,-10,-22,4,-12,1,3,35,-25,-15,-59,18,-16,5,34,43,42,-53,-9,69,22,-1,-55,57,45,-37,-23,0,-59,11,28,46,-10,-44,13,20,-34,-29,-28,44,-43,2,-69,-27,36,10,60,32,83,-21,-28,-66,29,-30,15,-22,8,40,37,3,29,58,-37,-27,5,79,-2,45,6,60,46,-13,-28,29,53,-19,20,-26,-14,42,-65,-19,10,-13,-17,-3,-9,2,-8,-16,41,0,12,26,11,-26,40,37,62,-56,61,-5,36,10,26,7,-52,-21,47,-15,6,-5,-27,16,50,28,-22,26,-15,10,35,-39,-17,-37,33,-6,1,6,47,-31,-11,53,3,-20,-24,6,14,60,29,0,-28,-79,39,9,38,0,-8,-21,-21,16,43,-4,48,74,-26,31,83,-8,-29,0,5,-39,38,12,7,-74,30,-20,3,-24,-25,-20,9,-13,9,-13,18,-13,6,-4,31,72,45,6,-68,-4,-16,47,278874
