offset6x,offset5y,offset10x,offset2x,defenders,offset2y,offset6y,offset7x,offset3x,offset8x,offset10y,offset3y,offset4x,offset7y,offset0x,offset8y,attackers,offset9x,midfielders,offset5x,offset0y,offset1x,offset4y,offset9y,offset1y,pos0role,pos6role,pos8role,pos4role,pos7role,pos2role,pos1role,pos10role,pos3role,pos9role,pos5role,formationname,position10,position6,offensiverating,position8,position5,formationaudioid,teamid,position2,formationid,relativeformationid,position4,position3,formationfullnameid,position0,position9,position7,position1
0.8999999761581421,0.33000001311302185,0.4000000059604645,0.6499999761581421,4.5,0.15000000596046448,0.5600000023841858,0.5,0.3499999940395355,0.10000000149011612,0.8500000238418579,0.15000000596046448,0.10000000149011612,0.5199999809265137,0.5,0.5600000023841858,2.0,0.6000000238418579,3.5,0.5,0.019999999552965164,0.8999999761581421,0.2199999988079071,0.8500000238418579,0.2199999988079071,4161,25602,25602,8386,21314,12737,8386,38405,12737,38405,17089,4-1-3-2,26,12,2,16,10,12,-1,4,1,1,7,6,30,0,24,14,3
0.8999999761581421,0.33000001311302185,0.5,0.6499999761581421,4.5,0.15000000596046448,0.6000000238418579,0.6499999761581421,0.3499999940395355,0.3499999940395355,0.8500000238418579,0.15000000596046448,0.10000000149011612,0.5,0.5,0.5,1.0,0.10000000149011612,4.5,0.5,0.019999999552965164,0.8999999761581421,0.2199999988079071,0.6000000238418579,0.2199999988079071,4161,25602,21314,8386,21314,12737,8386,38405,12737,25602,17089,4-1-4-1,25,12,2,15,10,15,-1,4,2,2,7,6,31,0,16,13,3
0.3499999940395355,0.3499999940395355,0.5,0.6499999761581421,5.0,0.15000000596046448,0.3499999940395355,0.8500000238418579,0.3499999940395355,0.5,0.8700000047683716,0.15000000596046448,0.10000000149011612,0.6700000166893005,0.5,0.6700000166893005,1.0,0.15000000596046448,4.0,0.6499999761581421,0.019999999552965164,0.8999999761581421,0.2199999988079071,0.6700000166893005,0.2199999988079071,4161,17089,29570,8386,29570,12737,8386,38405,12737,29570,17089,4-2-3-1,25,11,2,18,9,14,-1,4,3,3,7,6,16,0,19,17,3
0.3499999940395355,0.3499999940395355,0.5,0.6499999761581421,5.0,0.15000000596046448,0.3499999940395355,0.8999999761581421,0.3499999940395355,0.10000000149011612,0.8700000047683716,0.15000000596046448,0.10000000149011612,0.6000000238418579,0.5,0.6000000238418579,1.0,0.5,4.0,0.6499999761581421,0.019999999552965164,0.8999999761581421,0.2199999988079071,0.6700000166893005,0.2199999988079071,4161,17089,25602,8386,25602,12737,8386,38405,12737,29570,17089,4-2-3-1,25,11,2,16,9,14,-1,4,4,4,7,6,3,0,18,12,3
0.3499999940395355,0.5,0.10000000149011612,0.6499999761581421,4.0,0.15000000596046448,0.5,0.8999999761581421,0.3499999940395355,0.6000000238418579,0.800000011920929,0.15000000596046448,0.10000000149011612,0.800000011920929,0.5,0.8500000238418579,4.0,0.4000000059604645,2.0,0.6499999761581421,0.019999999552965164,0.8999999761581421,0.2199999988079071,0.8500000238418579,0.2199999988079071,4161,21314,38405,8386,33794,12737,8386,33794,12737,38405,21314,4-2-4,27,15,4,24,13,2,-1,4,5,5,7,6,33,0,26,23,3
0.5,0.5,0.4000000059604645,0.6499999761581421,4.0,0.15000000596046448,0.47999998927116394,0.3499999940395355,0.3499999940395355,0.5,0.8500000238418579,0.15000000596046448,0.10000000149011612,0.5,0.5,0.699999988079071,2.5,0.6000000238418579,3.5,0.6499999761581421,0.019999999552965164,0.8999999761581421,0.2199999988079071,0.8500000238418579,0.2199999988079071,4161,21314,29570,8386,21314,12737,8386,38405,12737,38405,21314,4-3-1-2,26,14,2,18,13,9,-1,4,6,6,7,6,34,0,24,15,3
0.5,0.5,0.5,0.6499999761581421,4.0,0.15000000596046448,0.47999998927116394,0.3499999940395355,0.3499999940395355,0.75,0.8500000238418579,0.15000000596046448,0.10000000149011612,0.5,0.5,0.699999988079071,2.5,0.25,3.5,0.6499999761581421,0.019999999552965164,0.8999999761581421,0.2199999988079071,0.699999988079071,0.2199999988079071,4161,21314,29570,8386,21314,12737,8386,38405,12737,29570,21314,4-3-2-1,25,14,2,17,13,8,-1,4,7,7,7,6,20,0,19,15,3
0.5,0.5,0.10000000149011612,0.6499999761581421,4.0,0.15000000596046448,0.47999998927116394,0.3499999940395355,0.3499999940395355,0.8999999761581421,0.800000011920929,0.15000000596046448,0.10000000149011612,0.5,0.5,0.800000011920929,3.0,0.5,3.0,0.6499999761581421,0.019999999552965164,0.8999999761581421,0.2199999988079071,0.8500000238418579,0.2199999988079071,4161,21314,33794,8386,21314,12737,8386,33794,12737,38405,21314,4-3-3,27,14,3,23,13,6,-1,4,8,8,7,6,17,0,25,15,3
0.6499999761581421,0.33000001311302185,0.10000000149011612,0.6499999761581421,4.0,0.15000000596046448,0.5,0.3499999940395355,0.3499999940395355,0.8999999761581421,0.800000011920929,0.15000000596046448,0.10000000149011612,0.5,0.5,0.800000011920929,3.0,0.5,3.0,0.5,0.019999999552965164,0.8999999761581421,0.2199999988079071,0.8500000238418579,0.2199999988079071,4161,21314,33794,8386,21314,12737,8386,33794,12737,38405,17089,4-3-3,27,13,3,23,10,6,-1,4,9,9,7,6,7,0,25,15,3
0.3499999940395355,0.3499999940395355,0.10000000149011612,0.6499999761581421,4.0,0.15000000596046448,0.3499999940395355,0.5,0.3499999940395355,0.8999999761581421,0.800000011920929,0.15000000596046448,0.10000000149011612,0.5,0.5,0.800000011920929,3.0,0.5,3.0,0.6499999761581421,0.019999999552965164,0.8999999761581421,0.2199999988079071,0.8500000238418579,0.2199999988079071,4161,17089,33794,8386,21314,12737,8386,33794,12737,38405,17089,4-3-3,27,11,3,23,9,6,-1,4,10,10,7,6,5,0,25,14,3
0.3499999940395355,0.5,0.10000000149011612,0.6499999761581421,4.0,0.15000000596046448,0.5,0.5,0.3499999940395355,0.8999999761581421,0.800000011920929,0.15000000596046448,0.10000000149011612,0.6700000166893005,0.5,0.800000011920929,3.0,0.5,3.0,0.6499999761581421,0.019999999552965164,0.8999999761581421,0.2199999988079071,0.8700000047683716,0.2199999988079071,4161,21314,33794,8386,29570,12737,8386,33794,12737,38405,21314,4-3-3,27,15,3,23,13,6,-1,4,11,11,7,6,4,0,25,18,3
0.3499999940395355,0.3499999940395355,0.4000000059604645,0.6499999761581421,5.0,0.15000000596046448,0.3499999940395355,0.75,0.3499999940395355,0.25,0.8700000047683716,0.15000000596046448,0.10000000149011612,0.6700000166893005,0.5,0.6700000166893005,2.0,0.6000000238418579,3.0,0.6499999761581421,0.019999999552965164,0.8999999761581421,0.2199999988079071,0.8700000047683716,0.2199999988079071,4161,17089,29570,8386,29570,12737,8386,38405,12737,38405,17089,4-2-2-2,26,11,2,19,9,10,-1,4,13,13,7,6,32,0,24,17,3
0.8999999761581421,0.33000001311302185,0.4000000059604645,0.6499999761581421,4.0,0.15000000596046448,0.5600000023841858,0.10000000149011612,0.3499999940395355,0.5,0.8700000047683716,0.15000000596046448,0.10000000149011612,0.5600000023841858,0.5,0.6700000166893005,2.5,0.6000000238418579,3.5,0.5,0.019999999552965164,0.8999999761581421,0.2199999988079071,0.8700000047683716,0.2199999988079071,4161,25602,29570,8386,25602,12737,8386,38405,12737,38405,17089,4-1-2-1-2,26,12,2,18,10,11,-1,4,14,14,7,6,10,0,24,16,3
0.6499999761581421,0.33000001311302185,0.4000000059604645,0.6499999761581421,4.0,0.15000000596046448,0.5,0.3499999940395355,0.3499999940395355,0.5,0.8700000047683716,0.15000000596046448,0.10000000149011612,0.5,0.5,0.6700000166893005,2.5,0.6000000238418579,3.5,0.5,0.019999999552965164,0.8999999761581421,0.2199999988079071,0.8700000047683716,0.2199999988079071,4161,21314,29570,8386,21314,12737,8386,38405,12737,38405,17089,4-1-2-1-2,26,13,2,18,10,11,-1,4,15,15,7,6,9,0,24,15,3
0.6499999761581421,0.6000000238418579,0.4000000059604645,0.6499999761581421,4.0,0.15000000596046448,0.5,0.3499999940395355,0.3499999940395355,0.10000000149011612,0.8500000238418579,0.15000000596046448,0.10000000149011612,0.5,0.5,0.6000000238418579,2.0,0.6000000238418579,4.0,0.8999999761581421,0.019999999552965164,0.8999999761581421,0.2199999988079071,0.8500000238418579,0.2199999988079071,4161,21314,25602,8386,21314,12737,8386,38405,12737,38405,25602,4-4-2,26,13,2,16,12,10,-1,4,16,16,7,6,11,0,24,15,3
0.3499999940395355,0.3499999940395355,0.4000000059604645,0.6499999761581421,4.0,0.15000000596046448,0.3499999940395355,0.8999999761581421,0.3499999940395355,0.10000000149011612,0.8500000238418579,0.15000000596046448,0.10000000149011612,0.5600000023841858,0.5,0.5600000023841858,2.0,0.6000000238418579,4.0,0.6499999761581421,0.019999999552965164,0.8999999761581421,0.2199999988079071,0.8500000238418579,0.2199999988079071,4161,17089,25602,8386,25602,12737,8386,38405,12737,38405,17089,4-4-2,26,11,2,16,9,10,-1,4,17,17,7,6,12,0,24,12,3
0.6499999761581421,0.5600000023841858,0.5,0.6499999761581421,4.0,0.15000000596046448,0.5,0.3499999940395355,0.3499999940395355,0.10000000149011612,0.8700000047683716,0.15000000596046448,0.10000000149011612,0.5,0.5,0.5600000023841858,1.5,0.5,4.5,0.8999999761581421,0.019999999552965164,0.8999999761581421,0.2199999988079071,0.6700000166893005,0.2199999988079071,4161,21314,25602,8386,21314,12737,8386,38405,12737,29570,25602,4-4-1-1,25,13,2,16,12,14,-1,4,18,18,7,6,18,0,18,15,3
0.6499999761581421,0.5600000023841858,0.5,0.6499999761581421,4.0,0.15000000596046448,0.5,0.5,0.3499999940395355,0.3499999940395355,0.8500000238418579,0.15000000596046448,0.10000000149011612,0.47999998927116394,0.5,0.5,1.0,0.10000000149011612,5.0,0.8999999761581421,0.019999999552965164,0.8999999761581421,0.2199999988079071,0.5600000023841858,0.2199999988079071,4161,21314,21314,8386,21314,12737,8386,38405,12737,25602,25602,4-5-1,25,13,2,15,12,15,-1,4,20,20,7,6,19,0,16,14,3
0.5,0.5299999713897705,0.5,0.6499999761581421,4.0,0.15000000596046448,0.47999998927116394,0.10000000149011612,0.3499999940395355,0.75,0.8700000047683716,0.15000000596046448,0.10000000149011612,0.5299999713897705,0.5,0.6700000166893005,1.0,0.25,5.0,0.8999999761581421,0.019999999552965164,0.8999999761581421,0.2199999988079071,0.6700000166893005,0.2199999988079071,4161,21314,29570,8386,25602,12737,8386,38405,12737,29570,25602,4-5-1,25,14,2,17,12,14,-1,4,21,21,7,6,15,0,19,16,3
0.6499999761581421,0.5600000023841858,0.4000000059604645,0.5,3.5,0.17499999701976776,0.5,0.3499999940395355,0.30000001192092896,0.10000000149011612,0.8500000238418579,0.15000000596046448,0.5,0.5,0.5,0.5600000023841858,2.0,0.6000000238418579,4.5,0.8999999761581421,0.019999999552965164,0.699999988079071,0.3499999940395355,0.8500000238418579,0.15000000596046448,4161,21314,25602,17089,21314,12737,12737,38405,12737,38405,25602,3-1-4-2,26,13,3,16,12,1,-1,5,22,22,10,6,28,0,24,15,4
0.3499999940395355,0.5,0.4000000059604645,0.5,3.0,0.17499999701976776,0.5,0.10000000149011612,0.30000001192092896,0.5,0.8700000047683716,0.15000000596046448,0.8999999761581421,0.5600000023841858,0.5,0.6700000166893005,2.5,0.6000000238418579,4.5,0.6499999761581421,0.019999999552965164,0.699999988079071,0.5600000023841858,0.8700000047683716,0.15000000596046448,4161,21314,29570,25602,25602,12737,12737,38405,12737,38405,21314,3-4-1-2,26,15,4,18,13,1,-1,5,23,23,12,6,29,0,24,16,4
0.3499999940395355,0.5,0.5,0.5,3.0,0.17499999701976776,0.5,0.10000000149011612,0.30000001192092896,0.75,0.8700000047683716,0.15000000596046448,0.8999999761581421,0.5600000023841858,0.5,0.699999988079071,2.0,0.25,5.0,0.6499999761581421,0.019999999552965164,0.699999988079071,0.5600000023841858,0.699999988079071,0.15000000596046448,4161,21314,29570,25602,25602,12737,12737,38405,12737,29570,21314,3-4-2-1,25,15,3,17,13,19,-1,5,24,24,12,6,21,0,19,16,4
0.3499999940395355,0.5,0.10000000149011612,0.5,3.0,0.17499999701976776,0.5,0.10000000149011612,0.30000001192092896,0.8999999761581421,0.800000011920929,0.15000000596046448,0.8999999761581421,0.5600000023841858,0.5,0.800000011920929,3.0,0.5,4.0,0.6499999761581421,0.019999999552965164,0.699999988079071,0.5600000023841858,0.8500000238418579,0.15000000596046448,4161,21314,33794,25602,25602,12737,12737,33794,12737,38405,21314,3-4-3,27,15,4,23,13,0,-1,5,25,25,12,6,2,0,25,16,4
0.8999999761581421,0.3499999940395355,0.4000000059604645,0.5,3.0,0.17499999701976776,0.5600000023841858,0.10000000149011612,0.30000001192092896,0.5,0.8700000047683716,0.15000000596046448,0.6499999761581421,0.5600000023841858,0.5,0.6200000047683716,2.0,0.6000000238418579,5.0,0.3499999940395355,0.019999999552965164,0.699999988079071,0.3499999940395355,0.8700000047683716,0.15000000596046448,4161,25602,29570,17089,25602,12737,12737,38405,12737,38405,17089,3-5-2,26,12,3,18,11,1,-1,5,27,27,9,6,22,0,24,16,4
0.6499999761581421,0.2199999988079071,0.4000000059604645,0.699999988079071,6.0,0.15000000596046448,0.5,0.3499999940395355,0.5,0.5,0.8700000047683716,0.17499999701976776,0.30000001192092896,0.5,0.5,0.6700000166893005,2.0,0.6000000238418579,2.0,0.10000000149011612,0.019999999552965164,0.8999999761581421,0.15000000596046448,0.8700000047683716,0.2199999988079071,4161,21314,29570,12737,21314,12737,8386,38405,12737,38405,8386,5-2-1-2,26,13,1,18,7,4,-1,4,29,29,6,5,35,0,24,15,3
0.6499999761581421,0.2199999988079071,0.10000000149011612,0.699999988079071,6.0,0.15000000596046448,0.5,0.3499999940395355,0.5,0.8999999761581421,0.800000011920929,0.17499999701976776,0.30000001192092896,0.5,0.5,0.800000011920929,1.0,0.5,3.0,0.10000000149011612,0.019999999552965164,0.8999999761581421,0.15000000596046448,0.8500000238418579,0.2199999988079071,4161,21314,33794,12737,21314,12737,8386,33794,12737,38405,8386,5-2-3,27,13,1,23,7,3,-1,4,30,30,6,5,36,0,25,15,3
0.5,0.2199999988079071,0.4000000059604645,0.699999988079071,5.0,0.15000000596046448,0.33000001311302185,0.6499999761581421,0.5,0.3499999940395355,0.8500000238418579,0.17499999701976776,0.30000001192092896,0.5,0.5,0.5,2.0,0.6000000238418579,3.0,0.10000000149011612,0.019999999552965164,0.8999999761581421,0.15000000596046448,0.8500000238418579,0.2199999988079071,4161,17089,21314,12737,21314,12737,8386,38405,12737,38405,8386,5-3-2,26,10,1,15,7,4,-1,4,31,31,6,5,24,0,24,13,3
0.8999999761581421,0.2199999988079071,0.5,0.699999988079071,5.0,0.15000000596046448,0.6000000238418579,0.6499999761581421,0.5,0.3499999940395355,0.8500000238418579,0.17499999701976776,0.30000001192092896,0.5,0.5,0.5,1.0,0.10000000149011612,4.0,0.10000000149011612,0.019999999552965164,0.8999999761581421,0.15000000596046448,0.6000000238418579,0.2199999988079071,4161,25602,21314,12737,21314,12737,8386,38405,12737,25602,8386,5-4-1,25,12,0,15,7,5,-1,4,33,33,6,5,14,0,16,13,3
0.3499999940395355,0.3499999940395355,0.10000000149011612,0.6499999761581421,4.0,0.15000000596046448,0.3499999940395355,0.5,0.3499999940395355,0.8999999761581421,0.800000011920929,0.15000000596046448,0.10000000149011612,0.6700000166893005,0.5,0.800000011920929,3.0,0.5,3.0,0.6499999761581421,0.019999999552965164,0.8999999761581421,0.2199999988079071,0.8700000047683716,0.2199999988079071,4161,17089,33794,8386,29570,12737,8386,33794,12737,38405,17089,4-2-1-3,27,11,3,23,9,18,-1,4,36,36,7,6,27,0,25,18,3
0.3499999940395355,0.3499999940395355,0.5,0.6499999761581421,5.0,0.15000000596046448,0.3499999940395355,0.8999999761581421,0.3499999940395355,0.10000000149011612,0.8700000047683716,0.15000000596046448,0.10000000149011612,0.6000000238418579,0.5,0.6000000238418579,1.0,0.5,4.0,0.6499999761581421,0.019999999552965164,0.8999999761581421,0.2199999988079071,0.6700000166893005,0.2199999988079071,5827,18306,25794,9987,25605,12865,8450,38404,12865,29570,17153,4-2-3-1,25,11,2,16,9,14,1,4,37,4,7,6,3,0,18,12,3
0.3499999940395355,0.3499999940395355,0.5,0.6499999761581421,5.0,0.15000000596046448,0.3499999940395355,0.8999999761581421,0.3499999940395355,0.10000000149011612,0.8700000047683716,0.15000000596046448,0.10000000149011612,0.6000000238418579,0.5,0.6000000238418579,1.0,0.5,4.0,0.6499999761581421,0.019999999552965164,0.8999999761581421,0.2199999988079071,0.6700000166893005,0.2199999988079071,4161,17155,25669,8450,25731,12865,8450,38405,12865,29576,18306,4-2-3-1,25,11,2,16,9,14,2,4,38,4,7,6,3,0,18,12,3
0.8999999761581421,0.2199999988079071,0.5,0.699999988079071,5.0,0.15000000596046448,0.6000000238418579,0.6499999761581421,0.5,0.3499999940395355,0.8500000238418579,0.17499999701976776,0.30000001192092896,0.5,0.5,0.5,1.0,0.10000000149011612,4.0,0.10000000149011612,0.019999999552965164,0.8999999761581421,0.15000000596046448,0.6000000238418579,0.2199999988079071,4161,25794,21314,12737,21314,12737,8450,38341,12737,25794,8450,5-4-1,25,12,0,15,7,5,3,4,39,33,6,5,14,0,16,13,3
0.3499999940395355,0.3499999940395355,0.5,0.6499999761581421,5.0,0.15000000596046448,0.3499999940395355,0.8999999761581421,0.3499999940395355,0.10000000149011612,0.8700000047683716,0.15000000596046448,0.10000000149011612,0.6000000238418579,0.5,0.6000000238418579,1.0,0.5,4.0,0.6499999761581421,0.019999999552965164,0.8999999761581421,0.2199999988079071,0.6700000166893005,0.2199999988079071,4161,17089,25602,8386,25794,12737,8450,38213,12737,29570,17089,4-2-3-1,25,11,2,16,9,14,4,4,40,4,7,6,3,0,18,12,3
0.3499999940395355,0.3499999940395355,0.5,0.6499999761581421,5.0,0.15000000596046448,0.3499999940395355,0.8999999761581421,0.3499999940395355,0.10000000149011612,0.8700000047683716,0.15000000596046448,0.10000000149011612,0.6000000238418579,0.5,0.6000000238418579,1.0,0.5,4.0,0.6499999761581421,0.019999999552965164,0.8999999761581421,0.2199999988079071,0.6700000166893005,0.2199999988079071,5827,17089,25605,8514,25794,12802,8581,38346,12865,29570,17155,4-2-3-1,25,11,2,16,9,14,5,4,41,4,7,6,3,0,18,12,3
0.3499999940395355,0.3499999940395355,0.5,0.6499999761581421,5.0,0.15000000596046448,0.3499999940395355,0.8999999761581421,0.3499999940395355,0.10000000149011612,0.8700000047683716,0.15000000596046448,0.10000000149011612,0.6000000238418579,0.5,0.6000000238418579,1.0,0.5,4.0,0.6499999761581421,0.019999999552965164,0.8999999761581421,0.2199999988079071,0.6700000166893005,0.2199999988079071,5827,17153,25794,8386,25667,12737,8386,38213,12737,29570,17095,4-2-3-1,25,11,2,16,9,14,7,4,42,4,7,6,3,0,18,12,3
0.5,0.2199999988079071,0.4000000059604645,0.699999988079071,5.0,0.15000000596046448,0.33000001311302185,0.6499999761581421,0.5,0.3499999940395355,0.8500000238418579,0.17499999701976776,0.30000001192092896,0.5,0.5,0.5,2.0,0.6000000238418579,3.0,0.10000000149011612,0.019999999552965164,0.8999999761581421,0.15000000596046448,0.8500000238418579,0.2199999988079071,4161,17153,21314,12865,21314,12737,8581,38410,12802,38341,8581,5-3-2,26,10,1,15,7,4,8,4,43,31,6,5,24,0,24,13,3
0.3499999940395355,0.3499999940395355,0.5,0.6499999761581421,5.0,0.15000000596046448,0.3499999940395355,0.8999999761581421,0.3499999940395355,0.10000000149011612,0.8700000047683716,0.15000000596046448,0.10000000149011612,0.6000000238418579,0.5,0.6000000238418579,1.0,0.5,4.0,0.6499999761581421,0.019999999552965164,0.8999999761581421,0.2199999988079071,0.6700000166893005,0.2199999988079071,5827,17160,25794,8450,25797,12865,8581,38341,12865,29576,18306,4-2-3-1,25,11,2,16,9,14,9,4,44,4,7,6,3,0,18,12,3
0.3499999940395355,0.3499999940395355,0.5,0.6499999761581421,5.0,0.15000000596046448,0.3499999940395355,0.8999999761581421,0.3499999940395355,0.10000000149011612,0.8700000047683716,0.15000000596046448,0.10000000149011612,0.6000000238418579,0.5,0.6000000238418579,1.0,0.5,4.0,0.6499999761581421,0.019999999552965164,0.8999999761581421,0.2199999988079071,0.6700000166893005,0.2199999988079071,5827,17155,25605,9989,25797,12865,8581,38405,12865,29640,18306,4-2-3-1,25,11,2,16,9,14,10,4,45,4,7,6,3,0,18,12,3
0.3499999940395355,0.3499999940395355,0.5,0.6499999761581421,5.0,0.15000000596046448,0.3499999940395355,0.8999999761581421,0.3499999940395355,0.10000000149011612,0.8700000047683716,0.15000000596046448,0.10000000149011612,0.6000000238418579,0.5,0.6000000238418579,1.0,0.5,4.0,0.6499999761581421,0.019999999552965164,0.8999999761581421,0.2199999988079071,0.6700000166893005,0.2199999988079071,5827,18306,25797,8450,25605,12865,8450,38341,12865,29576,17095,4-2-3-1,25,11,2,16,9,14,11,4,46,4,7,6,3,0,18,12,3
0.3499999940395355,0.3499999940395355,0.5,0.6499999761581421,5.0,0.15000000596046448,0.3499999940395355,0.8999999761581421,0.3499999940395355,0.10000000149011612,0.8700000047683716,0.15000000596046448,0.10000000149011612,0.6000000238418579,0.5,0.6000000238418579,1.0,0.5,4.0,0.6499999761581421,0.019999999552965164,0.8999999761581421,0.2199999988079071,0.6700000166893005,0.2199999988079071,4161,17089,25794,8386,25602,12737,8581,38341,12737,29570,17089,4-2-3-1,25,11,2,16,9,14,12,4,47,4,7,6,3,0,18,12,3
0.6499999761581421,0.33000001311302185,0.10000000149011612,0.6499999761581421,4.0,0.15000000596046448,0.5,0.3499999940395355,0.3499999940395355,0.8999999761581421,0.800000011920929,0.15000000596046448,0.10000000149011612,0.5,0.5,0.800000011920929,3.0,0.5,3.0,0.5,0.019999999552965164,0.8999999761581421,0.2199999988079071,0.8500000238418579,0.2199999988079071,4226,21314,33986,8450,21319,12865,8450,33986,12737,38404,17096,4-3-3,27,13,3,23,10,6,13,4,48,9,7,6,7,0,25,15,3
0.3499999940395355,0.3499999940395355,0.5,0.6499999761581421,5.0,0.15000000596046448,0.3499999940395355,0.8999999761581421,0.3499999940395355,0.10000000149011612,0.8700000047683716,0.15000000596046448,0.10000000149011612,0.6000000238418579,0.5,0.6000000238418579,1.0,0.5,4.0,0.6499999761581421,0.019999999552965164,0.8999999761581421,0.2199999988079071,0.6700000166893005,0.2199999988079071,4161,18306,25794,8386,25669,12737,8386,38213,12870,29576,17153,4-2-3-1,25,11,2,16,9,14,14,4,49,4,7,6,3,0,18,12,3
0.6499999761581421,0.6000000238418579,0.4000000059604645,0.6499999761581421,4.0,0.15000000596046448,0.5,0.3499999940395355,0.3499999940395355,0.10000000149011612,0.8500000238418579,0.15000000596046448,0.10000000149011612,0.5,0.5,0.6000000238418579,2.0,0.6000000238418579,4.0,0.8999999761581421,0.019999999552965164,0.8999999761581421,0.2199999988079071,0.8500000238418579,0.2199999988079071,4161,21314,25602,8581,21185,12737,8513,38405,12737,38405,25602,4-4-2,26,13,2,16,12,10,15,4,50,16,7,6,11,0,24,15,3
0.3499999940395355,0.3499999940395355,0.5,0.6499999761581421,5.0,0.15000000596046448,0.3499999940395355,0.8999999761581421,0.3499999940395355,0.10000000149011612,0.8700000047683716,0.15000000596046448,0.10000000149011612,0.6000000238418579,0.5,0.6000000238418579,1.0,0.5,4.0,0.6499999761581421,0.019999999552965164,0.8999999761581421,0.2199999988079071,0.6700000166893005,0.2199999988079071,4161,17089,25794,9987,25602,12737,8581,38405,12737,29570,17089,4-2-3-1,25,11,2,16,9,14,17,4,51,4,7,6,3,0,18,12,3
0.3499999940395355,0.3499999940395355,0.5,0.6499999761581421,5.0,0.15000000596046448,0.3499999940395355,0.8999999761581421,0.3499999940395355,0.10000000149011612,0.8700000047683716,0.15000000596046448,0.10000000149011612,0.6000000238418579,0.5,0.6000000238418579,1.0,0.5,4.0,0.6499999761581421,0.019999999552965164,0.8999999761581421,0.2199999988079071,0.6700000166893005,0.2199999988079071,4226,17089,25794,8450,25794,12802,8450,38341,12865,29570,17095,4-2-3-1,25,11,2,16,9,14,18,4,52,4,7,6,3,0,18,12,3
0.6499999761581421,0.6000000238418579,0.4000000059604645,0.6499999761581421,4.0,0.15000000596046448,0.5,0.3499999940395355,0.3499999940395355,0.10000000149011612,0.8500000238418579,0.15000000596046448,0.10000000149011612,0.5,0.5,0.6000000238418579,2.0,0.6000000238418579,4.0,0.8999999761581421,0.019999999552965164,0.8999999761581421,0.2199999988079071,0.8500000238418579,0.2199999988079071,4161,21191,25605,8450,21314,12737,8450,38275,12737,38405,25794,4-4-2,26,13,2,16,12,10,19,4,53,16,7,6,11,0,24,15,3
0.3499999940395355,0.3499999940395355,0.5,0.6499999761581421,5.0,0.15000000596046448,0.3499999940395355,0.8999999761581421,0.3499999940395355,0.10000000149011612,0.8700000047683716,0.15000000596046448,0.10000000149011612,0.6000000238418579,0.5,0.6000000238418579,1.0,0.5,4.0,0.6499999761581421,0.019999999552965164,0.8999999761581421,0.2199999988079071,0.6700000166893005,0.2199999988079071,5827,17153,25797,8394,25794,12870,8452,38404,12738,29957,17160,4-2-3-1,25,11,2,16,9,14,21,4,54,4,7,6,3,0,18,12,3
0.3499999940395355,0.5,0.5,0.5,3.0,0.17499999701976776,0.5,0.10000000149011612,0.30000001192092896,0.75,0.8700000047683716,0.15000000596046448,0.8999999761581421,0.5600000023841858,0.5,0.699999988079071,2.0,0.25,5.0,0.6499999761581421,0.019999999552965164,0.699999988079071,0.5600000023841858,0.699999988079071,0.15000000596046448,4162,21314,29576,25729,25729,12867,12870,38346,12870,29957,21191,3-4-2-1,25,15,3,17,13,19,22,5,55,24,12,6,21,0,19,16,4
0.3499999940395355,0.5,0.5,0.5,3.0,0.17499999701976776,0.5,0.10000000149011612,0.30000001192092896,0.75,0.8700000047683716,0.15000000596046448,0.8999999761581421,0.5600000023841858,0.5,0.699999988079071,2.0,0.25,5.0,0.6499999761581421,0.019999999552965164,0.699999988079071,0.5600000023841858,0.699999988079071,0.15000000596046448,4161,21185,29637,25729,25732,12737,12865,38213,12865,29571,21319,3-4-2-1,25,15,3,17,13,19,23,5,56,24,12,6,21,0,19,16,4
0.3499999940395355,0.3499999940395355,0.5,0.6499999761581421,5.0,0.15000000596046448,0.3499999940395355,0.8999999761581421,0.3499999940395355,0.10000000149011612,0.8700000047683716,0.15000000596046448,0.10000000149011612,0.6000000238418579,0.5,0.6000000238418579,1.0,0.5,4.0,0.6499999761581421,0.019999999552965164,0.8999999761581421,0.2199999988079071,0.6700000166893005,0.2199999988079071,5827,18306,25667,8450,25602,12737,8452,38213,12737,29957,17089,4-2-3-1,25,11,2,16,9,14,25,4,57,4,7,6,3,0,18,12,3
0.6499999761581421,0.33000001311302185,0.10000000149011612,0.6499999761581421,4.0,0.15000000596046448,0.5,0.3499999940395355,0.3499999940395355,0.8999999761581421,0.800000011920929,0.15000000596046448,0.10000000149011612,0.5,0.5,0.800000011920929,3.0,0.5,3.0,0.5,0.019999999552965164,0.8999999761581421,0.2199999988079071,0.8500000238418579,0.2199999988079071,5827,21251,33859,8581,21319,12802,8581,33986,12802,38213,17089,4-3-3,27,13,3,23,10,6,27,4,58,9,7,6,7,0,25,15,3
0.3499999940395355,0.5,0.4000000059604645,0.5,3.0,0.17499999701976776,0.5,0.10000000149011612,0.30000001192092896,0.5,0.8700000047683716,0.15000000596046448,0.8999999761581421,0.5600000023841858,0.5,0.6700000166893005,2.5,0.6000000238418579,4.5,0.6499999761581421,0.019999999552965164,0.699999988079071,0.5600000023841858,0.8700000047683716,0.15000000596046448,5827,21191,29570,25729,25729,12870,12806,38341,12802,38213,21251,3-4-1-2,26,15,4,18,13,1,28,5,59,23,12,6,29,0,24,16,4
0.3499999940395355,0.5,0.5,0.5,3.0,0.17499999701976776,0.5,0.10000000149011612,0.30000001192092896,0.75,0.8700000047683716,0.15000000596046448,0.8999999761581421,0.5600000023841858,0.5,0.699999988079071,2.0,0.25,5.0,0.6499999761581421,0.019999999552965164,0.699999988079071,0.5600000023841858,0.699999988079071,0.15000000596046448,5827,21319,29576,25732,25602,12802,12865,38405,14145,29570,21191,3-4-2-1,25,15,3,17,13,19,29,5,60,24,12,6,21,0,19,16,4
0.3499999940395355,0.3499999940395355,0.4000000059604645,0.6499999761581421,4.0,0.15000000596046448,0.3499999940395355,0.8999999761581421,0.3499999940395355,0.10000000149011612,0.8500000238418579,0.15000000596046448,0.10000000149011612,0.5600000023841858,0.5,0.5600000023841858,2.0,0.6000000238418579,4.0,0.6499999761581421,0.019999999552965164,0.8999999761581421,0.2199999988079071,0.8500000238418579,0.2199999988079071,5827,17095,25731,8386,25732,12737,8386,38277,12802,38213,17155,4-4-2,26,11,2,16,9,10,31,4,61,17,7,6,12,0,24,12,3
0.3499999940395355,0.5,0.5,0.5,3.0,0.17499999701976776,0.5,0.10000000149011612,0.30000001192092896,0.75,0.8700000047683716,0.15000000596046448,0.8999999761581421,0.5600000023841858,0.5,0.699999988079071,2.0,0.25,5.0,0.6499999761581421,0.019999999552965164,0.699999988079071,0.5600000023841858,0.699999988079071,0.15000000596046448,5827,21319,29576,25729,25731,12806,12806,38213,14148,29957,21251,3-4-2-1,25,15,3,17,13,19,32,5,62,24,12,6,21,0,19,16,4
0.3499999940395355,0.5,0.5,0.5,3.0,0.17499999701976776,0.5,0.10000000149011612,0.30000001192092896,0.75,0.8700000047683716,0.15000000596046448,0.8999999761581421,0.5600000023841858,0.5,0.699999988079071,2.0,0.25,5.0,0.6499999761581421,0.019999999552965164,0.699999988079071,0.5600000023841858,0.699999988079071,0.15000000596046448,5827,21314,29570,25602,25602,12802,12737,38405,14145,29570,21314,3-4-2-1,25,15,3,17,13,19,33,5,63,24,12,6,21,0,19,16,4
0.3499999940395355,0.3499999940395355,0.5,0.6499999761581421,5.0,0.15000000596046448,0.3499999940395355,0.8999999761581421,0.3499999940395355,0.10000000149011612,0.8700000047683716,0.15000000596046448,0.10000000149011612,0.6000000238418579,0.5,0.6000000238418579,1.0,0.5,4.0,0.6499999761581421,0.019999999552965164,0.8999999761581421,0.2199999988079071,0.6700000166893005,0.2199999988079071,4226,17155,25667,8450,25794,12802,8386,38405,12865,29570,17089,4-2-3-1,25,11,2,16,9,14,34,4,64,4,7,6,3,0,18,12,3
0.3499999940395355,0.3499999940395355,0.5,0.6499999761581421,5.0,0.15000000596046448,0.3499999940395355,0.8999999761581421,0.3499999940395355,0.10000000149011612,0.8700000047683716,0.15000000596046448,0.10000000149011612,0.6000000238418579,0.5,0.6000000238418579,1.0,0.5,4.0,0.6499999761581421,0.019999999552965164,0.8999999761581421,0.2199999988079071,0.6700000166893005,0.2199999988079071,5827,17155,25797,8452,25797,12865,8450,38213,12802,29957,17089,4-2-3-1,25,11,2,16,9,14,36,4,65,4,7,6,3,0,18,12,3
0.6499999761581421,0.33000001311302185,0.10000000149011612,0.6499999761581421,4.0,0.15000000596046448,0.5,0.3499999940395355,0.3499999940395355,0.8999999761581421,0.800000011920929,0.15000000596046448,0.10000000149011612,0.5,0.5,0.800000011920929,3.0,0.5,3.0,0.5,0.019999999552965164,0.8999999761581421,0.2199999988079071,0.8500000238418579,0.2199999988079071,5827,21314,33989,8450,21381,12802,8580,33861,12737,38405,17089,4-3-3,27,13,3,23,10,6,38,4,66,9,7,6,7,0,25,15,3
0.3499999940395355,0.5,0.5,0.5,3.0,0.17499999701976776,0.5,0.10000000149011612,0.30000001192092896,0.75,0.8700000047683716,0.15000000596046448,0.8999999761581421,0.5600000023841858,0.5,0.699999988079071,2.0,0.25,5.0,0.6499999761581421,0.019999999552965164,0.699999988079071,0.5600000023841858,0.699999988079071,0.15000000596046448,5827,21314,29634,25794,25667,12802,12865,38405,14145,29634,21249,3-4-2-1,25,15,3,17,13,19,45,5,67,24,12,6,21,0,19,16,4
0.3499999940395355,0.5,0.5,0.5,3.0,0.17499999701976776,0.5,0.10000000149011612,0.30000001192092896,0.75,0.8700000047683716,0.15000000596046448,0.8999999761581421,0.5600000023841858,0.5,0.699999988079071,2.0,0.25,5.0,0.6499999761581421,0.019999999552965164,0.699999988079071,0.5600000023841858,0.699999988079071,0.15000000596046448,5827,21314,30341,25794,25794,12802,12865,38341,12737,29957,21381,3-4-2-1,25,15,3,17,13,19,48,5,68,24,12,6,21,0,19,16,4
0.5,0.2199999988079071,0.4000000059604645,0.699999988079071,5.0,0.15000000596046448,0.33000001311302185,0.6499999761581421,0.5,0.3499999940395355,0.8500000238418579,0.17499999701976776,0.30000001192092896,0.5,0.5,0.5,2.0,0.6000000238418579,3.0,0.10000000149011612,0.019999999552965164,0.8999999761581421,0.15000000596046448,0.8500000238418579,0.2199999988079071,5827,17089,21314,12737,21381,12737,8386,38275,12737,38405,8450,5-3-2,26,10,1,15,7,4,50,4,69,31,6,5,24,0,24,13,3
0.3499999940395355,0.5,0.5,0.5,3.0,0.17499999701976776,0.5,0.10000000149011612,0.30000001192092896,0.75,0.8700000047683716,0.15000000596046448,0.8999999761581421,0.5600000023841858,0.5,0.699999988079071,2.0,0.25,5.0,0.6499999761581421,0.019999999552965164,0.699999988079071,0.5600000023841858,0.699999988079071,0.15000000596046448,5827,21314,29570,25602,25602,12737,14145,38275,12865,29570,21251,3-4-2-1,25,15,3,17,13,19,52,5,70,24,12,6,21,0,19,16,4
0.5,0.2199999988079071,0.4000000059604645,0.699999988079071,5.0,0.15000000596046448,0.33000001311302185,0.6499999761581421,0.5,0.3499999940395355,0.8500000238418579,0.17499999701976776,0.30000001192092896,0.5,0.5,0.5,2.0,0.6000000238418579,3.0,0.10000000149011612,0.019999999552965164,0.8999999761581421,0.15000000596046448,0.8500000238418579,0.2199999988079071,5827,17089,21442,12737,21381,12737,8450,38405,12737,38213,8450,5-3-2,26,10,1,15,7,4,54,4,71,31,6,5,24,0,24,13,3
0.5,0.2199999988079071,0.4000000059604645,0.699999988079071,5.0,0.15000000596046448,0.33000001311302185,0.6499999761581421,0.5,0.3499999940395355,0.8500000238418579,0.17499999701976776,0.30000001192092896,0.5,0.5,0.5,2.0,0.6000000238418579,3.0,0.10000000149011612,0.019999999552965164,0.8999999761581421,0.15000000596046448,0.8500000238418579,0.2199999988079071,4161,17089,21442,14145,21442,14145,8450,38213,12737,38275,8450,5-3-2,26,10,1,15,7,4,55,4,72,31,6,5,24,0,24,13,3
0.8999999761581421,0.33000001311302185,0.5,0.6499999761581421,4.5,0.15000000596046448,0.6000000238418579,0.6499999761581421,0.3499999940395355,0.3499999940395355,0.8500000238418579,0.15000000596046448,0.10000000149011612,0.5,0.5,0.5,1.0,0.10000000149011612,4.5,0.5,0.019999999552965164,0.8999999761581421,0.2199999988079071,0.6000000238418579,0.2199999988079071,4226,25794,21314,8450,21314,12737,8581,38341,12802,25602,17089,4-1-4-1,25,12,2,15,10,15,57,4,73,2,7,6,31,0,16,13,3
0.5,0.2199999988079071,0.4000000059604645,0.699999988079071,5.0,0.15000000596046448,0.33000001311302185,0.6499999761581421,0.5,0.3499999940395355,0.8500000238418579,0.17499999701976776,0.30000001192092896,0.5,0.5,0.5,2.0,0.6000000238418579,3.0,0.10000000149011612,0.019999999552965164,0.8999999761581421,0.15000000596046448,0.8500000238418579,0.2199999988079071,4161,17089,21314,12802,21185,12865,8450,38405,12737,38341,8450,5-3-2,26,10,1,15,7,4,58,4,74,31,6,5,24,0,24,13,3
0.6499999761581421,0.6000000238418579,0.4000000059604645,0.6499999761581421,4.0,0.15000000596046448,0.5,0.3499999940395355,0.3499999940395355,0.10000000149011612,0.8500000238418579,0.15000000596046448,0.10000000149011612,0.5,0.5,0.6000000238418579,2.0,0.6000000238418579,4.0,0.8999999761581421,0.019999999552965164,0.8999999761581421,0.2199999988079071,0.8500000238418579,0.2199999988079071,4161,21251,25602,8581,21381,12737,8513,38341,12737,38275,25602,4-4-2,26,13,2,16,12,10,62,4,75,16,7,6,11,0,24,15,3
0.3499999940395355,0.5,0.10000000149011612,0.5,3.0,0.17499999701976776,0.5,0.10000000149011612,0.30000001192092896,0.8999999761581421,0.800000011920929,0.15000000596046448,0.8999999761581421,0.5600000023841858,0.5,0.800000011920929,3.0,0.5,4.0,0.6499999761581421,0.019999999552965164,0.699999988079071,0.5600000023841858,0.8500000238418579,0.15000000596046448,5827,21314,33986,25729,25729,12737,14145,33986,12865,38405,21314,3-4-3,27,15,4,23,13,0,64,5,76,25,12,6,2,0,25,16,4
0.3499999940395355,0.3499999940395355,0.5,0.6499999761581421,5.0,0.15000000596046448,0.3499999940395355,0.8999999761581421,0.3499999940395355,0.10000000149011612,0.8700000047683716,0.15000000596046448,0.10000000149011612,0.6000000238418579,0.5,0.6000000238418579,1.0,0.5,4.0,0.6499999761581421,0.019999999552965164,0.8999999761581421,0.2199999988079071,0.6700000166893005,0.2199999988079071,5827,17089,25667,8581,25667,12865,8581,38405,12737,29570,17155,4-2-3-1,25,11,2,16,9,14,65,4,77,4,7,6,3,0,18,12,3
0.5,0.5,0.10000000149011612,0.6499999761581421,4.0,0.15000000596046448,0.47999998927116394,0.3499999940395355,0.3499999940395355,0.8999999761581421,0.800000011920929,0.15000000596046448,0.10000000149011612,0.5,0.5,0.800000011920929,3.0,0.5,3.0,0.6499999761581421,0.019999999552965164,0.8999999761581421,0.2199999988079071,0.8500000238418579,0.2199999988079071,5827,21314,33986,8450,21314,12737,8450,33986,12737,38213,21251,4-3-3,27,14,3,23,13,6,66,4,78,8,7,6,17,0,25,15,3
0.3499999940395355,0.3499999940395355,0.5,0.6499999761581421,5.0,0.15000000596046448,0.3499999940395355,0.8999999761581421,0.3499999940395355,0.10000000149011612,0.8700000047683716,0.15000000596046448,0.10000000149011612,0.6000000238418579,0.5,0.6000000238418579,1.0,0.5,4.0,0.6499999761581421,0.019999999552965164,0.8999999761581421,0.2199999988079071,0.6700000166893005,0.2199999988079071,4161,17089,25602,8386,25667,12737,8450,38213,12865,29570,17089,4-2-3-1,25,11,2,16,9,14,68,4,79,4,7,6,3,0,18,12,3
0.3499999940395355,0.5,0.5,0.5,3.0,0.17499999701976776,0.5,0.10000000149011612,0.30000001192092896,0.75,0.8700000047683716,0.15000000596046448,0.8999999761581421,0.5600000023841858,0.5,0.699999988079071,2.0,0.25,5.0,0.6499999761581421,0.019999999552965164,0.699999988079071,0.5600000023841858,0.699999988079071,0.15000000596046448,4161,21314,29570,25729,25729,12865,12737,38341,12737,29570,21251,3-4-2-1,25,15,3,17,13,19,69,5,80,24,12,6,21,0,19,16,4
0.3499999940395355,0.3499999940395355,0.5,0.6499999761581421,5.0,0.15000000596046448,0.3499999940395355,0.8999999761581421,0.3499999940395355,0.10000000149011612,0.8700000047683716,0.15000000596046448,0.10000000149011612,0.6000000238418579,0.5,0.6000000238418579,1.0,0.5,4.0,0.6499999761581421,0.019999999552965164,0.8999999761581421,0.2199999988079071,0.6700000166893005,0.2199999988079071,4161,17089,25602,8450,25602,12802,8386,38405,12737,29570,17155,4-2-3-1,25,11,2,16,9,14,70,4,81,4,7,6,3,0,18,12,3
0.8999999761581421,0.33000001311302185,0.5,0.6499999761581421,4.5,0.15000000596046448,0.6000000238418579,0.6499999761581421,0.3499999940395355,0.3499999940395355,0.8500000238418579,0.15000000596046448,0.10000000149011612,0.5,0.5,0.5,1.0,0.10000000149011612,4.5,0.5,0.019999999552965164,0.8999999761581421,0.2199999988079071,0.6000000238418579,0.2199999988079071,5827,25667,21314,8450,21314,12737,8386,38213,12865,25794,17089,4-1-4-1,25,12,2,15,10,15,71,4,82,2,7,6,31,0,16,13,3
0.8999999761581421,0.2199999988079071,0.5,0.699999988079071,5.0,0.15000000596046448,0.6000000238418579,0.6499999761581421,0.5,0.3499999940395355,0.8500000238418579,0.17499999701976776,0.30000001192092896,0.5,0.5,0.5,1.0,0.10000000149011612,4.0,0.10000000149011612,0.019999999552965164,0.8999999761581421,0.15000000596046448,0.6000000238418579,0.2199999988079071,5827,25794,21185,12737,21314,14145,8581,38341,12737,25667,8450,5-4-1,25,12,0,15,7,5,72,4,83,33,6,5,14,0,16,13,3
0.5,0.5,0.10000000149011612,0.6499999761581421,4.0,0.15000000596046448,0.47999998927116394,0.3499999940395355,0.3499999940395355,0.8999999761581421,0.800000011920929,0.15000000596046448,0.10000000149011612,0.5,0.5,0.800000011920929,3.0,0.5,3.0,0.6499999761581421,0.019999999552965164,0.8999999761581421,0.2199999988079071,0.8500000238418579,0.2199999988079071,5827,21384,33794,8581,21314,12865,8581,33986,12737,38275,21314,4-3-3,27,14,3,23,13,6,73,4,84,8,7,6,17,0,25,15,3
0.6499999761581421,0.6000000238418579,0.4000000059604645,0.6499999761581421,4.0,0.15000000596046448,0.5,0.3499999940395355,0.3499999940395355,0.10000000149011612,0.8500000238418579,0.15000000596046448,0.10000000149011612,0.5,0.5,0.6000000238418579,2.0,0.6000000238418579,4.0,0.8999999761581421,0.019999999552965164,0.8999999761581421,0.2199999988079071,0.8500000238418579,0.2199999988079071,5827,21251,25602,8581,21442,12737,8386,38405,12865,38341,25794,4-4-2,26,13,2,16,12,10,74,4,85,16,7,6,11,0,24,15,3
0.3499999940395355,0.3499999940395355,0.5,0.6499999761581421,5.0,0.15000000596046448,0.3499999940395355,0.8999999761581421,0.3499999940395355,0.10000000149011612,0.8700000047683716,0.15000000596046448,0.10000000149011612,0.6000000238418579,0.5,0.6000000238418579,1.0,0.5,4.0,0.6499999761581421,0.019999999552965164,0.8999999761581421,0.2199999988079071,0.6700000166893005,0.2199999988079071,5827,17155,25794,8450,25794,12737,8450,38405,12737,29957,17089,4-2-3-1,25,11,2,16,9,14,76,4,86,4,7,6,3,0,18,12,3
0.5,0.2199999988079071,0.4000000059604645,0.699999988079071,5.0,0.15000000596046448,0.33000001311302185,0.6499999761581421,0.5,0.3499999940395355,0.8500000238418579,0.17499999701976776,0.30000001192092896,0.5,0.5,0.5,2.0,0.6000000238418579,3.0,0.10000000149011612,0.019999999552965164,0.8999999761581421,0.15000000596046448,0.8500000238418579,0.2199999988079071,4161,17025,21185,12737,21185,12737,8386,38341,12737,38341,8386,5-3-2,26,10,1,15,7,4,77,4,87,31,6,5,24,0,24,13,3
0.5,0.5,0.10000000149011612,0.6499999761581421,4.0,0.15000000596046448,0.47999998927116394,0.3499999940395355,0.3499999940395355,0.8999999761581421,0.800000011920929,0.15000000596046448,0.10000000149011612,0.5,0.5,0.800000011920929,3.0,0.5,3.0,0.6499999761581421,0.019999999552965164,0.8999999761581421,0.2199999988079071,0.8500000238418579,0.2199999988079071,4226,21314,33794,8386,21381,12865,8386,33986,12867,38341,21442,4-3-3,27,14,3,23,13,6,78,4,88,8,7,6,17,0,25,15,3
0.3499999940395355,0.3499999940395355,0.5,0.6499999761581421,5.0,0.15000000596046448,0.3499999940395355,0.8999999761581421,0.3499999940395355,0.10000000149011612,0.8700000047683716,0.15000000596046448,0.10000000149011612,0.6000000238418579,0.5,0.6000000238418579,1.0,0.5,4.0,0.6499999761581421,0.019999999552965164,0.8999999761581421,0.2199999988079071,0.6700000166893005,0.2199999988079071,4161,17153,25602,8386,25602,12802,8386,38405,12865,29634,17155,4-2-3-1,25,11,2,16,9,14,79,4,89,4,7,6,3,0,18,12,3
0.6499999761581421,0.6000000238418579,0.4000000059604645,0.6499999761581421,4.0,0.15000000596046448,0.5,0.3499999940395355,0.3499999940395355,0.10000000149011612,0.8500000238418579,0.15000000596046448,0.10000000149011612,0.5,0.5,0.6000000238418579,2.0,0.6000000238418579,4.0,0.8999999761581421,0.019999999552965164,0.8999999761581421,0.2199999988079071,0.8500000238418579,0.2199999988079071,4226,21314,25602,8581,21314,12802,8581,38405,12802,38275,25602,4-4-2,26,13,2,16,12,10,80,4,90,16,7,6,11,0,24,15,3
0.3499999940395355,0.5,0.4000000059604645,0.5,3.0,0.17499999701976776,0.5,0.10000000149011612,0.30000001192092896,0.5,0.8700000047683716,0.15000000596046448,0.8999999761581421,0.5600000023841858,0.5,0.6700000166893005,2.5,0.6000000238418579,4.5,0.6499999761581421,0.019999999552965164,0.699999988079071,0.5600000023841858,0.8700000047683716,0.15000000596046448,5827,21251,29570,25729,25602,12738,12865,38405,14145,38410,21314,3-4-1-2,26,15,4,18,13,1,81,5,91,23,12,6,29,0,24,16,4
0.6499999761581421,0.6000000238418579,0.4000000059604645,0.6499999761581421,4.0,0.15000000596046448,0.5,0.3499999940395355,0.3499999940395355,0.10000000149011612,0.8500000238418579,0.15000000596046448,0.10000000149011612,0.5,0.5,0.6000000238418579,2.0,0.6000000238418579,4.0,0.8999999761581421,0.019999999552965164,0.8999999761581421,0.2199999988079071,0.8500000238418579,0.2199999988079071,4161,21314,25602,8581,21314,12737,8581,38341,12737,38275,25602,4-4-2,26,13,2,16,12,10,82,4,92,16,7,6,11,0,24,15,3
0.3499999940395355,0.3499999940395355,0.5,0.6499999761581421,5.0,0.15000000596046448,0.3499999940395355,0.8999999761581421,0.3499999940395355,0.10000000149011612,0.8700000047683716,0.15000000596046448,0.10000000149011612,0.6000000238418579,0.5,0.6000000238418579,1.0,0.5,4.0,0.6499999761581421,0.019999999552965164,0.8999999761581421,0.2199999988079071,0.6700000166893005,0.2199999988079071,4161,17160,25669,8386,25602,12802,8386,38213,12865,29570,17155,4-2-3-1,25,11,2,16,9,14,83,4,93,4,7,6,3,0,18,12,3
0.3499999940395355,0.3499999940395355,0.5,0.6499999761581421,5.0,0.15000000596046448,0.3499999940395355,0.8999999761581421,0.3499999940395355,0.10000000149011612,0.8700000047683716,0.15000000596046448,0.10000000149011612,0.6000000238418579,0.5,0.6000000238418579,1.0,0.5,4.0,0.6499999761581421,0.019999999552965164,0.8999999761581421,0.2199999988079071,0.6700000166893005,0.2199999988079071,4226,17155,25602,8386,25602,12865,8386,38405,12865,29570,17155,4-2-3-1,25,11,2,16,9,14,86,4,94,4,7,6,3,0,18,12,3
0.3499999940395355,0.3499999940395355,0.5,0.6499999761581421,5.0,0.15000000596046448,0.3499999940395355,0.8999999761581421,0.3499999940395355,0.10000000149011612,0.8700000047683716,0.15000000596046448,0.10000000149011612,0.6000000238418579,0.5,0.6000000238418579,1.0,0.5,4.0,0.6499999761581421,0.019999999552965164,0.8999999761581421,0.2199999988079071,0.6700000166893005,0.2199999988079071,4161,18306,25794,8581,25794,12737,9987,38405,12737,29570,17089,4-2-3-1,25,11,2,16,9,14,88,4,95,4,7,6,3,0,18,12,3
0.5,0.2199999988079071,0.4000000059604645,0.699999988079071,5.0,0.15000000596046448,0.33000001311302185,0.6499999761581421,0.5,0.3499999940395355,0.8500000238418579,0.17499999701976776,0.30000001192092896,0.5,0.5,0.5,2.0,0.6000000238418579,3.0,0.10000000149011612,0.019999999552965164,0.8999999761581421,0.15000000596046448,0.8500000238418579,0.2199999988079071,4161,17089,21314,12737,21314,12737,8450,38213,12802,38213,8450,5-3-2,26,10,1,15,7,4,89,4,96,31,6,5,24,0,24,13,3
0.3499999940395355,0.3499999940395355,0.5,0.6499999761581421,5.0,0.15000000596046448,0.3499999940395355,0.8999999761581421,0.3499999940395355,0.10000000149011612,0.8700000047683716,0.15000000596046448,0.10000000149011612,0.6000000238418579,0.5,0.6000000238418579,1.0,0.5,4.0,0.6499999761581421,0.019999999552965164,0.8999999761581421,0.2199999988079071,0.6700000166893005,0.2199999988079071,4161,17089,25794,8581,25794,12737,8450,38213,12737,29570,17089,4-2-3-1,25,11,2,16,9,14,91,4,97,4,7,6,3,0,18,12,3
0.8999999761581421,0.33000001311302185,0.5,0.6499999761581421,4.5,0.15000000596046448,0.6000000238418579,0.6499999761581421,0.3499999940395355,0.3499999940395355,0.8500000238418579,0.15000000596046448,0.10000000149011612,0.5,0.5,0.5,1.0,0.10000000149011612,4.5,0.5,0.019999999552965164,0.8999999761581421,0.2199999988079071,0.6000000238418579,0.2199999988079071,4161,25605,21314,8452,21314,12802,8394,38213,12802,25605,17153,4-1-4-1,25,12,2,15,10,15,92,4,98,2,7,6,31,0,16,13,3
0.3499999940395355,0.3499999940395355,0.5,0.6499999761581421,5.0,0.15000000596046448,0.3499999940395355,0.8999999761581421,0.3499999940395355,0.10000000149011612,0.8700000047683716,0.15000000596046448,0.10000000149011612,0.6000000238418579,0.5,0.6000000238418579,1.0,0.5,4.0,0.6499999761581421,0.019999999552965164,0.8999999761581421,0.2199999988079071,0.6700000166893005,0.2199999988079071,4161,17089,25667,8581,25602,12737,8450,38405,12737,29570,17089,4-2-3-1,25,11,2,16,9,14,94,4,99,4,7,6,3,0,18,12,3
0.3499999940395355,0.3499999940395355,0.5,0.6499999761581421,5.0,0.15000000596046448,0.3499999940395355,0.8999999761581421,0.3499999940395355,0.10000000149011612,0.8700000047683716,0.15000000596046448,0.10000000149011612,0.6000000238418579,0.5,0.6000000238418579,1.0,0.5,4.0,0.6499999761581421,0.019999999552965164,0.8999999761581421,0.2199999988079071,0.6700000166893005,0.2199999988079071,4161,17089,25794,8386,25602,12737,9987,38405,12737,29570,17155,4-2-3-1,25,11,2,16,9,14,95,4,100,4,7,6,3,0,18,12,3
0.3499999940395355,0.3499999940395355,0.5,0.6499999761581421,5.0,0.15000000596046448,0.3499999940395355,0.8999999761581421,0.3499999940395355,0.10000000149011612,0.8700000047683716,0.15000000596046448,0.10000000149011612,0.6000000238418579,0.5,0.6000000238418579,1.0,0.5,4.0,0.6499999761581421,0.019999999552965164,0.8999999761581421,0.2199999988079071,0.6700000166893005,0.2199999988079071,4161,17025,25794,8386,25794,12737,8513,38405,12737,29570,17089,4-2-3-1,25,11,2,16,9,14,97,4,101,4,7,6,3,0,18,12,3
0.3499999940395355,0.3499999940395355,0.5,0.6499999761581421,5.0,0.15000000596046448,0.3499999940395355,0.8999999761581421,0.3499999940395355,0.10000000149011612,0.8700000047683716,0.15000000596046448,0.10000000149011612,0.6000000238418579,0.5,0.6000000238418579,1.0,0.5,4.0,0.6499999761581421,0.019999999552965164,0.8999999761581421,0.2199999988079071,0.6700000166893005,0.2199999988079071,5827,18306,25605,8386,25602,12802,8386,38210,12865,29570,17155,4-2-3-1,25,11,2,16,9,14,106,4,102,4,7,6,3,0,18,12,3
0.6499999761581421,0.6000000238418579,0.4000000059604645,0.6499999761581421,4.0,0.15000000596046448,0.5,0.3499999940395355,0.3499999940395355,0.10000000149011612,0.8500000238418579,0.15000000596046448,0.10000000149011612,0.5,0.5,0.6000000238418579,2.0,0.6000000238418579,4.0,0.8999999761581421,0.019999999552965164,0.8999999761581421,0.2199999988079071,0.8500000238418579,0.2199999988079071,4161,21314,25602,8450,21314,12737,8386,38213,12737,38341,25667,4-4-2,26,13,2,16,12,10,109,4,103,16,7,6,11,0,24,15,3
0.5,0.2199999988079071,0.4000000059604645,0.699999988079071,5.0,0.15000000596046448,0.33000001311302185,0.6499999761581421,0.5,0.3499999940395355,0.8500000238418579,0.17499999701976776,0.30000001192092896,0.5,0.5,0.5,2.0,0.6000000238418579,3.0,0.10000000149011612,0.019999999552965164,0.8999999761581421,0.15000000596046448,0.8500000238418579,0.2199999988079071,4161,17155,21442,12737,21185,12737,8581,38341,12737,38213,8581,5-3-2,26,10,1,15,7,4,110,4,104,31,6,5,24,0,24,13,3
0.375,0.5,0.125,0.625,4.0,0.10000000149011612,0.5,0.5,0.375,0.875,0.824999988079071,0.10000000149011612,0.15000000596046448,0.6499999761581421,0.5,0.824999988079071,3.0,0.5,3.0,0.625,0.07500000298023224,0.8500000238418579,0.11249999701976776,0.925000011920929,0.11249999701976776,4161,21314,33794,8386,29570,12737,8386,33794,12737,38405,21314,4-3-3,27,15,3,23,13,6,111,4,105,11,7,6,4,0,25,18,3
0.375,0.5,0.125,0.625,4.0,0.10000000149011612,0.5,0.5,0.375,0.875,0.824999988079071,0.10000000149011612,0.15000000596046448,0.6499999761581421,0.5,0.824999988079071,3.0,0.5,3.0,0.625,0.07500000298023224,0.8500000238418579,0.11249999701976776,0.925000011920929,0.11249999701976776,4161,21314,33794,8386,29570,12737,8386,33794,12737,38405,21314,4-3-3,27,15,3,23,13,6,112,4,106,11,7,6,4,0,25,18,3
0.3499999940395355,0.3499999940395355,0.5,0.6499999761581421,5.0,0.15000000596046448,0.3499999940395355,0.8999999761581421,0.3499999940395355,0.10000000149011612,0.8700000047683716,0.15000000596046448,0.10000000149011612,0.6000000238418579,0.5,0.6000000238418579,1.0,0.5,4.0,0.6499999761581421,0.019999999552965164,0.8999999761581421,0.2199999988079071,0.6700000166893005,0.2199999988079071,4161,17089,25794,8450,25602,12737,8581,38213,12737,29570,17155,4-2-3-1,25,11,2,16,9,14,121,4,107,4,7,6,3,0,18,12,3
0.6499999761581421,0.2199999988079071,0.4000000059604645,0.699999988079071,6.0,0.15000000596046448,0.5,0.3499999940395355,0.5,0.5,0.8700000047683716,0.17499999701976776,0.30000001192092896,0.5,0.5,0.6700000166893005,2.0,0.6000000238418579,2.0,0.10000000149011612,0.019999999552965164,0.8999999761581421,0.15000000596046448,0.8700000047683716,0.2199999988079071,4161,21314,29957,12737,21314,12737,8581,38405,12737,38341,8581,5-2-1-2,26,13,1,18,7,4,127,4,108,29,6,5,35,0,24,15,3
0.3499999940395355,0.3499999940395355,0.5,0.6499999761581421,5.0,0.15000000596046448,0.3499999940395355,0.8999999761581421,0.3499999940395355,0.10000000149011612,0.8700000047683716,0.15000000596046448,0.10000000149011612,0.6000000238418579,0.5,0.6000000238418579,1.0,0.5,4.0,0.6499999761581421,0.019999999552965164,0.8999999761581421,0.2199999988079071,0.6700000166893005,0.2199999988079071,5827,18306,25605,8450,25667,12865,8450,38341,12802,29570,17089,4-2-3-1,25,11,2,16,9,14,135,4,109,4,7,6,3,0,18,12,3
0.8999999761581421,0.33000001311302185,0.5,0.6499999761581421,4.5,0.15000000596046448,0.6000000238418579,0.6499999761581421,0.3499999940395355,0.3499999940395355,0.8500000238418579,0.15000000596046448,0.10000000149011612,0.5,0.5,0.5,1.0,0.10000000149011612,4.5,0.5,0.019999999552965164,0.8999999761581421,0.2199999988079071,0.6000000238418579,0.2199999988079071,4161,25602,21381,8386,21314,12737,8450,38405,12737,25794,17089,4-1-4-1,25,12,2,15,10,15,142,4,110,2,7,6,31,0,16,13,3
0.3499999940395355,0.3499999940395355,0.5,0.6499999761581421,5.0,0.15000000596046448,0.3499999940395355,0.8999999761581421,0.3499999940395355,0.10000000149011612,0.8700000047683716,0.15000000596046448,0.10000000149011612,0.6000000238418579,0.5,0.6000000238418579,1.0,0.5,4.0,0.6499999761581421,0.019999999552965164,0.8999999761581421,0.2199999988079071,0.6700000166893005,0.2199999988079071,4161,17089,25794,8386,25729,12737,8386,38405,12737,29634,17089,4-2-3-1,25,11,2,16,9,14,143,4,111,4,7,6,3,0,18,12,3
0.3499999940395355,0.3499999940395355,0.5,0.6499999761581421,5.0,0.15000000596046448,0.3499999940395355,0.8999999761581421,0.3499999940395355,0.10000000149011612,0.8700000047683716,0.15000000596046448,0.10000000149011612,0.6000000238418579,0.5,0.6000000238418579,1.0,0.5,4.0,0.6499999761581421,0.019999999552965164,0.8999999761581421,0.2199999988079071,0.6700000166893005,0.2199999988079071,4161,17096,25669,8450,25794,12865,8386,38213,12802,29634,17089,4-2-3-1,25,11,2,16,9,14,144,4,112,4,7,6,3,0,18,12,3
0.3499999940395355,0.3499999940395355,0.5,0.6499999761581421,5.0,0.15000000596046448,0.3499999940395355,0.8999999761581421,0.3499999940395355,0.10000000149011612,0.8700000047683716,0.15000000596046448,0.10000000149011612,0.6000000238418579,0.5,0.6000000238418579,1.0,0.5,4.0,0.6499999761581421,0.019999999552965164,0.8999999761581421,0.2199999988079071,0.6700000166893005,0.2199999988079071,4161,17089,25602,9987,25794,12737,9987,38405,12737,29570,17089,4-2-3-1,25,11,2,16,9,14,149,4,113,4,7,6,3,0,18,12,3
0.8999999761581421,0.33000001311302185,0.5,0.6499999761581421,4.5,0.15000000596046448,0.6000000238418579,0.6499999761581421,0.3499999940395355,0.3499999940395355,0.8500000238418579,0.15000000596046448,0.10000000149011612,0.5,0.5,0.5,1.0,0.10000000149011612,4.5,0.5,0.019999999552965164,0.8999999761581421,0.2199999988079071,0.6000000238418579,0.2199999988079071,5827,25602,21442,9987,21442,14145,8581,38275,12737,25667,17025,4-1-4-1,25,12,2,15,10,15,159,4,114,2,7,6,31,0,16,13,3
0.3499999940395355,0.3499999940395355,0.5,0.6499999761581421,5.0,0.15000000596046448,0.3499999940395355,0.8999999761581421,0.3499999940395355,0.10000000149011612,0.8700000047683716,0.15000000596046448,0.10000000149011612,0.6000000238418579,0.5,0.6000000238418579,1.0,0.5,4.0,0.6499999761581421,0.019999999552965164,0.8999999761581421,0.2199999988079071,0.6700000166893005,0.2199999988079071,4161,17160,25602,8450,25794,12737,8513,38213,12870,29570,18306,4-2-3-1,25,11,2,16,9,14,160,4,115,4,7,6,3,0,18,12,3
0.3499999940395355,0.3499999940395355,0.5,0.6499999761581421,5.0,0.15000000596046448,0.3499999940395355,0.8999999761581421,0.3499999940395355,0.10000000149011612,0.8700000047683716,0.15000000596046448,0.10000000149011612,0.6000000238418579,0.5,0.6000000238418579,1.0,0.5,4.0,0.6499999761581421,0.019999999552965164,0.8999999761581421,0.2199999988079071,0.6700000166893005,0.2199999988079071,5827,17089,25797,8581,25794,12802,9987,38405,12802,29570,17025,4-2-3-1,25,11,2,16,9,14,162,4,116,4,7,6,3,0,18,12,3
0.3499999940395355,0.3499999940395355,0.5,0.6499999761581421,5.0,0.15000000596046448,0.3499999940395355,0.8999999761581421,0.3499999940395355,0.10000000149011612,0.8700000047683716,0.15000000596046448,0.10000000149011612,0.6000000238418579,0.5,0.6000000238418579,1.0,0.5,4.0,0.6499999761581421,0.019999999552965164,0.8999999761581421,0.2199999988079071,0.6700000166893005,0.2199999988079071,4161,17153,25605,8386,25602,14145,8450,38346,12802,29634,17025,4-2-3-1,25,11,2,16,9,14,165,4,117,4,7,6,3,0,18,12,3
0.3499999940395355,0.3499999940395355,0.5,0.6499999761581421,5.0,0.15000000596046448,0.3499999940395355,0.8999999761581421,0.3499999940395355,0.10000000149011612,0.8700000047683716,0.15000000596046448,0.10000000149011612,0.6000000238418579,0.5,0.6000000238418579,1.0,0.5,4.0,0.6499999761581421,0.019999999552965164,0.8999999761581421,0.2199999988079071,0.6700000166893005,0.2199999988079071,5827,17155,25797,8513,25602,12802,8386,38405,12865,29637,17160,4-2-3-1,25,11,2,16,9,14,166,4,118,4,7,6,3,0,18,12,3
0.5,0.2199999988079071,0.4000000059604645,0.699999988079071,5.0,0.15000000596046448,0.33000001311302185,0.6499999761581421,0.5,0.3499999940395355,0.8500000238418579,0.17499999701976776,0.30000001192092896,0.5,0.5,0.5,2.0,0.6000000238418579,3.0,0.10000000149011612,0.019999999552965164,0.8999999761581421,0.15000000596046448,0.8500000238418579,0.2199999988079071,4226,17096,21381,12802,21445,12802,8450,38210,12737,38277,8581,5-3-2,26,10,1,15,7,4,169,4,119,31,6,5,24,0,24,13,3
0.6499999761581421,0.33000001311302185,0.10000000149011612,0.6499999761581421,4.0,0.15000000596046448,0.5,0.3499999940395355,0.3499999940395355,0.8999999761581421,0.800000011920929,0.15000000596046448,0.10000000149011612,0.5,0.5,0.800000011920929,3.0,0.5,3.0,0.5,0.019999999552965164,0.8999999761581421,0.2199999988079071,0.8500000238418579,0.2199999988079071,5827,21384,33992,8581,21442,12802,8581,33986,12865,38213,17155,4-3-3,27,13,3,23,10,6,171,4,120,9,7,6,7,0,25,15,3
0.5,0.2199999988079071,0.4000000059604645,0.699999988079071,5.0,0.15000000596046448,0.33000001311302185,0.6499999761581421,0.5,0.3499999940395355,0.8500000238418579,0.17499999701976776,0.30000001192092896,0.5,0.5,0.5,2.0,0.6000000238418579,3.0,0.10000000149011612,0.019999999552965164,0.8999999761581421,0.15000000596046448,0.8500000238418579,0.2199999988079071,5827,17095,21251,12865,21445,12737,8452,38277,12802,38405,8580,5-3-2,26,10,1,15,7,4,175,4,121,31,6,5,24,0,24,13,3
0.3499999940395355,0.3499999940395355,0.5,0.6499999761581421,5.0,0.15000000596046448,0.3499999940395355,0.8999999761581421,0.3499999940395355,0.10000000149011612,0.8700000047683716,0.15000000596046448,0.10000000149011612,0.6000000238418579,0.5,0.6000000238418579,1.0,0.5,4.0,0.6499999761581421,0.019999999552965164,0.8999999761581421,0.2199999988079071,0.6700000166893005,0.2199999988079071,4161,17089,25794,8581,25602,12737,8450,38405,12737,29571,17089,4-2-3-1,25,11,2,16,9,14,180,4,122,4,7,6,3,0,18,12,3
0.3499999940395355,0.5,0.10000000149011612,0.5,3.0,0.17499999701976776,0.5,0.10000000149011612,0.30000001192092896,0.8999999761581421,0.800000011920929,0.15000000596046448,0.8999999761581421,0.5600000023841858,0.5,0.800000011920929,3.0,0.5,4.0,0.6499999761581421,0.019999999552965164,0.699999988079071,0.5600000023841858,0.8500000238418579,0.15000000596046448,4161,21249,33794,25602,25602,12737,12865,33802,12865,38213,21251,3-4-3,27,15,4,23,13,0,181,5,123,25,12,6,2,0,25,16,4
0.3499999940395355,0.3499999940395355,0.5,0.6499999761581421,5.0,0.15000000596046448,0.3499999940395355,0.8999999761581421,0.3499999940395355,0.10000000149011612,0.8700000047683716,0.15000000596046448,0.10000000149011612,0.6000000238418579,0.5,0.6000000238418579,1.0,0.5,4.0,0.6499999761581421,0.019999999552965164,0.8999999761581421,0.2199999988079071,0.6700000166893005,0.2199999988079071,5827,17089,25667,8450,25794,12802,8581,38341,12865,29634,17155,4-2-3-1,25,11,2,16,9,14,189,4,124,4,7,6,3,0,18,12,3
0.3499999940395355,0.3499999940395355,0.4000000059604645,0.6499999761581421,5.0,0.15000000596046448,0.3499999940395355,0.75,0.3499999940395355,0.25,0.8700000047683716,0.15000000596046448,0.10000000149011612,0.6700000166893005,0.5,0.6700000166893005,2.0,0.6000000238418579,3.0,0.6499999761581421,0.019999999552965164,0.8999999761581421,0.2199999988079071,0.8700000047683716,0.2199999988079071,4161,17155,29634,8581,29957,12802,8450,38341,12802,38341,17985,4-2-2-2,26,11,2,19,9,10,191,4,125,13,7,6,32,0,24,17,3
0.5,0.5,0.5,0.6499999761581421,4.0,0.15000000596046448,0.47999998927116394,0.3499999940395355,0.3499999940395355,0.75,0.8500000238418579,0.15000000596046448,0.10000000149011612,0.5,0.5,0.699999988079071,2.5,0.25,3.5,0.6499999761581421,0.019999999552965164,0.8999999761581421,0.2199999988079071,0.699999988079071,0.2199999988079071,4161,21251,29570,8386,21442,12737,8581,38405,12737,29957,21442,4-3-2-1,25,14,2,17,13,8,200,4,126,7,7,6,20,0,19,15,3
0.5,0.2199999988079071,0.4000000059604645,0.699999988079071,5.0,0.15000000596046448,0.33000001311302185,0.6499999761581421,0.5,0.3499999940395355,0.8500000238418579,0.17499999701976776,0.30000001192092896,0.5,0.5,0.5,2.0,0.6000000238418579,3.0,0.10000000149011612,0.019999999552965164,0.8999999761581421,0.15000000596046448,0.8500000238418579,0.2199999988079071,5827,17155,21314,14145,21314,12737,8450,38213,12737,38275,8450,5-3-2,26,10,1,15,7,4,205,4,127,31,6,5,24,0,24,13,3
0.5,0.2199999988079071,0.4000000059604645,0.699999988079071,5.0,0.15000000596046448,0.33000001311302185,0.6499999761581421,0.5,0.3499999940395355,0.8500000238418579,0.17499999701976776,0.30000001192092896,0.5,0.5,0.5,2.0,0.6000000238418579,3.0,0.10000000149011612,0.019999999552965164,0.8999999761581421,0.15000000596046448,0.8500000238418579,0.2199999988079071,4161,17089,21314,14145,21185,12737,8450,38341,12737,38213,8450,5-3-2,26,10,1,15,7,4,206,4,128,31,6,5,24,0,24,13,3
0.3499999940395355,0.5,0.5,0.5,3.0,0.17499999701976776,0.5,0.10000000149011612,0.30000001192092896,0.75,0.8700000047683716,0.15000000596046448,0.8999999761581421,0.5600000023841858,0.5,0.699999988079071,2.0,0.25,5.0,0.6499999761581421,0.019999999552965164,0.699999988079071,0.5600000023841858,0.699999988079071,0.15000000596046448,4161,21314,29570,25602,25729,12737,12802,38405,12865,29570,21185,3-4-2-1,25,15,3,17,13,19,209,5,129,24,12,6,21,0,19,16,4
0.3499999940395355,0.5,0.10000000149011612,0.6499999761581421,4.0,0.15000000596046448,0.5,0.5,0.3499999940395355,0.8999999761581421,0.800000011920929,0.15000000596046448,0.10000000149011612,0.6700000166893005,0.5,0.800000011920929,3.0,0.5,3.0,0.6499999761581421,0.019999999552965164,0.8999999761581421,0.2199999988079071,0.8700000047683716,0.2199999988079071,4161,21185,33861,8386,29570,12865,8386,33794,12737,38405,21251,4-3-3,27,15,3,23,13,6,211,4,130,11,7,6,4,0,25,18,3
0.3499999940395355,0.5,0.5,0.5,3.0,0.17499999701976776,0.5,0.10000000149011612,0.30000001192092896,0.75,0.8700000047683716,0.15000000596046448,0.8999999761581421,0.5600000023841858,0.5,0.699999988079071,2.0,0.25,5.0,0.6499999761581421,0.019999999552965164,0.699999988079071,0.5600000023841858,0.699999988079071,0.15000000596046448,5827,21251,29634,25729,25729,12737,14145,38405,12737,29634,21314,3-4-2-1,25,15,3,17,13,19,217,5,131,24,12,6,21,0,19,16,4
0.3499999940395355,0.3499999940395355,0.5,0.6499999761581421,5.0,0.15000000596046448,0.3499999940395355,0.8999999761581421,0.3499999940395355,0.10000000149011612,0.8700000047683716,0.15000000596046448,0.10000000149011612,0.6000000238418579,0.5,0.6000000238418579,1.0,0.5,4.0,0.6499999761581421,0.019999999552965164,0.8999999761581421,0.2199999988079071,0.6700000166893005,0.2199999988079071,5827,17985,25794,8450,25794,12737,8581,38275,12865,29570,17155,4-2-3-1,25,11,2,16,9,14,219,4,132,4,7,6,3,0,18,12,3
0.3499999940395355,0.3499999940395355,0.5,0.6499999761581421,5.0,0.15000000596046448,0.3499999940395355,0.8999999761581421,0.3499999940395355,0.10000000149011612,0.8700000047683716,0.15000000596046448,0.10000000149011612,0.6000000238418579,0.5,0.6000000238418579,1.0,0.5,4.0,0.6499999761581421,0.019999999552965164,0.8999999761581421,0.2199999988079071,0.6700000166893005,0.2199999988079071,4161,17089,25794,8450,25669,12737,8450,38341,12737,29570,17089,4-2-3-1,25,11,2,16,9,14,229,4,133,4,7,6,3,0,18,12,3
0.3499999940395355,0.5,0.10000000149011612,0.5,3.0,0.17499999701976776,0.5,0.10000000149011612,0.30000001192092896,0.8999999761581421,0.800000011920929,0.15000000596046448,0.8999999761581421,0.5600000023841858,0.5,0.800000011920929,3.0,0.5,4.0,0.6499999761581421,0.019999999552965164,0.699999988079071,0.5600000023841858,0.8500000238418579,0.15000000596046448,4161,21314,33794,25794,25794,12737,12865,33794,12865,38405,21314,3-4-3,27,15,4,23,13,0,230,5,134,25,12,6,2,0,25,16,4
0.5,0.5,0.10000000149011612,0.6499999761581421,4.0,0.15000000596046448,0.47999998927116394,0.3499999940395355,0.3499999940395355,0.8999999761581421,0.800000011920929,0.15000000596046448,0.10000000149011612,0.5,0.5,0.800000011920929,3.0,0.5,3.0,0.6499999761581421,0.019999999552965164,0.8999999761581421,0.2199999988079071,0.8500000238418579,0.2199999988079071,4226,21314,33794,8450,21314,12737,8386,33794,12865,38213,21314,4-3-3,27,14,3,23,13,6,231,4,135,8,7,6,17,0,25,15,3
0.3499999940395355,0.3499999940395355,0.5,0.6499999761581421,5.0,0.15000000596046448,0.3499999940395355,0.8999999761581421,0.3499999940395355,0.10000000149011612,0.8700000047683716,0.15000000596046448,0.10000000149011612,0.6000000238418579,0.5,0.6000000238418579,1.0,0.5,4.0,0.6499999761581421,0.019999999552965164,0.8999999761581421,0.2199999988079071,0.6700000166893005,0.2199999988079071,4226,17155,25602,8386,25602,12737,8450,38405,12737,29570,17089,4-2-3-1,25,11,2,16,9,14,232,4,136,4,7,6,3,0,18,12,3
0.3499999940395355,0.3499999940395355,0.5,0.6499999761581421,5.0,0.15000000596046448,0.3499999940395355,0.8999999761581421,0.3499999940395355,0.10000000149011612,0.8700000047683716,0.15000000596046448,0.10000000149011612,0.6000000238418579,0.5,0.6000000238418579,1.0,0.5,4.0,0.6499999761581421,0.019999999552965164,0.8999999761581421,0.2199999988079071,0.6700000166893005,0.2199999988079071,4161,17155,25794,8452,25729,12737,8581,38405,12806,29570,18306,4-2-3-1,25,11,2,16,9,14,234,4,137,4,7,6,3,0,18,12,3
0.6499999761581421,0.33000001311302185,0.10000000149011612,0.6499999761581421,4.0,0.15000000596046448,0.5,0.3499999940395355,0.3499999940395355,0.8999999761581421,0.800000011920929,0.15000000596046448,0.10000000149011612,0.5,0.5,0.800000011920929,3.0,0.5,3.0,0.5,0.019999999552965164,0.8999999761581421,0.2199999988079071,0.8500000238418579,0.2199999988079071,4226,21319,33859,8450,21381,12738,8450,33986,12867,38213,17155,4-3-3,27,13,3,23,10,6,236,4,138,9,7,6,7,0,25,15,3
0.3499999940395355,0.3499999940395355,0.5,0.6499999761581421,5.0,0.15000000596046448,0.3499999940395355,0.8999999761581421,0.3499999940395355,0.10000000149011612,0.8700000047683716,0.15000000596046448,0.10000000149011612,0.6000000238418579,0.5,0.6000000238418579,1.0,0.5,4.0,0.6499999761581421,0.019999999552965164,0.8999999761581421,0.2199999988079071,0.6700000166893005,0.2199999988079071,4161,17155,25794,8581,25794,12865,8450,38341,12865,29576,17095,4-2-3-1,25,11,2,16,9,14,237,4,139,4,7,6,3,0,18,12,3
0.6499999761581421,0.6000000238418579,0.4000000059604645,0.6499999761581421,4.0,0.15000000596046448,0.5,0.3499999940395355,0.3499999940395355,0.10000000149011612,0.8500000238418579,0.15000000596046448,0.10000000149011612,0.5,0.5,0.6000000238418579,2.0,0.6000000238418579,4.0,0.8999999761581421,0.019999999552965164,0.8999999761581421,0.2199999988079071,0.8500000238418579,0.2199999988079071,4161,21314,25667,8386,21251,12737,9987,38405,12865,38275,25729,4-4-2,26,13,2,16,12,10,240,4,140,16,7,6,11,0,24,15,3
0.3499999940395355,0.3499999940395355,0.10000000149011612,0.6499999761581421,4.0,0.15000000596046448,0.3499999940395355,0.5,0.3499999940395355,0.8999999761581421,0.800000011920929,0.15000000596046448,0.10000000149011612,0.6700000166893005,0.5,0.800000011920929,3.0,0.5,3.0,0.6499999761581421,0.019999999552965164,0.8999999761581421,0.2199999988079071,0.8700000047683716,0.2199999988079071,5827,17155,33794,8450,29957,12865,8450,33794,12865,38341,17155,4-2-1-3,27,11,3,23,9,18,241,4,141,36,7,6,27,0,25,18,3
0.3499999940395355,0.3499999940395355,0.5,0.6499999761581421,5.0,0.15000000596046448,0.3499999940395355,0.8999999761581421,0.3499999940395355,0.10000000149011612,0.8700000047683716,0.15000000596046448,0.10000000149011612,0.6000000238418579,0.5,0.6000000238418579,1.0,0.5,4.0,0.6499999761581421,0.019999999552965164,0.8999999761581421,0.2199999988079071,0.6700000166893005,0.2199999988079071,4161,17089,25794,8386,25794,12737,8386,38341,12737,29570,17089,4-2-3-1,25,11,2,16,9,14,242,4,142,4,7,6,3,0,18,12,3
0.6499999761581421,0.33000001311302185,0.4000000059604645,0.6499999761581421,4.0,0.15000000596046448,0.5,0.3499999940395355,0.3499999940395355,0.5,0.8700000047683716,0.15000000596046448,0.10000000149011612,0.5,0.5,0.6700000166893005,2.5,0.6000000238418579,3.5,0.5,0.019999999552965164,0.8999999761581421,0.2199999988079071,0.8700000047683716,0.2199999988079071,5827,21442,29570,8450,21381,12802,8581,38410,12865,38405,17089,4-1-2-1-2,26,13,2,18,10,11,243,4,143,15,7,6,9,0,24,15,3
0.3499999940395355,0.3499999940395355,0.5,0.6499999761581421,5.0,0.15000000596046448,0.3499999940395355,0.8999999761581421,0.3499999940395355,0.10000000149011612,0.8700000047683716,0.15000000596046448,0.10000000149011612,0.6000000238418579,0.5,0.6000000238418579,1.0,0.5,4.0,0.6499999761581421,0.019999999552965164,0.8999999761581421,0.2199999988079071,0.6700000166893005,0.2199999988079071,4161,17089,25667,8450,25794,12737,8386,38405,12737,29570,17089,4-2-3-1,25,11,2,16,9,14,244,4,144,4,7,6,3,0,18,12,3
0.6499999761581421,0.33000001311302185,0.10000000149011612,0.6499999761581421,4.0,0.15000000596046448,0.5,0.3499999940395355,0.3499999940395355,0.8999999761581421,0.800000011920929,0.15000000596046448,0.10000000149011612,0.5,0.5,0.800000011920929,3.0,0.5,3.0,0.5,0.019999999552965164,0.8999999761581421,0.2199999988079071,0.8500000238418579,0.2199999988079071,4226,21319,33859,8450,21384,12737,8581,33989,12867,38213,17096,4-3-3,27,13,3,23,10,6,245,4,145,9,7,6,7,0,25,15,3
0.6499999761581421,0.33000001311302185,0.10000000149011612,0.6499999761581421,4.0,0.15000000596046448,0.5,0.3499999940395355,0.3499999940395355,0.8999999761581421,0.800000011920929,0.15000000596046448,0.10000000149011612,0.5,0.5,0.800000011920929,3.0,0.5,3.0,0.5,0.019999999552965164,0.8999999761581421,0.2199999988079071,0.8500000238418579,0.2199999988079071,4161,21314,33986,8452,21251,12737,8452,33797,12737,38341,17096,4-3-3,27,13,3,23,10,6,246,4,146,9,7,6,7,0,25,15,3
0.6499999761581421,0.33000001311302185,0.10000000149011612,0.6499999761581421,4.0,0.15000000596046448,0.5,0.3499999940395355,0.3499999940395355,0.8999999761581421,0.800000011920929,0.15000000596046448,0.10000000149011612,0.5,0.5,0.800000011920929,3.0,0.5,3.0,0.5,0.019999999552965164,0.8999999761581421,0.2199999988079071,0.8500000238418579,0.2199999988079071,4161,21381,33986,9989,21314,12802,8581,33794,12867,38404,17160,4-3-3,27,13,3,23,10,6,247,4,147,9,7,6,7,0,25,15,3
0.3499999940395355,0.5,0.4000000059604645,0.5,3.0,0.17499999701976776,0.5,0.10000000149011612,0.30000001192092896,0.5,0.8700000047683716,0.15000000596046448,0.8999999761581421,0.5600000023841858,0.5,0.6700000166893005,2.5,0.6000000238418579,4.5,0.6499999761581421,0.019999999552965164,0.699999988079071,0.5600000023841858,0.8700000047683716,0.15000000596046448,4161,21251,29570,25794,25794,12802,12737,38405,12737,38275,21442,3-4-1-2,26,15,4,18,13,1,252,5,148,23,12,6,29,0,24,16,4
0.3499999940395355,0.5,0.10000000149011612,0.5,3.0,0.17499999701976776,0.5,0.10000000149011612,0.30000001192092896,0.8999999761581421,0.800000011920929,0.15000000596046448,0.8999999761581421,0.5600000023841858,0.5,0.800000011920929,3.0,0.5,4.0,0.6499999761581421,0.019999999552965164,0.699999988079071,0.5600000023841858,0.8500000238418579,0.15000000596046448,5827,21381,33986,25794,25602,12737,12802,33986,12802,38341,21314,3-4-3,27,15,4,23,13,0,254,5,149,25,12,6,2,0,25,16,4
0.3499999940395355,0.5,0.5,0.5,3.0,0.17499999701976776,0.5,0.10000000149011612,0.30000001192092896,0.75,0.8700000047683716,0.15000000596046448,0.8999999761581421,0.5600000023841858,0.5,0.699999988079071,2.0,0.25,5.0,0.6499999761581421,0.019999999552965164,0.699999988079071,0.5600000023841858,0.699999988079071,0.15000000596046448,4226,21185,29570,25729,25794,12737,12865,38341,12802,29634,21185,3-4-2-1,25,15,3,17,13,19,256,5,150,24,12,6,21,0,19,16,4
0.3499999940395355,0.5,0.10000000149011612,0.6499999761581421,4.0,0.15000000596046448,0.5,0.5,0.3499999940395355,0.8999999761581421,0.800000011920929,0.15000000596046448,0.10000000149011612,0.6700000166893005,0.5,0.800000011920929,3.0,0.5,3.0,0.6499999761581421,0.019999999552965164,0.8999999761581421,0.2199999988079071,0.8700000047683716,0.2199999988079071,4161,21251,33794,8386,29570,12737,8386,33794,12865,38213,21314,4-3-3,27,15,3,23,13,6,263,4,151,11,7,6,4,0,25,18,3
0.3499999940395355,0.5,0.4000000059604645,0.5,3.0,0.17499999701976776,0.5,0.10000000149011612,0.30000001192092896,0.5,0.8700000047683716,0.15000000596046448,0.8999999761581421,0.5600000023841858,0.5,0.6700000166893005,2.5,0.6000000238418579,4.5,0.6499999761581421,0.019999999552965164,0.699999988079071,0.5600000023841858,0.8700000047683716,0.15000000596046448,4161,21314,29570,25729,25602,12737,12865,38405,12865,38405,21314,3-4-1-2,26,15,4,18,13,1,266,5,152,23,12,6,29,0,24,16,4
0.3499999940395355,0.5,0.10000000149011612,0.5,3.0,0.17499999701976776,0.5,0.10000000149011612,0.30000001192092896,0.8999999761581421,0.800000011920929,0.15000000596046448,0.8999999761581421,0.5600000023841858,0.5,0.800000011920929,3.0,0.5,4.0,0.6499999761581421,0.019999999552965164,0.699999988079071,0.5600000023841858,0.8500000238418579,0.15000000596046448,4226,21381,33794,25602,25602,12737,12737,33794,12865,38405,21314,3-4-3,27,15,4,23,13,0,267,5,153,25,12,6,2,0,25,16,4
0.3499999940395355,0.3499999940395355,0.5,0.6499999761581421,5.0,0.15000000596046448,0.3499999940395355,0.8999999761581421,0.3499999940395355,0.10000000149011612,0.8700000047683716,0.15000000596046448,0.10000000149011612,0.6000000238418579,0.5,0.6000000238418579,1.0,0.5,4.0,0.6499999761581421,0.019999999552965164,0.8999999761581421,0.2199999988079071,0.6700000166893005,0.2199999988079071,5827,18306,25794,8581,25794,12737,8450,38341,12865,29634,17155,4-2-3-1,25,11,2,16,9,14,269,4,154,4,7,6,3,0,18,12,3
0.5,0.5,0.5,0.6499999761581421,4.0,0.15000000596046448,0.47999998927116394,0.3499999940395355,0.3499999940395355,0.75,0.8500000238418579,0.15000000596046448,0.10000000149011612,0.5,0.5,0.699999988079071,2.5,0.25,3.5,0.6499999761581421,0.019999999552965164,0.8999999761581421,0.2199999988079071,0.699999988079071,0.2199999988079071,4161,21249,29570,8450,21445,12737,8450,38341,12737,29634,21314,4-3-2-1,25,14,2,17,13,8,270,4,155,7,7,6,20,0,19,15,3
0.3499999940395355,0.5,0.10000000149011612,0.5,3.0,0.17499999701976776,0.5,0.10000000149011612,0.30000001192092896,0.8999999761581421,0.800000011920929,0.15000000596046448,0.8999999761581421,0.5600000023841858,0.5,0.800000011920929,3.0,0.5,4.0,0.6499999761581421,0.019999999552965164,0.699999988079071,0.5600000023841858,0.8500000238418579,0.15000000596046448,5827,21314,33986,25667,25794,12737,12865,33859,12865,38405,21381,3-4-3,27,15,4,23,13,0,271,5,156,25,12,6,2,0,25,16,4
0.6499999761581421,0.6000000238418579,0.4000000059604645,0.6499999761581421,4.0,0.15000000596046448,0.5,0.3499999940395355,0.3499999940395355,0.10000000149011612,0.8500000238418579,0.15000000596046448,0.10000000149011612,0.5,0.5,0.6000000238418579,2.0,0.6000000238418579,4.0,0.8999999761581421,0.019999999552965164,0.8999999761581421,0.2199999988079071,0.8500000238418579,0.2199999988079071,5827,21251,25602,8581,21251,12865,8581,38405,12737,38405,25602,4-4-2,26,13,2,16,12,10,272,4,157,16,7,6,11,0,24,15,3
0.6499999761581421,0.6000000238418579,0.4000000059604645,0.6499999761581421,4.0,0.15000000596046448,0.5,0.3499999940395355,0.3499999940395355,0.10000000149011612,0.8500000238418579,0.15000000596046448,0.10000000149011612,0.5,0.5,0.6000000238418579,2.0,0.6000000238418579,4.0,0.8999999761581421,0.019999999552965164,0.8999999761581421,0.2199999988079071,0.8500000238418579,0.2199999988079071,4161,21314,25602,8386,21381,12737,8386,38405,12802,38341,25729,4-4-2,26,13,2,16,12,10,278,4,158,16,7,6,11,0,24,15,3
0.3499999940395355,0.3499999940395355,0.5,0.6499999761581421,5.0,0.15000000596046448,0.3499999940395355,0.8999999761581421,0.3499999940395355,0.10000000149011612,0.8700000047683716,0.15000000596046448,0.10000000149011612,0.6000000238418579,0.5,0.6000000238418579,1.0,0.5,4.0,0.6499999761581421,0.019999999552965164,0.8999999761581421,0.2199999988079071,0.6700000166893005,0.2199999988079071,4226,17155,25667,8513,25667,12865,8386,38341,12865,29957,17155,4-2-3-1,25,11,2,16,9,14,280,4,159,4,7,6,3,0,18,12,3
0.8999999761581421,0.33000001311302185,0.5,0.6499999761581421,4.5,0.15000000596046448,0.6000000238418579,0.6499999761581421,0.3499999940395355,0.3499999940395355,0.8500000238418579,0.15000000596046448,0.10000000149011612,0.5,0.5,0.5,1.0,0.10000000149011612,4.5,0.5,0.019999999552965164,0.8999999761581421,0.2199999988079071,0.6000000238418579,0.2199999988079071,4161,25667,21314,8513,21384,12802,8386,38405,12737,25794,17089,4-1-4-1,25,12,2,15,10,15,294,4,160,2,7,6,31,0,16,13,3
0.6499999761581421,0.6000000238418579,0.4000000059604645,0.6499999761581421,4.0,0.15000000596046448,0.5,0.3499999940395355,0.3499999940395355,0.10000000149011612,0.8500000238418579,0.15000000596046448,0.10000000149011612,0.5,0.5,0.6000000238418579,2.0,0.6000000238418579,4.0,0.8999999761581421,0.019999999552965164,0.8999999761581421,0.2199999988079071,0.8500000238418579,0.2199999988079071,4161,21185,25602,8581,21251,12865,9987,38275,12865,38213,25602,4-4-2,26,13,2,16,12,10,298,4,161,16,7,6,11,0,24,15,3
0.8999999761581421,0.33000001311302185,0.5,0.6499999761581421,4.5,0.15000000596046448,0.6000000238418579,0.6499999761581421,0.3499999940395355,0.3499999940395355,0.8500000238418579,0.15000000596046448,0.10000000149011612,0.5,0.5,0.5,1.0,0.10000000149011612,4.5,0.5,0.019999999552965164,0.8999999761581421,0.2199999988079071,0.6000000238418579,0.2199999988079071,5827,25602,21442,8581,21314,12865,8450,38341,12802,25794,17155,4-1-4-1,25,12,2,15,10,15,300,4,162,2,7,6,31,0,16,13,3
0.3499999940395355,0.5,0.5,0.5,3.0,0.17499999701976776,0.5,0.10000000149011612,0.30000001192092896,0.75,0.8700000047683716,0.15000000596046448,0.8999999761581421,0.5600000023841858,0.5,0.699999988079071,2.0,0.25,5.0,0.6499999761581421,0.019999999552965164,0.699999988079071,0.5600000023841858,0.699999988079071,0.15000000596046448,4161,21185,29570,25602,25667,12865,12737,38405,12865,29570,21185,3-4-2-1,25,15,3,17,13,19,301,5,163,24,12,6,21,0,19,16,4
0.3499999940395355,0.3499999940395355,0.5,0.6499999761581421,5.0,0.15000000596046448,0.3499999940395355,0.8999999761581421,0.3499999940395355,0.10000000149011612,0.8700000047683716,0.15000000596046448,0.10000000149011612,0.6000000238418579,0.5,0.6000000238418579,1.0,0.5,4.0,0.6499999761581421,0.019999999552965164,0.8999999761581421,0.2199999988079071,0.6700000166893005,0.2199999988079071,4161,17985,25605,8513,25605,12737,8386,38341,12737,29957,17096,4-2-3-1,25,11,2,16,9,14,305,4,164,4,7,6,3,0,18,12,3
0.6499999761581421,0.5600000023841858,0.4000000059604645,0.5,3.5,0.17499999701976776,0.5,0.3499999940395355,0.30000001192092896,0.10000000149011612,0.8500000238418579,0.15000000596046448,0.5,0.5,0.5,0.5600000023841858,2.0,0.6000000238418579,4.5,0.8999999761581421,0.019999999552965164,0.699999988079071,0.3499999940395355,0.8500000238418579,0.15000000596046448,5827,21384,25732,17153,21314,12738,14148,38275,14148,38340,25732,3-1-4-2,26,13,3,16,12,1,306,5,165,22,10,6,28,0,24,15,4
0.3499999940395355,0.5,0.5,0.5,3.0,0.17499999701976776,0.5,0.10000000149011612,0.30000001192092896,0.75,0.8700000047683716,0.15000000596046448,0.8999999761581421,0.5600000023841858,0.5,0.699999988079071,2.0,0.25,5.0,0.6499999761581421,0.019999999552965164,0.699999988079071,0.5600000023841858,0.699999988079071,0.15000000596046448,5827,21185,29570,25794,25667,12865,14145,38341,12865,29570,21314,3-4-2-1,25,15,3,17,13,19,308,5,166,24,12,6,21,0,19,16,4
0.3499999940395355,0.3499999940395355,0.5,0.6499999761581421,5.0,0.15000000596046448,0.3499999940395355,0.8999999761581421,0.3499999940395355,0.10000000149011612,0.8700000047683716,0.15000000596046448,0.10000000149011612,0.6000000238418579,0.5,0.6000000238418579,1.0,0.5,4.0,0.6499999761581421,0.019999999552965164,0.8999999761581421,0.2199999988079071,0.6700000166893005,0.2199999988079071,4161,17155,25602,9987,25794,12737,8450,38405,12865,29957,17155,4-2-3-1,25,11,2,16,9,14,310,4,167,4,7,6,3,0,18,12,3
0.3499999940395355,0.3499999940395355,0.5,0.6499999761581421,5.0,0.15000000596046448,0.3499999940395355,0.8999999761581421,0.3499999940395355,0.10000000149011612,0.8700000047683716,0.15000000596046448,0.10000000149011612,0.6000000238418579,0.5,0.6000000238418579,1.0,0.5,4.0,0.6499999761581421,0.019999999552965164,0.8999999761581421,0.2199999988079071,0.6700000166893005,0.2199999988079071,4161,17089,25602,8450,25602,12802,8450,38341,12737,29570,17089,4-2-3-1,25,11,2,16,9,14,319,4,168,4,7,6,3,0,18,12,3
0.6499999761581421,0.6000000238418579,0.4000000059604645,0.6499999761581421,4.0,0.15000000596046448,0.5,0.3499999940395355,0.3499999940395355,0.10000000149011612,0.8500000238418579,0.15000000596046448,0.10000000149011612,0.5,0.5,0.6000000238418579,2.0,0.6000000238418579,4.0,0.8999999761581421,0.019999999552965164,0.8999999761581421,0.2199999988079071,0.8500000238418579,0.2199999988079071,5827,21314,25602,8581,21314,12737,8386,38405,12737,38405,25794,4-4-2,26,13,2,16,12,10,320,4,169,16,7,6,11,0,24,15,3
0.6499999761581421,0.6000000238418579,0.4000000059604645,0.6499999761581421,4.0,0.15000000596046448,0.5,0.3499999940395355,0.3499999940395355,0.10000000149011612,0.8500000238418579,0.15000000596046448,0.10000000149011612,0.5,0.5,0.6000000238418579,2.0,0.6000000238418579,4.0,0.8999999761581421,0.019999999552965164,0.8999999761581421,0.2199999988079071,0.8500000238418579,0.2199999988079071,4161,21381,25602,8581,21314,12737,8581,38405,12737,38405,25602,4-4-2,26,13,2,16,12,10,321,4,170,16,7,6,11,0,24,15,3
0.3499999940395355,0.5,0.4000000059604645,0.5,3.0,0.17499999701976776,0.5,0.10000000149011612,0.30000001192092896,0.5,0.8700000047683716,0.15000000596046448,0.8999999761581421,0.5600000023841858,0.5,0.6700000166893005,2.5,0.6000000238418579,4.5,0.6499999761581421,0.019999999552965164,0.699999988079071,0.5600000023841858,0.8700000047683716,0.15000000596046448,4161,21185,29957,25667,25602,12737,12737,38405,12737,38213,21314,3-4-1-2,26,15,4,18,13,1,322,5,171,23,12,6,29,0,24,16,4
0.3499999940395355,0.3499999940395355,0.5,0.6499999761581421,5.0,0.15000000596046448,0.3499999940395355,0.8999999761581421,0.3499999940395355,0.10000000149011612,0.8700000047683716,0.15000000596046448,0.10000000149011612,0.6000000238418579,0.5,0.6000000238418579,1.0,0.5,4.0,0.6499999761581421,0.019999999552965164,0.8999999761581421,0.2199999988079071,0.6700000166893005,0.2199999988079071,4161,17089,25605,8386,25794,12802,8386,38213,12737,29570,17089,4-2-3-1,25,11,2,16,9,14,324,4,172,4,7,6,3,0,18,12,3
0.3499999940395355,0.3499999940395355,0.5,0.6499999761581421,5.0,0.15000000596046448,0.3499999940395355,0.8999999761581421,0.3499999940395355,0.10000000149011612,0.8700000047683716,0.15000000596046448,0.10000000149011612,0.6000000238418579,0.5,0.6000000238418579,1.0,0.5,4.0,0.6499999761581421,0.019999999552965164,0.8999999761581421,0.2199999988079071,0.6700000166893005,0.2199999988079071,5827,17089,25794,8450,25794,12865,8581,38213,12865,29957,17155,4-2-3-1,25,11,2,16,9,14,325,4,173,4,7,6,3,0,18,12,3
0.3499999940395355,0.3499999940395355,0.5,0.6499999761581421,5.0,0.15000000596046448,0.3499999940395355,0.8999999761581421,0.3499999940395355,0.10000000149011612,0.8700000047683716,0.15000000596046448,0.10000000149011612,0.6000000238418579,0.5,0.6000000238418579,1.0,0.5,4.0,0.6499999761581421,0.019999999552965164,0.8999999761581421,0.2199999988079071,0.6700000166893005,0.2199999988079071,5827,18306,25794,8450,25602,12867,8450,38341,12865,29570,17155,4-2-3-1,25,11,2,16,9,14,326,4,174,4,7,6,3,0,18,12,3
0.8999999761581421,0.33000001311302185,0.5,0.6499999761581421,4.5,0.15000000596046448,0.6000000238418579,0.6499999761581421,0.3499999940395355,0.3499999940395355,0.8500000238418579,0.15000000596046448,0.10000000149011612,0.5,0.5,0.5,1.0,0.10000000149011612,4.5,0.5,0.019999999552965164,0.8999999761581421,0.2199999988079071,0.6000000238418579,0.2199999988079071,4161,25794,21381,8581,21314,12737,8450,38341,12865,25794,17089,4-1-4-1,25,12,2,15,10,15,327,4,175,2,7,6,31,0,16,13,3
0.3499999940395355,0.3499999940395355,0.5,0.6499999761581421,5.0,0.15000000596046448,0.3499999940395355,0.8999999761581421,0.3499999940395355,0.10000000149011612,0.8700000047683716,0.15000000596046448,0.10000000149011612,0.6000000238418579,0.5,0.6000000238418579,1.0,0.5,4.0,0.6499999761581421,0.019999999552965164,0.8999999761581421,0.2199999988079071,0.6700000166893005,0.2199999988079071,4161,17089,25667,8450,25729,12737,8450,38405,12802,29570,17089,4-2-3-1,25,11,2,16,9,14,347,4,176,4,7,6,3,0,18,12,3
0.6499999761581421,0.6000000238418579,0.4000000059604645,0.6499999761581421,4.0,0.15000000596046448,0.5,0.3499999940395355,0.3499999940395355,0.10000000149011612,0.8500000238418579,0.15000000596046448,0.10000000149011612,0.5,0.5,0.6000000238418579,2.0,0.6000000238418579,4.0,0.8999999761581421,0.019999999552965164,0.8999999761581421,0.2199999988079071,0.8500000238418579,0.2199999988079071,4161,21185,25602,8386,21185,12737,8450,38405,12737,38341,25602,4-4-2,26,13,2,16,12,10,361,4,177,16,7,6,11,0,24,15,3
0.3499999940395355,0.3499999940395355,0.5,0.6499999761581421,5.0,0.15000000596046448,0.3499999940395355,0.8999999761581421,0.3499999940395355,0.10000000149011612,0.8700000047683716,0.15000000596046448,0.10000000149011612,0.6000000238418579,0.5,0.6000000238418579,1.0,0.5,4.0,0.6499999761581421,0.019999999552965164,0.8999999761581421,0.2199999988079071,0.6700000166893005,0.2199999988079071,5827,17985,25794,8450,25667,12737,8450,38213,12737,29570,17089,4-2-3-1,25,11,2,16,9,14,378,4,178,4,7,6,3,0,18,12,3
0.3499999940395355,0.3499999940395355,0.5,0.6499999761581421,5.0,0.15000000596046448,0.3499999940395355,0.8999999761581421,0.3499999940395355,0.10000000149011612,0.8700000047683716,0.15000000596046448,0.10000000149011612,0.6000000238418579,0.5,0.6000000238418579,1.0,0.5,4.0,0.6499999761581421,0.019999999552965164,0.8999999761581421,0.2199999988079071,0.6700000166893005,0.2199999988079071,5827,17089,25794,8450,25794,12737,8513,38405,12737,29570,17089,4-2-3-1,25,11,2,16,9,14,379,4,179,4,7,6,3,0,18,12,3
0.6499999761581421,0.6000000238418579,0.4000000059604645,0.6499999761581421,4.0,0.15000000596046448,0.5,0.3499999940395355,0.3499999940395355,0.10000000149011612,0.8500000238418579,0.15000000596046448,0.10000000149011612,0.5,0.5,0.6000000238418579,2.0,0.6000000238418579,4.0,0.8999999761581421,0.019999999552965164,0.8999999761581421,0.2199999988079071,0.8500000238418579,0.2199999988079071,4226,21314,25602,8450,21381,12802,8450,38210,12737,38405,25602,4-4-2,26,13,2,16,12,10,381,4,180,16,7,6,11,0,24,15,3
0.3499999940395355,0.3499999940395355,0.5,0.6499999761581421,5.0,0.15000000596046448,0.3499999940395355,0.8999999761581421,0.3499999940395355,0.10000000149011612,0.8700000047683716,0.15000000596046448,0.10000000149011612,0.6000000238418579,0.5,0.6000000238418579,1.0,0.5,4.0,0.6499999761581421,0.019999999552965164,0.8999999761581421,0.2199999988079071,0.6700000166893005,0.2199999988079071,4161,17089,25729,8386,25729,12737,8386,38213,12737,29570,17089,4-2-3-1,25,11,2,16,9,14,383,4,181,4,7,6,3,0,18,12,3
0.3499999940395355,0.3499999940395355,0.5,0.6499999761581421,5.0,0.15000000596046448,0.3499999940395355,0.8999999761581421,0.3499999940395355,0.10000000149011612,0.8700000047683716,0.15000000596046448,0.10000000149011612,0.6000000238418579,0.5,0.6000000238418579,1.0,0.5,4.0,0.6499999761581421,0.019999999552965164,0.8999999761581421,0.2199999988079071,0.6700000166893005,0.2199999988079071,4161,17096,25667,8581,25602,12865,8386,38405,12802,29571,17089,4-2-3-1,25,11,2,16,9,14,393,4,182,4,7,6,3,0,18,12,3
0.3499999940395355,0.3499999940395355,0.5,0.6499999761581421,5.0,0.15000000596046448,0.3499999940395355,0.8999999761581421,0.3499999940395355,0.10000000149011612,0.8700000047683716,0.15000000596046448,0.10000000149011612,0.6000000238418579,0.5,0.6000000238418579,1.0,0.5,4.0,0.6499999761581421,0.019999999552965164,0.8999999761581421,0.2199999988079071,0.6700000166893005,0.2199999988079071,4226,17089,25602,8386,25794,12865,8450,38405,12865,29570,17089,4-2-3-1,25,11,2,16,9,14,417,4,183,4,7,6,3,0,18,12,3
0.5,0.2199999988079071,0.4000000059604645,0.699999988079071,5.0,0.15000000596046448,0.33000001311302185,0.6499999761581421,0.5,0.3499999940395355,0.8500000238418579,0.17499999701976776,0.30000001192092896,0.5,0.5,0.5,2.0,0.6000000238418579,3.0,0.10000000149011612,0.019999999552965164,0.8999999761581421,0.15000000596046448,0.8500000238418579,0.2199999988079071,5827,17155,21314,12737,21251,12865,8581,38405,12802,38341,8450,5-3-2,26,10,1,15,7,4,418,4,184,31,6,5,24,0,24,13,3
0.8999999761581421,0.33000001311302185,0.5,0.6499999761581421,4.5,0.15000000596046448,0.6000000238418579,0.6499999761581421,0.3499999940395355,0.3499999940395355,0.8500000238418579,0.15000000596046448,0.10000000149011612,0.5,0.5,0.5,1.0,0.10000000149011612,4.5,0.5,0.019999999552965164,0.8999999761581421,0.2199999988079071,0.6000000238418579,0.2199999988079071,4161,25667,21314,8581,21251,12865,9987,38341,12737,25602,17089,4-1-4-1,25,12,2,15,10,15,420,4,185,2,7,6,31,0,16,13,3
0.6499999761581421,0.6000000238418579,0.4000000059604645,0.6499999761581421,4.0,0.15000000596046448,0.5,0.3499999940395355,0.3499999940395355,0.10000000149011612,0.8500000238418579,0.15000000596046448,0.10000000149011612,0.5,0.5,0.6000000238418579,2.0,0.6000000238418579,4.0,0.8999999761581421,0.019999999552965164,0.8999999761581421,0.2199999988079071,0.8500000238418579,0.2199999988079071,4226,21314,25602,8450,21251,12737,8513,38275,12737,38405,25602,4-4-2,26,13,2,16,12,10,422,4,186,16,7,6,11,0,24,15,3
0.5,0.2199999988079071,0.4000000059604645,0.699999988079071,5.0,0.15000000596046448,0.33000001311302185,0.6499999761581421,0.5,0.3499999940395355,0.8500000238418579,0.17499999701976776,0.30000001192092896,0.5,0.5,0.5,2.0,0.6000000238418579,3.0,0.10000000149011612,0.019999999552965164,0.8999999761581421,0.15000000596046448,0.8500000238418579,0.2199999988079071,5827,17095,21251,12802,21445,12865,8581,38275,12737,38213,8581,5-3-2,26,10,1,15,7,4,423,4,187,31,6,5,24,0,24,13,3
0.3499999940395355,0.3499999940395355,0.5,0.6499999761581421,5.0,0.15000000596046448,0.3499999940395355,0.8999999761581421,0.3499999940395355,0.10000000149011612,0.8700000047683716,0.15000000596046448,0.10000000149011612,0.6000000238418579,0.5,0.6000000238418579,1.0,0.5,4.0,0.6499999761581421,0.019999999552965164,0.8999999761581421,0.2199999988079071,0.6700000166893005,0.2199999988079071,4161,18306,25602,8450,25667,12737,8386,38341,12737,29570,17089,4-2-3-1,25,11,2,16,9,14,433,4,188,4,7,6,3,0,18,12,3
0.3499999940395355,0.3499999940395355,0.5,0.6499999761581421,5.0,0.15000000596046448,0.3499999940395355,0.8999999761581421,0.3499999940395355,0.10000000149011612,0.8700000047683716,0.15000000596046448,0.10000000149011612,0.6000000238418579,0.5,0.6000000238418579,1.0,0.5,4.0,0.6499999761581421,0.019999999552965164,0.8999999761581421,0.2199999988079071,0.6700000166893005,0.2199999988079071,5827,17089,25667,8450,25602,12802,8450,38213,12865,29957,17025,4-2-3-1,25,11,2,16,9,14,436,4,189,4,7,6,3,0,18,12,3
0.3499999940395355,0.3499999940395355,0.5,0.6499999761581421,5.0,0.15000000596046448,0.3499999940395355,0.8999999761581421,0.3499999940395355,0.10000000149011612,0.8700000047683716,0.15000000596046448,0.10000000149011612,0.6000000238418579,0.5,0.6000000238418579,1.0,0.5,4.0,0.6499999761581421,0.019999999552965164,0.8999999761581421,0.2199999988079071,0.6700000166893005,0.2199999988079071,5827,17089,25602,8450,25602,12737,8450,38213,12802,29570,17089,4-2-3-1,25,11,2,16,9,14,445,4,190,4,7,6,3,0,18,12,3
0.3499999940395355,0.3499999940395355,0.5,0.6499999761581421,5.0,0.15000000596046448,0.3499999940395355,0.8999999761581421,0.3499999940395355,0.10000000149011612,0.8700000047683716,0.15000000596046448,0.10000000149011612,0.6000000238418579,0.5,0.6000000238418579,1.0,0.5,4.0,0.6499999761581421,0.019999999552965164,0.8999999761581421,0.2199999988079071,0.6700000166893005,0.2199999988079071,4226,17089,25794,8452,25794,12737,8450,38213,12737,29957,17155,4-2-3-1,25,11,2,16,9,14,448,4,191,4,7,6,3,0,18,12,3
0.6499999761581421,0.33000001311302185,0.10000000149011612,0.6499999761581421,4.0,0.15000000596046448,0.5,0.3499999940395355,0.3499999940395355,0.8999999761581421,0.800000011920929,0.15000000596046448,0.10000000149011612,0.5,0.5,0.800000011920929,3.0,0.5,3.0,0.5,0.019999999552965164,0.8999999761581421,0.2199999988079071,0.8500000238418579,0.2199999988079071,4161,21251,33986,8450,21314,12865,8450,33794,12802,38275,17089,4-3-3,27,13,3,23,10,6,449,4,192,9,7,6,7,0,25,15,3
0.3499999940395355,0.5,0.5,0.5,3.0,0.17499999701976776,0.5,0.10000000149011612,0.30000001192092896,0.75,0.8700000047683716,0.15000000596046448,0.8999999761581421,0.5600000023841858,0.5,0.699999988079071,2.0,0.25,5.0,0.6499999761581421,0.019999999552965164,0.699999988079071,0.5600000023841858,0.699999988079071,0.15000000596046448,4161,21445,29576,25602,25602,12737,12865,38213,12865,29957,21445,3-4-2-1,25,15,3,17,13,19,450,5,193,24,12,6,21,0,19,16,4
0.3499999940395355,0.3499999940395355,0.5,0.6499999761581421,5.0,0.15000000596046448,0.3499999940395355,0.8999999761581421,0.3499999940395355,0.10000000149011612,0.8700000047683716,0.15000000596046448,0.10000000149011612,0.6000000238418579,0.5,0.6000000238418579,1.0,0.5,4.0,0.6499999761581421,0.019999999552965164,0.8999999761581421,0.2199999988079071,0.6700000166893005,0.2199999988079071,4161,17096,25797,8450,25794,12737,8385,38410,12737,29570,17155,4-2-3-1,25,11,2,16,9,14,452,4,194,4,7,6,3,0,18,12,3
0.6499999761581421,0.33000001311302185,0.4000000059604645,0.6499999761581421,4.0,0.15000000596046448,0.5,0.3499999940395355,0.3499999940395355,0.5,0.8700000047683716,0.15000000596046448,0.10000000149011612,0.5,0.5,0.6700000166893005,2.5,0.6000000238418579,3.5,0.5,0.019999999552965164,0.8999999761581421,0.2199999988079071,0.8700000047683716,0.2199999988079071,4161,21251,29570,8450,21319,12737,8386,38213,12737,38405,17089,4-1-2-1-2,26,13,2,18,10,11,453,4,195,15,7,6,9,0,24,15,3
0.3499999940395355,0.3499999940395355,0.5,0.6499999761581421,5.0,0.15000000596046448,0.3499999940395355,0.8999999761581421,0.3499999940395355,0.10000000149011612,0.8700000047683716,0.15000000596046448,0.10000000149011612,0.6000000238418579,0.5,0.6000000238418579,1.0,0.5,4.0,0.6499999761581421,0.019999999552965164,0.8999999761581421,0.2199999988079071,0.6700000166893005,0.2199999988079071,4226,17155,25667,8513,25667,12802,8513,38405,12865,29570,17155,4-2-3-1,25,11,2,16,9,14,456,4,196,4,7,6,3,0,18,12,3
0.8999999761581421,0.33000001311302185,0.5,0.6499999761581421,4.5,0.15000000596046448,0.6000000238418579,0.6499999761581421,0.3499999940395355,0.3499999940395355,0.8500000238418579,0.15000000596046448,0.10000000149011612,0.5,0.5,0.5,1.0,0.10000000149011612,4.5,0.5,0.019999999552965164,0.8999999761581421,0.2199999988079071,0.6000000238418579,0.2199999988079071,4226,25602,21314,8513,21314,12865,8386,38405,12865,25729,17025,4-1-4-1,25,12,2,15,10,15,457,4,197,2,7,6,31,0,16,13,3
0.3499999940395355,0.3499999940395355,0.5,0.6499999761581421,5.0,0.15000000596046448,0.3499999940395355,0.8999999761581421,0.3499999940395355,0.10000000149011612,0.8700000047683716,0.15000000596046448,0.10000000149011612,0.6000000238418579,0.5,0.6000000238418579,1.0,0.5,4.0,0.6499999761581421,0.019999999552965164,0.8999999761581421,0.2199999988079071,0.6700000166893005,0.2199999988079071,4161,17155,25602,8386,25794,12737,8450,38410,12737,29570,17089,4-2-3-1,25,11,2,16,9,14,459,4,198,4,7,6,3,0,18,12,3
0.3499999940395355,0.3499999940395355,0.5,0.6499999761581421,5.0,0.15000000596046448,0.3499999940395355,0.8999999761581421,0.3499999940395355,0.10000000149011612,0.8700000047683716,0.15000000596046448,0.10000000149011612,0.6000000238418579,0.5,0.6000000238418579,1.0,0.5,4.0,0.6499999761581421,0.019999999552965164,0.8999999761581421,0.2199999988079071,0.6700000166893005,0.2199999988079071,4161,17089,25794,8450,25794,12737,8386,38405,12737,29576,17089,4-2-3-1,25,11,2,16,9,14,461,4,199,4,7,6,3,0,18,12,3
0.3499999940395355,0.3499999940395355,0.5,0.6499999761581421,5.0,0.15000000596046448,0.3499999940395355,0.8999999761581421,0.3499999940395355,0.10000000149011612,0.8700000047683716,0.15000000596046448,0.10000000149011612,0.6000000238418579,0.5,0.6000000238418579,1.0,0.5,4.0,0.6499999761581421,0.019999999552965164,0.8999999761581421,0.2199999988079071,0.6700000166893005,0.2199999988079071,4161,18306,25729,8386,25602,12737,8386,38213,12737,29570,17089,4-2-3-1,25,11,2,16,9,14,462,4,200,4,7,6,3,0,18,12,3
0.6499999761581421,0.5600000023841858,0.4000000059604645,0.5,3.5,0.17499999701976776,0.5,0.3499999940395355,0.30000001192092896,0.10000000149011612,0.8500000238418579,0.15000000596046448,0.5,0.5,0.5,0.5600000023841858,2.0,0.6000000238418579,4.5,0.8999999761581421,0.019999999552965164,0.699999988079071,0.3499999940395355,0.8500000238418579,0.15000000596046448,4161,21314,25669,17155,21314,12737,12737,38405,12737,38405,25794,3-1-4-2,26,13,3,16,12,1,463,5,201,22,10,6,28,0,24,15,4
0.3499999940395355,0.3499999940395355,0.5,0.6499999761581421,5.0,0.15000000596046448,0.3499999940395355,0.8999999761581421,0.3499999940395355,0.10000000149011612,0.8700000047683716,0.15000000596046448,0.10000000149011612,0.6000000238418579,0.5,0.6000000238418579,1.0,0.5,4.0,0.6499999761581421,0.019999999552965164,0.8999999761581421,0.2199999988079071,0.6700000166893005,0.2199999988079071,4161,17155,25794,8450,25794,12737,8450,38213,12737,29570,17089,4-2-3-1,25,11,2,16,9,14,467,4,202,4,7,6,3,0,18,12,3
0.6499999761581421,0.5600000023841858,0.4000000059604645,0.5,3.5,0.17499999701976776,0.5,0.3499999940395355,0.30000001192092896,0.10000000149011612,0.8500000238418579,0.15000000596046448,0.5,0.5,0.5,0.5600000023841858,2.0,0.6000000238418579,4.5,0.8999999761581421,0.019999999552965164,0.699999988079071,0.3499999940395355,0.8500000238418579,0.15000000596046448,5827,21314,25667,17155,21381,12870,12870,38213,12737,38405,25602,3-1-4-2,26,13,3,16,12,1,468,5,203,22,10,6,28,0,24,15,4
0.3499999940395355,0.3499999940395355,0.5,0.6499999761581421,5.0,0.15000000596046448,0.3499999940395355,0.8999999761581421,0.3499999940395355,0.10000000149011612,0.8700000047683716,0.15000000596046448,0.10000000149011612,0.6000000238418579,0.5,0.6000000238418579,1.0,0.5,4.0,0.6499999761581421,0.019999999552965164,0.8999999761581421,0.2199999988079071,0.6700000166893005,0.2199999988079071,4226,17089,25667,8513,25667,12865,8513,38405,12865,29570,17089,4-2-3-1,25,11,2,16,9,14,472,4,204,4,7,6,3,0,18,12,3
0.3499999940395355,0.3499999940395355,0.5,0.6499999761581421,5.0,0.15000000596046448,0.3499999940395355,0.8999999761581421,0.3499999940395355,0.10000000149011612,0.8700000047683716,0.15000000596046448,0.10000000149011612,0.6000000238418579,0.5,0.6000000238418579,1.0,0.5,4.0,0.6499999761581421,0.019999999552965164,0.8999999761581421,0.2199999988079071,0.6700000166893005,0.2199999988079071,4226,17089,25605,8386,25729,12737,8386,38213,12737,29570,17155,4-2-3-1,25,11,2,16,9,14,479,4,205,4,7,6,3,0,18,12,3
0.3499999940395355,0.3499999940395355,0.5,0.6499999761581421,5.0,0.15000000596046448,0.3499999940395355,0.8999999761581421,0.3499999940395355,0.10000000149011612,0.8700000047683716,0.15000000596046448,0.10000000149011612,0.6000000238418579,0.5,0.6000000238418579,1.0,0.5,4.0,0.6499999761581421,0.019999999552965164,0.8999999761581421,0.2199999988079071,0.6700000166893005,0.2199999988079071,4161,17089,25605,8386,25794,12737,8450,38405,12737,29570,17155,4-2-3-1,25,11,2,16,9,14,480,4,206,4,7,6,3,0,18,12,3
0.3499999940395355,0.5,0.5,0.5,3.0,0.17499999701976776,0.5,0.10000000149011612,0.30000001192092896,0.75,0.8700000047683716,0.15000000596046448,0.8999999761581421,0.5600000023841858,0.5,0.699999988079071,2.0,0.25,5.0,0.6499999761581421,0.019999999552965164,0.699999988079071,0.5600000023841858,0.699999988079071,0.15000000596046448,4161,21314,29957,25602,25602,12802,12865,38213,12802,29570,21185,3-4-2-1,25,15,3,17,13,19,481,5,207,24,12,6,21,0,19,16,4
0.6499999761581421,0.6000000238418579,0.4000000059604645,0.6499999761581421,4.0,0.15000000596046448,0.5,0.3499999940395355,0.3499999940395355,0.10000000149011612,0.8500000238418579,0.15000000596046448,0.10000000149011612,0.5,0.5,0.6000000238418579,2.0,0.6000000238418579,4.0,0.8999999761581421,0.019999999552965164,0.8999999761581421,0.2199999988079071,0.8500000238418579,0.2199999988079071,4161,21381,25669,8450,21185,12737,8385,38213,12737,38275,25602,4-4-2,26,13,2,16,12,10,483,4,208,16,7,6,11,0,24,15,3
0.3499999940395355,0.5,0.10000000149011612,0.5,3.0,0.17499999701976776,0.5,0.10000000149011612,0.30000001192092896,0.8999999761581421,0.800000011920929,0.15000000596046448,0.8999999761581421,0.5600000023841858,0.5,0.800000011920929,3.0,0.5,4.0,0.6499999761581421,0.019999999552965164,0.699999988079071,0.5600000023841858,0.8500000238418579,0.15000000596046448,5827,21251,33859,25667,25667,12865,12865,33986,12802,38405,21314,3-4-3,27,15,4,23,13,0,485,5,209,25,12,6,2,0,25,16,4
0.3499999940395355,0.5,0.5,0.5,3.0,0.17499999701976776,0.5,0.10000000149011612,0.30000001192092896,0.75,0.8700000047683716,0.15000000596046448,0.8999999761581421,0.5600000023841858,0.5,0.699999988079071,2.0,0.25,5.0,0.6499999761581421,0.019999999552965164,0.699999988079071,0.5600000023841858,0.699999988079071,0.15000000596046448,4161,21314,29570,25667,25602,12737,14145,38275,12737,29576,21185,3-4-2-1,25,15,3,17,13,19,487,5,210,24,12,6,21,0,19,16,4
0.3499999940395355,0.5,0.5,0.5,3.0,0.17499999701976776,0.5,0.10000000149011612,0.30000001192092896,0.75,0.8700000047683716,0.15000000596046448,0.8999999761581421,0.5600000023841858,0.5,0.699999988079071,2.0,0.25,5.0,0.6499999761581421,0.019999999552965164,0.699999988079071,0.5600000023841858,0.699999988079071,0.15000000596046448,5827,21314,29570,25729,25667,12737,12737,38213,12737,29570,21314,3-4-2-1,25,15,3,17,13,19,492,5,211,24,12,6,21,0,19,16,4
0.3499999940395355,0.3499999940395355,0.5,0.6499999761581421,5.0,0.15000000596046448,0.3499999940395355,0.8999999761581421,0.3499999940395355,0.10000000149011612,0.8700000047683716,0.15000000596046448,0.10000000149011612,0.6000000238418579,0.5,0.6000000238418579,1.0,0.5,4.0,0.6499999761581421,0.019999999552965164,0.8999999761581421,0.2199999988079071,0.6700000166893005,0.2199999988079071,5827,17089,25794,8386,25669,12737,8581,38213,12802,29570,17089,4-2-3-1,25,11,2,16,9,14,503,4,212,4,7,6,3,0,18,12,3
0.3499999940395355,0.3499999940395355,0.5,0.6499999761581421,5.0,0.15000000596046448,0.3499999940395355,0.8999999761581421,0.3499999940395355,0.10000000149011612,0.8700000047683716,0.15000000596046448,0.10000000149011612,0.6000000238418579,0.5,0.6000000238418579,1.0,0.5,4.0,0.6499999761581421,0.019999999552965164,0.8999999761581421,0.2199999988079071,0.6700000166893005,0.2199999988079071,5827,17089,25602,8513,25602,12737,8386,38341,12737,29957,17089,4-2-3-1,25,11,2,16,9,14,506,4,213,4,7,6,3,0,18,12,3
0.3499999940395355,0.3499999940395355,0.5,0.6499999761581421,5.0,0.15000000596046448,0.3499999940395355,0.8999999761581421,0.3499999940395355,0.10000000149011612,0.8700000047683716,0.15000000596046448,0.10000000149011612,0.6000000238418579,0.5,0.6000000238418579,1.0,0.5,4.0,0.6499999761581421,0.019999999552965164,0.8999999761581421,0.2199999988079071,0.6700000166893005,0.2199999988079071,4161,17089,25602,8386,25602,12737,8386,38405,12737,29570,17089,4-2-3-1,25,11,2,16,9,14,517,4,214,4,7,6,3,0,18,12,3
0.3499999940395355,0.3499999940395355,0.5,0.6499999761581421,5.0,0.15000000596046448,0.3499999940395355,0.8999999761581421,0.3499999940395355,0.10000000149011612,0.8700000047683716,0.15000000596046448,0.10000000149011612,0.6000000238418579,0.5,0.6000000238418579,1.0,0.5,4.0,0.6499999761581421,0.019999999552965164,0.8999999761581421,0.2199999988079071,0.6700000166893005,0.2199999988079071,5827,17985,25794,8450,25605,12865,8513,38213,12737,29570,17985,4-2-3-1,25,11,2,16,9,14,523,4,215,4,7,6,3,0,18,12,3
0.3499999940395355,0.3499999940395355,0.5,0.6499999761581421,5.0,0.15000000596046448,0.3499999940395355,0.8999999761581421,0.3499999940395355,0.10000000149011612,0.8700000047683716,0.15000000596046448,0.10000000149011612,0.6000000238418579,0.5,0.6000000238418579,1.0,0.5,4.0,0.6499999761581421,0.019999999552965164,0.8999999761581421,0.2199999988079071,0.6700000166893005,0.2199999988079071,5827,17096,25667,8386,25794,14145,8450,38405,12737,29570,17025,4-2-3-1,25,11,2,16,9,14,526,4,216,4,7,6,3,0,18,12,3
0.6499999761581421,0.33000001311302185,0.4000000059604645,0.6499999761581421,4.0,0.15000000596046448,0.5,0.3499999940395355,0.3499999940395355,0.5,0.8700000047683716,0.15000000596046448,0.10000000149011612,0.5,0.5,0.6700000166893005,2.5,0.6000000238418579,3.5,0.5,0.019999999552965164,0.8999999761581421,0.2199999988079071,0.8700000047683716,0.2199999988079071,5827,21314,29570,8386,21319,12737,8386,38277,12737,38341,17153,4-1-2-1-2,26,13,2,18,10,11,531,4,217,15,7,6,9,0,24,15,3
0.3499999940395355,0.3499999940395355,0.5,0.6499999761581421,5.0,0.15000000596046448,0.3499999940395355,0.8999999761581421,0.3499999940395355,0.10000000149011612,0.8700000047683716,0.15000000596046448,0.10000000149011612,0.6000000238418579,0.5,0.6000000238418579,1.0,0.5,4.0,0.6499999761581421,0.019999999552965164,0.8999999761581421,0.2199999988079071,0.6700000166893005,0.2199999988079071,4161,17089,25602,8386,25602,12865,8386,38405,12865,30341,17089,4-2-3-1,25,11,2,16,9,14,537,4,218,4,7,6,3,0,18,12,3
0.3499999940395355,0.5,0.5,0.5,3.0,0.17499999701976776,0.5,0.10000000149011612,0.30000001192092896,0.75,0.8700000047683716,0.15000000596046448,0.8999999761581421,0.5600000023841858,0.5,0.699999988079071,2.0,0.25,5.0,0.6499999761581421,0.019999999552965164,0.699999988079071,0.5600000023841858,0.699999988079071,0.15000000596046448,4161,21251,29957,25729,25794,12737,14145,38405,14145,29570,21251,3-4-2-1,25,15,3,17,13,19,543,5,219,24,12,6,21,0,19,16,4
0.3499999940395355,0.3499999940395355,0.5,0.6499999761581421,5.0,0.15000000596046448,0.3499999940395355,0.8999999761581421,0.3499999940395355,0.10000000149011612,0.8700000047683716,0.15000000596046448,0.10000000149011612,0.6000000238418579,0.5,0.6000000238418579,1.0,0.5,4.0,0.6499999761581421,0.019999999552965164,0.8999999761581421,0.2199999988079071,0.6700000166893005,0.2199999988079071,4161,17025,25602,8386,25605,12737,8386,38341,12802,29637,17985,4-2-3-1,25,11,2,16,9,14,563,4,220,4,7,6,3,0,18,12,3
0.3499999940395355,0.3499999940395355,0.5,0.6499999761581421,5.0,0.15000000596046448,0.3499999940395355,0.8999999761581421,0.3499999940395355,0.10000000149011612,0.8700000047683716,0.15000000596046448,0.10000000149011612,0.6000000238418579,0.5,0.6000000238418579,1.0,0.5,4.0,0.6499999761581421,0.019999999552965164,0.8999999761581421,0.2199999988079071,0.6700000166893005,0.2199999988079071,4161,17089,25602,8386,25602,12737,8386,38405,12737,29570,17089,4-2-3-1,25,11,2,16,9,14,567,4,221,4,7,6,3,0,18,12,3
0.6499999761581421,0.5600000023841858,0.5,0.6499999761581421,4.0,0.15000000596046448,0.5,0.3499999940395355,0.3499999940395355,0.10000000149011612,0.8700000047683716,0.15000000596046448,0.10000000149011612,0.5,0.5,0.5600000023841858,1.5,0.5,4.5,0.8999999761581421,0.019999999552965164,0.8999999761581421,0.2199999988079071,0.6700000166893005,0.2199999988079071,4161,21314,25602,8386,21314,12737,8386,38405,12737,29570,25602,4-4-1-1,25,13,2,16,12,14,568,4,222,18,7,6,18,0,18,15,3
0.3499999940395355,0.3499999940395355,0.5,0.6499999761581421,5.0,0.15000000596046448,0.3499999940395355,0.8999999761581421,0.3499999940395355,0.10000000149011612,0.8700000047683716,0.15000000596046448,0.10000000149011612,0.6000000238418579,0.5,0.6000000238418579,1.0,0.5,4.0,0.6499999761581421,0.019999999552965164,0.8999999761581421,0.2199999988079071,0.6700000166893005,0.2199999988079071,4161,17089,25602,8386,25602,12737,8386,38405,12737,29570,17089,4-2-3-1,25,11,2,16,9,14,569,4,223,4,7,6,3,0,18,12,3
0.6499999761581421,0.33000001311302185,0.10000000149011612,0.6499999761581421,4.0,0.15000000596046448,0.5,0.3499999940395355,0.3499999940395355,0.8999999761581421,0.800000011920929,0.15000000596046448,0.10000000149011612,0.5,0.5,0.800000011920929,3.0,0.5,3.0,0.5,0.019999999552965164,0.8999999761581421,0.2199999988079071,0.8500000238418579,0.2199999988079071,4161,21314,33859,8450,21251,12737,8386,33794,12737,38341,17089,4-3-3,27,13,3,23,10,6,573,4,224,9,7,6,7,0,25,15,3
0.8999999761581421,0.33000001311302185,0.5,0.6499999761581421,4.5,0.15000000596046448,0.6000000238418579,0.6499999761581421,0.3499999940395355,0.3499999940395355,0.8500000238418579,0.15000000596046448,0.10000000149011612,0.5,0.5,0.5,1.0,0.10000000149011612,4.5,0.5,0.019999999552965164,0.8999999761581421,0.2199999988079071,0.6000000238418579,0.2199999988079071,5827,25602,21314,8450,21314,12737,8386,38341,12737,25794,17089,4-1-4-1,25,12,2,15,10,15,576,4,225,2,7,6,31,0,16,13,3
0.3499999940395355,0.3499999940395355,0.5,0.6499999761581421,5.0,0.15000000596046448,0.3499999940395355,0.8999999761581421,0.3499999940395355,0.10000000149011612,0.8700000047683716,0.15000000596046448,0.10000000149011612,0.6000000238418579,0.5,0.6000000238418579,1.0,0.5,4.0,0.6499999761581421,0.019999999552965164,0.8999999761581421,0.2199999988079071,0.6700000166893005,0.2199999988079071,5827,17089,25794,8450,25602,12737,9987,38341,12802,29576,17096,4-2-3-1,25,11,2,16,9,14,580,4,226,4,7,6,3,0,18,12,3
0.3499999940395355,0.5,0.5,0.5,3.0,0.17499999701976776,0.5,0.10000000149011612,0.30000001192092896,0.75,0.8700000047683716,0.15000000596046448,0.8999999761581421,0.5600000023841858,0.5,0.699999988079071,2.0,0.25,5.0,0.6499999761581421,0.019999999552965164,0.699999988079071,0.5600000023841858,0.699999988079071,0.15000000596046448,4226,21314,29634,25729,25794,12865,12737,38405,12737,29570,21185,3-4-2-1,25,15,3,17,13,19,583,5,227,24,12,6,21,0,19,16,4
0.6499999761581421,0.33000001311302185,0.4000000059604645,0.6499999761581421,4.0,0.15000000596046448,0.5,0.3499999940395355,0.3499999940395355,0.5,0.8700000047683716,0.15000000596046448,0.10000000149011612,0.5,0.5,0.6700000166893005,2.5,0.6000000238418579,3.5,0.5,0.019999999552965164,0.8999999761581421,0.2199999988079071,0.8700000047683716,0.2199999988079071,4161,21314,29570,8386,21314,12737,8386,38405,12737,38405,17089,4-1-2-1-2,26,13,2,18,10,11,598,4,228,15,7,6,9,0,24,15,3
0.8999999761581421,0.33000001311302185,0.5,0.6499999761581421,4.5,0.15000000596046448,0.6000000238418579,0.6499999761581421,0.3499999940395355,0.3499999940395355,0.8500000238418579,0.15000000596046448,0.10000000149011612,0.5,0.5,0.5,1.0,0.10000000149011612,4.5,0.5,0.019999999552965164,0.8999999761581421,0.2199999988079071,0.6000000238418579,0.2199999988079071,4226,25667,21251,8450,21314,12806,8581,38275,12802,25794,17155,4-1-4-1,25,12,2,15,10,15,605,4,229,2,7,6,31,0,16,13,3
0.3499999940395355,0.3499999940395355,0.5,0.6499999761581421,5.0,0.15000000596046448,0.3499999940395355,0.8999999761581421,0.3499999940395355,0.10000000149011612,0.8700000047683716,0.15000000596046448,0.10000000149011612,0.6000000238418579,0.5,0.6000000238418579,1.0,0.5,4.0,0.6499999761581421,0.019999999552965164,0.8999999761581421,0.2199999988079071,0.6700000166893005,0.2199999988079071,4226,17089,25794,8450,25605,12865,8450,38213,12865,29576,17089,4-2-3-1,25,11,2,16,9,14,607,4,230,4,7,6,3,0,18,12,3
0.5,0.2199999988079071,0.4000000059604645,0.699999988079071,5.0,0.15000000596046448,0.33000001311302185,0.6499999761581421,0.5,0.3499999940395355,0.8500000238418579,0.17499999701976776,0.30000001192092896,0.5,0.5,0.5,2.0,0.6000000238418579,3.0,0.10000000149011612,0.019999999552965164,0.8999999761581421,0.15000000596046448,0.8500000238418579,0.2199999988079071,4161,17089,21251,12737,21314,12737,8386,38217,12865,38405,8581,5-3-2,26,10,1,15,7,4,621,4,231,31,6,5,24,0,24,13,3
0.3499999940395355,0.3499999940395355,0.5,0.6499999761581421,5.0,0.15000000596046448,0.3499999940395355,0.8999999761581421,0.3499999940395355,0.10000000149011612,0.8700000047683716,0.15000000596046448,0.10000000149011612,0.6000000238418579,0.5,0.6000000238418579,1.0,0.5,4.0,0.6499999761581421,0.019999999552965164,0.8999999761581421,0.2199999988079071,0.6700000166893005,0.2199999988079071,4161,18306,25605,8580,25669,12806,8580,38213,12738,29957,17096,4-2-3-1,25,11,2,16,9,14,634,4,232,4,7,6,3,0,18,12,3
0.3499999940395355,0.3499999940395355,0.10000000149011612,0.6499999761581421,4.0,0.15000000596046448,0.3499999940395355,0.5,0.3499999940395355,0.8999999761581421,0.800000011920929,0.15000000596046448,0.10000000149011612,0.6700000166893005,0.5,0.800000011920929,3.0,0.5,3.0,0.6499999761581421,0.019999999552965164,0.8999999761581421,0.2199999988079071,0.8700000047683716,0.2199999988079071,4161,17089,33794,8450,29570,12737,8450,33989,12737,38210,17160,4-2-1-3,27,11,3,23,9,18,645,4,233,36,7,6,27,0,25,18,3
0.3499999940395355,0.3499999940395355,0.5,0.6499999761581421,5.0,0.15000000596046448,0.3499999940395355,0.8999999761581421,0.3499999940395355,0.10000000149011612,0.8700000047683716,0.15000000596046448,0.10000000149011612,0.6000000238418579,0.5,0.6000000238418579,1.0,0.5,4.0,0.6499999761581421,0.019999999552965164,0.8999999761581421,0.2199999988079071,0.6700000166893005,0.2199999988079071,4226,17089,25602,8450,25602,12865,8581,38341,12737,29570,17153,4-2-3-1,25,11,2,16,9,14,670,4,234,4,7,6,3,0,18,12,3
0.3499999940395355,0.3499999940395355,0.5,0.6499999761581421,5.0,0.15000000596046448,0.3499999940395355,0.8999999761581421,0.3499999940395355,0.10000000149011612,0.8700000047683716,0.15000000596046448,0.10000000149011612,0.6000000238418579,0.5,0.6000000238418579,1.0,0.5,4.0,0.6499999761581421,0.019999999552965164,0.8999999761581421,0.2199999988079071,0.6700000166893005,0.2199999988079071,4161,17089,25602,8450,25602,12802,8450,38405,12865,29570,17089,4-2-3-1,25,11,2,16,9,14,673,4,235,4,7,6,3,0,18,12,3
0.3499999940395355,0.3499999940395355,0.5,0.6499999761581421,5.0,0.15000000596046448,0.3499999940395355,0.8999999761581421,0.3499999940395355,0.10000000149011612,0.8700000047683716,0.15000000596046448,0.10000000149011612,0.6000000238418579,0.5,0.6000000238418579,1.0,0.5,4.0,0.6499999761581421,0.019999999552965164,0.8999999761581421,0.2199999988079071,0.6700000166893005,0.2199999988079071,4161,17089,25729,8386,25729,12802,8386,38405,12867,29570,17089,4-2-3-1,25,11,2,16,9,14,674,4,236,4,7,6,3,0,18,12,3
0.3499999940395355,0.3499999940395355,0.5,0.6499999761581421,5.0,0.15000000596046448,0.3499999940395355,0.8999999761581421,0.3499999940395355,0.10000000149011612,0.8700000047683716,0.15000000596046448,0.10000000149011612,0.6000000238418579,0.5,0.6000000238418579,1.0,0.5,4.0,0.6499999761581421,0.019999999552965164,0.8999999761581421,0.2199999988079071,0.6700000166893005,0.2199999988079071,4161,17089,25602,8386,25602,12737,8386,38341,12865,29957,17089,4-2-3-1,25,11,2,16,9,14,680,4,237,4,7,6,3,0,18,12,3
0.3499999940395355,0.3499999940395355,0.5,0.6499999761581421,5.0,0.15000000596046448,0.3499999940395355,0.8999999761581421,0.3499999940395355,0.10000000149011612,0.8700000047683716,0.15000000596046448,0.10000000149011612,0.6000000238418579,0.5,0.6000000238418579,1.0,0.5,4.0,0.6499999761581421,0.019999999552965164,0.8999999761581421,0.2199999988079071,0.6700000166893005,0.2199999988079071,4161,17025,25602,8450,25602,12737,8450,38341,12737,29637,17089,4-2-3-1,25,11,2,16,9,14,681,4,238,4,7,6,3,0,18,12,3
0.6499999761581421,0.6000000238418579,0.4000000059604645,0.6499999761581421,4.0,0.15000000596046448,0.5,0.3499999940395355,0.3499999940395355,0.10000000149011612,0.8500000238418579,0.15000000596046448,0.10000000149011612,0.5,0.5,0.6000000238418579,2.0,0.6000000238418579,4.0,0.8999999761581421,0.019999999552965164,0.8999999761581421,0.2199999988079071,0.8500000238418579,0.2199999988079071,4161,21442,25602,8386,21381,12737,8386,38341,12737,38405,25602,4-4-2,26,13,2,16,12,10,687,4,239,16,7,6,11,0,24,15,3
0.6499999761581421,0.6000000238418579,0.4000000059604645,0.6499999761581421,4.0,0.15000000596046448,0.5,0.3499999940395355,0.3499999940395355,0.10000000149011612,0.8500000238418579,0.15000000596046448,0.10000000149011612,0.5,0.5,0.6000000238418579,2.0,0.6000000238418579,4.0,0.8999999761581421,0.019999999552965164,0.8999999761581421,0.2199999988079071,0.8500000238418579,0.2199999988079071,4161,21314,25667,8450,21314,12737,8386,38405,12865,38405,25602,4-4-2,26,13,2,16,12,10,688,4,240,16,7,6,11,0,24,15,3
0.3499999940395355,0.3499999940395355,0.5,0.6499999761581421,5.0,0.15000000596046448,0.3499999940395355,0.8999999761581421,0.3499999940395355,0.10000000149011612,0.8700000047683716,0.15000000596046448,0.10000000149011612,0.6000000238418579,0.5,0.6000000238418579,1.0,0.5,4.0,0.6499999761581421,0.019999999552965164,0.8999999761581421,0.2199999988079071,0.6700000166893005,0.2199999988079071,4161,17089,25602,8450,25602,12737,8450,38405,12865,29570,17089,4-2-3-1,25,11,2,16,9,14,689,4,241,4,7,6,3,0,18,12,3
0.3499999940395355,0.3499999940395355,0.5,0.6499999761581421,5.0,0.15000000596046448,0.3499999940395355,0.8999999761581421,0.3499999940395355,0.10000000149011612,0.8700000047683716,0.15000000596046448,0.10000000149011612,0.6000000238418579,0.5,0.6000000238418579,1.0,0.5,4.0,0.6499999761581421,0.019999999552965164,0.8999999761581421,0.2199999988079071,0.6700000166893005,0.2199999988079071,4161,17089,25602,8450,25602,12865,8450,38405,12737,29570,17089,4-2-3-1,25,11,2,16,9,14,691,4,242,4,7,6,3,0,18,12,3
0.5,0.5,0.10000000149011612,0.6499999761581421,4.0,0.15000000596046448,0.47999998927116394,0.3499999940395355,0.3499999940395355,0.8999999761581421,0.800000011920929,0.15000000596046448,0.10000000149011612,0.5,0.5,0.800000011920929,3.0,0.5,3.0,0.6499999761581421,0.019999999552965164,0.8999999761581421,0.2199999988079071,0.8500000238418579,0.2199999988079071,4226,21185,33794,8386,21381,12737,8450,33794,12737,38405,21251,4-3-3,27,14,3,23,13,6,693,4,243,8,7,6,17,0,25,15,3
0.3499999940395355,0.3499999940395355,0.5,0.6499999761581421,5.0,0.15000000596046448,0.3499999940395355,0.8999999761581421,0.3499999940395355,0.10000000149011612,0.8700000047683716,0.15000000596046448,0.10000000149011612,0.6000000238418579,0.5,0.6000000238418579,1.0,0.5,4.0,0.6499999761581421,0.019999999552965164,0.8999999761581421,0.2199999988079071,0.6700000166893005,0.2199999988079071,4161,17089,25667,8513,25602,12737,8386,38275,12737,29570,17089,4-2-3-1,25,11,2,16,9,14,694,4,244,4,7,6,3,0,18,12,3
0.3499999940395355,0.3499999940395355,0.5,0.6499999761581421,5.0,0.15000000596046448,0.3499999940395355,0.8999999761581421,0.3499999940395355,0.10000000149011612,0.8700000047683716,0.15000000596046448,0.10000000149011612,0.6000000238418579,0.5,0.6000000238418579,1.0,0.5,4.0,0.6499999761581421,0.019999999552965164,0.8999999761581421,0.2199999988079071,0.6700000166893005,0.2199999988079071,4161,17089,25602,8450,25602,12737,8450,38213,12865,29957,17089,4-2-3-1,25,11,2,16,9,14,695,4,245,4,7,6,3,0,18,12,3
0.3499999940395355,0.3499999940395355,0.5,0.6499999761581421,5.0,0.15000000596046448,0.3499999940395355,0.8999999761581421,0.3499999940395355,0.10000000149011612,0.8700000047683716,0.15000000596046448,0.10000000149011612,0.6000000238418579,0.5,0.6000000238418579,1.0,0.5,4.0,0.6499999761581421,0.019999999552965164,0.8999999761581421,0.2199999988079071,0.6700000166893005,0.2199999988079071,4161,17089,25602,8450,25602,12737,8581,38341,12737,29570,17089,4-2-3-1,25,11,2,16,9,14,696,4,246,4,7,6,3,0,18,12,3
0.6499999761581421,0.5600000023841858,0.5,0.6499999761581421,4.0,0.15000000596046448,0.5,0.5,0.3499999940395355,0.3499999940395355,0.8500000238418579,0.15000000596046448,0.10000000149011612,0.47999998927116394,0.5,0.5,1.0,0.10000000149011612,5.0,0.8999999761581421,0.019999999552965164,0.8999999761581421,0.2199999988079071,0.5600000023841858,0.2199999988079071,4161,21314,21314,8386,21314,12737,8581,38405,12865,25667,25602,4-5-1,25,13,2,15,12,15,697,4,247,20,7,6,19,0,16,14,3
0.3499999940395355,0.5,0.4000000059604645,0.5,3.0,0.17499999701976776,0.5,0.10000000149011612,0.30000001192092896,0.5,0.8700000047683716,0.15000000596046448,0.8999999761581421,0.5600000023841858,0.5,0.6700000166893005,2.5,0.6000000238418579,4.5,0.6499999761581421,0.019999999552965164,0.699999988079071,0.5600000023841858,0.8700000047683716,0.15000000596046448,4226,21185,29570,25602,25602,12737,12865,38405,12737,38405,21314,3-4-1-2,26,15,4,18,13,1,698,5,248,23,12,6,29,0,24,16,4
0.3499999940395355,0.5,0.10000000149011612,0.5,3.0,0.17499999701976776,0.5,0.10000000149011612,0.30000001192092896,0.8999999761581421,0.800000011920929,0.15000000596046448,0.8999999761581421,0.5600000023841858,0.5,0.800000011920929,3.0,0.5,4.0,0.6499999761581421,0.019999999552965164,0.699999988079071,0.5600000023841858,0.8500000238418579,0.15000000596046448,5827,21314,33794,25602,25729,12737,12865,33794,12737,38405,21314,3-4-3,27,15,4,23,13,0,700,5,249,25,12,6,2,0,25,16,4
0.3499999940395355,0.3499999940395355,0.5,0.6499999761581421,5.0,0.15000000596046448,0.3499999940395355,0.8999999761581421,0.3499999940395355,0.10000000149011612,0.8700000047683716,0.15000000596046448,0.10000000149011612,0.6000000238418579,0.5,0.6000000238418579,1.0,0.5,4.0,0.6499999761581421,0.019999999552965164,0.8999999761581421,0.2199999988079071,0.6700000166893005,0.2199999988079071,5827,17089,25602,8450,25602,12737,8450,38405,12737,29570,17089,4-2-3-1,25,11,2,16,9,14,702,4,250,4,7,6,3,0,18,12,3
0.3499999940395355,0.3499999940395355,0.5,0.6499999761581421,5.0,0.15000000596046448,0.3499999940395355,0.8999999761581421,0.3499999940395355,0.10000000149011612,0.8700000047683716,0.15000000596046448,0.10000000149011612,0.6000000238418579,0.5,0.6000000238418579,1.0,0.5,4.0,0.6499999761581421,0.019999999552965164,0.8999999761581421,0.2199999988079071,0.6700000166893005,0.2199999988079071,4161,17089,25602,8581,25602,12802,8450,38405,12737,29576,17089,4-2-3-1,25,11,2,16,9,14,708,4,251,4,7,6,3,0,18,12,3
0.3499999940395355,0.3499999940395355,0.5,0.6499999761581421,5.0,0.15000000596046448,0.3499999940395355,0.8999999761581421,0.3499999940395355,0.10000000149011612,0.8700000047683716,0.15000000596046448,0.10000000149011612,0.6000000238418579,0.5,0.6000000238418579,1.0,0.5,4.0,0.6499999761581421,0.019999999552965164,0.8999999761581421,0.2199999988079071,0.6700000166893005,0.2199999988079071,4161,17089,25605,8450,25602,12737,8450,38341,12865,29570,17089,4-2-3-1,25,11,2,16,9,14,710,4,252,4,7,6,3,0,18,12,3
0.3499999940395355,0.3499999940395355,0.5,0.6499999761581421,5.0,0.15000000596046448,0.3499999940395355,0.8999999761581421,0.3499999940395355,0.10000000149011612,0.8700000047683716,0.15000000596046448,0.10000000149011612,0.6000000238418579,0.5,0.6000000238418579,1.0,0.5,4.0,0.6499999761581421,0.019999999552965164,0.8999999761581421,0.2199999988079071,0.6700000166893005,0.2199999988079071,4161,17089,25602,8450,25794,12737,8450,38405,12737,29570,17089,4-2-3-1,25,11,2,16,9,14,711,4,253,4,7,6,3,0,18,12,3
0.3499999940395355,0.5,0.10000000149011612,0.5,3.0,0.17499999701976776,0.5,0.10000000149011612,0.30000001192092896,0.8999999761581421,0.800000011920929,0.15000000596046448,0.8999999761581421,0.5600000023841858,0.5,0.800000011920929,3.0,0.5,4.0,0.6499999761581421,0.019999999552965164,0.699999988079071,0.5600000023841858,0.8500000238418579,0.15000000596046448,4161,21185,33797,25605,25605,12737,12737,33986,12737,38405,21185,3-4-3,27,15,4,23,13,0,717,5,254,25,12,6,2,0,25,16,4
0.6499999761581421,0.33000001311302185,0.10000000149011612,0.6499999761581421,4.0,0.15000000596046448,0.5,0.3499999940395355,0.3499999940395355,0.8999999761581421,0.800000011920929,0.15000000596046448,0.10000000149011612,0.5,0.5,0.800000011920929,3.0,0.5,3.0,0.5,0.019999999552965164,0.8999999761581421,0.2199999988079071,0.8500000238418579,0.2199999988079071,4161,21314,33794,8581,21314,12737,8581,33794,12737,38341,17089,4-3-3,27,13,3,23,10,6,718,4,255,9,7,6,7,0,25,15,3
0.8999999761581421,0.33000001311302185,0.5,0.6499999761581421,4.5,0.15000000596046448,0.6000000238418579,0.6499999761581421,0.3499999940395355,0.3499999940395355,0.8500000238418579,0.15000000596046448,0.10000000149011612,0.5,0.5,0.5,1.0,0.10000000149011612,4.5,0.5,0.019999999552965164,0.8999999761581421,0.2199999988079071,0.6000000238418579,0.2199999988079071,5827,25602,21185,8386,21314,12737,8386,38341,12737,25602,17089,4-1-4-1,25,12,2,15,10,15,741,4,256,2,7,6,31,0,16,13,3
0.3499999940395355,0.3499999940395355,0.5,0.6499999761581421,5.0,0.15000000596046448,0.3499999940395355,0.8999999761581421,0.3499999940395355,0.10000000149011612,0.8700000047683716,0.15000000596046448,0.10000000149011612,0.6000000238418579,0.5,0.6000000238418579,1.0,0.5,4.0,0.6499999761581421,0.019999999552965164,0.8999999761581421,0.2199999988079071,0.6700000166893005,0.2199999988079071,4226,17089,25729,8386,25729,12737,8386,38213,12737,29570,17089,4-2-3-1,25,11,2,16,9,14,744,4,257,4,7,6,3,0,18,12,3
0.3499999940395355,0.3499999940395355,0.5,0.6499999761581421,5.0,0.15000000596046448,0.3499999940395355,0.8999999761581421,0.3499999940395355,0.10000000149011612,0.8700000047683716,0.15000000596046448,0.10000000149011612,0.6000000238418579,0.5,0.6000000238418579,1.0,0.5,4.0,0.6499999761581421,0.019999999552965164,0.8999999761581421,0.2199999988079071,0.6700000166893005,0.2199999988079071,4161,17155,25602,8450,25602,12737,8386,38213,12802,29570,17089,4-2-3-1,25,11,2,16,9,14,748,4,258,4,7,6,3,0,18,12,3
0.5,0.2199999988079071,0.4000000059604645,0.699999988079071,5.0,0.15000000596046448,0.33000001311302185,0.6499999761581421,0.5,0.3499999940395355,0.8500000238418579,0.17499999701976776,0.30000001192092896,0.5,0.5,0.5,2.0,0.6000000238418579,3.0,0.10000000149011612,0.019999999552965164,0.8999999761581421,0.15000000596046448,0.8500000238418579,0.2199999988079071,4226,17089,21314,12737,21314,12737,8450,38405,12737,38405,8450,5-3-2,26,10,1,15,7,4,753,4,259,31,6,5,24,0,24,13,3
0.3499999940395355,0.5,0.4000000059604645,0.5,3.0,0.17499999701976776,0.5,0.10000000149011612,0.30000001192092896,0.5,0.8700000047683716,0.15000000596046448,0.8999999761581421,0.5600000023841858,0.5,0.6700000166893005,2.5,0.6000000238418579,4.5,0.6499999761581421,0.019999999552965164,0.699999988079071,0.5600000023841858,0.8700000047683716,0.15000000596046448,5827,21251,29634,25602,25729,12802,14145,38405,12737,38341,21442,3-4-1-2,26,15,4,18,13,1,780,5,260,23,12,6,29,0,24,16,4
0.6499999761581421,0.6000000238418579,0.4000000059604645,0.6499999761581421,4.0,0.15000000596046448,0.5,0.3499999940395355,0.3499999940395355,0.10000000149011612,0.8500000238418579,0.15000000596046448,0.10000000149011612,0.5,0.5,0.6000000238418579,2.0,0.6000000238418579,4.0,0.8999999761581421,0.019999999552965164,0.8999999761581421,0.2199999988079071,0.8500000238418579,0.2199999988079071,5827,21314,25602,8452,21251,12865,8452,38275,12737,38405,25797,4-4-2,26,13,2,16,12,10,819,4,261,16,7,6,11,0,24,15,3
0.5,0.2199999988079071,0.4000000059604645,0.699999988079071,5.0,0.15000000596046448,0.33000001311302185,0.6499999761581421,0.5,0.3499999940395355,0.8500000238418579,0.17499999701976776,0.30000001192092896,0.5,0.5,0.5,2.0,0.6000000238418579,3.0,0.10000000149011612,0.019999999552965164,0.8999999761581421,0.15000000596046448,0.8500000238418579,0.2199999988079071,4161,17089,21251,12865,21442,12737,8386,38341,12737,38405,8386,5-3-2,26,10,1,15,7,4,822,4,262,31,6,5,24,0,24,13,3
0.3499999940395355,0.3499999940395355,0.5,0.6499999761581421,5.0,0.15000000596046448,0.3499999940395355,0.8999999761581421,0.3499999940395355,0.10000000149011612,0.8700000047683716,0.15000000596046448,0.10000000149011612,0.6000000238418579,0.5,0.6000000238418579,1.0,0.5,4.0,0.6499999761581421,0.019999999552965164,0.8999999761581421,0.2199999988079071,0.6700000166893005,0.2199999988079071,4161,17155,25602,8581,25602,12865,8513,38405,12737,29570,17089,4-2-3-1,25,11,2,16,9,14,834,4,263,4,7,6,3,0,18,12,3
0.6499999761581421,0.5600000023841858,0.5,0.6499999761581421,4.0,0.15000000596046448,0.5,0.3499999940395355,0.3499999940395355,0.10000000149011612,0.8700000047683716,0.15000000596046448,0.10000000149011612,0.5,0.5,0.5600000023841858,1.5,0.5,4.5,0.8999999761581421,0.019999999552965164,0.8999999761581421,0.2199999988079071,0.6700000166893005,0.2199999988079071,5827,21314,25602,8450,21381,12737,8581,38341,12737,29634,25794,4-4-1-1,25,13,2,16,12,14,873,4,264,18,7,6,18,0,18,15,3
0.3499999940395355,0.5,0.4000000059604645,0.5,3.0,0.17499999701976776,0.5,0.10000000149011612,0.30000001192092896,0.5,0.8700000047683716,0.15000000596046448,0.8999999761581421,0.5600000023841858,0.5,0.6700000166893005,2.5,0.6000000238418579,4.5,0.6499999761581421,0.019999999552965164,0.699999988079071,0.5600000023841858,0.8700000047683716,0.15000000596046448,5827,21314,29570,25602,25602,12737,12737,38213,12737,38405,21381,3-4-1-2,26,15,4,18,13,1,894,5,265,23,12,6,29,0,24,16,4
0.3499999940395355,0.3499999940395355,0.5,0.6499999761581421,5.0,0.15000000596046448,0.3499999940395355,0.8999999761581421,0.3499999940395355,0.10000000149011612,0.8700000047683716,0.15000000596046448,0.10000000149011612,0.6000000238418579,0.5,0.6000000238418579,1.0,0.5,4.0,0.6499999761581421,0.019999999552965164,0.8999999761581421,0.2199999988079071,0.6700000166893005,0.2199999988079071,5827,18306,25794,8581,25602,12737,8581,38213,12737,29570,17089,4-2-3-1,25,11,2,16,9,14,896,4,266,4,7,6,3,0,18,12,3
0.3499999940395355,0.3499999940395355,0.5,0.6499999761581421,5.0,0.15000000596046448,0.3499999940395355,0.8999999761581421,0.3499999940395355,0.10000000149011612,0.8700000047683716,0.15000000596046448,0.10000000149011612,0.6000000238418579,0.5,0.6000000238418579,1.0,0.5,4.0,0.6499999761581421,0.019999999552965164,0.8999999761581421,0.2199999988079071,0.6700000166893005,0.2199999988079071,5827,17089,25602,8450,25602,12737,8581,38405,12737,29570,17089,4-2-3-1,25,11,2,16,9,14,897,4,267,4,7,6,3,0,18,12,3
0.6499999761581421,0.5600000023841858,0.4000000059604645,0.5,3.5,0.17499999701976776,0.5,0.3499999940395355,0.30000001192092896,0.10000000149011612,0.8500000238418579,0.15000000596046448,0.5,0.5,0.5,0.5600000023841858,2.0,0.6000000238418579,4.5,0.8999999761581421,0.019999999552965164,0.699999988079071,0.3499999940395355,0.8500000238418579,0.15000000596046448,4161,21314,25602,17089,21442,12737,12737,38341,12737,38405,25729,3-1-4-2,26,13,3,16,12,1,898,5,268,22,10,6,28,0,24,15,4
0.3499999940395355,0.3499999940395355,0.5,0.6499999761581421,5.0,0.15000000596046448,0.3499999940395355,0.8999999761581421,0.3499999940395355,0.10000000149011612,0.8700000047683716,0.15000000596046448,0.10000000149011612,0.6000000238418579,0.5,0.6000000238418579,1.0,0.5,4.0,0.6499999761581421,0.019999999552965164,0.8999999761581421,0.2199999988079071,0.6700000166893005,0.2199999988079071,5827,17089,25602,8581,25667,12802,8581,38213,12737,29570,17089,4-2-3-1,25,11,2,16,9,14,900,4,269,4,7,6,3,0,18,12,3
0.6499999761581421,0.33000001311302185,0.10000000149011612,0.6499999761581421,4.0,0.15000000596046448,0.5,0.3499999940395355,0.3499999940395355,0.8999999761581421,0.800000011920929,0.15000000596046448,0.10000000149011612,0.5,0.5,0.800000011920929,3.0,0.5,3.0,0.5,0.019999999552965164,0.8999999761581421,0.2199999988079071,0.8500000238418579,0.2199999988079071,5827,21314,33989,8450,21445,12865,8450,33861,12865,38213,17155,4-3-3,27,13,3,23,10,6,918,4,270,9,7,6,7,0,25,15,3
0.6499999761581421,0.33000001311302185,0.10000000149011612,0.6499999761581421,4.0,0.15000000596046448,0.5,0.3499999940395355,0.3499999940395355,0.8999999761581421,0.800000011920929,0.15000000596046448,0.10000000149011612,0.5,0.5,0.800000011920929,3.0,0.5,3.0,0.5,0.019999999552965164,0.8999999761581421,0.2199999988079071,0.8500000238418579,0.2199999988079071,5827,21381,33794,8581,21445,12865,8450,33989,12865,38341,17155,4-3-3,27,13,3,23,10,6,919,4,271,9,7,6,7,0,25,15,3
0.6499999761581421,0.6000000238418579,0.4000000059604645,0.6499999761581421,4.0,0.15000000596046448,0.5,0.3499999940395355,0.3499999940395355,0.10000000149011612,0.8500000238418579,0.15000000596046448,0.10000000149011612,0.5,0.5,0.6000000238418579,2.0,0.6000000238418579,4.0,0.8999999761581421,0.019999999552965164,0.8999999761581421,0.2199999988079071,0.8500000238418579,0.2199999988079071,5827,21314,25602,8386,21381,12737,9987,38405,12865,38405,25667,4-4-2,26,13,2,16,12,10,920,4,272,16,7,6,11,0,24,15,3
0.6499999761581421,0.33000001311302185,0.10000000149011612,0.6499999761581421,4.0,0.15000000596046448,0.5,0.3499999940395355,0.3499999940395355,0.8999999761581421,0.800000011920929,0.15000000596046448,0.10000000149011612,0.5,0.5,0.800000011920929,3.0,0.5,3.0,0.5,0.019999999552965164,0.8999999761581421,0.2199999988079071,0.8500000238418579,0.2199999988079071,5827,21314,33794,8386,21381,12865,8581,33794,12802,38405,17089,4-3-3,27,13,3,23,10,6,922,4,273,9,7,6,7,0,25,15,3
0.3499999940395355,0.5,0.5,0.5,3.0,0.17499999701976776,0.5,0.10000000149011612,0.30000001192092896,0.75,0.8700000047683716,0.15000000596046448,0.8999999761581421,0.5600000023841858,0.5,0.699999988079071,2.0,0.25,5.0,0.6499999761581421,0.019999999552965164,0.699999988079071,0.5600000023841858,0.699999988079071,0.15000000596046448,4226,21251,29576,25729,25729,12865,12737,38346,12806,29634,21191,3-4-2-1,25,15,3,17,13,19,974,5,274,24,12,6,21,0,19,16,4
0.6499999761581421,0.6000000238418579,0.4000000059604645,0.6499999761581421,4.0,0.15000000596046448,0.5,0.3499999940395355,0.3499999940395355,0.10000000149011612,0.8500000238418579,0.15000000596046448,0.10000000149011612,0.5,0.5,0.6000000238418579,2.0,0.6000000238418579,4.0,0.8999999761581421,0.019999999552965164,0.8999999761581421,0.2199999988079071,0.8500000238418579,0.2199999988079071,4161,21251,25602,8386,21185,12737,9987,38275,12737,38405,25602,4-4-2,26,13,2,16,12,10,980,4,275,16,7,6,11,0,24,15,3
0.8999999761581421,0.33000001311302185,0.5,0.6499999761581421,4.5,0.15000000596046448,0.6000000238418579,0.6499999761581421,0.3499999940395355,0.3499999940395355,0.8500000238418579,0.15000000596046448,0.10000000149011612,0.5,0.5,0.5,1.0,0.10000000149011612,4.5,0.5,0.019999999552965164,0.8999999761581421,0.2199999988079071,0.6000000238418579,0.2199999988079071,4161,25602,21314,8450,21314,12802,8450,38341,12865,25667,17089,4-1-4-1,25,12,2,15,10,15,982,4,276,2,7,6,31,0,16,13,3
0.6499999761581421,0.5600000023841858,0.4000000059604645,0.5,3.5,0.17499999701976776,0.5,0.3499999940395355,0.30000001192092896,0.10000000149011612,0.8500000238418579,0.15000000596046448,0.5,0.5,0.5,0.5600000023841858,2.0,0.6000000238418579,4.5,0.8999999761581421,0.019999999552965164,0.699999988079071,0.3499999940395355,0.8500000238418579,0.15000000596046448,4161,21442,25602,18306,21251,12737,12806,38213,12802,38213,25602,3-1-4-2,26,13,3,16,12,1,1013,5,277,22,10,6,28,0,24,15,4
0.6499999761581421,0.33000001311302185,0.10000000149011612,0.6499999761581421,4.0,0.15000000596046448,0.5,0.3499999940395355,0.3499999940395355,0.8999999761581421,0.800000011920929,0.15000000596046448,0.10000000149011612,0.5,0.5,0.800000011920929,3.0,0.5,3.0,0.5,0.019999999552965164,0.8999999761581421,0.2199999988079071,0.8500000238418579,0.2199999988079071,4161,21314,33794,8386,21314,12737,8386,33794,12737,38405,17089,4-3-3,27,13,3,23,10,6,1035,4,278,9,7,6,7,0,25,15,3
0.8999999761581421,0.33000001311302185,0.5,0.6499999761581421,4.5,0.15000000596046448,0.6000000238418579,0.6499999761581421,0.3499999940395355,0.3499999940395355,0.8500000238418579,0.15000000596046448,0.10000000149011612,0.5,0.5,0.5,1.0,0.10000000149011612,4.5,0.5,0.019999999552965164,0.8999999761581421,0.2199999988079071,0.6000000238418579,0.2199999988079071,4161,25794,21185,8386,21442,12737,8386,38405,12737,25602,17089,4-1-4-1,25,12,2,15,10,15,1041,4,279,2,7,6,31,0,16,13,3
0.6499999761581421,0.6000000238418579,0.4000000059604645,0.6499999761581421,4.0,0.15000000596046448,0.5,0.3499999940395355,0.3499999940395355,0.10000000149011612,0.8500000238418579,0.15000000596046448,0.10000000149011612,0.5,0.5,0.6000000238418579,2.0,0.6000000238418579,4.0,0.8999999761581421,0.019999999552965164,0.8999999761581421,0.2199999988079071,0.8500000238418579,0.2199999988079071,4161,21314,25602,8386,21314,12737,8386,38405,12737,38405,25602,4-4-2,26,13,2,16,12,10,1043,4,280,16,7,6,11,0,24,15,3
0.8999999761581421,0.33000001311302185,0.5,0.6499999761581421,4.5,0.15000000596046448,0.6000000238418579,0.6499999761581421,0.3499999940395355,0.3499999940395355,0.8500000238418579,0.15000000596046448,0.10000000149011612,0.5,0.5,0.5,1.0,0.10000000149011612,4.5,0.5,0.019999999552965164,0.8999999761581421,0.2199999988079071,0.6000000238418579,0.2199999988079071,4161,25602,21381,8386,21314,12865,8386,38275,12737,25602,17089,4-1-4-1,25,12,2,15,10,15,1053,4,281,2,7,6,31,0,16,13,3
0.3499999940395355,0.3499999940395355,0.5,0.6499999761581421,5.0,0.15000000596046448,0.3499999940395355,0.8999999761581421,0.3499999940395355,0.10000000149011612,0.8700000047683716,0.15000000596046448,0.10000000149011612,0.6000000238418579,0.5,0.6000000238418579,1.0,0.5,4.0,0.6499999761581421,0.019999999552965164,0.8999999761581421,0.2199999988079071,0.6700000166893005,0.2199999988079071,4226,18306,25797,8450,25797,12865,8450,38404,12865,29570,17095,4-2-3-1,25,11,2,16,9,14,1318,4,282,4,7,6,3,0,18,12,3
0.3499999940395355,0.3499999940395355,0.5,0.6499999761581421,5.0,0.15000000596046448,0.3499999940395355,0.8500000238418579,0.3499999940395355,0.5,0.8700000047683716,0.15000000596046448,0.10000000149011612,0.6700000166893005,0.5,0.6700000166893005,1.0,0.15000000596046448,4.0,0.6499999761581421,0.019999999552965164,0.8999999761581421,0.2199999988079071,0.6700000166893005,0.2199999988079071,4161,18306,29570,8581,29637,12737,8450,38341,12737,29570,17089,4-2-3-1,25,11,2,18,9,14,1322,4,283,3,7,6,16,0,19,17,3
0.3499999940395355,0.3499999940395355,0.10000000149011612,0.6499999761581421,4.0,0.15000000596046448,0.3499999940395355,0.5,0.3499999940395355,0.8999999761581421,0.800000011920929,0.15000000596046448,0.10000000149011612,0.5,0.5,0.800000011920929,3.0,0.5,3.0,0.6499999761581421,0.019999999552965164,0.8999999761581421,0.2199999988079071,0.8500000238418579,0.2199999988079071,4161,17089,33794,8581,21314,12737,8386,33986,12737,38213,17089,4-3-3,27,11,3,23,9,6,1325,4,284,10,7,6,5,0,25,14,3
0.3499999940395355,0.5,0.10000000149011612,0.6499999761581421,4.0,0.15000000596046448,0.5,0.5,0.3499999940395355,0.8999999761581421,0.800000011920929,0.15000000596046448,0.10000000149011612,0.6700000166893005,0.5,0.800000011920929,3.0,0.5,3.0,0.6499999761581421,0.019999999552965164,0.8999999761581421,0.2199999988079071,0.8700000047683716,0.2199999988079071,4161,21314,33986,8581,29570,12737,8581,33859,12737,38213,21381,4-3-3,27,15,3,23,13,6,1328,4,285,11,7,6,4,0,25,18,3
0.6499999761581421,0.2199999988079071,0.4000000059604645,0.699999988079071,6.0,0.15000000596046448,0.5,0.3499999940395355,0.5,0.5,0.8700000047683716,0.17499999701976776,0.30000001192092896,0.5,0.5,0.6700000166893005,2.0,0.6000000238418579,2.0,0.10000000149011612,0.019999999552965164,0.8999999761581421,0.15000000596046448,0.8700000047683716,0.2199999988079071,5827,21314,29570,12737,21314,12737,8450,38213,12737,38341,8386,5-2-1-2,26,13,1,18,7,4,1330,4,286,29,6,5,35,0,24,15,3
0.5,0.5,0.10000000149011612,0.6499999761581421,4.0,0.15000000596046448,0.47999998927116394,0.3499999940395355,0.3499999940395355,0.8999999761581421,0.800000011920929,0.15000000596046448,0.10000000149011612,0.5,0.5,0.800000011920929,3.0,0.5,3.0,0.6499999761581421,0.019999999552965164,0.8999999761581421,0.2199999988079071,0.8500000238418579,0.2199999988079071,5827,21251,33794,8581,21314,12865,8385,33794,12737,38341,21442,4-3-3,27,14,3,23,13,6,1331,4,287,8,7,6,17,0,25,15,3
0.3499999940395355,0.5,0.5,0.5,3.0,0.17499999701976776,0.5,0.10000000149011612,0.30000001192092896,0.75,0.8700000047683716,0.15000000596046448,0.8999999761581421,0.5600000023841858,0.5,0.699999988079071,2.0,0.25,5.0,0.6499999761581421,0.019999999552965164,0.699999988079071,0.5600000023841858,0.699999988079071,0.15000000596046448,4161,21442,29570,25732,25667,12737,12737,38405,12737,29570,21251,3-4-2-1,25,15,3,17,13,19,1334,5,288,24,12,6,21,0,19,16,4
0.3499999940395355,0.5,0.10000000149011612,0.6499999761581421,4.0,0.15000000596046448,0.5,0.5,0.3499999940395355,0.8999999761581421,0.800000011920929,0.15000000596046448,0.10000000149011612,0.6700000166893005,0.5,0.800000011920929,3.0,0.5,3.0,0.6499999761581421,0.019999999552965164,0.8999999761581421,0.2199999988079071,0.8700000047683716,0.2199999988079071,5827,21314,33986,8450,29957,12737,8450,33794,12865,38410,21314,4-3-3,27,15,3,23,13,6,1335,4,289,11,7,6,4,0,25,18,3
0.3499999940395355,0.3499999940395355,0.5,0.6499999761581421,5.0,0.15000000596046448,0.3499999940395355,0.8999999761581421,0.3499999940395355,0.10000000149011612,0.8700000047683716,0.15000000596046448,0.10000000149011612,0.6000000238418579,0.5,0.6000000238418579,1.0,0.5,4.0,0.6499999761581421,0.019999999552965164,0.8999999761581421,0.2199999988079071,0.6700000166893005,0.2199999988079071,5827,17153,25669,8581,25605,12737,8513,38277,12867,29957,18306,4-2-3-1,25,11,2,16,9,14,1337,4,290,4,7,6,3,0,18,12,3
0.6499999761581421,0.6000000238418579,0.4000000059604645,0.6499999761581421,4.0,0.15000000596046448,0.5,0.3499999940395355,0.3499999940395355,0.10000000149011612,0.8500000238418579,0.15000000596046448,0.10000000149011612,0.5,0.5,0.6000000238418579,2.0,0.6000000238418579,4.0,0.8999999761581421,0.019999999552965164,0.8999999761581421,0.2199999988079071,0.8500000238418579,0.2199999988079071,4226,21381,25602,8386,21381,12737,8386,38213,12865,38275,25602,4-4-2,26,13,2,16,12,10,1341,4,291,16,7,6,11,0,24,15,3
0.5,0.2199999988079071,0.4000000059604645,0.699999988079071,5.0,0.15000000596046448,0.33000001311302185,0.6499999761581421,0.5,0.3499999940395355,0.8500000238418579,0.17499999701976776,0.30000001192092896,0.5,0.5,0.5,2.0,0.6000000238418579,3.0,0.10000000149011612,0.019999999552965164,0.8999999761581421,0.15000000596046448,0.8500000238418579,0.2199999988079071,4161,17025,21251,12865,21314,12865,8581,38405,12865,38213,8581,5-3-2,26,10,1,15,7,4,1343,4,292,31,6,5,24,0,24,13,3
0.6499999761581421,0.33000001311302185,0.10000000149011612,0.6499999761581421,4.0,0.15000000596046448,0.5,0.3499999940395355,0.3499999940395355,0.8999999761581421,0.800000011920929,0.15000000596046448,0.10000000149011612,0.5,0.5,0.800000011920929,3.0,0.5,3.0,0.5,0.019999999552965164,0.8999999761581421,0.2199999988079071,0.8500000238418579,0.2199999988079071,4161,21381,33794,8581,21251,12737,8581,33794,12737,38405,17089,4-3-3,27,13,3,23,10,6,1352,4,293,9,7,6,7,0,25,15,3
0.3499999940395355,0.5,0.5,0.5,3.0,0.17499999701976776,0.5,0.10000000149011612,0.30000001192092896,0.75,0.8700000047683716,0.15000000596046448,0.8999999761581421,0.5600000023841858,0.5,0.699999988079071,2.0,0.25,5.0,0.6499999761581421,0.019999999552965164,0.699999988079071,0.5600000023841858,0.699999988079071,0.15000000596046448,5827,21251,29570,25729,25667,12737,12737,38405,14145,29634,21381,3-4-2-1,25,15,3,17,13,19,1353,5,294,24,12,6,21,0,19,16,4
0.6499999761581421,0.33000001311302185,0.10000000149011612,0.6499999761581421,4.0,0.15000000596046448,0.5,0.3499999940395355,0.3499999940395355,0.8999999761581421,0.800000011920929,0.15000000596046448,0.10000000149011612,0.5,0.5,0.800000011920929,3.0,0.5,3.0,0.5,0.019999999552965164,0.8999999761581421,0.2199999988079071,0.8500000238418579,0.2199999988079071,4226,21314,33794,8581,21442,12865,9987,33794,12865,38341,17155,4-3-3,27,13,3,23,10,6,1354,4,295,9,7,6,7,0,25,15,3
0.8999999761581421,0.2199999988079071,0.5,0.699999988079071,5.0,0.15000000596046448,0.6000000238418579,0.6499999761581421,0.5,0.3499999940395355,0.8500000238418579,0.17499999701976776,0.30000001192092896,0.5,0.5,0.5,1.0,0.10000000149011612,4.0,0.10000000149011612,0.019999999552965164,0.8999999761581421,0.15000000596046448,0.6000000238418579,0.2199999988079071,5827,25797,21314,12865,21314,12865,8581,38405,12737,25669,8581,5-4-1,25,12,0,15,7,5,1355,4,296,33,6,5,14,0,16,13,3
0.3499999940395355,0.5,0.10000000149011612,0.6499999761581421,4.0,0.15000000596046448,0.5,0.5,0.3499999940395355,0.8999999761581421,0.800000011920929,0.15000000596046448,0.10000000149011612,0.6700000166893005,0.5,0.800000011920929,3.0,0.5,3.0,0.6499999761581421,0.019999999552965164,0.8999999761581421,0.2199999988079071,0.8700000047683716,0.2199999988079071,4161,21442,33794,8450,29570,12737,8581,33794,12865,38213,21314,4-3-3,27,15,3,23,13,6,1356,4,297,11,7,6,4,0,25,18,3
0.3499999940395355,0.3499999940395355,0.5,0.6499999761581421,5.0,0.15000000596046448,0.3499999940395355,0.8999999761581421,0.3499999940395355,0.10000000149011612,0.8700000047683716,0.15000000596046448,0.10000000149011612,0.6000000238418579,0.5,0.6000000238418579,1.0,0.5,4.0,0.6499999761581421,0.019999999552965164,0.8999999761581421,0.2199999988079071,0.6700000166893005,0.2199999988079071,4161,18306,25729,8581,25602,12737,8450,38341,12737,29957,17153,4-2-3-1,25,11,2,16,9,14,1359,4,298,4,7,6,3,0,18,12,3
0.6499999761581421,0.33000001311302185,0.10000000149011612,0.6499999761581421,4.0,0.15000000596046448,0.5,0.3499999940395355,0.3499999940395355,0.8999999761581421,0.800000011920929,0.15000000596046448,0.10000000149011612,0.5,0.5,0.800000011920929,3.0,0.5,3.0,0.5,0.019999999552965164,0.8999999761581421,0.2199999988079071,0.8500000238418579,0.2199999988079071,4226,21381,33986,8385,21381,12865,8450,33986,12865,38217,17155,4-3-3,27,13,3,23,10,6,1362,4,299,9,7,6,7,0,25,15,3
0.8999999761581421,0.2199999988079071,0.5,0.699999988079071,5.0,0.15000000596046448,0.6000000238418579,0.6499999761581421,0.5,0.3499999940395355,0.8500000238418579,0.17499999701976776,0.30000001192092896,0.5,0.5,0.5,1.0,0.10000000149011612,4.0,0.10000000149011612,0.019999999552965164,0.8999999761581421,0.15000000596046448,0.6000000238418579,0.2199999988079071,4226,25602,21314,12737,21314,12737,8386,38405,12802,25667,8386,5-4-1,25,12,0,15,7,5,1363,4,300,33,6,5,14,0,16,13,3
0.6499999761581421,0.33000001311302185,0.10000000149011612,0.6499999761581421,4.0,0.15000000596046448,0.5,0.3499999940395355,0.3499999940395355,0.8999999761581421,0.800000011920929,0.15000000596046448,0.10000000149011612,0.5,0.5,0.800000011920929,3.0,0.5,3.0,0.5,0.019999999552965164,0.8999999761581421,0.2199999988079071,0.8500000238418579,0.2199999988079071,4161,21314,33794,8450,21314,12865,8450,33986,12737,38405,17160,4-3-3,27,13,3,23,10,6,1364,4,301,9,7,6,7,0,25,15,3
0.3499999940395355,0.3499999940395355,0.5,0.6499999761581421,5.0,0.15000000596046448,0.3499999940395355,0.8999999761581421,0.3499999940395355,0.10000000149011612,0.8700000047683716,0.15000000596046448,0.10000000149011612,0.6000000238418579,0.5,0.6000000238418579,1.0,0.5,4.0,0.6499999761581421,0.019999999552965164,0.8999999761581421,0.2199999988079071,0.6700000166893005,0.2199999988079071,5827,17155,25794,8450,25794,12737,8450,38341,12737,29957,17155,4-2-3-1,25,11,2,16,9,14,1365,4,302,4,7,6,3,0,18,12,3
0.8999999761581421,0.33000001311302185,0.5,0.6499999761581421,4.5,0.15000000596046448,0.6000000238418579,0.6499999761581421,0.3499999940395355,0.3499999940395355,0.8500000238418579,0.15000000596046448,0.10000000149011612,0.5,0.5,0.5,1.0,0.10000000149011612,4.5,0.5,0.019999999552965164,0.8999999761581421,0.2199999988079071,0.6000000238418579,0.2199999988079071,4161,25729,21314,8386,21314,12737,8386,38213,12737,25729,17089,4-1-4-1,25,12,2,15,10,15,1366,4,303,2,7,6,31,0,16,13,3
0.3499999940395355,0.3499999940395355,0.5,0.6499999761581421,5.0,0.15000000596046448,0.3499999940395355,0.8999999761581421,0.3499999940395355,0.10000000149011612,0.8700000047683716,0.15000000596046448,0.10000000149011612,0.6000000238418579,0.5,0.6000000238418579,1.0,0.5,4.0,0.6499999761581421,0.019999999552965164,0.8999999761581421,0.2199999988079071,0.6700000166893005,0.2199999988079071,4161,17089,25602,8386,25794,12737,8386,38213,12737,29570,17155,4-2-3-1,25,11,2,16,9,14,1367,4,304,4,7,6,3,0,18,12,3
0.6499999761581421,0.33000001311302185,0.10000000149011612,0.6499999761581421,4.0,0.15000000596046448,0.5,0.3499999940395355,0.3499999940395355,0.8999999761581421,0.800000011920929,0.15000000596046448,0.10000000149011612,0.5,0.5,0.800000011920929,3.0,0.5,3.0,0.5,0.019999999552965164,0.8999999761581421,0.2199999988079071,0.8500000238418579,0.2199999988079071,4162,21249,33859,8452,21251,12806,8450,33986,12870,38410,17155,4-3-3,27,13,3,23,10,6,1369,4,305,9,7,6,7,0,25,15,3
0.3499999940395355,0.3499999940395355,0.4000000059604645,0.6499999761581421,4.0,0.15000000596046448,0.3499999940395355,0.8999999761581421,0.3499999940395355,0.10000000149011612,0.8500000238418579,0.15000000596046448,0.10000000149011612,0.5600000023841858,0.5,0.5600000023841858,2.0,0.6000000238418579,4.0,0.6499999761581421,0.019999999552965164,0.8999999761581421,0.2199999988079071,0.8500000238418579,0.2199999988079071,5827,17155,25794,8386,25605,12865,8581,38405,12802,38277,17095,4-4-2,26,11,2,16,9,10,1370,4,306,17,7,6,12,0,24,12,3
0.3499999940395355,0.3499999940395355,0.5,0.6499999761581421,5.0,0.15000000596046448,0.3499999940395355,0.8999999761581421,0.3499999940395355,0.10000000149011612,0.8700000047683716,0.15000000596046448,0.10000000149011612,0.6000000238418579,0.5,0.6000000238418579,1.0,0.5,4.0,0.6499999761581421,0.019999999552965164,0.8999999761581421,0.2199999988079071,0.6700000166893005,0.2199999988079071,4161,18306,25667,8386,25602,12737,8386,38405,12865,29957,17089,4-2-3-1,25,11,2,16,9,14,1375,4,307,4,7,6,3,0,18,12,3
0.3499999940395355,0.3499999940395355,0.5,0.6499999761581421,5.0,0.15000000596046448,0.3499999940395355,0.8999999761581421,0.3499999940395355,0.10000000149011612,0.8700000047683716,0.15000000596046448,0.10000000149011612,0.6000000238418579,0.5,0.6000000238418579,1.0,0.5,4.0,0.6499999761581421,0.019999999552965164,0.8999999761581421,0.2199999988079071,0.6700000166893005,0.2199999988079071,4161,17089,25602,9987,25602,12802,8581,38341,12737,29957,17155,4-2-3-1,25,11,2,16,9,14,1377,4,308,4,7,6,3,0,18,12,3
0.3499999940395355,0.5,0.10000000149011612,0.6499999761581421,4.0,0.15000000596046448,0.5,0.5,0.3499999940395355,0.8999999761581421,0.800000011920929,0.15000000596046448,0.10000000149011612,0.6700000166893005,0.5,0.800000011920929,3.0,0.5,3.0,0.6499999761581421,0.019999999552965164,0.8999999761581421,0.2199999988079071,0.8700000047683716,0.2199999988079071,5827,21314,33794,8450,29571,12737,8385,33989,12802,38410,21185,4-3-3,27,15,3,23,13,6,1386,4,309,11,7,6,4,0,25,18,3
0.6499999761581421,0.5600000023841858,0.5,0.6499999761581421,4.0,0.15000000596046448,0.5,0.3499999940395355,0.3499999940395355,0.10000000149011612,0.8700000047683716,0.15000000596046448,0.10000000149011612,0.5,0.5,0.5600000023841858,1.5,0.5,4.5,0.8999999761581421,0.019999999552965164,0.8999999761581421,0.2199999988079071,0.6700000166893005,0.2199999988079071,4226,21442,25729,8581,21314,12737,8581,38341,12737,29570,25602,4-4-1-1,25,13,2,16,12,14,1387,4,310,18,7,6,18,0,18,15,3
0.3499999940395355,0.3499999940395355,0.5,0.6499999761581421,5.0,0.15000000596046448,0.3499999940395355,0.8500000238418579,0.3499999940395355,0.5,0.8700000047683716,0.15000000596046448,0.10000000149011612,0.6700000166893005,0.5,0.6700000166893005,1.0,0.15000000596046448,4.0,0.6499999761581421,0.019999999552965164,0.8999999761581421,0.2199999988079071,0.6700000166893005,0.2199999988079071,4161,18306,29571,8581,29634,12737,8581,38405,12737,29570,17089,4-2-3-1,25,11,2,18,9,14,1391,4,311,3,7,6,16,0,19,17,3
0.3499999940395355,0.5,0.10000000149011612,0.5,3.0,0.17499999701976776,0.5,0.10000000149011612,0.30000001192092896,0.8999999761581421,0.800000011920929,0.15000000596046448,0.8999999761581421,0.5600000023841858,0.5,0.800000011920929,3.0,0.5,4.0,0.6499999761581421,0.019999999552965164,0.699999988079071,0.5600000023841858,0.8500000238418579,0.15000000596046448,4161,21314,33859,25602,25602,12865,12737,33794,12737,38405,21185,3-4-3,27,15,4,23,13,0,1411,5,312,25,12,6,2,0,25,16,4
0.8999999761581421,0.2199999988079071,0.5,0.699999988079071,5.0,0.15000000596046448,0.6000000238418579,0.6499999761581421,0.5,0.3499999940395355,0.8500000238418579,0.17499999701976776,0.30000001192092896,0.5,0.5,0.5,1.0,0.10000000149011612,4.0,0.10000000149011612,0.019999999552965164,0.8999999761581421,0.15000000596046448,0.6000000238418579,0.2199999988079071,5827,25667,21251,12737,21185,12737,8450,38275,12737,25602,8581,5-4-1,25,12,0,15,7,5,1415,4,313,33,6,5,14,0,16,13,3
0.6499999761581421,0.33000001311302185,0.10000000149011612,0.6499999761581421,4.0,0.15000000596046448,0.5,0.3499999940395355,0.3499999940395355,0.8999999761581421,0.800000011920929,0.15000000596046448,0.10000000149011612,0.5,0.5,0.800000011920929,3.0,0.5,3.0,0.5,0.019999999552965164,0.8999999761581421,0.2199999988079071,0.8500000238418579,0.2199999988079071,4226,21314,33986,8386,21191,12806,8386,33794,12806,38405,17089,4-3-3,27,13,3,23,10,6,1438,4,314,9,7,6,7,0,25,15,3
0.6499999761581421,0.33000001311302185,0.10000000149011612,0.6499999761581421,4.0,0.15000000596046448,0.5,0.3499999940395355,0.3499999940395355,0.8999999761581421,0.800000011920929,0.15000000596046448,0.10000000149011612,0.5,0.5,0.800000011920929,3.0,0.5,3.0,0.5,0.019999999552965164,0.8999999761581421,0.2199999988079071,0.8500000238418579,0.2199999988079071,5827,21314,33794,8450,21251,12865,9987,33794,12737,38405,17025,4-3-3,27,13,3,23,10,6,1443,4,315,9,7,6,7,0,25,15,3
0.3499999940395355,0.3499999940395355,0.5,0.6499999761581421,5.0,0.15000000596046448,0.3499999940395355,0.8999999761581421,0.3499999940395355,0.10000000149011612,0.8700000047683716,0.15000000596046448,0.10000000149011612,0.6000000238418579,0.5,0.6000000238418579,1.0,0.5,4.0,0.6499999761581421,0.019999999552965164,0.8999999761581421,0.2199999988079071,0.6700000166893005,0.2199999988079071,5827,17089,25602,8386,25602,12865,8386,38405,12737,29570,17155,4-2-3-1,25,11,2,16,9,14,1447,4,316,4,7,6,3,0,18,12,3
0.6499999761581421,0.6000000238418579,0.4000000059604645,0.6499999761581421,4.0,0.15000000596046448,0.5,0.3499999940395355,0.3499999940395355,0.10000000149011612,0.8500000238418579,0.15000000596046448,0.10000000149011612,0.5,0.5,0.6000000238418579,2.0,0.6000000238418579,4.0,0.8999999761581421,0.019999999552965164,0.8999999761581421,0.2199999988079071,0.8500000238418579,0.2199999988079071,4161,21251,25602,8386,21314,12737,8386,38405,12802,38213,25602,4-4-2,26,13,2,16,12,10,1463,4,317,16,7,6,11,0,24,15,3
0.8999999761581421,0.33000001311302185,0.5,0.6499999761581421,4.5,0.15000000596046448,0.6000000238418579,0.6499999761581421,0.3499999940395355,0.3499999940395355,0.8500000238418579,0.15000000596046448,0.10000000149011612,0.5,0.5,0.5,1.0,0.10000000149011612,4.5,0.5,0.019999999552965164,0.8999999761581421,0.2199999988079071,0.6000000238418579,0.2199999988079071,4161,25794,21381,8581,21251,12802,8386,38405,12865,25602,17089,4-1-4-1,25,12,2,15,10,15,1473,4,318,2,7,6,31,0,16,13,3
0.6499999761581421,0.6000000238418579,0.4000000059604645,0.6499999761581421,4.0,0.15000000596046448,0.5,0.3499999940395355,0.3499999940395355,0.10000000149011612,0.8500000238418579,0.15000000596046448,0.10000000149011612,0.5,0.5,0.6000000238418579,2.0,0.6000000238418579,4.0,0.8999999761581421,0.019999999552965164,0.8999999761581421,0.2199999988079071,0.8500000238418579,0.2199999988079071,4161,21249,25602,9987,21185,12737,8513,38405,12737,38405,25794,4-4-2,26,13,2,16,12,10,1474,4,319,16,7,6,11,0,24,15,3
0.3499999940395355,0.3499999940395355,0.5,0.6499999761581421,5.0,0.15000000596046448,0.3499999940395355,0.8999999761581421,0.3499999940395355,0.10000000149011612,0.8700000047683716,0.15000000596046448,0.10000000149011612,0.6000000238418579,0.5,0.6000000238418579,1.0,0.5,4.0,0.6499999761581421,0.019999999552965164,0.8999999761581421,0.2199999988079071,0.6700000166893005,0.2199999988079071,4161,17089,25602,8386,25602,12865,8450,38213,12737,29570,17089,4-2-3-1,25,11,2,16,9,14,1477,4,320,4,7,6,3,0,18,12,3
0.6499999761581421,0.6000000238418579,0.4000000059604645,0.6499999761581421,4.0,0.15000000596046448,0.5,0.3499999940395355,0.3499999940395355,0.10000000149011612,0.8500000238418579,0.15000000596046448,0.10000000149011612,0.5,0.5,0.6000000238418579,2.0,0.6000000238418579,4.0,0.8999999761581421,0.019999999552965164,0.8999999761581421,0.2199999988079071,0.8500000238418579,0.2199999988079071,4161,21251,25602,8450,21314,12737,8450,38405,12737,38405,25602,4-4-2,26,13,2,16,12,10,1478,4,321,16,7,6,11,0,24,15,3
0.3499999940395355,0.5,0.4000000059604645,0.5,3.0,0.17499999701976776,0.5,0.10000000149011612,0.30000001192092896,0.5,0.8700000047683716,0.15000000596046448,0.8999999761581421,0.5600000023841858,0.5,0.6700000166893005,2.5,0.6000000238418579,4.5,0.6499999761581421,0.019999999552965164,0.699999988079071,0.5600000023841858,0.8700000047683716,0.15000000596046448,4226,21251,29570,25602,25602,12737,14145,38275,12737,38405,21314,3-4-1-2,26,15,4,18,13,1,1516,5,322,23,12,6,29,0,24,16,4
0.6499999761581421,0.6000000238418579,0.4000000059604645,0.6499999761581421,4.0,0.15000000596046448,0.5,0.3499999940395355,0.3499999940395355,0.10000000149011612,0.8500000238418579,0.15000000596046448,0.10000000149011612,0.5,0.5,0.6000000238418579,2.0,0.6000000238418579,4.0,0.8999999761581421,0.019999999552965164,0.8999999761581421,0.2199999988079071,0.8500000238418579,0.2199999988079071,4161,21314,25729,8450,21314,12737,8450,38275,12865,38341,25794,4-4-2,26,13,2,16,12,10,1523,4,323,16,7,6,11,0,24,15,3
0.5,0.2199999988079071,0.4000000059604645,0.699999988079071,5.0,0.15000000596046448,0.33000001311302185,0.6499999761581421,0.5,0.3499999940395355,0.8500000238418579,0.17499999701976776,0.30000001192092896,0.5,0.5,0.5,2.0,0.6000000238418579,3.0,0.10000000149011612,0.019999999552965164,0.8999999761581421,0.15000000596046448,0.8500000238418579,0.2199999988079071,4161,17155,21185,12737,21381,12737,8450,38275,12737,38405,8450,5-3-2,26,10,1,15,7,4,1530,4,324,31,6,5,24,0,24,13,3
0.5,0.2199999988079071,0.4000000059604645,0.699999988079071,5.0,0.15000000596046448,0.33000001311302185,0.6499999761581421,0.5,0.3499999940395355,0.8500000238418579,0.17499999701976776,0.30000001192092896,0.5,0.5,0.5,2.0,0.6000000238418579,3.0,0.10000000149011612,0.019999999552965164,0.8999999761581421,0.15000000596046448,0.8500000238418579,0.2199999988079071,4161,17155,21314,14145,21251,12802,8450,38341,12865,38341,8581,5-3-2,26,10,1,15,7,4,1569,4,325,31,6,5,24,0,24,13,3
0.3499999940395355,0.3499999940395355,0.5,0.6499999761581421,5.0,0.15000000596046448,0.3499999940395355,0.8999999761581421,0.3499999940395355,0.10000000149011612,0.8700000047683716,0.15000000596046448,0.10000000149011612,0.6000000238418579,0.5,0.6000000238418579,1.0,0.5,4.0,0.6499999761581421,0.019999999552965164,0.8999999761581421,0.2199999988079071,0.6700000166893005,0.2199999988079071,4162,17089,25602,8450,25602,12737,8450,38405,12737,29957,17095,4-2-3-1,25,11,2,16,9,14,1571,4,326,4,7,6,3,0,18,12,3
0.3499999940395355,0.3499999940395355,0.5,0.6499999761581421,5.0,0.15000000596046448,0.3499999940395355,0.8999999761581421,0.3499999940395355,0.10000000149011612,0.8700000047683716,0.15000000596046448,0.10000000149011612,0.6000000238418579,0.5,0.6000000238418579,1.0,0.5,4.0,0.6499999761581421,0.019999999552965164,0.8999999761581421,0.2199999988079071,0.6700000166893005,0.2199999988079071,4162,17089,25602,8450,25602,12737,8450,38341,12737,29570,17095,4-2-3-1,25,11,2,16,9,14,1572,4,327,4,7,6,3,0,18,12,3
0.3499999940395355,0.3499999940395355,0.5,0.6499999761581421,5.0,0.15000000596046448,0.3499999940395355,0.8999999761581421,0.3499999940395355,0.10000000149011612,0.8700000047683716,0.15000000596046448,0.10000000149011612,0.6000000238418579,0.5,0.6000000238418579,1.0,0.5,4.0,0.6499999761581421,0.019999999552965164,0.8999999761581421,0.2199999988079071,0.6700000166893005,0.2199999988079071,4161,17089,25602,8386,25602,12737,8386,38405,12737,29570,17089,4-2-3-1,25,11,2,16,9,14,1598,4,328,4,7,6,3,0,18,12,3
0.3499999940395355,0.3499999940395355,0.5,0.6499999761581421,5.0,0.15000000596046448,0.3499999940395355,0.8999999761581421,0.3499999940395355,0.10000000149011612,0.8700000047683716,0.15000000596046448,0.10000000149011612,0.6000000238418579,0.5,0.6000000238418579,1.0,0.5,4.0,0.6499999761581421,0.019999999552965164,0.8999999761581421,0.2199999988079071,0.6700000166893005,0.2199999988079071,4161,17089,25602,8386,25602,12737,8386,38405,12737,29570,17089,4-2-3-1,25,11,2,16,9,14,1629,4,329,4,7,6,3,0,18,12,3
0.3499999940395355,0.3499999940395355,0.5,0.6499999761581421,5.0,0.15000000596046448,0.3499999940395355,0.8999999761581421,0.3499999940395355,0.10000000149011612,0.8700000047683716,0.15000000596046448,0.10000000149011612,0.6000000238418579,0.5,0.6000000238418579,1.0,0.5,4.0,0.6499999761581421,0.019999999552965164,0.8999999761581421,0.2199999988079071,0.6700000166893005,0.2199999988079071,4161,17089,25794,8450,25602,12737,8513,38405,12737,29570,17155,4-2-3-1,25,11,2,16,9,14,1667,4,330,4,7,6,3,0,18,12,3
0.3499999940395355,0.5,0.4000000059604645,0.5,3.0,0.17499999701976776,0.5,0.10000000149011612,0.30000001192092896,0.5,0.8700000047683716,0.15000000596046448,0.8999999761581421,0.5600000023841858,0.5,0.6700000166893005,2.5,0.6000000238418579,4.5,0.6499999761581421,0.019999999552965164,0.699999988079071,0.5600000023841858,0.8700000047683716,0.15000000596046448,4161,21381,29570,25602,25729,12737,12737,38405,12865,38405,21314,3-4-1-2,26,15,4,18,13,1,1713,5,331,23,12,6,29,0,24,16,4
0.3499999940395355,0.3499999940395355,0.4000000059604645,0.6499999761581421,5.0,0.15000000596046448,0.3499999940395355,0.75,0.3499999940395355,0.25,0.8700000047683716,0.15000000596046448,0.10000000149011612,0.6700000166893005,0.5,0.6700000166893005,2.0,0.6000000238418579,3.0,0.6499999761581421,0.019999999552965164,0.8999999761581421,0.2199999988079071,0.8700000047683716,0.2199999988079071,4161,17089,29570,8581,29570,12865,8386,38213,12737,38405,17089,4-2-2-2,26,11,2,19,9,10,1715,4,332,13,7,6,32,0,24,17,3
0.3499999940395355,0.3499999940395355,0.5,0.6499999761581421,5.0,0.15000000596046448,0.3499999940395355,0.8999999761581421,0.3499999940395355,0.10000000149011612,0.8700000047683716,0.15000000596046448,0.10000000149011612,0.6000000238418579,0.5,0.6000000238418579,1.0,0.5,4.0,0.6499999761581421,0.019999999552965164,0.8999999761581421,0.2199999988079071,0.6700000166893005,0.2199999988079071,5827,17089,25602,8581,25729,12737,8386,38405,12737,29570,17155,4-2-3-1,25,11,2,16,9,14,1738,4,333,4,7,6,3,0,18,12,3
0.6499999761581421,0.5600000023841858,0.4000000059604645,0.5,3.5,0.17499999701976776,0.5,0.3499999940395355,0.30000001192092896,0.10000000149011612,0.8500000238418579,0.15000000596046448,0.5,0.5,0.5,0.5600000023841858,2.0,0.6000000238418579,4.5,0.8999999761581421,0.019999999552965164,0.699999988079071,0.3499999940395355,0.8500000238418579,0.15000000596046448,4161,21185,25602,17089,21314,12865,12737,38405,12737,38341,25602,3-1-4-2,26,13,3,16,12,1,1739,5,334,22,10,6,28,0,24,15,4
0.5,0.2199999988079071,0.4000000059604645,0.699999988079071,5.0,0.15000000596046448,0.33000001311302185,0.6499999761581421,0.5,0.3499999940395355,0.8500000238418579,0.17499999701976776,0.30000001192092896,0.5,0.5,0.5,2.0,0.6000000238418579,3.0,0.10000000149011612,0.019999999552965164,0.8999999761581421,0.15000000596046448,0.8500000238418579,0.2199999988079071,4161,17155,21251,14145,21314,14145,8581,38275,12737,38341,8581,5-3-2,26,10,1,15,7,4,1744,4,335,31,6,5,24,0,24,13,3
0.3499999940395355,0.3499999940395355,0.5,0.6499999761581421,5.0,0.15000000596046448,0.3499999940395355,0.8999999761581421,0.3499999940395355,0.10000000149011612,0.8700000047683716,0.15000000596046448,0.10000000149011612,0.6000000238418579,0.5,0.6000000238418579,1.0,0.5,4.0,0.6499999761581421,0.019999999552965164,0.8999999761581421,0.2199999988079071,0.6700000166893005,0.2199999988079071,5827,17155,25794,8450,25794,12802,9987,38405,12802,29570,17025,4-2-3-1,25,11,2,16,9,14,1745,4,336,4,7,6,3,0,18,12,3
0.6499999761581421,0.5600000023841858,0.5,0.6499999761581421,4.0,0.15000000596046448,0.5,0.3499999940395355,0.3499999940395355,0.10000000149011612,0.8700000047683716,0.15000000596046448,0.10000000149011612,0.5,0.5,0.5600000023841858,1.5,0.5,4.5,0.8999999761581421,0.019999999552965164,0.8999999761581421,0.2199999988079071,0.6700000166893005,0.2199999988079071,5827,21314,25602,8581,21314,12802,8450,38341,12737,29570,25602,4-4-1-1,25,13,2,16,12,14,1746,4,337,18,7,6,18,0,18,15,3
0.6499999761581421,0.6000000238418579,0.4000000059604645,0.6499999761581421,4.0,0.15000000596046448,0.5,0.3499999940395355,0.3499999940395355,0.10000000149011612,0.8500000238418579,0.15000000596046448,0.10000000149011612,0.5,0.5,0.6000000238418579,2.0,0.6000000238418579,4.0,0.8999999761581421,0.019999999552965164,0.8999999761581421,0.2199999988079071,0.8500000238418579,0.2199999988079071,4161,21314,25667,8386,21249,12865,8386,38405,12737,38405,25602,4-4-2,26,13,2,16,12,10,1750,4,338,16,7,6,11,0,24,15,3
0.5,0.2199999988079071,0.4000000059604645,0.699999988079071,5.0,0.15000000596046448,0.33000001311302185,0.6499999761581421,0.5,0.3499999940395355,0.8500000238418579,0.17499999701976776,0.30000001192092896,0.5,0.5,0.5,2.0,0.6000000238418579,3.0,0.10000000149011612,0.019999999552965164,0.8999999761581421,0.15000000596046448,0.8500000238418579,0.2199999988079071,4226,17089,21381,12865,21442,14145,8450,38341,12737,38341,8450,5-3-2,26,10,1,15,7,4,1756,4,339,31,6,5,24,0,24,13,3
0.3499999940395355,0.3499999940395355,0.5,0.6499999761581421,5.0,0.15000000596046448,0.3499999940395355,0.8999999761581421,0.3499999940395355,0.10000000149011612,0.8700000047683716,0.15000000596046448,0.10000000149011612,0.6000000238418579,0.5,0.6000000238418579,1.0,0.5,4.0,0.6499999761581421,0.019999999552965164,0.8999999761581421,0.2199999988079071,0.6700000166893005,0.2199999988079071,5827,17089,25794,8450,25602,12737,8450,38213,12865,29570,17089,4-2-3-1,25,11,2,16,9,14,1757,4,340,4,7,6,3,0,18,12,3
0.6499999761581421,0.5600000023841858,0.5,0.6499999761581421,4.0,0.15000000596046448,0.5,0.3499999940395355,0.3499999940395355,0.10000000149011612,0.8700000047683716,0.15000000596046448,0.10000000149011612,0.5,0.5,0.5600000023841858,1.5,0.5,4.5,0.8999999761581421,0.019999999552965164,0.8999999761581421,0.2199999988079071,0.6700000166893005,0.2199999988079071,4226,21314,25729,8450,21314,12865,8450,38405,12737,29570,25667,4-4-1-1,25,13,2,16,12,14,1786,4,341,18,7,6,18,0,18,15,3
0.6499999761581421,0.2199999988079071,0.10000000149011612,0.699999988079071,6.0,0.15000000596046448,0.5,0.3499999940395355,0.5,0.8999999761581421,0.800000011920929,0.17499999701976776,0.30000001192092896,0.5,0.5,0.800000011920929,1.0,0.5,3.0,0.10000000149011612,0.019999999552965164,0.8999999761581421,0.15000000596046448,0.8500000238418579,0.2199999988079071,5827,21381,33986,12737,21314,12865,8581,33986,12737,38405,8450,5-2-3,27,13,1,23,7,3,1788,4,342,30,6,5,36,0,25,15,3
0.3499999940395355,0.3499999940395355,0.5,0.6499999761581421,5.0,0.15000000596046448,0.3499999940395355,0.8999999761581421,0.3499999940395355,0.10000000149011612,0.8700000047683716,0.15000000596046448,0.10000000149011612,0.6000000238418579,0.5,0.6000000238418579,1.0,0.5,4.0,0.6499999761581421,0.019999999552965164,0.8999999761581421,0.2199999988079071,0.6700000166893005,0.2199999988079071,4161,17089,25602,8450,25667,12737,8386,38213,12737,29570,17089,4-2-3-1,25,11,2,16,9,14,1790,4,343,4,7,6,3,0,18,12,3
0.3499999940395355,0.3499999940395355,0.5,0.6499999761581421,5.0,0.15000000596046448,0.3499999940395355,0.8999999761581421,0.3499999940395355,0.10000000149011612,0.8700000047683716,0.15000000596046448,0.10000000149011612,0.6000000238418579,0.5,0.6000000238418579,1.0,0.5,4.0,0.6499999761581421,0.019999999552965164,0.8999999761581421,0.2199999988079071,0.6700000166893005,0.2199999988079071,4226,17155,25667,8386,25602,12737,8450,38341,12737,29570,17089,4-2-3-1,25,11,2,16,9,14,1792,4,344,4,7,6,3,0,18,12,3
0.3499999940395355,0.3499999940395355,0.5,0.6499999761581421,5.0,0.15000000596046448,0.3499999940395355,0.8999999761581421,0.3499999940395355,0.10000000149011612,0.8700000047683716,0.15000000596046448,0.10000000149011612,0.6000000238418579,0.5,0.6000000238418579,1.0,0.5,4.0,0.6499999761581421,0.019999999552965164,0.8999999761581421,0.2199999988079071,0.6700000166893005,0.2199999988079071,5827,17089,25602,8386,25602,12802,8450,38405,12737,29570,17155,4-2-3-1,25,11,2,16,9,14,1793,4,345,4,7,6,3,0,18,12,3
0.3499999940395355,0.3499999940395355,0.5,0.6499999761581421,5.0,0.15000000596046448,0.3499999940395355,0.8999999761581421,0.3499999940395355,0.10000000149011612,0.8700000047683716,0.15000000596046448,0.10000000149011612,0.6000000238418579,0.5,0.6000000238418579,1.0,0.5,4.0,0.6499999761581421,0.019999999552965164,0.8999999761581421,0.2199999988079071,0.6700000166893005,0.2199999988079071,4161,17089,25667,8581,25602,12737,8581,38341,12737,29570,17089,4-2-3-1,25,11,2,16,9,14,1794,4,346,4,7,6,3,0,18,12,3
0.6499999761581421,0.5600000023841858,0.5,0.6499999761581421,4.0,0.15000000596046448,0.5,0.3499999940395355,0.3499999940395355,0.10000000149011612,0.8700000047683716,0.15000000596046448,0.10000000149011612,0.5,0.5,0.5600000023841858,1.5,0.5,4.5,0.8999999761581421,0.019999999552965164,0.8999999761581421,0.2199999988079071,0.6700000166893005,0.2199999988079071,4161,21314,25667,8581,21314,12737,8450,38405,12737,29570,25602,4-4-1-1,25,13,2,16,12,14,1795,4,347,18,7,6,18,0,18,15,3
0.3499999940395355,0.3499999940395355,0.5,0.6499999761581421,5.0,0.15000000596046448,0.3499999940395355,0.8999999761581421,0.3499999940395355,0.10000000149011612,0.8700000047683716,0.15000000596046448,0.10000000149011612,0.6000000238418579,0.5,0.6000000238418579,1.0,0.5,4.0,0.6499999761581421,0.019999999552965164,0.8999999761581421,0.2199999988079071,0.6700000166893005,0.2199999988079071,5827,17095,25794,8450,25602,12865,8450,38405,12737,29570,17155,4-2-3-1,25,11,2,16,9,14,1796,4,348,4,7,6,3,0,18,12,3
0.5,0.2199999988079071,0.4000000059604645,0.699999988079071,5.0,0.15000000596046448,0.33000001311302185,0.6499999761581421,0.5,0.3499999940395355,0.8500000238418579,0.17499999701976776,0.30000001192092896,0.5,0.5,0.5,2.0,0.6000000238418579,3.0,0.10000000149011612,0.019999999552965164,0.8999999761581421,0.15000000596046448,0.8500000238418579,0.2199999988079071,4161,17089,21314,12737,21314,12737,8513,38405,12802,38213,8450,5-3-2,26,10,1,15,7,4,1797,4,349,31,6,5,24,0,24,13,3
0.5,0.2199999988079071,0.4000000059604645,0.699999988079071,5.0,0.15000000596046448,0.33000001311302185,0.6499999761581421,0.5,0.3499999940395355,0.8500000238418579,0.17499999701976776,0.30000001192092896,0.5,0.5,0.5,2.0,0.6000000238418579,3.0,0.10000000149011612,0.019999999552965164,0.8999999761581421,0.15000000596046448,0.8500000238418579,0.2199999988079071,4161,17089,21381,12737,21381,12737,8581,38404,12737,38405,8581,5-3-2,26,10,1,15,7,4,1798,4,350,31,6,5,24,0,24,13,3
0.6499999761581421,0.2199999988079071,0.10000000149011612,0.699999988079071,6.0,0.15000000596046448,0.5,0.3499999940395355,0.5,0.8999999761581421,0.800000011920929,0.17499999701976776,0.30000001192092896,0.5,0.5,0.800000011920929,1.0,0.5,3.0,0.10000000149011612,0.019999999552965164,0.8999999761581421,0.15000000596046448,0.8500000238418579,0.2199999988079071,4161,21251,33992,14145,21185,14145,8581,33861,12802,38341,8581,5-2-3,27,13,1,23,7,3,1799,4,351,30,6,5,36,0,25,15,3
0.3499999940395355,0.3499999940395355,0.5,0.6499999761581421,5.0,0.15000000596046448,0.3499999940395355,0.8999999761581421,0.3499999940395355,0.10000000149011612,0.8700000047683716,0.15000000596046448,0.10000000149011612,0.6000000238418579,0.5,0.6000000238418579,1.0,0.5,4.0,0.6499999761581421,0.019999999552965164,0.8999999761581421,0.2199999988079071,0.6700000166893005,0.2199999988079071,4161,17089,25794,8581,25602,12737,8581,38405,12737,29570,17089,4-2-3-1,25,11,2,16,9,14,1800,4,352,4,7,6,3,0,18,12,3
0.5,0.2199999988079071,0.4000000059604645,0.699999988079071,5.0,0.15000000596046448,0.33000001311302185,0.6499999761581421,0.5,0.3499999940395355,0.8500000238418579,0.17499999701976776,0.30000001192092896,0.5,0.5,0.5,2.0,0.6000000238418579,3.0,0.10000000149011612,0.019999999552965164,0.8999999761581421,0.15000000596046448,0.8500000238418579,0.2199999988079071,4161,17089,21381,12737,21314,12737,8450,38275,12737,38405,8450,5-3-2,26,10,1,15,7,4,1801,4,353,31,6,5,24,0,24,13,3
0.3499999940395355,0.3499999940395355,0.5,0.6499999761581421,5.0,0.15000000596046448,0.3499999940395355,0.8999999761581421,0.3499999940395355,0.10000000149011612,0.8700000047683716,0.15000000596046448,0.10000000149011612,0.6000000238418579,0.5,0.6000000238418579,1.0,0.5,4.0,0.6499999761581421,0.019999999552965164,0.8999999761581421,0.2199999988079071,0.6700000166893005,0.2199999988079071,4161,17089,25602,8581,25602,12737,8581,38213,12737,29576,17089,4-2-3-1,25,11,2,16,9,14,1802,4,354,4,7,6,3,0,18,12,3
0.8999999761581421,0.33000001311302185,0.5,0.6499999761581421,4.5,0.15000000596046448,0.6000000238418579,0.6499999761581421,0.3499999940395355,0.3499999940395355,0.8500000238418579,0.15000000596046448,0.10000000149011612,0.5,0.5,0.5,1.0,0.10000000149011612,4.5,0.5,0.019999999552965164,0.8999999761581421,0.2199999988079071,0.6000000238418579,0.2199999988079071,4162,25602,21314,8450,21314,12737,8450,38341,12865,25794,17095,4-1-4-1,25,12,2,15,10,15,1803,4,355,2,7,6,31,0,16,13,3
0.8999999761581421,0.2199999988079071,0.5,0.699999988079071,5.0,0.15000000596046448,0.6000000238418579,0.6499999761581421,0.5,0.3499999940395355,0.8500000238418579,0.17499999701976776,0.30000001192092896,0.5,0.5,0.5,1.0,0.10000000149011612,4.0,0.10000000149011612,0.019999999552965164,0.8999999761581421,0.15000000596046448,0.6000000238418579,0.2199999988079071,4161,25602,21251,12737,21314,12737,8581,38405,12802,25602,8386,5-4-1,25,12,0,15,7,5,1804,4,356,33,6,5,14,0,16,13,3
0.3499999940395355,0.3499999940395355,0.5,0.6499999761581421,5.0,0.15000000596046448,0.3499999940395355,0.8999999761581421,0.3499999940395355,0.10000000149011612,0.8700000047683716,0.15000000596046448,0.10000000149011612,0.6000000238418579,0.5,0.6000000238418579,1.0,0.5,4.0,0.6499999761581421,0.019999999552965164,0.8999999761581421,0.2199999988079071,0.6700000166893005,0.2199999988079071,4161,17089,25602,8450,25729,12737,8450,38405,12737,30341,17089,4-2-3-1,25,11,2,16,9,14,1805,4,357,4,7,6,3,0,18,12,3
0.3499999940395355,0.3499999940395355,0.5,0.6499999761581421,5.0,0.15000000596046448,0.3499999940395355,0.8999999761581421,0.3499999940395355,0.10000000149011612,0.8700000047683716,0.15000000596046448,0.10000000149011612,0.6000000238418579,0.5,0.6000000238418579,1.0,0.5,4.0,0.6499999761581421,0.019999999552965164,0.8999999761581421,0.2199999988079071,0.6700000166893005,0.2199999988079071,4161,17089,25602,8386,25794,12737,8386,38275,12737,29634,17089,4-2-3-1,25,11,2,16,9,14,1806,4,358,4,7,6,3,0,18,12,3
0.6499999761581421,0.2199999988079071,0.4000000059604645,0.699999988079071,6.0,0.15000000596046448,0.5,0.3499999940395355,0.5,0.5,0.8700000047683716,0.17499999701976776,0.30000001192092896,0.5,0.5,0.6700000166893005,2.0,0.6000000238418579,2.0,0.10000000149011612,0.019999999552965164,0.8999999761581421,0.15000000596046448,0.8700000047683716,0.2199999988079071,5827,21314,29570,12737,21314,12737,8450,38405,12737,38341,8581,5-2-1-2,26,13,1,18,7,4,1807,4,359,29,6,5,35,0,24,15,3
0.3499999940395355,0.3499999940395355,0.5,0.6499999761581421,5.0,0.15000000596046448,0.3499999940395355,0.8999999761581421,0.3499999940395355,0.10000000149011612,0.8700000047683716,0.15000000596046448,0.10000000149011612,0.6000000238418579,0.5,0.6000000238418579,1.0,0.5,4.0,0.6499999761581421,0.019999999552965164,0.8999999761581421,0.2199999988079071,0.6700000166893005,0.2199999988079071,5827,17155,25669,8450,25797,12865,8514,38404,12865,29570,18306,4-2-3-1,25,11,2,16,9,14,1808,4,360,4,7,6,3,0,18,12,3
0.3499999940395355,0.5,0.10000000149011612,0.5,3.0,0.17499999701976776,0.5,0.10000000149011612,0.30000001192092896,0.8999999761581421,0.800000011920929,0.15000000596046448,0.8999999761581421,0.5600000023841858,0.5,0.800000011920929,3.0,0.5,4.0,0.6499999761581421,0.019999999552965164,0.699999988079071,0.5600000023841858,0.8500000238418579,0.15000000596046448,4161,21185,33986,25729,25729,12737,12737,33859,12737,38213,21314,3-4-3,27,15,4,23,13,0,1809,5,361,25,12,6,2,0,25,16,4
0.8999999761581421,0.2199999988079071,0.5,0.699999988079071,5.0,0.15000000596046448,0.6000000238418579,0.6499999761581421,0.5,0.3499999940395355,0.8500000238418579,0.17499999701976776,0.30000001192092896,0.5,0.5,0.5,1.0,0.10000000149011612,4.0,0.10000000149011612,0.019999999552965164,0.8999999761581421,0.15000000596046448,0.6000000238418579,0.2199999988079071,4161,25794,21314,12737,21314,12737,8581,38405,12737,25794,8386,5-4-1,25,12,0,15,7,5,1814,4,362,33,6,5,14,0,16,13,3
0.8999999761581421,0.2199999988079071,0.5,0.699999988079071,5.0,0.15000000596046448,0.6000000238418579,0.6499999761581421,0.5,0.3499999940395355,0.8500000238418579,0.17499999701976776,0.30000001192092896,0.5,0.5,0.5,1.0,0.10000000149011612,4.0,0.10000000149011612,0.019999999552965164,0.8999999761581421,0.15000000596046448,0.6000000238418579,0.2199999988079071,5827,25602,21185,12737,21314,12737,8581,38341,12737,25667,8450,5-4-1,25,12,0,15,7,5,1815,4,363,33,6,5,14,0,16,13,3
0.6499999761581421,0.6000000238418579,0.4000000059604645,0.6499999761581421,4.0,0.15000000596046448,0.5,0.3499999940395355,0.3499999940395355,0.10000000149011612,0.8500000238418579,0.15000000596046448,0.10000000149011612,0.5,0.5,0.6000000238418579,2.0,0.6000000238418579,4.0,0.8999999761581421,0.019999999552965164,0.8999999761581421,0.2199999988079071,0.8500000238418579,0.2199999988079071,4161,21314,25602,8450,21185,12737,8386,38341,12737,38405,25667,4-4-2,26,13,2,16,12,10,1816,4,364,16,7,6,11,0,24,15,3
0.3499999940395355,0.3499999940395355,0.5,0.6499999761581421,5.0,0.15000000596046448,0.3499999940395355,0.8999999761581421,0.3499999940395355,0.10000000149011612,0.8700000047683716,0.15000000596046448,0.10000000149011612,0.6000000238418579,0.5,0.6000000238418579,1.0,0.5,4.0,0.6499999761581421,0.019999999552965164,0.8999999761581421,0.2199999988079071,0.6700000166893005,0.2199999988079071,5827,17155,25602,8386,25602,12737,8386,38405,12737,29570,17025,4-2-3-1,25,11,2,16,9,14,1819,4,365,4,7,6,3,0,18,12,3
0.8999999761581421,0.2199999988079071,0.5,0.699999988079071,5.0,0.15000000596046448,0.6000000238418579,0.6499999761581421,0.5,0.3499999940395355,0.8500000238418579,0.17499999701976776,0.30000001192092896,0.5,0.5,0.5,1.0,0.10000000149011612,4.0,0.10000000149011612,0.019999999552965164,0.8999999761581421,0.15000000596046448,0.6000000238418579,0.2199999988079071,4226,25729,21314,12737,21381,12737,8581,38405,12737,25602,8581,5-4-1,25,12,0,15,7,5,1823,4,366,33,6,5,14,0,16,13,3
0.8999999761581421,0.33000001311302185,0.5,0.6499999761581421,4.5,0.15000000596046448,0.6000000238418579,0.6499999761581421,0.3499999940395355,0.3499999940395355,0.8500000238418579,0.15000000596046448,0.10000000149011612,0.5,0.5,0.5,1.0,0.10000000149011612,4.5,0.5,0.019999999552965164,0.8999999761581421,0.2199999988079071,0.6000000238418579,0.2199999988079071,5827,25731,21314,8581,21445,12737,8386,38405,12806,25605,17089,4-1-4-1,25,12,2,15,10,15,1824,4,367,2,7,6,31,0,16,13,3
0.8999999761581421,0.2199999988079071,0.5,0.699999988079071,5.0,0.15000000596046448,0.6000000238418579,0.6499999761581421,0.5,0.3499999940395355,0.8500000238418579,0.17499999701976776,0.30000001192092896,0.5,0.5,0.5,1.0,0.10000000149011612,4.0,0.10000000149011612,0.019999999552965164,0.8999999761581421,0.15000000596046448,0.6000000238418579,0.2199999988079071,5827,25794,21381,12737,21185,12737,8450,38213,12737,25794,8581,5-4-1,25,12,0,15,7,5,1825,4,368,33,6,5,14,0,16,13,3
0.3499999940395355,0.5,0.5,0.5,3.0,0.17499999701976776,0.5,0.10000000149011612,0.30000001192092896,0.75,0.8700000047683716,0.15000000596046448,0.8999999761581421,0.5600000023841858,0.5,0.699999988079071,2.0,0.25,5.0,0.6499999761581421,0.019999999552965164,0.699999988079071,0.5600000023841858,0.699999988079071,0.15000000596046448,4161,21314,29957,25602,25794,12737,14145,38277,12737,29570,21251,3-4-2-1,25,15,3,17,13,19,1826,5,369,24,12,6,21,0,19,16,4
0.3499999940395355,0.5,0.5,0.5,3.0,0.17499999701976776,0.5,0.10000000149011612,0.30000001192092896,0.75,0.8700000047683716,0.15000000596046448,0.8999999761581421,0.5600000023841858,0.5,0.699999988079071,2.0,0.25,5.0,0.6499999761581421,0.019999999552965164,0.699999988079071,0.5600000023841858,0.699999988079071,0.15000000596046448,4161,21314,29957,25729,25729,12865,12737,38210,12802,29957,21185,3-4-2-1,25,15,3,17,13,19,1831,5,370,24,12,6,21,0,19,16,4
0.5,0.2199999988079071,0.4000000059604645,0.699999988079071,5.0,0.15000000596046448,0.33000001311302185,0.6499999761581421,0.5,0.3499999940395355,0.8500000238418579,0.17499999701976776,0.30000001192092896,0.5,0.5,0.5,2.0,0.6000000238418579,3.0,0.10000000149011612,0.019999999552965164,0.8999999761581421,0.15000000596046448,0.8500000238418579,0.2199999988079071,5827,17089,21381,12865,21314,14145,8450,38341,12865,38277,8580,5-3-2,26,10,1,15,7,4,1832,4,371,31,6,5,24,0,24,13,3
0.6499999761581421,0.5600000023841858,0.5,0.6499999761581421,4.0,0.15000000596046448,0.5,0.3499999940395355,0.3499999940395355,0.10000000149011612,0.8700000047683716,0.15000000596046448,0.10000000149011612,0.5,0.5,0.5600000023841858,1.5,0.5,4.5,0.8999999761581421,0.019999999552965164,0.8999999761581421,0.2199999988079071,0.6700000166893005,0.2199999988079071,4161,21442,25794,8450,21251,12802,8450,38346,12737,29634,25794,4-4-1-1,25,13,2,16,12,14,1837,4,372,18,7,6,18,0,18,15,3
0.5,0.2199999988079071,0.4000000059604645,0.699999988079071,5.0,0.15000000596046448,0.33000001311302185,0.6499999761581421,0.5,0.3499999940395355,0.8500000238418579,0.17499999701976776,0.30000001192092896,0.5,0.5,0.5,2.0,0.6000000238418579,3.0,0.10000000149011612,0.019999999552965164,0.8999999761581421,0.15000000596046448,0.8500000238418579,0.2199999988079071,4226,17155,21185,12737,21185,12737,8450,38275,12802,38213,8513,5-3-2,26,10,1,15,7,4,1842,4,373,31,6,5,24,0,24,13,3
0.3499999940395355,0.5,0.5,0.5,3.0,0.17499999701976776,0.5,0.10000000149011612,0.30000001192092896,0.75,0.8700000047683716,0.15000000596046448,0.8999999761581421,0.5600000023841858,0.5,0.699999988079071,2.0,0.25,5.0,0.6499999761581421,0.019999999552965164,0.699999988079071,0.5600000023841858,0.699999988079071,0.15000000596046448,5827,21251,29570,25602,25602,12806,12802,38405,14145,29634,21319,3-4-2-1,25,15,3,17,13,19,1843,5,374,24,12,6,21,0,19,16,4
0.3499999940395355,0.5,0.5,0.5,3.0,0.17499999701976776,0.5,0.10000000149011612,0.30000001192092896,0.75,0.8700000047683716,0.15000000596046448,0.8999999761581421,0.5600000023841858,0.5,0.699999988079071,2.0,0.25,5.0,0.6499999761581421,0.019999999552965164,0.699999988079071,0.5600000023841858,0.699999988079071,0.15000000596046448,4161,21251,29570,25729,25729,12865,14145,38213,12737,29634,21185,3-4-2-1,25,15,3,17,13,19,1848,5,375,24,12,6,21,0,19,16,4
0.3499999940395355,0.3499999940395355,0.5,0.6499999761581421,5.0,0.15000000596046448,0.3499999940395355,0.8999999761581421,0.3499999940395355,0.10000000149011612,0.8700000047683716,0.15000000596046448,0.10000000149011612,0.6000000238418579,0.5,0.6000000238418579,1.0,0.5,4.0,0.6499999761581421,0.019999999552965164,0.8999999761581421,0.2199999988079071,0.6700000166893005,0.2199999988079071,4161,17089,25794,8386,25667,12737,8450,38405,12737,29570,17089,4-2-3-1,25,11,2,16,9,14,1853,4,376,4,7,6,3,0,18,12,3
0.8999999761581421,0.2199999988079071,0.5,0.699999988079071,5.0,0.15000000596046448,0.6000000238418579,0.6499999761581421,0.5,0.3499999940395355,0.8500000238418579,0.17499999701976776,0.30000001192092896,0.5,0.5,0.5,1.0,0.10000000149011612,4.0,0.10000000149011612,0.019999999552965164,0.8999999761581421,0.15000000596046448,0.6000000238418579,0.2199999988079071,4161,25667,21314,12737,21314,12737,8450,38405,12802,25602,8386,5-4-1,25,12,0,15,7,5,1854,4,377,33,6,5,14,0,16,13,3
0.6499999761581421,0.2199999988079071,0.4000000059604645,0.699999988079071,6.0,0.15000000596046448,0.5,0.3499999940395355,0.5,0.5,0.8700000047683716,0.17499999701976776,0.30000001192092896,0.5,0.5,0.6700000166893005,2.0,0.6000000238418579,2.0,0.10000000149011612,0.019999999552965164,0.8999999761581421,0.15000000596046448,0.8700000047683716,0.2199999988079071,4161,21251,29634,12737,21314,12737,8386,38213,12737,38341,8450,5-2-1-2,26,13,1,18,7,4,1860,4,378,29,6,5,35,0,24,15,3
0.3499999940395355,0.3499999940395355,0.5,0.6499999761581421,5.0,0.15000000596046448,0.3499999940395355,0.8999999761581421,0.3499999940395355,0.10000000149011612,0.8700000047683716,0.15000000596046448,0.10000000149011612,0.6000000238418579,0.5,0.6000000238418579,1.0,0.5,4.0,0.6499999761581421,0.019999999552965164,0.8999999761581421,0.2199999988079071,0.6700000166893005,0.2199999988079071,4161,17089,25667,8450,25794,12737,8450,38341,12737,29570,17089,4-2-3-1,25,11,2,16,9,14,1861,4,379,4,7,6,3,0,18,12,3
0.6499999761581421,0.33000001311302185,0.10000000149011612,0.6499999761581421,4.0,0.15000000596046448,0.5,0.3499999940395355,0.3499999940395355,0.8999999761581421,0.800000011920929,0.15000000596046448,0.10000000149011612,0.5,0.5,0.800000011920929,3.0,0.5,3.0,0.5,0.019999999552965164,0.8999999761581421,0.2199999988079071,0.8500000238418579,0.2199999988079071,4161,21314,33794,8581,21442,12737,8450,33794,12802,38213,17089,4-3-3,27,13,3,23,10,6,1862,4,380,9,7,6,7,0,25,15,3
0.5,0.5,0.10000000149011612,0.6499999761581421,4.0,0.15000000596046448,0.47999998927116394,0.3499999940395355,0.3499999940395355,0.8999999761581421,0.800000011920929,0.15000000596046448,0.10000000149011612,0.5,0.5,0.800000011920929,3.0,0.5,3.0,0.6499999761581421,0.019999999552965164,0.8999999761581421,0.2199999988079071,0.8500000238418579,0.2199999988079071,4161,21251,33986,8450,21314,12737,8386,33986,12737,38213,21314,4-3-3,27,14,3,23,13,6,1867,4,381,8,7,6,17,0,25,15,3
0.5,0.5,0.10000000149011612,0.6499999761581421,4.0,0.15000000596046448,0.47999998927116394,0.3499999940395355,0.3499999940395355,0.8999999761581421,0.800000011920929,0.15000000596046448,0.10000000149011612,0.5,0.5,0.800000011920929,3.0,0.5,3.0,0.6499999761581421,0.019999999552965164,0.8999999761581421,0.2199999988079071,0.8500000238418579,0.2199999988079071,4161,21381,33794,8386,21251,12867,8450,33794,12737,38405,21314,4-3-3,27,14,3,23,13,6,1870,4,382,8,7,6,17,0,25,15,3
0.5,0.2199999988079071,0.4000000059604645,0.699999988079071,5.0,0.15000000596046448,0.33000001311302185,0.6499999761581421,0.5,0.3499999940395355,0.8500000238418579,0.17499999701976776,0.30000001192092896,0.5,0.5,0.5,2.0,0.6000000238418579,3.0,0.10000000149011612,0.019999999552965164,0.8999999761581421,0.15000000596046448,0.8500000238418579,0.2199999988079071,4226,17155,21314,12865,21381,12865,8581,38405,12865,38213,8450,5-3-2,26,10,1,15,7,4,1871,4,383,31,6,5,24,0,24,13,3
0.3499999940395355,0.5,0.5,0.5,3.0,0.17499999701976776,0.5,0.10000000149011612,0.30000001192092896,0.75,0.8700000047683716,0.15000000596046448,0.8999999761581421,0.5600000023841858,0.5,0.699999988079071,2.0,0.25,5.0,0.6499999761581421,0.019999999552965164,0.699999988079071,0.5600000023841858,0.699999988079071,0.15000000596046448,4161,21314,29570,25729,25602,12737,14145,38405,12865,29570,21314,3-4-2-1,25,15,3,17,13,19,1874,5,384,24,12,6,21,0,19,16,4
0.3499999940395355,0.3499999940395355,0.5,0.6499999761581421,5.0,0.15000000596046448,0.3499999940395355,0.8999999761581421,0.3499999940395355,0.10000000149011612,0.8700000047683716,0.15000000596046448,0.10000000149011612,0.6000000238418579,0.5,0.6000000238418579,1.0,0.5,4.0,0.6499999761581421,0.019999999552965164,0.8999999761581421,0.2199999988079071,0.6700000166893005,0.2199999988079071,4226,17025,25605,8450,25797,12867,8581,38275,12870,29634,18306,4-2-3-1,25,11,2,16,9,14,1876,4,385,4,7,6,3,0,18,12,3
0.6499999761581421,0.6000000238418579,0.4000000059604645,0.6499999761581421,4.0,0.15000000596046448,0.5,0.3499999940395355,0.3499999940395355,0.10000000149011612,0.8500000238418579,0.15000000596046448,0.10000000149011612,0.5,0.5,0.6000000238418579,2.0,0.6000000238418579,4.0,0.8999999761581421,0.019999999552965164,0.8999999761581421,0.2199999988079071,0.8500000238418579,0.2199999988079071,4161,21251,25797,8581,21185,12737,8386,38405,12737,38405,25729,4-4-2,26,13,2,16,12,10,1877,4,386,16,7,6,11,0,24,15,3
0.8999999761581421,0.2199999988079071,0.5,0.699999988079071,5.0,0.15000000596046448,0.6000000238418579,0.6499999761581421,0.5,0.3499999940395355,0.8500000238418579,0.17499999701976776,0.30000001192092896,0.5,0.5,0.5,1.0,0.10000000149011612,4.0,0.10000000149011612,0.019999999552965164,0.8999999761581421,0.15000000596046448,0.6000000238418579,0.2199999988079071,4226,25602,21314,12802,21314,12865,8386,38405,12737,25602,8386,5-4-1,25,12,0,15,7,5,1884,4,387,33,6,5,14,0,16,13,3
0.3499999940395355,0.3499999940395355,0.5,0.6499999761581421,5.0,0.15000000596046448,0.3499999940395355,0.8999999761581421,0.3499999940395355,0.10000000149011612,0.8700000047683716,0.15000000596046448,0.10000000149011612,0.6000000238418579,0.5,0.6000000238418579,1.0,0.5,4.0,0.6499999761581421,0.019999999552965164,0.8999999761581421,0.2199999988079071,0.6700000166893005,0.2199999988079071,4161,17089,25602,8450,25602,12737,8581,38405,12865,29570,17089,4-2-3-1,25,11,2,16,9,14,1886,4,388,4,7,6,3,0,18,12,3
0.3499999940395355,0.3499999940395355,0.5,0.6499999761581421,5.0,0.15000000596046448,0.3499999940395355,0.8999999761581421,0.3499999940395355,0.10000000149011612,0.8700000047683716,0.15000000596046448,0.10000000149011612,0.6000000238418579,0.5,0.6000000238418579,1.0,0.5,4.0,0.6499999761581421,0.019999999552965164,0.8999999761581421,0.2199999988079071,0.6700000166893005,0.2199999988079071,4161,17089,25794,8450,25667,12737,8386,38341,12802,29570,17095,4-2-3-1,25,11,2,16,9,14,1887,4,389,4,7,6,3,0,18,12,3
0.3499999940395355,0.3499999940395355,0.5,0.6499999761581421,5.0,0.15000000596046448,0.3499999940395355,0.8999999761581421,0.3499999940395355,0.10000000149011612,0.8700000047683716,0.15000000596046448,0.10000000149011612,0.6000000238418579,0.5,0.6000000238418579,1.0,0.5,4.0,0.6499999761581421,0.019999999552965164,0.8999999761581421,0.2199999988079071,0.6700000166893005,0.2199999988079071,4161,17096,25602,8581,25605,12806,8386,38275,12737,29571,17096,4-2-3-1,25,11,2,16,9,14,1888,4,390,4,7,6,3,0,18,12,3
0.6499999761581421,0.33000001311302185,0.10000000149011612,0.6499999761581421,4.0,0.15000000596046448,0.5,0.3499999940395355,0.3499999940395355,0.8999999761581421,0.800000011920929,0.15000000596046448,0.10000000149011612,0.5,0.5,0.800000011920929,3.0,0.5,3.0,0.5,0.019999999552965164,0.8999999761581421,0.2199999988079071,0.8500000238418579,0.2199999988079071,4161,21381,33794,8450,21314,12737,8386,33794,12802,38405,17025,4-3-3,27,13,3,23,10,6,1891,4,391,9,7,6,7,0,25,15,3
0.5,0.5,0.10000000149011612,0.6499999761581421,4.0,0.15000000596046448,0.47999998927116394,0.3499999940395355,0.3499999940395355,0.8999999761581421,0.800000011920929,0.15000000596046448,0.10000000149011612,0.5,0.5,0.800000011920929,3.0,0.5,3.0,0.6499999761581421,0.019999999552965164,0.8999999761581421,0.2199999988079071,0.8500000238418579,0.2199999988079071,4161,21251,33794,8450,21442,12865,8386,33794,12737,38341,21381,4-3-3,27,14,3,23,13,6,1894,4,392,8,7,6,17,0,25,15,3
0.3499999940395355,0.5,0.10000000149011612,0.5,3.0,0.17499999701976776,0.5,0.10000000149011612,0.30000001192092896,0.8999999761581421,0.800000011920929,0.15000000596046448,0.8999999761581421,0.5600000023841858,0.5,0.800000011920929,3.0,0.5,4.0,0.6499999761581421,0.019999999552965164,0.699999988079071,0.5600000023841858,0.8500000238418579,0.15000000596046448,4161,21314,33794,25794,25667,12737,12737,33794,12802,38341,21314,3-4-3,27,15,4,23,13,0,1896,5,393,25,12,6,2,0,25,16,4
0.3499999940395355,0.3499999940395355,0.5,0.6499999761581421,5.0,0.15000000596046448,0.3499999940395355,0.8999999761581421,0.3499999940395355,0.10000000149011612,0.8700000047683716,0.15000000596046448,0.10000000149011612,0.6000000238418579,0.5,0.6000000238418579,1.0,0.5,4.0,0.6499999761581421,0.019999999552965164,0.8999999761581421,0.2199999988079071,0.6700000166893005,0.2199999988079071,4226,17089,25729,8386,25729,12802,8386,38213,12802,29570,17089,4-2-3-1,25,11,2,16,9,14,1900,4,394,4,7,6,3,0,18,12,3
0.3499999940395355,0.3499999940395355,0.10000000149011612,0.6499999761581421,4.0,0.15000000596046448,0.3499999940395355,0.5,0.3499999940395355,0.8999999761581421,0.800000011920929,0.15000000596046448,0.10000000149011612,0.6700000166893005,0.5,0.800000011920929,3.0,0.5,3.0,0.6499999761581421,0.019999999552965164,0.8999999761581421,0.2199999988079071,0.8700000047683716,0.2199999988079071,4161,17160,33986,8581,29957,12737,8450,33986,12737,38213,17095,4-2-1-3,27,11,3,23,9,18,1903,4,395,36,7,6,27,0,25,18,3
0.6499999761581421,0.2199999988079071,0.4000000059604645,0.699999988079071,6.0,0.15000000596046448,0.5,0.3499999940395355,0.5,0.5,0.8700000047683716,0.17499999701976776,0.30000001192092896,0.5,0.5,0.6700000166893005,2.0,0.6000000238418579,2.0,0.10000000149011612,0.019999999552965164,0.8999999761581421,0.15000000596046448,0.8700000047683716,0.2199999988079071,4161,21191,29570,14145,21444,12738,8581,38275,12737,38405,8450,5-2-1-2,26,13,1,18,7,4,1904,4,396,29,6,5,35,0,24,15,3
0.6499999761581421,0.5600000023841858,0.5,0.6499999761581421,4.0,0.15000000596046448,0.5,0.3499999940395355,0.3499999940395355,0.10000000149011612,0.8700000047683716,0.15000000596046448,0.10000000149011612,0.5,0.5,0.5600000023841858,1.5,0.5,4.5,0.8999999761581421,0.019999999552965164,0.8999999761581421,0.2199999988079071,0.6700000166893005,0.2199999988079071,4161,21249,25797,8450,21381,12806,8581,38341,12737,29570,25605,4-4-1-1,25,13,2,16,12,14,1906,4,397,18,7,6,18,0,18,15,3
0.6499999761581421,0.33000001311302185,0.10000000149011612,0.6499999761581421,4.0,0.15000000596046448,0.5,0.3499999940395355,0.3499999940395355,0.8999999761581421,0.800000011920929,0.15000000596046448,0.10000000149011612,0.5,0.5,0.800000011920929,3.0,0.5,3.0,0.5,0.019999999552965164,0.8999999761581421,0.2199999988079071,0.8500000238418579,0.2199999988079071,4161,21381,33989,8581,21314,12737,8450,33989,12737,38277,17095,4-3-3,27,13,3,23,10,6,1908,4,398,9,7,6,7,0,25,15,3
0.3499999940395355,0.5,0.5,0.5,3.0,0.17499999701976776,0.5,0.10000000149011612,0.30000001192092896,0.75,0.8700000047683716,0.15000000596046448,0.8999999761581421,0.5600000023841858,0.5,0.699999988079071,2.0,0.25,5.0,0.6499999761581421,0.019999999552965164,0.699999988079071,0.5600000023841858,0.699999988079071,0.15000000596046448,4227,21314,29637,25605,25605,12865,14150,38405,14150,29634,21185,3-4-2-1,25,15,3,17,13,19,1910,5,399,24,12,6,21,0,19,16,4
0.3499999940395355,0.3499999940395355,0.5,0.6499999761581421,5.0,0.15000000596046448,0.3499999940395355,0.8999999761581421,0.3499999940395355,0.10000000149011612,0.8700000047683716,0.15000000596046448,0.10000000149011612,0.6000000238418579,0.5,0.6000000238418579,1.0,0.5,4.0,0.6499999761581421,0.019999999552965164,0.8999999761581421,0.2199999988079071,0.6700000166893005,0.2199999988079071,4161,17155,25669,8581,25605,12737,8450,38341,12737,29570,18306,4-2-3-1,25,11,2,16,9,14,1913,4,400,4,7,6,3,0,18,12,3
0.6499999761581421,0.5600000023841858,0.5,0.6499999761581421,4.0,0.15000000596046448,0.5,0.3499999940395355,0.3499999940395355,0.10000000149011612,0.8700000047683716,0.15000000596046448,0.10000000149011612,0.5,0.5,0.5600000023841858,1.5,0.5,4.5,0.8999999761581421,0.019999999552965164,0.8999999761581421,0.2199999988079071,0.6700000166893005,0.2199999988079071,4161,21251,25732,8450,21319,12737,8450,38405,12737,29957,25669,4-4-1-1,25,13,2,16,12,14,1914,4,401,18,7,6,18,0,18,15,3
0.3499999940395355,0.3499999940395355,0.5,0.6499999761581421,5.0,0.15000000596046448,0.3499999940395355,0.8999999761581421,0.3499999940395355,0.10000000149011612,0.8700000047683716,0.15000000596046448,0.10000000149011612,0.6000000238418579,0.5,0.6000000238418579,1.0,0.5,4.0,0.6499999761581421,0.019999999552965164,0.8999999761581421,0.2199999988079071,0.6700000166893005,0.2199999988079071,4161,17155,25794,8386,25797,12737,8386,38405,12737,29640,17089,4-2-3-1,25,11,2,16,9,14,1915,4,402,4,7,6,3,0,18,12,3
0.8999999761581421,0.2199999988079071,0.5,0.699999988079071,5.0,0.15000000596046448,0.6000000238418579,0.6499999761581421,0.5,0.3499999940395355,0.8500000238418579,0.17499999701976776,0.30000001192092896,0.5,0.5,0.5,1.0,0.10000000149011612,4.0,0.10000000149011612,0.019999999552965164,0.8999999761581421,0.15000000596046448,0.6000000238418579,0.2199999988079071,4161,25794,21314,12737,21314,12737,8581,38405,12737,25794,8581,5-4-1,25,12,0,15,7,5,1917,4,403,33,6,5,14,0,16,13,3
0.8999999761581421,0.2199999988079071,0.5,0.699999988079071,5.0,0.15000000596046448,0.6000000238418579,0.6499999761581421,0.5,0.3499999940395355,0.8500000238418579,0.17499999701976776,0.30000001192092896,0.5,0.5,0.5,1.0,0.10000000149011612,4.0,0.10000000149011612,0.019999999552965164,0.8999999761581421,0.15000000596046448,0.6000000238418579,0.2199999988079071,4161,25602,21185,12737,21314,12737,8450,38341,12802,25667,8450,5-4-1,25,12,0,15,7,5,1919,4,404,33,6,5,14,0,16,13,3
0.6499999761581421,0.6000000238418579,0.4000000059604645,0.6499999761581421,4.0,0.15000000596046448,0.5,0.3499999940395355,0.3499999940395355,0.10000000149011612,0.8500000238418579,0.15000000596046448,0.10000000149011612,0.5,0.5,0.6000000238418579,2.0,0.6000000238418579,4.0,0.8999999761581421,0.019999999552965164,0.8999999761581421,0.2199999988079071,0.8500000238418579,0.2199999988079071,4161,21314,25794,8450,21251,12737,8386,38341,12737,38405,25794,4-4-2,26,13,2,16,12,10,1920,4,405,16,7,6,11,0,24,15,3
0.3499999940395355,0.3499999940395355,0.5,0.6499999761581421,5.0,0.15000000596046448,0.3499999940395355,0.8999999761581421,0.3499999940395355,0.10000000149011612,0.8700000047683716,0.15000000596046448,0.10000000149011612,0.6000000238418579,0.5,0.6000000238418579,1.0,0.5,4.0,0.6499999761581421,0.019999999552965164,0.8999999761581421,0.2199999988079071,0.6700000166893005,0.2199999988079071,4161,17155,25602,8386,25602,12737,8386,38341,12737,29634,17089,4-2-3-1,25,11,2,16,9,14,1923,4,406,4,7,6,3,0,18,12,3
0.3499999940395355,0.3499999940395355,0.5,0.6499999761581421,5.0,0.15000000596046448,0.3499999940395355,0.8999999761581421,0.3499999940395355,0.10000000149011612,0.8700000047683716,0.15000000596046448,0.10000000149011612,0.6000000238418579,0.5,0.6000000238418579,1.0,0.5,4.0,0.6499999761581421,0.019999999552965164,0.8999999761581421,0.2199999988079071,0.6700000166893005,0.2199999988079071,4161,17095,25602,8450,25602,12737,8450,38405,12737,29570,17155,4-2-3-1,25,11,2,16,9,14,1924,4,407,4,7,6,3,0,18,12,3
0.3499999940395355,0.3499999940395355,0.5,0.6499999761581421,5.0,0.15000000596046448,0.3499999940395355,0.8999999761581421,0.3499999940395355,0.10000000149011612,0.8700000047683716,0.15000000596046448,0.10000000149011612,0.6000000238418579,0.5,0.6000000238418579,1.0,0.5,4.0,0.6499999761581421,0.019999999552965164,0.8999999761581421,0.2199999988079071,0.6700000166893005,0.2199999988079071,5827,17155,25605,8450,25605,12737,8450,38213,12737,29576,17089,4-2-3-1,25,11,2,16,9,14,1925,4,408,4,7,6,3,0,18,12,3
0.5,0.2199999988079071,0.4000000059604645,0.699999988079071,5.0,0.15000000596046448,0.33000001311302185,0.6499999761581421,0.5,0.3499999940395355,0.8500000238418579,0.17499999701976776,0.30000001192092896,0.5,0.5,0.5,2.0,0.6000000238418579,3.0,0.10000000149011612,0.019999999552965164,0.8999999761581421,0.15000000596046448,0.8500000238418579,0.2199999988079071,4161,17089,21381,12802,21442,12737,8450,38405,12737,38341,8581,5-3-2,26,10,1,15,7,4,1926,4,409,31,6,5,24,0,24,13,3
0.3499999940395355,0.3499999940395355,0.5,0.6499999761581421,5.0,0.15000000596046448,0.3499999940395355,0.8999999761581421,0.3499999940395355,0.10000000149011612,0.8700000047683716,0.15000000596046448,0.10000000149011612,0.6000000238418579,0.5,0.6000000238418579,1.0,0.5,4.0,0.6499999761581421,0.019999999552965164,0.8999999761581421,0.2199999988079071,0.6700000166893005,0.2199999988079071,4161,17089,25602,8581,25602,12737,8450,38213,12737,29570,17089,4-2-3-1,25,11,2,16,9,14,1928,4,410,4,7,6,3,0,18,12,3
0.6499999761581421,0.6000000238418579,0.4000000059604645,0.6499999761581421,4.0,0.15000000596046448,0.5,0.3499999940395355,0.3499999940395355,0.10000000149011612,0.8500000238418579,0.15000000596046448,0.10000000149011612,0.5,0.5,0.6000000238418579,2.0,0.6000000238418579,4.0,0.8999999761581421,0.019999999552965164,0.8999999761581421,0.2199999988079071,0.8500000238418579,0.2199999988079071,4161,21185,25602,8386,21185,12737,8386,38213,12737,38341,25794,4-4-2,26,13,2,16,12,10,1929,4,411,16,7,6,11,0,24,15,3
0.8999999761581421,0.2199999988079071,0.5,0.699999988079071,5.0,0.15000000596046448,0.6000000238418579,0.6499999761581421,0.5,0.3499999940395355,0.8500000238418579,0.17499999701976776,0.30000001192092896,0.5,0.5,0.5,1.0,0.10000000149011612,4.0,0.10000000149011612,0.019999999552965164,0.8999999761581421,0.15000000596046448,0.6000000238418579,0.2199999988079071,4226,25602,21314,12737,21314,12802,8386,38213,12802,25794,8450,5-4-1,25,12,0,15,7,5,1930,4,412,33,6,5,14,0,16,13,3
0.3499999940395355,0.3499999940395355,0.5,0.6499999761581421,5.0,0.15000000596046448,0.3499999940395355,0.8999999761581421,0.3499999940395355,0.10000000149011612,0.8700000047683716,0.15000000596046448,0.10000000149011612,0.6000000238418579,0.5,0.6000000238418579,1.0,0.5,4.0,0.6499999761581421,0.019999999552965164,0.8999999761581421,0.2199999988079071,0.6700000166893005,0.2199999988079071,4161,17089,25794,8386,25602,12737,8581,38405,12737,29570,17155,4-2-3-1,25,11,2,16,9,14,1931,4,413,4,7,6,3,0,18,12,3
0.3499999940395355,0.3499999940395355,0.5,0.6499999761581421,5.0,0.15000000596046448,0.3499999940395355,0.8999999761581421,0.3499999940395355,0.10000000149011612,0.8700000047683716,0.15000000596046448,0.10000000149011612,0.6000000238418579,0.5,0.6000000238418579,1.0,0.5,4.0,0.6499999761581421,0.019999999552965164,0.8999999761581421,0.2199999988079071,0.6700000166893005,0.2199999988079071,4161,17089,25794,8386,25602,12737,8581,38213,12737,29570,17089,4-2-3-1,25,11,2,16,9,14,1932,4,414,4,7,6,3,0,18,12,3
0.3499999940395355,0.3499999940395355,0.5,0.6499999761581421,5.0,0.15000000596046448,0.3499999940395355,0.8999999761581421,0.3499999940395355,0.10000000149011612,0.8700000047683716,0.15000000596046448,0.10000000149011612,0.6000000238418579,0.5,0.6000000238418579,1.0,0.5,4.0,0.6499999761581421,0.019999999552965164,0.8999999761581421,0.2199999988079071,0.6700000166893005,0.2199999988079071,4161,17985,25602,8513,25667,12737,8386,38405,12737,29570,17089,4-2-3-1,25,11,2,16,9,14,1933,4,415,4,7,6,3,0,18,12,3
0.5,0.2199999988079071,0.4000000059604645,0.699999988079071,5.0,0.15000000596046448,0.33000001311302185,0.6499999761581421,0.5,0.3499999940395355,0.8500000238418579,0.17499999701976776,0.30000001192092896,0.5,0.5,0.5,2.0,0.6000000238418579,3.0,0.10000000149011612,0.019999999552965164,0.8999999761581421,0.15000000596046448,0.8500000238418579,0.2199999988079071,5827,17155,21185,12737,21314,12867,8581,38341,12737,38341,8581,5-3-2,26,10,1,15,7,4,1934,4,416,31,6,5,24,0,24,13,3
0.3499999940395355,0.3499999940395355,0.5,0.6499999761581421,5.0,0.15000000596046448,0.3499999940395355,0.8999999761581421,0.3499999940395355,0.10000000149011612,0.8700000047683716,0.15000000596046448,0.10000000149011612,0.6000000238418579,0.5,0.6000000238418579,1.0,0.5,4.0,0.6499999761581421,0.019999999552965164,0.8999999761581421,0.2199999988079071,0.6700000166893005,0.2199999988079071,4161,17089,25602,8450,25602,12737,8450,38341,12737,29570,17155,4-2-3-1,25,11,2,16,9,14,1935,4,417,4,7,6,3,0,18,12,3
0.8999999761581421,0.33000001311302185,0.5,0.6499999761581421,4.5,0.15000000596046448,0.6000000238418579,0.6499999761581421,0.3499999940395355,0.3499999940395355,0.8500000238418579,0.15000000596046448,0.10000000149011612,0.5,0.5,0.5,1.0,0.10000000149011612,4.5,0.5,0.019999999552965164,0.8999999761581421,0.2199999988079071,0.6000000238418579,0.2199999988079071,4161,25605,21381,8450,21314,12737,8450,38405,12737,25794,17155,4-1-4-1,25,12,2,15,10,15,1936,4,418,2,7,6,31,0,16,13,3
0.8999999761581421,0.2199999988079071,0.5,0.699999988079071,5.0,0.15000000596046448,0.6000000238418579,0.6499999761581421,0.5,0.3499999940395355,0.8500000238418579,0.17499999701976776,0.30000001192092896,0.5,0.5,0.5,1.0,0.10000000149011612,4.0,0.10000000149011612,0.019999999552965164,0.8999999761581421,0.15000000596046448,0.6000000238418579,0.2199999988079071,4161,25669,21251,12865,21185,12865,8581,38405,12737,25669,8581,5-4-1,25,12,0,15,7,5,1937,4,419,33,6,5,14,0,16,13,3
0.3499999940395355,0.3499999940395355,0.5,0.6499999761581421,5.0,0.15000000596046448,0.3499999940395355,0.8999999761581421,0.3499999940395355,0.10000000149011612,0.8700000047683716,0.15000000596046448,0.10000000149011612,0.6000000238418579,0.5,0.6000000238418579,1.0,0.5,4.0,0.6499999761581421,0.019999999552965164,0.8999999761581421,0.2199999988079071,0.6700000166893005,0.2199999988079071,4161,17089,25602,8450,25602,12737,8450,38405,12737,29570,17025,4-2-3-1,25,11,2,16,9,14,1938,4,420,4,7,6,3,0,18,12,3
0.6499999761581421,0.2199999988079071,0.4000000059604645,0.699999988079071,6.0,0.15000000596046448,0.5,0.3499999940395355,0.5,0.5,0.8700000047683716,0.17499999701976776,0.30000001192092896,0.5,0.5,0.6700000166893005,2.0,0.6000000238418579,2.0,0.10000000149011612,0.019999999552965164,0.8999999761581421,0.15000000596046448,0.8700000047683716,0.2199999988079071,4161,21314,29634,12737,21314,12737,8581,38405,12737,38405,8450,5-2-1-2,26,13,1,18,7,4,1939,4,421,29,6,5,35,0,24,15,3
0.8999999761581421,0.2199999988079071,0.5,0.699999988079071,5.0,0.15000000596046448,0.6000000238418579,0.6499999761581421,0.5,0.3499999940395355,0.8500000238418579,0.17499999701976776,0.30000001192092896,0.5,0.5,0.5,1.0,0.10000000149011612,4.0,0.10000000149011612,0.019999999552965164,0.8999999761581421,0.15000000596046448,0.6000000238418579,0.2199999988079071,4161,25602,21314,12737,21314,12737,8581,38213,12737,25602,8581,5-4-1,25,12,0,15,7,5,1940,4,422,33,6,5,14,0,16,13,3
0.3499999940395355,0.3499999940395355,0.5,0.6499999761581421,5.0,0.15000000596046448,0.3499999940395355,0.8999999761581421,0.3499999940395355,0.10000000149011612,0.8700000047683716,0.15000000596046448,0.10000000149011612,0.6000000238418579,0.5,0.6000000238418579,1.0,0.5,4.0,0.6499999761581421,0.019999999552965164,0.8999999761581421,0.2199999988079071,0.6700000166893005,0.2199999988079071,5827,17095,25794,8450,25794,12865,8450,38340,12865,29957,18306,4-2-3-1,25,11,2,16,9,14,1943,4,423,4,7,6,3,0,18,12,3
0.8999999761581421,0.2199999988079071,0.5,0.699999988079071,5.0,0.15000000596046448,0.6000000238418579,0.6499999761581421,0.5,0.3499999940395355,0.8500000238418579,0.17499999701976776,0.30000001192092896,0.5,0.5,0.5,1.0,0.10000000149011612,4.0,0.10000000149011612,0.019999999552965164,0.8999999761581421,0.15000000596046448,0.6000000238418579,0.2199999988079071,4161,25669,21314,12737,21185,12737,8581,38405,12737,25794,8581,5-4-1,25,12,0,15,7,5,1944,4,424,33,6,5,14,0,16,13,3
0.8999999761581421,0.2199999988079071,0.5,0.699999988079071,5.0,0.15000000596046448,0.6000000238418579,0.6499999761581421,0.5,0.3499999940395355,0.8500000238418579,0.17499999701976776,0.30000001192092896,0.5,0.5,0.5,1.0,0.10000000149011612,4.0,0.10000000149011612,0.019999999552965164,0.8999999761581421,0.15000000596046448,0.6000000238418579,0.2199999988079071,4161,25794,21314,12737,21314,12737,8581,38213,12737,25794,8386,5-4-1,25,12,0,15,7,5,1947,4,425,33,6,5,14,0,16,13,3
0.3499999940395355,0.3499999940395355,0.5,0.6499999761581421,5.0,0.15000000596046448,0.3499999940395355,0.8999999761581421,0.3499999940395355,0.10000000149011612,0.8700000047683716,0.15000000596046448,0.10000000149011612,0.6000000238418579,0.5,0.6000000238418579,1.0,0.5,4.0,0.6499999761581421,0.019999999552965164,0.8999999761581421,0.2199999988079071,0.6700000166893005,0.2199999988079071,5827,17089,25602,8386,25602,12802,8513,38405,12737,29570,17089,4-2-3-1,25,11,2,16,9,14,1951,4,426,4,7,6,3,0,18,12,3
0.3499999940395355,0.3499999940395355,0.5,0.6499999761581421,5.0,0.15000000596046448,0.3499999940395355,0.8999999761581421,0.3499999940395355,0.10000000149011612,0.8700000047683716,0.15000000596046448,0.10000000149011612,0.6000000238418579,0.5,0.6000000238418579,1.0,0.5,4.0,0.6499999761581421,0.019999999552965164,0.8999999761581421,0.2199999988079071,0.6700000166893005,0.2199999988079071,4162,17155,25602,8581,25794,12737,8386,38405,12737,29570,18306,4-2-3-1,25,11,2,16,9,14,1952,4,427,4,7,6,3,0,18,12,3
0.3499999940395355,0.3499999940395355,0.5,0.6499999761581421,5.0,0.15000000596046448,0.3499999940395355,0.8999999761581421,0.3499999940395355,0.10000000149011612,0.8700000047683716,0.15000000596046448,0.10000000149011612,0.6000000238418579,0.5,0.6000000238418579,1.0,0.5,4.0,0.6499999761581421,0.019999999552965164,0.8999999761581421,0.2199999988079071,0.6700000166893005,0.2199999988079071,4226,17089,25602,8386,25729,12737,9987,38341,12737,29570,17089,4-2-3-1,25,11,2,16,9,14,1958,4,428,4,7,6,3,0,18,12,3
0.8999999761581421,0.33000001311302185,0.5,0.6499999761581421,4.5,0.15000000596046448,0.6000000238418579,0.6499999761581421,0.3499999940395355,0.3499999940395355,0.8500000238418579,0.15000000596046448,0.10000000149011612,0.5,0.5,0.5,1.0,0.10000000149011612,4.5,0.5,0.019999999552965164,0.8999999761581421,0.2199999988079071,0.6000000238418579,0.2199999988079071,4226,25602,21314,8581,21314,12737,8581,38405,12737,25602,17025,4-1-4-1,25,12,2,15,10,15,1960,4,429,2,7,6,31,0,16,13,3
0.3499999940395355,0.3499999940395355,0.5,0.6499999761581421,5.0,0.15000000596046448,0.3499999940395355,0.8999999761581421,0.3499999940395355,0.10000000149011612,0.8700000047683716,0.15000000596046448,0.10000000149011612,0.6000000238418579,0.5,0.6000000238418579,1.0,0.5,4.0,0.6499999761581421,0.019999999552965164,0.8999999761581421,0.2199999988079071,0.6700000166893005,0.2199999988079071,4161,17025,25602,8386,25729,12737,8386,38275,12737,29570,17089,4-2-3-1,25,11,2,16,9,14,1961,4,430,4,7,6,3,0,18,12,3
0.6499999761581421,0.2199999988079071,0.4000000059604645,0.699999988079071,6.0,0.15000000596046448,0.5,0.3499999940395355,0.5,0.5,0.8700000047683716,0.17499999701976776,0.30000001192092896,0.5,0.5,0.6700000166893005,2.0,0.6000000238418579,2.0,0.10000000149011612,0.019999999552965164,0.8999999761581421,0.15000000596046448,0.8700000047683716,0.2199999988079071,4161,21185,29570,14145,21249,14145,8581,38341,12737,38405,8581,5-2-1-2,26,13,1,18,7,4,1962,4,431,29,6,5,35,0,24,15,3
0.6499999761581421,0.6000000238418579,0.4000000059604645,0.6499999761581421,4.0,0.15000000596046448,0.5,0.3499999940395355,0.3499999940395355,0.10000000149011612,0.8500000238418579,0.15000000596046448,0.10000000149011612,0.5,0.5,0.6000000238418579,2.0,0.6000000238418579,4.0,0.8999999761581421,0.019999999552965164,0.8999999761581421,0.2199999988079071,0.8500000238418579,0.2199999988079071,4161,21185,25602,8450,21314,12802,8450,38213,12737,38405,25794,4-4-2,26,13,2,16,12,10,1968,4,432,16,7,6,11,0,24,15,3
0.8999999761581421,0.33000001311302185,0.5,0.6499999761581421,4.5,0.15000000596046448,0.6000000238418579,0.6499999761581421,0.3499999940395355,0.3499999940395355,0.8500000238418579,0.15000000596046448,0.10000000149011612,0.5,0.5,0.5,1.0,0.10000000149011612,4.5,0.5,0.019999999552965164,0.8999999761581421,0.2199999988079071,0.6000000238418579,0.2199999988079071,4161,25797,21314,8450,21381,12737,8386,38277,12737,25605,17089,4-1-4-1,25,12,2,15,10,15,1971,4,433,2,7,6,31,0,16,13,3
0.3499999940395355,0.5,0.4000000059604645,0.5,3.0,0.17499999701976776,0.5,0.10000000149011612,0.30000001192092896,0.5,0.8700000047683716,0.15000000596046448,0.8999999761581421,0.5600000023841858,0.5,0.6700000166893005,2.5,0.6000000238418579,4.5,0.6499999761581421,0.019999999552965164,0.699999988079071,0.5600000023841858,0.8700000047683716,0.15000000596046448,4226,21185,29570,25602,25602,12737,12806,38405,12802,38405,21314,3-4-1-2,26,15,4,18,13,1,2014,5,434,23,12,6,29,0,24,16,4
0.5,0.2199999988079071,0.4000000059604645,0.699999988079071,5.0,0.15000000596046448,0.33000001311302185,0.6499999761581421,0.5,0.3499999940395355,0.8500000238418579,0.17499999701976776,0.30000001192092896,0.5,0.5,0.5,2.0,0.6000000238418579,3.0,0.10000000149011612,0.019999999552965164,0.8999999761581421,0.15000000596046448,0.8500000238418579,0.2199999988079071,4161,17089,21185,12737,21314,12737,8450,38405,12737,38405,8450,5-3-2,26,10,1,15,7,4,2017,4,435,31,6,5,24,0,24,13,3
0.5,0.5,0.4000000059604645,0.6499999761581421,4.0,0.15000000596046448,0.47999998927116394,0.3499999940395355,0.3499999940395355,0.5,0.8500000238418579,0.15000000596046448,0.10000000149011612,0.5,0.5,0.699999988079071,2.5,0.6000000238418579,3.5,0.6499999761581421,0.019999999552965164,0.8999999761581421,0.2199999988079071,0.8500000238418579,0.2199999988079071,4161,21251,29570,8513,21442,12737,8513,38341,12865,38405,21442,4-3-1-2,26,14,2,18,13,9,2038,4,436,6,7,6,34,0,24,15,3
0.5,0.2199999988079071,0.4000000059604645,0.699999988079071,5.0,0.15000000596046448,0.33000001311302185,0.6499999761581421,0.5,0.3499999940395355,0.8500000238418579,0.17499999701976776,0.30000001192092896,0.5,0.5,0.5,2.0,0.6000000238418579,3.0,0.10000000149011612,0.019999999552965164,0.8999999761581421,0.15000000596046448,0.8500000238418579,0.2199999988079071,5827,17089,21314,12865,21314,12737,8450,38405,12737,38405,9987,5-3-2,26,10,1,15,7,4,2041,4,437,31,6,5,24,0,24,13,3
0.6499999761581421,0.6000000238418579,0.4000000059604645,0.6499999761581421,4.0,0.15000000596046448,0.5,0.3499999940395355,0.3499999940395355,0.10000000149011612,0.8500000238418579,0.15000000596046448,0.10000000149011612,0.5,0.5,0.6000000238418579,2.0,0.6000000238418579,4.0,0.8999999761581421,0.019999999552965164,0.8999999761581421,0.2199999988079071,0.8500000238418579,0.2199999988079071,4161,21442,25602,8450,21185,12737,8450,38213,12737,38275,25602,4-4-2,26,13,2,16,12,10,2055,4,438,16,7,6,11,0,24,15,3
0.8999999761581421,0.2199999988079071,0.5,0.699999988079071,5.0,0.15000000596046448,0.6000000238418579,0.6499999761581421,0.5,0.3499999940395355,0.8500000238418579,0.17499999701976776,0.30000001192092896,0.5,0.5,0.5,1.0,0.10000000149011612,4.0,0.10000000149011612,0.019999999552965164,0.8999999761581421,0.15000000596046448,0.6000000238418579,0.2199999988079071,4161,25602,21442,12802,21251,12737,8513,38405,12737,25797,8450,5-4-1,25,12,0,15,7,5,2056,4,439,33,6,5,14,0,16,13,3
0.6499999761581421,0.6000000238418579,0.4000000059604645,0.6499999761581421,4.0,0.15000000596046448,0.5,0.3499999940395355,0.3499999940395355,0.10000000149011612,0.8500000238418579,0.15000000596046448,0.10000000149011612,0.5,0.5,0.6000000238418579,2.0,0.6000000238418579,4.0,0.8999999761581421,0.019999999552965164,0.8999999761581421,0.2199999988079071,0.8500000238418579,0.2199999988079071,4226,21314,25732,8386,21185,12802,8386,38405,12737,38405,25667,4-4-2,26,13,2,16,12,10,10020,4,440,16,7,6,11,0,24,15,3
0.6499999761581421,0.33000001311302185,0.10000000149011612,0.6499999761581421,4.0,0.15000000596046448,0.5,0.3499999940395355,0.3499999940395355,0.8999999761581421,0.800000011920929,0.15000000596046448,0.10000000149011612,0.5,0.5,0.800000011920929,3.0,0.5,3.0,0.5,0.019999999552965164,0.8999999761581421,0.2199999988079071,0.8500000238418579,0.2199999988079071,5827,21445,33989,8385,21314,12806,8452,33797,12806,38277,17153,4-3-3,27,13,3,23,10,6,10029,4,441,9,7,6,7,0,25,15,3
0.3499999940395355,0.5,0.5,0.5,3.0,0.17499999701976776,0.5,0.10000000149011612,0.30000001192092896,0.75,0.8700000047683716,0.15000000596046448,0.8999999761581421,0.5600000023841858,0.5,0.699999988079071,2.0,0.25,5.0,0.6499999761581421,0.019999999552965164,0.699999988079071,0.5600000023841858,0.699999988079071,0.15000000596046448,5827,21319,29634,25729,25667,12737,12865,38405,12865,29576,21384,3-4-2-1,25,15,3,17,13,19,10030,5,442,24,12,6,21,0,19,16,4
0.3499999940395355,0.5,0.5,0.5,3.0,0.17499999701976776,0.5,0.10000000149011612,0.30000001192092896,0.75,0.8700000047683716,0.15000000596046448,0.8999999761581421,0.5600000023841858,0.5,0.699999988079071,2.0,0.25,5.0,0.6499999761581421,0.019999999552965164,0.699999988079071,0.5600000023841858,0.699999988079071,0.15000000596046448,5827,21314,29570,25602,25794,12802,12737,38213,12737,29957,21314,3-4-2-1,25,15,3,17,13,19,10032,5,443,24,12,6,21,0,19,16,4
0.3499999940395355,0.3499999940395355,0.5,0.6499999761581421,5.0,0.15000000596046448,0.3499999940395355,0.8999999761581421,0.3499999940395355,0.10000000149011612,0.8700000047683716,0.15000000596046448,0.10000000149011612,0.6000000238418579,0.5,0.6000000238418579,1.0,0.5,4.0,0.6499999761581421,0.019999999552965164,0.8999999761581421,0.2199999988079071,0.6700000166893005,0.2199999988079071,4161,17089,25794,8386,25729,12737,8386,38213,12737,29570,17155,4-2-3-1,25,11,2,16,9,14,10846,4,444,4,7,6,3,0,18,12,3
0.3499999940395355,0.3499999940395355,0.5,0.6499999761581421,5.0,0.15000000596046448,0.3499999940395355,0.8999999761581421,0.3499999940395355,0.10000000149011612,0.8700000047683716,0.15000000596046448,0.10000000149011612,0.6000000238418579,0.5,0.6000000238418579,1.0,0.5,4.0,0.6499999761581421,0.019999999552965164,0.8999999761581421,0.2199999988079071,0.6700000166893005,0.2199999988079071,4161,17089,25794,8386,25794,12737,8386,38213,12737,29570,17089,4-2-3-1,25,11,2,16,9,14,15005,4,445,4,7,6,3,0,18,12,3
0.3499999940395355,0.3499999940395355,0.5,0.6499999761581421,5.0,0.15000000596046448,0.3499999940395355,0.8999999761581421,0.3499999940395355,0.10000000149011612,0.8700000047683716,0.15000000596046448,0.10000000149011612,0.6000000238418579,0.5,0.6000000238418579,1.0,0.5,4.0,0.6499999761581421,0.019999999552965164,0.8999999761581421,0.2199999988079071,0.6700000166893005,0.2199999988079071,4161,17155,25602,8386,25794,12737,8581,38405,12865,29570,17089,4-2-3-1,25,11,2,16,9,14,15006,4,446,4,7,6,3,0,18,12,3
0.3499999940395355,0.5,0.5,0.5,3.0,0.17499999701976776,0.5,0.10000000149011612,0.30000001192092896,0.75,0.8700000047683716,0.15000000596046448,0.8999999761581421,0.5600000023841858,0.5,0.699999988079071,2.0,0.25,5.0,0.6499999761581421,0.019999999552965164,0.699999988079071,0.5600000023841858,0.699999988079071,0.15000000596046448,4226,21185,29570,25602,25602,12737,12865,38405,12865,29570,21442,3-4-2-1,25,15,3,17,13,19,15009,5,447,24,12,6,21,0,19,16,4
0.3499999940395355,0.3499999940395355,0.5,0.6499999761581421,5.0,0.15000000596046448,0.3499999940395355,0.8999999761581421,0.3499999940395355,0.10000000149011612,0.8700000047683716,0.15000000596046448,0.10000000149011612,0.6000000238418579,0.5,0.6000000238418579,1.0,0.5,4.0,0.6499999761581421,0.019999999552965164,0.8999999761581421,0.2199999988079071,0.6700000166893005,0.2199999988079071,4161,17155,25667,8386,25729,12737,8581,38341,12737,29570,17089,4-2-3-1,25,11,2,16,9,14,15012,4,448,4,7,6,3,0,18,12,3
0.6499999761581421,0.2199999988079071,0.4000000059604645,0.699999988079071,6.0,0.15000000596046448,0.5,0.3499999940395355,0.5,0.5,0.8700000047683716,0.17499999701976776,0.30000001192092896,0.5,0.5,0.6700000166893005,2.0,0.6000000238418579,2.0,0.10000000149011612,0.019999999552965164,0.8999999761581421,0.15000000596046448,0.8700000047683716,0.2199999988079071,4161,21314,29570,12737,21314,12737,8450,38405,12737,38341,8450,5-2-1-2,26,13,1,18,7,4,15015,4,449,29,6,5,35,0,24,15,3
0.3499999940395355,0.5,0.5,0.5,3.0,0.17499999701976776,0.5,0.10000000149011612,0.30000001192092896,0.75,0.8700000047683716,0.15000000596046448,0.8999999761581421,0.5600000023841858,0.5,0.699999988079071,2.0,0.25,5.0,0.6499999761581421,0.019999999552965164,0.699999988079071,0.5600000023841858,0.699999988079071,0.15000000596046448,4161,21314,29570,25605,25602,12802,12865,38275,12737,29634,21251,3-4-2-1,25,15,3,17,13,19,15040,5,450,24,12,6,21,0,19,16,4
0.8999999761581421,0.2199999988079071,0.5,0.699999988079071,5.0,0.15000000596046448,0.6000000238418579,0.6499999761581421,0.5,0.3499999940395355,0.8500000238418579,0.17499999701976776,0.30000001192092896,0.5,0.5,0.5,1.0,0.10000000149011612,4.0,0.10000000149011612,0.019999999552965164,0.8999999761581421,0.15000000596046448,0.6000000238418579,0.2199999988079071,4161,25669,21185,12737,21381,12737,8581,38405,12737,25669,8581,5-4-1,25,12,0,15,7,5,15048,4,451,33,6,5,14,0,16,13,3
0.3499999940395355,0.5,0.4000000059604645,0.5,3.0,0.17499999701976776,0.5,0.10000000149011612,0.30000001192092896,0.5,0.8700000047683716,0.15000000596046448,0.8999999761581421,0.5600000023841858,0.5,0.6700000166893005,2.5,0.6000000238418579,4.5,0.6499999761581421,0.019999999552965164,0.699999988079071,0.5600000023841858,0.8700000047683716,0.15000000596046448,4161,21314,30341,25602,25602,12737,12865,38405,12802,38405,21314,3-4-1-2,26,15,4,18,13,1,100087,5,452,23,12,6,29,0,24,16,4
0.6499999761581421,0.33000001311302185,0.10000000149011612,0.6499999761581421,4.0,0.15000000596046448,0.5,0.3499999940395355,0.3499999940395355,0.8999999761581421,0.800000011920929,0.15000000596046448,0.10000000149011612,0.5,0.5,0.800000011920929,3.0,0.5,3.0,0.5,0.019999999552965164,0.8999999761581421,0.2199999988079071,0.8500000238418579,0.2199999988079071,4226,21314,33794,8450,21314,12802,8386,33794,12737,38405,17089,4-3-3,27,13,3,23,10,6,100135,4,453,9,7,6,7,0,25,15,3
0.3499999940395355,0.3499999940395355,0.5,0.6499999761581421,5.0,0.15000000596046448,0.3499999940395355,0.8999999761581421,0.3499999940395355,0.10000000149011612,0.8700000047683716,0.15000000596046448,0.10000000149011612,0.6000000238418579,0.5,0.6000000238418579,1.0,0.5,4.0,0.6499999761581421,0.019999999552965164,0.8999999761581421,0.2199999988079071,0.6700000166893005,0.2199999988079071,4161,17089,25602,8450,25602,12865,8386,38341,12737,29570,17089,4-2-3-1,25,11,2,16,9,14,100325,4,454,4,7,6,3,0,18,12,3
0.3499999940395355,0.5,0.5,0.5,3.0,0.17499999701976776,0.5,0.10000000149011612,0.30000001192092896,0.75,0.8700000047683716,0.15000000596046448,0.8999999761581421,0.5600000023841858,0.5,0.699999988079071,2.0,0.25,5.0,0.6499999761581421,0.019999999552965164,0.699999988079071,0.5600000023841858,0.699999988079071,0.15000000596046448,5827,21249,29957,25729,25729,12737,14148,38210,12806,29576,21191,3-4-2-1,25,15,3,17,13,19,100409,5,455,24,12,6,21,0,19,16,4
0.6499999761581421,0.5600000023841858,0.5,0.6499999761581421,4.0,0.15000000596046448,0.5,0.3499999940395355,0.3499999940395355,0.10000000149011612,0.8700000047683716,0.15000000596046448,0.10000000149011612,0.5,0.5,0.5600000023841858,1.5,0.5,4.5,0.8999999761581421,0.019999999552965164,0.8999999761581421,0.2199999988079071,0.6700000166893005,0.2199999988079071,4161,21185,25797,8452,21384,12737,8386,38410,12867,29957,25605,4-4-1-1,25,13,2,16,12,14,100632,4,456,18,7,6,18,0,18,15,3
0.3499999940395355,0.3499999940395355,0.5,0.6499999761581421,5.0,0.15000000596046448,0.3499999940395355,0.8999999761581421,0.3499999940395355,0.10000000149011612,0.8700000047683716,0.15000000596046448,0.10000000149011612,0.6000000238418579,0.5,0.6000000238418579,1.0,0.5,4.0,0.6499999761581421,0.019999999552965164,0.8999999761581421,0.2199999988079071,0.6700000166893005,0.2199999988079071,4161,17089,25605,8385,25602,12737,8450,38213,12865,29576,17089,4-2-3-1,25,11,2,16,9,14,100634,4,457,4,7,6,3,0,18,12,3
0.3499999940395355,0.5,0.5,0.5,3.0,0.17499999701976776,0.5,0.10000000149011612,0.30000001192092896,0.75,0.8700000047683716,0.15000000596046448,0.8999999761581421,0.5600000023841858,0.5,0.699999988079071,2.0,0.25,5.0,0.6499999761581421,0.019999999552965164,0.699999988079071,0.5600000023841858,0.699999988079071,0.15000000596046448,4161,21314,29576,25732,25732,12867,12737,38410,12737,29637,21251,3-4-2-1,25,15,3,17,13,19,100638,5,458,24,12,6,21,0,19,16,4
0.6499999761581421,0.5600000023841858,0.5,0.6499999761581421,4.0,0.15000000596046448,0.5,0.3499999940395355,0.3499999940395355,0.10000000149011612,0.8700000047683716,0.15000000596046448,0.10000000149011612,0.5,0.5,0.5600000023841858,1.5,0.5,4.5,0.8999999761581421,0.019999999552965164,0.8999999761581421,0.2199999988079071,0.6700000166893005,0.2199999988079071,4161,21314,25605,8513,21191,12737,8450,38210,12737,29570,25605,4-4-1-1,25,13,2,16,12,14,100646,4,459,18,7,6,18,0,18,15,3
0.6499999761581421,0.33000001311302185,0.10000000149011612,0.6499999761581421,4.0,0.15000000596046448,0.5,0.3499999940395355,0.3499999940395355,0.8999999761581421,0.800000011920929,0.15000000596046448,0.10000000149011612,0.5,0.5,0.800000011920929,3.0,0.5,3.0,0.5,0.019999999552965164,0.8999999761581421,0.2199999988079071,0.8500000238418579,0.2199999988079071,4161,21314,33986,8450,21381,12737,8450,33794,12802,38275,17089,4-3-3,27,13,3,23,10,6,100757,4,460,9,7,6,7,0,25,15,3
0.5,0.5,0.10000000149011612,0.6499999761581421,4.0,0.15000000596046448,0.47999998927116394,0.3499999940395355,0.3499999940395355,0.8999999761581421,0.800000011920929,0.15000000596046448,0.10000000149011612,0.5,0.5,0.800000011920929,3.0,0.5,3.0,0.6499999761581421,0.019999999552965164,0.8999999761581421,0.2199999988079071,0.8500000238418579,0.2199999988079071,4161,21314,33794,8450,21314,12737,8450,33986,12737,38405,21381,4-3-3,27,14,3,23,13,6,100759,4,461,8,7,6,17,0,25,15,3
0.3499999940395355,0.5,0.10000000149011612,0.6499999761581421,4.0,0.15000000596046448,0.5,0.5,0.3499999940395355,0.8999999761581421,0.800000011920929,0.15000000596046448,0.10000000149011612,0.6700000166893005,0.5,0.800000011920929,3.0,0.5,3.0,0.6499999761581421,0.019999999552965164,0.8999999761581421,0.2199999988079071,0.8700000047683716,0.2199999988079071,4161,21314,33794,8513,29570,12737,8450,33986,12802,38405,21314,4-3-3,27,15,3,23,13,6,100761,4,462,11,7,6,4,0,25,18,3
0.3499999940395355,0.5,0.4000000059604645,0.5,3.0,0.17499999701976776,0.5,0.10000000149011612,0.30000001192092896,0.5,0.8700000047683716,0.15000000596046448,0.8999999761581421,0.5600000023841858,0.5,0.6700000166893005,2.5,0.6000000238418579,4.5,0.6499999761581421,0.019999999552965164,0.699999988079071,0.5600000023841858,0.8700000047683716,0.15000000596046448,4161,21314,29570,25602,25602,12802,12737,38213,12737,38405,21381,3-4-1-2,26,15,4,18,13,1,100805,5,463,23,12,6,29,0,24,16,4
0.6499999761581421,0.6000000238418579,0.4000000059604645,0.6499999761581421,4.0,0.15000000596046448,0.5,0.3499999940395355,0.3499999940395355,0.10000000149011612,0.8500000238418579,0.15000000596046448,0.10000000149011612,0.5,0.5,0.6000000238418579,2.0,0.6000000238418579,4.0,0.8999999761581421,0.019999999552965164,0.8999999761581421,0.2199999988079071,0.8500000238418579,0.2199999988079071,4161,21384,25602,8386,21445,12865,8386,38405,12865,38405,25602,4-4-2,26,13,2,16,12,10,100852,4,464,16,7,6,11,0,24,15,3
0.3499999940395355,0.3499999940395355,0.5,0.6499999761581421,5.0,0.15000000596046448,0.3499999940395355,0.8999999761581421,0.3499999940395355,0.10000000149011612,0.8700000047683716,0.15000000596046448,0.10000000149011612,0.6000000238418579,0.5,0.6000000238418579,1.0,0.5,4.0,0.6499999761581421,0.019999999552965164,0.8999999761581421,0.2199999988079071,0.6700000166893005,0.2199999988079071,4161,18306,25794,8385,25667,12737,8450,38405,12737,29570,17089,4-2-3-1,25,11,2,16,9,14,100888,4,465,4,7,6,3,0,18,12,3
0.3499999940395355,0.3499999940395355,0.5,0.6499999761581421,5.0,0.15000000596046448,0.3499999940395355,0.8999999761581421,0.3499999940395355,0.10000000149011612,0.8700000047683716,0.15000000596046448,0.10000000149011612,0.6000000238418579,0.5,0.6000000238418579,1.0,0.5,4.0,0.6499999761581421,0.019999999552965164,0.8999999761581421,0.2199999988079071,0.6700000166893005,0.2199999988079071,5827,17025,25602,8386,25794,14145,9987,38405,12737,29957,17089,4-2-3-1,25,11,2,16,9,14,101014,4,466,4,7,6,3,0,18,12,3
0.3499999940395355,0.3499999940395355,0.5,0.6499999761581421,5.0,0.15000000596046448,0.3499999940395355,0.8999999761581421,0.3499999940395355,0.10000000149011612,0.8700000047683716,0.15000000596046448,0.10000000149011612,0.6000000238418579,0.5,0.6000000238418579,1.0,0.5,4.0,0.6499999761581421,0.019999999552965164,0.8999999761581421,0.2199999988079071,0.6700000166893005,0.2199999988079071,5827,17155,25602,8513,25602,12737,8386,38213,12737,29634,17025,4-2-3-1,25,11,2,16,9,14,101020,4,467,4,7,6,3,0,18,12,3
0.8999999761581421,0.33000001311302185,0.5,0.6499999761581421,4.5,0.15000000596046448,0.6000000238418579,0.6499999761581421,0.3499999940395355,0.3499999940395355,0.8500000238418579,0.15000000596046448,0.10000000149011612,0.5,0.5,0.5,1.0,0.10000000149011612,4.5,0.5,0.019999999552965164,0.8999999761581421,0.2199999988079071,0.6000000238418579,0.2199999988079071,4161,25794,21442,8513,21381,12737,8450,38341,12737,25602,17089,4-1-4-1,25,12,2,15,10,15,101025,4,468,2,7,6,31,0,16,13,3
0.3499999940395355,0.5,0.4000000059604645,0.5,3.0,0.17499999701976776,0.5,0.10000000149011612,0.30000001192092896,0.5,0.8700000047683716,0.15000000596046448,0.8999999761581421,0.5600000023841858,0.5,0.6700000166893005,2.5,0.6000000238418579,4.5,0.6499999761581421,0.019999999552965164,0.699999988079071,0.5600000023841858,0.8700000047683716,0.15000000596046448,4226,21185,29570,25602,25602,12737,12737,38275,12737,38405,21314,3-4-1-2,26,15,4,18,13,1,101026,5,469,23,12,6,29,0,24,16,4
0.3499999940395355,0.3499999940395355,0.5,0.6499999761581421,5.0,0.15000000596046448,0.3499999940395355,0.8999999761581421,0.3499999940395355,0.10000000149011612,0.8700000047683716,0.15000000596046448,0.10000000149011612,0.6000000238418579,0.5,0.6000000238418579,1.0,0.5,4.0,0.6499999761581421,0.019999999552965164,0.8999999761581421,0.2199999988079071,0.6700000166893005,0.2199999988079071,4161,17089,25794,8450,25602,12865,8386,38275,12737,29570,17089,4-2-3-1,25,11,2,16,9,14,101032,4,470,4,7,6,3,0,18,12,3
0.3499999940395355,0.5,0.10000000149011612,0.6499999761581421,4.0,0.15000000596046448,0.5,0.5,0.3499999940395355,0.8999999761581421,0.800000011920929,0.15000000596046448,0.10000000149011612,0.6700000166893005,0.5,0.800000011920929,3.0,0.5,3.0,0.6499999761581421,0.019999999552965164,0.8999999761581421,0.2199999988079071,0.8700000047683716,0.2199999988079071,5827,21185,33794,8450,29634,12737,8513,33794,12737,38213,21185,4-3-3,27,15,3,23,13,6,101033,4,471,11,7,6,4,0,25,18,3
0.3499999940395355,0.3499999940395355,0.5,0.6499999761581421,5.0,0.15000000596046448,0.3499999940395355,0.8999999761581421,0.3499999940395355,0.10000000149011612,0.8700000047683716,0.15000000596046448,0.10000000149011612,0.6000000238418579,0.5,0.6000000238418579,1.0,0.5,4.0,0.6499999761581421,0.019999999552965164,0.8999999761581421,0.2199999988079071,0.6700000166893005,0.2199999988079071,4161,17089,25602,8450,25602,12737,8450,38405,12737,29570,17155,4-2-3-1,25,11,2,16,9,14,101037,4,472,4,7,6,3,0,18,12,3
0.6499999761581421,0.5600000023841858,0.5,0.6499999761581421,4.0,0.15000000596046448,0.5,0.3499999940395355,0.3499999940395355,0.10000000149011612,0.8700000047683716,0.15000000596046448,0.10000000149011612,0.5,0.5,0.5600000023841858,1.5,0.5,4.5,0.8999999761581421,0.019999999552965164,0.8999999761581421,0.2199999988079071,0.6700000166893005,0.2199999988079071,4161,21314,25602,8386,21314,12865,8581,38405,12865,29570,25667,4-4-1-1,25,13,2,16,12,14,101047,4,473,18,7,6,18,0,18,15,3
0.5,0.5,0.10000000149011612,0.6499999761581421,4.0,0.15000000596046448,0.47999998927116394,0.3499999940395355,0.3499999940395355,0.8999999761581421,0.800000011920929,0.15000000596046448,0.10000000149011612,0.5,0.5,0.800000011920929,3.0,0.5,3.0,0.6499999761581421,0.019999999552965164,0.8999999761581421,0.2199999988079071,0.8500000238418579,0.2199999988079071,4161,21314,33797,8386,21381,12737,8386,33986,12737,38405,21442,4-3-3,27,14,3,23,13,6,101059,4,474,8,7,6,17,0,25,15,3
0.3499999940395355,0.3499999940395355,0.5,0.6499999761581421,5.0,0.15000000596046448,0.3499999940395355,0.8999999761581421,0.3499999940395355,0.10000000149011612,0.8700000047683716,0.15000000596046448,0.10000000149011612,0.6000000238418579,0.5,0.6000000238418579,1.0,0.5,4.0,0.6499999761581421,0.019999999552965164,0.8999999761581421,0.2199999988079071,0.6700000166893005,0.2199999988079071,4161,17089,25605,8581,25667,12867,8450,38213,12802,29570,17089,4-2-3-1,25,11,2,16,9,14,101083,4,475,4,7,6,3,0,18,12,3
0.3499999940395355,0.3499999940395355,0.5,0.6499999761581421,5.0,0.15000000596046448,0.3499999940395355,0.8999999761581421,0.3499999940395355,0.10000000149011612,0.8700000047683716,0.15000000596046448,0.10000000149011612,0.6000000238418579,0.5,0.6000000238418579,1.0,0.5,4.0,0.6499999761581421,0.019999999552965164,0.8999999761581421,0.2199999988079071,0.6700000166893005,0.2199999988079071,4161,17155,25602,8450,25794,12737,8581,38405,12737,29570,17089,4-2-3-1,25,11,2,16,9,14,101084,4,476,4,7,6,3,0,18,12,3
0.3499999940395355,0.3499999940395355,0.5,0.6499999761581421,5.0,0.15000000596046448,0.3499999940395355,0.8999999761581421,0.3499999940395355,0.10000000149011612,0.8700000047683716,0.15000000596046448,0.10000000149011612,0.6000000238418579,0.5,0.6000000238418579,1.0,0.5,4.0,0.6499999761581421,0.019999999552965164,0.8999999761581421,0.2199999988079071,0.6700000166893005,0.2199999988079071,4161,17089,25602,8581,25602,12737,8385,38213,12737,29570,17985,4-2-3-1,25,11,2,16,9,14,101085,4,477,4,7,6,3,0,18,12,3
0.3499999940395355,0.3499999940395355,0.5,0.6499999761581421,5.0,0.15000000596046448,0.3499999940395355,0.8999999761581421,0.3499999940395355,0.10000000149011612,0.8700000047683716,0.15000000596046448,0.10000000149011612,0.6000000238418579,0.5,0.6000000238418579,1.0,0.5,4.0,0.6499999761581421,0.019999999552965164,0.8999999761581421,0.2199999988079071,0.6700000166893005,0.2199999988079071,4161,17025,25794,8581,25797,12867,8450,38404,12802,29571,17155,4-2-3-1,25,11,2,16,9,14,101088,4,478,4,7,6,3,0,18,12,3
0.6499999761581421,0.5600000023841858,0.4000000059604645,0.5,3.5,0.17499999701976776,0.5,0.3499999940395355,0.30000001192092896,0.10000000149011612,0.8500000238418579,0.15000000596046448,0.5,0.5,0.5,0.5600000023841858,2.0,0.6000000238418579,4.5,0.8999999761581421,0.019999999552965164,0.699999988079071,0.3499999940395355,0.8500000238418579,0.15000000596046448,4161,21314,25729,17089,21314,12737,14145,38275,12737,38405,25794,3-1-4-2,26,13,3,16,12,1,101097,5,479,22,10,6,28,0,24,15,4
0.3499999940395355,0.3499999940395355,0.5,0.6499999761581421,5.0,0.15000000596046448,0.3499999940395355,0.8999999761581421,0.3499999940395355,0.10000000149011612,0.8700000047683716,0.15000000596046448,0.10000000149011612,0.6000000238418579,0.5,0.6000000238418579,1.0,0.5,4.0,0.6499999761581421,0.019999999552965164,0.8999999761581421,0.2199999988079071,0.6700000166893005,0.2199999988079071,4161,17025,25602,8450,25602,12737,8386,38405,12865,29570,17160,4-2-3-1,25,11,2,16,9,14,101099,4,480,4,7,6,3,0,18,12,3
0.3499999940395355,0.3499999940395355,0.5,0.6499999761581421,5.0,0.15000000596046448,0.3499999940395355,0.8999999761581421,0.3499999940395355,0.10000000149011612,0.8700000047683716,0.15000000596046448,0.10000000149011612,0.6000000238418579,0.5,0.6000000238418579,1.0,0.5,4.0,0.6499999761581421,0.019999999552965164,0.8999999761581421,0.2199999988079071,0.6700000166893005,0.2199999988079071,4161,18306,25605,8450,25602,12737,8452,38341,12865,29576,17025,4-2-3-1,25,11,2,16,9,14,101100,4,481,4,7,6,3,0,18,12,3
0.3499999940395355,0.3499999940395355,0.5,0.6499999761581421,5.0,0.15000000596046448,0.3499999940395355,0.8999999761581421,0.3499999940395355,0.10000000149011612,0.8700000047683716,0.15000000596046448,0.10000000149011612,0.6000000238418579,0.5,0.6000000238418579,1.0,0.5,4.0,0.6499999761581421,0.019999999552965164,0.8999999761581421,0.2199999988079071,0.6700000166893005,0.2199999988079071,4161,18306,25602,8386,25602,12802,8386,38405,12802,29570,17089,4-2-3-1,25,11,2,16,9,14,101101,4,482,4,7,6,3,0,18,12,3
0.6499999761581421,0.5600000023841858,0.4000000059604645,0.5,3.5,0.17499999701976776,0.5,0.3499999940395355,0.30000001192092896,0.10000000149011612,0.8500000238418579,0.15000000596046448,0.5,0.5,0.5,0.5600000023841858,2.0,0.6000000238418579,4.5,0.8999999761581421,0.019999999552965164,0.699999988079071,0.3499999940395355,0.8500000238418579,0.15000000596046448,4161,21314,25667,17089,21319,12737,12865,38275,12865,38405,25602,3-1-4-2,26,13,3,16,12,1,101103,5,483,22,10,6,28,0,24,15,4
0.3499999940395355,0.3499999940395355,0.5,0.6499999761581421,5.0,0.15000000596046448,0.3499999940395355,0.8999999761581421,0.3499999940395355,0.10000000149011612,0.8700000047683716,0.15000000596046448,0.10000000149011612,0.6000000238418579,0.5,0.6000000238418579,1.0,0.5,4.0,0.6499999761581421,0.019999999552965164,0.8999999761581421,0.2199999988079071,0.6700000166893005,0.2199999988079071,4161,17089,25667,8386,25602,12865,8386,38405,12737,29634,17089,4-2-3-1,25,11,2,16,9,14,101104,4,484,4,7,6,3,0,18,12,3
0.5,0.2199999988079071,0.4000000059604645,0.699999988079071,5.0,0.15000000596046448,0.33000001311302185,0.6499999761581421,0.5,0.3499999940395355,0.8500000238418579,0.17499999701976776,0.30000001192092896,0.5,0.5,0.5,2.0,0.6000000238418579,3.0,0.10000000149011612,0.019999999552965164,0.8999999761581421,0.15000000596046448,0.8500000238418579,0.2199999988079071,4161,17089,21381,14145,21251,12737,8386,38405,12737,38405,8450,5-3-2,26,10,1,15,7,4,101105,4,485,31,6,5,24,0,24,13,3
0.8999999761581421,0.33000001311302185,0.5,0.6499999761581421,4.5,0.15000000596046448,0.6000000238418579,0.6499999761581421,0.3499999940395355,0.3499999940395355,0.8500000238418579,0.15000000596046448,0.10000000149011612,0.5,0.5,0.5,1.0,0.10000000149011612,4.5,0.5,0.019999999552965164,0.8999999761581421,0.2199999988079071,0.6000000238418579,0.2199999988079071,4226,25602,21314,8450,21314,12737,8386,38405,12737,25667,17089,4-1-4-1,25,12,2,15,10,15,101108,4,486,2,7,6,31,0,16,13,3
0.3499999940395355,0.3499999940395355,0.5,0.6499999761581421,5.0,0.15000000596046448,0.3499999940395355,0.8999999761581421,0.3499999940395355,0.10000000149011612,0.8700000047683716,0.15000000596046448,0.10000000149011612,0.6000000238418579,0.5,0.6000000238418579,1.0,0.5,4.0,0.6499999761581421,0.019999999552965164,0.8999999761581421,0.2199999988079071,0.6700000166893005,0.2199999988079071,4226,17089,25794,8386,25797,12737,9987,38410,12865,29637,17155,4-2-3-1,25,11,2,16,9,14,101110,4,487,4,7,6,3,0,18,12,3
0.3499999940395355,0.3499999940395355,0.5,0.6499999761581421,5.0,0.15000000596046448,0.3499999940395355,0.8999999761581421,0.3499999940395355,0.10000000149011612,0.8700000047683716,0.15000000596046448,0.10000000149011612,0.6000000238418579,0.5,0.6000000238418579,1.0,0.5,4.0,0.6499999761581421,0.019999999552965164,0.8999999761581421,0.2199999988079071,0.6700000166893005,0.2199999988079071,4161,17089,25602,8450,25794,12737,8386,38213,12737,29957,17089,4-2-3-1,25,11,2,16,9,14,101112,4,488,4,7,6,3,0,18,12,3
0.6499999761581421,0.6000000238418579,0.4000000059604645,0.6499999761581421,4.0,0.15000000596046448,0.5,0.3499999940395355,0.3499999940395355,0.10000000149011612,0.8500000238418579,0.15000000596046448,0.10000000149011612,0.5,0.5,0.6000000238418579,2.0,0.6000000238418579,4.0,0.8999999761581421,0.019999999552965164,0.8999999761581421,0.2199999988079071,0.8500000238418579,0.2199999988079071,5827,21314,25602,8386,21185,12802,8581,38405,12737,38213,25602,4-4-2,26,13,2,16,12,10,105013,4,489,16,7,6,11,0,24,15,3
0.3499999940395355,0.3499999940395355,0.10000000149011612,0.6499999761581421,4.0,0.15000000596046448,0.3499999940395355,0.5,0.3499999940395355,0.8999999761581421,0.800000011920929,0.15000000596046448,0.10000000149011612,0.6700000166893005,0.5,0.800000011920929,3.0,0.5,3.0,0.6499999761581421,0.019999999552965164,0.8999999761581421,0.2199999988079071,0.8700000047683716,0.2199999988079071,4226,17153,33992,8394,29640,12802,8581,33989,12865,38405,17160,4-2-1-3,27,11,3,23,9,18,105035,4,490,36,7,6,27,0,25,18,3
0.3499999940395355,0.3499999940395355,0.5,0.6499999761581421,5.0,0.15000000596046448,0.3499999940395355,0.8999999761581421,0.3499999940395355,0.10000000149011612,0.8700000047683716,0.15000000596046448,0.10000000149011612,0.6000000238418579,0.5,0.6000000238418579,1.0,0.5,4.0,0.6499999761581421,0.019999999552965164,0.8999999761581421,0.2199999988079071,0.6700000166893005,0.2199999988079071,4226,17155,25602,8513,25794,12865,8386,38405,12737,29571,17155,4-2-3-1,25,11,2,16,9,14,110062,4,491,4,7,6,3,0,18,12,3
0.5,0.2199999988079071,0.4000000059604645,0.699999988079071,5.0,0.15000000596046448,0.33000001311302185,0.6499999761581421,0.5,0.3499999940395355,0.8500000238418579,0.17499999701976776,0.30000001192092896,0.5,0.5,0.5,2.0,0.6000000238418579,3.0,0.10000000149011612,0.019999999552965164,0.8999999761581421,0.15000000596046448,0.8500000238418579,0.2199999988079071,4161,17153,21251,12737,21319,12737,8450,38275,12737,38405,8450,5-3-2,26,10,1,15,7,4,110069,4,492,31,6,5,24,0,24,13,3
0.3499999940395355,0.3499999940395355,0.5,0.6499999761581421,5.0,0.15000000596046448,0.3499999940395355,0.8999999761581421,0.3499999940395355,0.10000000149011612,0.8700000047683716,0.15000000596046448,0.10000000149011612,0.6000000238418579,0.5,0.6000000238418579,1.0,0.5,4.0,0.6499999761581421,0.019999999552965164,0.8999999761581421,0.2199999988079071,0.6700000166893005,0.2199999988079071,4161,17089,25667,8581,25602,12865,8386,38213,12865,29570,17089,4-2-3-1,25,11,2,16,9,14,110072,4,493,4,7,6,3,0,18,12,3
0.6499999761581421,0.33000001311302185,0.10000000149011612,0.6499999761581421,4.0,0.15000000596046448,0.5,0.3499999940395355,0.3499999940395355,0.8999999761581421,0.800000011920929,0.15000000596046448,0.10000000149011612,0.5,0.5,0.800000011920929,3.0,0.5,3.0,0.5,0.019999999552965164,0.8999999761581421,0.2199999988079071,0.8500000238418579,0.2199999988079071,4161,21381,33859,8386,21314,12802,8581,33794,12737,38275,17089,4-3-3,27,13,3,23,10,6,110075,4,494,9,7,6,7,0,25,15,3
0.6499999761581421,0.33000001311302185,0.10000000149011612,0.6499999761581421,4.0,0.15000000596046448,0.5,0.3499999940395355,0.3499999940395355,0.8999999761581421,0.800000011920929,0.15000000596046448,0.10000000149011612,0.5,0.5,0.800000011920929,3.0,0.5,3.0,0.5,0.019999999552965164,0.8999999761581421,0.2199999988079071,0.8500000238418579,0.2199999988079071,4161,21314,33794,8386,21442,12806,8386,33986,12737,38405,17089,4-3-3,27,13,3,23,10,6,110078,4,495,9,7,6,7,0,25,15,3
0.8999999761581421,0.2199999988079071,0.5,0.699999988079071,5.0,0.15000000596046448,0.6000000238418579,0.6499999761581421,0.5,0.3499999940395355,0.8500000238418579,0.17499999701976776,0.30000001192092896,0.5,0.5,0.5,1.0,0.10000000149011612,4.0,0.10000000149011612,0.019999999552965164,0.8999999761581421,0.15000000596046448,0.6000000238418579,0.2199999988079071,5827,25602,21314,12802,21314,12737,8450,38405,12802,25602,8450,5-4-1,25,12,0,15,7,5,110081,4,496,33,6,5,14,0,16,13,3
0.3499999940395355,0.3499999940395355,0.5,0.6499999761581421,5.0,0.15000000596046448,0.3499999940395355,0.8999999761581421,0.3499999940395355,0.10000000149011612,0.8700000047683716,0.15000000596046448,0.10000000149011612,0.6000000238418579,0.5,0.6000000238418579,1.0,0.5,4.0,0.6499999761581421,0.019999999552965164,0.8999999761581421,0.2199999988079071,0.6700000166893005,0.2199999988079071,4161,17089,25602,8450,25794,12737,8386,38275,12865,29570,17089,4-2-3-1,25,11,2,16,9,14,110093,4,497,4,7,6,3,0,18,12,3
0.8999999761581421,0.2199999988079071,0.5,0.699999988079071,5.0,0.15000000596046448,0.6000000238418579,0.6499999761581421,0.5,0.3499999940395355,0.8500000238418579,0.17499999701976776,0.30000001192092896,0.5,0.5,0.5,1.0,0.10000000149011612,4.0,0.10000000149011612,0.019999999552965164,0.8999999761581421,0.15000000596046448,0.6000000238418579,0.2199999988079071,4226,25602,21251,12737,21251,12865,8386,38405,12865,25602,8581,5-4-1,25,12,0,15,7,5,110176,4,498,33,6,5,14,0,16,13,3
0.3499999940395355,0.5,0.10000000149011612,0.5,3.0,0.17499999701976776,0.5,0.10000000149011612,0.30000001192092896,0.8999999761581421,0.800000011920929,0.15000000596046448,0.8999999761581421,0.5600000023841858,0.5,0.800000011920929,3.0,0.5,4.0,0.6499999761581421,0.019999999552965164,0.699999988079071,0.5600000023841858,0.8500000238418579,0.15000000596046448,4226,21185,33859,25729,25729,12737,14145,33859,12737,38213,21185,3-4-3,27,15,4,23,13,0,110206,5,499,25,12,6,2,0,25,16,4
0.5,0.2199999988079071,0.4000000059604645,0.699999988079071,5.0,0.15000000596046448,0.33000001311302185,0.6499999761581421,0.5,0.3499999940395355,0.8500000238418579,0.17499999701976776,0.30000001192092896,0.5,0.5,0.5,2.0,0.6000000238418579,3.0,0.10000000149011612,0.019999999552965164,0.8999999761581421,0.15000000596046448,0.8500000238418579,0.2199999988079071,4161,17095,21314,12737,21381,12737,8581,38405,12737,38275,8581,5-3-2,26,10,1,15,7,4,110313,4,500,31,6,5,24,0,24,13,3
0.5,0.2199999988079071,0.4000000059604645,0.699999988079071,5.0,0.15000000596046448,0.33000001311302185,0.6499999761581421,0.5,0.3499999940395355,0.8500000238418579,0.17499999701976776,0.30000001192092896,0.5,0.5,0.5,2.0,0.6000000238418579,3.0,0.10000000149011612,0.019999999552965164,0.8999999761581421,0.15000000596046448,0.8500000238418579,0.2199999988079071,4161,17025,21442,12737,21314,12737,8386,38405,12737,38405,8450,5-3-2,26,10,1,15,7,4,110321,4,501,31,6,5,24,0,24,13,3
0.3499999940395355,0.5,0.5,0.5,3.0,0.17499999701976776,0.5,0.10000000149011612,0.30000001192092896,0.75,0.8700000047683716,0.15000000596046448,0.8999999761581421,0.5600000023841858,0.5,0.699999988079071,2.0,0.25,5.0,0.6499999761581421,0.019999999552965164,0.699999988079071,0.5600000023841858,0.699999988079071,0.15000000596046448,5827,21381,29576,25729,25729,12867,12737,38341,12737,29957,21314,3-4-2-1,25,15,3,17,13,19,110329,5,502,24,12,6,21,0,19,16,4
0.6499999761581421,0.33000001311302185,0.10000000149011612,0.6499999761581421,4.0,0.15000000596046448,0.5,0.3499999940395355,0.3499999940395355,0.8999999761581421,0.800000011920929,0.15000000596046448,0.10000000149011612,0.5,0.5,0.800000011920929,3.0,0.5,3.0,0.5,0.019999999552965164,0.8999999761581421,0.2199999988079071,0.8500000238418579,0.2199999988079071,4161,21314,33794,8386,21314,12737,8581,33794,12865,38213,17025,4-3-3,27,13,3,23,10,6,110374,4,503,9,7,6,7,0,25,15,3
0.3499999940395355,0.3499999940395355,0.5,0.6499999761581421,5.0,0.15000000596046448,0.3499999940395355,0.8999999761581421,0.3499999940395355,0.10000000149011612,0.8700000047683716,0.15000000596046448,0.10000000149011612,0.6000000238418579,0.5,0.6000000238418579,1.0,0.5,4.0,0.6499999761581421,0.019999999552965164,0.8999999761581421,0.2199999988079071,0.6700000166893005,0.2199999988079071,4161,17089,25602,8450,25602,12737,8386,38405,12737,29634,17155,4-2-3-1,25,11,2,16,9,14,110395,4,504,4,7,6,3,0,18,12,3
0.3499999940395355,0.3499999940395355,0.5,0.6499999761581421,5.0,0.15000000596046448,0.3499999940395355,0.8999999761581421,0.3499999940395355,0.10000000149011612,0.8700000047683716,0.15000000596046448,0.10000000149011612,0.6000000238418579,0.5,0.6000000238418579,1.0,0.5,4.0,0.6499999761581421,0.019999999552965164,0.8999999761581421,0.2199999988079071,0.6700000166893005,0.2199999988079071,4161,17089,25729,8386,25729,12865,8386,38405,12737,29570,17089,4-2-3-1,25,11,2,16,9,14,110396,4,505,4,7,6,3,0,18,12,3
0.6499999761581421,0.6000000238418579,0.4000000059604645,0.6499999761581421,4.0,0.15000000596046448,0.5,0.3499999940395355,0.3499999940395355,0.10000000149011612,0.8500000238418579,0.15000000596046448,0.10000000149011612,0.5,0.5,0.6000000238418579,2.0,0.6000000238418579,4.0,0.8999999761581421,0.019999999552965164,0.8999999761581421,0.2199999988079071,0.8500000238418579,0.2199999988079071,4161,21185,25605,8450,21314,12802,8450,38405,12737,38405,25729,4-4-2,26,13,2,16,12,10,110404,4,506,16,7,6,11,0,24,15,3
0.3499999940395355,0.5,0.4000000059604645,0.5,3.0,0.17499999701976776,0.5,0.10000000149011612,0.30000001192092896,0.5,0.8700000047683716,0.15000000596046448,0.8999999761581421,0.5600000023841858,0.5,0.6700000166893005,2.5,0.6000000238418579,4.5,0.6499999761581421,0.019999999552965164,0.699999988079071,0.5600000023841858,0.8700000047683716,0.15000000596046448,4161,21314,29957,25669,25669,12737,12865,38405,12737,38405,21314,3-4-1-2,26,15,4,18,13,1,110468,5,507,23,12,6,29,0,24,16,4
0.3499999940395355,0.3499999940395355,0.5,0.6499999761581421,5.0,0.15000000596046448,0.3499999940395355,0.8500000238418579,0.3499999940395355,0.5,0.8700000047683716,0.15000000596046448,0.10000000149011612,0.6700000166893005,0.5,0.6700000166893005,1.0,0.15000000596046448,4.0,0.6499999761581421,0.019999999552965164,0.8999999761581421,0.2199999988079071,0.6700000166893005,0.2199999988079071,5827,17160,29576,8450,29634,12737,8452,38213,12802,29637,17089,4-2-3-1,25,11,2,18,9,14,110500,4,508,3,7,6,16,0,19,17,3
0.5,0.5,0.4000000059604645,0.6499999761581421,4.0,0.15000000596046448,0.47999998927116394,0.3499999940395355,0.3499999940395355,0.5,0.8500000238418579,0.15000000596046448,0.10000000149011612,0.5,0.5,0.699999988079071,2.5,0.6000000238418579,3.5,0.6499999761581421,0.019999999552965164,0.8999999761581421,0.2199999988079071,0.8500000238418579,0.2199999988079071,5827,21442,29957,8581,21314,12737,8450,38405,12737,38213,21185,4-3-1-2,26,14,2,18,13,9,110501,4,509,6,7,6,34,0,24,15,3
0.3499999940395355,0.3499999940395355,0.4000000059604645,0.6499999761581421,4.0,0.15000000596046448,0.3499999940395355,0.8999999761581421,0.3499999940395355,0.10000000149011612,0.8500000238418579,0.15000000596046448,0.10000000149011612,0.5600000023841858,0.5,0.5600000023841858,2.0,0.6000000238418579,4.0,0.6499999761581421,0.019999999552965164,0.8999999761581421,0.2199999988079071,0.8500000238418579,0.2199999988079071,4161,17155,25797,8450,25794,12865,8581,38404,12737,38341,17096,4-4-2,26,11,2,16,9,10,110502,4,510,17,7,6,12,0,24,12,3
0.3499999940395355,0.3499999940395355,0.5,0.6499999761581421,5.0,0.15000000596046448,0.3499999940395355,0.8999999761581421,0.3499999940395355,0.10000000149011612,0.8700000047683716,0.15000000596046448,0.10000000149011612,0.6000000238418579,0.5,0.6000000238418579,1.0,0.5,4.0,0.6499999761581421,0.019999999552965164,0.8999999761581421,0.2199999988079071,0.6700000166893005,0.2199999988079071,5827,17089,25605,9987,25602,12802,8450,38341,12737,29570,17089,4-2-3-1,25,11,2,16,9,14,110532,4,511,4,7,6,3,0,18,12,3
0.5,0.2199999988079071,0.4000000059604645,0.699999988079071,5.0,0.15000000596046448,0.33000001311302185,0.6499999761581421,0.5,0.3499999940395355,0.8500000238418579,0.17499999701976776,0.30000001192092896,0.5,0.5,0.5,2.0,0.6000000238418579,3.0,0.10000000149011612,0.019999999552965164,0.8999999761581421,0.15000000596046448,0.8500000238418579,0.2199999988079071,5827,17089,21442,12806,21314,12737,8450,38275,12802,38213,8450,5-3-2,26,10,1,15,7,4,110556,4,512,31,6,5,24,0,24,13,3
0.3499999940395355,0.3499999940395355,0.5,0.6499999761581421,5.0,0.15000000596046448,0.3499999940395355,0.8999999761581421,0.3499999940395355,0.10000000149011612,0.8700000047683716,0.15000000596046448,0.10000000149011612,0.6000000238418579,0.5,0.6000000238418579,1.0,0.5,4.0,0.6499999761581421,0.019999999552965164,0.8999999761581421,0.2199999988079071,0.6700000166893005,0.2199999988079071,4161,17160,25602,8386,25602,12802,8386,38405,12737,30346,17089,4-2-3-1,25,11,2,16,9,14,110580,4,513,4,7,6,3,0,18,12,3
0.6499999761581421,0.33000001311302185,0.10000000149011612,0.6499999761581421,4.0,0.15000000596046448,0.5,0.3499999940395355,0.3499999940395355,0.8999999761581421,0.800000011920929,0.15000000596046448,0.10000000149011612,0.5,0.5,0.800000011920929,3.0,0.5,3.0,0.5,0.019999999552965164,0.8999999761581421,0.2199999988079071,0.8500000238418579,0.2199999988079071,5827,21381,33986,8581,21314,12865,8581,33859,12865,38341,17025,4-3-3,27,13,3,23,10,6,110588,4,514,9,7,6,7,0,25,15,3
0.3499999940395355,0.3499999940395355,0.5,0.6499999761581421,5.0,0.15000000596046448,0.3499999940395355,0.8999999761581421,0.3499999940395355,0.10000000149011612,0.8700000047683716,0.15000000596046448,0.10000000149011612,0.6000000238418579,0.5,0.6000000238418579,1.0,0.5,4.0,0.6499999761581421,0.019999999552965164,0.8999999761581421,0.2199999988079071,0.6700000166893005,0.2199999988079071,5827,17025,25667,8386,25602,12865,8450,38213,12802,29570,18306,4-2-3-1,25,11,2,16,9,14,110636,4,515,4,7,6,3,0,18,12,3
0.3499999940395355,0.5,0.5,0.5,3.0,0.17499999701976776,0.5,0.10000000149011612,0.30000001192092896,0.75,0.8700000047683716,0.15000000596046448,0.8999999761581421,0.5600000023841858,0.5,0.699999988079071,2.0,0.25,5.0,0.6499999761581421,0.019999999552965164,0.699999988079071,0.5600000023841858,0.699999988079071,0.15000000596046448,5827,21314,29570,25729,25794,12737,12802,38213,12737,29957,21314,3-4-2-1,25,15,3,17,13,19,110645,5,516,24,12,6,21,0,19,16,4
0.5,0.2199999988079071,0.4000000059604645,0.699999988079071,5.0,0.15000000596046448,0.33000001311302185,0.6499999761581421,0.5,0.3499999940395355,0.8500000238418579,0.17499999701976776,0.30000001192092896,0.5,0.5,0.5,2.0,0.6000000238418579,3.0,0.10000000149011612,0.019999999552965164,0.8999999761581421,0.15000000596046448,0.8500000238418579,0.2199999988079071,4226,17089,21381,12737,21381,12737,8450,38275,12802,38405,8450,5-3-2,26,10,1,15,7,4,110678,4,517,31,6,5,24,0,24,13,3
0.3499999940395355,0.3499999940395355,0.5,0.6499999761581421,5.0,0.15000000596046448,0.3499999940395355,0.8999999761581421,0.3499999940395355,0.10000000149011612,0.8700000047683716,0.15000000596046448,0.10000000149011612,0.6000000238418579,0.5,0.6000000238418579,1.0,0.5,4.0,0.6499999761581421,0.019999999552965164,0.8999999761581421,0.2199999988079071,0.6700000166893005,0.2199999988079071,4161,17089,25794,8450,25602,12737,8513,38405,12865,29576,17155,4-2-3-1,25,11,2,16,9,14,110685,4,518,4,7,6,3,0,18,12,3
0.3499999940395355,0.3499999940395355,0.5,0.6499999761581421,5.0,0.15000000596046448,0.3499999940395355,0.8999999761581421,0.3499999940395355,0.10000000149011612,0.8700000047683716,0.15000000596046448,0.10000000149011612,0.6000000238418579,0.5,0.6000000238418579,1.0,0.5,4.0,0.6499999761581421,0.019999999552965164,0.8999999761581421,0.2199999988079071,0.6700000166893005,0.2199999988079071,4161,17089,25602,8581,25605,12737,9987,38405,12802,29570,17155,4-2-3-1,25,11,2,16,9,14,110697,4,519,4,7,6,3,0,18,12,3
0.3499999940395355,0.3499999940395355,0.5,0.6499999761581421,5.0,0.15000000596046448,0.3499999940395355,0.8999999761581421,0.3499999940395355,0.10000000149011612,0.8700000047683716,0.15000000596046448,0.10000000149011612,0.6000000238418579,0.5,0.6000000238418579,1.0,0.5,4.0,0.6499999761581421,0.019999999552965164,0.8999999761581421,0.2199999988079071,0.6700000166893005,0.2199999988079071,4161,17089,25729,8386,25729,12737,8386,38213,12737,29570,17089,4-2-3-1,25,11,2,16,9,14,110711,4,520,4,7,6,3,0,18,12,3
0.3499999940395355,0.5,0.4000000059604645,0.5,3.0,0.17499999701976776,0.5,0.10000000149011612,0.30000001192092896,0.5,0.8700000047683716,0.15000000596046448,0.8999999761581421,0.5600000023841858,0.5,0.6700000166893005,2.5,0.6000000238418579,4.5,0.6499999761581421,0.019999999552965164,0.699999988079071,0.5600000023841858,0.8700000047683716,0.15000000596046448,5827,21314,29570,25602,25729,12802,14145,38405,12802,38405,21314,3-4-1-2,26,15,4,18,13,1,110720,5,521,23,12,6,29,0,24,16,4
0.3499999940395355,0.5,0.4000000059604645,0.5,3.0,0.17499999701976776,0.5,0.10000000149011612,0.30000001192092896,0.5,0.8700000047683716,0.15000000596046448,0.8999999761581421,0.5600000023841858,0.5,0.6700000166893005,2.5,0.6000000238418579,4.5,0.6499999761581421,0.019999999552965164,0.699999988079071,0.5600000023841858,0.8700000047683716,0.15000000596046448,4161,21314,29570,25669,25729,12865,12802,38405,12865,38405,21314,3-4-1-2,26,15,4,18,13,1,110724,5,522,23,12,6,29,0,24,16,4
0.5,0.2199999988079071,0.4000000059604645,0.699999988079071,5.0,0.15000000596046448,0.33000001311302185,0.6499999761581421,0.5,0.3499999940395355,0.8500000238418579,0.17499999701976776,0.30000001192092896,0.5,0.5,0.5,2.0,0.6000000238418579,3.0,0.10000000149011612,0.019999999552965164,0.8999999761581421,0.15000000596046448,0.8500000238418579,0.2199999988079071,5827,17089,21251,14145,21442,14145,8450,38405,12737,38405,8450,5-3-2,26,10,1,15,7,4,110738,4,523,31,6,5,24,0,24,13,3
0.5,0.5,0.5,0.6499999761581421,4.0,0.15000000596046448,0.47999998927116394,0.3499999940395355,0.3499999940395355,0.75,0.8500000238418579,0.15000000596046448,0.10000000149011612,0.5,0.5,0.699999988079071,2.5,0.25,3.5,0.6499999761581421,0.019999999552965164,0.8999999761581421,0.2199999988079071,0.699999988079071,0.2199999988079071,4161,21185,29570,8386,21442,12737,8386,38405,12737,29634,21185,4-3-2-1,25,14,2,17,13,8,110740,4,524,7,7,6,20,0,19,15,3
0.3499999940395355,0.3499999940395355,0.5,0.6499999761581421,5.0,0.15000000596046448,0.3499999940395355,0.8999999761581421,0.3499999940395355,0.10000000149011612,0.8700000047683716,0.15000000596046448,0.10000000149011612,0.6000000238418579,0.5,0.6000000238418579,1.0,0.5,4.0,0.6499999761581421,0.019999999552965164,0.8999999761581421,0.2199999988079071,0.6700000166893005,0.2199999988079071,4161,17089,25602,9987,25729,12737,8386,38341,12737,29570,18306,4-2-3-1,25,11,2,16,9,14,110745,4,525,4,7,6,3,0,18,12,3
0.8999999761581421,0.33000001311302185,0.5,0.6499999761581421,4.5,0.15000000596046448,0.6000000238418579,0.6499999761581421,0.3499999940395355,0.3499999940395355,0.8500000238418579,0.15000000596046448,0.10000000149011612,0.5,0.5,0.5,1.0,0.10000000149011612,4.5,0.5,0.019999999552965164,0.8999999761581421,0.2199999988079071,0.6000000238418579,0.2199999988079071,4161,25602,21314,8450,21442,12737,8513,38341,12737,25794,17025,4-1-4-1,25,12,2,15,10,15,110746,4,526,2,7,6,31,0,16,13,3
0.6499999761581421,0.2199999988079071,0.10000000149011612,0.699999988079071,6.0,0.15000000596046448,0.5,0.3499999940395355,0.5,0.8999999761581421,0.800000011920929,0.17499999701976776,0.30000001192092896,0.5,0.5,0.800000011920929,1.0,0.5,3.0,0.10000000149011612,0.019999999552965164,0.8999999761581421,0.15000000596046448,0.8500000238418579,0.2199999988079071,4161,21314,33859,12802,21185,14145,8450,33986,12737,38275,8450,5-2-3,27,13,1,23,7,3,110747,4,527,30,6,5,36,0,25,15,3
0.8999999761581421,0.2199999988079071,0.5,0.699999988079071,5.0,0.15000000596046448,0.6000000238418579,0.6499999761581421,0.5,0.3499999940395355,0.8500000238418579,0.17499999701976776,0.30000001192092896,0.5,0.5,0.5,1.0,0.10000000149011612,4.0,0.10000000149011612,0.019999999552965164,0.8999999761581421,0.15000000596046448,0.6000000238418579,0.2199999988079071,4161,25602,21251,12737,21185,12737,8450,38405,12802,25602,8386,5-4-1,25,12,0,15,7,5,110749,4,528,33,6,5,14,0,16,13,3
0.3499999940395355,0.3499999940395355,0.5,0.6499999761581421,5.0,0.15000000596046448,0.3499999940395355,0.8999999761581421,0.3499999940395355,0.10000000149011612,0.8700000047683716,0.15000000596046448,0.10000000149011612,0.6000000238418579,0.5,0.6000000238418579,1.0,0.5,4.0,0.6499999761581421,0.019999999552965164,0.8999999761581421,0.2199999988079071,0.6700000166893005,0.2199999988079071,4161,17089,25602,8581,25794,12802,8386,38213,12737,29570,17089,4-2-3-1,25,11,2,16,9,14,110750,4,529,4,7,6,3,0,18,12,3
0.3499999940395355,0.3499999940395355,0.5,0.6499999761581421,5.0,0.15000000596046448,0.3499999940395355,0.8999999761581421,0.3499999940395355,0.10000000149011612,0.8700000047683716,0.15000000596046448,0.10000000149011612,0.6000000238418579,0.5,0.6000000238418579,1.0,0.5,4.0,0.6499999761581421,0.019999999552965164,0.8999999761581421,0.2199999988079071,0.6700000166893005,0.2199999988079071,4161,17025,25602,8450,25602,12737,8386,38213,12737,29570,17155,4-2-3-1,25,11,2,16,9,14,110751,4,530,4,7,6,3,0,18,12,3
0.3499999940395355,0.3499999940395355,0.5,0.6499999761581421,5.0,0.15000000596046448,0.3499999940395355,0.8999999761581421,0.3499999940395355,0.10000000149011612,0.8700000047683716,0.15000000596046448,0.10000000149011612,0.6000000238418579,0.5,0.6000000238418579,1.0,0.5,4.0,0.6499999761581421,0.019999999552965164,0.8999999761581421,0.2199999988079071,0.6700000166893005,0.2199999988079071,4161,17025,25602,8450,25794,12737,8450,38275,12737,29570,17155,4-2-3-1,25,11,2,16,9,14,110752,4,531,4,7,6,3,0,18,12,3
0.3499999940395355,0.3499999940395355,0.5,0.6499999761581421,5.0,0.15000000596046448,0.3499999940395355,0.8999999761581421,0.3499999940395355,0.10000000149011612,0.8700000047683716,0.15000000596046448,0.10000000149011612,0.6000000238418579,0.5,0.6000000238418579,1.0,0.5,4.0,0.6499999761581421,0.019999999552965164,0.8999999761581421,0.2199999988079071,0.6700000166893005,0.2199999988079071,4226,17089,25794,8450,25602,12737,8386,38213,12737,29570,17089,4-2-3-1,25,11,2,16,9,14,110770,4,532,4,7,6,3,0,18,12,3
0.3499999940395355,0.5,0.5,0.5,3.0,0.17499999701976776,0.5,0.10000000149011612,0.30000001192092896,0.75,0.8700000047683716,0.15000000596046448,0.8999999761581421,0.5600000023841858,0.5,0.699999988079071,2.0,0.25,5.0,0.6499999761581421,0.019999999552965164,0.699999988079071,0.5600000023841858,0.699999988079071,0.15000000596046448,4161,21442,29570,25602,25667,12737,12802,38341,12737,29570,21381,3-4-2-1,25,15,3,17,13,19,110776,5,533,24,12,6,21,0,19,16,4
0.3499999940395355,0.3499999940395355,0.5,0.6499999761581421,5.0,0.15000000596046448,0.3499999940395355,0.8999999761581421,0.3499999940395355,0.10000000149011612,0.8700000047683716,0.15000000596046448,0.10000000149011612,0.6000000238418579,0.5,0.6000000238418579,1.0,0.5,4.0,0.6499999761581421,0.019999999552965164,0.8999999761581421,0.2199999988079071,0.6700000166893005,0.2199999988079071,4161,17155,25602,8450,25797,12737,8386,38213,12737,29576,17096,4-2-3-1,25,11,2,16,9,14,110827,4,534,4,7,6,3,0,18,12,3
0.5,0.5,0.10000000149011612,0.6499999761581421,4.0,0.15000000596046448,0.47999998927116394,0.3499999940395355,0.3499999940395355,0.8999999761581421,0.800000011920929,0.15000000596046448,0.10000000149011612,0.5,0.5,0.800000011920929,3.0,0.5,3.0,0.6499999761581421,0.019999999552965164,0.8999999761581421,0.2199999988079071,0.8500000238418579,0.2199999988079071,4161,21185,33859,8386,21251,12737,8581,33986,12737,38213,21314,4-3-3,27,14,3,23,13,6,110832,4,535,8,7,6,17,0,25,15,3
0.3499999940395355,0.3499999940395355,0.5,0.6499999761581421,5.0,0.15000000596046448,0.3499999940395355,0.8999999761581421,0.3499999940395355,0.10000000149011612,0.8700000047683716,0.15000000596046448,0.10000000149011612,0.6000000238418579,0.5,0.6000000238418579,1.0,0.5,4.0,0.6499999761581421,0.019999999552965164,0.8999999761581421,0.2199999988079071,0.6700000166893005,0.2199999988079071,4161,17089,25667,8450,25794,12802,8386,38213,12865,29570,17089,4-2-3-1,25,11,2,16,9,14,110839,4,536,4,7,6,3,0,18,12,3
0.6499999761581421,0.6000000238418579,0.4000000059604645,0.6499999761581421,4.0,0.15000000596046448,0.5,0.3499999940395355,0.3499999940395355,0.10000000149011612,0.8500000238418579,0.15000000596046448,0.10000000149011612,0.5,0.5,0.6000000238418579,2.0,0.6000000238418579,4.0,0.8999999761581421,0.019999999552965164,0.8999999761581421,0.2199999988079071,0.8500000238418579,0.2199999988079071,5827,21185,25602,8450,21314,12865,8450,38341,12865,38405,25602,4-4-2,26,13,2,16,12,10,110890,4,537,16,7,6,11,0,24,15,3
0.3499999940395355,0.5,0.5,0.5,3.0,0.17499999701976776,0.5,0.10000000149011612,0.30000001192092896,0.75,0.8700000047683716,0.15000000596046448,0.8999999761581421,0.5600000023841858,0.5,0.699999988079071,2.0,0.25,5.0,0.6499999761581421,0.019999999552965164,0.699999988079071,0.5600000023841858,0.699999988079071,0.15000000596046448,5827,21251,29570,25729,25729,12737,14145,38341,14145,29957,21314,3-4-2-1,25,15,3,17,13,19,110908,5,538,24,12,6,21,0,19,16,4
0.5,0.2199999988079071,0.4000000059604645,0.699999988079071,5.0,0.15000000596046448,0.33000001311302185,0.6499999761581421,0.5,0.3499999940395355,0.8500000238418579,0.17499999701976776,0.30000001192092896,0.5,0.5,0.5,2.0,0.6000000238418579,3.0,0.10000000149011612,0.019999999552965164,0.8999999761581421,0.15000000596046448,0.8500000238418579,0.2199999988079071,5827,17025,21381,12737,21314,14145,8581,38275,12802,38405,8386,5-3-2,26,10,1,15,7,4,110912,4,539,31,6,5,24,0,24,13,3
0.3499999940395355,0.3499999940395355,0.5,0.6499999761581421,5.0,0.15000000596046448,0.3499999940395355,0.8999999761581421,0.3499999940395355,0.10000000149011612,0.8700000047683716,0.15000000596046448,0.10000000149011612,0.6000000238418579,0.5,0.6000000238418579,1.0,0.5,4.0,0.6499999761581421,0.019999999552965164,0.8999999761581421,0.2199999988079071,0.6700000166893005,0.2199999988079071,4161,17025,25794,8450,25602,12802,8386,38213,12737,29570,17155,4-2-3-1,25,11,2,16,9,14,110915,4,540,4,7,6,3,0,18,12,3
0.3499999940395355,0.5,0.10000000149011612,0.5,3.0,0.17499999701976776,0.5,0.10000000149011612,0.30000001192092896,0.8999999761581421,0.800000011920929,0.15000000596046448,0.8999999761581421,0.5600000023841858,0.5,0.800000011920929,3.0,0.5,4.0,0.6499999761581421,0.019999999552965164,0.699999988079071,0.5600000023841858,0.8500000238418579,0.15000000596046448,4161,21314,33794,25729,25729,12737,12802,33794,12737,38405,21314,3-4-3,27,15,4,23,13,0,110953,5,541,25,12,6,2,0,25,16,4
0.6499999761581421,0.33000001311302185,0.4000000059604645,0.6499999761581421,4.0,0.15000000596046448,0.5,0.3499999940395355,0.3499999940395355,0.5,0.8700000047683716,0.15000000596046448,0.10000000149011612,0.5,0.5,0.6700000166893005,2.5,0.6000000238418579,3.5,0.5,0.019999999552965164,0.8999999761581421,0.2199999988079071,0.8700000047683716,0.2199999988079071,4161,21314,29957,8581,21381,12737,9987,38405,12737,38405,17089,4-1-2-1-2,26,13,2,18,10,11,110955,4,542,15,7,6,9,0,24,15,3
0.3499999940395355,0.3499999940395355,0.5,0.6499999761581421,5.0,0.15000000596046448,0.3499999940395355,0.8999999761581421,0.3499999940395355,0.10000000149011612,0.8700000047683716,0.15000000596046448,0.10000000149011612,0.6000000238418579,0.5,0.6000000238418579,1.0,0.5,4.0,0.6499999761581421,0.019999999552965164,0.8999999761581421,0.2199999988079071,0.6700000166893005,0.2199999988079071,4161,17155,25667,8386,25602,12737,8386,38405,12737,29634,17089,4-2-3-1,25,11,2,16,9,14,110967,4,543,4,7,6,3,0,18,12,3
0.8999999761581421,0.33000001311302185,0.5,0.6499999761581421,4.5,0.15000000596046448,0.6000000238418579,0.6499999761581421,0.3499999940395355,0.3499999940395355,0.8500000238418579,0.15000000596046448,0.10000000149011612,0.5,0.5,0.5,1.0,0.10000000149011612,4.5,0.5,0.019999999552965164,0.8999999761581421,0.2199999988079071,0.6000000238418579,0.2199999988079071,5827,25667,21442,8385,21384,12737,8386,38405,12802,25602,17089,4-1-4-1,25,12,2,15,10,15,110968,4,544,2,7,6,31,0,16,13,3
0.6499999761581421,0.33000001311302185,0.10000000149011612,0.6499999761581421,4.0,0.15000000596046448,0.5,0.3499999940395355,0.3499999940395355,0.8999999761581421,0.800000011920929,0.15000000596046448,0.10000000149011612,0.5,0.5,0.800000011920929,3.0,0.5,3.0,0.5,0.019999999552965164,0.8999999761581421,0.2199999988079071,0.8500000238418579,0.2199999988079071,4161,21251,33794,8450,21442,12737,8385,33986,12737,38341,17025,4-3-3,27,13,3,23,10,6,110975,4,545,9,7,6,7,0,25,15,3
0.3499999940395355,0.3499999940395355,0.5,0.6499999761581421,5.0,0.15000000596046448,0.3499999940395355,0.8999999761581421,0.3499999940395355,0.10000000149011612,0.8700000047683716,0.15000000596046448,0.10000000149011612,0.6000000238418579,0.5,0.6000000238418579,1.0,0.5,4.0,0.6499999761581421,0.019999999552965164,0.8999999761581421,0.2199999988079071,0.6700000166893005,0.2199999988079071,4161,17089,25602,8513,25602,12737,8450,38405,12737,29957,18306,4-2-3-1,25,11,2,16,9,14,110981,4,546,4,7,6,3,0,18,12,3
0.8999999761581421,0.33000001311302185,0.5,0.6499999761581421,4.5,0.15000000596046448,0.6000000238418579,0.6499999761581421,0.3499999940395355,0.3499999940395355,0.8500000238418579,0.15000000596046448,0.10000000149011612,0.5,0.5,0.5,1.0,0.10000000149011612,4.5,0.5,0.019999999552965164,0.8999999761581421,0.2199999988079071,0.6000000238418579,0.2199999988079071,4161,25602,21381,8450,21185,12737,8386,38405,12737,25605,17089,4-1-4-1,25,12,2,15,10,15,110982,4,547,2,7,6,31,0,16,13,3
0.6499999761581421,0.5600000023841858,0.4000000059604645,0.5,3.5,0.17499999701976776,0.5,0.3499999940395355,0.30000001192092896,0.10000000149011612,0.8500000238418579,0.15000000596046448,0.5,0.5,0.5,0.5600000023841858,2.0,0.6000000238418579,4.5,0.8999999761581421,0.019999999552965164,0.699999988079071,0.3499999940395355,0.8500000238418579,0.15000000596046448,5827,21185,25602,17089,21314,12737,12737,38405,12865,38405,25794,3-1-4-2,26,13,3,16,12,1,110986,5,548,22,10,6,28,0,24,15,4
0.3499999940395355,0.5,0.10000000149011612,0.6499999761581421,4.0,0.15000000596046448,0.5,0.5,0.3499999940395355,0.8999999761581421,0.800000011920929,0.15000000596046448,0.10000000149011612,0.6700000166893005,0.5,0.800000011920929,3.0,0.5,3.0,0.6499999761581421,0.019999999552965164,0.8999999761581421,0.2199999988079071,0.8700000047683716,0.2199999988079071,4161,21314,33794,8386,29570,12737,8386,33859,12802,38405,21185,4-3-3,27,15,3,23,13,6,110989,4,549,11,7,6,4,0,25,18,3
0.3499999940395355,0.5,0.5,0.5,3.0,0.17499999701976776,0.5,0.10000000149011612,0.30000001192092896,0.75,0.8700000047683716,0.15000000596046448,0.8999999761581421,0.5600000023841858,0.5,0.699999988079071,2.0,0.25,5.0,0.6499999761581421,0.019999999552965164,0.699999988079071,0.5600000023841858,0.699999988079071,0.15000000596046448,4161,21251,29634,25602,25602,12737,12737,38405,12737,29957,21185,3-4-2-1,25,15,3,17,13,19,110991,5,550,24,12,6,21,0,19,16,4
0.3499999940395355,0.3499999940395355,0.5,0.6499999761581421,5.0,0.15000000596046448,0.3499999940395355,0.8999999761581421,0.3499999940395355,0.10000000149011612,0.8700000047683716,0.15000000596046448,0.10000000149011612,0.6000000238418579,0.5,0.6000000238418579,1.0,0.5,4.0,0.6499999761581421,0.019999999552965164,0.8999999761581421,0.2199999988079071,0.6700000166893005,0.2199999988079071,4161,17089,25667,8450,25602,12737,8450,38405,12865,29570,17089,4-2-3-1,25,11,2,16,9,14,111008,4,551,4,7,6,3,0,18,12,3
0.3499999940395355,0.5,0.10000000149011612,0.6499999761581421,4.0,0.15000000596046448,0.5,0.5,0.3499999940395355,0.8999999761581421,0.800000011920929,0.15000000596046448,0.10000000149011612,0.6700000166893005,0.5,0.800000011920929,3.0,0.5,3.0,0.6499999761581421,0.019999999552965164,0.8999999761581421,0.2199999988079071,0.8700000047683716,0.2199999988079071,4161,21314,33794,8386,29957,12737,8513,33986,12737,38405,21185,4-3-3,27,15,3,23,13,6,111011,4,552,11,7,6,4,0,25,18,3
0.6499999761581421,0.33000001311302185,0.10000000149011612,0.6499999761581421,4.0,0.15000000596046448,0.5,0.3499999940395355,0.3499999940395355,0.8999999761581421,0.800000011920929,0.15000000596046448,0.10000000149011612,0.5,0.5,0.800000011920929,3.0,0.5,3.0,0.5,0.019999999552965164,0.8999999761581421,0.2199999988079071,0.8500000238418579,0.2199999988079071,4161,21381,33859,8386,21314,12737,8386,33986,12737,38405,17089,4-3-3,27,13,3,23,10,6,111012,4,553,9,7,6,7,0,25,15,3
0.6499999761581421,0.33000001311302185,0.10000000149011612,0.6499999761581421,4.0,0.15000000596046448,0.5,0.3499999940395355,0.3499999940395355,0.8999999761581421,0.800000011920929,0.15000000596046448,0.10000000149011612,0.5,0.5,0.800000011920929,3.0,0.5,3.0,0.5,0.019999999552965164,0.8999999761581421,0.2199999988079071,0.8500000238418579,0.2199999988079071,4226,21314,33986,8386,21251,12737,8450,33794,12737,38405,17089,4-3-3,27,13,3,23,10,6,111013,4,554,9,7,6,7,0,25,15,3
0.6499999761581421,0.5600000023841858,0.4000000059604645,0.5,3.5,0.17499999701976776,0.5,0.3499999940395355,0.30000001192092896,0.10000000149011612,0.8500000238418579,0.15000000596046448,0.5,0.5,0.5,0.5600000023841858,2.0,0.6000000238418579,4.5,0.8999999761581421,0.019999999552965164,0.699999988079071,0.3499999940395355,0.8500000238418579,0.15000000596046448,4161,21442,25794,17025,21381,12737,12737,38275,12737,38213,25602,3-1-4-2,26,13,3,16,12,1,111014,5,555,22,10,6,28,0,24,15,4
0.3499999940395355,0.3499999940395355,0.5,0.6499999761581421,5.0,0.15000000596046448,0.3499999940395355,0.8999999761581421,0.3499999940395355,0.10000000149011612,0.8700000047683716,0.15000000596046448,0.10000000149011612,0.6000000238418579,0.5,0.6000000238418579,1.0,0.5,4.0,0.6499999761581421,0.019999999552965164,0.8999999761581421,0.2199999988079071,0.6700000166893005,0.2199999988079071,4161,17089,25602,8386,25667,12802,8386,38405,12737,29570,17155,4-2-3-1,25,11,2,16,9,14,111019,4,556,4,7,6,3,0,18,12,3
0.3499999940395355,0.3499999940395355,0.5,0.6499999761581421,5.0,0.15000000596046448,0.3499999940395355,0.8999999761581421,0.3499999940395355,0.10000000149011612,0.8700000047683716,0.15000000596046448,0.10000000149011612,0.6000000238418579,0.5,0.6000000238418579,1.0,0.5,4.0,0.6499999761581421,0.019999999552965164,0.8999999761581421,0.2199999988079071,0.6700000166893005,0.2199999988079071,4161,17089,25602,9987,25602,12802,8450,38405,12737,29570,17089,4-2-3-1,25,11,2,16,9,14,111020,4,557,4,7,6,3,0,18,12,3
0.3499999940395355,0.3499999940395355,0.5,0.6499999761581421,5.0,0.15000000596046448,0.3499999940395355,0.8999999761581421,0.3499999940395355,0.10000000149011612,0.8700000047683716,0.15000000596046448,0.10000000149011612,0.6000000238418579,0.5,0.6000000238418579,1.0,0.5,4.0,0.6499999761581421,0.019999999552965164,0.8999999761581421,0.2199999988079071,0.6700000166893005,0.2199999988079071,4161,17160,25605,8386,25729,12737,8386,38405,12737,29957,17089,4-2-3-1,25,11,2,16,9,14,111022,4,558,4,7,6,3,0,18,12,3
0.3499999940395355,0.5,0.10000000149011612,0.5,3.0,0.17499999701976776,0.5,0.10000000149011612,0.30000001192092896,0.8999999761581421,0.800000011920929,0.15000000596046448,0.8999999761581421,0.5600000023841858,0.5,0.800000011920929,3.0,0.5,4.0,0.6499999761581421,0.019999999552965164,0.699999988079071,0.5600000023841858,0.8500000238418579,0.15000000596046448,4161,21314,33794,25794,25602,12737,12865,33794,12865,38405,21314,3-4-3,27,15,4,23,13,0,111065,5,559,25,12,6,2,0,25,16,4
0.3499999940395355,0.5,0.5,0.5,3.0,0.17499999701976776,0.5,0.10000000149011612,0.30000001192092896,0.75,0.8700000047683716,0.15000000596046448,0.8999999761581421,0.5600000023841858,0.5,0.699999988079071,2.0,0.25,5.0,0.6499999761581421,0.019999999552965164,0.699999988079071,0.5600000023841858,0.699999988079071,0.15000000596046448,4161,21185,29957,25729,25729,12737,12737,38405,12737,29570,21314,3-4-2-1,25,15,3,17,13,19,111082,5,560,24,12,6,21,0,19,16,4
0.3499999940395355,0.5,0.10000000149011612,0.5,3.0,0.17499999701976776,0.5,0.10000000149011612,0.30000001192092896,0.8999999761581421,0.800000011920929,0.15000000596046448,0.8999999761581421,0.5600000023841858,0.5,0.800000011920929,3.0,0.5,4.0,0.6499999761581421,0.019999999552965164,0.699999988079071,0.5600000023841858,0.8500000238418579,0.15000000596046448,4161,21314,33986,25729,25729,12737,12737,33794,12737,38405,21381,3-4-3,27,15,4,23,13,0,111083,5,561,25,12,6,2,0,25,16,4
0.3499999940395355,0.3499999940395355,0.5,0.6499999761581421,5.0,0.15000000596046448,0.3499999940395355,0.8999999761581421,0.3499999940395355,0.10000000149011612,0.8700000047683716,0.15000000596046448,0.10000000149011612,0.6000000238418579,0.5,0.6000000238418579,1.0,0.5,4.0,0.6499999761581421,0.019999999552965164,0.8999999761581421,0.2199999988079071,0.6700000166893005,0.2199999988079071,5827,17089,25602,8450,25602,12737,9987,38405,12737,29957,17155,4-2-3-1,25,11,2,16,9,14,111086,4,562,4,7,6,3,0,18,12,3
0.8999999761581421,0.33000001311302185,0.5,0.6499999761581421,4.5,0.15000000596046448,0.6000000238418579,0.6499999761581421,0.3499999940395355,0.3499999940395355,0.8500000238418579,0.15000000596046448,0.10000000149011612,0.5,0.5,0.5,1.0,0.10000000149011612,4.5,0.5,0.019999999552965164,0.8999999761581421,0.2199999988079071,0.6000000238418579,0.2199999988079071,4226,25602,21251,8450,21381,12737,8450,38405,12737,25602,17089,4-1-4-1,25,12,2,15,10,15,111088,4,563,2,7,6,31,0,16,13,3
0.3499999940395355,0.3499999940395355,0.5,0.6499999761581421,5.0,0.15000000596046448,0.3499999940395355,0.8999999761581421,0.3499999940395355,0.10000000149011612,0.8700000047683716,0.15000000596046448,0.10000000149011612,0.6000000238418579,0.5,0.6000000238418579,1.0,0.5,4.0,0.6499999761581421,0.019999999552965164,0.8999999761581421,0.2199999988079071,0.6700000166893005,0.2199999988079071,4226,17155,25602,8450,25602,12738,8450,38213,12737,29570,17155,4-2-3-1,25,11,2,16,9,14,111091,4,564,4,7,6,3,0,18,12,3
0.8999999761581421,0.33000001311302185,0.5,0.6499999761581421,4.5,0.15000000596046448,0.6000000238418579,0.6499999761581421,0.3499999940395355,0.3499999940395355,0.8500000238418579,0.15000000596046448,0.10000000149011612,0.5,0.5,0.5,1.0,0.10000000149011612,4.5,0.5,0.019999999552965164,0.8999999761581421,0.2199999988079071,0.6000000238418579,0.2199999988079071,5827,25602,21251,8450,21251,12737,8450,38405,12737,25602,17155,4-1-4-1,25,12,2,15,10,15,111097,4,565,2,7,6,31,0,16,13,3
0.3499999940395355,0.3499999940395355,0.5,0.6499999761581421,5.0,0.15000000596046448,0.3499999940395355,0.8999999761581421,0.3499999940395355,0.10000000149011612,0.8700000047683716,0.15000000596046448,0.10000000149011612,0.6000000238418579,0.5,0.6000000238418579,1.0,0.5,4.0,0.6499999761581421,0.019999999552965164,0.8999999761581421,0.2199999988079071,0.6700000166893005,0.2199999988079071,4161,17089,25667,8386,25667,12865,8386,38405,12802,29570,17155,4-2-3-1,25,11,2,16,9,14,111099,4,566,4,7,6,3,0,18,12,3
0.3499999940395355,0.3499999940395355,0.5,0.6499999761581421,5.0,0.15000000596046448,0.3499999940395355,0.8999999761581421,0.3499999940395355,0.10000000149011612,0.8700000047683716,0.15000000596046448,0.10000000149011612,0.6000000238418579,0.5,0.6000000238418579,1.0,0.5,4.0,0.6499999761581421,0.019999999552965164,0.8999999761581421,0.2199999988079071,0.6700000166893005,0.2199999988079071,4161,17096,25794,8581,25794,12865,8450,38341,12865,29570,17155,4-2-3-1,25,11,2,16,9,14,111109,4,567,4,7,6,3,0,18,12,3
0.8999999761581421,0.33000001311302185,0.5,0.6499999761581421,4.5,0.15000000596046448,0.6000000238418579,0.6499999761581421,0.3499999940395355,0.3499999940395355,0.8500000238418579,0.15000000596046448,0.10000000149011612,0.5,0.5,0.5,1.0,0.10000000149011612,4.5,0.5,0.019999999552965164,0.8999999761581421,0.2199999988079071,0.6000000238418579,0.2199999988079071,4161,25602,21314,8386,21314,12737,8581,38213,12802,25794,17089,4-1-4-1,25,12,2,15,10,15,111111,4,568,2,7,6,31,0,16,13,3
0.8999999761581421,0.33000001311302185,0.5,0.6499999761581421,4.5,0.15000000596046448,0.6000000238418579,0.6499999761581421,0.3499999940395355,0.3499999940395355,0.8500000238418579,0.15000000596046448,0.10000000149011612,0.5,0.5,0.5,1.0,0.10000000149011612,4.5,0.5,0.019999999552965164,0.8999999761581421,0.2199999988079071,0.6000000238418579,0.2199999988079071,4161,25794,21314,8450,21251,12737,8450,38275,12737,25602,17155,4-1-4-1,25,12,2,15,10,15,111112,4,569,2,7,6,31,0,16,13,3
0.6499999761581421,0.5600000023841858,0.5,0.6499999761581421,4.0,0.15000000596046448,0.5,0.5,0.3499999940395355,0.3499999940395355,0.8500000238418579,0.15000000596046448,0.10000000149011612,0.47999998927116394,0.5,0.5,1.0,0.10000000149011612,5.0,0.8999999761581421,0.019999999552965164,0.8999999761581421,0.2199999988079071,0.5600000023841858,0.2199999988079071,4161,21314,21314,8580,21251,12737,8580,38341,12737,25797,25602,4-5-1,25,13,2,15,12,15,111114,4,570,20,7,6,19,0,16,14,3
0.3499999940395355,0.3499999940395355,0.5,0.6499999761581421,5.0,0.15000000596046448,0.3499999940395355,0.8999999761581421,0.3499999940395355,0.10000000149011612,0.8700000047683716,0.15000000596046448,0.10000000149011612,0.6000000238418579,0.5,0.6000000238418579,1.0,0.5,4.0,0.6499999761581421,0.019999999552965164,0.8999999761581421,0.2199999988079071,0.6700000166893005,0.2199999988079071,4161,17155,25729,8450,25729,12737,8450,38405,12737,29570,17089,4-2-3-1,25,11,2,16,9,14,111115,4,571,4,7,6,3,0,18,12,3
0.6499999761581421,0.6000000238418579,0.4000000059604645,0.6499999761581421,4.0,0.15000000596046448,0.5,0.3499999940395355,0.3499999940395355,0.10000000149011612,0.8500000238418579,0.15000000596046448,0.10000000149011612,0.5,0.5,0.6000000238418579,2.0,0.6000000238418579,4.0,0.8999999761581421,0.019999999552965164,0.8999999761581421,0.2199999988079071,0.8500000238418579,0.2199999988079071,5827,21314,25794,8386,21314,12865,8450,38341,12737,38275,25794,4-4-2,26,13,2,16,12,10,111117,4,572,16,7,6,11,0,24,15,3
0.3499999940395355,0.5,0.10000000149011612,0.6499999761581421,4.0,0.15000000596046448,0.5,0.5,0.3499999940395355,0.8999999761581421,0.800000011920929,0.15000000596046448,0.10000000149011612,0.6700000166893005,0.5,0.800000011920929,3.0,0.5,3.0,0.6499999761581421,0.019999999552965164,0.8999999761581421,0.2199999988079071,0.8700000047683716,0.2199999988079071,5827,21251,33986,8386,29570,12737,8581,33794,12802,38275,21185,4-3-3,27,15,3,23,13,6,111130,4,573,11,7,6,4,0,25,18,3
0.3499999940395355,0.3499999940395355,0.5,0.6499999761581421,5.0,0.15000000596046448,0.3499999940395355,0.8999999761581421,0.3499999940395355,0.10000000149011612,0.8700000047683716,0.15000000596046448,0.10000000149011612,0.6000000238418579,0.5,0.6000000238418579,1.0,0.5,4.0,0.6499999761581421,0.019999999552965164,0.8999999761581421,0.2199999988079071,0.6700000166893005,0.2199999988079071,4161,17089,25602,8581,25602,12737,8386,38341,12737,29957,17089,4-2-3-1,25,11,2,16,9,14,111138,4,574,4,7,6,3,0,18,12,3
0.3499999940395355,0.3499999940395355,0.5,0.6499999761581421,5.0,0.15000000596046448,0.3499999940395355,0.8999999761581421,0.3499999940395355,0.10000000149011612,0.8700000047683716,0.15000000596046448,0.10000000149011612,0.6000000238418579,0.5,0.6000000238418579,1.0,0.5,4.0,0.6499999761581421,0.019999999552965164,0.8999999761581421,0.2199999988079071,0.6700000166893005,0.2199999988079071,4161,17089,25794,8386,25794,12737,8386,38213,12737,29571,17089,4-2-3-1,25,11,2,16,9,14,111139,4,575,4,7,6,3,0,18,12,3
0.3499999940395355,0.3499999940395355,0.5,0.6499999761581421,5.0,0.15000000596046448,0.3499999940395355,0.8999999761581421,0.3499999940395355,0.10000000149011612,0.8700000047683716,0.15000000596046448,0.10000000149011612,0.6000000238418579,0.5,0.6000000238418579,1.0,0.5,4.0,0.6499999761581421,0.019999999552965164,0.8999999761581421,0.2199999988079071,0.6700000166893005,0.2199999988079071,4161,17155,25602,8386,25667,12737,8450,38341,12865,29634,17089,4-2-3-1,25,11,2,16,9,14,111140,4,576,4,7,6,3,0,18,12,3
0.3499999940395355,0.3499999940395355,0.5,0.6499999761581421,5.0,0.15000000596046448,0.3499999940395355,0.8999999761581421,0.3499999940395355,0.10000000149011612,0.8700000047683716,0.15000000596046448,0.10000000149011612,0.6000000238418579,0.5,0.6000000238418579,1.0,0.5,4.0,0.6499999761581421,0.019999999552965164,0.8999999761581421,0.2199999988079071,0.6700000166893005,0.2199999988079071,4161,17155,25602,8386,25602,12865,8386,38341,12737,29957,17089,4-2-3-1,25,11,2,16,9,14,111144,4,577,4,7,6,3,0,18,12,3
0.8999999761581421,0.33000001311302185,0.4000000059604645,0.6499999761581421,4.0,0.15000000596046448,0.5600000023841858,0.10000000149011612,0.3499999940395355,0.5,0.8700000047683716,0.15000000596046448,0.10000000149011612,0.5600000023841858,0.5,0.6700000166893005,2.5,0.6000000238418579,3.5,0.5,0.019999999552965164,0.8999999761581421,0.2199999988079071,0.8700000047683716,0.2199999988079071,4161,25602,29570,8386,25602,12737,8386,38405,12737,38405,17089,4-1-2-1-2,26,12,2,18,10,11,111205,4,578,14,7,6,10,0,24,16,3
0.8999999761581421,0.33000001311302185,0.5,0.6499999761581421,4.5,0.15000000596046448,0.6000000238418579,0.6499999761581421,0.3499999940395355,0.3499999940395355,0.8500000238418579,0.15000000596046448,0.10000000149011612,0.5,0.5,0.5,1.0,0.10000000149011612,4.5,0.5,0.019999999552965164,0.8999999761581421,0.2199999988079071,0.6000000238418579,0.2199999988079071,5827,25797,21251,8385,21319,12802,8580,38213,12737,25605,17089,4-1-4-1,25,12,2,15,10,15,111235,4,579,2,7,6,31,0,16,13,3
0.3499999940395355,0.5,0.5,0.5,3.0,0.17499999701976776,0.5,0.10000000149011612,0.30000001192092896,0.75,0.8700000047683716,0.15000000596046448,0.8999999761581421,0.5600000023841858,0.5,0.699999988079071,2.0,0.25,5.0,0.6499999761581421,0.019999999552965164,0.699999988079071,0.5600000023841858,0.699999988079071,0.15000000596046448,4161,21384,29570,25794,25729,12737,12737,38405,12737,29570,21249,3-4-2-1,25,15,3,17,13,19,111239,5,580,24,12,6,21,0,19,16,4
0.6499999761581421,0.5600000023841858,0.4000000059604645,0.5,3.5,0.17499999701976776,0.5,0.3499999940395355,0.30000001192092896,0.10000000149011612,0.8500000238418579,0.15000000596046448,0.5,0.5,0.5,0.5600000023841858,2.0,0.6000000238418579,4.5,0.8999999761581421,0.019999999552965164,0.699999988079071,0.3499999940395355,0.8500000238418579,0.15000000596046448,4161,21314,25794,17089,21381,12737,14148,38275,12865,38405,25729,3-1-4-2,26,13,3,16,12,1,111273,5,581,22,10,6,28,0,24,15,4
0.8999999761581421,0.33000001311302185,0.5,0.6499999761581421,4.5,0.15000000596046448,0.6000000238418579,0.6499999761581421,0.3499999940395355,0.3499999940395355,0.8500000238418579,0.15000000596046448,0.10000000149011612,0.5,0.5,0.5,1.0,0.10000000149011612,4.5,0.5,0.019999999552965164,0.8999999761581421,0.2199999988079071,0.6000000238418579,0.2199999988079071,5827,25602,21314,8450,21314,12737,8386,38275,12737,25602,17089,4-1-4-1,25,12,2,15,10,15,111276,4,582,2,7,6,31,0,16,13,3
0.8999999761581421,0.33000001311302185,0.5,0.6499999761581421,4.5,0.15000000596046448,0.6000000238418579,0.6499999761581421,0.3499999940395355,0.3499999940395355,0.8500000238418579,0.15000000596046448,0.10000000149011612,0.5,0.5,0.5,1.0,0.10000000149011612,4.5,0.5,0.019999999552965164,0.8999999761581421,0.2199999988079071,0.6000000238418579,0.2199999988079071,4162,25794,21314,9987,21251,12738,8581,38405,12737,25605,17089,4-1-4-1,25,12,2,15,10,15,111325,4,583,2,7,6,31,0,16,13,3
0.8999999761581421,0.33000001311302185,0.5,0.6499999761581421,4.5,0.15000000596046448,0.6000000238418579,0.6499999761581421,0.3499999940395355,0.3499999940395355,0.8500000238418579,0.15000000596046448,0.10000000149011612,0.5,0.5,0.5,1.0,0.10000000149011612,4.5,0.5,0.019999999552965164,0.8999999761581421,0.2199999988079071,0.6000000238418579,0.2199999988079071,4226,25602,21314,8386,21314,12737,8386,38405,12865,25602,17155,4-1-4-1,25,12,2,15,10,15,111328,4,584,2,7,6,31,0,16,13,3
0.3499999940395355,0.3499999940395355,0.5,0.6499999761581421,5.0,0.15000000596046448,0.3499999940395355,0.8999999761581421,0.3499999940395355,0.10000000149011612,0.8700000047683716,0.15000000596046448,0.10000000149011612,0.6000000238418579,0.5,0.6000000238418579,1.0,0.5,4.0,0.6499999761581421,0.019999999552965164,0.8999999761581421,0.2199999988079071,0.6700000166893005,0.2199999988079071,4161,17155,25729,8450,25794,14145,8581,38341,12737,29634,17025,4-2-3-1,25,11,2,16,9,14,111339,4,585,4,7,6,3,0,18,12,3
0.8999999761581421,0.33000001311302185,0.5,0.6499999761581421,4.5,0.15000000596046448,0.6000000238418579,0.6499999761581421,0.3499999940395355,0.3499999940395355,0.8500000238418579,0.15000000596046448,0.10000000149011612,0.5,0.5,0.5,1.0,0.10000000149011612,4.5,0.5,0.019999999552965164,0.8999999761581421,0.2199999988079071,0.6000000238418579,0.2199999988079071,5827,25602,21381,8386,21314,12737,8513,38341,12737,25602,17155,4-1-4-1,25,12,2,15,10,15,111393,4,586,2,7,6,31,0,16,13,3
0.6499999761581421,0.6000000238418579,0.4000000059604645,0.6499999761581421,4.0,0.15000000596046448,0.5,0.3499999940395355,0.3499999940395355,0.10000000149011612,0.8500000238418579,0.15000000596046448,0.10000000149011612,0.5,0.5,0.6000000238418579,2.0,0.6000000238418579,4.0,0.8999999761581421,0.019999999552965164,0.8999999761581421,0.2199999988079071,0.8500000238418579,0.2199999988079071,5827,21314,25602,8450,21314,12737,8513,38341,12865,38341,25729,4-4-2,26,13,2,16,12,10,111395,4,587,16,7,6,11,0,24,15,3
0.8999999761581421,0.33000001311302185,0.5,0.6499999761581421,4.5,0.15000000596046448,0.6000000238418579,0.6499999761581421,0.3499999940395355,0.3499999940395355,0.8500000238418579,0.15000000596046448,0.10000000149011612,0.5,0.5,0.5,1.0,0.10000000149011612,4.5,0.5,0.019999999552965164,0.8999999761581421,0.2199999988079071,0.6000000238418579,0.2199999988079071,4226,25602,21314,8450,21251,12737,8513,38405,12802,25602,17089,4-1-4-1,25,12,2,15,10,15,111396,4,588,2,7,6,31,0,16,13,3
0.3499999940395355,0.3499999940395355,0.5,0.6499999761581421,5.0,0.15000000596046448,0.3499999940395355,0.8999999761581421,0.3499999940395355,0.10000000149011612,0.8700000047683716,0.15000000596046448,0.10000000149011612,0.6000000238418579,0.5,0.6000000238418579,1.0,0.5,4.0,0.6499999761581421,0.019999999552965164,0.8999999761581421,0.2199999988079071,0.6700000166893005,0.2199999988079071,4161,17089,25602,8386,25667,12802,8513,38405,12865,29957,17155,4-2-3-1,25,11,2,16,9,14,111397,4,589,4,7,6,3,0,18,12,3
0.8999999761581421,0.33000001311302185,0.5,0.6499999761581421,4.5,0.15000000596046448,0.6000000238418579,0.6499999761581421,0.3499999940395355,0.3499999940395355,0.8500000238418579,0.15000000596046448,0.10000000149011612,0.5,0.5,0.5,1.0,0.10000000149011612,4.5,0.5,0.019999999552965164,0.8999999761581421,0.2199999988079071,0.6000000238418579,0.2199999988079071,5827,25794,21314,8450,21251,12737,9987,38341,12865,25794,17155,4-1-4-1,25,12,2,15,10,15,111398,4,590,2,7,6,31,0,16,13,3
0.6499999761581421,0.6000000238418579,0.4000000059604645,0.6499999761581421,4.0,0.15000000596046448,0.5,0.3499999940395355,0.3499999940395355,0.10000000149011612,0.8500000238418579,0.15000000596046448,0.10000000149011612,0.5,0.5,0.6000000238418579,2.0,0.6000000238418579,4.0,0.8999999761581421,0.019999999552965164,0.8999999761581421,0.2199999988079071,0.8500000238418579,0.2199999988079071,5827,21185,25602,8450,21251,12737,8386,38275,12737,38405,25729,4-4-2,26,13,2,16,12,10,111399,4,591,16,7,6,11,0,24,15,3
0.3499999940395355,0.3499999940395355,0.5,0.6499999761581421,5.0,0.15000000596046448,0.3499999940395355,0.8999999761581421,0.3499999940395355,0.10000000149011612,0.8700000047683716,0.15000000596046448,0.10000000149011612,0.6000000238418579,0.5,0.6000000238418579,1.0,0.5,4.0,0.6499999761581421,0.019999999552965164,0.8999999761581421,0.2199999988079071,0.6700000166893005,0.2199999988079071,5827,17025,25602,8581,25794,12737,9987,38213,14145,29570,17089,4-2-3-1,25,11,2,16,9,14,111400,4,592,4,7,6,3,0,18,12,3
0.3499999940395355,0.5,0.5,0.5,3.0,0.17499999701976776,0.5,0.10000000149011612,0.30000001192092896,0.75,0.8700000047683716,0.15000000596046448,0.8999999761581421,0.5600000023841858,0.5,0.699999988079071,2.0,0.25,5.0,0.6499999761581421,0.019999999552965164,0.699999988079071,0.5600000023841858,0.699999988079071,0.15000000596046448,4161,21314,29634,25729,25729,12802,14145,38341,14145,29634,21314,3-4-2-1,25,15,3,17,13,19,111433,5,593,24,12,6,21,0,19,16,4
0.6499999761581421,0.6000000238418579,0.4000000059604645,0.6499999761581421,4.0,0.15000000596046448,0.5,0.3499999940395355,0.3499999940395355,0.10000000149011612,0.8500000238418579,0.15000000596046448,0.10000000149011612,0.5,0.5,0.6000000238418579,2.0,0.6000000238418579,4.0,0.8999999761581421,0.019999999552965164,0.8999999761581421,0.2199999988079071,0.8500000238418579,0.2199999988079071,5827,21185,25794,8450,21314,12865,8386,38405,12737,38275,25729,4-4-2,26,13,2,16,12,10,111434,4,594,16,7,6,11,0,24,15,3
0.3499999940395355,0.3499999940395355,0.4000000059604645,0.6499999761581421,4.0,0.15000000596046448,0.3499999940395355,0.8999999761581421,0.3499999940395355,0.10000000149011612,0.8500000238418579,0.15000000596046448,0.10000000149011612,0.5600000023841858,0.5,0.5600000023841858,2.0,0.6000000238418579,4.0,0.6499999761581421,0.019999999552965164,0.8999999761581421,0.2199999988079071,0.8500000238418579,0.2199999988079071,4161,17155,25729,8386,25602,12737,8450,38405,12737,38405,17089,4-4-2,26,11,2,16,9,10,111448,4,595,17,7,6,12,0,24,12,3
0.6499999761581421,0.6000000238418579,0.4000000059604645,0.6499999761581421,4.0,0.15000000596046448,0.5,0.3499999940395355,0.3499999940395355,0.10000000149011612,0.8500000238418579,0.15000000596046448,0.10000000149011612,0.5,0.5,0.6000000238418579,2.0,0.6000000238418579,4.0,0.8999999761581421,0.019999999552965164,0.8999999761581421,0.2199999988079071,0.8500000238418579,0.2199999988079071,5827,21314,25667,8581,21185,12802,8581,38213,12802,38405,25602,4-4-2,26,13,2,16,12,10,111455,4,596,16,7,6,11,0,24,15,3
0.3499999940395355,0.3499999940395355,0.5,0.6499999761581421,5.0,0.15000000596046448,0.3499999940395355,0.8999999761581421,0.3499999940395355,0.10000000149011612,0.8700000047683716,0.15000000596046448,0.10000000149011612,0.6000000238418579,0.5,0.6000000238418579,1.0,0.5,4.0,0.6499999761581421,0.019999999552965164,0.8999999761581421,0.2199999988079071,0.6700000166893005,0.2199999988079071,4161,17089,25729,8386,25729,12737,8386,38213,12737,29570,17089,4-2-3-1,25,11,2,16,9,14,111456,4,597,4,7,6,3,0,18,12,3
0.3499999940395355,0.5,0.10000000149011612,0.6499999761581421,4.0,0.15000000596046448,0.5,0.5,0.3499999940395355,0.8999999761581421,0.800000011920929,0.15000000596046448,0.10000000149011612,0.6700000166893005,0.5,0.800000011920929,3.0,0.5,3.0,0.6499999761581421,0.019999999552965164,0.8999999761581421,0.2199999988079071,0.8700000047683716,0.2199999988079071,4161,21185,33986,8450,29634,12737,9987,33794,12737,38341,21251,4-3-3,27,15,3,23,13,6,111462,4,598,11,7,6,4,0,25,18,3
0.3499999940395355,0.3499999940395355,0.5,0.6499999761581421,5.0,0.15000000596046448,0.3499999940395355,0.8999999761581421,0.3499999940395355,0.10000000149011612,0.8700000047683716,0.15000000596046448,0.10000000149011612,0.6000000238418579,0.5,0.6000000238418579,1.0,0.5,4.0,0.6499999761581421,0.019999999552965164,0.8999999761581421,0.2199999988079071,0.6700000166893005,0.2199999988079071,4161,17089,25602,8450,25794,12737,9987,38405,12865,29640,17155,4-2-3-1,25,11,2,16,9,14,111465,4,599,4,7,6,3,0,18,12,3
0.3499999940395355,0.3499999940395355,0.5,0.6499999761581421,5.0,0.15000000596046448,0.3499999940395355,0.8999999761581421,0.3499999940395355,0.10000000149011612,0.8700000047683716,0.15000000596046448,0.10000000149011612,0.6000000238418579,0.5,0.6000000238418579,1.0,0.5,4.0,0.6499999761581421,0.019999999552965164,0.8999999761581421,0.2199999988079071,0.6700000166893005,0.2199999988079071,4226,17089,25602,8450,25794,12737,8581,38213,12802,29570,18306,4-2-3-1,25,11,2,16,9,14,111473,4,600,4,7,6,3,0,18,12,3
0.8999999761581421,0.2199999988079071,0.5,0.699999988079071,5.0,0.15000000596046448,0.6000000238418579,0.6499999761581421,0.5,0.3499999940395355,0.8500000238418579,0.17499999701976776,0.30000001192092896,0.5,0.5,0.5,1.0,0.10000000149011612,4.0,0.10000000149011612,0.019999999552965164,0.8999999761581421,0.15000000596046448,0.6000000238418579,0.2199999988079071,4161,25729,21381,12802,21185,12737,8581,38405,12737,25602,8386,5-4-1,25,12,0,15,7,5,111475,4,601,33,6,5,14,0,16,13,3
0.3499999940395355,0.5,0.10000000149011612,0.5,3.0,0.17499999701976776,0.5,0.10000000149011612,0.30000001192092896,0.8999999761581421,0.800000011920929,0.15000000596046448,0.8999999761581421,0.5600000023841858,0.5,0.800000011920929,3.0,0.5,4.0,0.6499999761581421,0.019999999552965164,0.699999988079071,0.5600000023841858,0.8500000238418579,0.15000000596046448,4161,21314,33794,25602,25602,12865,12737,33794,12737,38213,21251,3-4-3,27,15,4,23,13,0,111485,5,602,25,12,6,2,0,25,16,4
0.3499999940395355,0.3499999940395355,0.5,0.6499999761581421,5.0,0.15000000596046448,0.3499999940395355,0.8999999761581421,0.3499999940395355,0.10000000149011612,0.8700000047683716,0.15000000596046448,0.10000000149011612,0.6000000238418579,0.5,0.6000000238418579,1.0,0.5,4.0,0.6499999761581421,0.019999999552965164,0.8999999761581421,0.2199999988079071,0.6700000166893005,0.2199999988079071,5827,17089,25602,8386,25602,12737,8450,38405,12802,29570,17089,4-2-3-1,25,11,2,16,9,14,111510,4,603,4,7,6,3,0,18,12,3
0.6499999761581421,0.6000000238418579,0.4000000059604645,0.6499999761581421,4.0,0.15000000596046448,0.5,0.3499999940395355,0.3499999940395355,0.10000000149011612,0.8500000238418579,0.15000000596046448,0.10000000149011612,0.5,0.5,0.6000000238418579,2.0,0.6000000238418579,4.0,0.8999999761581421,0.019999999552965164,0.8999999761581421,0.2199999988079071,0.8500000238418579,0.2199999988079071,4226,21251,25602,8386,21314,12737,8386,38341,12737,38213,25602,4-4-2,26,13,2,16,12,10,111512,4,604,16,7,6,11,0,24,15,3
0.6499999761581421,0.6000000238418579,0.4000000059604645,0.6499999761581421,4.0,0.15000000596046448,0.5,0.3499999940395355,0.3499999940395355,0.10000000149011612,0.8500000238418579,0.15000000596046448,0.10000000149011612,0.5,0.5,0.6000000238418579,2.0,0.6000000238418579,4.0,0.8999999761581421,0.019999999552965164,0.8999999761581421,0.2199999988079071,0.8500000238418579,0.2199999988079071,4161,21314,25602,8450,21314,12737,8450,38341,12737,38405,25602,4-4-2,26,13,2,16,12,10,111513,4,605,16,7,6,11,0,24,15,3
0.3499999940395355,0.3499999940395355,0.10000000149011612,0.6499999761581421,4.0,0.15000000596046448,0.3499999940395355,0.5,0.3499999940395355,0.8999999761581421,0.800000011920929,0.15000000596046448,0.10000000149011612,0.6700000166893005,0.5,0.800000011920929,3.0,0.5,3.0,0.6499999761581421,0.019999999552965164,0.8999999761581421,0.2199999988079071,0.8700000047683716,0.2199999988079071,4161,17155,33797,8513,29576,12737,8513,33989,12737,38405,17155,4-2-1-3,27,11,3,23,9,18,111527,4,606,36,7,6,27,0,25,18,3
0.6499999761581421,0.5600000023841858,0.5,0.6499999761581421,4.0,0.15000000596046448,0.5,0.3499999940395355,0.3499999940395355,0.10000000149011612,0.8700000047683716,0.15000000596046448,0.10000000149011612,0.5,0.5,0.5600000023841858,1.5,0.5,4.5,0.8999999761581421,0.019999999552965164,0.8999999761581421,0.2199999988079071,0.6700000166893005,0.2199999988079071,4161,21442,25602,8386,21314,12737,8450,38405,12802,29570,25602,4-4-1-1,25,13,2,16,12,14,111545,4,607,18,7,6,18,0,18,15,3
0.375,0.3499999940395355,0.5,0.625,5.0,0.10000000149011612,0.3499999940395355,0.675000011920929,0.375,0.5,0.925000011920929,0.10000000149011612,0.15000000596046448,0.6499999761581421,0.5,0.6499999761581421,1.0,0.32499998807907104,4.0,0.625,0.07500000298023224,0.8500000238418579,0.11249999701976776,0.6499999761581421,0.11249999701976776,4161,17089,29570,8386,29570,12737,8386,38405,12737,29570,17089,4-2-3-1,25,11,2,18,9,14,111592,4,608,3,7,6,16,0,19,17,3
0.6499999761581421,0.33000001311302185,0.10000000149011612,0.6499999761581421,4.0,0.15000000596046448,0.5,0.3499999940395355,0.3499999940395355,0.8999999761581421,0.800000011920929,0.15000000596046448,0.10000000149011612,0.5,0.5,0.800000011920929,3.0,0.5,3.0,0.5,0.019999999552965164,0.8999999761581421,0.2199999988079071,0.8500000238418579,0.2199999988079071,4161,21314,33861,8386,21442,12737,8450,33794,12865,38405,17089,4-3-3,27,13,3,23,10,6,111594,4,609,9,7,6,7,0,25,15,3
0.5,0.5,0.10000000149011612,0.6499999761581421,4.0,0.15000000596046448,0.47999998927116394,0.3499999940395355,0.3499999940395355,0.8999999761581421,0.800000011920929,0.15000000596046448,0.10000000149011612,0.5,0.5,0.800000011920929,3.0,0.5,3.0,0.6499999761581421,0.019999999552965164,0.8999999761581421,0.2199999988079071,0.8500000238418579,0.2199999988079071,4161,21314,33794,8386,21314,12737,8386,33794,12737,38405,21314,4-3-3,27,14,3,23,13,6,111596,4,610,8,7,6,17,0,25,15,3
0.5,0.5,0.10000000149011612,0.6499999761581421,4.0,0.15000000596046448,0.47999998927116394,0.3499999940395355,0.3499999940395355,0.8999999761581421,0.800000011920929,0.15000000596046448,0.10000000149011612,0.5,0.5,0.800000011920929,3.0,0.5,3.0,0.6499999761581421,0.019999999552965164,0.8999999761581421,0.2199999988079071,0.8500000238418579,0.2199999988079071,4161,21314,33794,8450,21445,12865,8450,33794,12865,38341,21381,4-3-3,27,14,3,23,13,6,111629,4,611,8,7,6,17,0,25,15,3
0.6499999761581421,0.6000000238418579,0.4000000059604645,0.6499999761581421,4.0,0.15000000596046448,0.5,0.3499999940395355,0.3499999940395355,0.10000000149011612,0.8500000238418579,0.15000000596046448,0.10000000149011612,0.5,0.5,0.6000000238418579,2.0,0.6000000238418579,4.0,0.8999999761581421,0.019999999552965164,0.8999999761581421,0.2199999988079071,0.8500000238418579,0.2199999988079071,4226,21381,25602,8386,21381,12865,8386,38405,12865,38405,25602,4-4-2,26,13,2,16,12,10,111633,4,612,16,7,6,11,0,24,15,3
0.3499999940395355,0.3499999940395355,0.5,0.6499999761581421,5.0,0.15000000596046448,0.3499999940395355,0.8999999761581421,0.3499999940395355,0.10000000149011612,0.8700000047683716,0.15000000596046448,0.10000000149011612,0.6000000238418579,0.5,0.6000000238418579,1.0,0.5,4.0,0.6499999761581421,0.019999999552965164,0.8999999761581421,0.2199999988079071,0.6700000166893005,0.2199999988079071,4161,17089,25602,8386,25794,12737,8513,38405,12737,29634,17089,4-2-3-1,25,11,2,16,9,14,111651,4,613,4,7,6,3,0,18,12,3
0.6499999761581421,0.33000001311302185,0.10000000149011612,0.6499999761581421,4.0,0.15000000596046448,0.5,0.3499999940395355,0.3499999940395355,0.8999999761581421,0.800000011920929,0.15000000596046448,0.10000000149011612,0.5,0.5,0.800000011920929,3.0,0.5,3.0,0.5,0.019999999552965164,0.8999999761581421,0.2199999988079071,0.8500000238418579,0.2199999988079071,4226,21314,33986,8450,21442,12737,8450,33986,12737,38405,17089,4-3-3,27,13,3,23,10,6,111657,4,614,9,7,6,7,0,25,15,3
0.5,0.2199999988079071,0.4000000059604645,0.699999988079071,5.0,0.15000000596046448,0.33000001311302185,0.6499999761581421,0.5,0.3499999940395355,0.8500000238418579,0.17499999701976776,0.30000001192092896,0.5,0.5,0.5,2.0,0.6000000238418579,3.0,0.10000000149011612,0.019999999552965164,0.8999999761581421,0.15000000596046448,0.8500000238418579,0.2199999988079071,4161,17089,21185,12737,21185,12737,8450,38341,12737,38341,8386,5-3-2,26,10,1,15,7,4,111659,4,615,31,6,5,24,0,24,13,3
0.3499999940395355,0.3499999940395355,0.5,0.6499999761581421,5.0,0.15000000596046448,0.3499999940395355,0.8999999761581421,0.3499999940395355,0.10000000149011612,0.8700000047683716,0.15000000596046448,0.10000000149011612,0.6000000238418579,0.5,0.6000000238418579,1.0,0.5,4.0,0.6499999761581421,0.019999999552965164,0.8999999761581421,0.2199999988079071,0.6700000166893005,0.2199999988079071,4161,17155,25602,8386,25602,12867,8386,38341,12865,29570,17985,4-2-3-1,25,11,2,16,9,14,111674,4,616,4,7,6,3,0,18,12,3
0.6499999761581421,0.2199999988079071,0.4000000059604645,0.699999988079071,6.0,0.15000000596046448,0.5,0.3499999940395355,0.5,0.5,0.8700000047683716,0.17499999701976776,0.30000001192092896,0.5,0.5,0.6700000166893005,2.0,0.6000000238418579,2.0,0.10000000149011612,0.019999999552965164,0.8999999761581421,0.15000000596046448,0.8700000047683716,0.2199999988079071,5827,21191,29576,12737,21442,12737,8450,38213,12737,38410,8386,5-2-1-2,26,13,1,18,7,4,111701,4,617,29,6,5,35,0,24,15,3
0.3499999940395355,0.3499999940395355,0.5,0.6499999761581421,5.0,0.15000000596046448,0.3499999940395355,0.8999999761581421,0.3499999940395355,0.10000000149011612,0.8700000047683716,0.15000000596046448,0.10000000149011612,0.6000000238418579,0.5,0.6000000238418579,1.0,0.5,4.0,0.6499999761581421,0.019999999552965164,0.8999999761581421,0.2199999988079071,0.6700000166893005,0.2199999988079071,4161,17089,25602,8450,25667,12865,8581,38405,12737,29570,17089,4-2-3-1,25,11,2,16,9,14,111705,4,618,4,7,6,3,0,18,12,3
0.6499999761581421,0.6000000238418579,0.4000000059604645,0.6499999761581421,4.0,0.15000000596046448,0.5,0.3499999940395355,0.3499999940395355,0.10000000149011612,0.8500000238418579,0.15000000596046448,0.10000000149011612,0.5,0.5,0.6000000238418579,2.0,0.6000000238418579,4.0,0.8999999761581421,0.019999999552965164,0.8999999761581421,0.2199999988079071,0.8500000238418579,0.2199999988079071,4161,21314,25667,8386,21314,12865,8450,38405,12737,38213,25602,4-4-2,26,13,2,16,12,10,111706,4,619,16,7,6,11,0,24,15,3
0.8999999761581421,0.33000001311302185,0.5,0.6499999761581421,4.5,0.15000000596046448,0.6000000238418579,0.6499999761581421,0.3499999940395355,0.3499999940395355,0.8500000238418579,0.15000000596046448,0.10000000149011612,0.5,0.5,0.5,1.0,0.10000000149011612,4.5,0.5,0.019999999552965164,0.8999999761581421,0.2199999988079071,0.6000000238418579,0.2199999988079071,4161,25667,21314,8386,21314,12802,8450,38210,12737,25602,17089,4-1-4-1,25,12,2,15,10,15,111707,4,620,2,7,6,31,0,16,13,3
0.3499999940395355,0.3499999940395355,0.5,0.6499999761581421,5.0,0.15000000596046448,0.3499999940395355,0.8999999761581421,0.3499999940395355,0.10000000149011612,0.8700000047683716,0.15000000596046448,0.10000000149011612,0.6000000238418579,0.5,0.6000000238418579,1.0,0.5,4.0,0.6499999761581421,0.019999999552965164,0.8999999761581421,0.2199999988079071,0.6700000166893005,0.2199999988079071,4161,17155,25729,8450,25602,12802,8386,38213,12737,29570,18306,4-2-3-1,25,11,2,16,9,14,111708,4,621,4,7,6,3,0,18,12,3
0.3499999940395355,0.3499999940395355,0.5,0.6499999761581421,5.0,0.15000000596046448,0.3499999940395355,0.8999999761581421,0.3499999940395355,0.10000000149011612,0.8700000047683716,0.15000000596046448,0.10000000149011612,0.6000000238418579,0.5,0.6000000238418579,1.0,0.5,4.0,0.6499999761581421,0.019999999552965164,0.8999999761581421,0.2199999988079071,0.6700000166893005,0.2199999988079071,4161,17155,25602,8386,25602,12802,8386,38405,12737,29957,17089,4-2-3-1,25,11,2,16,9,14,111710,4,622,4,7,6,3,0,18,12,3
0.6499999761581421,0.5600000023841858,0.5,0.6499999761581421,4.0,0.15000000596046448,0.5,0.3499999940395355,0.3499999940395355,0.10000000149011612,0.8700000047683716,0.15000000596046448,0.10000000149011612,0.5,0.5,0.5600000023841858,1.5,0.5,4.5,0.8999999761581421,0.019999999552965164,0.8999999761581421,0.2199999988079071,0.6700000166893005,0.2199999988079071,4161,21314,25602,8386,21185,12737,8386,38405,12865,29957,25602,4-4-1-1,25,13,2,16,12,14,111711,4,623,18,7,6,18,0,18,15,3
0.3499999940395355,0.3499999940395355,0.5,0.6499999761581421,5.0,0.15000000596046448,0.3499999940395355,0.8999999761581421,0.3499999940395355,0.10000000149011612,0.8700000047683716,0.15000000596046448,0.10000000149011612,0.6000000238418579,0.5,0.6000000238418579,1.0,0.5,4.0,0.6499999761581421,0.019999999552965164,0.8999999761581421,0.2199999988079071,0.6700000166893005,0.2199999988079071,4161,17089,25602,8450,25602,12802,8450,38405,12802,29570,17089,4-2-3-1,25,11,2,16,9,14,111713,4,624,4,7,6,3,0,18,12,3
0.6499999761581421,0.6000000238418579,0.4000000059604645,0.6499999761581421,4.0,0.15000000596046448,0.5,0.3499999940395355,0.3499999940395355,0.10000000149011612,0.8500000238418579,0.15000000596046448,0.10000000149011612,0.5,0.5,0.6000000238418579,2.0,0.6000000238418579,4.0,0.8999999761581421,0.019999999552965164,0.8999999761581421,0.2199999988079071,0.8500000238418579,0.2199999988079071,4161,21185,25729,8581,21314,12737,9987,38405,12865,38213,25602,4-4-2,26,13,2,16,12,10,111715,4,625,16,7,6,11,0,24,15,3
0.6499999761581421,0.6000000238418579,0.4000000059604645,0.6499999761581421,4.0,0.15000000596046448,0.5,0.3499999940395355,0.3499999940395355,0.10000000149011612,0.8500000238418579,0.15000000596046448,0.10000000149011612,0.5,0.5,0.6000000238418579,2.0,0.6000000238418579,4.0,0.8999999761581421,0.019999999552965164,0.8999999761581421,0.2199999988079071,0.8500000238418579,0.2199999988079071,4161,21314,25602,8386,21185,12865,8386,38405,12802,38213,25602,4-4-2,26,13,2,16,12,10,111716,4,626,16,7,6,11,0,24,15,3
0.3499999940395355,0.3499999940395355,0.5,0.6499999761581421,5.0,0.15000000596046448,0.3499999940395355,0.8999999761581421,0.3499999940395355,0.10000000149011612,0.8700000047683716,0.15000000596046448,0.10000000149011612,0.6000000238418579,0.5,0.6000000238418579,1.0,0.5,4.0,0.6499999761581421,0.019999999552965164,0.8999999761581421,0.2199999988079071,0.6700000166893005,0.2199999988079071,4161,17089,25794,8450,25602,12737,8386,38405,12802,29570,17089,4-2-3-1,25,11,2,16,9,14,111722,4,627,4,7,6,3,0,18,12,3
0.6499999761581421,0.6000000238418579,0.4000000059604645,0.6499999761581421,4.0,0.15000000596046448,0.5,0.3499999940395355,0.3499999940395355,0.10000000149011612,0.8500000238418579,0.15000000596046448,0.10000000149011612,0.5,0.5,0.6000000238418579,2.0,0.6000000238418579,4.0,0.8999999761581421,0.019999999552965164,0.8999999761581421,0.2199999988079071,0.8500000238418579,0.2199999988079071,4226,21314,25794,8581,21314,12737,8450,38405,12737,38275,25602,4-4-2,26,13,2,16,12,10,111724,4,628,16,7,6,11,0,24,15,3
0.6499999761581421,0.6000000238418579,0.4000000059604645,0.6499999761581421,4.0,0.15000000596046448,0.5,0.3499999940395355,0.3499999940395355,0.10000000149011612,0.8500000238418579,0.15000000596046448,0.10000000149011612,0.5,0.5,0.6000000238418579,2.0,0.6000000238418579,4.0,0.8999999761581421,0.019999999552965164,0.8999999761581421,0.2199999988079071,0.8500000238418579,0.2199999988079071,4226,21251,25602,8386,21442,12865,8581,38341,12737,38341,25794,4-4-2,26,13,2,16,12,10,111766,4,629,16,7,6,11,0,24,15,3
0.6499999761581421,0.5600000023841858,0.4000000059604645,0.5,3.5,0.17499999701976776,0.5,0.3499999940395355,0.30000001192092896,0.10000000149011612,0.8500000238418579,0.15000000596046448,0.5,0.5,0.5,0.5600000023841858,2.0,0.6000000238418579,4.5,0.8999999761581421,0.019999999552965164,0.699999988079071,0.3499999940395355,0.8500000238418579,0.15000000596046448,4161,21442,25794,17155,21381,12737,12865,38275,12737,38405,25602,3-1-4-2,26,13,3,16,12,1,111768,5,630,22,10,6,28,0,24,15,4
0.6499999761581421,0.2199999988079071,0.10000000149011612,0.699999988079071,6.0,0.15000000596046448,0.5,0.3499999940395355,0.5,0.8999999761581421,0.800000011920929,0.17499999701976776,0.30000001192092896,0.5,0.5,0.800000011920929,1.0,0.5,3.0,0.10000000149011612,0.019999999552965164,0.8999999761581421,0.15000000596046448,0.8500000238418579,0.2199999988079071,4161,21251,33794,12737,21314,12737,8386,33859,12802,38405,8386,5-2-3,27,13,1,23,7,3,111769,4,631,30,6,5,36,0,25,15,3
0.8999999761581421,0.2199999988079071,0.5,0.699999988079071,5.0,0.15000000596046448,0.6000000238418579,0.6499999761581421,0.5,0.3499999940395355,0.8500000238418579,0.17499999701976776,0.30000001192092896,0.5,0.5,0.5,1.0,0.10000000149011612,4.0,0.10000000149011612,0.019999999552965164,0.8999999761581421,0.15000000596046448,0.6000000238418579,0.2199999988079071,4161,25667,21314,12737,21185,12737,8450,38405,12737,25794,8450,5-4-1,25,12,0,15,7,5,111774,4,632,33,6,5,14,0,16,13,3
0.3499999940395355,0.3499999940395355,0.5,0.6499999761581421,5.0,0.15000000596046448,0.3499999940395355,0.8999999761581421,0.3499999940395355,0.10000000149011612,0.8700000047683716,0.15000000596046448,0.10000000149011612,0.6000000238418579,0.5,0.6000000238418579,1.0,0.5,4.0,0.6499999761581421,0.019999999552965164,0.8999999761581421,0.2199999988079071,0.6700000166893005,0.2199999988079071,4161,17089,25602,8450,25602,12865,8450,38405,12737,29570,17089,4-2-3-1,25,11,2,16,9,14,111779,4,633,4,7,6,3,0,18,12,3
0.3499999940395355,0.5,0.5,0.5,3.0,0.17499999701976776,0.5,0.10000000149011612,0.30000001192092896,0.75,0.8700000047683716,0.15000000596046448,0.8999999761581421,0.5600000023841858,0.5,0.699999988079071,2.0,0.25,5.0,0.6499999761581421,0.019999999552965164,0.699999988079071,0.5600000023841858,0.699999988079071,0.15000000596046448,5827,21251,29634,25794,25794,12802,12802,38275,14145,29570,21251,3-4-2-1,25,15,3,17,13,19,111811,5,634,24,12,6,21,0,19,16,4
0.3499999940395355,0.3499999940395355,0.5,0.6499999761581421,5.0,0.15000000596046448,0.3499999940395355,0.8999999761581421,0.3499999940395355,0.10000000149011612,0.8700000047683716,0.15000000596046448,0.10000000149011612,0.6000000238418579,0.5,0.6000000238418579,1.0,0.5,4.0,0.6499999761581421,0.019999999552965164,0.8999999761581421,0.2199999988079071,0.6700000166893005,0.2199999988079071,5827,18306,25602,8450,25794,12737,8450,38275,12737,29570,17155,4-2-3-1,25,11,2,16,9,14,111817,4,635,4,7,6,3,0,18,12,3
0.8999999761581421,0.3499999940395355,0.4000000059604645,0.5,3.0,0.17499999701976776,0.5600000023841858,0.10000000149011612,0.30000001192092896,0.5,0.8700000047683716,0.15000000596046448,0.6499999761581421,0.5600000023841858,0.5,0.6700000166893005,2.0,0.6000000238418579,5.0,0.3499999940395355,0.019999999552965164,0.699999988079071,0.3499999940395355,0.8700000047683716,0.15000000596046448,5827,25794,29634,17155,25729,12802,12865,38341,12865,38405,17089,3-5-2,26,12,3,18,11,1,111822,5,636,27,9,6,22,0,24,16,4
0.3499999940395355,0.3499999940395355,0.5,0.6499999761581421,5.0,0.15000000596046448,0.3499999940395355,0.8999999761581421,0.3499999940395355,0.10000000149011612,0.8700000047683716,0.15000000596046448,0.10000000149011612,0.6000000238418579,0.5,0.6000000238418579,1.0,0.5,4.0,0.6499999761581421,0.019999999552965164,0.8999999761581421,0.2199999988079071,0.6700000166893005,0.2199999988079071,4161,17089,25794,8386,25602,12737,8386,38213,12802,29570,17089,4-2-3-1,25,11,2,16,9,14,111928,4,637,4,7,6,3,0,18,12,3
0.6499999761581421,0.33000001311302185,0.10000000149011612,0.6499999761581421,4.0,0.15000000596046448,0.5,0.3499999940395355,0.3499999940395355,0.8999999761581421,0.800000011920929,0.15000000596046448,0.10000000149011612,0.5,0.5,0.800000011920929,3.0,0.5,3.0,0.5,0.019999999552965164,0.8999999761581421,0.2199999988079071,0.8500000238418579,0.2199999988079071,5827,21314,33859,8450,21314,12737,8386,33989,12737,38405,17155,4-3-3,27,13,3,23,10,6,111974,4,638,9,7,6,7,0,25,15,3
0.8999999761581421,0.33000001311302185,0.5,0.6499999761581421,4.5,0.15000000596046448,0.6000000238418579,0.6499999761581421,0.3499999940395355,0.3499999940395355,0.8500000238418579,0.15000000596046448,0.10000000149011612,0.5,0.5,0.5,1.0,0.10000000149011612,4.5,0.5,0.019999999552965164,0.8999999761581421,0.2199999988079071,0.6000000238418579,0.2199999988079071,4161,25667,21314,8386,21314,12737,8450,38405,12737,25794,17089,4-1-4-1,25,12,2,15,10,15,111975,4,639,2,7,6,31,0,16,13,3
0.6499999761581421,0.6000000238418579,0.4000000059604645,0.6499999761581421,4.0,0.15000000596046448,0.5,0.3499999940395355,0.3499999940395355,0.10000000149011612,0.8500000238418579,0.15000000596046448,0.10000000149011612,0.5,0.5,0.6000000238418579,2.0,0.6000000238418579,4.0,0.8999999761581421,0.019999999552965164,0.8999999761581421,0.2199999988079071,0.8500000238418579,0.2199999988079071,4161,21381,25602,9987,21314,12737,8450,38341,12865,38405,25729,4-4-2,26,13,2,16,12,10,112048,4,640,16,7,6,11,0,24,15,3
0.3499999940395355,0.3499999940395355,0.5,0.6499999761581421,5.0,0.15000000596046448,0.3499999940395355,0.8999999761581421,0.3499999940395355,0.10000000149011612,0.8700000047683716,0.15000000596046448,0.10000000149011612,0.6000000238418579,0.5,0.6000000238418579,1.0,0.5,4.0,0.6499999761581421,0.019999999552965164,0.8999999761581421,0.2199999988079071,0.6700000166893005,0.2199999988079071,5827,17089,25602,8386,25602,12737,8450,38213,12865,29570,17155,4-2-3-1,25,11,2,16,9,14,112054,4,641,4,7,6,3,0,18,12,3
0.3499999940395355,0.5,0.10000000149011612,0.5,3.0,0.17499999701976776,0.5,0.10000000149011612,0.30000001192092896,0.8999999761581421,0.800000011920929,0.15000000596046448,0.8999999761581421,0.5600000023841858,0.5,0.800000011920929,3.0,0.5,4.0,0.6499999761581421,0.019999999552965164,0.699999988079071,0.5600000023841858,0.8500000238418579,0.15000000596046448,4161,21251,33794,25602,25602,12737,12737,33986,12737,38213,21314,3-4-3,27,15,4,23,13,0,112072,5,642,25,12,6,2,0,25,16,4
0.3499999940395355,0.3499999940395355,0.5,0.6499999761581421,5.0,0.15000000596046448,0.3499999940395355,0.8999999761581421,0.3499999940395355,0.10000000149011612,0.8700000047683716,0.15000000596046448,0.10000000149011612,0.6000000238418579,0.5,0.6000000238418579,1.0,0.5,4.0,0.6499999761581421,0.019999999552965164,0.8999999761581421,0.2199999988079071,0.6700000166893005,0.2199999988079071,4161,18306,25602,8581,25602,12737,8450,38405,12737,29570,17089,4-2-3-1,25,11,2,16,9,14,112096,4,643,4,7,6,3,0,18,12,3
0.6499999761581421,0.33000001311302185,0.10000000149011612,0.6499999761581421,4.0,0.15000000596046448,0.5,0.3499999940395355,0.3499999940395355,0.8999999761581421,0.800000011920929,0.15000000596046448,0.10000000149011612,0.5,0.5,0.800000011920929,3.0,0.5,3.0,0.5,0.019999999552965164,0.8999999761581421,0.2199999988079071,0.8500000238418579,0.2199999988079071,4161,21314,33986,9987,21314,12737,8450,33794,12737,38405,17089,4-3-3,27,13,3,23,10,6,112112,4,644,9,7,6,7,0,25,15,3
0.6499999761581421,0.6000000238418579,0.4000000059604645,0.6499999761581421,4.0,0.15000000596046448,0.5,0.3499999940395355,0.3499999940395355,0.10000000149011612,0.8500000238418579,0.15000000596046448,0.10000000149011612,0.5,0.5,0.6000000238418579,2.0,0.6000000238418579,4.0,0.8999999761581421,0.019999999552965164,0.8999999761581421,0.2199999988079071,0.8500000238418579,0.2199999988079071,4161,21249,25602,8450,21185,12737,8513,38213,12802,38275,25602,4-4-2,26,13,2,16,12,10,112115,4,645,16,7,6,11,0,24,15,3
0.8999999761581421,0.33000001311302185,0.5,0.6499999761581421,4.5,0.15000000596046448,0.6000000238418579,0.6499999761581421,0.3499999940395355,0.3499999940395355,0.8500000238418579,0.15000000596046448,0.10000000149011612,0.5,0.5,0.5,1.0,0.10000000149011612,4.5,0.5,0.019999999552965164,0.8999999761581421,0.2199999988079071,0.6000000238418579,0.2199999988079071,4161,25794,21319,8386,21314,12737,8386,38405,12865,25729,17095,4-1-4-1,25,12,2,15,10,15,112116,4,646,2,7,6,31,0,16,13,3
0.5,0.2199999988079071,0.4000000059604645,0.699999988079071,5.0,0.15000000596046448,0.33000001311302185,0.6499999761581421,0.5,0.3499999940395355,0.8500000238418579,0.17499999701976776,0.30000001192092896,0.5,0.5,0.5,2.0,0.6000000238418579,3.0,0.10000000149011612,0.019999999552965164,0.8999999761581421,0.15000000596046448,0.8500000238418579,0.2199999988079071,5827,17155,21185,12737,21381,14145,8450,38213,12737,38405,8450,5-3-2,26,10,1,15,7,4,112124,4,647,31,6,5,24,0,24,13,3
0.5,0.5,0.10000000149011612,0.6499999761581421,4.0,0.15000000596046448,0.47999998927116394,0.3499999940395355,0.3499999940395355,0.8999999761581421,0.800000011920929,0.15000000596046448,0.10000000149011612,0.5,0.5,0.800000011920929,3.0,0.5,3.0,0.6499999761581421,0.019999999552965164,0.8999999761581421,0.2199999988079071,0.8500000238418579,0.2199999988079071,4161,21314,33794,8450,21314,12737,8450,33794,12737,38341,21314,4-3-3,27,14,3,23,13,6,112126,4,648,8,7,6,17,0,25,15,3
0.6499999761581421,0.6000000238418579,0.4000000059604645,0.6499999761581421,4.0,0.15000000596046448,0.5,0.3499999940395355,0.3499999940395355,0.10000000149011612,0.8500000238418579,0.15000000596046448,0.10000000149011612,0.5,0.5,0.6000000238418579,2.0,0.6000000238418579,4.0,0.8999999761581421,0.019999999552965164,0.8999999761581421,0.2199999988079071,0.8500000238418579,0.2199999988079071,4161,21185,25602,8450,21381,12865,8386,38341,12737,38341,25602,4-4-2,26,13,2,16,12,10,112134,4,649,16,7,6,11,0,24,15,3
0.6499999761581421,0.5600000023841858,0.5,0.6499999761581421,4.0,0.15000000596046448,0.5,0.3499999940395355,0.3499999940395355,0.10000000149011612,0.8700000047683716,0.15000000596046448,0.10000000149011612,0.5,0.5,0.5600000023841858,1.5,0.5,4.5,0.8999999761581421,0.019999999552965164,0.8999999761581421,0.2199999988079071,0.6700000166893005,0.2199999988079071,4161,21314,25794,8386,21251,12737,8386,38341,12737,29957,25794,4-4-1-1,25,13,2,16,12,14,112139,4,650,18,7,6,18,0,18,15,3
0.3499999940395355,0.5,0.10000000149011612,0.5,3.0,0.17499999701976776,0.5,0.10000000149011612,0.30000001192092896,0.8999999761581421,0.800000011920929,0.15000000596046448,0.8999999761581421,0.5600000023841858,0.5,0.800000011920929,3.0,0.5,4.0,0.6499999761581421,0.019999999552965164,0.699999988079071,0.5600000023841858,0.8500000238418579,0.15000000596046448,4161,21251,33794,25602,25794,12737,12737,33794,14145,38405,21314,3-4-3,27,15,4,23,13,0,112163,5,651,25,12,6,2,0,25,16,4
0.6499999761581421,0.33000001311302185,0.10000000149011612,0.6499999761581421,4.0,0.15000000596046448,0.5,0.3499999940395355,0.3499999940395355,0.8999999761581421,0.800000011920929,0.15000000596046448,0.10000000149011612,0.5,0.5,0.800000011920929,3.0,0.5,3.0,0.5,0.019999999552965164,0.8999999761581421,0.2199999988079071,0.8500000238418579,0.2199999988079071,5827,21314,33986,8581,21445,12802,8581,33797,12802,38210,17095,4-3-3,27,13,3,23,10,6,112172,4,652,9,7,6,7,0,25,15,3
0.6499999761581421,0.6000000238418579,0.4000000059604645,0.6499999761581421,4.0,0.15000000596046448,0.5,0.3499999940395355,0.3499999940395355,0.10000000149011612,0.8500000238418579,0.15000000596046448,0.10000000149011612,0.5,0.5,0.6000000238418579,2.0,0.6000000238418579,4.0,0.8999999761581421,0.019999999552965164,0.8999999761581421,0.2199999988079071,0.8500000238418579,0.2199999988079071,4226,21314,25602,8450,21314,12865,8581,38405,12865,38341,25794,4-4-2,26,13,2,16,12,10,112199,4,653,16,7,6,11,0,24,15,3
0.3499999940395355,0.3499999940395355,0.5,0.6499999761581421,5.0,0.15000000596046448,0.3499999940395355,0.8999999761581421,0.3499999940395355,0.10000000149011612,0.8700000047683716,0.15000000596046448,0.10000000149011612,0.6000000238418579,0.5,0.6000000238418579,1.0,0.5,4.0,0.6499999761581421,0.019999999552965164,0.8999999761581421,0.2199999988079071,0.6700000166893005,0.2199999988079071,4161,17089,25602,8450,25602,12802,8386,38341,12737,29570,17155,4-2-3-1,25,11,2,16,9,14,112222,4,654,4,7,6,3,0,18,12,3
0.3499999940395355,0.3499999940395355,0.5,0.6499999761581421,5.0,0.15000000596046448,0.3499999940395355,0.8999999761581421,0.3499999940395355,0.10000000149011612,0.8700000047683716,0.15000000596046448,0.10000000149011612,0.6000000238418579,0.5,0.6000000238418579,1.0,0.5,4.0,0.6499999761581421,0.019999999552965164,0.8999999761581421,0.2199999988079071,0.6700000166893005,0.2199999988079071,5827,17089,25667,8581,25602,12802,8450,38213,12865,29634,17985,4-2-3-1,25,11,2,16,9,14,112224,4,655,4,7,6,3,0,18,12,3
0.3499999940395355,0.3499999940395355,0.5,0.6499999761581421,5.0,0.15000000596046448,0.3499999940395355,0.8999999761581421,0.3499999940395355,0.10000000149011612,0.8700000047683716,0.15000000596046448,0.10000000149011612,0.6000000238418579,0.5,0.6000000238418579,1.0,0.5,4.0,0.6499999761581421,0.019999999552965164,0.8999999761581421,0.2199999988079071,0.6700000166893005,0.2199999988079071,4161,17095,25794,8450,25602,12737,8450,38405,12737,29570,17089,4-2-3-1,25,11,2,16,9,14,112254,4,656,4,7,6,3,0,18,12,3
0.6499999761581421,0.6000000238418579,0.4000000059604645,0.6499999761581421,4.0,0.15000000596046448,0.5,0.3499999940395355,0.3499999940395355,0.10000000149011612,0.8500000238418579,0.15000000596046448,0.10000000149011612,0.5,0.5,0.6000000238418579,2.0,0.6000000238418579,4.0,0.8999999761581421,0.019999999552965164,0.8999999761581421,0.2199999988079071,0.8500000238418579,0.2199999988079071,4226,21381,25602,8450,21442,12865,9987,38405,12737,38275,25667,4-4-2,26,13,2,16,12,10,112258,4,657,16,7,6,11,0,24,15,3
0.5,0.2199999988079071,0.4000000059604645,0.699999988079071,5.0,0.15000000596046448,0.33000001311302185,0.6499999761581421,0.5,0.3499999940395355,0.8500000238418579,0.17499999701976776,0.30000001192092896,0.5,0.5,0.5,2.0,0.6000000238418579,3.0,0.10000000149011612,0.019999999552965164,0.8999999761581421,0.15000000596046448,0.8500000238418579,0.2199999988079071,4161,17089,21314,12737,21314,14145,8450,38341,12737,38405,8450,5-3-2,26,10,1,15,7,4,112259,4,658,31,6,5,24,0,24,13,3
0.5,0.2199999988079071,0.4000000059604645,0.699999988079071,5.0,0.15000000596046448,0.33000001311302185,0.6499999761581421,0.5,0.3499999940395355,0.8500000238418579,0.17499999701976776,0.30000001192092896,0.5,0.5,0.5,2.0,0.6000000238418579,3.0,0.10000000149011612,0.019999999552965164,0.8999999761581421,0.15000000596046448,0.8500000238418579,0.2199999988079071,4161,17095,21314,12737,21314,12865,8581,38405,12737,38405,8581,5-3-2,26,10,1,15,7,4,112260,4,659,31,6,5,24,0,24,13,3
0.375,0.3499999940395355,0.5,0.625,5.0,0.10000000149011612,0.3499999940395355,0.675000011920929,0.375,0.5,0.925000011920929,0.10000000149011612,0.15000000596046448,0.6499999761581421,0.5,0.6499999761581421,1.0,0.32499998807907104,4.0,0.625,0.07500000298023224,0.8500000238418579,0.11249999701976776,0.6499999761581421,0.11249999701976776,4161,17089,29570,8386,29570,12737,8386,38405,12737,29570,17089,4-2-3-1,25,11,2,18,9,14,112264,4,660,3,7,6,16,0,19,17,3
0.6499999761581421,0.33000001311302185,0.10000000149011612,0.6499999761581421,4.0,0.15000000596046448,0.5,0.3499999940395355,0.3499999940395355,0.8999999761581421,0.800000011920929,0.15000000596046448,0.10000000149011612,0.5,0.5,0.800000011920929,3.0,0.5,3.0,0.5,0.019999999552965164,0.8999999761581421,0.2199999988079071,0.8500000238418579,0.2199999988079071,4161,21314,33986,8450,21314,12806,8386,33794,12865,38341,17095,4-3-3,27,13,3,23,10,6,112387,4,661,9,7,6,7,0,25,15,3
0.3499999940395355,0.3499999940395355,0.5,0.6499999761581421,5.0,0.15000000596046448,0.3499999940395355,0.8999999761581421,0.3499999940395355,0.10000000149011612,0.8700000047683716,0.15000000596046448,0.10000000149011612,0.6000000238418579,0.5,0.6000000238418579,1.0,0.5,4.0,0.6499999761581421,0.019999999552965164,0.8999999761581421,0.2199999988079071,0.6700000166893005,0.2199999988079071,4226,17096,25729,8386,25794,12737,8386,38405,12737,29634,18306,4-2-3-1,25,11,2,16,9,14,112390,4,662,4,7,6,3,0,18,12,3
0.3499999940395355,0.5,0.4000000059604645,0.5,3.0,0.17499999701976776,0.5,0.10000000149011612,0.30000001192092896,0.5,0.8700000047683716,0.15000000596046448,0.8999999761581421,0.5600000023841858,0.5,0.6700000166893005,2.5,0.6000000238418579,4.5,0.6499999761581421,0.019999999552965164,0.699999988079071,0.5600000023841858,0.8700000047683716,0.15000000596046448,4161,21185,29571,25602,25602,12737,12802,38213,12867,38405,21442,3-4-1-2,26,15,4,18,13,1,112391,5,663,23,12,6,29,0,24,16,4
0.6499999761581421,0.33000001311302185,0.10000000149011612,0.6499999761581421,4.0,0.15000000596046448,0.5,0.3499999940395355,0.3499999940395355,0.8999999761581421,0.800000011920929,0.15000000596046448,0.10000000149011612,0.5,0.5,0.800000011920929,3.0,0.5,3.0,0.5,0.019999999552965164,0.8999999761581421,0.2199999988079071,0.8500000238418579,0.2199999988079071,4161,21314,33989,8386,21381,12737,8385,33794,12865,38341,17155,4-3-3,27,13,3,23,10,6,112393,4,664,9,7,6,7,0,25,15,3
0.8999999761581421,0.33000001311302185,0.5,0.6499999761581421,4.5,0.15000000596046448,0.6000000238418579,0.6499999761581421,0.3499999940395355,0.3499999940395355,0.8500000238418579,0.15000000596046448,0.10000000149011612,0.5,0.5,0.5,1.0,0.10000000149011612,4.5,0.5,0.019999999552965164,0.8999999761581421,0.2199999988079071,0.6000000238418579,0.2199999988079071,5827,25667,21251,8450,21185,12737,8386,38275,12865,25602,17155,4-1-4-1,25,12,2,15,10,15,112427,4,665,2,7,6,31,0,16,13,3
0.6499999761581421,0.6000000238418579,0.4000000059604645,0.6499999761581421,4.0,0.15000000596046448,0.5,0.3499999940395355,0.3499999940395355,0.10000000149011612,0.8500000238418579,0.15000000596046448,0.10000000149011612,0.5,0.5,0.6000000238418579,2.0,0.6000000238418579,4.0,0.8999999761581421,0.019999999552965164,0.8999999761581421,0.2199999988079071,0.8500000238418579,0.2199999988079071,4161,21314,25602,8386,21314,12737,8386,38405,12737,38405,25602,4-4-2,26,13,2,16,12,10,112428,4,666,16,7,6,11,0,24,15,3
0.3499999940395355,0.3499999940395355,0.10000000149011612,0.6499999761581421,4.0,0.15000000596046448,0.3499999940395355,0.5,0.3499999940395355,0.8999999761581421,0.800000011920929,0.15000000596046448,0.10000000149011612,0.6700000166893005,0.5,0.800000011920929,3.0,0.5,3.0,0.6499999761581421,0.019999999552965164,0.8999999761581421,0.2199999988079071,0.8700000047683716,0.2199999988079071,4161,17089,33794,8386,29570,12865,8450,33794,12737,38405,18306,4-2-1-3,27,11,3,23,9,18,112472,4,667,36,7,6,27,0,25,18,3
0.5,0.2199999988079071,0.4000000059604645,0.699999988079071,5.0,0.15000000596046448,0.33000001311302185,0.6499999761581421,0.5,0.3499999940395355,0.8500000238418579,0.17499999701976776,0.30000001192092896,0.5,0.5,0.5,2.0,0.6000000238418579,3.0,0.10000000149011612,0.019999999552965164,0.8999999761581421,0.15000000596046448,0.8500000238418579,0.2199999988079071,5827,17025,21314,12737,21314,14145,8581,38405,12806,38341,8581,5-3-2,26,10,1,15,7,4,112493,4,668,31,6,5,24,0,24,13,3
0.5,0.2199999988079071,0.4000000059604645,0.699999988079071,5.0,0.15000000596046448,0.33000001311302185,0.6499999761581421,0.5,0.3499999940395355,0.8500000238418579,0.17499999701976776,0.30000001192092896,0.5,0.5,0.5,2.0,0.6000000238418579,3.0,0.10000000149011612,0.019999999552965164,0.8999999761581421,0.15000000596046448,0.8500000238418579,0.2199999988079071,4161,17155,21442,12737,21314,14145,8450,38213,12802,38405,8450,5-3-2,26,10,1,15,7,4,112494,4,669,31,6,5,24,0,24,13,3
0.3499999940395355,0.5,0.10000000149011612,0.5,3.0,0.17499999701976776,0.5,0.10000000149011612,0.30000001192092896,0.8999999761581421,0.800000011920929,0.15000000596046448,0.8999999761581421,0.5600000023841858,0.5,0.800000011920929,3.0,0.5,4.0,0.6499999761581421,0.019999999552965164,0.699999988079071,0.5600000023841858,0.8500000238418579,0.15000000596046448,4161,21185,33986,25729,25729,12865,14145,33794,14145,38405,21185,3-4-3,27,15,4,23,13,0,112510,5,670,25,12,6,2,0,25,16,4
0.3499999940395355,0.3499999940395355,0.5,0.6499999761581421,5.0,0.15000000596046448,0.3499999940395355,0.8999999761581421,0.3499999940395355,0.10000000149011612,0.8700000047683716,0.15000000596046448,0.10000000149011612,0.6000000238418579,0.5,0.6000000238418579,1.0,0.5,4.0,0.6499999761581421,0.019999999552965164,0.8999999761581421,0.2199999988079071,0.6700000166893005,0.2199999988079071,4226,17089,25602,8452,25602,12737,8386,38405,12870,29634,17089,4-2-3-1,25,11,2,16,9,14,112513,4,671,4,7,6,3,0,18,12,3
0.3499999940395355,0.3499999940395355,0.5,0.6499999761581421,5.0,0.15000000596046448,0.3499999940395355,0.8999999761581421,0.3499999940395355,0.10000000149011612,0.8700000047683716,0.15000000596046448,0.10000000149011612,0.6000000238418579,0.5,0.6000000238418579,1.0,0.5,4.0,0.6499999761581421,0.019999999552965164,0.8999999761581421,0.2199999988079071,0.6700000166893005,0.2199999988079071,4161,17089,25602,8386,25602,12865,8450,38213,12737,29570,17089,4-2-3-1,25,11,2,16,9,14,112516,4,672,4,7,6,3,0,18,12,3
0.3499999940395355,0.3499999940395355,0.5,0.6499999761581421,5.0,0.15000000596046448,0.3499999940395355,0.8999999761581421,0.3499999940395355,0.10000000149011612,0.8700000047683716,0.15000000596046448,0.10000000149011612,0.6000000238418579,0.5,0.6000000238418579,1.0,0.5,4.0,0.6499999761581421,0.019999999552965164,0.8999999761581421,0.2199999988079071,0.6700000166893005,0.2199999988079071,4226,17089,25602,8581,25602,12737,8450,38341,12802,29570,17089,4-2-3-1,25,11,2,16,9,14,112540,4,673,4,7,6,3,0,18,12,3
0.3499999940395355,0.3499999940395355,0.4000000059604645,0.6499999761581421,4.0,0.15000000596046448,0.3499999940395355,0.8999999761581421,0.3499999940395355,0.10000000149011612,0.8500000238418579,0.15000000596046448,0.10000000149011612,0.5600000023841858,0.5,0.5600000023841858,2.0,0.6000000238418579,4.0,0.6499999761581421,0.019999999552965164,0.8999999761581421,0.2199999988079071,0.8500000238418579,0.2199999988079071,4161,17089,25602,8386,25602,12865,8450,38213,12737,38275,17089,4-4-2,26,11,2,16,9,10,112555,4,674,17,7,6,12,0,24,12,3
0.3499999940395355,0.3499999940395355,0.5,0.6499999761581421,5.0,0.15000000596046448,0.3499999940395355,0.8999999761581421,0.3499999940395355,0.10000000149011612,0.8700000047683716,0.15000000596046448,0.10000000149011612,0.6000000238418579,0.5,0.6000000238418579,1.0,0.5,4.0,0.6499999761581421,0.019999999552965164,0.8999999761581421,0.2199999988079071,0.6700000166893005,0.2199999988079071,4161,17155,25794,8450,25602,12737,8386,38405,12737,29570,17089,4-2-3-1,25,11,2,16,9,14,112558,4,675,4,7,6,3,0,18,12,3
0.6499999761581421,0.5600000023841858,0.5,0.6499999761581421,4.0,0.15000000596046448,0.5,0.3499999940395355,0.3499999940395355,0.10000000149011612,0.8700000047683716,0.15000000596046448,0.10000000149011612,0.5,0.5,0.5600000023841858,1.5,0.5,4.5,0.8999999761581421,0.019999999552965164,0.8999999761581421,0.2199999988079071,0.6700000166893005,0.2199999988079071,4161,21314,25602,8386,21314,12737,8581,38275,12737,29570,25667,4-4-1-1,25,13,2,16,12,14,112606,4,676,18,7,6,18,0,18,15,3
0.6499999761581421,0.2199999988079071,0.4000000059604645,0.699999988079071,6.0,0.15000000596046448,0.5,0.3499999940395355,0.5,0.5,0.8700000047683716,0.17499999701976776,0.30000001192092896,0.5,0.5,0.6700000166893005,2.0,0.6000000238418579,2.0,0.10000000149011612,0.019999999552965164,0.8999999761581421,0.15000000596046448,0.8700000047683716,0.2199999988079071,4161,21314,29570,12737,21251,12737,8581,38405,12865,38275,8581,5-2-1-2,26,13,1,18,7,4,112638,4,677,29,6,5,35,0,24,15,3
0.6499999761581421,0.5600000023841858,0.5,0.6499999761581421,4.0,0.15000000596046448,0.5,0.3499999940395355,0.3499999940395355,0.10000000149011612,0.8700000047683716,0.15000000596046448,0.10000000149011612,0.5,0.5,0.5600000023841858,1.5,0.5,4.5,0.8999999761581421,0.019999999552965164,0.8999999761581421,0.2199999988079071,0.6700000166893005,0.2199999988079071,4161,21314,25602,8386,21185,12737,8386,38275,12802,29570,25602,4-4-1-1,25,13,2,16,12,14,112659,4,678,18,7,6,18,0,18,15,3
0.3499999940395355,0.3499999940395355,0.5,0.6499999761581421,5.0,0.15000000596046448,0.3499999940395355,0.8999999761581421,0.3499999940395355,0.10000000149011612,0.8700000047683716,0.15000000596046448,0.10000000149011612,0.6000000238418579,0.5,0.6000000238418579,1.0,0.5,4.0,0.6499999761581421,0.019999999552965164,0.8999999761581421,0.2199999988079071,0.6700000166893005,0.2199999988079071,4161,17985,25797,8386,25602,12737,8386,38405,12802,29570,17089,4-2-3-1,25,11,2,16,9,14,112670,4,679,4,7,6,3,0,18,12,3
0.3499999940395355,0.3499999940395355,0.5,0.6499999761581421,5.0,0.15000000596046448,0.3499999940395355,0.8999999761581421,0.3499999940395355,0.10000000149011612,0.8700000047683716,0.15000000596046448,0.10000000149011612,0.6000000238418579,0.5,0.6000000238418579,1.0,0.5,4.0,0.6499999761581421,0.019999999552965164,0.8999999761581421,0.2199999988079071,0.6700000166893005,0.2199999988079071,4226,17089,25602,8386,25602,12802,8386,38405,12802,29634,17089,4-2-3-1,25,11,2,16,9,14,112689,4,680,4,7,6,3,0,18,12,3
0.3499999940395355,0.3499999940395355,0.5,0.6499999761581421,5.0,0.15000000596046448,0.3499999940395355,0.8999999761581421,0.3499999940395355,0.10000000149011612,0.8700000047683716,0.15000000596046448,0.10000000149011612,0.6000000238418579,0.5,0.6000000238418579,1.0,0.5,4.0,0.6499999761581421,0.019999999552965164,0.8999999761581421,0.2199999988079071,0.6700000166893005,0.2199999988079071,4226,17089,25602,8386,25602,12737,8386,38405,12802,29570,18306,4-2-3-1,25,11,2,16,9,14,112705,4,681,4,7,6,3,0,18,12,3
0.8999999761581421,0.33000001311302185,0.5,0.6499999761581421,4.5,0.15000000596046448,0.6000000238418579,0.6499999761581421,0.3499999940395355,0.3499999940395355,0.8500000238418579,0.15000000596046448,0.10000000149011612,0.5,0.5,0.5,1.0,0.10000000149011612,4.5,0.5,0.019999999552965164,0.8999999761581421,0.2199999988079071,0.6000000238418579,0.2199999988079071,4161,25602,21185,8450,21251,12737,8450,38405,12737,25602,17089,4-1-4-1,25,12,2,15,10,15,112713,4,682,2,7,6,31,0,16,13,3
0.6499999761581421,0.33000001311302185,0.10000000149011612,0.6499999761581421,4.0,0.15000000596046448,0.5,0.3499999940395355,0.3499999940395355,0.8999999761581421,0.800000011920929,0.15000000596046448,0.10000000149011612,0.5,0.5,0.800000011920929,3.0,0.5,3.0,0.5,0.019999999552965164,0.8999999761581421,0.2199999988079071,0.8500000238418579,0.2199999988079071,4161,21314,33794,8450,21314,12737,8450,33794,12737,38213,17089,4-3-3,27,13,3,23,10,6,112716,4,683,9,7,6,7,0,25,15,3
0.8999999761581421,0.33000001311302185,0.5,0.6499999761581421,4.5,0.15000000596046448,0.6000000238418579,0.6499999761581421,0.3499999940395355,0.3499999940395355,0.8500000238418579,0.15000000596046448,0.10000000149011612,0.5,0.5,0.5,1.0,0.10000000149011612,4.5,0.5,0.019999999552965164,0.8999999761581421,0.2199999988079071,0.6000000238418579,0.2199999988079071,4161,25602,21314,8450,21314,12802,8450,38405,12737,25602,17095,4-1-4-1,25,12,2,15,10,15,112764,4,684,2,7,6,31,0,16,13,3
0.3499999940395355,0.3499999940395355,0.5,0.6499999761581421,5.0,0.15000000596046448,0.3499999940395355,0.8999999761581421,0.3499999940395355,0.10000000149011612,0.8700000047683716,0.15000000596046448,0.10000000149011612,0.6000000238418579,0.5,0.6000000238418579,1.0,0.5,4.0,0.6499999761581421,0.019999999552965164,0.8999999761581421,0.2199999988079071,0.6700000166893005,0.2199999988079071,4226,17089,25605,8581,25794,12802,8450,38213,12737,29576,17025,4-2-3-1,25,11,2,16,9,14,112809,4,685,4,7,6,3,0,18,12,3
0.3499999940395355,0.3499999940395355,0.5,0.6499999761581421,5.0,0.15000000596046448,0.3499999940395355,0.8999999761581421,0.3499999940395355,0.10000000149011612,0.8700000047683716,0.15000000596046448,0.10000000149011612,0.6000000238418579,0.5,0.6000000238418579,1.0,0.5,4.0,0.6499999761581421,0.019999999552965164,0.8999999761581421,0.2199999988079071,0.6700000166893005,0.2199999988079071,4161,17089,25794,8450,25602,12737,8581,38341,12865,29957,17025,4-2-3-1,25,11,2,16,9,14,112828,4,686,4,7,6,3,0,18,12,3
0.3499999940395355,0.5,0.10000000149011612,0.6499999761581421,4.0,0.15000000596046448,0.5,0.5,0.3499999940395355,0.8999999761581421,0.800000011920929,0.15000000596046448,0.10000000149011612,0.6700000166893005,0.5,0.800000011920929,3.0,0.5,3.0,0.6499999761581421,0.019999999552965164,0.8999999761581421,0.2199999988079071,0.8700000047683716,0.2199999988079071,4161,21185,33794,8386,29570,12737,8581,33794,12802,38405,21314,4-3-3,27,15,3,23,13,6,112853,4,687,11,7,6,4,0,25,18,3
0.3499999940395355,0.5,0.10000000149011612,0.5,3.0,0.17499999701976776,0.5,0.10000000149011612,0.30000001192092896,0.8999999761581421,0.800000011920929,0.15000000596046448,0.8999999761581421,0.5600000023841858,0.5,0.800000011920929,3.0,0.5,4.0,0.6499999761581421,0.019999999552965164,0.699999988079071,0.5600000023841858,0.8500000238418579,0.15000000596046448,4161,21319,33794,25729,25732,12737,12737,33986,12737,38405,21185,3-4-3,27,15,4,23,13,0,112868,5,688,25,12,6,2,0,25,16,4
0.6499999761581421,0.6000000238418579,0.4000000059604645,0.6499999761581421,4.0,0.15000000596046448,0.5,0.3499999940395355,0.3499999940395355,0.10000000149011612,0.8500000238418579,0.15000000596046448,0.10000000149011612,0.5,0.5,0.6000000238418579,2.0,0.6000000238418579,4.0,0.8999999761581421,0.019999999552965164,0.8999999761581421,0.2199999988079071,0.8500000238418579,0.2199999988079071,4226,21314,25794,8450,21314,12737,8386,38275,12737,38405,25794,4-4-2,26,13,2,16,12,10,112883,4,689,16,7,6,11,0,24,15,3
0.3499999940395355,0.3499999940395355,0.5,0.6499999761581421,5.0,0.15000000596046448,0.3499999940395355,0.8999999761581421,0.3499999940395355,0.10000000149011612,0.8700000047683716,0.15000000596046448,0.10000000149011612,0.6000000238418579,0.5,0.6000000238418579,1.0,0.5,4.0,0.6499999761581421,0.019999999552965164,0.8999999761581421,0.2199999988079071,0.6700000166893005,0.2199999988079071,4161,17089,25602,8450,25667,12737,8450,38405,12737,29570,17089,4-2-3-1,25,11,2,16,9,14,112885,4,690,4,7,6,3,0,18,12,3
0.3499999940395355,0.3499999940395355,0.4000000059604645,0.6499999761581421,4.0,0.15000000596046448,0.3499999940395355,0.8999999761581421,0.3499999940395355,0.10000000149011612,0.8500000238418579,0.15000000596046448,0.10000000149011612,0.5600000023841858,0.5,0.5600000023841858,2.0,0.6000000238418579,4.0,0.6499999761581421,0.019999999552965164,0.8999999761581421,0.2199999988079071,0.8500000238418579,0.2199999988079071,4161,17089,25602,8513,25794,12737,8386,38275,12737,38405,17089,4-4-2,26,11,2,16,9,10,112893,4,691,17,7,6,12,0,24,12,3
0.8999999761581421,0.33000001311302185,0.5,0.6499999761581421,4.5,0.15000000596046448,0.6000000238418579,0.6499999761581421,0.3499999940395355,0.3499999940395355,0.8500000238418579,0.15000000596046448,0.10000000149011612,0.5,0.5,0.5,1.0,0.10000000149011612,4.5,0.5,0.019999999552965164,0.8999999761581421,0.2199999988079071,0.6000000238418579,0.2199999988079071,4226,25602,21381,8450,21442,12737,8450,38405,12737,25602,17025,4-1-4-1,25,12,2,15,10,15,112908,4,692,2,7,6,31,0,16,13,3
0.6499999761581421,0.6000000238418579,0.4000000059604645,0.6499999761581421,4.0,0.15000000596046448,0.5,0.3499999940395355,0.3499999940395355,0.10000000149011612,0.8500000238418579,0.15000000596046448,0.10000000149011612,0.5,0.5,0.6000000238418579,2.0,0.6000000238418579,4.0,0.8999999761581421,0.019999999552965164,0.8999999761581421,0.2199999988079071,0.8500000238418579,0.2199999988079071,4161,21314,25602,8386,21251,12802,8386,38213,12737,38405,25602,4-4-2,26,13,2,16,12,10,112965,4,693,16,7,6,11,0,24,15,3
0.6499999761581421,0.33000001311302185,0.10000000149011612,0.6499999761581421,4.0,0.15000000596046448,0.5,0.3499999940395355,0.3499999940395355,0.8999999761581421,0.800000011920929,0.15000000596046448,0.10000000149011612,0.5,0.5,0.800000011920929,3.0,0.5,3.0,0.5,0.019999999552965164,0.8999999761581421,0.2199999988079071,0.8500000238418579,0.2199999988079071,4161,21314,33859,8513,21314,12737,8450,33986,12737,38405,17089,4-3-3,27,13,3,23,10,6,112996,4,694,9,7,6,7,0,25,15,3
0.3499999940395355,0.3499999940395355,0.5,0.6499999761581421,5.0,0.15000000596046448,0.3499999940395355,0.8999999761581421,0.3499999940395355,0.10000000149011612,0.8700000047683716,0.15000000596046448,0.10000000149011612,0.6000000238418579,0.5,0.6000000238418579,1.0,0.5,4.0,0.6499999761581421,0.019999999552965164,0.8999999761581421,0.2199999988079071,0.6700000166893005,0.2199999988079071,5827,17089,25794,8450,25794,12865,8581,38275,12737,29570,17089,4-2-3-1,25,11,2,16,9,14,113000,4,695,4,7,6,3,0,18,12,3
0.6499999761581421,0.5600000023841858,0.5,0.6499999761581421,4.0,0.15000000596046448,0.5,0.5,0.3499999940395355,0.3499999940395355,0.8500000238418579,0.15000000596046448,0.10000000149011612,0.47999998927116394,0.5,0.5,1.0,0.10000000149011612,5.0,0.8999999761581421,0.019999999552965164,0.8999999761581421,0.2199999988079071,0.5600000023841858,0.2199999988079071,5827,21314,21251,9987,21251,12737,8450,38275,12865,25794,25794,4-5-1,25,13,2,15,12,15,113002,4,696,20,7,6,19,0,16,14,3
0.8999999761581421,0.33000001311302185,0.5,0.6499999761581421,4.5,0.15000000596046448,0.6000000238418579,0.6499999761581421,0.3499999940395355,0.3499999940395355,0.8500000238418579,0.15000000596046448,0.10000000149011612,0.5,0.5,0.5,1.0,0.10000000149011612,4.5,0.5,0.019999999552965164,0.8999999761581421,0.2199999988079071,0.6000000238418579,0.2199999988079071,4226,25667,21314,8581,21381,12865,8386,38275,12737,25729,17089,4-1-4-1,25,12,2,15,10,15,113003,4,697,2,7,6,31,0,16,13,3
0.3499999940395355,0.3499999940395355,0.5,0.6499999761581421,5.0,0.15000000596046448,0.3499999940395355,0.8999999761581421,0.3499999940395355,0.10000000149011612,0.8700000047683716,0.15000000596046448,0.10000000149011612,0.6000000238418579,0.5,0.6000000238418579,1.0,0.5,4.0,0.6499999761581421,0.019999999552965164,0.8999999761581421,0.2199999988079071,0.6700000166893005,0.2199999988079071,5827,17155,25794,8450,25794,12737,8581,38405,12865,29957,18306,4-2-3-1,25,11,2,16,9,14,113004,4,698,4,7,6,3,0,18,12,3
0.3499999940395355,0.3499999940395355,0.5,0.6499999761581421,5.0,0.15000000596046448,0.3499999940395355,0.8999999761581421,0.3499999940395355,0.10000000149011612,0.8700000047683716,0.15000000596046448,0.10000000149011612,0.6000000238418579,0.5,0.6000000238418579,1.0,0.5,4.0,0.6499999761581421,0.019999999552965164,0.8999999761581421,0.2199999988079071,0.6700000166893005,0.2199999988079071,4161,17025,25602,8386,25602,12737,8386,38341,12737,29957,17155,4-2-3-1,25,11,2,16,9,14,113007,4,699,4,7,6,3,0,18,12,3
0.3499999940395355,0.3499999940395355,0.5,0.6499999761581421,5.0,0.15000000596046448,0.3499999940395355,0.8999999761581421,0.3499999940395355,0.10000000149011612,0.8700000047683716,0.15000000596046448,0.10000000149011612,0.6000000238418579,0.5,0.6000000238418579,1.0,0.5,4.0,0.6499999761581421,0.019999999552965164,0.8999999761581421,0.2199999988079071,0.6700000166893005,0.2199999988079071,4161,17089,25732,8386,25794,12802,8581,38405,12865,29570,17089,4-2-3-1,25,11,2,16,9,14,113008,4,700,4,7,6,3,0,18,12,3
0.3499999940395355,0.3499999940395355,0.5,0.6499999761581421,5.0,0.15000000596046448,0.3499999940395355,0.8999999761581421,0.3499999940395355,0.10000000149011612,0.8700000047683716,0.15000000596046448,0.10000000149011612,0.6000000238418579,0.5,0.6000000238418579,1.0,0.5,4.0,0.6499999761581421,0.019999999552965164,0.8999999761581421,0.2199999988079071,0.6700000166893005,0.2199999988079071,4161,17089,25794,8450,25602,12737,8581,38275,12737,29570,17089,4-2-3-1,25,11,2,16,9,14,113009,4,701,4,7,6,3,0,18,12,3
0.3499999940395355,0.3499999940395355,0.5,0.6499999761581421,5.0,0.15000000596046448,0.3499999940395355,0.8999999761581421,0.3499999940395355,0.10000000149011612,0.8700000047683716,0.15000000596046448,0.10000000149011612,0.6000000238418579,0.5,0.6000000238418579,1.0,0.5,4.0,0.6499999761581421,0.019999999552965164,0.8999999761581421,0.2199999988079071,0.6700000166893005,0.2199999988079071,4161,17089,25794,8386,25602,12802,8386,38213,12737,29570,17089,4-2-3-1,25,11,2,16,9,14,113010,4,702,4,7,6,3,0,18,12,3
0.5,0.5,0.10000000149011612,0.6499999761581421,4.0,0.15000000596046448,0.47999998927116394,0.3499999940395355,0.3499999940395355,0.8999999761581421,0.800000011920929,0.15000000596046448,0.10000000149011612,0.5,0.5,0.800000011920929,3.0,0.5,3.0,0.6499999761581421,0.019999999552965164,0.8999999761581421,0.2199999988079071,0.8500000238418579,0.2199999988079071,5827,21251,33794,8581,21314,12865,8450,33986,12865,38341,21249,4-3-3,27,14,3,23,13,6,113011,4,703,8,7,6,17,0,25,15,3
0.6499999761581421,0.33000001311302185,0.10000000149011612,0.6499999761581421,4.0,0.15000000596046448,0.5,0.3499999940395355,0.3499999940395355,0.8999999761581421,0.800000011920929,0.15000000596046448,0.10000000149011612,0.5,0.5,0.800000011920929,3.0,0.5,3.0,0.5,0.019999999552965164,0.8999999761581421,0.2199999988079071,0.8500000238418579,0.2199999988079071,4226,21251,33989,8581,21381,12865,8581,33861,12865,38405,17155,4-3-3,27,13,3,23,10,6,113012,4,704,9,7,6,7,0,25,15,3
0.3499999940395355,0.5,0.5,0.5,3.0,0.17499999701976776,0.5,0.10000000149011612,0.30000001192092896,0.75,0.8700000047683716,0.15000000596046448,0.8999999761581421,0.5600000023841858,0.5,0.699999988079071,2.0,0.25,5.0,0.6499999761581421,0.019999999552965164,0.699999988079071,0.5600000023841858,0.699999988079071,0.15000000596046448,4161,21442,29570,25602,25729,12737,12737,38405,12737,29570,21185,3-4-2-1,25,15,3,17,13,19,113018,5,705,24,12,6,21,0,19,16,4
0.3499999940395355,0.3499999940395355,0.5,0.6499999761581421,5.0,0.15000000596046448,0.3499999940395355,0.8999999761581421,0.3499999940395355,0.10000000149011612,0.8700000047683716,0.15000000596046448,0.10000000149011612,0.6000000238418579,0.5,0.6000000238418579,1.0,0.5,4.0,0.6499999761581421,0.019999999552965164,0.8999999761581421,0.2199999988079071,0.6700000166893005,0.2199999988079071,4226,17089,25602,8450,25602,12737,8386,38405,12865,29570,17089,4-2-3-1,25,11,2,16,9,14,113037,4,706,4,7,6,3,0,18,12,3
0.3499999940395355,0.3499999940395355,0.5,0.6499999761581421,5.0,0.15000000596046448,0.3499999940395355,0.8999999761581421,0.3499999940395355,0.10000000149011612,0.8700000047683716,0.15000000596046448,0.10000000149011612,0.6000000238418579,0.5,0.6000000238418579,1.0,0.5,4.0,0.6499999761581421,0.019999999552965164,0.8999999761581421,0.2199999988079071,0.6700000166893005,0.2199999988079071,4161,17089,25794,8581,25794,12737,8581,38405,12737,29570,17089,4-2-3-1,25,11,2,16,9,14,113040,4,707,4,7,6,3,0,18,12,3
0.5,0.2199999988079071,0.4000000059604645,0.699999988079071,5.0,0.15000000596046448,0.33000001311302185,0.6499999761581421,0.5,0.3499999940395355,0.8500000238418579,0.17499999701976776,0.30000001192092896,0.5,0.5,0.5,2.0,0.6000000238418579,3.0,0.10000000149011612,0.019999999552965164,0.8999999761581421,0.15000000596046448,0.8500000238418579,0.2199999988079071,4161,17089,21381,12737,21314,12737,8386,38404,12802,38405,8581,5-3-2,26,10,1,15,7,4,113044,4,708,31,6,5,24,0,24,13,3
0.3499999940395355,0.3499999940395355,0.5,0.6499999761581421,5.0,0.15000000596046448,0.3499999940395355,0.8999999761581421,0.3499999940395355,0.10000000149011612,0.8700000047683716,0.15000000596046448,0.10000000149011612,0.6000000238418579,0.5,0.6000000238418579,1.0,0.5,4.0,0.6499999761581421,0.019999999552965164,0.8999999761581421,0.2199999988079071,0.6700000166893005,0.2199999988079071,4161,17089,25794,8581,25602,12737,8450,38213,12737,29570,17089,4-2-3-1,25,11,2,16,9,14,113057,4,709,4,7,6,3,0,18,12,3
0.3499999940395355,0.3499999940395355,0.5,0.6499999761581421,5.0,0.15000000596046448,0.3499999940395355,0.8999999761581421,0.3499999940395355,0.10000000149011612,0.8700000047683716,0.15000000596046448,0.10000000149011612,0.6000000238418579,0.5,0.6000000238418579,1.0,0.5,4.0,0.6499999761581421,0.019999999552965164,0.8999999761581421,0.2199999988079071,0.6700000166893005,0.2199999988079071,4161,17089,25794,8386,25729,12737,8513,38213,12737,29570,17089,4-2-3-1,25,11,2,16,9,14,113060,4,710,4,7,6,3,0,18,12,3
0.3499999940395355,0.5,0.5,0.5,3.0,0.17499999701976776,0.5,0.10000000149011612,0.30000001192092896,0.75,0.8700000047683716,0.15000000596046448,0.8999999761581421,0.5600000023841858,0.5,0.699999988079071,2.0,0.25,5.0,0.6499999761581421,0.019999999552965164,0.699999988079071,0.5600000023841858,0.699999988079071,0.15000000596046448,4226,21314,29634,25602,25794,12865,12737,38405,14145,29570,21251,3-4-2-1,25,15,3,17,13,19,113142,5,711,24,12,6,21,0,19,16,4
0.6499999761581421,0.33000001311302185,0.10000000149011612,0.6499999761581421,4.0,0.15000000596046448,0.5,0.3499999940395355,0.3499999940395355,0.8999999761581421,0.800000011920929,0.15000000596046448,0.10000000149011612,0.5,0.5,0.800000011920929,3.0,0.5,3.0,0.5,0.019999999552965164,0.8999999761581421,0.2199999988079071,0.8500000238418579,0.2199999988079071,4226,21442,33794,8386,21314,12865,8386,33794,12737,38213,17089,4-3-3,27,13,3,23,10,6,113143,4,712,9,7,6,7,0,25,15,3
0.3499999940395355,0.3499999940395355,0.5,0.6499999761581421,5.0,0.15000000596046448,0.3499999940395355,0.8999999761581421,0.3499999940395355,0.10000000149011612,0.8700000047683716,0.15000000596046448,0.10000000149011612,0.6000000238418579,0.5,0.6000000238418579,1.0,0.5,4.0,0.6499999761581421,0.019999999552965164,0.8999999761581421,0.2199999988079071,0.6700000166893005,0.2199999988079071,4161,17089,25667,8386,25602,12737,8450,38405,12737,29957,17089,4-2-3-1,25,11,2,16,9,14,113146,4,713,4,7,6,3,0,18,12,3
0.5,0.2199999988079071,0.4000000059604645,0.699999988079071,5.0,0.15000000596046448,0.33000001311302185,0.6499999761581421,0.5,0.3499999940395355,0.8500000238418579,0.17499999701976776,0.30000001192092896,0.5,0.5,0.5,2.0,0.6000000238418579,3.0,0.10000000149011612,0.019999999552965164,0.8999999761581421,0.15000000596046448,0.8500000238418579,0.2199999988079071,4161,17089,21314,14145,21442,12865,8450,38275,12802,38405,8450,5-3-2,26,10,1,15,7,4,113147,4,714,31,6,5,24,0,24,13,3
0.3499999940395355,0.5,0.5,0.5,3.0,0.17499999701976776,0.5,0.10000000149011612,0.30000001192092896,0.75,0.8700000047683716,0.15000000596046448,0.8999999761581421,0.5600000023841858,0.5,0.699999988079071,2.0,0.25,5.0,0.6499999761581421,0.019999999552965164,0.699999988079071,0.5600000023841858,0.699999988079071,0.15000000596046448,4161,21185,29570,25729,25729,12737,12865,38405,12737,29957,21251,3-4-2-1,25,15,3,17,13,19,113149,5,715,24,12,6,21,0,19,16,4
0.6499999761581421,0.33000001311302185,0.10000000149011612,0.6499999761581421,4.0,0.15000000596046448,0.5,0.3499999940395355,0.3499999940395355,0.8999999761581421,0.800000011920929,0.15000000596046448,0.10000000149011612,0.5,0.5,0.800000011920929,3.0,0.5,3.0,0.5,0.019999999552965164,0.8999999761581421,0.2199999988079071,0.8500000238418579,0.2199999988079071,5827,21314,33794,8386,21314,12737,8450,33794,12737,38213,17089,4-3-3,27,13,3,23,10,6,113217,4,716,9,7,6,7,0,25,15,3
0.3499999940395355,0.3499999940395355,0.5,0.6499999761581421,5.0,0.15000000596046448,0.3499999940395355,0.8999999761581421,0.3499999940395355,0.10000000149011612,0.8700000047683716,0.15000000596046448,0.10000000149011612,0.6000000238418579,0.5,0.6000000238418579,1.0,0.5,4.0,0.6499999761581421,0.019999999552965164,0.8999999761581421,0.2199999988079071,0.6700000166893005,0.2199999988079071,4226,17155,25602,8450,25602,12802,8450,38213,12865,29570,17089,4-2-3-1,25,11,2,16,9,14,113222,4,717,4,7,6,3,0,18,12,3
0.3499999940395355,0.3499999940395355,0.5,0.6499999761581421,5.0,0.15000000596046448,0.3499999940395355,0.8999999761581421,0.3499999940395355,0.10000000149011612,0.8700000047683716,0.15000000596046448,0.10000000149011612,0.6000000238418579,0.5,0.6000000238418579,1.0,0.5,4.0,0.6499999761581421,0.019999999552965164,0.8999999761581421,0.2199999988079071,0.6700000166893005,0.2199999988079071,5827,17089,25602,8581,25602,12737,8450,38341,12737,29570,17025,4-2-3-1,25,11,2,16,9,14,113257,4,718,4,7,6,3,0,18,12,3
0.6499999761581421,0.6000000238418579,0.4000000059604645,0.6499999761581421,4.0,0.15000000596046448,0.5,0.3499999940395355,0.3499999940395355,0.10000000149011612,0.8500000238418579,0.15000000596046448,0.10000000149011612,0.5,0.5,0.6000000238418579,2.0,0.6000000238418579,4.0,0.8999999761581421,0.019999999552965164,0.8999999761581421,0.2199999988079071,0.8500000238418579,0.2199999988079071,4161,21314,25602,8386,21314,12737,8450,38275,12737,38405,25669,4-4-2,26,13,2,16,12,10,113297,4,719,16,7,6,11,0,24,15,3
0.3499999940395355,0.3499999940395355,0.5,0.6499999761581421,5.0,0.15000000596046448,0.3499999940395355,0.8999999761581421,0.3499999940395355,0.10000000149011612,0.8700000047683716,0.15000000596046448,0.10000000149011612,0.6000000238418579,0.5,0.6000000238418579,1.0,0.5,4.0,0.6499999761581421,0.019999999552965164,0.8999999761581421,0.2199999988079071,0.6700000166893005,0.2199999988079071,4161,17153,25669,8386,25794,12737,8386,38341,12737,29570,17089,4-2-3-1,25,11,2,16,9,14,113298,4,720,4,7,6,3,0,18,12,3
0.8999999761581421,0.33000001311302185,0.5,0.6499999761581421,4.5,0.15000000596046448,0.6000000238418579,0.6499999761581421,0.3499999940395355,0.3499999940395355,0.8500000238418579,0.15000000596046448,0.10000000149011612,0.5,0.5,0.5,1.0,0.10000000149011612,4.5,0.5,0.019999999552965164,0.8999999761581421,0.2199999988079071,0.6000000238418579,0.2199999988079071,4161,25602,21314,8386,21381,12865,8386,38213,12865,25602,17089,4-1-4-1,25,12,2,15,10,15,113299,4,721,2,7,6,31,0,16,13,3
0.3499999940395355,0.3499999940395355,0.5,0.6499999761581421,5.0,0.15000000596046448,0.3499999940395355,0.8999999761581421,0.3499999940395355,0.10000000149011612,0.8700000047683716,0.15000000596046448,0.10000000149011612,0.6000000238418579,0.5,0.6000000238418579,1.0,0.5,4.0,0.6499999761581421,0.019999999552965164,0.8999999761581421,0.2199999988079071,0.6700000166893005,0.2199999988079071,4161,17089,25602,8386,25602,12737,9987,38213,12737,29634,17089,4-2-3-1,25,11,2,16,9,14,113300,4,722,4,7,6,3,0,18,12,3
0.3499999940395355,0.5,0.10000000149011612,0.5,3.0,0.17499999701976776,0.5,0.10000000149011612,0.30000001192092896,0.8999999761581421,0.800000011920929,0.15000000596046448,0.8999999761581421,0.5600000023841858,0.5,0.800000011920929,3.0,0.5,4.0,0.6499999761581421,0.019999999552965164,0.699999988079071,0.5600000023841858,0.8500000238418579,0.15000000596046448,4161,21185,33794,25602,25669,12737,12737,33986,12737,38405,21314,3-4-3,27,15,4,23,13,0,113301,5,723,25,12,6,2,0,25,16,4
0.5,0.5,0.10000000149011612,0.6499999761581421,4.0,0.15000000596046448,0.47999998927116394,0.3499999940395355,0.3499999940395355,0.8999999761581421,0.800000011920929,0.15000000596046448,0.10000000149011612,0.5,0.5,0.800000011920929,3.0,0.5,3.0,0.6499999761581421,0.019999999552965164,0.8999999761581421,0.2199999988079071,0.8500000238418579,0.2199999988079071,4161,21185,33794,8386,21314,12865,8386,33989,12737,38405,21314,4-3-3,27,14,3,23,13,6,113302,4,724,8,7,6,17,0,25,15,3
0.3499999940395355,0.3499999940395355,0.5,0.6499999761581421,5.0,0.15000000596046448,0.3499999940395355,0.8999999761581421,0.3499999940395355,0.10000000149011612,0.8700000047683716,0.15000000596046448,0.10000000149011612,0.6000000238418579,0.5,0.6000000238418579,1.0,0.5,4.0,0.6499999761581421,0.019999999552965164,0.8999999761581421,0.2199999988079071,0.6700000166893005,0.2199999988079071,4161,17089,25602,8450,25794,12865,8386,38405,12737,29570,17089,4-2-3-1,25,11,2,16,9,14,113458,4,725,4,7,6,3,0,18,12,3
0.3499999940395355,0.3499999940395355,0.5,0.6499999761581421,5.0,0.15000000596046448,0.3499999940395355,0.8999999761581421,0.3499999940395355,0.10000000149011612,0.8700000047683716,0.15000000596046448,0.10000000149011612,0.6000000238418579,0.5,0.6000000238418579,1.0,0.5,4.0,0.6499999761581421,0.019999999552965164,0.8999999761581421,0.2199999988079071,0.6700000166893005,0.2199999988079071,4161,17089,25794,8450,25794,12865,8386,38405,12737,29570,17089,4-2-3-1,25,11,2,16,9,14,113459,4,726,4,7,6,3,0,18,12,3
0.6499999761581421,0.5600000023841858,0.4000000059604645,0.5,3.5,0.17499999701976776,0.5,0.3499999940395355,0.30000001192092896,0.10000000149011612,0.8500000238418579,0.15000000596046448,0.5,0.5,0.5,0.5600000023841858,2.0,0.6000000238418579,4.5,0.8999999761581421,0.019999999552965164,0.699999988079071,0.3499999940395355,0.8500000238418579,0.15000000596046448,4161,21314,25794,17089,21251,12802,12737,38405,14145,38275,25794,3-1-4-2,26,13,3,16,12,1,113616,5,727,22,10,6,28,0,24,15,4
0.3499999940395355,0.3499999940395355,0.5,0.6499999761581421,5.0,0.15000000596046448,0.3499999940395355,0.8999999761581421,0.3499999940395355,0.10000000149011612,0.8700000047683716,0.15000000596046448,0.10000000149011612,0.6000000238418579,0.5,0.6000000238418579,1.0,0.5,4.0,0.6499999761581421,0.019999999552965164,0.8999999761581421,0.2199999988079071,0.6700000166893005,0.2199999988079071,4161,17089,25602,8386,25602,12737,8450,38341,12737,29957,17025,4-2-3-1,25,11,2,16,9,14,113888,4,728,4,7,6,3,0,18,12,3
0.6499999761581421,0.6000000238418579,0.4000000059604645,0.6499999761581421,4.0,0.15000000596046448,0.5,0.3499999940395355,0.3499999940395355,0.10000000149011612,0.8500000238418579,0.15000000596046448,0.10000000149011612,0.5,0.5,0.6000000238418579,2.0,0.6000000238418579,4.0,0.8999999761581421,0.019999999552965164,0.8999999761581421,0.2199999988079071,0.8500000238418579,0.2199999988079071,4161,21381,25602,8581,21314,12737,8450,38405,12737,38405,25602,4-4-2,26,13,2,16,12,10,113892,4,729,16,7,6,11,0,24,15,3
0.6499999761581421,0.6000000238418579,0.4000000059604645,0.6499999761581421,4.0,0.15000000596046448,0.5,0.3499999940395355,0.3499999940395355,0.10000000149011612,0.8500000238418579,0.15000000596046448,0.10000000149011612,0.5,0.5,0.6000000238418579,2.0,0.6000000238418579,4.0,0.8999999761581421,0.019999999552965164,0.8999999761581421,0.2199999988079071,0.8500000238418579,0.2199999988079071,4161,21314,25667,8450,21185,12737,8386,38405,12737,38410,25602,4-4-2,26,13,2,16,12,10,113926,4,730,16,7,6,11,0,24,15,3
0.5,0.2199999988079071,0.4000000059604645,0.699999988079071,5.0,0.15000000596046448,0.33000001311302185,0.6499999761581421,0.5,0.3499999940395355,0.8500000238418579,0.17499999701976776,0.30000001192092896,0.5,0.5,0.5,2.0,0.6000000238418579,3.0,0.10000000149011612,0.019999999552965164,0.8999999761581421,0.15000000596046448,0.8500000238418579,0.2199999988079071,5827,17089,21381,14145,21442,14145,8581,38405,12802,38213,8450,5-3-2,26,10,1,15,7,4,113974,4,731,31,6,5,24,0,24,13,3
0.8999999761581421,0.3499999940395355,0.4000000059604645,0.5,3.0,0.17499999701976776,0.5600000023841858,0.10000000149011612,0.30000001192092896,0.5,0.8700000047683716,0.15000000596046448,0.6499999761581421,0.5600000023841858,0.5,0.6700000166893005,2.0,0.6000000238418579,5.0,0.3499999940395355,0.019999999552965164,0.699999988079071,0.3499999940395355,0.8700000047683716,0.15000000596046448,4161,25794,29570,18306,25602,12737,12802,38341,12737,38405,17089,3-5-2,26,12,3,18,11,1,113984,5,732,27,9,6,22,0,24,16,4
0.6499999761581421,0.6000000238418579,0.4000000059604645,0.6499999761581421,4.0,0.15000000596046448,0.5,0.3499999940395355,0.3499999940395355,0.10000000149011612,0.8500000238418579,0.15000000596046448,0.10000000149011612,0.5,0.5,0.6000000238418579,2.0,0.6000000238418579,4.0,0.8999999761581421,0.019999999552965164,0.8999999761581421,0.2199999988079071,0.8500000238418579,0.2199999988079071,4161,21185,25602,8386,21185,12737,8450,38405,12737,38275,25602,4-4-2,26,13,2,16,12,10,113996,4,733,16,7,6,11,0,24,15,3
0.3499999940395355,0.3499999940395355,0.5,0.6499999761581421,5.0,0.15000000596046448,0.3499999940395355,0.8500000238418579,0.3499999940395355,0.5,0.8700000047683716,0.15000000596046448,0.10000000149011612,0.6700000166893005,0.5,0.6700000166893005,1.0,0.15000000596046448,4.0,0.6499999761581421,0.019999999552965164,0.8999999761581421,0.2199999988079071,0.6700000166893005,0.2199999988079071,4161,17089,29570,8386,29570,12737,8386,38405,12737,29570,17089,4-2-3-1,25,11,2,18,9,14,114019,4,734,3,7,6,16,0,19,17,3
0.0,0.0,0.0,0.0,0.0,0.0,0.0,0.0,0.0,0.0,0.0,0.0,0.0,0.0,0.0,0.0,0.0,0.0,0.0,0.0,0.0,0.0,0.0,0.0,0.0,0,0,0,0,0,0,0,0,0,0,0,-NONE-,29,18,2,15,19,-1,114046,6,735,-1,3,4,-1,0,31,16,7
0.5,0.5,0.10000000149011612,0.6499999761581421,4.0,0.15000000596046448,0.47999998927116394,0.3499999940395355,0.3499999940395355,0.8999999761581421,0.800000011920929,0.15000000596046448,0.10000000149011612,0.5,0.5,0.800000011920929,3.0,0.5,3.0,0.6499999761581421,0.019999999552965164,0.8999999761581421,0.2199999988079071,0.8500000238418579,0.2199999988079071,4161,21251,33986,8450,21314,12737,8450,33986,12737,38213,21251,4-3-3,27,14,3,23,13,6,114147,4,736,8,7,6,17,0,25,15,3
0.6499999761581421,0.6000000238418579,0.4000000059604645,0.6499999761581421,4.0,0.15000000596046448,0.5,0.3499999940395355,0.3499999940395355,0.10000000149011612,0.8500000238418579,0.15000000596046448,0.10000000149011612,0.5,0.5,0.6000000238418579,2.0,0.6000000238418579,4.0,0.8999999761581421,0.019999999552965164,0.8999999761581421,0.2199999988079071,0.8500000238418579,0.2199999988079071,4161,21185,25602,8386,21314,12737,8450,38275,12737,38405,25602,4-4-2,26,13,2,16,12,10,114161,4,737,16,7,6,11,0,24,15,3
0.5,0.5,0.10000000149011612,0.6499999761581421,4.0,0.15000000596046448,0.47999998927116394,0.3499999940395355,0.3499999940395355,0.8999999761581421,0.800000011920929,0.15000000596046448,0.10000000149011612,0.5,0.5,0.800000011920929,3.0,0.5,3.0,0.6499999761581421,0.019999999552965164,0.8999999761581421,0.2199999988079071,0.8500000238418579,0.2199999988079071,4161,21314,33794,8450,21314,12802,8386,33794,12737,38213,21314,4-3-3,27,14,3,23,13,6,114162,4,738,8,7,6,17,0,25,15,3
0.3499999940395355,0.3499999940395355,0.5,0.6499999761581421,5.0,0.15000000596046448,0.3499999940395355,0.8999999761581421,0.3499999940395355,0.10000000149011612,0.8700000047683716,0.15000000596046448,0.10000000149011612,0.6000000238418579,0.5,0.6000000238418579,1.0,0.5,4.0,0.6499999761581421,0.019999999552965164,0.8999999761581421,0.2199999988079071,0.6700000166893005,0.2199999988079071,4161,17089,25794,8386,25794,12737,8386,38213,12737,29570,17089,4-2-3-1,25,11,2,16,9,14,114168,4,739,4,7,6,3,0,18,12,3
0.3499999940395355,0.5,0.5,0.5,3.0,0.17499999701976776,0.5,0.10000000149011612,0.30000001192092896,0.75,0.8700000047683716,0.15000000596046448,0.8999999761581421,0.5600000023841858,0.5,0.699999988079071,2.0,0.25,5.0,0.6499999761581421,0.019999999552965164,0.699999988079071,0.5600000023841858,0.699999988079071,0.15000000596046448,4161,21381,29570,25602,25602,12737,14145,38341,12865,29957,21251,3-4-2-1,25,15,3,17,13,19,114326,5,740,24,12,6,21,0,19,16,4
0.3499999940395355,0.3499999940395355,0.5,0.6499999761581421,5.0,0.15000000596046448,0.3499999940395355,0.8999999761581421,0.3499999940395355,0.10000000149011612,0.8700000047683716,0.15000000596046448,0.10000000149011612,0.6000000238418579,0.5,0.6000000238418579,1.0,0.5,4.0,0.6499999761581421,0.019999999552965164,0.8999999761581421,0.2199999988079071,0.6700000166893005,0.2199999988079071,4161,17089,25602,8581,25602,12737,8450,38213,12737,29634,18306,4-2-3-1,25,11,2,16,9,14,114385,4,741,4,7,6,3,0,18,12,3
0.3499999940395355,0.5,0.10000000149011612,0.5,3.0,0.17499999701976776,0.5,0.10000000149011612,0.30000001192092896,0.8999999761581421,0.800000011920929,0.15000000596046448,0.8999999761581421,0.5600000023841858,0.5,0.800000011920929,3.0,0.5,4.0,0.6499999761581421,0.019999999552965164,0.699999988079071,0.5600000023841858,0.8500000238418579,0.15000000596046448,4161,21185,33986,25732,25729,12737,12737,33986,12865,38410,21314,3-4-3,27,15,4,23,13,0,114510,5,742,25,12,6,2,0,25,16,4
0.5,0.2199999988079071,0.4000000059604645,0.699999988079071,5.0,0.15000000596046448,0.33000001311302185,0.6499999761581421,0.5,0.3499999940395355,0.8500000238418579,0.17499999701976776,0.30000001192092896,0.5,0.5,0.5,2.0,0.6000000238418579,3.0,0.10000000149011612,0.019999999552965164,0.8999999761581421,0.15000000596046448,0.8500000238418579,0.2199999988079071,4161,17089,21442,14145,21251,14145,8450,38213,12737,38410,8581,5-3-2,26,10,1,15,7,4,114545,4,743,31,6,5,24,0,24,13,3
0.8999999761581421,0.33000001311302185,0.5,0.6499999761581421,4.5,0.15000000596046448,0.6000000238418579,0.6499999761581421,0.3499999940395355,0.3499999940395355,0.8500000238418579,0.15000000596046448,0.10000000149011612,0.5,0.5,0.5,1.0,0.10000000149011612,4.5,0.5,0.019999999552965164,0.8999999761581421,0.2199999988079071,0.6000000238418579,0.2199999988079071,4226,25667,21314,8386,21185,12737,8513,38405,12802,25729,17089,4-1-4-1,25,12,2,15,10,15,114546,4,744,2,7,6,31,0,16,13,3
0.5,0.5,0.10000000149011612,0.6499999761581421,4.0,0.15000000596046448,0.47999998927116394,0.3499999940395355,0.3499999940395355,0.8999999761581421,0.800000011920929,0.15000000596046448,0.10000000149011612,0.5,0.5,0.800000011920929,3.0,0.5,3.0,0.6499999761581421,0.019999999552965164,0.8999999761581421,0.2199999988079071,0.8500000238418579,0.2199999988079071,4161,21251,33859,8513,21381,12865,8513,33797,12865,38213,21314,4-3-3,27,14,3,23,13,6,114554,4,745,8,7,6,17,0,25,15,3
0.8999999761581421,0.33000001311302185,0.5,0.6499999761581421,4.5,0.15000000596046448,0.6000000238418579,0.6499999761581421,0.3499999940395355,0.3499999940395355,0.8500000238418579,0.15000000596046448,0.10000000149011612,0.5,0.5,0.5,1.0,0.10000000149011612,4.5,0.5,0.019999999552965164,0.8999999761581421,0.2199999988079071,0.6000000238418579,0.2199999988079071,4161,25794,21314,8450,21381,12737,8450,38213,12737,25667,17089,4-1-4-1,25,12,2,15,10,15,114577,4,746,2,7,6,31,0,16,13,3
0.3499999940395355,0.5,0.10000000149011612,0.6499999761581421,4.0,0.15000000596046448,0.5,0.5,0.3499999940395355,0.8999999761581421,0.800000011920929,0.15000000596046448,0.10000000149011612,0.6700000166893005,0.5,0.800000011920929,3.0,0.5,3.0,0.6499999761581421,0.019999999552965164,0.8999999761581421,0.2199999988079071,0.8700000047683716,0.2199999988079071,4161,21381,33794,8386,29570,12737,8386,33794,12802,38213,21314,4-3-3,27,15,3,23,13,6,114578,4,747,11,7,6,4,0,25,18,3
0.3499999940395355,0.3499999940395355,0.5,0.6499999761581421,5.0,0.15000000596046448,0.3499999940395355,0.8999999761581421,0.3499999940395355,0.10000000149011612,0.8700000047683716,0.15000000596046448,0.10000000149011612,0.6000000238418579,0.5,0.6000000238418579,1.0,0.5,4.0,0.6499999761581421,0.019999999552965164,0.8999999761581421,0.2199999988079071,0.6700000166893005,0.2199999988079071,4161,17155,25602,8450,25602,12737,8581,38405,12737,29634,17089,4-2-3-1,25,11,2,16,9,14,114604,4,748,4,7,6,3,0,18,12,3
0.3499999940395355,0.3499999940395355,0.5,0.6499999761581421,5.0,0.15000000596046448,0.3499999940395355,0.8999999761581421,0.3499999940395355,0.10000000149011612,0.8700000047683716,0.15000000596046448,0.10000000149011612,0.6000000238418579,0.5,0.6000000238418579,1.0,0.5,4.0,0.6499999761581421,0.019999999552965164,0.8999999761581421,0.2199999988079071,0.6700000166893005,0.2199999988079071,4161,17985,25794,8581,25602,12737,8386,38405,12737,29570,17089,4-2-3-1,25,11,2,16,9,14,114611,4,749,4,7,6,3,0,18,12,3
0.3499999940395355,0.3499999940395355,0.5,0.6499999761581421,5.0,0.15000000596046448,0.3499999940395355,0.8999999761581421,0.3499999940395355,0.10000000149011612,0.8700000047683716,0.15000000596046448,0.10000000149011612,0.6000000238418579,0.5,0.6000000238418579,1.0,0.5,4.0,0.6499999761581421,0.019999999552965164,0.8999999761581421,0.2199999988079071,0.6700000166893005,0.2199999988079071,4161,17985,25605,8450,25602,12737,8450,38341,12737,29634,17089,4-2-3-1,25,11,2,16,9,14,114628,4,750,4,7,6,3,0,18,12,3
0.3499999940395355,0.3499999940395355,0.5,0.6499999761581421,5.0,0.15000000596046448,0.3499999940395355,0.8999999761581421,0.3499999940395355,0.10000000149011612,0.8700000047683716,0.15000000596046448,0.10000000149011612,0.6000000238418579,0.5,0.6000000238418579,1.0,0.5,4.0,0.6499999761581421,0.019999999552965164,0.8999999761581421,0.2199999988079071,0.6700000166893005,0.2199999988079071,4161,17089,25602,8386,25602,12865,8386,38341,12865,29570,17089,4-2-3-1,25,11,2,16,9,14,114640,4,751,4,7,6,3,0,18,12,3
0.6499999761581421,0.33000001311302185,0.4000000059604645,0.6499999761581421,4.0,0.15000000596046448,0.5,0.3499999940395355,0.3499999940395355,0.5,0.8700000047683716,0.15000000596046448,0.10000000149011612,0.5,0.5,0.6700000166893005,2.5,0.6000000238418579,3.5,0.5,0.019999999552965164,0.8999999761581421,0.2199999988079071,0.8700000047683716,0.2199999988079071,4161,21314,29570,8386,21314,12737,8386,38405,12737,38405,17089,4-1-2-1-2,26,13,2,18,10,11,114815,4,752,15,7,6,9,0,24,15,3
0.3499999940395355,0.3499999940395355,0.5,0.6499999761581421,5.0,0.15000000596046448,0.3499999940395355,0.8999999761581421,0.3499999940395355,0.10000000149011612,0.8700000047683716,0.15000000596046448,0.10000000149011612,0.6000000238418579,0.5,0.6000000238418579,1.0,0.5,4.0,0.6499999761581421,0.019999999552965164,0.8999999761581421,0.2199999988079071,0.6700000166893005,0.2199999988079071,4226,17089,25602,8450,25602,12737,8450,38405,12737,29570,17089,4-2-3-1,25,11,2,16,9,14,115202,4,753,4,7,6,3,0,18,12,3
0.8999999761581421,0.3499999940395355,0.4000000059604645,0.5,3.0,0.17499999701976776,0.5600000023841858,0.10000000149011612,0.30000001192092896,0.5,0.8700000047683716,0.15000000596046448,0.6499999761581421,0.5600000023841858,0.5,0.6700000166893005,2.0,0.6000000238418579,5.0,0.3499999940395355,0.019999999552965164,0.699999988079071,0.3499999940395355,0.8700000047683716,0.15000000596046448,4161,25667,30341,17089,25667,12737,12737,38405,12737,38405,17089,3-5-2,26,12,3,18,11,1,115362,5,754,27,9,6,22,0,24,16,4
0.5,0.2199999988079071,0.4000000059604645,0.699999988079071,5.0,0.15000000596046448,0.33000001311302185,0.6499999761581421,0.5,0.3499999940395355,0.8500000238418579,0.17499999701976776,0.30000001192092896,0.5,0.5,0.5,2.0,0.6000000238418579,3.0,0.10000000149011612,0.019999999552965164,0.8999999761581421,0.15000000596046448,0.8500000238418579,0.2199999988079071,4161,17089,21251,12806,21314,12806,8386,38213,12737,38405,8386,5-3-2,26,10,1,15,7,4,115472,4,755,31,6,5,24,0,24,13,3
0.375,0.3499999940395355,0.5,0.625,5.0,0.10000000149011612,0.3499999940395355,0.675000011920929,0.375,0.5,0.925000011920929,0.10000000149011612,0.15000000596046448,0.6499999761581421,0.5,0.6499999761581421,1.0,0.32499998807907104,4.0,0.625,0.07500000298023224,0.8500000238418579,0.11249999701976776,0.6499999761581421,0.11249999701976776,4161,17089,29570,8386,29570,12737,8386,38405,12737,29570,17089,4-2-3-1,25,11,2,18,9,14,115486,4,756,3,7,6,16,0,19,17,3
0.8999999761581421,0.33000001311302185,0.5,0.6499999761581421,4.5,0.15000000596046448,0.6000000238418579,0.6499999761581421,0.3499999940395355,0.3499999940395355,0.8500000238418579,0.15000000596046448,0.10000000149011612,0.5,0.5,0.5,1.0,0.10000000149011612,4.5,0.5,0.019999999552965164,0.8999999761581421,0.2199999988079071,0.6000000238418579,0.2199999988079071,4161,25729,21381,8386,21384,12737,8513,38405,12737,25729,17089,4-1-4-1,25,12,2,15,10,15,115517,4,757,2,7,6,31,0,16,13,3
0.5,0.5,0.4000000059604645,0.6499999761581421,4.0,0.15000000596046448,0.47999998927116394,0.3499999940395355,0.3499999940395355,0.5,0.8500000238418579,0.15000000596046448,0.10000000149011612,0.5,0.5,0.699999988079071,2.5,0.6000000238418579,3.5,0.6499999761581421,0.019999999552965164,0.8999999761581421,0.2199999988079071,0.8500000238418579,0.2199999988079071,4226,21314,29570,8450,21381,12737,8386,38405,12737,38213,21381,4-3-1-2,26,14,2,18,13,9,115682,4,758,6,7,6,34,0,24,15,3
0.3499999940395355,0.3499999940395355,0.4000000059604645,0.6499999761581421,4.0,0.15000000596046448,0.3499999940395355,0.8999999761581421,0.3499999940395355,0.10000000149011612,0.8500000238418579,0.15000000596046448,0.10000000149011612,0.5600000023841858,0.5,0.5600000023841858,2.0,0.6000000238418579,4.0,0.6499999761581421,0.019999999552965164,0.8999999761581421,0.2199999988079071,0.8500000238418579,0.2199999988079071,4161,17089,25602,8386,25602,12737,8386,38405,12802,38275,17155,4-4-2,26,11,2,16,9,10,115693,4,759,17,7,6,12,0,24,12,3
0.6499999761581421,0.33000001311302185,0.10000000149011612,0.6499999761581421,4.0,0.15000000596046448,0.5,0.3499999940395355,0.3499999940395355,0.8999999761581421,0.800000011920929,0.15000000596046448,0.10000000149011612,0.5,0.5,0.800000011920929,3.0,0.5,3.0,0.5,0.019999999552965164,0.8999999761581421,0.2199999988079071,0.8500000238418579,0.2199999988079071,4161,21314,33986,8581,21314,12865,8450,33986,12802,38275,17155,4-3-3,27,13,3,23,10,6,115841,4,760,9,7,6,7,0,25,15,3
0.3499999940395355,0.5,0.5,0.5,3.0,0.17499999701976776,0.5,0.10000000149011612,0.30000001192092896,0.75,0.8700000047683716,0.15000000596046448,0.8999999761581421,0.5600000023841858,0.5,0.699999988079071,2.0,0.25,5.0,0.6499999761581421,0.019999999552965164,0.699999988079071,0.5600000023841858,0.699999988079071,0.15000000596046448,5827,21314,29571,25729,25729,12802,14145,38405,14145,29957,21251,3-4-2-1,25,15,3,17,13,19,115845,5,761,24,12,6,21,0,19,16,4
0.5,0.2199999988079071,0.4000000059604645,0.699999988079071,5.0,0.15000000596046448,0.33000001311302185,0.6499999761581421,0.5,0.3499999940395355,0.8500000238418579,0.17499999701976776,0.30000001192092896,0.5,0.5,0.5,2.0,0.6000000238418579,3.0,0.10000000149011612,0.019999999552965164,0.8999999761581421,0.15000000596046448,0.8500000238418579,0.2199999988079071,4161,17089,21442,12737,21185,12737,8386,38405,12737,38405,8450,5-3-2,26,10,1,15,7,4,115892,4,762,31,6,5,24,0,24,13,3
0.3499999940395355,0.3499999940395355,0.5,0.6499999761581421,5.0,0.15000000596046448,0.3499999940395355,0.8999999761581421,0.3499999940395355,0.10000000149011612,0.8700000047683716,0.15000000596046448,0.10000000149011612,0.6000000238418579,0.5,0.6000000238418579,1.0,0.5,4.0,0.6499999761581421,0.019999999552965164,0.8999999761581421,0.2199999988079071,0.6700000166893005,0.2199999988079071,5827,17155,25794,8581,25794,12865,8581,38405,12865,29957,18306,4-2-3-1,25,11,2,16,9,14,115995,4,763,4,7,6,3,0,18,12,3
0.6499999761581421,0.6000000238418579,0.4000000059604645,0.6499999761581421,4.0,0.15000000596046448,0.5,0.3499999940395355,0.3499999940395355,0.10000000149011612,0.8500000238418579,0.15000000596046448,0.10000000149011612,0.5,0.5,0.6000000238418579,2.0,0.6000000238418579,4.0,0.8999999761581421,0.019999999552965164,0.8999999761581421,0.2199999988079071,0.8500000238418579,0.2199999988079071,5827,21251,25602,8581,21185,12737,8450,38275,12737,38341,25667,4-4-2,26,13,2,16,12,10,115996,4,764,16,7,6,11,0,24,15,3
0.6499999761581421,0.6000000238418579,0.4000000059604645,0.6499999761581421,4.0,0.15000000596046448,0.5,0.3499999940395355,0.3499999940395355,0.10000000149011612,0.8500000238418579,0.15000000596046448,0.10000000149011612,0.5,0.5,0.6000000238418579,2.0,0.6000000238418579,4.0,0.8999999761581421,0.019999999552965164,0.8999999761581421,0.2199999988079071,0.8500000238418579,0.2199999988079071,4161,21314,25602,8581,21251,12737,8581,38405,12865,38405,25602,4-4-2,26,13,2,16,12,10,115997,4,765,16,7,6,11,0,24,15,3
0.3499999940395355,0.3499999940395355,0.10000000149011612,0.6499999761581421,4.0,0.15000000596046448,0.3499999940395355,0.5,0.3499999940395355,0.8999999761581421,0.800000011920929,0.15000000596046448,0.10000000149011612,0.5,0.5,0.800000011920929,3.0,0.5,3.0,0.6499999761581421,0.019999999552965164,0.8999999761581421,0.2199999988079071,0.8500000238418579,0.2199999988079071,5827,17089,33986,8581,21314,12865,8450,33986,12865,38405,17025,4-3-3,27,11,3,23,9,6,115998,4,766,10,7,6,5,0,25,14,3
0.5,0.2199999988079071,0.4000000059604645,0.699999988079071,5.0,0.15000000596046448,0.33000001311302185,0.6499999761581421,0.5,0.3499999940395355,0.8500000238418579,0.17499999701976776,0.30000001192092896,0.5,0.5,0.5,2.0,0.6000000238418579,3.0,0.10000000149011612,0.019999999552965164,0.8999999761581421,0.15000000596046448,0.8500000238418579,0.2199999988079071,5827,17089,21249,12737,21314,12737,8450,38341,12865,38405,8450,5-3-2,26,10,1,15,7,4,115999,4,767,31,6,5,24,0,24,13,3
0.3499999940395355,0.5,0.10000000149011612,0.5,3.0,0.17499999701976776,0.5,0.10000000149011612,0.30000001192092896,0.8999999761581421,0.800000011920929,0.15000000596046448,0.8999999761581421,0.5600000023841858,0.5,0.800000011920929,3.0,0.5,4.0,0.6499999761581421,0.019999999552965164,0.699999988079071,0.5600000023841858,0.8500000238418579,0.15000000596046448,4226,21314,33794,25602,25602,12865,12737,33986,12737,38341,21314,3-4-3,27,15,4,23,13,0,116001,5,768,25,12,6,2,0,25,16,4
0.3499999940395355,0.3499999940395355,0.5,0.6499999761581421,5.0,0.15000000596046448,0.3499999940395355,0.8999999761581421,0.3499999940395355,0.10000000149011612,0.8700000047683716,0.15000000596046448,0.10000000149011612,0.6000000238418579,0.5,0.6000000238418579,1.0,0.5,4.0,0.6499999761581421,0.019999999552965164,0.8999999761581421,0.2199999988079071,0.6700000166893005,0.2199999988079071,5827,17089,25794,8450,25602,12737,8450,38213,12737,29570,17089,4-2-3-1,25,11,2,16,9,14,116002,4,769,4,7,6,3,0,18,12,3
0.8999999761581421,0.33000001311302185,0.4000000059604645,0.6499999761581421,4.5,0.15000000596046448,0.5600000023841858,0.5,0.3499999940395355,0.10000000149011612,0.8500000238418579,0.15000000596046448,0.10000000149011612,0.5199999809265137,0.5,0.5600000023841858,2.0,0.6000000238418579,3.5,0.5,0.019999999552965164,0.8999999761581421,0.2199999988079071,0.8500000238418579,0.2199999988079071,4226,25602,25729,8513,21314,12802,8450,38275,12865,38405,17089,4-1-3-2,26,12,2,16,10,12,116003,4,770,1,7,6,30,0,24,14,3
0.6499999761581421,0.6000000238418579,0.4000000059604645,0.6499999761581421,4.0,0.15000000596046448,0.5,0.3499999940395355,0.3499999940395355,0.10000000149011612,0.8500000238418579,0.15000000596046448,0.10000000149011612,0.5,0.5,0.6000000238418579,2.0,0.6000000238418579,4.0,0.8999999761581421,0.019999999552965164,0.8999999761581421,0.2199999988079071,0.8500000238418579,0.2199999988079071,5827,21251,25602,8450,21185,12737,8450,38405,12737,38341,25794,4-4-2,26,13,2,16,12,10,116004,4,771,16,7,6,11,0,24,15,3
0.6499999761581421,0.6000000238418579,0.4000000059604645,0.6499999761581421,4.0,0.15000000596046448,0.5,0.3499999940395355,0.3499999940395355,0.10000000149011612,0.8500000238418579,0.15000000596046448,0.10000000149011612,0.5,0.5,0.6000000238418579,2.0,0.6000000238418579,4.0,0.8999999761581421,0.019999999552965164,0.8999999761581421,0.2199999988079071,0.8500000238418579,0.2199999988079071,5827,21314,25602,8513,21314,12802,8450,38341,12737,38275,25729,4-4-2,26,13,2,16,12,10,116005,4,772,16,7,6,11,0,24,15,3
0.3499999940395355,0.3499999940395355,0.5,0.6499999761581421,5.0,0.15000000596046448,0.3499999940395355,0.8999999761581421,0.3499999940395355,0.10000000149011612,0.8700000047683716,0.15000000596046448,0.10000000149011612,0.6000000238418579,0.5,0.6000000238418579,1.0,0.5,4.0,0.6499999761581421,0.019999999552965164,0.8999999761581421,0.2199999988079071,0.6700000166893005,0.2199999988079071,5827,17155,25794,8581,25794,12865,8581,38341,12865,29957,18306,4-2-3-1,25,11,2,16,9,14,116009,4,773,4,7,6,3,0,18,12,3
0.3499999940395355,0.3499999940395355,0.5,0.6499999761581421,5.0,0.15000000596046448,0.3499999940395355,0.8999999761581421,0.3499999940395355,0.10000000149011612,0.8700000047683716,0.15000000596046448,0.10000000149011612,0.6000000238418579,0.5,0.6000000238418579,1.0,0.5,4.0,0.6499999761581421,0.019999999552965164,0.8999999761581421,0.2199999988079071,0.6700000166893005,0.2199999988079071,5827,17985,25794,8581,25794,12865,8581,38213,12737,29570,18306,4-2-3-1,25,11,2,16,9,14,116010,4,774,4,7,6,3,0,18,12,3
0.3499999940395355,0.3499999940395355,0.5,0.6499999761581421,5.0,0.15000000596046448,0.3499999940395355,0.8999999761581421,0.3499999940395355,0.10000000149011612,0.8700000047683716,0.15000000596046448,0.10000000149011612,0.6000000238418579,0.5,0.6000000238418579,1.0,0.5,4.0,0.6499999761581421,0.019999999552965164,0.8999999761581421,0.2199999988079071,0.6700000166893005,0.2199999988079071,5827,17153,25794,8450,25602,12737,8450,38405,12737,29570,17025,4-2-3-1,25,11,2,16,9,14,116011,4,775,4,7,6,3,0,18,12,3
0.3499999940395355,0.3499999940395355,0.5,0.6499999761581421,5.0,0.15000000596046448,0.3499999940395355,0.8999999761581421,0.3499999940395355,0.10000000149011612,0.8700000047683716,0.15000000596046448,0.10000000149011612,0.6000000238418579,0.5,0.6000000238418579,1.0,0.5,4.0,0.6499999761581421,0.019999999552965164,0.8999999761581421,0.2199999988079071,0.6700000166893005,0.2199999988079071,4161,17155,25794,8450,25794,12737,8450,38405,12865,29570,17089,4-2-3-1,25,11,2,16,9,14,116012,4,776,4,7,6,3,0,18,12,3
0.6499999761581421,0.5600000023841858,0.5,0.6499999761581421,4.0,0.15000000596046448,0.5,0.3499999940395355,0.3499999940395355,0.10000000149011612,0.8700000047683716,0.15000000596046448,0.10000000149011612,0.5,0.5,0.5600000023841858,1.5,0.5,4.5,0.8999999761581421,0.019999999552965164,0.8999999761581421,0.2199999988079071,0.6700000166893005,0.2199999988079071,5827,21314,25794,9987,21381,12737,8513,38275,12737,29570,25602,4-4-1-1,25,13,2,16,12,14,116013,4,777,18,7,6,18,0,18,15,3
0.6499999761581421,0.6000000238418579,0.4000000059604645,0.6499999761581421,4.0,0.15000000596046448,0.5,0.3499999940395355,0.3499999940395355,0.10000000149011612,0.8500000238418579,0.15000000596046448,0.10000000149011612,0.5,0.5,0.6000000238418579,2.0,0.6000000238418579,4.0,0.8999999761581421,0.019999999552965164,0.8999999761581421,0.2199999988079071,0.8500000238418579,0.2199999988079071,4161,21185,25729,8581,21185,12802,8386,38341,12737,38405,25602,4-4-2,26,13,2,16,12,10,116014,4,778,16,7,6,11,0,24,15,3
0.6499999761581421,0.6000000238418579,0.4000000059604645,0.6499999761581421,4.0,0.15000000596046448,0.5,0.3499999940395355,0.3499999940395355,0.10000000149011612,0.8500000238418579,0.15000000596046448,0.10000000149011612,0.5,0.5,0.6000000238418579,2.0,0.6000000238418579,4.0,0.8999999761581421,0.019999999552965164,0.8999999761581421,0.2199999988079071,0.8500000238418579,0.2199999988079071,5827,21251,25729,8450,21185,12737,9987,38275,12865,38405,25602,4-4-2,26,13,2,16,12,10,116015,4,779,16,7,6,11,0,24,15,3
0.6499999761581421,0.6000000238418579,0.4000000059604645,0.6499999761581421,4.0,0.15000000596046448,0.5,0.3499999940395355,0.3499999940395355,0.10000000149011612,0.8500000238418579,0.15000000596046448,0.10000000149011612,0.5,0.5,0.6000000238418579,2.0,0.6000000238418579,4.0,0.8999999761581421,0.019999999552965164,0.8999999761581421,0.2199999988079071,0.8500000238418579,0.2199999988079071,5827,21185,25602,8450,21314,12802,8513,38341,12737,38405,25602,4-4-2,26,13,2,16,12,10,116016,4,780,16,7,6,11,0,24,15,3
0.3499999940395355,0.3499999940395355,0.5,0.6499999761581421,5.0,0.15000000596046448,0.3499999940395355,0.8999999761581421,0.3499999940395355,0.10000000149011612,0.8700000047683716,0.15000000596046448,0.10000000149011612,0.6000000238418579,0.5,0.6000000238418579,1.0,0.5,4.0,0.6499999761581421,0.019999999552965164,0.8999999761581421,0.2199999988079071,0.6700000166893005,0.2199999988079071,5827,17985,25602,9987,25667,12737,8581,38213,12865,29957,17089,4-2-3-1,25,11,2,16,9,14,116017,4,781,4,7,6,3,0,18,12,3
0.8999999761581421,0.2199999988079071,0.5,0.699999988079071,5.0,0.15000000596046448,0.6000000238418579,0.6499999761581421,0.5,0.3499999940395355,0.8500000238418579,0.17499999701976776,0.30000001192092896,0.5,0.5,0.5,1.0,0.10000000149011612,4.0,0.10000000149011612,0.019999999552965164,0.8999999761581421,0.15000000596046448,0.6000000238418579,0.2199999988079071,5827,25794,21185,12802,21314,12737,8386,38405,12737,25602,8386,5-4-1,25,12,0,15,7,5,116020,4,782,33,6,5,14,0,16,13,3
0.3499999940395355,0.3499999940395355,0.5,0.6499999761581421,5.0,0.15000000596046448,0.3499999940395355,0.8999999761581421,0.3499999940395355,0.10000000149011612,0.8700000047683716,0.15000000596046448,0.10000000149011612,0.6000000238418579,0.5,0.6000000238418579,1.0,0.5,4.0,0.6499999761581421,0.019999999552965164,0.8999999761581421,0.2199999988079071,0.6700000166893005,0.2199999988079071,4226,17089,25602,8450,25602,12737,8513,38275,12737,29570,17089,4-2-3-1,25,11,2,16,9,14,116021,4,783,4,7,6,3,0,18,12,3
0.6499999761581421,0.33000001311302185,0.10000000149011612,0.6499999761581421,4.0,0.15000000596046448,0.5,0.3499999940395355,0.3499999940395355,0.8999999761581421,0.800000011920929,0.15000000596046448,0.10000000149011612,0.5,0.5,0.800000011920929,3.0,0.5,3.0,0.5,0.019999999552965164,0.8999999761581421,0.2199999988079071,0.8500000238418579,0.2199999988079071,4161,21251,33986,8581,21314,12865,8581,33794,12737,38405,17089,4-3-3,27,13,3,23,10,6,116033,4,784,9,7,6,7,0,25,15,3
0.8999999761581421,0.33000001311302185,0.5,0.6499999761581421,4.5,0.15000000596046448,0.6000000238418579,0.6499999761581421,0.3499999940395355,0.3499999940395355,0.8500000238418579,0.15000000596046448,0.10000000149011612,0.5,0.5,0.5,1.0,0.10000000149011612,4.5,0.5,0.019999999552965164,0.8999999761581421,0.2199999988079071,0.6000000238418579,0.2199999988079071,5827,25602,21381,8581,21314,12865,8581,38275,12737,25602,17089,4-1-4-1,25,12,2,15,10,15,116034,4,785,2,7,6,31,0,16,13,3
0.3499999940395355,0.3499999940395355,0.5,0.6499999761581421,5.0,0.15000000596046448,0.3499999940395355,0.8999999761581421,0.3499999940395355,0.10000000149011612,0.8700000047683716,0.15000000596046448,0.10000000149011612,0.6000000238418579,0.5,0.6000000238418579,1.0,0.5,4.0,0.6499999761581421,0.019999999552965164,0.8999999761581421,0.2199999988079071,0.6700000166893005,0.2199999988079071,4161,17089,25794,8386,25794,12737,8450,38341,12865,29570,18306,4-2-3-1,25,11,2,16,9,14,116035,4,786,4,7,6,3,0,18,12,3
0.3499999940395355,0.3499999940395355,0.5,0.6499999761581421,5.0,0.15000000596046448,0.3499999940395355,0.8999999761581421,0.3499999940395355,0.10000000149011612,0.8700000047683716,0.15000000596046448,0.10000000149011612,0.6000000238418579,0.5,0.6000000238418579,1.0,0.5,4.0,0.6499999761581421,0.019999999552965164,0.8999999761581421,0.2199999988079071,0.6700000166893005,0.2199999988079071,5827,17089,25602,8450,25602,12737,8450,38405,12737,29570,17089,4-2-3-1,25,11,2,16,9,14,116036,4,787,4,7,6,3,0,18,12,3
0.3499999940395355,0.3499999940395355,0.5,0.6499999761581421,5.0,0.15000000596046448,0.3499999940395355,0.8999999761581421,0.3499999940395355,0.10000000149011612,0.8700000047683716,0.15000000596046448,0.10000000149011612,0.6000000238418579,0.5,0.6000000238418579,1.0,0.5,4.0,0.6499999761581421,0.019999999552965164,0.8999999761581421,0.2199999988079071,0.6700000166893005,0.2199999988079071,5827,17089,25729,8386,25602,12737,8450,38341,12737,29634,17089,4-2-3-1,25,11,2,16,9,14,116037,4,788,4,7,6,3,0,18,12,3
0.3499999940395355,0.3499999940395355,0.5,0.6499999761581421,5.0,0.15000000596046448,0.3499999940395355,0.8999999761581421,0.3499999940395355,0.10000000149011612,0.8700000047683716,0.15000000596046448,0.10000000149011612,0.6000000238418579,0.5,0.6000000238418579,1.0,0.5,4.0,0.6499999761581421,0.019999999552965164,0.8999999761581421,0.2199999988079071,0.6700000166893005,0.2199999988079071,5827,17089,25602,8386,25602,12737,8450,38341,12737,29570,17155,4-2-3-1,25,11,2,16,9,14,116039,4,789,4,7,6,3,0,18,12,3
0.6499999761581421,0.6000000238418579,0.4000000059604645,0.6499999761581421,4.0,0.15000000596046448,0.5,0.3499999940395355,0.3499999940395355,0.10000000149011612,0.8500000238418579,0.15000000596046448,0.10000000149011612,0.5,0.5,0.6000000238418579,2.0,0.6000000238418579,4.0,0.8999999761581421,0.019999999552965164,0.8999999761581421,0.2199999988079071,0.8500000238418579,0.2199999988079071,4226,21314,25602,8450,21314,12737,8386,38275,12737,38405,25602,4-4-2,26,13,2,16,12,10,116044,4,790,16,7,6,11,0,24,15,3
0.3499999940395355,0.5,0.10000000149011612,0.5,3.0,0.17499999701976776,0.5,0.10000000149011612,0.30000001192092896,0.8999999761581421,0.800000011920929,0.15000000596046448,0.8999999761581421,0.5600000023841858,0.5,0.800000011920929,3.0,0.5,4.0,0.6499999761581421,0.019999999552965164,0.699999988079071,0.5600000023841858,0.8500000238418579,0.15000000596046448,4161,21314,33797,25602,25602,12802,12737,33794,12802,38275,21185,3-4-3,27,15,4,23,13,0,116280,5,791,25,12,6,2,0,25,16,4
0.6499999761581421,0.33000001311302185,0.10000000149011612,0.6499999761581421,4.0,0.15000000596046448,0.5,0.3499999940395355,0.3499999940395355,0.8999999761581421,0.800000011920929,0.15000000596046448,0.10000000149011612,0.5,0.5,0.800000011920929,3.0,0.5,3.0,0.5,0.019999999552965164,0.8999999761581421,0.2199999988079071,0.8500000238418579,0.2199999988079071,4161,21314,33794,8450,21314,12737,8386,33794,12737,38341,17153,4-3-3,27,13,3,23,10,6,116282,4,792,9,7,6,7,0,25,15,3
0.3499999940395355,0.3499999940395355,0.5,0.6499999761581421,5.0,0.15000000596046448,0.3499999940395355,0.8999999761581421,0.3499999940395355,0.10000000149011612,0.8700000047683716,0.15000000596046448,0.10000000149011612,0.6000000238418579,0.5,0.6000000238418579,1.0,0.5,4.0,0.6499999761581421,0.019999999552965164,0.8999999761581421,0.2199999988079071,0.6700000166893005,0.2199999988079071,5827,17089,25794,8450,25602,12737,8450,38275,12737,29570,17089,4-2-3-1,25,11,2,16,9,14,116300,4,793,4,7,6,3,0,18,12,3
0.3499999940395355,0.3499999940395355,0.5,0.6499999761581421,5.0,0.15000000596046448,0.3499999940395355,0.8999999761581421,0.3499999940395355,0.10000000149011612,0.8700000047683716,0.15000000596046448,0.10000000149011612,0.6000000238418579,0.5,0.6000000238418579,1.0,0.5,4.0,0.6499999761581421,0.019999999552965164,0.8999999761581421,0.2199999988079071,0.6700000166893005,0.2199999988079071,5827,17089,25602,8450,25794,12737,8450,38405,12737,29634,17089,4-2-3-1,25,11,2,16,9,14,116302,4,794,4,7,6,3,0,18,12,3
0.3499999940395355,0.3499999940395355,0.5,0.6499999761581421,5.0,0.15000000596046448,0.3499999940395355,0.8999999761581421,0.3499999940395355,0.10000000149011612,0.8700000047683716,0.15000000596046448,0.10000000149011612,0.6000000238418579,0.5,0.6000000238418579,1.0,0.5,4.0,0.6499999761581421,0.019999999552965164,0.8999999761581421,0.2199999988079071,0.6700000166893005,0.2199999988079071,5827,17089,25797,8450,25602,12737,8450,38405,12737,29570,17025,4-2-3-1,25,11,2,16,9,14,116303,4,795,4,7,6,3,0,18,12,3
0.3499999940395355,0.3499999940395355,0.5,0.6499999761581421,5.0,0.15000000596046448,0.3499999940395355,0.8999999761581421,0.3499999940395355,0.10000000149011612,0.8700000047683716,0.15000000596046448,0.10000000149011612,0.6000000238418579,0.5,0.6000000238418579,1.0,0.5,4.0,0.6499999761581421,0.019999999552965164,0.8999999761581421,0.2199999988079071,0.6700000166893005,0.2199999988079071,4161,17089,25794,8450,25794,12737,8450,38275,12737,29570,17025,4-2-3-1,25,11,2,16,9,14,116304,4,796,4,7,6,3,0,18,12,3
0.3499999940395355,0.3499999940395355,0.5,0.6499999761581421,5.0,0.15000000596046448,0.3499999940395355,0.8999999761581421,0.3499999940395355,0.10000000149011612,0.8700000047683716,0.15000000596046448,0.10000000149011612,0.6000000238418579,0.5,0.6000000238418579,1.0,0.5,4.0,0.6499999761581421,0.019999999552965164,0.8999999761581421,0.2199999988079071,0.6700000166893005,0.2199999988079071,4161,17089,25729,8386,25602,12802,8581,38341,12737,29570,17089,4-2-3-1,25,11,2,16,9,14,116305,4,797,4,7,6,3,0,18,12,3
0.6499999761581421,0.6000000238418579,0.4000000059604645,0.6499999761581421,4.0,0.15000000596046448,0.5,0.3499999940395355,0.3499999940395355,0.10000000149011612,0.8500000238418579,0.15000000596046448,0.10000000149011612,0.5,0.5,0.6000000238418579,2.0,0.6000000238418579,4.0,0.8999999761581421,0.019999999552965164,0.8999999761581421,0.2199999988079071,0.8500000238418579,0.2199999988079071,4161,21314,25729,8386,21185,12737,8450,38275,12737,38341,25729,4-4-2,26,13,2,16,12,10,116306,4,798,16,7,6,11,0,24,15,3
0.3499999940395355,0.3499999940395355,0.5,0.6499999761581421,5.0,0.15000000596046448,0.3499999940395355,0.8999999761581421,0.3499999940395355,0.10000000149011612,0.8700000047683716,0.15000000596046448,0.10000000149011612,0.6000000238418579,0.5,0.6000000238418579,1.0,0.5,4.0,0.6499999761581421,0.019999999552965164,0.8999999761581421,0.2199999988079071,0.6700000166893005,0.2199999988079071,4161,17025,25602,8450,25602,12865,8450,38341,12737,29570,17089,4-2-3-1,25,11,2,16,9,14,116307,4,799,4,7,6,3,0,18,12,3
0.3499999940395355,0.3499999940395355,0.5,0.6499999761581421,5.0,0.15000000596046448,0.3499999940395355,0.8999999761581421,0.3499999940395355,0.10000000149011612,0.8700000047683716,0.15000000596046448,0.10000000149011612,0.6000000238418579,0.5,0.6000000238418579,1.0,0.5,4.0,0.6499999761581421,0.019999999552965164,0.8999999761581421,0.2199999988079071,0.6700000166893005,0.2199999988079071,4161,17089,25602,8513,25602,12737,8450,38213,12865,29957,17089,4-2-3-1,25,11,2,16,9,14,116308,4,800,4,7,6,3,0,18,12,3
0.3499999940395355,0.3499999940395355,0.5,0.6499999761581421,5.0,0.15000000596046448,0.3499999940395355,0.8999999761581421,0.3499999940395355,0.10000000149011612,0.8700000047683716,0.15000000596046448,0.10000000149011612,0.6000000238418579,0.5,0.6000000238418579,1.0,0.5,4.0,0.6499999761581421,0.019999999552965164,0.8999999761581421,0.2199999988079071,0.6700000166893005,0.2199999988079071,4161,17089,25794,8452,25602,12737,8450,38275,12737,29570,17089,4-2-3-1,25,11,2,16,9,14,116309,4,801,4,7,6,3,0,18,12,3
0.6499999761581421,0.33000001311302185,0.10000000149011612,0.6499999761581421,4.0,0.15000000596046448,0.5,0.3499999940395355,0.3499999940395355,0.8999999761581421,0.800000011920929,0.15000000596046448,0.10000000149011612,0.5,0.5,0.800000011920929,3.0,0.5,3.0,0.5,0.019999999552965164,0.8999999761581421,0.2199999988079071,0.8500000238418579,0.2199999988079071,5827,21442,33986,8450,21251,12737,8450,33986,12865,38341,17089,4-3-3,27,13,3,23,10,6,116310,4,802,9,7,6,7,0,25,15,3
0.3499999940395355,0.3499999940395355,0.5,0.6499999761581421,5.0,0.15000000596046448,0.3499999940395355,0.8999999761581421,0.3499999940395355,0.10000000149011612,0.8700000047683716,0.15000000596046448,0.10000000149011612,0.6000000238418579,0.5,0.6000000238418579,1.0,0.5,4.0,0.6499999761581421,0.019999999552965164,0.8999999761581421,0.2199999988079071,0.6700000166893005,0.2199999988079071,5827,17089,25794,8513,25794,12737,8450,38341,12737,29957,17089,4-2-3-1,25,11,2,16,9,14,116311,4,803,4,7,6,3,0,18,12,3
0.3499999940395355,0.3499999940395355,0.5,0.6499999761581421,5.0,0.15000000596046448,0.3499999940395355,0.8999999761581421,0.3499999940395355,0.10000000149011612,0.8700000047683716,0.15000000596046448,0.10000000149011612,0.6000000238418579,0.5,0.6000000238418579,1.0,0.5,4.0,0.6499999761581421,0.019999999552965164,0.8999999761581421,0.2199999988079071,0.6700000166893005,0.2199999988079071,4161,17025,25797,8581,25602,12737,8386,38341,12737,29570,17155,4-2-3-1,25,11,2,16,9,14,116312,4,804,4,7,6,3,0,18,12,3
0.5,0.5,0.10000000149011612,0.6499999761581421,4.0,0.15000000596046448,0.47999998927116394,0.3499999940395355,0.3499999940395355,0.8999999761581421,0.800000011920929,0.15000000596046448,0.10000000149011612,0.5,0.5,0.800000011920929,3.0,0.5,3.0,0.6499999761581421,0.019999999552965164,0.8999999761581421,0.2199999988079071,0.8500000238418579,0.2199999988079071,4227,21251,33989,8581,21384,12737,8581,33861,12865,38346,21185,4-3-3,27,14,3,23,13,6,116325,4,805,8,7,6,17,0,25,15,3
0.5,0.5,0.10000000149011612,0.6499999761581421,4.0,0.15000000596046448,0.47999998927116394,0.3499999940395355,0.3499999940395355,0.8999999761581421,0.800000011920929,0.15000000596046448,0.10000000149011612,0.5,0.5,0.800000011920929,3.0,0.5,3.0,0.6499999761581421,0.019999999552965164,0.8999999761581421,0.2199999988079071,0.8500000238418579,0.2199999988079071,4226,21314,33797,8450,21314,12865,8450,33989,12865,38341,21314,4-3-3,27,14,3,23,13,6,116326,4,806,8,7,6,17,0,25,15,3
0.5,0.2199999988079071,0.4000000059604645,0.699999988079071,5.0,0.15000000596046448,0.33000001311302185,0.6499999761581421,0.5,0.3499999940395355,0.8500000238418579,0.17499999701976776,0.30000001192092896,0.5,0.5,0.5,2.0,0.6000000238418579,3.0,0.10000000149011612,0.019999999552965164,0.8999999761581421,0.15000000596046448,0.8500000238418579,0.2199999988079071,5827,17089,21314,12865,21314,12737,8450,38405,12737,38405,8450,5-3-2,26,10,1,15,7,4,116327,4,807,31,6,5,24,0,24,13,3
0.3499999940395355,0.5,0.10000000149011612,0.5,3.0,0.17499999701976776,0.5,0.10000000149011612,0.30000001192092896,0.8999999761581421,0.800000011920929,0.15000000596046448,0.8999999761581421,0.5600000023841858,0.5,0.800000011920929,3.0,0.5,4.0,0.6499999761581421,0.019999999552965164,0.699999988079071,0.5600000023841858,0.8500000238418579,0.15000000596046448,5827,21381,33794,25602,25602,12737,12737,33794,12737,38341,21314,3-4-3,27,15,4,23,13,0,116328,5,808,25,12,6,2,0,25,16,4
0.5,0.2199999988079071,0.4000000059604645,0.699999988079071,5.0,0.15000000596046448,0.33000001311302185,0.6499999761581421,0.5,0.3499999940395355,0.8500000238418579,0.17499999701976776,0.30000001192092896,0.5,0.5,0.5,2.0,0.6000000238418579,3.0,0.10000000149011612,0.019999999552965164,0.8999999761581421,0.15000000596046448,0.8500000238418579,0.2199999988079071,4161,17089,21185,12737,21185,12865,8386,38405,12802,38405,8386,5-3-2,26,10,1,15,7,4,116331,4,809,31,6,5,24,0,24,13,3
0.5,0.2199999988079071,0.4000000059604645,0.699999988079071,5.0,0.15000000596046448,0.33000001311302185,0.6499999761581421,0.5,0.3499999940395355,0.8500000238418579,0.17499999701976776,0.30000001192092896,0.5,0.5,0.5,2.0,0.6000000238418579,3.0,0.10000000149011612,0.019999999552965164,0.8999999761581421,0.15000000596046448,0.8500000238418579,0.2199999988079071,4161,17089,21185,12737,21314,12737,8450,38341,12737,38405,8386,5-3-2,26,10,1,15,7,4,116332,4,810,31,6,5,24,0,24,13,3
0.8999999761581421,0.2199999988079071,0.5,0.699999988079071,5.0,0.15000000596046448,0.6000000238418579,0.6499999761581421,0.5,0.3499999940395355,0.8500000238418579,0.17499999701976776,0.30000001192092896,0.5,0.5,0.5,1.0,0.10000000149011612,4.0,0.10000000149011612,0.019999999552965164,0.8999999761581421,0.15000000596046448,0.6000000238418579,0.2199999988079071,4226,25602,21442,12737,21314,12737,8450,38405,12737,25602,8450,5-4-1,25,12,0,15,7,5,116333,4,811,33,6,5,14,0,16,13,3
0.5,0.2199999988079071,0.4000000059604645,0.699999988079071,5.0,0.15000000596046448,0.33000001311302185,0.6499999761581421,0.5,0.3499999940395355,0.8500000238418579,0.17499999701976776,0.30000001192092896,0.5,0.5,0.5,2.0,0.6000000238418579,3.0,0.10000000149011612,0.019999999552965164,0.8999999761581421,0.15000000596046448,0.8500000238418579,0.2199999988079071,4161,17155,21381,12865,21445,12737,8450,38405,12737,38341,8581,5-3-2,26,10,1,15,7,4,116334,4,812,31,6,5,24,0,24,13,3
0.6499999761581421,0.6000000238418579,0.4000000059604645,0.6499999761581421,4.0,0.15000000596046448,0.5,0.3499999940395355,0.3499999940395355,0.10000000149011612,0.8500000238418579,0.15000000596046448,0.10000000149011612,0.5,0.5,0.6000000238418579,2.0,0.6000000238418579,4.0,0.8999999761581421,0.019999999552965164,0.8999999761581421,0.2199999988079071,0.8500000238418579,0.2199999988079071,5827,21251,25602,8581,21381,12737,8513,38405,12865,38275,25667,4-4-2,26,13,2,16,12,10,116336,4,813,16,7,6,11,0,24,15,3
0.8999999761581421,0.33000001311302185,0.5,0.6499999761581421,4.5,0.15000000596046448,0.6000000238418579,0.6499999761581421,0.3499999940395355,0.3499999940395355,0.8500000238418579,0.15000000596046448,0.10000000149011612,0.5,0.5,0.5,1.0,0.10000000149011612,4.5,0.5,0.019999999552965164,0.8999999761581421,0.2199999988079071,0.6000000238418579,0.2199999988079071,4226,25794,21314,8386,21314,12737,8386,38341,12737,25602,17089,4-1-4-1,25,12,2,15,10,15,116337,4,814,2,7,6,31,0,16,13,3
0.8999999761581421,0.33000001311302185,0.5,0.6499999761581421,4.5,0.15000000596046448,0.6000000238418579,0.6499999761581421,0.3499999940395355,0.3499999940395355,0.8500000238418579,0.15000000596046448,0.10000000149011612,0.5,0.5,0.5,1.0,0.10000000149011612,4.5,0.5,0.019999999552965164,0.8999999761581421,0.2199999988079071,0.6000000238418579,0.2199999988079071,5827,25794,21314,8386,21314,12737,8450,38341,12737,25794,17089,4-1-4-1,25,12,2,15,10,15,116343,4,815,2,7,6,31,0,16,13,3
0.8999999761581421,0.2199999988079071,0.5,0.699999988079071,5.0,0.15000000596046448,0.6000000238418579,0.6499999761581421,0.5,0.3499999940395355,0.8500000238418579,0.17499999701976776,0.30000001192092896,0.5,0.5,0.5,1.0,0.10000000149011612,4.0,0.10000000149011612,0.019999999552965164,0.8999999761581421,0.15000000596046448,0.6000000238418579,0.2199999988079071,4226,25667,21185,12737,21314,12865,8581,38213,12802,25794,8581,5-4-1,25,12,0,15,7,5,116360,4,816,33,6,5,14,0,16,13,3
0.6499999761581421,0.6000000238418579,0.4000000059604645,0.6499999761581421,4.0,0.15000000596046448,0.5,0.3499999940395355,0.3499999940395355,0.10000000149011612,0.8500000238418579,0.15000000596046448,0.10000000149011612,0.5,0.5,0.6000000238418579,2.0,0.6000000238418579,4.0,0.8999999761581421,0.019999999552965164,0.8999999761581421,0.2199999988079071,0.8500000238418579,0.2199999988079071,4161,21314,25602,8450,21381,12737,8581,38405,12737,38213,25602,4-4-2,26,13,2,16,12,10,116361,4,817,16,7,6,11,0,24,15,3
0.8999999761581421,0.33000001311302185,0.5,0.6499999761581421,4.5,0.15000000596046448,0.6000000238418579,0.6499999761581421,0.3499999940395355,0.3499999940395355,0.8500000238418579,0.15000000596046448,0.10000000149011612,0.5,0.5,0.5,1.0,0.10000000149011612,4.5,0.5,0.019999999552965164,0.8999999761581421,0.2199999988079071,0.6000000238418579,0.2199999988079071,5827,25602,21442,8386,21314,12737,8581,38405,12806,25602,17089,4-1-4-1,25,12,2,15,10,15,116416,4,818,2,7,6,31,0,16,13,3
0.5,0.2199999988079071,0.4000000059604645,0.699999988079071,5.0,0.15000000596046448,0.33000001311302185,0.6499999761581421,0.5,0.3499999940395355,0.8500000238418579,0.17499999701976776,0.30000001192092896,0.5,0.5,0.5,2.0,0.6000000238418579,3.0,0.10000000149011612,0.019999999552965164,0.8999999761581421,0.15000000596046448,0.8500000238418579,0.2199999988079071,4161,17089,21185,12737,21442,12737,8386,38405,12737,38405,8581,5-3-2,26,10,1,15,7,4,116417,4,819,31,6,5,24,0,24,13,3
0.6499999761581421,0.33000001311302185,0.10000000149011612,0.6499999761581421,4.0,0.15000000596046448,0.5,0.3499999940395355,0.3499999940395355,0.8999999761581421,0.800000011920929,0.15000000596046448,0.10000000149011612,0.5,0.5,0.800000011920929,3.0,0.5,3.0,0.5,0.019999999552965164,0.8999999761581421,0.2199999988079071,0.8500000238418579,0.2199999988079071,4161,21314,33986,8581,21442,12865,8385,33794,12737,38405,17089,4-3-3,27,13,3,23,10,6,116428,4,820,9,7,6,7,0,25,15,3
0.3499999940395355,0.3499999940395355,0.5,0.6499999761581421,5.0,0.15000000596046448,0.3499999940395355,0.8999999761581421,0.3499999940395355,0.10000000149011612,0.8700000047683716,0.15000000596046448,0.10000000149011612,0.6000000238418579,0.5,0.6000000238418579,1.0,0.5,4.0,0.6499999761581421,0.019999999552965164,0.8999999761581421,0.2199999988079071,0.6700000166893005,0.2199999988079071,4226,17089,25602,8386,25602,12802,8450,38341,12737,29570,17089,4-2-3-1,25,11,2,16,9,14,131123,4,821,4,7,6,3,0,18,12,3
0.6499999761581421,0.5600000023841858,0.5,0.6499999761581421,4.0,0.15000000596046448,0.5,0.3499999940395355,0.3499999940395355,0.10000000149011612,0.8700000047683716,0.15000000596046448,0.10000000149011612,0.5,0.5,0.5600000023841858,1.5,0.5,4.5,0.8999999761581421,0.019999999552965164,0.8999999761581421,0.2199999988079071,0.6700000166893005,0.2199999988079071,4161,21185,25667,8386,21251,12737,8386,38405,12802,29570,25602,4-4-1-1,25,13,2,16,12,14,131124,4,822,18,7,6,18,0,18,15,3
0.3499999940395355,0.3499999940395355,0.5,0.6499999761581421,5.0,0.15000000596046448,0.3499999940395355,0.8999999761581421,0.3499999940395355,0.10000000149011612,0.8700000047683716,0.15000000596046448,0.10000000149011612,0.6000000238418579,0.5,0.6000000238418579,1.0,0.5,4.0,0.6499999761581421,0.019999999552965164,0.8999999761581421,0.2199999988079071,0.6700000166893005,0.2199999988079071,4161,17155,25794,8581,25794,12806,8450,38341,12737,29570,17155,4-2-3-1,25,11,2,16,9,14,131125,4,823,4,7,6,3,0,18,12,3
0.8999999761581421,0.2199999988079071,0.5,0.699999988079071,5.0,0.15000000596046448,0.6000000238418579,0.6499999761581421,0.5,0.3499999940395355,0.8500000238418579,0.17499999701976776,0.30000001192092896,0.5,0.5,0.5,1.0,0.10000000149011612,4.0,0.10000000149011612,0.019999999552965164,0.8999999761581421,0.15000000596046448,0.6000000238418579,0.2199999988079071,4161,25602,21314,12802,21185,12737,8386,38213,12737,25602,8450,5-4-1,25,12,0,15,7,5,131173,4,824,33,6,5,14,0,16,13,3
0.6499999761581421,0.6000000238418579,0.4000000059604645,0.6499999761581421,4.0,0.15000000596046448,0.5,0.3499999940395355,0.3499999940395355,0.10000000149011612,0.8500000238418579,0.15000000596046448,0.10000000149011612,0.5,0.5,0.6000000238418579,2.0,0.6000000238418579,4.0,0.8999999761581421,0.019999999552965164,0.8999999761581421,0.2199999988079071,0.8500000238418579,0.2199999988079071,4161,21381,25794,8386,21314,12737,8386,38405,12737,38341,25602,4-4-2,26,13,2,16,12,10,131174,4,825,16,7,6,11,0,24,15,3
0.8999999761581421,0.3499999940395355,0.4000000059604645,0.5,3.0,0.17499999701976776,0.5600000023841858,0.10000000149011612,0.30000001192092896,0.5,0.8700000047683716,0.15000000596046448,0.6499999761581421,0.5600000023841858,0.5,0.6700000166893005,2.0,0.6000000238418579,5.0,0.3499999940395355,0.019999999552965164,0.699999988079071,0.3499999940395355,0.8700000047683716,0.15000000596046448,4161,25729,29570,17089,25602,12737,12737,38275,12737,38405,17155,3-5-2,26,12,3,18,11,1,131358,5,826,27,9,6,22,0,24,16,4
0.5,0.5,0.10000000149011612,0.6499999761581421,4.0,0.15000000596046448,0.47999998927116394,0.3499999940395355,0.3499999940395355,0.8999999761581421,0.800000011920929,0.15000000596046448,0.10000000149011612,0.5,0.5,0.800000011920929,3.0,0.5,3.0,0.6499999761581421,0.019999999552965164,0.8999999761581421,0.2199999988079071,0.8500000238418579,0.2199999988079071,4161,21314,33986,8386,21314,12737,8386,33986,12737,38405,21442,4-3-3,27,14,3,23,13,6,131359,4,827,8,7,6,17,0,25,15,3
0.3499999940395355,0.3499999940395355,0.5,0.6499999761581421,5.0,0.15000000596046448,0.3499999940395355,0.8999999761581421,0.3499999940395355,0.10000000149011612,0.8700000047683716,0.15000000596046448,0.10000000149011612,0.6000000238418579,0.5,0.6000000238418579,1.0,0.5,4.0,0.6499999761581421,0.019999999552965164,0.8999999761581421,0.2199999988079071,0.6700000166893005,0.2199999988079071,4161,17155,25602,8450,25602,12737,8386,38213,12737,29570,17089,4-2-3-1,25,11,2,16,9,14,131360,4,828,4,7,6,3,0,18,12,3
0.3499999940395355,0.3499999940395355,0.5,0.6499999761581421,5.0,0.15000000596046448,0.3499999940395355,0.8999999761581421,0.3499999940395355,0.10000000149011612,0.8700000047683716,0.15000000596046448,0.10000000149011612,0.6000000238418579,0.5,0.6000000238418579,1.0,0.5,4.0,0.6499999761581421,0.019999999552965164,0.8999999761581421,0.2199999988079071,0.6700000166893005,0.2199999988079071,4161,17089,25602,8386,25794,12802,8386,38405,12802,29570,17089,4-2-3-1,25,11,2,16,9,14,131361,4,829,4,7,6,3,0,18,12,3
0.3499999940395355,0.3499999940395355,0.5,0.6499999761581421,5.0,0.15000000596046448,0.3499999940395355,0.8999999761581421,0.3499999940395355,0.10000000149011612,0.8700000047683716,0.15000000596046448,0.10000000149011612,0.6000000238418579,0.5,0.6000000238418579,1.0,0.5,4.0,0.6499999761581421,0.019999999552965164,0.8999999761581421,0.2199999988079071,0.6700000166893005,0.2199999988079071,4161,17089,25602,8581,25602,12865,8450,38405,12865,29570,17089,4-2-3-1,25,11,2,16,9,14,131362,4,830,4,7,6,3,0,18,12,3
0.8999999761581421,0.33000001311302185,0.4000000059604645,0.6499999761581421,4.5,0.15000000596046448,0.5600000023841858,0.5,0.3499999940395355,0.10000000149011612,0.8500000238418579,0.15000000596046448,0.10000000149011612,0.5199999809265137,0.5,0.5600000023841858,2.0,0.6000000238418579,3.5,0.5,0.019999999552965164,0.8999999761581421,0.2199999988079071,0.8500000238418579,0.2199999988079071,4161,25731,25602,8386,21314,12802,8386,38405,12802,38405,17089,4-1-3-2,26,12,2,16,10,12,131363,4,831,1,7,6,30,0,24,14,3
0.375,0.3499999940395355,0.5,0.625,5.0,0.10000000149011612,0.3499999940395355,0.675000011920929,0.375,0.5,0.925000011920929,0.10000000149011612,0.15000000596046448,0.6499999761581421,0.5,0.6499999761581421,1.0,0.32499998807907104,4.0,0.625,0.07500000298023224,0.8500000238418579,0.11249999701976776,0.6499999761581421,0.11249999701976776,4161,17089,29570,8386,29570,12737,8386,38405,12737,29570,17089,4-2-3-1,25,11,2,18,9,14,131368,4,832,3,7,6,16,0,19,17,3
0.6499999761581421,0.6000000238418579,0.4000000059604645,0.6499999761581421,4.0,0.15000000596046448,0.5,0.3499999940395355,0.3499999940395355,0.10000000149011612,0.8500000238418579,0.15000000596046448,0.10000000149011612,0.5,0.5,0.6000000238418579,2.0,0.6000000238418579,4.0,0.8999999761581421,0.019999999552965164,0.8999999761581421,0.2199999988079071,0.8500000238418579,0.2199999988079071,4161,21314,25794,8386,21185,12737,8450,38341,12737,38275,25729,4-4-2,26,13,2,16,12,10,131386,4,833,16,7,6,11,0,24,15,3
0.5,0.2199999988079071,0.4000000059604645,0.699999988079071,5.0,0.15000000596046448,0.33000001311302185,0.6499999761581421,0.5,0.3499999940395355,0.8500000238418579,0.17499999701976776,0.30000001192092896,0.5,0.5,0.5,2.0,0.6000000238418579,3.0,0.10000000149011612,0.019999999552965164,0.8999999761581421,0.15000000596046448,0.8500000238418579,0.2199999988079071,4161,17089,21251,12737,21185,12737,8513,38410,12737,38405,8386,5-3-2,26,10,1,15,7,4,131391,4,834,31,6,5,24,0,24,13,3
0.3499999940395355,0.3499999940395355,0.10000000149011612,0.6499999761581421,4.0,0.15000000596046448,0.3499999940395355,0.5,0.3499999940395355,0.8999999761581421,0.800000011920929,0.15000000596046448,0.10000000149011612,0.5,0.5,0.800000011920929,3.0,0.5,3.0,0.6499999761581421,0.019999999552965164,0.8999999761581421,0.2199999988079071,0.8500000238418579,0.2199999988079071,4161,17155,33794,8450,21442,12737,8386,33986,12737,38405,17025,4-3-3,27,11,3,23,9,6,131439,4,835,10,7,6,5,0,25,14,3
0.3499999940395355,0.3499999940395355,0.5,0.6499999761581421,5.0,0.15000000596046448,0.3499999940395355,0.8999999761581421,0.3499999940395355,0.10000000149011612,0.8700000047683716,0.15000000596046448,0.10000000149011612,0.6000000238418579,0.5,0.6000000238418579,1.0,0.5,4.0,0.6499999761581421,0.019999999552965164,0.8999999761581421,0.2199999988079071,0.6700000166893005,0.2199999988079071,4161,17089,25729,8386,25729,12737,8581,38275,12802,29570,17089,4-2-3-1,25,11,2,16,9,14,131447,4,836,4,7,6,3,0,18,12,3
0.3499999940395355,0.3499999940395355,0.5,0.6499999761581421,5.0,0.15000000596046448,0.3499999940395355,0.8999999761581421,0.3499999940395355,0.10000000149011612,0.8700000047683716,0.15000000596046448,0.10000000149011612,0.6000000238418579,0.5,0.6000000238418579,1.0,0.5,4.0,0.6499999761581421,0.019999999552965164,0.8999999761581421,0.2199999988079071,0.6700000166893005,0.2199999988079071,4161,17089,25602,8386,25602,12737,8450,38213,12802,29570,17089,4-2-3-1,25,11,2,16,9,14,131459,4,837,4,7,6,3,0,18,12,3
0.6499999761581421,0.33000001311302185,0.10000000149011612,0.6499999761581421,4.0,0.15000000596046448,0.5,0.3499999940395355,0.3499999940395355,0.8999999761581421,0.800000011920929,0.15000000596046448,0.10000000149011612,0.5,0.5,0.800000011920929,3.0,0.5,3.0,0.5,0.019999999552965164,0.8999999761581421,0.2199999988079071,0.8500000238418579,0.2199999988079071,4161,21314,33794,8450,21314,12802,8386,33794,12737,38213,17089,4-3-3,27,13,3,23,10,6,131463,4,838,9,7,6,7,0,25,15,3
0.3499999940395355,0.3499999940395355,0.5,0.6499999761581421,5.0,0.15000000596046448,0.3499999940395355,0.8999999761581421,0.3499999940395355,0.10000000149011612,0.8700000047683716,0.15000000596046448,0.10000000149011612,0.6000000238418579,0.5,0.6000000238418579,1.0,0.5,4.0,0.6499999761581421,0.019999999552965164,0.8999999761581421,0.2199999988079071,0.6700000166893005,0.2199999988079071,5827,17985,25602,8386,25602,12737,8513,38405,12737,29570,17089,4-2-3-1,25,11,2,16,9,14,131477,4,839,4,7,6,3,0,18,12,3
0.3499999940395355,0.3499999940395355,0.5,0.6499999761581421,5.0,0.15000000596046448,0.3499999940395355,0.8999999761581421,0.3499999940395355,0.10000000149011612,0.8700000047683716,0.15000000596046448,0.10000000149011612,0.6000000238418579,0.5,0.6000000238418579,1.0,0.5,4.0,0.6499999761581421,0.019999999552965164,0.8999999761581421,0.2199999988079071,0.6700000166893005,0.2199999988079071,4161,17089,25794,8386,25794,12737,8450,38405,12737,29571,17089,4-2-3-1,25,11,2,16,9,14,131478,4,840,4,7,6,3,0,18,12,3
0.5,0.2199999988079071,0.4000000059604645,0.699999988079071,5.0,0.15000000596046448,0.33000001311302185,0.6499999761581421,0.5,0.3499999940395355,0.8500000238418579,0.17499999701976776,0.30000001192092896,0.5,0.5,0.5,2.0,0.6000000238418579,3.0,0.10000000149011612,0.019999999552965164,0.8999999761581421,0.15000000596046448,0.8500000238418579,0.2199999988079071,4161,17089,21381,12737,21314,12802,8450,38275,12802,38405,8581,5-3-2,26,10,1,15,7,4,131487,4,841,31,6,5,24,0,24,13,3
0.3499999940395355,0.3499999940395355,0.5,0.6499999761581421,5.0,0.15000000596046448,0.3499999940395355,0.8999999761581421,0.3499999940395355,0.10000000149011612,0.8700000047683716,0.15000000596046448,0.10000000149011612,0.6000000238418579,0.5,0.6000000238418579,1.0,0.5,4.0,0.6499999761581421,0.019999999552965164,0.8999999761581421,0.2199999988079071,0.6700000166893005,0.2199999988079071,4161,17985,25794,8450,25602,12737,8386,38405,12737,29570,17089,4-2-3-1,25,11,2,16,9,14,131488,4,842,4,7,6,3,0,18,12,3
0.3499999940395355,0.5,0.10000000149011612,0.5,3.0,0.17499999701976776,0.5,0.10000000149011612,0.30000001192092896,0.8999999761581421,0.800000011920929,0.15000000596046448,0.8999999761581421,0.5600000023841858,0.5,0.800000011920929,3.0,0.5,4.0,0.6499999761581421,0.019999999552965164,0.699999988079071,0.5600000023841858,0.8500000238418579,0.15000000596046448,4226,21251,33859,25602,25602,12737,12737,33794,12802,38275,21185,3-4-3,27,15,4,23,13,0,131491,5,843,25,12,6,2,0,25,16,4
0.375,0.3499999940395355,0.5,0.625,5.0,0.10000000149011612,0.3499999940395355,0.675000011920929,0.375,0.5,0.925000011920929,0.10000000149011612,0.15000000596046448,0.6499999761581421,0.5,0.6499999761581421,1.0,0.32499998807907104,4.0,0.625,0.07500000298023224,0.8500000238418579,0.11249999701976776,0.6499999761581421,0.11249999701976776,4161,17089,29570,8386,29570,12737,8386,38405,12737,29570,17089,4-2-3-1,25,11,2,18,9,14,131524,4,844,3,7,6,16,0,19,17,3
0.375,0.3499999940395355,0.5,0.625,5.0,0.10000000149011612,0.3499999940395355,0.675000011920929,0.375,0.5,0.925000011920929,0.10000000149011612,0.15000000596046448,0.6499999761581421,0.5,0.6499999761581421,1.0,0.32499998807907104,4.0,0.625,0.07500000298023224,0.8500000238418579,0.11249999701976776,0.6499999761581421,0.11249999701976776,4161,17089,29570,8386,29570,12737,8386,38405,12737,29570,17089,4-2-3-1,25,11,2,18,9,14,131527,4,845,3,7,6,16,0,19,17,3
0.8999999761581421,0.33000001311302185,0.5,0.6499999761581421,4.5,0.15000000596046448,0.6000000238418579,0.6499999761581421,0.3499999940395355,0.3499999940395355,0.8500000238418579,0.15000000596046448,0.10000000149011612,0.5,0.5,0.5,1.0,0.10000000149011612,4.5,0.5,0.019999999552965164,0.8999999761581421,0.2199999988079071,0.6000000238418579,0.2199999988079071,4161,25602,21314,8386,21381,12737,8450,38213,12802,25602,17985,4-1-4-1,25,12,2,15,10,15,131531,4,846,2,7,6,31,0,16,13,3
0.375,0.3499999940395355,0.5,0.625,5.0,0.10000000149011612,0.3499999940395355,0.675000011920929,0.375,0.5,0.925000011920929,0.10000000149011612,0.15000000596046448,0.6499999761581421,0.5,0.6499999761581421,1.0,0.32499998807907104,4.0,0.625,0.07500000298023224,0.8500000238418579,0.11249999701976776,0.6499999761581421,0.11249999701976776,4161,17089,29570,8386,29570,12737,8386,38405,12737,29570,17089,4-2-3-1,25,11,2,18,9,14,131680,4,847,3,7,6,16,0,19,17,3
0.5,0.2199999988079071,0.4000000059604645,0.699999988079071,5.0,0.15000000596046448,0.33000001311302185,0.6499999761581421,0.5,0.3499999940395355,0.8500000238418579,0.17499999701976776,0.30000001192092896,0.5,0.5,0.5,2.0,0.6000000238418579,3.0,0.10000000149011612,0.019999999552965164,0.8999999761581421,0.15000000596046448,0.8500000238418579,0.2199999988079071,5827,17155,21314,12865,21314,14145,8581,38275,12737,38341,8581,5-3-2,26,10,1,15,7,4,131681,4,848,31,6,5,24,0,24,13,3
0.5,0.2199999988079071,0.4000000059604645,0.699999988079071,5.0,0.15000000596046448,0.33000001311302185,0.6499999761581421,0.5,0.3499999940395355,0.8500000238418579,0.17499999701976776,0.30000001192092896,0.5,0.5,0.5,2.0,0.6000000238418579,3.0,0.10000000149011612,0.019999999552965164,0.8999999761581421,0.15000000596046448,0.8500000238418579,0.2199999988079071,5827,17155,21314,12865,21314,14145,8581,38341,12737,38405,8581,5-3-2,26,10,1,15,7,4,131682,4,849,31,6,5,24,0,24,13,3
0.6499999761581421,0.33000001311302185,0.10000000149011612,0.6499999761581421,4.0,0.15000000596046448,0.5,0.3499999940395355,0.3499999940395355,0.8999999761581421,0.800000011920929,0.15000000596046448,0.10000000149011612,0.5,0.5,0.800000011920929,3.0,0.5,3.0,0.5,0.019999999552965164,0.8999999761581421,0.2199999988079071,0.8500000238418579,0.2199999988079071,4226,21185,33794,8450,21185,12737,8450,33794,12737,38405,17089,4-3-3,27,13,3,23,10,6,131720,4,850,9,7,6,7,0,25,15,3
0.6499999761581421,0.6000000238418579,0.4000000059604645,0.6499999761581421,4.0,0.15000000596046448,0.5,0.3499999940395355,0.3499999940395355,0.10000000149011612,0.8500000238418579,0.15000000596046448,0.10000000149011612,0.5,0.5,0.6000000238418579,2.0,0.6000000238418579,4.0,0.8999999761581421,0.019999999552965164,0.8999999761581421,0.2199999988079071,0.8500000238418579,0.2199999988079071,5827,21314,25602,8386,21251,12737,8450,38405,12737,38405,25602,4-4-2,26,13,2,16,12,10,131724,4,851,16,7,6,11,0,24,15,3
0.3499999940395355,0.3499999940395355,0.5,0.6499999761581421,5.0,0.15000000596046448,0.3499999940395355,0.8999999761581421,0.3499999940395355,0.10000000149011612,0.8700000047683716,0.15000000596046448,0.10000000149011612,0.6000000238418579,0.5,0.6000000238418579,1.0,0.5,4.0,0.6499999761581421,0.019999999552965164,0.8999999761581421,0.2199999988079071,0.6700000166893005,0.2199999988079071,4161,17089,25667,8450,25794,12737,8450,38405,12737,29570,17089,4-2-3-1,25,11,2,16,9,14,131733,4,852,4,7,6,3,0,18,12,3
0.6499999761581421,0.6000000238418579,0.4000000059604645,0.6499999761581421,4.0,0.15000000596046448,0.5,0.3499999940395355,0.3499999940395355,0.10000000149011612,0.8500000238418579,0.15000000596046448,0.10000000149011612,0.5,0.5,0.6000000238418579,2.0,0.6000000238418579,4.0,0.8999999761581421,0.019999999552965164,0.8999999761581421,0.2199999988079071,0.8500000238418579,0.2199999988079071,4226,21185,25602,8386,21249,12737,8386,38341,12865,38410,25602,4-4-2,26,13,2,16,12,10,131735,4,853,16,7,6,11,0,24,15,3
0.6499999761581421,0.6000000238418579,0.4000000059604645,0.6499999761581421,4.0,0.15000000596046448,0.5,0.3499999940395355,0.3499999940395355,0.10000000149011612,0.8500000238418579,0.15000000596046448,0.10000000149011612,0.5,0.5,0.6000000238418579,2.0,0.6000000238418579,4.0,0.8999999761581421,0.019999999552965164,0.8999999761581421,0.2199999988079071,0.8500000238418579,0.2199999988079071,4226,21251,25605,8386,21442,12738,8513,38275,12802,38213,25602,4-4-2,26,13,2,16,12,10,131739,4,854,16,7,6,11,0,24,15,3
0.6499999761581421,0.6000000238418579,0.4000000059604645,0.6499999761581421,4.0,0.15000000596046448,0.5,0.3499999940395355,0.3499999940395355,0.10000000149011612,0.8500000238418579,0.15000000596046448,0.10000000149011612,0.5,0.5,0.6000000238418579,2.0,0.6000000238418579,4.0,0.8999999761581421,0.019999999552965164,0.8999999761581421,0.2199999988079071,0.8500000238418579,0.2199999988079071,5827,21314,25602,8450,21314,12737,8450,38341,12737,38405,25605,4-4-2,26,13,2,16,12,10,131798,4,855,16,7,6,11,0,24,15,3
0.6499999761581421,0.6000000238418579,0.4000000059604645,0.6499999761581421,4.0,0.15000000596046448,0.5,0.3499999940395355,0.3499999940395355,0.10000000149011612,0.8500000238418579,0.15000000596046448,0.10000000149011612,0.5,0.5,0.6000000238418579,2.0,0.6000000238418579,4.0,0.8999999761581421,0.019999999552965164,0.8999999761581421,0.2199999988079071,0.8500000238418579,0.2199999988079071,4161,21185,25602,8581,21314,12737,8450,38405,12737,38405,25602,4-4-2,26,13,2,16,12,10,131826,4,856,16,7,6,11,0,24,15,3
0.3499999940395355,0.3499999940395355,0.5,0.6499999761581421,5.0,0.15000000596046448,0.3499999940395355,0.8999999761581421,0.3499999940395355,0.10000000149011612,0.8700000047683716,0.15000000596046448,0.10000000149011612,0.6000000238418579,0.5,0.6000000238418579,1.0,0.5,4.0,0.6499999761581421,0.019999999552965164,0.8999999761581421,0.2199999988079071,0.6700000166893005,0.2199999988079071,4161,17089,25729,8450,25602,12737,8386,38341,12865,29570,17089,4-2-3-1,25,11,2,16,9,14,131877,4,857,4,7,6,3,0,18,12,3
0.3499999940395355,0.3499999940395355,0.5,0.6499999761581421,5.0,0.15000000596046448,0.3499999940395355,0.8999999761581421,0.3499999940395355,0.10000000149011612,0.8700000047683716,0.15000000596046448,0.10000000149011612,0.6000000238418579,0.5,0.6000000238418579,1.0,0.5,4.0,0.6499999761581421,0.019999999552965164,0.8999999761581421,0.2199999988079071,0.6700000166893005,0.2199999988079071,5827,17089,25794,8386,25602,12737,8581,38341,12737,29570,17155,4-2-3-1,25,11,2,16,9,14,132176,4,858,4,7,6,3,0,18,12,3
0.5,0.2199999988079071,0.4000000059604645,0.699999988079071,5.0,0.15000000596046448,0.33000001311302185,0.6499999761581421,0.5,0.3499999940395355,0.8500000238418579,0.17499999701976776,0.30000001192092896,0.5,0.5,0.5,2.0,0.6000000238418579,3.0,0.10000000149011612,0.019999999552965164,0.8999999761581421,0.15000000596046448,0.8500000238418579,0.2199999988079071,4161,17089,21314,12865,21314,12865,8581,38405,12737,38405,8386,5-3-2,26,10,1,15,7,4,132231,4,859,31,6,5,24,0,24,13,3
0.6499999761581421,0.6000000238418579,0.4000000059604645,0.6499999761581421,4.0,0.15000000596046448,0.5,0.3499999940395355,0.3499999940395355,0.10000000149011612,0.8500000238418579,0.15000000596046448,0.10000000149011612,0.5,0.5,0.6000000238418579,2.0,0.6000000238418579,4.0,0.8999999761581421,0.019999999552965164,0.8999999761581421,0.2199999988079071,0.8500000238418579,0.2199999988079071,4161,21185,25602,8450,21314,12737,8450,38213,12737,38405,25602,4-4-2,26,13,2,16,12,10,132305,4,860,16,7,6,11,0,24,15,3
0.8999999761581421,0.33000001311302185,0.5,0.6499999761581421,4.5,0.15000000596046448,0.6000000238418579,0.6499999761581421,0.3499999940395355,0.3499999940395355,0.8500000238418579,0.15000000596046448,0.10000000149011612,0.5,0.5,0.5,1.0,0.10000000149011612,4.5,0.5,0.019999999552965164,0.8999999761581421,0.2199999988079071,0.6000000238418579,0.2199999988079071,4161,25602,21381,8386,21381,12737,8450,38405,12737,25602,17089,4-1-4-1,25,12,2,15,10,15,132370,4,861,2,7,6,31,0,16,13,3
0.3499999940395355,0.3499999940395355,0.5,0.6499999761581421,5.0,0.15000000596046448,0.3499999940395355,0.8999999761581421,0.3499999940395355,0.10000000149011612,0.8700000047683716,0.15000000596046448,0.10000000149011612,0.6000000238418579,0.5,0.6000000238418579,1.0,0.5,4.0,0.6499999761581421,0.019999999552965164,0.8999999761581421,0.2199999988079071,0.6700000166893005,0.2199999988079071,4161,17155,25729,8450,25602,12737,8513,38341,12737,29957,17089,4-2-3-1,25,11,2,16,9,14,132533,4,862,4,7,6,3,0,18,12,3
0.3499999940395355,0.5,0.10000000149011612,0.5,3.0,0.17499999701976776,0.5,0.10000000149011612,0.30000001192092896,0.8999999761581421,0.800000011920929,0.15000000596046448,0.8999999761581421,0.5600000023841858,0.5,0.800000011920929,3.0,0.5,4.0,0.6499999761581421,0.019999999552965164,0.699999988079071,0.5600000023841858,0.8500000238418579,0.15000000596046448,4161,21314,33986,25729,25729,12737,12737,33794,12737,38405,21314,3-4-3,27,15,4,23,13,0,132588,5,863,25,12,6,2,0,25,16,4
0.3499999940395355,0.3499999940395355,0.5,0.6499999761581421,5.0,0.15000000596046448,0.3499999940395355,0.8999999761581421,0.3499999940395355,0.10000000149011612,0.8700000047683716,0.15000000596046448,0.10000000149011612,0.6000000238418579,0.5,0.6000000238418579,1.0,0.5,4.0,0.6499999761581421,0.019999999552965164,0.8999999761581421,0.2199999988079071,0.6700000166893005,0.2199999988079071,4161,17089,25794,8450,25794,12737,9987,38405,12737,29570,17089,4-2-3-1,25,11,2,16,9,14,132589,4,864,4,7,6,3,0,18,12,3
0.3499999940395355,0.3499999940395355,0.5,0.6499999761581421,5.0,0.15000000596046448,0.3499999940395355,0.8999999761581421,0.3499999940395355,0.10000000149011612,0.8700000047683716,0.15000000596046448,0.10000000149011612,0.6000000238418579,0.5,0.6000000238418579,1.0,0.5,4.0,0.6499999761581421,0.019999999552965164,0.8999999761581421,0.2199999988079071,0.6700000166893005,0.2199999988079071,4226,17089,25602,8386,25602,12865,8386,38341,12802,29957,17155,4-2-3-1,25,11,2,16,9,14,132629,4,865,4,7,6,3,0,18,12,3
0.3499999940395355,0.3499999940395355,0.5,0.6499999761581421,5.0,0.15000000596046448,0.3499999940395355,0.8999999761581421,0.3499999940395355,0.10000000149011612,0.8700000047683716,0.15000000596046448,0.10000000149011612,0.6000000238418579,0.5,0.6000000238418579,1.0,0.5,4.0,0.6499999761581421,0.019999999552965164,0.8999999761581421,0.2199999988079071,0.6700000166893005,0.2199999988079071,5827,17025,25602,8450,25605,12737,8386,38405,12806,30341,17155,4-2-3-1,25,11,2,16,9,14,132630,4,866,4,7,6,3,0,18,12,3
0.5,0.5,0.5,0.6499999761581421,4.0,0.15000000596046448,0.47999998927116394,0.3499999940395355,0.3499999940395355,0.75,0.8500000238418579,0.15000000596046448,0.10000000149011612,0.5,0.5,0.699999988079071,2.5,0.25,3.5,0.6499999761581421,0.019999999552965164,0.8999999761581421,0.2199999988079071,0.699999988079071,0.2199999988079071,4161,21251,29957,8386,21314,12737,8386,38405,12737,30346,21314,4-3-2-1,25,14,2,17,13,8,132670,4,867,7,7,6,20,0,19,15,3
0.6499999761581421,0.5600000023841858,0.5,0.6499999761581421,4.0,0.15000000596046448,0.5,0.3499999940395355,0.3499999940395355,0.10000000149011612,0.8700000047683716,0.15000000596046448,0.10000000149011612,0.5,0.5,0.5600000023841858,1.5,0.5,4.5,0.8999999761581421,0.019999999552965164,0.8999999761581421,0.2199999988079071,0.6700000166893005,0.2199999988079071,4161,21314,25602,8386,21251,12865,8386,38405,12737,29570,25602,4-4-1-1,25,13,2,16,12,14,132671,4,868,18,7,6,18,0,18,15,3
0.5,0.5,0.4000000059604645,0.6499999761581421,4.0,0.15000000596046448,0.47999998927116394,0.3499999940395355,0.3499999940395355,0.5,0.8500000238418579,0.15000000596046448,0.10000000149011612,0.5,0.5,0.699999988079071,2.5,0.6000000238418579,3.5,0.6499999761581421,0.019999999552965164,0.8999999761581421,0.2199999988079071,0.8500000238418579,0.2199999988079071,4161,21314,29957,8386,21314,12737,8386,38405,12737,38213,21314,4-3-1-2,26,14,2,18,13,9,132672,4,869,6,7,6,34,0,24,15,3
0.8999999761581421,0.33000001311302185,0.4000000059604645,0.6499999761581421,4.0,0.15000000596046448,0.5600000023841858,0.10000000149011612,0.3499999940395355,0.5,0.8700000047683716,0.15000000596046448,0.10000000149011612,0.5600000023841858,0.5,0.6700000166893005,2.5,0.6000000238418579,3.5,0.5,0.019999999552965164,0.8999999761581421,0.2199999988079071,0.8700000047683716,0.2199999988079071,4161,25602,30346,8386,25794,12737,8386,38405,12737,38405,17089,4-1-2-1-2,26,12,2,18,10,11,132673,4,870,14,7,6,10,0,24,16,3
0.3499999940395355,0.5,0.5,0.5,3.0,0.17499999701976776,0.5,0.10000000149011612,0.30000001192092896,0.75,0.8700000047683716,0.15000000596046448,0.8999999761581421,0.5600000023841858,0.5,0.699999988079071,2.0,0.25,5.0,0.6499999761581421,0.019999999552965164,0.699999988079071,0.5600000023841858,0.699999988079071,0.15000000596046448,4161,21314,29957,25602,25602,12737,12737,38405,12737,29570,21249,3-4-2-1,25,15,3,17,13,19,132674,5,871,24,12,6,21,0,19,16,4
0.8999999761581421,0.33000001311302185,0.5,0.6499999761581421,4.5,0.15000000596046448,0.6000000238418579,0.6499999761581421,0.3499999940395355,0.3499999940395355,0.8500000238418579,0.15000000596046448,0.10000000149011612,0.5,0.5,0.5,1.0,0.10000000149011612,4.5,0.5,0.019999999552965164,0.8999999761581421,0.2199999988079071,0.6000000238418579,0.2199999988079071,4161,25667,21185,8386,21185,12737,8386,38405,12737,25667,17089,4-1-4-1,25,12,2,15,10,15,132680,4,872,2,7,6,31,0,16,13,3
0.3499999940395355,0.3499999940395355,0.5,0.6499999761581421,5.0,0.15000000596046448,0.3499999940395355,0.8999999761581421,0.3499999940395355,0.10000000149011612,0.8700000047683716,0.15000000596046448,0.10000000149011612,0.6000000238418579,0.5,0.6000000238418579,1.0,0.5,4.0,0.6499999761581421,0.019999999552965164,0.8999999761581421,0.2199999988079071,0.6700000166893005,0.2199999988079071,4161,17089,25794,8386,25794,12737,8386,38213,12737,29570,17089,4-2-3-1,25,11,2,16,9,14,132681,4,873,4,7,6,3,0,18,12,3
0.5,0.5,0.5,0.6499999761581421,4.0,0.15000000596046448,0.47999998927116394,0.3499999940395355,0.3499999940395355,0.75,0.8500000238418579,0.15000000596046448,0.10000000149011612,0.5,0.5,0.699999988079071,2.5,0.25,3.5,0.6499999761581421,0.019999999552965164,0.8999999761581421,0.2199999988079071,0.699999988079071,0.2199999988079071,4161,21251,29570,8386,21314,12737,8386,38405,12737,29957,21314,4-3-2-1,25,14,2,17,13,8,132702,4,874,7,7,6,20,0,19,15,3
0.6499999761581421,0.6000000238418579,0.4000000059604645,0.6499999761581421,4.0,0.15000000596046448,0.5,0.3499999940395355,0.3499999940395355,0.10000000149011612,0.8500000238418579,0.15000000596046448,0.10000000149011612,0.5,0.5,0.6000000238418579,2.0,0.6000000238418579,4.0,0.8999999761581421,0.019999999552965164,0.8999999761581421,0.2199999988079071,0.8500000238418579,0.2199999988079071,4161,21249,25602,8386,21314,12737,8386,38341,12737,38405,25602,4-4-2,26,13,2,16,12,10,132703,4,875,16,7,6,11,0,24,15,3
0.6499999761581421,0.33000001311302185,0.4000000059604645,0.6499999761581421,4.0,0.15000000596046448,0.5,0.3499999940395355,0.3499999940395355,0.5,0.8700000047683716,0.15000000596046448,0.10000000149011612,0.5,0.5,0.6700000166893005,2.5,0.6000000238418579,3.5,0.5,0.019999999552965164,0.8999999761581421,0.2199999988079071,0.8700000047683716,0.2199999988079071,4161,21314,29576,8386,21314,12737,8386,38405,12737,38405,17089,4-1-2-1-2,26,13,2,18,10,11,132704,4,876,15,7,6,9,0,24,15,3
0.8999999761581421,0.33000001311302185,0.5,0.6499999761581421,4.5,0.15000000596046448,0.6000000238418579,0.6499999761581421,0.3499999940395355,0.3499999940395355,0.8500000238418579,0.15000000596046448,0.10000000149011612,0.5,0.5,0.5,1.0,0.10000000149011612,4.5,0.5,0.019999999552965164,0.8999999761581421,0.2199999988079071,0.6000000238418579,0.2199999988079071,4161,25602,21442,8386,21314,12865,8386,38341,12737,25602,17089,4-1-4-1,25,12,2,15,10,15,132705,4,877,2,7,6,31,0,16,13,3
0.3499999940395355,0.3499999940395355,0.5,0.6499999761581421,5.0,0.15000000596046448,0.3499999940395355,0.8999999761581421,0.3499999940395355,0.10000000149011612,0.8700000047683716,0.15000000596046448,0.10000000149011612,0.6000000238418579,0.5,0.6000000238418579,1.0,0.5,4.0,0.6499999761581421,0.019999999552965164,0.8999999761581421,0.2199999988079071,0.6700000166893005,0.2199999988079071,4161,17089,25794,8386,25602,12737,8386,38213,12737,29570,17089,4-2-3-1,25,11,2,16,9,14,132706,4,878,4,7,6,3,0,18,12,3
