playerid35,playerid0,playerid9,customsub0in,playerid36,rightfreekicktakerid,playerid44,playerid27,playerid1,playerid38,playerid31,playerid7,playerid20,playerid39,playerid42,playerid48,playerid13,playerid6,customsub0out,playerid37,playerid5,playerid45,playerid8,playerid14,playerid46,longkicktakerid,playerid12,playerid2,rightcornerkicktakerid,playerid30,customsub1in,playerid15,playerid41,playerid47,playerid23,playerid16,customsub1out,leftcornerkicktakerid,playerid18,playerid4,playerid40,playerid49,customsub2out,teamid,playerid22,playerid24,playerid11,customsub2in,playerid3,captainid,playerid51,leftfreekicktakerid,playerid25,playerid33,playerid19,playerid17,playerid26,playerid50,playerid34,penaltytakerid,playerid32,freekicktakerid,playerid28,playerid21,playerid10,playerid43,playerid29
-1,220901,241651,-1,-1,234378,-1,-1,251805,-1,-1,234378,235790,-1,-1,-1,225193,222665,-1,-1,248148,-1,246669,210697,-1,234378,235794,243715,246669,-1,-1,231936,-1,-1,-1,257711,-1,234378,251566,256197,-1,-1,-1,1,264846,-1,254796,-1,232580,222665,-1,234378,-1,-1,230666,206585,-1,-1,-1,241651,-1,234378,-1,278773,207421,-1,-1
-1,202811,260247,-1,-1,200458,-1,258932,227174,-1,-1,210881,246174,-1,-1,-1,264209,216393,-1,-1,257057,-1,226162,82350,-1,216393,199189,227678,200458,260129,-1,248465,-1,-1,82968,221660,-1,227174,233049,200458,-1,-1,-1,2,275468,76255,229906,-1,241464,210881,-1,216393,212419,-1,258444,200110,236987,-1,-1,221697,-1,200458,80652,80816,221697,-1,75603
77742,240595,270787,-1,75948,225748,-1,256358,260142,-1,82914,73427,263914,-1,-1,-1,263678,212099,-1,71447,218343,-1,225748,70114,-1,225748,255855,247913,225748,82835,-1,237211,-1,-1,242751,263654,-1,225748,73196,241534,-1,-1,-1,3,78123,193910,244626,-1,231540,225748,-1,225748,243371,71956,235770,74726,266095,-1,80555,245766,274959,225748,75639,270140,245766,-1,278920
-1,202125,238368,-1,-1,212366,-1,-1,200778,-1,-1,271743,252878,-1,-1,-1,233442,271668,-1,-1,212366,-1,268927,235807,-1,268927,244565,239540,265700,-1,-1,277986,-1,-1,78230,244240,-1,212366,236528,265700,-1,-1,-1,4,270118,78298,241523,-1,240912,212366,-1,268927,74910,-1,221705,246166,-1,-1,-1,265777,-1,212366,-1,266842,265777,-1,-1
-1,228789,257534,-1,-1,257534,-1,257126,238074,-1,261530,238616,71651,-1,-1,-1,263620,247090,-1,-1,256079,-1,268438,248695,-1,257534,76687,230918,238616,262859,-1,259307,-1,-1,242578,272978,-1,247090,266032,239231,-1,-1,-1,5,71998,278455,273018,-1,222104,238074,-1,257534,248158,229942,259031,258485,266605,-1,-1,257534,202652,257534,71997,278813,252042,-1,260942
-1,204935,237386,-1,-1,237386,-1,-1,253510,-1,-1,261188,257896,-1,-1,-1,259714,193474,-1,-1,243657,-1,243282,74413,-1,237386,256402,202695,237386,-1,-1,70448,-1,-1,76507,270373,-1,243657,279497,244380,-1,-1,-1,7,225650,206517,266609,-1,207599,204935,-1,243657,247649,-1,251892,232284,-1,-1,-1,261188,-1,243657,-1,180216,276295,-1,-1
-1,230670,221479,-1,-1,257191,-1,-1,231554,-1,-1,247361,247249,-1,-1,-1,269495,235735,-1,-1,236822,-1,257191,248384,-1,257191,237161,229266,257191,-1,-1,244591,-1,-1,74145,242663,-1,257191,258906,239360,-1,-1,-1,8,242656,203215,236764,-1,244238,235735,-1,257191,71814,-1,230084,193331,232104,-1,-1,221479,-1,257191,-1,208892,242530,-1,-1
-1,212831,236772,-1,-1,236772,-1,264298,253149,-1,-1,209331,222514,-1,-1,-1,232487,239837,-1,-1,246104,-1,256630,279128,-1,236772,242434,237678,236772,-1,-1,216267,-1,-1,271975,225100,-1,256630,80376,260908,-1,-1,-1,9,79922,70994,235805,-1,203376,203376,-1,236772,247601,-1,242516,262621,233731,-1,-1,209331,-1,236772,264299,252897,257289,-1,70824
-1,230621,239085,-1,-1,237692,-1,204246,253124,-1,-1,237692,208920,-1,-1,-1,255069,218667,-1,-1,231866,-1,251570,81539,-1,237692,240638,239818,237692,-1,-1,277031,-1,-1,277295,271574,-1,237692,241236,277427,-1,-1,-1,10,242641,76250,256675,-1,241159,218667,-1,237692,200159,-1,270409,263063,224081,-1,-1,239085,-1,237692,251517,203574,246420,-1,207410
-1,254803,212198,-1,-1,212198,-1,74142,234574,-1,278121,254088,235243,-1,-1,-1,253306,269136,-1,-1,200145,-1,277432,236401,-1,212198,233064,203263,243014,71973,-1,269087,-1,-1,278124,75087,-1,212198,260592,205988,-1,-1,-1,11,238041,75439,240243,-1,239301,212198,-1,212198,82853,272644,250961,243647,163264,-1,274988,212198,268434,212198,77354,269233,243014,-1,268439
-1,242853,259268,-1,-1,218659,-1,70035,232185,-1,82448,255145,228888,-1,-1,-1,268737,253054,-1,-1,252796,-1,243619,251176,-1,218659,216464,262597,218659,74323,-1,229682,-1,-1,211009,236315,-1,253054,233487,218659,-1,-1,-1,12,262255,239358,264692,-1,186156,186156,-1,252796,279546,-1,254752,188094,260402,-1,-1,261283,-1,218659,72027,276827,261283,-1,279251
-1,203841,254022,-1,-1,241096,-1,198039,274246,-1,-1,223334,207650,-1,-1,-1,237329,247851,-1,-1,241096,-1,234742,198032,-1,247851,246923,256261,266127,-1,-1,186345,-1,-1,163600,270617,-1,241096,257470,266127,-1,-1,-1,13,270519,77791,206085,-1,251809,247851,-1,241096,72281,-1,234824,233934,270357,-1,-1,254022,-1,241096,210047,203487,242964,-1,262118
-1,199641,236015,-1,-1,254243,-1,81339,224656,-1,192123,260145,235642,-1,-1,-1,250789,237819,-1,-1,254243,-1,240740,264349,-1,254243,235173,238095,254243,266208,-1,256008,-1,-1,79629,74310,-1,254243,257980,243057,-1,-1,-1,14,234724,202750,236499,-1,278016,236015,-1,254243,74242,-1,230978,216325,268474,-1,-1,236015,-1,254243,81325,227813,79402,-1,79201
-1,250804,279857,-1,-1,243223,-1,257105,264437,-1,-1,243223,251028,-1,-1,-1,233957,262072,-1,-1,246682,-1,255594,241075,-1,243223,238490,235156,243223,-1,-1,265412,-1,-1,230774,258167,-1,243223,206115,240773,-1,-1,-1,15,77070,206218,208159,-1,193011,235156,-1,243223,252330,-1,75093,170008,279543,-1,-1,243223,-1,243223,276931,276561,277658,-1,276562
-1,277823,269964,-1,-1,269964,-1,271669,252793,-1,82197,226012,231044,-1,-1,-1,276695,240097,-1,-1,266422,-1,252066,238157,-1,269964,78184,245153,269964,80565,-1,202697,-1,-1,199576,265993,-1,269964,265195,264371,-1,-1,-1,17,279579,263953,258930,-1,272497,221841,-1,269964,266312,80568,244319,189324,202199,-1,-1,221841,80569,269964,278203,222156,221841,-1,81987
-1,240091,245367,-1,-1,243576,-1,247394,243576,-1,205923,270579,261025,-1,-1,-1,236480,270208,-1,-1,229391,-1,268421,237985,-1,243576,259868,232488,243576,272926,-1,259583,-1,-1,276346,260105,-1,243576,237679,243702,-1,-1,-1,18,83381,74862,238216,-1,264453,232488,-1,243576,279117,-1,225539,73580,220697,-1,-1,231943,-1,243576,245155,236568,231943,-1,227535
-1,193105,270857,-1,-1,270857,-1,-1,227927,-1,-1,224371,205569,-1,-1,-1,225659,264579,-1,-1,275102,-1,251954,229880,-1,270857,236792,242000,224371,-1,-1,274915,-1,-1,278284,245336,-1,264579,264290,274102,-1,-1,-1,19,75842,164835,233927,-1,245388,224371,-1,270857,268564,-1,237712,246158,70230,-1,-1,196978,-1,270857,-1,241585,196978,-1,-1
-1,167495,206113,-1,-1,202126,-1,272658,225375,-1,76337,247827,250955,-1,-1,-1,78063,275298,-1,-1,212622,-1,241084,237086,-1,212622,263765,229558,247827,81240,-1,209889,-1,-1,186569,234205,-1,212622,209658,234396,-1,-1,-1,21,248266,79317,256790,-1,213331,167495,-1,247827,82814,-1,259197,263887,79318,-1,-1,202126,-1,247827,82813,77126,202126,-1,82811
-1,235073,212194,-1,-1,212194,-1,-1,208333,-1,-1,259716,73016,-1,-1,-1,259356,246863,-1,-1,204923,-1,251852,270964,-1,259716,254117,229476,229891,-1,-1,224196,-1,-1,210772,259075,-1,259716,235407,229891,-1,-1,-1,22,278854,266906,252037,-1,247819,208333,-1,259716,-1,-1,212190,241050,-1,-1,-1,215441,-1,212194,-1,78577,215441,-1,-1
-1,235018,234943,-1,-1,220876,-1,250724,243354,-1,76031,256781,71101,-1,-1,-1,204497,262906,-1,-1,257919,-1,220876,264194,-1,220876,245622,221491,220876,276358,-1,222493,-1,-1,239367,271119,-1,220876,264702,243133,-1,-1,-1,23,80454,78540,214096,-1,224841,257919,-1,220876,264763,-1,245541,223550,70904,-1,-1,212002,-1,220876,81726,177475,212002,-1,82741
-1,262659,255185,-1,-1,212096,-1,82862,208335,-1,-1,240451,216497,-1,-1,-1,262666,276694,-1,-1,226168,-1,212096,269705,-1,212096,258316,207862,212096,-1,-1,263022,-1,-1,207897,262668,-1,212096,234875,209846,-1,-1,-1,25,199897,279045,250931,-1,231366,209846,-1,212096,229692,-1,257877,234833,244112,-1,-1,212096,-1,212096,-1,74431,259750,-1,-1
-1,206145,211891,-1,-1,270111,-1,-1,269513,-1,-1,262297,269318,-1,-1,-1,244109,243893,-1,-1,223680,-1,270111,211982,-1,270111,79401,245252,270111,-1,-1,276319,-1,-1,273885,262635,-1,270111,266109,272891,-1,-1,-1,27,262840,75952,251090,-1,245750,223680,-1,270111,270110,-1,251482,269916,211827,-1,-1,211891,-1,270111,-1,251107,279246,-1,-1
-1,212197,274944,-1,-1,232839,-1,246666,246885,-1,279101,232839,262869,-1,-1,-1,269962,276119,-1,-1,241928,-1,256958,274722,-1,232839,74102,275192,232839,82511,-1,262045,-1,-1,72319,71611,-1,224970,255036,234640,-1,-1,-1,28,256854,263056,251961,-1,236947,246885,-1,224970,73554,213134,236533,257568,243904,-1,-1,224970,271214,224970,77589,207791,224970,-1,231108
-1,244417,223755,-1,-1,223755,-1,82700,73135,-1,79737,73137,267844,-1,-1,-1,247721,269307,-1,-1,251429,-1,263343,256705,-1,73135,242744,250993,73135,210304,-1,263089,-1,-1,242850,79305,-1,73135,252710,263417,-1,-1,-1,29,262800,229171,248434,-1,73136,223755,-1,223755,229925,269942,264621,272787,82698,-1,-1,223755,73134,223755,243735,257190,271395,-1,263073
-1,224041,235360,-1,-1,252495,-1,74043,259442,-1,248878,233965,206198,-1,-1,-1,220085,251392,-1,-1,269922,-1,254660,258412,-1,252495,195038,256942,252495,82767,-1,261313,-1,-1,234727,75577,-1,252495,71178,254638,-1,-1,-1,31,242997,76801,246814,-1,258396,224041,-1,252495,218534,-1,244390,186148,71177,-1,-1,252495,-1,252495,239510,82816,252495,-1,83078
-1,204092,256853,-1,-1,210035,-1,82394,273651,-1,-1,210035,237328,-1,-1,-1,272781,228813,-1,-1,275029,-1,210324,255106,-1,210035,264219,212242,210035,82393,-1,208618,-1,-1,76335,268622,-1,228813,76416,275028,-1,-1,-1,32,81844,231521,236786,-1,247263,212242,-1,210035,80665,-1,75736,210366,211738,-1,-1,234236,-1,210035,274393,262151,234236,-1,82392
-1,210006,233707,-1,-1,200610,-1,78543,73089,-1,-1,76291,238779,-1,-1,-1,238953,238793,-1,-1,276191,-1,200610,243932,-1,238793,226686,224421,238793,-1,-1,244413,-1,-1,275414,270116,-1,238793,270014,257332,-1,-1,-1,33,241277,76596,211899,-1,251456,238793,-1,200610,76594,-1,269866,211953,80222,-1,-1,238793,-1,200610,238647,236675,257144,-1,79241
78135,203775,212240,-1,201122,72964,-1,82191,254245,-1,82190,72964,237509,-1,-1,-1,205966,239099,-1,80780,262936,-1,239073,224094,-1,72964,229472,244204,239073,72962,-1,81991,-1,-1,76295,78537,-1,239073,273904,269566,-1,-1,-1,34,276979,72967,73235,-1,225487,212240,-1,239073,262212,274395,180930,202873,232203,-1,73098,212240,82154,72964,74611,72965,237708,-1,77344
-1,223885,257504,-1,-1,250959,-1,79286,242602,-1,-1,252448,238476,-1,-1,-1,270465,250959,-1,-1,239096,-1,241925,238379,-1,250959,257073,278780,250959,-1,-1,260574,-1,-1,263573,251829,-1,250959,75056,227647,-1,-1,-1,36,266685,229584,238900,-1,239340,239096,-1,250959,275436,-1,277742,223603,258864,-1,-1,244176,-1,250959,76087,79300,244176,-1,273667
-1,268428,266183,-1,-1,239701,-1,75461,242916,-1,77127,239701,76111,-1,-1,-1,203106,261659,-1,-1,256776,-1,232711,212977,-1,239701,74566,246836,239701,247679,-1,247771,-1,-1,206591,261182,-1,239701,265749,77636,-1,-1,-1,38,231838,243350,256688,-1,237595,237595,-1,239701,79455,-1,276304,248732,79461,-1,-1,239701,275943,239701,271247,268436,256548,-1,211946
-1,235840,277954,-1,-1,277954,-1,205175,255654,-1,-1,258966,198009,-1,-1,-1,75085,247246,-1,-1,222077,-1,261050,266872,-1,222077,240679,239580,261050,-1,-1,257290,-1,-1,251870,211320,-1,277954,208574,238744,-1,-1,-1,45,81732,74329,246430,-1,231512,222077,-1,258966,268802,-1,243580,189342,239763,-1,-1,222077,-1,277954,-1,71001,243630,-1,-1
-1,224836,259399,-1,-1,216409,-1,-1,262394,-1,-1,202884,220532,-1,-1,-1,227236,237238,-1,-1,216435,-1,216409,245992,-1,216409,80283,244263,216409,-1,-1,240716,-1,-1,261865,200752,-1,202884,239679,217870,-1,-1,-1,48,278319,192985,236632,-1,243241,217870,-1,237238,272726,-1,276706,225116,192505,-1,-1,259399,-1,216409,-1,81526,241390,-1,-1
-1,271385,263229,-1,-1,252794,-1,-1,252442,-1,-1,257972,81468,-1,-1,-1,243154,252794,-1,-1,261539,-1,269276,273884,-1,258714,240992,268913,252794,-1,-1,259150,-1,-1,272687,75647,-1,252794,278436,258714,-1,-1,-1,50,278280,76121,236706,-1,246164,252442,-1,252794,192840,-1,237715,255981,275401,-1,-1,252794,-1,252794,-1,189690,255460,-1,-1
-1,230872,211110,-1,-1,211110,-1,76410,229582,-1,-1,80170,211515,-1,-1,-1,190813,250723,-1,-1,208268,-1,265695,262745,-1,265695,228251,236403,265695,-1,-1,220651,-1,-1,279200,258826,-1,211110,276680,224490,-1,-1,-1,52,277695,232223,242458,-1,229668,208268,-1,211110,231447,-1,275291,233189,76172,-1,-1,211110,-1,211110,-1,80045,259608,-1,-1
-1,235740,226093,-1,-1,241095,-1,255150,258782,-1,-1,273932,278013,-1,-1,-1,273883,241095,-1,-1,211147,-1,248564,246457,-1,264699,213242,219145,241095,-1,-1,201389,-1,-1,258507,243481,-1,241095,225410,264699,-1,-1,-1,54,273936,248474,215333,-1,265650,241095,-1,241095,258683,-1,266257,270141,76027,-1,-1,216816,-1,241095,75443,241854,216816,-1,70480
-1,257288,238067,-1,-1,238067,-1,240332,268656,-1,-1,229973,80203,-1,-1,-1,223866,214658,-1,-1,220421,-1,243249,242238,-1,238067,272783,261573,238067,-1,-1,225669,-1,-1,275522,259634,-1,238067,70252,271475,-1,-1,-1,55,77558,258615,224438,-1,190324,214658,-1,238067,274270,-1,246832,266803,76411,-1,-1,231743,-1,238067,268396,162297,231743,-1,-1
-1,205377,239631,-1,-1,242577,-1,78215,268440,-1,-1,238392,263421,-1,-1,-1,259205,242577,-1,-1,247124,-1,272894,269745,-1,242577,230144,257204,242577,-1,-1,263112,-1,-1,80647,260100,-1,242577,78070,277503,-1,-1,-1,57,277644,80651,260943,-1,228681,238392,-1,242577,80648,-1,257612,263402,82670,-1,-1,251170,-1,242577,276933,80650,251170,-1,-1
-1,178363,248123,-1,-1,74049,-1,80623,70723,-1,-1,206243,73081,-1,-1,-1,269726,247369,-1,-1,74049,-1,271010,272808,-1,247369,79641,244460,206243,-1,-1,81564,-1,-1,72101,80624,-1,247369,79929,74050,-1,-1,-1,58,216524,78404,276022,-1,262342,206243,-1,74049,82923,-1,75866,276322,211358,-1,-1,247369,-1,74049,79642,81551,279016,-1,73068
-1,255014,234799,-1,-1,234799,-1,-1,241445,-1,-1,246298,83132,-1,-1,-1,276029,225174,-1,-1,251596,-1,256314,74139,-1,234799,257498,271050,234799,-1,-1,225685,-1,-1,74597,263461,-1,234799,80884,237347,-1,-1,-1,62,79530,72354,75252,-1,71487,225174,-1,234799,204966,-1,78758,276760,-1,-1,-1,266586,-1,234799,-1,78163,266586,-1,-1
-1,271918,233866,-1,-1,204970,-1,221284,75320,-1,-1,229236,259816,-1,-1,-1,77105,208787,-1,-1,258601,-1,204970,70005,-1,204970,238463,270997,204970,-1,-1,277935,-1,-1,77056,246688,-1,208787,77633,223597,-1,-1,-1,64,259027,75319,257020,-1,235454,208787,-1,208787,74429,-1,227232,199721,176994,-1,-1,204970,-1,204970,-1,78547,212613,-1,-1
-1,239254,262088,-1,-1,262088,-1,278261,202371,-1,-1,278172,211575,-1,-1,-1,269493,213296,-1,-1,190674,-1,246548,210897,-1,262088,274447,262071,262088,-1,-1,270559,-1,-1,271317,227794,-1,231318,276048,231318,-1,-1,-1,65,80688,211398,278901,-1,201143,190674,-1,262088,77364,-1,253167,237525,73449,-1,-1,178509,-1,262088,-1,268738,178509,-1,-1
-1,263139,247050,-1,-1,265459,-1,256420,225782,-1,-1,219683,210372,-1,-1,-1,71170,265459,-1,-1,256104,-1,272505,220093,-1,265459,80067,208364,219683,-1,-1,263815,-1,-1,83214,262102,-1,219683,256970,211256,-1,-1,-1,66,74883,77093,234078,-1,225859,219683,-1,265459,276747,-1,78145,234371,82335,-1,-1,225782,-1,265459,268763,80690,276901,-1,-1
-1,70118,234239,-1,-1,234239,-1,-1,239919,-1,-1,244694,80578,-1,-1,-1,277979,252975,-1,-1,241238,-1,245131,236723,-1,234239,73485,214947,234239,-1,-1,278065,-1,-1,79609,77149,-1,234239,275288,201136,-1,-1,-1,68,78584,75965,198200,-1,70160,234239,-1,234239,-1,-1,278119,73929,-1,-1,-1,234239,-1,234239,-1,235855,225293,-1,-1
-1,190941,270050,-1,-1,264862,-1,75924,263781,-1,-1,225663,235036,-1,-1,-1,238227,229261,-1,-1,275138,-1,264862,245211,-1,232440,253004,226229,232440,-1,-1,272785,-1,-1,274126,273933,-1,275138,279700,232440,-1,-1,-1,69,70893,70458,195864,-1,202335,229261,-1,264862,81663,-1,273546,239364,271661,-1,-1,247463,-1,264862,226627,75734,247463,-1,244915
-1,255151,205686,-1,-1,205686,-1,-1,270518,-1,-1,76888,77707,-1,-1,-1,208615,277630,-1,-1,74477,-1,253036,241157,-1,205686,276787,228290,205686,-1,-1,72254,-1,-1,80295,75057,-1,205686,278571,278262,-1,-1,-1,70,81426,80850,271306,-1,244603,205686,-1,205686,74480,-1,70765,209423,272464,-1,-1,205686,-1,205686,-1,81562,223510,-1,-1
-1,199482,254247,-1,-1,258619,-1,75739,231235,-1,-1,269184,241130,-1,-1,-1,74473,258619,-1,-1,256427,-1,193476,70477,-1,258619,189271,232693,258619,-1,-1,239136,-1,-1,253202,229971,-1,258619,74475,220837,-1,-1,-1,71,79513,279130,231089,-1,80570,199482,-1,258619,211250,-1,194209,216750,75316,-1,-1,264422,-1,258619,70475,83275,264422,-1,-1
-1,235633,260407,-1,-1,239093,-1,224422,239093,-1,269164,210896,75148,-1,-1,-1,235569,244889,-1,-1,252059,-1,256476,278187,-1,239093,253157,272515,239093,255533,-1,158625,-1,-1,76901,252711,-1,239093,252960,254548,-1,-1,-1,72,82109,78765,268868,-1,273948,210896,-1,239093,80063,-1,252386,204513,82740,-1,-1,256476,-1,239093,255000,75925,244892,-1,274536
-1,251752,231443,-1,-1,252145,-1,-1,235212,-1,-1,226271,78549,-1,-1,-1,270673,255253,-1,-1,272834,-1,271421,70004,-1,252145,74449,207865,231443,-1,-1,220814,-1,-1,81659,258781,-1,231443,243780,252145,-1,-1,-1,73,82991,78216,264652,-1,256196,207865,-1,272834,279880,-1,256903,240225,-1,-1,-1,231443,-1,252145,-1,279709,247635,-1,-1
-1,204883,70415,-1,-1,212138,-1,-1,212138,-1,-1,243631,80804,-1,-1,-1,231102,223874,-1,-1,261616,-1,71114,252512,-1,212138,216320,73192,261616,-1,-1,257946,-1,-1,82427,279557,-1,212138,259191,251380,-1,-1,-1,74,82084,-1,235973,-1,278903,223874,-1,212138,-1,-1,75598,80803,-1,-1,-1,212138,-1,212138,-1,213654,222357,-1,-1
-1,270821,255434,-1,-1,263370,-1,75811,275208,-1,-1,270039,274559,-1,-1,-1,277561,279702,-1,-1,263370,-1,271940,70017,-1,270039,70020,275507,263370,-1,-1,261647,-1,-1,269003,276377,-1,263370,75318,229984,-1,-1,-1,76,70768,259119,256782,-1,257090,257090,-1,263370,269262,-1,258437,190120,245865,-1,-1,273748,-1,263370,-1,79607,273748,-1,-1
-1,225280,272648,-1,-1,257326,-1,74147,204033,-1,-1,202282,262361,-1,-1,-1,242791,257326,-1,-1,252134,-1,200302,247185,-1,200302,253102,267800,257326,-1,-1,275297,-1,-1,266210,274134,-1,202282,266891,72378,-1,-1,-1,77,275080,232642,221552,-1,238040,200302,-1,200302,255557,-1,269086,211021,279827,-1,-1,225317,-1,200302,236919,253383,225317,-1,79780
-1,163587,246919,-1,-1,243646,-1,261304,247678,-1,225719,243646,260951,-1,-1,-1,255742,211093,-1,-1,272874,-1,260397,262525,-1,272874,200630,235755,272874,79342,-1,234072,-1,-1,257237,76125,-1,272874,263561,226491,-1,-1,-1,78,269842,273572,256383,-1,246991,211093,-1,272874,246860,228174,257208,258928,255573,-1,-1,272874,240976,272874,256107,263439,246321,-1,234570
-1,198625,264477,-1,-1,227759,-1,-1,79938,-1,-1,272617,78917,-1,-1,-1,76575,240929,-1,-1,76053,-1,227759,252898,-1,227759,254810,257851,227759,-1,-1,257717,-1,-1,219621,277591,-1,227759,236310,79936,-1,-1,-1,79,275876,221906,170114,-1,78783,240929,-1,227759,240763,-1,277804,79951,79949,-1,-1,240929,-1,227759,-1,227760,79947,-1,-1
-1,202789,80456,-1,-1,276211,-1,78971,245233,-1,-1,80377,238091,-1,-1,-1,238062,264139,-1,-1,77043,-1,276211,253111,-1,276211,231322,222045,77043,-1,-1,220140,-1,-1,246006,277701,-1,276211,223663,227951,-1,-1,-1,80,278600,223747,71031,-1,227945,222045,-1,276211,219482,-1,256421,53110,257890,-1,-1,79274,-1,276211,263293,80080,79274,-1,216218
-1,228562,211221,-1,-1,243842,-1,-1,235728,-1,-1,225872,240653,-1,-1,-1,202771,262362,-1,-1,222109,-1,243842,243349,-1,227806,189462,198904,243842,-1,-1,239259,-1,-1,277993,200820,-1,227806,263853,227806,-1,-1,-1,81,276720,260262,238509,-1,248718,211221,-1,225872,-1,-1,268273,222876,-1,-1,-1,225872,-1,225872,-1,270845,257104,-1,-1
-1,211299,242710,-1,-1,220872,-1,204324,261512,-1,-1,244196,245404,-1,-1,-1,235771,246846,-1,-1,274934,-1,245174,204322,-1,244196,204275,74151,220872,-1,-1,253024,-1,-1,82784,74149,-1,244196,189776,261277,-1,-1,-1,82,238765,243963,265548,-1,277288,246846,-1,244196,74989,-1,274630,277904,78259,-1,-1,245174,-1,220872,224543,262079,220872,-1,-1
-1,77044,229163,-1,-1,241982,-1,257277,236626,-1,-1,271693,276789,-1,-1,-1,199146,241982,-1,-1,243618,-1,254136,277525,-1,229163,240599,211707,256216,-1,-1,268894,-1,-1,219684,213570,-1,241982,230846,256216,-1,-1,-1,83,253112,279025,262539,-1,232668,211707,-1,241982,81676,-1,83270,225751,271110,-1,-1,241245,-1,241982,-1,214924,241245,-1,-1
-1,203042,259185,-1,-1,195479,-1,238071,195479,-1,-1,240017,76784,-1,-1,-1,252148,255928,-1,-1,239810,-1,271716,240060,-1,195479,247447,212516,195479,-1,-1,263157,-1,-1,277266,274057,-1,195479,239881,278957,-1,-1,-1,86,279641,237640,269953,-1,263304,195479,-1,195479,213693,-1,72159,225203,243009,-1,-1,195479,-1,195479,253970,243392,270866,-1,-1
-1,273621,255206,-1,-1,220633,-1,-1,246444,-1,-1,221982,246159,-1,-1,-1,274516,237424,-1,-1,254120,-1,220633,267894,-1,220633,277673,236217,239704,-1,-1,227884,-1,-1,247385,243589,-1,220633,257899,239704,-1,-1,-1,88,224915,271445,245538,-1,242386,242386,-1,221982,70780,-1,199027,199812,-1,-1,-1,255206,-1,220633,-1,270578,197031,-1,-1
-1,188400,271066,-1,-1,240863,-1,78400,245729,-1,-1,223085,259507,-1,-1,-1,241428,240863,-1,-1,207804,-1,238336,267942,-1,240863,262848,246137,240863,202562,-1,221456,-1,-1,187157,72909,-1,240863,247279,228366,-1,-1,-1,89,277346,202017,224842,-1,215301,215301,-1,240863,231681,-1,245501,237205,272673,-1,-1,240863,-1,240863,80567,271976,246604,-1,75796
-1,247022,274685,-1,-1,215412,-1,-1,228894,-1,-1,271974,213152,-1,-1,-1,263918,233795,-1,-1,215412,-1,273693,195037,-1,215412,234319,277305,215412,-1,-1,258036,-1,-1,182206,204353,-1,228894,194017,221600,-1,-1,-1,91,230864,271566,222168,-1,243612,277305,-1,228894,-1,-1,216227,224130,-1,-1,-1,233795,-1,228894,-1,265518,238460,-1,-1
-1,248121,212167,-1,-1,212167,-1,-1,229087,-1,-1,225772,273930,-1,-1,-1,230032,251219,-1,-1,77037,-1,261897,77789,-1,212167,241160,271028,251219,-1,-1,237696,-1,-1,228928,256672,-1,212167,255980,252385,-1,-1,-1,92,73260,278708,206565,-1,236465,225772,-1,212167,206555,-1,278213,75302,-1,-1,-1,212167,-1,212167,-1,237503,192450,-1,-1
-1,206561,256051,-1,-1,246685,-1,80501,223877,-1,-1,71110,212484,-1,-1,-1,242908,233851,-1,-1,239356,-1,261336,220139,-1,246685,244472,235405,246685,-1,-1,250816,-1,-1,203751,248602,-1,261336,241842,246685,-1,-1,-1,94,259423,260798,213418,-1,235458,235405,-1,246685,173533,-1,265801,223909,80205,-1,-1,233602,-1,246685,78290,152908,233602,-1,-1
-1,239772,203502,-1,-1,265514,-1,-1,210243,-1,-1,267680,73861,-1,-1,-1,239817,241042,-1,-1,265514,-1,225783,266270,-1,254470,222400,261281,254470,-1,-1,202849,-1,-1,229901,228332,-1,197756,259762,254470,-1,-1,-1,95,267867,243587,241202,-1,270944,210243,-1,197756,70162,-1,79587,172723,78183,-1,-1,197756,-1,197756,-1,78229,197756,-1,-1
-1,206566,276712,-1,-1,276712,-1,77744,262568,-1,-1,253433,275347,-1,-1,-1,263271,251560,-1,-1,231423,-1,248356,264786,-1,252483,253461,263685,276712,-1,-1,200689,-1,-1,205347,278007,-1,252483,237916,252483,-1,-1,-1,97,76196,243373,261432,-1,216481,216481,-1,252483,228225,-1,203505,219795,70220,-1,-1,74865,-1,252483,271116,239443,74865,-1,266502
-1,263798,246350,-1,-1,199503,-1,243390,226166,-1,74917,273459,264293,-1,-1,-1,258483,241187,-1,-1,199503,-1,260779,236045,-1,199503,268903,243908,199503,262149,-1,215700,-1,-1,212491,256831,-1,199503,247335,266400,-1,-1,-1,106,207948,253969,275048,-1,240359,199503,-1,199503,71493,-1,271248,246417,83236,-1,-1,246350,274219,199503,194150,269230,251810,-1,240867
-1,252773,268630,-1,-1,213798,-1,-1,255824,-1,-1,238505,70860,-1,-1,-1,205970,213798,-1,-1,236344,-1,225668,251497,-1,213798,272379,240926,213798,-1,-1,224763,-1,-1,220944,204760,-1,268630,278286,234087,-1,-1,-1,109,76203,79681,235161,-1,233201,213798,-1,213798,81286,-1,255043,220807,-1,-1,-1,253441,-1,213798,-1,80852,253441,-1,-1
-1,212442,258911,-1,-1,261224,-1,-1,262937,-1,-1,241602,201417,-1,-1,-1,235456,273463,-1,-1,261224,-1,77593,258575,-1,261224,74866,256666,261224,-1,-1,258607,-1,-1,274377,262135,-1,241602,75628,252064,-1,-1,-1,110,279519,198350,259170,-1,237658,273463,-1,261224,265484,-1,238756,206075,271216,-1,-1,226380,-1,261224,-1,73049,226380,-1,-1
-1,-1,-1,-1,-1,-1,-1,-1,-1,-1,-1,-1,-1,-1,-1,-1,-1,-1,-1,-1,-1,-1,-1,-1,-1,-1,-1,-1,-1,-1,-1,-1,-1,-1,-1,-1,-1,-1,-1,-1,-1,-1,-1,111,-1,-1,-1,-1,-1,-1,-1,-1,-1,-1,-1,-1,-1,-1,-1,-1,-1,-1,-1,-1,-1,-1,-1
-1,-1,-1,-1,-1,-1,-1,-1,-1,-1,-1,-1,-1,-1,-1,-1,-1,-1,-1,-1,-1,-1,-1,-1,-1,-1,-1,-1,-1,-1,-1,-1,-1,-1,-1,-1,-1,-1,-1,-1,-1,-1,-1,112,-1,-1,-1,-1,-1,-1,-1,-1,-1,-1,-1,-1,-1,-1,-1,-1,-1,-1,-1,-1,-1,-1,-1
-1,269948,269950,-1,-1,240981,-1,236601,268540,-1,-1,267849,274065,-1,-1,-1,209368,240981,-1,-1,270933,-1,277995,264622,-1,240981,200781,266328,243637,-1,-1,269949,-1,-1,77297,80135,-1,240981,271626,243637,-1,-1,-1,121,75261,77298,246228,-1,223381,223381,-1,267849,77405,-1,194925,209750,74155,-1,-1,240981,-1,240981,266122,234496,254925,-1,-1
-1,81322,195126,-1,-1,193884,-1,-1,75086,-1,-1,244715,235397,-1,-1,-1,78235,242366,-1,-1,193884,-1,271065,202528,-1,193884,75095,258606,193884,-1,-1,208812,-1,-1,268886,209256,-1,193884,278147,224238,-1,-1,-1,127,72031,-1,240715,-1,237341,195126,-1,193884,-1,-1,76572,256488,-1,-1,-1,193884,-1,193884,-1,83372,240865,-1,-1
-1,264645,78415,-1,-1,225922,-1,-1,252596,-1,-1,263453,213156,-1,-1,-1,236637,243044,-1,-1,225922,-1,240345,229914,-1,225922,238177,222157,225922,-1,-1,243869,-1,-1,71990,263386,-1,225922,232174,269825,-1,-1,-1,135,232520,78409,75839,-1,238221,222157,-1,225922,229911,-1,203304,230893,-1,-1,-1,225922,-1,225922,-1,278290,226018,-1,-1
-1,204269,234497,-1,-1,235915,-1,-1,228368,-1,-1,235915,74635,-1,-1,-1,246874,260403,-1,-1,243613,-1,240813,222937,-1,235915,232519,208014,235915,-1,-1,230149,-1,-1,-1,263329,-1,235915,261988,270748,-1,-1,-1,142,274479,-1,230897,-1,257698,243613,-1,235915,-1,-1,212513,271333,-1,-1,-1,163050,-1,235915,-1,270593,163050,-1,-1
-1,271191,233115,-1,-1,233115,-1,80232,207646,-1,-1,190620,278925,-1,-1,-1,241711,258724,-1,-1,226561,-1,234099,240603,-1,233115,264478,231139,233115,78401,-1,277272,-1,-1,77391,246249,-1,233115,244559,258953,-1,-1,-1,143,271430,74169,186562,-1,263901,207646,-1,233115,271963,-1,74904,258943,74525,-1,-1,233115,-1,233115,272347,175314,271666,-1,74164
-1,192563,240273,-1,-1,220710,-1,-1,216266,-1,-1,220710,237522,-1,-1,-1,195202,236699,-1,-1,228092,-1,213655,235883,-1,236699,70786,224221,236699,-1,-1,231633,-1,-1,241076,222501,-1,236699,246172,229348,-1,-1,-1,144,205990,279007,70571,-1,241436,192563,-1,236699,278220,-1,278578,200726,264337,-1,-1,220710,-1,220710,-1,213956,204838,-1,-1
-1,258792,262170,-1,-1,239553,-1,-1,200309,-1,-1,260723,257303,-1,-1,-1,258717,239553,-1,-1,225279,-1,237204,261861,-1,239553,80781,243252,239553,-1,-1,258616,-1,-1,252754,204219,-1,239553,262879,204215,-1,-1,-1,149,274742,245335,239799,-1,203749,200309,-1,239553,279182,-1,262290,250865,279195,-1,-1,194018,-1,239553,-1,264334,194018,-1,-1
-1,257914,240814,-1,-1,231897,-1,81318,243959,-1,278871,239571,74938,-1,-1,-1,227978,252861,-1,-1,231897,-1,272660,235288,-1,231897,273771,257779,231897,260564,-1,245347,-1,-1,73953,259453,-1,231897,250946,72420,-1,-1,-1,159,81317,245212,233472,-1,233492,231897,-1,231897,82452,-1,239661,253171,80859,-1,-1,231897,-1,231897,81725,238683,270403,-1,279685
-1,200316,70037,-1,-1,224423,-1,80269,264377,-1,80264,80163,192641,-1,-1,-1,70728,274617,-1,-1,80218,-1,228614,233151,-1,224423,221753,228243,224423,71383,-1,238473,-1,-1,244087,228080,-1,224423,243970,224423,-1,-1,-1,160,244022,268920,235297,-1,264442,206606,-1,224423,80185,-1,278101,251285,81323,-1,-1,206606,-1,224423,270583,78776,206606,-1,72699
-1,234858,250763,-1,-1,224518,-1,79364,248823,-1,-1,224661,257286,-1,-1,-1,244083,224518,-1,-1,239909,-1,276195,73201,-1,224518,257009,243534,224518,-1,-1,233812,-1,-1,223678,278832,-1,224518,251823,232643,-1,-1,-1,162,72758,256926,211732,-1,79503,224661,-1,224518,75678,-1,76122,244458,79775,-1,-1,224518,-1,224518,-1,239703,72549,-1,-1
-1,270965,276660,-1,-1,209504,-1,80318,226167,-1,79403,212192,81730,-1,-1,-1,246127,262917,-1,-1,202088,-1,276337,265799,-1,209504,259569,209196,237024,219937,-1,263658,-1,-1,79394,72130,-1,276337,264223,237024,-1,-1,-1,165,239097,277464,262838,-1,278750,209504,-1,209504,80755,82854,252125,238167,77144,-1,80319,209504,82777,209504,83016,76065,209504,-1,76066
-1,262931,239744,-1,-1,239744,-1,277588,264589,-1,-1,262217,242974,-1,-1,-1,241474,221885,-1,-1,202325,-1,231614,268916,-1,239744,238792,204776,239744,75949,-1,268536,-1,-1,70951,235899,-1,239744,73133,248149,-1,-1,-1,166,78130,75212,234631,-1,256780,204776,-1,239744,274735,-1,221168,213573,252074,-1,-1,231614,-1,239744,204082,206463,259752,-1,273778
-1,199803,258715,-1,-1,225309,-1,253474,202429,-1,82128,225309,267862,-1,-1,-1,245940,73078,-1,-1,216275,-1,221671,236518,-1,225309,257075,223671,225309,276863,-1,240669,-1,-1,75280,216158,-1,225309,268259,212212,-1,-1,-1,169,224251,256127,259162,-1,198352,198352,-1,225309,234843,-1,228518,263116,266061,-1,-1,225309,-1,225309,81427,70909,233216,-1,236636
-1,256229,74749,-1,-1,256674,-1,77838,71261,-1,-1,73161,256849,-1,-1,-1,229184,245097,-1,-1,81326,-1,256674,203030,-1,256674,79266,276283,256674,-1,-1,216283,-1,-1,76968,275594,-1,256674,79267,279115,-1,-1,-1,171,80346,79216,195262,-1,258464,276283,-1,256674,276004,-1,270012,215417,246074,-1,-1,256674,-1,256674,79264,78541,80820,-1,78538
-1,228383,254566,-1,-1,206511,-1,241522,268312,-1,71897,190460,266467,-1,-1,-1,262929,206511,-1,-1,228946,-1,244261,212245,-1,206511,74879,241494,206511,259522,-1,268504,-1,-1,78753,240988,-1,206511,255272,270013,-1,-1,-1,175,234678,241629,270532,-1,270077,206511,-1,206511,199909,82735,256281,208375,82663,-1,78735,206511,82425,206511,74562,245741,264697,-1,82194
-1,242983,271425,-1,-1,231863,-1,-1,246950,-1,-1,231863,263684,-1,-1,-1,206535,268306,-1,-1,240513,-1,258969,248809,-1,231863,76712,278596,231863,-1,-1,200793,-1,-1,262358,250830,-1,268306,264269,208999,-1,-1,-1,180,275965,77047,227758,-1,254588,240513,-1,231863,-1,-1,219467,213678,-1,-1,-1,231863,-1,231863,-1,268888,76306,-1,-1
-1,214525,269475,-1,-1,262584,-1,-1,79767,-1,-1,241875,259402,-1,-1,-1,239175,240331,-1,-1,73470,-1,262584,243807,-1,241875,74161,266736,262584,-1,-1,241244,-1,-1,74162,259147,-1,266049,73471,278030,-1,-1,-1,181,72918,-1,243639,-1,79923,241875,-1,269475,-1,-1,247001,79928,-1,-1,-1,269475,-1,262584,-1,79927,266049,-1,-1
-1,240657,234671,-1,-1,233556,-1,-1,246656,-1,-1,233556,189908,-1,-1,-1,244634,252060,-1,-1,244270,-1,268703,259748,-1,244270,242280,248342,244270,-1,-1,210381,-1,-1,252440,170320,-1,240915,202024,240915,-1,-1,-1,189,278724,269558,252021,-1,231207,233556,-1,240915,266500,-1,212404,75741,192387,-1,-1,233556,-1,233556,-1,239770,267861,-1,-1
-1,215522,229071,-1,-1,260020,-1,271000,223724,-1,-1,75533,75501,-1,-1,-1,260235,246402,-1,-1,74992,-1,260876,252573,-1,260020,267881,234827,260876,-1,-1,79918,-1,-1,82763,76299,-1,260876,277119,277668,-1,-1,-1,191,274445,79917,278359,-1,71350,246402,-1,260020,70752,-1,75264,75825,275183,-1,-1,260020,-1,260020,244653,78099,260020,-1,-1
-1,276839,260456,-1,-1,216072,-1,-1,216072,-1,-1,243527,80838,-1,-1,-1,79090,222355,-1,-1,277704,-1,79093,271399,-1,243527,195272,263550,243527,-1,-1,278912,-1,-1,276940,79086,-1,216072,73138,243513,-1,-1,-1,200,247887,80840,73333,-1,190602,190602,-1,243527,80085,-1,253071,277634,236836,-1,-1,238413,-1,243527,-1,239550,238413,-1,-1
-1,269271,259107,-1,-1,242332,-1,275554,271856,-1,-1,236760,230636,-1,-1,-1,275087,242332,-1,-1,258533,-1,73379,210384,-1,242332,208535,277214,242332,-1,-1,254928,-1,-1,245560,274130,-1,242332,276804,235800,-1,-1,-1,205,80887,234894,267593,-1,250779,242332,-1,242332,270512,-1,73408,236378,271201,-1,-1,259107,-1,242332,276252,219725,242755,-1,-1
-1,215363,273564,-1,-1,234795,-1,74092,276314,-1,-1,248661,72397,-1,-1,-1,205343,252308,-1,-1,252000,-1,234795,212153,-1,234795,230065,273628,234795,-1,-1,267681,-1,-1,241937,238009,-1,234795,241007,247497,-1,-1,-1,206,235875,237335,256453,-1,235658,215363,-1,234795,255233,-1,80861,210940,72322,-1,-1,234795,-1,234795,-1,262930,266585,-1,-1
-1,263961,261293,-1,-1,270017,-1,236712,73113,-1,-1,74115,71290,-1,-1,-1,190589,270017,-1,-1,226129,-1,245058,259101,-1,270017,82967,243442,270017,-1,-1,255536,-1,-1,72972,73238,-1,270017,278730,244940,-1,-1,-1,209,262213,81534,276395,-1,270033,226129,-1,270017,262153,-1,269855,268623,274527,-1,-1,245058,-1,270017,-1,235995,251431,-1,-1
-1,261144,271384,-1,-1,231007,-1,277303,79980,-1,74655,233478,275077,-1,-1,-1,267899,231007,-1,-1,240916,-1,79981,247310,-1,231007,277901,225974,231007,70297,-1,231685,-1,-1,72245,76227,-1,231007,77325,80470,-1,-1,-1,211,190868,80384,236413,-1,74544,231007,-1,231007,244393,264103,276111,264424,83206,-1,-1,271384,226754,231007,244258,244272,279925,-1,74351
-1,206003,266099,-1,-1,72100,-1,-1,264401,-1,-1,72100,258972,-1,-1,-1,276007,213367,-1,-1,69997,-1,230686,276594,-1,72100,264010,245410,72100,-1,-1,76509,-1,-1,275301,242054,-1,72100,277216,265544,-1,-1,-1,217,197641,81514,253181,-1,253490,213367,-1,72100,250822,-1,257978,224442,277969,-1,-1,261084,-1,72100,-1,271075,261084,-1,-1
-1,215316,246147,-1,-1,246147,-1,245854,237841,-1,-1,241496,240507,-1,-1,-1,269859,251806,-1,-1,213648,-1,271400,263602,-1,246147,240734,226851,246147,211784,-1,242835,-1,-1,72098,210736,-1,246147,240787,236804,-1,-1,-1,219,268131,223143,271807,-1,244749,213648,-1,213648,82083,-1,188567,239559,278095,-1,-1,246147,-1,246147,74959,201455,240753,-1,72020
-1,200059,203486,-1,-1,203486,-1,75197,252488,-1,269955,246419,75658,-1,-1,-1,260162,261776,-1,-1,73921,-1,264205,260398,-1,203486,78261,269397,203486,252936,-1,271563,-1,-1,191627,271362,-1,203486,263558,212678,-1,-1,-1,229,70482,73291,247122,-1,252489,200059,-1,203486,208509,-1,278107,246753,274478,-1,-1,203486,-1,203486,279114,246289,251156,-1,242045
-1,255039,226537,-1,-1,199652,-1,210828,80596,-1,-1,242003,74970,-1,-1,-1,278789,199652,-1,-1,70689,-1,225653,195065,-1,199652,77626,247019,225653,-1,-1,277465,-1,-1,256944,225720,-1,225653,70941,251189,-1,-1,-1,230,188202,74372,79458,-1,260931,226537,-1,199652,256199,-1,74313,278554,77625,-1,-1,226537,-1,199652,279005,74450,272303,-1,273537
-1,222263,266895,-1,-1,200155,-1,70975,275050,-1,-1,200155,173426,-1,-1,-1,238235,262880,-1,-1,278318,-1,277426,259586,-1,278318,240683,268611,278318,-1,-1,268618,-1,-1,223933,73257,-1,278318,256948,71305,-1,-1,-1,231,271917,77170,260577,-1,212204,200155,-1,200155,278995,-1,275051,258555,278499,-1,-1,200155,-1,200155,264869,262219,276256,-1,-1
-1,262265,239323,-1,-1,238409,-1,80817,238409,-1,257210,268519,215970,-1,-1,-1,272776,220782,-1,-1,210739,-1,257112,260586,-1,238409,262024,270700,238409,222636,-1,248694,-1,-1,270973,262141,-1,238409,234740,243887,-1,-1,-1,232,76034,279509,248784,-1,239011,238409,-1,238409,244309,-1,263703,223957,75945,-1,-1,268519,-1,238409,235729,80182,231835,-1,236454
83401,250753,259913,-1,-1,231416,-1,79687,231913,-1,81734,231416,83402,-1,-1,-1,216547,246871,-1,-1,262881,-1,260952,245253,-1,259913,266905,270086,231416,72267,-1,79608,-1,-1,245235,266096,-1,259913,257345,277252,-1,-1,-1,234,70289,211368,74896,-1,192366,192366,-1,259913,274105,82744,269292,270060,77336,-1,70283,229188,82432,259913,79686,79690,229188,-1,80313
-1,234577,277581,-1,-1,258729,-1,231826,270674,-1,-1,258729,271300,-1,-1,-1,242380,279015,-1,-1,235134,-1,238896,75754,-1,258729,72997,220570,258729,251528,-1,164240,-1,-1,80847,72093,-1,258729,278587,251615,-1,-1,-1,236,244206,231474,77033,-1,265693,234577,-1,258729,278725,-1,260599,198513,77692,-1,-1,277581,-1,258729,81515,274357,252929,-1,189805
-1,210385,244778,-1,-1,244778,-1,279703,266253,-1,82948,266097,75150,-1,-1,-1,260813,242087,-1,-1,244669,-1,240950,270531,-1,240950,279044,254262,244778,77733,-1,252144,-1,-1,252143,255634,-1,240950,230625,254817,-1,-1,-1,237,72754,79547,258015,-1,257179,244669,-1,240950,79771,227890,79270,237704,270865,-1,-1,240950,82947,240950,82746,240020,245158,-1,77547
-1,200389,216549,-1,-1,257279,-1,-1,226161,-1,-1,259516,274208,-1,-1,-1,240690,272449,-1,-1,253396,-1,257279,245371,-1,246191,193747,266039,246191,-1,-1,233486,-1,-1,-1,259584,-1,257279,220440,247103,-1,-1,-1,240,80673,-1,194765,-1,216460,200389,-1,246191,-1,-1,233084,214979,-1,-1,-1,246191,-1,246191,-1,279569,246191,-1,-1
-1,259532,277179,-1,-1,233419,-1,264240,241486,-1,-1,277643,272600,-1,-1,-1,244260,251854,-1,-1,228702,-1,233419,231677,-1,233419,265600,278046,233419,-1,-1,210514,-1,-1,80674,74462,-1,277179,253163,263578,-1,-1,-1,241,80663,75068,188545,-1,245037,233419,-1,233419,277908,-1,74463,186153,213661,-1,-1,277643,-1,233419,-1,75156,241461,-1,-1
-1,236515,260463,-1,-1,264492,-1,75660,269228,-1,-1,278035,192679,-1,-1,-1,260144,250997,-1,-1,260877,-1,264492,198023,-1,260463,203733,268082,264492,-1,-1,266159,-1,-1,279897,278001,-1,264492,243200,255580,-1,-1,-1,242,204280,73934,277069,-1,239403,260877,-1,264492,82172,-1,245157,212453,81414,-1,-1,264492,-1,264492,82751,209532,262398,-1,-1
-1,192119,231747,-1,-1,264309,-1,75747,239053,-1,240130,252371,197445,-1,-1,-1,248243,241637,-1,-1,264309,-1,279173,222509,-1,239053,243812,75605,264309,77851,-1,231410,-1,-1,278394,205452,-1,264309,204963,268889,-1,-1,-1,243,231281,272503,278399,-1,278349,239053,-1,264309,80807,-1,228618,243952,75572,-1,-1,231747,-1,264309,75239,246606,238794,-1,82756
-1,253216,251922,-1,-1,265671,-1,79612,256341,-1,270652,248710,78926,-1,-1,-1,241588,225204,-1,-1,246947,-1,219774,245894,-1,265671,237184,244135,265671,277267,-1,77644,-1,-1,81491,278530,-1,265671,246351,265671,-1,-1,-1,244,233591,230623,243315,-1,238446,256341,-1,265671,279653,-1,207431,205849,71279,-1,-1,251922,-1,265671,70834,274212,211068,-1,241827
-1,253428,228687,-1,-1,274288,-1,77814,269153,-1,82789,77152,200260,-1,-1,-1,262218,203483,-1,-1,265390,-1,274288,71351,-1,274288,76944,233152,274288,81845,-1,256325,-1,-1,80146,76116,-1,274288,75690,272357,-1,-1,-1,245,236572,83168,253399,-1,264220,203483,-1,274288,75816,278292,223689,162328,76843,-1,-1,228687,82736,274288,82106,232938,258378,-1,82426
73964,223686,252162,-1,263773,70726,-1,277928,262790,-1,83075,262221,226853,-1,-1,-1,228010,244728,-1,275153,263603,-1,70726,226662,-1,70726,75535,236524,70726,82840,-1,234686,-1,-1,82332,257502,-1,244728,257920,260521,-1,-1,-1,246,79338,74636,266453,-1,246826,223686,-1,70726,82333,271266,226777,229114,77365,-1,199813,244728,75652,70726,81896,239778,277482,-1,77664
-1,242948,235663,-1,-1,253109,-1,83177,251804,-1,251223,259480,81746,-1,-1,-1,270633,253109,-1,-1,241509,-1,239978,241171,-1,253109,266237,235149,253109,206467,-1,260930,-1,-1,80352,261422,-1,253109,269823,268728,-1,-1,-1,247,82839,83176,258753,-1,278661,235149,-1,253109,81320,-1,239956,272769,75139,-1,-1,181458,-1,253109,224241,80351,181458,-1,275592
-1,262944,271092,-1,-1,213301,-1,-1,252873,-1,-1,242628,271658,-1,-1,-1,277941,256544,-1,-1,213301,-1,269512,239394,-1,213301,246946,77524,269512,-1,-1,263464,-1,-1,72271,77161,-1,269512,235416,247782,-1,-1,-1,252,80357,77525,191783,-1,273935,213301,-1,213301,247640,-1,239901,223868,79930,-1,-1,213301,-1,213301,-1,76108,263702,-1,-1
-1,256938,275638,-1,-1,263233,-1,71439,263233,-1,-1,74980,73750,-1,-1,-1,80467,265738,-1,-1,239091,-1,277501,246009,-1,263233,77104,275918,263233,242603,-1,231874,-1,-1,244795,266543,-1,263233,79920,75045,-1,-1,-1,254,74369,240285,247025,-1,251167,275638,-1,263233,263444,-1,255839,235820,263046,-1,-1,275638,-1,263233,79428,72722,255420,-1,210489
-1,193272,234399,-1,-1,244941,-1,266618,239090,-1,-1,261063,219657,-1,-1,-1,244599,254871,-1,-1,72975,-1,244941,73666,-1,244941,74505,189060,215368,-1,-1,79271,-1,-1,241536,78136,-1,215368,74355,215368,-1,-1,-1,256,82761,263844,257043,-1,237570,244941,-1,244941,72163,-1,248470,239410,264821,-1,-1,234399,-1,244941,265579,81748,239708,-1,-1
-1,242288,205855,-1,-1,205855,-1,-1,275238,-1,-1,272346,80216,-1,-1,-1,246352,230988,-1,-1,270680,-1,278759,225054,-1,230988,220018,251343,279188,-1,-1,231527,-1,-1,81847,80405,-1,270680,227584,279188,-1,-1,-1,263,72384,-1,74626,-1,80380,205855,-1,205855,-1,-1,257831,263057,-1,-1,-1,205855,-1,205855,-1,274554,76461,-1,-1
-1,252179,244793,-1,-1,253727,-1,267594,251116,-1,-1,204125,244467,-1,-1,-1,76098,245209,-1,-1,254909,-1,253727,263287,-1,253727,269456,255687,253727,83019,-1,71451,-1,-1,247030,81573,-1,253727,242006,269509,-1,-1,-1,266,241186,242635,81381,-1,73456,204125,-1,253727,74742,-1,248169,221909,82276,-1,-1,244793,-1,253727,83020,74877,274906,-1,73254
-1,231237,277565,-1,-1,232446,-1,-1,76864,-1,-1,266374,268460,-1,-1,-1,237840,232446,-1,-1,263823,-1,261307,247643,-1,232446,261971,221024,232446,-1,-1,232526,-1,-1,256728,199323,-1,232446,81785,203605,-1,-1,-1,267,267720,242271,72656,-1,275241,227562,-1,232446,83200,-1,257536,276347,-1,-1,-1,227562,-1,232446,-1,76097,227562,-1,-1
-1,228505,79557,-1,-1,264515,-1,-1,251908,-1,-1,272596,243222,-1,-1,-1,77393,172522,-1,-1,264515,-1,251356,212121,-1,172522,82145,250851,264515,-1,-1,219814,-1,-1,259159,225948,-1,264515,79556,233178,-1,-1,-1,269,225793,215693,239015,-1,245900,172522,-1,172522,82146,-1,257157,271112,82147,-1,-1,172522,-1,172522,-1,77092,77394,-1,-1
-1,200209,262538,-1,-1,271320,-1,-1,213835,-1,-1,243891,264517,-1,-1,-1,275271,73644,-1,-1,278363,-1,243666,73641,-1,236875,216286,257036,271320,-1,-1,79957,-1,-1,73988,256846,-1,243666,247658,236875,-1,-1,-1,270,74531,79956,267783,-1,266890,200209,-1,236875,252737,-1,262537,265179,79551,-1,-1,271320,-1,271320,-1,262588,271320,-1,-1
-1,132740,191083,-1,-1,253409,-1,-1,238222,-1,-1,253409,243886,-1,-1,-1,79548,243539,-1,-1,213530,-1,256746,260149,-1,238222,77729,190633,253409,-1,-1,231828,-1,-1,268506,261670,-1,238222,254849,250854,-1,-1,-1,271,81762,248175,250855,-1,253472,191083,-1,253409,-1,-1,232225,243158,-1,-1,-1,251201,-1,253409,-1,78906,251201,-1,-1
-1,220584,276272,-1,-1,239981,-1,263310,70125,-1,-1,242712,184040,-1,-1,-1,79549,81291,-1,-1,201303,-1,239981,198538,-1,239981,248493,224426,239981,-1,-1,78629,-1,-1,79553,78630,-1,239981,81296,232311,-1,-1,-1,272,81623,82787,274264,-1,256855,201303,-1,239981,204193,-1,271079,262056,256741,-1,-1,239981,-1,239981,-1,78632,230561,-1,-1
-1,212151,232432,-1,-1,208224,-1,232212,255541,-1,-1,224574,230564,-1,-1,-1,220969,208224,-1,-1,243525,-1,239028,212814,-1,255541,244949,228732,243525,-1,-1,204152,-1,-1,211522,199206,-1,243525,232099,279064,-1,-1,-1,278,81713,79262,278660,-1,263897,208224,-1,208224,233917,-1,235813,210358,82893,-1,-1,232432,-1,208224,78469,193061,236510,-1,79916
-1,252552,243686,-1,-1,243686,-1,276998,212091,-1,-1,227055,82424,-1,-1,-1,231887,73884,-1,-1,255971,-1,226766,216194,-1,227055,235949,234986,227055,-1,-1,251942,-1,-1,74697,246679,-1,227055,271461,242287,-1,-1,-1,280,74085,215399,240702,-1,257368,234986,-1,243686,79111,-1,241788,240493,79110,-1,-1,243586,-1,243686,262109,81324,243586,-1,-1
-1,224068,76616,-1,-1,73085,-1,72310,277354,-1,-1,73085,82157,-1,-1,-1,81340,72138,-1,-1,277356,-1,266272,248584,-1,73085,246329,215708,73085,-1,-1,278282,-1,-1,74510,80538,-1,73085,263250,256788,-1,-1,-1,294,193683,74589,209430,-1,257019,215708,-1,73085,80541,-1,80542,201138,74507,-1,-1,73085,-1,73085,248408,80846,74618,-1,228255
-1,248283,215817,-1,-1,215817,-1,244220,241726,-1,-1,204612,77074,-1,-1,-1,223255,246757,-1,-1,70628,-1,255464,245684,-1,241726,213777,258920,204612,-1,-1,71868,-1,-1,75672,72409,-1,255464,260567,212040,-1,-1,-1,298,72599,277510,278753,-1,70693,204612,-1,241726,267601,-1,78924,80447,272322,-1,-1,215817,-1,241726,73447,75193,245537,-1,-1
-1,186508,271265,-1,-1,205214,-1,268413,257072,-1,-1,246100,70948,-1,-1,-1,247754,205214,-1,-1,254142,-1,73381,243347,-1,205214,246390,256435,254142,-1,-1,256040,-1,-1,278703,279217,-1,205214,73262,209335,-1,-1,-1,300,201888,74389,262860,-1,235532,205214,-1,205214,77749,-1,271467,237935,72277,-1,-1,205214,-1,205214,-1,214650,245384,-1,-1
-1,72923,241921,-1,-1,201114,-1,76971,262938,-1,-1,261400,81342,-1,-1,-1,269632,269616,-1,-1,256894,-1,201114,259456,-1,201114,254084,244891,201114,-1,-1,243080,-1,-1,251594,72907,-1,201114,258608,79252,-1,-1,-1,301,251143,76686,217605,-1,278628,201114,-1,201114,276689,-1,257473,215502,276354,-1,-1,241921,-1,201114,75920,73048,234683,-1,-1
-1,241052,75527,-1,-1,255621,-1,-1,243596,-1,-1,251454,277859,-1,-1,-1,250815,227679,-1,-1,252758,-1,255621,75586,-1,255621,72986,252476,255621,-1,-1,272877,-1,-1,251283,279520,-1,252758,271618,227288,-1,-1,-1,305,261420,274269,267768,-1,235704,252758,-1,252758,230081,-1,71141,82729,-1,-1,-1,255621,-1,255621,-1,82997,269954,-1,-1
-1,237927,71919,-1,-1,183544,-1,72108,233056,-1,-1,236364,231926,-1,-1,-1,248723,218744,-1,-1,243163,-1,229249,77506,-1,218744,240978,202014,183544,-1,-1,231303,-1,-1,71145,277852,-1,218744,221534,273573,-1,-1,-1,306,78949,72106,207491,-1,192546,202014,-1,218744,77335,-1,193768,227570,271556,-1,-1,183544,-1,218744,80227,198543,183544,-1,-1
-1,79620,78676,-1,-1,243000,-1,-1,248040,-1,-1,243000,256271,-1,-1,-1,243019,70195,-1,-1,243001,-1,251880,276452,-1,243000,274397,79427,243000,-1,-1,229251,-1,-1,75478,248041,-1,243000,221336,72817,-1,-1,-1,308,242870,76427,255969,-1,243023,243000,-1,243000,248054,-1,266564,205942,-1,-1,-1,243000,-1,243000,-1,273803,269731,-1,-1
-1,251036,242640,-1,-1,248049,-1,79006,223229,-1,-1,237378,262728,-1,-1,-1,257805,248680,-1,-1,264696,-1,248049,237630,-1,248049,227706,246563,248049,-1,-1,271620,-1,-1,241278,253076,-1,248049,78778,270863,-1,-1,-1,310,75978,70249,245749,-1,241812,248049,-1,248049,243918,-1,72978,213649,72641,-1,-1,248049,-1,248049,79004,273678,242494,-1,-1
-1,275079,256799,-1,-1,71994,-1,-1,271031,-1,-1,228863,265486,-1,-1,-1,235670,258679,-1,-1,277807,-1,269385,259290,-1,258679,270503,74426,71994,-1,-1,222328,-1,-1,272968,210688,-1,228863,71722,71994,-1,-1,-1,319,271553,-1,275056,-1,238270,238270,-1,228863,-1,-1,77606,233763,-1,-1,-1,256799,-1,228863,-1,243788,74674,-1,-1
-1,207557,226430,-1,-1,273694,-1,270971,193133,-1,-1,265696,242159,-1,-1,-1,271923,248166,-1,-1,277751,-1,272931,71996,-1,265696,260972,194201,265696,82151,-1,79527,-1,-1,184472,257158,-1,265696,238196,273694,-1,-1,-1,320,205210,78941,199792,-1,243833,194201,-1,265696,164484,-1,239125,259987,71921,-1,-1,248166,-1,273694,220649,228325,275062,-1,76878
-1,242200,270368,-1,-1,204348,-1,-1,256380,-1,-1,262911,273593,-1,-1,-1,78665,204348,-1,-1,187916,-1,272962,70999,-1,204348,77763,259990,204348,-1,-1,76876,-1,-1,77762,76860,-1,204348,209369,71729,-1,-1,-1,321,273613,209064,76874,-1,212417,204348,-1,204348,76871,-1,81260,227050,-1,-1,-1,270368,-1,204348,-1,78571,266113,-1,-1
-1,270038,265793,-1,-1,277540,-1,262514,250805,-1,-1,276644,79654,-1,-1,-1,74643,277540,-1,-1,269497,-1,255258,81865,-1,277540,75526,276170,277540,-1,-1,79651,-1,-1,75524,238988,-1,277540,242759,279669,-1,-1,-1,322,259083,73193,261490,-1,213323,250805,-1,277540,199282,-1,83043,272383,80111,-1,-1,276644,-1,277540,-1,271638,72246,-1,-1
-1,189021,245218,-1,-1,206254,-1,73377,252527,-1,-1,244399,82355,-1,-1,-1,240544,236721,-1,-1,206254,-1,73846,245017,-1,206254,82454,224821,206254,-1,-1,234856,-1,-1,80265,234138,-1,206254,271650,212939,-1,-1,-1,324,82208,235565,244185,-1,237181,244399,-1,206254,75462,-1,239740,80267,206307,-1,-1,206254,-1,206254,274439,81688,229448,-1,-1
-1,226300,239892,-1,-1,186942,-1,-1,234171,-1,-1,222492,262607,-1,-1,-1,270571,223959,-1,-1,186942,-1,263205,252802,-1,186942,212811,220793,186942,-1,-1,252293,-1,-1,245762,207790,-1,186942,239380,259754,-1,-1,-1,325,237232,251873,201399,-1,229905,229905,-1,186942,279882,-1,271464,211908,-1,-1,-1,232293,-1,186942,-1,70253,232293,-1,-1
-1,210257,220834,-1,-1,258580,-1,-1,227928,-1,-1,258165,264001,-1,-1,-1,209297,260466,-1,-1,236496,-1,258580,235844,-1,220834,260236,232363,258580,-1,-1,232119,-1,-1,80731,262968,-1,258580,243526,252544,-1,-1,-1,326,252799,79575,235410,-1,258168,232363,-1,220834,82855,-1,247172,190113,-1,-1,-1,212523,-1,220834,-1,231240,212523,-1,-1
-1,245370,216860,-1,-1,243245,-1,-1,263808,-1,-1,229167,193945,-1,-1,-1,269421,243245,-1,-1,226790,-1,255529,216814,-1,243245,235889,252339,243245,-1,-1,232144,-1,-1,-1,198657,-1,243245,254296,252208,-1,-1,-1,327,-1,-1,278999,-1,256033,243245,-1,243245,-1,-1,72315,258511,-1,-1,-1,231352,-1,243245,-1,81588,231352,-1,-1
-1,210676,273915,-1,-1,253139,-1,266848,271539,-1,277840,230107,278623,-1,-1,-1,236838,243787,-1,-1,271198,-1,253139,271197,-1,244717,265732,275783,253139,247668,-1,263469,-1,-1,259299,74502,-1,246431,247528,244717,-1,-1,-1,347,80006,227222,279202,-1,70555,210676,-1,253139,80606,268511,239671,235266,263949,-1,-1,253139,246649,253139,266501,270888,246431,-1,263657
-1,268583,238059,-1,-1,245903,-1,-1,235773,-1,-1,234241,270376,-1,-1,-1,206558,245903,-1,-1,213665,-1,243845,254113,-1,245903,250823,228997,245903,-1,-1,211217,-1,-1,256164,209315,-1,245903,206562,237175,-1,-1,-1,361,264445,75514,216155,-1,200731,200731,-1,238059,279183,-1,270455,241525,78304,-1,-1,205255,-1,245903,-1,248740,205255,-1,-1
-1,239203,267702,-1,-1,204105,-1,-1,204105,-1,-1,231612,74425,-1,-1,-1,77829,244480,-1,-1,252541,-1,271689,262344,-1,231612,248573,215410,231612,-1,-1,271691,-1,-1,76035,260237,-1,231612,237960,263908,-1,-1,-1,378,279573,-1,227234,-1,261495,215410,-1,231612,-1,-1,274692,235413,-1,-1,-1,231612,-1,204105,-1,74884,219733,-1,-1
-1,72022,77712,-1,-1,267465,-1,-1,245084,-1,-1,80238,246459,-1,-1,-1,260195,259316,-1,-1,76760,-1,242914,76449,-1,242914,277659,72250,259316,-1,-1,80902,-1,-1,277855,272930,-1,267465,76246,226103,-1,-1,-1,379,79531,253073,277578,-1,199393,199393,-1,267465,-1,-1,258196,231105,-1,-1,-1,242914,-1,267465,-1,70011,267465,-1,-1
-1,72390,239504,-1,-1,250786,-1,-1,221953,-1,-1,259186,238995,-1,-1,-1,240323,238958,-1,-1,269149,-1,253094,266827,-1,250786,224017,250786,250786,-1,-1,187154,-1,-1,273898,171923,-1,250786,220045,277007,-1,-1,-1,381,74359,203500,201240,-1,205159,205159,-1,250786,79425,-1,222878,262559,-1,-1,-1,239504,-1,250786,-1,212994,204860,-1,-1
-1,230182,230269,-1,-1,230241,-1,-1,236112,-1,-1,230425,-1,-1,-1,-1,230480,230373,-1,-1,230331,-1,230402,230439,-1,230241,230427,230229,230269,-1,-1,230353,-1,-1,-1,230282,-1,230269,230248,230241,-1,-1,-1,383,-1,-1,230501,-1,236109,230182,-1,230241,-1,-1,230371,230185,-1,-1,-1,230440,-1,230241,-1,-1,230440,-1,-1
-1,236583,259633,-1,-1,237520,-1,276591,224263,-1,75047,220746,231588,-1,-1,-1,264330,237520,-1,-1,205391,-1,188803,208053,-1,188803,235029,210136,205391,79689,-1,226508,-1,-1,195086,245566,-1,220746,79764,209620,-1,-1,-1,393,271477,79706,245977,-1,253136,220746,-1,210136,75895,-1,200094,232123,72884,-1,-1,237520,-1,237520,79761,252931,239842,-1,221605
-1,262814,246063,-1,-1,246063,-1,-1,198599,-1,-1,244692,77083,-1,-1,-1,83377,201877,-1,-1,211365,-1,278710,236634,-1,246063,247534,223253,246063,-1,-1,244056,-1,-1,78054,256384,-1,246063,70328,77951,-1,-1,-1,417,78034,80263,267685,-1,241737,198599,-1,246063,269971,-1,78573,81764,-1,-1,-1,188091,-1,246063,-1,78441,188091,-1,-1
-1,207633,77585,-1,-1,274979,-1,-1,246291,-1,-1,260000,-1,-1,-1,-1,77088,177279,-1,-1,70330,-1,274979,239955,-1,260000,278752,267690,177279,-1,-1,278707,-1,-1,-1,77073,-1,260000,78938,78049,-1,-1,-1,418,-1,-1,255835,-1,71864,177279,-1,260000,-1,-1,73635,77651,-1,-1,-1,77274,-1,260000,-1,-1,77274,-1,-1
-1,276518,72588,-1,-1,225996,-1,80092,263262,-1,-1,223307,150516,-1,-1,-1,244550,271984,-1,-1,255343,-1,270046,276877,-1,225996,241689,236304,225996,-1,-1,220230,-1,-1,241053,204687,-1,225996,83171,225996,-1,-1,-1,420,274710,270540,257396,-1,201132,225996,-1,225996,277589,-1,230046,224761,79085,-1,-1,223307,-1,225996,-1,239808,246954,-1,-1
-1,271667,221810,-1,-1,278636,-1,-1,248429,-1,-1,182156,-1,-1,-1,-1,80219,200900,-1,-1,277345,-1,278636,279145,-1,278636,77436,76419,278636,-1,-1,77430,-1,-1,-1,77435,-1,278636,77434,225873,-1,-1,-1,422,-1,-1,276814,-1,227948,212223,-1,278636,-1,-1,263030,260018,-1,-1,-1,212223,-1,278636,-1,-1,212223,-1,-1
-1,244191,237863,-1,-1,251262,-1,-1,253943,-1,-1,251262,276749,-1,-1,-1,239642,202819,-1,-1,242230,-1,263098,227182,-1,202819,230847,246079,251262,-1,-1,70744,-1,-1,-1,211978,-1,251262,259472,247000,-1,-1,-1,423,-1,-1,254138,-1,251178,246079,-1,202819,-1,-1,72714,208697,-1,-1,-1,202819,-1,202819,-1,71490,242984,-1,-1
-1,192129,220198,-1,-1,272566,-1,81630,225273,-1,72190,219951,80314,-1,-1,-1,273858,272514,-1,-1,262224,-1,272566,272656,-1,272566,276189,244269,272566,79997,-1,79251,-1,-1,273596,272918,-1,272566,272655,244192,-1,-1,-1,433,81462,74629,234066,-1,226583,219951,-1,272566,76875,-1,79250,228355,80638,-1,-1,219951,-1,272566,240677,76873,79805,-1,71306
-1,226753,261195,-1,-1,261195,-1,-1,276909,-1,-1,237055,241771,-1,-1,-1,205201,276946,-1,-1,74735,-1,268787,223154,-1,237055,212382,204639,237055,-1,-1,74981,-1,-1,70552,264284,-1,237055,264294,244486,-1,-1,-1,436,75342,78970,205678,-1,74295,204639,-1,261195,78027,-1,271452,279001,-1,-1,-1,237055,-1,261195,-1,266474,279930,-1,-1
-1,242229,229921,-1,-1,210263,-1,-1,274636,-1,-1,246136,277023,-1,-1,-1,198489,201901,-1,-1,247166,-1,244655,235650,-1,210263,277353,251416,210263,-1,-1,221167,-1,-1,-1,228134,-1,210263,261276,237933,-1,-1,-1,445,-1,-1,201346,-1,238260,210263,-1,210263,-1,-1,227082,247571,-1,-1,-1,210263,-1,210263,-1,74353,210263,-1,-1
-1,230869,244675,-1,-1,279604,-1,278408,239614,-1,-1,216201,259422,-1,-1,-1,146947,279604,-1,-1,205157,-1,256516,277708,-1,279604,253130,248550,256516,-1,-1,259524,-1,-1,82124,241049,-1,279604,74317,183512,-1,-1,-1,448,78550,79582,225201,-1,212218,216201,-1,279604,82180,-1,225523,271034,263617,-1,-1,256516,-1,279604,76945,70344,231184,-1,-1
-1,246657,226456,-1,-1,226456,-1,226226,203747,-1,-1,255475,76739,-1,-1,-1,241867,235945,-1,-1,276471,-1,264432,252324,-1,226456,228520,198141,226456,197781,-1,267430,-1,-1,194911,267860,-1,226456,212602,193352,-1,-1,-1,449,272487,74717,198951,-1,277537,198141,-1,226456,76420,-1,76740,221087,80806,-1,-1,237034,-1,226456,224158,79478,237034,-1,241184
-1,234102,224179,-1,-1,192638,-1,-1,279027,-1,-1,259694,265800,-1,-1,-1,270860,259233,-1,-1,277029,-1,192629,262140,-1,259694,264095,220821,271916,-1,-1,72426,-1,-1,83212,80666,-1,271916,263227,252866,-1,-1,-1,450,72425,230021,266331,-1,192638,192629,-1,271916,223061,-1,272453,222572,264167,-1,-1,192629,-1,192638,-1,240223,271916,-1,-1
-1,227290,229862,-1,-1,229862,-1,-1,261654,-1,-1,257063,243431,-1,-1,-1,258949,244407,-1,-1,260546,-1,225926,263133,-1,229862,259521,240289,229862,-1,-1,233884,-1,-1,-1,263575,-1,229862,262479,270728,-1,-1,-1,452,244622,-1,192678,-1,192816,192816,-1,229862,-1,-1,258684,258948,-1,-1,-1,263676,-1,229862,-1,279605,263676,-1,-1
-1,258466,202648,-1,-1,202648,-1,-1,221342,-1,-1,270206,278392,-1,-1,-1,267976,208620,-1,-1,255566,-1,80915,252909,-1,202648,232610,219585,202648,-1,-1,245426,-1,-1,74481,248820,-1,202648,232008,214026,-1,-1,-1,453,275024,146952,241856,-1,228805,228805,-1,214026,-1,-1,202716,261375,-1,-1,-1,223710,-1,202648,-1,264110,223710,-1,-1
-1,225395,75263,-1,-1,243792,-1,80709,269197,-1,-1,246044,273827,-1,-1,-1,216376,254005,-1,-1,262501,-1,243792,265731,-1,243792,83090,255406,243792,-1,-1,75632,-1,-1,279112,236466,-1,243792,74881,74606,-1,-1,-1,456,80659,277597,269639,-1,246455,254005,-1,243792,75378,-1,274080,80005,82954,-1,-1,243792,-1,243792,83120,243155,193794,-1,74624
-1,227127,246672,-1,-1,235944,-1,-1,259848,-1,-1,235944,226221,-1,-1,-1,264701,224411,-1,-1,262510,-1,234153,272455,-1,235944,74091,277225,241811,-1,-1,246748,-1,-1,237681,225263,-1,234153,258775,241811,-1,-1,-1,457,74087,262513,269186,-1,233738,230142,-1,234153,-1,-1,234060,265520,-1,-1,-1,230142,-1,235944,-1,234035,230142,-1,-1
-1,219836,243491,-1,-1,243491,-1,80752,256080,-1,-1,263883,74608,-1,-1,-1,277894,229207,-1,-1,264838,-1,256885,237442,-1,243491,265560,236573,243491,-1,-1,258766,-1,-1,72028,228716,-1,243491,228326,271805,-1,-1,-1,459,238220,82118,77717,-1,243449,219836,-1,224428,245021,-1,82117,245601,78731,-1,-1,224428,-1,224428,71797,264506,224428,-1,273610
-1,211348,246258,-1,-1,224415,-1,247832,203177,-1,-1,224415,240900,-1,-1,-1,219792,230786,-1,-1,236657,-1,264238,247729,-1,230786,266436,265726,230786,-1,-1,233885,-1,-1,279868,260082,-1,224415,243134,211688,-1,-1,-1,461,266031,80683,231627,-1,263396,211688,-1,230786,78669,-1,236276,241179,263880,-1,-1,230786,-1,230786,230578,241463,243032,-1,-1
-1,278395,271682,-1,-1,258769,-1,78366,231280,-1,-1,262581,260264,-1,-1,-1,260923,258769,-1,-1,266136,-1,262585,224013,-1,258769,242655,263393,258769,-1,-1,78642,-1,-1,80721,72107,-1,258769,271267,264440,-1,-1,-1,462,82252,278008,253152,-1,270879,271682,-1,258769,277930,-1,233631,270529,75565,-1,-1,271682,-1,258769,80812,278524,252084,-1,-1
-1,222464,234826,-1,-1,233113,-1,-1,210455,-1,-1,264160,244948,-1,-1,-1,270834,261987,-1,-1,244767,-1,233113,264842,-1,233113,240458,240953,244767,-1,-1,250725,-1,-1,277814,278003,-1,233113,238126,279109,-1,-1,-1,463,78858,81738,205192,-1,255854,261987,-1,233113,70183,-1,221639,186680,-1,-1,-1,244767,-1,233113,-1,241070,222041,-1,-1
-1,259362,264665,-1,-1,199986,-1,78933,254913,-1,-1,244197,271037,-1,-1,-1,229765,241489,-1,-1,275126,-1,256059,255268,-1,199986,73561,271438,256059,-1,-1,277719,-1,-1,237206,234731,-1,256059,264195,71912,-1,-1,-1,467,254003,78159,199158,-1,199986,199986,-1,199986,80576,-1,229517,264170,79487,-1,-1,256059,-1,199986,80276,267778,233231,-1,80277
-1,246139,228941,-1,-1,231628,-1,278923,259173,-1,-1,235522,269622,-1,-1,-1,278523,270109,-1,-1,276745,-1,254860,246113,-1,276745,229667,261264,254860,-1,-1,248559,-1,-1,83277,260083,-1,276745,269250,246809,-1,-1,-1,468,243571,264116,272445,-1,206222,206222,-1,270109,80749,-1,231436,207935,75568,-1,-1,231628,-1,231628,-1,279035,231628,-1,-1
-1,244262,69992,-1,-1,252079,-1,76546,258922,-1,78859,278096,234350,-1,-1,-1,242489,243478,-1,-1,252079,-1,272430,278400,-1,252079,198164,259581,252079,247136,-1,278403,-1,-1,265194,272305,-1,252079,269224,244394,-1,-1,-1,472,229699,74371,217731,-1,266160,258922,-1,252079,70334,234779,251337,277239,278872,-1,-1,252079,78071,252079,77155,251011,202515,-1,266158
-1,224003,258937,-1,-1,211022,-1,-1,234730,-1,-1,211022,223790,-1,-1,-1,258139,208137,-1,-1,247495,-1,76042,225200,-1,211022,206590,259066,211022,-1,-1,271145,-1,-1,80805,272433,-1,211022,274355,231591,-1,-1,-1,479,71277,74441,253416,-1,243976,224003,-1,211022,276087,-1,71598,193314,264159,-1,-1,188335,-1,211022,-1,206219,188335,-1,-1
-1,227186,232498,-1,-1,232498,-1,267577,248165,-1,-1,265578,251756,-1,-1,-1,243558,222390,-1,-1,250858,-1,216447,214944,-1,232498,265396,197948,232498,272486,-1,236355,-1,-1,73316,203581,-1,232498,247131,258371,-1,-1,-1,480,271373,173030,276895,-1,276633,232498,-1,197948,79474,-1,236492,236033,74551,-1,-1,232498,-1,197948,81393,248805,243559,-1,235662
-1,211990,69967,-1,-1,270301,-1,80681,264172,-1,-1,229649,213917,-1,-1,-1,184432,229752,-1,-1,246683,-1,270301,234426,-1,270301,238050,193198,229649,238581,-1,267960,-1,-1,224309,78367,-1,270301,252961,264174,-1,-1,-1,481,80682,241930,184941,-1,271755,193198,-1,270301,272427,-1,244114,185427,275520,-1,-1,266256,-1,270301,279507,208330,266256,-1,243034
-1,258885,208093,-1,-1,264388,-1,-1,278659,-1,-1,241707,268414,-1,-1,-1,226110,235781,-1,-1,246800,-1,264388,209989,-1,264388,189513,276493,264388,-1,-1,262402,-1,-1,271757,277244,-1,264388,271108,228302,-1,-1,-1,483,80684,237221,215590,-1,273906,208093,-1,264388,243923,-1,82665,259065,72328,-1,-1,208093,-1,264388,-1,258534,254551,-1,-1
-1,262322,245582,-1,-1,262669,-1,81817,248105,-1,-1,269302,72675,-1,-1,-1,262672,262669,-1,-1,279622,-1,274191,251855,-1,262669,251342,262119,269302,80308,-1,260683,-1,-1,190738,79280,-1,262669,274000,72674,-1,-1,-1,485,261992,263065,236474,-1,255838,262669,-1,262669,70985,-1,262551,238503,262117,-1,-1,262119,-1,262669,80309,276052,277910,-1,76553
-1,237359,263025,-1,-1,244034,-1,-1,79383,-1,-1,262645,246175,-1,-1,-1,262984,239690,-1,-1,240335,-1,244034,73131,-1,244034,239498,234381,244034,-1,-1,268652,-1,-1,183632,268651,-1,244034,79705,235253,-1,-1,-1,487,79384,222838,278186,-1,245760,234381,-1,244034,73129,-1,270023,263023,-1,-1,-1,261047,-1,244034,-1,246845,261047,-1,-1
-1,276993,269472,-1,-1,276342,-1,238986,73147,-1,-1,276342,238965,-1,-1,-1,233880,276320,-1,-1,253418,-1,255337,251688,-1,276342,80903,256519,276342,271936,-1,218656,-1,-1,255789,203590,-1,276342,262534,259272,-1,-1,-1,492,79803,244078,278893,-1,274101,243445,-1,276342,76794,-1,76980,208776,79258,-1,-1,243445,-1,276342,279657,263970,243445,-1,238674
-1,252911,273114,-1,-1,234385,-1,222484,256954,-1,-1,234385,262671,-1,-1,-1,262902,262898,-1,-1,279490,-1,263076,243360,-1,234385,248575,73956,234385,72755,-1,225636,-1,-1,264168,263061,-1,234385,239634,244133,-1,-1,-1,503,82199,277509,235157,-1,251289,234385,-1,234385,216377,-1,262667,236613,250909,-1,-1,234385,-1,234385,264247,262664,216823,-1,74984
-1,271171,79756,-1,-1,216255,-1,73368,270994,-1,-1,73370,225075,-1,-1,-1,258635,263353,-1,-1,245769,-1,216255,72531,-1,216255,243041,257147,216255,-1,-1,241135,-1,-1,272538,239686,-1,216255,79755,262593,-1,-1,-1,506,77747,78089,272454,-1,77764,216255,-1,216255,81635,-1,205892,182520,242268,-1,-1,216255,-1,216255,-1,73369,238643,-1,-1
-1,230328,230481,-1,-1,230481,-1,-1,230208,-1,-1,230422,-1,-1,-1,-1,230485,230259,-1,-1,230417,-1,230468,230213,-1,230481,230239,230379,230481,-1,-1,236073,-1,-1,-1,230397,-1,230481,230399,230339,-1,-1,-1,517,-1,-1,230503,-1,230388,230481,-1,230481,-1,-1,236190,230324,-1,-1,-1,230516,-1,230481,-1,-1,230516,-1,-1
-1,235141,242291,-1,-1,237635,-1,80206,234279,-1,-1,260014,263841,-1,-1,-1,224662,265643,-1,-1,203754,-1,237635,263514,-1,237635,270877,279219,237635,-1,-1,276675,-1,-1,237490,264313,-1,237635,250847,257532,-1,-1,-1,523,268747,224424,225735,-1,233785,233785,-1,237635,267460,-1,244040,218873,238637,-1,-1,237635,-1,237635,278043,257172,256282,-1,-1
-1,269269,264245,-1,-1,260186,-1,-1,269315,-1,-1,260186,71288,-1,-1,-1,73009,239666,-1,-1,238692,-1,73071,78448,-1,260186,261528,217841,239666,-1,-1,73015,-1,-1,74003,274565,-1,260186,231424,269850,-1,-1,-1,526,269320,79320,272909,-1,239903,217841,-1,260186,74385,-1,273533,265750,-1,-1,-1,276312,-1,260186,-1,74747,276312,-1,-1
-1,260978,258547,-1,-1,244024,-1,276903,276287,-1,-1,212755,223756,-1,-1,-1,238636,276289,-1,-1,241900,-1,263312,253694,-1,244024,229702,262903,244024,81992,-1,211874,-1,-1,266438,263138,-1,244024,251325,194431,-1,-1,-1,531,238634,82001,240829,-1,242958,212755,-1,244024,75592,-1,257264,243925,264856,-1,-1,244024,-1,244024,80291,245856,244024,-1,276353
-1,231413,257314,-1,-1,272872,-1,-1,263075,-1,-1,263424,257209,-1,-1,-1,80125,239595,-1,-1,264711,-1,261360,262267,-1,272872,252697,79311,272872,-1,-1,279122,-1,-1,79818,241692,-1,272872,72954,269288,-1,-1,-1,537,263984,81310,261771,-1,279008,264711,-1,272872,214680,-1,79310,246740,-1,-1,-1,272872,-1,272872,-1,70781,272872,-1,-1
-1,259718,245543,-1,-1,270514,-1,276041,234861,-1,-1,276270,257051,-1,-1,-1,213644,244280,-1,-1,210004,-1,270514,278728,-1,244280,79326,262792,244280,-1,-1,252231,-1,-1,83257,274038,-1,244280,74417,229923,-1,-1,-1,543,262005,80320,79330,-1,277877,245543,-1,270514,224440,-1,238957,240218,76138,-1,-1,270514,-1,270514,80366,80194,251417,-1,-1
-1,228582,266209,-1,-1,241582,-1,-1,71384,-1,-1,261677,72717,-1,-1,-1,262181,270374,-1,-1,228292,-1,241582,267425,-1,241582,204787,264695,241582,-1,-1,77876,-1,-1,261454,278641,-1,241582,278643,277547,-1,-1,-1,563,72719,237969,247371,-1,278511,241582,-1,241582,-1,-1,278642,138431,-1,-1,-1,277997,-1,241582,-1,72715,277997,-1,-1
-1,230323,230271,-1,-1,230337,-1,-1,230199,-1,-1,230278,-1,-1,-1,-1,230273,230530,-1,-1,230234,-1,230466,230268,-1,230271,230247,230381,230337,-1,-1,230335,-1,-1,-1,230221,-1,230337,230372,230337,-1,-1,-1,567,-1,-1,230287,-1,230218,230271,-1,230337,-1,-1,236196,230332,-1,-1,-1,230278,-1,230337,-1,-1,230507,-1,-1
-1,230318,234015,-1,-1,234015,-1,-1,230202,-1,-1,230465,-1,-1,-1,-1,230522,230252,-1,-1,230452,-1,230515,230236,-1,230465,230243,230209,230252,-1,-1,236076,-1,-1,-1,230200,-1,230252,233986,230189,-1,-1,-1,568,-1,-1,230290,-1,230382,230318,-1,234015,-1,-1,236165,233976,-1,-1,-1,230502,-1,234015,-1,-1,230502,-1,-1
-1,230330,234023,-1,-1,230275,-1,-1,230194,-1,-1,230275,-1,-1,-1,-1,230377,236172,-1,-1,230434,-1,236170,234018,-1,230275,236197,230405,234023,-1,-1,230190,-1,-1,-1,230409,-1,234023,234019,230348,-1,-1,-1,569,-1,-1,236186,-1,230413,230434,-1,230275,-1,-1,230270,230172,-1,-1,-1,230302,-1,230275,-1,-1,230302,-1,-1
-1,235312,278608,-1,-1,276949,-1,236735,73199,-1,83074,74210,265812,-1,-1,-1,255398,276949,-1,-1,258494,-1,246276,73450,-1,276949,74555,73452,276949,77346,-1,265437,-1,-1,78193,263677,-1,276949,220638,226087,-1,-1,-1,573,234769,260344,242333,-1,219796,235312,-1,276949,74211,-1,269227,271491,244938,-1,-1,74554,-1,276949,236221,252943,74554,-1,80217
-1,262516,271993,-1,-1,251834,-1,273046,76106,-1,-1,251834,263874,-1,-1,-1,73125,269084,-1,-1,212321,-1,277767,276165,-1,255459,204688,219694,255459,279022,-1,224093,-1,-1,73149,275754,-1,251834,76706,255459,-1,-1,-1,576,83189,79298,200473,-1,276167,255459,-1,255459,231110,-1,279220,244001,228935,-1,-1,255459,-1,251834,79299,275604,262946,-1,70522
-1,269301,267782,-1,-1,270554,-1,-1,270554,-1,-1,260925,82971,-1,-1,-1,242525,246301,-1,-1,73002,-1,262978,73585,-1,270554,234860,262591,270554,-1,-1,229200,-1,-1,244233,216416,-1,270554,279213,261745,-1,-1,-1,580,276321,189917,238631,-1,251320,262591,-1,270554,73005,-1,246858,238489,279212,-1,-1,267782,-1,270554,-1,269310,76133,-1,-1
-1,269560,243883,-1,-1,202087,-1,79380,78646,-1,-1,244027,244094,-1,-1,-1,259854,255072,-1,-1,244707,-1,270548,78524,-1,202087,256298,209491,202087,-1,-1,78523,-1,-1,79376,78525,-1,202087,78657,256296,-1,-1,-1,583,276168,79379,259855,-1,202087,209491,-1,202087,72336,-1,263307,79377,78522,-1,-1,243378,-1,202087,70906,73306,243378,-1,-1
-1,230319,230432,-1,-1,230521,-1,-1,230217,-1,-1,236147,-1,-1,-1,-1,234028,230414,-1,-1,230242,-1,230370,230246,-1,230222,230456,230326,230242,-1,-1,230386,-1,-1,-1,230205,-1,230242,230392,230244,-1,-1,-1,598,-1,-1,230385,-1,230222,230244,-1,230521,-1,-1,230410,230321,-1,-1,-1,230521,-1,230521,-1,-1,230521,-1,-1
-1,209981,210602,-1,-1,223848,-1,277063,245268,-1,225976,223848,279000,-1,-1,-1,241938,222737,-1,-1,224293,-1,220075,206654,-1,224293,70651,201024,224293,82924,-1,229851,-1,-1,78887,256331,-1,210602,242223,232656,-1,-1,-1,605,228783,277487,277797,-1,245751,210602,-1,223848,82210,-1,73855,245276,76425,-1,-1,253072,277279,223848,78872,261357,253072,-1,275317
-1,241727,165153,-1,-1,165153,-1,275128,200888,-1,277235,258147,221658,-1,-1,-1,238043,270613,-1,-1,215914,-1,241852,260977,-1,165153,263828,209499,241852,271569,-1,259426,-1,-1,71851,277022,-1,241852,234906,242156,-1,-1,-1,607,272830,74975,211173,-1,210843,165153,-1,165153,73593,-1,241963,279593,263884,-1,-1,209499,278227,165153,221772,259358,225953,-1,225087
-1,222411,260386,-1,-1,202526,-1,271161,209818,-1,-1,279624,189186,-1,-1,-1,278606,243841,-1,-1,278598,-1,233727,193957,-1,202526,246872,190180,202526,262231,-1,259201,-1,-1,215419,79684,-1,202526,178287,83301,-1,-1,-1,621,192451,70483,220178,-1,193716,190180,-1,202526,70932,-1,215420,211537,82938,-1,-1,243841,-1,202526,79278,252571,202526,-1,263294
-1,210832,246960,-1,-1,210386,-1,80378,197860,-1,-1,240271,223926,-1,-1,-1,261652,79242,-1,-1,261249,-1,210386,216380,-1,210386,251629,251895,240271,81745,-1,260436,-1,-1,73545,258926,-1,210386,275858,258823,-1,-1,-1,634,76962,73547,216349,-1,220385,197860,-1,210386,75226,-1,223115,202457,82844,-1,-1,210386,-1,210386,75602,73746,239378,-1,278873
-1,271150,80489,-1,-1,228666,-1,79037,75787,-1,-1,228666,269257,-1,-1,-1,259403,79039,-1,-1,79397,-1,79040,272530,-1,228666,239012,216230,80489,-1,-1,188621,-1,-1,79822,261673,-1,80489,254503,243293,-1,-1,-1,645,80488,79041,277864,-1,75894,227537,-1,228666,79038,-1,225152,271748,73432,-1,-1,227537,-1,228666,269243,71963,227537,-1,-1
-1,269795,274701,-1,-1,73348,-1,-1,269956,-1,-1,243953,208214,-1,-1,-1,255241,270636,-1,-1,73348,-1,277975,71624,-1,73348,252494,245018,73348,-1,-1,267485,-1,-1,276925,73930,-1,73348,264277,251911,-1,-1,-1,670,74135,75457,247539,-1,272407,73348,-1,73348,-1,-1,224252,263922,-1,-1,-1,73348,-1,73348,-1,263465,227667,-1,-1
-1,204308,70497,-1,-1,260570,-1,-1,275353,-1,-1,260570,232905,-1,-1,-1,235242,229659,-1,-1,270995,-1,70496,277206,-1,260570,268597,243530,260570,-1,-1,246713,-1,-1,74349,271417,-1,70497,278777,222875,-1,-1,-1,673,73692,278479,266616,-1,271032,229659,-1,260570,-1,-1,72955,244810,-1,-1,-1,260570,-1,260570,-1,77638,248712,-1,-1
-1,204549,264201,-1,-1,266681,-1,-1,259043,-1,-1,271953,244108,-1,-1,-1,72611,266681,-1,-1,260432,-1,251633,70191,-1,266681,226431,264189,266681,-1,-1,80126,-1,-1,270351,229705,-1,266681,261325,264280,-1,-1,-1,674,209547,75615,77045,-1,234167,204549,-1,266681,-1,-1,80031,269752,-1,-1,-1,239589,-1,266681,-1,275021,239589,-1,-1
-1,71641,232490,-1,-1,232490,-1,-1,276305,-1,-1,279667,184148,-1,-1,-1,80179,235799,-1,-1,270923,-1,266831,80383,-1,232490,271219,233225,232490,-1,-1,232655,-1,-1,83250,234148,-1,232490,271205,255850,-1,-1,-1,680,73924,277647,75843,-1,266567,71641,-1,232490,248603,-1,279806,272336,-1,-1,-1,76570,-1,232490,-1,279807,76570,-1,-1
-1,273047,263496,-1,-1,235661,-1,-1,242907,-1,-1,261661,268729,-1,-1,-1,268725,251466,-1,-1,235661,-1,251575,251621,-1,235661,276315,255558,235661,-1,-1,70277,-1,-1,277207,254833,-1,235661,220948,277755,-1,-1,-1,681,73324,79115,268724,-1,186296,235661,-1,235661,279048,-1,74136,209293,83334,-1,-1,271979,-1,235661,-1,75782,271979,-1,-1
-1,266389,238277,-1,-1,241907,-1,-1,212401,-1,-1,274535,206549,-1,-1,-1,270820,70155,-1,-1,245855,-1,241907,71481,-1,241907,272835,266390,245855,-1,-1,206485,-1,-1,-1,257346,-1,241907,246804,246106,-1,-1,-1,687,77969,-1,269923,-1,242263,241907,-1,241907,-1,-1,242515,267684,-1,-1,-1,241907,-1,241907,-1,79215,275221,-1,-1
-1,190780,263180,-1,-1,242542,-1,-1,242542,-1,-1,268685,-1,-1,-1,-1,259249,242302,-1,-1,243464,-1,71914,72375,-1,242542,256215,266805,242542,-1,-1,247459,-1,-1,-1,279787,-1,242542,-1,71080,-1,-1,-1,688,-1,-1,277301,-1,233931,242542,-1,242542,-1,-1,-1,75806,-1,-1,-1,263180,-1,242542,-1,-1,70045,-1,-1
-1,227909,260772,-1,-1,208448,-1,-1,255033,-1,-1,256426,269617,-1,-1,-1,268402,275294,-1,-1,227278,-1,208448,267796,-1,208448,75541,226803,208448,-1,-1,278174,-1,-1,73858,234927,-1,208448,259862,278488,-1,-1,-1,689,79888,69986,80484,-1,260001,208448,-1,208448,-1,-1,275108,267787,-1,-1,-1,208448,-1,208448,-1,256499,183569,-1,-1
-1,233267,253568,-1,-1,210930,-1,-1,77559,-1,-1,244895,273555,-1,-1,-1,266682,226793,-1,-1,73673,-1,210930,212592,-1,210930,237257,276960,210930,-1,-1,273552,-1,-1,-1,79881,-1,210930,269005,255136,-1,-1,-1,691,-1,-1,270107,-1,235849,210930,-1,210930,-1,-1,278955,226786,-1,-1,-1,210930,-1,210930,-1,73857,70892,-1,-1
-1,260982,233630,-1,-1,215443,-1,-1,273550,-1,-1,262414,77471,-1,-1,-1,255956,78452,-1,-1,271051,-1,215443,255273,-1,262414,240117,266334,215443,-1,-1,77494,-1,-1,269960,78202,-1,215443,268338,247278,-1,-1,-1,693,242714,228312,77466,-1,238008,238008,-1,215443,279705,-1,77504,259915,-1,-1,-1,233630,-1,215443,-1,81425,225085,-1,-1
-1,234777,245341,-1,-1,256934,-1,-1,237000,-1,-1,277794,70142,-1,-1,-1,260523,256934,-1,-1,228408,-1,266852,70222,-1,256934,70219,228295,256934,-1,-1,242769,-1,-1,279544,271055,-1,256934,247240,231985,-1,-1,-1,694,247612,-1,261455,-1,268130,231985,-1,256934,-1,-1,274272,263967,-1,-1,-1,276619,-1,256934,-1,77457,276619,-1,-1
-1,236571,256194,-1,-1,254067,-1,-1,232120,-1,-1,275101,252416,-1,-1,-1,246310,78172,-1,-1,215643,-1,254067,238049,-1,254067,79867,232332,254067,-1,-1,237214,-1,-1,77130,78028,-1,254067,272825,272603,-1,-1,-1,695,77467,77131,71257,-1,244674,215643,-1,254067,-1,-1,79866,77128,-1,-1,-1,244797,-1,254067,-1,77133,244797,-1,-1
-1,256053,223978,-1,-1,223978,-1,-1,264390,-1,-1,240226,-1,-1,-1,-1,279348,77490,-1,-1,82378,-1,232148,277619,-1,223978,261604,77970,240226,-1,-1,237250,-1,-1,-1,78211,-1,240226,-1,247125,-1,-1,-1,696,-1,-1,275252,-1,77488,232148,-1,223978,-1,-1,-1,70850,-1,-1,-1,251105,-1,223978,-1,-1,251105,-1,-1
-1,275032,188350,-1,-1,188350,-1,-1,233169,-1,-1,70822,242703,-1,-1,-1,183491,247509,-1,-1,260421,-1,241162,258095,-1,188350,233400,273826,70822,-1,-1,275251,-1,-1,247038,274267,-1,188350,77486,247308,-1,-1,-1,697,75238,275212,70335,-1,191648,191648,-1,188350,242816,-1,77474,241091,-1,-1,-1,237075,-1,188350,-1,72827,237075,-1,-1
-1,197928,213948,-1,-1,260479,-1,-1,246849,-1,-1,260479,-1,-1,-1,-1,270955,234122,-1,-1,235424,-1,258208,83484,-1,260479,263068,199745,260479,-1,-1,279356,-1,-1,-1,202570,-1,260479,-1,78686,-1,-1,-1,698,-1,-1,279320,-1,209597,234122,-1,260479,-1,-1,-1,77822,-1,-1,-1,220715,-1,260479,-1,-1,220715,-1,-1
-1,236823,77949,-1,-1,221919,-1,-1,246654,-1,-1,209061,266927,-1,-1,-1,275621,70124,-1,-1,236427,-1,221919,265999,-1,221919,74368,272304,236427,-1,-1,74518,-1,-1,276567,71308,-1,236427,209062,192102,-1,-1,-1,700,276890,270533,77907,-1,209063,209063,-1,221919,-1,-1,235516,211053,-1,-1,-1,209061,-1,221919,-1,75198,254275,-1,-1
-1,275161,277698,-1,-1,211177,-1,-1,279056,-1,-1,213813,202910,-1,-1,-1,77761,245122,-1,-1,273950,-1,211177,74715,-1,211177,251024,231510,245122,-1,-1,278592,-1,-1,-1,273949,-1,277698,277560,81458,-1,-1,-1,702,-1,-1,77216,-1,266015,202905,-1,211177,-1,-1,81461,75670,-1,-1,-1,245122,-1,211177,-1,-1,202905,-1,-1
-1,222900,264749,-1,-1,197240,-1,-1,71727,-1,-1,223379,262216,-1,-1,-1,270538,227835,-1,-1,275290,-1,197240,225237,-1,197240,76869,266337,264749,-1,-1,243125,-1,-1,75668,76867,-1,197240,75669,243284,-1,-1,-1,708,246920,77055,279736,-1,258874,197240,-1,197240,-1,-1,75126,256376,-1,-1,-1,197240,-1,197240,-1,272916,256326,-1,-1
-1,240043,236883,-1,-1,236883,-1,-1,242055,-1,-1,260228,77306,-1,-1,-1,266029,76879,-1,-1,213763,-1,234522,70096,-1,236883,78245,213497,236883,-1,-1,79512,-1,-1,207589,242062,-1,236883,223907,72112,-1,-1,-1,710,274268,-1,271090,-1,254994,213763,-1,236883,-1,-1,74628,221584,-1,-1,-1,236883,-1,236883,-1,278585,278584,-1,-1
-1,189296,234488,-1,-1,242166,-1,75665,70838,-1,80316,242166,190669,-1,-1,-1,275283,227882,-1,-1,70007,-1,277285,75450,-1,227882,274406,242160,227882,192201,-1,77311,-1,-1,219957,271415,-1,227882,80635,220600,-1,-1,-1,711,224793,234291,78065,-1,79303,189296,-1,227882,71836,-1,272967,207926,278580,-1,-1,227882,81614,227882,75666,269398,79525,-1,200718
-1,273998,271683,-1,-1,262416,-1,263790,80021,-1,80020,70671,80598,-1,-1,-1,233373,267958,-1,-1,79913,-1,233585,79908,-1,262416,79909,199577,262416,80019,-1,264022,-1,-1,273690,278796,-1,262416,80136,254244,-1,-1,-1,717,78974,81327,217021,-1,278057,199577,-1,262416,259067,83216,74567,80777,78981,-1,-1,262416,80022,262416,79911,254230,262416,-1,79912
-1,194781,72808,-1,-1,244193,-1,81597,253193,-1,-1,264450,80617,-1,-1,-1,80558,76743,-1,-1,79704,-1,244193,72677,-1,244193,79293,263813,244193,-1,-1,83404,-1,-1,77040,264743,-1,244193,247955,78088,-1,-1,-1,718,79312,73426,229683,-1,79505,244193,-1,244193,76225,-1,269199,279565,79968,-1,-1,244193,-1,244193,254514,79141,264092,-1,-1
-1,237553,278159,-1,-1,231777,-1,-1,253463,-1,-1,231777,240333,-1,-1,-1,240628,266050,-1,-1,252807,-1,212205,253714,-1,228120,204370,194077,278159,-1,-1,215147,-1,-1,75884,81517,-1,278159,243244,228120,-1,-1,-1,741,235932,78957,81560,-1,229773,194077,-1,278159,279725,-1,234129,201482,-1,-1,-1,228981,-1,278159,-1,211739,228981,-1,-1
-1,247866,270983,-1,-1,263279,-1,71634,72863,-1,-1,79363,277899,-1,-1,-1,74122,74117,-1,-1,268719,-1,278025,70700,-1,263279,80593,252001,263279,-1,-1,73596,-1,-1,80886,258522,-1,263279,261145,244287,-1,-1,-1,744,233414,235026,236692,-1,204121,244287,-1,263279,276159,-1,73600,73319,259530,-1,-1,263279,-1,263279,83220,278434,263279,-1,-1
-1,223175,251401,-1,-1,223134,-1,80644,223134,-1,81568,240040,278168,-1,-1,-1,252917,239045,-1,-1,270597,-1,218745,243271,-1,223134,258698,209232,223134,277884,-1,244377,-1,-1,83008,263854,-1,223134,276393,277902,-1,-1,-1,748,75899,83226,237179,-1,233097,223134,-1,223134,262335,-1,276392,234341,81578,-1,-1,244685,-1,223134,80643,277498,244685,-1,72417
-1,273558,183807,-1,-1,261876,-1,-1,77509,-1,-1,261876,71149,-1,-1,-1,272401,71148,-1,-1,264493,-1,260881,276927,-1,261876,243910,77510,261876,-1,-1,274451,-1,-1,240838,77598,-1,261876,278183,259234,-1,-1,-1,753,259250,-1,258532,-1,78231,183807,-1,261876,-1,-1,75962,75916,-1,-1,-1,183807,-1,261876,-1,275469,262651,-1,-1
-1,204922,78797,-1,-1,238086,-1,244553,241993,-1,-1,263049,78787,-1,-1,-1,78795,238086,-1,-1,275446,-1,276129,79943,-1,238086,229819,251658,238086,-1,-1,242547,-1,-1,79945,78792,-1,238086,216387,256545,-1,-1,-1,780,79944,79940,202518,-1,190592,204922,-1,238086,257029,-1,79942,78786,79941,-1,-1,70049,-1,238086,83117,80328,70049,-1,83439
-1,246267,207554,-1,-1,246014,-1,83208,266260,-1,-1,235636,262236,-1,-1,-1,263672,271980,-1,-1,224389,-1,74233,219466,-1,203362,193283,274187,246014,-1,-1,70730,-1,-1,79165,70766,-1,203362,201943,246014,-1,-1,-1,819,263711,79034,81621,-1,229150,207554,-1,203362,73448,-1,240833,222562,75164,-1,-1,224389,-1,203362,79407,240974,203362,-1,-1
-1,262295,79554,-1,-1,264822,-1,80324,255211,-1,246647,70164,184143,-1,-1,-1,259134,77090,-1,-1,243866,-1,264822,81848,-1,264822,260825,177373,225931,223813,-1,71220,-1,-1,241695,81288,-1,225931,79859,278362,-1,-1,-1,822,217845,257399,248118,-1,259763,243866,-1,264822,83319,-1,204017,264111,79862,-1,-1,79554,-1,264822,77395,275703,225931,-1,70445
-1,264764,258515,-1,-1,205139,-1,-1,267771,-1,-1,263650,242638,-1,-1,-1,226429,236379,-1,-1,240473,-1,254158,240535,-1,263650,72037,203095,254158,-1,-1,253421,-1,-1,276460,72568,-1,267771,77433,238197,-1,-1,-1,834,274390,83183,76857,-1,205139,203095,-1,263650,79128,-1,243127,267736,-1,-1,-1,263650,-1,263650,-1,209475,230722,-1,-1
-1,235304,259105,-1,-1,258276,-1,276731,258276,-1,-1,220912,254148,-1,-1,-1,271645,261108,-1,-1,267467,-1,278069,233409,-1,258276,70963,248508,258276,-1,-1,242629,-1,-1,72095,70084,-1,261108,237371,274830,-1,-1,-1,873,271326,261762,243551,-1,226518,206626,-1,261108,76294,-1,265735,74875,252783,-1,-1,206626,-1,258276,81263,209417,206626,-1,76918
-1,204842,76579,-1,-1,246168,-1,80144,243025,-1,74038,246230,76846,-1,-1,-1,255174,71151,-1,-1,271879,-1,246168,228770,-1,246168,264433,75943,246168,71263,-1,275960,-1,-1,253173,77117,-1,246168,239425,264584,-1,-1,-1,894,74009,275206,73218,-1,245361,204842,-1,246168,75944,-1,274096,73240,82354,-1,-1,246168,83431,246168,82353,271878,251381,-1,79210
-1,190243,193348,-1,-1,193348,-1,276638,240099,-1,-1,262105,71838,-1,-1,-1,260651,247599,-1,-1,252025,-1,266395,71343,-1,239016,73582,276634,193348,-1,-1,270847,-1,-1,262062,276173,-1,193348,270828,239016,-1,-1,-1,896,257005,76618,243960,-1,252017,193348,-1,193348,258880,-1,263881,209332,80343,-1,-1,193348,-1,193348,-1,275600,222352,-1,-1
-1,262862,239432,-1,-1,256980,-1,247042,231039,-1,-1,257344,73176,-1,-1,-1,80350,80094,-1,-1,279599,-1,256980,80138,-1,256980,81544,234817,256980,-1,-1,270928,-1,-1,82352,76263,-1,256980,273127,73657,-1,-1,-1,897,71839,80139,244082,-1,279896,231039,-1,256980,82702,-1,275090,223968,269947,-1,-1,239432,-1,256980,-1,75573,244592,-1,-1
-1,229956,75654,-1,-1,228645,-1,81858,266000,-1,-1,238980,80140,-1,-1,-1,236449,228645,-1,-1,252183,-1,245428,70500,-1,228645,263745,244490,228645,-1,-1,276670,-1,-1,80141,243661,-1,228645,258784,258043,-1,-1,-1,898,252030,73908,210619,-1,78569,228645,-1,228645,81862,-1,278260,239746,81860,-1,-1,75654,-1,228645,270035,276130,261444,-1,-1
-1,256726,260272,-1,-1,234913,-1,-1,220172,-1,-1,234913,82203,-1,-1,-1,252526,215556,-1,-1,251617,-1,258924,75499,-1,234913,225853,220665,234913,-1,-1,264785,-1,-1,258230,75656,-1,234913,257319,193468,-1,-1,-1,900,70279,270371,239747,-1,229900,193468,-1,234913,276947,-1,81297,193247,254692,-1,-1,225533,-1,234913,-1,228998,225533,-1,-1
-1,222389,243203,-1,-1,222227,-1,-1,268375,-1,-1,225077,261295,-1,-1,-1,268740,242162,-1,-1,222227,-1,256598,221001,-1,222227,256397,242623,222227,-1,-1,228238,-1,-1,279929,71882,-1,222227,257259,233800,-1,-1,-1,918,74400,247333,258892,-1,210695,222227,-1,222227,77079,-1,228212,230787,272934,-1,-1,243203,-1,222227,-1,73037,233848,-1,-1
-1,208573,209264,-1,-1,225251,-1,-1,248245,-1,-1,70843,262721,-1,-1,-1,247009,237937,-1,-1,233705,-1,261391,76289,-1,225251,72192,238263,225251,-1,-1,275492,-1,-1,71321,276251,-1,225251,256417,225251,-1,-1,-1,919,278721,245332,278720,-1,81274,238263,-1,209264,262733,-1,258710,278717,-1,-1,-1,233379,-1,209264,-1,269400,233379,-1,-1
-1,234658,243817,-1,-1,76478,-1,-1,186267,-1,-1,214877,222431,-1,-1,-1,81276,222215,-1,-1,76477,-1,76478,238725,-1,76478,275201,273545,76478,-1,-1,71867,-1,-1,272611,248337,-1,76478,274992,274923,-1,-1,-1,920,76655,-1,258355,-1,216114,214877,-1,76478,-1,-1,228454,263877,-1,-1,-1,243817,-1,76478,-1,76505,79810,-1,-1
-1,190822,79574,-1,-1,205291,-1,-1,197391,-1,-1,72013,79573,-1,-1,-1,247821,266875,-1,-1,205291,-1,201967,274540,-1,205291,248167,266659,205291,-1,-1,278914,-1,-1,-1,221633,-1,205291,72603,273893,-1,-1,-1,922,83447,-1,251828,-1,203363,203363,-1,205291,-1,-1,233444,71881,-1,-1,-1,205291,-1,205291,-1,71345,264745,-1,-1
-1,210941,213189,-1,-1,237091,-1,259255,233770,-1,71207,260474,243173,-1,-1,-1,244800,238098,-1,-1,237091,-1,256370,250896,-1,237091,251580,238354,237091,246937,-1,252320,-1,-1,235465,232626,-1,237091,263787,222052,-1,-1,-1,980,258358,243175,228534,-1,263034,213189,-1,237091,255686,-1,234276,261106,77884,-1,-1,213189,-1,237091,236586,191915,247471,-1,274694
-1,221912,266198,-1,-1,213317,-1,83059,251161,-1,-1,234264,71011,-1,-1,-1,229694,273787,-1,-1,237101,-1,254225,245717,-1,213317,248188,73466,213317,263029,-1,243824,-1,-1,76892,266196,-1,213317,231868,213317,-1,-1,-1,982,238574,76886,236757,-1,232997,213317,-1,213317,267946,-1,246930,234748,83061,-1,-1,234222,-1,213317,244582,80158,234222,-1,273792
-1,75260,80114,-1,-1,219525,-1,279196,265822,-1,266808,219525,229842,-1,-1,-1,269501,78081,-1,-1,227900,-1,70703,75653,-1,70703,269500,233814,219525,278439,-1,77024,-1,-1,225282,71815,-1,70703,75309,74784,-1,-1,-1,1013,77025,71462,237994,-1,268621,268621,-1,251030,83366,-1,77863,227477,245059,-1,-1,70703,-1,219525,77026,245249,251030,-1,257380
-1,230175,230384,-1,-1,230463,-1,-1,230197,-1,-1,236142,-1,-1,-1,-1,230459,230349,-1,-1,230453,-1,230463,230230,-1,230463,230329,230225,230463,-1,-1,230181,-1,-1,-1,236113,-1,230463,230283,230184,-1,-1,-1,1035,-1,-1,230524,-1,230280,230225,-1,230463,-1,-1,230233,230176,-1,-1,-1,230384,-1,230463,-1,-1,230347,-1,-1
-1,230165,230470,-1,-1,230364,-1,-1,230201,-1,-1,230364,-1,-1,-1,-1,230351,230451,-1,-1,230258,-1,230429,230254,-1,230364,230394,230293,230364,-1,-1,230232,-1,-1,-1,230297,-1,230364,230380,230186,-1,-1,-1,1041,-1,-1,230359,-1,230316,230258,-1,230364,-1,-1,230436,233977,-1,-1,-1,230442,-1,230364,-1,-1,230442,-1,-1
-1,230204,230430,-1,-1,230406,-1,-1,230206,-1,-1,230346,-1,-1,-1,-1,230336,230426,-1,-1,230406,-1,230460,230482,-1,230430,230454,230285,230406,-1,-1,230219,-1,-1,-1,236108,-1,230460,230286,230245,-1,-1,-1,1043,-1,-1,230493,-1,230327,230430,-1,230406,-1,-1,230260,230191,-1,-1,-1,230430,-1,230406,-1,-1,230449,-1,-1
-1,230312,230495,-1,-1,230431,-1,-1,230216,-1,-1,230437,-1,-1,-1,-1,236164,230431,-1,-1,230408,-1,230276,234016,-1,230276,236145,230313,230183,-1,-1,236075,-1,-1,-1,230398,-1,230431,230362,230183,-1,-1,-1,1048,-1,-1,230277,-1,230212,230313,-1,230183,-1,-1,230288,233999,-1,-1,-1,230183,-1,230183,-1,-1,230513,-1,-1
-1,204935,202126,-1,-1,238074,-1,-1,238074,-1,-1,252371,262859,-1,-1,-1,242434,260247,-1,-1,234378,-1,246669,183711,-1,238074,231677,227678,246669,-1,-1,198032,-1,-1,237692,262118,-1,234378,224371,278773,-1,-1,-1,1318,263063,257534,235794,-1,241159,202126,-1,238074,231281,-1,221697,233306,-1,-1,-1,202126,-1,238074,-1,188377,242964,-1,-1
-1,241671,188335,-1,-1,177003,-1,-1,250955,-1,-1,177003,244270,-1,-1,-1,207410,276278,-1,-1,257889,-1,216354,262842,-1,177003,77673,256325,177003,-1,-1,275192,-1,-1,242288,244456,-1,177003,223273,251517,-1,-1,-1,1328,238370,241095,181458,-1,225263,177003,-1,177003,252000,-1,257771,246267,-1,-1,-1,74896,-1,177003,-1,258775,74896,-1,-1
-1,242948,253727,-1,-1,253727,-1,-1,244470,-1,-1,216860,73580,-1,-1,-1,247050,71259,-1,-1,236792,-1,258208,255687,-1,253727,257536,251116,253727,-1,-1,259748,-1,-1,259188,204125,-1,266374,234236,266374,-1,-1,-1,1330,229154,246919,246618,-1,252064,236792,-1,266374,276646,-1,247028,269511,-1,-1,-1,236792,-1,253727,-1,241186,244793,-1,-1
-1,163587,241508,-1,-1,241508,-1,-1,233301,-1,-1,240017,258485,-1,-1,-1,190460,244669,-1,-1,213648,-1,277432,248729,-1,241508,279015,224221,241508,-1,-1,202849,-1,-1,240734,276377,-1,241508,236918,234678,-1,-1,-1,1331,241522,228687,210697,-1,213661,213648,-1,241508,242633,-1,270050,246158,-1,-1,-1,241508,-1,241508,-1,220714,259399,-1,-1
-1,258928,247447,-1,-1,228312,-1,-1,234298,-1,-1,81326,261375,-1,-1,-1,234889,228312,-1,-1,232446,-1,263364,272648,-1,228312,213654,81776,228312,-1,-1,258599,-1,-1,263310,82163,-1,228312,81784,77520,-1,-1,-1,1334,274089,272599,245582,-1,254994,220165,-1,228312,207593,-1,79525,190941,-1,-1,-1,220165,-1,228312,-1,263343,220165,-1,-1
-1,215698,231747,-1,-1,231747,-1,-1,241486,-1,-1,247827,251752,-1,-1,-1,248243,250723,-1,-1,241637,-1,231443,237678,-1,231747,213345,229558,231443,-1,-1,220814,-1,-1,237679,200458,-1,231443,264652,232656,-1,-1,-1,1335,226851,232411,210008,-1,243715,231747,-1,231747,264862,-1,228093,204883,-1,-1,-1,231747,-1,231747,-1,247246,271421,-1,-1
-1,193698,256630,-1,-1,212622,-1,-1,212622,-1,-1,251852,254117,-1,-1,-1,225309,275298,-1,-1,209658,-1,206113,229476,-1,212622,250959,213331,212622,-1,-1,240709,-1,-1,252448,269701,-1,236703,244257,236703,-1,-1,-1,1337,236532,205452,246863,-1,247819,212622,-1,236703,192448,-1,222492,223885,-1,-1,-1,256630,-1,212622,-1,212242,254022,-1,-1
-1,246704,238004,-1,-1,238004,-1,-1,190640,-1,-1,269400,245274,-1,-1,-1,263657,246814,-1,-1,262088,-1,270787,274927,-1,270787,270578,221422,238004,-1,-1,189167,-1,-1,269186,208522,-1,238004,258533,264436,-1,-1,-1,1341,277902,191076,262551,-1,226510,262088,-1,270787,211177,-1,275062,264133,-1,-1,-1,238004,-1,238004,-1,236883,241474,-1,-1
-1,230621,236610,-1,-1,241096,-1,-1,217870,-1,-1,241096,252154,-1,-1,-1,208268,224232,-1,-1,233556,-1,220502,253473,-1,241096,253002,243241,241096,-1,-1,258966,-1,-1,239807,240277,-1,241096,222077,226268,-1,-1,-1,1343,257711,247229,216409,-1,237383,230621,-1,241096,226710,-1,277327,240091,-1,-1,-1,241096,-1,241096,-1,229582,241850,-1,-1
-1,185427,239085,-1,-1,222665,-1,-1,229891,-1,-1,277295,233848,-1,-1,-1,242725,228092,-1,-1,222665,-1,216549,222475,-1,222665,237936,224258,222665,-1,-1,228518,-1,-1,208573,243481,-1,222665,260952,262135,-1,-1,-1,1352,238516,233800,222227,-1,248342,222665,-1,222665,238756,-1,237937,247611,-1,-1,-1,239085,-1,222665,-1,248166,262863,-1,-1
-1,228383,252508,-1,-1,210406,-1,-1,210136,-1,-1,251633,215502,-1,-1,-1,262113,243222,-1,-1,210406,-1,235973,177922,-1,210406,252495,220570,210406,-1,-1,216003,-1,-1,263262,243185,-1,210406,223113,227174,-1,-1,-1,1353,262251,276395,224438,-1,265693,188545,-1,210406,276680,-1,224301,189908,-1,-1,-1,188545,-1,210406,-1,203568,188545,-1,-1
-1,234577,241721,-1,-1,20801,-1,-1,234574,-1,-1,212198,240950,-1,-1,-1,224293,238616,-1,-1,255253,-1,218667,229391,-1,212198,272834,239818,212198,-1,-1,210514,-1,-1,253124,270086,-1,212198,244778,252145,-1,-1,-1,1354,273906,227928,256903,-1,257179,20801,-1,20801,261050,-1,242444,210385,-1,-1,-1,20801,-1,20801,-1,212442,20801,-1,-1
-1,240913,252066,-1,-1,228151,-1,-1,253510,-1,-1,226012,243585,-1,-1,-1,261300,252376,-1,-1,228151,-1,233851,246991,-1,228151,265801,248484,228151,-1,-1,235156,-1,-1,264120,277835,-1,228151,244288,231005,-1,-1,-1,1355,260951,220139,238505,-1,235405,248484,-1,228151,261647,-1,263571,232284,-1,-1,-1,259608,-1,228151,-1,201417,259608,-1,-1
-1,234102,266728,-1,-1,226568,-1,-1,248165,-1,-1,226568,223231,-1,-1,-1,212207,252313,-1,-1,237324,-1,239978,235813,-1,237324,245770,261040,226568,-1,-1,246562,-1,-1,257803,243023,-1,248165,237378,212048,-1,-1,-1,1356,251076,248040,248674,-1,248105,226568,-1,226568,251136,-1,243000,248073,-1,-1,-1,226568,-1,226568,-1,247972,248060,-1,-1
-1,53110,237238,-1,-1,216267,-1,-1,248808,-1,-1,266815,225203,-1,-1,-1,226491,213884,-1,-1,242280,-1,210881,212516,-1,216267,253970,198904,216267,-1,-1,225316,-1,-1,201368,234072,-1,210881,216218,216267,-1,-1,-1,1359,255561,275522,245992,-1,225974,216267,-1,210881,247279,-1,233602,216325,-1,-1,-1,226093,-1,216267,-1,258036,226093,-1,-1
-1,230869,256516,-1,-1,277643,-1,-1,243576,-1,-1,251854,277179,-1,-1,-1,244260,277643,-1,-1,248148,-1,226271,225193,-1,226271,231866,233486,277643,-1,-1,204963,-1,-1,227127,278046,-1,256516,210035,239231,-1,-1,-1,1362,259377,226161,241461,-1,278349,230869,-1,251854,212218,-1,257279,220901,-1,-1,-1,230142,-1,277643,-1,248550,230142,-1,-1
-1,241643,241651,-1,-1,219951,-1,-1,264191,-1,-1,219951,221660,-1,-1,-1,214658,272926,-1,-1,255459,-1,259716,220821,-1,219951,220969,260697,219951,-1,-1,246656,-1,-1,192129,252316,-1,219951,243646,268896,-1,-1,-1,1363,247394,228946,257400,-1,236822,260697,-1,219951,208448,-1,257470,255900,-1,-1,-1,241651,-1,219951,-1,256782,233731,-1,-1
-1,250753,75355,-1,-1,259913,-1,-1,263804,-1,-1,244374,270608,-1,-1,-1,231969,244369,-1,-1,270731,-1,259913,277439,-1,259913,255074,258781,244369,-1,-1,235414,-1,-1,274726,248698,-1,244369,271541,244380,-1,-1,-1,1366,278884,81839,240702,-1,229528,229528,-1,259913,271548,-1,244428,244385,-1,-1,-1,242458,-1,259913,-1,265628,242458,-1,-1
-1,193331,220710,-1,-1,220710,-1,-1,243057,-1,-1,251421,70994,-1,-1,-1,220196,265514,-1,-1,235735,-1,260478,232545,-1,220710,237833,229266,220710,-1,-1,233201,-1,-1,75296,248687,-1,251421,212366,232755,-1,-1,-1,1367,200715,72046,232104,-1,205923,229266,-1,220710,277584,-1,233941,207998,-1,-1,-1,216627,-1,220710,-1,257437,216627,-1,-1
-1,202811,246191,-1,-1,158023,-1,-1,233084,-1,-1,239837,239301,-1,-1,-1,207439,212616,-1,-1,247090,-1,158023,240690,-1,158023,253396,232488,158023,-1,-1,242835,-1,-1,277846,231340,-1,158023,231521,211256,-1,-1,-1,1369,279173,237221,231478,-1,192366,158023,-1,158023,215223,-1,226226,215316,-1,-1,-1,158023,-1,158023,-1,236804,245371,-1,-1
-1,73325,204838,-1,-1,204838,-1,-1,252008,-1,-1,244973,237248,-1,-1,-1,224574,79399,-1,-1,235844,-1,237043,257784,-1,204838,221992,229980,237043,-1,-1,233493,-1,-1,263701,78784,-1,237043,235389,226045,-1,-1,-1,1386,243015,256098,245152,-1,244349,235844,-1,204838,140233,-1,234579,232654,-1,-1,-1,204838,-1,204838,-1,237995,233260,-1,-1
-1,233267,247463,-1,-1,227796,-1,-1,251804,-1,-1,247361,238743,-1,-1,-1,241496,238744,-1,-1,232999,-1,227796,256104,-1,227796,251223,250954,227796,-1,-1,235755,-1,-1,274535,242195,-1,227796,226807,229348,-1,-1,-1,1387,242075,228174,226579,-1,198261,198261,-1,227796,260982,-1,245541,247506,-1,-1,-1,227796,-1,227796,-1,243133,256853,-1,-1
-1,271571,72054,-1,-1,271132,-1,82820,73349,-1,-1,74962,271195,-1,-1,-1,258365,73350,-1,-1,271297,-1,275360,271562,-1,271132,278990,234992,275360,-1,-1,246974,-1,-1,78973,240244,-1,271132,73629,251891,-1,-1,-1,1438,78746,83224,83222,-1,211107,271571,-1,271132,76910,-1,270555,74039,78745,-1,-1,271132,-1,271132,-1,80386,271132,-1,-1
-1,256742,243229,-1,-1,71174,-1,-1,241150,-1,-1,262541,270528,-1,-1,-1,268503,71174,-1,-1,215686,-1,263987,274844,-1,71174,242381,260874,71174,-1,-1,74932,-1,-1,250960,278367,-1,71174,277167,277593,-1,-1,-1,1443,78911,83297,270399,-1,234501,215686,-1,71174,-1,-1,79811,275696,-1,-1,-1,215686,-1,71174,-1,278816,79935,-1,-1
-1,248696,271156,-1,-1,207886,-1,-1,73295,-1,-1,73298,73387,-1,-1,-1,73301,207886,-1,-1,256847,-1,276666,248360,-1,73298,73504,264502,73298,-1,-1,72400,-1,-1,73365,74965,-1,207886,73501,226510,-1,-1,-1,1447,78909,78910,259130,-1,256222,256847,-1,256847,76148,-1,238051,211105,-1,-1,-1,256222,-1,207886,-1,79558,259751,-1,-1
-1,75849,269414,-1,-1,257044,-1,78725,273614,-1,-1,257044,73258,-1,-1,-1,77086,256398,-1,-1,277238,-1,77978,274855,-1,257044,278820,274199,277238,-1,-1,72596,-1,-1,71862,277237,-1,257044,71843,230055,-1,-1,-1,1463,207622,247839,77075,-1,278823,236877,-1,257044,71865,-1,80081,227616,81708,-1,-1,269414,-1,257044,-1,264329,236877,-1,-1
-1,212432,245054,-1,-1,213471,-1,71317,222734,-1,-1,213471,77840,-1,-1,-1,238578,232595,-1,-1,260257,-1,76313,247748,-1,213471,228009,274672,213471,-1,-1,227790,-1,-1,77218,71412,-1,213471,270203,255035,-1,-1,-1,1473,77190,220616,255868,-1,201528,201528,-1,213471,221567,-1,237965,237097,274415,-1,-1,245054,-1,213471,226651,242826,238224,-1,-1
273788,212915,274437,-1,80191,180283,-1,76816,184901,-1,272847,70763,78655,-1,-1,-1,76395,180283,-1,76392,261880,-1,208047,228191,-1,180283,261078,256252,261880,76386,-1,255520,-1,-1,71325,76394,-1,180283,76389,229343,-1,-1,-1,1474,76391,252966,207730,-1,227632,227632,-1,180283,76390,266477,261126,233286,76393,-1,255554,261115,274676,180283,70759,243754,261115,-1,70762
77252,238570,272992,-1,77897,227659,-1,71323,199231,-1,71328,272733,252432,-1,-1,-1,228782,227659,-1,78194,268895,-1,243061,232000,-1,227659,267825,267401,227659,71413,-1,228007,-1,-1,77888,243672,-1,227659,222582,273800,-1,-1,-1,1477,221793,278308,262447,-1,212912,199231,-1,227659,77254,77248,277378,255239,77255,-1,77885,272992,77227,227659,266269,234186,242821,-1,77239
-1,232065,261104,-1,-1,221467,-1,83203,205278,-1,-1,70419,71459,-1,-1,-1,77197,193144,-1,-1,221467,-1,77195,266197,-1,221467,211927,211635,221467,-1,-1,232857,-1,-1,77198,76851,-1,221467,254921,261122,-1,-1,-1,1478,263372,260634,243358,-1,242082,221467,-1,221467,71392,-1,77200,255919,83267,-1,-1,261104,-1,221467,-1,231912,260166,-1,-1
-1,246704,256933,-1,-1,256933,-1,80421,73645,-1,-1,270534,277211,-1,-1,-1,270686,220714,-1,-1,277197,-1,278012,244456,-1,256933,263721,261062,278012,-1,-1,251847,-1,-1,277270,264790,-1,256933,279252,210625,-1,-1,-1,1516,242612,238236,270536,-1,234472,234472,-1,256933,75195,-1,247187,172553,278978,-1,-1,234472,-1,256933,74006,213815,247686,-1,271697
-1,253110,76646,-1,-1,247107,-1,-1,76639,-1,-1,242600,-1,-1,-1,-1,271561,256809,-1,-1,247107,-1,76643,78032,-1,247107,76647,247490,247107,-1,-1,78035,-1,-1,-1,277991,-1,247107,76644,76638,-1,-1,-1,1523,-1,-1,279735,-1,80528,76638,-1,247107,-1,-1,78726,76635,-1,-1,-1,76646,-1,247107,-1,-1,76645,-1,-1
-1,239342,269725,-1,-1,246297,-1,-1,228591,-1,-1,269729,209781,-1,-1,-1,81849,246297,-1,-1,224444,-1,273666,194846,-1,246297,251191,258439,246297,-1,-1,273835,-1,-1,75423,275878,-1,246297,78295,271061,-1,-1,-1,1530,277484,70541,229158,-1,234515,246297,-1,246297,79493,-1,78377,257395,-1,-1,-1,246297,-1,246297,-1,199313,277485,-1,-1
-1,229227,235507,-1,-1,235507,-1,-1,258465,-1,-1,221428,70878,-1,-1,-1,79071,188554,-1,-1,225927,-1,77592,245278,-1,188554,79070,79069,188554,-1,-1,263506,-1,-1,72948,198892,-1,188554,264251,199761,-1,-1,-1,1569,79074,-1,252470,-1,209438,229072,-1,188554,-1,-1,79759,79077,-1,-1,-1,229072,-1,188554,-1,230683,229072,-1,-1
-1,77439,71137,-1,-1,82522,-1,-1,269615,-1,-1,82522,226006,-1,-1,-1,71379,71140,-1,-1,227895,-1,71142,260885,-1,80017,236495,228108,82522,-1,-1,77872,-1,-1,-1,255348,-1,227895,200844,241690,-1,-1,-1,1571,-1,-1,200404,-1,198190,198190,-1,227895,-1,-1,202731,81444,-1,-1,-1,269615,-1,82522,-1,75447,80017,-1,-1
-1,261284,274456,-1,-1,255628,-1,-1,80754,-1,-1,198990,76094,-1,-1,-1,79878,255628,-1,-1,236845,-1,243764,77410,-1,255628,252251,259300,243764,-1,-1,270706,-1,-1,-1,77351,-1,255628,80160,73542,-1,-1,-1,1572,74123,-1,77752,-1,273027,198990,-1,255628,-1,-1,83130,271117,-1,-1,-1,236742,-1,255628,-1,72988,236742,-1,-1
-1,230315,230475,-1,-1,230464,-1,-1,230366,-1,-1,230464,-1,-1,-1,-1,234004,230424,-1,-1,230423,-1,230461,234025,-1,230423,230505,230407,230461,-1,-1,230350,-1,-1,-1,230214,-1,230461,234007,230188,-1,-1,-1,1598,-1,-1,230299,-1,230341,230498,-1,230464,-1,-1,230203,230166,-1,-1,-1,230498,-1,230464,-1,-1,230498,-1,-1
-1,230320,230374,-1,-1,230420,-1,-1,230198,-1,-1,230289,-1,-1,-1,-1,230447,230446,-1,-1,230250,-1,230523,236071,-1,230420,230474,230224,230250,-1,-1,230193,-1,-1,-1,230526,-1,230289,230403,230240,-1,-1,-1,1629,-1,-1,230263,-1,230387,230320,-1,230420,-1,-1,230477,233974,-1,-1,-1,230240,-1,230420,-1,-1,230420,-1,-1
-1,205878,270037,-1,-1,210538,-1,263969,235815,-1,80143,73146,80142,-1,-1,-1,197900,210538,-1,-1,257244,-1,81579,258739,-1,210538,206431,228874,210538,259719,-1,261164,-1,-1,73972,80274,-1,210538,73175,269565,-1,-1,-1,1713,80275,243894,275706,-1,233960,228874,-1,210538,79316,83199,263131,73174,243838,-1,83198,210538,276172,210538,239974,240532,267486,-1,80177
-1,275733,239329,-1,-1,211437,-1,275721,256735,-1,-1,229377,255378,-1,-1,-1,78316,211437,-1,-1,263062,-1,250766,231650,-1,211437,78314,241855,211437,-1,-1,236787,-1,-1,70187,78288,-1,211437,82704,276773,-1,-1,-1,1715,276967,245407,252029,-1,211438,211438,-1,211437,82703,-1,78318,78285,237420,-1,-1,211437,-1,211437,-1,263985,276645,-1,-1
-1,233998,230518,-1,-1,230487,-1,-1,233993,-1,-1,230483,-1,-1,-1,-1,236144,230487,-1,-1,230448,-1,230296,236173,-1,230487,234002,230207,230487,-1,-1,230345,-1,-1,-1,233988,-1,230487,236146,236074,-1,-1,-1,1719,-1,-1,230511,-1,230383,230207,-1,230487,-1,-1,234022,230171,-1,-1,-1,236178,-1,230487,-1,-1,236178,-1,-1
-1,220820,82739,-1,-1,263468,-1,82671,188537,-1,-1,263468,71265,-1,-1,-1,257271,210450,-1,-1,247264,-1,251926,264449,-1,72374,260558,262237,72374,-1,-1,257270,-1,-1,73624,257406,-1,263468,247519,72374,-1,-1,-1,1738,271252,81595,211381,-1,222286,262237,-1,253121,73625,-1,218066,223150,77826,-1,-1,210450,-1,263468,-1,253074,253121,-1,-1
-1,232417,232118,-1,-1,248357,-1,-1,241818,-1,-1,248357,78756,-1,-1,-1,79175,78764,-1,-1,265651,-1,257397,78766,-1,248357,238510,78761,248357,-1,-1,76759,-1,-1,82138,224882,-1,248357,80229,78757,-1,-1,-1,1739,78760,79497,78771,-1,229646,78764,-1,248357,79109,-1,213839,254662,-1,-1,-1,78878,-1,248357,-1,276824,78878,-1,-1
-1,191628,220065,-1,-1,219655,-1,-1,235935,-1,-1,270341,80864,-1,-1,-1,274089,225428,-1,-1,219655,-1,242411,277696,-1,225428,254824,80863,225428,-1,-1,72097,-1,-1,232271,73767,-1,225428,252746,271215,-1,-1,-1,1744,80862,237391,220517,-1,208146,225428,-1,219655,-1,-1,259058,73417,-1,-1,-1,220065,-1,219655,-1,265193,202851,-1,-1
-1,225149,277846,-1,-1,254579,-1,213829,77163,-1,-1,279239,270463,-1,-1,-1,246646,254579,-1,-1,267991,-1,75055,228349,-1,254579,239977,70966,254579,-1,-1,205566,-1,-1,223524,210719,-1,254579,199564,273875,-1,-1,-1,1745,255900,251464,201153,-1,219693,254579,-1,254579,81970,-1,262842,186611,275324,-1,-1,254579,-1,254579,-1,80504,261478,-1,-1
-1,220720,234358,-1,-1,262480,-1,75083,258946,-1,-1,79088,244483,-1,-1,-1,270101,257164,-1,-1,266069,-1,262480,74150,-1,262480,271922,271921,262480,-1,-1,268762,-1,-1,224213,270485,-1,262480,270614,251762,-1,-1,-1,1746,74492,225117,74490,-1,73296,220720,-1,262480,264402,-1,238873,230858,76025,-1,-1,277515,-1,262480,-1,271924,277515,-1,-1
-1,258763,271256,-1,-1,251537,-1,268069,251537,-1,-1,201438,74755,-1,-1,-1,70115,216334,-1,-1,272399,-1,275019,79828,-1,251537,262026,75081,251537,-1,-1,263549,-1,-1,234905,272568,-1,261531,74864,261531,-1,-1,-1,1750,79837,264863,73059,-1,268067,201438,-1,261531,268068,-1,75738,255754,77036,-1,-1,271256,-1,251537,-1,70273,277178,-1,-1
-1,191153,227866,-1,-1,74175,-1,-1,229678,-1,-1,246389,82508,-1,-1,-1,276958,71070,-1,-1,74175,-1,77089,81273,-1,74175,71059,71292,74175,-1,-1,238195,-1,-1,77077,78036,-1,246389,79211,80326,-1,-1,-1,1756,73434,79572,279832,-1,246911,246911,-1,246389,234638,-1,78050,273615,-1,-1,-1,71292,-1,246389,-1,267694,277026,-1,-1
-1,264817,273978,-1,-1,244842,-1,-1,257546,-1,-1,71084,78055,-1,-1,-1,78056,244842,-1,-1,74789,-1,255940,268401,-1,244842,77081,276899,244842,-1,-1,278701,-1,-1,78246,74302,-1,244842,77078,264297,-1,-1,-1,1757,272921,278702,69965,-1,277771,273978,-1,244842,78058,-1,271353,275000,74730,-1,-1,71084,-1,244842,-1,78057,73914,-1,-1
-1,204424,71258,-1,-1,224483,-1,-1,244471,-1,-1,258977,80289,-1,-1,-1,80083,246434,-1,-1,210646,-1,224483,81416,-1,224483,277844,201301,224483,-1,-1,277843,-1,-1,272385,256082,-1,224483,270471,251595,-1,-1,-1,1786,235904,-1,229504,-1,223566,223566,-1,224483,-1,-1,271988,210642,-1,-1,-1,255767,-1,224483,-1,260379,255767,-1,-1
-1,210715,256778,-1,-1,242090,-1,260990,208564,-1,-1,238132,73636,-1,-1,-1,77555,231233,-1,-1,73638,-1,242090,262173,-1,238132,74229,227520,242090,-1,-1,77605,-1,-1,81690,77545,-1,208564,74845,77520,-1,-1,-1,1788,74914,82892,79852,-1,73643,231233,-1,238132,80323,-1,79555,73986,71342,-1,-1,256778,-1,238132,81984,209957,77652,-1,-1
-1,239898,225667,-1,-1,211506,-1,205352,276070,-1,272863,262748,71215,-1,-1,-1,196916,233276,-1,-1,211506,-1,206083,219551,-1,211506,240673,225557,233276,278134,-1,222399,-1,-1,70192,237415,-1,211506,232412,253057,-1,-1,-1,1790,255703,265422,258910,-1,237213,221692,-1,211506,262316,79596,227686,240784,235028,-1,74522,221692,278602,211506,273082,276677,221692,-1,213677
74358,263032,70996,-1,-1,201368,-1,255210,275988,-1,254328,271296,200759,-1,-1,-1,275372,250853,-1,-1,201368,-1,272604,221282,-1,201368,261004,75768,201368,276117,-1,251288,-1,-1,242075,72708,-1,201368,210644,256556,-1,-1,-1,1792,256620,192622,257167,-1,236551,201368,-1,70996,276302,276943,269903,224947,278049,-1,248741,263115,78149,201368,268909,273599,263115,-1,275351
-1,212710,277922,-1,-1,238839,-1,263796,208052,-1,277357,186395,201911,-1,-1,-1,231951,265789,-1,-1,238839,-1,268267,242643,-1,265789,272862,266873,265789,80442,-1,203398,-1,-1,228517,265645,-1,265789,260401,256555,-1,-1,-1,1793,75485,277897,263101,-1,228106,208052,-1,238839,264644,-1,258931,225342,74364,-1,-1,238839,75407,238839,253106,228684,214876,-1,267883
-1,240987,272651,-1,-1,279572,-1,77072,264196,-1,-1,221269,271063,-1,-1,-1,231005,279572,-1,-1,271816,-1,238058,246763,-1,246155,234741,236600,246155,75000,-1,189682,-1,-1,230005,248050,-1,279572,195859,246155,-1,-1,-1,1794,277598,245715,240783,-1,277552,236600,-1,246155,278288,-1,248405,200715,278896,-1,-1,279572,-1,246155,79306,233510,206534,-1,79950
-1,247611,241168,-1,-1,242794,-1,277366,247623,-1,-1,200521,198861,-1,-1,-1,242217,242794,-1,-1,252883,-1,279078,266245,-1,242794,273918,246695,242794,-1,-1,254807,-1,-1,262171,271983,-1,247623,183394,225775,-1,-1,-1,1795,70582,251187,71181,-1,264509,242794,-1,242794,268530,-1,275196,234803,273600,-1,-1,242794,-1,242794,-1,259215,270398,-1,-1
-1,220407,256268,-1,-1,235619,-1,268629,188377,-1,242660,234569,262794,-1,-1,-1,264880,257084,-1,-1,277068,-1,235619,271121,-1,188377,258171,217826,277068,225147,-1,262042,-1,-1,272983,231485,-1,243669,239373,272777,-1,-1,-1,1796,186905,273927,227503,-1,252316,188377,-1,235619,202617,-1,241173,269096,274121,-1,-1,256268,253150,235619,228151,230708,243669,-1,262642
-1,214088,235742,-1,-1,228153,-1,77392,251830,-1,-1,275763,240611,-1,-1,-1,264221,268443,-1,-1,228153,-1,227881,210029,-1,228153,247140,261640,228153,-1,-1,230839,-1,-1,240967,73524,-1,228153,238450,211514,-1,-1,-1,1797,73910,79718,78258,-1,277613,228153,-1,228153,273979,-1,186449,263907,70432,-1,-1,235742,-1,228153,78242,272456,220862,-1,78074
-1,223727,225509,-1,-1,221279,-1,276386,224447,-1,-1,228781,215374,-1,-1,-1,224956,221279,-1,-1,248774,-1,208302,222714,-1,221279,239023,257487,221279,-1,-1,223977,-1,-1,192695,263801,-1,221279,228148,241828,-1,-1,-1,1798,235618,256442,194964,-1,250810,241828,-1,221279,200840,-1,231408,225511,71069,-1,-1,221279,-1,221279,-1,223373,210724,-1,-1
-1,233306,236461,-1,-1,259377,-1,76338,237646,-1,-1,206516,276718,-1,-1,-1,73895,259240,-1,-1,240947,-1,235353,243388,-1,259377,213991,74133,259240,73896,-1,258490,-1,-1,264035,190456,-1,259377,236988,250954,-1,-1,-1,1799,203824,73615,251421,-1,244067,233306,-1,259377,267476,-1,73374,215223,76444,-1,-1,236461,-1,259377,232730,80711,259377,-1,242619
-1,263339,251690,-1,-1,241645,-1,-1,251626,-1,-1,254910,233047,-1,-1,-1,251555,212118,-1,-1,241645,-1,236784,213147,-1,212118,251198,257253,212118,-1,-1,240500,-1,-1,255976,261335,-1,212118,273616,232755,-1,-1,-1,1800,72423,277657,235744,-1,246873,212118,-1,241645,-1,-1,71106,204825,-1,-1,-1,238743,-1,241645,-1,196952,238743,-1,-1
-1,228410,263230,-1,-1,225071,-1,-1,236390,-1,-1,264180,206653,-1,-1,-1,243876,225071,-1,-1,264421,-1,243520,240496,-1,225071,262227,264141,225071,-1,-1,215638,-1,-1,272705,234783,-1,264180,231292,214906,-1,-1,-1,1801,190179,277315,190583,-1,235464,225071,-1,264180,270757,-1,230136,228369,272986,-1,-1,263230,-1,225071,-1,201884,264039,-1,-1
-1,236337,211098,-1,-1,211098,-1,74107,240248,-1,-1,189160,74116,-1,-1,-1,272886,241409,-1,-1,228577,-1,247833,232102,-1,211098,198776,265596,223981,-1,-1,250811,-1,-1,257261,259228,-1,211098,235014,223981,-1,-1,-1,1802,78150,75876,231411,-1,256482,228577,-1,211098,74222,-1,179746,19541,81344,-1,-1,211098,-1,211098,74535,276942,256786,-1,-1
-1,275272,212683,-1,-1,265829,-1,79112,259091,-1,-1,255196,264367,-1,-1,-1,79057,223918,-1,-1,276047,-1,240583,257793,-1,265829,266871,75149,265829,-1,-1,260818,-1,-1,80387,264352,-1,255196,260728,265829,-1,-1,-1,1803,205360,72528,230812,-1,202408,212683,-1,265829,276994,-1,186783,229393,259475,-1,-1,267941,-1,265829,271099,83185,267941,-1,-1
-1,200525,275972,-1,-1,200210,-1,-1,204870,-1,-1,204979,254135,-1,-1,-1,216791,279625,-1,-1,200667,-1,200210,234940,-1,200210,266828,214682,200210,-1,-1,258805,-1,-1,201093,260473,-1,200210,245340,251819,-1,-1,-1,1804,227682,75655,257330,-1,240446,200210,-1,200210,73736,-1,231396,251522,-1,-1,-1,200210,-1,200210,-1,263371,229367,-1,-1
-1,276761,275130,-1,-1,224590,-1,-1,248821,-1,-1,224590,265545,-1,-1,-1,74497,270849,-1,-1,258446,-1,261815,244476,-1,224590,257584,220030,224590,-1,-1,269187,-1,-1,80544,79623,-1,224590,70006,251385,-1,-1,-1,1805,277938,242391,244042,-1,260159,220030,-1,224590,248711,-1,275714,228912,-1,-1,-1,224590,-1,224590,-1,83194,265689,-1,-1
-1,243585,266774,-1,-1,260478,-1,77599,266180,-1,-1,262082,268820,-1,-1,-1,211504,213689,-1,-1,72557,-1,260478,255590,-1,189615,258093,264731,189615,-1,-1,277835,-1,-1,241643,255446,-1,260478,259869,189615,-1,-1,-1,1806,274472,271227,213905,-1,238389,238389,-1,189615,169493,-1,187936,276944,80874,-1,-1,255409,-1,260478,278828,200408,255409,-1,-1
-1,268544,269572,-1,-1,183540,-1,80723,274394,-1,82911,183540,77544,-1,-1,-1,198719,80475,-1,-1,80478,-1,229910,189456,-1,183540,268435,218658,183540,79598,-1,236316,-1,-1,205897,212100,-1,183540,83205,198377,-1,-1,-1,1807,81388,253034,233045,-1,73759,183540,-1,183540,273839,-1,80724,80479,270129,-1,-1,211384,80476,183540,279871,272702,211384,-1,81389
-1,258498,269278,-1,-1,186146,-1,243588,248793,-1,-1,271800,190765,-1,-1,-1,138412,257400,-1,-1,272500,-1,255565,251479,-1,257400,272612,258908,257400,274699,-1,208004,-1,-1,81895,225863,-1,257400,245637,235152,-1,-1,-1,1808,275246,76986,277283,-1,199915,199915,-1,186146,264120,-1,73885,188836,277512,-1,-1,186146,-1,186146,207616,269181,186146,-1,206594
-1,265526,76803,-1,-1,237936,-1,80691,242195,-1,-1,74491,80771,-1,-1,-1,80696,271721,-1,-1,242534,-1,237936,257970,-1,237936,79390,254121,242534,251845,-1,72099,-1,-1,70015,80695,-1,252937,269719,201042,-1,-1,-1,1809,277820,78379,278207,-1,235244,201042,-1,237936,80775,-1,266299,224322,80772,-1,-1,237936,-1,237936,80773,243201,252937,-1,80774
-1,190195,269293,-1,-1,254996,-1,-1,254996,-1,-1,261141,277942,-1,-1,-1,255216,252599,-1,-1,240057,-1,262738,77539,-1,254996,251439,243599,254996,-1,-1,199051,-1,-1,73080,278205,-1,254996,80239,81789,-1,-1,-1,1814,76040,80240,247209,-1,239502,252599,-1,254996,-1,-1,276324,199705,-1,-1,-1,240133,-1,254996,-1,79515,240133,-1,-1
-1,229168,246790,-1,-1,208861,-1,75926,78158,-1,-1,264512,270340,-1,-1,-1,183256,208861,-1,-1,279474,-1,72170,73067,-1,208861,215245,228983,208861,-1,-1,230019,-1,-1,74644,71777,-1,208861,74645,228759,-1,-1,-1,1815,80268,80270,78347,-1,235553,208861,-1,208861,74732,-1,223283,263920,274845,-1,-1,208861,-1,208861,74733,266486,79496,-1,-1
-1,223898,256902,-1,-1,70022,-1,263107,72308,-1,-1,203128,78233,-1,-1,-1,271014,274440,-1,-1,70022,-1,278825,242841,-1,256902,264501,70025,70022,-1,-1,251915,-1,-1,80782,78579,-1,79610,238464,70018,-1,-1,-1,1816,77362,82701,237198,-1,244542,203128,-1,256902,78578,-1,83262,204034,82697,-1,-1,79610,-1,256902,73572,73290,79610,-1,-1
-1,230727,264441,-1,-1,271688,-1,243595,252577,-1,-1,209618,79611,-1,-1,-1,74326,70885,-1,-1,257320,-1,235888,80537,-1,271688,262289,279768,271688,-1,-1,239814,-1,-1,82696,199191,-1,271688,279224,80486,-1,-1,-1,1819,74472,80620,262657,-1,238749,230727,-1,271688,82204,-1,76244,196316,248473,-1,-1,271688,-1,271688,-1,80534,271688,-1,-1
-1,212735,78661,-1,-1,234537,-1,76730,276017,-1,-1,234537,231263,-1,-1,-1,74077,78658,-1,-1,71778,-1,78660,78651,-1,234537,230043,209320,234537,82694,-1,80901,-1,-1,79249,78649,-1,234537,78877,238996,-1,-1,-1,1823,75251,78654,78662,-1,278034,209320,-1,234537,82772,-1,228457,188881,80554,-1,-1,78661,-1,234537,80843,226205,72306,-1,205747
-1,277929,257540,-1,-1,270670,-1,75810,256500,-1,76519,269701,244257,-1,-1,-1,268896,225126,-1,-1,270670,-1,232639,269728,-1,270670,192318,236532,232639,82099,-1,274952,-1,-1,202316,71672,-1,270670,218339,233301,-1,-1,-1,1824,234573,183513,76282,-1,257278,236532,-1,270670,275328,278228,270846,227370,81535,-1,-1,257540,82822,270670,78474,204529,253444,-1,256658
-1,265763,256634,-1,-1,256634,-1,79325,234407,-1,-1,253693,71590,-1,-1,-1,259194,251662,-1,-1,257054,-1,240756,78482,-1,256634,261200,244000,256634,-1,-1,269869,-1,-1,257007,271441,-1,256634,245228,255454,-1,-1,-1,1825,247179,279240,73157,-1,205433,205433,-1,256634,250876,-1,225849,256873,270027,-1,-1,256634,-1,256634,251298,72779,261653,-1,83121
-1,257273,71297,-1,-1,71297,-1,76802,79335,-1,-1,224395,252031,-1,-1,-1,224925,73995,-1,-1,238563,-1,257916,79333,-1,71297,72775,239700,224395,-1,-1,238684,-1,-1,220881,73294,-1,257916,269993,72780,-1,-1,-1,1826,73160,270940,80560,-1,256232,224395,-1,71297,270009,-1,251440,247058,72776,-1,-1,71297,-1,71297,268533,213949,70237,-1,276674
-1,201269,276372,-1,-1,193254,-1,-1,232658,-1,-1,250941,262587,-1,-1,-1,276583,271659,-1,-1,211999,-1,239138,257771,-1,193254,247026,265576,193254,-1,-1,268116,-1,-1,247028,215449,-1,193254,229286,193254,-1,-1,-1,1831,252456,278229,211879,-1,234575,193254,-1,193254,276489,-1,225632,257480,80165,-1,-1,193254,-1,193254,-1,241941,277799,-1,-1
-1,246240,237540,-1,-1,228245,-1,81655,192658,-1,-1,254480,70149,-1,-1,-1,257283,228082,-1,-1,274093,-1,228245,274924,-1,228245,71474,244491,228245,-1,-1,263273,-1,-1,71473,72128,-1,228245,81846,227511,-1,-1,-1,1832,242527,72551,263413,-1,203161,228245,-1,228245,73158,-1,79269,208679,70186,-1,-1,228245,-1,228245,73013,74004,231624,-1,265198
-1,270756,271575,-1,-1,252290,-1,220509,235834,-1,81377,219952,275325,-1,-1,-1,253019,252290,-1,-1,213685,-1,278966,220933,-1,252290,236791,219852,252290,276736,-1,279093,-1,-1,72324,270655,-1,252290,270088,236541,-1,-1,-1,1837,263647,278014,264467,-1,229082,219852,-1,252290,198857,-1,244672,234903,264044,-1,-1,185144,257777,252290,208424,173165,185144,-1,206306
-1,255303,252942,-1,-1,247888,-1,80407,278339,-1,82808,254982,81328,-1,-1,-1,248857,272725,-1,-1,266636,-1,268683,229743,-1,247888,246877,252964,247888,205850,-1,278668,-1,-1,78004,73095,-1,266636,221331,220534,-1,-1,-1,1842,237586,78037,259011,-1,220523,252964,-1,247888,261243,-1,274616,271199,271577,-1,-1,220523,-1,247888,271202,73838,247888,-1,208596
-1,199904,257111,-1,-1,244874,-1,-1,199763,-1,-1,240100,73847,-1,-1,-1,222982,244874,-1,-1,244836,-1,224982,276451,-1,244874,245035,224378,244874,-1,-1,268860,-1,-1,276754,270133,-1,244874,276443,270926,-1,-1,-1,1843,78144,-1,220491,-1,219956,224378,-1,244874,-1,-1,271213,201976,-1,-1,-1,220165,-1,244874,-1,242392,220165,-1,-1
-1,240785,239838,-1,-1,237772,-1,76540,205691,-1,-1,270084,75137,-1,-1,-1,262091,258505,-1,-1,237772,-1,225014,276951,-1,237772,236368,237040,237772,-1,-1,226260,-1,-1,80627,215433,-1,237772,80630,229456,-1,-1,-1,1848,278352,81336,220915,-1,251920,205691,-1,237772,205548,-1,210671,278099,71804,-1,-1,201285,-1,237772,71000,80626,201285,-1,-1
-1,199005,271414,-1,-1,274209,-1,76756,214622,-1,-1,243312,241055,-1,-1,-1,262500,267873,-1,-1,274209,-1,252865,247328,-1,274209,242279,245290,274209,-1,-1,74774,-1,-1,72563,274082,-1,243312,246011,252327,-1,-1,-1,1853,240209,80678,82834,-1,276820,243312,-1,243312,269146,-1,216475,271532,80679,-1,-1,271414,-1,243312,233588,70967,264173,-1,241591
-1,199101,240922,-1,-1,251599,-1,79560,243756,-1,-1,223853,266118,-1,-1,-1,213577,251599,-1,-1,255572,-1,229631,74163,-1,251599,252485,225161,251599,-1,-1,269644,-1,-1,76947,223998,-1,251599,266117,246844,-1,-1,-1,1854,78368,75629,211565,-1,254787,251599,-1,251599,75831,-1,79583,199493,82334,-1,-1,206031,-1,251599,234032,74594,206031,-1,-1
-1,223952,277269,-1,-1,242201,-1,82440,260178,-1,79393,274555,197891,-1,-1,-1,275986,242201,-1,-1,220414,-1,232665,189860,-1,242201,226157,217940,242201,80675,-1,245628,-1,-1,82907,273850,-1,242201,192667,260404,-1,-1,-1,1860,237626,270379,251651,-1,234835,217940,-1,242201,78728,-1,74403,73373,71977,-1,-1,242201,228635,242201,266085,73375,264325,-1,277825
-1,146296,258923,-1,-1,219953,-1,272395,260098,-1,-1,219953,74476,-1,-1,-1,226370,259190,-1,-1,263634,-1,252837,245598,-1,219953,242369,241810,258923,-1,-1,222598,-1,-1,240589,270415,-1,258923,189472,211857,-1,-1,-1,1861,241470,75634,81406,-1,254094,258923,-1,219953,278405,-1,240047,205288,82676,-1,-1,205976,-1,219953,77532,258602,205976,-1,-1
-1,243538,273926,-1,-1,218887,-1,-1,258407,-1,-1,252967,272927,-1,-1,-1,78059,218887,-1,-1,77114,-1,209288,73656,-1,218887,256874,247407,218887,-1,-1,263028,-1,-1,279052,263031,-1,218887,77147,231307,-1,-1,-1,1862,245563,277060,257692,-1,263968,218887,-1,218887,278206,-1,70511,210509,-1,-1,-1,209288,-1,218887,-1,74109,276679,-1,-1
-1,254099,277554,-1,-1,235988,-1,79169,73412,-1,-1,264175,264489,-1,-1,-1,258689,277684,-1,-1,259582,-1,73413,269638,-1,235988,228397,79470,73413,-1,-1,262299,-1,-1,269641,271272,-1,73413,264176,270338,-1,-1,-1,1867,264804,236914,73414,-1,247466,254099,-1,235988,74716,-1,279256,74118,81593,-1,-1,73413,-1,235988,-1,229624,235988,-1,-1
-1,76663,202925,-1,-1,234982,-1,-1,70577,-1,-1,261100,76856,-1,-1,-1,76676,73051,-1,-1,234982,-1,266430,259920,-1,76666,76865,76666,260727,-1,-1,76667,-1,-1,-1,76670,-1,234982,232170,260727,-1,-1,-1,1870,-1,-1,271494,-1,261606,261606,-1,234982,-1,-1,82272,76664,-1,-1,-1,202925,-1,234982,-1,83378,229620,-1,-1
-1,262251,273100,-1,-1,235172,-1,76150,203568,-1,-1,257956,220785,-1,-1,-1,71485,266277,-1,-1,223779,-1,216003,225995,-1,235172,219780,252018,235172,-1,-1,234760,-1,-1,76086,234813,-1,235172,218985,235172,-1,-1,-1,1871,239505,177790,254819,-1,269507,216003,-1,235172,269707,-1,240240,248586,74399,-1,-1,203568,-1,235172,-1,255779,272853,-1,-1
-1,189146,237566,-1,-1,237566,-1,266462,225532,-1,235086,270068,262403,-1,-1,-1,79091,70887,-1,-1,258360,-1,220971,236817,-1,237566,73598,257091,237566,261260,-1,229436,-1,-1,242532,212454,-1,237566,275976,262644,-1,-1,-1,1874,83379,269116,223489,-1,275644,225532,-1,237566,273872,209402,79098,221610,240725,-1,-1,278664,239669,237566,230718,262652,278664,-1,74392
279165,214584,221125,-1,-1,210513,-1,81813,231340,-1,77151,245138,79821,-1,-1,-1,74835,272951,-1,-1,259788,-1,210513,253290,-1,224334,245055,228708,210513,77727,-1,214436,-1,-1,193601,236441,-1,224334,242249,224334,-1,-1,-1,1876,279934,81615,245461,-1,72745,214584,-1,210513,216700,81620,219862,246236,262240,-1,279174,231340,279168,210513,279166,278020,244205,-1,82264
-1,201095,179813,-1,-1,207439,-1,234108,247368,-1,215202,207439,259789,-1,-1,-1,191740,219576,-1,-1,242971,-1,260601,258746,-1,207439,271512,272723,207439,246263,-1,72006,-1,-1,178566,219841,-1,207439,274947,257185,-1,-1,-1,1877,241607,262083,261161,-1,261097,179813,-1,207439,256503,271933,252238,268619,76821,-1,70690,179813,220148,207439,214665,243684,240663,-1,238331
-1,231691,193881,-1,-1,230767,-1,79804,228881,-1,213272,253283,81306,-1,-1,-1,278137,230767,-1,-1,224019,-1,260843,221969,-1,260843,236773,219461,230767,203535,-1,262815,-1,-1,215930,77338,-1,230767,229575,253213,-1,-1,-1,1884,79813,221422,222262,-1,236535,193881,-1,230767,82904,-1,208250,224846,82909,-1,-1,224301,75074,230767,263693,247861,224301,-1,82998
-1,221610,236772,-1,-1,236772,-1,-1,263233,-1,-1,234171,73598,-1,-1,-1,254159,70903,-1,-1,79091,-1,234087,188537,-1,236772,247026,204638,236772,-1,-1,253170,-1,-1,274968,245710,-1,236772,261210,260908,-1,-1,-1,1886,231254,276214,276232,-1,256780,236772,-1,236772,258708,-1,272566,268099,-1,-1,-1,236772,-1,236772,-1,78801,236510,-1,-1
-1,79309,223302,-1,-1,257194,-1,83065,263653,-1,-1,257194,273750,-1,-1,-1,81518,80026,-1,-1,273840,-1,74649,81283,-1,266461,80025,266660,257194,-1,-1,247040,-1,-1,275516,270870,-1,266461,262954,266461,-1,-1,-1,1887,71477,71476,76786,-1,253276,223302,-1,266461,79308,-1,76710,229255,81519,-1,-1,74649,-1,257194,-1,71478,189303,-1,-1
-1,262417,267633,-1,-1,267633,-1,260322,258786,-1,-1,225696,78722,-1,-1,-1,277070,277878,-1,-1,256526,-1,255257,272422,-1,267633,276412,209816,267633,-1,-1,74885,-1,-1,256768,271576,-1,267633,252864,235634,-1,-1,-1,1888,270732,80023,277047,-1,263114,209816,-1,267633,80552,-1,80741,270921,77187,-1,-1,267633,-1,267633,-1,74333,72337,-1,-1
-1,235574,252164,-1,-1,245790,-1,244963,189221,-1,-1,245319,70065,-1,-1,-1,271289,74314,-1,-1,74067,-1,79479,252139,-1,264488,72690,235854,245790,-1,-1,73044,-1,-1,269088,243355,-1,245790,205598,264488,-1,-1,-1,1891,72691,259849,226720,-1,73128,189221,-1,245790,207762,-1,210556,74165,80885,-1,-1,252164,-1,245790,79323,79443,245790,-1,258271
-1,223571,78282,-1,-1,257558,-1,79459,225699,-1,-1,225738,224591,-1,-1,-1,245986,276742,-1,-1,257558,-1,78837,74370,-1,257558,199823,211556,257558,-1,-1,80084,-1,-1,80662,251642,-1,257558,79655,233911,-1,-1,-1,1894,78838,257025,241686,-1,269223,211556,-1,257558,234772,-1,208157,220346,74583,-1,-1,78282,-1,257558,-1,241682,78836,-1,-1
-1,258936,213516,-1,-1,269420,-1,81975,245597,-1,-1,264438,77349,-1,-1,-1,228336,162347,-1,-1,264418,-1,251377,255471,-1,213516,274465,210679,213516,-1,-1,76240,-1,-1,241976,240453,-1,269420,259070,269420,-1,-1,-1,1896,271495,80290,272668,-1,264191,213516,-1,213516,77730,-1,258315,276988,77188,-1,-1,213516,-1,213516,268468,279731,247138,-1,277871
-1,203239,275545,-1,-1,275545,-1,-1,271451,-1,-1,258536,80637,-1,-1,-1,78453,79448,-1,-1,251677,-1,262430,76298,-1,275545,270729,276442,275545,-1,-1,79049,-1,-1,-1,77107,-1,275545,279769,79295,-1,-1,-1,1900,274078,-1,276425,-1,251681,251681,-1,275545,-1,-1,78060,244020,-1,-1,-1,275545,-1,275545,-1,198511,77106,-1,-1
-1,239272,205693,-1,-1,262473,-1,83380,235222,-1,82733,239361,258984,-1,-1,-1,265788,277483,-1,-1,262025,-1,258730,269248,-1,262473,256890,207725,262473,80699,-1,270702,-1,-1,79113,247330,-1,262473,271746,262473,-1,-1,-1,1903,70460,277635,231836,-1,193440,193440,-1,262473,80147,239379,257959,215546,83188,-1,269246,205693,277801,262473,75946,245270,263268,-1,266517
-1,244256,244601,-1,-1,244601,-1,76285,72711,-1,-1,244853,69987,-1,-1,-1,73599,261386,-1,-1,251812,-1,188154,241693,-1,188154,274449,185349,188154,-1,-1,198811,-1,-1,80579,238840,-1,188154,252082,80029,-1,-1,-1,1904,258870,80766,224185,-1,250813,251812,-1,244601,80581,-1,176571,199568,268561,-1,-1,244601,-1,244601,80580,233101,273962,-1,80742
-1,272958,254789,-1,-1,260076,-1,76396,263099,-1,83392,71532,241835,-1,-1,-1,74460,260076,-1,-1,80911,-1,264263,266071,-1,260076,75519,273752,254789,82331,-1,268106,-1,-1,271147,75516,-1,260076,81231,78784,-1,-1,-1,1906,77934,78138,244513,-1,264288,254789,-1,254789,77169,267446,267974,190778,80671,-1,-1,245902,199422,254789,82185,200696,245902,-1,272961
-1,199833,274927,-1,-1,274927,-1,78164,262311,-1,-1,259563,277968,-1,-1,-1,255010,245338,-1,-1,252383,-1,70801,256887,-1,274834,229593,277447,274834,-1,-1,259673,-1,-1,70539,77415,-1,274834,224163,274834,-1,-1,-1,1908,79398,269232,259478,-1,208462,208462,-1,274927,81589,-1,184457,176094,76729,-1,-1,236498,-1,274927,259163,239371,236498,-1,-1
-1,253211,199386,-1,-1,204060,-1,83413,253220,-1,-1,73355,193091,-1,-1,-1,229155,262580,-1,-1,277809,-1,204060,266653,-1,204060,270931,234679,204060,-1,-1,205995,-1,-1,73356,81346,-1,277809,203725,70725,-1,-1,-1,1910,265747,80557,262334,-1,264728,204060,-1,204060,80813,-1,255579,199987,81299,-1,-1,204060,-1,204060,-1,80556,232829,-1,-1
-1,273882,262397,-1,-1,259131,-1,72893,277672,-1,-1,259131,275856,-1,-1,-1,76746,210010,-1,-1,70569,-1,264452,269120,-1,259131,266448,251754,259131,-1,-1,277703,-1,-1,279010,76135,-1,210010,256307,252999,-1,-1,-1,1913,74337,80490,255015,-1,79163,262397,-1,210010,83175,-1,262732,218212,77718,-1,-1,237807,-1,210010,-1,76747,237807,-1,-1
-1,279508,257484,-1,-1,226539,-1,275419,278911,-1,-1,231150,259401,-1,-1,-1,277943,220763,-1,-1,226539,-1,260910,75528,-1,231150,237732,242690,226539,-1,-1,272980,-1,-1,81547,266417,-1,231150,70545,233098,-1,-1,-1,1914,80582,82107,265741,-1,262889,220763,-1,257484,82108,-1,242528,244676,70144,-1,-1,279948,-1,226539,81546,78785,279948,-1,76473
-1,250916,261457,-1,-1,275418,-1,80503,257957,-1,262222,275867,275327,-1,-1,-1,254998,275411,-1,-1,273008,-1,275418,72299,-1,275867,269744,262220,275418,80500,-1,79814,-1,-1,80526,74348,-1,275418,75838,200122,-1,-1,-1,1915,277411,80523,204684,-1,74140,275867,-1,275418,268108,-1,224324,228860,80527,-1,-1,275867,256507,275418,77798,74347,271932,-1,83279
-1,263214,242423,-1,-1,245020,-1,80349,264305,-1,-1,245020,269156,-1,-1,-1,241825,246054,-1,-1,247731,-1,240808,262569,-1,245020,254858,218576,240808,-1,-1,225589,-1,-1,190852,239800,-1,240808,277532,253403,-1,-1,-1,1917,263211,278104,269691,-1,208806,264305,-1,245020,70030,-1,82358,251165,262049,-1,-1,271018,-1,245020,74298,259389,271018,-1,75432
-1,269694,237619,-1,-1,237619,-1,75427,242800,-1,-1,242181,247395,-1,-1,-1,241419,251306,-1,-1,225072,-1,278097,252376,-1,237619,197975,223159,237619,-1,-1,246847,-1,-1,229274,234941,-1,237619,275641,234229,-1,-1,-1,1919,264511,278248,272365,-1,241824,223159,-1,237619,79434,-1,259926,217096,74362,-1,-1,244296,-1,237619,-1,224265,244296,-1,-1
-1,227529,261211,-1,-1,205818,-1,-1,236702,-1,-1,74303,208852,-1,-1,-1,263950,205818,-1,-1,223902,-1,242212,205019,-1,205818,237731,209493,227961,-1,-1,248469,-1,-1,212006,263648,-1,205818,72582,227961,-1,-1,-1,1920,83240,220635,169498,-1,217332,273619,-1,205818,-1,-1,230881,267739,-1,-1,-1,261211,-1,205818,-1,260439,273619,-1,-1
-1,259596,278136,-1,-1,204412,-1,241411,253465,-1,-1,237169,236650,-1,-1,-1,275067,204412,-1,-1,227995,-1,202464,257699,-1,204412,225441,261225,204412,-1,-1,228419,-1,-1,222994,275337,-1,204412,253055,278102,-1,-1,-1,1923,83042,229375,226507,-1,205054,202464,-1,204412,240697,-1,231199,193013,263376,-1,-1,202686,-1,204412,274387,278193,202686,-1,71970
-1,240597,247722,-1,-1,226172,-1,74652,258529,-1,-1,226172,209675,-1,-1,-1,267868,245531,-1,-1,206536,-1,256481,267419,-1,226172,189177,173671,226172,-1,-1,226102,-1,-1,208989,243056,-1,226172,76969,243279,-1,-1,-1,1924,264514,235347,246349,-1,193478,193478,-1,226172,80473,-1,194122,213408,72583,-1,-1,79284,-1,226172,76257,264411,79284,-1,72431
-1,240913,241508,-1,-1,241508,-1,263640,277869,-1,-1,265552,238717,-1,-1,-1,239529,235167,-1,-1,270608,-1,260926,242453,-1,241508,229723,224258,241508,-1,-1,224494,-1,-1,243849,248808,-1,241508,231448,243606,-1,-1,-1,1925,278919,236663,183711,-1,248484,248484,-1,241508,73253,-1,75452,264133,256725,-1,-1,260926,-1,241508,231445,278146,275771,-1,-1
-1,229091,261732,-1,-1,245761,-1,-1,258050,-1,-1,213105,242265,-1,-1,-1,230677,245761,-1,-1,216270,-1,225734,230807,-1,245761,265468,205584,245761,-1,-1,205596,-1,-1,260929,241543,-1,245761,237809,263906,-1,-1,-1,1926,255312,75689,234177,-1,247350,205584,-1,245761,81803,-1,244871,262718,-1,-1,-1,213699,-1,245761,-1,278987,213699,-1,-1
-1,173531,206134,-1,-1,233378,-1,279092,240604,-1,-1,213018,73159,-1,-1,-1,266155,224855,-1,-1,257776,-1,233378,232106,-1,233378,184242,223963,233378,-1,-1,247764,-1,-1,221531,245070,-1,233378,258491,257863,-1,-1,-1,1928,277413,277463,255930,-1,200742,224855,-1,233378,271126,-1,73512,243917,277412,-1,-1,206134,-1,233378,73111,245539,195427,-1,-1
-1,242289,266886,-1,-1,252555,-1,-1,192231,-1,-1,204464,209852,-1,-1,-1,257247,277052,-1,-1,242119,-1,228111,276220,-1,252555,235769,222576,242119,-1,-1,245849,-1,-1,258523,246723,-1,252555,199960,252555,-1,-1,-1,1929,75330,268606,76223,-1,263686,192231,-1,252555,272465,-1,279124,242382,74999,-1,-1,266886,-1,252555,-1,265197,271325,-1,-1
-1,207528,251420,-1,-1,203328,-1,80245,229771,-1,-1,80243,208188,-1,-1,-1,235263,238758,-1,-1,251592,-1,206089,248880,-1,203328,274094,258903,203328,-1,-1,252379,-1,-1,194091,272369,-1,203328,231406,203328,-1,-1,-1,1930,243167,278988,228685,-1,70446,203328,-1,203328,272444,-1,206524,203175,265826,-1,-1,203328,-1,203328,-1,254315,198011,-1,-1
-1,169798,241452,-1,-1,186143,-1,74363,241864,-1,-1,210985,262981,-1,-1,-1,229073,241379,-1,-1,186143,-1,278105,229605,-1,186143,263168,276436,186143,-1,-1,74634,-1,-1,261374,264505,-1,186143,70275,264581,-1,-1,-1,1931,70029,266125,76016,-1,269150,186143,-1,186143,73749,-1,212990,233215,274852,-1,-1,225001,-1,186143,-1,229378,225001,-1,-1
-1,276806,224225,-1,-1,224225,-1,-1,224307,-1,-1,271560,264734,-1,-1,-1,221322,245988,-1,-1,272542,-1,180818,239513,-1,245988,71068,228829,245988,-1,-1,270363,-1,-1,80767,234242,-1,224225,272446,254327,-1,-1,-1,1932,77643,80347,70319,-1,277516,245988,-1,224225,-1,-1,71810,278933,-1,-1,-1,224225,-1,224225,-1,239215,236487,-1,-1
-1,223082,263411,-1,-1,239119,-1,-1,205015,-1,-1,221197,263951,-1,-1,-1,243283,239119,-1,-1,243643,-1,266756,252970,-1,239119,251001,237470,239119,-1,-1,248328,-1,-1,276385,262731,-1,239119,251521,226514,-1,-1,-1,1933,218593,80615,251851,-1,250850,205015,-1,239119,276966,-1,270937,278023,74960,-1,-1,205887,-1,239119,-1,203138,205887,-1,-1
-1,202770,242286,-1,-1,193608,-1,278993,263324,-1,265562,204007,271173,-1,-1,-1,277747,243767,-1,-1,279766,-1,230590,79092,-1,240897,243575,240897,240897,247507,-1,77053,-1,-1,278994,74338,-1,240897,80062,193608,-1,-1,-1,1934,80388,82207,200440,-1,200697,193608,-1,240897,75766,-1,71829,223988,80389,-1,-1,240897,-1,240897,236025,82934,219550,-1,241646
-1,213407,216467,-1,-1,236818,-1,77124,225625,-1,-1,270609,264104,-1,-1,-1,263336,222256,-1,-1,236818,-1,225125,273464,-1,236818,211928,241507,236818,-1,-1,205393,-1,-1,262028,215562,-1,236818,279249,230014,-1,-1,-1,1935,81656,74452,258627,-1,74430,241507,-1,236818,81495,-1,79172,273889,194785,-1,-1,258749,-1,236818,-1,81496,258749,-1,-1
-1,203034,251346,-1,-1,202698,-1,73633,72809,-1,-1,202698,253760,-1,-1,-1,241397,70787,-1,-1,228638,-1,76376,252067,-1,202698,243765,229182,202698,-1,-1,229123,-1,-1,80818,190240,-1,202698,278984,266147,-1,-1,-1,1936,252844,277860,78122,-1,173734,173734,-1,202698,265418,-1,231929,75440,80272,-1,-1,262522,-1,202698,-1,275323,262522,-1,-1
-1,257862,256738,-1,-1,241038,-1,-1,241039,-1,-1,72284,83063,-1,-1,-1,254496,206202,-1,-1,241038,-1,278986,227764,-1,241038,253974,263739,72284,-1,-1,200633,-1,-1,271603,237975,-1,72284,233128,235808,-1,-1,-1,1937,263840,78414,211228,-1,234261,235808,-1,241038,272890,-1,278895,271751,77875,-1,-1,256738,-1,241038,-1,272672,257614,-1,-1
-1,225134,255360,-1,-1,240605,-1,83460,255314,-1,-1,255049,78317,-1,-1,-1,270113,278040,-1,-1,240605,-1,78923,274474,-1,240605,272709,193569,240605,-1,-1,256439,-1,-1,239506,275261,-1,240605,260669,70984,-1,-1,-1,1938,72070,252547,278239,-1,236319,240605,-1,240605,258586,-1,271139,260156,70983,-1,-1,264746,-1,240605,78303,71960,264746,-1,-1
-1,198285,264200,-1,-1,236247,-1,-1,240826,-1,-1,220019,242322,-1,-1,-1,211166,236247,-1,-1,222836,-1,252268,222528,-1,236247,233938,268550,252268,-1,-1,262100,-1,-1,231446,208024,-1,236247,243353,257508,-1,-1,-1,1939,231580,72212,237332,-1,273020,198285,-1,252268,77738,-1,220039,204354,80618,-1,-1,243831,-1,236247,-1,271218,243831,-1,-1
-1,211604,213143,-1,-1,233793,-1,82766,229930,-1,-1,233793,233051,-1,-1,-1,227947,264192,-1,-1,202033,-1,222477,203428,-1,202033,207858,204458,233793,-1,-1,190239,-1,-1,242436,250758,-1,233793,223810,215211,-1,-1,-1,1940,225867,83028,228815,-1,226116,222477,-1,233793,270336,-1,173891,264851,273618,-1,-1,269329,-1,233793,-1,70228,269329,-1,-1
-1,269626,277909,-1,-1,237477,-1,-1,278928,-1,-1,220196,243048,-1,-1,-1,70903,232999,-1,-1,261299,-1,237477,190885,-1,220196,224294,246565,220196,-1,-1,248492,-1,-1,236920,81319,-1,261299,255223,256769,-1,-1,-1,1943,271235,266815,213884,-1,236506,220196,-1,237477,269796,-1,223197,172203,271756,-1,-1,256612,-1,237477,-1,76254,256612,-1,-1
-1,231046,212493,-1,-1,212493,-1,-1,262713,-1,-1,230126,266528,-1,-1,-1,188782,207956,-1,-1,189619,-1,271675,235329,-1,212493,222396,262714,212493,-1,-1,233245,-1,-1,263192,70836,-1,212493,201514,215855,-1,-1,-1,1944,257291,78075,263955,-1,244277,189619,-1,212493,76566,-1,263387,79709,238990,-1,-1,256711,-1,212493,-1,272650,256711,-1,-1
-1,246671,232545,-1,-1,225769,-1,222095,262523,-1,73944,255913,226084,-1,-1,-1,186139,225779,-1,-1,225769,-1,219216,250825,-1,219216,236530,221281,255913,73943,-1,242429,-1,-1,210108,237943,-1,219216,202048,253052,-1,-1,-1,1947,237036,214896,216627,-1,263390,221281,-1,225769,169792,-1,246392,207998,224361,-1,-1,219216,-1,225769,275006,235496,235247,-1,271854
73465,238070,258500,-1,-1,250913,-1,278557,211203,-1,268102,239439,242004,-1,-1,-1,208769,220940,-1,-1,250913,-1,239350,270676,-1,220940,237833,219293,250913,277705,-1,211594,-1,-1,263861,270637,-1,250913,213017,258702,-1,-1,-1,1951,263582,188166,271005,-1,242541,220940,-1,220940,198437,266577,226436,204502,259114,-1,271686,220940,269930,220940,173895,70229,75272,-1,229349
-1,258585,202693,-1,-1,243608,-1,248569,224099,-1,-1,246053,277663,-1,-1,-1,226401,241953,-1,-1,233053,-1,240925,207952,-1,246053,200746,204936,246053,74360,-1,254529,-1,-1,258433,235267,-1,243608,225956,243608,-1,-1,-1,1952,270209,243414,251275,-1,272895,224099,-1,243608,73429,-1,74956,220058,248692,-1,-1,220031,-1,243608,73219,266688,220031,-1,79579
-1,75106,237286,-1,-1,233565,-1,80280,271929,-1,-1,270679,254522,-1,-1,-1,266303,246681,-1,-1,233315,-1,233565,77404,-1,233565,233804,194759,270679,-1,-1,222583,-1,-1,267744,234039,-1,270679,238846,230882,-1,-1,-1,1958,278098,80370,237310,-1,238179,194759,-1,233565,72061,-1,257472,74312,80048,-1,-1,271530,-1,233565,-1,266074,271530,-1,-1
-1,213413,260492,-1,-1,260492,-1,-1,243640,-1,-1,258596,222724,-1,-1,-1,261035,275785,-1,-1,221890,-1,259680,233941,-1,232759,70841,248687,232759,-1,-1,272932,-1,-1,248688,186392,-1,232759,244870,232759,-1,-1,-1,1960,74759,272736,244288,-1,216744,248687,-1,232759,278958,-1,275244,234260,74357,-1,-1,276716,-1,232759,-1,212090,276716,-1,-1
-1,238060,257437,-1,-1,257437,-1,-1,75296,-1,-1,70026,269175,-1,-1,-1,277584,234111,-1,-1,227929,-1,225785,205989,-1,227929,257438,256611,256510,-1,-1,223905,-1,-1,219736,231185,-1,234111,259677,256510,-1,-1,-1,1961,265658,276531,206518,-1,72046,257437,-1,234111,-1,-1,278017,277586,-1,-1,-1,234111,-1,234111,-1,268631,263775,-1,-1
-1,235027,235059,-1,-1,240606,-1,-1,251006,-1,-1,198704,226791,-1,-1,-1,251284,268529,-1,-1,276438,-1,276332,262044,-1,240606,82188,231107,240606,-1,-1,211363,-1,-1,241699,223940,-1,240606,246096,240606,-1,-1,-1,1962,273692,74384,245893,-1,246126,231107,-1,240606,-1,-1,203287,262785,-1,-1,-1,275443,-1,240606,-1,242967,275443,-1,-1
-1,271459,207732,-1,-1,202651,-1,75931,220348,-1,-1,279502,79552,-1,-1,-1,199247,276085,-1,-1,202651,-1,231640,253293,-1,202651,265733,74788,202651,-1,-1,278404,-1,-1,80875,264270,-1,202651,80909,76286,-1,-1,-1,1968,264004,229628,273051,-1,260692,220348,-1,202651,74209,-1,73282,225868,70345,-1,-1,231640,-1,202651,-1,74178,76043,-1,-1
-1,269434,271118,-1,-1,266010,-1,82005,263259,-1,-1,271511,70922,-1,-1,-1,259923,263637,-1,-1,275982,-1,266010,80030,-1,266010,222165,256892,266010,-1,-1,245014,-1,-1,274528,80150,-1,266010,268727,248604,-1,-1,-1,1971,205603,80151,73617,-1,265535,256892,-1,266010,80524,-1,257340,261294,80525,-1,-1,248604,-1,266010,80149,274448,80148,-1,-1
-1,243675,79334,-1,-1,262925,-1,184156,233230,-1,-1,74963,270919,-1,-1,-1,205369,262925,-1,-1,225266,-1,252108,261312,-1,262925,76976,210044,262925,-1,-1,251247,-1,-1,72062,235572,-1,262925,261131,70888,-1,-1,-1,2014,79332,80591,73070,-1,275207,210044,-1,262925,270138,-1,270905,263619,74443,-1,-1,79334,-1,262925,-1,79192,272569,-1,-1
-1,277669,73205,-1,-1,203615,-1,81474,276123,-1,-1,244435,259678,-1,-1,-1,276811,73188,-1,-1,74086,-1,203615,274091,-1,203615,272562,270034,203615,-1,-1,79785,-1,-1,276450,277865,-1,203615,266162,72018,-1,-1,-1,2017,251230,75498,244438,-1,208247,244435,-1,203615,76470,-1,77699,257304,79784,-1,-1,276178,-1,203615,73608,73187,276178,-1,258806
-1,278335,220528,-1,-1,220529,-1,226468,265762,-1,-1,257859,235880,-1,-1,-1,79122,220529,-1,-1,76178,-1,276003,216145,-1,220529,278076,209602,220529,-1,-1,268672,-1,-1,80076,276033,-1,220529,212381,271572,-1,-1,-1,2038,245063,211608,71401,-1,237594,220529,-1,220529,208590,-1,252704,198633,271482,-1,-1,214676,-1,220529,79118,74076,214676,-1,-1
-1,278719,241915,-1,-1,266606,-1,-1,266606,-1,-1,268095,-1,-1,-1,-1,72118,77080,-1,-1,191730,-1,271433,80325,-1,266606,81626,256396,266606,-1,-1,77076,-1,-1,-1,72597,-1,266606,70119,260621,-1,-1,-1,2041,-1,-1,279711,-1,238508,256396,-1,266606,-1,-1,-1,201903,-1,-1,-1,268095,-1,266606,-1,-1,264273,-1,-1
77205,252658,255329,-1,-1,261105,-1,233568,247667,-1,261116,252810,266190,-1,-1,-1,228487,243064,-1,-1,242924,-1,261105,248487,-1,261105,266496,273633,268342,237778,-1,261055,-1,-1,71370,255518,-1,268342,242182,268342,-1,-1,-1,2055,266252,256685,274022,-1,259843,273633,-1,261105,72560,270319,274409,267433,73685,-1,274282,255519,252643,261105,260497,276616,255519,-1,70631
266539,274411,179947,-1,70629,225733,-1,266790,266789,-1,274412,225733,70637,-1,-1,-1,211004,245261,-1,70633,276693,-1,264289,267947,-1,225733,70634,212792,245261,274414,-1,255297,-1,-1,260395,266788,-1,225733,246043,222798,-1,-1,-1,2056,229295,266786,234339,-1,245848,225733,-1,225733,70632,77204,252278,267643,77206,-1,260608,245261,274033,225733,77202,228461,233011,-1,233771
-1,195668,243169,-1,-1,237871,-1,79543,262404,-1,264121,77740,79545,-1,-1,-1,71291,237871,-1,-1,79691,-1,235955,78161,-1,237871,197965,258457,237871,75332,-1,255781,-1,-1,269874,242236,-1,243169,70908,73882,-1,-1,-1,10020,236639,270812,243047,-1,251469,231391,-1,237871,79536,-1,259427,268912,274389,-1,-1,243169,-1,237871,276916,80577,231391,-1,80799
-1,193698,256564,-1,-1,244470,-1,78436,244470,-1,-1,216354,246618,-1,-1,-1,73057,244050,-1,-1,276969,-1,71418,239890,-1,244050,228595,276646,244470,76924,-1,245863,-1,-1,235526,263041,-1,244470,271246,232805,-1,-1,-1,10029,76923,232873,216258,-1,259074,193698,-1,244470,237321,-1,279542,257638,74464,-1,-1,256564,-1,244470,73072,211856,265577,-1,279116
-1,271114,257307,-1,-1,238363,-1,73165,278178,-1,-1,238363,274999,-1,-1,-1,276311,239925,-1,-1,266446,-1,252073,79816,-1,238363,266235,236467,238363,-1,-1,276371,-1,-1,78040,275262,-1,238363,71925,276367,-1,-1,-1,10030,80858,212625,212879,-1,269912,236467,-1,238363,81769,-1,266012,234383,72365,-1,-1,252073,-1,238363,276408,250926,238656,-1,-1
-1,247077,210537,-1,-1,229336,-1,-1,271573,-1,-1,258393,243275,-1,-1,-1,277376,270913,-1,-1,229336,-1,239003,264705,-1,229336,73151,240008,229336,-1,-1,243574,-1,-1,77836,79160,-1,229336,206006,276658,-1,-1,-1,10032,73154,70281,79217,-1,237440,229336,-1,229336,271502,-1,258834,219244,176246,-1,-1,244706,-1,229336,-1,76660,244706,-1,-1
-1,219637,231733,-1,-1,231733,-1,219127,79736,-1,-1,73518,80697,-1,-1,-1,239451,254786,-1,-1,255468,-1,229764,263941,-1,231733,258172,246097,231733,-1,-1,73927,-1,-1,75567,275497,-1,231733,75697,226130,-1,-1,-1,10846,271358,80658,235970,-1,224981,254786,-1,231733,263178,-1,245999,257027,76415,-1,-1,231733,-1,231733,-1,228790,252590,-1,-1
-1,244720,78423,-1,-1,70694,-1,81312,78421,-1,-1,262573,254276,-1,-1,-1,79959,70694,-1,-1,78424,-1,78426,236488,-1,70694,276668,255400,70694,-1,-1,78418,-1,-1,244290,268498,-1,70694,176137,78419,-1,-1,-1,15005,251341,80281,75084,-1,239813,255400,-1,70694,236618,-1,80653,201847,277601,-1,-1,78426,-1,70694,83195,78457,262962,-1,-1
-1,78610,78621,-1,-1,78613,-1,262723,223861,-1,-1,234991,78611,-1,-1,-1,262558,262349,-1,-1,259644,-1,240572,78612,-1,259644,75278,265601,78613,-1,-1,278366,-1,-1,78615,79404,-1,259644,243789,78613,-1,-1,-1,15006,234832,239086,78614,-1,70138,70138,-1,259644,278360,-1,266763,259166,78618,-1,-1,238726,-1,78613,268065,247834,238726,-1,-1
-1,205759,70327,-1,-1,262384,-1,-1,239476,-1,-1,229477,275642,-1,-1,-1,199215,79934,-1,-1,240481,-1,262384,223427,-1,262384,264877,223426,276188,-1,-1,228058,-1,-1,274853,73141,-1,276188,258821,276188,-1,-1,-1,15009,277446,71109,75740,-1,252252,205759,-1,262384,79372,-1,277470,79933,73604,-1,-1,229477,-1,262384,-1,262183,257080,-1,-1
-1,204234,275493,-1,-1,275493,-1,-1,217085,-1,-1,208622,278071,-1,-1,-1,278402,201413,-1,-1,270738,-1,250887,80259,-1,275493,213724,74559,275493,-1,-1,224305,-1,-1,253378,206522,-1,275493,243316,77703,-1,-1,-1,15012,269637,79657,277683,-1,79048,79048,-1,275493,268776,-1,244311,205703,80705,-1,-1,275493,-1,275493,-1,264179,251610,-1,-1
-1,225543,222654,-1,-1,261390,-1,83058,246662,-1,81804,261390,73765,-1,-1,-1,275599,211595,-1,-1,251312,-1,260927,256473,-1,261390,266709,247073,261390,78399,-1,264115,-1,-1,239989,276060,-1,261390,264255,240608,-1,-1,-1,15015,80853,266450,251272,-1,236244,247073,-1,261390,223969,-1,255525,271064,257128,-1,-1,222654,82765,261390,73461,73862,240373,-1,78151
-1,219941,75044,-1,-1,199042,-1,-1,232189,-1,-1,264431,-1,-1,-1,-1,176930,199042,-1,-1,224504,-1,238767,159977,-1,199042,160005,253951,199042,-1,-1,239682,-1,-1,-1,236677,-1,199042,-1,228145,-1,-1,-1,15029,-1,-1,263122,-1,215053,199042,-1,199042,-1,-1,-1,189357,-1,-1,-1,199042,-1,199042,-1,-1,275209,-1,-1
-1,270996,251499,-1,-1,248471,-1,277445,79772,-1,-1,270136,79777,-1,-1,-1,258273,248471,-1,-1,231840,-1,265185,271004,-1,248471,200433,268429,248471,-1,-1,250780,-1,-1,79773,270279,-1,248471,278254,73209,-1,-1,-1,15040,79778,76981,258510,-1,259082,231840,-1,248471,79776,-1,277002,263092,258822,-1,-1,231840,-1,248471,-1,79774,240019,-1,-1
-1,52679,187796,-1,-1,200806,-1,-1,79585,-1,-1,200806,213127,-1,-1,-1,255120,244054,-1,-1,219486,-1,268633,71129,-1,200806,236557,213151,200806,-1,-1,258667,-1,-1,78289,243840,-1,200806,254838,206170,-1,-1,-1,15048,278555,225361,73040,-1,222625,200806,-1,200806,73041,-1,207620,73987,-1,-1,-1,211143,-1,200806,-1,200292,211143,-1,-1
-1,243294,71191,-1,-1,210831,-1,80004,246157,-1,-1,258489,79820,-1,-1,-1,237337,209780,-1,-1,210831,-1,237138,246185,-1,210831,260501,201841,210831,-1,-1,259640,-1,-1,276316,263655,-1,210831,220847,246284,-1,-1,-1,100087,75776,270864,277832,-1,232704,210831,-1,210831,73918,-1,244843,231841,258399,-1,-1,209780,-1,210831,76132,260282,237524,-1,263275
-1,258480,212150,-1,-1,212150,-1,73867,241981,-1,-1,78315,72957,-1,-1,-1,74321,226866,-1,-1,270339,-1,73217,72698,-1,212150,262576,226523,212150,229585,-1,72944,-1,-1,80912,80047,-1,212150,270478,202151,-1,-1,-1,100135,72945,80904,210380,-1,234774,234774,-1,212150,73866,-1,79915,269880,239612,-1,-1,212150,-1,212150,74354,193336,218651,-1,80907
-1,272646,190362,-1,-1,205895,-1,-1,243848,-1,-1,205895,76412,-1,-1,-1,76113,75795,-1,-1,75919,-1,275331,221486,-1,205895,82182,80485,205895,-1,-1,266676,-1,-1,246807,82181,-1,205895,78895,76413,-1,-1,-1,100325,82521,-1,234294,-1,75794,190362,-1,205895,-1,-1,275184,279334,-1,-1,-1,190362,-1,205895,-1,74744,247354,-1,-1
-1,242818,236477,-1,-1,259306,-1,77413,74871,-1,-1,236457,202201,-1,-1,-1,274226,246594,-1,-1,257889,-1,259306,224425,-1,259306,240193,244068,236457,-1,-1,73731,-1,-1,258432,229640,-1,236457,256118,269305,-1,-1,-1,100409,82845,268837,245716,-1,236369,242818,-1,259306,74112,-1,199439,271949,72371,-1,-1,259306,-1,259306,257637,263194,266433,-1,237629
-1,244218,256800,-1,-1,269247,-1,192559,237511,-1,-1,72071,250998,-1,-1,-1,79243,246099,-1,-1,244725,-1,72892,271080,-1,269247,269258,239512,269247,-1,-1,269747,-1,-1,266649,277700,-1,256800,247120,269247,-1,-1,-1,100632,254307,77624,246777,-1,228363,228363,-1,269247,82485,-1,233109,240123,262791,-1,-1,259921,-1,269247,271270,251349,259921,-1,271269
-1,268449,269259,-1,-1,237647,-1,73433,200425,-1,-1,245286,268450,-1,-1,-1,264248,237647,-1,-1,259993,-1,269256,258893,-1,237647,254831,223814,237647,228509,-1,264416,-1,-1,243905,72894,-1,237647,269952,255449,-1,-1,-1,100634,268803,82003,202050,-1,247931,223814,-1,237647,82002,-1,223370,253442,82004,-1,-1,73949,-1,237647,72992,257570,73949,-1,79233
-1,79027,270475,-1,-1,221986,-1,80587,79319,-1,-1,221986,79044,-1,-1,-1,70069,266722,-1,-1,79043,-1,275861,79868,-1,221986,276363,79029,221986,-1,-1,79030,-1,-1,80588,210205,-1,221986,80589,79032,-1,-1,-1,100638,80586,80585,223696,-1,212485,212485,-1,221986,80670,-1,79042,261755,79045,-1,-1,221986,-1,221986,-1,79028,79708,-1,-1
-1,228279,237895,-1,-1,237895,-1,80584,260099,-1,-1,231864,177569,-1,-1,-1,79823,242531,-1,-1,269471,-1,279808,186190,-1,237895,269562,74344,237895,-1,-1,250918,-1,-1,82330,259443,-1,237895,198006,73012,-1,-1,-1,100646,271120,82666,236037,-1,199550,199550,-1,237895,269435,-1,277121,208894,81988,-1,-1,230737,-1,237895,278560,70953,230737,-1,-1
-1,220906,256065,-1,-1,260141,-1,-1,262788,-1,-1,260141,270867,-1,-1,-1,276625,277693,-1,-1,203393,-1,223871,243016,-1,260141,275648,79429,223871,-1,-1,210394,-1,-1,263642,73424,-1,260141,72762,251781,-1,-1,-1,100757,83299,76621,211042,-1,238987,260141,-1,260141,79698,-1,219469,72802,83391,-1,-1,223871,-1,260141,-1,269412,263147,-1,-1
-1,248091,251848,-1,-1,251045,-1,79645,257725,-1,-1,251045,205681,-1,-1,-1,275195,78670,-1,-1,73118,-1,257758,251878,-1,78670,230696,78695,251045,-1,-1,262483,-1,-1,230982,262704,-1,251045,277377,248056,-1,-1,-1,100759,79647,73400,256100,-1,79000,257758,-1,251045,245459,-1,257727,247944,269649,-1,-1,251848,-1,251045,79646,276823,270104,-1,80068
-1,248073,247972,-1,-1,247972,-1,-1,247968,-1,-1,257803,252675,-1,-1,-1,205943,259261,-1,-1,253758,-1,278573,246561,-1,247972,223231,235442,247972,-1,-1,73392,-1,-1,228388,229543,-1,247972,258942,256898,-1,-1,-1,100761,256897,70848,247674,-1,236307,247972,-1,247972,197971,-1,216800,205554,76151,-1,-1,247972,-1,247972,-1,248095,266728,-1,-1
-1,240346,204785,-1,-1,211204,-1,-1,277551,-1,-1,261300,246296,-1,-1,-1,264843,216526,-1,-1,211204,-1,211536,74206,-1,211204,264500,211096,211204,-1,-1,214641,-1,-1,233665,251427,-1,211536,257775,73905,-1,-1,-1,100805,71167,237005,248839,-1,79683,211536,-1,211204,80082,-1,215820,256989,-1,-1,-1,211536,-1,211204,-1,233484,236321,-1,-1
-1,251910,243795,-1,-1,73505,-1,-1,248777,-1,-1,269306,246184,-1,-1,-1,83390,241172,-1,-1,73505,-1,212830,241476,-1,73505,272908,215572,73505,-1,-1,74584,-1,-1,266145,256528,-1,73505,252083,210747,-1,-1,-1,100852,80808,76946,80660,-1,240652,210747,-1,73505,75935,-1,80152,237419,266655,-1,-1,269306,-1,73505,-1,80342,73317,-1,-1
-1,234790,264229,-1,-1,270611,-1,82119,211241,-1,-1,230613,74545,-1,-1,-1,246169,267624,-1,-1,243604,-1,270611,264228,-1,267624,227508,225106,270611,-1,-1,196935,-1,-1,82674,258652,-1,270611,267698,274486,-1,-1,-1,100888,271490,79999,208621,-1,274358,225106,-1,267624,80703,-1,252146,242802,83067,-1,-1,260086,-1,270611,198451,72634,260086,-1,-1
-1,235931,239964,-1,-1,223017,-1,81569,223017,-1,-1,80304,70462,-1,-1,-1,263583,255293,-1,-1,220175,-1,232097,240064,-1,80304,248854,233926,236629,-1,-1,263571,-1,-1,255776,205939,-1,223017,262411,236629,-1,-1,-1,101014,245822,267905,230857,-1,241710,233926,-1,241710,75856,-1,262586,188524,80736,-1,-1,239964,-1,223017,278386,241389,212626,-1,-1
-1,240856,224890,-1,-1,224890,-1,268442,228283,-1,-1,244416,248814,-1,-1,-1,229176,216749,-1,-1,224488,-1,234728,244234,-1,224890,223717,230042,244416,-1,-1,243549,-1,-1,274549,223751,-1,244416,263020,201041,-1,-1,-1,101020,278372,75910,70946,-1,205756,224890,-1,224890,279503,-1,244134,223174,263724,-1,-1,234728,-1,224890,-1,277961,260896,-1,-1
-1,257635,246762,-1,-1,260778,-1,-1,230824,-1,-1,263389,80392,-1,-1,-1,262988,233048,-1,-1,264485,-1,260778,258897,-1,260778,80300,229703,263389,-1,-1,279928,-1,-1,80463,241688,-1,263389,234045,247203,-1,-1,-1,101025,229637,80639,277627,-1,271540,229703,-1,260778,234457,-1,251134,269827,-1,-1,-1,204077,-1,260778,-1,80302,204077,-1,-1
-1,232007,73864,-1,-1,73864,-1,73576,266794,-1,-1,276544,83007,-1,-1,-1,269899,72888,-1,-1,80601,-1,243914,189930,-1,243914,266897,72887,276544,-1,-1,80600,-1,-1,81558,264000,-1,276544,80641,269237,-1,-1,-1,101026,277763,250764,83293,-1,262709,232007,-1,73864,259686,-1,247027,260933,73566,-1,-1,80603,-1,73864,-1,72889,80603,-1,-1
-1,234735,278926,-1,-1,215455,-1,-1,225555,-1,-1,228382,79131,-1,-1,-1,262137,211408,-1,-1,251894,-1,224724,263132,-1,225555,251545,258708,225555,-1,-1,224302,-1,-1,276394,232413,-1,225555,257170,201955,-1,-1,-1,101032,80001,79135,206104,-1,269402,215455,-1,215455,-1,-1,241094,166963,-1,-1,-1,215455,-1,215455,-1,72731,215455,-1,-1
-1,235460,237239,-1,-1,224885,-1,75883,231526,-1,-1,266731,73312,-1,-1,-1,259675,215531,-1,-1,253491,-1,73437,244709,-1,224885,251842,212269,224885,-1,-1,80000,-1,-1,251260,245355,-1,224885,215195,224885,-1,-1,-1,101033,268678,228918,258685,-1,258777,224885,-1,224885,275258,-1,251800,278024,78968,-1,-1,224885,-1,224885,-1,75904,230624,-1,-1
-1,242179,234983,-1,-1,234983,-1,-1,277217,-1,-1,277626,78133,-1,-1,-1,224718,258040,-1,-1,275691,-1,276547,275690,-1,234983,248060,263021,234983,-1,-1,245710,-1,-1,-1,277568,-1,212045,70241,212045,-1,-1,-1,101037,277293,-1,250807,-1,241708,212045,-1,234983,-1,-1,73936,259149,-1,-1,-1,215323,-1,234983,-1,80458,215323,-1,-1
-1,252789,244374,-1,-1,194794,-1,81754,258308,-1,-1,244373,80381,-1,-1,-1,74069,243256,-1,-1,194794,-1,274724,73094,-1,244374,277439,245132,244374,-1,-1,237109,-1,-1,271546,277442,-1,244374,274726,266755,-1,-1,-1,101047,71066,278569,271704,-1,71330,194794,-1,194794,81968,-1,271542,274730,82483,-1,-1,194794,-1,194794,-1,271544,74978,-1,-1
-1,265628,277448,-1,-1,255074,-1,271549,268411,-1,-1,70845,83057,-1,-1,-1,230559,274732,-1,-1,255074,-1,77883,215703,-1,255074,277194,248698,255074,80917,-1,278075,-1,-1,74097,72919,-1,255074,263804,277193,-1,-1,-1,101059,80916,271548,246728,-1,229528,229528,-1,255074,71331,-1,77760,72917,70862,-1,-1,255074,-1,255074,80882,242021,255472,-1,75802
-1,182494,261082,-1,-1,242426,-1,70698,258090,-1,275292,261015,228179,-1,-1,-1,75343,74813,-1,-1,232244,-1,242426,75073,-1,232244,143121,269934,261015,81629,-1,199669,-1,-1,199667,267602,-1,242426,256287,248053,-1,-1,-1,101083,245437,75213,215353,-1,248137,232244,-1,242426,261885,69969,253287,276829,71491,-1,-1,215334,276826,242426,71492,251132,215334,-1,75348
-1,237576,205633,-1,-1,205633,-1,-1,74781,-1,-1,76064,261171,-1,-1,-1,275438,264578,-1,-1,268732,-1,261441,274145,-1,233777,74814,262150,205633,-1,-1,261177,-1,-1,76917,221219,-1,233777,273081,233777,-1,-1,-1,101084,273092,263474,257676,-1,253278,237576,-1,233777,271832,-1,70699,70137,78324,-1,-1,240811,-1,205633,-1,215998,240811,-1,-1
-1,232645,253242,-1,-1,255878,-1,276819,255878,-1,71320,253952,79248,-1,-1,-1,203864,246033,-1,-1,261691,-1,273711,236507,-1,255878,248872,274266,255878,246336,-1,201862,-1,-1,235926,238518,-1,236668,74393,236668,-1,-1,-1,101085,274122,271749,76705,-1,252036,246033,-1,236668,256668,247393,220156,235925,272602,-1,238093,253242,70710,255878,275343,260233,230975,-1,81532
-1,259273,188988,-1,-1,279841,-1,80123,74857,-1,262148,279841,213597,-1,-1,-1,74856,235008,-1,-1,233029,-1,214971,256524,-1,279841,244884,221551,279841,267627,-1,261769,-1,-1,230964,74853,-1,279841,79246,221053,-1,-1,-1,101088,260971,79234,214302,-1,211263,259273,-1,279841,74854,-1,80127,229541,279834,-1,-1,227528,278841,279841,253292,255217,227528,-1,273705
-1,227560,228738,-1,-1,214366,-1,-1,76339,-1,-1,214366,-1,-1,-1,-1,273938,76524,-1,-1,278785,-1,76911,79757,-1,214366,248281,219787,214366,-1,-1,278782,-1,-1,-1,237885,-1,214366,-1,239681,-1,-1,-1,101099,-1,-1,78920,-1,214196,214366,-1,214366,-1,-1,-1,279279,-1,-1,-1,214366,-1,214366,-1,-1,75612,-1,-1
-1,176550,192342,-1,-1,192342,-1,78000,237242,-1,-1,279786,279011,-1,-1,-1,225811,214047,-1,-1,242267,-1,234955,248133,-1,192342,251841,74044,192342,-1,-1,274245,-1,-1,76934,271632,-1,192342,236633,215071,-1,-1,-1,101100,81233,80018,221714,-1,214169,176550,-1,192342,78589,-1,242112,255605,76933,-1,-1,192342,-1,192342,83086,77502,214354,-1,-1
-1,231664,246396,-1,-1,221306,-1,-1,259588,-1,-1,221306,246170,-1,-1,-1,77141,252333,-1,-1,233404,-1,74002,79616,-1,221306,225356,75611,221306,-1,-1,77122,-1,-1,77136,242456,-1,221306,219595,79615,-1,-1,-1,101106,77827,-1,75959,-1,240352,187075,-1,221306,-1,-1,77134,256467,-1,-1,-1,187075,-1,221306,-1,80657,187075,-1,-1
-1,254601,209523,-1,-1,209523,-1,-1,279548,-1,-1,275595,-1,-1,-1,-1,160087,80112,-1,-1,216385,-1,253250,77153,-1,209523,160211,265556,209523,-1,-1,81473,-1,-1,-1,80117,-1,209523,-1,159919,-1,-1,-1,101108,-1,-1,253556,-1,160178,216385,-1,209523,-1,-1,-1,78105,-1,-1,-1,209523,-1,209523,-1,-1,267784,-1,-1
-1,159908,160113,-1,-1,160113,-1,-1,279395,-1,-1,279393,-1,-1,-1,-1,160159,279385,-1,-1,279389,-1,159998,274163,-1,160113,279373,279392,160113,-1,-1,273736,-1,-1,-1,279388,-1,160113,-1,279397,-1,-1,-1,101110,-1,-1,279400,-1,160054,159908,-1,160113,-1,-1,-1,274155,-1,-1,-1,279410,-1,160113,-1,-1,279410,-1,-1
-1,244656,189596,-1,-1,255205,-1,-1,253296,-1,-1,241002,240233,-1,-1,-1,261453,222429,-1,-1,255205,-1,220028,245867,-1,255205,259543,255827,255205,-1,-1,259280,-1,-1,278889,275054,-1,255205,75232,77035,-1,-1,-1,101112,229433,77968,208919,-1,242596,255827,-1,255205,274574,-1,214948,258351,-1,-1,-1,243456,-1,255205,-1,79903,243456,-1,-1
-1,258498,202556,-1,-1,202556,-1,-1,233096,-1,-1,240638,235243,-1,-1,-1,236920,228702,-1,-1,246104,-1,253149,208920,-1,202556,235149,251805,202556,-1,-1,258908,-1,-1,241187,271121,-1,202556,231447,264453,-1,-1,-1,105035,251806,262221,245367,-1,203376,203376,-1,202556,263798,-1,223689,211738,-1,-1,-1,202556,-1,202556,-1,239380,242516,-1,-1
-1,192448,213565,-1,-1,244369,-1,205070,260815,-1,-1,244369,81636,-1,-1,-1,276528,177413,-1,-1,246928,-1,246785,272718,-1,244369,235997,76624,244369,194730,-1,254310,-1,-1,81378,279026,-1,244369,239250,217036,-1,-1,-1,110062,241671,81380,186537,-1,190815,260815,-1,213565,279874,-1,201505,205186,255125,-1,-1,271541,-1,213565,221363,82667,271541,-1,76012
-1,80574,221014,-1,-1,261993,-1,80625,258041,-1,278126,275248,73389,-1,-1,-1,74548,71972,-1,-1,264347,-1,261993,244919,-1,261993,276976,277519,261993,71388,-1,73974,-1,-1,79463,80704,-1,264347,73394,74785,-1,-1,-1,110069,73390,277826,278590,-1,214639,214639,-1,78720,79480,-1,72561,79528,74557,-1,-1,221014,-1,261993,275333,256058,78720,-1,76501
-1,257374,224538,-1,-1,270957,-1,-1,276142,-1,-1,278815,277371,-1,-1,-1,248117,79254,-1,-1,70298,-1,270957,79066,-1,270957,70268,252574,270957,-1,-1,272613,-1,-1,72752,70745,-1,270957,257816,238895,-1,-1,-1,110072,277977,79652,251779,-1,248110,70298,-1,270957,79650,-1,246674,251034,78742,-1,-1,244046,-1,270957,-1,79653,244046,-1,-1
-1,222221,257765,-1,-1,267993,-1,263492,268128,-1,-1,265431,235345,-1,-1,-1,80089,266792,-1,-1,248112,-1,267993,79147,-1,248112,219768,247963,267993,-1,-1,73300,-1,-1,244984,239453,-1,265431,238273,239116,-1,-1,-1,110075,277661,278964,272545,-1,239118,247963,-1,265431,73393,-1,245707,79826,271989,-1,-1,247963,-1,267993,75327,275016,276744,-1,-1
-1,73297,73404,-1,-1,220177,-1,237883,224115,-1,73462,70958,255247,-1,-1,-1,243773,240812,-1,-1,279210,-1,271172,248539,-1,70958,237989,204211,70958,273674,-1,73464,-1,-1,81422,262268,-1,70958,235315,231916,-1,-1,-1,110078,269418,247985,223355,-1,244252,70958,-1,220177,70831,-1,262465,70959,277148,-1,-1,220177,-1,220177,238474,76119,220177,-1,220087
-1,229091,268630,-1,-1,264298,-1,-1,266400,-1,-1,73895,270637,-1,-1,-1,204412,243520,-1,-1,276695,-1,243640,278557,-1,264298,278101,213697,276695,-1,-1,276070,-1,-1,243908,75768,-1,276695,233865,264298,-1,-1,-1,110081,241075,251001,220039,-1,239540,266400,-1,264298,273839,-1,246846,235027,-1,-1,-1,268630,-1,264298,-1,265468,205255,-1,-1
-1,215069,222373,-1,-1,255925,-1,70437,228415,-1,-1,272939,214659,-1,-1,-1,236803,253246,-1,-1,215057,-1,255925,272753,-1,222373,226797,260561,222373,-1,-1,70440,-1,-1,278474,255256,-1,222373,219536,262566,-1,-1,-1,110093,232708,77016,279777,-1,273012,215069,-1,222373,74818,-1,214968,242073,81743,-1,-1,226286,-1,255925,263756,73252,226286,-1,253223
-1,224491,276365,-1,-1,252263,-1,231555,72301,-1,79218,224430,251224,-1,-1,-1,276534,219449,-1,-1,243801,-1,246416,243514,-1,276365,257236,239181,276365,71636,-1,247409,-1,-1,81711,262933,-1,252263,270044,252263,-1,-1,-1,110176,271046,269994,238694,-1,244859,243801,-1,243801,81616,276190,264214,278252,272659,-1,-1,246416,81712,243801,241969,270073,244014,-1,243749
-1,216110,239627,-1,-1,235471,-1,276681,239768,-1,-1,233470,252223,-1,-1,-1,73311,252382,-1,-1,275233,-1,194769,244167,-1,235471,252509,244160,235471,-1,-1,72598,-1,-1,252209,70928,-1,235471,255699,236459,-1,-1,-1,110206,258691,215581,222329,-1,227738,244160,-1,235471,257664,-1,255105,257669,72593,-1,-1,244160,-1,235471,72601,240499,235471,-1,72590
-1,268839,189808,-1,-1,77295,-1,80060,213686,-1,-1,80058,263811,-1,-1,-1,187782,238410,-1,-1,77295,-1,216790,276980,-1,77295,274405,77046,77295,-1,-1,275300,-1,-1,241438,73752,-1,77295,73754,274404,-1,-1,-1,110313,268441,258592,238191,-1,223852,223852,-1,77295,78115,-1,256864,222612,71272,-1,-1,189808,-1,77295,73753,79203,167512,-1,74656
-1,271236,270886,-1,-1,225855,-1,-1,70473,-1,-1,74445,256789,-1,-1,-1,74734,79624,-1,-1,252011,-1,225855,75421,-1,225855,244736,223138,225855,-1,-1,70014,-1,-1,77292,243867,-1,225855,278116,74442,-1,-1,-1,110321,278279,-1,278283,-1,234814,234814,-1,225855,-1,-1,76758,222820,-1,-1,-1,225855,-1,225855,-1,73967,278996,-1,-1
-1,262956,269264,-1,-1,276610,-1,252317,257886,-1,-1,260464,254482,-1,-1,-1,76228,242214,-1,-1,276610,-1,211378,240648,-1,222369,261766,230855,233061,-1,-1,222542,-1,-1,276964,211362,-1,276610,258626,226506,-1,-1,-1,110329,259766,76058,242946,-1,222369,211378,-1,222369,75476,-1,237884,251433,77620,-1,-1,222369,-1,222369,80734,83000,233061,-1,73119
-1,193080,236610,-1,-1,260823,-1,235866,234112,-1,-1,225439,219584,-1,-1,-1,271019,260823,-1,-1,258976,-1,276682,266596,-1,260823,253162,238370,238004,-1,-1,72180,-1,-1,242418,223697,-1,238004,257785,240777,-1,-1,-1,110374,74926,237499,248385,-1,278340,240777,-1,260823,232080,-1,246791,236758,80508,-1,-1,236610,-1,260823,-1,80505,238004,-1,-1
-1,222418,235467,-1,-1,235467,-1,72465,255197,-1,-1,190972,256407,-1,-1,-1,278454,236472,-1,-1,255873,-1,219174,74824,-1,235467,260562,214766,235467,-1,-1,268431,-1,-1,214226,237122,-1,235467,224510,261262,-1,-1,-1,110395,238320,220624,272911,-1,253238,214766,-1,235467,268748,-1,264323,253012,267853,-1,-1,235467,-1,235467,74826,70430,273080,-1,-1
-1,254714,70198,-1,-1,259570,-1,273538,255607,-1,242451,247037,278737,-1,-1,-1,274200,255879,-1,-1,76070,-1,259570,275429,-1,259570,198628,223064,259570,77726,-1,80108,-1,-1,71457,253294,-1,259570,83358,267900,-1,-1,-1,110396,77578,258288,259977,-1,228730,247037,-1,259570,267483,241273,70669,223249,75189,-1,-1,227394,254228,259570,271767,74911,227394,-1,80110
-1,262865,79782,-1,-1,259883,-1,-1,71959,-1,-1,75347,70687,-1,-1,-1,74792,254951,-1,-1,278470,-1,69963,227740,-1,219167,267607,219167,219167,-1,-1,78015,-1,-1,-1,75709,-1,219167,70443,76995,-1,-1,-1,110404,-1,-1,261160,-1,273767,76995,-1,259883,-1,-1,70943,261779,-1,-1,-1,79782,-1,259883,-1,70194,259883,-1,-1
-1,72937,198331,-1,-1,79948,-1,72938,277025,-1,-1,257306,277553,-1,-1,-1,72612,244796,-1,-1,71259,-1,79948,74419,-1,79948,205365,259188,79948,-1,-1,76603,-1,-1,81786,82908,-1,79948,199244,76602,-1,-1,-1,110468,82906,83201,72936,-1,79991,198331,-1,79948,72707,-1,74627,263283,244791,-1,-1,198331,-1,79948,-1,80073,74753,-1,-1
-1,241859,252846,-1,-1,73008,-1,-1,251405,-1,-1,250991,241085,-1,-1,-1,261446,248576,-1,-1,73008,-1,269604,216260,-1,73008,271160,276327,73008,-1,-1,270461,-1,-1,269875,276288,-1,73008,263077,263153,-1,-1,-1,110500,251451,80339,252592,-1,251281,251281,-1,73008,262242,-1,73007,233425,-1,-1,-1,252846,-1,73008,-1,76500,264409,-1,-1
-1,263272,244076,-1,-1,240329,-1,-1,268430,-1,-1,252016,79327,-1,-1,-1,79331,269863,-1,-1,270008,-1,240329,257183,-1,240329,266392,279530,240329,-1,-1,252902,-1,-1,277746,270515,-1,240329,243971,229175,-1,-1,-1,110501,72959,79329,255540,-1,257081,229175,-1,240329,72961,-1,274993,274489,-1,-1,-1,240329,-1,240329,-1,258003,263748,-1,-1
-1,209987,228859,-1,-1,245287,-1,-1,245287,-1,-1,238068,205402,-1,-1,-1,235022,251373,-1,-1,79746,-1,240156,208470,-1,251287,262604,241590,251287,-1,-1,225692,-1,-1,237642,243628,-1,245287,265797,251287,-1,-1,-1,110502,276325,80162,254267,-1,265465,209987,-1,251287,77414,-1,253475,223925,80161,-1,-1,228859,-1,251287,-1,262776,242965,-1,-1
-1,233725,206408,-1,-1,229354,-1,211746,229487,-1,-1,229354,269317,-1,-1,-1,243345,80012,-1,-1,73169,-1,274987,275279,-1,229354,234924,231379,229354,-1,-1,243738,-1,-1,82192,73170,-1,229354,76085,244188,-1,-1,-1,110532,79391,79392,234317,-1,262926,229487,-1,229354,277842,-1,279203,263674,81954,-1,-1,229354,-1,229354,-1,239494,212248,-1,-1
-1,201299,256899,-1,-1,231969,-1,74930,260653,-1,-1,231969,232229,-1,-1,-1,264436,242633,-1,-1,236295,-1,222475,276485,-1,231969,269312,276477,236295,-1,-1,238516,-1,-1,71553,206159,-1,231969,240938,244349,-1,-1,-1,110556,225432,255934,239795,-1,271882,244349,-1,231969,215798,-1,74485,202886,256949,-1,-1,231969,-1,231969,77830,81467,263829,-1,-1
226798,216033,183898,-1,-1,183898,-1,74836,242482,-1,261535,75308,71655,-1,-1,-1,246335,256441,-1,-1,254695,-1,238230,275336,-1,183898,233924,248207,183898,70711,-1,234458,-1,-1,75191,231507,-1,183898,255352,263518,-1,-1,-1,110580,260138,271026,238332,-1,222428,216033,-1,238230,271471,70712,77372,219522,265444,-1,247467,183898,270207,183898,75793,78078,269176,-1,74838
72769,228607,243949,-1,-1,233520,-1,252078,229267,-1,277281,264215,265580,-1,-1,-1,276027,270901,-1,-1,237155,-1,76033,72974,-1,233520,246959,228757,233520,78131,-1,251519,-1,-1,237453,264649,-1,233520,260405,250947,-1,-1,-1,110588,252014,269314,243537,-1,239928,228607,-1,233520,243881,73680,246151,264208,264079,-1,211736,233520,82828,233520,82838,270900,233520,-1,238974
-1,251292,239696,-1,-1,272982,-1,73030,192567,-1,-1,272982,256753,-1,-1,-1,252903,278834,-1,-1,276632,-1,231353,266011,-1,272982,252567,263649,272982,-1,-1,238593,-1,-1,212244,77882,-1,272982,260383,262665,-1,-1,-1,110636,259627,224186,240317,-1,256459,251292,-1,272982,269997,-1,259559,262298,74414,-1,-1,272982,-1,272982,264529,278177,233139,-1,-1
-1,258085,259643,-1,-1,263135,-1,-1,264380,-1,-1,230047,71629,-1,-1,-1,276429,276783,-1,-1,269133,-1,263135,70092,-1,263135,276271,241995,263135,-1,-1,260187,-1,-1,76292,76979,-1,263135,272832,216183,-1,-1,-1,110645,79815,243736,79321,-1,238963,238963,-1,263135,76402,-1,79322,262939,-1,-1,-1,242183,-1,263135,-1,73090,242183,-1,-1
-1,79024,79082,-1,-1,248174,-1,262764,240056,-1,274098,276430,256297,-1,-1,-1,262959,243212,-1,-1,225654,-1,248174,263581,-1,248174,79080,244028,248174,81241,-1,73172,-1,-1,79026,244081,-1,248174,79083,188989,-1,-1,-1,110678,80379,79025,79078,-1,244079,225654,-1,248174,244524,-1,262768,277290,79081,-1,-1,244079,-1,248174,262772,73367,277615,-1,244324
-1,78435,263614,-1,-1,76062,-1,-1,78440,-1,-1,279489,76921,-1,-1,-1,79370,78446,-1,-1,79101,-1,76062,82451,-1,76062,79368,272896,76062,-1,-1,79366,-1,-1,-1,74465,-1,76062,79100,276292,-1,-1,-1,110685,-1,-1,79365,-1,78445,78445,-1,76062,-1,-1,83256,76777,-1,-1,-1,76062,-1,76062,-1,-1,79102,-1,-1
-1,72522,240891,-1,-1,279623,-1,73570,73584,-1,-1,79288,79291,-1,-1,-1,263404,79287,-1,-1,279623,-1,75951,81634,-1,279623,274865,72553,279623,-1,-1,245719,-1,-1,269951,72554,-1,279623,278751,269793,-1,-1,-1,110697,79289,72529,262029,-1,234416,234416,-1,279623,73183,-1,270400,79285,72525,-1,-1,279623,-1,279623,-1,70465,275274,-1,-1
-1,278045,80668,-1,-1,75936,-1,81670,279926,-1,-1,80720,70264,-1,-1,-1,80113,79186,-1,-1,79187,-1,80669,79188,-1,75936,77527,265521,75936,83406,-1,79971,-1,-1,80712,79661,-1,75936,277227,80667,-1,-1,-1,110711,74088,80719,79189,-1,77528,265521,-1,75936,80717,-1,78014,271920,81430,-1,-1,75936,-1,75936,82675,79190,75936,-1,81671
-1,278965,226958,-1,-1,275634,-1,247041,276122,-1,-1,221956,79924,-1,-1,-1,239709,275634,-1,-1,262383,-1,275639,261180,-1,224271,258973,273931,224271,-1,-1,265425,-1,-1,275631,224267,-1,224271,263130,262839,-1,-1,-1,110720,244811,79926,70585,-1,233435,233435,-1,275634,271605,-1,251412,76472,256861,-1,-1,226958,-1,275634,263313,71283,224271,-1,-1
-1,76567,239418,-1,-1,227689,-1,76568,269089,-1,-1,269159,79432,-1,-1,-1,279050,257174,-1,-1,244224,-1,277072,80876,-1,227689,265754,253039,227689,-1,-1,275027,-1,-1,74967,80128,-1,227689,200429,276258,-1,-1,-1,110724,79336,276306,80034,-1,253376,244224,-1,227689,80032,-1,264657,235629,279797,-1,-1,227689,-1,227689,79337,239718,227689,-1,83388
-1,244274,222959,-1,-1,270658,-1,71296,233396,-1,240452,268790,205496,-1,-1,-1,240797,236898,-1,-1,270658,-1,253464,70471,-1,270658,193082,229574,270658,236593,-1,157481,-1,-1,74876,278354,-1,270658,252313,264480,-1,-1,-1,110738,278294,278346,273128,-1,199174,199174,-1,270658,252033,-1,240660,220048,71230,-1,-1,222959,-1,270658,77379,72912,277309,-1,81307
-1,277802,259331,-1,-1,254804,-1,80196,256308,-1,-1,80172,265782,-1,-1,-1,277030,279876,-1,-1,254804,-1,276905,279529,-1,254804,252927,208942,254804,-1,-1,276001,-1,-1,266583,80183,-1,254804,270507,268758,-1,-1,-1,110740,245784,73334,223157,-1,245779,208942,-1,254804,80192,-1,240095,197689,278230,-1,-1,230940,-1,254804,80187,206601,230940,-1,-1
-1,267994,224146,-1,-1,255760,-1,-1,258604,-1,-1,235983,262094,-1,-1,-1,271937,252859,-1,-1,224336,-1,233222,77376,-1,255760,247086,273855,255760,-1,-1,247412,-1,-1,81867,277752,-1,224146,72360,255760,-1,-1,-1,110745,261358,-1,252598,-1,263670,224336,-1,224146,-1,-1,74340,278112,-1,-1,-1,239267,-1,255760,-1,243220,239267,-1,-1
-1,236330,274444,-1,-1,177922,-1,-1,213933,-1,-1,270885,80871,-1,-1,-1,252506,194149,-1,-1,254541,-1,177922,260302,-1,177922,252580,269411,177922,-1,-1,270764,-1,-1,279626,266437,-1,177922,218746,239106,-1,-1,-1,110746,252736,73310,213209,-1,274213,177922,-1,177922,74381,-1,253407,210422,-1,-1,-1,177922,-1,177922,-1,204884,212398,-1,-1
-1,222908,255562,-1,-1,254333,-1,-1,235005,-1,-1,261298,268464,-1,-1,-1,270999,192955,-1,-1,274369,-1,254333,262825,-1,254333,248147,269506,254333,-1,-1,255891,-1,-1,78374,261675,-1,254333,72976,270382,-1,-1,-1,110747,83398,72094,230690,-1,245722,235005,-1,254333,-1,-1,277457,232131,-1,-1,-1,254333,-1,254333,-1,190547,248201,-1,-1
-1,190698,256578,-1,-1,256578,-1,-1,77296,-1,-1,270542,194333,-1,-1,-1,75101,73903,-1,-1,79136,-1,198046,201172,-1,256578,73490,257649,79136,-1,-1,251764,-1,-1,232181,277034,-1,256578,257165,275952,-1,-1,-1,110749,262691,265631,235101,-1,214884,198046,-1,256578,73483,-1,262699,219967,76006,-1,-1,260941,-1,256578,-1,75097,260941,-1,-1
-1,269406,275225,-1,-1,275225,-1,83123,79343,-1,-1,244143,73396,-1,-1,-1,239980,271308,-1,-1,269424,-1,266734,257812,-1,275225,228715,254265,275225,-1,-1,258740,-1,-1,75786,242500,-1,275225,277019,79123,-1,-1,-1,110750,77113,277717,237666,-1,72620,244143,-1,244143,72694,-1,74641,248104,75627,-1,-1,244143,-1,275225,258373,75027,72404,-1,76763
-1,226656,248057,-1,-1,212048,-1,242562,229657,-1,271182,260914,262717,-1,-1,-1,248111,72695,-1,-1,231919,-1,275739,247950,-1,212048,212226,248021,275739,83249,-1,277806,-1,-1,81262,277976,-1,275739,276259,212048,-1,-1,-1,110751,277590,233512,251977,-1,215376,212048,-1,212048,276710,-1,243924,76202,73959,-1,-1,248057,81590,212048,235380,276692,75209,-1,260994
-1,239271,213702,-1,-1,275901,-1,263207,277618,-1,-1,275901,275227,-1,-1,-1,251770,274734,-1,-1,244474,-1,244154,258364,-1,275901,70265,248002,275901,-1,-1,73405,-1,-1,274458,275374,-1,275901,248010,251635,-1,-1,-1,110752,73459,268452,247680,-1,232760,251635,-1,275901,262470,-1,276132,250950,80561,-1,-1,244154,-1,275901,242358,79168,251235,-1,73460
-1,243573,264423,-1,-1,234687,-1,73609,199890,-1,-1,246729,78852,-1,-1,-1,243898,264033,-1,-1,234687,-1,211903,270894,-1,246729,270328,263740,234687,-1,-1,272875,-1,-1,79835,244497,-1,246729,266623,244131,-1,-1,-1,110770,256698,70427,79663,-1,243860,234687,-1,246729,80592,-1,79214,216779,75777,-1,-1,234687,-1,246729,79161,77424,79212,-1,83193
-1,250897,211061,-1,-1,211061,-1,-1,212546,-1,-1,256047,238660,-1,-1,-1,246562,264364,-1,-1,233465,-1,252508,264272,-1,211061,245770,252753,211061,-1,-1,242919,-1,-1,83174,251168,-1,211061,277373,235088,-1,-1,-1,110776,78962,83178,224540,-1,209289,211061,-1,211061,78867,-1,226677,254297,-1,-1,-1,211061,-1,211061,-1,243602,241821,-1,-1
-1,220383,275985,-1,-1,232770,-1,73213,238305,-1,279141,245870,243834,-1,-1,-1,234711,232770,-1,-1,253114,-1,262300,225508,-1,232770,146562,219848,232770,279758,-1,219180,-1,-1,275205,229894,-1,232770,256097,73502,-1,-1,-1,110827,266608,236246,269643,-1,251616,219848,-1,275985,78072,-1,212501,251136,277421,-1,-1,253385,-1,232770,78864,255786,253385,-1,73215
-1,240311,275415,-1,-1,250881,-1,75269,271439,-1,-1,250881,80707,-1,-1,-1,76417,229788,-1,-1,272904,-1,247458,231530,-1,250881,262744,267717,250881,-1,-1,261153,-1,-1,268331,74604,-1,250881,83386,77530,-1,-1,-1,110832,206545,80706,70333,-1,264736,229788,-1,272904,76418,-1,70301,277642,80708,-1,-1,275415,-1,272904,205551,275622,72293,-1,81800
-1,194934,266026,-1,-1,190199,-1,71910,276083,-1,-1,190199,75518,-1,-1,-1,246617,238882,-1,-1,247089,-1,250992,231125,-1,190199,273581,200519,190199,-1,-1,278630,-1,-1,256604,74591,-1,190199,264828,276956,-1,-1,-1,110839,193844,76768,273522,-1,276866,200519,-1,190199,79769,-1,277425,228456,278982,-1,-1,190199,-1,190199,80661,262081,194879,-1,245331
-1,230653,262831,-1,-1,250791,-1,252587,243276,-1,83046,219259,263931,-1,-1,-1,245649,246243,-1,-1,276860,-1,250791,241037,-1,250791,262363,258776,243276,273540,-1,246080,-1,-1,243393,231481,-1,250791,229398,253386,-1,-1,-1,110890,236611,244126,207513,-1,213667,213667,-1,250791,251311,231615,74922,271977,256474,-1,81485,262831,251590,250791,269931,193185,79388,-1,82931
-1,205530,275912,-1,-1,228882,-1,-1,258564,-1,-1,278326,277117,-1,-1,-1,279473,228882,-1,-1,277870,-1,192071,216799,-1,228882,271013,236889,228882,-1,-1,248171,-1,-1,237613,80156,-1,228882,240798,225381,-1,-1,-1,110908,80157,70825,233265,-1,193333,209613,-1,228882,74094,-1,251953,80823,213814,-1,-1,209613,-1,228882,-1,80821,209613,-1,-1
-1,271146,79012,-1,-1,79015,-1,219586,79017,-1,-1,79014,279562,-1,-1,-1,230912,79016,-1,-1,79015,-1,220493,251927,-1,79014,205407,244190,79015,-1,-1,76171,-1,-1,257636,224996,-1,220493,79919,197926,-1,-1,-1,110912,81255,75819,222153,-1,204042,79012,-1,79015,80836,-1,224933,78934,72030,-1,-1,79012,-1,79015,274682,79020,143076,-1,79011
-1,239742,71232,-1,-1,74406,-1,-1,264683,-1,-1,72849,81580,-1,-1,-1,225189,235163,-1,-1,257713,-1,74406,206551,-1,74406,202489,72845,264683,-1,-1,221448,-1,-1,81852,268936,-1,74406,80200,234143,-1,-1,-1,110915,80645,-1,76153,-1,268754,72845,-1,74406,-1,-1,240788,72844,-1,-1,-1,72852,-1,74406,-1,278976,72852,-1,-1
-1,240796,70441,-1,-1,70441,-1,243804,251339,-1,-1,241927,236432,-1,-1,-1,78016,242342,-1,-1,70136,-1,273700,237993,-1,70441,266343,276104,70441,-1,-1,247776,-1,-1,239936,241696,-1,70441,243521,228959,-1,-1,-1,110953,70897,241931,274196,-1,231479,228959,-1,70441,226616,-1,77021,276102,198347,-1,-1,70441,-1,70441,83353,77368,275257,-1,-1
-1,241317,71430,-1,-1,241418,-1,71440,238857,-1,79990,241418,77927,-1,-1,-1,251110,217153,-1,-1,202808,-1,210377,245042,-1,241418,240805,245040,241418,77931,-1,228076,-1,-1,263563,245024,-1,241418,71437,73718,-1,-1,-1,110955,277017,211382,222350,-1,245041,217153,-1,241418,71431,-1,182411,248735,275659,-1,-1,70810,-1,241418,277768,77930,70810,-1,77932
-1,196885,215292,-1,-1,274259,-1,-1,77522,-1,-1,253574,81510,-1,-1,-1,77656,274259,-1,-1,241131,-1,232709,231301,-1,274259,274254,176920,274259,-1,-1,255798,-1,-1,75801,279686,-1,274259,277790,238375,-1,-1,-1,110968,75730,78847,207454,-1,226447,241131,-1,274259,-1,-1,75799,259930,-1,-1,-1,215292,-1,274259,-1,259271,71646,-1,-1
-1,256529,232670,-1,-1,193532,-1,216532,214701,-1,-1,255637,275045,-1,-1,-1,219605,228744,-1,-1,193532,-1,243386,224057,-1,228744,215155,255416,209744,-1,-1,277210,-1,-1,77975,80315,-1,209744,275044,209744,-1,-1,-1,110975,82162,275073,275043,-1,225396,232670,-1,193532,271342,-1,78188,214440,226556,-1,-1,232670,-1,193532,261157,81516,258227,-1,241022
-1,230167,160110,-1,-1,159930,-1,-1,159930,-1,-1,274629,-1,-1,-1,-1,160177,159970,-1,-1,160183,-1,236171,160107,-1,159930,160090,233996,236171,-1,-1,160202,-1,-1,-1,160061,-1,236171,-1,160047,-1,-1,-1,110977,-1,-1,159993,-1,160075,230167,-1,159930,-1,-1,-1,159964,-1,-1,-1,274629,-1,159930,-1,-1,230428,-1,-1
-1,229444,223593,-1,-1,219553,-1,-1,264314,-1,-1,181872,-1,-1,-1,-1,279063,240252,-1,-1,235824,-1,71013,214294,-1,219553,78311,257003,71013,-1,-1,265636,-1,-1,-1,274083,-1,71013,-1,246840,-1,-1,-1,110980,-1,-1,214874,-1,80353,181872,-1,219553,-1,-1,-1,80664,-1,-1,-1,219553,-1,219553,-1,-1,219553,-1,-1
-1,231596,75311,-1,-1,255684,-1,-1,254238,-1,-1,272990,-1,-1,-1,-1,251715,254234,-1,-1,255684,-1,233424,71242,-1,233424,253537,71243,272990,-1,-1,159951,-1,-1,-1,259908,-1,233424,-1,254172,-1,-1,-1,110981,-1,-1,251693,-1,254028,231596,-1,255684,-1,-1,-1,261407,-1,-1,-1,233424,-1,255684,-1,-1,175254,-1,-1
-1,199103,240944,-1,-1,215036,-1,-1,272974,-1,-1,215036,253349,-1,-1,-1,254206,259834,-1,-1,231550,-1,253322,74515,-1,253322,81470,265610,253322,-1,-1,270573,-1,-1,-1,274719,-1,259834,78354,254062,-1,-1,-1,110986,-1,-1,253332,-1,254173,231550,-1,215036,-1,-1,79307,274717,-1,-1,-1,240944,-1,215036,-1,259904,242492,-1,-1
-1,269251,70754,-1,-1,226395,-1,-1,71850,-1,-1,71671,-1,-1,-1,-1,81446,78175,-1,-1,70756,-1,226395,81447,-1,226395,78199,259847,226395,-1,-1,159937,-1,-1,-1,78174,-1,226395,-1,265680,-1,-1,-1,110989,-1,-1,72899,-1,246015,269251,-1,226395,-1,-1,-1,77974,-1,-1,-1,259847,-1,226395,-1,-1,78176,-1,-1
-1,265675,261648,-1,-1,267888,-1,-1,192765,-1,-1,267888,75411,-1,-1,-1,273584,246609,-1,-1,262752,-1,264770,253911,-1,261648,259979,71848,264770,-1,-1,215127,-1,-1,-1,75410,-1,264770,255222,182896,-1,-1,-1,110990,-1,-1,259861,-1,215011,192765,-1,261648,-1,-1,276828,252123,-1,-1,-1,261648,-1,261648,-1,-1,214673,-1,-1
-1,236608,264547,-1,-1,272699,-1,-1,279805,-1,-1,272699,-1,-1,-1,-1,78121,272329,-1,-1,78086,-1,272328,254672,-1,272699,274522,254826,272328,-1,-1,257068,-1,-1,-1,274525,-1,272328,-1,78085,-1,-1,-1,110991,-1,-1,253579,-1,78087,236608,-1,272699,-1,-1,-1,260299,-1,-1,-1,264547,-1,272699,-1,-1,70626,-1,-1
-1,228231,201335,-1,-1,232699,-1,-1,77795,-1,-1,254754,261000,-1,-1,-1,77796,255949,-1,-1,232699,-1,267628,75400,-1,232699,254739,256162,232699,-1,-1,71108,-1,-1,-1,79423,-1,232699,77794,259511,-1,-1,-1,111006,-1,-1,77792,-1,76691,256162,-1,232699,-1,-1,79422,71772,-1,-1,-1,232066,-1,232699,-1,-1,232066,-1,-1
-1,256156,274378,-1,-1,248869,-1,-1,244946,-1,-1,253240,255169,-1,-1,-1,256149,248868,-1,-1,259410,-1,248869,270842,-1,248869,255436,227550,248869,-1,-1,246914,-1,-1,75224,81717,-1,248869,81831,253239,-1,-1,-1,111008,72247,78539,268527,-1,254703,227550,-1,248869,75874,-1,79421,261703,74143,-1,-1,204699,-1,248869,-1,252962,204699,-1,-1
-1,236241,236259,-1,-1,225706,-1,-1,259802,-1,-1,253549,77604,-1,-1,-1,240211,274011,-1,-1,233529,-1,244464,254373,-1,225706,236264,187132,233529,-1,-1,253586,-1,-1,81453,77603,-1,225706,263825,225706,-1,-1,-1,111010,276124,-1,260643,-1,259657,187132,-1,233529,-1,-1,79230,270939,-1,-1,-1,225706,-1,233529,-1,81452,150525,-1,-1
-1,236237,241499,-1,-1,254347,-1,-1,212208,-1,-1,214836,-1,-1,-1,-1,77262,77261,-1,-1,254347,-1,234180,160172,-1,254347,278757,220073,234180,-1,-1,275249,-1,-1,-1,279074,-1,234180,-1,254446,-1,-1,-1,111011,-1,-1,259779,-1,239750,239750,-1,254347,-1,-1,-1,276040,-1,-1,-1,241499,-1,254347,-1,-1,259781,-1,-1
-1,265786,196848,-1,-1,214772,-1,-1,231930,-1,-1,253619,-1,-1,-1,-1,275462,71169,-1,-1,204542,-1,243731,259833,-1,231930,228271,77148,214772,-1,-1,279329,-1,-1,-1,253629,-1,243731,-1,214772,-1,-1,-1,111013,-1,-1,254220,-1,261377,204542,-1,214772,-1,-1,-1,71475,-1,-1,-1,243731,-1,214772,-1,-1,77146,-1,-1
-1,229397,259251,-1,-1,223637,-1,-1,236260,-1,-1,264796,-1,-1,-1,-1,259941,211274,-1,-1,223637,-1,279076,255098,-1,211274,246013,240138,223637,-1,-1,196688,-1,-1,-1,254204,-1,223637,274503,259612,-1,-1,-1,111014,-1,-1,265627,-1,266554,223637,-1,223637,-1,-1,81451,71875,-1,-1,-1,259251,-1,223637,-1,-1,210951,-1,-1
196432,214933,232765,-1,258104,272350,-1,241568,266844,-1,242250,223105,215086,-1,-1,-1,258456,272350,-1,-1,226671,-1,248231,276708,-1,272350,77724,242569,272350,208054,-1,70679,-1,-1,277621,232646,-1,272350,253135,258137,-1,-1,-1,111019,261614,83422,272839,-1,215178,214933,-1,272350,205972,269623,70680,70681,71078,-1,82130,232765,276817,272350,232832,267573,265478,-1,232826
-1,231258,278743,-1,-1,233959,-1,-1,224511,-1,-1,76717,246332,-1,-1,-1,269740,271919,-1,-1,69957,-1,76718,279776,-1,233959,266161,254361,233959,-1,-1,269832,-1,-1,82139,76905,-1,233959,234464,75117,-1,-1,-1,111020,70203,83349,253249,-1,272490,233959,-1,233959,83350,-1,273843,273986,237818,-1,-1,233959,-1,233959,-1,79389,233959,-1,-1
-1,253271,225289,-1,-1,215270,-1,74797,240640,-1,-1,223501,276135,-1,-1,-1,76999,246770,-1,-1,273768,-1,215270,232437,-1,215270,272734,215051,215270,-1,-1,251149,-1,-1,70688,71681,-1,215270,242972,273764,-1,-1,-1,111022,72382,71546,215259,-1,233780,215270,-1,215270,247367,-1,74772,211262,273765,-1,-1,225289,-1,215270,82314,259690,224854,-1,269915
-1,230169,230433,-1,-1,230486,-1,-1,230367,-1,-1,230272,-1,-1,-1,-1,230368,230249,-1,-1,230255,-1,230486,230415,-1,230433,230443,233984,230340,-1,-1,230343,-1,-1,-1,233978,-1,230340,230357,230340,-1,-1,-1,111052,-1,-1,230520,-1,230227,230227,-1,230486,-1,-1,230458,230164,-1,-1,-1,230292,-1,230486,-1,-1,230292,-1,-1
-1,192397,270517,-1,-1,231390,-1,-1,275645,-1,-1,278875,73878,-1,-1,-1,258813,274970,-1,-1,240448,-1,231390,212722,-1,231390,276066,222557,231390,-1,-1,260842,-1,-1,-1,274537,-1,270517,75058,240501,-1,-1,-1,111065,-1,-1,252487,-1,247309,274970,-1,231390,-1,-1,81423,231861,-1,-1,-1,231390,-1,231390,-1,-1,70934,-1,-1
-1,219705,212249,-1,-1,212249,-1,-1,234704,-1,-1,254820,214893,-1,-1,-1,228875,243516,-1,-1,78535,-1,244731,266654,-1,212249,233835,240997,212249,-1,-1,79237,-1,-1,252459,254294,-1,212249,270591,231600,-1,-1,-1,111082,78528,79836,203575,-1,240278,234704,-1,212249,244478,-1,233214,252505,-1,-1,-1,245528,-1,212249,-1,238461,245528,-1,-1
-1,256953,242509,-1,-1,242509,-1,77166,73763,-1,-1,263509,255008,-1,-1,-1,258250,231923,-1,-1,79253,-1,211243,277289,-1,242509,251489,76966,242509,-1,-1,275951,-1,-1,73621,79008,-1,242509,79618,243690,-1,-1,-1,111083,211245,269427,213613,-1,252913,211243,-1,242509,79830,-1,258709,277330,79831,-1,-1,211243,-1,242509,78009,208306,253735,-1,-1
-1,242514,76839,-1,-1,194059,-1,-1,242906,-1,-1,234883,262575,-1,-1,-1,261110,194059,-1,-1,224062,-1,231267,270381,-1,194059,231848,214882,194059,-1,-1,224188,-1,-1,75998,270715,-1,194059,246787,263036,-1,-1,-1,111086,77526,-1,244213,-1,255158,214882,-1,194059,-1,-1,231601,244498,-1,-1,-1,76839,-1,194059,-1,272735,257161,-1,-1
-1,244551,204078,-1,-1,231460,-1,-1,258713,-1,-1,250932,211622,-1,-1,-1,243205,231460,-1,-1,262681,-1,258722,210401,-1,231460,252038,76315,231460,-1,-1,264681,-1,-1,-1,262504,-1,231460,244186,70170,-1,-1,-1,111088,269970,-1,72658,-1,236508,204078,-1,204078,-1,-1,253225,278972,-1,-1,-1,204078,-1,231460,-1,262685,209323,-1,-1
-1,263851,266110,-1,-1,242350,-1,-1,277885,-1,-1,255361,220482,-1,-1,-1,263244,72586,-1,-1,242350,-1,263778,74352,-1,72586,271543,251760,242350,-1,-1,235100,-1,-1,80628,275610,-1,72586,259896,79514,-1,-1,-1,111091,76967,-1,258771,-1,274729,242350,-1,72586,-1,-1,239779,263763,-1,-1,-1,255361,-1,72586,-1,73574,72589,-1,-1
-1,73285,269489,-1,-1,236363,-1,-1,213449,-1,-1,243921,269340,-1,-1,-1,262400,263303,-1,-1,208088,-1,236363,72616,-1,236363,244511,72981,236363,-1,-1,72617,-1,-1,79561,76409,-1,236363,72613,72618,-1,-1,-1,111097,261088,80175,226877,-1,223931,236363,-1,236363,79832,-1,238736,76408,-1,-1,-1,236363,-1,236363,-1,79197,76863,-1,-1
-1,209981,264432,-1,-1,235212,-1,-1,235212,-1,-1,224158,73449,-1,-1,-1,275048,231410,-1,-1,262745,-1,259480,257504,-1,235212,213761,244749,235212,-1,-1,264348,-1,-1,263603,236401,-1,235212,208295,268728,-1,-1,-1,111111,82236,272781,235410,-1,225410,235212,-1,235212,255125,-1,255223,223573,-1,-1,-1,231410,-1,235212,-1,73192,243586,-1,-1
-1,255368,210602,-1,-1,210602,-1,-1,242506,-1,-1,237721,245502,-1,-1,-1,74436,220075,-1,-1,238043,-1,263824,254685,-1,210602,241938,245751,210602,-1,-1,248836,-1,-1,246688,75111,-1,210602,74699,253440,-1,-1,-1,111114,242223,278206,211173,-1,241197,210602,-1,210602,256331,-1,73855,263867,-1,-1,-1,238545,-1,210602,-1,262272,238545,-1,-1
-1,258390,235717,-1,-1,262620,-1,-1,212213,-1,-1,83228,80186,-1,-1,-1,213705,80190,-1,-1,214977,-1,262620,201887,-1,262620,263486,213938,262620,-1,-1,260638,-1,-1,83227,269192,-1,262620,81248,252572,-1,-1,-1,111117,252281,70240,194138,-1,238941,262620,-1,262620,-1,-1,70987,279879,-1,-1,-1,212213,-1,262620,-1,73565,209782,-1,-1
-1,254962,233092,-1,-1,233092,-1,-1,264516,-1,-1,212424,270887,-1,-1,-1,266751,237223,-1,-1,271053,-1,264137,259568,-1,233092,242815,262142,212424,-1,-1,261196,-1,-1,273548,271106,-1,212424,81404,74063,-1,-1,-1,111138,275431,246020,241026,-1,202170,202170,-1,233092,-1,-1,73854,73211,-1,-1,-1,251229,-1,233092,-1,72555,251229,-1,-1
-1,247494,76908,-1,-1,213092,-1,-1,74623,-1,-1,77609,259288,-1,-1,-1,243828,269758,-1,-1,213092,-1,232166,246300,-1,213092,246070,260635,266335,-1,-1,255335,-1,-1,248168,259039,-1,213092,259934,266335,-1,-1,-1,111139,77091,274569,78355,-1,260545,213092,-1,213092,235184,-1,260443,268394,-1,-1,-1,244250,-1,213092,-1,261687,244250,-1,-1
-1,238919,259139,-1,-1,203067,-1,-1,255894,-1,-1,229881,279938,-1,-1,-1,238303,254887,-1,-1,203067,-1,263947,247084,-1,203067,223816,266150,203067,-1,-1,242554,-1,-1,-1,257067,-1,203067,77660,259111,-1,-1,-1,111140,-1,-1,268300,-1,247648,203067,-1,203067,-1,-1,79895,247346,-1,-1,-1,213620,-1,203067,-1,221656,213620,-1,-1
-1,190569,210423,-1,-1,210423,-1,-1,242648,-1,-1,246045,247476,-1,-1,-1,267995,263701,-1,-1,226807,-1,226035,203002,-1,210423,78714,224396,210423,-1,-1,77671,-1,-1,267801,275338,-1,210423,72379,262208,-1,-1,-1,111144,217714,71218,243302,-1,237469,210423,-1,210423,269196,-1,80610,262530,260657,-1,-1,210423,-1,210423,-1,278151,241487,-1,-1
261593,238380,190048,-1,-1,167135,-1,190046,167135,-1,166676,226764,167425,-1,-1,-1,242519,190045,-1,-1,230025,-1,237067,166691,-1,190045,254642,168473,226764,166124,-1,222000,-1,-1,247703,166906,-1,190045,268513,238439,-1,-1,-1,111205,275049,247699,247553,-1,190044,168473,-1,190045,192181,214098,166149,1179,167680,-1,167134,190048,214100,190045,238435,238443,190042,-1,161840
-1,248478,266236,-1,-1,266236,-1,262922,257136,-1,-1,256292,80231,-1,-1,-1,232156,253133,-1,-1,262754,-1,231227,260369,-1,231227,251002,216199,229277,-1,-1,224980,-1,-1,223633,228883,-1,231227,239078,229277,-1,-1,-1,111235,79762,248765,237633,-1,258812,216199,-1,266236,76922,-1,245264,266641,79763,-1,-1,260290,-1,266236,81684,247360,260290,-1,-1
-1,239499,275736,-1,-1,234945,-1,72129,272557,-1,-1,234945,263780,-1,-1,-1,276697,241967,-1,-1,72335,-1,275742,262674,-1,234945,227932,242383,234945,-1,-1,230607,-1,-1,71287,73722,-1,234945,276356,260078,-1,-1,-1,111239,278190,75532,74966,-1,246264,241967,-1,234945,75784,-1,242253,80455,80201,-1,-1,234945,-1,234945,274912,277805,277624,-1,-1
-1,240751,72139,-1,-1,220029,-1,-1,270704,-1,-1,220029,81823,-1,-1,-1,246450,72137,-1,-1,271507,-1,72134,79634,-1,220029,80322,223880,220029,-1,-1,73289,-1,-1,209483,251981,-1,220029,271394,246550,-1,-1,-1,111273,80857,73939,72133,-1,243412,72137,-1,220029,-1,-1,254501,209830,-1,-1,-1,220029,-1,220029,-1,77629,72136,-1,-1
-1,73487,75051,-1,-1,267973,-1,277980,229194,-1,-1,73511,246816,-1,-1,-1,73330,252137,-1,-1,73430,-1,267973,216755,-1,267973,223740,240258,267973,-1,-1,248662,-1,-1,73613,277180,-1,267973,270355,276023,-1,-1,-1,111276,80481,81315,229045,-1,188538,240258,-1,267973,82730,-1,275620,240791,83184,-1,-1,267973,-1,267973,80545,79662,229974,-1,-1
-1,202089,207715,-1,-1,207715,-1,-1,261989,-1,-1,160131,-1,-1,-1,-1,77418,265766,-1,-1,247076,-1,217097,273740,-1,265766,75285,197655,207715,-1,-1,274156,-1,-1,-1,77115,-1,207715,83245,254628,-1,-1,-1,111325,-1,-1,279371,-1,233822,197655,-1,207715,-1,-1,-1,258209,-1,-1,-1,207715,-1,207715,-1,-1,266648,-1,-1
-1,234717,236956,-1,-1,236956,-1,-1,74543,-1,-1,207641,70340,-1,-1,-1,275461,219452,-1,-1,74979,-1,229209,214333,-1,236956,214308,229713,236956,-1,-1,263141,-1,-1,-1,78101,-1,236956,264412,255415,-1,-1,-1,111328,-1,-1,75923,-1,214986,207641,-1,236956,-1,-1,80616,233972,-1,-1,-1,207641,-1,236956,-1,-1,214835,-1,-1
-1,255952,273683,-1,-1,242548,-1,-1,277973,-1,-1,242548,-1,-1,-1,-1,255866,279059,-1,-1,274564,-1,83273,83272,-1,242548,270599,275179,242548,-1,-1,275180,-1,-1,-1,79801,-1,242548,79707,77972,-1,-1,-1,111329,-1,-1,275001,-1,225910,225910,-1,242548,-1,-1,-1,262286,-1,-1,-1,273683,-1,242548,-1,-1,228748,-1,-1
-1,234054,253902,-1,-1,219575,-1,-1,260204,-1,-1,254188,255989,-1,-1,-1,274081,219575,-1,-1,215074,-1,76806,76752,-1,219575,240468,254176,219575,-1,-1,199435,-1,-1,-1,259542,-1,219575,255993,265626,-1,-1,-1,111334,-1,-1,259615,-1,220291,215074,-1,219575,-1,-1,278761,254401,-1,-1,-1,237031,-1,219575,-1,-1,237031,-1,-1
-1,210327,236944,-1,-1,226517,-1,-1,216580,-1,-1,226517,238621,-1,-1,-1,211748,233897,-1,-1,256036,-1,218623,263432,-1,226517,259621,245022,226517,-1,-1,271002,-1,-1,199683,81410,-1,226517,258238,263255,-1,-1,-1,111339,74577,268907,225403,-1,253170,226517,-1,226517,277744,-1,232329,277284,223402,-1,-1,254525,-1,226517,-1,192991,254525,-1,-1
-1,204931,272571,-1,-1,209888,-1,80027,237705,-1,82096,253447,77174,-1,-1,-1,250895,266740,-1,-1,260630,-1,247889,75510,-1,209888,198955,216193,209888,81480,-1,71743,-1,-1,82097,272708,-1,209888,240580,220819,-1,-1,-1,111393,81982,82095,270120,-1,273526,220819,-1,209888,77175,83207,279186,264068,82902,-1,-1,209888,74986,209888,81481,197402,209888,-1,71742
-1,252699,258339,-1,-1,180903,-1,-1,80564,-1,-1,231131,240632,-1,-1,-1,79184,266629,-1,-1,180903,-1,264721,225051,-1,180903,75140,262722,180903,-1,-1,76990,-1,-1,276840,81581,-1,180903,279501,268712,-1,-1,-1,111395,81886,203309,216795,-1,75145,180903,-1,180903,75451,-1,70805,181468,231582,-1,-1,180903,-1,180903,-1,278158,259476,-1,-1
-1,183244,275267,-1,-1,257490,-1,82974,213094,-1,-1,247336,273841,-1,-1,-1,278882,70063,-1,-1,268416,-1,265581,238170,-1,257490,274690,211793,213094,-1,-1,73096,-1,-1,82957,272355,-1,213094,75513,257490,-1,-1,-1,111396,74266,81887,243427,-1,277522,268416,-1,257490,270121,-1,74615,277571,199000,-1,-1,247336,-1,257490,-1,268605,75040,-1,-1
-1,210368,178088,-1,-1,178088,-1,-1,276622,-1,-1,75391,270122,-1,-1,-1,278156,275134,-1,-1,242240,-1,261244,193143,-1,242240,262039,197831,178088,-1,-1,228210,-1,-1,77178,260533,-1,178088,277473,193177,-1,-1,-1,111397,199218,276627,236890,-1,274928,210368,-1,178088,82102,-1,81890,73152,83118,-1,-1,222540,-1,178088,-1,252974,222540,-1,-1
-1,239019,225757,-1,-1,225757,-1,212803,259767,-1,-1,74614,75033,-1,-1,-1,72913,259726,-1,-1,274005,-1,276249,73099,-1,242108,232861,81418,225757,-1,-1,198624,-1,-1,82103,260617,-1,225757,263982,247836,-1,-1,-1,111398,76167,73100,81415,-1,242108,242108,-1,225757,78073,-1,277549,245425,76682,-1,-1,242108,-1,225757,-1,74253,264063,-1,-1
-1,242086,202676,-1,-1,211513,-1,82349,202678,-1,79766,73110,232250,-1,-1,-1,209359,263899,-1,-1,260536,-1,211513,78393,-1,73110,242056,203264,211513,81832,-1,253153,-1,-1,275871,70515,-1,211513,272323,70955,-1,-1,-1,111399,70518,82866,263786,-1,217439,202676,-1,211513,253753,257716,73108,260538,257348,-1,-1,202676,188278,211513,277438,70799,238360,-1,81892
-1,262434,246949,-1,-1,221587,-1,276462,192241,-1,-1,80236,71987,-1,-1,-1,72008,272461,-1,-1,221587,-1,252468,71482,-1,192241,266148,216247,221587,-1,-1,211785,-1,-1,81484,264070,-1,221587,252698,246005,-1,-1,-1,111400,276656,81482,259629,-1,209210,192241,-1,221587,77553,-1,278224,276187,279478,-1,-1,221587,-1,221587,-1,72164,267794,-1,-1
-1,193786,224508,-1,-1,268081,-1,73054,72857,-1,276035,72862,226259,-1,-1,-1,72034,73933,-1,-1,268081,-1,73045,274090,-1,268081,72858,77165,268081,80602,-1,235916,-1,-1,278864,72856,-1,268081,72861,72859,-1,-1,-1,111433,79381,70819,220084,-1,73200,268081,-1,268081,70479,-1,268704,278295,72860,-1,-1,224508,-1,268081,276743,230631,268934,-1,277769
-1,228413,223137,-1,-1,217338,-1,-1,275162,-1,-1,240970,278331,-1,-1,-1,268576,257353,-1,-1,230681,-1,217338,220475,-1,217338,237669,271579,217338,-1,-1,74071,-1,-1,263522,210964,-1,217338,237502,205363,-1,-1,-1,111434,74448,256669,207471,-1,268573,205363,-1,217338,233732,-1,219932,190745,-1,-1,-1,217338,-1,217338,-1,277118,208830,-1,-1
-1,257439,255036,-1,-1,216201,-1,-1,185349,-1,-1,216201,238392,-1,-1,-1,268763,252059,-1,-1,209989,-1,241162,245598,-1,241162,258608,212219,185349,-1,-1,257946,-1,-1,238569,245022,-1,185349,242045,247124,-1,-1,-1,111462,176571,244853,197756,-1,244915,257439,-1,216201,230653,-1,241236,229956,-1,-1,-1,216201,-1,216201,-1,270905,245155,-1,-1
-1,268783,268779,-1,-1,180561,-1,-1,268781,-1,-1,180561,76234,-1,-1,-1,215911,239878,-1,-1,268982,-1,76241,268879,-1,180561,268772,76232,180561,-1,-1,268782,-1,-1,268986,75403,-1,180561,75401,268776,-1,-1,-1,111527,76229,209236,228352,-1,82253,268779,-1,180561,234051,-1,268780,272472,-1,-1,-1,268779,-1,180561,-1,279194,81956,-1,-1
-1,268771,-1,-1,-1,-1,-1,-1,268778,-1,-1,-1,-1,-1,-1,-1,-1,-1,-1,-1,-1,-1,-1,-1,-1,-1,-1,194571,-1,-1,-1,-1,-1,-1,-1,-1,-1,-1,-1,-1,-1,-1,-1,111592,-1,-1,-1,-1,203244,-1,-1,-1,-1,-1,-1,-1,-1,-1,-1,-1,-1,-1,-1,-1,-1,-1,-1
-1,260194,259747,-1,-1,70129,-1,-1,70108,-1,-1,70109,70113,-1,-1,-1,200253,261099,-1,-1,70111,-1,70129,76880,-1,70129,266175,70104,70129,-1,-1,70107,-1,-1,75570,70105,-1,70129,70103,76858,-1,-1,-1,111594,70312,77294,241413,-1,267790,70108,-1,75790,-1,-1,76872,275011,-1,-1,-1,259747,-1,70129,-1,80763,75790,-1,-1
-1,213206,234249,-1,-1,236918,-1,-1,198705,-1,-1,234505,244656,-1,-1,-1,210021,255205,-1,-1,236918,-1,221992,210930,-1,255205,263180,202170,221992,-1,-1,241907,-1,-1,233400,262740,-1,221992,267920,279942,-1,-1,-1,111596,237255,224067,215443,-1,242596,234505,-1,234505,274535,-1,263701,247228,243456,-1,-1,234249,-1,234505,-1,270517,225951,-1,-1
-1,253065,72805,-1,-1,252088,-1,73543,247631,-1,277580,253508,248178,-1,-1,-1,70794,252088,-1,-1,248177,-1,248289,77722,-1,252088,278694,253669,252088,77720,-1,248327,-1,-1,70969,76628,-1,252088,279211,271396,-1,-1,-1,111629,79970,71942,71127,-1,231520,252088,-1,252088,75534,-1,79842,248246,248272,-1,-1,72805,79716,252088,253029,71125,259560,-1,79712
-1,72922,259650,-1,-1,264486,-1,-1,256996,-1,-1,71946,82267,-1,-1,-1,270739,250856,-1,-1,79341,-1,260108,73281,-1,264486,73280,264486,259650,-1,-1,80306,-1,-1,-1,277566,-1,259650,75133,75121,-1,-1,-1,111633,-1,-1,73277,-1,253670,264486,-1,264486,-1,-1,73279,261423,-1,-1,-1,259650,-1,264486,-1,73271,72925,-1,-1
-1,277916,213439,-1,-1,213439,-1,-1,237307,-1,-1,232081,186998,-1,-1,-1,278679,274976,-1,-1,255137,-1,258758,268433,-1,213439,237496,260143,258758,-1,-1,276497,-1,-1,-1,278682,-1,258758,79900,71407,-1,-1,-1,111651,-1,-1,261605,-1,212591,213439,-1,213439,-1,-1,267847,77129,-1,-1,-1,232081,-1,213439,-1,166539,266615,-1,-1
-1,276725,269182,-1,-1,251769,-1,70821,270502,-1,-1,74533,80169,-1,-1,-1,274197,251769,-1,-1,268751,-1,279877,236308,-1,251769,253120,270064,251769,264451,-1,266304,-1,-1,75449,74304,-1,251769,80832,74536,-1,-1,-1,111657,270131,75745,268897,-1,74520,74536,-1,251769,80833,-1,244780,225037,278350,-1,-1,279877,-1,251769,75448,268466,276422,-1,80831
-1,231720,263110,-1,-1,253041,-1,-1,275296,-1,-1,257411,75312,-1,-1,-1,255738,79635,-1,-1,253041,-1,79638,270352,-1,253041,242753,79640,275296,-1,-1,258470,-1,-1,276872,73086,-1,253041,74134,277431,-1,-1,-1,111659,262156,279843,271244,-1,79639,277431,-1,253041,79637,-1,261753,257142,80235,-1,-1,253041,-1,253041,-1,75420,261772,-1,-1
-1,167959,278391,-1,-1,208418,-1,75490,272833,-1,213761,220659,271637,-1,-1,-1,277474,228593,-1,-1,71832,-1,208418,245518,-1,208418,264458,275544,208418,83064,-1,269682,-1,-1,75489,81272,-1,208418,74701,260010,-1,-1,-1,111674,279785,74074,243627,-1,216774,208418,-1,208418,254792,-1,263161,76781,276673,-1,-1,208418,273897,208418,73594,261872,219686,-1,82927
-1,247072,251353,-1,-1,226376,-1,81402,261991,-1,-1,279061,74995,-1,-1,-1,262175,246107,-1,-1,257188,-1,226376,277574,-1,226376,247060,79533,226376,-1,-1,73256,-1,-1,81407,79535,-1,226376,79538,263163,-1,-1,-1,111701,81405,226652,251076,-1,220380,247072,-1,226376,81408,-1,261202,247067,81409,-1,-1,264348,-1,226376,74997,71653,264348,-1,-1
-1,74621,76445,-1,-1,263761,-1,77693,255700,-1,-1,213498,81678,-1,-1,-1,75661,239084,-1,-1,272952,-1,263761,76522,-1,263761,267412,70295,261098,-1,-1,271496,-1,-1,81509,76521,-1,263761,72085,261098,-1,-1,-1,111705,78029,78723,74478,-1,186101,186101,-1,263761,72405,-1,192126,202079,81460,-1,-1,76445,-1,263761,81463,79137,73364,-1,82869
261768,222639,258081,-1,-1,253304,-1,255886,272844,-1,273921,253304,260388,-1,-1,-1,279848,262284,-1,-1,264507,-1,243519,260593,-1,253304,235946,273090,253304,277849,-1,224524,-1,-1,244825,76486,-1,253304,274570,75187,-1,-1,-1,111706,215066,74230,75964,-1,214769,253304,-1,253304,83323,233034,258089,70431,279847,-1,265511,258081,75075,253304,258284,261275,267600,-1,277614
-1,215132,253907,-1,-1,214660,-1,277848,243816,-1,-1,247774,80086,-1,-1,-1,276831,230984,-1,-1,261019,-1,214660,259971,-1,214660,272573,224049,214660,-1,-1,242917,-1,-1,273905,246667,-1,214660,265609,259361,-1,-1,-1,111707,80710,252121,235991,-1,270397,215132,-1,214660,231212,-1,268872,232817,215213,-1,-1,80090,-1,214660,83300,220851,80090,-1,-1
-1,240955,252193,-1,-1,214989,-1,-1,243572,-1,-1,271344,245094,-1,-1,-1,222417,74790,-1,-1,257338,-1,261352,279816,-1,214989,254774,72302,214989,-1,-1,235004,-1,-1,222022,261016,-1,214989,77271,264792,-1,-1,-1,111708,274978,244869,272949,-1,245439,271344,-1,214989,-1,-1,221990,243810,-1,-1,-1,214989,-1,214989,-1,74603,214989,-1,-1
225858,259927,256502,-1,83312,227274,-1,226170,241569,-1,258051,224330,71908,-1,-1,-1,252239,267931,-1,83313,178562,-1,227274,258817,-1,227274,215199,251686,227274,255386,-1,74810,-1,-1,241929,270456,-1,256502,268083,270215,-1,-1,-1,111710,276867,277250,257153,-1,216036,251686,-1,256502,274160,253241,263228,257985,269690,-1,245061,254125,242691,227274,261442,254131,254125,-1,73359
-1,253354,228211,-1,-1,216020,-1,273968,259786,-1,-1,274401,80714,-1,-1,-1,266673,216020,-1,-1,234107,-1,254048,278464,-1,216020,268508,251138,216020,-1,-1,221952,-1,-1,270874,77014,-1,216020,213581,253384,-1,-1,-1,111711,278440,271534,240743,-1,219451,253354,-1,216020,259514,-1,83329,258180,278437,-1,-1,73887,-1,216020,-1,279170,73887,-1,-1
-1,227148,214830,-1,-1,214830,-1,-1,241837,-1,-1,255341,241878,-1,-1,-1,76791,266762,-1,-1,226393,-1,229878,83369,-1,214830,276100,77793,214830,-1,-1,83371,-1,-1,76903,83370,-1,214830,265728,76788,-1,-1,-1,111713,241044,215081,269902,-1,83367,226393,-1,214830,-1,-1,76809,233918,-1,-1,-1,81744,-1,214830,-1,70341,81744,-1,-1
-1,256145,258082,-1,-1,242306,-1,256406,242306,-1,71217,263504,73843,-1,-1,-1,267392,279932,-1,-1,261155,-1,273730,269935,-1,242306,231360,226772,242306,278418,-1,227549,-1,-1,226377,278460,-1,242306,245079,220147,-1,-1,-1,111715,244851,258574,276822,-1,269554,226772,-1,242306,72703,-1,76732,272902,279931,-1,-1,258082,-1,242306,76480,70291,256508,-1,275100
-1,263204,232729,-1,-1,228961,-1,-1,278430,-1,-1,228961,231070,-1,-1,-1,277181,256501,-1,-1,254585,-1,207440,277837,-1,228961,212214,80043,273028,-1,-1,264147,-1,-1,261273,271969,-1,273028,211272,273028,-1,-1,-1,111716,77640,266341,76883,-1,279845,228961,-1,228961,270487,-1,273079,277888,277836,-1,-1,232729,-1,228961,-1,273854,269619,-1,-1
-1,182224,230601,-1,-1,223298,-1,259652,232871,-1,-1,223298,222346,-1,-1,-1,221855,76744,-1,-1,261927,-1,205401,275650,-1,223298,252516,191572,223298,-1,-1,221846,-1,-1,79965,275649,-1,223298,221854,240207,-1,-1,-1,111724,79962,79966,233394,-1,245036,182224,-1,223298,269032,-1,79963,261928,77920,-1,-1,230601,-1,223298,77921,275651,268313,-1,77919
-1,78394,79711,-1,-1,248227,-1,261456,274055,-1,-1,221425,82905,-1,-1,-1,213281,240650,-1,-1,279201,-1,248227,81981,-1,219392,278249,227847,248227,-1,-1,220886,-1,-1,75459,76613,-1,248227,70066,219392,-1,-1,-1,111766,209361,75456,76117,-1,276461,219392,-1,248227,252477,-1,277324,279014,236342,-1,-1,219392,-1,248227,-1,81520,75112,-1,-1
-1,191528,227527,-1,-1,251294,-1,261887,247241,-1,77809,251294,221820,-1,-1,-1,228033,225478,-1,-1,228047,-1,241239,261886,-1,251294,261956,236690,225478,77808,-1,248237,-1,-1,215892,268917,-1,251294,240391,266170,-1,-1,-1,111768,224648,275172,241344,-1,199088,199088,-1,251294,242276,253516,77807,253219,73687,-1,-1,227527,77810,251294,77806,253955,228017,-1,77786
-1,221964,201876,-1,-1,241332,-1,257493,242700,-1,-1,241332,77811,-1,-1,-1,233451,250988,-1,-1,268930,-1,77812,79984,-1,241332,242678,190276,241332,-1,-1,243092,-1,-1,224550,261921,-1,241332,273641,235002,-1,-1,-1,111769,263847,257683,268915,-1,245048,202855,-1,241332,217160,-1,71573,222438,269027,-1,-1,201876,-1,241332,247224,212886,202855,-1,269030
-1,221798,263487,-1,-1,237670,-1,-1,224466,-1,-1,236997,241342,-1,-1,-1,252181,237670,-1,-1,250989,-1,226021,80133,-1,237670,228077,242874,237670,-1,-1,71394,-1,-1,269138,241622,-1,237670,269017,243102,-1,-1,-1,111774,222349,77940,264056,-1,243117,224466,-1,237670,261954,-1,260645,269141,-1,-1,-1,237670,-1,237670,-1,276520,236810,-1,-1
-1,226838,219908,-1,-1,219908,-1,-1,251586,-1,-1,243088,257475,-1,-1,-1,261934,216736,-1,-1,224470,-1,269520,71348,-1,219908,261899,260094,219908,-1,-1,224615,-1,-1,77909,224667,-1,219908,241619,268959,-1,-1,-1,111779,77910,269033,253966,-1,226151,216736,-1,219908,259653,-1,79967,224555,73707,-1,-1,219908,-1,219908,-1,77908,248222,-1,-1
-1,237127,215785,-1,-1,219812,-1,258027,245091,-1,-1,222388,70251,-1,-1,-1,225475,239613,-1,-1,200054,-1,219812,258788,-1,239613,251988,257000,215785,-1,-1,71805,-1,-1,80893,237612,-1,215785,202848,237003,-1,-1,-1,111811,238703,268437,258846,-1,278305,239613,-1,219812,80835,-1,264372,268875,75256,-1,-1,234147,-1,219812,215689,248199,234147,-1,-1
-1,188943,216820,-1,-1,257118,-1,256689,219789,-1,-1,224030,228774,-1,-1,-1,235432,257118,-1,-1,237331,-1,276398,248477,-1,257118,266041,247248,257118,-1,-1,70012,-1,-1,236621,272599,-1,224030,234158,275070,-1,-1,-1,111817,211240,205559,234612,-1,190034,224030,-1,224030,71614,-1,241266,255266,168965,-1,-1,257118,-1,224030,233767,231236,256731,-1,230020
-1,257497,193260,-1,-1,73288,-1,-1,229818,-1,-1,223676,263137,-1,-1,-1,73610,73121,-1,-1,210482,-1,73288,267761,-1,73288,78788,70869,73288,-1,-1,80003,-1,-1,81475,279125,-1,73288,226705,220925,-1,-1,-1,111822,81330,79817,221896,-1,262955,229818,-1,73288,81329,-1,73952,256537,81537,-1,-1,193260,-1,73288,-1,79371,264867,-1,-1
-1,238604,268483,-1,-1,217998,-1,-1,274533,-1,-1,232388,78210,-1,-1,-1,266375,237385,-1,-1,77560,-1,266686,266518,-1,217998,261114,77496,217998,-1,-1,256110,-1,-1,-1,77511,-1,217998,243126,246803,-1,-1,-1,111928,-1,-1,233943,-1,229879,217998,-1,217998,-1,-1,73877,227653,-1,-1,-1,217998,-1,217998,-1,-1,217998,-1,-1
-1,233164,235842,-1,-1,243593,-1,248787,243497,-1,-1,264207,235806,-1,-1,-1,263882,191202,-1,-1,242725,-1,265761,251335,-1,191202,268462,262396,243593,-1,-1,256856,-1,-1,271006,226108,-1,243593,274702,255561,-1,-1,-1,111974,262474,276705,252027,-1,262027,191202,-1,243593,270657,-1,241628,254502,210935,-1,-1,235842,-1,243593,257324,80811,243593,-1,-1
-1,203172,253013,-1,-1,272712,-1,-1,74324,-1,-1,272712,72048,-1,-1,-1,275295,219865,-1,-1,272920,-1,254469,241960,-1,272712,255483,258517,272712,-1,-1,75671,-1,-1,78066,70918,-1,254469,256428,261028,-1,-1,-1,112072,268343,76868,256748,-1,208432,219865,-1,272712,271760,-1,79504,268938,246935,-1,-1,272712,-1,272712,-1,254518,70902,-1,-1
-1,222951,181291,-1,-1,212476,-1,-1,211152,-1,-1,222148,80091,-1,-1,-1,248498,232901,-1,-1,213064,-1,212476,278748,-1,212476,278567,243045,212476,-1,-1,245414,-1,-1,253079,213901,-1,212476,71081,245499,-1,-1,-1,112096,78886,75713,79632,-1,225316,181291,-1,212476,210259,-1,78152,248255,81513,-1,-1,181291,-1,212476,-1,82209,211591,-1,-1
73438,212839,274035,-1,76346,199236,-1,80188,238089,-1,76152,261128,76161,-1,-1,-1,251579,255500,-1,71105,238173,-1,233018,255917,-1,233018,245981,71103,233018,274116,-1,275076,-1,-1,274117,71309,-1,233018,76236,199236,-1,-1,-1,112115,261054,252690,255160,-1,276140,238089,-1,233018,274041,77473,231910,274115,245982,-1,76235,260396,76160,199236,253198,261582,260396,-1,73087
-1,235835,240475,-1,-1,72834,-1,-1,235292,-1,-1,257768,72829,-1,-1,-1,251603,72834,-1,-1,78263,-1,81358,74072,-1,257768,277636,73989,72834,-1,-1,278351,-1,-1,270956,235863,-1,72834,80075,72831,-1,-1,-1,112124,72833,70481,268674,-1,273602,240475,-1,72834,273913,-1,82976,259973,-1,-1,-1,240475,-1,72834,-1,257786,252410,-1,-1
-1,225766,206147,-1,-1,242658,-1,-1,71046,-1,-1,73255,-1,-1,-1,-1,72191,201965,-1,-1,231190,-1,71420,231498,-1,201965,256819,241578,71420,-1,-1,80079,-1,-1,-1,82201,-1,201965,-1,242658,-1,-1,-1,112126,-1,-1,258032,-1,79571,201965,-1,201965,-1,-1,-1,270575,-1,-1,-1,206147,-1,242658,-1,-1,71723,-1,-1
-1,216939,275046,-1,-1,268805,-1,-1,243235,-1,-1,273582,-1,-1,-1,-1,259978,268805,-1,-1,254905,-1,260547,266373,-1,268805,191173,260477,268805,-1,-1,261333,-1,-1,-1,74265,-1,268805,267874,77483,-1,-1,-1,112134,-1,-1,70856,-1,278688,216939,-1,268805,-1,-1,-1,72901,-1,-1,-1,275046,-1,268805,-1,-1,255275,-1,-1
-1,255368,242444,-1,-1,20801,-1,74974,232477,-1,233961,216352,255837,-1,-1,-1,237721,272829,-1,-1,213345,-1,208722,241197,-1,20801,242117,243854,216352,260343,-1,254685,-1,-1,75472,270001,-1,216352,74913,253440,-1,-1,-1,112139,255369,79494,242661,-1,204525,20801,-1,20801,71828,-1,242863,73562,75203,-1,-1,20801,-1,20801,262556,245502,20801,-1,74969
-1,269536,277782,-1,-1,229804,-1,-1,269530,-1,-1,222192,269040,-1,-1,-1,233945,193713,-1,-1,222440,-1,229804,269537,-1,229804,205331,238862,229804,-1,-1,275674,-1,-1,-1,233947,-1,229804,79996,233946,-1,-1,-1,112163,242414,-1,271525,-1,77574,269536,-1,229804,-1,-1,79995,224475,-1,-1,-1,229804,-1,229804,-1,275673,248376,-1,-1
-1,185122,73398,-1,-1,236703,-1,80096,240709,-1,-1,233195,212188,-1,-1,-1,276216,242187,-1,-1,257876,-1,78012,278061,-1,236703,277689,204638,236703,-1,-1,222331,-1,-1,74512,74207,-1,236703,79107,236703,-1,-1,-1,112172,83137,82847,265450,-1,262138,236703,-1,236703,276602,-1,277887,242879,228579,-1,-1,73398,-1,236703,222546,263193,262863,-1,72376
-1,72672,239672,-1,-1,235166,-1,79914,228834,-1,254513,236750,277905,-1,-1,-1,262590,253010,-1,-1,257917,-1,71172,73961,-1,235166,70166,204816,235166,73922,-1,202259,-1,-1,74740,272624,-1,235166,183339,235166,-1,-1,-1,112199,272518,73033,222081,-1,213864,204816,-1,235166,279714,-1,244942,70117,80393,-1,-1,267426,269715,235166,74737,71314,267426,-1,72276
-1,186494,197774,-1,-1,263990,-1,277913,73261,-1,242961,263990,76799,-1,-1,-1,225498,242730,-1,-1,212682,-1,79162,243827,-1,263990,235216,204297,263990,78095,-1,271584,-1,-1,252835,265575,-1,263990,231613,257873,-1,-1,-1,112222,232648,257872,76798,-1,247518,257873,-1,263990,248126,-1,205481,266151,275596,-1,-1,223073,-1,263990,76261,190625,223073,-1,263308
-1,267599,210484,-1,-1,210484,-1,82101,241861,-1,273530,212075,74983,-1,-1,-1,232963,276057,-1,-1,264065,-1,195033,75454,-1,264065,198731,228416,210484,241970,-1,189155,-1,-1,279198,79566,-1,210484,274526,202157,-1,-1,-1,112224,246007,81889,73661,-1,252700,202157,-1,210484,81766,-1,74982,255208,73428,-1,-1,262557,-1,210484,264057,70513,262557,-1,234867
-1,233970,220893,-1,-1,247741,-1,257870,72939,-1,-1,254317,270380,-1,-1,-1,72953,233050,-1,-1,247741,-1,73308,216453,-1,247741,270065,79202,247741,-1,-1,252305,-1,-1,78391,278073,-1,233050,258589,231284,-1,-1,-1,112254,83158,270660,242258,-1,271876,271876,-1,247741,261473,-1,274359,230971,278829,-1,-1,220893,-1,247741,-1,78305,247890,-1,-1
-1,221759,248131,-1,-1,221767,-1,-1,237089,-1,-1,221767,71234,-1,-1,-1,266541,208063,-1,-1,274839,-1,71359,71358,-1,221767,238579,202978,221767,-1,-1,233280,-1,-1,-1,255553,-1,221767,74599,269093,-1,-1,-1,112258,77192,-1,221831,-1,208073,221759,-1,221767,-1,-1,77193,266750,-1,-1,-1,221767,-1,221767,-1,77215,220922,-1,-1
-1,237188,244322,-1,-1,231442,-1,-1,277343,-1,-1,246789,274069,-1,-1,-1,233377,231442,-1,-1,234258,-1,203415,274228,-1,231442,260192,263938,231442,-1,-1,250994,-1,-1,74125,169708,-1,231442,228642,220956,-1,-1,-1,112259,80428,77179,229731,-1,204496,203415,-1,231442,-1,-1,279042,223827,-1,-1,-1,238716,-1,231442,-1,79444,238716,-1,-1
-1,207606,186127,-1,-1,270491,-1,-1,268444,-1,-1,242085,251264,-1,-1,-1,240334,270491,-1,-1,236209,-1,253374,256952,-1,270491,237185,229232,253374,-1,-1,206554,-1,-1,76137,279856,-1,253374,80881,74158,-1,-1,-1,112260,78047,82260,255474,-1,71216,253374,-1,270491,276978,-1,193701,76260,80412,-1,-1,186127,-1,270491,-1,225245,72459,-1,-1
-1,-1,-1,-1,-1,-1,-1,-1,-1,-1,-1,-1,-1,-1,-1,-1,-1,-1,-1,-1,-1,-1,-1,-1,-1,-1,-1,-1,-1,-1,-1,-1,-1,-1,-1,-1,-1,-1,-1,-1,-1,-1,-1,112264,-1,-1,-1,-1,-1,-1,-1,-1,-1,-1,-1,-1,-1,-1,-1,-1,-1,-1,-1,-1,-1,-1,-1
-1,234642,81383,-1,-1,204485,-1,82133,242506,-1,-1,230938,242245,-1,-1,-1,239482,204485,-1,-1,263182,-1,252259,74411,-1,204485,83066,238160,204485,-1,-1,277318,-1,-1,82926,75111,-1,204485,262272,270331,-1,-1,-1,112387,277475,83143,238545,-1,247257,234642,-1,204485,275561,-1,275137,263867,277459,-1,-1,212228,-1,204485,-1,264203,212228,-1,-1
-1,209960,228819,-1,-1,228819,-1,75144,242359,-1,-1,73745,279591,-1,-1,-1,270000,255487,-1,-1,236830,-1,263766,81268,-1,228819,81606,260250,228819,245420,-1,272828,-1,-1,278201,245356,-1,228819,70584,272881,-1,-1,-1,112390,278133,81870,224069,-1,235890,235890,-1,228819,75930,-1,74702,230765,81541,-1,-1,228819,-1,228819,80168,230749,259265,-1,74704
-1,192984,234579,-1,-1,263824,-1,253015,74699,-1,76782,263824,74921,-1,-1,-1,230801,230965,-1,-1,74436,-1,274913,83164,-1,263824,210411,200724,222028,77597,-1,210603,-1,-1,248256,228784,-1,222028,241809,222028,-1,-1,-1,112391,242114,214923,211395,-1,266797,200724,-1,263824,257842,-1,239042,209027,75529,-1,-1,241850,-1,263824,82369,80756,241850,-1,76780
-1,243830,219797,-1,-1,226789,-1,79245,277233,-1,-1,234134,242312,-1,-1,-1,276343,234200,-1,-1,277316,-1,226789,261190,-1,226789,265407,78943,226789,-1,-1,235551,-1,-1,76943,81295,-1,226789,226515,232675,-1,-1,-1,112393,224962,75389,274741,-1,248836,234200,-1,226789,276770,-1,264206,242352,74964,-1,-1,234200,-1,226789,242374,81511,263403,-1,-1
-1,203423,220708,-1,-1,239458,-1,-1,272737,-1,-1,242154,81842,-1,-1,-1,207807,203308,-1,-1,70177,-1,239458,232162,-1,242154,77387,231678,239458,-1,-1,278838,-1,-1,81486,71563,-1,239458,256324,224297,-1,-1,-1,112427,74756,74757,256392,-1,277524,203423,-1,239458,81487,-1,82895,231172,190644,-1,-1,220708,-1,239458,-1,259655,182091,-1,-1
-1,-1,-1,-1,-1,-1,-1,-1,-1,-1,-1,-1,-1,-1,-1,-1,-1,-1,-1,-1,-1,-1,-1,-1,-1,-1,-1,-1,-1,-1,-1,-1,-1,-1,-1,-1,-1,-1,-1,-1,-1,-1,-1,112428,-1,-1,-1,-1,-1,-1,-1,-1,-1,-1,-1,-1,-1,-1,-1,-1,-1,-1,-1,-1,-1,-1,-1
-1,239573,235133,-1,-1,251951,-1,274721,279228,-1,-1,70163,271583,-1,-1,-1,252466,256119,-1,-1,72916,-1,251951,276798,-1,229459,237382,244576,251951,-1,-1,213994,-1,-1,210548,73386,-1,229459,189558,229459,-1,-1,-1,112493,278804,75170,220829,-1,242264,242264,-1,229459,79972,-1,75558,185172,83089,-1,-1,229459,-1,229459,277599,72839,270098,-1,-1
-1,233691,277665,-1,-1,251761,-1,196889,219759,-1,-1,73973,278321,-1,-1,-1,268753,72790,-1,-1,264392,-1,251761,74020,-1,251761,268756,268697,251761,-1,-1,169115,-1,-1,81603,268755,-1,251761,74080,203780,-1,-1,-1,112494,81309,74724,276572,-1,277872,268759,-1,251761,231137,-1,238282,237615,70247,-1,-1,277665,-1,251761,-1,75645,268759,-1,-1
-1,78554,244110,-1,-1,257666,-1,-1,78558,-1,-1,250970,78564,-1,-1,-1,262260,239731,-1,-1,252225,-1,263081,278086,-1,257666,221791,201081,257666,-1,-1,248107,-1,-1,78563,232550,-1,257666,263258,257666,-1,-1,-1,112510,78560,78559,273592,-1,222164,201081,-1,257666,79979,-1,245812,235274,-1,-1,-1,244110,-1,257666,-1,70492,271101,-1,-1
-1,246881,276600,-1,-1,246112,-1,245238,238759,-1,-1,255876,255140,-1,-1,-1,263837,192636,-1,-1,264188,-1,246112,75211,-1,246112,273663,258728,246112,-1,-1,251994,-1,-1,277944,273560,-1,246112,268484,253122,-1,-1,-1,112513,263734,81237,255461,-1,258687,258728,-1,246112,76845,-1,270335,239816,217585,-1,-1,279919,-1,246112,270698,277664,279919,-1,259872
-1,71515,212692,-1,-1,212692,-1,78993,78990,-1,-1,80292,257293,-1,-1,-1,261032,75896,-1,-1,229327,-1,78991,239875,-1,269099,78989,256449,212692,246957,-1,223818,-1,-1,259317,258468,-1,212692,212267,269099,-1,-1,-1,112516,78986,78994,80153,-1,268010,229327,-1,212692,234935,-1,279767,250817,72169,-1,-1,227558,-1,212692,263566,277645,227558,-1,72891
-1,159906,236176,-1,-1,160128,-1,-1,159925,-1,-1,160128,-1,-1,-1,-1,159981,159962,-1,-1,160103,-1,160212,159988,-1,160128,160102,230284,160128,-1,-1,159950,-1,-1,-1,160030,-1,160128,-1,159913,-1,-1,-1,112531,-1,-1,160137,-1,160053,160103,-1,160128,-1,-1,-1,160014,-1,-1,-1,160138,-1,160128,-1,-1,160138,-1,-1
-1,224599,238704,-1,-1,238704,-1,79974,247197,-1,269115,239609,231954,-1,-1,-1,226197,224631,-1,-1,261946,-1,240131,77922,-1,240131,70832,200741,238704,77925,-1,224604,-1,-1,222729,224690,-1,238704,236679,243100,-1,-1,-1,112540,257523,224624,77924,-1,241328,224599,-1,238704,222621,272559,221445,241327,224611,-1,-1,240131,77926,238704,79988,200672,254894,-1,71393
-1,199259,240280,-1,-1,240280,-1,71690,227791,-1,76379,238577,266775,-1,-1,-1,71411,232232,-1,-1,71454,-1,71455,71639,-1,240280,256791,233711,240280,71689,-1,212347,-1,-1,255245,228176,-1,240280,273815,222592,-1,-1,-1,112555,228526,242883,239962,-1,212776,212776,-1,240280,71688,71315,212778,252662,247714,-1,-1,240280,76380,240280,273816,199183,71638,-1,252428
-1,203004,254914,-1,-1,231942,-1,76831,244837,-1,76834,278595,71200,-1,-1,-1,227982,247844,-1,-1,231942,-1,210544,246345,-1,231942,274419,247689,231942,76837,-1,255161,-1,-1,71326,274278,-1,231942,233552,231946,-1,-1,-1,112558,245075,277535,266366,-1,274422,231942,-1,231942,71369,-1,233284,252427,71196,-1,-1,233078,-1,231942,80198,243321,233078,-1,76833
-1,213536,240744,-1,-1,240744,-1,-1,267920,-1,-1,77663,-1,-1,-1,-1,248870,236298,-1,-1,262740,-1,236800,221664,-1,240744,74438,203137,240744,-1,-1,71618,-1,-1,-1,77464,-1,240744,70442,264085,-1,-1,-1,112606,-1,-1,78207,-1,224921,267920,-1,236298,-1,-1,-1,277189,-1,-1,-1,240744,-1,236298,-1,-1,274841,-1,-1
-1,70565,77691,-1,-1,279918,-1,-1,279920,-1,-1,279918,-1,-1,-1,-1,279863,255881,-1,-1,255773,-1,72704,79228,-1,279918,159991,70332,279918,-1,-1,159922,-1,-1,-1,273747,-1,279918,-1,74301,-1,-1,-1,112615,-1,-1,77120,-1,253861,279918,-1,279918,-1,-1,-1,159905,-1,-1,-1,279918,-1,279918,-1,-1,245532,-1,-1
-1,253636,255094,-1,-1,260267,-1,-1,260514,-1,-1,211345,-1,-1,-1,-1,160123,253522,-1,-1,260267,-1,254890,72086,-1,260267,160100,225809,260267,-1,-1,160050,-1,-1,-1,274363,-1,260267,-1,274195,-1,-1,-1,112667,-1,-1,160220,-1,253538,255094,-1,260267,-1,-1,-1,159907,-1,-1,-1,255094,-1,260267,-1,-1,160072,-1,-1
-1,215251,80522,-1,-1,267626,-1,267625,244757,-1,-1,267626,263556,-1,-1,-1,277517,269889,-1,-1,278452,-1,77029,257152,-1,267626,226604,214990,267626,-1,-1,229015,-1,-1,260140,276107,-1,267626,258289,255457,-1,-1,-1,112670,261183,247150,255373,-1,217196,215251,-1,267626,263365,-1,277947,263498,240576,-1,-1,267626,-1,267626,-1,244950,273964,-1,-1
-1,243476,268581,-1,-1,263502,-1,279840,274736,-1,235987,242002,253264,-1,-1,-1,274146,252044,-1,-1,269620,-1,263502,74855,-1,264365,233372,264365,268581,76991,-1,252192,-1,-1,74777,251212,-1,268581,78267,267795,-1,-1,-1,112689,74776,263475,242019,-1,235966,264365,-1,268581,276094,267621,76488,246868,269599,-1,274521,253908,241025,268581,76483,74782,253908,-1,76861
-1,278469,260030,-1,-1,278745,-1,71058,255144,-1,222378,264733,73945,-1,-1,-1,78185,247400,-1,-1,278745,-1,253953,261351,-1,153060,211489,83082,278745,239219,-1,274125,-1,-1,273909,74842,-1,278745,269132,74847,-1,-1,-1,112713,274408,83213,241005,-1,153060,153060,-1,278745,77375,74843,70898,215048,223099,-1,83385,215026,279172,278745,70670,71944,215026,-1,266310
-1,217805,199151,-1,-1,199151,-1,-1,78198,-1,-1,245247,277786,-1,-1,-1,234037,227772,-1,-1,253251,-1,225878,260135,-1,199151,246145,246696,199151,-1,-1,274262,-1,-1,82246,232535,-1,199151,70956,233476,-1,-1,-1,112716,252240,78336,198145,-1,255333,199151,-1,199151,78998,-1,240801,193241,230865,-1,-1,221955,-1,199151,-1,70864,221955,-1,-1
-1,219854,213969,-1,-1,213969,-1,-1,253445,-1,-1,72456,80474,-1,-1,-1,76571,251257,-1,-1,234487,-1,72454,262133,-1,213969,247085,223069,213969,-1,-1,186122,-1,-1,-1,81337,-1,213969,235218,270683,-1,-1,-1,112764,200841,-1,225310,-1,232114,72457,-1,213969,-1,-1,237355,258056,-1,-1,-1,72457,-1,213969,-1,74148,72457,-1,-1
-1,240834,271057,-1,-1,70971,-1,74578,277322,-1,-1,229453,279514,-1,-1,-1,74093,277811,-1,-1,240685,-1,70971,77103,-1,70971,74698,253350,229453,81348,-1,76992,-1,-1,222461,71781,-1,70971,73453,218936,-1,-1,-1,112809,277594,80155,80154,-1,248278,271057,-1,70971,78312,-1,278814,236046,276900,-1,-1,258526,-1,70971,80536,274442,258526,-1,75751
-1,247506,183895,-1,-1,183895,-1,-1,254492,-1,-1,236935,274974,-1,-1,-1,230888,241783,-1,-1,274998,-1,268330,246047,-1,183895,257866,233790,236935,-1,-1,246354,-1,-1,82889,77879,-1,183895,267866,268009,-1,-1,-1,112828,82879,279712,253755,-1,72905,233790,-1,183895,277302,-1,79886,247448,260918,-1,-1,268715,-1,183895,-1,70444,268715,-1,-1
-1,274207,71730,-1,-1,71224,-1,-1,253886,-1,-1,273742,-1,-1,-1,-1,77359,77355,-1,-1,262023,-1,274553,77356,-1,274553,274168,76489,71224,-1,-1,267568,-1,-1,-1,272423,-1,71224,-1,71224,-1,-1,-1,112868,-1,-1,240338,-1,261821,261821,-1,71224,-1,-1,-1,159904,-1,-1,-1,274491,-1,71224,-1,-1,274491,-1,-1
-1,184167,203980,-1,-1,203980,-1,-1,230762,-1,-1,223979,76936,-1,-1,-1,220422,234070,-1,-1,208260,-1,246708,208965,-1,203980,223629,198177,203980,-1,-1,207716,-1,-1,248340,226181,-1,203980,235600,234930,-1,-1,-1,112883,270929,251091,76563,-1,228624,203980,-1,203980,-1,-1,259176,232673,-1,-1,-1,203980,-1,203980,-1,75759,185422,-1,-1
-1,77491,214092,-1,-1,239755,-1,-1,240921,-1,-1,230977,76453,-1,-1,-1,278490,235885,-1,-1,236529,-1,239755,274273,-1,239755,232785,216730,239755,-1,-1,240859,-1,-1,-1,74622,-1,239755,76454,256044,-1,-1,-1,112885,-1,-1,212790,-1,251446,214092,-1,239755,-1,-1,78044,279360,-1,-1,-1,214092,-1,239755,-1,-1,237295,-1,-1
-1,167435,158023,-1,-1,158023,-1,-1,262339,-1,-1,212616,-1,-1,-1,-1,73888,71003,-1,-1,254578,-1,260056,278217,-1,158023,275253,259298,158023,-1,-1,276169,-1,-1,-1,278495,-1,158023,269732,267872,-1,-1,-1,112893,-1,-1,266624,-1,260732,158023,-1,158023,-1,-1,-1,247228,-1,-1,-1,158023,-1,158023,-1,-1,176580,-1,-1
-1,237046,261552,-1,-1,254039,-1,-1,266699,-1,-1,72419,79281,-1,-1,-1,246057,259825,-1,-1,254039,-1,271741,208504,-1,254039,220739,241064,254039,-1,-1,253366,-1,-1,-1,268283,-1,254039,77450,266668,-1,-1,-1,112908,79419,-1,81843,-1,253341,241064,-1,254039,-1,-1,77449,273984,-1,-1,-1,238180,-1,254039,-1,279487,238180,-1,-1
-1,215123,279820,-1,-1,251979,-1,-1,239197,-1,-1,273976,279171,-1,-1,-1,270036,234466,-1,-1,228375,-1,229536,193141,-1,251979,219712,263434,251979,-1,-1,271855,-1,-1,76844,72005,-1,251979,251213,251979,-1,-1,-1,112965,278427,278463,83309,-1,267410,215123,-1,251979,74800,-1,240457,266308,-1,-1,-1,263418,-1,251979,-1,263503,263418,-1,-1
-1,235375,226419,-1,-1,226419,-1,-1,235817,-1,-1,233023,-1,-1,-1,-1,247557,253867,-1,-1,75618,-1,231706,219414,-1,226419,214520,214192,226419,-1,-1,76525,-1,-1,-1,77956,-1,226419,-1,214421,-1,-1,-1,112992,-1,-1,279274,-1,243465,214192,-1,226419,-1,-1,-1,222356,-1,-1,-1,226419,-1,226419,-1,-1,244947,-1,-1
-1,167948,200104,-1,-1,225951,-1,-1,228321,-1,-1,208592,211672,-1,-1,-1,244680,240319,-1,-1,74939,-1,272317,240439,-1,225951,275974,237245,225951,-1,-1,256024,-1,-1,-1,78204,-1,225951,75237,221488,-1,-1,-1,112996,278502,-1,237256,-1,222123,222123,-1,200104,-1,-1,77759,248216,-1,-1,-1,225951,-1,200104,-1,251352,225951,-1,-1
-1,237673,267529,-1,-1,227397,-1,-1,227392,-1,-1,227387,276552,-1,-1,-1,247512,227404,-1,-1,79239,-1,227397,247724,-1,227397,238096,247513,227387,-1,-1,227381,-1,-1,-1,279532,-1,227397,267277,247725,-1,-1,-1,113000,272534,-1,261514,-1,235594,227387,-1,227387,-1,-1,275980,235593,-1,-1,-1,227392,-1,227387,-1,250751,235962,-1,-1
-1,263009,258980,-1,-1,227254,-1,-1,227246,-1,-1,263011,265856,-1,-1,-1,245802,242830,-1,-1,265340,-1,257001,243404,-1,227246,256489,246426,227254,-1,-1,265249,-1,-1,-1,265293,-1,257001,265333,227254,-1,-1,-1,113002,247796,-1,235659,-1,265247,246426,-1,227254,-1,-1,263007,266568,-1,-1,-1,257001,-1,227254,-1,263013,257008,-1,-1
-1,246178,246272,-1,-1,265674,-1,-1,253469,-1,-1,233662,264865,-1,-1,-1,261733,237197,-1,-1,264969,-1,232202,256095,-1,265674,265975,227346,265674,-1,-1,265092,-1,-1,-1,277866,-1,265674,276825,265674,-1,-1,-1,113003,269811,-1,245697,-1,265849,227346,-1,233662,-1,-1,264864,264895,-1,-1,-1,246272,-1,265674,-1,258706,227361,-1,-1
-1,258310,261773,-1,-1,247788,-1,-1,247788,-1,-1,239345,271860,-1,-1,-1,265025,265035,-1,-1,262093,-1,248822,246414,-1,226375,264947,226375,248822,-1,-1,270525,-1,-1,-1,265034,-1,247788,265057,265004,-1,-1,-1,113004,247791,-1,261740,-1,265063,247788,-1,248822,-1,-1,277039,265054,-1,-1,-1,244302,-1,247788,-1,272124,244302,-1,-1
-1,227368,239761,-1,-1,227323,-1,-1,270329,-1,-1,264896,79219,-1,-1,-1,73027,242896,-1,-1,265280,-1,227323,268475,-1,227323,227369,273274,227323,-1,-1,75728,-1,-1,-1,273275,-1,227323,266254,273280,-1,-1,-1,113007,75726,-1,227102,-1,239756,227310,-1,227323,-1,-1,245821,244890,-1,-1,-1,227323,-1,227323,-1,265421,227310,-1,-1
-1,246152,226987,-1,-1,263964,-1,-1,272114,-1,-1,241491,74404,-1,-1,-1,78100,247477,-1,-1,263964,-1,227013,226973,-1,263964,247462,247461,235585,-1,-1,263966,-1,-1,-1,266939,-1,226987,264058,235585,-1,-1,-1,113008,275940,-1,227003,-1,226979,226987,-1,263964,-1,-1,80053,264941,-1,-1,-1,227013,-1,263964,-1,243379,233364,-1,-1
-1,267212,231432,-1,-1,267217,-1,-1,248343,-1,-1,266928,71527,-1,-1,-1,271040,279699,-1,-1,267217,-1,273466,232075,-1,231432,236640,267382,267217,-1,-1,232073,-1,-1,-1,244045,-1,267217,267261,226336,-1,-1,-1,113009,267200,-1,264012,-1,232074,231432,-1,267217,-1,-1,273468,272994,-1,-1,-1,231432,-1,267217,-1,279811,262330,-1,-1
-1,278967,82278,-1,-1,246059,-1,-1,227466,-1,-1,272524,242807,-1,-1,-1,228724,227455,-1,-1,256840,-1,246059,261091,-1,246059,264627,241224,246059,-1,-1,227453,-1,-1,-1,262826,-1,246059,273470,272522,-1,-1,-1,113010,75681,-1,267237,-1,278968,241224,-1,246059,-1,-1,72156,77203,-1,-1,-1,246059,-1,246059,-1,79196,77219,-1,-1
-1,258680,267531,-1,-1,233756,-1,-1,253417,-1,-1,233751,79232,-1,-1,-1,273205,265536,-1,-1,233852,-1,244064,264875,-1,233756,276285,265408,253417,-1,-1,75108,-1,-1,-1,75721,-1,253417,244059,267530,-1,-1,-1,113011,277815,-1,240714,-1,233756,233756,-1,233756,-1,-1,233746,244058,-1,-1,-1,233756,-1,233756,-1,76201,240717,-1,-1
-1,268942,233244,-1,-1,227203,-1,-1,253436,-1,-1,227203,268941,-1,-1,-1,272094,241667,-1,-1,237288,-1,264725,78357,-1,262531,271446,227190,262531,-1,-1,253435,-1,-1,-1,271944,-1,262531,272050,262457,-1,-1,-1,113012,72705,-1,227192,-1,236479,227190,-1,262531,-1,-1,246774,272212,-1,-1,-1,227203,-1,262531,-1,233150,262531,-1,-1
-1,189117,226050,-1,-1,233125,-1,-1,223641,-1,-1,273124,274492,-1,-1,-1,242092,237407,-1,-1,238072,-1,233125,247245,-1,233125,271293,276257,233125,-1,-1,73881,-1,-1,232083,266610,-1,233125,79897,240150,-1,-1,-1,113018,266033,260734,260485,-1,271143,233125,-1,233125,-1,-1,77499,211387,-1,-1,-1,242998,-1,233125,-1,274942,242998,-1,-1
83165,205211,240503,-1,82368,212729,-1,78154,78950,-1,275549,255380,276808,-1,-1,-1,80918,212729,-1,-1,74514,-1,264340,245510,-1,212729,209281,221652,212729,78875,-1,73425,-1,-1,80287,269932,-1,212729,81232,261109,-1,-1,-1,113037,77536,269894,78874,-1,224189,212729,-1,212729,78217,83303,259266,276776,245269,-1,261881,212729,264633,212729,71150,234988,224967,-1,80535
-1,260106,256083,-1,-1,277490,-1,-1,277491,-1,-1,248334,278196,-1,-1,-1,277489,73091,-1,-1,278197,-1,271664,277492,-1,277490,272312,277570,277490,-1,-1,248276,-1,-1,81234,278670,-1,277490,70514,277490,-1,-1,-1,113040,277493,81341,277494,-1,230306,230306,-1,277490,208817,-1,76741,259732,278149,-1,-1,205869,-1,277490,-1,75129,205869,-1,-1
-1,77347,279831,-1,-1,266867,-1,-1,224817,-1,-1,215993,83278,-1,-1,-1,266825,258528,-1,-1,272946,-1,266867,261585,-1,266867,76072,272945,266867,-1,-1,235684,-1,-1,-1,76720,-1,266867,235989,241120,-1,-1,-1,113044,-1,-1,255319,-1,213433,266867,-1,266867,-1,-1,272313,160017,-1,-1,-1,272946,-1,266867,-1,220429,267481,-1,-1
-1,263976,244391,-1,-1,244391,-1,78190,239126,-1,-1,206436,278132,-1,-1,-1,245377,215616,-1,-1,239641,-1,263249,237667,-1,215616,255836,189881,244391,-1,-1,74689,-1,-1,243153,231821,-1,244391,278131,240328,-1,-1,-1,113057,81660,82925,79490,-1,233329,239126,-1,244391,279660,-1,277454,277471,73595,-1,-1,244391,-1,244391,277201,259349,235513,-1,-1
-1,227819,204850,-1,-1,247093,-1,-1,275557,-1,-1,247093,74765,-1,-1,-1,275559,231138,-1,-1,253001,-1,222709,276780,-1,247093,275564,235514,247093,-1,-1,245493,-1,-1,266833,270490,-1,247093,267424,204451,-1,-1,-1,113060,75707,240643,265483,-1,229173,235514,-1,247093,74437,-1,74103,245435,-1,-1,-1,231138,-1,247093,-1,225206,251906,-1,-1
-1,194372,212260,-1,-1,226568,-1,-1,258642,-1,-1,81512,269996,-1,-1,-1,80728,70937,-1,-1,235570,-1,226568,231266,-1,220620,251532,221989,220620,-1,-1,234226,-1,-1,264287,240908,-1,226568,234870,220620,-1,-1,-1,113142,278056,78025,245368,-1,277144,221989,-1,226568,277671,-1,224883,193107,-1,-1,-1,80729,-1,226568,-1,263621,80729,-1,-1
-1,245164,219948,-1,-1,202208,-1,-1,190962,-1,-1,253479,259346,-1,-1,-1,247630,245170,-1,-1,253712,-1,202208,253476,-1,202208,238551,263725,253479,-1,-1,259730,-1,-1,266718,253704,-1,253479,70970,248300,-1,-1,-1,113146,277478,-1,277479,-1,245165,245165,-1,202208,-1,-1,266721,82783,-1,-1,-1,212232,-1,202208,-1,71063,212232,-1,-1
-1,189430,79158,-1,-1,79158,-1,80072,247214,-1,-1,79150,79148,-1,-1,-1,203782,80069,-1,-1,271378,-1,79129,200904,-1,79158,74504,244906,79158,-1,-1,74931,-1,-1,79151,73901,-1,79158,82975,74501,-1,-1,-1,113147,279575,79149,70650,-1,239478,247214,-1,79158,74064,-1,260789,257752,79089,-1,-1,79158,-1,79158,251932,80071,73928,-1,-1
-1,266382,234505,-1,-1,234505,-1,-1,237255,-1,-1,275515,247356,-1,-1,-1,258881,255177,-1,-1,244788,-1,275602,81424,-1,234505,77517,221680,234505,-1,-1,215565,-1,-1,271986,239438,-1,234505,274542,216346,-1,-1,-1,113149,82999,-1,258620,-1,268610,237255,-1,234505,-1,-1,79420,237399,-1,-1,-1,237254,-1,234505,-1,243459,237254,-1,-1
-1,258328,220609,-1,-1,220609,-1,-1,259128,-1,-1,269684,260625,-1,-1,-1,253207,229800,-1,-1,236689,-1,245364,74695,-1,220609,235493,80634,220609,-1,-1,228627,-1,-1,74658,254800,-1,220609,81235,272906,-1,-1,-1,113217,81995,75761,81236,-1,261737,261737,-1,220609,81292,-1,270072,240531,-1,-1,-1,233730,-1,220609,-1,278749,233730,-1,-1
-1,219754,223627,-1,-1,223627,-1,279480,277495,-1,-1,77102,81239,-1,-1,-1,78995,262412,-1,-1,271636,-1,263893,78996,-1,223627,246381,245574,263893,-1,-1,72740,-1,-1,71344,244769,-1,263893,81238,277462,-1,-1,-1,113222,262287,225195,224959,-1,259378,245574,-1,223627,276609,-1,241954,208987,78984,-1,-1,223627,-1,223627,-1,271873,224394,-1,-1
-1,223760,279271,-1,-1,253505,-1,-1,81508,-1,-1,253505,-1,-1,-1,-1,75134,248251,-1,-1,248331,-1,256994,75155,-1,253505,248308,256990,253505,-1,-1,252246,-1,-1,-1,248301,-1,253505,-1,248294,-1,-1,-1,113257,-1,-1,253478,-1,200727,200727,-1,253505,-1,-1,-1,253701,-1,-1,-1,253505,-1,253505,-1,-1,276143,-1,-1
-1,248292,200471,-1,-1,200471,-1,-1,248274,-1,-1,251118,-1,-1,-1,-1,269671,253502,-1,-1,277545,-1,265454,248197,-1,228194,248319,228188,200471,-1,-1,248247,-1,-1,-1,258556,-1,200471,-1,228194,-1,-1,-1,113297,-1,-1,277360,-1,264362,228188,-1,200471,-1,-1,-1,277361,-1,-1,-1,200471,-1,200471,-1,-1,264662,-1,-1
-1,265460,264599,-1,-1,230132,-1,-1,233524,-1,-1,259648,75128,-1,-1,-1,271900,253697,-1,-1,278257,-1,230132,75561,-1,230132,75832,223763,233524,-1,-1,248304,-1,-1,244799,82890,-1,230132,271011,270735,-1,-1,-1,113298,263058,81643,75262,-1,79851,230132,-1,230132,245169,-1,73733,260146,-1,-1,-1,248307,-1,230132,-1,248296,248307,-1,-1
-1,265457,278234,-1,-1,71926,-1,-1,258410,-1,-1,71926,228195,-1,-1,-1,278937,278041,-1,-1,263683,-1,73061,258039,-1,71926,273877,262048,71926,-1,-1,253035,-1,-1,73063,253726,-1,71926,278247,264499,-1,-1,-1,113299,259646,-1,73062,-1,273880,262490,-1,71926,-1,-1,73056,73039,-1,-1,-1,262490,-1,71926,-1,273878,262490,-1,-1
-1,259729,214784,-1,-1,214784,-1,-1,254092,-1,-1,248298,276630,-1,-1,-1,259340,81379,-1,-1,273773,-1,231932,262047,-1,214784,72766,273755,214784,-1,-1,81966,-1,-1,81967,277359,-1,214784,228303,276629,-1,-1,-1,113300,81345,81964,278055,-1,81965,231932,-1,214784,-1,-1,273756,248325,-1,-1,-1,231932,-1,214784,-1,273754,259727,-1,-1
-1,259313,70658,-1,-1,234374,-1,-1,278697,-1,-1,70654,82006,-1,-1,-1,278054,234374,-1,-1,211476,-1,277567,248280,-1,277567,70661,257685,234374,-1,-1,259561,-1,-1,-1,270743,-1,234374,75136,256304,-1,-1,-1,113301,259488,-1,259137,-1,270742,270742,-1,234374,-1,-1,74869,208481,-1,-1,-1,75222,-1,234374,-1,74868,75222,-1,-1
-1,225213,77172,-1,-1,190939,-1,-1,248310,-1,-1,253064,278258,-1,-1,-1,259311,279563,-1,-1,278671,-1,204882,75053,-1,190939,264788,234508,190939,-1,-1,259764,-1,-1,279584,275683,-1,190939,82105,260147,-1,-1,-1,113302,276784,261537,236774,-1,248265,190939,-1,190939,82104,-1,77061,247670,-1,-1,-1,190939,-1,190939,-1,279659,190939,-1,-1
-1,71223,263364,-1,-1,263364,-1,-1,227837,-1,-1,275741,71726,-1,-1,-1,276375,274133,-1,-1,253980,-1,270560,80226,-1,263364,260193,208111,263364,-1,-1,231500,-1,-1,269822,255154,-1,263364,78042,235884,-1,-1,-1,113458,263186,78939,79206,-1,260555,227837,-1,263364,77309,-1,74396,259918,71724,-1,-1,263364,-1,263364,-1,81459,257853,-1,-1
-1,269754,279058,-1,-1,275490,-1,-1,71931,-1,-1,264295,239797,-1,-1,-1,76640,275490,-1,-1,71857,-1,78030,247962,-1,275490,74923,198642,275490,-1,-1,74631,-1,-1,78051,269756,-1,275490,72670,77084,-1,-1,-1,113459,269759,72122,257617,-1,71858,198642,-1,275490,-1,-1,269757,264088,-1,-1,-1,275490,-1,275490,-1,275170,272529,-1,-1
-1,72534,78793,-1,-1,239393,-1,-1,73292,-1,-1,241552,229885,-1,-1,-1,76964,244783,-1,-1,244522,-1,79373,74361,-1,239393,72541,247031,239393,-1,-1,256967,-1,-1,72535,72538,-1,239393,79375,239393,-1,-1,-1,113616,203026,244181,72542,-1,279209,216582,-1,239393,79369,-1,79931,70524,79932,-1,-1,239393,-1,239393,-1,72537,216582,-1,-1
-1,258239,236420,-1,-1,212934,-1,-1,257265,-1,-1,72866,234877,-1,-1,-1,231873,234984,-1,-1,271135,-1,212934,72869,-1,236420,225921,72871,236420,-1,-1,72873,-1,-1,80872,72877,-1,236420,276614,72868,-1,-1,-1,113888,224211,270053,277456,-1,72874,72874,-1,72866,-1,-1,276093,278145,-1,-1,-1,72868,-1,72866,-1,72870,81724,-1,-1
-1,242105,257220,-1,-1,232062,-1,-1,232062,-1,-1,226633,76657,-1,-1,-1,222145,254637,-1,-1,212165,-1,276566,247034,-1,276566,77353,256429,254637,-1,-1,227836,-1,-1,-1,263733,-1,232062,77953,80494,-1,-1,-1,113892,76659,-1,76859,-1,76870,254637,-1,232062,-1,-1,76661,247033,-1,-1,-1,254637,-1,232062,-1,273087,266651,-1,-1
-1,279028,233572,-1,-1,192319,-1,246094,244985,-1,-1,268904,237316,-1,-1,-1,252435,230876,-1,-1,197170,-1,219177,238319,-1,192319,236248,203292,192319,72294,-1,246173,-1,-1,186200,258375,-1,192319,207828,192319,-1,-1,-1,113926,212487,279236,251516,-1,78407,192319,-1,192319,80330,-1,252549,183789,248815,-1,-1,233572,-1,192319,261156,264554,263975,-1,264580
-1,231073,74924,-1,-1,245491,-1,225844,232439,-1,-1,231428,259057,-1,-1,-1,233968,230936,-1,-1,245491,-1,235942,252315,-1,245491,256214,243185,245491,-1,-1,273917,-1,-1,76431,75225,-1,245491,72850,240282,-1,-1,-1,113974,81257,80597,211302,-1,239998,239998,-1,231428,239732,-1,236767,279891,205089,-1,-1,73423,-1,231428,-1,227966,73423,-1,-1
-1,245871,265277,-1,-1,245879,-1,-1,266393,-1,-1,245882,277911,-1,-1,-1,276380,245879,-1,-1,268488,-1,273387,265305,-1,245879,72348,245877,245879,-1,-1,246967,-1,-1,-1,268487,-1,245879,79208,273391,-1,-1,-1,113984,72904,-1,243403,-1,268486,245879,-1,245879,-1,-1,245889,266451,-1,-1,-1,265277,-1,245879,-1,277965,265274,-1,-1
-1,248785,267287,-1,-1,246364,-1,-1,75545,-1,-1,80055,72865,-1,-1,-1,269678,269675,-1,-1,75714,-1,269677,246361,-1,246364,75546,269680,246364,-1,-1,246366,-1,-1,-1,276568,-1,246364,80059,72810,-1,-1,-1,113996,75715,-1,72828,-1,246364,246364,-1,246364,-1,-1,246377,80056,-1,-1,-1,246364,-1,246364,-1,248789,82398,-1,-1
-1,27251,-1,-1,-1,27251,-1,-1,27252,-1,-1,27263,-1,-1,-1,-1,-1,27266,-1,-1,27265,-1,-1,-1,-1,27251,-1,27253,27251,-1,-1,-1,-1,-1,-1,-1,-1,27251,-1,27264,-1,-1,-1,114019,-1,-1,-1,-1,27254,27251,-1,27251,-1,-1,-1,-1,-1,-1,-1,27251,-1,27251,-1,-1,-1,-1,-1
-1,-1,-1,-1,-1,-1,-1,-1,-1,-1,-1,-1,-1,-1,-1,-1,-1,-1,-1,-1,-1,-1,-1,-1,-1,-1,-1,-1,-1,-1,-1,-1,-1,-1,-1,-1,-1,-1,-1,-1,-1,-1,-1,114046,-1,-1,-1,-1,-1,-1,-1,-1,-1,-1,-1,-1,-1,-1,-1,-1,-1,-1,-1,-1,-1,-1,-1
-1,247976,215601,-1,-1,262443,-1,-1,254289,-1,-1,251634,260435,-1,-1,-1,260183,251052,-1,-1,247974,-1,262443,70960,-1,251634,235269,230703,247974,-1,-1,232295,-1,-1,72622,79181,-1,247974,257809,272675,-1,-1,-1,114147,251777,236579,79002,-1,247978,247978,-1,262443,262226,-1,276659,247893,73395,-1,-1,262443,-1,262443,-1,79263,227561,-1,-1
-1,213206,236885,-1,-1,269151,-1,-1,242624,-1,-1,261245,264157,-1,-1,-1,227855,199562,-1,-1,269151,-1,227594,70676,-1,269151,274107,278884,269151,-1,-1,212170,-1,-1,78458,261359,-1,269151,81403,279942,-1,-1,-1,114161,279937,261565,239944,-1,231948,199562,-1,269151,-1,-1,79847,266726,-1,-1,-1,261204,-1,269151,-1,255339,261204,-1,-1
-1,261305,210021,-1,-1,210021,-1,-1,198705,-1,-1,252858,226385,-1,-1,-1,70935,261875,-1,-1,231886,-1,256039,261874,-1,210021,77557,226737,210021,-1,-1,77463,-1,-1,202215,81771,-1,210021,70079,221713,-1,-1,-1,114162,70140,263237,261031,-1,259292,210021,-1,210021,239782,-1,71077,272887,-1,-1,-1,210021,-1,210021,-1,274665,234249,-1,-1
-1,248284,81920,-1,-1,277230,-1,253509,248302,-1,-1,261425,273760,-1,-1,-1,231461,248318,-1,-1,277230,-1,278674,257302,-1,277230,265659,248313,277230,-1,-1,73889,-1,-1,72971,242672,-1,277230,247627,79710,-1,-1,-1,114168,80228,81792,253499,-1,243568,248318,-1,277230,72157,-1,248290,270653,246715,-1,-1,253460,-1,277230,264661,259106,253460,-1,263224
-1,271411,222467,-1,-1,222467,-1,76970,261040,-1,-1,235398,268395,-1,-1,-1,73050,261143,-1,-1,243870,-1,263245,213404,-1,222467,244762,239179,222467,-1,-1,262940,-1,-1,257339,272943,-1,222467,278582,254822,-1,-1,-1,114326,251411,276735,263208,-1,245540,239179,-1,222467,81343,-1,240847,258311,248568,-1,-1,262314,-1,222467,83298,254899,262314,-1,-1
-1,253688,227427,-1,-1,251236,-1,83360,74659,-1,-1,244147,246827,-1,-1,-1,278333,205983,-1,-1,250952,-1,251236,248587,-1,73406,79430,233820,251236,-1,-1,251104,-1,-1,207624,243210,-1,73406,199572,191058,-1,-1,-1,114385,224977,243398,217699,-1,278087,191058,-1,73406,266075,-1,83210,251057,248443,-1,-1,205983,-1,73406,271164,72721,73406,-1,-1
-1,270054,211561,-1,-1,231753,-1,247180,73163,-1,-1,70450,254680,-1,-1,-1,254556,214606,-1,-1,78160,-1,231753,270587,-1,231753,268275,171791,70450,-1,-1,221750,-1,-1,274004,253146,-1,231753,259054,251025,-1,-1,-1,114510,77337,79824,73853,-1,240728,171791,-1,231753,263018,-1,264825,157970,261674,-1,-1,211561,-1,231753,258925,80521,77186,-1,247258
-1,233868,218738,-1,-1,218738,-1,197904,79067,-1,-1,228974,233871,-1,-1,-1,276369,79437,-1,-1,79060,-1,79058,276652,-1,218738,242513,79059,218738,-1,-1,275224,-1,-1,247905,79061,-1,79060,276618,80286,-1,-1,-1,114545,246663,79644,79063,-1,80166,233868,-1,79060,82374,-1,79062,208755,76200,-1,-1,228974,-1,218738,272944,79064,236985,-1,-1
-1,248000,79180,-1,-1,78704,-1,-1,78702,-1,-1,262706,80562,-1,-1,-1,257800,78704,-1,-1,79694,-1,78706,78699,-1,78704,252099,257215,78704,-1,-1,79125,-1,-1,81908,80868,-1,78704,78705,267632,-1,-1,-1,114546,79198,78711,240431,-1,78703,262706,-1,78704,82738,-1,247966,78700,-1,-1,-1,205760,-1,78704,-1,258453,205760,-1,-1
-1,223558,260044,-1,-1,263006,-1,-1,241505,-1,-1,266100,236393,-1,-1,-1,277311,79752,-1,-1,230134,-1,274828,263347,-1,75437,278758,271955,263006,-1,-1,247500,-1,-1,279881,245704,-1,263006,262498,263006,-1,-1,-1,114554,79751,276198,254507,-1,79703,230134,-1,263006,279603,-1,228707,265405,273022,-1,-1,260044,-1,263006,-1,79696,75437,-1,-1
-1,193359,266667,-1,-1,167663,-1,-1,254210,-1,-1,167663,71789,-1,-1,-1,266669,77423,-1,-1,242294,-1,71790,78102,-1,225679,189153,225679,255817,-1,-1,71795,-1,-1,-1,261822,-1,77423,78103,255817,-1,-1,-1,114581,-1,-1,243545,-1,234059,167663,-1,167663,-1,-1,71791,255812,-1,-1,-1,254449,-1,167663,-1,-1,254449,-1,-1
-1,250841,77266,-1,-1,265476,-1,-1,265476,-1,-1,253901,-1,-1,-1,-1,77587,77268,-1,-1,253810,-1,215168,77265,-1,265476,160130,259954,253810,-1,-1,77264,-1,-1,-1,77586,-1,253810,-1,259659,-1,-1,-1,114598,-1,-1,160003,-1,232653,250841,-1,265476,-1,-1,-1,77588,-1,-1,-1,215168,-1,265476,-1,-1,233892,-1,-1
-1,193302,209886,-1,-1,199159,-1,-1,260004,-1,-1,71161,73658,-1,-1,-1,264072,199159,-1,-1,225053,-1,278233,73659,-1,199159,239626,231634,199159,-1,-1,80010,-1,-1,81983,192250,-1,199159,253752,242057,-1,-1,-1,114604,81888,73940,228171,-1,179789,199159,-1,199159,82100,-1,199266,276845,209885,-1,-1,237375,-1,199159,-1,74787,237375,-1,-1
-1,251773,77352,-1,-1,272330,-1,-1,254941,-1,-1,260336,-1,-1,-1,-1,77983,272330,-1,-1,266386,-1,274896,77333,-1,272330,77350,271222,272330,-1,-1,81449,-1,-1,-1,260298,-1,272330,-1,274897,-1,-1,-1,114611,-1,-1,77357,-1,237644,260336,-1,272330,-1,-1,-1,77984,-1,-1,-1,272330,-1,272330,-1,-1,255135,-1,-1
-1,273731,254237,-1,-1,253910,-1,-1,254422,-1,-1,253910,-1,-1,-1,-1,254368,231570,-1,-1,254945,-1,265617,268291,-1,253910,269809,77445,254200,-1,-1,259906,-1,-1,-1,266084,-1,254200,-1,254200,-1,-1,-1,114615,-1,-1,77446,-1,78356,77445,-1,253910,-1,-1,-1,253338,-1,-1,-1,254237,-1,253910,-1,-1,253932,-1,-1
-1,240704,221815,-1,-1,272540,-1,-1,224674,-1,-1,247195,269514,-1,-1,-1,77914,240392,-1,-1,77572,-1,272540,271526,-1,272540,269031,231956,247195,-1,-1,222175,-1,-1,-1,79987,-1,272540,275304,224556,-1,-1,-1,114628,-1,-1,77912,-1,70550,231956,-1,272540,-1,-1,269110,269526,-1,-1,-1,227509,-1,272540,-1,259003,227509,-1,-1
-1,266282,241985,-1,-1,189280,-1,-1,202814,-1,-1,269913,77501,-1,-1,-1,263377,246299,-1,-1,189280,-1,198717,229379,-1,189280,72167,274534,189280,-1,-1,237920,-1,-1,-1,81765,-1,189280,274686,206086,-1,-1,-1,114640,-1,-1,262648,-1,198261,189280,-1,189280,-1,-1,275008,259550,-1,-1,-1,198717,-1,189280,-1,251547,75295,-1,-1
-1,238428,167198,-1,-1,1397,-1,247515,5003,-1,5419,1397,5467,-1,-1,-1,250,238382,-1,-1,243027,-1,28130,1605,-1,1397,246,1183,1397,6975,-1,1668,-1,-1,1201,243029,-1,1397,51,238430,-1,-1,-1,114815,240,45674,239261,-1,1116,1183,-1,1397,13128,27,54050,51539,5589,-1,330,28130,34079,1397,183277,7512,238424,-1,191972
-1,248150,224358,-1,-1,278192,-1,82313,275682,-1,-1,275687,77610,-1,-1,-1,256305,259175,-1,-1,278941,-1,266720,74000,-1,278192,253708,265458,259175,-1,-1,81923,-1,-1,73064,276984,-1,278192,73999,271240,-1,-1,-1,115202,239872,73060,233525,-1,278192,224358,-1,278192,253722,-1,277229,259562,253672,-1,-1,278192,-1,278192,83244,277850,74001,-1,77189
-1,273167,264946,-1,-1,259287,-1,-1,79937,-1,-1,265024,265012,-1,-1,-1,271809,273010,-1,-1,266601,-1,259287,264980,-1,259287,273169,273174,259287,-1,-1,273168,-1,-1,-1,276284,-1,259287,273171,266941,-1,-1,-1,115362,273179,-1,73014,-1,271347,259287,-1,259287,-1,-1,266963,79946,-1,-1,-1,259287,-1,259287,-1,273175,273099,-1,-1
-1,243759,246108,-1,-1,258844,-1,83318,258844,-1,-1,266838,77008,-1,-1,-1,258048,70053,-1,-1,275882,-1,242485,74240,-1,258844,226227,77005,258844,82884,-1,77006,-1,-1,70696,219175,-1,258844,77010,233292,-1,-1,-1,115472,272861,80225,233775,-1,226411,226411,-1,258844,77007,-1,70212,83317,70214,-1,-1,243977,-1,258844,83316,236018,243977,-1,83315
-1,-1,-1,-1,-1,-1,-1,-1,-1,-1,-1,-1,-1,-1,-1,-1,-1,-1,-1,-1,-1,-1,-1,-1,-1,-1,-1,-1,-1,-1,-1,-1,-1,-1,-1,-1,-1,-1,-1,-1,-1,-1,-1,115486,-1,-1,-1,-1,-1,-1,-1,-1,-1,-1,-1,-1,-1,-1,-1,-1,-1,-1,-1,-1,-1,-1,-1
-1,279403,160116,-1,-1,160116,-1,-1,159924,-1,-1,279380,-1,-1,-1,-1,159967,279382,-1,-1,160093,-1,279387,273741,-1,160116,160190,279365,160116,-1,-1,274157,-1,-1,-1,159944,-1,160116,-1,274158,-1,-1,-1,115536,-1,-1,230517,-1,279416,279380,-1,160116,-1,-1,-1,160015,-1,-1,-1,279413,-1,160116,-1,-1,279413,-1,-1
-1,261848,261852,-1,-1,261829,-1,-1,261858,-1,-1,261835,268470,-1,-1,-1,261849,261845,-1,-1,261833,-1,261843,261855,-1,261829,261844,261831,261843,-1,-1,261838,-1,-1,-1,261830,-1,261843,263479,261853,-1,-1,-1,115682,79204,-1,261842,-1,261829,261829,-1,261833,-1,-1,261841,261834,-1,-1,-1,261837,-1,261833,-1,268472,261837,-1,-1
-1,224987,246242,-1,-1,211361,-1,73162,224031,-1,-1,245275,270217,-1,-1,-1,189505,211361,-1,-1,255009,-1,263929,248729,-1,211361,255001,268804,211361,-1,-1,235374,-1,-1,210864,266123,-1,211361,219985,243237,-1,-1,-1,115841,206098,272876,264257,-1,210413,220502,-1,211361,251530,-1,275978,278032,275163,-1,-1,220502,-1,211361,258890,219581,220502,-1,278338
-1,252154,223273,-1,-1,216150,-1,-1,208165,-1,-1,262113,194894,-1,-1,-1,256115,266866,-1,-1,208461,-1,251470,256035,-1,216150,247229,260697,216150,-1,-1,74574,-1,-1,239368,265188,-1,251470,246875,216150,-1,-1,-1,115845,74483,253177,226710,-1,207993,208461,-1,251470,230899,-1,255611,216065,253002,-1,-1,208461,-1,251470,-1,76955,277839,-1,-1
-1,229501,74705,-1,-1,255109,-1,-1,263152,-1,-1,278946,227688,-1,-1,-1,262554,226295,-1,-1,227916,-1,255109,274494,-1,255109,269433,215651,226295,-1,-1,81879,-1,-1,78956,269697,-1,226295,263895,81875,-1,-1,-1,115892,80338,80402,245813,-1,241775,241775,-1,255109,263024,-1,80335,231146,-1,-1,-1,255109,-1,255109,-1,80279,271673,-1,-1
-1,264899,259287,-1,-1,239344,-1,248717,247788,-1,-1,239345,264908,-1,-1,-1,226998,266933,-1,-1,243404,-1,248822,264994,-1,239344,70145,264886,239344,-1,-1,270525,-1,-1,276519,239756,-1,248822,277278,239344,-1,-1,-1,115995,75090,265018,264933,-1,247513,264886,-1,248822,277452,-1,277039,271860,264903,-1,-1,247788,-1,239344,-1,273168,264890,-1,-1
-1,264915,73014,-1,-1,264922,-1,-1,277264,-1,-1,265042,75569,-1,-1,-1,74806,264929,-1,-1,276507,-1,264922,79457,-1,73014,267885,265052,264922,-1,-1,264926,-1,-1,79953,279695,-1,73014,73028,265034,-1,-1,-1,115996,79954,81647,76433,-1,264924,264915,-1,73014,265118,-1,79454,271830,73653,-1,-1,73014,-1,264922,-1,276937,265377,-1,-1
-1,73714,261773,-1,-1,265121,-1,-1,264975,-1,-1,265035,271404,-1,-1,-1,272097,264925,-1,-1,264936,-1,265058,79451,-1,265121,261796,238470,265121,-1,-1,273405,-1,-1,277041,273274,-1,265058,275904,265121,-1,-1,-1,115997,271405,265053,227137,-1,226979,261773,-1,265121,-1,-1,264058,79450,-1,-1,-1,265035,-1,265121,-1,275886,264947,-1,-1
-1,265054,226302,-1,-1,227337,-1,81642,265004,-1,-1,227337,79447,-1,-1,-1,79449,265063,-1,-1,247790,-1,265055,270329,-1,227337,76201,264934,265409,-1,-1,257530,-1,-1,80167,241847,-1,227337,264864,265409,-1,-1,-1,115998,75566,73237,73027,-1,265408,227337,-1,227337,78843,-1,265057,264999,70830,-1,-1,265063,-1,227337,-1,265421,240717,-1,-1
-1,264995,274850,-1,-1,265025,-1,74803,268451,-1,-1,264988,79517,-1,-1,-1,75279,80770,-1,-1,261810,-1,264982,79519,-1,274847,78273,274847,272657,-1,-1,264830,-1,-1,82134,273567,-1,264982,79520,272657,-1,-1,-1,115999,77158,82179,79516,-1,265703,274847,-1,265025,77159,-1,79518,73575,81798,-1,-1,265025,-1,265025,-1,83108,265025,-1,-1
-1,265043,272338,-1,-1,272338,-1,276505,265047,-1,-1,265033,276941,-1,-1,-1,265041,264991,-1,-1,73017,-1,265046,70546,-1,272338,73242,271837,272338,-1,-1,74794,-1,-1,81854,265045,-1,272338,265049,271819,-1,-1,-1,116001,81392,82178,261792,-1,265039,265039,-1,272338,81797,-1,74791,79727,75165,-1,-1,272338,-1,272338,-1,75094,272340,-1,-1
-1,227330,265145,-1,-1,271839,-1,-1,265075,-1,-1,72333,265172,-1,-1,-1,73026,265070,-1,-1,265073,-1,271839,265060,-1,271839,74580,269661,271839,-1,-1,265083,-1,-1,-1,79483,-1,271839,275849,265069,-1,-1,-1,116002,266404,-1,271845,-1,273403,265069,-1,271839,-1,-1,74889,272342,-1,-1,-1,265080,-1,271839,-1,277040,265080,-1,-1
-1,244301,279523,-1,-1,265082,-1,276842,264930,-1,-1,264940,73652,-1,-1,-1,264985,265082,-1,-1,265102,-1,265091,265007,-1,265082,80337,265023,264940,-1,-1,271952,-1,-1,75424,276480,-1,265082,264914,271788,-1,-1,-1,116003,265036,265006,272274,-1,248715,248715,-1,265082,244890,-1,73021,81335,73025,-1,-1,264940,-1,265082,-1,79728,226355,-1,-1
-1,73717,73023,-1,-1,73023,-1,264910,265120,-1,-1,265116,79522,-1,-1,-1,264949,264921,-1,-1,264907,-1,264931,265124,-1,73023,265123,271784,264931,-1,-1,73655,-1,-1,75933,265014,-1,264931,265122,79524,-1,-1,-1,116004,79521,271787,265101,-1,265119,265116,-1,73023,227734,-1,265117,265028,265166,-1,-1,73023,-1,73023,265126,274846,265382,-1,-1
-1,72562,272284,-1,-1,72475,-1,-1,73715,-1,-1,265144,72479,-1,-1,-1,73573,72475,-1,-1,72477,-1,265168,265128,-1,72475,266406,74954,265168,-1,-1,265359,-1,-1,82360,72448,-1,265168,79729,75092,-1,-1,-1,116005,72476,83302,275528,-1,272283,72475,-1,72475,73022,-1,265137,271786,-1,-1,-1,72475,-1,72475,-1,72474,79730,-1,-1
-1,265106,239761,-1,-1,265239,-1,-1,248343,-1,-1,237288,79441,-1,-1,-1,257001,245872,-1,-1,245802,-1,227110,244064,-1,265239,276552,263013,265239,-1,-1,262866,-1,-1,71131,266915,-1,245802,80053,265239,-1,-1,-1,116009,258680,246426,233364,-1,227119,245872,-1,239761,266949,-1,75719,276298,276299,-1,-1,245802,-1,265239,-1,265242,258980,-1,-1
-1,263009,276285,-1,-1,261733,-1,-1,240030,-1,-1,273466,272001,-1,-1,-1,265249,245882,-1,-1,242830,-1,261733,262093,-1,261733,227323,247461,261733,-1,-1,262330,-1,-1,265254,227246,-1,245882,241491,263007,-1,-1,-1,116010,74741,227383,227125,-1,238257,238257,-1,245882,275457,-1,267382,273411,-1,-1,-1,270407,-1,245882,-1,75108,270407,-1,-1
-1,244058,256489,-1,-1,266598,-1,74754,76998,-1,-1,279885,77575,-1,-1,-1,277966,265246,-1,-1,266598,-1,265258,265261,-1,266598,273177,274644,266939,-1,-1,82995,-1,-1,75186,265262,-1,266598,276726,266939,-1,-1,-1,116011,75726,264998,273520,-1,79410,256489,-1,266598,262868,-1,72578,265255,262458,-1,-1,256489,-1,266598,228081,264233,75725,-1,-1
-1,267212,263011,-1,-1,263011,-1,263012,250751,-1,-1,265340,275980,-1,-1,-1,264896,247477,-1,-1,273227,-1,258706,266551,-1,263011,265263,265293,247477,-1,-1,272114,-1,-1,265275,275942,-1,247477,268475,227013,-1,-1,-1,116012,76426,277508,244302,-1,233756,265293,-1,263011,277965,-1,78100,273838,266503,-1,-1,265293,-1,263011,-1,77784,266254,-1,-1
-1,246641,227255,-1,-1,265292,-1,-1,266393,-1,-1,275923,266590,-1,-1,-1,275969,265292,-1,-1,271568,-1,74404,265850,-1,265292,74729,247805,265705,-1,-1,273149,-1,-1,272208,265691,-1,265292,74738,265705,-1,-1,-1,116013,76576,83112,276846,-1,76693,227255,-1,265292,-1,-1,74739,265279,-1,-1,-1,227255,-1,265292,-1,81413,268996,-1,-1
-1,269805,248728,-1,-1,227348,-1,-1,80327,-1,-1,227115,72075,-1,-1,-1,265845,72791,-1,-1,275454,-1,227348,256094,-1,227348,273404,72788,227348,-1,-1,273687,-1,-1,-1,83180,-1,227348,266600,264955,-1,-1,-1,116014,79925,-1,265273,-1,235594,227115,-1,227348,-1,-1,80855,265295,-1,-1,-1,227348,-1,227348,-1,279583,264950,-1,-1
-1,235593,267328,-1,-1,253417,-1,-1,253417,-1,-1,265243,80797,-1,-1,-1,264969,80614,-1,-1,266918,-1,235657,246235,-1,253417,277983,265237,264866,-1,-1,265307,-1,-1,82771,77841,-1,266918,273469,273205,-1,-1,-1,116015,71366,75704,238422,-1,264866,235657,-1,253417,272011,-1,267374,247796,-1,-1,-1,235657,-1,253417,-1,264876,265274,-1,-1
-1,265331,244059,-1,-1,265319,-1,-1,265012,-1,-1,275964,79529,-1,-1,-1,245443,264831,-1,-1,272051,-1,271739,245834,-1,265319,265271,275920,265319,-1,-1,265342,-1,-1,72114,247797,-1,275964,271728,265319,-1,-1,-1,116016,71367,71620,265975,-1,268947,265331,-1,265319,242784,-1,246968,265269,265334,-1,-1,244059,-1,265319,-1,271107,272049,-1,-1
-1,245824,233746,-1,-1,227254,-1,266526,264875,-1,-1,275906,265341,-1,-1,-1,247791,245830,-1,-1,265317,-1,257008,267234,-1,227254,267217,74822,257008,-1,-1,265333,-1,-1,276350,279532,-1,275906,246414,233150,-1,-1,-1,116017,275450,264996,248799,-1,227254,227254,-1,227254,75204,-1,75291,266568,75571,-1,-1,246219,-1,227254,76580,266451,246219,-1,-1
-1,264889,265224,-1,-1,258704,-1,-1,268461,-1,-1,265253,75331,-1,-1,-1,273211,265322,-1,-1,265233,-1,227113,265252,-1,265233,273381,246208,265224,-1,-1,265326,-1,-1,278811,266947,-1,265224,266556,277963,-1,-1,-1,116020,79440,275398,265311,-1,258704,265233,-1,277963,-1,-1,275919,275451,-1,-1,-1,277963,-1,277963,-1,265265,265234,-1,-1
-1,265086,277451,-1,-1,78685,-1,-1,265385,-1,-1,267389,79723,-1,-1,-1,76199,262089,-1,-1,273563,-1,265010,265016,-1,273563,265378,79726,78685,-1,-1,71677,-1,-1,264923,79725,-1,265010,79724,78685,-1,-1,-1,116021,272482,71303,265896,-1,276502,262089,-1,267389,265059,-1,274510,264997,-1,-1,-1,267389,-1,78685,-1,82687,277263,-1,-1
-1,245956,246272,-1,-1,265674,-1,-1,227392,-1,-1,231432,248751,-1,-1,-1,273946,277951,-1,-1,265536,-1,227361,264980,-1,265674,265905,227316,265674,-1,-1,265092,-1,-1,72076,274753,-1,265674,227310,265674,-1,-1,-1,116033,76312,277175,261740,-1,242896,227316,-1,265674,-1,-1,265898,264893,-1,-1,-1,231432,-1,265674,-1,264944,278219,-1,-1
-1,247504,233662,-1,-1,233662,-1,-1,81625,-1,-1,275916,75175,-1,-1,-1,264884,274759,-1,-1,246630,-1,70803,278225,-1,233662,233852,227346,233662,-1,-1,70816,-1,-1,79955,277866,-1,233662,226336,262457,-1,-1,-1,116034,276774,277925,77050,-1,253469,233662,-1,233662,264905,-1,79958,264967,-1,-1,-1,233662,-1,233662,-1,75228,267531,-1,-1
-1,264865,269811,-1,-1,265861,-1,-1,271174,-1,-1,245697,277171,-1,-1,-1,274786,276862,-1,-1,264963,-1,265861,72078,-1,265861,276548,269208,265861,-1,-1,276825,-1,-1,77388,264959,-1,265861,81565,269972,-1,-1,-1,116035,80209,-1,276765,-1,241546,245697,-1,265861,-1,-1,265027,269943,-1,-1,-1,265861,-1,265861,-1,264906,275399,-1,-1
-1,264895,268640,-1,-1,265968,-1,-1,265879,-1,-1,265833,-1,-1,-1,-1,268000,271890,-1,-1,227356,-1,265968,227357,-1,268640,264971,246364,265968,-1,-1,270966,-1,-1,-1,269817,-1,268640,265002,265956,-1,-1,-1,116036,-1,-1,79717,-1,246568,264895,-1,268640,-1,-1,265890,77400,-1,-1,-1,268640,-1,268640,-1,-1,246177,-1,-1
-1,269959,265903,-1,-1,265903,-1,-1,264807,-1,-1,75368,-1,-1,-1,-1,277314,277349,-1,-1,265840,-1,75178,75181,-1,265903,75177,265892,265903,-1,-1,75180,-1,-1,-1,70802,-1,265903,231347,265894,-1,-1,-1,116037,-1,-1,70235,-1,265859,265903,-1,265903,-1,-1,-1,276775,-1,-1,-1,265903,-1,265903,-1,-1,271888,-1,-1
-1,264978,265716,-1,-1,265878,-1,-1,75390,-1,-1,271165,-1,-1,-1,-1,70236,80036,-1,-1,265878,-1,73677,79544,-1,265878,268261,273258,265878,-1,-1,270967,-1,-1,-1,273626,-1,265878,276772,270708,-1,-1,-1,116039,-1,-1,227116,-1,265883,265878,-1,265878,-1,-1,-1,78619,-1,-1,-1,265878,-1,265878,-1,-1,247743,-1,-1
-1,269202,265901,-1,-1,267661,-1,-1,270830,-1,-1,80039,80040,-1,-1,-1,246038,267661,-1,-1,265973,-1,277202,79539,-1,267661,269218,267652,267661,-1,-1,80877,-1,-1,-1,277067,-1,267661,80599,275410,-1,-1,-1,116044,-1,-1,268649,-1,79542,267661,-1,267661,-1,-1,79344,73675,-1,-1,-1,267661,-1,267661,-1,265917,79534,-1,-1
-1,246178,227073,-1,-1,258915,-1,-1,266937,-1,-1,262092,72950,-1,-1,-1,227074,261835,-1,-1,265240,-1,273099,227067,-1,266937,77098,258915,261835,-1,-1,272010,-1,-1,-1,272015,-1,261835,273001,266962,-1,-1,-1,116280,76319,-1,227072,-1,273275,227073,-1,258915,-1,-1,266995,272534,-1,-1,-1,227073,-1,258915,-1,79232,266931,-1,-1
-1,275811,261514,-1,-1,227095,-1,-1,276284,-1,-1,266973,83382,-1,-1,-1,267025,276098,-1,-1,227095,-1,266969,272341,-1,227095,275887,271347,227095,-1,-1,265681,-1,-1,80399,76320,-1,227095,77249,266970,-1,-1,-1,116282,246786,80403,264089,-1,272122,227095,-1,227095,267053,-1,75229,253741,-1,-1,-1,227095,-1,227095,-1,266243,227101,-1,-1
-1,267200,71666,-1,-1,242024,-1,-1,70110,-1,-1,77985,236640,-1,-1,-1,267293,71495,-1,-1,242024,-1,267201,71610,-1,242024,265853,73755,242024,-1,-1,76332,-1,-1,-1,73756,-1,242024,76333,273484,-1,-1,-1,116300,-1,-1,247512,-1,267209,267209,-1,242024,-1,-1,267524,267273,-1,-1,-1,242024,-1,242024,-1,-1,267300,-1,-1
-1,227925,71427,-1,-1,267223,-1,-1,71665,-1,-1,227387,77865,-1,-1,-1,81411,267529,-1,-1,267223,-1,273475,267375,-1,267223,76334,267203,267223,-1,-1,77421,-1,-1,-1,267215,-1,267223,265072,273470,-1,-1,-1,116302,-1,-1,265860,-1,273174,267203,-1,267223,-1,-1,264012,274767,-1,-1,-1,267529,-1,267223,-1,266093,268303,-1,-1
-1,273784,277926,-1,-1,277633,-1,-1,267247,-1,-1,71425,-1,-1,-1,-1,233838,76689,-1,-1,277633,-1,74172,81533,-1,277633,266091,71160,277633,-1,-1,71663,-1,-1,-1,81840,-1,277633,-1,267376,-1,-1,-1,116303,-1,-1,267214,-1,268012,267376,-1,277633,-1,-1,-1,273785,-1,-1,-1,277633,-1,277633,-1,-1,266240,-1,-1
-1,266816,279812,-1,-1,272115,-1,-1,247725,-1,-1,272115,77324,-1,-1,-1,266928,241224,-1,-1,71560,-1,268262,275915,-1,272115,266996,267261,272115,-1,-1,236642,-1,-1,-1,274779,-1,272115,243261,71561,-1,-1,-1,116304,-1,-1,243263,-1,265339,266816,-1,272115,-1,-1,76383,258979,-1,-1,-1,272217,-1,272115,-1,76283,272217,-1,-1
-1,226335,272100,-1,-1,267264,-1,-1,267221,-1,-1,247724,-1,-1,-1,-1,270079,70309,-1,-1,228628,-1,70305,70182,-1,267264,232073,226375,247724,-1,-1,76516,-1,-1,-1,79255,-1,247724,274810,269123,-1,-1,-1,116305,-1,-1,76766,-1,267264,226335,-1,267264,-1,-1,-1,75968,-1,-1,-1,247724,-1,267264,-1,-1,71516,-1,-1
-1,238212,273486,-1,-1,267227,-1,-1,279811,-1,-1,267227,-1,-1,-1,-1,76690,265854,-1,-1,231736,-1,70675,227096,-1,267227,227405,265862,267227,-1,-1,267391,-1,-1,-1,273487,-1,264960,70684,227384,-1,-1,-1,116306,-1,-1,275981,-1,267371,267371,-1,267227,-1,-1,271403,77893,-1,-1,-1,267227,-1,267227,-1,-1,264960,-1,-1
-1,265856,273504,-1,-1,70502,-1,-1,271945,-1,-1,70502,265950,-1,-1,-1,253175,246059,-1,-1,267199,-1,243262,267312,-1,70502,226890,267309,70502,-1,-1,71531,-1,-1,-1,70308,-1,267199,76485,267519,-1,-1,-1,116307,-1,-1,276359,-1,227421,243262,-1,267199,-1,-1,78921,274774,-1,-1,-1,267199,-1,70502,-1,-1,267299,-1,-1
-1,267314,273481,-1,-1,267305,-1,-1,267325,-1,-1,267318,-1,-1,-1,-1,267311,77548,-1,-1,267384,-1,71494,76213,-1,267305,276275,267474,267305,-1,-1,77964,-1,-1,-1,279908,-1,267305,76218,267305,-1,-1,-1,116308,-1,-1,76889,-1,267281,267281,-1,267305,-1,-1,-1,77799,-1,-1,-1,267384,-1,267305,-1,-1,76517,-1,-1
-1,273136,226893,-1,-1,267343,-1,-1,70713,-1,-1,71527,-1,-1,-1,-1,267226,279699,-1,-1,267336,-1,273467,273476,-1,267343,267268,267329,267343,-1,-1,273480,-1,-1,-1,76325,-1,71527,264011,267343,-1,-1,-1,116309,-1,-1,76324,-1,267276,267336,-1,71527,-1,-1,-1,76323,-1,-1,-1,267336,-1,267343,-1,-1,279799,-1,-1
-1,258310,233244,-1,-1,232075,-1,-1,271893,-1,-1,273175,76437,-1,-1,-1,76329,232075,-1,-1,266401,-1,243769,76216,-1,232075,238412,232074,232075,-1,-1,76215,-1,-1,274842,267353,-1,271040,76887,76326,-1,-1,-1,116310,244045,-1,226350,-1,265247,232075,-1,271040,-1,-1,80331,267219,-1,-1,-1,233244,-1,232075,-1,267362,271040,-1,-1
-1,273492,71583,-1,-1,71583,-1,-1,274813,-1,-1,266384,-1,-1,-1,-1,276482,267322,-1,-1,245839,-1,247811,243403,-1,71583,77095,267367,71583,-1,-1,77988,-1,-1,-1,71556,-1,71583,-1,79564,-1,-1,-1,116311,-1,-1,226316,-1,78730,267367,-1,71583,-1,-1,-1,79220,-1,-1,-1,77669,-1,71583,-1,-1,77669,-1,-1
-1,267368,264989,-1,-1,227353,-1,-1,77895,-1,-1,267381,-1,-1,-1,-1,75791,264900,-1,-1,227353,-1,277927,76482,-1,227353,71809,71586,227353,-1,-1,267386,-1,-1,-1,273158,-1,227353,-1,256095,-1,-1,-1,116312,-1,-1,273379,-1,76518,71586,-1,227353,-1,-1,-1,273780,-1,-1,-1,227397,-1,227353,-1,-1,227397,-1,-1
-1,268942,241846,-1,-1,236479,-1,-1,253436,-1,-1,227203,82184,-1,-1,-1,261855,78357,-1,-1,277699,-1,271446,279890,-1,236479,269404,227190,236479,-1,-1,227191,-1,-1,241667,81289,-1,227190,82127,267530,-1,-1,-1,116325,75063,253435,227102,-1,236479,227203,-1,236479,-1,-1,82183,268943,-1,-1,-1,227203,-1,236479,-1,237289,262531,-1,-1
-1,258789,246774,-1,-1,245879,-1,75012,264725,-1,-1,245879,76929,-1,-1,-1,227344,227327,-1,-1,263964,-1,259372,263966,-1,227327,279107,80230,245879,-1,-1,256303,-1,-1,265849,274758,-1,264725,81548,265024,-1,-1,-1,116326,242797,264946,265900,-1,271944,258789,-1,264725,272009,-1,76242,247789,81549,-1,-1,245879,-1,245879,77690,277952,273153,-1,258576
-1,227204,272094,-1,-1,265280,-1,-1,277339,-1,-1,274780,75425,-1,-1,-1,272112,265280,-1,-1,268946,-1,227369,272053,-1,265280,272099,272084,265280,-1,-1,272109,-1,-1,271742,78733,-1,265280,81677,272110,-1,-1,-1,116327,273010,-1,272145,-1,272012,227204,-1,265280,-1,-1,81741,272271,-1,-1,-1,265280,-1,265280,-1,273053,262545,-1,-1
-1,272212,272135,-1,-1,272123,-1,-1,272125,-1,-1,272137,77641,-1,-1,-1,272129,272008,-1,-1,272127,-1,75061,74786,-1,272127,275586,272119,272123,-1,-1,272138,-1,-1,272262,272203,-1,272137,278651,272123,-1,-1,-1,116328,81277,272130,75062,-1,272124,272124,-1,272127,272121,-1,276445,272211,-1,-1,-1,272127,-1,272127,-1,81285,271942,-1,-1
-1,72705,80913,-1,-1,76434,-1,-1,76434,-1,-1,275581,73586,-1,-1,-1,79783,78896,-1,-1,272269,-1,75041,272251,-1,272269,73226,272210,272269,-1,-1,73648,-1,-1,-1,79631,-1,272269,76051,275579,-1,-1,-1,116331,-1,-1,275588,-1,73529,275581,-1,76434,-1,-1,81304,79628,-1,-1,-1,275581,-1,76434,-1,79799,272024,-1,-1
-1,272235,276637,-1,-1,276637,-1,-1,269145,-1,-1,272225,272697,-1,-1,-1,272025,272246,-1,-1,77683,-1,272224,272147,-1,272224,79146,75255,272224,-1,-1,272113,-1,-1,272229,272234,-1,272224,272214,272232,-1,-1,-1,116332,81419,272228,267287,-1,272257,272232,-1,272224,-1,-1,233576,272236,-1,-1,-1,77683,-1,272224,-1,272040,277123,-1,-1
-1,274075,272047,-1,-1,272004,-1,-1,272014,-1,-1,261830,79659,-1,-1,-1,72706,72364,-1,-1,76620,-1,272244,272017,-1,272004,79648,272059,272004,-1,-1,75066,-1,-1,272265,75009,-1,272004,71979,272019,-1,-1,-1,116333,75393,75008,71978,-1,72910,272014,-1,272004,272018,-1,71497,272020,279189,-1,-1,272004,-1,272004,-1,81680,272004,-1,-1
-1,272061,247530,-1,-1,272204,-1,-1,272072,-1,-1,73850,-1,-1,-1,-1,267326,246287,-1,-1,272204,-1,272005,268949,-1,272204,272241,272013,272204,-1,-1,272077,-1,-1,-1,75294,-1,272204,81290,277544,-1,-1,-1,116334,-1,-1,272101,-1,272082,272082,-1,272204,-1,-1,75293,277685,-1,-1,-1,272005,-1,272204,-1,-1,276771,-1,-1
-1,279597,259334,-1,-1,272007,-1,-1,268993,-1,-1,272054,75408,-1,-1,-1,272199,272007,-1,-1,261843,-1,271443,272048,-1,261843,272200,276711,261843,-1,-1,268948,-1,-1,-1,268995,-1,259334,227359,78279,-1,-1,-1,116336,-1,-1,272073,-1,256302,259334,-1,259334,-1,-1,279191,70796,-1,-1,-1,259334,-1,259334,-1,-1,72783,-1,-1
-1,228630,262460,-1,-1,277573,-1,-1,228626,-1,-1,272146,76055,-1,-1,-1,277256,272202,-1,-1,275774,-1,272180,264986,-1,262460,272116,272055,277573,-1,-1,277145,-1,-1,-1,278942,-1,277573,71784,272172,-1,-1,-1,116337,241182,-1,275589,-1,277573,228630,-1,262460,-1,-1,73730,71503,-1,-1,-1,262460,-1,277573,-1,264671,272056,-1,-1
-1,246152,74861,-1,-1,266922,-1,72312,265301,-1,-1,266922,267583,-1,-1,-1,267238,268488,-1,-1,270892,-1,276722,265019,-1,265352,266975,227243,265352,-1,-1,245826,-1,-1,270330,265350,-1,266922,266923,265352,-1,-1,-1,116343,267585,79883,265277,-1,268486,265301,-1,266922,265076,-1,272207,271821,266907,-1,-1,266922,-1,266922,79467,82994,81456,-1,273050
-1,224702,223344,-1,-1,226096,-1,275320,269476,-1,-1,216741,269480,-1,-1,-1,224562,226096,-1,-1,264009,-1,221847,232256,-1,226096,207740,209839,226096,-1,-1,241252,-1,-1,79985,269539,-1,226096,225740,253518,-1,-1,-1,116360,251291,77902,275319,-1,241299,224702,-1,226096,77903,-1,208480,275318,275322,-1,-1,223344,-1,226096,77904,241318,244723,-1,77905
-1,261931,275190,-1,-1,230665,-1,-1,224692,-1,-1,224546,72003,-1,-1,-1,241334,235139,-1,-1,275666,-1,224675,73723,-1,230665,264029,222235,230665,-1,-1,79961,-1,-1,77941,79993,-1,230665,79992,232888,-1,-1,-1,116361,77944,237010,269552,-1,222199,222235,-1,230665,-1,-1,275663,71983,-1,-1,-1,275190,-1,230665,-1,261941,230665,-1,-1
-1,227349,268647,-1,-1,270049,-1,-1,270895,-1,-1,271811,270612,-1,-1,-1,264961,270049,-1,-1,269829,-1,269213,268060,-1,269829,75184,273160,270049,-1,-1,276797,-1,-1,-1,276971,-1,270049,72081,275395,-1,-1,-1,116416,-1,-1,265842,-1,71382,269213,-1,270049,-1,-1,261863,275382,-1,-1,-1,270049,-1,270049,-1,-1,276812,-1,-1
-1,265970,79532,-1,-1,265952,-1,-1,265952,-1,-1,264904,77825,-1,-1,-1,269818,277170,-1,-1,265937,-1,72074,80037,-1,265952,269214,72442,265952,-1,-1,267297,-1,-1,-1,272205,-1,265952,72463,72438,-1,-1,-1,116417,-1,-1,273255,-1,265893,264904,-1,265952,-1,-1,269812,76308,-1,-1,-1,265952,-1,265952,-1,-1,74083,-1,-1
-1,266553,279523,-1,-1,264891,-1,-1,266945,-1,-1,264891,273210,-1,-1,-1,269664,264932,-1,-1,277544,-1,266384,269662,-1,264891,265300,264886,264891,-1,-1,269657,-1,-1,-1,269668,-1,264891,273207,279524,-1,-1,-1,116428,279527,-1,269665,-1,269661,264886,-1,264891,-1,-1,79116,269655,-1,-1,-1,264891,-1,264891,-1,273215,273211,-1,-1
-1,272400,79277,-1,-1,273032,-1,-1,79622,-1,-1,272143,247543,-1,-1,-1,272144,272223,-1,-1,77681,-1,273130,277005,-1,79277,272570,273032,273130,-1,-1,272016,-1,-1,273187,80910,-1,273032,77682,77685,-1,-1,-1,131123,272192,-1,77687,-1,77677,273130,-1,273032,-1,-1,77684,273836,-1,-1,-1,272143,-1,273032,-1,272179,79973,-1,-1
-1,72795,72764,-1,-1,266598,-1,-1,265286,-1,-1,266598,279933,-1,-1,-1,277966,275925,-1,-1,72791,-1,72787,72797,-1,266598,72792,267221,266598,-1,-1,75550,-1,-1,-1,75390,-1,266598,80054,72763,-1,-1,-1,131124,75717,-1,277963,-1,72788,72788,-1,266598,-1,-1,267184,265267,-1,-1,-1,267221,-1,266598,-1,75712,269131,-1,-1
-1,273142,272148,-1,-1,246356,-1,-1,272168,-1,-1,272163,81440,-1,-1,-1,277173,272081,-1,-1,279037,-1,246356,268994,-1,272111,272159,272140,272111,-1,-1,272085,-1,-1,275967,265948,-1,272111,266941,272064,-1,-1,-1,131125,272046,-1,258914,-1,272111,246356,-1,272111,-1,-1,278313,272021,-1,-1,-1,246356,-1,246356,-1,82677,272266,-1,-1
-1,248221,182096,-1,-1,232264,-1,-1,239859,-1,-1,221856,77917,-1,-1,-1,70055,232264,-1,-1,73699,-1,224618,77915,-1,232264,77916,222200,232264,-1,-1,269037,-1,-1,239858,73700,-1,232264,255597,238103,-1,-1,-1,131173,198635,272748,232258,-1,225739,248221,-1,232264,192008,-1,222344,275474,264025,-1,-1,251111,-1,232264,-1,273007,251111,-1,-1
-1,219339,230685,-1,-1,230685,-1,-1,278006,-1,-1,262998,83202,-1,-1,-1,260459,263317,-1,-1,206413,-1,240941,72823,-1,230685,278157,278369,262998,-1,-1,221323,-1,-1,75853,271228,-1,262998,274548,246118,-1,-1,-1,131174,73581,-1,72825,-1,211987,230685,-1,230685,-1,-1,81567,271211,-1,-1,-1,239043,-1,230685,-1,81557,239043,-1,-1
-1,265115,272050,-1,-1,275938,-1,261831,261853,-1,-1,268470,237290,-1,-1,-1,73230,70851,-1,-1,275938,-1,77246,80898,-1,275938,268992,261829,275938,-1,-1,261858,-1,-1,80899,277776,-1,261829,81790,273265,-1,-1,-1,131358,77367,276397,261837,-1,273280,261829,-1,275938,275932,-1,277780,74712,261838,-1,-1,261829,-1,275938,-1,75305,275927,-1,-1
-1,275968,277815,-1,-1,233747,-1,-1,277813,-1,-1,79673,77243,-1,-1,-1,73227,277812,-1,-1,79666,-1,76331,79313,-1,233747,77059,233747,233747,-1,-1,73228,-1,-1,-1,79675,-1,233747,79669,275949,-1,-1,-1,131359,-1,-1,256102,-1,79314,233747,-1,233747,-1,-1,79674,278089,-1,-1,-1,233747,-1,233747,-1,80345,79676,-1,-1
-1,265040,265304,-1,-1,275820,-1,-1,275814,-1,-1,275826,74189,-1,-1,-1,274770,275824,-1,-1,275820,-1,275808,275822,-1,275820,75807,276382,275820,-1,-1,74194,-1,-1,-1,275818,-1,275820,275823,80341,-1,-1,-1,131360,-1,-1,267001,-1,275813,275813,-1,275820,-1,-1,80340,74187,-1,-1,-1,275824,-1,275820,-1,75809,75388,-1,-1
-1,80046,277308,-1,-1,264911,-1,-1,75002,-1,-1,264911,72229,-1,-1,-1,76011,277307,-1,-1,74026,-1,275845,71294,-1,273406,75369,273406,277308,-1,-1,76010,-1,-1,-1,80051,-1,273406,80050,277718,-1,-1,-1,131361,-1,-1,80049,-1,74023,273406,-1,264911,-1,-1,83139,74019,-1,-1,-1,264911,-1,264911,-1,83141,276615,-1,-1
-1,267236,72764,-1,-1,275917,-1,-1,276237,-1,-1,277881,77948,-1,-1,-1,76204,74915,-1,-1,272700,-1,275917,76653,-1,275917,80382,276238,275917,-1,-1,77946,-1,-1,83138,269657,-1,275917,76651,279933,-1,-1,-1,131362,264832,-1,76656,-1,76375,267236,-1,275917,-1,-1,77947,76649,-1,-1,-1,275917,-1,275917,-1,275925,246637,-1,-1
-1,245871,74030,-1,-1,265305,-1,-1,265305,-1,-1,74021,275897,-1,-1,-1,74024,74017,-1,-1,245891,-1,275899,79664,-1,265305,246899,267137,265305,-1,-1,273391,-1,-1,-1,79665,-1,265305,80061,275898,-1,-1,-1,131363,-1,-1,81333,-1,74027,245871,-1,265305,-1,-1,265203,74912,-1,-1,-1,247415,-1,265305,-1,-1,247415,-1,-1
-1,227457,72798,-1,-1,-1,-1,-1,227452,-1,-1,241225,-1,-1,-1,-1,71047,72793,-1,-1,243054,-1,273209,-1,-1,-1,76441,254564,-1,-1,-1,-1,-1,-1,-1,-1,-1,-1,-1,246359,-1,-1,-1,131368,-1,-1,70091,-1,242806,-1,-1,-1,-1,-1,-1,-1,-1,-1,-1,-1,-1,-1,-1,-1,276599,-1,-1
-1,275889,78844,-1,-1,275760,-1,-1,275533,-1,-1,275525,264912,-1,-1,-1,275536,271868,-1,-1,79626,-1,275760,78820,-1,264920,275527,267179,264920,-1,-1,78840,-1,-1,271406,276939,-1,264920,79630,264920,-1,-1,-1,131386,80116,277299,79633,-1,275895,275525,-1,275760,-1,-1,78842,276501,-1,-1,-1,275533,-1,275760,-1,271598,80460,-1,-1
-1,74395,275787,-1,-1,275787,-1,-1,275768,-1,-1,275784,83103,-1,-1,-1,72366,272270,-1,-1,80077,-1,277048,272032,-1,277048,76195,277116,275787,-1,-1,72223,-1,-1,-1,278665,-1,275787,75695,275765,-1,-1,-1,131391,-1,-1,277073,-1,275574,275784,-1,275787,-1,-1,77686,245825,-1,-1,-1,78888,-1,275787,-1,-1,78888,-1,-1
-1,267636,260482,-1,-1,236918,-1,80612,265734,-1,-1,271611,73671,-1,-1,-1,224874,224067,-1,-1,217047,-1,236918,217606,-1,236918,221908,242199,236918,-1,-1,266507,-1,-1,77967,246048,-1,236918,254859,75236,-1,-1,-1,131439,77495,70074,215247,-1,213697,224067,-1,236918,77459,-1,279225,235590,73870,-1,-1,236918,-1,236918,-1,279706,221992,-1,-1
-1,232410,275517,-1,-1,188825,-1,74586,277499,-1,-1,269748,225168,-1,-1,-1,74440,188825,-1,-1,79621,-1,276309,228775,-1,188825,198836,73083,188825,-1,-1,191390,-1,-1,81412,79265,-1,188825,252205,78113,-1,-1,-1,131447,80543,76247,74886,-1,73082,188825,-1,188825,71264,-1,79498,243711,74444,-1,-1,188825,-1,188825,80234,80689,79499,-1,-1
-1,248071,78696,-1,-1,251646,-1,-1,80284,-1,-1,248061,72935,-1,-1,-1,252484,262450,-1,-1,276247,-1,251646,72627,-1,251646,72619,72637,251646,-1,-1,263306,-1,-1,257837,72625,-1,251646,72624,257722,-1,-1,-1,131459,75984,83122,208626,-1,262856,72637,-1,251646,269709,-1,79194,262420,72621,-1,-1,251646,-1,251646,-1,255082,259803,-1,-1
-1,83085,274231,-1,-1,246918,-1,252284,71981,-1,-1,246918,213374,-1,-1,-1,255730,275487,-1,-1,213795,-1,277971,258747,-1,246918,242389,216778,213795,-1,-1,253713,-1,-1,79506,74416,-1,246918,79396,259053,-1,-1,-1,131463,193870,80024,258194,-1,232459,213795,-1,246918,83084,-1,246592,251995,248386,-1,-1,175851,-1,246918,-1,72654,175851,-1,-1
-1,273483,76377,-1,-1,76377,-1,-1,267350,-1,-1,76214,-1,-1,-1,-1,71599,77162,-1,-1,71679,-1,273472,236641,-1,76377,268505,273473,267208,-1,-1,267220,-1,-1,-1,267222,-1,267350,71680,267208,-1,-1,-1,131477,-1,-1,267250,-1,267283,267350,-1,76377,-1,-1,79719,71967,-1,-1,-1,272076,-1,76377,-1,-1,272076,-1,-1
-1,272994,245835,-1,-1,265571,-1,-1,273171,-1,-1,267358,-1,-1,-1,-1,71529,77803,-1,-1,272206,-1,265571,267272,-1,265571,245833,267332,271444,-1,-1,267338,-1,-1,-1,71613,-1,265571,77300,271444,-1,-1,-1,131478,-1,-1,267320,-1,267388,267358,-1,265571,-1,-1,-1,76220,-1,-1,-1,245835,-1,265571,-1,-1,264939,-1,-1
-1,269127,232381,-1,-1,274024,-1,-1,77637,-1,-1,235984,-1,-1,-1,-1,77939,274024,-1,-1,222273,-1,272759,240472,-1,222273,221801,255632,222273,-1,-1,77936,-1,-1,-1,272314,-1,274024,-1,224685,-1,-1,-1,131487,-1,-1,71471,-1,224558,269127,-1,274024,-1,-1,-1,77938,-1,-1,-1,232381,-1,274024,-1,-1,272622,-1,-1
-1,77573,241335,-1,-1,237135,-1,275652,76749,-1,-1,258731,279553,-1,-1,-1,222432,269155,-1,-1,271657,-1,237135,182409,-1,237135,194617,221972,258731,-1,-1,261929,-1,-1,76748,222306,-1,237135,71577,224544,-1,-1,-1,131488,79983,77918,233667,-1,227970,227970,-1,237135,79978,-1,245039,279550,269484,-1,-1,237135,-1,237135,-1,79976,191569,-1,-1
-1,230741,271533,-1,-1,279715,-1,-1,279717,-1,-1,279715,279824,-1,-1,-1,248392,279710,-1,-1,279739,-1,70185,279716,-1,70185,220786,273649,279715,-1,-1,254750,-1,-1,-1,77818,-1,279710,71424,179543,-1,-1,-1,131491,-1,-1,279713,-1,279738,279710,-1,279710,-1,-1,76904,279774,-1,-1,-1,279739,-1,279710,-1,279734,242419,-1,-1
-1,70846,-1,-1,-1,-1,-1,-1,70847,-1,-1,-1,-1,-1,-1,-1,-1,-1,-1,-1,-1,-1,-1,-1,-1,-1,-1,-1,-1,-1,-1,-1,-1,-1,-1,-1,-1,-1,-1,-1,-1,-1,-1,131524,-1,-1,-1,-1,-1,-1,-1,-1,-1,-1,-1,-1,-1,-1,-1,-1,-1,-1,-1,-1,-1,-1,-1
-1,-1,-1,-1,-1,-1,-1,-1,-1,-1,-1,-1,-1,-1,-1,-1,-1,-1,-1,-1,-1,-1,-1,-1,-1,-1,-1,-1,-1,-1,-1,-1,-1,-1,-1,-1,-1,-1,-1,-1,-1,-1,-1,131527,-1,-1,-1,-1,-1,-1,-1,-1,-1,-1,-1,-1,-1,-1,-1,-1,-1,-1,-1,-1,-1,-1,-1
-1,250978,242698,-1,-1,242698,-1,-1,80134,-1,-1,233874,76595,-1,-1,-1,76599,226296,-1,-1,240917,-1,222853,222278,-1,233874,253967,222435,233874,-1,-1,252517,-1,-1,-1,261907,-1,242698,76597,248003,-1,-1,-1,131531,-1,-1,77945,-1,201026,222435,-1,233874,-1,-1,221850,76593,-1,-1,-1,257518,-1,233874,-1,-1,257518,-1,-1
-1,238399,-1,-1,-1,-1,-1,-1,-1,-1,-1,-1,-1,-1,-1,-1,-1,-1,-1,-1,-1,-1,-1,-1,-1,-1,-1,-1,-1,-1,-1,-1,-1,-1,-1,-1,-1,-1,-1,-1,-1,-1,-1,131680,-1,-1,-1,-1,-1,-1,-1,-1,-1,-1,-1,-1,-1,-1,-1,-1,-1,-1,-1,-1,-1,-1,-1
-1,215698,227796,-1,-1,177003,-1,-1,242664,-1,-1,213666,80809,-1,-1,-1,245630,177003,-1,-1,278237,-1,210008,253473,-1,177003,232411,232756,177003,-1,-1,237942,-1,-1,257186,265774,-1,177003,279782,254840,-1,-1,-1,131681,73286,74010,205431,-1,240277,215698,-1,177003,81252,-1,245152,205812,-1,-1,-1,241721,-1,177003,-1,72179,241721,-1,-1
-1,177683,228093,-1,-1,226268,-1,82087,256632,-1,-1,224232,219715,-1,-1,-1,239807,208128,-1,-1,226268,-1,210406,276278,-1,208128,192883,241736,208128,-1,-1,199845,-1,-1,184392,258648,-1,226268,198176,237383,-1,-1,-1,131682,268558,233096,259565,-1,229237,231478,-1,208128,77615,-1,277327,243311,268534,-1,-1,208128,-1,208128,-1,77523,231478,-1,-1
-1,261848,72221,-1,-1,278195,-1,-1,72814,-1,-1,72147,72150,-1,-1,-1,76960,278195,-1,-1,72285,-1,72149,72288,-1,278195,272188,265021,278195,-1,-1,73029,-1,-1,72290,73231,-1,278195,73031,72215,-1,-1,-1,131720,275587,75392,279215,-1,72286,72149,-1,278195,72152,-1,72222,72217,72148,-1,-1,72149,-1,278195,-1,82678,236478,-1,-1
-1,71691,271259,-1,-1,71706,-1,-1,265832,-1,-1,261841,-1,-1,-1,-1,81566,273478,-1,-1,71706,-1,272607,265096,-1,71706,71703,265969,71706,-1,-1,273365,-1,-1,-1,265005,-1,71706,79537,264987,-1,-1,-1,131724,-1,-1,271402,-1,71696,71696,-1,71706,-1,-1,267648,272043,-1,-1,-1,71706,-1,71706,-1,-1,78636,-1,-1
-1,269921,265171,-1,-1,275779,-1,-1,273150,-1,-1,262459,78389,-1,-1,-1,72344,272153,-1,-1,268944,-1,275779,276904,-1,275779,275782,72340,72345,-1,-1,272164,-1,-1,-1,272038,-1,262459,272254,72345,-1,-1,-1,131733,81293,-1,72361,-1,72359,72345,-1,262459,-1,-1,272126,268951,-1,-1,-1,72345,-1,275779,-1,80573,272136,-1,-1
-1,246610,242749,-1,-1,242749,-1,-1,242558,-1,-1,208974,76771,-1,-1,-1,275571,251660,-1,-1,229011,-1,72739,231179,-1,242749,74949,220061,241538,-1,-1,74948,-1,-1,83124,277460,-1,242749,232904,72741,-1,-1,-1,131735,234333,83136,77534,-1,241538,208974,-1,242749,-1,-1,81872,259364,-1,-1,-1,261072,-1,242749,-1,74057,261072,-1,-1
-1,235860,73092,-1,-1,237268,-1,-1,246195,-1,-1,237333,231065,-1,-1,-1,210826,240262,-1,-1,240096,-1,274006,208543,-1,237333,73106,259723,237268,-1,-1,73102,-1,-1,73104,208520,-1,274006,254143,237268,-1,-1,-1,131739,73937,-1,243966,-1,272324,235860,-1,237268,-1,-1,73105,225993,-1,-1,-1,227040,-1,237268,-1,73103,227040,-1,-1
-1,80009,259797,-1,-1,259797,-1,-1,254943,-1,-1,80800,-1,-1,-1,-1,267989,75365,-1,-1,254064,-1,82498,260739,-1,259797,226044,255896,259797,-1,-1,78774,-1,-1,-1,78189,-1,259797,254194,75358,-1,-1,-1,131795,-1,-1,80765,-1,234919,259797,-1,259797,-1,-1,-1,228739,-1,-1,-1,75362,-1,259797,-1,-1,75362,-1,-1
-1,244316,208135,-1,-1,193301,-1,70952,221370,-1,83167,273604,270460,-1,-1,-1,231801,278902,-1,-1,240600,-1,220621,241862,-1,220621,191269,210648,220621,83166,-1,264823,-1,-1,82367,248482,-1,220621,260703,269683,-1,-1,-1,131798,209166,77389,245438,-1,273123,210648,-1,220621,267827,-1,279627,74977,260414,-1,-1,193301,-1,193301,238186,256130,193301,-1,277488
-1,269805,241846,-1,-1,264884,-1,-1,74401,-1,-1,264971,75021,-1,-1,-1,73677,264954,-1,-1,265082,-1,78461,264982,-1,264884,265102,275895,265082,-1,-1,277278,-1,-1,-1,264930,-1,265082,79183,271788,-1,-1,-1,131877,78463,-1,276765,-1,264884,241846,-1,264884,-1,-1,265017,78462,-1,-1,-1,265082,-1,264884,-1,75063,78609,-1,-1
-1,272213,235659,-1,-1,226987,-1,-1,268941,-1,-1,226987,266457,-1,-1,-1,226973,276297,-1,-1,226997,-1,237197,268945,-1,226987,233751,277169,226987,-1,-1,275961,-1,-1,278194,265336,-1,226987,269131,272332,-1,-1,-1,132176,79138,275453,232202,-1,227069,226987,-1,226987,276883,-1,248790,270406,79140,-1,-1,226987,-1,226987,-1,227109,266504,-1,-1
-1,232549,76721,-1,-1,78346,-1,-1,78342,-1,-1,78346,279506,-1,-1,-1,78343,251313,-1,-1,252169,-1,78349,78340,-1,78346,79472,262160,78346,-1,-1,263344,-1,-1,-1,78348,-1,78346,254273,78339,-1,-1,-1,132231,-1,-1,245565,-1,271458,262160,-1,78346,-1,-1,78345,257789,-1,-1,-1,73932,-1,78346,-1,-1,73932,-1,-1
-1,226182,76503,-1,-1,269579,-1,79986,269579,-1,-1,276076,243108,-1,-1,-1,222190,77906,-1,-1,198640,-1,222191,76499,-1,198640,264324,237033,198640,-1,-1,222179,-1,-1,76490,222449,-1,198640,79960,240393,-1,-1,-1,132305,261919,76494,241997,-1,257936,212601,-1,198640,76506,-1,76498,251112,272814,-1,-1,212601,-1,198640,261947,222195,212601,-1,224677
-1,80042,246223,-1,-1,265986,-1,-1,264962,-1,-1,267653,78617,-1,-1,-1,275400,265864,-1,-1,270619,-1,265915,78633,-1,265986,78628,242795,265986,-1,-1,78624,-1,-1,-1,273196,-1,265986,273199,78623,-1,-1,-1,132370,275396,-1,231349,-1,265986,264962,-1,265986,-1,-1,78627,270558,-1,-1,-1,264968,-1,265986,-1,78620,264968,-1,-1
-1,254191,199830,-1,-1,199830,-1,-1,77230,-1,-1,77118,-1,-1,-1,-1,78667,260507,-1,-1,71786,-1,246788,264718,-1,199830,160098,77289,199830,-1,-1,160060,-1,-1,-1,160077,-1,199830,-1,260275,-1,-1,-1,132375,-1,-1,253570,-1,160065,199830,-1,199830,-1,-1,-1,77775,-1,-1,-1,199830,-1,199830,-1,-1,255427,-1,-1
-1,275523,79734,-1,-1,78684,-1,78681,265064,-1,265029,78689,265138,-1,-1,-1,78780,79732,-1,-1,78782,-1,78684,276848,-1,78684,265074,265051,79732,272293,-1,78677,-1,-1,78694,79735,-1,78682,78691,78687,-1,-1,-1,132533,83463,78683,272298,-1,78682,78689,-1,78684,276506,78679,265107,79733,78692,-1,78678,79734,78690,78684,275989,265897,79221,-1,83455
-1,78813,273202,-1,-1,78830,-1,-1,273194,-1,-1,264885,-1,-1,-1,-1,265931,273180,-1,-1,78823,-1,78832,265916,-1,78830,78826,268643,78832,-1,-1,78821,-1,-1,-1,269816,-1,78832,78829,275403,-1,-1,-1,132588,-1,-1,73764,-1,265902,78813,-1,78832,-1,-1,-1,77866,-1,-1,-1,78830,-1,78830,-1,-1,78830,-1,-1
-1,264935,265026,-1,-1,78602,-1,276849,265129,-1,-1,78602,264966,-1,-1,-1,272288,264954,-1,-1,265383,-1,271864,264943,-1,78602,78601,265079,78602,266399,-1,265164,-1,-1,82959,265159,-1,78602,279693,264992,-1,-1,-1,132589,261793,82962,78605,-1,78596,78602,-1,78602,81334,-1,275534,79731,81853,-1,-1,78602,-1,78602,261799,78599,265009,-1,75329
-1,275576,276887,-1,-1,276887,-1,-1,79617,-1,-1,78900,72464,-1,-1,-1,78897,272680,-1,-1,269678,-1,276468,75435,-1,276887,273912,77986,276887,-1,-1,78898,-1,-1,80059,81679,-1,276887,79619,78881,-1,-1,-1,132629,78901,81787,79975,-1,78884,276887,-1,276887,-1,-1,72810,272255,-1,-1,-1,269678,-1,276887,-1,83107,78883,-1,-1
-1,79362,79358,-1,-1,79350,-1,-1,79345,-1,-1,79351,-1,-1,-1,-1,79359,79349,-1,-1,79350,-1,79352,79360,-1,79345,79353,79346,79345,-1,-1,79356,-1,-1,-1,79357,-1,79348,-1,79348,-1,-1,-1,132630,-1,-1,79354,-1,79347,79361,-1,79350,-1,-1,-1,79355,-1,-1,-1,79351,-1,79350,-1,-1,79361,-1,-1
6235,1179,190042,-1,274750,190042,53302,190046,5003,13128,1116,1397,1238,262271,173210,-1,238427,7763,-1,120274,214100,1025,238382,166906,171877,214100,238435,238439,190042,9676,-1,1041,5740,1201,28130,1088,-1,7763,1114,250890,16619,-1,-1,132670,192181,1625,166691,-1,1183,238439,-1,7763,238430,1615,138449,51539,266690,-1,135455,190042,138956,7763,233700,41236,37576,214098,166676
-1,488,8473,-1,-1,570,-1,-1,121939,-1,-1,182521,10264,-1,-1,-1,45197,238435,-1,-1,570,-1,28765,7743,-1,238435,156616,168473,5454,-1,-1,266690,-1,-1,150418,251483,-1,121939,166676,5454,-1,-1,-1,132671,191208,30110,121944,-1,261593,168473,-1,570,269603,-1,45661,167495,-1,-1,-1,190048,-1,570,-1,242510,190048,-1,-1
1620,238428,51,-1,45197,5471,45674,250,5467,1668,262112,13743,31432,273812,1201,-1,240,5471,-1,247515,238427,266473,54050,140601,1845,13743,20289,251483,34079,183277,-1,243029,248146,16254,214100,274967,-1,13743,1605,34079,49369,-1,-1,132672,10264,167198,246,-1,7289,51,-1,1625,3622,274966,71557,48940,1116,-1,5740,51,5419,1625,570,238388,1625,6975,142754
-1,48940,41236,-1,-1,28130,-1,570,1615,-1,30110,183277,167198,-1,-1,-1,1668,1605,-1,-1,170890,-1,28130,1551,-1,41236,238427,1116,5454,20289,-1,3622,-1,-1,274967,135455,-1,28130,1397,5454,-1,-1,-1,132673,31432,5661,156616,-1,238443,1116,-1,28130,191972,-1,40898,1179,167425,-1,-1,41236,45674,28130,275049,167134,1625,-1,1620
262285,5479,1397,-1,25924,167680,-1,4833,238384,-1,166124,214101,37576,-1,-1,-1,1668,41,-1,-1,45197,-1,190045,238430,-1,167680,250,161840,1397,9676,-1,26709,-1,-1,182521,142754,-1,1397,23174,5589,-1,-1,-1,132674,166149,4231,10535,-1,167680,238384,-1,167680,1183,214649,28130,44897,176676,-1,238424,214101,222000,167680,191695,266691,45661,-1,5661
-1,79786,79794,-1,-1,79794,-1,79792,256730,-1,-1,80065,81552,-1,-1,-1,257171,69996,-1,-1,247533,-1,79791,79795,-1,79794,197813,79787,247533,-1,-1,272616,-1,-1,225166,72080,-1,79794,79789,251924,-1,-1,-1,132680,80064,275619,76245,-1,260776,251924,-1,79794,79788,-1,79790,190700,80066,-1,-1,79794,-1,79794,80744,79793,79797,-1,257138
-1,251742,251732,-1,-1,251721,-1,-1,251747,-1,-1,251727,-1,-1,-1,-1,251744,251745,-1,-1,251748,-1,251721,251724,-1,251721,251738,251722,251721,-1,-1,251737,-1,-1,-1,251733,-1,251721,-1,251743,-1,-1,-1,132681,-1,-1,251746,-1,251725,251725,-1,251721,-1,-1,-1,251739,-1,-1,-1,251721,-1,251721,-1,-1,251723,-1,-1
-1,1179,238382,-1,-1,7763,-1,-1,1615,-1,-1,1397,-1,-1,-1,-1,173210,7763,-1,-1,222077,-1,1114,170890,-1,1397,238427,1183,7763,-1,-1,239580,-1,-1,-1,258966,-1,7763,277954,250890,-1,-1,-1,132702,-1,-1,6235,-1,138956,222077,-1,7763,-1,-1,274966,51539,-1,-1,-1,238382,-1,7763,-1,-1,233700,-1,-1
-1,212831,247699,-1,-1,274967,-1,-1,253149,-1,-1,13743,-1,-1,-1,-1,5673,45197,-1,-1,209331,-1,247515,273812,-1,13743,51257,203376,274967,-1,-1,15723,-1,-1,-1,142754,-1,13743,5419,274967,-1,-1,-1,132703,-1,-1,266801,-1,5467,203376,-1,247699,-1,-1,49369,44897,-1,-1,-1,209331,-1,247699,-1,-1,247703,-1,-1
-1,5479,45661,-1,-1,238430,-1,-1,204963,-1,-1,182521,-1,-1,-1,-1,166149,252371,-1,-1,1668,-1,1397,71557,-1,238430,5589,1183,238430,-1,-1,250,-1,-1,-1,176676,-1,182521,37576,238430,-1,-1,-1,132704,-1,-1,254642,-1,161840,204963,-1,1397,-1,-1,191695,192119,-1,-1,-1,1397,-1,238430,-1,-1,231747,-1,-1
-1,167495,156616,-1,-1,156616,-1,-1,121939,-1,-1,121944,-1,-1,-1,-1,28765,247827,-1,-1,238435,-1,256790,45197,-1,190048,182521,168473,5454,-1,-1,7743,-1,-1,-1,261593,-1,121939,202126,5454,-1,-1,-1,132705,-1,-1,150418,-1,266690,167495,-1,238435,-1,-1,242510,488,-1,-1,-1,190048,-1,238435,-1,-1,190048,-1,-1
-1,48940,1201,-1,-1,5471,-1,-1,238074,-1,-1,257534,-1,-1,-1,-1,214100,5471,-1,-1,1668,-1,183277,256079,-1,5471,49369,1116,5471,-1,-1,45674,-1,-1,-1,184943,-1,5471,7512,34079,-1,-1,-1,132706,-1,-1,27,-1,3622,238074,-1,5471,-1,-1,233700,228789,-1,-1,-1,5471,-1,5471,-1,-1,31432,-1,-1
