leaguegoals,isamongtopscorers,yellows,isamongtopscorersinteam,jerseynumber,position,artificialkey,teamid,leaguegoalsprevmatch,injury,leagueappearances,istopscorer,leaguegoalsprevthreematches,playerid,form,reds
0,0,0,0,1,0,0,269,0,0,0,0,0,228505,3,0
0,0,0,0,2,3,1,269,0,0,0,0,0,251908,3,0
0,0,0,0,32,4,2,269,0,0,0,0,0,250851,3,0
1,0,0,0,4,6,3,269,0,0,0,0,0,245900,3,0
0,0,0,0,27,7,4,269,0,0,0,0,0,233178,3,0
3,0,0,1,24,12,5,269,0,0,0,0,0,264515,3,0
1,0,0,0,10,13,6,269,0,0,0,0,0,172522,3,0
1,0,0,0,8,15,7,269,0,0,0,0,0,272596,3,0
5,0,0,1,7,16,8,269,0,0,0,0,0,251356,3,0
4,0,0,1,11,24,9,269,0,0,0,0,0,257157,3,0
3,0,0,1,38,26,10,269,0,0,0,0,0,77394,3,0
0,0,0,0,42,28,11,269,0,0,0,0,0,77393,3,0
0,0,0,0,30,28,12,269,0,0,0,0,0,212121,3,0
0,0,0,0,31,28,13,269,0,0,0,0,0,219814,3,0
0,0,0,0,5,28,14,269,0,0,0,0,0,225948,3,0
0,0,0,0,13,28,15,269,0,0,0,0,0,271112,3,0
0,0,0,0,17,28,16,269,0,0,0,0,0,239015,3,0
0,0,0,0,39,28,17,269,0,0,0,0,0,82145,3,0
0,0,0,0,18,28,18,269,0,0,0,0,0,79556,3,0
3,0,0,1,19,28,19,269,0,0,0,0,0,79557,3,0
0,0,0,0,16,28,20,269,0,0,0,0,0,215693,3,0
0,0,0,0,99,28,21,269,0,0,0,0,0,243222,3,0
0,0,0,0,14,28,22,269,0,0,0,0,0,225793,3,0
0,0,0,0,29,29,23,269,0,0,0,0,0,243876,3,0
0,0,0,0,22,29,24,269,0,0,0,0,0,77092,3,0
0,0,0,0,36,29,25,269,0,0,0,0,0,82146,3,0
0,0,0,0,43,29,26,269,0,0,0,0,0,82147,3,0
0,0,0,0,23,29,27,269,0,0,0,0,0,256427,3,0
0,0,0,0,1,0,28,270,0,0,0,0,0,200209,3,0
2,0,0,1,19,3,29,270,0,0,0,0,0,213835,3,0
0,0,0,0,3,4,30,270,0,0,0,0,0,257036,3,0
1,0,0,1,4,6,31,270,0,0,0,0,0,266890,3,0
0,0,0,0,2,7,32,270,0,0,0,0,0,236875,3,0
0,0,0,0,7,13,33,270,0,0,0,0,0,278363,3,0
0,0,0,0,33,14,34,270,0,0,0,0,0,73644,3,0
0,0,0,0,20,15,35,270,0,0,0,0,0,243891,3,0
8,1,0,1,17,17,36,270,0,0,0,0,0,243666,3,0
2,0,0,1,10,19,37,270,0,0,0,0,0,262538,3,0
7,0,0,1,23,25,38,270,0,0,0,0,0,271320,3,0
0,0,0,0,9,28,39,270,0,0,0,0,0,267783,3,0
0,0,0,0,11,28,40,270,0,0,0,0,0,264670,3,0
0,0,0,0,36,28,41,270,0,0,0,0,0,73641,3,0
0,0,0,0,18,28,42,270,0,0,0,0,0,256846,3,0
0,0,0,0,30,28,43,270,0,0,0,0,0,265179,3,0
0,0,0,0,8,28,44,270,0,0,0,0,0,216286,3,0
0,0,0,0,26,28,45,270,0,0,0,0,0,79957,3,0
0,0,0,0,22,28,46,270,0,0,0,0,0,247658,3,0
0,0,0,0,14,28,47,270,0,0,0,0,0,262537,3,0
0,0,0,0,6,28,48,270,0,0,0,0,0,264517,3,0
1,0,0,1,40,28,49,270,0,0,0,0,0,262588,3,0
0,0,0,0,25,28,50,270,0,0,0,0,0,252737,3,0
0,0,0,0,24,29,51,270,0,0,0,0,0,73988,3,0
0,0,0,0,28,29,52,270,0,0,0,0,0,79956,3,0
0,0,0,0,16,29,53,270,0,0,0,0,0,79551,3,0
0,0,0,0,1,0,54,271,0,0,0,0,0,132740,3,0
2,0,0,1,2,4,55,271,0,0,0,0,0,238222,3,0
0,0,0,0,3,5,56,271,0,0,0,0,0,190633,3,0
0,0,0,0,19,6,57,271,0,0,0,0,0,253472,3,0
10,1,0,1,31,23,58,271,0,0,0,0,0,256746,3,0
3,0,0,1,29,12,59,271,0,0,0,0,0,250854,3,0
1,0,0,0,6,13,60,271,0,0,0,0,0,213530,3,0
1,0,0,0,17,15,61,271,0,0,0,0,0,243539,3,0
2,0,0,1,11,16,62,271,0,0,0,0,0,253409,3,0
6,0,0,1,10,27,63,271,0,0,0,0,0,251201,3,0
7,0,0,1,9,25,64,271,0,0,0,0,0,191083,3,0
1,0,0,0,39,28,65,271,0,0,0,0,0,77729,3,0
2,0,0,1,7,28,66,271,0,0,0,0,0,260149,3,0
0,0,0,0,5,28,67,271,0,0,0,0,0,231828,3,0
0,0,0,0,40,28,68,271,0,0,0,0,0,261670,3,0
0,0,0,0,21,28,69,271,0,0,0,0,0,240489,3,0
0,0,0,0,8,28,70,271,0,0,0,0,0,250855,3,0
1,0,0,0,27,28,71,271,0,0,0,0,0,79548,3,0
0,0,0,0,45,28,72,271,0,0,0,0,0,248175,3,0
0,0,0,0,13,28,73,271,0,0,0,0,0,232225,3,0
0,0,0,0,14,28,74,271,0,0,0,0,0,243886,3,0
0,0,0,0,43,28,75,271,0,0,0,0,0,78906,3,0
0,0,0,0,20,28,76,271,0,0,0,0,0,81762,3,0
0,0,0,0,26,29,77,271,0,0,0,0,0,268506,3,0
0,0,0,0,16,0,78,272,0,0,0,0,0,220584,3,0
0,0,0,0,24,4,79,272,0,0,0,0,0,70125,3,0
2,0,0,1,5,5,80,272,0,0,0,0,0,224426,3,0
1,0,0,0,29,6,81,272,0,0,0,0,0,256855,3,0
1,0,0,0,20,12,82,272,0,0,0,0,0,232311,3,0
0,0,0,0,8,13,83,272,0,0,0,0,0,201303,3,0
0,0,0,0,22,15,84,272,0,0,0,0,0,81291,3,0
1,0,0,0,3,16,85,272,0,0,0,0,0,242712,3,0
8,1,0,1,7,18,86,272,0,0,0,0,0,239981,3,0
8,1,0,1,17,24,87,272,0,0,0,0,0,276272,3,0
6,0,0,1,31,26,88,272,0,0,0,0,0,230561,3,0
0,0,0,0,14,28,89,272,0,0,0,0,0,248493,3,0
1,0,0,0,4,28,90,272,0,0,0,0,0,198538,3,0
0,0,0,0,13,28,91,272,0,0,0,0,0,78629,3,0
0,0,0,0,15,28,92,272,0,0,0,0,0,78630,3,0
0,0,0,0,30,28,93,272,0,0,0,0,0,262056,3,0
2,0,0,1,11,28,94,272,0,0,0,0,0,274264,3,0
0,0,0,0,28,28,95,272,0,0,0,0,0,79549,3,0
0,0,0,0,25,28,96,272,0,0,0,0,0,81296,3,0
1,0,0,0,18,28,97,272,0,0,0,0,0,271079,3,0
0,0,0,0,1,28,98,272,0,0,0,0,0,184040,3,0
0,0,0,0,23,28,99,272,0,0,0,0,0,78632,3,0
0,0,0,0,42,28,100,272,0,0,0,0,0,81623,3,0
0,0,0,0,27,29,101,272,0,0,0,0,0,79553,3,0
0,0,0,0,26,29,102,272,0,0,0,0,0,82787,3,0
0,0,0,0,19,29,103,272,0,0,0,0,0,204193,3,0
0,0,0,0,6,29,104,272,0,0,0,0,0,256741,3,0
0,0,0,0,10,29,105,272,0,0,0,0,0,263310,3,0
0,0,0,0,1,0,106,819,0,0,0,0,0,246267,3,0
1,0,0,0,20,3,107,819,0,0,0,0,0,266260,3,0
1,0,0,0,5,4,108,819,0,0,0,0,0,274187,3,0
1,0,0,0,6,6,109,819,0,0,0,0,0,229150,3,0
1,0,0,0,15,7,110,819,0,0,0,0,0,246014,3,0
5,0,0,1,11,12,111,819,0,0,0,0,0,224389,3,0
0,0,0,0,36,13,112,819,0,0,0,0,0,271980,3,0
0,0,0,0,21,15,113,819,0,0,0,0,0,235636,3,0
2,0,0,0,16,16,114,819,0,0,0,0,0,74233,3,0
3,0,0,1,7,24,115,819,0,0,0,0,0,207554,3,0
4,0,0,1,10,26,116,819,0,0,0,0,0,203362,3,0
0,0,0,0,27,28,117,819,0,0,0,0,0,193283,3,0
0,0,0,0,25,28,118,819,0,0,0,0,0,262236,3,0
3,0,0,1,30,28,119,819,0,0,0,0,0,263672,3,0
0,0,0,0,17,28,120,819,0,0,0,0,0,234573,3,0
0,0,0,0,31,28,121,819,0,0,0,0,0,222562,3,0
0,0,0,0,39,28,122,819,0,0,0,0,0,81621,3,0
0,0,0,0,24,28,123,819,0,0,0,0,0,219466,3,0
0,0,0,0,14,28,124,819,0,0,0,0,0,201943,3,0
3,0,0,1,9,28,125,819,0,0,0,0,0,240833,3,0
0,0,0,0,61,28,126,819,0,0,0,0,0,79407,3,0
2,0,0,0,8,28,127,819,0,0,0,0,0,240974,3,0
0,0,0,0,13,28,128,819,0,0,0,0,0,263711,3,0
0,0,0,0,49,29,129,819,0,0,0,0,0,79165,3,0
0,0,0,0,29,29,130,819,0,0,0,0,0,79034,3,0
0,0,0,0,38,29,131,819,0,0,0,0,0,73448,3,0
0,0,0,0,18,29,132,819,0,0,0,0,0,83208,3,0
0,0,0,0,1,0,133,822,0,0,0,0,0,262295,3,0
3,0,0,1,13,4,134,822,0,0,0,0,0,255211,3,0
0,0,0,0,4,5,135,822,0,0,0,0,0,177373,3,0
0,0,0,0,5,6,136,822,0,0,0,0,0,259763,3,0
5,0,0,1,7,23,137,822,0,0,0,0,0,264822,3,0
0,0,0,0,23,12,138,822,0,0,0,0,0,278362,3,0
0,0,0,0,2,13,139,822,0,0,0,0,0,243866,3,0
0,0,0,0,6,15,140,822,0,0,0,0,0,77090,3,0
1,0,0,1,16,16,141,822,0,0,0,0,0,70164,3,0
3,0,0,1,10,27,142,822,0,0,0,0,0,225931,3,0
0,0,0,0,32,25,143,822,0,0,0,0,0,79554,3,0
0,0,0,0,30,28,144,822,0,0,0,0,0,259134,3,0
0,0,0,0,26,28,145,822,0,0,0,0,0,77395,3,0
0,0,0,0,36,28,146,822,0,0,0,0,0,81848,3,0
1,0,0,1,21,28,147,822,0,0,0,0,0,81288,3,0
0,0,0,0,24,28,148,822,0,0,0,0,0,264111,3,0
0,0,0,0,80,28,149,822,0,0,0,0,0,248118,3,0
1,0,0,1,9,28,150,822,0,0,0,0,0,260825,3,0
1,0,0,1,20,28,151,822,0,0,0,0,0,79859,3,0
0,0,0,0,3,28,152,822,0,0,0,0,0,204017,3,0
1,0,0,1,18,28,153,822,0,0,0,0,0,184143,3,0
0,0,0,0,8,28,154,822,0,0,0,0,0,275703,3,0
2,0,0,1,17,28,155,822,0,0,0,0,0,217845,3,0
0,0,0,0,11,29,156,822,0,0,0,0,0,241695,3,0
0,0,0,0,19,29,157,822,0,0,0,0,0,257399,3,0
0,0,0,0,28,29,158,822,0,0,0,0,0,83319,3,0
0,0,0,0,15,29,159,822,0,0,0,0,0,70852,3,0
0,0,0,0,27,29,160,822,0,0,0,0,0,80324,3,0
0,0,0,0,34,29,161,822,0,0,0,0,0,246647,3,0
0,0,0,0,33,29,162,822,0,0,0,0,0,70445,3,0
0,0,0,0,14,29,163,822,0,0,0,0,0,223813,3,0
0,0,0,0,1,0,164,1443,0,0,0,0,0,256742,3,0
0,0,0,0,18,3,165,1443,0,0,0,0,0,241150,3,0
1,0,0,0,55,4,166,1443,0,0,0,0,0,260874,3,0
0,0,0,0,24,6,167,1443,0,0,0,0,0,234501,3,0
1,0,0,0,30,7,168,1443,0,0,0,0,0,277593,3,0
1,0,0,0,13,10,169,1443,0,0,0,0,0,215686,3,0
0,0,0,0,29,23,170,1443,0,0,0,0,0,79935,3,0
3,0,0,1,10,13,171,1443,0,0,0,0,0,71174,3,0
5,0,0,1,6,15,172,1443,0,0,0,0,0,262541,3,0
5,0,0,1,11,27,173,1443,0,0,0,0,0,270399,3,0
4,0,0,1,9,25,174,1443,0,0,0,0,0,243229,3,0
1,0,0,0,4,28,175,1443,0,0,0,0,0,242381,3,0
0,0,0,0,8,28,176,1443,0,0,0,0,0,268503,3,0
0,0,0,0,26,28,177,1443,0,0,0,0,0,74932,3,0
0,0,0,0,32,28,178,1443,0,0,0,0,0,278367,3,0
0,0,0,0,16,28,179,1443,0,0,0,0,0,275696,3,0
0,0,0,0,14,28,180,1443,0,0,0,0,0,277698,3,0
0,0,0,0,33,28,181,1443,0,0,0,0,0,278816,3,0
2,0,0,1,7,28,182,1443,0,0,0,0,0,277167,3,0
0,0,0,0,19,28,183,1443,0,0,0,0,0,79811,3,0
0,0,0,0,5,28,184,1443,0,0,0,0,0,270528,3,0
0,0,0,0,31,28,185,1443,0,0,0,0,0,78911,3,0
0,0,0,0,23,28,186,1443,0,0,0,0,0,250960,3,0
0,0,0,0,17,29,187,1443,0,0,0,0,0,83297,3,0
0,0,0,0,16,0,188,1447,0,0,0,0,0,248696,3,0
0,0,0,0,3,3,189,1447,0,0,0,0,0,73295,3,0
3,0,0,1,12,4,190,1447,0,0,0,0,0,264502,3,0
2,0,0,0,5,6,191,1447,0,0,0,0,0,256222,3,0
2,0,0,0,4,7,192,1447,0,0,0,0,0,226510,3,0
0,0,0,0,26,9,193,1447,0,0,0,0,0,256847,3,0
0,0,0,0,22,11,194,1447,0,0,0,0,0,207886,3,0
3,0,0,1,25,12,195,1447,0,0,0,0,0,73298,3,0
3,0,0,1,11,16,196,1447,0,0,0,0,0,276666,3,0
0,0,0,0,29,18,197,1447,0,0,0,0,0,78909,3,0
3,0,0,1,14,25,198,1447,0,0,0,0,0,259751,3,0
1,0,0,0,24,28,199,1447,0,0,0,0,0,73504,3,0
0,0,0,0,7,28,200,1447,0,0,0,0,0,73301,3,0
0,0,0,0,21,28,201,1447,0,0,0,0,0,72400,3,0
0,0,0,0,23,28,202,1447,0,0,0,0,0,74965,3,0
0,0,0,0,1,28,203,1447,0,0,0,0,0,211105,3,0
4,0,0,1,15,28,204,1447,0,0,0,0,0,259130,3,0
0,0,0,0,20,28,205,1447,0,0,0,0,0,248360,3,0
2,0,0,0,31,28,206,1447,0,0,0,0,0,73501,3,0
1,0,0,0,6,28,207,1447,0,0,0,0,0,238051,3,0
0,0,0,0,28,28,208,1447,0,0,0,0,0,76148,3,0
0,0,0,0,19,28,209,1447,0,0,0,0,0,79558,3,0
0,0,0,0,32,28,210,1447,0,0,0,0,0,78910,3,0
0,0,0,0,16,0,211,1516,0,0,0,0,0,246704,3,0
1,0,0,0,4,4,212,1516,0,0,0,0,0,73645,3,0
0,0,0,0,3,5,213,1516,0,0,0,0,0,261062,3,0
2,0,0,0,22,6,214,1516,0,0,0,0,0,234472,3,0
0,0,0,0,43,12,215,1516,0,0,0,0,0,210625,3,0
3,0,0,1,21,13,216,1516,0,0,0,0,0,277197,3,0
1,0,0,0,8,15,217,1516,0,0,0,0,0,220714,3,0
0,0,0,0,55,16,218,1516,0,0,0,0,0,270534,3,0
4,0,0,1,11,17,219,1516,0,0,0,0,0,278012,3,0
5,0,0,1,58,19,220,1516,0,0,0,0,0,256933,3,0
3,0,0,1,10,25,221,1516,0,0,0,0,0,247686,3,0
0,0,0,0,14,28,222,1516,0,0,0,0,0,242612,3,0
1,0,0,0,6,28,223,1516,0,0,0,0,0,244456,3,0
1,0,0,0,29,28,224,1516,0,0,0,0,0,251847,3,0
1,0,0,0,13,28,225,1516,0,0,0,0,0,264790,3,0
0,0,0,0,1,28,226,1516,0,0,0,0,0,172553,3,0
5,0,0,1,20,28,227,1516,0,0,0,0,0,270536,3,0
0,0,0,0,19,28,228,1516,0,0,0,0,0,263721,3,0
2,0,0,0,41,28,229,1516,0,0,0,0,0,279252,3,0
1,0,0,0,74,28,230,1516,0,0,0,0,0,247187,3,0
16,1,0,1,7,28,231,1516,0,0,0,1,0,277211,3,0
0,0,0,0,17,28,232,1516,0,0,0,0,0,213815,3,0
0,0,0,0,39,28,233,1516,0,0,0,0,0,277270,3,0
0,0,0,0,60,29,234,1516,0,0,0,0,0,271697,3,0
0,0,0,0,9,29,235,1516,0,0,0,0,0,238236,3,0
0,0,0,0,35,29,236,1516,0,0,0,0,0,75195,3,0
0,0,0,0,33,29,237,1516,0,0,0,0,0,278978,3,0
0,0,0,0,31,29,238,1516,0,0,0,0,0,80421,3,0
0,0,0,0,30,29,239,1516,0,0,0,0,0,74006,3,0
0,0,0,0,1,0,240,1786,0,0,0,0,0,204424,3,0
1,0,0,1,24,3,241,1786,0,0,0,0,0,277843,3,0
3,0,0,1,3,4,242,1786,0,0,0,0,0,201301,3,0
0,0,0,0,4,6,243,1786,0,0,0,0,0,223566,3,0
1,0,0,1,44,7,244,1786,0,0,0,0,0,251595,3,0
0,0,0,0,28,9,245,1786,0,0,0,0,0,210646,3,0
0,0,0,0,6,11,246,1786,0,0,0,0,0,246434,3,0
1,0,0,1,11,12,247,1786,0,0,0,0,0,258977,3,0
0,0,0,0,17,16,248,1786,0,0,0,0,0,224483,3,0
0,0,0,0,30,18,249,1786,0,0,0,0,0,71258,3,0
0,0,0,0,19,25,250,1786,0,0,0,0,0,271988,3,0
0,0,0,0,14,28,251,1786,0,0,0,0,0,229504,3,0
0,0,0,0,38,28,252,1786,0,0,0,0,0,80083,3,0
0,0,0,0,2,28,253,1786,0,0,0,0,0,256082,3,0
0,0,0,0,23,28,254,1786,0,0,0,0,0,83659,3,0
0,0,0,0,32,28,255,1786,0,0,0,0,0,210642,3,0
0,0,0,0,16,28,256,1786,0,0,0,0,0,277844,3,0
0,0,0,0,25,28,257,1786,0,0,0,0,0,81416,3,0
0,0,0,0,9,28,258,1786,0,0,0,0,0,270471,3,0
0,0,0,0,46,28,259,1786,0,0,0,0,0,268273,3,0
0,0,0,0,22,28,260,1786,0,0,0,0,0,80289,3,0
0,0,0,0,18,28,261,1786,0,0,0,0,0,260379,3,0
0,0,0,0,21,28,262,1786,0,0,0,0,0,235904,3,0
0,0,0,0,5,29,263,1786,0,0,0,0,0,272385,3,0
0,0,0,0,13,0,264,1788,0,0,0,0,0,210715,3,0
3,0,0,1,2,3,265,1788,0,0,0,0,0,208564,3,0
1,0,0,0,3,4,266,1788,0,0,0,0,0,227520,3,0
0,0,0,0,45,6,267,1788,0,0,0,0,0,73643,3,0
1,0,0,0,25,7,268,1788,0,0,0,0,0,77520,3,0
4,0,0,1,9,23,269,1788,0,0,0,0,0,242090,3,0
1,0,0,0,36,13,270,1788,0,0,0,0,0,73638,3,0
0,0,0,0,6,14,271,1788,0,0,0,0,0,231233,3,0
1,0,0,0,8,15,272,1788,0,0,0,0,0,238132,3,0
5,0,0,1,22,27,273,1788,0,0,0,0,0,77652,3,0
4,0,0,1,11,25,274,1788,0,0,0,0,0,256778,3,0
2,0,0,1,18,28,275,1788,0,0,0,0,0,74229,3,0
0,0,0,0,29,28,276,1788,0,0,0,0,0,77555,3,0
2,0,0,1,23,28,277,1788,0,0,0,0,0,262173,3,0
0,0,0,0,34,28,278,1788,0,0,0,0,0,77605,3,0
0,0,0,0,16,28,279,1788,0,0,0,0,0,209957,3,0
0,0,0,0,40,28,280,1788,0,0,0,0,0,79852,3,0
0,0,0,0,28,28,281,1788,0,0,0,0,0,77545,3,0
0,0,0,0,30,28,282,1788,0,0,0,0,0,74845,3,0
0,0,0,0,47,28,283,1788,0,0,0,0,0,79555,3,0
2,0,0,1,17,28,284,1788,0,0,0,0,0,73636,3,0
0,0,0,0,14,28,285,1788,0,0,0,0,0,81958,3,0
0,0,0,0,27,28,286,1788,0,0,0,0,0,74914,3,0
0,0,0,0,20,29,287,1788,0,0,0,0,0,71342,3,0
0,0,0,0,33,29,288,1788,0,0,0,0,0,80323,3,0
0,0,0,0,37,29,289,1788,0,0,0,0,0,82892,3,0
0,0,0,0,35,29,290,1788,0,0,0,0,0,81690,3,0
0,0,0,0,39,29,291,1788,0,0,0,0,0,80737,3,0
0,0,0,0,41,29,292,1788,0,0,0,0,0,81984,3,0
0,0,0,0,32,29,293,1788,0,0,0,0,0,81693,3,0
0,0,0,0,42,0,294,15006,0,0,0,0,0,259166,3,0
1,0,0,1,12,3,295,15006,0,0,0,0,0,223861,3,0
1,0,0,1,4,4,296,15006,0,0,0,0,0,265601,3,0
0,0,0,0,5,6,297,15006,0,0,0,0,0,70138,3,0
0,0,0,0,8,7,298,15006,0,0,0,0,0,78613,3,0
0,0,0,0,18,13,299,15006,0,0,0,0,0,259644,3,0
1,0,0,1,6,14,300,15006,0,0,0,0,0,262349,3,0
0,0,0,0,11,15,301,15006,0,0,0,0,0,234991,3,0
1,0,0,1,10,18,302,15006,0,0,0,0,0,240572,3,0
6,0,0,1,97,24,303,15006,0,0,0,0,0,78621,3,0
4,0,0,1,7,26,304,15006,0,0,0,0,0,238726,3,0
0,0,0,0,13,28,305,15006,0,0,0,0,0,78614,3,0
1,0,0,1,14,28,306,15006,0,0,0,0,0,262558,3,0
0,0,0,0,3,28,307,15006,0,0,0,0,0,278366,3,0
0,0,0,0,15,28,308,15006,0,0,0,0,0,79404,3,0
0,0,0,0,90,28,309,15006,0,0,0,0,0,262723,3,0
0,0,0,0,16,28,310,15006,0,0,0,0,0,75278,3,0
0,0,0,0,17,28,311,15006,0,0,0,0,0,78612,3,0
4,0,0,1,98,28,312,15006,0,0,0,0,0,243789,3,0
1,0,0,1,19,28,313,15006,0,0,0,0,0,266763,3,0
0,0,0,0,23,28,314,15006,0,0,0,0,0,78611,3,0
1,0,0,1,9,28,315,15006,0,0,0,0,0,247834,3,0
0,0,0,0,24,28,316,15006,0,0,0,0,0,234832,3,0
0,0,0,0,25,29,317,15006,0,0,0,0,0,268065,3,0
0,0,0,0,20,29,318,15006,0,0,0,0,0,78615,3,0
0,0,0,0,21,29,319,15006,0,0,0,0,0,278360,3,0
0,0,0,0,45,29,320,15006,0,0,0,0,0,78634,3,0
0,0,0,0,26,0,321,229,0,0,0,0,0,200059,2,0
0,0,0,0,54,3,322,229,0,0,0,0,0,252488,3,0
0,0,0,0,3,4,323,229,0,0,0,0,0,269397,1,0
0,0,0,0,55,6,324,229,0,0,0,0,0,252489,3,0
0,0,0,0,6,7,325,229,0,0,0,0,0,212678,3,0
2,0,0,0,74,9,326,229,0,0,0,0,0,73921,2,0
0,0,0,0,24,11,327,229,0,0,0,0,0,261776,3,0
0,0,0,0,10,12,328,229,0,0,0,0,0,246419,3,0
3,0,0,1,83,16,329,229,0,0,0,0,0,263558,3,0
10,0,0,1,11,18,330,229,0,0,0,0,0,203486,3,0
6,0,0,1,91,25,331,229,0,0,0,0,0,251156,2,0
6,0,0,1,9,28,332,229,0,0,0,0,0,78261,3,0
2,0,0,0,29,28,333,229,0,0,0,0,0,260162,3,0
3,0,0,1,13,28,334,229,0,0,0,0,0,260398,1,0
0,0,0,0,93,28,335,229,0,0,0,0,0,250725,2,0
0,0,0,0,32,28,336,229,0,0,0,0,0,269955,3,0
0,0,0,0,14,28,337,229,0,0,0,0,0,247122,1,0
0,0,0,0,48,28,338,229,0,0,0,0,0,74403,3,0
0,0,0,0,70,28,339,229,0,0,0,0,0,252936,3,0
0,0,0,0,7,28,340,229,0,0,0,0,0,278107,3,0
0,0,0,0,79,28,341,229,0,0,0,0,0,75658,3,0
2,0,0,0,21,28,342,229,0,0,0,0,0,246289,3,0
0,0,0,0,15,28,343,229,0,0,0,0,0,70482,3,0
0,0,0,0,23,29,344,229,0,0,0,0,0,191627,3,0
0,0,0,0,22,29,345,229,0,0,0,0,0,73291,3,0
0,0,0,0,25,29,346,229,0,0,0,0,0,208509,3,0
0,0,0,0,63,29,347,229,0,0,0,0,0,274478,3,0
0,0,0,0,78,29,348,229,0,0,0,0,0,75197,3,0
0,0,0,0,35,29,349,229,0,0,0,0,0,279114,3,0
0,0,0,0,49,29,350,229,0,0,0,0,0,71897,3,0
0,0,0,0,41,0,351,230,0,0,0,0,0,255039,3,0
1,0,0,0,4,4,352,230,0,0,0,0,0,80596,5,0
2,0,0,0,25,5,353,230,0,0,0,0,0,247019,3,0
0,0,0,0,33,6,354,230,0,0,0,0,0,260931,4,0
2,0,0,0,7,23,355,230,0,0,0,0,0,225653,3,0
5,0,0,1,24,12,356,230,0,0,0,0,0,251189,5,0
5,0,0,1,16,13,357,230,0,0,0,0,0,70689,3,0
0,0,0,0,8,15,358,230,0,0,0,0,0,199652,5,0
0,0,0,0,5,16,359,230,0,0,0,0,0,242003,4,0
2,0,0,0,9,27,360,230,0,0,0,0,0,272303,3,0
10,0,0,1,18,25,361,230,0,0,0,0,0,226537,4,0
0,0,0,0,19,28,362,230,0,0,0,0,0,79458,3,0
0,0,0,0,10,28,363,230,0,0,0,0,0,277465,3,0
1,0,0,0,20,28,364,230,0,0,0,0,0,276305,3,0
0,0,0,0,23,28,365,230,0,0,0,0,0,225720,3,0
0,0,0,0,81,28,366,230,0,0,0,0,0,278554,3,0
0,0,0,0,92,28,367,230,0,0,0,0,0,77626,3,0
0,0,0,0,34,28,368,230,0,0,0,0,0,278789,3,0
0,0,0,0,43,28,369,230,0,0,0,0,0,70941,3,0
4,0,0,1,22,28,370,230,0,0,0,0,0,74313,3,0
0,0,0,0,17,28,371,230,0,0,0,0,0,74970,3,0
0,0,0,0,21,28,372,230,0,0,0,0,0,74450,4,0
0,0,0,0,15,28,373,230,0,0,0,0,0,188202,3,0
3,0,0,1,30,29,374,230,0,0,0,0,0,256944,5,0
0,0,0,0,79,29,375,230,0,0,0,0,0,74372,4,0
1,0,0,0,14,29,376,230,0,0,0,0,0,256199,3,0
0,0,0,0,76,29,377,230,0,0,0,0,0,77625,3,0
0,0,0,0,3,29,378,230,0,0,0,0,0,210828,3,0
0,0,0,0,77,29,379,230,0,0,0,0,0,279005,3,0
0,0,0,0,2,29,380,230,0,0,0,0,0,273537,3,0
0,0,0,0,11,29,381,230,0,0,0,0,0,195065,3,0
0,0,0,0,29,0,382,231,0,0,0,0,0,222263,3,0
0,0,0,0,64,3,383,231,0,0,0,0,0,275050,2,0
2,0,0,0,4,4,384,231,0,0,0,0,0,268611,3,0
5,0,0,1,44,6,385,231,0,0,0,0,0,212204,2,0
2,0,0,0,65,7,386,231,0,0,0,0,0,71305,3,0
4,0,0,0,9,23,387,231,0,0,0,0,0,277426,3,0
4,0,0,0,25,13,388,231,0,0,0,0,0,278318,2,0
1,0,0,0,15,14,389,231,0,0,0,0,0,262880,2,0
7,0,0,1,20,15,390,231,0,0,0,0,0,200155,2,0
0,0,0,0,67,27,391,231,0,0,0,0,0,276256,2,0
10,0,0,1,7,25,392,231,0,0,0,0,0,266895,3,0
2,0,0,0,10,28,393,231,0,0,0,0,0,238235,3,0
0,0,0,0,41,28,394,231,0,0,0,0,0,259586,3,0
0,0,0,0,62,28,395,231,0,0,0,0,0,268618,3,0
0,0,0,0,24,28,396,231,0,0,0,0,0,73257,3,0
0,0,0,0,16,28,397,231,0,0,0,0,0,258555,3,0
1,0,0,0,11,28,398,231,0,0,0,0,0,260577,3,0
0,0,0,0,6,28,399,231,0,0,0,0,0,240683,3,0
12,0,0,1,8,28,400,231,0,0,0,0,0,256948,4,0
9,0,0,1,17,28,401,231,0,0,0,0,0,275051,3,0
0,0,0,0,22,28,402,231,0,0,0,0,0,173426,2,0
0,0,0,0,14,28,403,231,0,0,0,0,0,262219,3,0
0,0,0,0,58,28,404,231,0,0,0,0,0,271917,2,0
0,0,0,0,19,29,405,231,0,0,0,0,0,223933,3,0
2,0,0,0,84,29,406,231,0,0,0,0,0,77170,3,0
0,0,0,0,71,29,407,231,0,0,0,0,0,278995,3,0
0,0,0,0,70,29,408,231,0,0,0,0,0,278499,3,0
0,0,0,0,66,29,409,231,0,0,0,0,0,70975,3,0
0,0,0,0,80,29,410,231,0,0,0,0,0,264869,3,0
0,0,0,0,90,29,411,231,0,0,0,0,0,74364,3,0
0,0,0,0,40,0,412,232,0,0,0,0,0,262265,3,0
2,0,0,0,13,3,413,232,0,0,0,0,0,238409,4,0
1,0,0,0,25,4,414,232,0,0,0,0,0,270700,5,0
0,0,0,0,24,6,415,232,0,0,0,0,0,239011,5,0
0,0,0,0,7,7,416,232,0,0,0,0,0,243887,3,0
3,0,0,1,94,9,417,232,0,0,0,0,0,210739,3,0
4,0,0,1,23,11,418,232,0,0,0,0,0,220782,3,0
2,0,0,0,11,12,419,232,0,0,0,0,0,268519,3,0
7,0,0,1,17,16,420,232,0,0,0,0,0,257112,5,0
4,0,0,1,10,18,421,232,0,0,0,0,0,239323,2,0
6,0,0,1,9,25,422,232,0,0,0,0,0,231835,3,0
0,0,0,0,8,28,423,232,0,0,0,0,0,262024,3,0
0,0,0,0,29,28,424,232,0,0,0,0,0,260586,3,0
1,0,0,0,20,28,425,232,0,0,0,0,0,248694,4,0
0,0,0,0,22,28,426,232,0,0,0,0,0,262141,3,0
0,0,0,0,21,28,427,232,0,0,0,0,0,223957,5,0
1,0,0,0,59,28,428,232,0,0,0,0,0,248784,3,0
0,0,0,0,14,28,429,232,0,0,0,0,0,272776,3,0
0,0,0,0,27,28,430,232,0,0,0,0,0,234740,3,0
0,0,0,0,88,28,431,232,0,0,0,0,0,263703,4,0
0,0,0,0,5,28,432,232,0,0,0,0,0,215970,3,0
0,0,0,0,19,28,433,232,0,0,0,0,0,80182,3,0
0,0,0,0,26,28,434,232,0,0,0,0,0,76034,3,0
0,0,0,0,3,29,435,232,0,0,0,0,0,270973,4,0
0,0,0,0,35,29,436,232,0,0,0,0,0,276704,3,0
0,0,0,0,80,29,437,232,0,0,0,0,0,244309,4,0
0,0,0,0,53,29,438,232,0,0,0,0,0,75945,3,0
0,0,0,0,73,29,439,232,0,0,0,0,0,80817,3,0
0,0,0,0,44,29,440,232,0,0,0,0,0,235729,3,0
0,0,0,0,15,29,441,232,0,0,0,0,0,236454,3,0
0,0,0,0,99,29,442,232,0,0,0,0,0,222636,3,0
0,0,0,0,45,29,443,232,0,0,0,0,0,257210,3,0
0,0,0,0,34,0,444,537,0,0,0,0,0,231413,3,0
0,0,0,0,70,3,445,537,0,0,0,0,0,263075,3,0
2,0,0,1,5,4,446,537,0,0,0,0,0,79311,2,0
0,0,0,0,44,5,447,537,0,0,0,0,0,279008,3,0
0,0,0,0,7,6,448,537,0,0,0,0,0,269288,3,0
0,0,0,0,88,7,449,537,0,0,0,0,0,264711,3,0
0,0,0,0,18,10,450,537,0,0,0,0,0,239595,3,0
0,0,0,0,24,13,451,537,0,0,0,0,0,263424,4,0
0,0,0,0,17,15,452,537,0,0,0,0,0,261360,4,0
11,0,0,1,77,24,453,537,0,0,0,0,0,257314,3,0
4,0,0,1,16,26,454,537,0,0,0,0,0,272872,3,0
0,0,0,0,37,28,455,537,0,0,0,0,0,80125,3,0
2,0,0,1,11,28,456,537,0,0,0,0,0,262267,3,0
0,0,0,0,15,28,457,537,0,0,0,0,0,79818,3,0
0,0,0,0,21,28,458,537,0,0,0,0,0,241692,2,0
0,0,0,0,30,28,459,537,0,0,0,0,0,246740,3,0
2,0,0,1,19,28,460,537,0,0,0,0,0,252697,3,0
0,0,0,0,23,28,461,537,0,0,0,0,0,279122,3,0
0,0,0,0,20,28,462,537,0,0,0,0,0,72954,3,0
0,0,0,0,67,28,463,537,0,0,0,0,0,79310,3,0
0,0,0,0,46,28,464,537,0,0,0,0,0,214680,2,0
0,0,0,0,22,28,465,537,0,0,0,0,0,70781,3,0
2,0,0,1,90,28,466,537,0,0,0,0,0,263984,3,0
0,0,0,0,1,29,467,537,0,0,0,0,0,257209,3,0
0,0,0,0,45,29,468,537,0,0,0,0,0,81310,3,0
0,0,0,0,55,0,469,670,0,0,0,0,0,269795,4,0
0,0,0,0,3,3,470,670,0,0,0,0,0,269956,4,0
2,0,0,0,4,4,471,670,0,0,0,0,0,245018,5,0
2,0,0,0,95,6,472,670,0,0,0,0,0,272407,5,0
0,0,0,0,24,7,473,670,0,0,0,0,0,251911,4,0
6,0,0,1,22,9,474,670,0,0,0,0,0,73348,5,0
1,0,0,0,5,11,475,670,0,0,0,0,0,270636,2,0
5,0,0,1,17,12,476,670,0,0,0,0,0,243953,2,0
11,0,0,1,10,16,477,670,0,0,0,0,0,277975,3,0
1,0,0,0,8,18,478,670,0,0,0,0,0,274701,5,0
0,0,0,0,7,25,479,670,0,0,0,0,0,227667,3,0
8,0,0,1,21,28,480,670,0,0,0,0,0,247539,3,0
1,0,0,0,25,28,481,670,0,0,0,0,0,255241,3,0
0,0,0,0,56,28,482,670,0,0,0,0,0,71624,3,0
0,0,0,0,27,28,483,670,0,0,0,0,0,267485,3,0
0,0,0,0,30,28,484,670,0,0,0,0,0,263922,3,0
0,0,0,0,9,28,485,670,0,0,0,0,0,252494,3,0
0,0,0,0,44,28,486,670,0,0,0,0,0,73930,3,0
0,0,0,0,32,28,487,670,0,0,0,0,0,264277,3,0
6,0,0,1,14,28,488,670,0,0,0,0,0,224252,4,0
0,0,0,0,33,28,489,670,0,0,0,0,0,208214,3,0
0,0,0,0,23,28,490,670,0,0,0,0,0,263465,3,0
0,0,0,0,43,28,491,670,0,0,0,0,0,75457,3,0
0,0,0,0,60,29,492,670,0,0,0,0,0,276925,3,0
0,0,0,0,1,0,493,673,0,0,0,0,0,204308,3,0
8,0,0,1,77,3,494,673,0,0,0,0,0,275353,3,0
4,0,0,1,3,4,495,673,0,0,0,0,0,243530,3,0
0,0,0,0,6,6,496,673,0,0,0,0,0,271032,3,0
0,0,0,0,18,7,497,673,0,0,0,0,0,222875,4,0
0,0,0,0,24,9,498,673,0,0,0,0,0,270995,3,0
4,0,0,1,8,11,499,673,0,0,0,0,0,229659,5,0
0,0,0,0,7,12,500,673,0,0,0,0,0,260570,3,0
0,0,0,0,32,16,501,673,0,0,0,0,0,70496,3,0
0,0,0,0,20,18,502,673,0,0,0,0,0,70497,4,0
11,0,0,1,9,25,503,673,0,0,0,0,0,248712,3,0
2,0,0,0,14,28,504,673,0,0,0,0,0,266616,3,0
2,0,0,0,99,28,505,673,0,0,0,0,0,268597,3,0
7,0,0,1,38,28,506,673,0,0,0,0,0,235242,5,0
0,0,0,0,21,28,507,673,0,0,0,0,0,277206,3,0
0,0,0,0,26,28,508,673,0,0,0,0,0,244810,3,0
2,0,0,0,27,28,509,673,0,0,0,0,0,246713,3,0
0,0,0,0,19,28,510,673,0,0,0,0,0,271417,2,0
0,0,0,0,44,28,511,673,0,0,0,0,0,278777,3,0
0,0,0,0,34,28,512,673,0,0,0,0,0,72955,3,0
5,0,0,1,10,28,513,673,0,0,0,0,0,232905,3,0
2,0,0,0,29,28,514,673,0,0,0,0,0,77638,3,0
0,0,0,0,28,28,515,673,0,0,0,0,0,73692,3,0
0,0,0,0,30,29,516,673,0,0,0,0,0,74349,3,0
1,0,0,0,23,29,517,673,0,0,0,0,0,278479,3,0
0,0,0,0,45,29,518,673,0,0,0,0,0,73917,3,0
0,0,0,0,33,0,519,674,0,0,0,0,0,204549,1,0
3,0,0,0,18,3,520,674,0,0,0,0,0,259043,3,0
5,0,0,1,3,4,521,674,0,0,0,0,0,264189,2,0
4,0,0,1,44,6,522,674,0,0,0,0,0,234167,2,0
1,0,0,0,20,7,523,674,0,0,0,0,0,264280,3,0
6,0,0,1,15,9,524,674,0,0,0,0,0,260432,2,0
0,0,0,0,17,11,525,674,0,0,0,0,0,266681,3,0
0,0,0,0,11,12,526,674,0,0,0,0,0,271953,3,0
4,0,0,1,8,16,527,674,0,0,0,0,0,251633,3,0
2,0,0,0,37,18,528,674,0,0,0,0,0,264201,5,0
12,0,0,1,7,25,529,674,0,0,0,0,0,239589,2,0
0,0,0,0,22,28,530,674,0,0,0,0,0,226431,3,0
0,0,0,0,10,28,531,674,0,0,0,0,0,72611,3,0
0,0,0,0,27,28,532,674,0,0,0,0,0,70191,3,0
0,0,0,0,29,28,533,674,0,0,0,0,0,229705,3,0
0,0,0,0,23,28,534,674,0,0,0,0,0,269752,3,0
6,0,0,1,45,28,535,674,0,0,0,0,0,77045,3,0
0,0,0,0,28,28,536,674,0,0,0,0,0,80126,3,0
1,0,0,0,21,28,537,674,0,0,0,0,0,261325,3,0
0,0,0,0,25,28,538,674,0,0,0,0,0,80031,3,0
1,0,0,0,24,28,539,674,0,0,0,0,0,244108,4,0
0,0,0,0,80,28,540,674,0,0,0,0,0,275021,3,0
0,0,0,0,48,28,541,674,0,0,0,0,0,242006,3,0
0,0,0,0,30,29,542,674,0,0,0,0,0,270351,3,0
0,0,0,0,35,29,543,674,0,0,0,0,0,75615,3,0
0,0,0,0,16,0,544,680,0,0,0,0,0,71641,2,0
2,0,0,0,60,3,545,680,0,0,0,0,0,279667,3,0
1,0,0,0,5,4,546,680,0,0,0,0,0,233225,3,0
0,0,0,0,26,6,547,680,0,0,0,0,0,266567,3,0
0,0,0,0,3,7,548,680,0,0,0,0,0,255850,4,0
4,0,0,1,6,9,549,680,0,0,0,0,0,270923,4,0
0,0,0,0,8,11,550,680,0,0,0,0,0,235799,3,0
5,0,0,1,7,12,551,680,0,0,0,0,0,271219,1,0
5,0,0,1,10,16,552,680,0,0,0,0,0,266831,3,0
11,0,0,1,13,18,553,680,0,0,0,0,0,232490,3,0
13,1,0,1,42,25,554,680,0,0,0,0,0,76570,2,0
1,0,0,0,77,28,555,680,0,0,0,0,0,277647,3,0
0,0,0,0,14,28,556,680,0,0,0,0,0,80179,3,0
0,0,0,0,23,28,557,680,0,0,0,0,0,240233,3,0
0,0,0,0,18,28,558,680,0,0,0,0,0,232655,3,0
0,0,0,0,21,28,559,680,0,0,0,0,0,272336,3,0
2,0,0,0,38,28,560,680,0,0,0,0,0,80383,3,0
0,0,0,0,22,28,561,680,0,0,0,0,0,234148,3,0
0,0,0,0,11,28,562,680,0,0,0,0,0,271205,3,0
0,0,0,0,33,28,563,680,0,0,0,0,0,279806,3,0
0,0,0,0,12,28,564,680,0,0,0,0,0,184148,3,0
0,0,0,0,53,28,565,680,0,0,0,0,0,279807,3,0
0,0,0,0,34,28,566,680,0,0,0,0,0,73924,3,0
0,0,0,0,99,29,567,680,0,0,0,0,0,83250,3,0
0,0,0,0,4,29,568,680,0,0,0,0,0,248603,3,0
0,0,0,0,99,0,569,681,0,0,0,0,0,273047,4,0
1,0,0,0,22,3,570,681,0,0,0,0,0,242907,3,0
4,0,0,1,40,4,571,681,0,0,0,0,0,255558,3,0
0,0,0,0,33,6,572,681,0,0,0,0,0,186296,5,0
0,0,0,0,28,7,573,681,0,0,0,0,0,74136,5,0
0,0,0,0,34,9,574,681,0,0,0,0,0,235661,5,0
2,0,0,0,39,11,575,681,0,0,0,0,0,251466,3,0
4,0,0,1,7,12,576,681,0,0,0,0,0,251575,5,0
6,0,0,1,77,16,577,681,0,0,0,0,0,277755,4,0
6,0,0,1,13,18,578,681,0,0,0,0,0,263496,4,0
12,0,0,1,90,25,579,681,0,0,0,0,0,271979,4,0
0,0,0,0,38,28,580,681,0,0,0,0,0,83334,3,0
3,0,0,0,46,28,581,681,0,0,0,0,0,276315,5,0
0,0,0,0,17,28,582,681,0,0,0,0,0,251621,3,0
0,0,0,0,4,28,583,681,0,0,0,0,0,70277,5,0
0,0,0,0,30,28,584,681,0,0,0,0,0,209293,3,0
0,0,0,0,21,28,585,681,0,0,0,0,0,268725,3,0
0,0,0,0,5,28,586,681,0,0,0,0,0,254833,3,0
0,0,0,0,8,28,587,681,0,0,0,0,0,220948,3,0
0,0,0,0,29,28,588,681,0,0,0,0,0,268729,3,0
0,0,0,0,47,28,589,681,0,0,0,0,0,77730,3,0
0,0,0,0,9,28,590,681,0,0,0,0,0,75782,3,0
0,0,0,0,49,28,591,681,0,0,0,0,0,73324,3,0
0,0,0,0,31,29,592,681,0,0,0,0,0,277207,3,0
0,0,0,0,10,29,593,681,0,0,0,0,0,79115,3,0
0,0,0,0,3,29,594,681,0,0,0,0,0,279048,3,0
0,0,0,0,48,29,595,681,0,0,0,0,0,266688,3,0
0,0,0,0,50,29,596,681,0,0,0,0,0,279641,3,0
0,0,0,0,51,29,597,681,0,0,0,0,0,83646,3,0
0,0,0,0,21,0,598,1750,0,0,0,0,0,258763,3,0
2,0,0,0,15,3,599,1750,0,0,0,0,0,251537,2,0
2,0,0,0,90,4,600,1750,0,0,0,0,0,75081,3,0
0,0,0,0,66,6,601,1750,0,0,0,0,0,268067,1,0
1,0,0,0,20,7,602,1750,0,0,0,0,0,261531,1,0
0,0,0,0,6,12,603,1750,0,0,0,0,0,272399,3,0
7,0,0,1,18,13,604,1750,0,0,0,0,0,216334,2,0
0,0,0,0,28,15,605,1750,0,0,0,0,0,201438,2,0
6,0,0,1,37,16,606,1750,0,0,0,0,0,275019,2,0
8,0,0,1,9,24,607,1750,0,0,0,0,0,271256,3,0
4,0,0,1,10,26,608,1750,0,0,0,0,0,277178,3,0
0,0,0,0,13,28,609,1750,0,0,0,0,0,234905,2,0
0,0,0,0,27,28,610,1750,0,0,0,0,0,262026,3,0
0,0,0,0,2,28,611,1750,0,0,0,0,0,272568,3,0
0,0,0,0,24,28,612,1750,0,0,0,0,0,276023,1,0
0,0,0,0,1,28,613,1750,0,0,0,0,0,255754,1,0
0,0,0,0,8,28,614,1750,0,0,0,0,0,70115,3,0
0,0,0,0,19,28,615,1750,0,0,0,0,0,79828,2,0
4,0,0,1,17,28,616,1750,0,0,0,0,0,74864,2,0
0,0,0,0,41,28,617,1750,0,0,0,0,0,75738,3,0
0,0,0,0,23,28,618,1750,0,0,0,0,0,264863,3,0
0,0,0,0,99,28,619,1750,0,0,0,0,0,70273,3,0
0,0,0,0,12,28,620,1750,0,0,0,0,0,79837,3,0
0,0,0,0,14,29,621,1750,0,0,0,0,0,77036,3,0
0,0,0,0,48,29,622,1750,0,0,0,0,0,78540,3,0
0,0,0,0,84,29,623,1750,0,0,0,0,0,268069,3,0
0,0,0,0,33,29,624,1750,0,0,0,0,0,76933,3,0
0,0,0,0,40,29,625,1750,0,0,0,0,0,268068,3,0
0,0,0,0,37,0,626,2014,0,0,0,0,0,243675,5,0
1,0,0,0,5,4,627,2014,0,0,0,0,0,233230,5,0
0,0,0,0,16,5,628,2014,0,0,0,0,0,210044,5,0
2,0,0,0,48,6,629,2014,0,0,0,0,0,275207,3,0
3,0,0,0,25,12,630,2014,0,0,0,0,0,70888,5,0
0,0,0,0,6,13,631,2014,0,0,0,0,0,251247,3,0
3,0,0,0,8,15,632,2014,0,0,0,0,0,262925,5,0
4,0,0,0,22,16,633,2014,0,0,0,0,0,74963,3,0
0,0,0,0,10,18,634,2014,0,0,0,0,0,252108,5,0
14,1,0,1,30,24,635,2014,0,0,0,0,0,79334,3,0
14,1,0,1,13,26,636,2014,0,0,0,0,0,272569,3,0
0,0,0,0,77,28,637,2014,0,0,0,0,0,80591,5,0
6,0,0,1,17,28,638,2014,0,0,0,0,0,205369,5,0
0,0,0,0,27,28,639,2014,0,0,0,0,0,261312,5,0
2,0,0,0,26,28,640,2014,0,0,0,0,0,235572,5,0
0,0,0,0,1,28,641,2014,0,0,0,0,0,263619,3,0
15,1,0,1,12,28,642,2014,0,0,0,1,0,73070,5,0
6,0,0,1,20,28,643,2014,0,0,0,0,0,76976,3,0
0,0,0,0,3,28,644,2014,0,0,0,0,0,72062,3,0
0,0,0,0,7,28,645,2014,0,0,0,0,0,270905,3,0
0,0,0,0,32,28,646,2014,0,0,0,0,0,270919,3,0
0,0,0,0,14,28,647,2014,0,0,0,0,0,261131,3,0
0,0,0,0,18,28,648,2014,0,0,0,0,0,79332,3,0
0,0,0,0,19,29,649,2014,0,0,0,0,0,184156,3,0
0,0,0,0,21,29,650,2014,0,0,0,0,0,229127,3,0
0,0,0,0,9,29,651,2014,0,0,0,0,0,270138,3,0
0,0,0,0,33,29,652,2014,0,0,0,0,0,74443,3,0
0,0,0,0,13,0,653,15005,0,0,0,0,0,244720,3,0
1,0,0,0,12,3,654,15005,0,0,0,0,0,78421,2,0
5,0,0,1,3,4,655,15005,0,0,0,0,0,255400,2,0
0,0,0,0,5,6,656,15005,0,0,0,0,0,239813,2,0
2,0,0,0,55,7,657,15005,0,0,0,0,0,78419,3,0
0,0,0,0,6,9,658,15005,0,0,0,0,0,276668,3,0
4,0,0,1,8,11,659,15005,0,0,0,0,0,70694,3,0
0,0,0,0,11,12,660,15005,0,0,0,0,0,262573,3,0
4,0,0,1,22,16,661,15005,0,0,0,0,0,78426,2,0
15,1,0,1,24,18,662,15005,0,0,0,1,0,78423,3,0
3,0,0,0,18,25,663,15005,0,0,0,0,0,262962,1,0
2,0,0,0,36,28,664,15005,0,0,0,0,0,79959,3,0
0,0,0,0,4,28,665,15005,0,0,0,0,0,236618,3,0
3,0,0,0,19,28,666,15005,0,0,0,0,0,78418,3,0
0,0,0,0,31,28,667,15005,0,0,0,0,0,268498,3,0
0,0,0,0,1,28,668,15005,0,0,0,0,0,201847,3,0
2,0,0,0,20,28,669,15005,0,0,0,0,0,75084,3,0
0,0,0,0,17,28,670,15005,0,0,0,0,0,277601,3,0
4,0,0,1,9,28,671,15005,0,0,0,0,0,176137,3,0
6,0,0,1,39,28,672,15005,0,0,0,0,0,251341,3,0
0,0,0,0,7,28,673,15005,0,0,0,0,0,80653,3,0
0,0,0,0,27,28,674,15005,0,0,0,0,0,78457,3,0
0,0,0,0,44,28,675,15005,0,0,0,0,0,271336,3,0
0,0,0,0,45,29,676,15005,0,0,0,0,0,275288,3,0
0,0,0,0,42,29,677,15005,0,0,0,0,0,80281,3,0
0,0,0,0,88,29,678,15005,0,0,0,0,0,83195,3,0
0,0,0,0,58,29,679,15005,0,0,0,0,0,81312,3,0
0,0,0,0,1,0,680,100087,0,0,0,0,0,243294,3,0
6,0,0,1,28,4,681,100087,0,0,0,0,0,246157,3,0
0,0,0,0,3,5,682,100087,0,0,0,0,0,201841,3,0
0,0,0,0,5,6,683,100087,0,0,0,0,0,232704,4,0
0,0,0,0,27,12,684,100087,0,0,0,0,0,246284,3,0
0,0,0,0,4,13,685,100087,0,0,0,0,0,210831,3,0
1,0,0,0,8,15,686,100087,0,0,0,0,0,209780,2,0
0,0,0,0,30,16,687,100087,0,0,0,0,0,260282,3,0
4,0,0,1,10,18,688,100087,0,0,0,0,0,237138,3,0
3,0,0,0,19,24,689,100087,0,0,0,0,0,277832,2,0
7,0,0,1,39,26,690,100087,0,0,0,0,0,237524,3,0
3,0,0,0,7,28,691,100087,0,0,0,0,0,237337,3,0
2,0,0,0,14,28,692,100087,0,0,0,0,0,276316,2,0
0,0,0,0,6,28,693,100087,0,0,0,0,0,259640,3,0
4,0,0,1,34,28,694,100087,0,0,0,0,0,263655,3,0
0,0,0,0,16,28,695,100087,0,0,0,0,0,231841,3,0
4,0,0,1,24,28,696,100087,0,0,0,0,0,260501,3,0
0,0,0,0,77,28,697,100087,0,0,0,0,0,246185,3,0
2,0,0,0,33,28,698,100087,0,0,0,0,0,220847,3,0
0,0,0,0,9,28,699,100087,0,0,0,0,0,79820,3,0
0,0,0,0,21,28,700,100087,0,0,0,0,0,244843,3,0
0,0,0,0,99,28,701,100087,0,0,0,0,0,75776,3,0
0,0,0,0,63,28,702,100087,0,0,0,0,0,73918,3,0
2,0,0,0,49,29,703,100087,0,0,0,0,0,268724,3,0
0,0,0,0,48,29,704,100087,0,0,0,0,0,263275,3,0
0,0,0,0,60,29,705,100087,0,0,0,0,0,76132,3,0
0,0,0,0,61,29,706,100087,0,0,0,0,0,258399,3,0
0,0,0,0,15,29,707,100087,0,0,0,0,0,80004,3,0
0,0,0,0,13,0,708,110724,0,0,0,0,0,76567,3,0
2,0,0,1,3,4,709,110724,0,0,0,0,0,269089,1,0
2,0,0,1,8,5,710,110724,0,0,0,0,0,253039,3,0
0,0,0,0,33,6,711,110724,0,0,0,0,0,253376,3,0
6,0,0,1,7,12,712,110724,0,0,0,0,0,276258,3,0
1,0,0,0,6,13,713,110724,0,0,0,0,0,244224,2,0
3,0,0,1,17,15,714,110724,0,0,0,0,0,257174,5,0
6,0,0,1,9,16,715,110724,0,0,0,0,0,269159,4,0
2,0,0,1,11,18,716,110724,0,0,0,0,0,277072,3,0
2,0,0,1,14,24,717,110724,0,0,0,0,0,200429,3,0
5,0,0,1,19,26,718,110724,0,0,0,0,0,227689,4,0
0,0,0,0,29,28,719,110724,0,0,0,0,0,265754,3,0
0,0,0,0,38,28,720,110724,0,0,0,0,0,279050,3,0
0,0,0,0,10,28,721,110724,0,0,0,0,0,80876,3,0
1,0,0,0,4,28,722,110724,0,0,0,0,0,275027,3,0
0,0,0,0,1,28,723,110724,0,0,0,0,0,235629,3,0
0,0,0,0,21,28,724,110724,0,0,0,0,0,80034,3,0
0,0,0,0,18,28,725,110724,0,0,0,0,0,80128,3,0
0,0,0,0,49,28,726,110724,0,0,0,0,0,83578,3,0
0,0,0,0,2,28,727,110724,0,0,0,0,0,264657,3,0
0,0,0,0,15,28,728,110724,0,0,0,0,0,79336,3,0
0,0,0,0,12,28,729,110724,0,0,0,0,0,239718,3,0
0,0,0,0,23,28,730,110724,0,0,0,0,0,79432,3,0
1,0,0,0,27,29,731,110724,0,0,0,0,0,76568,4,0
0,0,0,0,39,29,732,110724,0,0,0,0,0,276306,3,0
0,0,0,0,40,29,733,110724,0,0,0,0,0,80032,3,0
0,0,0,0,22,29,734,110724,0,0,0,0,0,279797,3,0
0,0,0,0,34,29,735,110724,0,0,0,0,0,83388,3,0
0,0,0,0,32,29,736,110724,0,0,0,0,0,79337,3,0
0,0,0,0,21,0,737,132231,0,0,0,0,0,232549,3,0
2,0,0,1,11,3,738,132231,0,0,0,0,0,78342,5,0
2,0,0,1,4,4,739,132231,0,0,0,0,0,262160,3,0
0,0,0,0,99,5,740,132231,0,0,0,0,0,271458,3,0
0,0,0,0,25,6,741,132231,0,0,0,0,0,78339,3,0
2,0,0,1,5,7,742,132231,0,0,0,0,0,252169,3,0
1,0,0,0,15,10,743,132231,0,0,0,0,0,251313,4,0
0,0,0,0,98,13,744,132231,0,0,0,0,0,78346,3,0
0,0,0,0,23,15,745,132231,0,0,0,0,0,78349,3,0
5,0,0,1,22,24,746,132231,0,0,0,0,0,76721,3,0
5,0,0,1,7,26,747,132231,0,0,0,0,0,73932,3,0
0,0,0,0,14,28,748,132231,0,0,0,0,0,245565,3,0
0,0,0,0,13,28,749,132231,0,0,0,0,0,78340,3,0
0,0,0,0,19,28,750,132231,0,0,0,0,0,279506,3,0
2,0,0,1,3,28,751,132231,0,0,0,0,0,78348,5,0
0,0,0,0,1,28,752,132231,0,0,0,0,0,257789,3,0
0,0,0,0,8,28,753,132231,0,0,0,0,0,78343,3,0
0,0,0,0,26,28,754,132231,0,0,0,0,0,263344,3,0
2,0,0,1,6,28,755,132231,0,0,0,0,0,254273,3,0
0,0,0,0,27,28,756,132231,0,0,0,0,0,270864,3,0
0,0,0,0,18,28,757,132231,0,0,0,0,0,242045,3,0
0,0,0,0,28,28,758,132231,0,0,0,0,0,251309,3,0
0,0,0,0,29,28,759,132231,0,0,0,0,0,79192,3,0
0,0,0,0,1,0,760,245,0,0,0,0,0,253428,3,0
0,0,0,0,3,3,761,245,0,0,0,0,0,269153,1,0
1,0,0,0,4,4,762,245,0,0,0,0,0,233152,3,0
4,0,0,1,15,6,763,245,0,0,0,0,0,264220,3,0
0,0,0,0,2,7,764,245,0,0,0,0,0,272357,3,0
0,0,0,0,6,10,765,245,0,0,0,0,0,265390,3,0
5,0,0,1,10,23,766,245,0,0,0,0,0,274288,3,0
4,0,0,1,18,13,767,245,0,0,0,0,0,203483,2,0
0,0,0,0,48,15,768,245,0,0,0,0,0,77152,2,0
10,1,0,1,11,27,769,245,0,0,0,0,0,258378,5,0
3,0,0,0,9,25,770,245,0,0,0,0,0,228687,4,0
0,0,0,0,28,28,771,245,0,0,0,0,0,262218,3,0
1,0,0,0,24,28,772,245,0,0,0,0,0,71351,2,0
0,0,0,0,37,28,773,245,0,0,0,0,0,256325,3,0
1,0,0,0,30,28,774,245,0,0,0,0,0,76116,3,0
0,0,0,0,26,28,775,245,0,0,0,0,0,236571,3,0
0,0,0,0,17,28,776,245,0,0,0,0,0,253399,3,0
0,0,0,0,43,28,777,245,0,0,0,0,0,76944,4,0
0,0,0,0,19,28,778,245,0,0,0,0,0,75690,3,0
6,0,0,1,25,28,779,245,0,0,0,0,0,223689,3,0
1,0,0,0,23,28,780,245,0,0,0,0,0,200260,3,0
0,0,0,0,32,28,781,245,0,0,0,0,0,232938,3,0
0,0,0,0,47,28,782,245,0,0,0,0,0,227813,3,0
1,0,0,0,5,29,783,245,0,0,0,0,0,236572,3,0
0,0,0,0,12,29,784,245,0,0,0,0,0,80146,3,0
0,0,0,0,41,29,785,245,0,0,0,0,0,76843,3,0
0,0,0,0,27,29,786,245,0,0,0,0,0,83168,3,0
0,0,0,0,52,29,787,245,0,0,0,0,0,75816,3,0
0,0,0,0,46,29,788,245,0,0,0,0,0,77814,3,0
0,0,0,0,55,29,789,245,0,0,0,0,0,83560,3,0
0,0,0,0,59,29,790,245,0,0,0,0,0,82106,3,0
0,0,0,0,53,29,791,245,0,0,0,0,0,82426,3,0
0,0,0,0,66,29,792,245,0,0,0,0,0,81845,3,0
0,0,0,0,68,29,793,245,0,0,0,0,0,82789,3,0
0,0,0,0,57,29,794,245,0,0,0,0,0,82736,3,0
0,0,0,0,22,0,795,246,0,0,0,0,0,223686,1,0
1,0,0,0,20,3,796,246,0,0,0,0,0,262790,2,0
0,0,0,0,21,4,797,246,0,0,0,0,0,236524,2,0
1,0,0,0,4,6,798,246,0,0,0,0,0,246826,3,0
3,0,0,1,15,7,799,246,0,0,0,0,0,260521,2,0
1,0,0,0,28,10,800,246,0,0,0,0,0,263603,2,0
6,0,0,1,23,23,801,246,0,0,0,0,0,70726,2,0
7,0,0,1,14,13,802,246,0,0,0,0,0,244728,3,0
1,0,0,0,40,15,803,246,0,0,0,0,0,262221,2,0
3,0,0,1,16,27,804,246,0,0,0,0,0,277482,2,0
18,1,0,1,9,25,805,246,0,0,0,1,0,252162,2,0
0,0,0,0,7,28,806,246,0,0,0,0,0,239778,3,0
0,0,0,0,8,28,807,246,0,0,0,0,0,226853,2,0
1,0,0,0,2,28,808,246,0,0,0,0,0,226662,3,0
0,0,0,0,5,28,809,246,0,0,0,0,0,257502,3,0
0,0,0,0,39,28,810,246,0,0,0,0,0,229114,3,0
2,0,0,0,11,28,811,246,0,0,0,0,0,266453,2,0
1,0,0,0,6,28,812,246,0,0,0,0,0,228010,2,0
1,0,0,0,32,28,813,246,0,0,0,0,0,75535,3,0
2,0,0,0,17,28,814,246,0,0,0,0,0,257920,3,0
0,0,0,0,30,28,815,246,0,0,0,0,0,234686,3,0
0,0,0,0,27,28,816,246,0,0,0,0,0,79338,3,0
0,0,0,0,46,28,817,246,0,0,0,0,0,82332,3,0
0,0,0,0,44,29,818,246,0,0,0,0,0,77365,3,0
0,0,0,0,37,29,819,246,0,0,0,0,0,277928,3,0
0,0,0,0,51,29,820,246,0,0,0,0,0,81896,3,0
0,0,0,0,47,29,821,246,0,0,0,0,0,77664,3,0
0,0,0,0,72,29,822,246,0,0,0,0,0,82840,3,0
0,0,0,0,75,29,823,246,0,0,0,0,0,83075,3,0
0,0,0,0,64,29,824,246,0,0,0,0,0,75652,3,0
2,0,0,0,49,29,825,246,0,0,0,0,0,82333,3,0
0,0,0,0,26,29,826,246,0,0,0,0,0,271266,3,0
0,0,0,0,18,29,827,246,0,0,0,0,0,199813,3,0
0,0,0,0,25,29,828,246,0,0,0,0,0,73964,3,0
0,0,0,0,3,29,829,246,0,0,0,0,0,263773,3,0
0,0,0,0,31,29,830,246,0,0,0,0,0,275153,3,0
0,0,0,0,32,0,831,247,0,0,0,0,0,242948,4,0
1,0,0,0,8,3,832,247,0,0,0,0,0,251804,4,0
1,0,0,0,22,4,833,247,0,0,0,0,0,235149,5,0
3,0,0,1,3,6,834,247,0,0,0,0,0,278661,3,0
0,0,0,0,2,7,835,247,0,0,0,0,0,268728,3,0
1,0,0,0,17,9,836,247,0,0,0,0,0,241509,5,0
8,0,0,1,23,11,837,247,0,0,0,0,0,253109,5,0
3,0,0,1,27,23,838,247,0,0,0,0,0,239978,3,0
3,0,0,1,5,27,839,247,0,0,0,0,0,181458,3,0
10,1,0,1,34,18,840,247,0,0,0,0,0,259480,5,0
12,1,0,1,20,25,841,247,0,0,0,0,0,235663,5,0
2,0,0,0,10,28,842,247,0,0,0,0,0,266237,4,0
2,0,0,0,6,28,843,247,0,0,0,0,0,270633,3,0
2,0,0,0,4,28,844,247,0,0,0,0,0,241171,5,0
0,0,0,0,25,28,845,247,0,0,0,0,0,260930,3,0
0,0,0,0,24,28,846,247,0,0,0,0,0,272769,3,0
1,0,0,0,11,28,847,247,0,0,0,0,0,258753,3,0
0,0,0,0,31,28,848,247,0,0,0,0,0,81320,3,0
2,0,0,0,19,28,849,247,0,0,0,0,0,269823,3,0
1,0,0,0,21,28,850,247,0,0,0,0,0,239956,3,0
0,0,0,0,40,28,851,247,0,0,0,0,0,81746,3,0
0,0,0,0,50,28,852,247,0,0,0,0,0,82839,3,0
0,0,0,0,35,28,853,247,0,0,0,0,0,80352,3,0
0,0,0,0,38,29,854,247,0,0,0,0,0,83176,3,0
0,0,0,0,51,29,855,247,0,0,0,0,0,75139,3,0
0,0,0,0,52,29,856,247,0,0,0,0,0,83177,3,0
0,0,0,0,1,29,857,247,0,0,0,0,0,224241,3,0
3,0,0,1,7,29,858,247,0,0,0,0,0,275592,3,0
0,0,0,0,14,29,859,247,0,0,0,0,0,206467,3,0
8,0,0,1,9,29,860,247,0,0,0,0,0,251223,3,0
0,0,0,0,31,0,861,634,0,0,0,0,0,210832,3,0
0,0,0,0,12,3,862,634,0,0,0,0,0,197860,2,0
0,0,0,0,4,4,863,634,0,0,0,0,0,251895,2,0
0,0,0,0,44,6,864,634,0,0,0,0,0,220385,2,0
0,0,0,0,8,7,865,634,0,0,0,0,0,258823,3,0
0,0,0,0,20,9,866,634,0,0,0,0,0,261249,2,0
3,0,0,1,23,11,867,634,0,0,0,0,0,79242,3,0
0,0,0,0,18,12,868,634,0,0,0,0,0,240271,3,0
2,0,0,0,7,16,869,634,0,0,0,0,0,210386,4,0
4,0,0,1,52,18,870,634,0,0,0,0,0,246960,3,0
8,0,0,1,9,25,871,634,0,0,0,0,0,239378,4,0
0,0,0,0,21,28,872,634,0,0,0,0,0,261652,3,0
0,0,0,0,24,28,873,634,0,0,0,0,0,216380,3,0
0,0,0,0,6,28,874,634,0,0,0,0,0,260436,3,0
1,0,0,0,28,28,875,634,0,0,0,0,0,258926,2,0
0,0,0,0,1,28,876,634,0,0,0,0,0,202457,3,0
0,0,0,0,10,28,877,634,0,0,0,0,0,216349,3,0
4,0,0,1,17,28,878,634,0,0,0,0,0,251629,3,0
1,0,0,0,70,28,879,634,0,0,0,0,0,275858,3,0
4,0,0,1,19,28,880,634,0,0,0,0,0,223115,3,0
0,0,0,0,16,28,881,634,0,0,0,0,0,254680,3,0
0,0,0,0,22,28,882,634,0,0,0,0,0,223926,3,0
2,0,0,0,77,28,883,634,0,0,0,0,0,73746,3,0
0,0,0,0,45,29,884,634,0,0,0,0,0,76962,3,0
0,0,0,0,37,29,885,634,0,0,0,0,0,73545,3,0
0,0,0,0,38,29,886,634,0,0,0,0,0,73547,3,0
0,0,0,0,43,29,887,634,0,0,0,0,0,82844,3,0
0,0,0,0,46,29,888,634,0,0,0,0,0,80378,3,0
0,0,0,0,36,29,889,634,0,0,0,0,0,75226,3,0
0,0,0,0,25,29,890,634,0,0,0,0,0,75602,3,0
0,0,0,0,48,29,891,634,0,0,0,0,0,278873,3,0
0,0,0,0,47,29,892,634,0,0,0,0,0,81745,3,0
0,0,0,0,1,0,893,645,0,0,0,0,0,271150,3,0
0,0,0,0,5,3,894,645,0,0,0,0,0,75787,3,0
1,0,0,0,3,4,895,645,0,0,0,0,0,216230,3,0
0,0,0,0,20,6,896,645,0,0,0,0,0,75894,4,0
1,0,0,0,32,7,897,645,0,0,0,0,0,243293,3,0
0,0,0,0,8,9,898,645,0,0,0,0,0,79397,3,0
1,0,0,0,18,11,899,645,0,0,0,0,0,79039,3,0
3,0,0,1,10,12,900,645,0,0,0,0,0,228666,3,0
2,0,0,1,11,16,901,645,0,0,0,0,0,79040,2,0
2,0,0,1,40,18,902,645,0,0,0,0,0,80489,4,0
4,0,0,1,9,25,903,645,0,0,0,0,0,227537,3,0
0,0,0,0,23,28,904,645,0,0,0,0,0,277864,4,0
0,0,0,0,2,28,905,645,0,0,0,0,0,272530,3,0
0,0,0,0,14,28,906,645,0,0,0,0,0,188621,2,0
0,0,0,0,28,28,907,645,0,0,0,0,0,261673,3,0
0,0,0,0,16,28,908,645,0,0,0,0,0,271748,3,0
1,0,0,0,7,28,909,645,0,0,0,0,0,239012,3,0
1,0,0,0,17,28,910,645,0,0,0,0,0,259403,3,0
2,0,0,1,99,28,911,645,0,0,0,0,0,254503,3,0
3,0,0,1,21,28,912,645,0,0,0,0,0,225152,3,0
0,0,0,0,77,28,913,645,0,0,0,0,0,221907,4,0
0,0,0,0,26,28,914,645,0,0,0,0,0,72634,3,0
0,0,0,0,6,28,915,645,0,0,0,0,0,269257,3,0
0,0,0,0,27,29,916,645,0,0,0,0,0,71963,3,0
0,0,0,0,39,29,917,645,0,0,0,0,0,80488,3,0
0,0,0,0,24,29,918,645,0,0,0,0,0,79822,3,0
0,0,0,0,19,29,919,645,0,0,0,0,0,79041,3,0
0,0,0,0,15,29,920,645,0,0,0,0,0,79038,3,0
0,0,0,0,38,29,921,645,0,0,0,0,0,73432,3,0
0,0,0,0,25,29,922,645,0,0,0,0,0,79037,3,0
0,0,0,0,22,29,923,645,0,0,0,0,0,269243,3,0
0,0,0,0,1,0,924,1903,0,0,0,0,0,239272,3,0
0,0,0,0,2,3,925,1903,0,0,0,0,0,235222,3,0
1,0,0,0,3,4,926,1903,0,0,0,0,0,207725,3,0
0,0,0,0,24,6,927,1903,0,0,0,0,0,193440,3,0
2,0,0,0,16,7,928,1903,0,0,0,0,0,262473,3,0
0,0,0,0,27,9,929,1903,0,0,0,0,0,262025,4,0
4,0,0,1,21,11,930,1903,0,0,0,0,0,277483,3,0
3,0,0,1,22,23,931,1903,0,0,0,0,0,258730,3,0
1,0,0,0,10,27,932,1903,0,0,0,0,0,263268,3,0
3,0,0,1,20,18,933,1903,0,0,0,0,0,239361,3,0
1,0,0,0,91,25,934,1903,0,0,0,0,0,205693,3,0
0,0,0,0,14,28,935,1903,0,0,0,0,0,265788,3,0
1,0,0,0,40,28,936,1903,0,0,0,0,0,270702,3,0
0,0,0,0,23,28,937,1903,0,0,0,0,0,247330,2,0
0,0,0,0,5,28,938,1903,0,0,0,0,0,83645,3,0
0,0,0,0,25,28,939,1903,0,0,0,0,0,215546,3,0
1,0,0,0,11,28,940,1903,0,0,0,0,0,231836,4,0
1,0,0,0,8,28,941,1903,0,0,0,0,0,256890,2,0
0,0,0,0,77,28,942,1903,0,0,0,0,0,274357,4,0
3,0,0,1,9,28,943,1903,0,0,0,0,0,257959,3,0
1,0,0,0,15,28,944,1903,0,0,0,0,0,271746,3,0
0,0,0,0,18,28,945,1903,0,0,0,0,0,74749,3,0
0,0,0,0,17,28,946,1903,0,0,0,0,0,79113,3,0
0,0,0,0,46,29,947,1903,0,0,0,0,0,80147,3,0
0,0,0,0,38,29,948,1903,0,0,0,0,0,83188,3,0
0,0,0,0,49,29,949,1903,0,0,0,0,0,83380,3,0
0,0,0,0,43,29,950,1903,0,0,0,0,0,75946,3,0
0,0,0,0,33,29,951,1903,0,0,0,0,0,266517,3,0
0,0,0,0,50,29,952,1903,0,0,0,0,0,83555,3,0
0,0,0,0,51,29,953,1903,0,0,0,0,0,80699,3,0
0,0,0,0,53,29,954,1903,0,0,0,0,0,82733,3,0
0,0,0,0,45,29,955,1903,0,0,0,0,0,277635,3,0
5,0,0,1,7,29,956,1903,0,0,0,0,0,239379,3,0
0,0,0,0,44,29,957,1903,0,0,0,0,0,269246,3,0
0,0,0,0,99,0,958,1904,0,0,0,0,0,244256,3,0
0,0,0,0,25,3,959,1904,0,0,0,0,0,72711,2,0
0,0,0,0,3,4,960,1904,0,0,0,0,0,185349,3,0
1,0,0,0,12,5,961,1904,0,0,0,0,0,250813,4,0
0,0,0,0,22,6,962,1904,0,0,0,0,0,80029,2,0
3,0,0,1,4,7,963,1904,0,0,0,0,0,251812,3,0
0,0,0,0,16,13,964,1904,0,0,0,0,0,261386,2,0
0,0,0,0,14,15,965,1904,0,0,0,0,0,244853,2,0
1,0,0,0,90,18,966,1904,0,0,0,0,0,188154,2,0
2,0,0,1,7,24,967,1904,0,0,0,0,0,252082,5,0
3,0,0,1,9,26,968,1904,0,0,0,0,0,273962,5,0
0,0,0,0,8,28,969,1904,0,0,0,0,0,224185,3,0
0,0,0,0,2,28,970,1904,0,0,0,0,0,241693,3,0
0,0,0,0,20,28,971,1904,0,0,0,0,0,198811,3,0
0,0,0,0,15,28,972,1904,0,0,0,0,0,238840,3,0
0,0,0,0,31,28,973,1904,0,0,0,0,0,199568,3,0
3,0,0,1,10,28,974,1904,0,0,0,0,0,274449,3,0
2,0,0,1,32,28,975,1904,0,0,0,0,0,73599,4,0
2,0,0,1,11,28,976,1904,0,0,0,0,0,69987,3,0
0,0,0,0,24,28,977,1904,0,0,0,0,0,176571,3,0
0,0,0,0,1,28,978,1904,0,0,0,0,0,233101,3,0
0,0,0,0,6,28,979,1904,0,0,0,0,0,258870,3,0
0,0,0,0,26,28,980,1904,0,0,0,0,0,80579,3,0
0,0,0,0,21,29,981,1904,0,0,0,0,0,80766,3,0
0,0,0,0,29,29,982,1904,0,0,0,0,0,80581,3,0
0,0,0,0,55,29,983,1904,0,0,0,0,0,268561,3,0
0,0,0,0,27,29,984,1904,0,0,0,0,0,80580,3,0
0,0,0,0,44,29,985,1904,0,0,0,0,0,80742,3,0
0,0,0,0,1,0,986,1906,0,0,0,0,0,272958,3,0
2,0,0,1,34,3,987,1906,0,0,0,0,0,263099,2,0
0,0,0,0,3,4,988,1906,0,0,0,0,0,273752,3,0
1,0,0,0,5,6,989,1906,0,0,0,0,0,264288,2,0
0,0,0,0,15,7,990,1906,0,0,0,0,0,78784,3,0
2,0,0,1,7,12,991,1906,0,0,0,0,0,80911,3,0
1,0,0,0,6,13,992,1906,0,0,0,0,0,260076,2,0
2,0,0,1,26,15,993,1906,0,0,0,0,0,71532,3,0
1,0,0,0,17,16,994,1906,0,0,0,0,0,264263,2,0
5,0,0,1,10,18,995,1906,0,0,0,0,0,254789,3,0
11,1,0,1,9,25,996,1906,0,0,0,0,0,245902,3,0
1,0,0,0,24,28,997,1906,0,0,0,0,0,74460,3,0
0,0,0,0,2,28,998,1906,0,0,0,0,0,266071,3,0
0,0,0,0,4,28,999,1906,0,0,0,0,0,268106,2,0
0,0,0,0,22,28,1000,1906,0,0,0,0,0,75516,3,0
0,0,0,0,41,28,1001,1906,0,0,0,0,0,190778,2,0
2,0,0,1,11,28,1002,1906,0,0,0,0,0,244513,3,0
1,0,0,0,27,28,1003,1906,0,0,0,0,0,75519,2,0
1,0,0,0,33,28,1004,1906,0,0,0,0,0,81231,2,0
3,0,0,1,35,28,1005,1906,0,0,0,0,0,267974,3,0
10,1,0,1,19,28,1006,1906,0,0,0,0,0,241835,3,0
0,0,0,0,18,28,1007,1906,0,0,0,0,0,83550,3,0
0,0,0,0,12,28,1008,1906,0,0,0,0,0,200696,3,0
0,0,0,0,20,29,1009,1906,0,0,0,0,0,78138,2,0
0,0,0,0,43,29,1010,1906,0,0,0,0,0,77934,3,0
0,0,0,0,23,29,1011,1906,0,0,0,0,0,271147,3,0
0,0,0,0,63,29,1012,1906,0,0,0,0,0,80671,3,0
0,0,0,0,14,29,1013,1906,0,0,0,0,0,76396,3,0
0,0,0,0,56,29,1014,1906,0,0,0,0,0,83392,3,0
0,0,0,0,59,29,1015,1906,0,0,0,0,0,82185,3,0
0,0,0,0,31,29,1016,1906,0,0,0,0,0,272961,3,0
0,0,0,0,48,29,1017,1906,0,0,0,0,0,82331,3,0
0,0,0,0,49,29,1018,1906,0,0,0,0,0,79190,3,0
0,0,0,0,8,29,1019,1906,0,0,0,0,0,199422,3,0
2,0,0,1,30,29,1020,1906,0,0,0,0,0,267446,3,0
0,0,0,0,1,0,1021,1908,0,0,0,0,0,199833,4,0
2,0,0,0,28,3,1022,1908,0,0,0,0,0,262311,3,0
0,0,0,0,23,4,1023,1908,0,0,0,0,0,277447,3,0
0,0,0,0,3,6,1024,1908,0,0,0,0,0,208462,3,0
3,0,0,1,39,7,1025,1908,0,0,0,0,0,274834,5,0
1,0,0,0,6,9,1026,1908,0,0,0,0,0,252383,3,0
3,0,0,1,20,11,1027,1908,0,0,0,0,0,245338,3,0
5,0,0,1,11,12,1028,1908,0,0,0,0,0,259563,3,0
0,0,0,0,27,16,1029,1908,0,0,0,0,0,70801,5,0
3,0,0,1,14,18,1030,1908,0,0,0,0,0,274927,3,0
2,0,0,0,10,25,1031,1908,0,0,0,0,0,236498,3,0
0,0,0,0,4,28,1032,1908,0,0,0,0,0,259478,3,0
0,0,0,0,42,28,1033,1908,0,0,0,0,0,277968,3,0
1,0,0,0,38,28,1034,1908,0,0,0,0,0,259673,3,0
0,0,0,0,43,28,1035,1908,0,0,0,0,0,77415,2,0
0,0,0,0,22,28,1036,1908,0,0,0,0,0,176094,3,0
1,0,0,0,7,28,1037,1908,0,0,0,0,0,229593,3,0
0,0,0,0,8,28,1038,1908,0,0,0,0,0,256887,3,0
0,0,0,0,32,28,1039,1908,0,0,0,0,0,224163,3,0
8,0,0,1,9,28,1040,1908,0,0,0,0,0,184457,4,0
0,0,0,0,16,28,1041,1908,0,0,0,0,0,239371,3,0
0,0,0,0,12,28,1042,1908,0,0,0,0,0,79398,3,0
0,0,0,0,25,28,1043,1908,0,0,0,0,0,70539,3,0
0,0,0,0,21,29,1044,1908,0,0,0,0,0,269232,3,0
0,0,0,0,26,29,1045,1908,0,0,0,0,0,81589,3,0
0,0,0,0,30,29,1046,1908,0,0,0,0,0,76729,3,0
0,0,0,0,33,29,1047,1908,0,0,0,0,0,82365,3,0
0,0,0,0,31,29,1048,1908,0,0,0,0,0,78164,3,0
0,0,0,0,2,29,1049,1908,0,0,0,0,0,259163,3,0
0,0,0,0,1,0,1050,1910,0,0,0,0,0,253211,4,0
1,0,0,0,14,4,1051,1910,0,0,0,0,0,253220,4,0
1,0,0,0,3,5,1052,1910,0,0,0,0,0,234679,3,0
1,0,0,0,4,6,1053,1910,0,0,0,0,0,264728,4,0
5,0,0,1,25,12,1054,1910,0,0,0,0,0,70725,3,0
3,0,0,0,23,13,1055,1910,0,0,0,0,0,277809,5,0
1,0,0,0,6,15,1056,1910,0,0,0,0,0,262580,4,0
4,0,0,1,11,16,1057,1910,0,0,0,0,0,73355,4,0
5,0,0,1,10,17,1058,1910,0,0,0,0,0,204060,5,0
5,0,0,1,30,19,1059,1910,0,0,0,0,0,199386,4,0
7,0,0,1,18,25,1060,1910,0,0,0,0,0,232829,3,0
1,0,0,0,5,28,1061,1910,0,0,0,0,0,229155,3,0
0,0,0,0,2,28,1062,1910,0,0,0,0,0,266653,3,0
0,0,0,0,15,28,1063,1910,0,0,0,0,0,205995,3,0
0,0,0,0,24,28,1064,1910,0,0,0,0,0,81346,4,0
0,0,0,0,22,28,1065,1910,0,0,0,0,0,199987,3,0
3,0,0,0,71,28,1066,1910,0,0,0,0,0,262334,3,0
1,0,0,0,20,28,1067,1910,0,0,0,0,0,270931,3,0
1,0,0,0,7,28,1068,1910,0,0,0,0,0,203725,3,0
2,0,0,0,34,28,1069,1910,0,0,0,0,0,255579,3,0
0,0,0,0,8,28,1070,1910,0,0,0,0,0,270578,3,0
0,0,0,0,17,28,1071,1910,0,0,0,0,0,193091,3,0
0,0,0,0,19,28,1072,1910,0,0,0,0,0,268436,3,0
0,0,0,0,35,29,1073,1910,0,0,0,0,0,80556,3,0
0,0,0,0,31,29,1074,1910,0,0,0,0,0,265747,3,0
0,0,0,0,39,29,1075,1910,0,0,0,0,0,83413,3,0
0,0,0,0,26,29,1076,1910,0,0,0,0,0,73356,3,0
0,0,0,0,36,29,1077,1910,0,0,0,0,0,80557,3,0
0,0,0,0,37,29,1078,1910,0,0,0,0,0,80813,3,0
0,0,0,0,38,29,1079,1910,0,0,0,0,0,81299,3,0
0,0,0,0,22,0,1080,1913,0,0,0,0,0,273882,3,0
0,0,0,0,45,3,1081,1913,0,0,0,0,0,277672,4,0
1,0,0,0,4,4,1082,1913,0,0,0,0,0,251754,3,0
1,0,0,0,3,6,1083,1913,0,0,0,0,0,79163,3,0
2,0,0,1,19,7,1084,1913,0,0,0,0,0,252999,3,0
0,0,0,0,16,9,1085,1913,0,0,0,0,0,70569,3,0
1,0,0,0,6,11,1086,1913,0,0,0,0,0,210010,3,0
7,0,0,1,20,12,1087,1913,0,0,0,0,0,259131,4,0
3,0,0,1,10,16,1088,1913,0,0,0,0,0,264452,4,0
3,0,0,1,8,18,1089,1913,0,0,0,0,0,262397,3,0
6,0,0,1,9,25,1090,1913,0,0,0,0,0,237807,3,0
0,0,0,0,28,28,1091,1913,0,0,0,0,0,76746,3,0
1,0,0,0,17,28,1092,1913,0,0,0,0,0,269120,3,0
0,0,0,0,15,28,1093,1913,0,0,0,0,0,277703,3,0
0,0,0,0,34,28,1094,1913,0,0,0,0,0,76135,3,0
0,0,0,0,44,28,1095,1913,0,0,0,0,0,218212,3,0
1,0,0,0,7,28,1096,1913,0,0,0,0,0,255015,2,0
1,0,0,0,26,28,1097,1913,0,0,0,0,0,266448,3,0
0,0,0,0,11,28,1098,1913,0,0,0,0,0,256307,3,0
0,0,0,0,18,28,1099,1913,0,0,0,0,0,262732,3,0
0,0,0,0,31,28,1100,1913,0,0,0,0,0,275856,3,0
0,0,0,0,50,28,1101,1913,0,0,0,0,0,76747,3,0
0,0,0,0,35,28,1102,1913,0,0,0,0,0,74337,3,0
0,0,0,0,36,29,1103,1913,0,0,0,0,0,279010,3,0
0,0,0,0,33,29,1104,1913,0,0,0,0,0,80490,3,0
0,0,0,0,38,29,1105,1913,0,0,0,0,0,83556,3,0
0,0,0,0,30,29,1106,1913,0,0,0,0,0,83175,3,0
0,0,0,0,32,29,1107,1913,0,0,0,0,0,77718,3,0
0,0,0,0,14,29,1108,1913,0,0,0,0,0,72893,3,0
0,0,0,0,16,0,1109,1914,0,0,0,0,0,279508,4,0
1,0,0,0,6,3,1110,1914,0,0,0,0,0,278911,4,0
0,0,0,0,28,4,1111,1914,0,0,0,0,0,242690,4,0
1,0,0,0,4,6,1112,1914,0,0,0,0,0,262889,2,0
1,0,0,0,2,7,1113,1914,0,0,0,0,0,233098,2,0
1,0,0,0,9,12,1114,1914,0,0,0,0,0,226539,4,0
1,0,0,0,30,13,1115,1914,0,0,0,0,0,220763,3,0
2,0,0,1,35,15,1116,1914,0,0,0,0,0,231150,3,0
5,0,0,1,7,16,1117,1914,0,0,0,0,0,260910,4,0
3,0,0,1,25,18,1118,1914,0,0,0,0,0,257484,3,0
10,1,0,1,10,25,1119,1914,0,0,0,0,0,279948,5,0
0,0,0,0,8,28,1120,1914,0,0,0,0,0,265741,3,0
0,0,0,0,34,28,1121,1914,0,0,0,0,0,277943,3,0
0,0,0,0,3,28,1122,1914,0,0,0,0,0,272980,3,0
0,0,0,0,33,28,1123,1914,0,0,0,0,0,266417,3,0
0,0,0,0,1,28,1124,1914,0,0,0,0,0,244676,3,0
0,0,0,0,18,28,1125,1914,0,0,0,0,0,237732,3,0
0,0,0,0,19,28,1126,1914,0,0,0,0,0,75528,3,0
5,0,0,1,22,28,1127,1914,0,0,0,0,0,70545,4,0
0,0,0,0,29,28,1128,1914,0,0,0,0,0,242528,3,0
0,0,0,0,21,28,1129,1914,0,0,0,0,0,259401,3,0
0,0,0,0,20,28,1130,1914,0,0,0,0,0,78785,3,0
0,0,0,0,38,28,1131,1914,0,0,0,0,0,80582,3,0
0,0,0,0,39,29,1132,1914,0,0,0,0,0,81547,3,0
0,0,0,0,46,29,1133,1914,0,0,0,0,0,82107,3,0
0,0,0,0,45,29,1134,1914,0,0,0,0,0,82108,3,0
0,0,0,0,42,29,1135,1914,0,0,0,0,0,70144,3,0
0,0,0,0,41,29,1136,1914,0,0,0,0,0,275419,3,0
0,0,0,0,48,29,1137,1914,0,0,0,0,0,81546,3,0
0,0,0,0,40,29,1138,1914,0,0,0,0,0,76473,3,0
0,0,0,0,1,0,1139,1915,0,0,0,0,0,250916,2,0
2,0,0,1,5,3,1140,1915,0,0,0,0,0,257957,1,0
1,0,0,0,3,4,1141,1915,0,0,0,0,0,262220,4,0
1,0,0,0,4,6,1142,1915,0,0,0,0,0,74140,3,0
1,0,0,0,43,7,1143,1915,0,0,0,0,0,200122,2,0
0,0,0,0,14,12,1144,1915,0,0,0,0,0,273008,3,0
0,0,0,0,18,13,1145,1915,0,0,0,0,0,275411,3,0
4,0,0,1,6,15,1146,1915,0,0,0,0,0,275867,3,0
2,0,0,1,10,16,1147,1915,0,0,0,0,0,275418,2,0
6,0,0,1,9,24,1148,1915,0,0,0,0,0,261457,1,0
4,0,0,1,26,26,1149,1915,0,0,0,0,0,271932,2,0
0,0,0,0,11,28,1150,1915,0,0,0,0,0,254998,3,0
0,0,0,0,2,28,1151,1915,0,0,0,0,0,72299,3,0
0,0,0,0,16,28,1152,1915,0,0,0,0,0,79814,3,0
0,0,0,0,22,28,1153,1915,0,0,0,0,0,74348,3,0
0,0,0,0,21,28,1154,1915,0,0,0,0,0,228860,3,0
1,0,0,0,20,28,1155,1915,0,0,0,0,0,204684,3,0
0,0,0,0,27,28,1156,1915,0,0,0,0,0,269744,3,0
2,0,0,1,17,28,1157,1915,0,0,0,0,0,75838,2,0
1,0,0,0,19,28,1158,1915,0,0,0,0,0,224324,3,0
0,0,0,0,13,28,1159,1915,0,0,0,0,0,275327,3,0
0,0,0,0,7,28,1160,1915,0,0,0,0,0,277411,3,0
0,0,0,0,55,28,1161,1915,0,0,0,0,0,80526,3,0
0,0,0,0,44,29,1162,1915,0,0,0,0,0,80523,3,0
0,0,0,0,24,29,1163,1915,0,0,0,0,0,268108,3,0
0,0,0,0,69,29,1164,1915,0,0,0,0,0,80527,3,0
0,0,0,0,48,29,1165,1915,0,0,0,0,0,80503,3,0
0,0,0,0,15,29,1166,1915,0,0,0,0,0,77798,3,0
0,0,0,0,34,29,1167,1915,0,0,0,0,0,83279,3,0
0,0,0,0,41,29,1168,1915,0,0,0,0,0,80500,3,0
2,0,0,1,8,29,1169,1915,0,0,0,0,0,262222,3,0
0,0,0,0,1,0,1170,1971,0,0,0,0,0,269434,2,0
1,0,0,0,2,3,1171,1971,0,0,0,0,0,263259,2,0
0,0,0,0,4,4,1172,1971,0,0,0,0,0,256892,3,0
0,0,0,0,3,6,1173,1971,0,0,0,0,0,265535,3,0
2,0,0,1,12,7,1174,1971,0,0,0,0,0,248604,4,0
3,0,0,1,23,9,1175,1971,0,0,0,0,0,275982,4,0
0,0,0,0,20,11,1176,1971,0,0,0,0,0,263637,3,0
1,0,0,0,30,12,1177,1971,0,0,0,0,0,271511,2,0
2,0,0,1,11,16,1178,1971,0,0,0,0,0,266010,3,0
6,0,0,1,10,18,1179,1971,0,0,0,0,0,271118,2,0
0,0,0,0,33,25,1180,1971,0,0,0,0,0,80148,2,0
0,0,0,0,6,28,1181,1971,0,0,0,0,0,259923,3,0
0,0,0,0,5,28,1182,1971,0,0,0,0,0,80030,3,0
0,0,0,0,15,28,1183,1971,0,0,0,0,0,245014,3,0
1,0,0,0,14,28,1184,1971,0,0,0,0,0,274528,3,0
0,0,0,0,16,28,1185,1971,0,0,0,0,0,261294,3,0
0,0,0,0,18,28,1186,1971,0,0,0,0,0,73617,3,0
0,0,0,0,7,28,1187,1971,0,0,0,0,0,222165,2,0
2,0,0,1,26,28,1188,1971,0,0,0,0,0,268727,3,0
2,0,0,1,9,28,1189,1971,0,0,0,0,0,257340,3,0
0,0,0,0,8,28,1190,1971,0,0,0,0,0,274448,3,0
1,0,0,0,29,28,1191,1971,0,0,0,0,0,205603,3,0
0,0,0,0,28,28,1192,1971,0,0,0,0,0,80151,3,0
0,0,0,0,24,29,1193,1971,0,0,0,0,0,80525,3,0
0,0,0,0,34,29,1194,1971,0,0,0,0,0,82005,3,0
0,0,0,0,40,29,1195,1971,0,0,0,0,0,80149,3,0
0,0,0,0,22,0,1196,100632,0,0,0,0,0,244218,3,0
0,0,0,0,2,3,1197,100632,0,0,0,0,0,237511,1,0
5,0,0,1,21,4,1198,100632,0,0,0,0,0,239512,2,0
0,0,0,0,4,6,1199,100632,0,0,0,0,0,228363,3,0
1,0,0,1,5,7,1200,100632,0,0,0,0,0,269247,2,0
1,0,0,1,8,9,1201,100632,0,0,0,0,0,244725,1,0
0,0,0,0,24,11,1202,100632,0,0,0,0,0,246099,3,0
0,0,0,0,19,12,1203,100632,0,0,0,0,0,72071,3,0
8,0,0,1,17,16,1204,100632,0,0,0,0,0,72892,3,0
1,0,0,1,7,18,1205,100632,0,0,0,0,0,256800,3,0
2,0,0,1,16,25,1206,100632,0,0,0,0,0,259921,3,0
0,0,0,0,34,28,1207,100632,0,0,0,0,0,79243,3,0
0,0,0,0,29,28,1208,100632,0,0,0,0,0,271080,3,0
0,0,0,0,26,28,1209,100632,0,0,0,0,0,269747,3,0
0,0,0,0,25,28,1210,100632,0,0,0,0,0,277700,2,0
0,0,0,0,1,28,1211,100632,0,0,0,0,0,240123,3,0
0,0,0,0,6,28,1212,100632,0,0,0,0,0,269258,3,0
0,0,0,0,14,28,1213,100632,0,0,0,0,0,246777,3,0
1,0,0,1,18,28,1214,100632,0,0,0,0,0,247120,3,0
0,0,0,0,9,28,1215,100632,0,0,0,0,0,73914,3,0
1,0,0,1,27,28,1216,100632,0,0,0,0,0,233109,3,0
0,0,0,0,10,28,1217,100632,0,0,0,0,0,250998,3,0
1,0,0,1,23,28,1218,100632,0,0,0,0,0,251349,3,0
0,0,0,0,11,29,1219,100632,0,0,0,0,0,254307,3,0
0,0,0,0,20,29,1220,100632,0,0,0,0,0,80351,3,0
0,0,0,0,33,29,1221,100632,0,0,0,0,0,266649,3,0
0,0,0,0,32,29,1222,100632,0,0,0,0,0,77624,3,0
0,0,0,0,31,29,1223,100632,0,0,0,0,0,82485,3,0
0,0,0,0,30,29,1224,100632,0,0,0,0,0,262791,3,0
2,0,0,1,3,29,1225,100632,0,0,0,0,0,192559,3,0
0,0,0,0,15,29,1226,100632,0,0,0,0,0,271270,3,0
0,0,0,0,28,29,1227,100632,0,0,0,0,0,271269,3,0
0,0,0,0,22,0,1228,100634,0,0,0,0,0,162328,3,0
1,0,0,0,23,3,1229,100634,0,0,0,0,0,200425,3,0
3,0,0,1,4,4,1230,100634,0,0,0,0,0,223814,3,0
2,0,0,1,18,6,1231,100634,0,0,0,0,0,247931,4,0
2,0,0,1,24,7,1232,100634,0,0,0,0,0,255449,3,0
0,0,0,0,14,12,1233,100634,0,0,0,0,0,259993,3,0
1,0,0,0,70,13,1234,100634,0,0,0,0,0,237647,5,0
0,0,0,0,13,15,1235,100634,0,0,0,0,0,245286,3,0
1,0,0,0,73,16,1236,100634,0,0,0,0,0,269256,3,0
0,0,0,0,25,24,1237,100634,0,0,0,0,0,269259,3,0
5,0,0,1,19,26,1238,100634,0,0,0,0,0,73949,3,0
0,0,0,0,32,28,1239,100634,0,0,0,0,0,268450,3,0
0,0,0,0,5,28,1240,100634,0,0,0,0,0,264248,4,0
0,0,0,0,6,28,1241,100634,0,0,0,0,0,258893,3,0
0,0,0,0,2,28,1242,100634,0,0,0,0,0,264416,3,0
0,0,0,0,16,28,1243,100634,0,0,0,0,0,268449,3,0
1,0,0,0,10,28,1244,100634,0,0,0,0,0,202050,3,0
1,0,0,0,7,28,1245,100634,0,0,0,0,0,254831,3,0
2,0,0,1,9,28,1246,100634,0,0,0,0,0,255010,3,0
0,0,0,0,8,28,1247,100634,0,0,0,0,0,223370,3,0
0,0,0,0,1,28,1248,100634,0,0,0,0,0,253442,3,0
2,0,0,1,21,28,1249,100634,0,0,0,0,0,269952,3,0
0,0,0,0,3,28,1250,100634,0,0,0,0,0,257570,3,0
1,0,0,0,17,29,1251,100634,0,0,0,0,0,268803,3,0
0,0,0,0,30,29,1252,100634,0,0,0,0,0,243905,3,0
0,0,0,0,39,29,1253,100634,0,0,0,0,0,82003,3,0
0,0,0,0,40,29,1254,100634,0,0,0,0,0,82002,3,0
0,0,0,0,38,29,1255,100634,0,0,0,0,0,82004,3,0
0,0,0,0,28,29,1256,100634,0,0,0,0,0,73433,3,0
0,0,0,0,27,29,1257,100634,0,0,0,0,0,72992,3,0
0,0,0,0,33,29,1258,100634,0,0,0,0,0,79233,3,0
0,0,0,0,11,29,1259,100634,0,0,0,0,0,228509,3,0
0,0,0,0,1,0,1260,100638,0,0,0,0,0,79027,3,0
0,0,0,0,14,4,1261,100638,0,0,0,0,0,79319,2,0
0,0,0,0,4,5,1262,100638,0,0,0,0,0,79029,3,0
1,0,0,0,6,6,1263,100638,0,0,0,0,0,212485,2,0
1,0,0,0,11,12,1264,100638,0,0,0,0,0,79032,3,0
2,0,0,0,8,13,1265,100638,0,0,0,0,0,79043,3,0
3,0,0,1,17,15,1266,100638,0,0,0,0,0,266722,4,0
3,0,0,1,2,16,1267,100638,0,0,0,0,0,221986,3,0
4,0,0,1,39,17,1268,100638,0,0,0,0,0,275861,2,0
3,0,0,1,7,19,1269,100638,0,0,0,0,0,79042,2,0
2,0,0,0,9,25,1270,100638,0,0,0,0,0,79708,3,0
0,0,0,0,23,28,1271,100638,0,0,0,0,0,70069,3,0
0,0,0,0,5,28,1272,100638,0,0,0,0,0,79868,3,0
0,0,0,0,21,28,1273,100638,0,0,0,0,0,79030,3,0
0,0,0,0,29,28,1274,100638,0,0,0,0,0,210205,3,0
0,0,0,0,20,28,1275,100638,0,0,0,0,0,261755,3,0
0,0,0,0,10,28,1276,100638,0,0,0,0,0,223696,3,0
2,0,0,0,30,28,1277,100638,0,0,0,0,0,276363,3,0
0,0,0,0,16,28,1278,100638,0,0,0,0,0,80589,3,0
0,0,0,0,37,28,1279,100638,0,0,0,0,0,77169,2,0
0,0,0,0,13,28,1280,100638,0,0,0,0,0,79028,3,0
0,0,0,0,25,28,1281,100638,0,0,0,0,0,80586,3,0
0,0,0,0,28,28,1282,100638,0,0,0,0,0,80588,3,0
0,0,0,0,24,29,1283,100638,0,0,0,0,0,80585,3,0
0,0,0,0,18,29,1284,100638,0,0,0,0,0,80670,3,0
0,0,0,0,15,29,1285,100638,0,0,0,0,0,79045,3,0
0,0,0,0,26,29,1286,100638,0,0,0,0,0,80587,3,0
3,0,0,1,27,29,1287,100638,0,0,0,0,0,270475,3,0
0,0,0,0,1,0,1288,100646,0,0,0,0,0,228279,4,0
0,0,0,0,2,3,1289,100646,0,0,0,0,0,260099,3,0
0,0,0,0,3,4,1290,100646,0,0,0,0,0,74344,4,0
0,0,0,0,4,6,1291,100646,0,0,0,0,0,199550,4,0
1,0,0,0,5,7,1292,100646,0,0,0,0,0,73012,4,0
0,0,0,0,8,9,1293,100646,0,0,0,0,0,269471,3,0
5,0,0,1,6,11,1294,100646,0,0,0,0,0,242531,3,0
2,0,0,1,7,12,1295,100646,0,0,0,0,0,231864,2,0
5,0,0,1,11,16,1296,100646,0,0,0,0,0,279808,5,0
1,0,0,0,10,18,1297,100646,0,0,0,0,0,237895,3,0
9,0,0,1,9,25,1298,100646,0,0,0,0,0,230737,3,0
2,0,0,1,15,28,1299,100646,0,0,0,0,0,236037,3,0
1,0,0,0,13,28,1300,100646,0,0,0,0,0,186190,3,0
0,0,0,0,18,28,1301,100646,0,0,0,0,0,250918,3,0
0,0,0,0,14,28,1302,100646,0,0,0,0,0,259443,3,0
0,0,0,0,12,28,1303,100646,0,0,0,0,0,208894,3,0
0,0,0,0,17,28,1304,100646,0,0,0,0,0,258489,3,0
0,0,0,0,20,28,1305,100646,0,0,0,0,0,79823,4,0
0,0,0,0,24,28,1306,100646,0,0,0,0,0,198006,3,0
0,0,0,0,16,28,1307,100646,0,0,0,0,0,277121,3,0
0,0,0,0,27,28,1308,100646,0,0,0,0,0,177569,3,0
0,0,0,0,22,28,1309,100646,0,0,0,0,0,70953,3,0
0,0,0,0,19,28,1310,100646,0,0,0,0,0,271120,3,0
0,0,0,0,21,29,1311,100646,0,0,0,0,0,82330,4,0
0,0,0,0,28,29,1312,100646,0,0,0,0,0,82666,3,0
0,0,0,0,23,29,1313,100646,0,0,0,0,0,269435,3,0
0,0,0,0,29,29,1314,100646,0,0,0,0,0,81988,3,0
0,0,0,0,25,29,1315,100646,0,0,0,0,0,80584,3,0
0,0,0,0,26,29,1316,100646,0,0,0,0,0,278560,3,0
0,0,0,0,1,0,1317,1,0,0,0,0,0,220901,3,0
2,0,0,0,12,3,1318,1,0,0,0,0,0,251805,4,0
0,0,0,0,2,4,1319,1,0,0,0,0,0,243715,3,0
3,0,0,0,6,6,1320,1,0,0,0,0,0,232580,4,0
0,0,0,0,5,7,1321,1,0,0,0,0,0,256197,3,0
4,0,0,1,36,10,1322,1,0,0,0,0,0,248148,4,0
4,0,0,1,7,23,1323,1,0,0,0,0,0,246669,3,0
1,0,0,0,8,13,1324,1,0,0,0,0,0,222665,3,0
4,0,0,1,41,15,1325,1,0,0,0,0,0,234378,3,0
5,0,0,1,19,27,1326,1,0,0,0,0,0,207421,3,0
6,0,0,1,14,25,1327,1,0,0,0,0,0,241651,4,0
4,0,0,1,10,28,1328,1,0,0,0,0,0,235794,3,0
0,0,0,0,16,28,1329,1,0,0,0,0,0,210697,3,0
0,0,0,0,4,28,1330,1,0,0,0,0,0,231936,3,0
1,0,0,0,33,28,1331,1,0,0,0,0,0,257711,3,0
0,0,0,0,13,28,1332,1,0,0,0,0,0,206585,3,0
1,0,0,0,11,28,1333,1,0,0,0,0,0,251566,3,0
1,0,0,0,20,28,1334,1,0,0,0,0,0,254796,4,0
0,0,0,0,29,28,1335,1,0,0,0,0,0,235790,3,0
2,0,0,0,9,28,1336,1,0,0,0,0,0,230666,3,0
0,0,0,0,3,28,1337,1,0,0,0,0,0,264846,3,0
0,0,0,0,49,28,1338,1,0,0,0,0,0,278773,3,0
4,0,0,1,23,28,1339,1,0,0,0,0,0,225193,3,0
0,0,0,0,23,0,1340,2,0,0,0,0,0,202811,3,0
3,0,0,1,2,3,1341,2,0,0,0,0,0,227174,3,0
0,0,0,0,4,4,1342,2,0,0,0,0,0,227678,3,0
0,0,0,0,14,6,1343,2,0,0,0,0,0,241464,3,0
0,0,0,0,12,7,1344,2,0,0,0,0,0,200458,3,0
2,0,0,0,24,9,1345,2,0,0,0,0,0,257057,3,0
0,0,0,0,21,11,1346,2,0,0,0,0,0,236499,3,0
3,0,0,1,7,12,1347,2,0,0,0,0,0,210881,3,0
5,0,0,1,10,16,1348,2,0,0,0,0,0,226162,3,0
7,0,0,1,27,18,1349,2,0,0,0,0,0,260247,3,0
8,0,0,1,11,25,1350,2,0,0,0,0,0,221697,3,0
0,0,0,0,26,28,1351,2,0,0,0,0,0,264209,2,0
0,0,0,0,53,28,1352,2,0,0,0,0,0,82350,3,0
0,0,0,0,22,28,1353,2,0,0,0,0,0,248465,3,0
0,0,0,0,3,28,1354,2,0,0,0,0,0,221660,3,0
0,0,0,0,40,28,1355,2,0,0,0,0,0,200110,3,0
0,0,0,0,31,28,1356,2,0,0,0,0,0,229906,3,0
1,0,0,0,6,28,1357,2,0,0,0,0,0,199189,3,0
0,0,0,0,19,28,1358,2,0,0,0,0,0,233049,3,0
0,0,0,0,18,28,1359,2,0,0,0,0,0,231352,3,0
0,0,0,0,5,28,1360,2,0,0,0,0,0,212419,3,0
0,0,0,0,9,28,1361,2,0,0,0,0,0,246174,3,0
0,0,0,0,83,28,1362,2,0,0,0,0,0,80816,3,0
0,0,0,0,16,29,1363,2,0,0,0,0,0,275468,3,0
0,0,0,0,47,29,1364,2,0,0,0,0,0,82968,3,0
0,0,0,0,8,29,1365,2,0,0,0,0,0,216393,3,0
1,0,0,0,44,29,1366,2,0,0,0,0,0,236987,3,0
0,0,0,0,49,29,1367,2,0,0,0,0,0,80652,3,0
0,0,0,0,46,29,1368,2,0,0,0,0,0,75603,3,0
0,0,0,0,54,29,1369,2,0,0,0,0,0,260129,3,0
0,0,0,0,1,0,1370,5,0,0,0,0,0,228789,2,0
2,0,0,0,24,3,1371,5,0,0,0,0,0,238074,3,0
3,0,0,1,23,4,1372,5,0,0,0,0,0,230918,2,0
0,0,0,0,4,6,1373,5,0,0,0,0,0,222104,3,0
1,0,0,0,3,7,1374,5,0,0,0,0,0,239231,3,0
3,0,0,1,25,9,1375,5,0,0,0,0,0,256079,3,0
8,0,0,1,8,11,1376,5,0,0,0,0,0,247090,4,0
5,0,0,1,7,12,1377,5,0,0,0,0,0,238616,3,0
1,0,0,0,49,16,1378,5,0,0,0,0,0,268438,1,0
4,0,0,1,10,18,1379,5,0,0,0,0,0,257534,2,0
9,1,0,1,20,25,1380,5,0,0,0,0,0,252042,3,0
0,0,0,0,45,28,1381,5,0,0,0,0,0,263620,3,0
0,0,0,0,29,28,1382,5,0,0,0,0,0,248695,3,0
2,0,0,0,27,28,1383,5,0,0,0,0,0,259307,2,0
0,0,0,0,21,28,1384,5,0,0,0,0,0,272978,1,0
0,0,0,0,12,28,1385,5,0,0,0,0,0,258485,3,0
0,0,0,0,17,28,1386,5,0,0,0,0,0,273018,3,0
2,0,0,0,41,28,1387,5,0,0,0,0,0,76687,3,0
0,0,0,0,11,28,1388,5,0,0,0,0,0,266032,3,0
1,0,0,0,9,28,1389,5,0,0,0,0,0,259031,2,0
1,0,0,0,34,28,1390,5,0,0,0,0,0,71651,3,0
0,0,0,0,38,28,1391,5,0,0,0,0,0,278813,3,0
0,0,0,0,5,28,1392,5,0,0,0,0,0,242578,2,0
0,0,0,0,19,29,1393,5,0,0,0,0,0,275507,3,0
0,0,0,0,44,29,1394,5,0,0,0,0,0,248158,3,0
0,0,0,0,35,29,1395,5,0,0,0,0,0,266605,3,0
0,0,0,0,28,29,1396,5,0,0,0,0,0,257126,3,0
0,0,0,0,33,29,1397,5,0,0,0,0,0,71997,3,0
0,0,0,0,6,29,1398,5,0,0,0,0,0,262859,3,0
0,0,0,0,14,29,1399,5,0,0,0,0,0,261530,3,0
0,0,0,0,1,0,1400,7,0,0,0,0,0,204935,3,0
0,0,0,0,15,3,1401,7,0,0,0,0,0,253510,3,0
0,0,0,0,6,4,1402,7,0,0,0,0,0,202695,3,0
3,0,0,1,5,6,1403,7,0,0,0,0,0,207599,3,0
0,0,0,0,16,7,1404,7,0,0,0,0,0,244380,3,0
2,0,0,0,37,9,1405,7,0,0,0,0,0,243657,3,0
2,0,0,0,27,11,1406,7,0,0,0,0,0,193474,2,0
4,0,0,1,10,12,1407,7,0,0,0,0,0,261188,2,0
0,0,0,0,7,16,1408,7,0,0,0,0,0,243282,3,0
4,0,0,1,22,18,1409,7,0,0,0,0,0,237386,3,0
5,0,0,1,11,25,1410,7,0,0,0,0,0,276295,3,0
0,0,0,0,42,28,1411,7,0,0,0,0,0,266609,3,0
0,0,0,0,24,28,1412,7,0,0,0,0,0,256402,3,0
0,0,0,0,32,28,1413,7,0,0,0,0,0,247649,3,0
0,0,0,0,2,28,1414,7,0,0,0,0,0,257896,3,0
0,0,0,0,12,28,1415,7,0,0,0,0,0,232284,3,0
0,0,0,0,34,28,1416,7,0,0,0,0,0,259714,3,0
0,0,0,0,45,28,1417,7,0,0,0,0,0,74413,2,0
0,0,0,0,20,28,1418,7,0,0,0,0,0,279497,3,0
3,0,0,1,9,28,1419,7,0,0,0,0,0,251892,3,0
0,0,0,0,19,28,1420,7,0,0,0,0,0,71998,3,0
0,0,0,0,39,28,1421,7,0,0,0,0,0,70448,3,0
0,0,0,0,23,28,1422,7,0,0,0,0,0,180216,3,0
0,0,0,0,31,29,1423,7,0,0,0,0,0,225650,3,0
2,0,0,0,18,29,1424,7,0,0,0,0,0,206517,3,0
0,0,0,0,1,0,1425,8,0,0,0,0,0,230670,3,0
1,0,0,0,24,3,1426,8,0,0,0,0,0,231554,2,0
2,0,0,1,6,4,1427,8,0,0,0,0,0,229266,2,0
1,0,0,0,15,5,1428,8,0,0,0,0,0,244238,3,0
0,0,0,0,5,6,1429,8,0,0,0,0,0,239360,3,0
0,0,0,0,3,7,1430,8,0,0,0,0,0,236822,2,0
1,0,0,0,4,10,1431,8,0,0,0,0,0,235735,3,0
4,0,0,1,11,13,1432,8,0,0,0,0,0,247361,2,0
3,0,0,1,18,15,1433,8,0,0,0,0,0,257191,3,0
9,1,0,1,9,24,1434,8,0,0,0,0,0,221479,2,0
2,0,0,1,19,26,1435,8,0,0,0,0,0,242530,3,0
2,0,0,1,22,28,1436,8,0,0,0,0,0,236764,3,0
0,0,0,0,44,28,1437,8,0,0,0,0,0,248384,2,0
0,0,0,0,2,28,1438,8,0,0,0,0,0,244591,2,0
0,0,0,0,23,28,1439,8,0,0,0,0,0,242663,3,0
0,0,0,0,26,28,1440,8,0,0,0,0,0,193331,1,0
1,0,0,0,8,28,1441,8,0,0,0,0,0,237161,3,0
0,0,0,0,40,28,1442,8,0,0,0,0,0,269495,3,0
0,0,0,0,29,28,1443,8,0,0,0,0,0,258906,3,0
5,0,0,1,14,28,1444,8,0,0,0,0,0,230084,3,0
0,0,0,0,10,28,1445,8,0,0,0,0,0,247249,3,0
0,0,0,0,25,28,1446,8,0,0,0,0,0,208892,3,0
0,0,0,0,16,28,1447,8,0,0,0,0,0,242656,3,0
0,0,0,0,42,29,1448,8,0,0,0,0,0,74145,3,0
0,0,0,0,21,29,1449,8,0,0,0,0,0,203215,3,0
0,0,0,0,50,29,1450,8,0,0,0,0,0,71814,3,0
0,0,0,0,7,29,1451,8,0,0,0,0,0,232104,3,0
0,0,0,0,1,0,1452,9,0,0,0,0,0,212831,3,0
0,0,0,0,30,3,1453,9,0,0,0,0,0,253149,3,0
1,0,0,0,5,4,1454,9,0,0,0,0,0,237678,4,0
1,0,0,0,4,6,1455,9,0,0,0,0,0,203376,3,0
1,0,0,0,6,7,1456,9,0,0,0,0,0,260908,3,0
4,0,0,1,38,9,1457,9,0,0,0,0,0,246104,3,0
0,0,0,0,10,11,1458,9,0,0,0,0,0,239837,3,0
4,0,0,1,11,12,1459,9,0,0,0,0,0,209331,3,0
4,0,0,1,7,16,1460,9,0,0,0,0,0,256630,5,0
3,0,0,0,8,18,1461,9,0,0,0,0,0,236772,4,0
10,1,0,1,22,25,1462,9,0,0,0,0,0,257289,5,0
0,0,0,0,3,28,1463,9,0,0,0,0,0,232487,3,0
0,0,0,0,42,28,1464,9,0,0,0,0,0,279128,3,0
0,0,0,0,26,28,1465,9,0,0,0,0,0,216267,3,0
0,0,0,0,2,28,1466,9,0,0,0,0,0,225100,3,0
0,0,0,0,25,28,1467,9,0,0,0,0,0,262621,3,0
2,0,0,0,14,28,1468,9,0,0,0,0,0,235805,3,0
0,0,0,0,17,28,1469,9,0,0,0,0,0,242434,3,0
1,0,0,0,73,28,1470,9,0,0,0,0,0,80376,3,0
5,0,0,1,18,28,1471,9,0,0,0,0,0,242516,3,0
0,0,0,0,28,28,1472,9,0,0,0,0,0,222514,3,0
0,0,0,0,47,28,1473,9,0,0,0,0,0,252897,3,0
0,0,0,0,41,28,1474,9,0,0,0,0,0,79922,3,0
0,0,0,0,43,29,1475,9,0,0,0,0,0,271975,3,0
0,0,0,0,40,29,1476,9,0,0,0,0,0,278292,3,0
0,0,0,0,95,29,1477,9,0,0,0,0,0,271977,3,0
0,0,0,0,46,29,1478,9,0,0,0,0,0,247601,3,0
2,0,0,0,9,29,1479,9,0,0,0,0,0,233731,3,0
0,0,0,0,12,29,1480,9,0,0,0,0,0,264298,3,0
0,0,0,0,63,29,1481,9,0,0,0,0,0,264299,3,0
0,0,0,0,15,29,1482,9,0,0,0,0,0,70824,3,0
0,0,0,0,25,0,1483,10,0,0,0,0,0,230621,3,0
1,0,0,0,27,3,1484,10,0,0,0,0,0,253124,2,0
2,0,0,0,3,4,1485,10,0,0,0,0,0,239818,3,0
2,0,0,0,15,6,1486,10,0,0,0,0,0,241159,3,0
1,0,0,0,33,7,1487,10,0,0,0,0,0,277427,2,0
0,0,0,0,16,10,1488,10,0,0,0,0,0,231866,3,0
3,0,0,1,10,23,1489,10,0,0,0,0,0,251570,4,0
0,0,0,0,20,13,1490,10,0,0,0,0,0,218667,3,0
7,0,0,1,47,15,1491,10,0,0,0,0,0,237692,3,0
1,0,0,0,11,27,1492,10,0,0,0,0,0,246420,3,0
20,1,0,1,9,25,1493,10,0,0,0,1,0,239085,3,0
1,0,0,0,14,28,1494,10,0,0,0,0,0,255069,3,0
0,0,0,0,63,28,1495,10,0,0,0,0,0,81539,3,0
0,0,0,0,45,28,1496,10,0,0,0,0,0,277031,3,0
0,0,0,0,82,28,1497,10,0,0,0,0,0,271574,3,0
0,0,0,0,1,28,1498,10,0,0,0,0,0,263063,3,0
1,0,0,0,7,28,1499,10,0,0,0,0,0,256675,3,0
5,0,0,1,4,28,1500,10,0,0,0,0,0,240638,3,0
12,1,0,1,42,28,1501,10,0,0,0,0,0,241236,4,0
0,0,0,0,26,28,1502,10,0,0,0,0,0,270409,3,0
0,0,0,0,6,28,1503,10,0,0,0,0,0,208920,3,0
0,0,0,0,5,28,1504,10,0,0,0,0,0,203574,3,0
0,0,0,0,21,28,1505,10,0,0,0,0,0,242641,3,0
0,0,0,0,68,29,1506,10,0,0,0,0,0,76250,3,0
0,0,0,0,13,29,1507,10,0,0,0,0,0,204246,3,0
0,0,0,0,41,29,1508,10,0,0,0,0,0,268737,3,0
2,0,0,0,24,29,1509,10,0,0,0,0,0,251517,3,0
0,0,0,0,8,29,1510,10,0,0,0,0,0,207410,3,0
0,0,0,0,31,0,1511,11,0,0,0,0,0,254803,3,0
1,0,0,0,2,3,1512,11,0,0,0,0,0,234574,4,0
1,0,0,0,5,4,1513,11,0,0,0,0,0,203263,2,0
0,0,0,0,6,6,1514,11,0,0,0,0,0,239301,3,0
0,0,0,0,23,7,1515,11,0,0,0,0,0,205988,3,0
5,0,0,1,18,9,1516,11,0,0,0,0,0,200145,5,0
0,0,0,0,37,11,1517,11,0,0,0,0,0,269136,3,0
2,0,0,0,16,12,1518,11,0,0,0,0,0,254088,4,0
6,0,0,1,10,16,1519,11,0,0,0,0,0,240243,4,0
5,0,0,1,8,18,1520,11,0,0,0,0,0,212198,4,0
8,0,0,1,19,25,1521,11,0,0,0,0,0,243014,3,0
0,0,0,0,25,28,1522,11,0,0,0,0,0,253306,3,0
0,0,0,0,3,28,1523,11,0,0,0,0,0,236401,3,0
0,0,0,0,15,28,1524,11,0,0,0,0,0,269087,3,0
0,0,0,0,26,28,1525,11,0,0,0,0,0,75087,3,0
0,0,0,0,1,28,1526,11,0,0,0,0,0,243647,3,0
0,0,0,0,61,28,1527,11,0,0,0,0,0,278124,3,0
3,0,0,0,7,28,1528,11,0,0,0,0,0,233064,3,0
5,0,0,1,30,28,1529,11,0,0,0,0,0,260592,3,0
2,0,0,0,11,28,1530,11,0,0,0,0,0,250961,3,0
1,0,0,0,4,28,1531,11,0,0,0,0,0,235243,3,0
0,0,0,0,33,28,1532,11,0,0,0,0,0,269233,3,0
0,0,0,0,12,28,1533,11,0,0,0,0,0,238041,3,0
0,0,0,0,38,29,1534,11,0,0,0,0,0,75439,3,0
0,0,0,0,70,29,1535,11,0,0,0,0,0,82853,3,0
0,0,0,0,22,29,1536,11,0,0,0,0,0,163264,3,0
0,0,0,0,35,29,1537,11,0,0,0,0,0,74142,3,0
0,0,0,0,32,29,1538,11,0,0,0,0,0,77354,3,0
0,0,0,0,43,29,1539,11,0,0,0,0,0,77404,3,0
0,0,0,0,40,29,1540,11,0,0,0,0,0,278121,3,0
0,0,0,0,44,29,1541,11,0,0,0,0,0,272644,3,0
0,0,0,0,34,29,1542,11,0,0,0,0,0,274988,3,0
3,0,0,0,13,29,1543,11,0,0,0,0,0,277432,3,0
0,0,0,0,1,0,1544,13,0,0,0,0,0,203841,1,0
1,0,0,0,67,3,1545,13,0,0,0,0,0,274246,3,0
3,0,0,1,12,4,1546,13,0,0,0,0,0,256261,1,0
0,0,0,0,4,6,1547,13,0,0,0,0,0,251809,3,0
0,0,0,0,3,7,1548,13,0,0,0,0,0,266127,2,0
0,0,0,0,8,10,1549,13,0,0,0,0,0,241096,2,0
5,0,0,1,11,23,1550,13,0,0,0,0,0,234742,2,0
8,0,0,1,39,13,1551,13,0,0,0,0,0,247851,3,0
2,0,0,0,7,15,1552,13,0,0,0,0,0,223334,3,0
3,0,0,1,10,27,1553,13,0,0,0,0,0,242964,4,0
7,0,0,1,27,25,1554,13,0,0,0,0,0,254022,3,0
0,0,0,0,28,28,1555,13,0,0,0,0,0,237329,2,0
0,0,0,0,33,28,1556,13,0,0,0,0,0,198032,1,0
0,0,0,0,2,28,1557,13,0,0,0,0,0,186345,1,0
0,0,0,0,37,28,1558,13,0,0,0,0,0,270617,3,0
0,0,0,0,32,28,1559,13,0,0,0,0,0,233934,3,0
2,0,0,0,23,28,1560,13,0,0,0,0,0,206085,3,0
0,0,0,0,41,28,1561,13,0,0,0,0,0,246923,2,0
0,0,0,0,20,28,1562,13,0,0,0,0,0,257470,2,0
1,0,0,0,9,28,1563,13,0,0,0,0,0,234824,3,0
0,0,0,0,17,28,1564,13,0,0,0,0,0,207650,3,0
1,0,0,0,18,28,1565,13,0,0,0,0,0,270519,3,0
0,0,0,0,26,28,1566,13,0,0,0,0,0,163600,3,0
0,0,0,0,62,29,1567,13,0,0,0,0,0,77791,3,0
0,0,0,0,61,29,1568,13,0,0,0,0,0,72281,3,0
0,0,0,0,29,29,1569,13,0,0,0,0,0,198039,3,0
0,0,0,0,5,29,1570,13,0,0,0,0,0,210047,3,0
0,0,0,0,21,29,1571,13,0,0,0,0,0,262118,3,0
0,0,0,0,26,0,1572,14,0,0,0,0,0,199641,3,0
0,0,0,0,34,3,1573,14,0,0,0,0,0,224656,3,0
0,0,0,0,31,4,1574,14,0,0,0,0,0,238095,3,0
1,0,0,0,5,6,1575,14,0,0,0,0,0,278016,3,0
1,0,0,0,3,7,1576,14,0,0,0,0,0,243057,1,0
1,0,0,0,8,9,1577,14,0,0,0,0,0,254243,4,0
1,0,0,0,16,11,1578,14,0,0,0,0,0,237819,3,0
1,0,0,0,21,12,1579,14,0,0,0,0,0,260145,3,0
3,0,0,1,7,16,1580,14,0,0,0,0,0,240740,2,0
6,0,0,1,10,18,1581,14,0,0,0,0,0,236015,4,0
2,0,0,1,19,25,1582,14,0,0,0,0,0,79402,3,0
2,0,0,1,6,28,1583,14,0,0,0,0,0,235173,3,0
0,0,0,0,22,28,1584,14,0,0,0,0,0,235642,3,0
0,0,0,0,4,28,1585,14,0,0,0,0,0,256008,3,0
2,0,0,1,37,28,1586,14,0,0,0,0,0,74310,3,0
0,0,0,0,27,28,1587,14,0,0,0,0,0,200159,3,0
0,0,0,0,29,28,1588,14,0,0,0,0,0,250789,3,0
0,0,0,0,24,28,1589,14,0,0,0,0,0,264349,3,0
1,0,0,0,14,28,1590,14,0,0,0,0,0,257980,3,0
0,0,0,0,20,28,1591,14,0,0,0,0,0,268474,3,0
1,0,0,0,9,28,1592,14,0,0,0,0,0,230978,3,0
0,0,0,0,23,28,1593,14,0,0,0,0,0,79629,3,0
0,0,0,0,18,28,1594,14,0,0,0,0,0,216325,3,0
0,0,0,0,44,29,1595,14,0,0,0,0,0,74242,3,0
0,0,0,0,25,29,1596,14,0,0,0,0,0,256781,3,0
0,0,0,0,30,29,1597,14,0,0,0,0,0,202750,3,0
0,0,0,0,33,29,1598,14,0,0,0,0,0,81339,3,0
0,0,0,0,66,29,1599,14,0,0,0,0,0,81325,3,0
2,0,0,1,11,29,1600,14,0,0,0,0,0,192123,3,0
0,0,0,0,13,29,1601,14,0,0,0,0,0,234724,3,0
0,0,0,0,1,0,1602,18,0,0,0,0,0,240091,2,0
0,0,0,0,23,3,1603,18,0,0,0,0,0,243576,3,0
4,0,0,1,17,4,1604,18,0,0,0,0,0,232488,1,0
4,0,0,1,37,6,1605,18,0,0,0,0,0,264453,3,0
0,0,0,0,24,7,1606,18,0,0,0,0,0,243702,3,0
3,0,0,1,6,9,1607,18,0,0,0,0,0,229391,3,0
1,0,0,0,14,11,1608,18,0,0,0,0,0,270208,3,0
0,0,0,0,28,12,1609,18,0,0,0,0,0,270579,3,0
3,0,0,1,11,16,1610,18,0,0,0,0,0,268421,3,0
1,0,0,0,7,18,1611,18,0,0,0,0,0,245367,4,0
7,0,0,1,9,25,1612,18,0,0,0,0,0,231943,3,0
0,0,0,0,8,28,1613,18,0,0,0,0,0,236480,1,0
0,0,0,0,4,28,1614,18,0,0,0,0,0,237985,3,0
0,0,0,0,13,28,1615,18,0,0,0,0,0,259583,3,0
0,0,0,0,3,28,1616,18,0,0,0,0,0,260105,1,0
0,0,0,0,31,28,1617,18,0,0,0,0,0,73580,3,0
0,0,0,0,22,28,1618,18,0,0,0,0,0,238216,4,0
2,0,0,0,29,28,1619,18,0,0,0,0,0,259868,3,0
0,0,0,0,39,28,1620,18,0,0,0,0,0,237679,2,0
2,0,0,0,19,28,1621,18,0,0,0,0,0,225539,5,0
0,0,0,0,38,28,1622,18,0,0,0,0,0,83381,3,0
0,0,0,0,40,28,1623,18,0,0,0,0,0,236568,3,0
0,0,0,0,67,28,1624,18,0,0,0,0,0,81899,3,0
0,0,0,0,41,29,1625,18,0,0,0,0,0,276346,3,0
0,0,0,0,10,29,1626,18,0,0,0,0,0,220697,3,0
0,0,0,0,21,29,1627,18,0,0,0,0,0,247394,3,0
2,0,0,0,20,29,1628,18,0,0,0,0,0,245155,3,0
1,0,0,0,30,29,1629,18,0,0,0,0,0,227535,3,0
1,0,0,0,15,29,1630,18,0,0,0,0,0,272926,3,0
1,0,0,0,33,29,1631,18,0,0,0,0,0,205923,3,0
0,0,0,0,23,0,1632,19,0,0,0,0,0,193105,3,0
1,0,0,0,2,3,1633,19,0,0,0,0,0,227927,3,0
0,0,0,0,15,4,1634,19,0,0,0,0,0,242000,2,0
0,0,0,0,25,6,1635,19,0,0,0,0,0,245388,1,0
0,0,0,0,30,7,1636,19,0,0,0,0,0,274102,3,0
8,0,0,1,20,12,1637,19,0,0,0,0,0,224371,3,0
2,0,0,1,28,13,1638,19,0,0,0,0,0,236792,2,0
3,0,0,1,18,15,1639,19,0,0,0,0,0,270857,3,0
3,0,0,1,7,16,1640,19,0,0,0,0,0,251954,4,0
0,0,0,0,11,24,1641,19,0,0,0,0,0,237712,3,0
0,0,0,0,19,26,1642,19,0,0,0,0,0,264290,3,0
0,0,0,0,29,28,1643,19,0,0,0,0,0,229880,4,0
0,0,0,0,5,28,1644,19,0,0,0,0,0,229942,3,0
0,0,0,0,12,28,1645,19,0,0,0,0,0,274915,2,0
0,0,0,0,3,28,1646,19,0,0,0,0,0,245336,3,0
0,0,0,0,1,28,1647,19,0,0,0,0,0,246158,3,0
0,0,0,0,32,28,1648,19,0,0,0,0,0,264579,3,0
1,0,0,0,27,28,1649,19,0,0,0,0,0,275102,3,0
0,0,0,0,17,28,1650,19,0,0,0,0,0,213956,3,0
5,0,0,1,9,28,1651,19,0,0,0,0,0,196978,3,0
0,0,0,0,63,28,1652,19,0,0,0,0,0,75842,3,0
0,0,0,0,55,28,1653,19,0,0,0,0,0,278284,3,0
0,0,0,0,21,28,1654,19,0,0,0,0,0,268564,3,0
0,0,0,0,61,29,1655,19,0,0,0,0,0,70230,3,0
0,0,0,0,22,29,1656,19,0,0,0,0,0,164835,3,0
0,0,0,0,22,0,1657,106,0,0,0,0,0,263798,3,0
1,0,0,0,20,3,1658,106,0,0,0,0,0,226166,4,0
2,0,0,1,5,4,1659,106,0,0,0,0,0,243908,4,0
1,0,0,0,15,6,1660,106,0,0,0,0,0,240359,4,0
0,0,0,0,32,7,1661,106,0,0,0,0,0,266400,3,0
1,0,0,0,34,9,1662,106,0,0,0,0,0,199503,3,0
0,0,0,0,6,11,1663,106,0,0,0,0,0,241187,3,0
0,0,0,0,11,12,1664,106,0,0,0,0,0,273459,3,0
3,0,0,1,7,16,1665,106,0,0,0,0,0,275048,4,0
3,0,0,1,28,18,1666,106,0,0,0,0,0,246350,4,0
5,0,0,1,9,25,1667,106,0,0,0,0,0,251810,3,0
1,0,0,0,19,28,1668,106,0,0,0,0,0,264293,4,0
0,0,0,0,17,28,1669,106,0,0,0,0,0,236045,4,0
0,0,0,0,13,28,1670,106,0,0,0,0,0,215700,3,0
0,0,0,0,3,28,1671,106,0,0,0,0,0,256831,3,0
0,0,0,0,21,28,1672,106,0,0,0,0,0,194150,3,0
0,0,0,0,14,28,1673,106,0,0,0,0,0,268903,3,0
0,0,0,0,27,28,1674,106,0,0,0,0,0,269230,3,0
4,0,0,1,18,28,1675,106,0,0,0,0,0,247335,3,0
1,0,0,0,12,28,1676,106,0,0,0,0,0,271248,3,0
1,0,0,0,25,28,1677,106,0,0,0,0,0,207948,3,0
0,0,0,0,23,28,1678,106,0,0,0,0,0,264205,3,0
0,0,0,0,50,28,1679,106,0,0,0,0,0,71493,3,0
0,0,0,0,31,29,1680,106,0,0,0,0,0,259987,3,0
0,0,0,0,37,29,1681,106,0,0,0,0,0,83236,3,0
0,0,0,0,49,29,1682,106,0,0,0,0,0,243390,3,0
0,0,0,0,46,29,1683,106,0,0,0,0,0,262149,3,0
0,0,0,0,30,29,1684,106,0,0,0,0,0,74917,3,0
0,0,0,0,29,29,1685,106,0,0,0,0,0,274219,3,0
0,0,0,0,1,0,1686,110,0,0,0,0,0,212442,2,0
0,0,0,0,38,3,1687,110,0,0,0,0,0,262937,3,0
0,0,0,0,15,4,1688,110,0,0,0,0,0,256666,2,0
2,0,0,1,4,5,1689,110,0,0,0,0,0,237658,2,0
2,0,0,1,37,6,1690,110,0,0,0,0,0,252064,3,0
0,0,0,0,3,7,1691,110,0,0,0,0,0,261224,3,0
0,0,0,0,8,10,1692,110,0,0,0,0,0,273463,3,0
1,0,0,1,10,13,1693,110,0,0,0,0,0,241602,3,0
2,0,0,1,36,15,1694,110,0,0,0,0,0,77593,3,0
1,0,0,1,14,24,1695,110,0,0,0,0,0,258911,2,0
2,0,0,1,11,26,1696,110,0,0,0,0,0,226380,2,0
0,0,0,0,7,28,1697,110,0,0,0,0,0,74866,3,0
0,0,0,0,12,28,1698,110,0,0,0,0,0,258575,3,0
0,0,0,0,24,28,1699,110,0,0,0,0,0,258607,3,0
0,0,0,0,6,28,1700,110,0,0,0,0,0,262135,3,0
0,0,0,0,31,28,1701,110,0,0,0,0,0,206075,3,0
0,0,0,0,18,28,1702,110,0,0,0,0,0,240507,3,0
1,0,0,1,27,28,1703,110,0,0,0,0,0,235456,3,0
1,0,0,1,21,28,1704,110,0,0,0,0,0,259170,3,0
0,0,0,0,9,28,1705,110,0,0,0,0,0,221841,3,0
0,0,0,0,2,28,1706,110,0,0,0,0,0,201417,3,0
0,0,0,0,17,28,1707,110,0,0,0,0,0,73049,3,0
0,0,0,0,30,28,1708,110,0,0,0,0,0,274377,3,0
0,0,0,0,25,29,1709,110,0,0,0,0,0,198350,3,0
0,0,0,0,45,29,1710,110,0,0,0,0,0,265484,3,0
0,0,0,0,42,29,1711,110,0,0,0,0,0,271216,3,0
0,0,0,0,1,0,1712,144,0,0,0,0,0,192563,2,0
0,0,0,0,21,3,1713,144,0,0,0,0,0,222501,2,0
0,0,0,0,5,4,1714,144,0,0,0,0,0,224221,2,0
0,0,0,0,15,6,1715,144,0,0,0,0,0,237522,2,0
0,0,0,0,33,7,1716,144,0,0,0,0,0,229348,2,0
0,0,0,0,16,9,1717,144,0,0,0,0,0,228092,3,0
1,0,0,0,20,11,1718,144,0,0,0,0,0,236699,3,0
8,0,0,1,8,12,1719,144,0,0,0,0,0,220710,3,0
2,0,0,1,17,16,1720,144,0,0,0,0,0,213655,3,0
3,0,0,1,32,18,1721,144,0,0,0,0,0,240273,2,0
6,0,0,1,7,25,1722,144,0,0,0,0,0,204838,4,0
1,0,0,0,10,28,1723,144,0,0,0,0,0,195202,3,0
1,0,0,0,2,28,1724,144,0,0,0,0,0,216266,3,0
1,0,0,0,3,28,1725,144,0,0,0,0,0,241436,3,0
2,0,0,1,30,28,1726,144,0,0,0,0,0,235883,3,0
0,0,0,0,23,28,1727,144,0,0,0,0,0,200726,3,0
1,0,0,0,22,28,1728,144,0,0,0,0,0,70571,3,0
0,0,0,0,24,28,1729,144,0,0,0,0,0,70786,3,0
3,0,0,1,19,28,1730,144,0,0,0,0,0,246172,3,0
0,0,0,0,18,28,1731,144,0,0,0,0,0,278578,3,0
0,0,0,0,31,28,1732,144,0,0,0,0,0,231633,3,0
0,0,0,0,14,28,1733,144,0,0,0,0,0,277295,3,0
1,0,0,0,6,28,1734,144,0,0,0,0,0,205990,3,0
0,0,0,0,35,29,1735,144,0,0,0,0,0,241076,3,0
0,0,0,0,45,29,1736,144,0,0,0,0,0,279007,3,0
0,0,0,0,54,29,1737,144,0,0,0,0,0,278220,3,0
1,0,0,0,9,29,1738,144,0,0,0,0,0,264337,3,0
0,0,0,0,1,0,1739,1796,0,0,0,0,0,220407,2,0
0,0,0,0,2,3,1740,1796,0,0,0,0,0,188377,3,0
1,0,0,0,6,4,1741,1796,0,0,0,0,0,231485,2,0
0,0,0,0,5,5,1742,1796,0,0,0,0,0,262042,2,0
0,0,0,0,12,6,1743,1796,0,0,0,0,0,272777,2,0
0,0,0,0,23,7,1744,1796,0,0,0,0,0,277068,3,0
1,0,0,0,10,23,1745,1796,0,0,0,0,0,235619,2,0
3,0,0,1,8,13,1746,1796,0,0,0,0,0,257084,2,0
0,0,0,0,16,15,1747,1796,0,0,0,0,0,234569,2,0
5,0,0,1,11,27,1748,1796,0,0,0,0,0,243669,2,0
1,0,0,0,27,25,1749,1796,0,0,0,0,0,256268,3,0
0,0,0,0,28,28,1750,1796,0,0,0,0,0,258171,3,0
1,0,0,0,29,28,1751,1796,0,0,0,0,0,217826,3,0
0,0,0,0,3,28,1752,1796,0,0,0,0,0,271121,3,0
0,0,0,0,18,28,1753,1796,0,0,0,0,0,252316,3,0
0,0,0,0,13,28,1754,1796,0,0,0,0,0,269096,3,0
0,0,0,0,7,28,1755,1796,0,0,0,0,0,227503,3,0
1,0,0,0,17,28,1756,1796,0,0,0,0,0,264880,3,0
5,0,0,1,19,28,1757,1796,0,0,0,0,0,239373,3,0
3,0,0,1,9,28,1758,1796,0,0,0,0,0,241173,2,0
0,0,0,0,20,28,1759,1796,0,0,0,0,0,205569,3,0
0,0,0,0,4,28,1760,1796,0,0,0,0,0,230708,3,0
0,0,0,0,35,28,1761,1796,0,0,0,0,0,186905,3,0
0,0,0,0,48,29,1762,1796,0,0,0,0,0,273927,3,0
0,0,0,0,32,29,1763,1796,0,0,0,0,0,202617,3,0
0,0,0,0,40,29,1764,1796,0,0,0,0,0,274121,3,0
0,0,0,0,41,29,1765,1796,0,0,0,0,0,274405,3,0
0,0,0,0,42,29,1766,1796,0,0,0,0,0,268441,3,0
2,0,0,1,24,29,1767,1796,0,0,0,0,0,228151,3,0
0,0,0,0,25,29,1768,1796,0,0,0,0,0,262642,3,0
0,0,0,0,14,29,1769,1796,0,0,0,0,0,225147,3,0
0,0,0,0,36,29,1770,1796,0,0,0,0,0,242660,3,0
0,0,0,0,31,29,1771,1796,0,0,0,0,0,253150,3,0
0,0,0,0,1,0,1772,1799,0,0,0,0,0,233306,3,0
3,0,0,1,2,3,1773,1799,0,0,0,0,0,237646,4,0
0,0,0,0,23,4,1774,1799,0,0,0,0,0,74133,3,0
0,0,0,0,5,5,1775,1799,0,0,0,0,0,244067,3,0
1,0,0,0,26,6,1776,1799,0,0,0,0,0,250954,3,0
1,0,0,0,3,7,1777,1799,0,0,0,0,0,240947,3,0
4,0,0,1,7,23,1778,1799,0,0,0,0,0,235353,3,0
0,0,0,0,20,13,1779,1799,0,0,0,0,0,259240,3,0
0,0,0,0,19,15,1780,1799,0,0,0,0,0,206516,3,0
2,0,0,1,10,27,1781,1799,0,0,0,0,0,259377,3,0
8,0,0,1,14,25,1782,1799,0,0,0,0,0,236461,3,0
0,0,0,0,8,28,1783,1799,0,0,0,0,0,213991,3,0
0,0,0,0,24,28,1784,1799,0,0,0,0,0,243388,3,0
0,0,0,0,34,28,1785,1799,0,0,0,0,0,258490,3,0
0,0,0,0,17,28,1786,1799,0,0,0,0,0,190456,3,0
0,0,0,0,44,28,1787,1799,0,0,0,0,0,215223,3,0
2,0,0,1,11,28,1788,1799,0,0,0,0,0,251421,3,0
1,0,0,0,55,28,1789,1799,0,0,0,0,0,73895,3,0
2,0,0,1,9,28,1790,1799,0,0,0,0,0,236988,3,0
0,0,0,0,12,28,1791,1799,0,0,0,0,0,73374,3,0
0,0,0,0,29,28,1792,1799,0,0,0,0,0,258444,3,0
1,0,0,0,22,28,1793,1799,0,0,0,0,0,238756,3,0
0,0,0,0,42,28,1794,1799,0,0,0,0,0,276718,3,0
0,0,0,0,31,29,1795,1799,0,0,0,0,0,203824,3,0
0,0,0,0,35,29,1796,1799,0,0,0,0,0,76338,3,0
0,0,0,0,18,29,1797,1799,0,0,0,0,0,232730,3,0
0,0,0,0,28,29,1798,1799,0,0,0,0,0,242619,3,0
0,0,0,0,59,29,1799,1799,0,0,0,0,0,80711,3,0
0,0,0,0,58,29,1800,1799,0,0,0,0,0,73896,3,0
0,0,0,0,1,0,1801,1808,0,0,0,0,0,258498,3,0
0,0,0,0,27,3,1802,1808,0,0,0,0,0,248793,3,0
3,0,0,1,6,4,1803,1808,0,0,0,0,0,258908,3,0
0,0,0,0,5,6,1804,1808,0,0,0,0,0,199915,3,0
0,0,0,0,24,7,1805,1808,0,0,0,0,0,235152,4,0
0,0,0,0,17,9,1806,1808,0,0,0,0,0,272500,3,0
3,0,0,1,26,11,1807,1808,0,0,0,0,0,257400,3,0
1,0,0,0,11,12,1808,1808,0,0,0,0,0,271800,3,0
2,0,0,1,22,16,1809,1808,0,0,0,0,0,255565,3,0
3,0,0,1,25,18,1810,1808,0,0,0,0,0,269278,3,0
8,0,0,1,18,25,1811,1808,0,0,0,0,0,186146,3,0
1,0,0,0,13,28,1812,1808,0,0,0,0,0,277283,3,0
2,0,0,1,29,28,1813,1808,0,0,0,0,0,251479,3,0
1,0,0,0,34,28,1814,1808,0,0,0,0,0,208004,3,0
0,0,0,0,21,28,1815,1808,0,0,0,0,0,225863,3,0
0,0,0,0,23,28,1816,1808,0,0,0,0,0,188836,3,0
1,0,0,0,33,28,1817,1808,0,0,0,0,0,240734,3,0
1,0,0,0,20,28,1818,1808,0,0,0,0,0,138412,3,0
2,0,0,1,10,28,1819,1808,0,0,0,0,0,245637,2,0
2,0,0,1,19,28,1820,1808,0,0,0,0,0,73885,3,0
1,0,0,0,30,28,1821,1808,0,0,0,0,0,190765,4,0
0,0,0,0,3,28,1822,1808,0,0,0,0,0,241585,3,0
0,0,0,0,58,28,1823,1808,0,0,0,0,0,81895,3,0
0,0,0,0,38,29,1824,1808,0,0,0,0,0,243588,3,0
0,0,0,0,4,29,1825,1808,0,0,0,0,0,207616,3,0
0,0,0,0,7,29,1826,1808,0,0,0,0,0,206594,3,0
1,0,0,0,9,29,1827,1808,0,0,0,0,0,274699,3,0
0,0,0,0,1,0,1828,1925,0,0,0,0,0,240913,4,0
0,0,0,0,33,3,1829,1925,0,0,0,0,0,277869,4,0
0,0,0,0,20,4,1830,1925,0,0,0,0,0,224258,4,0
1,0,0,0,22,6,1831,1925,0,0,0,0,0,248484,3,0
0,0,0,0,3,7,1832,1925,0,0,0,0,0,224494,3,0
1,0,0,0,18,9,1833,1925,0,0,0,0,0,270608,3,0
0,0,0,0,27,11,1834,1925,0,0,0,0,0,235167,4,0
4,0,0,1,19,12,1835,1925,0,0,0,0,0,265552,4,0
6,0,0,1,7,16,1836,1925,0,0,0,0,0,260926,1,0
1,0,0,0,24,18,1837,1925,0,0,0,0,0,241508,3,0
16,1,0,1,9,25,1838,1925,0,0,0,0,0,275771,3,0
1,0,0,0,6,28,1839,1925,0,0,0,0,0,183711,3,0
0,0,0,0,4,28,1840,1925,0,0,0,0,0,242453,4,0
2,0,0,1,23,28,1841,1925,0,0,0,0,0,243606,3,0
0,0,0,0,2,28,1842,1925,0,0,0,0,0,248808,3,0
0,0,0,0,12,28,1843,1925,0,0,0,0,0,264133,3,0
2,0,0,1,8,28,1844,1925,0,0,0,0,0,229723,3,0
0,0,0,0,45,28,1845,1925,0,0,0,0,0,278919,3,0
0,0,0,0,11,28,1846,1925,0,0,0,0,0,231448,3,0
0,0,0,0,47,28,1847,1925,0,0,0,0,0,75452,3,0
0,0,0,0,5,28,1848,1925,0,0,0,0,0,238717,3,0
0,0,0,0,31,28,1849,1925,0,0,0,0,0,236663,3,0
0,0,0,0,41,28,1850,1925,0,0,0,0,0,73253,3,0
1,0,0,0,14,29,1851,1925,0,0,0,0,0,256725,3,0
0,0,0,0,17,29,1852,1925,0,0,0,0,0,263640,3,0
0,0,0,0,10,29,1853,1925,0,0,0,0,0,231445,3,0
0,0,0,0,1,0,1854,1943,0,0,0,0,0,269626,4,0
1,0,0,0,20,3,1855,1943,0,0,0,0,0,278928,3,0
0,0,0,0,23,4,1856,1943,0,0,0,0,0,248492,3,0
0,0,0,0,5,6,1857,1943,0,0,0,0,0,236506,4,0
0,0,0,0,3,7,1858,1943,0,0,0,0,0,256769,4,0
2,0,0,1,8,9,1859,1943,0,0,0,0,0,261299,4,0
0,0,0,0,4,11,1860,1943,0,0,0,0,0,224294,4,0
1,0,0,0,7,12,1861,1943,0,0,0,0,0,220196,3,0
5,0,0,1,16,16,1862,1943,0,0,0,0,0,237477,3,0
8,0,0,1,22,18,1863,1943,0,0,0,0,0,277909,4,0
5,0,0,1,9,25,1864,1943,0,0,0,0,0,256612,2,0
2,0,0,1,12,28,1865,1943,0,0,0,0,0,232999,3,0
1,0,0,0,10,28,1866,1943,0,0,0,0,0,213884,3,0
0,0,0,0,18,28,1867,1943,0,0,0,0,0,246565,3,0
0,0,0,0,15,28,1868,1943,0,0,0,0,0,190885,4,0
0,0,0,0,17,28,1869,1943,0,0,0,0,0,172203,3,0
0,0,0,0,37,28,1870,1943,0,0,0,0,0,83494,3,0
0,0,0,0,27,28,1871,1943,0,0,0,0,0,70903,3,0
2,0,0,1,21,28,1872,1943,0,0,0,0,0,255223,3,0
1,0,0,0,26,28,1873,1943,0,0,0,0,0,223197,3,0
0,0,0,0,44,28,1874,1943,0,0,0,0,0,81319,3,0
0,0,0,0,29,28,1875,1943,0,0,0,0,0,278032,3,0
0,0,0,0,50,28,1876,1943,0,0,0,0,0,76254,3,0
0,0,0,0,35,29,1877,1943,0,0,0,0,0,271235,3,0
2,0,0,1,19,29,1878,1943,0,0,0,0,0,236920,3,0
0,0,0,0,11,29,1879,1943,0,0,0,0,0,266815,3,0
0,0,0,0,6,29,1880,1943,0,0,0,0,0,269796,3,0
0,0,0,0,45,29,1881,1943,0,0,0,0,0,271756,3,0
0,0,0,0,1,0,1882,3,0,0,0,0,0,240595,3,0
1,0,0,0,2,3,1883,3,0,0,0,0,0,260142,3,0
2,0,0,1,12,4,1884,3,0,0,0,0,0,247913,5,0
0,0,0,0,16,5,1885,3,0,0,0,0,0,231540,3,0
0,0,0,0,15,6,1886,3,0,0,0,0,0,241534,4,0
1,0,0,0,19,7,1887,3,0,0,0,0,0,218343,3,0
0,0,0,0,6,13,1888,3,0,0,0,0,0,212099,5,0
2,0,0,1,24,15,1889,3,0,0,0,0,0,73427,4,0
4,0,0,1,10,18,1890,3,0,0,0,0,0,225748,3,0
7,0,0,1,11,24,1891,3,0,0,0,0,0,270787,3,0
6,0,0,1,23,26,1892,3,0,0,0,0,0,245766,3,0
1,0,0,0,25,28,1893,3,0,0,0,0,0,255855,5,0
0,0,0,0,5,28,1894,3,0,0,0,0,0,263678,3,0
0,0,0,0,4,28,1895,3,0,0,0,0,0,237211,3,0
0,0,0,0,14,28,1896,3,0,0,0,0,0,263654,3,0
0,0,0,0,22,28,1897,3,0,0,0,0,0,74726,3,0
1,0,0,0,7,28,1898,3,0,0,0,0,0,244626,3,0
0,0,0,0,18,28,1899,3,0,0,0,0,0,70114,3,0
0,0,0,0,8,28,1900,3,0,0,0,0,0,73196,3,0
0,0,0,0,3,28,1901,3,0,0,0,0,0,235770,3,0
1,0,0,0,20,28,1902,3,0,0,0,0,0,263914,5,0
0,0,0,0,21,28,1903,3,0,0,0,0,0,242946,3,0
0,0,0,0,43,28,1904,3,0,0,0,0,0,78123,3,0
0,0,0,0,17,29,1905,3,0,0,0,0,0,242751,3,0
0,0,0,0,28,29,1906,3,0,0,0,0,0,193910,3,0
1,0,0,0,29,29,1907,3,0,0,0,0,0,243371,3,0
0,0,0,0,26,29,1908,3,0,0,0,0,0,266095,3,0
0,0,0,0,30,29,1909,3,0,0,0,0,0,256358,3,0
0,0,0,0,31,29,1910,3,0,0,0,0,0,270140,3,0
0,0,0,0,40,29,1911,3,0,0,0,0,0,75639,3,0
0,0,0,0,38,29,1912,3,0,0,0,0,0,278920,3,0
0,0,0,0,32,29,1913,3,0,0,0,0,0,71956,3,0
0,0,0,0,52,29,1914,3,0,0,0,0,0,82835,3,0
0,0,0,0,47,29,1915,3,0,0,0,0,0,82914,3,0
0,0,0,0,41,29,1916,3,0,0,0,0,0,75948,3,0
0,0,0,0,35,29,1917,3,0,0,0,0,0,71447,3,0
0,0,0,0,31,0,1918,12,0,0,0,0,0,242853,4,0
0,0,0,0,2,3,1919,12,0,0,0,0,0,232185,4,0
0,0,0,0,29,4,1920,12,0,0,0,0,0,262597,4,0
1,0,0,0,12,6,1921,12,0,0,0,0,0,186156,4,0
2,0,0,0,3,7,1922,12,0,0,0,0,0,218659,5,0
11,1,0,1,11,12,1923,12,0,0,0,0,0,252796,2,0
4,0,0,1,7,13,1924,12,0,0,0,0,0,253054,5,0
0,0,0,0,18,15,1925,12,0,0,0,0,0,255145,5,0
2,0,0,0,22,16,1926,12,0,0,0,0,0,251176,3,0
2,0,0,0,20,24,1927,12,0,0,0,0,0,259268,3,0
6,0,0,1,9,26,1928,12,0,0,0,0,0,261283,4,0
3,0,0,1,16,28,1929,12,0,0,0,0,0,216464,4,0
0,0,0,0,45,28,1930,12,0,0,0,0,0,263522,3,0
2,0,0,0,6,28,1931,12,0,0,0,0,0,229682,3,0
1,0,0,0,5,28,1932,12,0,0,0,0,0,236315,3,0
0,0,0,0,33,28,1933,12,0,0,0,0,0,188094,3,0
3,0,0,1,13,28,1934,12,0,0,0,0,0,264692,3,0
1,0,0,0,14,28,1935,12,0,0,0,0,0,260402,3,0
2,0,0,0,8,28,1936,12,0,0,0,0,0,233487,4,0
1,0,0,0,27,28,1937,12,0,0,0,0,0,254752,3,0
0,0,0,0,25,28,1938,12,0,0,0,0,0,228888,3,0
0,0,0,0,32,28,1939,12,0,0,0,0,0,220944,3,0
0,0,0,0,24,28,1940,12,0,0,0,0,0,262255,3,0
0,0,0,0,26,29,1941,12,0,0,0,0,0,211009,3,0
0,0,0,0,1,29,1942,12,0,0,0,0,0,239358,3,0
0,0,0,0,23,29,1943,12,0,0,0,0,0,279546,3,0
0,0,0,0,15,29,1944,12,0,0,0,0,0,72027,3,0
0,0,0,0,17,29,1945,12,0,0,0,0,0,70035,3,0
0,0,0,0,28,29,1946,12,0,0,0,0,0,279251,3,0
0,0,0,0,40,29,1947,12,0,0,0,0,0,74323,3,0
0,0,0,0,47,29,1948,12,0,0,0,0,0,82448,3,0
0,0,0,0,13,0,1949,15,0,0,0,0,0,250804,2,0
2,0,0,0,27,3,1950,15,0,0,0,0,0,264437,3,0
3,0,0,1,3,4,1951,15,0,0,0,0,0,235156,4,0
1,0,0,0,5,6,1952,15,0,0,0,0,0,193011,4,0
0,0,0,0,18,7,1953,15,0,0,0,0,0,240773,4,0
1,0,0,0,7,12,1954,15,0,0,0,0,0,246682,3,0
1,0,0,0,40,13,1955,15,0,0,0,0,0,262072,3,0
3,0,0,1,24,15,1956,15,0,0,0,0,0,243223,5,0
2,0,0,0,14,16,1957,15,0,0,0,0,0,255594,3,0
6,0,0,1,22,24,1958,15,0,0,0,0,0,279857,3,0
2,0,0,0,26,26,1959,15,0,0,0,0,0,277658,3,0
1,0,0,0,10,28,1960,15,0,0,0,0,0,238490,3,0
0,0,0,0,15,28,1961,15,0,0,0,0,0,206115,4,0
3,0,0,1,11,28,1962,15,0,0,0,0,0,241075,4,0
0,0,0,0,19,28,1963,15,0,0,0,0,0,258167,4,0
0,0,0,0,29,28,1964,15,0,0,0,0,0,170008,3,0
2,0,0,0,21,28,1965,15,0,0,0,0,0,75093,3,0
2,0,0,0,20,28,1966,15,0,0,0,0,0,265412,5,0
0,0,0,0,23,28,1967,15,0,0,0,0,0,276561,4,0
0,0,0,0,17,28,1968,15,0,0,0,0,0,251028,3,0
0,0,0,0,2,28,1969,15,0,0,0,0,0,279543,3,0
0,0,0,0,28,28,1970,15,0,0,0,0,0,77070,3,0
0,0,0,0,30,28,1971,15,0,0,0,0,0,276931,3,0
0,0,0,0,6,29,1972,15,0,0,0,0,0,230774,3,0
0,0,0,0,1,29,1973,15,0,0,0,0,0,206218,3,0
10,1,0,1,16,29,1974,15,0,0,0,0,0,252330,3,0
0,0,0,0,38,29,1975,15,0,0,0,0,0,257105,3,0
0,0,0,0,25,29,1976,15,0,0,0,0,0,276562,3,0
0,0,0,0,41,0,1977,17,0,0,0,0,0,277823,3,0
4,0,0,1,6,4,1978,17,0,0,0,0,0,252793,5,0
1,0,0,0,5,5,1979,17,0,0,0,0,0,202697,5,0
0,0,0,0,17,6,1980,17,0,0,0,0,0,272497,3,0
0,0,0,0,18,12,1981,17,0,0,0,0,0,264371,5,0
2,0,0,0,20,13,1982,17,0,0,0,0,0,266422,2,0
1,0,0,0,4,15,1983,17,0,0,0,0,0,240097,5,0
4,0,0,1,3,16,1984,17,0,0,0,0,0,226012,3,0
8,0,0,1,10,17,1985,17,0,0,0,0,0,252066,5,0
5,0,0,1,13,19,1986,17,0,0,0,0,0,269964,4,0
0,0,0,0,9,25,1987,17,0,0,0,0,0,226777,3,0
0,0,0,0,24,28,1988,17,0,0,0,0,0,276695,3,0
0,0,0,0,2,28,1989,17,0,0,0,0,0,238157,3,0
0,0,0,0,34,28,1990,17,0,0,0,0,0,265993,5,0
1,0,0,0,15,28,1991,17,0,0,0,0,0,245153,3,0
0,0,0,0,1,28,1992,17,0,0,0,0,0,189324,3,0
2,0,0,0,19,28,1993,17,0,0,0,0,0,258930,3,0
2,0,0,0,46,28,1994,17,0,0,0,0,0,78184,3,0
0,0,0,0,38,28,1995,17,0,0,0,0,0,265195,3,0
3,0,0,1,11,28,1996,17,0,0,0,0,0,244319,3,0
2,0,0,0,14,28,1997,17,0,0,0,0,0,222156,5,0
0,0,0,0,27,28,1998,17,0,0,0,0,0,266312,3,0
0,0,0,0,48,28,1999,17,0,0,0,0,0,279579,3,0
0,0,0,0,28,29,2000,17,0,0,0,0,0,199576,3,0
0,0,0,0,23,29,2001,17,0,0,0,0,0,263953,3,0
0,0,0,0,25,29,2002,17,0,0,0,0,0,202199,3,0
0,0,0,0,39,29,2003,17,0,0,0,0,0,278203,3,0
0,0,0,0,49,29,2004,17,0,0,0,0,0,81987,3,0
0,0,0,0,53,29,2005,17,0,0,0,0,0,82197,3,0
0,0,0,0,47,29,2006,17,0,0,0,0,0,80569,3,0
0,0,0,0,58,29,2007,17,0,0,0,0,0,80568,3,0
0,0,0,0,25,0,2008,88,0,0,0,0,0,273621,3,0
2,0,0,0,24,3,2009,88,0,0,0,0,0,246444,2,0
2,0,0,0,5,4,2010,88,0,0,0,0,0,236217,4,0
2,0,0,0,4,6,2011,88,0,0,0,0,0,242386,5,0
0,0,0,0,31,7,2012,88,0,0,0,0,0,239704,5,0
0,0,0,0,7,9,2013,88,0,0,0,0,0,254120,3,0
4,0,0,1,8,11,2014,88,0,0,0,0,0,237424,4,0
3,0,0,1,16,12,2015,88,0,0,0,0,0,221982,3,0
5,0,0,1,10,16,2016,88,0,0,0,0,0,220633,3,0
8,0,0,1,28,18,2017,88,0,0,0,0,0,255206,2,0
7,0,0,1,33,25,2018,88,0,0,0,0,0,197031,3,0
0,0,0,0,23,28,2019,88,0,0,0,0,0,244767,3,0
0,0,0,0,27,28,2020,88,0,0,0,0,0,257899,3,0
0,0,0,0,26,28,2021,88,0,0,0,0,0,227884,3,0
1,0,0,0,20,28,2022,88,0,0,0,0,0,243589,3,0
0,0,0,0,21,28,2023,88,0,0,0,0,0,199812,3,0
1,0,0,0,9,28,2024,88,0,0,0,0,0,245538,3,0
0,0,0,0,14,28,2025,88,0,0,0,0,0,267894,4,0
0,0,0,0,17,28,2026,88,0,0,0,0,0,274516,3,0
0,0,0,0,29,28,2027,88,0,0,0,0,0,277673,3,0
1,0,0,0,6,28,2028,88,0,0,0,0,0,199027,3,0
0,0,0,0,2,28,2029,88,0,0,0,0,0,246159,3,0
0,0,0,0,12,28,2030,88,0,0,0,0,0,252001,3,0
0,0,0,0,3,29,2031,88,0,0,0,0,0,247385,3,0
0,0,0,0,48,29,2032,88,0,0,0,0,0,70780,3,0
0,0,0,0,1,0,2033,89,0,0,0,0,0,188400,5,0
0,0,0,0,44,3,2034,89,0,0,0,0,0,245729,4,0
0,0,0,0,2,4,2035,89,0,0,0,0,0,246137,5,0
1,0,0,0,5,5,2036,89,0,0,0,0,0,215301,5,0
2,0,0,1,3,6,2037,89,0,0,0,0,0,228366,3,0
0,0,0,0,17,7,2038,89,0,0,0,0,0,207804,5,0
0,0,0,0,6,10,2039,89,0,0,0,0,0,240863,3,0
1,0,0,0,8,13,2040,89,0,0,0,0,0,223085,3,0
1,0,0,0,26,15,2041,89,0,0,0,0,0,238336,3,0
1,0,0,0,11,24,2042,89,0,0,0,0,0,271066,3,0
4,0,0,1,23,26,2043,89,0,0,0,0,0,246604,3,0
0,0,0,0,10,28,2044,89,0,0,0,0,0,224842,5,0
3,0,0,1,41,28,2045,89,0,0,0,0,0,241428,3,0
1,0,0,0,32,28,2046,89,0,0,0,0,0,221456,3,0
0,0,0,0,16,28,2047,89,0,0,0,0,0,72909,3,0
0,0,0,0,25,28,2048,89,0,0,0,0,0,231681,3,0
7,0,0,1,14,28,2049,89,0,0,0,0,0,262848,5,0
2,0,0,1,7,28,2050,89,0,0,0,0,0,267942,3,0
0,0,0,0,15,28,2051,89,0,0,0,0,0,202048,5,0
3,0,0,1,99,28,2052,89,0,0,0,0,0,247279,3,0
0,0,0,0,24,28,2053,89,0,0,0,0,0,187157,3,0
0,0,0,0,19,28,2054,89,0,0,0,0,0,271976,5,0
0,0,0,0,77,28,2055,89,0,0,0,0,0,264581,3,0
0,0,0,0,28,29,2056,89,0,0,0,0,0,268410,3,0
0,0,0,0,20,29,2057,89,0,0,0,0,0,272673,3,0
0,0,0,0,21,29,2058,89,0,0,0,0,0,275349,3,0
0,0,0,0,33,29,2059,89,0,0,0,0,0,74922,3,0
0,0,0,0,37,29,2060,89,0,0,0,0,0,78400,3,0
0,0,0,0,36,29,2061,89,0,0,0,0,0,80567,3,0
0,0,0,0,38,29,2062,89,0,0,0,0,0,75796,3,0
0,0,0,0,1,0,2063,91,0,0,0,0,0,247022,3,0
1,0,0,0,23,3,2064,91,0,0,0,0,0,228894,5,0
2,0,0,0,6,4,2065,91,0,0,0,0,0,277305,3,0
1,0,0,0,28,5,2066,91,0,0,0,0,0,243612,4,0
1,0,0,0,5,6,2067,91,0,0,0,0,0,221600,5,0
1,0,0,0,20,7,2068,91,0,0,0,0,0,215412,5,0
3,0,0,1,25,12,2069,91,0,0,0,0,0,233795,5,0
3,0,0,1,42,13,2070,91,0,0,0,0,0,271974,5,0
1,0,0,0,18,15,2071,91,0,0,0,0,0,273693,5,0
9,0,0,1,7,16,2072,91,0,0,0,0,0,274685,3,0
3,0,0,1,10,25,2073,91,0,0,0,0,0,238460,5,0
0,0,0,0,27,28,2074,91,0,0,0,0,0,234319,4,0
0,0,0,0,4,28,2075,91,0,0,0,0,0,195037,3,0
0,0,0,0,22,28,2076,91,0,0,0,0,0,258036,3,0
0,0,0,0,3,28,2077,91,0,0,0,0,0,204353,3,0
0,0,0,0,31,28,2078,91,0,0,0,0,0,224130,3,0
3,0,0,1,15,28,2079,91,0,0,0,0,0,222168,5,0
1,0,0,0,16,28,2080,91,0,0,0,0,0,263918,3,0
1,0,0,0,14,28,2081,91,0,0,0,0,0,194017,3,0
1,0,0,0,19,28,2082,91,0,0,0,0,0,220139,3,0
10,1,0,1,9,28,2083,91,0,0,0,0,0,213152,3,0
0,0,0,0,29,28,2084,91,0,0,0,0,0,265518,3,0
0,0,0,0,21,28,2085,91,0,0,0,0,0,269248,3,0
0,0,0,0,34,29,2086,91,0,0,0,0,0,272983,3,0
0,0,0,0,12,29,2087,91,0,0,0,0,0,182206,4,0
0,0,0,0,30,29,2088,91,0,0,0,0,0,77743,3,0
0,0,0,0,28,0,2089,94,0,0,0,0,0,206561,2,0
0,0,0,0,19,3,2090,94,0,0,0,0,0,223877,3,0
1,0,0,0,26,4,2091,94,0,0,0,0,0,235405,3,0
2,0,0,0,4,6,2092,94,0,0,0,0,0,235458,2,0
1,0,0,0,3,7,2093,94,0,0,0,0,0,246685,3,0
0,0,0,0,5,9,2094,94,0,0,0,0,0,239356,4,0
1,0,0,0,14,11,2095,94,0,0,0,0,0,233851,3,0
2,0,0,0,8,12,2096,94,0,0,0,0,0,71110,3,0
9,0,0,1,11,16,2097,94,0,0,0,0,0,261336,3,0
3,0,0,1,32,18,2098,94,0,0,0,0,0,256051,3,0
6,0,0,1,9,25,2099,94,0,0,0,0,0,233602,2,0
1,0,0,0,12,28,2100,94,0,0,0,0,0,244472,2,0
12,1,0,1,47,28,2101,94,0,0,0,0,0,242908,2,0
0,0,0,0,6,28,2102,94,0,0,0,0,0,258483,3,0
1,0,0,0,24,28,2103,94,0,0,0,0,0,248602,3,0
0,0,0,0,1,28,2104,94,0,0,0,0,0,223909,3,0
2,0,0,0,29,28,2105,94,0,0,0,0,0,213418,3,0
8,0,0,1,33,28,2106,94,0,0,0,0,0,250816,3,0
0,0,0,0,18,28,2107,94,0,0,0,0,0,241842,3,0
0,0,0,0,20,28,2108,94,0,0,0,0,0,265801,3,0
1,0,0,0,7,28,2109,94,0,0,0,0,0,212484,3,0
0,0,0,0,15,28,2110,94,0,0,0,0,0,152908,3,0
2,0,0,0,31,28,2111,94,0,0,0,0,0,259423,2,0
0,0,0,0,22,29,2112,94,0,0,0,0,0,203751,3,0
0,0,0,0,25,29,2113,94,0,0,0,0,0,260798,3,0
0,0,0,0,27,29,2114,94,0,0,0,0,0,173533,3,0
0,0,0,0,39,29,2115,94,0,0,0,0,0,80205,3,0
0,0,0,0,49,29,2116,94,0,0,0,0,0,78290,3,0
0,0,0,0,45,29,2117,94,0,0,0,0,0,75514,3,0
0,0,0,0,1,0,2118,95,0,0,0,0,0,239772,1,0
2,0,0,0,21,3,2119,95,0,0,0,0,0,210243,3,0
0,0,0,0,5,4,2120,95,0,0,0,0,0,261281,1,0
0,0,0,0,4,6,2121,95,0,0,0,0,0,270944,2,0
0,0,0,0,33,7,2122,95,0,0,0,0,0,254470,3,0
9,0,0,1,6,9,2123,95,0,0,0,0,0,265514,3,0
1,0,0,0,22,11,2124,95,0,0,0,0,0,241042,3,0
6,0,0,1,7,12,2125,95,0,0,0,0,0,267680,1,0
2,0,0,0,10,16,2126,95,0,0,0,0,0,225783,2,0
5,0,0,1,14,18,2127,95,0,0,0,0,0,203502,3,0
5,0,0,1,9,25,2128,95,0,0,0,0,0,197756,1,0
0,0,0,0,8,28,2129,95,0,0,0,0,0,222400,3,0
3,0,0,1,23,28,2130,95,0,0,0,0,0,202849,3,0
0,0,0,0,12,28,2131,95,0,0,0,0,0,203487,3,0
0,0,0,0,17,28,2132,95,0,0,0,0,0,228332,3,0
0,0,0,0,31,28,2133,95,0,0,0,0,0,172723,3,0
1,0,0,0,20,28,2134,95,0,0,0,0,0,241202,3,0
2,0,0,0,30,28,2135,95,0,0,0,0,0,266270,3,0
0,0,0,0,16,28,2136,95,0,0,0,0,0,259762,3,0
0,0,0,0,18,28,2137,95,0,0,0,0,0,231044,3,0
0,0,0,0,27,28,2138,95,0,0,0,0,0,267867,3,0
0,0,0,0,25,28,2139,95,0,0,0,0,0,79587,2,0
1,0,0,0,39,28,2140,95,0,0,0,0,0,73861,3,0
0,0,0,0,15,29,2141,95,0,0,0,0,0,229901,3,0
0,0,0,0,13,29,2142,95,0,0,0,0,0,243587,3,0
0,0,0,0,34,29,2143,95,0,0,0,0,0,70162,3,0
0,0,0,0,56,29,2144,95,0,0,0,0,0,78229,2,0
0,0,0,0,15,0,2145,97,0,0,0,0,0,206566,3,0
2,0,0,0,4,3,2146,97,0,0,0,0,0,262568,2,0
3,0,0,1,6,4,2147,97,0,0,0,0,0,263685,4,0
2,0,0,0,5,6,2148,97,0,0,0,0,0,216481,2,0
0,0,0,0,14,7,2149,97,0,0,0,0,0,252483,3,0
0,0,0,0,24,9,2150,97,0,0,0,0,0,231423,3,0
0,0,0,0,8,11,2151,97,0,0,0,0,0,251560,2,0
7,0,0,1,11,12,2152,97,0,0,0,0,0,253433,3,0
1,0,0,0,7,16,2153,97,0,0,0,0,0,248356,3,0
3,0,0,1,10,18,2154,97,0,0,0,0,0,276712,3,0
7,0,0,1,9,25,2155,97,0,0,0,0,0,74865,3,0
3,0,0,1,67,28,2156,97,0,0,0,0,0,183540,3,0
2,0,0,0,25,28,2157,97,0,0,0,0,0,253461,3,0
0,0,0,0,18,28,2158,97,0,0,0,0,0,200689,3,0
1,0,0,0,3,28,2159,97,0,0,0,0,0,278007,3,0
0,0,0,0,13,28,2160,97,0,0,0,0,0,246417,3,0
2,0,0,0,19,28,2161,97,0,0,0,0,0,261432,3,0
0,0,0,0,49,28,2162,97,0,0,0,0,0,264786,3,0
0,0,0,0,39,28,2163,97,0,0,0,0,0,237916,3,0
0,0,0,0,23,28,2164,97,0,0,0,0,0,203505,3,0
2,0,0,0,17,28,2165,97,0,0,0,0,0,275347,2,0
0,0,0,0,22,28,2166,97,0,0,0,0,0,275246,3,0
1,0,0,0,31,28,2167,97,0,0,0,0,0,76196,3,0
0,0,0,0,21,29,2168,97,0,0,0,0,0,205347,3,0
0,0,0,0,1,29,2169,97,0,0,0,0,0,243373,3,0
0,0,0,0,2,29,2170,97,0,0,0,0,0,239443,3,0
0,0,0,0,16,29,2171,97,0,0,0,0,0,70220,3,0
0,0,0,0,41,29,2172,97,0,0,0,0,0,77744,3,0
0,0,0,0,43,29,2173,97,0,0,0,0,0,219795,3,0
0,0,0,0,26,29,2174,97,0,0,0,0,0,271116,3,0
0,0,0,0,29,29,2175,97,0,0,0,0,0,266502,3,0
0,0,0,0,20,0,2176,109,0,0,0,0,0,252773,3,0
1,0,0,0,6,3,2177,109,0,0,0,0,0,255824,3,0
3,0,0,1,3,4,2178,109,0,0,0,0,0,240926,2,0
1,0,0,0,2,6,2179,109,0,0,0,0,0,233201,1,0
0,0,0,0,4,7,2180,109,0,0,0,0,0,234087,2,0
1,0,0,0,8,9,2181,109,0,0,0,0,0,236344,2,0
1,0,0,0,27,11,2182,109,0,0,0,0,0,213798,3,0
2,0,0,1,11,12,2183,109,0,0,0,0,0,238505,1,0
3,0,0,1,10,16,2184,109,0,0,0,0,0,225668,3,0
6,0,0,1,21,18,2185,109,0,0,0,0,0,268630,1,0
8,0,0,1,19,25,2186,109,0,0,0,0,0,253441,2,0
2,0,0,1,7,28,2187,109,0,0,0,0,0,205970,3,0
0,0,0,0,5,28,2188,109,0,0,0,0,0,224763,3,0
0,0,0,0,29,28,2189,109,0,0,0,0,0,204760,1,0
0,0,0,0,30,28,2190,109,0,0,0,0,0,73615,2,0
0,0,0,0,1,28,2191,109,0,0,0,0,0,220807,1,0
1,0,0,0,9,28,2192,109,0,0,0,0,0,235161,2,0
1,0,0,0,17,28,2193,109,0,0,0,0,0,251497,3,0
0,0,0,0,14,28,2194,109,0,0,0,0,0,278286,2,0
0,0,0,0,12,28,2195,109,0,0,0,0,0,255043,3,0
0,0,0,0,18,28,2196,109,0,0,0,0,0,76255,3,0
0,0,0,0,26,28,2197,109,0,0,0,0,0,70860,3,0
0,0,0,0,25,28,2198,109,0,0,0,0,0,76444,3,0
0,0,0,0,41,29,2199,109,0,0,0,0,0,80852,3,0
0,0,0,0,37,29,2200,109,0,0,0,0,0,76203,3,0
0,0,0,0,43,29,2201,109,0,0,0,0,0,79681,3,0
0,0,0,0,45,29,2202,109,0,0,0,0,0,81286,3,0
0,0,0,0,1,0,2203,1790,0,0,0,0,0,239898,3,0
3,0,0,1,24,3,2204,1790,0,0,0,0,0,276070,5,0
0,0,0,0,5,4,2205,1790,0,0,0,0,0,225557,5,0
0,0,0,0,4,6,2206,1790,0,0,0,0,0,237213,3,0
1,0,0,1,22,7,2207,1790,0,0,0,0,0,253057,5,0
1,0,0,1,8,9,2208,1790,0,0,0,0,0,211506,3,0
1,0,0,1,21,11,2209,1790,0,0,0,0,0,233276,5,0
6,0,0,1,10,12,2210,1790,0,0,0,0,0,262748,3,0
0,0,0,0,23,16,2211,1790,0,0,0,0,0,206083,3,0
1,0,0,1,36,18,2212,1790,0,0,0,0,0,225667,5,0
1,0,0,1,9,25,2213,1790,0,0,0,0,0,221692,3,0
1,0,0,1,7,28,2214,1790,0,0,0,0,0,196916,3,0
1,0,0,1,6,28,2215,1790,0,0,0,0,0,219551,3,0
0,0,0,0,3,28,2216,1790,0,0,0,0,0,222399,5,0
1,0,0,1,2,28,2217,1790,0,0,0,0,0,237415,3,0
0,0,0,0,26,28,2218,1790,0,0,0,0,0,240784,3,0
0,0,0,0,11,28,2219,1790,0,0,0,0,0,258910,3,0
1,0,0,1,27,28,2220,1790,0,0,0,0,0,71215,5,0
3,0,0,1,38,28,2221,1790,0,0,0,0,0,232412,5,0
1,0,0,1,37,28,2222,1790,0,0,0,0,0,227686,3,0
0,0,0,0,28,28,2223,1790,0,0,0,0,0,236650,3,0
1,0,0,1,17,28,2224,1790,0,0,0,0,0,276677,3,0
0,0,0,0,16,28,2225,1790,0,0,0,0,0,255703,3,0
0,0,0,0,32,29,2226,1790,0,0,0,0,0,270844,3,0
0,0,0,0,19,29,2227,1790,0,0,0,0,0,265422,3,0
0,0,0,0,33,29,2228,1790,0,0,0,0,0,240867,3,0
0,0,0,0,34,29,2229,1790,0,0,0,0,0,278823,3,0
0,0,0,0,14,29,2230,1790,0,0,0,0,0,70192,3,0
0,0,0,0,18,29,2231,1790,0,0,0,0,0,262316,3,0
0,0,0,0,31,29,2232,1790,0,0,0,0,0,205352,3,0
0,0,0,0,20,29,2233,1790,0,0,0,0,0,273082,3,0
0,0,0,0,30,29,2234,1790,0,0,0,0,0,213677,3,0
0,0,0,0,29,29,2235,1790,0,0,0,0,0,278134,3,0
0,0,0,0,15,29,2236,1790,0,0,0,0,0,272863,3,0
1,0,0,1,25,29,2237,1790,0,0,0,0,0,278602,3,0
0,0,0,0,46,29,2238,1790,0,0,0,0,0,79596,3,0
0,0,0,0,41,29,2239,1790,0,0,0,0,0,74522,3,0
0,0,0,0,1,0,2240,1792,0,0,0,0,0,263032,2,0
0,0,0,0,35,3,2241,1792,0,0,0,0,0,275988,2,0
0,0,0,0,15,4,2242,1792,0,0,0,0,0,75768,3,0
1,0,0,0,6,6,2243,1792,0,0,0,0,0,236551,3,0
1,0,0,0,14,7,2244,1792,0,0,0,0,0,256556,2,0
0,0,0,0,23,9,2245,1792,0,0,0,0,0,201368,3,0
0,0,0,0,7,11,2246,1792,0,0,0,0,0,250853,3,0
0,0,0,0,10,12,2247,1792,0,0,0,0,0,271296,3,0
2,0,0,0,21,16,2248,1792,0,0,0,0,0,272604,3,0
0,0,0,0,16,18,2249,1792,0,0,0,0,0,70996,2,0
10,1,0,1,24,25,2250,1792,0,0,0,0,0,263115,2,0
1,0,0,0,18,28,2251,1792,0,0,0,0,0,261004,3,0
1,0,0,0,3,28,2252,1792,0,0,0,0,0,221282,3,0
0,0,0,0,5,28,2253,1792,0,0,0,0,0,251288,3,0
0,0,0,0,33,28,2254,1792,0,0,0,0,0,72708,3,0
0,0,0,0,32,28,2255,1792,0,0,0,0,0,224947,3,0
5,0,0,1,30,28,2256,1792,0,0,0,0,0,257167,3,0
0,0,0,0,19,28,2257,1792,0,0,0,0,0,275372,2,0
1,0,0,0,11,28,2258,1792,0,0,0,0,0,210644,3,0
3,0,0,1,29,28,2259,1792,0,0,0,0,0,269903,3,0
0,0,0,0,27,28,2260,1792,0,0,0,0,0,200759,3,0
1,0,0,0,2,28,2261,1792,0,0,0,0,0,273599,3,0
0,0,0,0,8,28,2262,1792,0,0,0,0,0,256620,3,0
7,0,0,1,9,29,2263,1792,0,0,0,0,0,242075,3,0
0,0,0,0,4,29,2264,1792,0,0,0,0,0,192622,3,0
0,0,0,0,22,29,2265,1792,0,0,0,0,0,276302,3,0
0,0,0,0,26,29,2266,1792,0,0,0,0,0,233957,3,0
0,0,0,0,17,29,2267,1792,0,0,0,0,0,278049,3,0
0,0,0,0,37,29,2268,1792,0,0,0,0,0,255767,3,0
3,0,0,1,20,29,2269,1792,0,0,0,0,0,255210,2,0
0,0,0,0,25,29,2270,1792,0,0,0,0,0,243849,3,0
0,0,0,0,42,29,2271,1792,0,0,0,0,0,268909,3,0
0,0,0,0,47,29,2272,1792,0,0,0,0,0,275351,3,0
0,0,0,0,34,29,2273,1792,0,0,0,0,0,276117,3,0
0,0,0,0,31,29,2274,1792,0,0,0,0,0,254328,3,0
0,0,0,0,46,29,2275,1792,0,0,0,0,0,78149,3,0
0,0,0,0,41,29,2276,1792,0,0,0,0,0,276943,3,0
0,0,0,0,39,29,2277,1792,0,0,0,0,0,248741,3,0
0,0,0,0,1,0,2278,1794,0,0,0,0,0,240987,2,0
1,0,0,0,38,3,2279,1794,0,0,0,0,0,264196,3,0
1,0,0,0,2,4,2280,1794,0,0,0,0,0,236600,2,0
1,0,0,0,6,6,2281,1794,0,0,0,0,0,277552,4,0
1,0,0,0,3,7,2282,1794,0,0,0,0,0,246155,3,0
4,0,0,1,11,12,2283,1794,0,0,0,0,0,271816,5,0
4,0,0,1,42,13,2284,1794,0,0,0,0,0,279572,2,0
1,0,0,0,44,15,2285,1794,0,0,0,0,0,221269,3,0
8,0,0,1,10,16,2286,1794,0,0,0,0,0,238058,2,0
4,0,0,1,7,24,2287,1794,0,0,0,0,0,272651,2,0
6,0,0,1,45,26,2288,1794,0,0,0,0,0,206534,3,0
2,0,0,0,8,28,2289,1794,0,0,0,0,0,234741,4,0
0,0,0,0,12,28,2290,1794,0,0,0,0,0,246763,3,0
0,0,0,0,15,28,2291,1794,0,0,0,0,0,189682,3,0
1,0,0,0,14,28,2292,1794,0,0,0,0,0,248050,4,0
0,0,0,0,17,28,2293,1794,0,0,0,0,0,200715,3,0
5,0,0,1,23,28,2294,1794,0,0,0,0,0,240783,3,0
1,0,0,0,19,28,2295,1794,0,0,0,0,0,231005,4,0
0,0,0,0,27,28,2296,1794,0,0,0,0,0,224081,3,0
1,0,0,0,25,28,2297,1794,0,0,0,0,0,248405,3,0
0,0,0,0,26,28,2298,1794,0,0,0,0,0,213693,3,0
0,0,0,0,4,28,2299,1794,0,0,0,0,0,271063,3,0
0,0,0,0,24,28,2300,1794,0,0,0,0,0,233510,3,0
0,0,0,0,22,29,2301,1794,0,0,0,0,0,230005,3,0
1,0,0,0,9,29,2302,1794,0,0,0,0,0,195859,3,0
0,0,0,0,18,29,2303,1794,0,0,0,0,0,277598,3,0
0,0,0,0,16,29,2304,1794,0,0,0,0,0,245715,3,0
0,0,0,0,28,29,2305,1794,0,0,0,0,0,278288,3,0
0,0,0,0,29,29,2306,1794,0,0,0,0,0,253969,3,0
0,0,0,0,40,29,2307,1794,0,0,0,0,0,77072,3,0
0,0,0,0,32,29,2308,1794,0,0,0,0,0,79950,3,0
0,0,0,0,31,29,2309,1794,0,0,0,0,0,75000,3,0
0,0,0,0,1,0,2310,1795,0,0,0,0,0,247611,4,0
2,0,0,0,2,3,2311,1795,0,0,0,0,0,247623,2,0
1,0,0,0,6,4,2312,1795,0,0,0,0,0,246695,3,0
0,0,0,0,25,6,2313,1795,0,0,0,0,0,264509,5,0
1,0,0,0,16,7,2314,1795,0,0,0,0,0,225775,5,0
0,0,0,0,5,9,2315,1795,0,0,0,0,0,252883,3,0
6,0,0,1,10,11,2316,1795,0,0,0,0,0,242794,4,0
4,0,0,1,7,12,2317,1795,0,0,0,0,0,200521,3,0
3,0,0,1,42,16,2318,1795,0,0,0,0,0,279078,5,0
0,0,0,0,8,18,2319,1795,0,0,0,0,0,241168,5,0
7,0,0,1,9,25,2320,1795,0,0,0,0,0,270398,3,0
3,0,0,1,39,28,2321,1795,0,0,0,0,0,242217,5,0
2,0,0,0,66,28,2322,1795,0,0,0,0,0,266245,3,0
1,0,0,0,34,28,2323,1795,0,0,0,0,0,254807,3,0
0,0,0,0,4,28,2324,1795,0,0,0,0,0,271983,3,0
0,0,0,0,12,28,2325,1795,0,0,0,0,0,234803,3,0
4,0,0,1,20,28,2326,1795,0,0,0,0,0,71181,2,0
3,0,0,1,18,28,2327,1795,0,0,0,0,0,273918,3,0
0,0,0,0,17,28,2328,1795,0,0,0,0,0,248473,3,0
2,0,0,0,11,28,2329,1795,0,0,0,0,0,275196,3,0
0,0,0,0,23,28,2330,1795,0,0,0,0,0,198861,4,0
0,0,0,0,27,28,2331,1795,0,0,0,0,0,259215,3,0
0,0,0,0,29,28,2332,1795,0,0,0,0,0,70582,3,0
0,0,0,0,15,29,2333,1795,0,0,0,0,0,262171,3,0
0,0,0,0,3,29,2334,1795,0,0,0,0,0,70252,3,0
0,0,0,0,14,29,2335,1795,0,0,0,0,0,251187,3,0
0,0,0,0,21,29,2336,1795,0,0,0,0,0,81538,2,0
0,0,0,0,43,29,2337,1795,0,0,0,0,0,273600,3,0
0,0,0,0,41,29,2338,1795,0,0,0,0,0,277366,3,0
0,0,0,0,19,0,2339,1800,0,0,0,0,0,263339,1,0
0,0,0,0,27,3,2340,1800,0,0,0,0,0,251626,2,0
2,0,0,0,4,4,2341,1800,0,0,0,0,0,257253,1,0
2,0,0,0,15,6,2342,1800,0,0,0,0,0,246873,2,0
0,0,0,0,3,7,2343,1800,0,0,0,0,0,232755,2,0
7,0,0,1,29,9,2344,1800,0,0,0,0,0,241645,3,0
0,0,0,0,6,11,2345,1800,0,0,0,0,0,212118,4,0
4,0,0,0,7,12,2346,1800,0,0,0,0,0,254910,2,0
6,0,0,1,10,16,2347,1800,0,0,0,0,0,236784,3,0
2,0,0,0,5,18,2348,1800,0,0,0,0,0,251690,2,0
10,1,0,1,11,25,2349,1800,0,0,0,0,0,238743,3,0
4,0,0,0,28,28,2350,1800,0,0,0,0,0,251555,3,0
1,0,0,0,8,28,2351,1800,0,0,0,0,0,213147,3,0
0,0,0,0,26,28,2352,1800,0,0,0,0,0,240500,3,0
1,0,0,0,20,28,2353,1800,0,0,0,0,0,261335,3,0
0,0,0,0,13,28,2354,1800,0,0,0,0,0,204825,3,0
10,1,0,1,23,28,2355,1800,0,0,0,0,0,235744,3,0
10,1,0,1,9,28,2356,1800,0,0,0,0,0,251198,2,0
2,0,0,0,14,28,2357,1800,0,0,0,0,0,273616,2,0
3,0,0,0,18,28,2358,1800,0,0,0,0,0,71106,3,0
0,0,0,0,16,28,2359,1800,0,0,0,0,0,239529,3,0
0,0,0,0,22,28,2360,1800,0,0,0,0,0,233047,3,0
0,0,0,0,21,28,2361,1800,0,0,0,0,0,196952,3,0
0,0,0,0,1,29,2362,1800,0,0,0,0,0,255976,3,0
0,0,0,0,33,29,2363,1800,0,0,0,0,0,72423,3,0
0,0,0,0,24,29,2364,1800,0,0,0,0,0,264584,3,0
0,0,0,0,1,0,2365,1801,0,0,0,0,0,228410,3,0
0,0,0,0,2,3,2366,1801,0,0,0,0,0,236390,3,0
0,0,0,0,42,4,2367,1801,0,0,0,0,0,264141,3,0
2,0,0,0,14,5,2368,1801,0,0,0,0,0,235464,3,0
0,0,0,0,16,6,2369,1801,0,0,0,0,0,214906,3,0
3,0,0,1,26,7,2370,1801,0,0,0,0,0,264421,3,0
1,0,0,0,4,10,2371,1801,0,0,0,0,0,225071,3,0
5,0,0,1,21,13,2372,1801,0,0,0,0,0,264180,4,0
1,0,0,0,8,15,2373,1801,0,0,0,0,0,243520,3,0
5,0,0,1,28,24,2374,1801,0,0,0,0,0,263230,3,0
6,0,0,1,17,26,2375,1801,0,0,0,0,0,264039,3,0
2,0,0,0,10,28,2376,1801,0,0,0,0,0,240673,3,0
1,0,0,0,19,28,2377,1801,0,0,0,0,0,240496,5,0
0,0,0,0,6,28,2378,1801,0,0,0,0,0,215638,3,0
0,0,0,0,3,28,2379,1801,0,0,0,0,0,234783,3,0
0,0,0,0,12,28,2380,1801,0,0,0,0,0,228369,3,0
3,0,0,1,24,28,2381,1801,0,0,0,0,0,190583,3,0
5,0,0,1,9,28,2382,1801,0,0,0,0,0,262227,3,0
0,0,0,0,18,28,2383,1801,0,0,0,0,0,231292,3,0
0,0,0,0,15,28,2384,1801,0,0,0,0,0,230136,3,0
0,0,0,0,44,28,2385,1801,0,0,0,0,0,206653,3,0
0,0,0,0,20,28,2386,1801,0,0,0,0,0,264120,3,0
0,0,0,0,22,28,2387,1801,0,0,0,0,0,69992,3,0
0,0,0,0,11,29,2388,1801,0,0,0,0,0,201884,3,0
0,0,0,0,13,29,2389,1801,0,0,0,0,0,190179,2,0
0,0,0,0,35,29,2390,1801,0,0,0,0,0,272705,3,0
0,0,0,0,34,29,2391,1801,0,0,0,0,0,277315,3,0
0,0,0,0,31,29,2392,1801,0,0,0,0,0,270757,3,0
0,0,0,0,31,0,2393,1806,0,0,0,0,0,243585,3,0
0,0,0,0,40,3,2394,1806,0,0,0,0,0,266180,2,0
0,0,0,0,26,4,2395,1806,0,0,0,0,0,264731,3,0
1,0,0,1,16,6,2396,1806,0,0,0,0,0,238389,3,0
0,0,0,0,3,7,2397,1806,0,0,0,0,0,189615,3,0
1,0,0,1,19,9,2398,1806,0,0,0,0,0,72557,3,0
1,0,0,1,4,11,2399,1806,0,0,0,0,0,213689,3,0
0,0,0,0,29,12,2400,1806,0,0,0,0,0,262082,3,0
9,0,0,1,7,16,2401,1806,0,0,0,0,0,260478,3,0
1,0,0,1,10,18,2402,1806,0,0,0,0,0,266774,4,0
1,0,0,1,11,25,2403,1806,0,0,0,0,0,255409,3,0
5,0,0,1,42,28,2404,1806,0,0,0,0,0,258093,3,0
0,0,0,0,12,28,2405,1806,0,0,0,0,0,255590,3,0
1,0,0,1,18,28,2406,1806,0,0,0,0,0,277835,2,0
0,0,0,0,17,28,2407,1806,0,0,0,0,0,255446,2,0
0,0,0,0,25,28,2408,1806,0,0,0,0,0,276944,2,0
1,0,0,1,20,28,2409,1806,0,0,0,0,0,213905,3,0
4,0,0,1,8,28,2410,1806,0,0,0,0,0,211504,3,0
1,0,0,1,22,28,2411,1806,0,0,0,0,0,259869,3,0
1,0,0,1,15,28,2412,1806,0,0,0,0,0,187936,2,0
0,0,0,0,14,28,2413,1806,0,0,0,0,0,264035,3,0
0,0,0,0,49,28,2414,1806,0,0,0,0,0,268820,2,0
0,0,0,0,23,28,2415,1806,0,0,0,0,0,200408,3,0
0,0,0,0,1,29,2416,1806,0,0,0,0,0,241643,3,0
5,0,0,1,9,29,2417,1806,0,0,0,0,0,271227,3,0
0,0,0,0,34,29,2418,1806,0,0,0,0,0,169493,3,0
0,0,0,0,21,29,2419,1806,0,0,0,0,0,83648,3,0
0,0,0,0,33,29,2420,1806,0,0,0,0,0,80874,3,0
0,0,0,0,41,29,2421,1806,0,0,0,0,0,278828,3,0
0,0,0,0,13,0,2422,1807,0,0,0,0,0,268544,3,0
0,0,0,0,7,3,2423,1807,0,0,0,0,0,236316,2,0
1,0,0,1,6,4,2424,1807,0,0,0,0,0,218658,3,0
0,0,0,0,22,5,2425,1807,0,0,0,0,0,73759,3,0
0,0,0,0,2,6,2426,1807,0,0,0,0,0,198377,3,0
0,0,0,0,27,7,2427,1807,0,0,0,0,0,80478,3,0
0,0,0,0,37,13,2428,1807,0,0,0,0,0,80475,3,0
0,0,0,0,24,15,2429,1807,0,0,0,0,0,83205,2,0
1,0,0,1,8,18,2430,1807,0,0,0,0,0,229910,2,0
3,0,0,1,17,24,2431,1807,0,0,0,0,0,268435,3,0
2,0,0,1,9,26,2432,1807,0,0,0,0,0,211384,3,0
1,0,0,1,4,28,2433,1807,0,0,0,0,0,274394,3,0
1,0,0,1,16,28,2434,1807,0,0,0,0,0,189456,2,0
0,0,0,0,3,28,2435,1807,0,0,0,0,0,212100,3,0
0,0,0,0,45,28,2436,1807,0,0,0,0,0,267476,3,0
0,0,0,0,25,28,2437,1807,0,0,0,0,0,80479,3,0
0,0,0,0,11,28,2438,1807,0,0,0,0,0,233045,3,0
1,0,0,1,31,28,2439,1807,0,0,0,0,0,74956,3,0
0,0,0,0,12,28,2440,1807,0,0,0,0,0,226507,2,0
2,0,0,1,29,28,2441,1807,0,0,0,0,0,80724,3,0
0,0,0,0,28,28,2442,1807,0,0,0,0,0,77544,3,0
0,0,0,0,20,28,2443,1807,0,0,0,0,0,272702,3,0
0,0,0,0,32,28,2444,1807,0,0,0,0,0,81388,3,0
1,0,0,1,14,29,2445,1807,0,0,0,0,0,205897,3,0
0,0,0,0,5,29,2446,1807,0,0,0,0,0,253034,3,0
0,0,0,0,1,29,2447,1807,0,0,0,0,0,273839,3,0
0,0,0,0,19,29,2448,1807,0,0,0,0,0,270129,3,0
0,0,0,0,30,29,2449,1807,0,0,0,0,0,80723,3,0
0,0,0,0,23,29,2450,1807,0,0,0,0,0,279871,3,0
0,0,0,0,26,29,2451,1807,0,0,0,0,0,222994,3,0
0,0,0,0,41,29,2452,1807,0,0,0,0,0,79598,3,0
0,0,0,0,40,29,2453,1807,0,0,0,0,0,82911,3,0
0,0,0,0,36,29,2454,1807,0,0,0,0,0,80476,3,0
0,0,0,0,23,0,2455,1919,0,0,0,0,0,269694,1,0
0,0,0,0,19,4,2456,1919,0,0,0,0,0,242800,1,0
1,0,0,0,16,5,2457,1919,0,0,0,0,0,223159,1,0
2,0,0,1,5,6,2458,1919,0,0,0,0,0,241824,3,0
2,0,0,1,2,12,2459,1919,0,0,0,0,0,234229,1,0
0,0,0,0,12,13,2460,1919,0,0,0,0,0,252376,1,0
2,0,0,1,4,15,2461,1919,0,0,0,0,0,251306,2,0
0,0,0,0,21,16,2462,1919,0,0,0,0,0,242181,3,0
0,0,0,0,44,17,2463,1919,0,0,0,0,0,278097,3,0
8,0,0,1,10,19,2464,1919,0,0,0,0,0,237619,1,0
7,0,0,1,18,25,2465,1919,0,0,0,0,0,244296,2,0
0,0,0,0,40,28,2466,1919,0,0,0,0,0,197975,3,0
1,0,0,0,6,28,2467,1919,0,0,0,0,0,241419,3,0
0,0,0,0,14,28,2468,1919,0,0,0,0,0,270017,3,0
0,0,0,0,3,28,2469,1919,0,0,0,0,0,234941,1,0
0,0,0,0,13,28,2470,1919,0,0,0,0,0,217096,3,0
3,0,0,1,30,28,2471,1919,0,0,0,0,0,272365,2,0
3,0,0,1,17,28,2472,1919,0,0,0,0,0,246847,1,0
2,0,0,1,11,28,2473,1919,0,0,0,0,0,243619,3,0
1,0,0,0,20,28,2474,1919,0,0,0,0,0,259926,1,0
0,0,0,0,15,28,2475,1919,0,0,0,0,0,247395,3,0
0,0,0,0,8,28,2476,1919,0,0,0,0,0,224265,3,0
0,0,0,0,38,28,2477,1919,0,0,0,0,0,260001,3,0
0,0,0,0,28,29,2478,1919,0,0,0,0,0,264511,3,0
0,0,0,0,24,29,2479,1919,0,0,0,0,0,83529,3,0
0,0,0,0,32,29,2480,1919,0,0,0,0,0,229274,3,0
0,0,0,0,43,29,2481,1919,0,0,0,0,0,79434,3,0
0,0,0,0,25,29,2482,1919,0,0,0,0,0,278248,3,0
0,0,0,0,29,29,2483,1919,0,0,0,0,0,74362,3,0
0,0,0,0,33,29,2484,1919,0,0,0,0,0,75427,3,0
0,0,0,0,1,0,2485,1947,0,0,0,0,0,246671,3,0
1,0,0,0,4,4,2486,1947,0,0,0,0,0,262523,5,0
0,0,0,0,5,5,2487,1947,0,0,0,0,0,221281,5,0
1,0,0,0,2,6,2488,1947,0,0,0,0,0,263390,4,0
0,0,0,0,12,12,2489,1947,0,0,0,0,0,253052,5,0
1,0,0,0,15,13,2490,1947,0,0,0,0,0,225769,3,0
0,0,0,0,18,15,2491,1947,0,0,0,0,0,225779,3,0
0,0,0,0,14,16,2492,1947,0,0,0,0,0,255913,3,0
8,0,0,1,10,17,2493,1947,0,0,0,0,0,219216,3,0
4,0,0,1,33,19,2494,1947,0,0,0,0,0,232545,3,0
5,0,0,1,28,25,2495,1947,0,0,0,0,0,235247,5,0
4,0,0,1,27,28,2496,1947,0,0,0,0,0,236530,3,0
2,0,0,0,47,28,2497,1947,0,0,0,0,0,250825,3,0
0,0,0,0,13,28,2498,1947,0,0,0,0,0,242429,4,0
0,0,0,0,24,28,2499,1947,0,0,0,0,0,237943,3,0
0,0,0,0,21,28,2500,1947,0,0,0,0,0,207998,3,0
10,1,0,1,19,28,2501,1947,0,0,0,0,0,216627,3,0
1,0,0,0,37,28,2502,1947,0,0,0,0,0,186139,5,0
0,0,0,0,6,28,2503,1947,0,0,0,0,0,225072,3,0
0,0,0,0,3,28,2504,1947,0,0,0,0,0,246392,3,0
4,0,0,1,20,28,2505,1947,0,0,0,0,0,235496,3,0
0,0,0,0,7,28,2506,1947,0,0,0,0,0,236487,3,0
0,0,0,0,29,28,2507,1947,0,0,0,0,0,237036,3,0
0,0,0,0,22,29,2508,1947,0,0,0,0,0,236319,3,0
2,0,0,0,11,29,2509,1947,0,0,0,0,0,269572,3,0
0,0,0,0,16,29,2510,1947,0,0,0,0,0,169792,3,0
0,0,0,0,25,29,2511,1947,0,0,0,0,0,222095,3,0
0,0,0,0,34,29,2512,1947,0,0,0,0,0,271854,3,0
0,0,0,0,43,29,2513,1947,0,0,0,0,0,73944,3,0
0,0,0,0,1,0,2514,1951,0,0,0,0,0,238070,1,0
1,0,0,0,2,3,2515,1951,0,0,0,0,0,211203,3,0
0,0,0,0,6,4,2516,1951,0,0,0,0,0,219293,2,0
1,0,0,0,3,6,2517,1951,0,0,0,0,0,242541,1,0
0,0,0,0,26,7,2518,1951,0,0,0,0,0,258702,3,0
1,0,0,0,14,9,2519,1951,0,0,0,0,0,250913,3,0
4,0,0,1,8,11,2520,1951,0,0,0,0,0,220940,3,0
3,0,0,1,7,12,2521,1951,0,0,0,0,0,239439,2,0
0,0,0,0,23,16,2522,1951,0,0,0,0,0,239350,3,0
1,0,0,0,50,18,2523,1951,0,0,0,0,0,258500,3,0
6,0,0,1,27,25,2524,1951,0,0,0,0,0,75272,3,0
0,0,0,0,4,28,2525,1951,0,0,0,0,0,208769,2,0
2,0,0,1,17,28,2526,1951,0,0,0,0,0,270676,3,0
1,0,0,0,22,28,2527,1951,0,0,0,0,0,211594,3,0
0,0,0,0,15,28,2528,1951,0,0,0,0,0,270637,2,0
0,0,0,0,21,28,2529,1951,0,0,0,0,0,204502,3,0
1,0,0,0,16,28,2530,1951,0,0,0,0,0,271005,3,0
2,0,0,1,9,28,2531,1951,0,0,0,0,0,237833,3,0
0,0,0,0,29,28,2532,1951,0,0,0,0,0,213017,3,0
0,0,0,0,24,28,2533,1951,0,0,0,0,0,226436,3,0
0,0,0,0,32,28,2534,1951,0,0,0,0,0,242004,3,0
0,0,0,0,18,28,2535,1951,0,0,0,0,0,70229,3,0
1,0,0,0,44,28,2536,1951,0,0,0,0,0,263582,4,0
1,0,0,0,19,29,2537,1951,0,0,0,0,0,263861,3,0
0,0,0,0,37,29,2538,1951,0,0,0,0,0,275337,1,0
2,0,0,1,20,29,2539,1951,0,0,0,0,0,263271,3,0
0,0,0,0,11,29,2540,1951,0,0,0,0,0,259114,3,0
0,0,0,0,33,29,2541,1951,0,0,0,0,0,278557,3,0
0,0,0,0,12,29,2542,1951,0,0,0,0,0,252268,3,0
0,0,0,0,34,29,2543,1951,0,0,0,0,0,229349,3,0
0,0,0,0,13,29,2544,1951,0,0,0,0,0,173895,3,0
0,0,0,0,5,29,2545,1951,0,0,0,0,0,277705,3,0
0,0,0,0,39,29,2546,1951,0,0,0,0,0,269930,3,0
0,0,0,0,35,29,2547,1951,0,0,0,0,0,266577,3,0
0,0,0,0,36,29,2548,1951,0,0,0,0,0,271686,3,0
0,0,0,0,43,29,2549,1951,0,0,0,0,0,73465,3,0
0,0,0,0,1,0,2550,1952,0,0,0,0,0,258585,3,0
0,0,0,0,2,3,2551,1952,0,0,0,0,0,224099,2,0
1,0,0,0,15,4,2552,1952,0,0,0,0,0,204936,4,0
1,0,0,0,4,6,2553,1952,0,0,0,0,0,272895,4,0
0,0,0,0,3,7,2554,1952,0,0,0,0,0,243608,3,0
0,0,0,0,20,9,2555,1952,0,0,0,0,0,233053,3,0
2,0,0,1,27,11,2556,1952,0,0,0,0,0,241953,5,0
10,1,0,1,21,12,2557,1952,0,0,0,0,0,246053,3,0
2,0,0,1,7,16,2558,1952,0,0,0,0,0,240925,3,0
2,0,0,1,25,18,2559,1952,0,0,0,0,0,202693,3,0
11,1,0,1,9,25,2560,1952,0,0,0,0,0,220031,2,0
1,0,0,0,5,28,2561,1952,0,0,0,0,0,200746,3,0
1,0,0,0,6,28,2562,1952,0,0,0,0,0,207952,3,0
0,0,0,0,18,28,2563,1952,0,0,0,0,0,254529,3,0
1,0,0,0,23,28,2564,1952,0,0,0,0,0,235267,3,0
0,0,0,0,12,28,2565,1952,0,0,0,0,0,220058,3,0
7,0,0,1,22,28,2566,1952,0,0,0,0,0,251275,3,0
0,0,0,0,26,28,2567,1952,0,0,0,0,0,226401,3,0
2,0,0,1,36,28,2568,1952,0,0,0,0,0,70994,3,0
1,0,0,0,11,28,2569,1952,0,0,0,0,0,225956,3,0
1,0,0,0,10,28,2570,1952,0,0,0,0,0,277663,3,0
0,0,0,0,43,28,2571,1952,0,0,0,0,0,268439,3,0
2,0,0,1,24,28,2572,1952,0,0,0,0,0,270209,3,0
0,0,0,0,37,29,2573,1952,0,0,0,0,0,213697,3,0
0,0,0,0,8,29,2574,1952,0,0,0,0,0,258433,3,0
1,0,0,0,13,29,2575,1952,0,0,0,0,0,73429,2,0
0,0,0,0,16,29,2576,1952,0,0,0,0,0,248692,3,0
0,0,0,0,29,29,2577,1952,0,0,0,0,0,248569,3,0
0,0,0,0,32,29,2578,1952,0,0,0,0,0,73219,3,0
0,0,0,0,58,29,2579,1952,0,0,0,0,0,79579,3,0
0,0,0,0,47,29,2580,1952,0,0,0,0,0,74360,3,0
0,0,0,0,22,0,2581,1960,0,0,0,0,0,213413,5,0
2,0,0,1,30,3,2582,1960,0,0,0,0,0,243640,3,0
1,0,0,0,5,4,2583,1960,0,0,0,0,0,248687,5,0
0,0,0,0,15,6,2584,1960,0,0,0,0,0,216744,4,0
1,0,0,0,14,7,2585,1960,0,0,0,0,0,232759,5,0
1,0,0,0,4,10,2586,1960,0,0,0,0,0,221890,4,0
3,0,0,1,35,12,2587,1960,0,0,0,0,0,275785,4,0
2,0,0,1,17,13,2588,1960,0,0,0,0,0,258596,4,0
2,0,0,1,6,15,2589,1960,0,0,0,0,0,259680,5,0
1,0,0,0,10,16,2590,1960,0,0,0,0,0,260492,4,0
13,1,0,1,9,25,2591,1960,0,0,0,1,0,276716,5,0
0,0,0,0,8,28,2592,1960,0,0,0,0,0,70841,3,0
0,0,0,0,27,28,2593,1960,0,0,0,0,0,261035,3,0
3,0,0,1,20,28,2594,1960,0,0,0,0,0,233941,3,0
0,0,0,0,25,28,2595,1960,0,0,0,0,0,186392,3,0
0,0,0,0,1,28,2596,1960,0,0,0,0,0,234260,3,0
3,0,0,1,33,28,2597,1960,0,0,0,0,0,244288,3,0
0,0,0,0,7,28,2598,1960,0,0,0,0,0,272932,3,0
0,0,0,0,21,28,2599,1960,0,0,0,0,0,263364,3,0
1,0,0,0,2,28,2600,1960,0,0,0,0,0,244870,4,0
0,0,0,0,16,28,2601,1960,0,0,0,0,0,275244,3,0
0,0,0,0,23,28,2602,1960,0,0,0,0,0,212090,3,0
0,0,0,0,18,28,2603,1960,0,0,0,0,0,74759,3,0
0,0,0,0,31,29,2604,1960,0,0,0,0,0,248688,3,0
0,0,0,0,41,29,2605,1960,0,0,0,0,0,278958,3,0
0,0,0,0,37,29,2606,1960,0,0,0,0,0,71746,3,0
0,0,0,0,43,29,2607,1960,0,0,0,0,0,74357,3,0
0,0,0,0,16,0,2608,57,0,0,0,0,0,205377,3,0
0,0,0,0,27,3,2609,57,0,0,0,0,0,268440,3,0
1,0,0,1,20,4,2610,57,0,0,0,0,0,257204,3,0
1,0,0,1,4,5,2611,57,0,0,0,0,0,228681,3,0
0,0,0,0,92,6,2612,57,0,0,0,0,0,277503,3,0
0,0,0,0,14,7,2613,57,0,0,0,0,0,247124,3,0
0,0,0,0,28,12,2614,57,0,0,0,0,0,242577,2,0
0,0,0,0,42,13,2615,57,0,0,0,0,0,238392,3,0
1,0,0,1,5,15,2616,57,0,0,0,0,0,272894,3,0
2,0,0,1,19,16,2617,57,0,0,0,0,0,239631,3,0
6,0,0,1,10,25,2618,57,0,0,0,0,0,251170,3,0
1,0,0,1,17,28,2619,57,0,0,0,0,0,269745,3,0
0,0,0,0,29,28,2620,57,0,0,0,0,0,263112,3,0
0,0,0,0,22,28,2621,57,0,0,0,0,0,260100,3,0
0,0,0,0,24,28,2622,57,0,0,0,0,0,263028,3,0
0,0,0,0,40,28,2623,57,0,0,0,0,0,263402,3,0
0,0,0,0,7,28,2624,57,0,0,0,0,0,260943,3,0
0,0,0,0,18,28,2625,57,0,0,0,0,0,230144,3,0
0,0,0,0,8,28,2626,57,0,0,0,0,0,259205,3,0
0,0,0,0,9,28,2627,57,0,0,0,0,0,257612,3,0
0,0,0,0,21,28,2628,57,0,0,0,0,0,263421,3,0
0,0,0,0,31,28,2629,57,0,0,0,0,0,80650,3,0
0,0,0,0,30,28,2630,57,0,0,0,0,0,277644,3,0
0,0,0,0,35,29,2631,57,0,0,0,0,0,80647,3,0
0,0,0,0,36,29,2632,57,0,0,0,0,0,80651,3,0
0,0,0,0,37,29,2633,57,0,0,0,0,0,80648,3,0
0,0,0,0,44,29,2634,57,0,0,0,0,0,82670,3,0
0,0,0,0,13,29,2635,57,0,0,0,0,0,78215,3,0
0,0,0,0,33,29,2636,57,0,0,0,0,0,276933,3,0
0,0,0,0,40,0,2637,64,0,0,0,0,0,271918,4,0
2,0,0,1,25,4,2638,64,0,0,0,0,0,75320,3,0
2,0,0,1,6,5,2639,64,0,0,0,0,0,270997,3,0
0,0,0,0,20,6,2640,64,0,0,0,0,0,235454,4,0
5,0,0,1,10,23,2641,64,0,0,0,0,0,204970,3,0
1,0,0,0,2,12,2642,64,0,0,0,0,0,223597,4,0
1,0,0,0,8,13,2643,64,0,0,0,0,0,258601,3,0
2,0,0,1,28,15,2644,64,0,0,0,0,0,208787,3,0
0,0,0,0,14,16,2645,64,0,0,0,0,0,229236,4,0
8,1,0,1,22,27,2646,64,0,0,0,0,0,212613,3,0
7,0,0,1,11,25,2647,64,0,0,0,0,0,233866,3,0
0,0,0,0,5,28,2648,64,0,0,0,0,0,77105,3,0
0,0,0,0,18,28,2649,64,0,0,0,0,0,277935,3,0
0,0,0,0,27,28,2650,64,0,0,0,0,0,212491,3,0
0,0,0,0,23,28,2651,64,0,0,0,0,0,246688,3,0
0,0,0,0,16,28,2652,64,0,0,0,0,0,199721,3,0
1,0,0,0,29,28,2653,64,0,0,0,0,0,257020,3,0
0,0,0,0,21,28,2654,64,0,0,0,0,0,238463,3,0
0,0,0,0,9,28,2655,64,0,0,0,0,0,216388,3,0
3,0,0,1,38,28,2656,64,0,0,0,0,0,77633,3,0
0,0,0,0,7,28,2657,64,0,0,0,0,0,227232,3,0
1,0,0,0,19,28,2658,64,0,0,0,0,0,259816,3,0
0,0,0,0,32,28,2659,64,0,0,0,0,0,75319,3,0
0,0,0,0,26,29,2660,64,0,0,0,0,0,70005,3,0
0,0,0,0,60,29,2661,64,0,0,0,0,0,78547,3,0
0,0,0,0,13,29,2662,64,0,0,0,0,0,259027,3,0
0,0,0,0,4,29,2663,64,0,0,0,0,0,77056,3,0
0,0,0,0,31,29,2664,64,0,0,0,0,0,74429,3,0
0,0,0,0,1,29,2665,64,0,0,0,0,0,176994,3,0
0,0,0,0,24,29,2666,64,0,0,0,0,0,221284,3,0
0,0,0,0,1,0,2667,65,0,0,0,0,0,239254,3,0
0,0,0,0,12,3,2668,65,0,0,0,0,0,202371,3,0
0,0,0,0,3,4,2669,65,0,0,0,0,0,262071,3,0
1,0,0,0,23,6,2670,65,0,0,0,0,0,201143,3,0
2,0,0,0,15,7,2671,65,0,0,0,0,0,231318,3,0
2,0,0,0,21,9,2672,65,0,0,0,0,0,190674,4,0
2,0,0,0,6,11,2673,65,0,0,0,0,0,213296,3,0
0,0,0,0,19,12,2674,65,0,0,0,0,0,232360,3,0
3,0,0,1,7,16,2675,65,0,0,0,0,0,276048,3,0
5,0,0,1,10,18,2676,65,0,0,0,0,0,262088,2,0
4,0,0,1,9,25,2677,65,0,0,0,0,0,178509,3,0
0,0,0,0,32,28,2678,65,0,0,0,0,0,278901,3,0
0,0,0,0,4,28,2679,65,0,0,0,0,0,269493,3,0
0,0,0,0,18,28,2680,65,0,0,0,0,0,210897,3,0
0,0,0,0,22,28,2681,65,0,0,0,0,0,270559,2,0
0,0,0,0,16,28,2682,65,0,0,0,0,0,237525,3,0
1,0,0,0,17,28,2683,65,0,0,0,0,0,274447,2,0
0,0,0,0,20,28,2684,65,0,0,0,0,0,278207,3,0
1,0,0,0,14,28,2685,65,0,0,0,0,0,268738,3,0
3,0,0,1,27,28,2686,65,0,0,0,0,0,253167,3,0
0,0,0,0,24,28,2687,65,0,0,0,0,0,227794,3,0
0,0,0,0,26,28,2688,65,0,0,0,0,0,211575,3,0
0,0,0,0,38,28,2689,65,0,0,0,0,0,80688,3,0
0,0,0,0,45,29,2690,65,0,0,0,0,0,271317,3,0
0,0,0,0,30,29,2691,65,0,0,0,0,0,211398,3,0
1,0,0,0,35,29,2692,65,0,0,0,0,0,77364,3,0
1,0,0,0,11,29,2693,65,0,0,0,0,0,246548,3,0
5,0,0,1,29,29,2694,65,0,0,0,0,0,73449,3,0
0,0,0,0,36,29,2695,65,0,0,0,0,0,278261,3,0
3,0,0,1,8,29,2696,65,0,0,0,0,0,278172,3,0
0,0,0,0,1,0,2697,66,0,0,0,0,0,263139,4,0
1,0,0,0,98,3,2698,66,0,0,0,0,0,225782,3,0
0,0,0,0,22,4,2699,66,0,0,0,0,0,208364,3,0
0,0,0,0,19,6,2700,66,0,0,0,0,0,225859,3,0
0,0,0,0,3,7,2701,66,0,0,0,0,0,211256,3,0
3,0,0,1,9,23,2702,66,0,0,0,0,0,272505,2,0
1,0,0,0,6,13,2703,66,0,0,0,0,0,256104,3,0
2,0,0,1,23,14,2704,66,0,0,0,0,0,265459,3,0
3,0,0,1,8,15,2705,66,0,0,0,0,0,219683,3,0
2,0,0,1,17,27,2706,66,0,0,0,0,0,276901,4,0
9,1,0,1,10,25,2707,66,0,0,0,0,0,247050,3,0
0,0,0,0,5,28,2708,66,0,0,0,0,0,234078,3,0
3,0,0,1,16,28,2709,66,0,0,0,0,0,263815,2,0
1,0,0,0,21,28,2710,66,0,0,0,0,0,262102,4,0
0,0,0,0,43,28,2711,66,0,0,0,0,0,78216,3,0
0,0,0,0,40,28,2712,66,0,0,0,0,0,234371,3,0
0,0,0,0,44,28,2713,66,0,0,0,0,0,80067,3,0
1,0,0,0,99,28,2714,66,0,0,0,0,0,71170,4,0
1,0,0,0,7,28,2715,66,0,0,0,0,0,256970,3,0
0,0,0,0,77,28,2716,66,0,0,0,0,0,240702,3,0
0,0,0,0,18,28,2717,66,0,0,0,0,0,210372,3,0
0,0,0,0,39,28,2718,66,0,0,0,0,0,80690,3,0
0,0,0,0,33,28,2719,66,0,0,0,0,0,220093,3,0
0,0,0,0,45,29,2720,66,0,0,0,0,0,83214,3,0
0,0,0,0,50,29,2721,66,0,0,0,0,0,77093,3,0
0,0,0,0,36,29,2722,66,0,0,0,0,0,276747,3,0
0,0,0,0,34,29,2723,66,0,0,0,0,0,82335,3,0
2,0,0,1,11,29,2724,66,0,0,0,0,0,256420,3,0
0,0,0,0,37,29,2725,66,0,0,0,0,0,268763,3,0
0,0,0,0,1,0,2726,68,0,0,0,0,0,70118,3,0
1,0,0,1,39,3,2727,68,0,0,0,0,0,239919,2,0
1,0,0,1,5,4,2728,68,0,0,0,0,0,214947,1,0
0,0,0,0,15,6,2729,68,0,0,0,0,0,70160,2,0
0,0,0,0,97,7,2730,68,0,0,0,0,0,236723,2,0
1,0,0,1,20,9,2731,68,0,0,0,0,0,241238,3,0
1,0,0,1,8,11,2732,68,0,0,0,0,0,252975,2,0
0,0,0,0,14,12,2733,68,0,0,0,0,0,244694,3,0
2,0,0,1,7,16,2734,68,0,0,0,0,0,245131,3,0
6,0,0,1,10,18,2735,68,0,0,0,0,0,234239,2,0
4,0,0,1,30,25,2736,68,0,0,0,0,0,225293,2,0
0,0,0,0,2,28,2737,68,0,0,0,0,0,201136,3,0
2,0,0,1,38,28,2738,68,0,0,0,0,0,278065,3,0
0,0,0,0,70,28,2739,68,0,0,0,0,0,204472,3,0
0,0,0,0,4,28,2740,68,0,0,0,0,0,77149,3,0
0,0,0,0,61,28,2741,68,0,0,0,0,0,73929,3,0
0,0,0,0,21,28,2742,68,0,0,0,0,0,198200,3,0
0,0,0,0,12,28,2743,68,0,0,0,0,0,73485,3,0
1,0,0,1,9,28,2744,68,0,0,0,0,0,277979,3,0
0,0,0,0,11,28,2745,68,0,0,0,0,0,235812,3,0
0,0,0,0,23,28,2746,68,0,0,0,0,0,70458,3,0
0,0,0,0,25,28,2747,68,0,0,0,0,0,80578,3,0
0,0,0,0,99,28,2748,68,0,0,0,0,0,235855,3,0
0,0,0,0,29,29,2749,68,0,0,0,0,0,78584,3,0
0,0,0,0,27,29,2750,68,0,0,0,0,0,79609,3,0
0,0,0,0,17,29,2751,68,0,0,0,0,0,75965,3,0
0,0,0,0,34,29,2752,68,0,0,0,0,0,83564,3,0
0,0,0,0,1,0,2753,69,0,0,0,0,0,190941,3,0
0,0,0,0,5,4,2754,69,0,0,0,0,0,226229,3,0
0,0,0,0,6,5,2755,69,0,0,0,0,0,229261,4,0
1,0,0,0,3,6,2756,69,0,0,0,0,0,202335,3,0
0,0,0,0,2,12,2757,69,0,0,0,0,0,263781,3,0
3,0,0,1,28,13,2758,69,0,0,0,0,0,279700,4,0
0,0,0,0,15,15,2759,69,0,0,0,0,0,275138,4,0
0,0,0,0,12,16,2760,69,0,0,0,0,0,232440,3,0
4,0,0,1,11,17,2761,69,0,0,0,0,0,264862,4,0
2,0,0,0,10,19,2762,69,0,0,0,0,0,225663,3,0
4,0,0,1,9,25,2763,69,0,0,0,0,0,247463,3,0
0,0,0,0,8,28,2764,69,0,0,0,0,0,195864,3,0
0,0,0,0,4,28,2765,69,0,0,0,0,0,245211,3,0
0,0,0,0,13,28,2766,69,0,0,0,0,0,272785,3,0
0,0,0,0,20,28,2767,69,0,0,0,0,0,273933,3,0
0,0,0,0,16,28,2768,69,0,0,0,0,0,239364,3,0
7,0,0,1,31,28,2769,69,0,0,0,0,0,253004,3,0
0,0,0,0,27,28,2770,69,0,0,0,0,0,238227,3,0
0,0,0,0,24,28,2771,69,0,0,0,0,0,260779,3,0
2,0,0,0,14,28,2772,69,0,0,0,0,0,270050,3,0
0,0,0,0,25,28,2773,69,0,0,0,0,0,235036,3,0
0,0,0,0,23,28,2774,69,0,0,0,0,0,75734,3,0
1,0,0,0,17,28,2775,69,0,0,0,0,0,70893,4,0
0,0,0,0,29,29,2776,69,0,0,0,0,0,274126,3,0
0,0,0,0,41,29,2777,69,0,0,0,0,0,81663,3,0
0,0,0,0,50,29,2778,69,0,0,0,0,0,271661,3,0
0,0,0,0,40,29,2779,69,0,0,0,0,0,75924,3,0
3,0,0,1,18,29,2780,69,0,0,0,0,0,226627,3,0
1,0,0,0,22,29,2781,69,0,0,0,0,0,244915,3,0
0,0,0,0,1,0,2782,71,0,0,0,0,0,199482,2,0
0,0,0,0,24,3,2783,71,0,0,0,0,0,227222,3,0
0,0,0,0,98,4,2784,71,0,0,0,0,0,231235,2,0
1,0,0,0,6,5,2785,71,0,0,0,0,0,232693,3,0
0,0,0,0,78,6,2786,71,0,0,0,0,0,80570,3,0
0,0,0,0,27,7,2787,71,0,0,0,0,0,220837,3,0
1,0,0,0,20,12,2788,71,0,0,0,0,0,193476,3,0
0,0,0,0,28,13,2789,71,0,0,0,0,0,231089,2,0
0,0,0,0,8,15,2790,71,0,0,0,0,0,258619,3,0
4,0,0,1,10,16,2791,71,0,0,0,0,0,264422,3,0
3,0,0,1,31,25,2792,71,0,0,0,0,0,254247,2,0
0,0,0,0,4,28,2793,71,0,0,0,0,0,269003,3,0
0,0,0,0,3,28,2794,71,0,0,0,0,0,239136,2,0
0,0,0,0,2,28,2795,71,0,0,0,0,0,83275,3,0
2,0,0,1,18,28,2796,71,0,0,0,0,0,229971,3,0
0,0,0,0,30,28,2797,71,0,0,0,0,0,216750,3,0
0,0,0,0,13,28,2798,71,0,0,0,0,0,189271,3,0
1,0,0,0,66,28,2799,71,0,0,0,0,0,74473,2,0
2,0,0,1,11,28,2800,71,0,0,0,0,0,74475,3,0
3,0,0,1,19,28,2801,71,0,0,0,0,0,194209,3,0
0,0,0,0,21,28,2802,71,0,0,0,0,0,263469,3,0
0,0,0,0,37,28,2803,71,0,0,0,0,0,241130,3,0
0,0,0,0,17,28,2804,71,0,0,0,0,0,70477,3,0
0,0,0,0,52,29,2805,71,0,0,0,0,0,79513,3,0
0,0,0,0,14,29,2806,71,0,0,0,0,0,279130,3,0
0,0,0,0,26,29,2807,71,0,0,0,0,0,211250,3,0
0,0,0,0,72,29,2808,71,0,0,0,0,0,75316,3,0
0,0,0,0,22,29,2809,71,0,0,0,0,0,74474,3,0
0,0,0,0,50,29,2810,71,0,0,0,0,0,75739,3,0
0,0,0,0,23,29,2811,71,0,0,0,0,0,70475,3,0
0,0,0,0,80,0,2812,72,0,0,0,0,0,235633,3,0
1,0,0,1,92,3,2813,72,0,0,0,0,0,239093,4,0
1,0,0,1,37,4,2814,72,0,0,0,0,0,273948,3,0
0,0,0,0,4,6,2815,72,0,0,0,0,0,158625,2,0
1,0,0,1,26,7,2816,72,0,0,0,0,0,254548,3,0
0,0,0,0,24,9,2817,72,0,0,0,0,0,244889,3,0
0,0,0,0,99,11,2818,72,0,0,0,0,0,252059,2,0
4,0,0,1,25,12,2819,72,0,0,0,0,0,256476,3,0
7,0,0,1,10,16,2820,72,0,0,0,0,0,244892,2,0
0,0,0,0,8,18,2821,72,0,0,0,0,0,210896,3,0
3,0,0,1,11,25,2822,72,0,0,0,0,0,260407,3,0
0,0,0,0,47,28,2823,72,0,0,0,0,0,268868,3,0
0,0,0,0,22,28,2824,72,0,0,0,0,0,235569,3,0
1,0,0,1,2,28,2825,72,0,0,0,0,0,252711,4,0
0,0,0,0,33,28,2826,72,0,0,0,0,0,272515,3,0
0,0,0,0,31,28,2827,72,0,0,0,0,0,204513,3,0
1,0,0,1,6,28,2828,72,0,0,0,0,0,253157,3,0
1,0,0,1,20,28,2829,72,0,0,0,0,0,278187,3,0
1,0,0,1,21,28,2830,72,0,0,0,0,0,252960,3,0
0,0,0,0,90,28,2831,72,0,0,0,0,0,252386,3,0
0,0,0,0,28,28,2832,72,0,0,0,0,0,75148,3,0
0,0,0,0,41,28,2833,72,0,0,0,0,0,75925,3,0
0,0,0,0,36,28,2834,72,0,0,0,0,0,82109,3,0
0,0,0,0,30,29,2835,72,0,0,0,0,0,76901,3,0
0,0,0,0,23,29,2836,72,0,0,0,0,0,78765,3,0
0,0,0,0,39,29,2837,72,0,0,0,0,0,80063,3,0
0,0,0,0,44,29,2838,72,0,0,0,0,0,82740,3,0
0,0,0,0,32,29,2839,72,0,0,0,0,0,83396,3,0
0,0,0,0,64,29,2840,72,0,0,0,0,0,274536,3,0
0,0,0,0,55,29,2841,72,0,0,0,0,0,255533,3,0
0,0,0,0,5,29,2842,72,0,0,0,0,0,269164,3,0
0,0,0,0,39,0,2843,73,0,0,0,0,0,240225,4,0
2,0,0,0,2,3,2844,73,0,0,0,0,0,235212,1,0
0,0,0,0,5,4,2845,73,0,0,0,0,0,207865,3,0
0,0,0,0,51,6,2846,73,0,0,0,0,0,256196,3,0
3,0,0,1,25,7,2847,73,0,0,0,0,0,252145,4,0
3,0,0,1,14,23,2848,73,0,0,0,0,0,271421,3,0
5,0,0,1,87,13,2849,73,0,0,0,0,0,272834,3,0
1,0,0,0,17,14,2850,73,0,0,0,0,0,255253,3,0
1,0,0,0,8,15,2851,73,0,0,0,0,0,226271,3,0
3,0,0,1,7,27,2852,73,0,0,0,0,0,247635,3,0
5,0,0,1,10,25,2853,73,0,0,0,0,0,231443,3,0
1,0,0,0,33,28,2854,73,0,0,0,0,0,270673,4,0
3,0,0,1,24,28,2855,73,0,0,0,0,0,70004,3,0
0,0,0,0,21,28,2856,73,0,0,0,0,0,220814,3,0
1,0,0,0,6,28,2857,73,0,0,0,0,0,258781,3,0
0,0,0,0,30,28,2858,73,0,0,0,0,0,251752,3,0
7,0,0,1,29,28,2859,73,0,0,0,0,0,264652,3,0
1,0,0,0,49,28,2860,73,0,0,0,0,0,74449,2,0
1,0,0,0,19,28,2861,73,0,0,0,0,0,243780,3,0
4,0,0,1,9,28,2862,73,0,0,0,0,0,256903,3,0
0,0,0,0,89,28,2863,73,0,0,0,0,0,279880,3,0
1,0,0,0,4,28,2864,73,0,0,0,0,0,279709,3,0
1,0,0,0,47,28,2865,73,0,0,0,0,0,78549,3,0
0,0,0,0,27,29,2866,73,0,0,0,0,0,80674,3,0
0,0,0,0,45,29,2867,73,0,0,0,0,0,82991,3,0
0,0,0,0,41,29,2868,73,0,0,0,0,0,81659,3,0
0,0,0,0,30,0,2869,74,0,0,0,0,0,204883,2,0
1,0,0,0,95,3,2870,74,0,0,0,0,0,212138,2,0
2,0,0,1,48,4,2871,74,0,0,0,0,0,73192,2,0
0,0,0,0,97,5,2872,74,0,0,0,0,0,278903,2,0
0,0,0,0,3,6,2873,74,0,0,0,0,0,251380,2,0
1,0,0,0,26,7,2874,74,0,0,0,0,0,261616,2,0
1,0,0,0,21,10,2875,74,0,0,0,0,0,223874,3,0
1,0,0,0,45,13,2876,74,0,0,0,0,0,243631,2,0
0,0,0,0,6,15,2877,74,0,0,0,0,0,71114,2,0
9,1,0,1,9,24,2878,74,0,0,0,0,0,70415,2,0
5,0,0,1,7,26,2879,74,0,0,0,0,0,222357,2,0
0,0,0,0,17,28,2880,74,0,0,0,0,0,235973,3,0
1,0,0,0,24,28,2881,74,0,0,0,0,0,252512,3,0
0,0,0,0,36,28,2882,74,0,0,0,0,0,257946,3,0
0,0,0,0,18,28,2883,74,0,0,0,0,0,279557,3,0
0,0,0,0,50,28,2884,74,0,0,0,0,0,80803,3,0
3,0,0,1,10,28,2885,74,0,0,0,0,0,231102,3,0
0,0,0,0,70,28,2886,74,0,0,0,0,0,236518,3,0
2,0,0,1,11,28,2887,74,0,0,0,0,0,259191,2,0
0,0,0,0,77,28,2888,74,0,0,0,0,0,74698,3,0
0,0,0,0,65,28,2889,74,0,0,0,0,0,80804,3,0
0,0,0,0,4,28,2890,74,0,0,0,0,0,213654,3,0
0,0,0,0,71,28,2891,74,0,0,0,0,0,82084,3,0
0,0,0,0,35,29,2892,74,0,0,0,0,0,82427,3,0
0,0,0,0,39,0,2893,76,0,0,0,0,0,270821,2,0
2,0,0,1,22,3,2894,76,0,0,0,0,0,275208,4,0
0,0,0,0,5,4,2895,76,0,0,0,0,0,278455,3,0
0,0,0,0,6,6,2896,76,0,0,0,0,0,257090,3,0
0,0,0,0,3,7,2897,76,0,0,0,0,0,229984,3,0
1,0,0,0,32,9,2898,76,0,0,0,0,0,263370,3,0
0,0,0,0,29,11,2899,76,0,0,0,0,0,279702,3,0
2,0,0,1,7,12,2900,76,0,0,0,0,0,270039,3,0
5,0,0,1,20,16,2901,76,0,0,0,0,0,271940,2,0
1,0,0,0,19,18,2902,76,0,0,0,0,0,255434,2,0
11,1,0,1,9,25,2903,76,0,0,0,0,0,273748,3,0
2,0,0,1,11,28,2904,76,0,0,0,0,0,256782,3,0
0,0,0,0,17,28,2905,76,0,0,0,0,0,70020,3,0
0,0,0,0,2,28,2906,76,0,0,0,0,0,261647,3,0
0,0,0,0,24,28,2907,76,0,0,0,0,0,276377,3,0
0,0,0,0,1,28,2908,76,0,0,0,0,0,190120,3,0
1,0,0,0,27,28,2909,76,0,0,0,0,0,277561,3,0
0,0,0,0,80,28,2910,76,0,0,0,0,0,70017,3,0
2,0,0,1,42,28,2911,76,0,0,0,0,0,75318,3,0
4,0,0,1,10,28,2912,76,0,0,0,0,0,258437,3,0
0,0,0,0,15,28,2913,76,0,0,0,0,0,260942,3,0
0,0,0,0,83,28,2914,76,0,0,0,0,0,79607,3,0
1,0,0,0,18,28,2915,76,0,0,0,0,0,269184,3,0
0,0,0,0,8,29,2916,76,0,0,0,0,0,269262,3,0
0,0,0,0,50,29,2917,76,0,0,0,0,0,245865,3,0
0,0,0,0,33,29,2918,76,0,0,0,0,0,75811,3,0
0,0,0,0,38,0,2919,217,0,0,0,0,0,206003,3,0
0,0,0,0,5,4,2920,217,0,0,0,0,0,264401,2,0
0,0,0,0,3,5,2921,217,0,0,0,0,0,245410,2,0
1,0,0,0,2,6,2922,217,0,0,0,0,0,242054,3,0
2,0,0,1,11,12,2923,217,0,0,0,0,0,265544,4,0
0,0,0,0,8,13,2924,217,0,0,0,0,0,276594,3,0
1,0,0,0,6,15,2925,217,0,0,0,0,0,213367,3,0
2,0,0,1,43,16,2926,217,0,0,0,0,0,72100,4,0
2,0,0,1,17,17,2927,217,0,0,0,0,0,230686,3,0
6,0,0,1,10,19,2928,217,0,0,0,0,0,266099,3,0
3,0,0,1,12,25,2929,217,0,0,0,0,0,261084,4,0
3,0,0,1,15,28,2930,217,0,0,0,0,0,253181,3,0
0,0,0,0,62,28,2931,217,0,0,0,0,0,69997,3,0
0,0,0,0,44,28,2932,217,0,0,0,0,0,253490,3,0
0,0,0,0,32,28,2933,217,0,0,0,0,0,271075,3,0
0,0,0,0,21,28,2934,217,0,0,0,0,0,224442,3,0
0,0,0,0,77,28,2935,217,0,0,0,0,0,276007,3,0
1,0,0,0,29,28,2936,217,0,0,0,0,0,76509,3,0
1,0,0,0,9,28,2937,217,0,0,0,0,0,277216,3,0
4,0,0,1,28,28,2938,217,0,0,0,0,0,257978,3,0
0,0,0,0,95,28,2939,217,0,0,0,0,0,258972,3,0
0,0,0,0,1,28,2940,217,0,0,0,0,0,197641,3,0
0,0,0,0,14,28,2941,217,0,0,0,0,0,275301,3,0
0,0,0,0,34,29,2942,217,0,0,0,0,0,81514,3,0
0,0,0,0,7,29,2943,217,0,0,0,0,0,250822,3,0
0,0,0,0,25,29,2944,217,0,0,0,0,0,277969,3,0
0,0,0,0,1,0,2945,219,0,0,0,0,0,215316,1,0
2,0,0,1,22,3,2946,219,0,0,0,0,0,241496,3,0
0,0,0,0,5,4,2947,219,0,0,0,0,0,242835,2,0
0,0,0,0,32,6,2948,219,0,0,0,0,0,236804,2,0
0,0,0,0,33,7,2949,219,0,0,0,0,0,210736,3,0
2,0,0,1,23,9,2950,219,0,0,0,0,0,213648,3,0
0,0,0,0,27,11,2951,219,0,0,0,0,0,251806,3,0
13,1,0,1,10,12,2952,219,0,0,0,1,0,246147,4,0
4,0,0,1,14,16,2953,219,0,0,0,0,0,271400,2,0
1,0,0,0,11,18,2954,219,0,0,0,0,0,271807,2,0
4,0,0,1,9,25,2955,219,0,0,0,0,0,240753,3,0
0,0,0,0,18,28,2956,219,0,0,0,0,0,269859,3,0
0,0,0,0,26,28,2957,219,0,0,0,0,0,263602,3,0
1,0,0,0,28,28,2958,219,0,0,0,0,0,226851,3,0
1,0,0,0,21,28,2959,219,0,0,0,0,0,244749,2,0
0,0,0,0,12,28,2960,219,0,0,0,0,0,239559,3,0
2,0,0,1,8,28,2961,219,0,0,0,0,0,246297,3,0
2,0,0,1,62,28,2962,219,0,0,0,0,0,237841,3,0
1,0,0,0,20,28,2963,219,0,0,0,0,0,240787,3,0
6,0,0,1,97,28,2964,219,0,0,0,0,0,188567,3,0
0,0,0,0,6,28,2965,219,0,0,0,0,0,78424,3,0
0,0,0,0,19,28,2966,219,0,0,0,0,0,201455,3,0
0,0,0,0,4,28,2967,219,0,0,0,0,0,268131,3,0
0,0,0,0,76,29,2968,219,0,0,0,0,0,82083,3,0
0,0,0,0,40,29,2969,219,0,0,0,0,0,278095,3,0
0,0,0,0,92,29,2970,219,0,0,0,0,0,245854,3,0
0,0,0,0,45,29,2971,219,0,0,0,0,0,74959,3,0
0,0,0,0,48,29,2972,219,0,0,0,0,0,72020,3,0
0,0,0,0,30,0,2973,378,0,0,0,0,0,239203,3,0
0,0,0,0,77,3,2974,378,0,0,0,0,0,204105,3,0
0,0,0,0,5,4,2975,378,0,0,0,0,0,215410,3,0
0,0,0,0,44,6,2976,378,0,0,0,0,0,261495,2,0
0,0,0,0,2,7,2977,378,0,0,0,0,0,263908,3,0
2,0,0,1,13,9,2978,378,0,0,0,0,0,252541,3,0
1,0,0,0,8,11,2979,378,0,0,0,0,0,244480,3,0
7,0,0,1,10,12,2980,378,0,0,0,0,0,231612,4,0
2,0,0,1,14,16,2981,378,0,0,0,0,0,274692,3,0
5,0,0,1,23,18,2982,378,0,0,0,0,0,267702,3,0
2,0,0,1,19,25,2983,378,0,0,0,0,0,219733,3,0
0,0,0,0,33,28,2984,378,0,0,0,0,0,77829,3,0
0,0,0,0,4,28,2985,378,0,0,0,0,0,271691,3,0
0,0,0,0,27,28,2986,378,0,0,0,0,0,260237,2,0
0,0,0,0,12,28,2987,378,0,0,0,0,0,279573,3,0
0,0,0,0,1,28,2988,378,0,0,0,0,0,235413,3,0
0,0,0,0,24,28,2989,378,0,0,0,0,0,227234,3,0
2,0,0,1,7,28,2990,378,0,0,0,0,0,248573,3,0
2,0,0,1,17,28,2991,378,0,0,0,0,0,237960,3,0
1,0,0,0,99,28,2992,378,0,0,0,0,0,271689,3,0
0,0,0,0,71,28,2993,378,0,0,0,0,0,76035,3,0
0,0,0,0,50,28,2994,378,0,0,0,0,0,74425,3,0
0,0,0,0,29,28,2995,378,0,0,0,0,0,74884,3,0
0,0,0,0,12,0,2996,1530,0,0,0,0,0,239342,3,0
0,0,0,0,2,3,2997,1530,0,0,0,0,0,228591,4,0
1,0,0,1,4,4,2998,1530,0,0,0,0,0,258439,3,0
0,0,0,0,21,6,2999,1530,0,0,0,0,0,234515,3,0
0,0,0,0,3,7,3000,1530,0,0,0,0,0,271061,3,0
0,0,0,0,93,9,3001,1530,0,0,0,0,0,224444,3,0
0,0,0,0,8,11,3002,1530,0,0,0,0,0,229158,4,0
2,0,0,1,14,12,3003,1530,0,0,0,0,0,269729,3,0
1,0,0,1,7,16,3004,1530,0,0,0,0,0,273666,3,0
2,0,0,1,6,18,3005,1530,0,0,0,0,0,269725,4,0
0,0,0,0,9,25,3006,1530,0,0,0,0,0,240209,3,0
0,0,0,0,26,28,3007,1530,0,0,0,0,0,194846,3,0
1,0,0,1,27,28,3008,1530,0,0,0,0,0,273835,3,0
0,0,0,0,24,28,3009,1530,0,0,0,0,0,275878,3,0
0,0,0,0,25,28,3010,1530,0,0,0,0,0,199313,3,0
0,0,0,0,16,28,3011,1530,0,0,0,0,0,257395,3,0
2,0,0,1,31,28,3012,1530,0,0,0,0,0,81849,3,0
0,0,0,0,5,28,3013,1530,0,0,0,0,0,277484,3,0
3,0,0,1,35,28,3014,1530,0,0,0,0,0,78295,2,0
0,0,0,0,36,28,3015,1530,0,0,0,0,0,78377,3,0
0,0,0,0,15,28,3016,1530,0,0,0,0,0,209781,3,0
0,0,0,0,20,28,3017,1530,0,0,0,0,0,75423,3,0
0,0,0,0,40,28,3018,1530,0,0,0,0,0,70541,3,0
0,0,0,0,23,29,3019,1530,0,0,0,0,0,79493,3,0
0,0,0,0,77,0,3020,1738,0,0,0,0,0,223150,3,0
0,0,0,0,7,3,3021,1738,0,0,0,0,0,188537,2,0
1,0,0,1,93,4,3022,1738,0,0,0,0,0,262237,2,0
1,0,0,1,4,6,3023,1738,0,0,0,0,0,222286,3,0
0,0,0,0,18,7,3024,1738,0,0,0,0,0,72374,2,0
0,0,0,0,15,10,3025,1738,0,0,0,0,0,247264,2,0
2,0,0,1,94,13,3026,1738,0,0,0,0,0,210450,3,0
1,0,0,1,8,15,3027,1738,0,0,0,0,0,263468,3,0
3,0,0,1,14,18,3028,1738,0,0,0,0,0,251926,3,0
1,0,0,1,33,24,3029,1738,0,0,0,0,0,82739,3,0
3,0,0,1,45,26,3030,1738,0,0,0,0,0,253121,2,0
0,0,0,0,30,28,3031,1738,0,0,0,0,0,260558,3,0
0,0,0,0,6,28,3032,1738,0,0,0,0,0,264449,3,0
0,0,0,0,32,28,3033,1738,0,0,0,0,0,257270,3,0
2,0,0,1,13,28,3034,1738,0,0,0,0,0,257406,3,0
0,0,0,0,99,28,3035,1738,0,0,0,0,0,220820,3,0
0,0,0,0,17,28,3036,1738,0,0,0,0,0,211381,2,0
0,0,0,0,19,28,3037,1738,0,0,0,0,0,257271,2,0
1,0,0,1,10,28,3038,1738,0,0,0,0,0,247519,3,0
0,0,0,0,25,28,3039,1738,0,0,0,0,0,218066,3,0
0,0,0,0,50,28,3040,1738,0,0,0,0,0,71265,3,0
0,0,0,0,11,28,3041,1738,0,0,0,0,0,253074,3,0
0,0,0,0,26,28,3042,1738,0,0,0,0,0,271252,3,0
0,0,0,0,78,29,3043,1738,0,0,0,0,0,73624,3,0
0,0,0,0,27,29,3044,1738,0,0,0,0,0,81595,3,0
0,0,0,0,24,29,3045,1738,0,0,0,0,0,73625,3,0
0,0,0,0,29,29,3046,1738,0,0,0,0,0,77826,2,0
1,0,0,1,20,29,3047,1738,0,0,0,0,0,82671,3,0
0,0,0,0,1,0,3048,1809,0,0,0,0,0,265526,4,0
0,0,0,0,3,4,3049,1809,0,0,0,0,0,242195,3,0
3,0,0,1,4,5,3050,1809,0,0,0,0,0,254121,3,0
0,0,0,0,2,6,3051,1809,0,0,0,0,0,235244,3,0
3,0,0,1,15,23,3052,1809,0,0,0,0,0,237936,3,0
2,0,0,0,19,12,3053,1809,0,0,0,0,0,201042,3,0
1,0,0,0,23,13,3054,1809,0,0,0,0,0,242534,3,0
1,0,0,0,18,15,3055,1809,0,0,0,0,0,271721,3,0
0,0,0,0,24,16,3056,1809,0,0,0,0,0,74491,3,0
6,0,0,1,10,27,3057,1809,0,0,0,0,0,252937,3,0
3,0,0,1,20,25,3058,1809,0,0,0,0,0,76803,2,0
1,0,0,0,45,28,3059,1809,0,0,0,0,0,80696,3,0
0,0,0,0,12,28,3060,1809,0,0,0,0,0,257970,3,0
0,0,0,0,22,28,3061,1809,0,0,0,0,0,72099,3,0
0,0,0,0,35,28,3062,1809,0,0,0,0,0,80695,3,0
0,0,0,0,16,28,3063,1809,0,0,0,0,0,224322,3,0
4,0,0,1,11,28,3064,1809,0,0,0,0,0,269719,3,0
0,0,0,0,77,28,3065,1809,0,0,0,0,0,79390,3,0
0,0,0,0,14,28,3066,1809,0,0,0,0,0,269923,3,0
5,0,0,1,9,28,3067,1809,0,0,0,0,0,266299,3,0
1,0,0,0,7,28,3068,1809,0,0,0,0,0,80771,3,0
0,0,0,0,30,28,3069,1809,0,0,0,0,0,243201,3,0
0,0,0,0,34,28,3070,1809,0,0,0,0,0,277820,3,0
0,0,0,0,27,29,3071,1809,0,0,0,0,0,70015,3,0
0,0,0,0,37,29,3072,1809,0,0,0,0,0,78379,3,0
0,0,0,0,25,29,3073,1809,0,0,0,0,0,80775,3,0
0,0,0,0,28,29,3074,1809,0,0,0,0,0,80772,3,0
0,0,0,0,21,29,3075,1809,0,0,0,0,0,80691,3,0
0,0,0,0,40,29,3076,1809,0,0,0,0,0,80773,3,0
0,0,0,0,44,29,3077,1809,0,0,0,0,0,80774,3,0
0,0,0,0,17,29,3078,1809,0,0,0,0,0,251845,3,0
0,0,0,0,35,0,3079,111817,0,0,0,0,0,188943,3,0
0,0,0,0,14,3,3080,111817,0,0,0,0,0,219789,3,0
0,0,0,0,5,4,3081,111817,0,0,0,0,0,247248,3,0
0,0,0,0,42,5,3082,111817,0,0,0,0,0,269181,3,0
0,0,0,0,6,6,3083,111817,0,0,0,0,0,275070,3,0
0,0,0,0,28,7,3084,111817,0,0,0,0,0,237331,3,0
8,1,0,1,10,12,3085,111817,0,0,0,0,0,257118,4,0
0,0,0,0,21,13,3086,111817,0,0,0,0,0,224030,2,0
0,0,0,0,18,15,3087,111817,0,0,0,0,0,235432,3,0
3,0,0,1,27,16,3088,111817,0,0,0,0,0,216820,1,0
0,0,0,0,36,25,3089,111817,0,0,0,0,0,192387,3,0
1,0,0,0,17,28,3090,111817,0,0,0,0,0,276398,3,0
1,0,0,0,31,28,3091,111817,0,0,0,0,0,248477,3,0
0,0,0,0,19,28,3092,111817,0,0,0,0,0,70012,2,0
0,0,0,0,2,28,3093,111817,0,0,0,0,0,272599,3,0
0,0,0,0,16,28,3094,111817,0,0,0,0,0,255266,3,0
1,0,0,0,93,28,3095,111817,0,0,0,0,0,234612,4,0
1,0,0,0,24,28,3096,111817,0,0,0,0,0,266041,3,0
1,0,0,0,7,28,3097,111817,0,0,0,0,0,234158,3,0
2,0,0,1,11,28,3098,111817,0,0,0,0,0,256731,2,0
3,0,0,1,9,28,3099,111817,0,0,0,0,0,241266,3,0
0,0,0,0,15,28,3100,111817,0,0,0,0,0,190034,3,0
2,0,0,1,4,28,3101,111817,0,0,0,0,0,228774,3,0
0,0,0,0,13,29,3102,111817,0,0,0,0,0,231236,3,0
0,0,0,0,20,29,3103,111817,0,0,0,0,0,211240,3,0
0,0,0,0,29,29,3104,111817,0,0,0,0,0,236621,3,0
1,0,0,0,12,29,3105,111817,0,0,0,0,0,205559,3,0
0,0,0,0,37,29,3106,111817,0,0,0,0,0,71614,3,0
0,0,0,0,1,29,3107,111817,0,0,0,0,0,168965,3,0
0,0,0,0,26,29,3108,111817,0,0,0,0,0,256689,3,0
0,0,0,0,22,29,3109,111817,0,0,0,0,0,233767,3,0
0,0,0,0,23,29,3110,111817,0,0,0,0,0,78070,3,0
1,0,0,0,33,29,3111,111817,0,0,0,0,0,230020,3,0
0,0,0,0,30,0,3112,58,0,0,0,0,0,178363,3,0
0,0,0,0,15,3,3113,58,0,0,0,0,0,272808,3,0
1,0,0,1,6,4,3114,58,0,0,0,0,0,244460,3,0
1,0,0,1,4,5,3115,58,0,0,0,0,0,262342,3,0
0,0,0,0,3,6,3116,58,0,0,0,0,0,74050,4,0
0,0,0,0,5,7,3117,58,0,0,0,0,0,74049,4,0
1,0,0,1,13,10,3118,58,0,0,0,0,0,247369,4,0
0,0,0,0,7,13,3119,58,0,0,0,0,0,206243,4,0
0,0,0,0,66,15,3120,58,0,0,0,0,0,271010,3,0
2,0,0,1,9,24,3121,58,0,0,0,0,0,248123,2,0
4,0,0,1,14,26,3122,58,0,0,0,0,0,279016,2,0
2,0,0,1,10,28,3123,58,0,0,0,0,0,276022,4,0
0,0,0,0,24,28,3124,58,0,0,0,0,0,70723,3,0
0,0,0,0,34,28,3125,58,0,0,0,0,0,81564,3,0
0,0,0,0,12,28,3126,58,0,0,0,0,0,80624,3,0
0,0,0,0,1,28,3127,58,0,0,0,0,0,276322,3,0
0,0,0,0,8,28,3128,58,0,0,0,0,0,79641,3,0
0,0,0,0,25,28,3129,58,0,0,0,0,0,269726,3,0
0,0,0,0,18,28,3130,58,0,0,0,0,0,79929,3,0
0,0,0,0,11,28,3131,58,0,0,0,0,0,75866,3,0
0,0,0,0,33,28,3132,58,0,0,0,0,0,81551,3,0
0,0,0,0,17,28,3133,58,0,0,0,0,0,216524,3,0
0,0,0,0,2,28,3134,58,0,0,0,0,0,78404,3,0
0,0,0,0,16,29,3135,58,0,0,0,0,0,72101,3,0
0,0,0,0,35,29,3136,58,0,0,0,0,0,83464,2,0
0,0,0,0,36,29,3137,58,0,0,0,0,0,82923,3,0
0,0,0,0,23,29,3138,58,0,0,0,0,0,211358,3,0
0,0,0,0,21,29,3139,58,0,0,0,0,0,80623,3,0
0,0,0,0,19,29,3140,58,0,0,0,0,0,79642,3,0
0,0,0,0,28,29,3141,58,0,0,0,0,0,73068,4,0
0,0,0,0,16,0,3142,62,0,0,0,0,0,204966,2,0
0,0,0,0,22,3,3143,62,0,0,0,0,0,241445,1,0
3,0,0,1,7,4,3144,62,0,0,0,0,0,271050,3,0
1,0,0,0,18,6,3145,62,0,0,0,0,0,71487,1,0
0,0,0,0,29,7,3146,62,0,0,0,0,0,237347,1,0
1,0,0,0,11,12,3147,62,0,0,0,0,0,251596,2,0
0,0,0,0,4,13,3148,62,0,0,0,0,0,225174,3,0
1,0,0,0,8,15,3149,62,0,0,0,0,0,246298,3,0
0,0,0,0,24,16,3150,62,0,0,0,0,0,256314,3,0
1,0,0,0,21,24,3151,62,0,0,0,0,0,234799,3,0
11,1,0,1,9,26,3152,62,0,0,0,1,0,266586,4,0
1,0,0,0,39,28,3153,62,0,0,0,0,0,74139,3,0
0,0,0,0,2,28,3154,62,0,0,0,0,0,225685,3,0
1,0,0,0,36,28,3155,62,0,0,0,0,0,263461,3,0
0,0,0,0,3,28,3156,62,0,0,0,0,0,78758,3,0
0,0,0,0,1,28,3157,62,0,0,0,0,0,255014,3,0
2,0,0,1,20,28,3158,62,0,0,0,0,0,75252,2,0
2,0,0,1,19,28,3159,62,0,0,0,0,0,83132,3,0
1,0,0,0,17,28,3160,62,0,0,0,0,0,276029,3,0
2,0,0,1,27,28,3161,62,0,0,0,0,0,80884,3,0
0,0,0,0,34,28,3162,62,0,0,0,0,0,79530,3,0
0,0,0,0,33,28,3163,62,0,0,0,0,0,78163,3,0
0,0,0,0,38,28,3164,62,0,0,0,0,0,74597,3,0
0,0,0,0,40,29,3165,62,0,0,0,0,0,276760,3,0
2,0,0,1,6,29,3166,62,0,0,0,0,0,257498,3,0
3,0,0,1,10,29,3167,62,0,0,0,0,0,72354,3,0
0,0,0,0,31,0,3168,70,0,0,0,0,0,255151,2,0
0,0,0,0,29,3,3169,70,0,0,0,0,0,270518,5,0
0,0,0,0,15,4,3170,70,0,0,0,0,0,228290,4,0
2,0,0,1,27,6,3171,70,0,0,0,0,0,244603,2,0
0,0,0,0,21,7,3172,70,0,0,0,0,0,278262,2,0
0,0,0,0,44,9,3173,70,0,0,0,0,0,74477,3,0
1,0,0,1,77,11,3174,70,0,0,0,0,0,277630,4,0
1,0,0,1,18,12,3175,70,0,0,0,0,0,76888,3,0
2,0,0,1,7,16,3176,70,0,0,0,0,0,253036,2,0
5,0,0,1,11,18,3177,70,0,0,0,0,0,205686,3,0
8,1,0,1,19,25,3178,70,0,0,0,0,0,223510,4,0
1,0,0,1,6,28,3179,70,0,0,0,0,0,208615,3,0
0,0,0,0,17,28,3180,70,0,0,0,0,0,241157,3,0
0,0,0,0,23,28,3181,70,0,0,0,0,0,72254,3,0
0,0,0,0,3,28,3182,70,0,0,0,0,0,75057,4,0
0,0,0,0,1,28,3183,70,0,0,0,0,0,209423,3,0
1,0,0,1,10,28,3184,70,0,0,0,0,0,271306,3,0
0,0,0,0,28,28,3185,70,0,0,0,0,0,276787,3,0
1,0,0,1,8,28,3186,70,0,0,0,0,0,278571,4,0
0,0,0,0,14,28,3187,70,0,0,0,0,0,74883,3,0
0,0,0,0,25,28,3188,70,0,0,0,0,0,77707,3,0
0,0,0,0,36,28,3189,70,0,0,0,0,0,81562,3,0
0,0,0,0,20,28,3190,70,0,0,0,0,0,83541,3,0
0,0,0,0,50,29,3191,70,0,0,0,0,0,80295,3,0
0,0,0,0,35,29,3192,70,0,0,0,0,0,80850,3,0
0,0,0,0,26,29,3193,70,0,0,0,0,0,81426,3,0
0,0,0,0,22,29,3194,70,0,0,0,0,0,272464,3,0
0,0,0,0,40,0,3195,294,0,0,0,0,0,224068,3,0
0,0,0,0,2,3,3196,294,0,0,0,0,0,277354,2,0
0,0,0,0,6,4,3197,294,0,0,0,0,0,215708,4,0
0,0,0,0,23,6,3198,294,0,0,0,0,0,257019,4,0
1,0,0,0,14,7,3199,294,0,0,0,0,0,256788,3,0
3,0,0,1,8,10,3200,294,0,0,0,0,0,277356,3,0
3,0,0,1,10,12,3201,294,0,0,0,0,0,72138,4,0
2,0,0,0,17,13,3202,294,0,0,0,0,0,73085,3,0
4,0,0,1,5,15,3203,294,0,0,0,0,0,266272,3,0
1,0,0,0,11,16,3204,294,0,0,0,0,0,76616,5,0
9,1,0,1,21,25,3205,294,0,0,0,0,0,74618,2,0
0,0,0,0,26,28,3206,294,0,0,0,0,0,248584,3,0
0,0,0,0,18,28,3207,294,0,0,0,0,0,263250,3,0
0,0,0,0,44,28,3208,294,0,0,0,0,0,278282,4,0
0,0,0,0,3,28,3209,294,0,0,0,0,0,80538,2,0
0,0,0,0,1,28,3210,294,0,0,0,0,0,201138,3,0
0,0,0,0,12,28,3211,294,0,0,0,0,0,81340,2,0
0,0,0,0,35,28,3212,294,0,0,0,0,0,80542,3,0
3,0,0,1,20,28,3213,294,0,0,0,0,0,209430,3,0
3,0,0,1,9,28,3214,294,0,0,0,0,0,246329,3,0
0,0,0,0,22,28,3215,294,0,0,0,0,0,264079,3,0
0,0,0,0,36,28,3216,294,0,0,0,0,0,80846,3,0
0,0,0,0,7,28,3217,294,0,0,0,0,0,193683,3,0
0,0,0,0,33,29,3218,294,0,0,0,0,0,83604,3,0
0,0,0,0,37,29,3219,294,0,0,0,0,0,82157,3,0
0,0,0,0,34,29,3220,294,0,0,0,0,0,74589,3,0
0,0,0,0,32,29,3221,294,0,0,0,0,0,80541,3,0
0,0,0,0,31,29,3222,294,0,0,0,0,0,72310,3,0
0,0,0,0,29,29,3223,294,0,0,0,0,0,74507,3,0
0,0,0,0,38,29,3224,294,0,0,0,0,0,74510,3,0
0,0,0,0,25,29,3225,294,0,0,0,0,0,248408,3,0
0,0,0,0,16,29,3226,294,0,0,0,0,0,228255,3,0
0,0,0,0,29,0,3227,379,0,0,0,0,0,72022,4,0
0,0,0,0,4,3,3228,379,0,0,0,0,0,245084,4,0
1,0,0,0,92,4,3229,379,0,0,0,0,0,72250,5,0
1,0,0,0,5,6,3230,379,0,0,0,0,0,199393,3,0
0,0,0,0,18,7,3231,379,0,0,0,0,0,226103,3,0
1,0,0,0,86,9,3232,379,0,0,0,0,0,76760,4,0
0,0,0,0,6,11,3233,379,0,0,0,0,0,259316,5,0
2,0,0,1,58,12,3234,379,0,0,0,0,0,80238,3,0
8,1,0,1,17,16,3235,379,0,0,0,0,0,242914,3,0
4,0,0,1,87,18,3236,379,0,0,0,0,0,77712,3,0
2,0,0,1,11,25,3237,379,0,0,0,0,0,267465,3,0
0,0,0,0,24,28,3238,379,0,0,0,0,0,277659,4,0
0,0,0,0,3,28,3239,379,0,0,0,0,0,76449,3,0
0,0,0,0,28,28,3240,379,0,0,0,0,0,80902,3,0
0,0,0,0,22,28,3241,379,0,0,0,0,0,272930,1,0
0,0,0,0,20,28,3242,379,0,0,0,0,0,231105,3,0
2,0,0,1,27,28,3243,379,0,0,0,0,0,277578,2,0
0,0,0,0,30,28,3244,379,0,0,0,0,0,260195,3,0
5,0,0,1,85,28,3245,379,0,0,0,0,0,76246,3,0
0,0,0,0,90,28,3246,379,0,0,0,0,0,258196,4,0
2,0,0,1,9,28,3247,379,0,0,0,0,0,246459,4,0
0,0,0,0,8,28,3248,379,0,0,0,0,0,70011,3,0
0,0,0,0,94,28,3249,379,0,0,0,0,0,79531,3,0
0,0,0,0,73,29,3250,379,0,0,0,0,0,277855,3,0
0,0,0,0,2,29,3251,379,0,0,0,0,0,253073,3,0
0,0,0,0,98,0,3252,1739,0,0,0,0,0,232417,4,0
0,0,0,0,18,3,3253,1739,0,0,0,0,0,241818,4,0
1,0,0,0,21,4,3254,1739,0,0,0,0,0,78761,4,0
2,0,0,1,17,5,3255,1739,0,0,0,0,0,229646,4,0
1,0,0,0,5,6,3256,1739,0,0,0,0,0,78757,5,0
2,0,0,1,22,7,3257,1739,0,0,0,0,0,265651,3,0
1,0,0,0,6,10,3258,1739,0,0,0,0,0,78764,2,0
0,0,0,0,8,13,3259,1739,0,0,0,0,0,248357,3,0
0,0,0,0,24,15,3260,1739,0,0,0,0,0,257397,3,0
3,0,0,1,9,24,3261,1739,0,0,0,0,0,232118,3,0
5,0,0,1,25,26,3262,1739,0,0,0,0,0,78878,3,0
3,0,0,1,28,28,3263,1739,0,0,0,0,0,78771,3,0
0,0,0,0,23,28,3264,1739,0,0,0,0,0,238510,2,0
0,0,0,0,3,28,3265,1739,0,0,0,0,0,76759,4,0
1,0,0,0,12,28,3266,1739,0,0,0,0,0,224882,3,0
0,0,0,0,1,28,3267,1739,0,0,0,0,0,254662,3,0
0,0,0,0,7,28,3268,1739,0,0,0,0,0,79175,3,0
1,0,0,0,27,28,3269,1739,0,0,0,0,0,78766,3,0
4,0,0,1,20,28,3270,1739,0,0,0,0,0,80229,3,0
0,0,0,0,19,28,3271,1739,0,0,0,0,0,213839,2,0
0,0,0,0,30,28,3272,1739,0,0,0,0,0,78756,3,0
0,0,0,0,26,28,3273,1739,0,0,0,0,0,276824,1,0
0,0,0,0,32,28,3274,1739,0,0,0,0,0,78760,3,0
0,0,0,0,31,29,3275,1739,0,0,0,0,0,82138,3,0
0,0,0,0,34,29,3276,1739,0,0,0,0,0,83483,3,0
0,0,0,0,29,29,3277,1739,0,0,0,0,0,79497,3,0
1,0,0,0,10,29,3278,1739,0,0,0,0,0,79109,3,0
0,0,0,0,13,0,3279,1805,0,0,0,0,0,276761,3,0
0,0,0,0,17,3,3280,1805,0,0,0,0,0,248821,3,0
1,0,0,1,29,4,3281,1805,0,0,0,0,0,220030,4,0
0,0,0,0,24,5,3282,1805,0,0,0,0,0,260159,3,0
1,0,0,1,4,6,3283,1805,0,0,0,0,0,251385,3,0
2,0,0,1,27,7,3284,1805,0,0,0,0,0,258446,1,0
0,0,0,0,30,10,3285,1805,0,0,0,0,0,270849,3,0
4,0,0,1,8,13,3286,1805,0,0,0,0,0,224590,5,0
1,0,0,1,11,15,3287,1805,0,0,0,0,0,261815,3,0
0,0,0,0,19,24,3288,1805,0,0,0,0,0,74497,3,0
6,0,0,1,7,26,3289,1805,0,0,0,0,0,265689,5,0
1,0,0,1,6,28,3290,1805,0,0,0,0,0,257584,3,0
0,0,0,0,15,28,3291,1805,0,0,0,0,0,265545,3,0
0,0,0,0,5,28,3292,1805,0,0,0,0,0,244476,4,0
0,0,0,0,26,28,3293,1805,0,0,0,0,0,79623,4,0
0,0,0,0,16,28,3294,1805,0,0,0,0,0,228912,3,0
0,0,0,0,2,28,3295,1805,0,0,0,0,0,244042,3,0
0,0,0,0,14,28,3296,1805,0,0,0,0,0,248775,3,0
0,0,0,0,37,28,3297,1805,0,0,0,0,0,70006,3,0
2,0,0,1,20,28,3298,1805,0,0,0,0,0,275714,3,0
0,0,0,0,9,28,3299,1805,0,0,0,0,0,83194,3,0
0,0,0,0,22,28,3300,1805,0,0,0,0,0,277938,3,0
0,0,0,0,38,28,3301,1805,0,0,0,0,0,80544,3,0
0,0,0,0,1,29,3302,1805,0,0,0,0,0,242391,3,0
0,0,0,0,21,29,3303,1805,0,0,0,0,0,248711,3,0
0,0,0,0,30,0,3304,1814,0,0,0,0,0,190195,3,0
0,0,0,0,7,3,3305,1814,0,0,0,0,0,254996,3,0
0,0,0,0,4,4,3306,1814,0,0,0,0,0,243599,4,0
0,0,0,0,3,6,3307,1814,0,0,0,0,0,239502,3,0
2,0,0,1,35,7,3308,1814,0,0,0,0,0,81789,3,0
0,0,0,0,14,9,3309,1814,0,0,0,0,0,240057,3,0
1,0,0,1,6,11,3310,1814,0,0,0,0,0,252599,3,0
0,0,0,0,10,12,3311,1814,0,0,0,0,0,261141,3,0
1,0,0,1,9,16,3312,1814,0,0,0,0,0,262738,3,0
1,0,0,1,28,18,3313,1814,0,0,0,0,0,269293,3,0
3,0,0,1,18,25,3314,1814,0,0,0,0,0,240133,2,0
1,0,0,1,8,28,3315,1814,0,0,0,0,0,251439,3,0
0,0,0,0,25,28,3316,1814,0,0,0,0,0,77539,3,0
0,0,0,0,23,28,3317,1814,0,0,0,0,0,199051,4,0
0,0,0,0,21,28,3318,1814,0,0,0,0,0,278205,3,0
0,0,0,0,1,28,3319,1814,0,0,0,0,0,199705,3,0
0,0,0,0,15,28,3320,1814,0,0,0,0,0,247209,3,0
4,0,0,1,20,28,3321,1814,0,0,0,0,0,80239,3,0
0,0,0,0,34,28,3322,1814,0,0,0,0,0,255216,3,0
0,0,0,0,11,28,3323,1814,0,0,0,0,0,276324,3,0
0,0,0,0,26,28,3324,1814,0,0,0,0,0,277942,3,0
0,0,0,0,22,28,3325,1814,0,0,0,0,0,74502,3,0
0,0,0,0,12,28,3326,1814,0,0,0,0,0,79515,3,0
0,0,0,0,5,29,3327,1814,0,0,0,0,0,73080,3,0
0,0,0,0,16,29,3328,1814,0,0,0,0,0,80240,3,0
0,0,0,0,30,0,3329,1815,0,0,0,0,0,229168,4,0
0,0,0,0,93,3,3330,1815,0,0,0,0,0,78158,3,0
0,0,0,0,5,4,3331,1815,0,0,0,0,0,228983,3,0
0,0,0,0,21,6,3332,1815,0,0,0,0,0,235553,3,0
0,0,0,0,97,7,3333,1815,0,0,0,0,0,228759,3,0
1,0,0,1,2,9,3334,1815,0,0,0,0,0,279474,4,0
0,0,0,0,25,11,3335,1815,0,0,0,0,0,208861,3,0
1,0,0,1,7,12,3336,1815,0,0,0,0,0,264512,3,0
3,0,0,1,29,16,3337,1815,0,0,0,0,0,72170,3,0
7,0,0,1,32,18,3338,1815,0,0,0,0,0,246790,3,0
1,0,0,1,94,25,3339,1815,0,0,0,0,0,79496,3,0
0,0,0,0,44,28,3340,1815,0,0,0,0,0,73067,2,0
0,0,0,0,22,28,3341,1815,0,0,0,0,0,259119,3,0
0,0,0,0,12,28,3342,1815,0,0,0,0,0,230019,3,0
0,0,0,0,28,28,3343,1815,0,0,0,0,0,71777,4,0
0,0,0,0,1,28,3344,1815,0,0,0,0,0,263920,3,0
1,0,0,1,10,28,3345,1815,0,0,0,0,0,183256,3,0
0,0,0,0,17,28,3346,1815,0,0,0,0,0,74645,3,0
1,0,0,1,23,28,3347,1815,0,0,0,0,0,215245,3,0
3,0,0,1,18,28,3348,1815,0,0,0,0,0,223283,3,0
0,0,0,0,8,28,3349,1815,0,0,0,0,0,270340,3,0
0,0,0,0,19,28,3350,1815,0,0,0,0,0,78347,2,0
1,0,0,1,13,28,3351,1815,0,0,0,0,0,80268,3,0
0,0,0,0,11,29,3352,1815,0,0,0,0,0,266486,3,0
0,0,0,0,9,29,3353,1815,0,0,0,0,0,74644,3,0
1,0,0,1,77,29,3354,1815,0,0,0,0,0,80270,1,0
0,0,0,0,45,29,3355,1815,0,0,0,0,0,74732,3,0
0,0,0,0,39,29,3356,1815,0,0,0,0,0,274845,3,0
0,0,0,0,38,29,3357,1815,0,0,0,0,0,75926,3,0
0,0,0,0,34,29,3358,1815,0,0,0,0,0,74733,3,0
0,0,0,0,40,0,3359,1816,0,0,0,0,0,223898,3,0
0,0,0,0,39,3,3360,1816,0,0,0,0,0,72308,3,0
1,0,0,0,34,4,3361,1816,0,0,0,0,0,70025,3,0
2,0,0,1,20,6,3362,1816,0,0,0,0,0,244542,5,0
0,0,0,0,44,7,3363,1816,0,0,0,0,0,70018,2,0
2,0,0,1,27,12,3364,1816,0,0,0,0,0,70022,3,0
0,0,0,0,45,13,3365,1816,0,0,0,0,0,274440,3,0
0,0,0,0,6,15,3366,1816,0,0,0,0,0,203128,4,0
4,0,0,1,26,16,3367,1816,0,0,0,0,0,278825,2,0
1,0,0,0,8,24,3368,1816,0,0,0,0,0,256902,3,0
3,0,0,1,11,26,3369,1816,0,0,0,0,0,79610,3,0
0,0,0,0,15,28,3370,1816,0,0,0,0,0,271014,4,0
0,0,0,0,21,28,3371,1816,0,0,0,0,0,202562,2,0
0,0,0,0,25,28,3372,1816,0,0,0,0,0,242841,3,0
0,0,0,0,28,28,3373,1816,0,0,0,0,0,251915,4,0
0,0,0,0,16,28,3374,1816,0,0,0,0,0,204034,3,0
0,0,0,0,80,28,3375,1816,0,0,0,0,0,271247,3,0
2,0,0,1,7,28,3376,1816,0,0,0,0,0,264501,3,0
1,0,0,0,14,28,3377,1816,0,0,0,0,0,237198,1,0
1,0,0,0,19,28,3378,1816,0,0,0,0,0,77362,3,0
1,0,0,0,9,28,3379,1816,0,0,0,0,0,238464,3,0
0,0,0,0,42,28,3380,1816,0,0,0,0,0,78233,3,0
0,0,0,0,18,28,3381,1816,0,0,0,0,0,73290,3,0
0,0,0,0,30,29,3382,1816,0,0,0,0,0,80782,3,0
0,0,0,0,90,29,3383,1816,0,0,0,0,0,273522,3,0
0,0,0,0,29,29,3384,1816,0,0,0,0,0,278119,3,0
0,0,0,0,75,29,3385,1816,0,0,0,0,0,82697,3,0
1,0,0,0,10,29,3386,1816,0,0,0,0,0,263107,5,0
0,0,0,0,88,29,3387,1816,0,0,0,0,0,266205,3,0
0,0,0,0,23,29,3388,1816,0,0,0,0,0,82137,2,0
0,0,0,0,46,29,3389,1816,0,0,0,0,0,83262,3,0
0,0,0,0,59,29,3390,1816,0,0,0,0,0,78579,3,0
0,0,0,0,74,29,3391,1816,0,0,0,0,0,82701,3,0
0,0,0,0,77,29,3392,1816,0,0,0,0,0,78578,3,0
0,0,0,0,58,29,3393,1816,0,0,0,0,0,73572,3,0
0,0,0,0,30,0,3394,1819,0,0,0,0,0,230727,3,0
1,0,0,0,13,3,3395,1819,0,0,0,0,0,252577,1,0
0,0,0,0,15,4,3396,1819,0,0,0,0,0,279768,3,0
2,0,0,0,3,6,3397,1819,0,0,0,0,0,238749,4,0
0,0,0,0,19,7,3398,1819,0,0,0,0,0,80486,3,0
5,0,0,1,7,23,3399,1819,0,0,0,0,0,235888,3,0
0,0,0,0,29,13,3400,1819,0,0,0,0,0,257320,1,0
1,0,0,0,5,14,3401,1819,0,0,0,0,0,70885,3,0
4,0,0,1,10,15,3402,1819,0,0,0,0,0,209618,4,0
8,1,0,1,22,27,3403,1819,0,0,0,0,0,271688,2,0
4,0,0,1,9,25,3404,1819,0,0,0,0,0,262657,3,0
1,0,0,0,28,28,3405,1819,0,0,0,0,0,74326,2,0
0,0,0,0,31,28,3406,1819,0,0,0,0,0,80537,2,0
0,0,0,0,26,28,3407,1819,0,0,0,0,0,262344,3,0
0,0,0,0,8,28,3408,1819,0,0,0,0,0,199191,3,0
0,0,0,0,1,28,3409,1819,0,0,0,0,0,196316,3,0
4,0,0,1,20,28,3410,1819,0,0,0,0,0,264441,4,0
1,0,0,0,11,28,3411,1819,0,0,0,0,0,262289,3,0
4,0,0,1,17,28,3412,1819,0,0,0,0,0,279224,2,0
0,0,0,0,25,28,3413,1819,0,0,0,0,0,76244,3,0
0,0,0,0,18,28,3414,1819,0,0,0,0,0,71611,3,0
0,0,0,0,14,28,3415,1819,0,0,0,0,0,276827,3,0
0,0,0,0,39,28,3416,1819,0,0,0,0,0,74472,4,0
0,0,0,0,36,29,3417,1819,0,0,0,0,0,82696,3,0
0,0,0,0,35,29,3418,1819,0,0,0,0,0,80534,3,0
0,0,0,0,2,29,3419,1819,0,0,0,0,0,80620,3,0
0,0,0,0,34,29,3420,1819,0,0,0,0,0,79611,3,0
0,0,0,0,33,29,3421,1819,0,0,0,0,0,82204,3,0
0,0,0,0,6,29,3422,1819,0,0,0,0,0,243595,3,0
0,0,0,0,1,0,3423,1823,0,0,0,0,0,212735,4,0
0,0,0,0,4,4,3424,1823,0,0,0,0,0,278034,3,0
3,0,0,1,14,5,3425,1823,0,0,0,0,0,209320,3,0
1,0,0,0,21,6,3426,1823,0,0,0,0,0,80901,4,0
0,0,0,0,17,10,3427,1823,0,0,0,0,0,238996,4,0
2,0,0,1,23,12,3428,1823,0,0,0,0,0,71778,3,0
1,0,0,0,8,13,3429,1823,0,0,0,0,0,78658,3,0
0,0,0,0,6,15,3430,1823,0,0,0,0,0,234537,3,0
3,0,0,1,7,16,3431,1823,0,0,0,0,0,78660,3,0
3,0,0,1,20,24,3432,1823,0,0,0,0,0,78661,3,0
2,0,0,1,29,26,3433,1823,0,0,0,0,0,72306,3,0
0,0,0,0,27,28,3434,1823,0,0,0,0,0,230043,3,0
0,0,0,0,77,28,3435,1823,0,0,0,0,0,74077,3,0
0,0,0,0,19,28,3436,1823,0,0,0,0,0,78651,3,0
0,0,0,0,12,28,3437,1823,0,0,0,0,0,276017,3,0
0,0,0,0,30,28,3438,1823,0,0,0,0,0,188881,3,0
1,0,0,0,25,28,3439,1823,0,0,0,0,0,231263,3,0
0,0,0,0,44,28,3440,1823,0,0,0,0,0,78649,2,0
1,0,0,0,10,28,3441,1823,0,0,0,0,0,228457,2,0
0,0,0,0,24,28,3442,1823,0,0,0,0,0,74480,3,0
1,0,0,0,22,28,3443,1823,0,0,0,0,0,78662,2,0
0,0,0,0,5,28,3444,1823,0,0,0,0,0,226205,3,0
0,0,0,0,9,28,3445,1823,0,0,0,0,0,75251,3,0
0,0,0,0,45,29,3446,1823,0,0,0,0,0,79249,3,0
0,0,0,0,13,29,3447,1823,0,0,0,0,0,78654,3,0
0,0,0,0,18,29,3448,1823,0,0,0,0,0,82772,3,0
0,0,0,0,26,29,3449,1823,0,0,0,0,0,80554,3,0
0,0,0,0,3,29,3450,1823,0,0,0,0,0,76730,4,0
0,0,0,0,40,29,3451,1823,0,0,0,0,0,80843,3,0
0,0,0,0,16,29,3452,1823,0,0,0,0,0,205747,3,0
0,0,0,0,34,29,3453,1823,0,0,0,0,0,82694,3,0
0,0,0,0,22,0,3454,110321,0,0,0,0,0,271236,3,0
2,0,0,1,2,3,3455,110321,0,0,0,0,0,70473,4,0
0,0,0,0,23,4,3456,110321,0,0,0,0,0,223138,4,0
1,0,0,0,25,6,3457,110321,0,0,0,0,0,234814,4,0
0,0,0,0,3,7,3458,110321,0,0,0,0,0,74442,4,0
1,0,0,0,97,10,3459,110321,0,0,0,0,0,252011,3,0
7,0,0,1,10,12,3460,110321,0,0,0,0,0,79624,5,0
2,0,0,1,84,13,3461,110321,0,0,0,0,0,74445,2,0
4,0,0,1,14,15,3462,110321,0,0,0,0,0,225855,4,0
0,0,0,0,9,16,3463,110321,0,0,0,0,0,270886,3,0
3,0,0,1,18,25,3464,110321,0,0,0,0,0,278996,2,0
2,0,0,1,21,28,3465,110321,0,0,0,0,0,244736,4,0
0,0,0,0,19,28,3466,110321,0,0,0,0,0,243867,3,0
0,0,0,0,26,28,3467,110321,0,0,0,0,0,76758,3,0
0,0,0,0,4,28,3468,110321,0,0,0,0,0,256789,4,0
0,0,0,0,30,28,3469,110321,0,0,0,0,0,222820,3,0
2,0,0,1,7,28,3470,110321,0,0,0,0,0,75421,3,0
0,0,0,0,87,28,3471,110321,0,0,0,0,0,70014,3,0
0,0,0,0,11,28,3472,110321,0,0,0,0,0,74734,3,0
2,0,0,1,17,28,3473,110321,0,0,0,0,0,278283,3,0
0,0,0,0,20,28,3474,110321,0,0,0,0,0,240069,3,0
0,0,0,0,8,28,3475,110321,0,0,0,0,0,278116,3,0
1,0,0,0,6,28,3476,110321,0,0,0,0,0,278279,3,0
0,0,0,0,34,29,3477,110321,0,0,0,0,0,77292,3,0
0,0,0,0,16,0,3478,111273,0,0,0,0,0,240751,4,0
1,0,0,1,20,4,3479,111273,0,0,0,0,0,270704,2,0
1,0,0,1,24,5,3480,111273,0,0,0,0,0,223880,3,0
1,0,0,1,27,6,3481,111273,0,0,0,0,0,243412,5,0
2,0,0,1,81,10,3482,111273,0,0,0,0,0,246550,4,0
0,0,0,0,22,12,3483,111273,0,0,0,0,0,271507,2,0
0,0,0,0,98,13,3484,111273,0,0,0,0,0,72137,3,0
1,0,0,1,10,15,3485,111273,0,0,0,0,0,220029,2,0
1,0,0,1,11,16,3486,111273,0,0,0,0,0,72134,3,0
3,0,0,1,23,24,3487,111273,0,0,0,0,0,72139,2,0
9,1,0,1,7,26,3488,111273,0,0,0,0,0,72136,3,0
0,0,0,0,4,28,3489,111273,0,0,0,0,0,266501,3,0
1,0,0,1,91,28,3490,111273,0,0,0,0,0,246450,3,0
1,0,0,1,3,28,3491,111273,0,0,0,0,0,251981,3,0
0,0,0,0,5,28,3492,111273,0,0,0,0,0,271394,3,0
0,0,0,0,1,28,3493,111273,0,0,0,0,0,209830,3,0
0,0,0,0,21,28,3494,111273,0,0,0,0,0,80322,3,0
1,0,0,1,25,28,3495,111273,0,0,0,0,0,79634,4,0
3,0,0,1,29,28,3496,111273,0,0,0,0,0,72133,3,0
1,0,0,1,9,28,3497,111273,0,0,0,0,0,254501,2,0
0,0,0,0,2,28,3498,111273,0,0,0,0,0,271650,3,0
0,0,0,0,31,28,3499,111273,0,0,0,0,0,77629,3,0
0,0,0,0,12,28,3500,111273,0,0,0,0,0,73289,3,0
0,0,0,0,19,29,3501,111273,0,0,0,0,0,80857,3,0
0,0,0,0,33,29,3502,111273,0,0,0,0,0,81823,3,0
0,0,0,0,40,29,3503,111273,0,0,0,0,0,209483,3,0
0,0,0,0,6,29,3504,111273,0,0,0,0,0,73939,3,0
0,0,0,0,60,0,3505,111276,0,0,0,0,0,73487,3,0
0,0,0,0,2,3,3506,111276,0,0,0,0,0,229194,4,0
0,0,0,0,26,4,3507,111276,0,0,0,0,0,240258,4,0
2,0,0,0,23,6,3508,111276,0,0,0,0,0,188538,3,0
0,0,0,0,30,7,3509,111276,0,0,0,0,0,216755,3,0
0,0,0,0,6,10,3510,111276,0,0,0,0,0,73430,3,0
5,0,0,1,10,12,3511,111276,0,0,0,0,0,252137,3,0
6,0,0,1,8,13,3512,111276,0,0,0,0,0,73511,3,0
7,0,0,1,20,15,3513,111276,0,0,0,0,0,267973,3,0
3,0,0,1,77,16,3514,111276,0,0,0,0,0,75051,4,0
9,1,0,1,9,25,3515,111276,0,0,0,0,0,229974,3,0
0,0,0,0,16,28,3516,111276,0,0,0,0,0,223740,3,0
0,0,0,0,27,28,3517,111276,0,0,0,0,0,248662,3,0
0,0,0,0,4,28,3518,111276,0,0,0,0,0,277180,3,0
0,0,0,0,22,28,3519,111276,0,0,0,0,0,73613,4,0
0,0,0,0,1,28,3520,111276,0,0,0,0,0,240791,3,0
0,0,0,0,15,28,3521,111276,0,0,0,0,0,270355,3,0
0,0,0,0,69,28,3522,111276,0,0,0,0,0,73330,2,0
0,0,0,0,11,28,3523,111276,0,0,0,0,0,275620,3,0
0,0,0,0,19,28,3524,111276,0,0,0,0,0,229045,3,0
0,0,0,0,7,28,3525,111276,0,0,0,0,0,246816,4,0
0,0,0,0,18,28,3526,111276,0,0,0,0,0,79662,2,0
0,0,0,0,87,28,3527,111276,0,0,0,0,0,80481,3,0
0,0,0,0,57,29,3528,111276,0,0,0,0,0,81315,3,0
0,0,0,0,24,29,3529,111276,0,0,0,0,0,80545,3,0
0,0,0,0,42,29,3530,111276,0,0,0,0,0,83184,3,0
0,0,0,0,36,29,3531,111276,0,0,0,0,0,82730,3,0
0,0,0,0,12,29,3532,111276,0,0,0,0,0,277980,3,0
0,0,0,0,1,0,3533,111659,0,0,0,0,0,231720,3,0
0,0,0,0,25,3,3534,111659,0,0,0,0,0,275296,2,0
2,0,0,1,5,4,3535,111659,0,0,0,0,0,79640,4,0
1,0,0,0,4,5,3536,111659,0,0,0,0,0,79639,3,0
2,0,0,1,3,6,3537,111659,0,0,0,0,0,277431,3,0
0,0,0,0,15,7,3538,111659,0,0,0,0,0,253041,2,0
0,0,0,0,6,10,3539,111659,0,0,0,0,0,79635,2,0
3,0,0,1,26,13,3540,111659,0,0,0,0,0,257411,3,0
2,0,0,1,22,15,3541,111659,0,0,0,0,0,79638,2,0
8,1,0,1,18,24,3542,111659,0,0,0,0,0,263110,4,0
4,0,0,1,11,26,3543,111659,0,0,0,0,0,261772,2,0
0,0,0,0,27,28,3544,111659,0,0,0,0,0,242753,3,0
0,0,0,0,8,28,3545,111659,0,0,0,0,0,255738,3,0
1,0,0,0,7,28,3546,111659,0,0,0,0,0,270352,3,0
0,0,0,0,24,28,3547,111659,0,0,0,0,0,73086,3,0
0,0,0,0,16,28,3548,111659,0,0,0,0,0,257142,3,0
0,0,0,0,28,28,3549,111659,0,0,0,0,0,74134,3,0
1,0,0,0,20,28,3550,111659,0,0,0,0,0,258470,3,0
0,0,0,0,10,28,3551,111659,0,0,0,0,0,271244,3,0
3,0,0,1,9,28,3552,111659,0,0,0,0,0,261753,2,0
0,0,0,0,12,28,3553,111659,0,0,0,0,0,75312,3,0
0,0,0,0,13,28,3554,111659,0,0,0,0,0,75420,3,0
0,0,0,0,19,28,3555,111659,0,0,0,0,0,262156,3,0
0,0,0,0,30,29,3556,111659,0,0,0,0,0,276872,3,0
0,0,0,0,21,29,3557,111659,0,0,0,0,0,79637,3,0
0,0,0,0,34,29,3558,111659,0,0,0,0,0,80235,3,0
0,0,0,0,1,0,3559,131447,0,0,0,0,0,232410,4,0
0,0,0,0,41,4,3560,131447,0,0,0,0,0,277499,3,0
0,0,0,0,18,5,3561,131447,0,0,0,0,0,73083,4,0
0,0,0,0,27,6,3562,131447,0,0,0,0,0,73082,3,0
4,0,0,1,28,23,3563,131447,0,0,0,0,0,276309,3,0
1,0,0,0,2,12,3564,131447,0,0,0,0,0,78113,2,0
0,0,0,0,25,13,3565,131447,0,0,0,0,0,79621,2,0
0,0,0,0,5,15,3566,131447,0,0,0,0,0,188825,4,0
3,0,0,1,22,16,3567,131447,0,0,0,0,0,269748,5,0
3,0,0,1,8,27,3568,131447,0,0,0,0,0,79499,3,0
3,0,0,1,71,25,3569,131447,0,0,0,0,0,275517,3,0
1,0,0,0,6,28,3570,131447,0,0,0,0,0,228775,3,0
0,0,0,0,21,28,3571,131447,0,0,0,0,0,191390,3,0
0,0,0,0,23,28,3572,131447,0,0,0,0,0,79265,3,0
0,0,0,0,26,28,3573,131447,0,0,0,0,0,79498,3,0
0,0,0,0,16,28,3574,131447,0,0,0,0,0,243711,3,0
1,0,0,0,17,28,3575,131447,0,0,0,0,0,198836,3,0
3,0,0,1,20,28,3576,131447,0,0,0,0,0,74440,3,0
3,0,0,1,33,28,3577,131447,0,0,0,0,0,74886,2,0
3,0,0,1,9,28,3578,131447,0,0,0,0,0,252205,2,0
1,0,0,0,7,28,3579,131447,0,0,0,0,0,225168,4,0
0,0,0,0,3,28,3580,131447,0,0,0,0,0,80689,3,0
0,0,0,0,80,28,3581,131447,0,0,0,0,0,261771,3,0
0,0,0,0,29,29,3582,131447,0,0,0,0,0,81412,3,0
1,0,0,0,19,29,3583,131447,0,0,0,0,0,76247,3,0
0,0,0,0,24,29,3584,131447,0,0,0,0,0,78145,3,0
0,0,0,0,42,29,3585,131447,0,0,0,0,0,74444,3,0
0,0,0,0,39,29,3586,131447,0,0,0,0,0,80543,3,0
0,0,0,0,30,29,3587,131447,0,0,0,0,0,74586,3,0
0,0,0,0,40,29,3588,131447,0,0,0,0,0,80234,3,0
0,0,0,0,30,0,3589,132680,0,0,0,0,0,79786,3,0
0,0,0,0,18,3,3590,132680,0,0,0,0,0,256730,4,0
0,0,0,0,25,4,3591,132680,0,0,0,0,0,79787,4,0
2,0,0,1,15,5,3592,132680,0,0,0,0,0,260776,3,0
0,0,0,0,5,6,3593,132680,0,0,0,0,0,251924,3,0
2,0,0,1,12,7,3594,132680,0,0,0,0,0,247533,4,0
2,0,0,1,21,12,3595,132680,0,0,0,0,0,69996,3,0
1,0,0,0,14,13,3596,132680,0,0,0,0,0,80065,4,0
0,0,0,0,19,15,3597,132680,0,0,0,0,0,79791,3,0
2,0,0,1,10,16,3598,132680,0,0,0,0,0,79794,3,0
5,0,0,1,17,25,3599,132680,0,0,0,0,0,79797,2,0
0,0,0,0,90,28,3600,132680,0,0,0,0,0,197813,3,0
0,0,0,0,20,28,3601,132680,0,0,0,0,0,79790,3,0
2,0,0,1,3,28,3602,132680,0,0,0,0,0,72080,3,0
0,0,0,0,77,28,3603,132680,0,0,0,0,0,81552,3,0
0,0,0,0,16,28,3604,132680,0,0,0,0,0,190700,3,0
0,0,0,0,22,28,3605,132680,0,0,0,0,0,79789,4,0
1,0,0,0,23,28,3606,132680,0,0,0,0,0,257171,4,0
0,0,0,0,7,28,3607,132680,0,0,0,0,0,79793,3,0
1,0,0,0,26,28,3608,132680,0,0,0,0,0,76245,3,0
0,0,0,0,24,28,3609,132680,0,0,0,0,0,80064,3,0
1,0,0,0,9,28,3610,132680,0,0,0,0,0,275619,4,0
0,0,0,0,13,28,3611,132680,0,0,0,0,0,80744,3,0
0,0,0,0,1,29,3612,132680,0,0,0,0,0,225166,3,0
0,0,0,0,99,29,3613,132680,0,0,0,0,0,257138,3,0
0,0,0,0,4,29,3614,132680,0,0,0,0,0,79788,3,0
0,0,0,0,11,29,3615,132680,0,0,0,0,0,80066,3,0
0,0,0,0,28,29,3616,132680,0,0,0,0,0,79792,3,0
0,0,0,0,1,0,3617,21,0,0,0,0,0,167495,4,0
2,0,0,0,27,3,3618,21,0,0,0,0,0,225375,3,0
1,0,0,0,2,4,3619,21,0,0,0,0,0,229558,2,0
2,0,0,0,4,6,3620,21,0,0,0,0,0,213331,4,0
0,0,0,0,19,7,3621,21,0,0,0,0,0,234396,2,0
1,0,0,0,6,9,3622,21,0,0,0,0,0,212622,3,0
2,0,0,0,45,11,3623,21,0,0,0,0,0,275298,3,0
10,1,0,1,17,12,3624,21,0,0,0,0,0,247827,4,0
10,1,0,1,14,16,3625,21,0,0,0,0,0,241084,4,0
6,0,0,1,7,18,3626,21,0,0,0,0,0,206113,3,0
22,1,0,1,9,25,3627,21,0,0,0,1,0,202126,4,0
0,0,0,0,10,28,3628,21,0,0,0,0,0,256790,3,0
1,0,0,0,3,28,3629,21,0,0,0,0,0,237086,3,0
3,0,0,0,22,28,3630,21,0,0,0,0,0,209889,3,0
1,0,0,0,21,28,3631,21,0,0,0,0,0,234205,3,0
0,0,0,0,40,28,3632,21,0,0,0,0,0,263887,3,0
0,0,0,0,20,28,3633,21,0,0,0,0,0,263765,3,0
4,0,0,1,42,28,3634,21,0,0,0,0,0,78063,2,0
1,0,0,0,8,28,3635,21,0,0,0,0,0,209658,3,0
3,0,0,0,11,28,3636,21,0,0,0,0,0,259197,3,0
2,0,0,0,44,28,3637,21,0,0,0,0,0,250955,3,0
0,0,0,0,36,28,3638,21,0,0,0,0,0,77126,3,0
0,0,0,0,23,28,3639,21,0,0,0,0,0,248266,3,0
0,0,0,0,26,29,3640,21,0,0,0,0,0,186569,3,0
0,0,0,0,47,29,3641,21,0,0,0,0,0,79317,3,0
0,0,0,0,30,29,3642,21,0,0,0,0,0,79318,3,0
0,0,0,0,41,29,3643,21,0,0,0,0,0,82813,3,0
0,0,0,0,34,29,3644,21,0,0,0,0,0,82811,3,0
0,0,0,0,35,29,3645,21,0,0,0,0,0,81240,3,0
0,0,0,0,48,29,3646,21,0,0,0,0,0,76337,3,0
0,0,0,0,1,0,3647,22,0,0,0,0,0,235073,3,0
3,0,0,1,23,4,3648,22,0,0,0,0,0,208333,3,0
2,0,0,0,3,5,3649,22,0,0,0,0,0,229476,4,0
3,0,0,1,4,6,3650,22,0,0,0,0,0,247819,3,0
0,0,0,0,26,12,3651,22,0,0,0,0,0,229891,3,0
1,0,0,0,20,13,3652,22,0,0,0,0,0,204923,3,0
2,0,0,0,8,15,3653,22,0,0,0,0,0,246863,3,0
1,0,0,0,24,16,3654,22,0,0,0,0,0,259716,3,0
5,0,0,1,27,17,3655,22,0,0,0,0,0,251852,3,0
5,0,0,1,10,19,3656,22,0,0,0,0,0,212194,3,0
8,0,0,1,9,25,3657,22,0,0,0,0,0,215441,5,0
2,0,0,0,17,28,3658,22,0,0,0,0,0,259356,3,0
0,0,0,0,7,28,3659,22,0,0,0,0,0,270964,3,0
1,0,0,0,5,28,3660,22,0,0,0,0,0,224196,3,0
1,0,0,0,2,28,3661,22,0,0,0,0,0,259075,3,0
0,0,0,0,33,28,3662,22,0,0,0,0,0,241050,3,0
0,0,0,0,21,28,3663,22,0,0,0,0,0,252037,3,0
6,0,0,1,14,28,3664,22,0,0,0,0,0,254117,4,0
0,0,0,0,6,28,3665,22,0,0,0,0,0,235407,3,0
0,0,0,0,25,28,3666,22,0,0,0,0,0,212190,1,0
0,0,0,0,39,28,3667,22,0,0,0,0,0,73016,3,0
0,0,0,0,48,28,3668,22,0,0,0,0,0,78577,3,0
0,0,0,0,42,28,3669,22,0,0,0,0,0,278854,3,0
0,0,0,0,30,29,3670,22,0,0,0,0,0,210772,3,0
0,0,0,0,31,29,3671,22,0,0,0,0,0,266906,3,0
0,0,0,0,33,0,3672,23,0,0,0,0,0,235018,4,0
1,0,0,1,16,4,3673,23,0,0,0,0,0,243354,3,0
0,0,0,0,30,5,3674,23,0,0,0,0,0,221491,4,0
3,0,0,1,4,6,3675,23,0,0,0,0,0,224841,3,0
1,0,0,1,29,12,3676,23,0,0,0,0,0,243133,2,0
0,0,0,0,27,13,3677,23,0,0,0,0,0,257919,3,0
1,0,0,1,6,15,3678,23,0,0,0,0,0,262906,3,0
0,0,0,0,26,16,3679,23,0,0,0,0,0,271119,3,0
0,0,0,0,9,17,3680,23,0,0,0,0,0,220876,3,0
0,0,0,0,10,19,3681,23,0,0,0,0,0,234943,1,0
10,1,0,1,15,25,3682,23,0,0,0,0,0,212002,3,0
0,0,0,0,7,28,3683,23,0,0,0,0,0,204497,2,0
1,0,0,1,17,28,3684,23,0,0,0,0,0,264194,3,0
0,0,0,0,38,28,3685,23,0,0,0,0,0,272931,3,0
0,0,0,0,5,28,3686,23,0,0,0,0,0,222493,3,0
0,0,0,0,23,28,3687,23,0,0,0,0,0,257273,3,0
0,0,0,0,11,28,3688,23,0,0,0,0,0,214096,3,0
3,0,0,1,18,28,3689,23,0,0,0,0,0,245622,3,0
0,0,0,0,14,28,3690,23,0,0,0,0,0,264702,3,0
0,0,0,0,13,28,3691,23,0,0,0,0,0,245541,3,0
0,0,0,0,8,28,3692,23,0,0,0,0,0,71101,3,0
0,0,0,0,24,28,3693,23,0,0,0,0,0,82741,3,0
0,0,0,0,42,28,3694,23,0,0,0,0,0,70904,3,0
0,0,0,0,25,29,3695,23,0,0,0,0,0,239367,3,0
0,0,0,0,39,29,3696,23,0,0,0,0,0,76031,3,0
0,0,0,0,2,29,3697,23,0,0,0,0,0,264763,3,0
0,0,0,0,36,29,3698,23,0,0,0,0,0,80454,3,0
0,0,0,0,19,29,3699,23,0,0,0,0,0,250724,3,0
0,0,0,0,40,29,3700,23,0,0,0,0,0,81726,3,0
0,0,0,0,21,29,3701,23,0,0,0,0,0,177475,3,0
0,0,0,0,1,0,3702,25,0,0,0,0,0,262659,4,0
2,0,0,0,17,3,3703,25,0,0,0,0,0,208335,3,0
0,0,0,0,28,4,3704,25,0,0,0,0,0,207862,4,0
0,0,0,0,3,6,3705,25,0,0,0,0,0,231366,3,0
0,0,0,0,30,7,3706,25,0,0,0,0,0,209846,3,0
2,0,0,0,8,9,3707,25,0,0,0,0,0,226168,3,0
3,0,0,1,44,11,3708,25,0,0,0,0,0,276694,3,0
0,0,0,0,19,12,3709,25,0,0,0,0,0,240451,2,0
6,0,0,1,32,16,3710,25,0,0,0,0,0,212096,3,0
3,0,0,1,14,18,3711,25,0,0,0,0,0,255185,3,0
5,0,0,1,31,25,3712,25,0,0,0,0,0,259750,2,0
1,0,0,0,6,28,3713,25,0,0,0,0,0,250931,3,0
1,0,0,0,29,28,3714,25,0,0,0,0,0,262666,3,0
4,0,0,1,7,28,3715,25,0,0,0,0,0,269705,2,0
0,0,0,0,37,28,3716,25,0,0,0,0,0,263022,2,0
0,0,0,0,21,28,3717,25,0,0,0,0,0,234833,3,0
0,0,0,0,5,28,3718,25,0,0,0,0,0,207897,3,0
0,0,0,0,33,28,3719,25,0,0,0,0,0,262668,3,0
1,0,0,0,9,28,3720,25,0,0,0,0,0,234875,3,0
0,0,0,0,43,28,3721,25,0,0,0,0,0,279045,3,0
0,0,0,0,26,28,3722,25,0,0,0,0,0,216497,3,0
0,0,0,0,22,28,3723,25,0,0,0,0,0,74431,3,0
0,0,0,0,27,28,3724,25,0,0,0,0,0,199897,3,0
0,0,0,0,24,29,3725,25,0,0,0,0,0,229692,3,0
0,0,0,0,65,29,3726,25,0,0,0,0,0,82862,3,0
0,0,0,0,11,29,3727,25,0,0,0,0,0,244112,3,0
0,0,0,0,1,0,3728,28,0,0,0,0,0,212197,4,0
0,0,0,0,24,4,3729,28,0,0,0,0,0,246885,4,0
4,0,0,1,44,5,3730,28,0,0,0,0,0,275192,5,0
0,0,0,0,25,6,3731,28,0,0,0,0,0,236947,3,0
2,0,0,1,20,23,3732,28,0,0,0,0,0,256958,4,0
0,0,0,0,18,12,3733,28,0,0,0,0,0,234640,1,0
4,0,0,1,6,13,3734,28,0,0,0,0,0,241928,4,0
0,0,0,0,21,15,3735,28,0,0,0,0,0,276119,4,0
0,0,0,0,28,16,3736,28,0,0,0,0,0,232839,4,0
0,0,0,0,27,27,3737,28,0,0,0,0,0,266395,3,0
0,0,0,0,19,25,3738,28,0,0,0,0,0,274944,3,0
0,0,0,0,23,28,3739,28,0,0,0,0,0,256949,3,0
0,0,0,0,8,28,3740,28,0,0,0,0,0,269962,3,0
0,0,0,0,16,28,3741,28,0,0,0,0,0,274722,3,0
0,0,0,0,2,28,3742,28,0,0,0,0,0,262045,4,0
0,0,0,0,12,28,3743,28,0,0,0,0,0,257568,3,0
4,0,0,1,14,28,3744,28,0,0,0,0,0,251961,3,0
0,0,0,0,45,28,3745,28,0,0,0,0,0,74102,3,0
1,0,0,0,11,28,3746,28,0,0,0,0,0,255036,3,0
1,0,0,0,9,28,3747,28,0,0,0,0,0,236533,3,0
2,0,0,1,7,28,3748,28,0,0,0,0,0,224970,3,0
1,0,0,0,15,28,3749,28,0,0,0,0,0,207791,3,0
0,0,0,0,17,28,3750,28,0,0,0,0,0,256854,3,0
0,0,0,0,38,29,3751,28,0,0,0,0,0,72319,3,0
0,0,0,0,48,29,3752,28,0,0,0,0,0,279101,3,0
0,0,0,0,40,29,3753,28,0,0,0,0,0,73554,3,0
0,0,0,0,49,29,3754,28,0,0,0,0,0,279213,3,0
0,0,0,0,3,29,3755,28,0,0,0,0,0,246666,3,0
0,0,0,0,41,29,3756,28,0,0,0,0,0,77589,3,0
0,0,0,0,39,29,3757,28,0,0,0,0,0,271214,3,0
0,0,0,0,43,29,3758,28,0,0,0,0,0,82511,3,0
0,0,0,0,47,29,3759,28,0,0,0,0,0,213134,3,0
0,0,0,0,13,29,3760,28,0,0,0,0,0,262869,3,0
0,0,0,0,1,0,3761,31,0,0,0,0,0,224041,4,0
0,0,0,0,33,4,3762,31,0,0,0,0,0,259442,3,0
1,0,0,0,6,5,3763,31,0,0,0,0,0,256942,3,0
0,0,0,0,39,6,3764,31,0,0,0,0,0,258396,3,0
2,0,0,0,29,23,3765,31,0,0,0,0,0,254660,3,0
0,0,0,0,28,12,3766,31,0,0,0,0,0,254638,4,0
0,0,0,0,8,13,3767,31,0,0,0,0,0,269922,3,0
0,0,0,0,5,15,3768,31,0,0,0,0,0,251392,5,0
0,0,0,0,17,16,3769,31,0,0,0,0,0,233965,4,0
5,0,0,1,16,27,3770,31,0,0,0,0,0,252495,3,0
3,0,0,1,9,25,3771,31,0,0,0,0,0,235360,2,0
1,0,0,0,18,28,3772,31,0,0,0,0,0,246814,3,0
1,0,0,0,11,28,3773,31,0,0,0,0,0,195038,3,0
0,0,0,0,2,28,3774,31,0,0,0,0,0,258412,3,0
0,0,0,0,22,28,3775,31,0,0,0,0,0,75577,3,0
0,0,0,0,20,28,3776,31,0,0,0,0,0,186148,3,0
3,0,0,1,7,28,3777,31,0,0,0,0,0,220085,3,0
0,0,0,0,32,28,3778,31,0,0,0,0,0,261313,4,0
7,0,0,1,13,28,3779,31,0,0,0,0,0,71178,3,0
3,0,0,1,30,28,3780,31,0,0,0,0,0,244390,2,0
0,0,0,0,3,28,3781,31,0,0,0,0,0,206198,3,0
0,0,0,0,40,28,3782,31,0,0,0,0,0,82816,3,0
2,0,0,0,37,28,3783,31,0,0,0,0,0,242997,4,0
0,0,0,0,4,29,3784,31,0,0,0,0,0,234727,3,0
0,0,0,0,38,29,3785,31,0,0,0,0,0,83078,3,0
0,0,0,0,27,29,3786,31,0,0,0,0,0,82814,3,0
0,0,0,0,19,29,3787,31,0,0,0,0,0,71177,3,0
0,0,0,0,34,29,3788,31,0,0,0,0,0,74043,3,0
0,0,0,0,44,29,3789,31,0,0,0,0,0,239510,3,0
0,0,0,0,46,29,3790,31,0,0,0,0,0,76801,3,0
0,0,0,0,23,29,3791,31,0,0,0,0,0,218534,3,0
0,0,0,0,36,29,3792,31,0,0,0,0,0,82767,3,0
0,0,0,0,15,29,3793,31,0,0,0,0,0,248878,3,0
0,0,0,0,28,0,3794,32,0,0,0,0,0,204092,3,0
1,0,0,0,4,4,3795,32,0,0,0,0,0,273651,3,0
1,0,0,0,8,5,3796,32,0,0,0,0,0,212242,2,0
3,0,0,1,12,6,3797,32,0,0,0,0,0,247263,4,0
1,0,0,0,13,12,3798,32,0,0,0,0,0,275028,4,0
2,0,0,0,30,13,3799,32,0,0,0,0,0,275029,3,0
1,0,0,0,24,15,3800,32,0,0,0,0,0,228813,4,0
5,0,0,1,20,16,3801,32,0,0,0,0,0,210035,4,0
2,0,0,0,7,17,3802,32,0,0,0,0,0,210324,3,0
4,0,0,1,10,19,3803,32,0,0,0,0,0,256853,4,0
6,0,0,1,14,25,3804,32,0,0,0,0,0,234236,3,0
0,0,0,0,17,28,3805,32,0,0,0,0,0,272781,3,0
0,0,0,0,5,28,3806,32,0,0,0,0,0,255106,3,0
1,0,0,0,21,28,3807,32,0,0,0,0,0,208618,3,0
0,0,0,0,15,28,3808,32,0,0,0,0,0,270033,3,0
0,0,0,0,18,28,3809,32,0,0,0,0,0,223550,3,0
3,0,0,1,11,28,3810,32,0,0,0,0,0,236786,2,0
4,0,0,1,19,28,3811,32,0,0,0,0,0,264219,4,0
3,0,0,1,35,28,3812,32,0,0,0,0,0,76416,3,0
0,0,0,0,16,28,3813,32,0,0,0,0,0,75736,3,0
0,0,0,0,23,28,3814,32,0,0,0,0,0,237328,3,0
0,0,0,0,6,28,3815,32,0,0,0,0,0,262151,3,0
1,0,0,0,42,28,3816,32,0,0,0,0,0,81844,3,0
0,0,0,0,43,29,3817,32,0,0,0,0,0,76335,3,0
0,0,0,0,25,29,3818,32,0,0,0,0,0,231521,3,0
0,0,0,0,27,29,3819,32,0,0,0,0,0,80665,3,0
0,0,0,0,1,29,3820,32,0,0,0,0,0,211738,3,0
0,0,0,0,45,29,3821,32,0,0,0,0,0,82394,3,0
0,0,0,0,36,29,3822,32,0,0,0,0,0,210366,3,0
0,0,0,0,40,29,3823,32,0,0,0,0,0,82392,3,0
0,0,0,0,46,29,3824,32,0,0,0,0,0,82393,3,0
0,0,0,0,33,0,3825,36,0,0,0,0,0,223885,3,0
1,0,0,0,4,3,3826,36,0,0,0,0,0,242602,3,0
0,0,0,0,29,4,3827,36,0,0,0,0,0,278780,4,0
0,0,0,0,24,6,3828,36,0,0,0,0,0,239340,5,0
3,0,0,1,7,7,3829,36,0,0,0,0,0,227647,3,0
0,0,0,0,16,9,3830,36,0,0,0,0,0,239096,3,0
1,0,0,0,6,11,3831,36,0,0,0,0,0,250959,3,0
4,0,0,1,18,12,3832,36,0,0,0,0,0,252448,3,0
3,0,0,1,10,16,3833,36,0,0,0,0,0,241925,3,0
3,0,0,1,11,18,3834,36,0,0,0,0,0,257504,3,0
11,1,0,1,26,25,3835,36,0,0,0,0,0,244176,3,0
5,0,0,1,9,28,3836,36,0,0,0,0,0,238900,4,0
1,0,0,0,28,28,3837,36,0,0,0,0,0,238379,3,0
0,0,0,0,22,28,3838,36,0,0,0,0,0,260574,3,0
0,0,0,0,3,28,3839,36,0,0,0,0,0,251829,3,0
0,0,0,0,1,28,3840,36,0,0,0,0,0,223603,3,0
3,0,0,1,8,28,3841,36,0,0,0,0,0,257073,3,0
0,0,0,0,27,28,3842,36,0,0,0,0,0,270465,3,0
1,0,0,0,30,28,3843,36,0,0,0,0,0,75056,3,0
0,0,0,0,25,28,3844,36,0,0,0,0,0,277742,3,0
0,0,0,0,23,28,3845,36,0,0,0,0,0,238476,3,0
0,0,0,0,45,28,3846,36,0,0,0,0,0,79300,3,0
0,0,0,0,14,28,3847,36,0,0,0,0,0,266685,3,0
0,0,0,0,2,29,3848,36,0,0,0,0,0,263573,3,0
0,0,0,0,15,29,3849,36,0,0,0,0,0,229584,3,0
0,0,0,0,19,29,3850,36,0,0,0,0,0,275436,3,0
0,0,0,0,21,29,3851,36,0,0,0,0,0,258864,3,0
0,0,0,0,44,29,3852,36,0,0,0,0,0,79286,3,0
0,0,0,0,35,29,3853,36,0,0,0,0,0,76087,3,0
0,0,0,0,17,29,3854,36,0,0,0,0,0,273667,3,0
0,0,0,0,56,29,3855,36,0,0,0,0,0,81634,3,0
0,0,0,0,30,0,3856,38,0,0,0,0,0,268428,3,0
0,0,0,0,3,3,3857,38,0,0,0,0,0,242916,2,0
0,0,0,0,5,4,3858,38,0,0,0,0,0,246836,3,0
1,0,0,0,32,5,3859,38,0,0,0,0,0,237595,3,0
1,0,0,0,31,6,3860,38,0,0,0,0,0,77636,2,0
1,0,0,0,23,7,3861,38,0,0,0,0,0,256776,3,0
0,0,0,0,14,10,3862,38,0,0,0,0,0,261659,3,0
2,0,0,1,20,13,3863,38,0,0,0,0,0,239701,3,0
6,0,0,1,6,15,3864,38,0,0,0,0,0,232711,3,0
4,0,0,1,11,24,3865,38,0,0,0,0,0,266183,1,0
2,0,0,1,17,26,3866,38,0,0,0,0,0,256548,2,0
0,0,0,0,10,28,3867,38,0,0,0,0,0,203106,3,0
0,0,0,0,4,28,3868,38,0,0,0,0,0,212977,3,0
0,0,0,0,2,28,3869,38,0,0,0,0,0,247771,4,0
0,0,0,0,22,28,3870,38,0,0,0,0,0,261182,2,0
0,0,0,0,13,28,3871,38,0,0,0,0,0,248732,3,0
0,0,0,0,18,28,3872,38,0,0,0,0,0,256688,3,0
3,0,0,1,7,28,3873,38,0,0,0,0,0,74566,2,0
1,0,0,0,9,28,3874,38,0,0,0,0,0,265749,4,0
1,0,0,0,19,28,3875,38,0,0,0,0,0,276304,1,0
0,0,0,0,24,28,3876,38,0,0,0,0,0,76111,3,0
0,0,0,0,33,28,3877,38,0,0,0,0,0,77127,3,0
0,0,0,0,39,28,3878,38,0,0,0,0,0,231838,3,0
0,0,0,0,8,29,3879,38,0,0,0,0,0,206591,3,0
0,0,0,0,27,29,3880,38,0,0,0,0,0,243350,3,0
0,0,0,0,29,29,3881,38,0,0,0,0,0,79455,3,0
0,0,0,0,37,29,3882,38,0,0,0,0,0,79461,3,0
0,0,0,0,34,29,3883,38,0,0,0,0,0,75461,3,0
0,0,0,0,25,29,3884,38,0,0,0,0,0,211946,3,0
0,0,0,0,44,29,3885,38,0,0,0,0,0,247679,3,0
0,0,0,0,33,0,3886,169,0,0,0,0,0,199803,3,0
1,0,0,0,21,3,3887,169,0,0,0,0,0,202429,3,0
0,0,0,0,4,4,3888,169,0,0,0,0,0,223671,3,0
2,0,0,1,16,5,3889,169,0,0,0,0,0,198352,4,0
1,0,0,0,31,6,3890,169,0,0,0,0,0,212212,3,0
0,0,0,0,2,7,3891,169,0,0,0,0,0,216275,3,0
1,0,0,0,6,10,3892,169,0,0,0,0,0,73078,5,0
7,0,0,1,10,13,3893,169,0,0,0,0,0,225309,4,0
2,0,0,1,7,15,3894,169,0,0,0,0,0,221671,5,0
1,0,0,0,26,24,3895,169,0,0,0,0,0,245940,5,0
2,0,0,1,20,26,3896,169,0,0,0,0,0,233216,4,0
1,0,0,0,8,28,3897,169,0,0,0,0,0,257075,3,0
0,0,0,0,25,28,3898,169,0,0,0,0,0,228518,3,0
2,0,0,1,30,28,3899,169,0,0,0,0,0,216158,3,0
1,0,0,0,48,28,3900,169,0,0,0,0,0,81427,3,0
0,0,0,0,1,28,3901,169,0,0,0,0,0,263116,3,0
2,0,0,1,11,28,3902,169,0,0,0,0,0,259162,3,0
0,0,0,0,15,28,3903,169,0,0,0,0,0,240669,3,0
0,0,0,0,44,28,3904,169,0,0,0,0,0,268259,3,0
0,0,0,0,23,28,3905,169,0,0,0,0,0,223790,3,0
0,0,0,0,22,28,3906,169,0,0,0,0,0,267862,3,0
0,0,0,0,18,28,3907,169,0,0,0,0,0,70909,3,0
0,0,0,0,27,28,3908,169,0,0,0,0,0,224251,3,0
0,0,0,0,42,29,3909,169,0,0,0,0,0,75280,3,0
0,0,0,0,14,29,3910,169,0,0,0,0,0,256127,3,0
0,0,0,0,5,29,3911,169,0,0,0,0,0,234843,3,0
0,0,0,0,24,29,3912,169,0,0,0,0,0,266061,3,0
0,0,0,0,28,29,3913,169,0,0,0,0,0,253474,3,0
1,0,0,0,17,29,3914,169,0,0,0,0,0,258715,3,0
0,0,0,0,19,29,3915,169,0,0,0,0,0,236636,3,0
0,0,0,0,47,29,3916,169,0,0,0,0,0,276863,3,0
0,0,0,0,36,29,3917,169,0,0,0,0,0,82128,3,0
0,0,0,0,1,0,3918,175,0,0,0,0,0,228383,4,0
0,0,0,0,26,3,3919,175,0,0,0,0,0,268312,3,0
1,0,0,0,3,4,3920,175,0,0,0,0,0,240988,3,0
1,0,0,0,15,6,3921,175,0,0,0,0,0,241494,2,0
2,0,0,1,25,7,3922,175,0,0,0,0,0,270013,3,0
2,0,0,1,32,9,3923,175,0,0,0,0,0,228946,3,0
1,0,0,0,27,11,3924,175,0,0,0,0,0,206511,2,0
1,0,0,0,24,17,3925,175,0,0,0,0,0,190460,2,0
2,0,0,1,10,18,3926,175,0,0,0,0,0,244261,1,0
3,0,0,1,39,19,3927,175,0,0,0,0,0,254566,3,0
7,0,0,1,9,25,3928,175,0,0,0,0,0,264697,3,0
0,0,0,0,7,28,3929,175,0,0,0,0,0,74879,3,0
0,0,0,0,5,28,3930,175,0,0,0,0,0,262929,1,0
0,0,0,0,31,28,3931,175,0,0,0,0,0,212245,2,0
0,0,0,0,4,28,3932,175,0,0,0,0,0,270077,3,0
0,0,0,0,29,28,3933,175,0,0,0,0,0,208375,3,0
5,0,0,1,17,28,3934,175,0,0,0,0,0,270532,1,0
2,0,0,1,11,28,3935,175,0,0,0,0,0,268504,2,0
0,0,0,0,40,28,3936,175,0,0,0,0,0,255272,3,0
0,0,0,0,2,28,3937,175,0,0,0,0,0,256281,2,0
0,0,0,0,14,28,3938,175,0,0,0,0,0,266467,3,0
0,0,0,0,19,28,3939,175,0,0,0,0,0,245741,3,0
0,0,0,0,21,28,3940,175,0,0,0,0,0,234678,3,0
0,0,0,0,41,29,3941,175,0,0,0,0,0,78753,3,0
0,0,0,0,16,29,3942,175,0,0,0,0,0,276634,3,0
0,0,0,0,6,29,3943,175,0,0,0,0,0,268622,3,0
0,0,0,0,33,29,3944,175,0,0,0,0,0,82663,3,0
0,0,0,0,23,29,3945,175,0,0,0,0,0,241522,3,0
0,0,0,0,34,29,3946,175,0,0,0,0,0,74562,3,0
0,0,0,0,37,29,3947,175,0,0,0,0,0,82194,3,0
0,0,0,0,8,29,3948,175,0,0,0,0,0,259522,3,0
0,0,0,0,13,29,3949,175,0,0,0,0,0,241629,3,0
0,0,0,0,42,29,3950,175,0,0,0,0,0,82425,3,0
0,0,0,0,43,29,3951,175,0,0,0,0,0,82735,3,0
0,0,0,0,30,29,3952,175,0,0,0,0,0,78735,3,0
0,0,0,0,12,29,3953,175,0,0,0,0,0,199909,3,0
0,0,0,0,40,0,3954,1824,0,0,0,0,0,277929,2,0
1,0,0,0,34,4,3955,1824,0,0,0,0,0,256500,3,0
3,0,0,1,4,5,3956,1824,0,0,0,0,0,236532,4,0
1,0,0,0,3,6,3957,1824,0,0,0,0,0,257278,3,0
2,0,0,0,13,12,3958,1824,0,0,0,0,0,233301,3,0
1,0,0,0,8,13,3959,1824,0,0,0,0,0,270670,3,0
0,0,0,0,15,15,3960,1824,0,0,0,0,0,225126,1,0
1,0,0,0,21,16,3961,1824,0,0,0,0,0,269701,2,0
4,0,0,1,20,17,3962,1824,0,0,0,0,0,232639,2,0
3,0,0,1,7,19,3963,1824,0,0,0,0,0,257540,3,0
2,0,0,0,25,25,3964,1824,0,0,0,0,0,253444,1,0
2,0,0,0,18,28,3965,1824,0,0,0,0,0,218339,3,0
0,0,0,0,6,28,3966,1824,0,0,0,0,0,274952,3,0
0,0,0,0,5,28,3967,1824,0,0,0,0,0,270846,3,0
0,0,0,0,26,28,3968,1824,0,0,0,0,0,71672,3,0
0,0,0,0,23,28,3969,1824,0,0,0,0,0,227370,3,0
0,0,0,0,27,28,3970,1824,0,0,0,0,0,192318,2,0
1,0,0,0,16,28,3971,1824,0,0,0,0,0,268896,2,0
2,0,0,0,19,28,3972,1824,0,0,0,0,0,269728,3,0
1,0,0,0,11,28,3973,1824,0,0,0,0,0,76282,3,0
8,0,0,1,9,28,3974,1824,0,0,0,0,0,244257,3,0
1,0,0,0,30,28,3975,1824,0,0,0,0,0,204529,3,0
0,0,0,0,31,28,3976,1824,0,0,0,0,0,76519,3,0
0,0,0,0,22,29,3977,1824,0,0,0,0,0,202316,3,0
0,0,0,0,33,29,3978,1824,0,0,0,0,0,183513,3,0
6,0,0,1,42,29,3979,1824,0,0,0,0,0,275328,3,0
0,0,0,0,41,29,3980,1824,0,0,0,0,0,81535,3,0
0,0,0,0,39,29,3981,1824,0,0,0,0,0,75810,3,0
1,0,0,0,29,29,3982,1824,0,0,0,0,0,78474,3,0
0,0,0,0,32,29,3983,1824,0,0,0,0,0,256658,3,0
0,0,0,0,45,29,3984,1824,0,0,0,0,0,82099,3,0
0,0,0,0,53,29,3985,1824,0,0,0,0,0,82822,3,0
0,0,0,0,2,29,3986,1824,0,0,0,0,0,278228,3,0
0,0,0,0,1,0,3987,1831,0,0,0,0,0,201269,2,0
4,0,0,1,5,4,3988,1831,0,0,0,0,0,232658,2,0
0,0,0,0,14,5,3989,1831,0,0,0,0,0,265576,1,0
0,0,0,0,4,6,3990,1831,0,0,0,0,0,234575,2,0
0,0,0,0,28,12,3991,1831,0,0,0,0,0,193254,3,0
4,0,0,1,8,13,3992,1831,0,0,0,0,0,211999,4,0
0,0,0,0,6,15,3993,1831,0,0,0,0,0,271659,2,0
0,0,0,0,39,16,3994,1831,0,0,0,0,0,250941,3,0
2,0,0,1,11,17,3995,1831,0,0,0,0,0,239138,2,0
5,0,0,1,10,19,3996,1831,0,0,0,0,0,276372,4,0
0,0,0,0,23,25,3997,1831,0,0,0,0,0,277799,2,0
0,0,0,0,19,28,3998,1831,0,0,0,0,0,211879,3,0
0,0,0,0,18,28,3999,1831,0,0,0,0,0,257771,3,0
1,0,0,0,15,28,4000,1831,0,0,0,0,0,268116,3,0
1,0,0,0,34,28,4001,1831,0,0,0,0,0,241941,2,0
0,0,0,0,31,28,4002,1831,0,0,0,0,0,257480,3,0
1,0,0,0,13,28,4003,1831,0,0,0,0,0,247026,4,0
0,0,0,0,9,28,4004,1831,0,0,0,0,0,276583,3,0
1,0,0,0,21,28,4005,1831,0,0,0,0,0,229286,3,0
4,0,0,1,7,28,4006,1831,0,0,0,0,0,225632,1,0
0,0,0,0,24,28,4007,1831,0,0,0,0,0,215449,3,0
0,0,0,0,33,28,4008,1831,0,0,0,0,0,247028,3,0
0,0,0,0,25,28,4009,1831,0,0,0,0,0,252456,3,0
0,0,0,0,17,29,4010,1831,0,0,0,0,0,276489,3,0
0,0,0,0,30,29,4011,1831,0,0,0,0,0,278229,3,0
0,0,0,0,3,29,4012,1831,0,0,0,0,0,80165,3,0
0,0,0,0,1,0,4013,10029,0,0,0,0,0,193698,4,0
1,0,0,0,34,3,4014,10029,0,0,0,0,0,244470,3,0
0,0,0,0,2,4,4015,10029,0,0,0,0,0,276646,4,0
1,0,0,0,21,6,4016,10029,0,0,0,0,0,259074,3,0
0,0,0,0,13,7,4017,10029,0,0,0,0,0,232805,3,0
0,0,0,0,7,9,4018,10029,0,0,0,0,0,276969,4,0
4,0,0,1,18,11,4019,10029,0,0,0,0,0,244050,3,0
8,0,0,1,27,17,4020,10029,0,0,0,0,0,216354,5,0
2,0,0,0,29,19,4021,10029,0,0,0,0,0,71418,5,0
6,0,0,1,19,24,4022,10029,0,0,0,0,0,256564,3,0
6,0,0,1,11,26,4023,10029,0,0,0,0,0,265577,4,0
0,0,0,0,20,28,4024,10029,0,0,0,0,0,73057,3,0
2,0,0,0,5,28,4025,10029,0,0,0,0,0,239890,3,0
0,0,0,0,15,28,4026,10029,0,0,0,0,0,245863,3,0
1,0,0,0,22,28,4027,10029,0,0,0,0,0,263041,3,0
0,0,0,0,37,28,4028,10029,0,0,0,0,0,257638,3,0
0,0,0,0,9,28,4029,10029,0,0,0,0,0,216258,3,0
6,0,0,1,6,28,4030,10029,0,0,0,0,0,228595,3,0
0,0,0,0,10,28,4031,10029,0,0,0,0,0,271246,3,0
2,0,0,0,33,28,4032,10029,0,0,0,0,0,279542,2,0
0,0,0,0,23,28,4033,10029,0,0,0,0,0,246618,3,0
0,0,0,0,25,28,4034,10029,0,0,0,0,0,211856,3,0
0,0,0,0,54,28,4035,10029,0,0,0,0,0,76923,3,0
0,0,0,0,31,29,4036,10029,0,0,0,0,0,70038,3,0
0,0,0,0,28,29,4037,10029,0,0,0,0,0,232873,3,0
0,0,0,0,49,29,4038,10029,0,0,0,0,0,71925,3,0
0,0,0,0,57,29,4039,10029,0,0,0,0,0,74464,3,0
0,0,0,0,45,29,4040,10029,0,0,0,0,0,78436,3,0
0,0,0,0,36,29,4041,10029,0,0,0,0,0,73072,3,0
0,0,0,0,38,29,4042,10029,0,0,0,0,0,279116,3,0
0,0,0,0,48,29,4043,10029,0,0,0,0,0,76924,3,0
0,0,0,0,1,0,4044,100409,0,0,0,0,0,242818,4,0
1,0,0,0,34,4,4045,100409,0,0,0,0,0,74871,3,0
0,0,0,0,31,5,4046,100409,0,0,0,0,0,244068,4,0
1,0,0,0,40,6,4047,100409,0,0,0,0,0,73731,3,0
1,0,0,0,19,12,4048,100409,0,0,0,0,0,269305,2,0
1,0,0,0,17,13,4049,100409,0,0,0,0,0,257889,3,0
2,0,0,1,4,15,4050,100409,0,0,0,0,0,246594,4,0
2,0,0,1,13,16,4051,100409,0,0,0,0,0,236457,3,0
3,0,0,1,32,17,4052,100409,0,0,0,0,0,259306,2,0
2,0,0,1,20,19,4053,100409,0,0,0,0,0,236477,5,0
2,0,0,1,38,25,4054,100409,0,0,0,0,0,199439,5,0
2,0,0,1,36,28,4055,100409,0,0,0,0,0,274226,3,0
1,0,0,0,27,28,4056,100409,0,0,0,0,0,224425,2,0
0,0,0,0,16,28,4057,100409,0,0,0,0,0,236369,3,0
0,0,0,0,3,28,4058,100409,0,0,0,0,0,229640,3,0
0,0,0,0,22,28,4059,100409,0,0,0,0,0,271949,3,0
1,0,0,0,9,28,4060,100409,0,0,0,0,0,245716,3,0
1,0,0,0,8,28,4061,100409,0,0,0,0,0,240193,3,0
0,0,0,0,11,28,4062,100409,0,0,0,0,0,263194,3,0
2,0,0,1,30,28,4063,100409,0,0,0,0,0,266433,3,0
0,0,0,0,6,28,4064,100409,0,0,0,0,0,202201,3,0
0,0,0,0,14,28,4065,100409,0,0,0,0,0,256118,3,0
0,0,0,0,39,28,4066,100409,0,0,0,0,0,80729,3,0
1,0,0,0,5,29,4067,100409,0,0,0,0,0,258432,3,0
0,0,0,0,21,29,4068,100409,0,0,0,0,0,268837,3,0
0,0,0,0,37,29,4069,100409,0,0,0,0,0,82845,3,0
0,0,0,0,43,29,4070,100409,0,0,0,0,0,74112,3,0
0,0,0,0,41,29,4071,100409,0,0,0,0,0,77413,3,0
0,0,0,0,25,29,4072,100409,0,0,0,0,0,257637,3,0
0,0,0,0,42,29,4073,100409,0,0,0,0,0,72371,3,0
0,0,0,0,44,29,4074,100409,0,0,0,0,0,269951,3,0
0,0,0,0,10,29,4075,100409,0,0,0,0,0,237629,3,0
0,0,0,0,22,0,4076,110329,0,0,0,0,0,262956,3,0
1,0,0,0,5,4,4077,110329,0,0,0,0,0,230855,3,0
2,0,0,1,8,5,4078,110329,0,0,0,0,0,222369,1,0
0,0,0,0,3,6,4079,110329,0,0,0,0,0,226506,2,0
0,0,0,0,2,12,4080,110329,0,0,0,0,0,222542,3,0
1,0,0,0,6,13,4081,110329,0,0,0,0,0,242214,2,0
0,0,0,0,20,15,4082,110329,0,0,0,0,0,225266,3,0
1,0,0,0,23,16,4083,110329,0,0,0,0,0,276610,3,0
3,0,0,1,10,17,4084,110329,0,0,0,0,0,258626,3,0
0,0,0,0,16,19,4085,110329,0,0,0,0,0,260464,3,0
3,0,0,1,19,25,4086,110329,0,0,0,0,0,269264,2,0
4,0,0,1,27,28,4087,110329,0,0,0,0,0,261766,3,0
0,0,0,0,7,28,4088,110329,0,0,0,0,0,211378,3,0
0,0,0,0,11,28,4089,110329,0,0,0,0,0,257886,3,0
1,0,0,0,25,28,4090,110329,0,0,0,0,0,211362,3,0
0,0,0,0,1,28,4091,110329,0,0,0,0,0,251433,3,0
0,0,0,0,9,28,4092,110329,0,0,0,0,0,76228,3,0
0,0,0,0,24,28,4093,110329,0,0,0,0,0,240648,3,0
0,0,0,0,28,28,4094,110329,0,0,0,0,0,233061,3,0
0,0,0,0,21,28,4095,110329,0,0,0,0,0,237884,3,0
2,0,0,1,26,28,4096,110329,0,0,0,0,0,254482,2,0
0,0,0,0,15,28,4097,110329,0,0,0,0,0,83000,3,0
0,0,0,0,18,28,4098,110329,0,0,0,0,0,244089,3,0
0,0,0,0,34,29,4099,110329,0,0,0,0,0,276964,3,0
0,0,0,0,14,29,4100,110329,0,0,0,0,0,259766,3,0
0,0,0,0,42,29,4101,110329,0,0,0,0,0,75476,3,0
0,0,0,0,47,29,4102,110329,0,0,0,0,0,77620,3,0
0,0,0,0,38,29,4103,110329,0,0,0,0,0,76058,3,0
0,0,0,0,44,29,4104,110329,0,0,0,0,0,80734,3,0
0,0,0,0,30,29,4105,110329,0,0,0,0,0,73119,3,0
0,0,0,0,4,29,4106,110329,0,0,0,0,0,252317,3,0
0,0,0,0,41,0,4107,111235,0,0,0,0,0,248478,2,0
0,0,0,0,23,3,4108,111235,0,0,0,0,0,257136,2,0
1,0,0,1,6,4,4109,111235,0,0,0,0,0,216199,3,0
0,0,0,0,4,6,4110,111235,0,0,0,0,0,258812,1,0
1,0,0,1,19,7,4111,111235,0,0,0,0,0,229277,3,0
3,0,0,1,16,10,4112,111235,0,0,0,0,0,262754,5,0
0,0,0,0,8,12,4113,111235,0,0,0,0,0,258316,3,0
1,0,0,1,3,13,4114,111235,0,0,0,0,0,256292,3,0
0,0,0,0,30,15,4115,111235,0,0,0,0,0,231227,3,0
0,0,0,0,22,16,4116,111235,0,0,0,0,0,266236,4,0
2,0,0,1,18,25,4117,111235,0,0,0,0,0,260290,1,0
1,0,0,1,31,28,4118,111235,0,0,0,0,0,251002,3,0
0,0,0,0,17,28,4119,111235,0,0,0,0,0,232156,3,0
0,0,0,0,2,28,4120,111235,0,0,0,0,0,224980,2,0
0,0,0,0,5,28,4121,111235,0,0,0,0,0,228883,3,0
0,0,0,0,40,28,4122,111235,0,0,0,0,0,266641,3,0
1,0,0,1,21,28,4123,111235,0,0,0,0,0,253133,3,0
0,0,0,0,20,28,4124,111235,0,0,0,0,0,260369,3,0
5,0,0,1,9,28,4125,111235,0,0,0,0,0,239078,3,0
1,0,0,1,29,28,4126,111235,0,0,0,0,0,245264,3,0
0,0,0,0,38,28,4127,111235,0,0,0,0,0,80231,3,0
0,0,0,0,25,28,4128,111235,0,0,0,0,0,247360,3,0
1,0,0,1,28,28,4129,111235,0,0,0,0,0,79762,3,0
0,0,0,0,32,29,4130,111235,0,0,0,0,0,223633,3,0
0,0,0,0,10,29,4131,111235,0,0,0,0,0,248765,3,0
0,0,0,0,26,29,4132,111235,0,0,0,0,0,76922,3,0
1,0,0,1,11,29,4133,111235,0,0,0,0,0,237633,3,0
0,0,0,0,34,29,4134,111235,0,0,0,0,0,262922,3,0
0,0,0,0,37,29,4135,111235,0,0,0,0,0,81684,3,0
0,0,0,0,33,29,4136,111235,0,0,0,0,0,79763,3,0
0,0,0,0,1,0,4137,112172,0,0,0,0,0,185122,3,0
1,0,0,0,17,3,4138,112172,0,0,0,0,0,240709,2,0
1,0,0,0,4,4,4139,112172,0,0,0,0,0,204638,2,0
1,0,0,0,23,6,4140,112172,0,0,0,0,0,262138,3,0
3,0,0,1,22,7,4141,112172,0,0,0,0,0,236703,2,0
0,0,0,0,13,10,4142,112172,0,0,0,0,0,257876,3,0
7,0,0,1,49,23,4143,112172,0,0,0,0,0,78012,3,0
6,0,0,1,14,13,4144,112172,0,0,0,0,0,242187,3,0
2,0,0,0,24,15,4145,112172,0,0,0,0,0,233195,3,0
2,0,0,0,7,27,4146,112172,0,0,0,0,0,262863,4,0
6,0,0,1,40,25,4147,112172,0,0,0,0,0,73398,2,0
0,0,0,0,10,28,4148,112172,0,0,0,0,0,272612,3,0
0,0,0,0,6,28,4149,112172,0,0,0,0,0,276216,3,0
0,0,0,0,5,28,4150,112172,0,0,0,0,0,263193,2,0
0,0,0,0,19,28,4151,112172,0,0,0,0,0,74207,3,0
0,0,0,0,26,28,4152,112172,0,0,0,0,0,242879,3,0
2,0,0,0,9,28,4153,112172,0,0,0,0,0,265450,3,0
1,0,0,0,27,28,4154,112172,0,0,0,0,0,278061,3,0
0,0,0,0,33,28,4155,112172,0,0,0,0,0,79107,3,0
2,0,0,0,11,28,4156,112172,0,0,0,0,0,277689,4,0
0,0,0,0,16,28,4157,112172,0,0,0,0,0,222331,3,0
0,0,0,0,35,28,4158,112172,0,0,0,0,0,277887,3,0
0,0,0,0,18,28,4159,112172,0,0,0,0,0,83137,3,0
0,0,0,0,47,29,4160,112172,0,0,0,0,0,74512,3,0
0,0,0,0,37,29,4161,112172,0,0,0,0,0,82847,3,0
3,0,0,1,20,29,4162,112172,0,0,0,0,0,276602,3,0
0,0,0,0,39,29,4163,112172,0,0,0,0,0,228579,2,0
0,0,0,0,42,29,4164,112172,0,0,0,0,0,80096,3,0
0,0,0,0,25,29,4165,112172,0,0,0,0,0,222546,3,0
0,0,0,0,21,29,4166,112172,0,0,0,0,0,83629,3,0
0,0,0,0,48,29,4167,112172,0,0,0,0,0,72376,3,0
0,0,0,0,1,0,4168,29,0,0,0,0,0,244417,3,0
1,0,0,0,31,4,4169,29,0,0,0,0,0,73135,3,0
0,0,0,0,4,5,4170,29,0,0,0,0,0,250993,2,0
0,0,0,0,16,6,4171,29,0,0,0,0,0,79305,1,0
1,0,0,0,26,12,4172,29,0,0,0,0,0,263417,3,0
0,0,0,0,6,13,4173,29,0,0,0,0,0,251429,3,0
1,0,0,0,8,15,4174,29,0,0,0,0,0,269307,3,0
2,0,0,1,22,16,4175,29,0,0,0,0,0,73137,3,0
9,1,0,1,15,17,4176,29,0,0,0,0,0,263343,2,0
4,0,0,1,7,19,4177,29,0,0,0,0,0,223755,2,0
0,0,0,0,17,25,4178,29,0,0,0,0,0,264621,3,0
0,0,0,0,11,28,4179,29,0,0,0,0,0,229171,3,0
0,0,0,0,14,28,4180,29,0,0,0,0,0,234827,3,0
0,0,0,0,37,28,4181,29,0,0,0,0,0,73136,1,0
0,0,0,0,3,28,4182,29,0,0,0,0,0,263089,3,0
0,0,0,0,25,28,4183,29,0,0,0,0,0,272787,3,0
0,0,0,0,18,28,4184,29,0,0,0,0,0,237321,3,0
2,0,0,1,19,28,4185,29,0,0,0,0,0,248434,3,0
0,0,0,0,5,28,4186,29,0,0,0,0,0,267844,3,0
0,0,0,0,13,28,4187,29,0,0,0,0,0,229925,3,0
11,1,0,1,9,28,4188,29,0,0,0,0,0,271395,2,0
0,0,0,0,10,28,4189,29,0,0,0,0,0,262800,3,0
0,0,0,0,2,28,4190,29,0,0,0,0,0,242850,3,0
0,0,0,0,43,29,4191,29,0,0,0,0,0,82698,3,0
0,0,0,0,42,29,4192,29,0,0,0,0,0,82700,3,0
0,0,0,0,30,29,4193,29,0,0,0,0,0,243735,3,0
0,0,0,0,38,29,4194,29,0,0,0,0,0,263073,3,0
0,0,0,0,21,29,4195,29,0,0,0,0,0,210304,3,0
0,0,0,0,40,29,4196,29,0,0,0,0,0,79737,3,0
0,0,0,0,28,29,4197,29,0,0,0,0,0,73134,3,0
0,0,0,0,34,29,4198,29,0,0,0,0,0,269942,3,0
0,0,0,0,1,0,4199,34,0,0,0,0,0,203775,4,0
0,0,0,0,5,4,4200,34,0,0,0,0,0,254245,2,0
1,0,0,0,25,5,4201,34,0,0,0,0,0,244204,2,0
3,0,0,1,4,6,4202,34,0,0,0,0,0,225487,3,0
0,0,0,0,35,12,4203,34,0,0,0,0,0,81991,2,0
1,0,0,0,23,13,4204,34,0,0,0,0,0,262936,2,0
0,0,0,0,6,15,4205,34,0,0,0,0,0,239099,2,0
2,0,0,1,33,16,4206,34,0,0,0,0,0,72964,3,0
1,0,0,0,7,17,4207,34,0,0,0,0,0,73235,3,0
7,0,0,1,19,19,4208,34,0,0,0,0,0,212240,3,0
4,0,0,1,9,25,4209,34,0,0,0,0,0,237708,3,0
0,0,0,0,21,28,4210,34,0,0,0,0,0,240916,2,0
1,0,0,0,27,28,4211,34,0,0,0,0,0,229472,3,0
0,0,0,0,16,28,4212,34,0,0,0,0,0,271563,3,0
0,0,0,0,43,28,4213,34,0,0,0,0,0,78537,2,0
0,0,0,0,22,28,4214,34,0,0,0,0,0,202873,3,0
1,0,0,0,18,28,4215,34,0,0,0,0,0,239073,3,0
0,0,0,0,8,28,4216,34,0,0,0,0,0,205966,3,0
0,0,0,0,2,28,4217,34,0,0,0,0,0,273904,2,0
1,0,0,0,10,28,4218,34,0,0,0,0,0,180930,2,0
0,0,0,0,24,28,4219,34,0,0,0,0,0,253102,3,0
0,0,0,0,17,28,4220,34,0,0,0,0,0,269566,3,0
0,0,0,0,14,28,4221,34,0,0,0,0,0,224094,3,0
2,0,0,1,11,29,4222,34,0,0,0,0,0,237509,3,0
0,0,0,0,39,29,4223,34,0,0,0,0,0,72965,3,0
0,0,0,0,15,29,4224,34,0,0,0,0,0,276979,3,0
0,0,0,0,46,29,4225,34,0,0,0,0,0,76295,3,0
0,0,0,0,37,29,4226,34,0,0,0,0,0,72967,3,0
0,0,0,0,41,29,4227,34,0,0,0,0,0,262212,3,0
0,0,0,0,30,29,4228,34,0,0,0,0,0,232203,3,0
0,0,0,0,31,29,4229,34,0,0,0,0,0,274395,3,0
0,0,0,0,34,29,4230,34,0,0,0,0,0,82191,3,0
0,0,0,0,47,29,4231,34,0,0,0,0,0,77344,3,0
0,0,0,0,32,29,4232,34,0,0,0,0,0,72962,3,0
0,0,0,0,45,29,4233,34,0,0,0,0,0,82190,3,0
0,0,0,0,38,29,4234,34,0,0,0,0,0,82154,3,0
0,0,0,0,3,29,4235,34,0,0,0,0,0,73098,3,0
0,0,0,0,26,29,4236,34,0,0,0,0,0,201122,3,0
0,0,0,0,1,0,4237,159,0,0,0,0,0,257914,3,0
0,0,0,0,5,4,4238,159,0,0,0,0,0,245347,3,0
2,0,0,1,19,5,4239,159,0,0,0,0,0,257779,3,0
1,0,0,0,31,6,4240,159,0,0,0,0,0,203030,3,0
8,0,0,1,11,23,4241,159,0,0,0,0,0,240814,2,0
3,0,0,1,14,12,4242,159,0,0,0,0,0,272660,3,0
1,0,0,0,6,13,4243,159,0,0,0,0,0,231897,2,0
1,0,0,0,21,15,4244,159,0,0,0,0,0,252861,3,0
3,0,0,1,29,16,4245,159,0,0,0,0,0,239571,4,0
1,0,0,0,38,27,4246,159,0,0,0,0,0,270403,3,0
0,0,0,0,7,25,4247,159,0,0,0,0,0,273771,1,0
0,0,0,0,10,28,4248,159,0,0,0,0,0,227978,3,0
0,0,0,0,27,28,4249,159,0,0,0,0,0,72420,3,0
0,0,0,0,23,28,4250,159,0,0,0,0,0,243959,3,0
0,0,0,0,24,28,4251,159,0,0,0,0,0,259453,2,0
0,0,0,0,18,28,4252,159,0,0,0,0,0,253171,3,0
0,0,0,0,28,28,4253,159,0,0,0,0,0,245212,3,0
0,0,0,0,22,28,4254,159,0,0,0,0,0,250946,2,0
5,0,0,1,37,28,4255,159,0,0,0,0,0,233472,3,0
2,0,0,1,3,28,4256,159,0,0,0,0,0,233492,3,0
0,0,0,0,2,28,4257,159,0,0,0,0,0,74938,3,0
1,0,0,0,30,28,4258,159,0,0,0,0,0,239661,3,0
0,0,0,0,17,28,4259,159,0,0,0,0,0,238683,2,0
1,0,0,0,8,29,4260,159,0,0,0,0,0,235288,3,0
0,0,0,0,43,29,4261,159,0,0,0,0,0,73953,3,0
0,0,0,0,44,29,4262,159,0,0,0,0,0,82452,3,0
0,0,0,0,47,29,4263,159,0,0,0,0,0,80859,3,0
0,0,0,0,46,29,4264,159,0,0,0,0,0,81318,3,0
0,0,0,0,33,29,4265,159,0,0,0,0,0,81725,3,0
0,0,0,0,36,29,4266,159,0,0,0,0,0,279685,3,0
0,0,0,0,9,29,4267,159,0,0,0,0,0,260564,3,0
0,0,0,0,41,29,4268,159,0,0,0,0,0,278871,3,0
0,0,0,0,1,0,4269,160,0,0,0,0,0,200316,4,0
0,0,0,0,39,3,4270,160,0,0,0,0,0,264377,3,0
0,0,0,0,20,4,4271,160,0,0,0,0,0,228243,3,0
0,0,0,0,3,6,4272,160,0,0,0,0,0,264442,5,0
0,0,0,0,32,7,4273,160,0,0,0,0,0,224423,4,0
2,0,0,1,34,9,4274,160,0,0,0,0,0,80218,3,0
1,0,0,1,24,11,4275,160,0,0,0,0,0,274617,3,0
1,0,0,1,23,12,4276,160,0,0,0,0,0,233151,5,0
4,0,0,1,17,16,4277,160,0,0,0,0,0,228614,5,0
7,0,0,1,21,18,4278,160,0,0,0,0,0,70037,3,0
5,0,0,1,33,25,4279,160,0,0,0,0,0,206606,5,0
0,0,0,0,31,28,4280,160,0,0,0,0,0,221753,3,0
1,0,0,1,8,28,4281,160,0,0,0,0,0,70728,3,0
0,0,0,0,13,28,4282,160,0,0,0,0,0,244471,3,0
0,0,0,0,4,28,4283,160,0,0,0,0,0,238473,3,0
0,0,0,0,22,28,4284,160,0,0,0,0,0,251285,3,0
1,0,0,1,16,28,4285,160,0,0,0,0,0,278101,2,0
0,0,0,0,29,28,4286,160,0,0,0,0,0,80163,2,0
0,0,0,0,11,28,4287,160,0,0,0,0,0,243970,3,0
0,0,0,0,35,28,4288,160,0,0,0,0,0,78776,3,0
0,0,0,0,7,28,4289,160,0,0,0,0,0,192641,3,0
0,0,0,0,19,28,4290,160,0,0,0,0,0,235297,3,0
1,0,0,1,9,28,4291,160,0,0,0,0,0,244022,3,0
0,0,0,0,26,29,4292,160,0,0,0,0,0,244087,3,0
0,0,0,0,18,29,4293,160,0,0,0,0,0,268920,3,0
0,0,0,0,30,29,4294,160,0,0,0,0,0,80185,3,0
0,0,0,0,25,29,4295,160,0,0,0,0,0,81323,3,0
0,0,0,0,27,29,4296,160,0,0,0,0,0,270583,3,0
0,0,0,0,28,29,4297,160,0,0,0,0,0,72699,3,0
0,0,0,0,38,29,4298,160,0,0,0,0,0,71383,3,0
0,0,0,0,37,29,4299,160,0,0,0,0,0,80264,3,0
0,0,0,0,21,0,4300,165,0,0,0,0,0,270965,3,0
0,0,0,0,25,4,4301,165,0,0,0,0,0,263658,4,0
0,0,0,0,4,5,4302,165,0,0,0,0,0,209196,4,0
0,0,0,0,5,6,4303,165,0,0,0,0,0,278750,3,0
1,0,0,0,23,12,4304,165,0,0,0,0,0,226167,3,0
0,0,0,0,33,13,4305,165,0,0,0,0,0,262917,3,0
0,0,0,0,37,15,4306,165,0,0,0,0,0,212192,3,0
2,0,0,1,16,16,4307,165,0,0,0,0,0,276337,4,0
1,0,0,0,7,17,4308,165,0,0,0,0,0,239097,2,0
2,0,0,1,10,19,4309,165,0,0,0,0,0,209504,4,0
10,1,0,1,9,25,4310,165,0,0,0,0,0,276660,4,0
0,0,0,0,13,28,4311,165,0,0,0,0,0,246127,5,0
0,0,0,0,47,28,4312,165,0,0,0,0,0,269562,3,0
0,0,0,0,15,28,4313,165,0,0,0,0,0,256705,3,0
0,0,0,0,2,28,4314,165,0,0,0,0,0,72130,3,0
0,0,0,0,26,28,4315,165,0,0,0,0,0,238167,3,0
1,0,0,0,18,28,4316,165,0,0,0,0,0,262838,3,0
0,0,0,0,28,28,4317,165,0,0,0,0,0,83016,2,0
0,0,0,0,17,28,4318,165,0,0,0,0,0,264223,3,0
0,0,0,0,14,28,4319,165,0,0,0,0,0,252125,3,0
7,0,0,1,30,28,4320,165,0,0,0,0,0,202088,3,0
0,0,0,0,27,28,4321,165,0,0,0,0,0,237024,3,0
2,0,0,1,24,28,4322,165,0,0,0,0,0,259569,3,0
1,0,0,0,40,29,4323,165,0,0,0,0,0,81730,3,0
0,0,0,0,43,29,4324,165,0,0,0,0,0,76065,3,0
0,0,0,0,6,29,4325,165,0,0,0,0,0,277464,3,0
0,0,0,0,11,29,4326,165,0,0,0,0,0,80755,3,0
0,0,0,0,22,29,4327,165,0,0,0,0,0,77144,3,0
0,0,0,0,38,29,4328,165,0,0,0,0,0,80318,3,0
0,0,0,0,44,29,4329,165,0,0,0,0,0,82854,3,0
0,0,0,0,35,29,4330,165,0,0,0,0,0,76066,3,0
0,0,0,0,1,29,4331,165,0,0,0,0,0,219937,3,0
0,0,0,0,31,29,4332,165,0,0,0,0,0,79403,3,0
0,0,0,0,49,29,4333,165,0,0,0,0,0,82777,3,0
0,0,0,0,34,29,4334,165,0,0,0,0,0,80319,3,0
0,0,0,0,36,29,4335,165,0,0,0,0,0,83470,3,0
0,0,0,0,45,29,4336,165,0,0,0,0,0,75462,3,0
0,0,0,0,1,0,4337,166,0,0,0,0,0,262931,2,0
0,0,0,0,44,3,4338,166,0,0,0,0,0,264589,4,0
0,0,0,0,37,4,4339,166,0,0,0,0,0,204776,3,0
0,0,0,0,31,6,4340,166,0,0,0,0,0,256780,3,0
0,0,0,0,33,7,4341,166,0,0,0,0,0,248149,3,0
0,0,0,0,6,9,4342,166,0,0,0,0,0,202325,3,0
1,0,0,0,30,11,4343,166,0,0,0,0,0,221885,3,0
3,0,0,1,22,12,4344,166,0,0,0,0,0,262217,4,0
5,0,0,1,11,16,4345,166,0,0,0,0,0,231614,5,0
2,0,0,0,10,18,4346,166,0,0,0,0,0,239744,2,0
5,0,0,1,18,25,4347,166,0,0,0,0,0,259752,3,0
0,0,0,0,5,28,4348,166,0,0,0,0,0,238792,3,0
1,0,0,0,14,28,4349,166,0,0,0,0,0,268916,3,0
1,0,0,0,2,28,4350,166,0,0,0,0,0,268536,5,0
0,0,0,0,42,28,4351,166,0,0,0,0,0,235899,3,0
0,0,0,0,35,28,4352,166,0,0,0,0,0,213573,3,0
3,0,0,1,9,28,4353,166,0,0,0,0,0,221168,1,0
0,0,0,0,7,28,4354,166,0,0,0,0,0,234711,3,0
0,0,0,0,27,28,4355,166,0,0,0,0,0,73133,3,0
3,0,0,1,17,28,4356,166,0,0,0,0,0,234631,3,0
0,0,0,0,8,28,4357,166,0,0,0,0,0,242974,3,0
1,0,0,0,28,28,4358,166,0,0,0,0,0,206463,3,0
0,0,0,0,41,28,4359,166,0,0,0,0,0,274735,3,0
0,0,0,0,34,29,4360,166,0,0,0,0,0,78130,3,0
0,0,0,0,46,29,4361,166,0,0,0,0,0,70951,3,0
0,0,0,0,21,29,4362,166,0,0,0,0,0,75212,3,0
0,0,0,0,3,29,4363,166,0,0,0,0,0,252074,3,0
0,0,0,0,13,29,4364,166,0,0,0,0,0,277588,3,0
0,0,0,0,25,29,4365,166,0,0,0,0,0,204082,3,0
0,0,0,0,43,29,4366,166,0,0,0,0,0,273778,3,0
0,0,0,0,29,29,4367,166,0,0,0,0,0,75949,3,0
0,0,0,0,1,0,4368,171,0,0,0,0,0,256229,2,0
1,0,0,0,32,3,4369,171,0,0,0,0,0,275594,2,0
0,0,0,0,4,4,4370,171,0,0,0,0,0,276283,3,0
1,0,0,0,24,6,4371,171,0,0,0,0,0,258464,3,0
0,0,0,0,21,7,4372,171,0,0,0,0,0,279115,4,0
0,0,0,0,6,10,4373,171,0,0,0,0,0,81326,4,0
3,0,0,1,10,23,4374,171,0,0,0,0,0,256674,3,0
3,0,0,1,25,13,4375,171,0,0,0,0,0,245097,3,0
5,0,0,1,18,15,4376,171,0,0,0,0,0,73161,4,0
5,0,0,1,23,27,4377,171,0,0,0,0,0,80820,5,0
2,0,0,1,39,25,4378,171,0,0,0,0,0,79266,2,0
0,0,0,0,22,28,4379,171,0,0,0,0,0,70768,3,0
0,0,0,0,5,28,4380,171,0,0,0,0,0,229184,3,0
0,0,0,0,3,28,4381,171,0,0,0,0,0,216283,3,0
0,0,0,0,41,28,4382,171,0,0,0,0,0,78541,3,0
0,0,0,0,26,28,4383,171,0,0,0,0,0,215417,3,0
1,0,0,0,33,28,4384,171,0,0,0,0,0,195262,3,0
0,0,0,0,16,28,4385,171,0,0,0,0,0,272658,3,0
0,0,0,0,7,28,4386,171,0,0,0,0,0,256849,3,0
0,0,0,0,17,28,4387,171,0,0,0,0,0,79267,3,0
1,0,0,0,8,28,4388,171,0,0,0,0,0,270012,3,0
0,0,0,0,37,28,4389,171,0,0,0,0,0,80346,3,0
0,0,0,0,19,28,4390,171,0,0,0,0,0,76968,3,0
0,0,0,0,27,29,4391,171,0,0,0,0,0,79216,3,0
0,0,0,0,28,29,4392,171,0,0,0,0,0,276004,3,0
0,0,0,0,14,29,4393,171,0,0,0,0,0,246074,3,0
0,0,0,0,13,29,4394,171,0,0,0,0,0,77838,3,0
0,0,0,0,36,29,4395,171,0,0,0,0,0,79264,3,0
0,0,0,0,42,29,4396,171,0,0,0,0,0,78538,3,0
0,0,0,0,1,0,4397,485,0,0,0,0,0,262322,5,0
2,0,0,1,5,4,4398,485,0,0,0,0,0,248105,2,0
2,0,0,1,3,5,4399,485,0,0,0,0,0,262119,3,0
0,0,0,0,6,6,4400,485,0,0,0,0,0,255838,2,0
4,0,0,1,18,23,4401,485,0,0,0,0,0,274191,5,0
3,0,0,1,27,12,4402,485,0,0,0,0,0,72674,3,0
2,0,0,1,15,13,4403,485,0,0,0,0,0,279622,1,0
2,0,0,1,8,15,4404,485,0,0,0,0,0,262669,5,0
0,0,0,0,33,16,4405,485,0,0,0,0,0,269302,3,0
1,0,0,0,29,27,4406,485,0,0,0,0,0,277910,3,0
11,1,0,1,9,25,4407,485,0,0,0,0,0,245582,3,0
1,0,0,0,7,28,4408,485,0,0,0,0,0,236474,3,0
0,0,0,0,26,28,4409,485,0,0,0,0,0,251855,3,0
0,0,0,0,17,28,4410,485,0,0,0,0,0,260683,3,0
2,0,0,1,20,28,4411,485,0,0,0,0,0,79280,3,0
0,0,0,0,30,28,4412,485,0,0,0,0,0,238503,3,0
2,0,0,1,11,28,4413,485,0,0,0,0,0,251342,3,0
0,0,0,0,10,28,4414,485,0,0,0,0,0,262672,3,0
0,0,0,0,24,28,4415,485,0,0,0,0,0,274000,3,0
0,0,0,0,23,28,4416,485,0,0,0,0,0,262551,3,0
2,0,0,1,14,28,4417,485,0,0,0,0,0,72675,3,0
0,0,0,0,4,28,4418,485,0,0,0,0,0,276052,3,0
0,0,0,0,19,28,4419,485,0,0,0,0,0,261992,3,0
0,0,0,0,13,29,4420,485,0,0,0,0,0,263065,3,0
0,0,0,0,16,29,4421,485,0,0,0,0,0,190738,3,0
0,0,0,0,22,29,4422,485,0,0,0,0,0,70985,3,0
0,0,0,0,37,29,4423,485,0,0,0,0,0,262117,3,0
0,0,0,0,21,29,4424,485,0,0,0,0,0,81817,3,0
0,0,0,0,40,29,4425,485,0,0,0,0,0,80309,3,0
0,0,0,0,34,29,4426,485,0,0,0,0,0,76553,3,0
0,0,0,0,39,29,4427,485,0,0,0,0,0,80308,3,0
0,0,0,0,1,0,4428,503,0,0,0,0,0,252911,3,0
0,0,0,0,32,3,4429,503,0,0,0,0,0,256954,5,0
0,0,0,0,13,4,4430,503,0,0,0,0,0,73956,4,0
2,0,0,0,39,6,4431,503,0,0,0,0,0,251289,3,0
3,0,0,1,19,7,4432,503,0,0,0,0,0,244133,3,0
1,0,0,0,6,10,4433,503,0,0,0,0,0,279490,4,0
1,0,0,0,7,12,4434,503,0,0,0,0,0,262898,3,0
1,0,0,0,27,13,4435,503,0,0,0,0,0,234385,3,0
0,0,0,0,18,15,4436,503,0,0,0,0,0,263076,2,0
5,0,0,1,10,16,4437,503,0,0,0,0,0,273114,3,0
3,0,0,1,9,25,4438,503,0,0,0,0,0,216823,3,0
0,0,0,0,5,28,4439,503,0,0,0,0,0,262902,3,0
3,0,0,1,16,28,4440,503,0,0,0,0,0,243360,3,0
0,0,0,0,29,28,4441,503,0,0,0,0,0,225636,3,0
0,0,0,0,2,28,4442,503,0,0,0,0,0,263061,3,0
0,0,0,0,40,28,4443,503,0,0,0,0,0,72755,3,0
6,0,0,1,33,28,4444,503,0,0,0,0,0,235157,5,0
1,0,0,0,8,28,4445,503,0,0,0,0,0,262667,4,0
1,0,0,0,23,28,4446,503,0,0,0,0,0,239634,3,0
0,0,0,0,20,28,4447,503,0,0,0,0,0,264247,3,0
0,0,0,0,28,28,4448,503,0,0,0,0,0,262671,3,0
0,0,0,0,22,28,4449,503,0,0,0,0,0,236613,3,0
1,0,0,0,15,28,4450,503,0,0,0,0,0,262664,3,0
0,0,0,0,42,29,4451,503,0,0,0,0,0,82199,3,0
0,0,0,0,24,29,4452,503,0,0,0,0,0,277509,3,0
0,0,0,0,30,29,4453,503,0,0,0,0,0,216377,3,0
0,0,0,0,26,29,4454,503,0,0,0,0,0,250909,3,0
0,0,0,0,37,29,4455,503,0,0,0,0,0,222484,3,0
0,0,0,0,1,0,4456,531,0,0,0,0,0,260978,3,0
1,0,0,0,27,3,4457,531,0,0,0,0,0,276287,3,0
0,0,0,0,22,4,4458,531,0,0,0,0,0,262903,4,0
0,0,0,0,3,6,4459,531,0,0,0,0,0,242958,3,0
0,0,0,0,2,7,4460,531,0,0,0,0,0,194431,4,0
0,0,0,0,6,10,4461,531,0,0,0,0,0,241900,3,0
1,0,0,0,5,13,4462,531,0,0,0,0,0,276289,3,0
2,0,0,1,20,15,4463,531,0,0,0,0,0,212755,5,0
1,0,0,0,7,18,4464,531,0,0,0,0,0,263312,2,0
5,0,0,1,30,24,4465,531,0,0,0,0,0,240829,2,0
5,0,0,1,17,26,4466,531,0,0,0,0,0,244024,2,0
1,0,0,0,10,28,4467,531,0,0,0,0,0,223756,3,0
0,0,0,0,21,28,4468,531,0,0,0,0,0,238636,3,0
0,0,0,0,16,28,4469,531,0,0,0,0,0,238634,3,0
0,0,0,0,25,28,4470,531,0,0,0,0,0,263138,3,0
0,0,0,0,26,28,4471,531,0,0,0,0,0,243925,3,0
2,0,0,1,8,28,4472,531,0,0,0,0,0,229702,3,0
0,0,0,0,14,28,4473,531,0,0,0,0,0,253694,3,0
0,0,0,0,28,28,4474,531,0,0,0,0,0,251325,3,0
2,0,0,1,11,28,4475,531,0,0,0,0,0,257264,3,0
1,0,0,0,13,28,4476,531,0,0,0,0,0,258547,3,0
1,0,0,0,15,28,4477,531,0,0,0,0,0,211874,3,0
0,0,0,0,23,28,4478,531,0,0,0,0,0,245856,3,0
0,0,0,0,9,29,4479,531,0,0,0,0,0,269842,3,0
0,0,0,0,29,29,4480,531,0,0,0,0,0,276735,2,0
1,0,0,0,32,29,4481,531,0,0,0,0,0,247721,3,0
0,0,0,0,24,29,4482,531,0,0,0,0,0,266438,3,0
0,0,0,0,4,29,4483,531,0,0,0,0,0,264856,3,0
0,0,0,0,19,29,4484,531,0,0,0,0,0,276903,3,0
0,0,0,0,38,29,4485,531,0,0,0,0,0,80291,3,0
0,0,0,0,33,29,4486,531,0,0,0,0,0,276353,3,0
0,0,0,0,45,29,4487,531,0,0,0,0,0,83468,3,0
0,0,0,0,21,0,4488,576,0,0,0,0,0,262516,5,0
4,0,0,1,26,4,4489,576,0,0,0,0,0,76106,1,0
1,0,0,0,5,5,4490,576,0,0,0,0,0,219694,3,0
0,0,0,0,6,6,4491,576,0,0,0,0,0,276167,1,0
1,0,0,0,29,12,4492,576,0,0,0,0,0,276165,2,0
1,0,0,0,28,13,4493,576,0,0,0,0,0,212321,5,0
0,0,0,0,8,15,4494,576,0,0,0,0,0,269084,3,0
1,0,0,0,47,16,4495,576,0,0,0,0,0,251834,4,0
2,0,0,1,7,17,4496,576,0,0,0,0,0,200473,2,0
1,0,0,0,10,19,4497,576,0,0,0,0,0,271993,2,0
3,0,0,1,19,25,4498,576,0,0,0,0,0,262946,2,0
0,0,0,0,22,28,4499,576,0,0,0,0,0,204688,3,0
1,0,0,0,15,28,4500,576,0,0,0,0,0,73125,3,0
0,0,0,0,3,28,4501,576,0,0,0,0,0,224093,3,0
1,0,0,0,23,28,4502,576,0,0,0,0,0,275754,3,0
0,0,0,0,1,28,4503,576,0,0,0,0,0,244001,3,0
0,0,0,0,25,28,4504,576,0,0,0,0,0,279220,3,0
2,0,0,1,20,28,4505,576,0,0,0,0,0,277767,3,0
2,0,0,1,13,28,4506,576,0,0,0,0,0,76706,3,0
0,0,0,0,18,28,4507,576,0,0,0,0,0,83189,2,0
0,0,0,0,17,28,4508,576,0,0,0,0,0,263874,3,0
0,0,0,0,2,28,4509,576,0,0,0,0,0,275604,3,0
2,0,0,1,11,28,4510,576,0,0,0,0,0,255459,3,0
0,0,0,0,16,29,4511,576,0,0,0,0,0,73149,3,0
0,0,0,0,48,29,4512,576,0,0,0,0,0,79298,3,0
0,0,0,0,40,29,4513,576,0,0,0,0,0,79299,3,0
0,0,0,0,4,29,4514,576,0,0,0,0,0,231110,3,0
0,0,0,0,31,29,4515,576,0,0,0,0,0,228935,3,0
0,0,0,0,42,29,4516,576,0,0,0,0,0,70522,3,0
0,0,0,0,41,29,4517,576,0,0,0,0,0,279022,3,0
0,0,0,0,20,0,4518,580,0,0,0,0,0,269301,3,0
1,0,0,0,43,3,4519,580,0,0,0,0,0,270554,3,0
0,0,0,0,19,4,4520,580,0,0,0,0,0,262591,4,0
1,0,0,0,31,6,4521,580,0,0,0,0,0,251320,4,0
0,0,0,0,21,7,4522,580,0,0,0,0,0,261745,3,0
3,0,0,1,17,9,4523,580,0,0,0,0,0,73002,3,0
0,0,0,0,8,11,4524,580,0,0,0,0,0,246301,4,0
4,0,0,1,25,12,4525,580,0,0,0,0,0,260925,3,0
2,0,0,1,29,16,4526,580,0,0,0,0,0,262978,3,0
3,0,0,1,10,18,4527,580,0,0,0,0,0,267782,3,0
1,0,0,0,42,25,4528,580,0,0,0,0,0,76133,4,0
0,0,0,0,6,28,4529,580,0,0,0,0,0,234860,3,0
0,0,0,0,23,28,4530,580,0,0,0,0,0,242525,3,0
1,0,0,0,3,28,4531,580,0,0,0,0,0,229200,3,0
1,0,0,0,30,28,4532,580,0,0,0,0,0,216416,4,0
0,0,0,0,28,28,4533,580,0,0,0,0,0,238489,3,0
2,0,0,1,24,28,4534,580,0,0,0,0,0,238631,4,0
2,0,0,1,14,28,4535,580,0,0,0,0,0,73585,3,0
0,0,0,0,22,28,4536,580,0,0,0,0,0,243904,3,0
0,0,0,0,2,28,4537,580,0,0,0,0,0,246858,3,0
0,0,0,0,15,28,4538,580,0,0,0,0,0,82971,3,0
0,0,0,0,7,28,4539,580,0,0,0,0,0,269310,3,0
0,0,0,0,32,28,4540,580,0,0,0,0,0,276321,3,0
0,0,0,0,16,29,4541,580,0,0,0,0,0,244233,3,0
0,0,0,0,1,29,4542,580,0,0,0,0,0,189917,3,0
0,0,0,0,18,29,4543,580,0,0,0,0,0,73005,3,0
0,0,0,0,4,29,4544,580,0,0,0,0,0,279212,3,0
0,0,0,0,1,0,4545,1832,0,0,0,0,0,246240,2,0
1,0,0,0,2,3,4546,1832,0,0,0,0,0,192658,2,0
1,0,0,0,22,4,4547,1832,0,0,0,0,0,244491,3,0
0,0,0,0,28,5,4548,1832,0,0,0,0,0,203161,2,0
0,0,0,0,15,6,4549,1832,0,0,0,0,0,79269,3,0
0,0,0,0,20,7,4550,1832,0,0,0,0,0,274093,2,0
0,0,0,0,7,10,4551,1832,0,0,0,0,0,228082,3,0
4,0,0,1,25,13,4552,1832,0,0,0,0,0,254480,3,0
7,0,0,1,10,15,4553,1832,0,0,0,0,0,228245,3,0
0,0,0,0,11,24,4554,1832,0,0,0,0,0,237540,2,0
8,0,0,1,24,26,4555,1832,0,0,0,0,0,231624,2,0
3,0,0,1,9,28,4556,1832,0,0,0,0,0,263413,3,0
0,0,0,0,16,28,4557,1832,0,0,0,0,0,257283,1,0
0,0,0,0,5,28,4558,1832,0,0,0,0,0,242527,3,0
0,0,0,0,36,28,4559,1832,0,0,0,0,0,72128,3,0
0,0,0,0,30,28,4560,1832,0,0,0,0,0,208679,3,0
1,0,0,0,19,28,4561,1832,0,0,0,0,0,71474,2,0
0,0,0,0,17,28,4562,1832,0,0,0,0,0,274924,3,0
0,0,0,0,44,28,4563,1832,0,0,0,0,0,81846,3,0
0,0,0,0,21,28,4564,1832,0,0,0,0,0,74004,3,0
0,0,0,0,8,28,4565,1832,0,0,0,0,0,253202,3,0
0,0,0,0,6,28,4566,1832,0,0,0,0,0,227511,3,0
2,0,0,1,4,28,4567,1832,0,0,0,0,0,263273,3,0
1,0,0,0,13,29,4568,1832,0,0,0,0,0,70149,3,0
0,0,0,0,34,29,4569,1832,0,0,0,0,0,71473,3,0
0,0,0,0,29,29,4570,1832,0,0,0,0,0,73158,3,0
0,0,0,0,27,29,4571,1832,0,0,0,0,0,70186,3,0
0,0,0,0,42,29,4572,1832,0,0,0,0,0,81655,3,0
0,0,0,0,18,29,4573,1832,0,0,0,0,0,73013,3,0
0,0,0,0,38,29,4574,1832,0,0,0,0,0,265198,3,0
0,0,0,0,41,0,4575,10030,0,0,0,0,0,271114,3,0
1,0,0,0,25,4,4576,10030,0,0,0,0,0,278178,2,0
0,0,0,0,20,5,4577,10030,0,0,0,0,0,236467,2,0
0,0,0,0,4,6,4578,10030,0,0,0,0,0,269912,3,0
5,0,0,1,17,12,4579,10030,0,0,0,0,0,276367,2,0
3,0,0,1,14,13,4580,10030,0,0,0,0,0,266446,2,0
2,0,0,1,26,15,4581,10030,0,0,0,0,0,239925,2,0
1,0,0,0,23,16,4582,10030,0,0,0,0,0,238363,3,0
8,0,0,1,7,17,4583,10030,0,0,0,0,0,252073,3,0
1,0,0,0,9,19,4584,10030,0,0,0,0,0,257307,2,0
4,0,0,1,27,25,4585,10030,0,0,0,0,0,238656,3,0
0,0,0,0,5,28,4586,10030,0,0,0,0,0,276311,2,0
0,0,0,0,2,28,4587,10030,0,0,0,0,0,79816,3,0
0,0,0,0,22,28,4588,10030,0,0,0,0,0,276371,1,0
0,0,0,0,3,28,4589,10030,0,0,0,0,0,275262,3,0
0,0,0,0,1,28,4590,10030,0,0,0,0,0,234383,3,0
1,0,0,0,11,28,4591,10030,0,0,0,0,0,212879,3,0
1,0,0,0,28,28,4592,10030,0,0,0,0,0,266235,3,0
1,0,0,0,10,28,4593,10030,0,0,0,0,0,274999,4,0
1,0,0,0,30,28,4594,10030,0,0,0,0,0,266012,3,0
1,0,0,0,33,28,4595,10030,0,0,0,0,0,250926,3,0
0,0,0,0,8,28,4596,10030,0,0,0,0,0,212625,3,0
0,0,0,0,32,28,4597,10030,0,0,0,0,0,80858,3,0
0,0,0,0,42,29,4598,10030,0,0,0,0,0,78040,3,0
0,0,0,0,24,29,4599,10030,0,0,0,0,0,81769,3,0
0,0,0,0,38,29,4600,10030,0,0,0,0,0,72365,3,0
0,0,0,0,21,29,4601,10030,0,0,0,0,0,73165,3,0
0,0,0,0,31,29,4602,10030,0,0,0,0,0,276408,3,0
0,0,0,0,1,0,4603,110500,0,0,0,0,0,241859,4,0
2,0,0,1,21,4,4604,110500,0,0,0,0,0,251405,5,0
1,0,0,1,3,5,4605,110500,0,0,0,0,0,276327,3,0
0,0,0,0,27,6,4606,110500,0,0,0,0,0,251281,3,0
0,0,0,0,44,12,4607,110500,0,0,0,0,0,263153,4,0
2,0,0,1,15,13,4608,110500,0,0,0,0,0,73008,4,0
0,0,0,0,6,15,4609,110500,0,0,0,0,0,248576,3,0
0,0,0,0,19,16,4610,110500,0,0,0,0,0,250991,4,0
0,0,0,0,30,18,4611,110500,0,0,0,0,0,269604,4,0
4,0,0,1,9,24,4612,110500,0,0,0,0,0,252846,3,0
1,0,0,1,10,26,4613,110500,0,0,0,0,0,264409,3,0
4,0,0,1,8,28,4614,110500,0,0,0,0,0,261446,3,0
0,0,0,0,7,28,4615,110500,0,0,0,0,0,216260,3,0
0,0,0,0,22,28,4616,110500,0,0,0,0,0,270461,3,0
1,0,0,1,29,28,4617,110500,0,0,0,0,0,276288,4,0
0,0,0,0,13,28,4618,110500,0,0,0,0,0,233425,3,0
0,0,0,0,18,28,4619,110500,0,0,0,0,0,252592,3,0
1,0,0,1,24,28,4620,110500,0,0,0,0,0,271160,3,0
0,0,0,0,16,28,4621,110500,0,0,0,0,0,263077,3,0
0,0,0,0,17,28,4622,110500,0,0,0,0,0,244234,3,0
0,0,0,0,4,28,4623,110500,0,0,0,0,0,270900,3,0
0,0,0,0,20,28,4624,110500,0,0,0,0,0,241085,3,0
0,0,0,0,37,28,4625,110500,0,0,0,0,0,262242,3,0
0,0,0,0,5,29,4626,110500,0,0,0,0,0,251451,3,0
0,0,0,0,25,29,4627,110500,0,0,0,0,0,276358,3,0
0,0,0,0,11,29,4628,110500,0,0,0,0,0,71191,3,0
0,0,0,0,38,29,4629,110500,0,0,0,0,0,274393,3,0
0,0,0,0,33,29,4630,110500,0,0,0,0,0,80339,3,0
0,0,0,0,1,0,4631,110502,0,0,0,0,0,209987,2,0
0,0,0,0,2,3,4632,110502,0,0,0,0,0,245287,4,0
0,0,0,0,6,4,4633,110502,0,0,0,0,0,241590,3,0
2,0,0,1,5,6,4634,110502,0,0,0,0,0,265465,3,0
1,0,0,0,15,7,4635,110502,0,0,0,0,0,251287,3,0
3,0,0,1,16,9,4636,110502,0,0,0,0,0,79746,3,0
0,0,0,0,17,11,4637,110502,0,0,0,0,0,251373,3,0
2,0,0,1,23,12,4638,110502,0,0,0,0,0,238068,3,0
1,0,0,0,8,16,4639,110502,0,0,0,0,0,240156,3,0
12,1,0,1,7,24,4640,110502,0,0,0,1,0,228859,1,0
7,0,0,1,9,26,4641,110502,0,0,0,0,0,242965,5,0
0,0,0,0,31,28,4642,110502,0,0,0,0,0,235022,3,0
0,0,0,0,32,28,4643,110502,0,0,0,0,0,208470,3,0
1,0,0,0,20,28,4644,110502,0,0,0,0,0,243628,3,0
0,0,0,0,18,28,4645,110502,0,0,0,0,0,237642,3,0
0,0,0,0,30,28,4646,110502,0,0,0,0,0,223925,3,0
0,0,0,0,19,28,4647,110502,0,0,0,0,0,262776,3,0
0,0,0,0,44,28,4648,110502,0,0,0,0,0,265797,3,0
1,0,0,0,21,28,4649,110502,0,0,0,0,0,253475,3,0
0,0,0,0,22,28,4650,110502,0,0,0,0,0,276325,3,0
5,0,0,1,34,28,4651,110502,0,0,0,0,0,262604,3,0
0,0,0,0,27,28,4652,110502,0,0,0,0,0,254267,3,0
0,0,0,0,26,28,4653,110502,0,0,0,0,0,225692,3,0
0,0,0,0,4,29,4654,110502,0,0,0,0,0,76838,3,0
0,0,0,0,24,29,4655,110502,0,0,0,0,0,80162,3,0
0,0,0,0,46,29,4656,110502,0,0,0,0,0,77414,3,0
0,0,0,0,48,29,4657,110502,0,0,0,0,0,80161,3,0
0,0,0,0,1,0,4658,110588,0,0,0,0,0,228607,2,0
0,0,0,0,27,3,4659,110588,0,0,0,0,0,229267,3,0
0,0,0,0,16,4,4660,110588,0,0,0,0,0,228757,5,0
0,0,0,0,5,6,4661,110588,0,0,0,0,0,239928,3,0
2,0,0,1,17,7,4662,110588,0,0,0,0,0,250947,3,0
0,0,0,0,25,10,4663,110588,0,0,0,0,0,237155,3,0
2,0,0,1,10,23,4664,110588,0,0,0,0,0,76033,3,0
0,0,0,0,8,13,4665,110588,0,0,0,0,0,270901,3,0
0,0,0,0,21,15,4666,110588,0,0,0,0,0,264215,3,0
4,0,0,1,23,27,4667,110588,0,0,0,0,0,233520,5,0
6,0,0,1,22,25,4668,110588,0,0,0,0,0,243949,2,0
0,0,0,0,19,28,4669,110588,0,0,0,0,0,246959,2,0
0,0,0,0,38,28,4670,110588,0,0,0,0,0,72974,3,0
1,0,0,0,24,28,4671,110588,0,0,0,0,0,251519,3,0
0,0,0,0,4,28,4672,110588,0,0,0,0,0,264649,3,0
0,0,0,0,30,28,4673,110588,0,0,0,0,0,264208,3,0
3,0,0,1,9,28,4674,110588,0,0,0,0,0,243537,3,0
3,0,0,1,29,28,4675,110588,0,0,0,0,0,276027,3,0
0,0,0,0,28,28,4676,110588,0,0,0,0,0,260405,3,0
2,0,0,1,11,28,4677,110588,0,0,0,0,0,246151,3,0
0,0,0,0,6,28,4678,110588,0,0,0,0,0,265580,5,0
1,0,0,0,18,28,4679,110588,0,0,0,0,0,252710,3,0
0,0,0,0,7,28,4680,110588,0,0,0,0,0,252014,3,0
0,0,0,0,45,29,4681,110588,0,0,0,0,0,237453,3,0
0,0,0,0,15,29,4682,110588,0,0,0,0,0,269314,3,0
0,0,0,0,13,29,4683,110588,0,0,0,0,0,243881,3,0
0,0,0,0,36,29,4684,110588,0,0,0,0,0,82838,3,0
0,0,0,0,2,29,4685,110588,0,0,0,0,0,252078,3,0
0,0,0,0,34,29,4686,110588,0,0,0,0,0,238974,3,0
0,0,0,0,32,29,4687,110588,0,0,0,0,0,82828,3,0
0,0,0,0,35,29,4688,110588,0,0,0,0,0,78131,3,0
0,0,0,0,40,29,4689,110588,0,0,0,0,0,277281,3,0
0,0,0,0,26,29,4690,110588,0,0,0,0,0,73680,3,0
0,0,0,0,31,29,4691,110588,0,0,0,0,0,211736,3,0
0,0,0,0,20,29,4692,110588,0,0,0,0,0,72769,3,0
0,0,0,0,33,0,4693,110636,0,0,0,0,0,251292,3,0
0,0,0,0,25,3,4694,110636,0,0,0,0,0,192567,2,0
1,0,0,1,15,4,4695,110636,0,0,0,0,0,263649,3,0
0,0,0,0,2,6,4696,110636,0,0,0,0,0,256459,3,0
1,0,0,1,4,7,4697,110636,0,0,0,0,0,262665,3,0
1,0,0,1,8,9,4698,110636,0,0,0,0,0,276632,2,0
1,0,0,1,46,11,4699,110636,0,0,0,0,0,278834,2,0
2,0,0,1,10,12,4700,110636,0,0,0,0,0,272982,3,0
0,0,0,0,19,16,4701,110636,0,0,0,0,0,231353,3,0
3,0,0,1,24,18,4702,110636,0,0,0,0,0,239696,4,0
8,0,0,1,13,25,4703,110636,0,0,0,0,0,233139,5,0
1,0,0,1,23,28,4704,110636,0,0,0,0,0,252903,5,0
0,0,0,0,16,28,4705,110636,0,0,0,0,0,256753,5,0
0,0,0,0,5,28,4706,110636,0,0,0,0,0,238593,3,0
1,0,0,1,44,28,4707,110636,0,0,0,0,0,77882,3,0
0,0,0,0,1,28,4708,110636,0,0,0,0,0,262298,3,0
0,0,0,0,9,28,4709,110636,0,0,0,0,0,240317,3,0
0,0,0,0,21,28,4710,110636,0,0,0,0,0,266011,3,0
0,0,0,0,20,28,4711,110636,0,0,0,0,0,262587,3,0
0,0,0,0,6,28,4712,110636,0,0,0,0,0,259559,3,0
0,0,0,0,14,28,4713,110636,0,0,0,0,0,252567,3,0
0,0,0,0,7,28,4714,110636,0,0,0,0,0,278177,3,0
0,0,0,0,12,28,4715,110636,0,0,0,0,0,260383,3,0
0,0,0,0,3,29,4716,110636,0,0,0,0,0,212244,3,0
0,0,0,0,11,29,4717,110636,0,0,0,0,0,259627,3,0
0,0,0,0,30,29,4718,110636,0,0,0,0,0,224186,3,0
0,0,0,0,40,29,4719,110636,0,0,0,0,0,269997,3,0
0,0,0,0,45,29,4720,110636,0,0,0,0,0,74414,3,0
0,0,0,0,27,29,4721,110636,0,0,0,0,0,73030,3,0
0,0,0,0,26,29,4722,110636,0,0,0,0,0,264529,3,0
0,0,0,0,29,29,4723,110636,0,0,0,0,0,83632,3,0
0,0,0,0,16,0,4724,45,0,0,0,0,0,235840,4,0
1,0,0,0,15,4,4725,45,0,0,0,0,0,255654,5,0
3,0,0,1,3,5,4726,45,0,0,0,0,0,239580,5,0
1,0,0,0,6,6,4727,45,0,0,0,0,0,231512,4,0
3,0,0,1,22,12,4728,45,0,0,0,0,0,238744,5,0
0,0,0,0,5,13,4729,45,0,0,0,0,0,222077,4,0
1,0,0,0,19,15,4730,45,0,0,0,0,0,247246,4,0
1,0,0,0,27,16,4731,45,0,0,0,0,0,258966,2,0
2,0,0,0,7,17,4732,45,0,0,0,0,0,261050,4,0
8,1,0,1,10,19,4733,45,0,0,0,0,0,277954,3,0
5,0,0,1,30,25,4734,45,0,0,0,0,0,243630,4,0
0,0,0,0,8,28,4735,45,0,0,0,0,0,240679,3,0
1,0,0,0,21,28,4736,45,0,0,0,0,0,268802,4,0
1,0,0,0,4,28,4737,45,0,0,0,0,0,266872,3,0
1,0,0,0,2,28,4738,45,0,0,0,0,0,246656,3,0
0,0,0,0,23,28,4739,45,0,0,0,0,0,189342,3,0
1,0,0,0,20,28,4740,45,0,0,0,0,0,243580,3,0
0,0,0,0,13,28,4741,45,0,0,0,0,0,224422,3,0
3,0,0,1,18,28,4742,45,0,0,0,0,0,208574,3,0
1,0,0,0,17,28,4743,45,0,0,0,0,0,75085,3,0
0,0,0,0,1,28,4744,45,0,0,0,0,0,198009,3,0
0,0,0,0,42,28,4745,45,0,0,0,0,0,71001,3,0
2,0,0,0,32,28,4746,45,0,0,0,0,0,251870,3,0
0,0,0,0,11,29,4747,45,0,0,0,0,0,239763,3,0
0,0,0,0,39,29,4748,45,0,0,0,0,0,71000,3,0
0,0,0,0,14,29,4749,45,0,0,0,0,0,205175,3,0
3,0,0,1,9,29,4750,45,0,0,0,0,0,246430,3,0
0,0,0,0,32,0,4751,48,0,0,0,0,0,224836,3,0
1,0,0,0,31,4,4752,48,0,0,0,0,0,262394,3,0
1,0,0,0,13,5,4753,48,0,0,0,0,0,244263,3,0
0,0,0,0,4,6,4754,48,0,0,0,0,0,243241,2,0
0,0,0,0,21,23,4755,48,0,0,0,0,0,216409,3,0
1,0,0,0,22,12,4756,48,0,0,0,0,0,217870,3,0
1,0,0,0,68,13,4757,48,0,0,0,0,0,216435,4,0
5,0,0,1,8,15,4758,48,0,0,0,0,0,237238,3,0
2,0,0,0,37,16,4759,48,0,0,0,0,0,202884,3,0
0,0,0,0,20,27,4760,48,0,0,0,0,0,241390,4,0
6,0,0,1,19,25,4761,48,0,0,0,0,0,259399,4,0
4,0,0,1,99,28,4762,48,0,0,0,0,0,227236,3,0
1,0,0,0,6,28,4763,48,0,0,0,0,0,245992,3,0
0,0,0,0,17,28,4764,48,0,0,0,0,0,240716,3,0
0,0,0,0,5,28,4765,48,0,0,0,0,0,200752,3,0
0,0,0,0,1,28,4766,48,0,0,0,0,0,225116,4,0
3,0,0,1,7,28,4767,48,0,0,0,0,0,236632,3,0
3,0,0,1,23,28,4768,48,0,0,0,0,0,80283,3,0
0,0,0,0,30,28,4769,48,0,0,0,0,0,239679,3,0
1,0,0,0,26,28,4770,48,0,0,0,0,0,276706,5,0
0,0,0,0,14,28,4771,48,0,0,0,0,0,220532,3,0
0,0,0,0,25,28,4772,48,0,0,0,0,0,81526,3,0
1,0,0,0,3,28,4773,48,0,0,0,0,0,261865,4,0
4,0,0,1,11,29,4774,48,0,0,0,0,0,192985,3,0
0,0,0,0,27,29,4775,48,0,0,0,0,0,79270,3,0
0,0,0,0,9,29,4776,48,0,0,0,0,0,192505,3,0
0,0,0,0,40,0,4777,50,0,0,0,0,0,271385,3,0
1,0,0,1,15,3,4778,50,0,0,0,0,0,252442,2,0
1,0,0,1,39,4,4779,50,0,0,0,0,0,268913,2,0
0,0,0,0,5,6,4780,50,0,0,0,0,0,246164,3,0
0,0,0,0,14,7,4781,50,0,0,0,0,0,258714,3,0
0,0,0,0,41,10,4782,50,0,0,0,0,0,253162,3,0
0,0,0,0,21,23,4783,50,0,0,0,0,0,269276,2,0
2,0,0,1,10,13,4784,50,0,0,0,0,0,252794,2,0
0,0,0,0,16,15,4785,50,0,0,0,0,0,261539,4,0
0,0,0,0,17,27,4786,50,0,0,0,0,0,255460,1,0
6,0,0,1,9,25,4787,50,0,0,0,0,0,263229,2,0
1,0,0,1,22,28,4788,50,0,0,0,0,0,257972,2,0
0,0,0,0,8,28,4789,50,0,0,0,0,0,240992,3,0
0,0,0,0,3,28,4790,50,0,0,0,0,0,259150,3,0
0,0,0,0,27,28,4791,50,0,0,0,0,0,75647,2,0
0,0,0,0,66,28,4792,50,0,0,0,0,0,278280,3,0
0,0,0,0,11,28,4793,50,0,0,0,0,0,236706,3,0
1,0,0,1,7,28,4794,50,0,0,0,0,0,243154,3,0
0,0,0,0,37,28,4795,50,0,0,0,0,0,278436,3,0
0,0,0,0,24,28,4796,50,0,0,0,0,0,273884,3,0
0,0,0,0,64,28,4797,50,0,0,0,0,0,81468,3,0
0,0,0,0,31,28,4798,50,0,0,0,0,0,255981,3,0
0,0,0,0,29,28,4799,50,0,0,0,0,0,270485,3,0
0,0,0,0,25,29,4800,50,0,0,0,0,0,272687,3,0
0,0,0,0,65,29,4801,50,0,0,0,0,0,76121,3,0
0,0,0,0,99,29,4802,50,0,0,0,0,0,235949,3,0
0,0,0,0,23,29,4803,50,0,0,0,0,0,275130,3,0
0,0,0,0,20,29,4804,50,0,0,0,0,0,275401,3,0
0,0,0,0,99,0,4805,52,0,0,0,0,0,230872,4,0
0,0,0,0,23,4,4806,52,0,0,0,0,0,229582,4,0
0,0,0,0,5,5,4807,52,0,0,0,0,0,236403,3,0
1,0,0,0,22,6,4808,52,0,0,0,0,0,229668,3,0
1,0,0,0,19,12,4809,52,0,0,0,0,0,224490,2,0
1,0,0,0,4,13,4810,52,0,0,0,0,0,208268,2,0
2,0,0,0,17,15,4811,52,0,0,0,0,0,250723,3,0
3,0,0,1,43,16,4812,52,0,0,0,0,0,80170,2,0
6,0,0,1,18,17,4813,52,0,0,0,0,0,265695,2,0
2,0,0,0,21,19,4814,52,0,0,0,0,0,211110,3,0
1,0,0,0,14,25,4815,52,0,0,0,0,0,231447,2,0
0,0,0,0,92,28,4816,52,0,0,0,0,0,190813,3,0
0,0,0,0,8,28,4817,52,0,0,0,0,0,262745,2,0
0,0,0,0,3,28,4818,52,0,0,0,0,0,220651,3,0
0,0,0,0,2,28,4819,52,0,0,0,0,0,258826,3,0
0,0,0,0,32,28,4820,52,0,0,0,0,0,233189,3,0
3,0,0,1,11,28,4821,52,0,0,0,0,0,259608,3,0
3,0,0,1,7,28,4822,52,0,0,0,0,0,228251,2,0
0,0,0,0,24,28,4823,52,0,0,0,0,0,276680,3,0
0,0,0,0,61,28,4824,52,0,0,0,0,0,275291,2,0
0,0,0,0,95,28,4825,52,0,0,0,0,0,211515,3,0
0,0,0,0,91,28,4826,52,0,0,0,0,0,80045,3,0
0,0,0,0,87,28,4827,52,0,0,0,0,0,277695,3,0
0,0,0,0,12,29,4828,52,0,0,0,0,0,232223,3,0
0,0,0,0,20,29,4829,52,0,0,0,0,0,76172,2,0
0,0,0,0,97,29,4830,52,0,0,0,0,0,271916,3,0
3,0,0,1,9,29,4831,52,0,0,0,0,0,242458,3,0
0,0,0,0,78,29,4832,52,0,0,0,0,0,76410,2,0
0,0,0,0,1,0,4833,54,0,0,0,0,0,235740,3,0
0,0,0,0,44,4,4834,54,0,0,0,0,0,258782,3,0
1,0,0,1,13,5,4835,54,0,0,0,0,0,219145,3,0
1,0,0,1,23,6,4836,54,0,0,0,0,0,265650,4,0
0,0,0,0,6,10,4837,54,0,0,0,0,0,266257,3,0
0,0,0,0,16,12,4838,54,0,0,0,0,0,243481,4,0
5,0,0,1,10,13,4839,54,0,0,0,0,0,241095,5,0
2,0,0,1,22,15,4840,54,0,0,0,0,0,273883,4,0
0,0,0,0,20,16,4841,54,0,0,0,0,0,211147,2,0
4,0,0,1,19,24,4842,54,0,0,0,0,0,226093,4,0
5,0,0,1,18,26,4843,54,0,0,0,0,0,216816,3,0
0,0,0,0,61,28,4844,54,0,0,0,0,0,213242,3,0
0,0,0,0,25,28,4845,54,0,0,0,0,0,255150,3,0
0,0,0,0,66,28,4846,54,0,0,0,0,0,273932,3,0
0,0,0,0,34,28,4847,54,0,0,0,0,0,201389,3,0
0,0,0,0,81,28,4848,54,0,0,0,0,0,270141,3,0
1,0,0,1,91,28,4849,54,0,0,0,0,0,215333,4,0
0,0,0,0,7,28,4850,54,0,0,0,0,0,248564,3,0
0,0,0,0,2,28,4851,54,0,0,0,0,0,241007,3,0
1,0,0,1,4,28,4852,54,0,0,0,0,0,272725,4,0
0,0,0,0,35,28,4853,54,0,0,0,0,0,278319,3,0
0,0,0,0,15,28,4854,54,0,0,0,0,0,278013,3,0
0,0,0,0,3,28,4855,54,0,0,0,0,0,241854,3,0
0,0,0,0,33,29,4856,54,0,0,0,0,0,258507,4,0
0,0,0,0,8,29,4857,54,0,0,0,0,0,258683,3,0
0,0,0,0,14,29,4858,54,0,0,0,0,0,248474,3,0
0,0,0,0,99,29,4859,54,0,0,0,0,0,70481,3,0
0,0,0,0,83,29,4860,54,0,0,0,0,0,76027,3,0
0,0,0,0,84,29,4861,54,0,0,0,0,0,75443,3,0
0,0,0,0,17,29,4862,54,0,0,0,0,0,236413,3,0
1,0,0,1,92,29,4863,54,0,0,0,0,0,70480,3,0
0,0,0,0,40,0,4864,55,0,0,0,0,0,257288,4,0
1,0,0,0,31,4,4865,55,0,0,0,0,0,261573,4,0
2,0,0,1,27,5,4866,55,0,0,0,0,0,190324,4,0
0,0,0,0,13,6,4867,55,0,0,0,0,0,271475,4,0
1,0,0,0,59,12,4868,55,0,0,0,0,0,268656,3,0
0,0,0,0,38,13,4869,55,0,0,0,0,0,275522,3,0
1,0,0,0,8,15,4870,55,0,0,0,0,0,214658,4,0
0,0,0,0,11,16,4871,55,0,0,0,0,0,220421,3,0
3,0,0,1,32,17,4872,55,0,0,0,0,0,243249,5,0
2,0,0,1,14,19,4873,55,0,0,0,0,0,272783,4,0
7,0,0,1,9,25,4874,55,0,0,0,0,0,231743,5,0
1,0,0,0,24,28,4875,55,0,0,0,0,0,229973,3,0
1,0,0,0,28,28,4876,55,0,0,0,0,0,242238,4,0
0,0,0,0,19,28,4877,55,0,0,0,0,0,225669,4,0
0,0,0,0,33,28,4878,55,0,0,0,0,0,259634,3,0
0,0,0,0,90,28,4879,55,0,0,0,0,0,266803,3,0
5,0,0,1,10,28,4880,55,0,0,0,0,0,238067,3,0
1,0,0,0,18,28,4881,55,0,0,0,0,0,224438,3,0
0,0,0,0,6,28,4882,55,0,0,0,0,0,258615,3,0
0,0,0,0,15,28,4883,55,0,0,0,0,0,246832,3,0
0,0,0,0,1,28,4884,55,0,0,0,0,0,80203,3,0
0,0,0,0,93,28,4885,55,0,0,0,0,0,162297,3,0
0,0,0,0,22,28,4886,55,0,0,0,0,0,80380,3,0
0,0,0,0,29,29,4887,55,0,0,0,0,0,77558,3,0
0,0,0,0,20,29,4888,55,0,0,0,0,0,275647,3,0
0,0,0,0,7,29,4889,55,0,0,0,0,0,76411,2,0
0,0,0,0,13,0,4890,189,0,0,0,0,0,240657,2,0
0,0,0,0,20,3,4891,189,0,0,0,0,0,252440,1,0
0,0,0,0,14,4,4892,189,0,0,0,0,0,248342,2,0
1,0,0,0,26,6,4893,189,0,0,0,0,0,231207,3,0
1,0,0,0,33,7,4894,189,0,0,0,0,0,240915,1,0
0,0,0,0,8,9,4895,189,0,0,0,0,0,202024,2,0
1,0,0,0,19,11,4896,189,0,0,0,0,0,242280,2,0
7,0,0,1,7,12,4897,189,0,0,0,0,0,233556,2,0
3,0,0,1,28,16,4898,189,0,0,0,0,0,268703,3,0
4,0,0,1,21,18,4899,189,0,0,0,0,0,234671,2,0
6,0,0,1,9,25,4900,189,0,0,0,0,0,267861,2,0
2,0,0,1,4,28,4901,189,0,0,0,0,0,252060,3,0
0,0,0,0,41,28,4902,189,0,0,0,0,0,259748,3,0
0,0,0,0,22,28,4903,189,0,0,0,0,0,210381,3,0
0,0,0,0,29,28,4904,189,0,0,0,0,0,170320,3,0
0,0,0,0,25,28,4905,189,0,0,0,0,0,75741,3,0
1,0,0,0,24,28,4906,189,0,0,0,0,0,252021,2,0
0,0,0,0,23,28,4907,189,0,0,0,0,0,244634,3,0
1,0,0,0,6,28,4908,189,0,0,0,0,0,244270,2,0
1,0,0,0,10,28,4909,189,0,0,0,0,0,212404,2,0
0,0,0,0,1,28,4910,189,0,0,0,0,0,189908,3,0
0,0,0,0,16,28,4911,189,0,0,0,0,0,239770,1,0
0,0,0,0,5,28,4912,189,0,0,0,0,0,278724,3,0
0,0,0,0,99,29,4913,189,0,0,0,0,0,257290,3,0
0,0,0,0,30,29,4914,189,0,0,0,0,0,269558,3,0
0,0,0,0,11,29,4915,189,0,0,0,0,0,266500,3,0
0,0,0,0,1,0,4916,206,0,0,0,0,0,215363,3,0
2,0,0,1,7,3,4917,206,0,0,0,0,0,276314,3,0
0,0,0,0,19,4,4918,206,0,0,0,0,0,273628,2,0
0,0,0,0,15,5,4919,206,0,0,0,0,0,235658,2,0
0,0,0,0,37,6,4920,206,0,0,0,0,0,247497,3,0
0,0,0,0,12,7,4921,206,0,0,0,0,0,252000,3,0
1,0,0,1,63,10,4922,206,0,0,0,0,0,212153,3,0
0,0,0,0,36,13,4923,206,0,0,0,0,0,248661,3,0
1,0,0,1,24,15,4924,206,0,0,0,0,0,234795,3,0
0,0,0,0,9,24,4925,206,0,0,0,0,0,256453,1,0
7,0,0,1,16,26,4926,206,0,0,0,0,0,273564,2,0
0,0,0,0,73,28,4927,206,0,0,0,0,0,252308,2,0
0,0,0,0,11,28,4928,206,0,0,0,0,0,205343,3,0
0,0,0,0,6,28,4929,206,0,0,0,0,0,267681,2,0
1,0,0,1,3,28,4930,206,0,0,0,0,0,238009,1,0
0,0,0,0,34,28,4931,206,0,0,0,0,0,210940,2,0
0,0,0,0,25,28,4932,206,0,0,0,0,0,266585,3,0
2,0,0,1,8,28,4933,206,0,0,0,0,0,230065,2,0
0,0,0,0,70,28,4934,206,0,0,0,0,0,80861,3,0
0,0,0,0,4,28,4935,206,0,0,0,0,0,223866,2,0
0,0,0,0,94,28,4936,206,0,0,0,0,0,72397,3,0
0,0,0,0,98,28,4937,206,0,0,0,0,0,79069,3,0
0,0,0,0,2,28,4938,206,0,0,0,0,0,262930,3,0
0,0,0,0,14,29,4939,206,0,0,0,0,0,235875,2,0
0,0,0,0,21,29,4940,206,0,0,0,0,0,241937,2,0
0,0,0,0,31,29,4941,206,0,0,0,0,0,255233,3,0
0,0,0,0,72,29,4942,206,0,0,0,0,0,72322,3,0
0,0,0,0,18,29,4943,206,0,0,0,0,0,257104,3,0
0,0,0,0,41,29,4944,206,0,0,0,0,0,74092,3,0
0,0,0,0,30,0,4945,347,0,0,0,0,0,210676,4,0
0,0,0,0,17,3,4946,347,0,0,0,0,0,271539,2,0
0,0,0,0,4,4,4947,347,0,0,0,0,0,275783,3,0
1,0,0,0,44,6,4948,347,0,0,0,0,0,70555,2,0
0,0,0,0,25,7,4949,347,0,0,0,0,0,244717,2,0
0,0,0,0,20,10,4950,347,0,0,0,0,0,243787,3,0
0,0,0,0,50,23,4951,347,0,0,0,0,0,253139,2,0
2,0,0,1,10,13,4952,347,0,0,0,0,0,271198,3,0
2,0,0,1,29,15,4953,347,0,0,0,0,0,230107,4,0
1,0,0,0,23,27,4954,347,0,0,0,0,0,246431,4,0
2,0,0,1,9,25,4955,347,0,0,0,0,0,273915,3,0
0,0,0,0,6,28,4956,347,0,0,0,0,0,265732,3,0
2,0,0,1,19,28,4957,347,0,0,0,0,0,271197,3,0
2,0,0,1,11,28,4958,347,0,0,0,0,0,247668,3,0
0,0,0,0,5,28,4959,347,0,0,0,0,0,259299,2,0
0,0,0,0,1,28,4960,347,0,0,0,0,0,235266,3,0
1,0,0,0,99,28,4961,347,0,0,0,0,0,268511,2,0
0,0,0,0,16,28,4962,347,0,0,0,0,0,277840,2,0
0,0,0,0,3,28,4963,347,0,0,0,0,0,247528,3,0
1,0,0,0,22,28,4964,347,0,0,0,0,0,279202,3,0
0,0,0,0,32,28,4965,347,0,0,0,0,0,278623,3,0
0,0,0,0,18,28,4966,347,0,0,0,0,0,270888,3,0
0,0,0,0,13,28,4967,347,0,0,0,0,0,80006,3,0
0,0,0,0,8,29,4968,347,0,0,0,0,0,263949,3,0
0,0,0,0,28,29,4969,347,0,0,0,0,0,80606,3,0
0,0,0,0,14,29,4970,347,0,0,0,0,0,263657,3,0
0,0,0,0,79,29,4971,347,0,0,0,0,0,266848,3,0
0,0,0,0,36,29,4972,347,0,0,0,0,0,246649,3,0
0,0,0,0,1,0,4973,1745,0,0,0,0,0,225149,4,0
0,0,0,0,28,3,4974,1745,0,0,0,0,0,77163,3,0
2,0,0,0,14,4,4975,1745,0,0,0,0,0,70966,4,0
0,0,0,0,34,6,4976,1745,0,0,0,0,0,219693,3,0
0,0,0,0,3,7,4977,1745,0,0,0,0,0,273875,3,0
2,0,0,0,23,9,4978,1745,0,0,0,0,0,267991,3,0
2,0,0,0,33,11,4979,1745,0,0,0,0,0,254579,3,0
3,0,0,1,42,12,4980,1745,0,0,0,0,0,279239,2,0
0,0,0,0,17,16,4981,1745,0,0,0,0,0,75055,2,0
8,1,0,1,10,18,4982,1745,0,0,0,0,0,277846,2,0
8,1,0,1,11,25,4983,1745,0,0,0,0,0,261478,2,0
1,0,0,0,6,28,4984,1745,0,0,0,0,0,246646,3,0
1,0,0,0,31,28,4985,1745,0,0,0,0,0,228349,2,0
1,0,0,0,18,28,4986,1745,0,0,0,0,0,205566,3,0
3,0,0,1,2,28,4987,1745,0,0,0,0,0,210719,3,0
0,0,0,0,22,28,4988,1745,0,0,0,0,0,186611,3,0
0,0,0,0,7,28,4989,1745,0,0,0,0,0,201153,2,0
1,0,0,0,19,28,4990,1745,0,0,0,0,0,239977,3,0
0,0,0,0,8,28,4991,1745,0,0,0,0,0,199564,3,0
4,0,0,1,20,28,4992,1745,0,0,0,0,0,262842,4,0
0,0,0,0,44,28,4993,1745,0,0,0,0,0,270463,3,0
0,0,0,0,12,28,4994,1745,0,0,0,0,0,80504,3,0
0,0,0,0,21,28,4995,1745,0,0,0,0,0,255900,3,0
0,0,0,0,5,29,4996,1745,0,0,0,0,0,223524,3,0
0,0,0,0,77,29,4997,1745,0,0,0,0,0,251464,3,0
0,0,0,0,15,29,4998,1745,0,0,0,0,0,75126,3,0
0,0,0,0,38,29,4999,1745,0,0,0,0,0,275324,3,0
0,0,0,0,1,0,5000,1842,0,0,0,0,0,255303,3,0
1,0,0,0,2,3,5001,1842,0,0,0,0,0,278339,4,0
0,0,0,0,32,4,5002,1842,0,0,0,0,0,278668,4,0
1,0,0,0,26,5,5003,1842,0,0,0,0,0,220523,4,0
0,0,0,0,15,6,5004,1842,0,0,0,0,0,78037,3,0
0,0,0,0,33,7,5005,1842,0,0,0,0,0,266636,4,0
2,0,0,1,4,10,5006,1842,0,0,0,0,0,221331,4,0
1,0,0,0,8,13,5007,1842,0,0,0,0,0,254982,5,0
2,0,0,1,10,15,5008,1842,0,0,0,0,0,246877,4,0
4,0,0,1,9,24,5009,1842,0,0,0,0,0,274616,4,0
3,0,0,1,94,26,5010,1842,0,0,0,0,0,247888,4,0
1,0,0,0,90,28,5011,1842,0,0,0,0,0,268683,3,0
0,0,0,0,14,28,5012,1842,0,0,0,0,0,229743,3,0
0,0,0,0,28,28,5013,1842,0,0,0,0,0,252964,3,0
2,0,0,1,3,28,5014,1842,0,0,0,0,0,73095,4,0
0,0,0,0,24,28,5015,1842,0,0,0,0,0,271199,3,0
3,0,0,1,29,28,5016,1842,0,0,0,0,0,252942,3,0
2,0,0,1,17,28,5017,1842,0,0,0,0,0,248857,3,0
0,0,0,0,99,28,5018,1842,0,0,0,0,0,74768,3,0
0,0,0,0,20,28,5019,1842,0,0,0,0,0,71730,3,0
0,0,0,0,34,28,5020,1842,0,0,0,0,0,81328,3,0
0,0,0,0,12,28,5021,1842,0,0,0,0,0,73838,3,0
0,0,0,0,22,28,5022,1842,0,0,0,0,0,237586,3,0
1,0,0,0,25,29,5023,1842,0,0,0,0,0,271577,4,0
0,0,0,0,27,29,5024,1842,0,0,0,0,0,80407,3,0
2,0,0,1,19,29,5025,1842,0,0,0,0,0,208596,3,0
0,0,0,0,30,29,5026,1842,0,0,0,0,0,205850,3,0
1,0,0,0,37,29,5027,1842,0,0,0,0,0,82808,3,0
0,0,0,0,43,0,5028,110374,0,0,0,0,0,193080,3,0
0,0,0,0,2,3,5029,110374,0,0,0,0,0,234112,4,0
1,0,0,0,15,4,5030,110374,0,0,0,0,0,278340,4,0
0,0,0,0,5,6,5031,110374,0,0,0,0,0,238370,2,0
2,0,0,1,21,7,5032,110374,0,0,0,0,0,223697,2,0
0,0,0,0,44,10,5033,110374,0,0,0,0,0,260823,3,0
1,0,0,0,19,23,5034,110374,0,0,0,0,0,246791,3,0
6,0,0,1,8,13,5035,110374,0,0,0,0,0,225439,3,0
1,0,0,0,27,15,5036,110374,0,0,0,0,0,276682,3,0
4,0,0,1,10,27,5037,110374,0,0,0,0,0,238004,3,0
5,0,0,1,20,25,5038,110374,0,0,0,0,0,236610,3,0
2,0,0,1,80,28,5039,110374,0,0,0,0,0,271019,2,0
0,0,0,0,29,28,5040,110374,0,0,0,0,0,72180,3,0
1,0,0,0,6,28,5041,110374,0,0,0,0,0,240777,3,0
0,0,0,0,65,28,5042,110374,0,0,0,0,0,258976,3,0
0,0,0,0,53,28,5043,110374,0,0,0,0,0,236758,3,0
2,0,0,1,91,28,5044,110374,0,0,0,0,0,248385,4,0
0,0,0,0,22,28,5045,110374,0,0,0,0,0,266596,3,0
0,0,0,0,24,28,5046,110374,0,0,0,0,0,211320,3,0
2,0,0,1,4,28,5047,110374,0,0,0,0,0,257785,2,0
0,0,0,0,1,28,5048,110374,0,0,0,0,0,219584,3,0
0,0,0,0,23,28,5049,110374,0,0,0,0,0,80505,3,0
0,0,0,0,60,28,5050,110374,0,0,0,0,0,74926,3,0
0,0,0,0,48,29,5051,110374,0,0,0,0,0,242418,3,0
0,0,0,0,11,29,5052,110374,0,0,0,0,0,237499,3,0
0,0,0,0,17,29,5053,110374,0,0,0,0,0,232080,3,0
0,0,0,0,61,29,5054,110374,0,0,0,0,0,80508,3,0
0,0,0,0,99,29,5055,110374,0,0,0,0,0,235866,3,0
0,0,0,0,1,0,5056,110556,0,0,0,0,0,201299,3,0
1,0,0,0,15,3,5057,110556,0,0,0,0,0,260653,4,0
0,0,0,0,27,4,5058,110556,0,0,0,0,0,276477,2,0
0,0,0,0,34,5,5059,110556,0,0,0,0,0,271882,3,0
0,0,0,0,22,6,5060,110556,0,0,0,0,0,244349,2,0
1,0,0,0,3,7,5061,110556,0,0,0,0,0,236295,2,0
1,0,0,0,32,10,5062,110556,0,0,0,0,0,242633,4,0
4,0,0,1,17,13,5063,110556,0,0,0,0,0,231969,4,0
1,0,0,0,77,15,5064,110556,0,0,0,0,0,264436,3,0
5,0,0,1,29,24,5065,110556,0,0,0,0,0,256899,3,0
3,0,0,1,9,26,5066,110556,0,0,0,0,0,263829,4,0
0,0,0,0,70,28,5067,110556,0,0,0,0,0,215798,3,0
0,0,0,0,73,28,5068,110556,0,0,0,0,0,276485,3,0
4,0,0,1,5,28,5069,110556,0,0,0,0,0,238516,2,0
0,0,0,0,20,28,5070,110556,0,0,0,0,0,206159,3,0
0,0,0,0,31,28,5071,110556,0,0,0,0,0,202886,3,0
2,0,0,1,18,28,5072,110556,0,0,0,0,0,239795,3,0
1,0,0,0,8,28,5073,110556,0,0,0,0,0,269312,3,0
1,0,0,0,10,28,5074,110556,0,0,0,0,0,240938,4,0
2,0,0,1,21,28,5075,110556,0,0,0,0,0,74485,3,0
0,0,0,0,16,28,5076,110556,0,0,0,0,0,232229,2,0
0,0,0,0,35,28,5077,110556,0,0,0,0,0,81467,3,0
0,0,0,0,39,28,5078,110556,0,0,0,0,0,225432,3,0
0,0,0,0,13,29,5079,110556,0,0,0,0,0,71553,3,0
0,0,0,0,4,29,5080,110556,0,0,0,0,0,79913,3,0
0,0,0,0,14,29,5081,110556,0,0,0,0,0,255934,3,0
0,0,0,0,86,29,5082,110556,0,0,0,0,0,77830,3,0
0,0,0,0,1,0,5083,110738,0,0,0,0,0,244274,3,0
0,0,0,0,33,4,5084,110738,0,0,0,0,0,229574,3,0
0,0,0,0,4,5,5085,110738,0,0,0,0,0,199174,2,0
0,0,0,0,5,6,5086,110738,0,0,0,0,0,264480,2,0
1,0,0,1,15,12,5087,110738,0,0,0,0,0,233396,2,0
0,0,0,0,6,13,5088,110738,0,0,0,0,0,252313,2,0
1,0,0,1,20,15,5089,110738,0,0,0,0,0,236898,4,0
0,0,0,0,3,16,5090,110738,0,0,0,0,0,270658,2,0
5,0,0,1,32,17,5091,110738,0,0,0,0,0,222959,2,0
2,0,0,1,10,19,5092,110738,0,0,0,0,0,240797,2,0
2,0,0,1,9,25,5093,110738,0,0,0,0,0,277309,2,0
1,0,0,1,11,28,5094,110738,0,0,0,0,0,193082,3,0
0,0,0,0,36,28,5095,110738,0,0,0,0,0,268790,3,0
0,0,0,0,14,28,5096,110738,0,0,0,0,0,70471,3,0
0,0,0,0,39,28,5097,110738,0,0,0,0,0,157481,3,0
0,0,0,0,22,28,5098,110738,0,0,0,0,0,220048,3,0
1,0,0,1,17,28,5099,110738,0,0,0,0,0,273128,3,0
1,0,0,1,7,28,5100,110738,0,0,0,0,0,240660,3,0
0,0,0,0,26,28,5101,110738,0,0,0,0,0,278294,3,0
0,0,0,0,8,28,5102,110738,0,0,0,0,0,253464,3,0
0,0,0,0,12,28,5103,110738,0,0,0,0,0,205496,3,0
0,0,0,0,2,28,5104,110738,0,0,0,0,0,72912,2,0
0,0,0,0,44,28,5105,110738,0,0,0,0,0,74876,3,0
0,0,0,0,35,29,5106,110738,0,0,0,0,0,71230,2,0
0,0,0,0,21,29,5107,110738,0,0,0,0,0,71296,3,0
0,0,0,0,29,29,5108,110738,0,0,0,0,0,272379,3,0
1,0,0,1,99,29,5109,110738,0,0,0,0,0,81307,3,0
0,0,0,0,23,29,5110,110738,0,0,0,0,0,236593,3,0
0,0,0,0,81,29,5111,110738,0,0,0,0,0,255562,2,0
0,0,0,0,1,0,5112,111434,0,0,0,0,0,228413,4,0
0,0,0,0,4,3,5113,111434,0,0,0,0,0,275162,3,0
2,0,0,1,24,4,5114,111434,0,0,0,0,0,271579,2,0
2,0,0,1,6,5,5115,111434,0,0,0,0,0,268573,2,0
0,0,0,0,15,6,5116,111434,0,0,0,0,0,205363,3,0
0,0,0,0,3,7,5117,111434,0,0,0,0,0,230681,3,0
0,0,0,0,38,10,5118,111434,0,0,0,0,0,257353,3,0
1,0,0,0,32,13,5119,111434,0,0,0,0,0,240970,3,0
0,0,0,0,27,15,5120,111434,0,0,0,0,0,217338,3,0
5,0,0,1,90,24,5121,111434,0,0,0,0,0,223137,3,0
5,0,0,1,10,26,5122,111434,0,0,0,0,0,208830,2,0
0,0,0,0,18,28,5123,111434,0,0,0,0,0,268576,3,0
0,0,0,0,33,28,5124,111434,0,0,0,0,0,220475,2,0
0,0,0,0,22,28,5125,111434,0,0,0,0,0,74071,3,0
0,0,0,0,23,28,5126,111434,0,0,0,0,0,210964,2,0
0,0,0,0,16,28,5127,111434,0,0,0,0,0,190745,3,0
0,0,0,0,9,28,5128,111434,0,0,0,0,0,192840,3,0
0,0,0,0,7,28,5129,111434,0,0,0,0,0,237669,4,0
1,0,0,0,13,28,5130,111434,0,0,0,0,0,220534,3,0
1,0,0,0,99,28,5131,111434,0,0,0,0,0,219932,3,0
0,0,0,0,69,28,5132,111434,0,0,0,0,0,278331,3,0
0,0,0,0,30,28,5133,111434,0,0,0,0,0,277118,2,0
1,0,0,0,55,28,5134,111434,0,0,0,0,0,74448,2,0
0,0,0,0,29,29,5135,111434,0,0,0,0,0,236838,3,0
2,0,0,1,2,29,5136,111434,0,0,0,0,0,222475,3,0
0,0,0,0,14,29,5137,111434,0,0,0,0,0,256669,3,0
0,0,0,0,77,29,5138,111434,0,0,0,0,0,233732,3,0
0,0,0,0,49,0,5139,111974,0,0,0,0,0,233164,2,0
0,0,0,0,6,3,5140,111974,0,0,0,0,0,243497,3,0
0,0,0,0,21,4,5141,111974,0,0,0,0,0,262396,4,0
2,0,0,0,80,6,5142,111974,0,0,0,0,0,262027,4,0
0,0,0,0,3,7,5143,111974,0,0,0,0,0,255561,3,0
1,0,0,0,18,10,5144,111974,0,0,0,0,0,191202,4,0
5,0,0,1,10,23,5145,111974,0,0,0,0,0,210935,5,0
2,0,0,0,42,13,5146,111974,0,0,0,0,0,242725,4,0
4,0,0,1,90,15,5147,111974,0,0,0,0,0,264207,4,0
3,0,0,1,45,27,5148,111974,0,0,0,0,0,243593,4,0
4,0,0,1,99,25,5149,111974,0,0,0,0,0,235842,2,0
0,0,0,0,40,28,5150,111974,0,0,0,0,0,252027,3,0
0,0,0,0,25,28,5151,111974,0,0,0,0,0,251335,3,0
0,0,0,0,5,28,5152,111974,0,0,0,0,0,256856,3,0
0,0,0,0,19,28,5153,111974,0,0,0,0,0,226108,3,0
0,0,0,0,13,28,5154,111974,0,0,0,0,0,254502,3,0
1,0,0,0,7,28,5155,111974,0,0,0,0,0,265761,3,0
2,0,0,0,20,28,5156,111974,0,0,0,0,0,263882,3,0
0,0,0,0,35,28,5157,111974,0,0,0,0,0,274702,3,0
3,0,0,1,8,28,5158,111974,0,0,0,0,0,240452,3,0
0,0,0,0,12,28,5159,111974,0,0,0,0,0,235806,3,0
0,0,0,0,16,28,5160,111974,0,0,0,0,0,80811,3,0
0,0,0,0,96,28,5161,111974,0,0,0,0,0,81732,3,0
0,0,0,0,98,29,5162,111974,0,0,0,0,0,223143,3,0
0,0,0,0,15,29,5163,111974,0,0,0,0,0,276705,3,0
0,0,0,0,11,29,5164,111974,0,0,0,0,0,268462,3,0
1,0,0,0,44,29,5165,111974,0,0,0,0,0,270657,3,0
0,0,0,0,97,29,5166,111974,0,0,0,0,0,72098,3,0
0,0,0,0,24,29,5167,111974,0,0,0,0,0,248787,3,0
0,0,0,0,94,0,5168,115841,0,0,0,0,0,224987,3,0
0,0,0,0,77,3,5169,115841,0,0,0,0,0,224031,3,0
0,0,0,0,34,4,5170,115841,0,0,0,0,0,268804,2,0
0,0,0,0,13,6,5171,115841,0,0,0,0,0,210413,3,0
0,0,0,0,3,7,5172,115841,0,0,0,0,0,243237,4,0
3,0,0,1,32,10,5173,115841,0,0,0,0,0,211361,4,0
3,0,0,1,22,23,5174,115841,0,0,0,0,0,263929,3,0
1,0,0,0,24,13,5175,115841,0,0,0,0,0,255009,4,0
1,0,0,0,26,15,5176,115841,0,0,0,0,0,245275,3,0
3,0,0,1,10,27,5177,115841,0,0,0,0,0,220502,3,0
1,0,0,0,19,25,5178,115841,0,0,0,0,0,246242,3,0
0,0,0,0,6,28,5179,115841,0,0,0,0,0,255001,3,0
2,0,0,1,18,28,5180,115841,0,0,0,0,0,248729,4,0
0,0,0,0,29,28,5181,115841,0,0,0,0,0,235374,3,0
0,0,0,0,25,28,5182,115841,0,0,0,0,0,266123,3,0
0,0,0,0,40,28,5183,115841,0,0,0,0,0,277802,3,0
2,0,0,1,14,28,5184,115841,0,0,0,0,0,264257,3,0
2,0,0,1,9,28,5185,115841,0,0,0,0,0,189505,4,0
0,0,0,0,27,28,5186,115841,0,0,0,0,0,255611,3,0
0,0,0,0,20,28,5187,115841,0,0,0,0,0,275978,4,0
0,0,0,0,55,28,5188,115841,0,0,0,0,0,270217,3,0
0,0,0,0,2,28,5189,115841,0,0,0,0,0,219581,3,0
0,0,0,0,4,28,5190,115841,0,0,0,0,0,206098,3,0
0,0,0,0,23,29,5191,115841,0,0,0,0,0,210864,3,0
0,0,0,0,17,29,5192,115841,0,0,0,0,0,251530,3,0
0,0,0,0,21,29,5193,115841,0,0,0,0,0,275163,3,0
0,0,0,0,95,29,5194,115841,0,0,0,0,0,73162,3,0
0,0,0,0,7,29,5195,115841,0,0,0,0,0,258890,3,0
0,0,0,0,28,29,5196,115841,0,0,0,0,0,274444,3,0
0,0,0,0,31,29,5197,115841,0,0,0,0,0,278338,3,0
0,0,0,0,29,0,5198,115845,0,0,0,0,0,252154,5,0
2,0,0,1,42,4,5199,115845,0,0,0,0,0,265188,4,0
0,0,0,0,19,5,5200,115845,0,0,0,0,0,208165,4,0
0,0,0,0,69,6,5201,115845,0,0,0,0,0,74483,1,0
0,0,0,0,77,12,5202,115845,0,0,0,0,0,216150,4,0
1,0,0,0,15,13,5203,115845,0,0,0,0,0,208461,4,0
0,0,0,0,13,15,5204,115845,0,0,0,0,0,266866,5,0
0,0,0,0,47,16,5205,115845,0,0,0,0,0,74574,4,0
3,0,0,1,17,17,5206,115845,0,0,0,0,0,251470,4,0
1,0,0,0,59,19,5207,115845,0,0,0,0,0,262113,3,0
6,0,0,1,90,25,5208,115845,0,0,0,0,0,277839,3,0
2,0,0,1,8,28,5209,115845,0,0,0,0,0,223273,3,0
0,0,0,0,16,28,5210,115845,0,0,0,0,0,247229,3,0
1,0,0,0,10,28,5211,115845,0,0,0,0,0,256115,3,0
1,0,0,0,4,28,5212,115845,0,0,0,0,0,260697,3,0
0,0,0,0,57,28,5213,115845,0,0,0,0,0,216065,3,0
6,0,0,1,9,28,5214,115845,0,0,0,0,0,226710,3,0
2,0,0,1,7,28,5215,115845,0,0,0,0,0,256035,4,0
1,0,0,0,3,28,5216,115845,0,0,0,0,0,246875,3,0
1,0,0,0,18,28,5217,115845,0,0,0,0,0,253002,3,0
0,0,0,0,31,28,5218,115845,0,0,0,0,0,194894,3,0
0,0,0,0,40,28,5219,115845,0,0,0,0,0,76955,3,0
0,0,0,0,23,28,5220,115845,0,0,0,0,0,207993,3,0
0,0,0,0,5,29,5221,115845,0,0,0,0,0,239368,3,0
0,0,0,0,6,29,5222,115845,0,0,0,0,0,253177,3,0
0,0,0,0,16,0,5223,131681,0,0,0,0,0,215698,3,0
2,0,0,1,56,3,5224,131681,0,0,0,0,0,242664,3,0
0,0,0,0,23,4,5225,131681,0,0,0,0,0,232756,3,0
0,0,0,0,46,5,5226,131681,0,0,0,0,0,240277,4,0
1,0,0,0,5,6,5227,131681,0,0,0,0,0,265774,4,0
2,0,0,1,33,7,5228,131681,0,0,0,0,0,278237,4,0
1,0,0,0,14,10,5229,131681,0,0,0,0,0,177003,4,0
1,0,0,0,4,13,5230,131681,0,0,0,0,0,253473,3,0
4,0,0,1,12,15,5231,131681,0,0,0,0,0,210008,5,0
8,1,0,1,11,24,5232,131681,0,0,0,0,0,227796,3,0
7,0,0,1,10,26,5233,131681,0,0,0,0,0,241721,3,0
1,0,0,0,19,28,5234,131681,0,0,0,0,0,245630,4,0
2,0,0,1,8,28,5235,131681,0,0,0,0,0,213666,5,0
0,0,0,0,2,28,5236,131681,0,0,0,0,0,237942,3,0
2,0,0,1,31,28,5237,131681,0,0,0,0,0,254840,4,0
0,0,0,0,1,28,5238,131681,0,0,0,0,0,205812,3,0
1,0,0,0,9,28,5239,131681,0,0,0,0,0,205431,3,0
5,0,0,1,18,28,5240,131681,0,0,0,0,0,232411,5,0
1,0,0,0,24,28,5241,131681,0,0,0,0,0,279782,5,0
0,0,0,0,7,28,5242,131681,0,0,0,0,0,245152,3,0
0,0,0,0,37,28,5243,131681,0,0,0,0,0,80809,3,0
0,0,0,0,96,28,5244,131681,0,0,0,0,0,72179,3,0
0,0,0,0,27,28,5245,131681,0,0,0,0,0,73286,3,0
0,0,0,0,30,29,5246,131681,0,0,0,0,0,257186,3,0
0,0,0,0,15,29,5247,131681,0,0,0,0,0,74010,3,0
0,0,0,0,25,29,5248,131681,0,0,0,0,0,81252,3,0
0,0,0,0,1,0,5249,131682,0,0,0,0,0,177683,4,0
0,0,0,0,11,3,5250,131682,0,0,0,0,0,256632,4,0
1,0,0,0,31,4,5251,131682,0,0,0,0,0,241736,2,0
0,0,0,0,25,5,5252,131682,0,0,0,0,0,229237,4,0
1,0,0,0,95,6,5253,131682,0,0,0,0,0,237383,4,0
5,0,0,1,32,7,5254,131682,0,0,0,0,0,226268,4,0
7,0,0,1,20,10,5255,131682,0,0,0,0,0,208128,3,0
1,0,0,0,23,13,5256,131682,0,0,0,0,0,224232,3,0
4,0,0,0,7,15,5257,131682,0,0,0,0,0,210406,4,0
6,0,0,1,9,24,5258,131682,0,0,0,0,0,228093,3,0
13,1,0,1,10,26,5259,131682,0,0,0,1,0,231478,5,0
1,0,0,0,22,28,5260,131682,0,0,0,0,0,192883,3,0
1,0,0,0,8,28,5261,131682,0,0,0,0,0,276278,3,0
0,0,0,0,15,28,5262,131682,0,0,0,0,0,199845,3,0
1,0,0,0,30,28,5263,131682,0,0,0,0,0,258648,3,0
0,0,0,0,13,28,5264,131682,0,0,0,0,0,243311,3,0
5,0,0,1,14,28,5265,131682,0,0,0,0,0,259565,3,0
0,0,0,0,16,28,5266,131682,0,0,0,0,0,239807,2,0
0,0,0,0,6,28,5267,131682,0,0,0,0,0,198176,3,0
3,0,0,0,94,28,5268,131682,0,0,0,0,0,277327,3,0
0,0,0,0,12,28,5269,131682,0,0,0,0,0,219715,3,0
0,0,0,0,60,28,5270,131682,0,0,0,0,0,77523,3,0
0,0,0,0,29,28,5271,131682,0,0,0,0,0,77325,3,0
0,0,0,0,36,29,5272,131682,0,0,0,0,0,184392,3,0
1,0,0,0,2,29,5273,131682,0,0,0,0,0,233096,3,0
0,0,0,0,43,29,5274,131682,0,0,0,0,0,77615,3,0
0,0,0,0,17,29,5275,131682,0,0,0,0,0,268534,3,0
0,0,0,0,90,29,5276,131682,0,0,0,0,0,82087,3,0
0,0,0,0,1,0,5277,200,0,0,0,0,0,276839,3,0
0,0,0,0,3,3,5278,200,0,0,0,0,0,216072,4,0
0,0,0,0,26,4,5279,200,0,0,0,0,0,239550,3,0
0,0,0,0,13,5,5280,200,0,0,0,0,0,190602,2,0
0,0,0,0,6,6,5281,200,0,0,0,0,0,248171,2,0
0,0,0,0,99,7,5282,200,0,0,0,0,0,268672,3,0
0,0,0,0,14,10,5283,200,0,0,0,0,0,222355,2,0
1,0,0,1,21,13,5284,200,0,0,0,0,0,243527,4,0
0,0,0,0,8,15,5285,200,0,0,0,0,0,205726,3,0
5,0,0,1,27,24,5286,200,0,0,0,0,0,260456,3,0
5,0,0,1,9,26,5287,200,0,0,0,0,0,238413,3,0
0,0,0,0,19,28,5288,200,0,0,0,0,0,195272,3,0
4,0,0,1,7,28,5289,200,0,0,0,0,0,79090,4,0
0,0,0,0,5,28,5290,200,0,0,0,0,0,278912,3,0
0,0,0,0,95,28,5291,200,0,0,0,0,0,243513,3,0
0,0,0,0,22,28,5292,200,0,0,0,0,0,277634,3,0
0,0,0,0,11,28,5293,200,0,0,0,0,0,198219,3,0
3,0,0,1,33,28,5294,200,0,0,0,0,0,271399,2,0
1,0,0,1,2,28,5295,200,0,0,0,0,0,263550,3,0
0,0,0,0,74,28,5296,200,0,0,0,0,0,253071,3,0
0,0,0,0,23,28,5297,200,0,0,0,0,0,79086,3,0
0,0,0,0,15,28,5298,200,0,0,0,0,0,263647,3,0
0,0,0,0,73,28,5299,200,0,0,0,0,0,276940,3,0
0,0,0,0,24,29,5300,200,0,0,0,0,0,275067,3,0
0,0,0,0,98,29,5301,200,0,0,0,0,0,225128,3,0
0,0,0,0,36,29,5302,200,0,0,0,0,0,80840,3,0
0,0,0,0,20,29,5303,200,0,0,0,0,0,80085,3,0
1,0,0,1,10,29,5304,200,0,0,0,0,0,247887,3,0
0,0,0,0,17,29,5305,200,0,0,0,0,0,236836,3,0
0,0,0,0,91,29,5306,200,0,0,0,0,0,74504,3,0
0,0,0,0,1,0,5307,205,0,0,0,0,0,269271,3,0
2,0,0,0,18,3,5308,205,0,0,0,0,0,271856,3,0
1,0,0,0,3,4,5309,205,0,0,0,0,0,277214,4,0
2,0,0,0,30,5,5310,205,0,0,0,0,0,250779,2,0
0,0,0,0,33,6,5311,205,0,0,0,0,0,235800,3,0
1,0,0,0,19,7,5312,205,0,0,0,0,0,258533,3,0
5,0,0,1,6,10,5313,205,0,0,0,0,0,242332,4,0
2,0,0,0,71,13,5314,205,0,0,0,0,0,236760,4,0
3,0,0,1,8,15,5315,205,0,0,0,0,0,73379,3,0
11,1,0,1,9,24,5316,205,0,0,0,0,0,259107,2,0
8,0,0,1,10,26,5317,205,0,0,0,0,0,242755,3,0
1,0,0,0,28,28,5318,205,0,0,0,0,0,79093,3,0
0,0,0,0,5,28,5319,205,0,0,0,0,0,210384,3,0
0,0,0,0,4,28,5320,205,0,0,0,0,0,254928,3,0
1,0,0,0,2,28,5321,205,0,0,0,0,0,274130,3,0
0,0,0,0,22,28,5322,205,0,0,0,0,0,236378,3,0
1,0,0,0,32,28,5323,205,0,0,0,0,0,208535,3,0
0,0,0,0,20,28,5324,205,0,0,0,0,0,275087,3,0
1,0,0,0,21,28,5325,205,0,0,0,0,0,276804,3,0
3,0,0,1,80,28,5326,205,0,0,0,0,0,73408,3,0
0,0,0,0,23,28,5327,205,0,0,0,0,0,230636,3,0
0,0,0,0,14,28,5328,205,0,0,0,0,0,219725,3,0
0,0,0,0,48,28,5329,205,0,0,0,0,0,80887,3,0
0,0,0,0,16,29,5330,205,0,0,0,0,0,245560,3,0
0,0,0,0,37,29,5331,205,0,0,0,0,0,234894,3,0
0,0,0,0,24,29,5332,205,0,0,0,0,0,271201,3,0
0,0,0,0,99,29,5333,205,0,0,0,0,0,275554,3,0
0,0,0,0,11,29,5334,205,0,0,0,0,0,276252,3,0
0,0,0,0,29,29,5335,205,0,0,0,0,0,239418,3,0
0,0,0,0,1,0,5336,1744,0,0,0,0,0,191628,3,0
1,0,0,0,98,3,5337,1744,0,0,0,0,0,235935,3,0
2,0,0,1,77,4,5338,1744,0,0,0,0,0,80863,3,0
0,0,0,0,28,5,5339,1744,0,0,0,0,0,208146,3,0
2,0,0,1,20,6,5340,1744,0,0,0,0,0,271215,3,0
2,0,0,1,7,7,5341,1744,0,0,0,0,0,219655,4,0
0,0,0,0,16,10,5342,1744,0,0,0,0,0,225428,3,0
1,0,0,0,17,13,5343,1744,0,0,0,0,0,270341,4,0
1,0,0,0,8,15,5344,1744,0,0,0,0,0,242411,3,0
9,1,0,1,9,24,5345,1744,0,0,0,0,0,220065,2,0
1,0,0,0,92,26,5346,1744,0,0,0,0,0,202851,3,0
0,0,0,0,18,28,5347,1744,0,0,0,0,0,274089,3,0
1,0,0,0,5,28,5348,1744,0,0,0,0,0,277696,3,0
0,0,0,0,25,28,5349,1744,0,0,0,0,0,72097,3,0
0,0,0,0,2,28,5350,1744,0,0,0,0,0,73767,4,0
0,0,0,0,78,28,5351,1744,0,0,0,0,0,73417,3,0
1,0,0,0,99,28,5352,1744,0,0,0,0,0,237391,2,0
3,0,0,1,11,28,5353,1744,0,0,0,0,0,254824,2,0
0,0,0,0,33,28,5354,1744,0,0,0,0,0,252746,3,0
0,0,0,0,70,28,5355,1744,0,0,0,0,0,272726,3,0
0,0,0,0,22,28,5356,1744,0,0,0,0,0,80864,3,0
0,0,0,0,13,28,5357,1744,0,0,0,0,0,265193,3,0
0,0,0,0,19,28,5358,1744,0,0,0,0,0,80862,2,0
0,0,0,0,29,29,5359,1744,0,0,0,0,0,232271,3,0
0,0,0,0,14,29,5360,1744,0,0,0,0,0,83644,3,0
0,0,0,0,21,0,5361,1746,0,0,0,0,0,220720,4,0
0,0,0,0,20,4,5362,1746,0,0,0,0,0,258946,3,0
2,0,0,0,34,5,5363,1746,0,0,0,0,0,271921,3,0
0,0,0,0,5,6,5364,1746,0,0,0,0,0,73296,4,0
1,0,0,0,7,12,5365,1746,0,0,0,0,0,251762,4,0
1,0,0,0,14,13,5366,1746,0,0,0,0,0,266069,2,0
0,0,0,0,18,15,5367,1746,0,0,0,0,0,257164,4,0
0,0,0,0,27,16,5368,1746,0,0,0,0,0,79088,2,0
1,0,0,0,10,17,5369,1746,0,0,0,0,0,262480,2,0
3,0,0,1,15,19,5370,1746,0,0,0,0,0,234358,2,0
6,0,0,1,11,25,5371,1746,0,0,0,0,0,277515,2,0
0,0,0,0,16,28,5372,1746,0,0,0,0,0,259058,3,0
0,0,0,0,6,28,5373,1746,0,0,0,0,0,271922,3,0
0,0,0,0,25,28,5374,1746,0,0,0,0,0,74150,4,0
0,0,0,0,2,28,5375,1746,0,0,0,0,0,268762,3,0
0,0,0,0,1,28,5376,1746,0,0,0,0,0,230858,3,0
5,0,0,1,77,28,5377,1746,0,0,0,0,0,74490,3,0
1,0,0,0,70,28,5378,1746,0,0,0,0,0,270101,3,0
3,0,0,1,19,28,5379,1746,0,0,0,0,0,270614,3,0
3,0,0,1,9,28,5380,1746,0,0,0,0,0,238873,3,0
0,0,0,0,12,28,5381,1746,0,0,0,0,0,244483,3,0
0,0,0,0,28,28,5382,1746,0,0,0,0,0,271924,3,0
0,0,0,0,4,28,5383,1746,0,0,0,0,0,198857,3,0
0,0,0,0,26,29,5384,1746,0,0,0,0,0,252315,3,0
0,0,0,0,24,29,5385,1746,0,0,0,0,0,224213,3,0
0,0,0,0,32,29,5386,1746,0,0,0,0,0,225117,3,0
0,0,0,0,99,29,5387,1746,0,0,0,0,0,264402,3,0
0,0,0,0,89,29,5388,1746,0,0,0,0,0,76025,3,0
2,0,0,0,17,29,5389,1746,0,0,0,0,0,267593,2,0
0,0,0,0,50,0,5390,1837,0,0,0,0,0,275325,2,0
2,0,0,1,23,3,5391,1837,0,0,0,0,0,235834,3,0
0,0,0,0,17,4,5392,1837,0,0,0,0,0,236541,3,0
0,0,0,0,28,5,5393,1837,0,0,0,0,0,229082,3,0
0,0,0,0,2,6,5394,1837,0,0,0,0,0,264044,3,0
1,0,0,1,7,7,5395,1837,0,0,0,0,0,251951,4,0
1,0,0,1,94,10,5396,1837,0,0,0,0,0,252290,3,0
2,0,0,1,16,13,5397,1837,0,0,0,0,0,219952,3,0
1,0,0,1,10,15,5398,1837,0,0,0,0,0,278966,4,0
1,0,0,1,20,24,5399,1837,0,0,0,0,0,271575,2,0
9,1,0,1,9,26,5400,1837,0,0,0,0,0,185144,3,0
1,0,0,1,72,28,5401,1837,0,0,0,0,0,236791,3,0
1,0,0,1,33,28,5402,1837,0,0,0,0,0,279093,3,0
0,0,0,0,29,28,5403,1837,0,0,0,0,0,261243,4,0
0,0,0,0,31,28,5404,1837,0,0,0,0,0,270655,3,0
0,0,0,0,1,28,5405,1837,0,0,0,0,0,270756,3,0
0,0,0,0,77,28,5406,1837,0,0,0,0,0,241628,3,0
1,0,0,1,99,28,5407,1837,0,0,0,0,0,253019,2,0
0,0,0,0,25,28,5408,1837,0,0,0,0,0,219852,3,0
0,0,0,0,21,28,5409,1837,0,0,0,0,0,270088,3,0
0,0,0,0,98,28,5410,1837,0,0,0,0,0,234903,3,0
0,0,0,0,30,28,5411,1837,0,0,0,0,0,173165,3,0
0,0,0,0,13,28,5412,1837,0,0,0,0,0,72324,2,0
0,0,0,0,5,29,5413,1837,0,0,0,0,0,278014,3,0
0,0,0,0,18,29,5414,1837,0,0,0,0,0,220509,3,0
0,0,0,0,4,29,5415,1837,0,0,0,0,0,206306,3,0
1,0,0,1,8,29,5416,1837,0,0,0,0,0,208424,4,0
0,0,0,0,11,29,5417,1837,0,0,0,0,0,276736,3,0
0,0,0,0,34,29,5418,1837,0,0,0,0,0,81377,3,0
1,0,0,1,92,29,5419,1837,0,0,0,0,0,236767,3,0
0,0,0,0,66,0,5420,1843,0,0,0,0,0,199904,3,0
0,0,0,0,19,4,5421,1843,0,0,0,0,0,199763,3,0
1,0,0,0,13,5,5422,1843,0,0,0,0,0,224378,4,0
1,0,0,0,32,6,5423,1843,0,0,0,0,0,219956,4,0
4,0,0,1,27,12,5424,1843,0,0,0,0,0,270926,3,0
4,0,0,1,8,13,5425,1843,0,0,0,0,0,244836,4,0
2,0,0,1,10,15,5426,1843,0,0,0,0,0,244874,4,0
0,0,0,0,3,16,5427,1843,0,0,0,0,0,240100,3,0
1,0,0,0,5,17,5428,1843,0,0,0,0,0,224982,4,0
4,0,0,1,21,19,5429,1843,0,0,0,0,0,257111,4,0
13,1,0,1,20,25,5430,1843,0,0,0,1,0,220165,5,0
0,0,0,0,11,28,5431,1843,0,0,0,0,0,220491,4,0
1,0,0,0,6,28,5432,1843,0,0,0,0,0,245035,3,0
0,0,0,0,28,28,5433,1843,0,0,0,0,0,222982,3,0
0,0,0,0,29,28,5434,1843,0,0,0,0,0,268860,3,0
0,0,0,0,1,28,5435,1843,0,0,0,0,0,201976,3,0
0,0,0,0,99,28,5436,1843,0,0,0,0,0,237502,3,0
0,0,0,0,14,28,5437,1843,0,0,0,0,0,276451,3,0
0,0,0,0,72,28,5438,1843,0,0,0,0,0,276443,3,0
0,0,0,0,17,28,5439,1843,0,0,0,0,0,271213,3,0
0,0,0,0,77,28,5440,1843,0,0,0,0,0,73847,3,0
0,0,0,0,96,28,5441,1843,0,0,0,0,0,242392,3,0
0,0,0,0,98,28,5442,1843,0,0,0,0,0,274270,3,0
0,0,0,0,18,29,5443,1843,0,0,0,0,0,78144,3,0
0,0,0,0,31,29,5444,1843,0,0,0,0,0,276754,3,0
0,0,0,0,31,0,5445,1848,0,0,0,0,0,240785,2,0
0,0,0,0,51,4,5446,1848,0,0,0,0,0,226260,2,0
0,0,0,0,25,5,5447,1848,0,0,0,0,0,205691,2,0
0,0,0,0,43,6,5448,1848,0,0,0,0,0,237040,3,0
0,0,0,0,30,12,5449,1848,0,0,0,0,0,80627,2,0
2,0,0,1,29,13,5450,1848,0,0,0,0,0,237772,2,0
0,0,0,0,27,15,5451,1848,0,0,0,0,0,258505,3,0
1,0,0,1,93,16,5452,1848,0,0,0,0,0,270084,2,0
1,0,0,1,18,17,5453,1848,0,0,0,0,0,236368,3,0
0,0,0,0,28,19,5454,1848,0,0,0,0,0,251603,3,0
6,0,0,1,11,25,5455,1848,0,0,0,0,0,220915,3,0
0,0,0,0,5,28,5456,1848,0,0,0,0,0,262091,3,0
1,0,0,1,24,28,5457,1848,0,0,0,0,0,229456,2,0
0,0,0,0,26,28,5458,1848,0,0,0,0,0,262474,3,0
0,0,0,0,13,28,5459,1848,0,0,0,0,0,235916,3,0
0,0,0,0,1,28,5460,1848,0,0,0,0,0,278099,3,0
3,0,0,1,9,28,5461,1848,0,0,0,0,0,201285,2,0
0,0,0,0,8,28,5462,1848,0,0,0,0,0,276951,3,0
1,0,0,1,17,28,5463,1848,0,0,0,0,0,80630,4,0
0,0,0,0,21,28,5464,1848,0,0,0,0,0,210671,3,0
0,0,0,0,12,28,5465,1848,0,0,0,0,0,75137,3,0
0,0,0,0,37,28,5466,1848,0,0,0,0,0,278352,2,0
0,0,0,0,19,28,5467,1848,0,0,0,0,0,252033,2,0
0,0,0,0,3,29,5468,1848,0,0,0,0,0,81336,3,0
1,0,0,1,10,29,5469,1848,0,0,0,0,0,205548,3,0
1,0,0,1,99,29,5470,1848,0,0,0,0,0,73933,3,0
0,0,0,0,20,29,5471,1848,0,0,0,0,0,271202,2,0
1,0,0,1,49,29,5472,1848,0,0,0,0,0,76540,2,0
1,0,0,1,90,29,5473,1848,0,0,0,0,0,264467,2,0
0,0,0,0,30,0,5474,2038,0,0,0,0,0,278335,4,0
1,0,0,0,2,3,5475,2038,0,0,0,0,0,265762,4,0
0,0,0,0,29,4,5476,2038,0,0,0,0,0,209602,4,0
3,0,0,1,44,5,5477,2038,0,0,0,0,0,237594,3,0
0,0,0,0,63,6,5478,2038,0,0,0,0,0,271572,4,0
0,0,0,0,3,7,5479,2038,0,0,0,0,0,252704,4,0
0,0,0,0,6,10,5480,2038,0,0,0,0,0,220529,4,0
3,0,0,1,20,13,5481,2038,0,0,0,0,0,257859,4,0
1,0,0,0,24,15,5482,2038,0,0,0,0,0,276003,4,0
1,0,0,0,7,24,5483,2038,0,0,0,0,0,220528,3,0
10,1,0,1,14,26,5484,2038,0,0,0,0,0,214676,5,0
1,0,0,0,39,28,5485,2038,0,0,0,0,0,278076,4,0
1,0,0,0,16,28,5486,2038,0,0,0,0,0,71401,3,0
3,0,0,1,4,28,5487,2038,0,0,0,0,0,216145,3,0
0,0,0,0,56,28,5488,2038,0,0,0,0,0,276033,4,0
0,0,0,0,1,28,5489,2038,0,0,0,0,0,198633,3,0
0,0,0,0,9,28,5490,2038,0,0,0,0,0,79118,3,0
2,0,0,1,10,28,5491,2038,0,0,0,0,0,79122,3,0
0,0,0,0,78,28,5492,2038,0,0,0,0,0,76178,3,0
1,0,0,0,94,28,5493,2038,0,0,0,0,0,212381,3,0
0,0,0,0,77,28,5494,2038,0,0,0,0,0,235880,3,0
0,0,0,0,53,28,5495,2038,0,0,0,0,0,74076,3,0
0,0,0,0,45,28,5496,2038,0,0,0,0,0,245063,3,0
0,0,0,0,19,29,5497,2038,0,0,0,0,0,80076,3,0
0,0,0,0,5,29,5498,2038,0,0,0,0,0,81970,3,0
0,0,0,0,21,29,5499,2038,0,0,0,0,0,208590,3,0
0,0,0,0,11,29,5500,2038,0,0,0,0,0,271482,3,0
0,0,0,0,99,29,5501,2038,0,0,0,0,0,226468,3,0
0,0,0,0,98,29,5502,2038,0,0,0,0,0,251953,3,0
1,0,0,0,18,29,5503,2038,0,0,0,0,0,73333,3,0
0,0,0,0,1,0,5504,110740,0,0,0,0,0,224977,3,0
0,0,0,0,2,4,5505,110740,0,0,0,0,0,256308,4,0
0,0,0,0,4,5,5506,110740,0,0,0,0,0,208942,4,0
0,0,0,0,17,6,5507,110740,0,0,0,0,0,276001,4,0
1,0,0,0,23,12,5508,110740,0,0,0,0,0,268758,2,0
3,0,0,1,16,13,5509,110740,0,0,0,0,0,254804,3,0
0,0,0,0,8,15,5510,110740,0,0,0,0,0,279876,3,0
2,0,0,1,3,16,5511,110740,0,0,0,0,0,80172,2,0
2,0,0,1,80,17,5512,110740,0,0,0,0,0,276905,4,0
5,0,0,1,90,19,5513,110740,0,0,0,0,0,259331,2,0
2,0,0,1,11,25,5514,110740,0,0,0,0,0,230940,4,0
0,0,0,0,26,28,5515,110740,0,0,0,0,0,252927,3,0
0,0,0,0,44,28,5516,110740,0,0,0,0,0,279529,3,0
0,0,0,0,14,28,5517,110740,0,0,0,0,0,245779,3,0
0,0,0,0,43,28,5518,110740,0,0,0,0,0,80183,3,0
0,0,0,0,12,28,5519,110740,0,0,0,0,0,197689,3,0
3,0,0,1,9,28,5520,110740,0,0,0,0,0,223157,3,0
0,0,0,0,10,28,5521,110740,0,0,0,0,0,277030,3,0
0,0,0,0,57,28,5522,110740,0,0,0,0,0,270507,3,0
1,0,0,0,99,28,5523,110740,0,0,0,0,0,70650,3,0
0,0,0,0,45,28,5524,110740,0,0,0,0,0,76648,3,0
0,0,0,0,98,28,5525,110740,0,0,0,0,0,278346,3,0
0,0,0,0,34,28,5526,110740,0,0,0,0,0,215433,3,0
0,0,0,0,7,29,5527,110740,0,0,0,0,0,271006,3,0
0,0,0,0,31,29,5528,110740,0,0,0,0,0,206601,3,0
0,0,0,0,33,29,5529,110740,0,0,0,0,0,245784,4,0
0,0,0,0,15,29,5530,110740,0,0,0,0,0,266583,3,0
0,0,0,0,29,29,5531,110740,0,0,0,0,0,73334,3,0
0,0,0,0,6,29,5532,110740,0,0,0,0,0,80192,3,0
2,0,0,1,93,29,5533,110740,0,0,0,0,0,278230,3,0
0,0,0,0,91,29,5534,110740,0,0,0,0,0,80187,3,0
0,0,0,0,22,0,5535,110908,0,0,0,0,0,205530,3,0
1,0,0,0,84,4,5536,110908,0,0,0,0,0,258564,3,0
3,0,0,1,4,5,5537,110908,0,0,0,0,0,236889,2,0
1,0,0,0,23,6,5538,110908,0,0,0,0,0,193333,3,0
0,0,0,0,10,10,5539,110908,0,0,0,0,0,225381,4,0
1,0,0,0,27,12,5540,110908,0,0,0,0,0,277870,4,0
2,0,0,1,20,13,5541,110908,0,0,0,0,0,228882,4,0
6,0,0,1,80,15,5542,110908,0,0,0,0,0,278326,3,0
1,0,0,0,77,16,5543,110908,0,0,0,0,0,192071,3,0
4,0,0,1,8,24,5544,110908,0,0,0,0,0,275912,4,0
5,0,0,1,9,26,5545,110908,0,0,0,0,0,209613,3,0
0,0,0,0,98,28,5546,110908,0,0,0,0,0,240798,3,0
0,0,0,0,32,28,5547,110908,0,0,0,0,0,279473,3,0
0,0,0,0,6,28,5548,110908,0,0,0,0,0,75225,3,0
0,0,0,0,62,28,5549,110908,0,0,0,0,0,80156,3,0
0,0,0,0,1,28,5550,110908,0,0,0,0,0,80823,3,0
0,0,0,0,28,28,5551,110908,0,0,0,0,0,233265,3,0
0,0,0,0,19,28,5552,110908,0,0,0,0,0,271013,3,0
1,0,0,0,26,28,5553,110908,0,0,0,0,0,80157,3,0
0,0,0,0,14,28,5554,110908,0,0,0,0,0,74094,4,0
0,0,0,0,99,28,5555,110908,0,0,0,0,0,277117,3,0
0,0,0,0,5,28,5556,110908,0,0,0,0,0,80821,3,0
0,0,0,0,2,28,5557,110908,0,0,0,0,0,264022,3,0
0,0,0,0,21,29,5558,110908,0,0,0,0,0,237613,3,0
1,0,0,0,30,29,5559,110908,0,0,0,0,0,70825,3,0
0,0,0,0,94,29,5560,110908,0,0,0,0,0,213814,4,0
0,0,0,0,22,0,5561,110912,0,0,0,0,0,271146,4,0
0,0,0,0,17,3,5562,110912,0,0,0,0,0,79015,3,0
1,0,0,1,72,4,5563,110912,0,0,0,0,0,79017,3,0
2,0,0,1,32,5,5564,110912,0,0,0,0,0,244190,3,0
1,0,0,1,5,6,5565,110912,0,0,0,0,0,204042,4,0
0,0,0,0,3,7,5566,110912,0,0,0,0,0,220493,3,0
0,0,0,0,6,10,5567,110912,0,0,0,0,0,197926,3,0
1,0,0,1,8,13,5568,110912,0,0,0,0,0,79016,3,0
2,0,0,1,7,15,5569,110912,0,0,0,0,0,79014,3,0
8,0,0,1,20,24,5570,110912,0,0,0,0,0,79012,4,0
0,0,0,0,10,26,5571,110912,0,0,0,0,0,143076,3,0
0,0,0,0,18,28,5572,110912,0,0,0,0,0,230912,3,0
0,0,0,0,30,28,5573,110912,0,0,0,0,0,251927,3,0
1,0,0,1,44,28,5574,110912,0,0,0,0,0,76171,4,0
0,0,0,0,4,28,5575,110912,0,0,0,0,0,224996,3,0
0,0,0,0,14,28,5576,110912,0,0,0,0,0,78934,3,0
0,0,0,0,99,28,5577,110912,0,0,0,0,0,202848,3,0
1,0,0,1,92,28,5578,110912,0,0,0,0,0,222153,3,0
0,0,0,0,55,28,5579,110912,0,0,0,0,0,79919,3,0
3,0,0,1,15,28,5580,110912,0,0,0,0,0,224933,3,0
0,0,0,0,1,28,5581,110912,0,0,0,0,0,279562,3,0
0,0,0,0,12,28,5582,110912,0,0,0,0,0,79020,3,0
0,0,0,0,13,28,5583,110912,0,0,0,0,0,81255,3,0
0,0,0,0,58,29,5584,110912,0,0,0,0,0,257636,3,0
0,0,0,0,21,29,5585,110912,0,0,0,0,0,75819,3,0
0,0,0,0,23,29,5586,110912,0,0,0,0,0,80836,4,0
0,0,0,0,41,29,5587,110912,0,0,0,0,0,72030,3,0
0,0,0,0,25,29,5588,110912,0,0,0,0,0,219586,3,0
1,0,0,1,77,29,5589,110912,0,0,0,0,0,220517,3,0
1,0,0,1,11,29,5590,110912,0,0,0,0,0,274682,3,0
0,0,0,0,9,29,5591,110912,0,0,0,0,0,79011,3,0
0,0,0,0,33,0,5592,110915,0,0,0,0,0,239742,3,0
5,0,0,1,11,3,5593,110915,0,0,0,0,0,264683,4,0
0,0,0,0,15,4,5594,110915,0,0,0,0,0,72845,2,0
1,0,0,1,19,5,5595,110915,0,0,0,0,0,268754,2,0
1,0,0,1,24,6,5596,110915,0,0,0,0,0,234143,3,0
3,0,0,1,99,7,5597,110915,0,0,0,0,0,257713,2,0
1,0,0,1,4,10,5598,110915,0,0,0,0,0,235163,2,0
1,0,0,1,25,13,5599,110915,0,0,0,0,0,202489,2,0
1,0,0,1,14,15,5600,110915,0,0,0,0,0,74406,3,0
0,0,0,0,7,24,5601,110915,0,0,0,0,0,213829,3,0
8,0,0,1,9,26,5602,110915,0,0,0,0,0,72852,2,0
1,0,0,1,10,28,5603,110915,0,0,0,0,0,225189,3,0
0,0,0,0,13,28,5604,110915,0,0,0,0,0,221448,3,0
0,0,0,0,26,28,5605,110915,0,0,0,0,0,268936,2,0
0,0,0,0,23,28,5606,110915,0,0,0,0,0,80645,2,0
0,0,0,0,1,28,5607,110915,0,0,0,0,0,72844,3,0
1,0,0,1,8,28,5608,110915,0,0,0,0,0,225014,3,0
0,0,0,0,70,28,5609,110915,0,0,0,0,0,72849,3,0
0,0,0,0,6,28,5610,110915,0,0,0,0,0,206551,3,0
1,0,0,1,32,28,5611,110915,0,0,0,0,0,240788,4,0
0,0,0,0,40,28,5612,110915,0,0,0,0,0,81580,3,0
0,0,0,0,16,28,5613,110915,0,0,0,0,0,278976,3,0
0,0,0,0,18,28,5614,110915,0,0,0,0,0,80200,2,0
3,0,0,1,27,29,5615,110915,0,0,0,0,0,277704,3,0
0,0,0,0,43,29,5616,110915,0,0,0,0,0,81852,3,0
0,0,0,0,24,0,5617,111433,0,0,0,0,0,193786,4,0
0,0,0,0,36,4,5618,111433,0,0,0,0,0,274090,2,0
1,0,0,1,29,5,5619,111433,0,0,0,0,0,73200,3,0
0,0,0,0,27,6,5620,111433,0,0,0,0,0,77165,2,0
0,0,0,0,17,12,5621,111433,0,0,0,0,0,72856,3,0
0,0,0,0,21,13,5622,111433,0,0,0,0,0,268081,3,0
0,0,0,0,10,15,5623,111433,0,0,0,0,0,72858,3,0
0,0,0,0,15,16,5624,111433,0,0,0,0,0,73054,3,0
4,0,0,1,23,17,5625,111433,0,0,0,0,0,80602,4,0
7,0,0,1,19,19,5626,111433,0,0,0,0,0,73045,4,0
3,0,0,1,7,25,5627,111433,0,0,0,0,0,268704,4,0
0,0,0,0,30,28,5628,111433,0,0,0,0,0,72862,3,0
0,0,0,0,98,28,5629,111433,0,0,0,0,0,277769,3,0
0,0,0,0,28,28,5630,111433,0,0,0,0,0,72034,3,0
0,0,0,0,13,28,5631,111433,0,0,0,0,0,251920,3,0
0,0,0,0,34,28,5632,111433,0,0,0,0,0,278295,3,0
4,0,0,1,9,28,5633,111433,0,0,0,0,0,224508,3,0
0,0,0,0,18,28,5634,111433,0,0,0,0,0,220084,3,0
0,0,0,0,96,28,5635,111433,0,0,0,0,0,72857,3,0
0,0,0,0,99,28,5636,111433,0,0,0,0,0,268934,3,0
0,0,0,0,22,28,5637,111433,0,0,0,0,0,226259,3,0
0,0,0,0,1,28,5638,111433,0,0,0,0,0,230631,3,0
0,0,0,0,5,28,5639,111433,0,0,0,0,0,79381,3,0
0,0,0,0,2,29,5640,111433,0,0,0,0,0,70479,3,0
0,0,0,0,25,29,5641,111433,0,0,0,0,0,273936,3,0
0,0,0,0,50,29,5642,111433,0,0,0,0,0,70450,3,0
0,0,0,0,20,29,5643,111433,0,0,0,0,0,274096,3,0
1,0,0,1,80,29,5644,111433,0,0,0,0,0,276743,3,0
1,0,0,1,77,29,5645,111433,0,0,0,0,0,276035,3,0
0,0,0,0,22,0,5646,111657,0,0,0,0,0,276725,2,0
1,0,0,0,20,3,5647,111657,0,0,0,0,0,270502,4,0
2,0,0,0,30,4,5648,111657,0,0,0,0,0,270064,2,0
1,0,0,0,3,6,5649,111657,0,0,0,0,0,74520,3,0
4,0,0,1,79,7,5650,111657,0,0,0,0,0,74536,3,0
8,0,0,1,7,23,5651,111657,0,0,0,0,0,279877,2,0
6,0,0,1,8,13,5652,111657,0,0,0,0,0,268751,3,0
4,0,0,1,14,14,5653,111657,0,0,0,0,0,251769,4,0
0,0,0,0,16,15,5654,111657,0,0,0,0,0,74533,2,0
3,0,0,0,17,27,5655,111657,0,0,0,0,0,276422,2,0
5,0,0,1,9,25,5656,111657,0,0,0,0,0,269182,2,0
0,0,0,0,92,28,5657,111657,0,0,0,0,0,253120,3,0
1,0,0,0,5,28,5658,111657,0,0,0,0,0,236308,3,0
0,0,0,0,2,28,5659,111657,0,0,0,0,0,266304,3,0
0,0,0,0,21,28,5660,111657,0,0,0,0,0,74304,3,0
0,0,0,0,75,28,5661,111657,0,0,0,0,0,225037,3,0
2,0,0,0,28,28,5662,111657,0,0,0,0,0,268897,4,0
0,0,0,0,10,28,5663,111657,0,0,0,0,0,274197,2,0
0,0,0,0,6,28,5664,111657,0,0,0,0,0,80832,3,0
0,0,0,0,32,28,5665,111657,0,0,0,0,0,244780,3,0
0,0,0,0,12,28,5666,111657,0,0,0,0,0,80169,3,0
0,0,0,0,23,28,5667,111657,0,0,0,0,0,268466,3,0
0,0,0,0,19,28,5668,111657,0,0,0,0,0,270131,3,0
0,0,0,0,99,29,5669,111657,0,0,0,0,0,75449,3,0
1,0,0,0,18,29,5670,111657,0,0,0,0,0,75745,3,0
0,0,0,0,24,29,5671,111657,0,0,0,0,0,80833,3,0
0,0,0,0,40,29,5672,111657,0,0,0,0,0,278350,3,0
3,0,0,0,80,29,5673,111657,0,0,0,0,0,72861,4,0
0,0,0,0,29,29,5674,111657,0,0,0,0,0,75448,3,0
1,0,0,0,90,29,5675,111657,0,0,0,0,0,264451,3,0
0,0,0,0,20,0,5676,111811,0,0,0,0,0,237127,3,0
2,0,0,0,13,4,5677,111811,0,0,0,0,0,245091,4,0
1,0,0,0,44,5,5678,111811,0,0,0,0,0,257000,3,0
0,0,0,0,3,6,5679,111811,0,0,0,0,0,278305,3,0
4,0,0,1,19,12,5680,111811,0,0,0,0,0,237003,4,0
1,0,0,0,14,13,5681,111811,0,0,0,0,0,200054,3,0
0,0,0,0,32,15,5682,111811,0,0,0,0,0,239613,3,0
3,0,0,1,7,16,5683,111811,0,0,0,0,0,222388,4,0
0,0,0,0,26,17,5684,111811,0,0,0,0,0,219812,3,0
2,0,0,0,17,19,5685,111811,0,0,0,0,0,215785,3,0
4,0,0,1,47,25,5686,111811,0,0,0,0,0,234147,2,0
3,0,0,1,8,28,5687,111811,0,0,0,0,0,225475,3,0
0,0,0,0,30,28,5688,111811,0,0,0,0,0,258788,3,0
0,0,0,0,21,28,5689,111811,0,0,0,0,0,71805,3,0
1,0,0,0,15,28,5690,111811,0,0,0,0,0,237612,3,0
0,0,0,0,1,28,5691,111811,0,0,0,0,0,268875,3,0
4,0,0,1,25,28,5692,111811,0,0,0,0,0,258846,4,0
2,0,0,0,28,28,5693,111811,0,0,0,0,0,251988,4,0
0,0,0,0,23,28,5694,111811,0,0,0,0,0,264372,3,0
0,0,0,0,10,28,5695,111811,0,0,0,0,0,237715,3,0
0,0,0,0,69,28,5696,111811,0,0,0,0,0,70251,3,0
0,0,0,0,74,28,5697,111811,0,0,0,0,0,248199,3,0
0,0,0,0,2,28,5698,111811,0,0,0,0,0,238703,3,0
0,0,0,0,24,29,5699,111811,0,0,0,0,0,80893,3,0
0,0,0,0,75,29,5700,111811,0,0,0,0,0,268437,3,0
0,0,0,0,27,29,5701,111811,0,0,0,0,0,80835,3,0
1,0,0,0,9,29,5702,111811,0,0,0,0,0,258027,3,0
3,0,0,1,37,29,5703,111811,0,0,0,0,0,215689,3,0
0,0,0,0,1,0,5704,112124,0,0,0,0,0,235835,1,0
3,0,0,1,24,3,5705,112124,0,0,0,0,0,235292,3,0
0,0,0,0,13,4,5706,112124,0,0,0,0,0,235863,3,0
1,0,0,0,33,5,5707,112124,0,0,0,0,0,273602,3,0
2,0,0,1,6,6,5708,112124,0,0,0,0,0,72831,3,0
2,0,0,1,77,7,5709,112124,0,0,0,0,0,78263,4,0
0,0,0,0,55,10,5710,112124,0,0,0,0,0,72834,3,0
2,0,0,1,98,13,5711,112124,0,0,0,0,0,257768,4,0
2,0,0,1,29,15,5712,112124,0,0,0,0,0,81358,4,0
7,0,0,1,27,24,5713,112124,0,0,0,0,0,240475,3,0
2,0,0,1,37,26,5714,112124,0,0,0,0,0,252410,4,0
0,0,0,0,10,28,5715,112124,0,0,0,0,0,74072,3,0
0,0,0,0,8,28,5716,112124,0,0,0,0,0,278351,3,0
0,0,0,0,2,28,5717,112124,0,0,0,0,0,74421,3,0
0,0,0,0,21,28,5718,112124,0,0,0,0,0,80626,3,0
0,0,0,0,23,28,5719,112124,0,0,0,0,0,259973,3,0
1,0,0,0,9,28,5720,112124,0,0,0,0,0,268674,2,0
0,0,0,0,7,28,5721,112124,0,0,0,0,0,277636,3,0
0,0,0,0,76,28,5722,112124,0,0,0,0,0,80075,3,0
0,0,0,0,70,28,5723,112124,0,0,0,0,0,82976,3,0
0,0,0,0,16,28,5724,112124,0,0,0,0,0,72829,3,0
0,0,0,0,14,28,5725,112124,0,0,0,0,0,257786,3,0
1,0,0,0,4,28,5726,112124,0,0,0,0,0,270133,3,0
0,0,0,0,5,29,5727,112124,0,0,0,0,0,270956,3,0
0,0,0,0,28,29,5728,112124,0,0,0,0,0,268800,3,0
0,0,0,0,18,29,5729,112124,0,0,0,0,0,273913,3,0
0,0,0,0,99,29,5730,112124,0,0,0,0,0,83661,3,0
0,0,0,0,1,0,5731,112493,0,0,0,0,0,239573,4,0
0,0,0,0,37,4,5732,112493,0,0,0,0,0,278804,3,0
0,0,0,0,6,5,5733,112493,0,0,0,0,0,73386,3,0
2,0,0,1,4,6,5734,112493,0,0,0,0,0,244576,3,0
6,0,0,1,18,10,5735,112493,0,0,0,0,0,229459,3,0
3,0,0,1,72,12,5736,112493,0,0,0,0,0,72916,3,0
1,0,0,0,17,13,5737,112493,0,0,0,0,0,256119,2,0
3,0,0,1,70,15,5738,112493,0,0,0,0,0,70163,4,0
0,0,0,0,7,16,5739,112493,0,0,0,0,0,213994,3,0
2,0,0,1,32,24,5740,112493,0,0,0,0,0,235133,3,0
8,0,0,1,9,26,5741,112493,0,0,0,0,0,270098,2,0
0,0,0,0,8,28,5742,112493,0,0,0,0,0,237382,2,0
0,0,0,0,13,28,5743,112493,0,0,0,0,0,252466,3,0
0,0,0,0,3,28,5744,112493,0,0,0,0,0,242264,3,0
0,0,0,0,33,28,5745,112493,0,0,0,0,0,74329,3,0
0,0,0,0,99,28,5746,112493,0,0,0,0,0,185172,3,0
2,0,0,1,28,28,5747,112493,0,0,0,0,0,277599,2,0
0,0,0,0,44,28,5748,112493,0,0,0,0,0,276798,3,0
1,0,0,0,26,28,5749,112493,0,0,0,0,0,279228,3,0
2,0,0,1,21,28,5750,112493,0,0,0,0,0,75558,2,0
0,0,0,0,12,28,5751,112493,0,0,0,0,0,271583,3,0
0,0,0,0,22,28,5752,112493,0,0,0,0,0,72839,3,0
0,0,0,0,5,28,5753,112493,0,0,0,0,0,189558,3,0
0,0,0,0,78,29,5754,112493,0,0,0,0,0,278334,3,0
0,0,0,0,25,29,5755,112493,0,0,0,0,0,75170,3,0
0,0,0,0,77,29,5756,112493,0,0,0,0,0,79972,3,0
0,0,0,0,20,29,5757,112493,0,0,0,0,0,83089,3,0
0,0,0,0,80,29,5758,112493,0,0,0,0,0,274721,3,0
0,0,0,0,92,29,5759,112493,0,0,0,0,0,220829,3,0
0,0,0,0,31,0,5760,112494,0,0,0,0,0,233691,4,0
0,0,0,0,79,3,5761,112494,0,0,0,0,0,219759,4,0
1,0,0,0,94,4,5762,112494,0,0,0,0,0,268697,4,0
2,0,0,1,28,5,5763,112494,0,0,0,0,0,277872,4,0
0,0,0,0,34,6,5764,112494,0,0,0,0,0,203780,4,0
1,0,0,0,7,7,5765,112494,0,0,0,0,0,264392,4,0
1,0,0,0,18,10,5766,112494,0,0,0,0,0,72790,3,0
0,0,0,0,21,13,5767,112494,0,0,0,0,0,268753,4,0
2,0,0,1,17,15,5768,112494,0,0,0,0,0,268756,3,0
6,0,0,1,33,24,5769,112494,0,0,0,0,0,277665,4,0
5,0,0,1,9,26,5770,112494,0,0,0,0,0,276572,3,0
1,0,0,0,14,28,5771,112494,0,0,0,0,0,238282,3,0
0,0,0,0,19,28,5772,112494,0,0,0,0,0,74020,3,0
0,0,0,0,5,28,5773,112494,0,0,0,0,0,169115,3,0
0,0,0,0,24,28,5774,112494,0,0,0,0,0,268755,3,0
0,0,0,0,20,28,5775,112494,0,0,0,0,0,205659,3,0
3,0,0,1,90,28,5776,112494,0,0,0,0,0,268759,4,0
2,0,0,1,6,28,5777,112494,0,0,0,0,0,73973,3,0
0,0,0,0,23,28,5778,112494,0,0,0,0,0,74080,3,0
1,0,0,0,11,28,5779,112494,0,0,0,0,0,73138,3,0
0,0,0,0,62,28,5780,112494,0,0,0,0,0,278321,3,0
0,0,0,0,3,28,5781,112494,0,0,0,0,0,75645,3,0
0,0,0,0,4,28,5782,112494,0,0,0,0,0,81309,3,0
0,0,0,0,13,29,5783,112494,0,0,0,0,0,81603,3,0
0,0,0,0,46,29,5784,112494,0,0,0,0,0,74724,3,0
0,0,0,0,89,29,5785,112494,0,0,0,0,0,231137,4,0
0,0,0,0,26,29,5786,112494,0,0,0,0,0,70247,3,0
0,0,0,0,99,29,5787,112494,0,0,0,0,0,196889,3,0
0,0,0,0,1,0,5788,113147,0,0,0,0,0,189430,4,0
1,0,0,1,23,4,5789,113147,0,0,0,0,0,247214,4,0
6,0,0,1,6,5,5790,113147,0,0,0,0,0,244906,3,0
1,0,0,1,15,6,5791,113147,0,0,0,0,0,239478,4,0
0,0,0,0,94,12,5792,113147,0,0,0,0,0,74501,3,0
0,0,0,0,4,13,5793,113147,0,0,0,0,0,80069,3,0
1,0,0,1,8,15,5794,113147,0,0,0,0,0,271378,4,0
0,0,0,0,26,16,5795,113147,0,0,0,0,0,79150,3,0
4,0,0,1,24,17,5796,113147,0,0,0,0,0,79129,4,0
0,0,0,0,11,19,5797,113147,0,0,0,0,0,79158,4,0
3,0,0,1,19,25,5798,113147,0,0,0,0,0,73928,3,0
0,0,0,0,32,28,5799,113147,0,0,0,0,0,244672,3,0
0,0,0,0,5,28,5800,113147,0,0,0,0,0,79089,4,0
0,0,0,0,27,28,5801,113147,0,0,0,0,0,74931,3,0
0,0,0,0,13,28,5802,113147,0,0,0,0,0,275905,3,0
0,0,0,0,22,28,5803,113147,0,0,0,0,0,257752,3,0
1,0,0,1,10,28,5804,113147,0,0,0,0,0,251932,4,0
1,0,0,1,7,28,5805,113147,0,0,0,0,0,200904,2,0
0,0,0,0,3,28,5806,113147,0,0,0,0,0,82975,4,0
0,0,0,0,46,28,5807,113147,0,0,0,0,0,74064,3,0
0,0,0,0,99,28,5808,113147,0,0,0,0,0,79148,3,0
0,0,0,0,81,28,5809,113147,0,0,0,0,0,80071,3,0
0,0,0,0,57,28,5810,113147,0,0,0,0,0,279575,3,0
0,0,0,0,77,29,5811,113147,0,0,0,0,0,79149,3,0
0,0,0,0,25,29,5812,113147,0,0,0,0,0,80072,3,0
0,0,0,0,30,29,5813,113147,0,0,0,0,0,83639,3,0
0,0,0,0,9,29,5814,113147,0,0,0,0,0,83638,3,0
0,0,0,0,22,0,5815,113974,0,0,0,0,0,231073,2,0
1,0,0,0,70,3,5816,113974,0,0,0,0,0,72850,3,0
1,0,0,0,4,4,5817,113974,0,0,0,0,0,73989,2,0
0,0,0,0,55,5,5818,113974,0,0,0,0,0,239998,2,0
1,0,0,0,11,6,5819,113974,0,0,0,0,0,245491,2,0
0,0,0,0,17,7,5820,113974,0,0,0,0,0,233968,3,0
0,0,0,0,8,10,5821,113974,0,0,0,0,0,230936,3,0
0,0,0,0,25,13,5822,113974,0,0,0,0,0,231428,3,0
0,0,0,0,29,15,5823,113974,0,0,0,0,0,235942,3,0
2,0,0,1,99,24,5824,113974,0,0,0,0,0,74924,1,0
4,0,0,1,9,26,5825,113974,0,0,0,0,0,73423,2,0
0,0,0,0,6,28,5826,113974,0,0,0,0,0,220933,3,0
1,0,0,0,32,28,5827,113974,0,0,0,0,0,232439,3,0
0,0,0,0,37,28,5828,113974,0,0,0,0,0,240282,3,0
2,0,0,1,31,28,5829,113974,0,0,0,0,0,273917,2,0
0,0,0,0,12,28,5830,113974,0,0,0,0,0,279891,3,0
2,0,0,1,20,28,5831,113974,0,0,0,0,0,256214,2,0
0,0,0,0,5,28,5832,113974,0,0,0,0,0,205089,3,0
0,0,0,0,34,28,5833,113974,0,0,0,0,0,80597,2,0
3,0,0,1,10,28,5834,113974,0,0,0,0,0,211302,3,0
0,0,0,0,16,28,5835,113974,0,0,0,0,0,259057,3,0
0,0,0,0,1,28,5836,113974,0,0,0,0,0,227966,3,0
0,0,0,0,94,28,5837,113974,0,0,0,0,0,278354,3,0
0,0,0,0,77,29,5838,113974,0,0,0,0,0,81257,3,0
0,0,0,0,60,29,5839,113974,0,0,0,0,0,76431,3,0
0,0,0,0,14,29,5840,113974,0,0,0,0,0,239732,3,0
0,0,0,0,7,29,5841,113974,0,0,0,0,0,225844,3,0
0,0,0,0,90,29,5842,113974,0,0,0,0,0,257324,3,0
0,0,0,0,28,0,5843,687,0,0,0,0,0,266389,3,0
1,0,0,0,31,4,5844,687,0,0,0,0,0,212401,3,0
2,0,0,0,25,5,5845,687,0,0,0,0,0,266390,3,0
1,0,0,0,18,6,5846,687,0,0,0,0,0,242263,3,0
4,0,0,1,2,12,5847,687,1,0,0,0,2,246106,3,0
1,0,0,0,7,13,5848,687,0,0,0,0,0,245855,3,0
1,0,0,0,16,15,5849,687,0,0,0,0,0,70155,3,0
4,0,0,1,27,16,5850,687,0,0,0,0,0,274535,3,0
16,0,0,1,10,17,5851,687,0,0,0,0,0,241907,3,0
6,0,0,1,8,19,5852,687,1,0,0,0,1,238277,3,0
3,0,0,0,11,25,5853,687,1,0,0,0,1,275221,3,0
0,0,0,0,30,28,5854,687,0,0,0,0,0,272835,3,0
1,0,0,0,23,28,5855,687,0,0,0,0,0,270820,3,0
0,0,0,0,29,28,5856,687,0,0,0,0,0,71481,3,0
0,0,0,0,21,28,5857,687,0,0,0,0,0,257346,3,0
0,0,0,0,1,28,5858,687,0,0,0,0,0,267684,3,0
5,0,0,1,98,28,5859,687,0,0,0,0,0,212790,3,0
0,0,0,0,4,28,5860,687,0,0,0,0,0,206485,3,0
0,0,0,0,14,28,5861,687,0,0,0,0,0,246804,3,0
3,0,0,0,9,28,5862,687,0,0,0,0,0,242515,3,0
0,0,0,0,24,28,5863,687,0,0,0,0,0,206549,3,0
0,0,0,0,44,28,5864,687,0,0,0,0,0,79215,3,0
1,0,0,0,48,28,5865,687,0,0,0,0,0,77969,3,0
0,0,0,0,99,0,5866,688,0,0,0,0,0,190780,3,0
0,0,0,0,22,3,5867,688,0,0,0,0,0,242542,3,0
0,0,0,0,3,4,5868,688,0,0,0,0,0,266805,3,0
0,0,0,0,15,6,5869,688,0,0,0,0,0,233931,3,0
1,0,0,0,12,7,5870,688,0,0,0,0,0,71080,3,0
0,0,0,0,8,12,5871,688,0,0,0,0,0,243464,3,0
0,0,0,0,23,13,5872,688,0,0,0,0,0,242302,3,0
3,0,0,1,25,15,5873,688,0,0,0,0,0,268685,3,0
3,0,0,1,7,16,5874,688,0,0,0,0,0,71914,3,0
16,0,0,1,9,24,5875,688,0,0,0,0,0,263180,3,0
2,0,0,1,17,26,5876,688,0,0,0,0,0,70045,3,0
7,0,0,1,10,28,5877,688,1,0,0,0,1,277301,3,0
0,0,0,0,30,28,5878,688,0,0,0,0,0,259249,3,0
2,0,0,1,77,28,5879,688,0,0,0,0,0,72375,3,0
0,0,0,0,40,28,5880,688,0,0,0,0,0,247459,3,0
0,0,0,0,49,28,5881,688,0,0,0,0,0,226786,3,0
0,0,0,0,4,28,5882,688,0,0,0,0,0,256215,3,0
0,0,0,0,41,28,5883,688,0,0,0,0,0,279787,3,0
0,0,0,0,48,28,5884,688,0,0,0,0,0,83296,3,0
0,0,0,0,24,28,5885,688,0,0,0,0,0,75806,3,0
0,0,0,0,23,0,5886,689,0,0,0,0,0,227909,3,0
1,0,0,0,12,3,5887,689,0,0,0,0,0,255033,3,0
1,0,0,0,26,4,5888,689,0,0,0,0,0,226803,3,0
0,0,0,0,18,6,5889,689,0,0,0,0,0,256499,3,0
0,0,0,0,5,7,5890,689,0,0,0,0,0,278488,3,0
0,0,0,0,4,9,5891,689,0,0,0,0,0,227278,3,0
0,0,0,0,48,11,5892,689,0,0,0,0,0,275294,3,0
3,0,0,1,17,17,5893,689,0,0,0,0,0,256426,3,0
11,0,0,1,10,18,5894,689,0,0,0,0,1,208448,3,0
0,0,0,0,19,19,5895,689,0,0,0,0,0,260772,3,0
17,0,0,1,13,25,5896,689,1,0,0,0,1,183569,3,0
2,0,0,1,22,28,5897,689,0,0,0,0,0,268402,3,0
1,0,0,0,81,28,5898,689,0,0,0,0,0,267796,3,0
1,0,0,0,16,28,5899,689,0,0,0,0,1,278174,3,0
0,0,0,0,44,28,5900,689,0,0,0,0,0,234927,3,0
0,0,0,0,1,28,5901,689,0,0,0,0,0,267787,3,0
0,0,0,0,79,28,5902,689,0,0,0,0,0,80484,3,0
5,0,0,1,37,28,5903,689,0,0,0,0,0,75541,3,0
0,0,0,0,33,28,5904,689,0,0,0,0,0,69986,3,0
1,0,0,0,7,28,5905,689,0,0,0,0,0,275108,3,0
0,0,0,0,21,28,5906,689,0,0,0,0,0,73858,3,0
0,0,0,0,20,28,5907,689,0,0,0,0,0,269617,3,0
0,0,0,0,70,28,5908,689,0,0,0,0,0,79888,3,0
0,0,0,0,30,0,5909,691,0,0,0,0,0,233267,3,0
3,0,0,1,12,3,5910,691,0,0,0,0,0,77559,3,0
1,0,0,0,3,4,5911,691,0,0,0,0,0,276960,3,0
0,0,0,0,2,5,5912,691,0,0,0,0,0,235849,3,0
0,0,0,0,4,6,5913,691,0,0,0,0,0,255136,3,0
2,0,0,1,25,7,5914,691,0,0,0,0,0,73673,3,0
1,0,0,0,8,13,5915,691,0,0,0,0,0,226793,3,0
2,0,0,1,80,15,5916,691,1,0,0,0,1,244895,3,0
10,0,0,1,10,18,5917,691,0,0,0,0,0,210930,3,0
7,0,0,1,9,24,5918,691,0,0,0,0,1,253568,3,0
3,0,0,1,11,26,5919,691,1,0,0,0,3,70892,3,0
0,0,0,0,14,28,5920,691,0,0,0,0,0,237257,3,0
0,0,0,0,23,28,5921,691,0,0,0,0,0,266682,3,0
0,0,0,0,88,28,5922,691,0,0,0,0,0,212592,3,0
0,0,0,0,5,28,5923,691,0,0,0,0,0,273552,3,0
0,0,0,0,33,28,5924,691,0,0,0,0,0,77470,3,0
2,0,0,1,41,28,5925,691,0,0,0,0,0,270107,3,0
0,0,0,0,38,28,5926,691,0,0,0,0,0,79881,3,0
0,0,0,0,40,28,5927,691,0,0,0,0,0,269005,3,0
0,0,0,0,32,28,5928,691,0,0,0,0,0,278955,3,0
0,0,0,0,43,28,5929,691,0,0,0,0,0,73857,3,0
0,0,0,0,1,0,5930,693,0,0,0,0,0,260982,3,0
1,0,0,0,24,3,5931,693,0,0,0,0,1,273550,3,0
0,0,0,0,5,4,5932,693,0,0,0,0,0,266334,3,0
3,0,0,1,3,6,5933,693,0,0,0,0,2,238008,3,0
3,0,0,1,15,7,5934,693,0,0,0,0,0,247278,3,0
15,0,0,1,11,23,5935,693,1,0,0,0,1,215443,3,0
0,0,0,0,35,13,5936,693,0,0,0,0,0,271051,3,0
2,0,0,0,42,14,5937,693,0,0,0,0,1,78452,3,0
0,0,0,0,10,15,5938,693,0,0,0,0,0,262414,3,0
5,0,0,1,19,27,5939,693,0,0,0,0,0,225085,3,0
17,0,0,1,9,25,5940,693,0,0,0,0,0,233630,3,0
2,0,0,0,7,28,5941,693,0,0,0,0,0,240117,3,0
0,0,0,0,22,28,5942,693,0,0,0,0,0,255273,3,0
1,0,0,0,2,28,5943,693,0,0,0,0,0,77494,3,0
0,0,0,0,38,28,5944,693,0,0,0,0,0,78202,3,0
0,0,0,0,25,28,5945,693,0,0,0,0,0,259915,3,0
0,0,0,0,54,28,5946,693,0,0,0,0,0,77466,3,0
1,0,0,0,16,28,5947,693,0,0,0,0,0,255956,3,0
0,0,0,0,47,28,5948,693,0,0,0,0,0,268338,3,0
0,0,0,0,41,28,5949,693,0,0,0,0,0,77504,3,0
0,0,0,0,27,28,5950,693,0,0,0,0,0,77471,3,0
0,0,0,0,60,28,5951,693,0,0,0,0,0,81425,3,0
0,0,0,0,8,28,5952,693,0,0,0,0,0,242714,3,0
0,0,0,0,29,29,5953,693,0,0,0,0,0,269960,3,0
5,0,0,1,40,29,5954,693,0,0,0,0,0,228312,3,0
0,0,0,0,99,29,5955,693,0,0,0,0,0,279705,3,0
0,0,0,0,1,0,5956,694,0,0,0,0,0,234777,3,0
0,0,0,0,4,3,5957,694,0,0,0,0,0,237000,3,0
0,0,0,0,6,4,5958,694,0,0,0,0,0,228295,3,0
0,0,0,0,19,6,5959,694,0,0,0,0,0,268130,3,0
2,0,0,1,2,7,5960,694,0,0,0,0,0,231985,3,0
0,0,0,0,20,9,5961,694,0,0,0,0,0,228408,3,0
0,0,0,0,12,11,5962,694,0,0,0,0,0,256934,3,0
0,0,0,0,11,12,5963,694,0,0,0,0,0,277794,3,0
1,0,0,1,21,16,5964,694,0,0,0,0,0,266852,3,0
1,0,0,1,10,18,5965,694,1,0,0,0,1,260523,3,0
12,0,0,1,9,25,5966,694,0,0,0,0,0,276619,3,0
8,0,0,1,77,28,5967,694,1,0,0,0,1,261455,3,0
0,0,0,0,13,28,5968,694,0,0,0,0,0,70222,3,0
0,0,0,0,3,28,5969,694,0,0,0,0,0,242769,3,0
0,0,0,0,24,28,5970,694,0,0,0,0,0,274272,3,0
0,0,0,0,41,28,5971,694,0,0,0,0,0,263967,3,0
0,0,0,0,27,28,5972,694,0,0,0,0,0,70219,3,0
0,0,0,0,40,28,5973,694,0,0,0,0,0,271055,3,0
9,0,0,1,42,28,5974,694,0,0,0,0,0,247612,3,0
0,0,0,0,15,28,5975,694,0,0,0,0,0,279544,3,0
0,0,0,0,31,28,5976,694,0,0,0,0,0,70142,3,0
0,0,0,0,16,28,5977,694,0,0,0,0,0,77457,3,0
0,0,0,0,45,0,5978,695,0,0,0,0,0,247494,3,0
3,0,0,1,18,3,5979,695,0,0,0,0,0,232120,3,0
1,0,0,0,25,4,5980,695,0,0,0,0,0,232332,3,0
2,0,0,1,3,6,5981,695,1,0,0,0,1,244674,3,0
0,0,0,0,32,7,5982,695,0,0,0,0,0,272603,3,0
0,0,0,0,17,9,5983,695,0,0,0,0,0,215643,3,0
2,0,0,1,55,11,5984,695,1,0,0,0,1,78172,3,0
2,0,0,1,77,12,5985,695,0,0,0,0,0,275101,3,0
6,0,0,1,11,16,5986,695,0,0,0,0,1,254067,3,0
1,0,0,0,6,18,5987,695,0,0,0,0,1,256194,3,0
18,1,0,1,9,25,5988,695,0,0,0,0,1,244797,3,0
5,0,0,1,23,28,5989,695,0,0,0,0,0,71257,3,0
1,0,0,0,12,28,5990,695,0,0,0,0,0,246310,3,0
1,0,0,0,5,28,5991,695,0,0,0,0,0,237214,3,0
0,0,0,0,22,28,5992,695,0,0,0,0,0,78028,3,0
0,0,0,0,30,28,5993,695,0,0,0,0,0,77128,3,0
0,0,0,0,28,28,5994,695,0,0,0,0,0,79867,3,0
0,0,0,0,19,28,5995,695,0,0,0,0,0,238049,3,0
0,0,0,0,2,28,5996,695,0,0,0,0,0,272825,3,0
0,0,0,0,24,28,5997,695,0,0,0,0,0,79866,3,0
0,0,0,0,7,28,5998,695,0,0,0,0,0,252416,3,0
0,0,0,0,29,28,5999,695,0,0,0,0,0,77133,3,0
0,0,0,0,50,28,6000,695,0,0,0,0,0,77467,3,0
0,0,0,0,35,29,6001,695,0,0,0,0,0,77130,3,0
0,0,0,0,36,29,6002,695,0,0,0,0,0,77131,3,0
0,0,0,0,1,0,6003,696,0,0,0,0,0,256053,3,0
0,0,0,0,17,3,6004,696,0,0,0,0,0,264390,3,0
0,0,0,0,15,4,6005,696,0,0,0,0,0,77970,3,0
0,0,0,0,2,6,6006,696,0,0,0,0,0,77488,3,0
1,0,0,0,22,7,6007,696,0,0,0,0,0,247125,3,0
0,0,0,0,52,9,6008,696,0,0,0,0,0,82378,3,0
0,0,0,0,16,11,6009,696,0,0,0,0,0,77490,3,0
2,0,0,1,93,12,6010,696,0,0,0,0,0,240226,3,0
7,0,0,1,10,16,6011,696,0,0,0,0,0,232148,3,0
2,0,0,1,21,18,6012,696,0,0,0,0,0,223978,3,0
18,1,0,1,9,25,6013,696,0,0,0,0,1,251105,3,0
0,0,0,0,30,28,6014,696,0,0,0,0,0,275252,3,0
1,0,0,0,42,28,6015,696,0,0,0,0,0,277619,3,0
0,0,0,0,41,28,6016,696,0,0,0,0,0,237250,3,0
0,0,0,0,98,28,6017,696,0,0,0,0,0,78211,3,0
0,0,0,0,36,28,6018,696,0,0,0,0,0,70850,3,0
5,0,0,1,14,28,6019,696,0,0,0,0,0,261604,3,0
0,0,0,0,99,28,6020,696,0,0,0,0,0,279348,3,0
0,0,0,0,1,0,6021,697,0,0,0,0,0,275032,3,0
1,0,0,0,2,3,6022,697,0,0,0,0,0,233169,3,0
1,0,0,0,25,4,6023,697,0,0,0,0,0,273826,3,0
2,0,0,0,4,6,6024,697,0,0,0,0,0,191648,3,0
0,0,0,0,14,7,6025,697,0,0,0,0,0,247308,3,0
0,0,0,0,16,9,6026,697,0,0,0,0,0,260421,3,0
0,0,0,0,6,11,6027,697,0,0,0,0,0,247509,3,0
7,0,0,1,11,12,6028,697,0,0,0,0,1,70822,3,0
10,0,0,1,28,16,6029,697,1,0,0,0,1,241162,3,0
5,0,0,1,18,18,6030,697,0,0,0,0,0,188350,3,0
4,0,0,1,17,25,6031,697,0,0,0,0,0,237075,3,0
4,0,0,1,45,28,6032,697,0,0,0,0,0,221797,3,0
0,0,0,0,3,28,6033,697,0,0,0,0,0,258095,3,0
2,0,0,0,19,28,6034,697,0,0,0,0,0,275251,3,0
0,0,0,0,63,28,6035,697,0,0,0,0,0,274267,3,0
0,0,0,0,31,28,6036,697,0,0,0,0,0,241091,3,0
2,0,0,0,8,28,6037,697,0,0,0,0,0,70335,3,0
1,0,0,0,40,28,6038,697,0,0,0,0,0,233400,3,0
10,0,0,1,46,28,6039,697,0,0,0,0,0,242998,3,0
2,0,0,0,22,28,6040,697,0,0,0,0,1,77474,3,0
0,0,0,0,12,28,6041,697,0,0,0,0,0,242703,3,0
0,0,0,0,10,28,6042,697,0,0,0,0,0,242816,3,0
1,0,0,0,26,28,6043,697,0,0,0,0,0,77486,3,0
1,0,0,0,80,29,6044,697,0,0,0,0,0,247038,3,0
0,0,0,0,30,29,6045,697,0,0,0,0,0,275212,3,0
0,0,0,0,21,29,6046,697,0,0,0,0,0,72827,3,0
0,0,0,0,24,29,6047,697,0,0,0,0,0,75238,3,0
3,0,0,0,47,29,6048,697,1,0,0,0,1,77521,3,0
0,0,0,0,31,0,6049,698,0,0,0,0,0,197928,3,0
2,0,0,1,25,3,6050,698,0,0,0,0,0,246849,3,0
0,0,0,0,28,4,6051,698,0,0,0,0,0,199745,3,0
1,0,0,0,3,6,6052,698,0,0,0,0,0,209597,3,0
4,0,0,1,36,7,6053,698,0,0,0,0,1,78686,3,0
0,0,0,0,18,9,6054,698,0,0,0,0,0,235424,3,0
1,0,0,0,6,11,6055,698,0,0,0,0,0,234122,3,0
6,0,0,1,21,12,6056,698,0,0,0,0,0,260479,3,0
3,0,0,1,9,16,6057,698,0,0,0,0,0,258208,3,0
1,0,0,0,14,18,6058,698,0,0,0,0,0,213948,3,0
10,0,0,1,10,25,6059,698,0,0,0,0,0,220715,3,0
1,0,0,0,11,28,6060,698,0,0,0,0,0,263068,3,0
0,0,0,0,7,28,6061,698,0,0,0,0,0,270955,3,0
0,0,0,0,48,28,6062,698,0,0,0,0,0,279356,3,0
0,0,0,0,1,28,6063,698,0,0,0,0,0,202570,3,0
0,0,0,0,26,28,6064,698,0,0,0,0,0,77822,3,0
0,0,0,0,49,28,6065,698,0,0,0,0,0,279320,3,0
1,0,0,0,50,28,6066,698,0,0,0,0,0,236281,3,0
0,0,0,0,51,28,6067,698,0,0,0,0,0,77514,3,0
0,0,0,0,1,0,6068,101112,0,0,0,0,0,244656,3,0
5,0,0,1,2,3,6069,101112,0,0,0,0,0,253296,3,0
0,0,0,0,4,4,6070,101112,0,0,0,0,0,255827,3,0
2,0,0,0,33,6,6071,101112,0,0,0,0,0,242596,3,0
1,0,0,0,28,7,6072,101112,0,0,0,0,0,77035,3,0
4,0,0,1,16,9,6073,101112,0,0,0,0,2,255205,3,0
0,0,0,0,20,11,6074,101112,0,0,0,0,0,222429,3,0
7,0,0,1,11,12,6075,101112,0,0,0,0,0,241002,3,0
2,0,0,0,3,16,6076,101112,0,0,0,0,0,220028,3,0
7,0,0,1,13,18,6077,101112,1,0,0,0,3,189596,3,0
16,0,0,1,24,25,6078,101112,0,0,0,0,0,243456,3,0
1,0,0,0,25,28,6079,101112,0,0,0,0,0,208919,3,0
1,0,0,0,17,28,6080,101112,0,0,0,0,0,259543,3,0
2,0,0,0,26,28,6081,101112,0,0,0,0,0,245867,3,0
2,0,0,0,18,28,6082,101112,0,0,0,0,0,275054,3,0
0,0,0,0,32,28,6083,101112,0,0,0,0,0,258351,3,0
0,0,0,0,29,28,6084,101112,0,0,0,0,0,261453,3,0
0,0,0,0,6,28,6085,101112,0,0,0,0,0,259280,3,0
1,0,0,0,59,28,6086,101112,0,0,0,0,0,75232,3,0
0,0,0,0,15,28,6087,101112,0,0,0,0,0,214948,3,0
0,0,0,0,48,28,6088,101112,0,0,0,0,0,269963,3,0
2,0,0,0,75,28,6089,101112,0,0,0,0,1,79903,3,0
0,0,0,0,30,28,6090,101112,0,0,0,0,0,229433,3,0
0,0,0,0,27,29,6091,101112,0,0,0,0,0,278889,3,0
0,0,0,0,97,29,6092,101112,0,0,0,0,0,77968,3,0
1,0,0,0,42,29,6093,101112,0,0,0,0,1,274574,3,0
0,0,0,0,1,0,6094,111065,0,0,0,0,0,192397,3,0
1,0,0,1,92,3,6095,111065,0,0,0,0,0,275645,3,0
0,0,0,0,15,4,6096,111065,0,0,0,0,0,222557,3,0
1,0,0,1,29,6,6097,111065,0,0,0,0,0,247309,3,0
1,0,0,1,98,7,6098,111065,0,0,0,0,0,240501,3,0
0,0,0,0,7,9,6099,111065,0,0,0,0,0,240448,3,0
0,0,0,0,14,11,6100,111065,0,0,0,0,0,274970,3,0
4,0,0,1,72,12,6101,111065,0,0,0,0,0,278875,3,0
0,0,0,0,16,16,6102,111065,0,0,0,0,0,258813,3,0
9,0,0,1,8,18,6103,111065,0,0,0,0,0,270517,3,0
1,0,0,1,23,25,6104,111065,0,0,0,0,0,70934,3,0
4,0,0,1,17,28,6105,111065,2,0,0,0,2,252487,3,0
0,0,0,0,43,28,6106,111065,0,0,0,0,0,73878,3,0
1,0,0,1,41,28,6107,111065,0,0,0,0,0,276066,3,0
0,0,0,0,26,28,6108,111065,0,0,0,0,0,274537,3,0
0,0,0,0,31,28,6109,111065,0,0,0,0,0,231861,3,0
1,0,0,1,2,28,6110,111065,0,0,0,0,0,212722,3,0
0,0,0,0,99,28,6111,111065,0,0,0,0,0,260842,3,0
0,0,0,0,3,28,6112,111065,0,0,0,0,0,75058,3,0
0,0,0,0,20,28,6113,111065,0,0,0,0,0,81423,3,0
0,0,0,0,40,0,6114,111138,0,0,0,0,0,254962,3,0
3,0,0,1,21,3,6115,111138,0,0,0,0,0,264516,3,0
0,0,0,0,5,4,6116,111138,0,0,0,0,0,262142,3,0
1,0,0,0,15,5,6117,111138,0,0,0,0,0,202170,3,0
0,0,0,0,28,6,6118,111138,0,0,0,0,0,74063,3,0
9,0,0,1,13,7,6119,111138,0,0,0,0,2,271053,3,0
1,0,0,0,24,12,6120,111138,0,0,0,0,0,237223,3,0
2,0,0,0,20,13,6121,111138,0,0,0,0,0,212424,3,0
0,0,0,0,30,15,6122,111138,0,0,0,0,0,264137,3,0
6,0,0,1,26,16,6123,111138,1,0,0,0,2,233092,3,0
9,0,0,1,9,25,6124,111138,0,0,0,0,0,251229,3,0
4,0,0,1,41,28,6125,111138,0,0,0,0,0,241026,3,0
0,0,0,0,22,28,6126,111138,0,0,0,0,0,266751,3,0
2,0,0,0,67,28,6127,111138,0,0,0,0,0,259568,3,0
0,0,0,0,27,28,6128,111138,0,0,0,0,0,261196,3,0
0,0,0,0,1,28,6129,111138,0,0,0,0,0,73211,3,0
0,0,0,0,7,28,6130,111138,0,0,0,0,0,242815,3,0
0,0,0,0,44,28,6131,111138,0,0,0,0,0,271106,3,0
0,0,0,0,29,28,6132,111138,0,0,0,0,0,81404,3,0
0,0,0,0,23,28,6133,111138,0,0,0,0,0,73854,3,0
2,0,0,0,25,28,6134,111138,0,0,0,0,1,270887,3,0
0,0,0,0,42,28,6135,111138,0,0,0,0,0,72555,3,0
0,0,0,0,16,28,6136,111138,0,0,0,0,0,275431,3,0
0,0,0,0,43,29,6137,111138,0,0,0,0,0,273548,3,0
0,0,0,0,45,29,6138,111138,0,0,0,0,0,246020,3,0
0,0,0,0,31,0,6139,111139,0,0,0,0,0,268394,3,0
0,0,0,0,27,3,6140,111139,0,0,0,0,0,74623,3,0
1,0,0,0,2,4,6141,111139,0,0,0,0,0,260635,3,0
0,0,0,0,5,6,6142,111139,0,0,0,0,0,260545,3,0
2,0,0,1,13,7,6143,111139,0,0,0,0,0,266335,3,0
0,0,0,0,6,9,6144,111139,0,0,0,0,0,213092,3,0
2,0,0,1,22,11,6145,111139,0,0,0,0,0,269758,3,0
0,0,0,0,39,12,6146,111139,0,0,0,0,0,77609,3,0
1,0,0,0,21,16,6147,111139,0,0,0,0,1,232166,3,0
1,0,0,0,18,18,6148,111139,0,0,0,0,0,76908,3,0
13,0,0,1,9,25,6149,111139,0,0,0,0,1,244250,3,0
0,0,0,0,11,28,6150,111139,0,0,0,0,0,246070,3,0
0,0,0,0,8,28,6151,111139,0,0,0,0,0,243828,3,0
1,0,0,0,42,28,6152,111139,0,0,0,0,0,246300,3,0
0,0,0,0,44,28,6153,111139,0,0,0,0,0,255335,3,0
0,0,0,0,1,28,6154,111139,0,0,0,0,0,261687,3,0
1,0,0,0,29,28,6155,111139,0,0,0,0,0,78355,3,0
0,0,0,0,19,28,6156,111139,0,0,0,0,0,259039,3,0
0,0,0,0,24,28,6157,111139,0,0,0,0,0,259934,3,0
0,0,0,0,14,28,6158,111139,0,0,0,0,0,260443,3,0
0,0,0,0,7,28,6159,111139,0,0,0,0,0,259288,3,0
3,0,0,1,99,28,6160,111139,0,0,0,0,0,235184,3,0
0,0,0,0,35,28,6161,111139,0,0,0,0,0,77091,3,0
3,0,0,1,43,29,6162,111139,0,0,0,0,0,248168,3,0
2,0,0,1,98,29,6163,111139,0,0,0,0,0,274569,3,0
0,0,0,0,41,0,6164,111140,0,0,0,0,0,238919,3,0
1,0,0,0,29,3,6165,111140,0,0,0,0,0,255894,3,0
0,0,0,0,20,4,6166,111140,0,0,0,0,0,266150,3,0
1,0,0,0,4,6,6167,111140,0,0,0,0,0,247648,3,0
0,0,0,0,27,7,6168,111140,0,0,0,0,0,259111,3,0
0,0,0,0,21,9,6169,111140,0,0,0,0,0,203067,3,0
0,0,0,0,80,11,6170,111140,0,0,0,0,0,254887,3,0
0,0,0,0,7,12,6171,111140,0,0,0,0,0,229881,3,0
7,0,0,1,11,16,6172,111140,0,0,0,0,0,263947,3,0
4,0,0,1,10,18,6173,111140,0,0,0,0,0,259139,3,0
5,0,0,1,9,25,6174,111140,0,0,0,0,0,213620,3,0
7,0,0,1,19,28,6175,111140,0,0,0,0,0,268300,3,0
1,0,0,0,22,28,6176,111140,0,0,0,0,0,247084,3,0
0,0,0,0,40,28,6177,111140,0,0,0,0,0,242554,3,0
0,0,0,0,18,28,6178,111140,0,0,0,0,0,257067,3,0
0,0,0,0,25,28,6179,111140,0,0,0,0,0,247346,3,0
1,0,0,0,14,28,6180,111140,0,0,0,0,0,223816,3,0
0,0,0,0,99,28,6181,111140,0,0,0,0,0,238303,3,0
1,0,0,0,23,28,6182,111140,0,0,0,0,0,77660,3,0
0,0,0,0,88,28,6183,111140,0,0,0,0,0,79895,3,0
0,0,0,0,42,28,6184,111140,0,0,0,0,0,279938,3,0
0,0,0,0,45,28,6185,111140,0,0,0,0,0,221656,3,0
3,0,0,1,46,28,6186,111140,0,0,0,0,0,245341,3,0
0,0,0,0,24,0,6187,111144,0,0,0,0,0,190569,3,0
0,0,0,0,16,3,6188,111144,0,0,0,0,0,242648,3,0
0,0,0,0,28,4,6189,111144,0,0,0,0,0,224396,3,0
1,0,0,0,5,6,6190,111144,0,0,0,0,0,237469,3,0
0,0,0,0,21,7,6191,111144,0,0,0,0,0,262208,3,0
1,0,0,0,7,9,6192,111144,0,0,0,0,0,226807,3,0
1,0,0,0,98,11,6193,111144,0,0,0,0,0,247476,3,0
4,0,0,1,10,12,6194,111144,0,0,0,0,1,246045,3,0
5,0,0,1,13,16,6195,111144,1,0,0,0,1,226035,3,0
11,0,0,1,11,18,6196,111144,0,0,0,0,0,210423,3,0
4,0,0,1,9,25,6197,111144,0,0,0,0,0,241487,3,0
14,0,0,1,19,28,6198,111144,0,0,0,0,0,243302,3,0
1,0,0,0,95,28,6199,111144,0,0,0,0,0,78714,3,0
0,0,0,0,20,28,6200,111144,0,0,0,0,0,203002,3,0
3,0,0,0,85,28,6201,111144,0,0,0,0,0,77671,3,0
0,0,0,0,26,28,6202,111144,0,0,0,0,0,262530,3,0
2,0,0,0,25,28,6203,111144,1,0,0,0,1,267995,3,0
0,0,0,0,41,28,6204,111144,0,0,0,0,0,275338,3,0
1,0,0,0,93,28,6205,111144,0,0,0,0,0,72379,3,0
2,0,0,0,37,28,6206,111144,0,0,0,0,0,80610,3,0
4,0,0,1,99,28,6207,111144,0,0,0,0,1,260657,3,0
0,0,0,0,39,28,6208,111144,0,0,0,0,0,278151,3,0
0,0,0,0,17,28,6209,111144,0,0,0,0,0,217714,3,0
0,0,0,0,40,29,6210,111144,0,0,0,0,0,267801,3,0
0,0,0,0,45,29,6211,111144,0,0,0,0,0,71218,3,0
0,0,0,0,97,29,6212,111144,0,0,0,0,0,269196,3,0
0,0,0,0,90,0,6213,111651,0,0,0,0,0,277916,3,0
0,0,0,0,2,3,6214,111651,0,0,0,0,0,237307,3,0
0,0,0,0,12,4,6215,111651,0,0,0,0,0,260143,3,0
0,0,0,0,40,6,6216,111651,0,0,0,0,0,212591,3,0
0,0,0,0,15,7,6217,111651,0,0,0,0,0,71407,3,0
0,0,0,0,8,9,6218,111651,0,0,0,0,0,255137,3,0
1,0,0,1,14,11,6219,111651,0,0,0,0,0,274976,3,0
1,0,0,1,22,12,6220,111651,0,0,0,0,0,232081,3,0
6,0,0,1,7,16,6221,111651,0,0,0,0,0,258758,3,0
4,0,0,1,21,18,6222,111651,1,0,0,0,1,213439,3,0
4,0,0,1,29,25,6223,111651,1,0,0,0,1,266615,3,0
13,0,0,1,10,28,6224,111651,2,0,0,0,3,237496,3,0
0,0,0,0,19,28,6225,111651,0,0,0,0,0,268433,3,0
0,0,0,0,76,28,6226,111651,0,0,0,0,0,276497,3,0
0,0,0,0,41,28,6227,111651,0,0,0,0,0,278682,3,0
0,0,0,0,77,28,6228,111651,0,0,0,0,0,77129,3,0
1,0,0,1,99,28,6229,111651,0,0,0,0,0,261605,3,0
0,0,0,0,71,28,6230,111651,0,0,0,0,0,278679,3,0
0,0,0,0,78,28,6231,111651,0,0,0,0,0,79900,3,0
0,0,0,0,6,28,6232,111651,0,0,0,0,0,267847,3,0
0,0,0,0,13,28,6233,111651,0,0,0,0,0,186998,3,0
0,0,0,0,98,28,6234,111651,0,0,0,0,0,166539,3,0
0,0,0,0,42,0,6235,111928,0,0,0,0,0,238604,3,0
2,0,0,1,5,4,6236,111928,0,0,0,0,0,274533,3,0
0,0,0,0,25,5,6237,111928,0,0,0,0,0,77496,3,0
0,0,0,0,12,6,6238,111928,0,0,0,0,0,229879,3,0
0,0,0,0,21,23,6239,111928,0,0,0,0,0,266686,3,0
1,0,0,0,22,12,6240,111928,0,0,0,0,0,246803,3,0
5,0,0,1,34,13,6241,111928,0,0,0,0,1,77560,3,0
3,0,0,1,6,15,6242,111928,0,0,0,0,0,237385,3,0
1,0,0,0,94,16,6243,111928,0,0,0,0,0,232388,3,0
0,0,0,0,28,27,6244,111928,0,0,0,0,0,261114,3,0
6,0,0,1,19,25,6245,111928,0,0,0,0,0,268483,3,0
0,0,0,0,37,28,6246,111928,0,0,0,0,0,233943,3,0
3,0,0,1,11,28,6247,111928,0,0,0,0,0,266375,3,0
1,0,0,0,30,28,6248,111928,1,0,0,0,1,266518,3,0
0,0,0,0,18,28,6249,111928,0,0,0,0,0,77511,3,0
0,0,0,0,36,28,6250,111928,0,0,0,0,0,227653,3,0
0,0,0,0,16,28,6251,111928,0,0,0,0,0,256110,3,0
1,0,0,0,43,28,6252,111928,0,0,0,0,0,73877,3,0
0,0,0,0,40,28,6253,111928,0,0,0,0,0,243126,3,0
0,0,0,0,31,28,6254,111928,0,0,0,0,0,78210,3,0
0,0,0,0,18,0,6255,112134,0,0,0,0,0,216939,3,0
0,0,0,0,15,3,6256,112134,0,0,0,0,0,243235,3,0
2,0,0,1,26,4,6257,112134,0,0,0,0,0,260477,3,0
1,0,0,0,29,6,6258,112134,0,0,0,0,0,278688,3,0
1,0,0,0,39,7,6259,112134,0,0,0,0,0,77483,3,0
5,0,0,1,19,12,6260,112134,0,0,0,0,2,254905,3,0
3,0,0,1,21,13,6261,112134,0,0,0,0,0,268805,3,0
2,0,0,1,4,15,6262,112134,0,0,0,0,0,273582,3,0
2,0,0,1,33,16,6263,112134,0,0,0,0,0,260547,3,0
7,0,0,1,20,24,6264,112134,0,0,0,0,1,275046,3,0
12,0,0,1,32,26,6265,112134,0,0,0,0,1,255275,3,0
1,0,0,0,11,28,6266,112134,0,0,0,0,0,191173,3,0
1,0,0,0,8,28,6267,112134,0,0,0,0,0,259978,3,0
0,0,0,0,16,28,6268,112134,0,0,0,0,0,266373,3,0
0,0,0,0,14,28,6269,112134,0,0,0,0,0,261333,3,0
0,0,0,0,76,28,6270,112134,0,0,0,0,0,72901,3,0
1,0,0,0,35,28,6271,112134,0,0,0,0,0,70856,3,0
0,0,0,0,17,28,6272,112134,0,0,0,0,0,74265,3,0
0,0,0,0,31,28,6273,112134,0,0,0,0,0,267874,3,0
0,0,0,0,41,0,6274,112606,0,0,0,0,0,213536,3,0
0,0,0,0,29,3,6275,112606,0,0,0,0,0,70442,3,0
1,0,0,0,6,4,6276,112606,0,0,0,0,0,203137,3,0
0,0,0,0,21,6,6277,112606,0,0,0,0,0,224921,3,0
1,0,0,0,4,7,6278,112606,1,0,0,0,1,264085,3,0
12,0,0,1,87,12,6279,112606,0,0,0,0,1,262740,3,0
0,0,0,0,20,13,6280,112606,0,0,0,0,0,236298,3,0
0,0,0,0,35,15,6281,112606,0,0,0,0,0,77663,3,0
0,0,0,0,77,16,6282,112606,0,0,0,0,0,236800,3,0
16,0,0,1,10,18,6283,112606,0,0,0,0,0,240744,3,0
3,0,0,1,13,25,6284,112606,1,0,0,0,1,274841,3,0
0,0,0,0,65,28,6285,112606,0,0,0,0,0,78207,3,0
2,0,0,1,99,28,6286,112606,0,0,0,0,0,248870,3,0
3,0,0,1,14,28,6287,112606,0,0,0,0,0,71618,3,0
0,0,0,0,25,28,6288,112606,0,0,0,0,0,77464,3,0
0,0,0,0,12,28,6289,112606,0,0,0,0,0,277189,3,0
0,0,0,0,34,28,6290,112606,0,0,0,0,0,74438,3,0
0,0,0,0,16,28,6291,112606,0,0,0,0,0,221664,3,0
0,0,0,0,49,0,6292,112828,0,0,0,0,0,247506,3,0
0,0,0,0,24,3,6293,112828,0,0,0,0,0,254492,3,0
1,0,0,0,13,4,6294,112828,0,0,0,0,1,233790,3,0
0,0,0,0,34,6,6295,112828,0,0,0,0,0,72905,3,0
1,0,0,0,22,7,6296,112828,0,0,0,0,0,268009,3,0
1,0,0,0,32,9,6297,112828,0,0,0,0,0,274998,3,0
1,0,0,0,55,11,6298,112828,0,0,0,0,0,241783,3,0
11,0,0,1,17,12,6299,112828,0,0,0,0,0,236935,3,0
0,0,0,0,26,16,6300,112828,0,0,0,0,0,268330,3,0
2,0,0,1,10,18,6301,112828,0,0,0,0,0,183895,3,0
17,0,0,1,16,25,6302,112828,0,0,0,0,0,268715,3,0
0,0,0,0,41,28,6303,112828,0,0,0,0,0,253755,3,0
3,0,0,1,7,28,6304,112828,1,0,0,0,2,257866,3,0
3,0,0,1,8,28,6305,112828,0,0,0,0,1,246047,3,0
0,0,0,0,2,28,6306,112828,0,0,0,0,0,77879,3,0
0,0,0,0,18,28,6307,112828,0,0,0,0,0,247448,3,0
0,0,0,0,21,28,6308,112828,0,0,0,0,0,230888,3,0
0,0,0,0,19,28,6309,112828,0,0,0,0,0,246354,3,0
0,0,0,0,29,28,6310,112828,0,0,0,0,0,274974,3,0
1,0,0,0,99,28,6311,112828,0,0,0,0,0,79886,3,0
0,0,0,0,30,28,6312,112828,0,0,0,0,0,260918,3,0
0,0,0,0,88,28,6313,112828,0,0,0,0,0,70444,3,0
0,0,0,0,42,28,6314,112828,0,0,0,0,0,82879,3,0
0,0,0,0,43,29,6315,112828,0,0,0,0,0,82889,3,0
0,0,0,0,36,29,6316,112828,0,0,0,0,0,279712,3,0
0,0,0,0,38,29,6317,112828,0,0,0,0,0,277302,3,0
0,0,0,0,42,0,6318,112885,0,0,0,0,0,77491,3,0
1,0,0,1,2,3,6319,112885,0,0,0,0,0,240921,3,0
0,0,0,0,5,4,6320,112885,0,0,0,0,0,216730,3,0
0,0,0,0,4,6,6321,112885,0,0,0,0,0,251446,3,0
1,0,0,1,18,7,6322,112885,0,0,0,0,0,256044,3,0
0,0,0,0,7,9,6323,112885,0,0,0,0,0,236529,3,0
1,0,0,1,8,11,6324,112885,0,0,0,0,0,235885,3,0
6,0,0,1,10,12,6325,112885,1,0,0,0,1,230977,3,0
0,0,0,0,9,16,6326,112885,0,0,0,0,0,239755,3,0
6,0,0,1,59,18,6327,112885,0,0,0,0,0,214092,3,0
7,0,0,1,19,25,6328,112885,0,0,0,0,0,237295,3,0
0,0,0,0,30,28,6329,112885,0,0,0,0,0,232785,3,0
1,0,0,1,35,28,6330,112885,0,0,0,0,0,274273,3,0
0,0,0,0,6,28,6331,112885,0,0,0,0,0,240859,3,0
0,0,0,0,47,28,6332,112885,0,0,0,0,0,74622,3,0
0,0,0,0,99,28,6333,112885,0,0,0,0,0,279360,3,0
0,0,0,0,20,28,6334,112885,0,0,0,0,0,278490,3,0
0,0,0,0,27,28,6335,112885,0,0,0,0,0,76453,3,0
1,0,0,1,28,28,6336,112885,0,0,0,0,0,76454,3,0
0,0,0,0,50,28,6337,112885,0,0,0,0,0,78044,3,0
0,0,0,0,40,0,6338,112893,0,0,0,0,0,247228,3,0
0,0,0,0,2,3,6339,112893,0,0,0,0,0,262339,3,0
1,0,0,0,37,4,6340,112893,0,0,0,0,0,259298,3,0
1,0,0,0,17,6,6341,112893,0,0,0,0,0,260732,3,0
0,0,0,0,32,7,6342,112893,0,0,0,0,0,267872,3,0
2,0,0,1,45,9,6343,112893,0,0,0,0,0,254578,3,0
1,0,0,0,42,11,6344,112893,0,0,0,0,0,71003,3,0
0,0,0,0,7,12,6345,112893,0,0,0,0,0,212616,3,0
8,0,0,1,8,16,6346,112893,1,0,0,0,1,260056,3,0
29,1,0,1,10,24,6347,112893,3,0,0,1,5,158023,3,0
10,0,0,1,9,26,6348,112893,0,0,0,0,1,176580,3,0
11,0,0,1,46,28,6349,112893,0,0,0,0,2,266624,3,0
0,0,0,0,24,28,6350,112893,0,0,0,0,0,73888,3,0
0,0,0,0,81,28,6351,112893,0,0,0,0,0,278217,3,0
0,0,0,0,62,28,6352,112893,0,0,0,0,0,276169,3,0
0,0,0,0,49,28,6353,112893,0,0,0,0,0,247121,3,0
0,0,0,0,41,28,6354,112893,0,0,0,0,0,275253,3,0
0,0,0,0,26,28,6355,112893,0,0,0,0,0,278495,3,0
0,0,0,0,47,28,6356,112893,0,0,0,0,0,269732,3,0
0,0,0,0,1,0,6357,112996,0,0,0,0,0,167948,3,0
1,0,0,0,14,3,6358,112996,0,0,0,0,0,228321,3,0
1,0,0,0,4,4,6359,112996,0,0,0,0,0,237245,3,0
1,0,0,0,33,6,6360,112996,0,0,0,0,0,222123,3,0
2,0,0,0,24,7,6361,112996,0,0,0,0,0,221488,3,0
0,0,0,0,6,10,6362,112996,0,0,0,0,0,74939,3,0
3,0,0,0,30,23,6363,112996,0,0,0,0,0,272317,3,0
0,0,0,0,11,13,6364,112996,0,0,0,0,0,240319,3,0
3,0,0,0,8,15,6365,112996,0,0,0,0,0,208592,3,0
24,1,0,1,99,27,6366,112996,0,0,0,0,0,225951,3,0
9,0,0,1,7,25,6367,112996,1,0,0,0,1,200104,3,0
4,0,0,1,17,28,6368,112996,0,0,0,0,1,237256,3,0
1,0,0,0,66,28,6369,112996,0,0,0,0,0,244680,3,0
0,0,0,0,91,28,6370,112996,0,0,0,0,0,256024,3,0
0,0,0,0,45,28,6371,112996,0,0,0,0,0,78204,3,0
0,0,0,0,12,28,6372,112996,0,0,0,0,0,248216,3,0
5,0,0,1,27,28,6373,112996,0,0,0,0,0,275974,3,0
0,0,0,0,5,28,6374,112996,0,0,0,0,0,240439,3,0
0,0,0,0,77,28,6375,112996,0,0,0,0,0,75237,3,0
1,0,0,0,29,28,6376,112996,0,0,0,0,0,77759,3,0
0,0,0,0,48,28,6377,112996,0,0,0,0,0,211672,3,0
4,0,0,1,40,28,6378,112996,0,0,0,0,0,251352,3,0
0,0,0,0,15,28,6379,112996,0,0,0,0,0,278502,3,0
0,0,0,0,47,29,6380,112996,0,0,0,0,0,255772,3,0
0,0,0,0,1,0,6381,113018,0,0,0,0,0,189117,3,0
0,0,0,0,32,4,6382,113018,0,0,0,0,0,223641,3,0
0,0,0,0,88,5,6383,113018,0,0,0,0,0,276257,3,0
1,0,0,0,22,6,6384,113018,0,0,0,0,0,271143,3,0
0,0,0,0,14,12,6385,113018,0,0,0,0,0,240150,3,0
6,0,0,1,10,13,6386,113018,1,0,0,0,1,238072,3,0
0,0,0,0,8,15,6387,113018,0,0,0,0,0,237407,3,0
2,0,0,1,12,16,6388,113018,0,0,0,0,0,273124,3,0
9,0,0,1,17,17,6389,113018,0,0,0,0,2,233125,3,0
3,0,0,1,36,19,6390,113018,0,0,0,0,0,226050,3,0
1,0,0,0,77,25,6391,113018,0,0,0,0,0,260485,3,0
3,0,0,1,11,28,6392,113018,0,0,0,0,1,271293,3,0
1,0,0,0,7,28,6393,113018,0,0,0,0,0,247245,3,0
1,0,0,0,44,28,6394,113018,0,0,0,0,0,247240,3,0
1,0,0,0,91,28,6395,113018,0,0,0,0,0,266610,3,0
0,0,0,0,39,28,6396,113018,0,0,0,0,0,211387,3,0
1,0,0,0,45,28,6397,113018,0,0,0,0,0,260734,3,0
0,0,0,0,33,28,6398,113018,0,0,0,0,0,73881,3,0
2,0,0,1,80,28,6399,113018,0,0,0,0,0,79897,3,0
1,0,0,0,59,28,6400,113018,0,0,0,0,0,77499,3,0
0,0,0,0,28,28,6401,113018,0,0,0,0,0,274492,3,0
0,0,0,0,46,28,6402,113018,0,0,0,0,0,274942,3,0
1,0,0,0,75,28,6403,113018,0,0,0,0,0,266033,3,0
1,0,0,0,47,29,6404,113018,0,0,0,0,0,232083,3,0
0,0,0,0,18,0,6405,113149,0,0,0,0,0,266382,3,0
1,0,0,0,12,4,6406,113149,0,0,0,0,0,237255,3,0
1,0,0,0,4,5,6407,113149,1,0,0,0,1,221680,3,0
0,0,0,0,3,6,6408,113149,0,0,0,0,0,268610,3,0
0,0,0,0,2,12,6409,113149,0,0,0,0,0,216346,3,0
3,0,0,1,20,13,6410,113149,0,0,0,0,0,244788,3,0
0,0,0,0,27,15,6411,113149,0,0,0,0,0,255177,3,0
1,0,0,0,66,16,6412,113149,0,0,0,0,0,275515,3,0
5,0,0,1,22,17,6413,113149,0,0,0,0,0,275602,3,0
18,1,0,1,10,19,6414,113149,1,0,0,0,1,234505,3,0
15,0,0,1,9,25,6415,113149,0,0,0,0,2,237254,3,0
0,0,0,0,26,28,6416,113149,0,0,0,0,0,258620,3,0
0,0,0,0,5,28,6417,113149,0,0,0,0,0,258881,3,0
0,0,0,0,21,28,6418,113149,0,0,0,0,0,215565,3,0
0,0,0,0,16,28,6419,113149,0,0,0,0,0,239438,3,0
0,0,0,0,13,28,6420,113149,0,0,0,0,0,237399,3,0
0,0,0,0,19,28,6421,113149,0,0,0,0,0,77517,3,0
0,0,0,0,11,28,6422,113149,0,0,0,0,0,81424,3,0
0,0,0,0,37,28,6423,113149,0,0,0,0,0,274542,3,0
0,0,0,0,35,28,6424,113149,0,0,0,0,0,79420,3,0
0,0,0,0,41,28,6425,113149,0,0,0,0,0,247356,3,0
3,0,0,1,23,28,6426,113149,0,0,0,0,0,243459,3,0
0,0,0,0,43,28,6427,113149,0,0,0,0,0,82999,3,0
0,0,0,0,99,29,6428,113149,0,0,0,0,0,271986,3,0
0,0,0,0,1,0,6429,114161,0,0,0,0,0,213206,3,0
1,0,0,0,17,3,6430,114161,0,0,0,0,0,242624,3,0
1,0,0,0,5,4,6431,114161,0,0,0,0,1,278884,3,0
0,0,0,0,4,6,6432,114161,0,0,0,0,0,231948,3,0
3,0,0,1,29,7,6433,114161,0,0,0,0,0,279942,3,0
0,0,0,0,7,23,6434,114161,0,0,0,0,0,227594,3,0
7,0,0,1,33,13,6435,114161,1,0,0,0,2,269151,3,0
1,0,0,0,6,14,6436,114161,0,0,0,0,0,199562,3,0
1,0,0,0,8,15,6437,114161,0,0,0,0,0,261245,3,0
6,0,0,1,10,27,6438,114161,0,0,0,0,0,261204,3,0
5,0,0,1,9,25,6439,114161,0,0,0,0,0,236885,3,0
1,0,0,0,14,28,6440,114161,0,0,0,0,0,227855,3,0
0,0,0,0,20,28,6441,114161,0,0,0,0,0,70676,3,0
1,0,0,0,3,28,6442,114161,0,0,0,0,0,212170,3,0
1,0,0,0,23,28,6443,114161,0,0,0,0,0,261359,3,0
0,0,0,0,90,28,6444,114161,0,0,0,0,0,266726,3,0
2,0,0,1,16,28,6445,114161,0,0,0,0,0,239944,3,0
1,0,0,0,19,28,6446,114161,0,0,0,0,0,274107,3,0
0,0,0,0,35,28,6447,114161,0,0,0,0,0,81403,3,0
0,0,0,0,93,28,6448,114161,0,0,0,0,0,79847,3,0
1,0,0,0,92,28,6449,114161,0,0,0,0,0,264157,3,0
2,0,0,1,91,28,6450,114161,0,0,0,0,0,255339,3,0
0,0,0,0,32,28,6451,114161,0,0,0,0,0,279937,3,0
0,0,0,0,98,29,6452,114161,0,0,0,0,0,78458,3,0
0,0,0,0,99,29,6453,114161,0,0,0,0,0,261565,3,0
0,0,0,0,99,0,6454,114162,0,0,0,0,0,261305,3,0
2,0,0,1,31,3,6455,114162,0,0,0,0,1,198705,3,0
2,0,0,1,4,4,6456,114162,0,0,0,0,0,226737,3,0
0,0,0,0,5,6,6457,114162,0,0,0,0,0,259292,3,0
2,0,0,1,2,7,6458,114162,0,0,0,0,0,221713,3,0
1,0,0,0,19,12,6459,114162,0,0,0,0,0,231886,3,0
1,0,0,0,8,13,6460,114162,0,0,0,0,0,261875,3,0
0,0,0,0,20,15,6461,114162,0,0,0,0,0,252858,3,0
1,0,0,0,24,16,6462,114162,0,0,0,0,0,256039,3,0
16,0,0,1,10,18,6463,114162,0,0,0,0,1,210021,3,0
24,1,0,1,9,25,6464,114162,1,0,0,0,3,234249,3,0
2,0,0,1,37,28,6465,114162,0,0,0,0,0,261031,3,0
0,0,0,0,16,28,6466,114162,0,0,0,0,0,77557,3,0
2,0,0,1,22,28,6467,114162,0,0,0,0,0,261874,3,0
0,0,0,0,33,28,6468,114162,0,0,0,0,0,77463,3,0
0,0,0,0,13,28,6469,114162,0,0,0,0,0,272887,3,0
0,0,0,0,47,28,6470,114162,0,0,0,0,0,70935,3,0
0,0,0,0,66,28,6471,114162,0,0,0,0,0,81771,3,0
0,0,0,0,77,28,6472,114162,0,0,0,0,0,70079,3,0
0,0,0,0,40,28,6473,114162,0,0,0,0,0,71077,3,0
4,0,0,1,41,28,6474,114162,0,0,0,0,0,226385,3,0
0,0,0,0,42,28,6475,114162,0,0,0,0,0,274665,3,0
0,0,0,0,43,28,6476,114162,0,0,0,0,0,70140,3,0
0,0,0,0,48,29,6477,114162,0,0,0,0,0,202215,3,0
0,0,0,0,49,29,6478,114162,0,0,0,0,0,263237,3,0
0,0,0,0,50,29,6479,114162,0,0,0,0,0,239782,3,0
0,0,0,0,1,0,6480,114640,0,0,0,0,0,266282,3,0
0,0,0,0,14,3,6481,114640,0,0,0,0,0,202814,3,0
1,0,0,0,4,4,6482,114640,0,0,0,0,0,274534,3,0
0,0,0,0,3,6,6483,114640,0,0,0,0,0,198261,3,0
0,0,0,0,15,7,6484,114640,0,0,0,0,0,206086,3,0
1,0,0,0,8,9,6485,114640,0,0,0,0,0,189280,3,0
0,0,0,0,28,11,6486,114640,0,0,0,0,0,246299,3,0
6,0,0,1,18,12,6487,114640,1,0,0,0,1,269913,3,0
10,0,0,1,10,16,6488,114640,1,0,0,0,3,198717,3,0
10,0,0,1,16,18,6489,114640,0,0,0,0,0,241985,3,0
11,0,0,1,17,25,6490,114640,0,0,0,0,0,75295,3,0
0,0,0,0,7,28,6491,114640,0,0,0,0,0,262648,3,0
0,0,0,0,25,28,6492,114640,0,0,0,0,0,72167,3,0
5,0,0,1,11,28,6493,114640,0,0,0,0,0,263377,3,0
2,0,0,0,13,28,6494,114640,0,0,0,0,0,237920,3,0
0,0,0,0,26,28,6495,114640,0,0,0,0,0,259550,3,0
5,0,0,1,99,28,6496,114640,0,0,0,0,0,229379,3,0
0,0,0,0,55,28,6497,114640,0,0,0,0,0,81765,3,0
0,0,0,0,27,28,6498,114640,0,0,0,0,0,274686,3,0
0,0,0,0,39,28,6499,114640,0,0,0,0,0,275008,3,0
0,0,0,0,51,28,6500,114640,0,0,0,0,0,77501,3,0
0,0,0,0,29,28,6501,114640,0,0,0,0,0,251547,3,0
0,0,0,0,98,28,6502,114640,0,0,0,0,0,255110,3,0
0,0,0,0,1,0,6503,131439,0,0,0,0,0,267636,3,0
0,0,0,0,2,3,6504,131439,0,0,0,0,0,265734,3,0
2,0,0,0,97,4,6505,131439,0,0,0,0,0,242199,3,0
0,0,0,0,4,6,6506,131439,0,0,0,0,0,246048,3,0
1,0,0,0,27,7,6507,131439,0,0,0,0,0,75236,3,0
1,0,0,0,20,9,6508,131439,0,0,0,0,0,217047,3,0
2,0,0,0,6,11,6509,131439,0,0,0,0,0,224067,3,0
19,1,0,1,10,23,6510,131439,2,0,0,0,4,236918,3,0
4,0,0,1,48,14,6511,131439,0,0,0,0,0,245685,3,0
9,0,0,1,11,27,6512,131439,0,0,0,0,0,221992,3,0
3,0,0,1,9,25,6513,131439,0,0,0,0,0,260482,3,0
2,0,0,0,7,28,6514,131439,0,0,0,0,0,215247,3,0
0,0,0,0,49,28,6515,131439,0,0,0,0,0,221908,3,0
4,0,0,1,90,28,6516,131439,2,0,0,0,3,224874,3,0
1,0,0,0,25,28,6517,131439,0,0,0,0,0,77967,3,0
0,0,0,0,13,28,6518,131439,0,0,0,0,0,235590,3,0
0,0,0,0,24,28,6519,131439,0,0,0,0,0,217606,3,0
0,0,0,0,70,28,6520,131439,0,0,0,0,0,266507,3,0
1,0,0,0,77,28,6521,131439,0,0,0,0,0,254859,3,0
0,0,0,0,3,28,6522,131439,0,0,0,0,0,279225,3,0
0,0,0,0,33,28,6523,131439,0,0,0,0,0,73671,3,0
0,0,0,0,18,28,6524,131439,0,0,0,0,0,279706,3,0
0,0,0,0,26,28,6525,131439,0,0,0,0,0,77495,3,0
0,0,0,0,15,29,6526,131439,0,0,0,0,0,80612,3,0
0,0,0,0,41,29,6527,131439,0,0,0,0,0,70074,3,0
0,0,0,0,29,29,6528,131439,0,0,0,0,0,77459,3,0
0,0,0,0,19,29,6529,131439,0,0,0,0,0,73870,3,0
0,0,0,0,1,0,6530,298,0,0,0,0,0,243158,3,0
0,0,0,0,22,3,6531,298,0,0,0,0,0,198657,3,0
0,0,0,0,38,4,6532,298,0,0,0,0,0,258920,3,0
1,0,0,0,21,6,6533,298,0,0,0,0,0,70693,3,0
1,0,0,0,19,7,6534,298,0,0,0,0,0,241726,3,0
4,0,0,1,29,12,6535,298,2,0,0,0,2,70628,3,0
1,0,0,0,6,13,6536,298,0,0,0,0,0,246757,3,0
0,0,0,0,10,15,6537,298,0,0,0,0,0,204612,3,0
2,0,0,1,7,16,6538,298,2,0,0,0,2,255464,3,0
14,1,0,1,39,24,6539,298,1,0,0,0,1,215817,3,0
5,0,0,1,35,26,6540,298,1,0,0,0,1,245537,3,0
1,0,0,0,16,28,6541,298,0,0,0,0,0,223255,3,0
2,0,0,1,23,28,6542,298,0,0,0,0,0,212040,3,0
0,0,0,0,15,28,6543,298,0,0,0,0,0,245684,3,0
0,0,0,0,50,28,6544,298,0,0,0,0,0,71868,3,0
0,0,0,0,12,28,6545,298,0,0,0,0,0,248283,3,0
0,0,0,0,45,28,6546,298,0,0,0,0,0,278753,3,0
2,0,0,1,8,28,6547,298,0,0,0,0,1,213777,3,0
0,0,0,0,2,28,6548,298,0,0,0,0,0,267601,3,0
0,0,0,0,44,28,6549,298,0,0,0,0,0,277510,3,0
0,0,0,0,18,28,6550,298,0,0,0,0,0,73447,3,0
0,0,0,0,55,28,6551,298,0,0,0,0,0,75193,3,0
0,0,0,0,56,28,6552,298,0,0,0,0,0,72599,3,0
0,0,0,0,24,29,6553,298,0,0,0,0,0,80447,3,0
0,0,0,0,60,29,6554,298,0,0,0,0,0,78924,3,0
0,0,0,0,33,29,6555,298,0,0,0,0,0,72409,3,0
0,0,0,0,11,29,6556,298,0,0,0,0,0,272322,3,0
0,0,0,0,57,29,6557,298,0,0,0,0,0,75672,3,0
0,0,0,0,17,29,6558,298,0,0,0,0,0,73126,3,0
0,0,0,0,1,0,6559,300,0,0,0,0,0,186508,3,0
2,0,0,0,5,3,6560,300,0,0,0,0,0,257072,3,0
6,0,0,1,25,4,6561,300,0,0,0,0,1,256435,3,0
4,0,0,0,4,6,6562,300,1,0,0,0,1,235532,3,0
1,0,0,0,23,7,6563,300,1,0,0,0,1,209335,3,0
3,0,0,0,8,10,6564,300,0,0,0,0,1,254142,3,0
11,0,0,1,10,12,6565,300,1,0,0,0,1,205214,3,0
3,0,0,0,19,13,6566,300,1,0,0,0,2,246100,3,0
2,0,0,0,33,15,6567,300,0,0,0,0,0,73381,3,0
6,0,0,1,17,16,6568,300,1,0,0,0,1,271265,3,0
14,1,0,1,20,25,6569,300,0,0,0,0,0,245384,3,0
5,0,0,0,26,28,6570,300,0,0,0,0,1,262860,3,0
2,0,0,0,18,28,6571,300,0,0,0,0,0,246390,3,0
2,0,0,0,21,28,6572,300,0,0,0,0,0,243347,3,0
1,0,0,0,24,28,6573,300,0,0,0,0,0,279217,3,0
0,0,0,0,95,28,6574,300,0,0,0,0,0,83626,3,0
0,0,0,0,6,28,6575,300,0,0,0,0,0,247754,3,0
1,0,0,0,2,28,6576,300,0,0,0,0,0,256040,3,0
0,0,0,0,94,28,6577,300,0,0,0,0,0,73262,3,0
2,0,0,0,28,28,6578,300,0,0,0,0,0,271467,3,0
0,0,0,0,12,28,6579,300,0,0,0,0,0,268413,3,0
0,0,0,0,3,28,6580,300,0,0,0,0,0,214650,3,0
6,0,0,1,16,28,6581,300,0,0,0,0,0,201888,3,0
0,0,0,0,98,29,6582,300,0,0,0,0,0,74389,3,0
0,0,0,0,32,29,6583,300,0,0,0,0,0,278703,3,0
0,0,0,0,97,29,6584,300,0,0,0,0,0,77749,3,0
0,0,0,0,96,29,6585,300,0,0,0,0,0,72277,3,0
3,0,0,0,14,29,6586,300,0,0,0,0,0,70948,3,0
0,0,0,0,45,0,6587,417,0,0,0,0,0,246753,3,0
0,0,0,0,21,3,6588,417,0,0,0,0,0,198599,3,0
0,0,0,0,19,4,6589,417,0,0,0,0,0,223253,3,0
0,0,0,0,33,6,6590,417,0,0,0,0,0,241737,3,0
0,0,0,0,26,7,6591,417,0,0,0,0,0,77951,3,0
3,0,0,1,5,12,6592,417,0,0,0,0,0,211365,3,0
0,0,0,0,17,13,6593,417,0,0,0,0,0,201877,3,0
0,0,0,0,14,15,6594,417,0,0,0,0,0,244692,3,0
4,0,0,1,25,16,6595,417,0,0,0,0,2,278710,3,0
4,0,0,1,16,24,6596,417,0,0,0,0,1,246063,3,0
7,0,0,1,8,26,6597,417,0,0,0,0,0,188091,3,0
3,0,0,1,11,28,6598,417,0,0,0,0,1,247534,3,0
0,0,0,0,28,28,6599,417,0,0,0,0,0,83377,3,0
2,0,0,0,18,28,6600,417,0,0,0,0,0,236634,3,0
0,0,0,0,6,28,6601,417,0,0,0,0,0,256384,3,0
0,0,0,0,12,28,6602,417,0,0,0,0,0,262814,3,0
3,0,0,1,20,28,6603,417,0,0,0,0,0,267685,3,0
0,0,0,0,3,28,6604,417,0,0,0,0,0,244056,3,0
1,0,0,0,23,28,6605,417,0,0,0,0,1,70328,3,0
0,0,0,0,53,28,6606,417,0,0,0,0,0,78573,3,0
2,0,0,0,27,28,6607,417,0,0,0,0,0,77083,3,0
0,0,0,0,56,28,6608,417,0,0,0,0,0,78441,3,0
0,0,0,0,46,28,6609,417,0,0,0,0,0,78034,3,0
0,0,0,0,36,29,6610,417,0,0,0,0,0,78054,3,0
0,0,0,0,31,29,6611,417,0,0,0,0,0,80263,3,0
0,0,0,0,22,29,6612,417,0,0,0,0,0,269971,3,0
0,0,0,0,98,29,6613,417,0,0,0,0,0,81764,3,0
2,0,0,0,97,29,6614,417,0,0,0,0,0,273893,3,0
0,0,0,0,96,29,6615,417,0,0,0,0,0,82715,3,0
0,0,0,0,1,0,6616,418,0,0,0,0,0,207633,3,0
5,0,0,1,2,3,6617,418,0,0,0,0,0,246291,3,0
2,0,0,0,4,4,6618,418,0,0,0,0,0,267690,3,0
0,0,0,0,21,5,6619,418,0,0,0,0,0,71864,3,0
1,0,0,0,25,6,6620,418,1,0,0,0,1,78049,3,0
1,0,0,0,29,7,6621,418,0,0,0,0,0,70330,3,0
2,0,0,0,11,10,6622,418,0,0,0,0,1,177279,3,0
3,0,0,1,20,13,6623,418,1,0,0,0,1,260000,3,0
4,0,0,1,6,15,6624,418,0,0,0,0,0,274979,3,0
3,0,0,1,18,24,6625,418,0,0,0,0,0,77585,3,0
4,0,0,1,19,26,6626,418,0,0,0,0,0,73635,3,0
1,0,0,0,37,28,6627,418,0,0,0,0,0,278752,3,0
0,0,0,0,15,28,6628,418,0,0,0,0,0,83187,3,0
0,0,0,0,23,28,6629,418,0,0,0,0,0,239955,3,0
0,0,0,0,30,28,6630,418,0,0,0,0,0,278707,3,0
0,0,0,0,27,28,6631,418,0,0,0,0,0,77651,3,0
3,0,0,1,7,28,6632,418,1,0,0,0,1,255835,3,0
0,0,0,0,14,28,6633,418,0,0,0,0,0,77088,3,0
0,0,0,0,34,28,6634,418,0,0,0,0,0,78938,3,0
0,0,0,0,3,28,6635,418,0,0,0,0,0,279738,3,0
1,0,0,0,10,28,6636,418,0,0,0,0,0,277238,3,0
0,0,0,0,96,28,6637,418,0,0,0,0,0,279824,3,0
0,0,0,0,97,28,6638,418,0,0,0,0,0,77073,3,0
0,0,0,0,12,0,6639,918,0,0,0,0,0,222389,3,0
4,0,0,0,20,3,6640,918,0,0,0,0,1,268375,3,0
6,0,0,1,4,4,6641,918,0,0,0,0,0,242623,3,0
2,0,0,0,5,6,6642,918,0,0,0,0,0,210695,3,0
3,0,0,0,15,7,6643,918,1,0,0,0,2,233800,3,0
5,0,0,0,7,10,6644,918,0,0,0,0,1,222227,3,0
1,0,0,0,8,23,6645,918,0,0,0,0,0,256598,3,0
4,0,0,0,26,13,6646,918,0,0,0,0,0,242162,3,0
4,0,0,0,19,15,6647,918,0,0,0,0,1,225077,3,0
8,0,0,1,10,27,6648,918,1,0,0,0,1,233848,3,0
17,1,0,1,9,25,6649,918,0,0,0,0,0,243203,3,0
7,0,0,1,11,28,6650,918,1,0,0,0,1,258892,3,0
7,0,0,1,14,28,6651,918,0,0,0,0,0,221001,3,0
1,0,0,0,6,28,6652,918,0,0,0,0,0,228238,3,0
0,0,0,0,2,28,6653,918,0,0,0,0,0,71882,3,0
0,0,0,0,1,28,6654,918,0,0,0,0,0,230787,3,0
1,0,0,0,25,28,6655,918,0,0,0,0,0,256397,3,0
1,0,0,0,24,28,6656,918,0,0,0,0,0,268740,3,0
0,0,0,0,22,28,6657,918,0,0,0,0,0,257259,3,0
6,0,0,1,21,28,6658,918,1,0,0,0,2,228212,3,0
2,0,0,0,23,28,6659,918,0,0,0,0,0,261295,3,0
0,0,0,0,16,28,6660,918,0,0,0,0,0,73037,3,0
0,0,0,0,42,28,6661,918,0,0,0,0,0,74400,3,0
0,0,0,0,45,29,6662,918,0,0,0,0,0,279929,3,0
0,0,0,0,94,29,6663,918,0,0,0,0,0,247333,3,0
1,0,0,0,77,29,6664,918,0,0,0,0,0,77079,3,0
0,0,0,0,1,0,6665,919,0,0,0,0,0,208573,3,0
0,0,0,0,23,3,6666,919,0,0,0,0,0,248245,3,0
0,0,0,0,3,4,6667,919,0,0,0,0,0,238263,3,0
0,0,0,0,4,6,6668,919,0,0,0,0,0,81274,3,0
2,0,0,0,17,7,6669,919,0,0,0,0,0,225251,3,0
1,0,0,0,18,10,6670,919,1,0,0,0,1,233705,3,0
2,0,0,0,14,23,6671,919,0,0,0,0,1,261391,3,0
4,0,0,1,8,13,6672,919,0,0,0,0,0,237937,3,0
5,0,0,1,19,15,6673,919,0,0,0,0,0,70843,3,0
4,0,0,1,9,27,6674,919,0,0,0,0,0,233379,3,0
6,0,0,1,11,25,6675,919,0,0,0,0,0,209264,3,0
0,0,0,0,49,28,6676,919,0,0,0,0,0,271156,3,0
0,0,0,0,20,28,6677,919,0,0,0,0,0,247009,3,0
3,0,0,0,21,28,6678,919,1,0,0,0,1,76289,3,0
0,0,0,0,43,28,6679,919,0,0,0,0,0,275492,3,0
0,0,0,0,24,28,6680,919,0,0,0,0,0,278717,3,0
2,0,0,0,32,28,6681,919,0,0,0,0,0,278720,3,0
0,0,0,0,48,28,6682,919,0,0,0,0,0,241474,3,0
3,0,0,0,27,28,6683,919,0,0,0,0,0,256417,3,0
2,0,0,0,29,28,6684,919,0,0,0,0,0,258710,3,0
0,0,0,0,7,28,6685,919,0,0,0,0,0,262721,3,0
5,0,0,1,22,28,6686,919,0,0,0,0,0,269400,3,0
0,0,0,0,40,28,6687,919,0,0,0,0,0,278721,3,0
0,0,0,0,2,29,6688,919,0,0,0,0,0,71321,3,0
0,0,0,0,5,29,6689,919,0,0,0,0,0,245332,3,0
0,0,0,0,25,29,6690,919,0,0,0,0,0,262733,3,0
0,0,0,0,41,29,6691,919,0,0,0,0,0,72192,3,0
0,0,0,0,15,29,6692,919,0,0,0,0,0,276251,3,0
0,0,0,0,16,0,6693,920,0,0,0,0,0,234658,3,0
0,0,0,0,6,3,6694,920,0,0,0,0,0,186267,3,0
2,0,0,0,4,4,6695,920,0,0,0,0,0,273545,3,0
0,0,0,0,37,6,6696,920,0,0,0,0,0,216114,3,0
0,0,0,0,23,7,6697,920,0,0,0,0,0,274923,3,0
4,0,0,1,29,10,6698,920,0,0,0,0,0,76477,3,0
5,0,0,1,24,12,6699,920,0,0,0,0,2,222215,3,0
4,0,0,1,8,13,6700,920,0,0,0,0,0,214877,3,0
1,0,0,0,10,15,6701,920,0,0,0,0,0,76478,3,0
12,1,0,1,11,16,6702,920,0,0,0,0,0,243817,3,0
4,0,0,1,17,25,6703,920,0,0,0,0,0,79810,3,0
1,0,0,0,19,28,6704,920,0,0,0,0,1,81276,3,0
0,0,0,0,5,28,6705,920,0,0,0,0,0,238725,3,0
0,0,0,0,55,28,6706,920,0,0,0,0,0,248337,3,0
0,0,0,0,3,28,6707,920,0,0,0,0,0,71867,3,0
0,0,0,0,21,28,6708,920,0,0,0,0,0,263877,3,0
3,0,0,0,15,28,6709,920,1,0,0,0,1,258355,3,0
5,0,0,1,26,28,6710,920,0,0,0,0,0,275201,3,0
0,0,0,0,22,28,6711,920,0,0,0,0,0,274992,3,0
2,0,0,0,7,28,6712,920,0,0,0,0,0,228454,3,0
0,0,0,0,46,28,6713,920,0,0,0,0,0,245270,3,0
0,0,0,0,14,28,6714,920,0,0,0,0,0,76505,3,0
0,0,0,0,20,28,6715,920,0,0,0,0,0,76655,3,0
0,0,0,0,31,29,6716,920,0,0,0,0,0,272611,3,0
1,0,0,0,90,29,6717,920,0,0,0,0,0,260567,3,0
0,0,0,0,28,29,6718,920,0,0,0,0,0,243283,3,0
0,0,0,0,27,29,6719,920,0,0,0,0,0,237019,3,0
0,0,0,0,45,0,6720,922,0,0,0,0,0,160162,3,0
2,0,0,1,26,3,6721,922,0,0,0,0,0,197391,3,0
4,0,0,1,25,4,6722,922,0,0,0,0,0,266659,3,0
2,0,0,1,71,6,6723,922,0,0,0,0,0,203363,3,0
0,0,0,0,5,7,6724,922,0,0,0,0,0,221633,3,0
3,0,0,1,10,10,6725,922,0,0,0,0,0,205291,3,0
1,0,0,0,80,23,6726,922,0,0,0,0,0,201967,3,0
2,0,0,1,17,13,6727,922,0,0,0,0,0,266875,3,0
2,0,0,1,16,15,6728,922,0,0,0,0,1,72013,3,0
1,0,0,0,14,27,6729,922,0,0,0,0,0,264745,3,0
2,0,0,1,20,25,6730,922,0,0,0,0,0,79574,3,0
0,0,0,0,99,28,6731,922,0,0,0,0,0,79573,3,0
2,0,0,1,8,28,6732,922,0,0,0,0,0,247821,3,0
1,0,0,0,77,28,6733,922,0,0,0,0,0,233444,3,0
0,0,0,0,15,28,6734,922,0,0,0,0,0,274540,3,0
0,0,0,0,12,28,6735,922,0,0,0,0,0,71881,3,0
0,0,0,0,9,28,6736,922,0,0,0,0,0,251828,3,0
0,0,0,0,6,28,6737,922,0,0,0,0,0,278914,3,0
0,0,0,0,84,28,6738,922,0,0,0,0,0,72603,3,0
0,0,0,0,12,0,6739,1463,0,0,0,0,0,75849,3,0
0,0,0,0,18,3,6740,1463,0,0,0,0,0,264329,3,0
0,0,0,0,4,4,6741,1463,0,0,0,0,0,274199,3,0
0,0,0,0,33,6,6742,1463,0,0,0,0,0,274855,3,0
1,0,0,1,3,7,6743,1463,0,0,0,0,0,230055,3,0
0,0,0,0,30,12,6744,1463,0,0,0,0,0,77075,3,0
0,0,0,0,6,13,6745,1463,0,0,0,0,0,256398,3,0
0,0,0,0,8,15,6746,1463,0,0,0,0,0,257044,3,0
2,0,0,1,7,16,6747,1463,0,0,0,0,0,77978,3,0
7,0,0,1,29,24,6748,1463,1,0,0,0,1,269414,3,0
0,0,0,0,16,26,6749,1463,0,0,0,0,0,236877,3,0
0,0,0,0,46,28,6750,1463,0,0,0,0,0,81708,3,0
0,0,0,0,43,28,6751,1463,0,0,0,0,0,73258,3,0
0,0,0,0,42,28,6752,1463,0,0,0,0,0,72596,3,0
1,0,0,1,25,28,6753,1463,0,0,0,0,0,277237,3,0
0,0,0,0,1,28,6754,1463,0,0,0,0,0,227616,3,0
0,0,0,0,66,28,6755,1463,0,0,0,0,0,71865,3,0
0,0,0,0,40,28,6756,1463,0,0,0,0,0,278820,3,0
1,0,0,1,20,28,6757,1463,0,0,0,0,0,71843,3,0
1,0,0,1,17,28,6758,1463,0,0,0,0,0,80081,3,0
0,0,0,0,32,28,6759,1463,0,0,0,0,0,247839,3,0
0,0,0,0,45,28,6760,1463,0,0,0,0,0,78725,3,0
0,0,0,0,15,28,6761,1463,0,0,0,0,0,207622,3,0
0,0,0,0,99,0,6762,1523,0,0,0,0,0,76635,3,0
2,0,0,1,17,3,6763,1523,0,0,0,0,0,76639,3,0
1,0,0,0,5,4,6764,1523,0,0,0,0,0,247490,3,0
0,0,0,0,16,6,6765,1523,0,0,0,0,0,277991,3,0
0,0,0,0,3,7,6766,1523,0,0,0,0,0,80528,3,0
3,0,0,1,11,12,6767,1523,0,0,0,0,0,247107,3,0
0,0,0,0,8,13,6768,1523,0,0,0,0,0,256809,3,0
2,0,0,1,19,15,6769,1523,0,0,0,0,0,242600,3,0
1,0,0,0,7,16,6770,1523,0,0,0,0,0,76643,3,0
7,0,0,1,18,24,6771,1523,0,0,0,0,0,76646,3,0
6,0,0,1,9,26,6772,1523,0,0,0,0,0,76645,3,0
0,0,0,0,32,28,6773,1523,0,0,0,0,0,76647,3,0
1,0,0,0,23,28,6774,1523,1,0,0,0,1,76644,3,0
1,0,0,0,28,28,6775,1523,1,0,0,0,1,78726,3,0
0,0,0,0,29,28,6776,1523,0,0,0,0,0,78032,3,0
0,0,0,0,12,28,6777,1523,0,0,0,0,0,253110,3,0
0,0,0,0,6,28,6778,1523,0,0,0,0,0,279735,3,0
0,0,0,0,46,28,6779,1523,0,0,0,0,0,159948,3,0
0,0,0,0,12,0,6780,1756,0,0,0,0,0,191153,3,0
1,0,0,0,22,3,6781,1756,0,0,0,0,0,229678,3,0
2,0,0,1,14,4,6782,1756,0,0,0,0,0,71292,3,0
0,0,0,0,23,5,6783,1756,0,0,0,0,0,246911,3,0
1,0,0,0,3,6,6784,1756,0,0,0,0,0,80326,3,0
2,0,0,1,5,7,6785,1756,0,0,0,0,0,74175,3,0
0,0,0,0,15,10,6786,1756,0,0,0,0,0,71070,3,0
3,0,0,1,18,13,6787,1756,0,0,0,0,0,279832,3,0
0,0,0,0,17,15,6788,1756,0,0,0,0,0,77089,3,0
0,0,0,0,16,24,6789,1756,0,0,0,0,0,227866,3,0
4,0,0,1,20,26,6790,1756,0,0,0,0,2,277026,3,0
0,0,0,0,26,28,6791,1756,0,0,0,0,0,276958,3,0
3,0,0,1,7,28,6792,1756,0,0,0,0,1,238195,3,0
0,0,0,0,32,28,6793,1756,0,0,0,0,0,261762,3,0
0,0,0,0,2,28,6794,1756,0,0,0,0,0,278701,3,0
0,0,0,0,1,28,6795,1756,0,0,0,0,0,273615,3,0
0,0,0,0,8,28,6796,1756,0,0,0,0,0,71059,3,0
0,0,0,0,21,28,6797,1756,0,0,0,0,0,81273,3,0
0,0,0,0,28,28,6798,1756,0,0,0,0,0,79211,3,0
0,0,0,0,25,28,6799,1756,0,0,0,0,0,78050,3,0
0,0,0,0,97,28,6800,1756,0,0,0,0,0,82508,3,0
0,0,0,0,4,28,6801,1756,0,0,0,0,0,267694,3,0
0,0,0,0,29,28,6802,1756,0,0,0,0,0,73434,3,0
0,0,0,0,27,29,6803,1756,0,0,0,0,0,77077,3,0
0,0,0,0,36,29,6804,1756,0,0,0,0,0,79572,3,0
0,0,0,0,19,29,6805,1756,0,0,0,0,0,234638,3,0
1,0,0,0,96,29,6806,1756,0,0,0,0,0,77086,3,0
3,0,0,1,95,29,6807,1756,0,0,0,0,0,71084,3,0
0,0,0,0,94,29,6808,1756,0,0,0,0,0,251276,3,0
0,0,0,0,30,0,6809,1757,0,0,0,0,0,264817,3,0
1,0,0,0,4,3,6810,1757,0,0,0,0,0,257546,3,0
2,0,0,1,2,4,6811,1757,1,0,0,0,1,276899,3,0
2,0,0,1,47,6,6812,1757,0,0,0,0,1,277771,3,0
1,0,0,0,3,7,6813,1757,1,0,0,0,1,264297,3,0
2,0,0,1,14,10,6814,1757,0,0,0,0,1,74789,3,0
5,0,0,1,7,12,6815,1757,0,0,0,0,1,244842,3,0
3,0,0,1,8,13,6816,1757,0,0,0,0,0,77081,3,0
2,0,0,1,6,15,6817,1757,0,0,0,0,0,255940,3,0
5,0,0,1,27,16,6818,1757,0,0,0,0,0,273978,3,0
1,0,0,0,24,25,6819,1757,0,0,0,0,0,271353,3,0
1,0,0,0,20,28,6820,1757,0,0,0,0,0,69965,3,0
0,0,0,0,26,28,6821,1757,0,0,0,0,0,268401,3,0
0,0,0,0,28,28,6822,1757,0,0,0,0,0,74730,3,0
0,0,0,0,16,28,6823,1757,0,0,0,0,0,267729,3,0
0,0,0,0,1,28,6824,1757,0,0,0,0,0,275000,3,0
0,0,0,0,37,28,6825,1757,0,0,0,0,0,274844,3,0
1,0,0,0,19,28,6826,1757,0,0,0,0,0,78056,3,0
1,0,0,0,9,28,6827,1757,0,0,0,0,1,77078,3,0
0,0,0,0,32,28,6828,1757,0,0,0,0,0,78246,3,0
0,0,0,0,12,28,6829,1757,0,0,0,0,0,78055,3,0
0,0,0,0,21,28,6830,1757,0,0,0,0,0,78057,3,0
0,0,0,0,44,28,6831,1757,0,0,0,0,0,241948,3,0
0,0,0,0,48,29,6832,1757,0,0,0,0,0,78058,3,0
0,0,0,0,77,0,6833,2041,0,0,0,0,0,278719,3,0
1,0,0,0,16,3,6834,2041,0,0,0,0,1,266606,3,0
0,0,0,0,17,4,6835,2041,0,0,0,0,0,256396,3,0
2,0,0,1,12,5,6836,2041,0,0,0,0,0,238508,3,0
0,0,0,0,28,6,6837,2041,0,0,0,0,0,260621,3,0
0,0,0,0,5,7,6838,2041,0,0,0,0,0,191730,3,0
6,0,0,1,20,12,6839,2041,0,0,0,0,0,77080,3,0
1,0,0,0,19,13,6840,2041,0,0,0,0,0,268095,3,0
1,0,0,0,7,15,6841,2041,0,0,0,0,0,271433,3,0
5,0,0,1,13,16,6842,2041,0,0,0,0,0,241915,3,0
5,0,0,1,23,25,6843,2041,0,0,0,0,0,264273,3,0
0,0,0,0,31,28,6844,2041,0,0,0,0,0,72118,3,0
0,0,0,0,21,28,6845,2041,0,0,0,0,0,80325,3,0
0,0,0,0,2,28,6846,2041,0,0,0,0,0,77076,3,0
0,0,0,0,32,28,6847,2041,0,0,0,0,0,72597,3,0
0,0,0,0,1,28,6848,2041,0,0,0,0,0,201903,3,0
7,0,0,1,10,28,6849,2041,0,0,0,0,0,279711,3,0
0,0,0,0,9,28,6850,2041,0,0,0,0,0,81626,3,0
0,0,0,0,3,28,6851,2041,0,0,0,0,0,273575,3,0
0,0,0,0,6,28,6852,2041,0,0,0,0,0,227882,3,0
0,0,0,0,25,28,6853,2041,0,0,0,0,0,70119,3,0
0,0,0,0,4,28,6854,2041,0,0,0,0,0,257040,3,0
0,0,0,0,1,0,6855,112199,0,0,0,0,0,72672,3,0
0,0,0,0,32,3,6856,112199,0,0,0,0,0,228834,3,0
1,0,0,0,2,4,6857,112199,0,0,0,0,0,204816,3,0
0,0,0,0,4,6,6858,112199,0,0,0,0,0,213864,3,0
2,0,0,1,20,7,6859,112199,0,0,0,0,0,272624,3,0
1,0,0,0,8,9,6860,112199,0,0,0,0,0,257917,3,0
0,0,0,0,6,11,6861,112199,0,0,0,0,0,253010,3,0
4,0,0,1,28,12,6862,112199,0,0,0,0,0,236750,3,0
1,0,0,0,15,16,6863,112199,0,0,0,0,0,71172,3,0
1,0,0,0,22,18,6864,112199,0,0,0,0,0,70166,3,0
18,1,0,1,11,25,6865,112199,0,0,0,1,1,267426,3,0
0,0,0,0,23,28,6866,112199,0,0,0,0,0,222081,3,0
4,0,0,1,16,28,6867,112199,1,0,0,0,2,262590,3,0
0,0,0,0,5,28,6868,112199,0,0,0,0,0,202259,3,0
0,0,0,0,21,28,6869,112199,0,0,0,0,0,277905,3,0
0,0,0,0,13,28,6870,112199,0,0,0,0,0,254513,3,0
0,0,0,0,7,28,6871,112199,0,0,0,0,0,73961,3,0
0,0,0,0,24,28,6872,112199,0,0,0,0,0,227362,3,0
5,0,0,1,14,28,6873,112199,0,0,0,0,0,183339,3,0
2,0,0,1,12,28,6874,112199,0,0,0,0,0,273614,3,0
0,0,0,0,31,28,6875,112199,0,0,0,0,0,70117,3,0
1,0,0,0,26,28,6876,112199,0,0,0,0,1,71314,3,0
0,0,0,0,33,28,6877,112199,0,0,0,0,0,272518,3,0
0,0,0,0,3,29,6878,112199,0,0,0,0,0,74740,3,0
0,0,0,0,81,29,6879,112199,0,0,0,0,0,73033,3,0
0,0,0,0,48,29,6880,112199,0,0,0,0,0,263409,3,0
0,0,0,0,36,29,6881,112199,0,0,0,0,0,80393,3,0
0,0,0,0,35,29,6882,112199,0,0,0,0,0,79914,3,0
0,0,0,0,29,29,6883,112199,0,0,0,0,0,74737,3,0
0,0,0,0,77,29,6884,112199,0,0,0,0,0,72276,3,0
0,0,0,0,25,29,6885,112199,0,0,0,0,0,73922,3,0
0,0,0,0,40,29,6886,112199,0,0,0,0,0,269715,3,0
0,0,0,0,12,0,6887,113459,0,0,0,0,0,269754,3,0
1,0,0,0,33,3,6888,113459,0,0,0,0,0,71931,3,0
1,0,0,0,5,4,6889,113459,0,0,0,0,0,198642,3,0
0,0,0,0,21,6,6890,113459,0,0,0,0,0,74631,3,0
0,0,0,0,3,7,6891,113459,0,0,0,0,0,77084,3,0
1,0,0,0,20,10,6892,113459,0,0,0,0,0,71857,3,0
4,0,0,1,16,12,6893,113459,0,0,0,0,0,275490,3,0
2,0,0,1,18,13,6894,113459,0,0,0,0,2,264295,3,0
0,0,0,0,31,15,6895,113459,0,0,0,0,0,78030,3,0
5,0,0,1,9,16,6896,113459,0,0,0,0,0,279058,3,0
6,0,0,1,7,25,6897,113459,0,0,0,0,1,272529,3,0
0,0,0,0,6,28,6898,113459,0,0,0,0,0,239006,3,0
0,0,0,0,10,28,6899,113459,0,0,0,0,0,271611,3,0
0,0,0,0,17,28,6900,113459,0,0,0,0,0,247962,3,0
0,0,0,0,35,28,6901,113459,0,0,0,0,0,269756,3,0
0,0,0,0,1,28,6902,113459,0,0,0,0,0,239797,3,0
0,0,0,0,11,28,6903,113459,0,0,0,0,0,257617,3,0
0,0,0,0,27,28,6904,113459,0,0,0,0,0,74923,3,0
0,0,0,0,24,28,6905,113459,0,0,0,0,0,72670,3,0
5,0,0,1,19,28,6906,113459,0,0,0,0,1,269757,3,0
0,0,0,0,40,28,6907,113459,0,0,0,0,0,78051,3,0
0,0,0,0,2,28,6908,113459,0,0,0,0,0,275170,3,0
0,0,0,0,98,28,6909,113459,0,0,0,0,0,72122,3,0
0,0,0,0,1,0,6910,131491,0,0,0,0,0,230741,3,0
1,0,0,0,3,4,6911,131491,0,0,0,0,0,279717,3,0
0,0,0,0,5,5,6912,131491,0,0,0,0,0,273649,3,0
0,0,0,0,2,6,6913,131491,0,0,0,0,0,77818,3,0
5,0,0,1,42,23,6914,131491,0,0,0,0,0,70185,3,0
1,0,0,0,33,12,6915,131491,0,0,0,0,1,179543,3,0
0,0,0,0,7,13,6916,131491,0,0,0,0,0,279713,3,0
4,0,0,1,8,15,6917,131491,0,0,0,0,0,279710,3,0
2,0,0,1,16,16,6918,131491,0,0,0,0,0,279715,3,0
1,0,0,0,11,27,6919,131491,0,0,0,0,0,242419,3,0
2,0,0,1,22,25,6920,131491,0,0,0,0,0,271533,3,0
2,0,0,1,10,28,6921,131491,0,0,0,0,0,220786,3,0
1,0,0,0,6,28,6922,131491,0,0,0,0,0,76904,3,0
1,0,0,0,14,28,6923,131491,0,0,0,0,0,279716,3,0
0,0,0,0,13,28,6924,131491,0,0,0,0,0,254750,3,0
0,0,0,0,12,28,6925,131491,0,0,0,0,0,279774,3,0
2,0,0,1,17,28,6926,131491,0,0,0,0,1,248392,3,0
1,0,0,0,48,28,6927,131491,0,0,0,0,0,76638,3,0
0,0,0,0,4,28,6928,131491,0,0,0,0,0,279714,3,0
0,0,0,0,49,28,6929,131491,0,0,0,0,0,277505,3,0
0,0,0,0,50,28,6930,131491,0,0,0,0,0,255936,3,0
0,0,0,0,23,28,6931,131491,0,0,0,0,0,279734,3,0
0,0,0,0,51,28,6932,131491,0,0,0,0,0,82659,3,0
0,0,0,0,1,0,6933,77,0,0,0,0,0,225280,3,0
1,0,0,1,2,3,6934,77,0,0,0,0,0,204033,3,0
0,0,0,0,23,4,6935,77,0,0,0,0,0,275297,2,0
0,0,0,0,5,6,6936,77,0,0,0,0,0,238040,3,0
1,0,0,1,77,7,6937,77,0,0,0,0,0,72378,3,0
0,0,0,0,4,10,6938,77,0,0,0,0,0,200302,1,0
0,0,0,0,11,12,6939,77,0,0,0,0,0,257326,3,0
0,0,0,0,25,13,6940,77,0,0,0,0,0,262361,3,0
1,0,0,1,16,15,6941,77,0,0,0,0,0,202282,2,0
3,0,0,1,81,16,6942,77,0,0,0,0,0,272648,2,0
3,0,0,1,15,25,6943,77,0,0,0,0,0,225317,2,0
0,0,0,0,8,28,6944,77,0,0,0,0,0,235526,3,0
0,0,0,0,18,28,6945,77,0,0,0,0,0,247185,3,0
0,0,0,0,28,28,6946,77,0,0,0,0,0,274134,3,0
0,0,0,0,22,28,6947,77,0,0,0,0,0,267800,3,0
0,0,0,0,99,28,6948,77,0,0,0,0,0,211021,3,0
1,0,0,1,6,28,6949,77,0,0,0,0,0,221552,2,0
0,0,0,0,26,28,6950,77,0,0,0,0,0,235028,3,0
4,0,0,1,27,28,6951,77,0,0,0,0,0,266891,3,0
0,0,0,0,38,28,6952,77,0,0,0,0,0,269086,3,0
0,0,0,0,32,28,6953,77,0,0,0,0,0,242744,3,0
3,0,0,1,14,28,6954,77,0,0,0,0,0,275080,2,0
0,0,0,0,21,28,6955,77,0,0,0,0,0,266210,3,0
0,0,0,0,20,29,6956,77,0,0,0,0,0,232642,3,0
0,0,0,0,24,29,6957,77,0,0,0,0,0,255557,3,0
0,0,0,0,3,29,6958,77,0,0,0,0,0,279827,2,0
0,0,0,0,13,29,6959,77,0,0,0,0,0,236919,3,0
0,0,0,0,29,29,6960,77,0,0,0,0,0,79780,3,0
0,0,0,0,42,29,6961,77,0,0,0,0,0,74147,3,0
0,0,0,0,1,0,6962,78,0,0,0,0,0,163587,4,0
0,0,0,0,22,3,6963,78,0,0,0,0,0,247678,4,0
0,0,0,0,6,4,6964,78,0,0,0,0,0,235755,3,0
0,0,0,0,5,6,6965,78,0,0,0,0,0,246991,5,0
3,0,0,1,63,7,6966,78,0,0,0,0,0,226491,4,0
4,0,0,1,13,23,6967,78,0,0,0,0,0,260397,3,0
12,1,0,1,8,13,6968,78,0,0,0,0,0,243646,4,0
2,0,0,0,42,14,6969,78,0,0,0,0,0,211093,4,0
4,0,0,1,27,15,6970,78,0,0,0,0,0,272874,3,0
7,1,0,1,38,27,6971,78,0,0,0,0,0,246321,2,0
1,0,0,0,11,25,6972,78,0,0,0,0,0,246919,4,0
1,0,0,0,49,28,6973,78,0,0,0,0,0,200630,3,0
1,0,0,0,14,28,6974,78,0,0,0,0,0,262525,3,0
0,0,0,0,56,28,6975,78,0,0,0,0,0,234072,3,0
0,0,0,0,51,28,6976,78,0,0,0,0,0,76125,3,0
0,0,0,0,12,28,6977,78,0,0,0,0,0,258928,3,0
1,0,0,0,23,28,6978,78,0,0,0,0,0,256383,3,0
1,0,0,0,41,28,6979,78,0,0,0,0,0,255742,3,0
0,0,0,0,47,28,6980,78,0,0,0,0,0,263561,4,0
0,0,0,0,10,28,6981,78,0,0,0,0,0,257208,3,0
0,0,0,0,9,28,6982,78,0,0,0,0,0,257877,3,0
0,0,0,0,28,28,6983,78,0,0,0,0,0,263439,3,0
0,0,0,0,34,28,6984,78,0,0,0,0,0,264010,3,0
0,0,0,0,31,29,6985,78,0,0,0,0,0,257237,3,0
0,0,0,0,43,29,6986,78,0,0,0,0,0,278146,3,0
0,0,0,0,15,29,6987,78,0,0,0,0,0,246860,3,0
2,0,0,0,17,29,6988,78,0,0,0,0,0,225719,3,0
0,0,0,0,37,29,6989,78,0,0,0,0,0,261304,3,0
0,0,0,0,2,29,6990,78,0,0,0,0,0,256107,3,0
0,0,0,0,7,29,6991,78,0,0,0,0,0,234570,3,0
0,0,0,0,19,29,6992,78,0,0,0,0,0,79342,3,0
0,0,0,0,20,29,6993,78,0,0,0,0,0,228174,3,0
0,0,0,0,36,29,6994,78,0,0,0,0,0,240976,3,0
0,0,0,0,19,0,6995,79,0,0,0,0,0,198625,3,0
0,0,0,0,2,3,6996,79,0,0,0,0,0,79938,2,0
1,0,0,1,20,4,6997,79,0,0,0,0,0,257851,3,0
1,0,0,1,5,6,6998,79,0,0,0,0,0,78783,4,0
0,0,0,0,3,7,6999,79,0,0,0,0,0,79936,3,0
1,0,0,1,17,9,7000,79,0,0,0,0,0,76053,3,0
0,0,0,0,8,11,7001,79,0,0,0,0,0,240929,3,0
1,0,0,1,22,12,7002,79,0,0,0,0,0,272617,4,0
4,0,0,1,29,16,7003,79,0,0,0,0,0,227759,2,0
1,0,0,1,21,18,7004,79,0,0,0,0,0,264477,3,0
3,0,0,1,16,25,7005,79,0,0,0,0,0,79947,3,0
4,0,0,1,7,28,7006,79,0,0,0,0,0,170114,3,0
3,0,0,1,9,28,7007,79,0,0,0,0,0,254810,3,0
1,0,0,1,24,28,7008,79,0,0,0,0,0,76575,3,0
1,0,0,1,28,28,7009,79,0,0,0,0,0,277591,3,0
0,0,0,0,1,28,7010,79,0,0,0,0,0,79951,3,0
1,0,0,1,23,28,7011,79,0,0,0,0,0,252898,3,0
0,0,0,0,15,28,7012,79,0,0,0,0,0,257717,3,0
0,0,0,0,42,28,7013,79,0,0,0,0,0,236310,3,0
0,0,0,0,30,28,7014,79,0,0,0,0,0,277804,2,0
1,0,0,1,14,28,7015,79,0,0,0,0,0,78917,3,0
0,0,0,0,10,28,7016,79,0,0,0,0,0,227760,3,0
0,0,0,0,27,28,7017,79,0,0,0,0,0,275876,3,0
0,0,0,0,18,29,7018,79,0,0,0,0,0,219621,3,0
0,0,0,0,6,29,7019,79,0,0,0,0,0,221906,3,0
0,0,0,0,12,29,7020,79,0,0,0,0,0,240763,3,0
0,0,0,0,11,29,7021,79,0,0,0,0,0,75767,3,0
0,0,0,0,25,0,7022,80,0,0,0,0,0,202789,2,0
0,0,0,0,15,3,7023,80,0,0,0,0,0,245233,2,0
4,0,0,1,4,4,7024,80,0,0,0,0,0,222045,1,0
5,0,0,1,19,6,7025,80,0,0,0,0,0,227945,2,0
1,0,0,0,18,7,7026,80,0,0,0,0,0,77043,2,0
0,0,0,0,6,9,7027,80,0,0,0,0,0,238062,3,0
0,0,0,0,49,11,7028,80,0,0,0,0,0,264139,2,0
10,1,0,1,10,12,7029,80,0,0,0,0,0,79274,2,0
4,0,0,1,89,16,7030,80,0,0,0,0,0,276211,3,0
2,0,0,0,22,18,7031,80,0,0,0,0,0,80377,3,0
4,0,0,1,11,25,7032,80,0,0,0,0,0,80456,1,0
0,0,0,0,99,28,7033,80,0,0,0,0,0,71031,3,0
1,0,0,0,31,28,7034,80,0,0,0,0,0,253111,2,0
0,0,0,0,5,28,7035,80,0,0,0,0,0,227951,3,0
0,0,0,0,23,28,7036,80,0,0,0,0,0,277701,3,0
0,0,0,0,1,28,7037,80,0,0,0,0,0,53110,3,0
0,0,0,0,7,28,7038,80,0,0,0,0,0,231322,3,0
0,0,0,0,2,28,7039,80,0,0,0,0,0,220140,2,0
0,0,0,0,16,28,7040,80,0,0,0,0,0,223663,3,0
0,0,0,0,17,28,7041,80,0,0,0,0,0,256421,3,0
0,0,0,0,12,28,7042,80,0,0,0,0,0,238091,3,0
0,0,0,0,29,28,7043,80,0,0,0,0,0,80080,3,0
0,0,0,0,74,28,7044,80,0,0,0,0,0,83287,3,0
1,0,0,0,14,29,7045,80,0,0,0,0,0,246006,3,0
1,0,0,0,3,29,7046,80,0,0,0,0,0,223747,3,0
0,0,0,0,30,29,7047,80,0,0,0,0,0,219482,3,0
0,0,0,0,8,29,7048,80,0,0,0,0,0,257890,3,0
0,0,0,0,40,29,7049,80,0,0,0,0,0,78971,3,0
0,0,0,0,24,29,7050,80,0,0,0,0,0,263293,3,0
11,1,0,1,9,29,7051,80,0,0,0,0,0,216218,3,0
0,0,0,0,1,0,7052,81,0,0,0,0,0,228562,3,0
3,0,0,1,33,4,7053,81,0,0,0,0,0,239259,4,0
0,0,0,0,4,5,7054,81,0,0,0,0,0,198904,4,0
0,0,0,0,15,6,7055,81,0,0,0,0,0,248718,4,0
0,0,0,0,22,10,7056,81,0,0,0,0,0,227806,3,0
1,0,0,1,12,12,7057,81,0,0,0,0,0,222109,3,0
1,0,0,1,20,13,7058,81,0,0,0,0,0,262362,3,0
7,1,0,1,17,15,7059,81,0,0,0,0,0,225872,3,0
0,0,0,0,19,16,7060,81,0,0,0,0,0,243842,3,0
5,0,0,1,10,24,7061,81,0,0,0,0,0,211221,2,0
4,0,0,1,7,26,7062,81,0,0,0,0,0,238509,2,0
0,0,0,0,11,28,7063,81,0,0,0,0,0,202771,2,0
0,0,0,0,25,28,7064,81,0,0,0,0,0,228080,3,0
0,0,0,0,21,28,7065,81,0,0,0,0,0,200820,4,0
0,0,0,0,5,28,7066,81,0,0,0,0,0,235728,3,0
0,0,0,0,13,28,7067,81,0,0,0,0,0,222876,3,0
0,0,0,0,44,28,7068,81,0,0,0,0,0,261025,3,0
0,0,0,0,28,28,7069,81,0,0,0,0,0,277657,3,0
1,0,0,1,32,28,7070,81,0,0,0,0,0,263853,3,0
0,0,0,0,47,28,7071,81,0,0,0,0,0,277997,3,0
0,0,0,0,16,28,7072,81,0,0,0,0,0,70730,3,0
1,0,0,1,14,28,7073,81,0,0,0,0,0,270845,3,0
0,0,0,0,27,28,7074,81,0,0,0,0,0,276720,5,0
0,0,0,0,35,29,7075,81,0,0,0,0,0,277993,3,0
0,0,0,0,31,29,7076,81,0,0,0,0,0,260262,3,0
0,0,0,0,8,29,7077,81,0,0,0,0,0,240653,3,0
0,0,0,0,13,0,7078,82,0,0,0,0,0,211299,4,0
0,0,0,0,21,3,7079,82,0,0,0,0,0,82784,5,0
0,0,0,0,5,4,7080,82,0,0,0,0,0,261512,3,0
1,0,0,0,6,6,7081,82,0,0,0,0,0,277288,5,0
0,0,0,0,3,7,7082,82,0,0,0,0,0,244196,5,0
3,0,0,1,12,10,7083,82,0,0,0,0,0,274934,2,0
1,0,0,0,8,13,7084,82,0,0,0,0,0,246846,5,0
1,0,0,0,31,15,7085,82,0,0,0,0,0,204275,4,0
1,0,0,0,11,18,7086,82,0,0,0,0,0,220872,4,0
4,0,0,1,19,24,7087,82,0,0,0,0,0,245174,4,0
4,0,0,1,24,26,7088,82,0,0,0,0,0,242710,4,0
1,0,0,0,52,28,7089,82,0,0,0,0,0,76784,3,0
0,0,0,0,18,28,7090,82,0,0,0,0,0,235771,3,0
2,0,0,1,14,28,7091,82,0,0,0,0,0,253024,3,0
1,0,0,0,26,28,7092,82,0,0,0,0,0,74149,3,0
0,0,0,0,30,28,7093,82,0,0,0,0,0,277904,3,0
2,0,0,1,9,28,7094,82,0,0,0,0,0,265548,3,0
0,0,0,0,7,28,7095,82,0,0,0,0,0,204322,3,0
0,0,0,0,23,28,7096,82,0,0,0,0,0,189776,3,0
0,0,0,0,22,28,7097,82,0,0,0,0,0,274630,3,0
1,0,0,0,17,28,7098,82,0,0,0,0,0,245404,3,0
0,0,0,0,25,28,7099,82,0,0,0,0,0,74151,3,0
0,0,0,0,2,28,7100,82,0,0,0,0,0,238765,3,0
0,0,0,0,15,29,7101,82,0,0,0,0,0,261277,3,0
0,0,0,0,16,29,7102,82,0,0,0,0,0,243963,3,0
0,0,0,0,36,29,7103,82,0,0,0,0,0,216485,3,0
0,0,0,0,44,29,7104,82,0,0,0,0,0,268434,3,0
0,0,0,0,4,29,7105,82,0,0,0,0,0,262079,3,0
0,0,0,0,27,29,7106,82,0,0,0,0,0,74989,3,0
0,0,0,0,20,29,7107,82,0,0,0,0,0,271651,3,0
2,0,0,1,29,29,7108,82,0,0,0,0,0,78259,3,0
0,0,0,0,1,29,7109,82,0,0,0,0,0,224543,3,0
0,0,0,0,10,29,7110,82,0,0,0,0,0,204324,3,0
0,0,0,0,13,0,7111,83,0,0,0,0,0,77044,5,0
1,0,0,0,22,3,7112,83,0,0,0,0,0,236626,3,0
0,0,0,0,16,4,7113,83,0,0,0,0,0,211707,4,0
0,0,0,0,4,6,7114,83,0,0,0,0,0,232668,3,0
4,0,0,1,45,7,7115,83,0,0,0,0,0,256216,3,0
1,0,0,0,12,9,7116,83,0,0,0,0,0,243618,3,0
4,0,0,1,20,11,7117,83,0,0,0,0,0,241982,3,0
13,1,0,1,18,12,7118,83,0,0,0,1,0,271693,5,0
4,0,0,1,21,16,7119,83,0,0,0,0,0,254136,4,0
2,0,0,0,8,18,7120,83,0,0,0,0,0,229163,4,0
6,0,0,1,9,25,7121,83,0,0,0,0,0,241245,3,0
0,0,0,0,25,28,7122,83,0,0,0,0,0,277525,4,0
0,0,0,0,7,28,7123,83,0,0,0,0,0,268894,4,0
0,0,0,0,57,28,7124,83,0,0,0,0,0,255573,3,0
0,0,0,0,2,28,7125,83,0,0,0,0,0,213570,4,0
0,0,0,0,1,28,7126,83,0,0,0,0,0,225751,3,0
2,0,0,0,90,28,7127,83,0,0,0,0,0,262539,3,0
0,0,0,0,66,28,7128,83,0,0,0,0,0,240599,3,0
0,0,0,0,77,28,7129,83,0,0,0,0,0,230846,3,0
0,0,0,0,15,28,7130,83,0,0,0,0,0,83270,3,0
0,0,0,0,28,28,7131,83,0,0,0,0,0,276789,3,0
0,0,0,0,6,28,7132,83,0,0,0,0,0,214924,3,0
0,0,0,0,11,28,7133,83,0,0,0,0,0,199146,3,0
0,0,0,0,19,29,7134,83,0,0,0,0,0,219684,3,0
0,0,0,0,27,29,7135,83,0,0,0,0,0,279025,3,0
0,0,0,0,39,29,7136,83,0,0,0,0,0,81676,3,0
0,0,0,0,31,29,7137,83,0,0,0,0,0,271110,3,0
0,0,0,0,14,29,7138,83,0,0,0,0,0,257277,3,0
0,0,0,0,1,0,7139,86,0,0,0,0,0,203042,5,0
6,0,0,1,2,3,7140,86,0,0,0,0,0,195479,3,0
0,0,0,0,5,4,7141,86,0,0,0,0,0,212516,4,0
4,0,0,1,37,6,7142,86,0,0,0,0,0,263304,4,0
1,0,0,0,30,7,7143,86,0,0,0,0,0,278957,3,0
2,0,0,0,43,9,7144,86,0,0,0,0,0,239810,3,0
1,0,0,0,10,11,7145,86,0,0,0,0,0,255928,3,0
0,0,0,0,7,12,7146,86,0,0,0,0,0,240017,3,0
2,0,0,0,23,16,7147,86,0,0,0,0,0,271716,3,0
4,0,0,1,11,18,7148,86,0,0,0,0,0,259185,4,0
4,0,0,1,9,25,7149,86,0,0,0,0,0,270866,2,0
0,0,0,0,18,28,7150,86,0,0,0,0,0,247447,3,0
0,0,0,0,42,28,7151,86,0,0,0,0,0,252148,3,0
1,0,0,0,3,28,7152,86,0,0,0,0,0,240060,3,0
0,0,0,0,24,28,7153,86,0,0,0,0,0,263157,3,0
0,0,0,0,31,28,7154,86,0,0,0,0,0,225203,3,0
3,0,0,1,28,28,7155,86,0,0,0,0,0,269953,3,0
0,0,0,0,25,28,7156,86,0,0,0,0,0,274057,3,0
3,0,0,1,99,28,7157,86,0,0,0,0,0,239881,3,0
3,0,0,1,47,28,7158,86,0,0,0,0,0,72159,3,0
0,0,0,0,20,28,7159,86,0,0,0,0,0,279246,3,0
0,0,0,0,17,28,7160,86,0,0,0,0,0,243392,3,0
0,0,0,0,49,28,7161,86,0,0,0,0,0,277266,3,0
1,0,0,0,14,29,7162,86,0,0,0,0,0,237640,3,0
1,0,0,0,13,29,7163,86,0,0,0,0,0,243009,3,0
0,0,0,0,21,29,7164,86,0,0,0,0,0,238071,3,0
0,0,0,0,8,29,7165,86,0,0,0,0,0,253970,3,0
0,0,0,0,1,0,7166,180,0,0,0,0,0,242983,3,0
2,0,0,1,4,3,7167,180,0,0,0,0,0,246950,4,0
1,0,0,0,22,4,7168,180,0,0,0,0,0,278596,4,0
0,0,0,0,5,6,7169,180,0,0,0,0,0,254588,3,0
1,0,0,0,7,7,7170,180,0,0,0,0,0,208999,4,0
0,0,0,0,48,10,7171,180,0,0,0,0,0,240513,3,0
1,0,0,0,20,12,7172,180,0,0,0,0,0,268306,4,0
2,0,0,1,21,13,7173,180,0,0,0,0,0,231863,3,0
1,0,0,0,28,15,7174,180,0,0,0,0,0,258969,3,0
0,0,0,0,17,16,7175,180,0,0,0,0,0,271425,3,0
1,0,0,0,15,25,7176,180,0,0,0,0,0,227758,2,0
0,0,0,0,8,28,7177,180,0,0,0,0,0,206535,3,0
1,0,0,0,10,28,7178,180,0,0,0,0,0,248809,3,0
2,0,0,1,3,28,7179,180,0,0,0,0,0,200793,3,0
0,0,0,0,12,28,7180,180,0,0,0,0,0,250830,3,0
0,0,0,0,13,28,7181,180,0,0,0,0,0,213678,3,0
2,0,0,1,11,28,7182,180,0,0,0,0,0,76306,3,0
2,0,0,1,19,28,7183,180,0,0,0,0,0,76712,3,0
0,0,0,0,14,28,7184,180,0,0,0,0,0,257303,3,0
0,0,0,0,16,28,7185,180,0,0,0,0,0,219467,4,0
0,0,0,0,25,28,7186,180,0,0,0,0,0,224915,3,0
0,0,0,0,24,28,7187,180,0,0,0,0,0,268888,3,0
1,0,0,0,18,28,7188,180,0,0,0,0,0,275965,3,0
0,0,0,0,2,29,7189,180,0,0,0,0,0,263684,3,0
0,0,0,0,6,29,7190,180,0,0,0,0,0,264269,3,0
0,0,0,0,38,29,7191,180,0,0,0,0,0,83662,3,0
0,0,0,0,27,29,7192,180,0,0,0,0,0,77047,3,0
0,0,0,0,30,29,7193,180,0,0,0,0,0,262358,3,0
0,0,0,0,1,0,7194,181,0,0,0,0,0,237205,5,0
0,0,0,0,6,4,7195,181,0,0,0,0,0,259147,3,0
1,0,0,0,3,5,7196,181,0,0,0,0,0,266736,3,0
2,0,0,0,23,6,7197,181,0,0,0,0,0,79923,3,0
5,0,0,1,19,23,7198,181,0,0,0,0,0,262584,3,0
4,0,0,1,21,12,7199,181,0,0,0,0,0,278030,3,0
0,0,0,0,5,13,7200,181,0,0,0,0,0,73470,3,0
3,0,0,1,14,15,7201,181,0,0,0,0,0,243807,2,0
0,0,0,0,11,16,7202,181,0,0,0,0,0,241875,3,0
4,0,0,1,17,27,7203,181,0,0,0,0,0,266049,1,0
6,0,0,1,9,25,7204,181,0,0,0,0,0,269475,2,0
1,0,0,0,36,28,7205,181,0,0,0,0,0,243639,3,0
0,0,0,0,8,28,7206,181,0,0,0,0,0,240331,2,0
0,0,0,0,2,28,7207,181,0,0,0,0,0,241244,4,0
0,0,0,0,4,28,7208,181,0,0,0,0,0,79767,3,0
0,0,0,0,25,28,7209,181,0,0,0,0,0,214525,3,0
0,0,0,0,34,28,7210,181,0,0,0,0,0,74161,3,0
0,0,0,0,10,28,7211,181,0,0,0,0,0,239175,3,0
1,0,0,0,7,28,7212,181,0,0,0,0,0,73471,2,0
0,0,0,0,20,28,7213,181,0,0,0,0,0,247001,3,0
0,0,0,0,77,28,7214,181,0,0,0,0,0,259402,3,0
0,0,0,0,22,28,7215,181,0,0,0,0,0,79927,3,0
0,0,0,0,70,28,7216,181,0,0,0,0,0,72918,3,0
0,0,0,0,37,29,7217,181,0,0,0,0,0,74162,2,0
0,0,0,0,31,29,7218,181,0,0,0,0,0,79928,3,0
0,0,0,0,30,29,7219,181,0,0,0,0,0,83666,3,0
0,0,0,0,28,0,7220,621,0,0,0,0,0,222411,2,0
0,0,0,0,30,3,7221,621,0,0,0,0,0,209818,4,0
0,0,0,0,5,4,7222,621,0,0,0,0,0,190180,2,0
1,0,0,0,27,6,7223,621,0,0,0,0,0,193716,3,0
2,0,0,1,26,7,7224,621,0,0,0,0,0,193957,3,0
1,0,0,0,24,9,7225,621,0,0,0,0,0,246872,3,0
0,0,0,0,25,11,7226,621,0,0,0,0,0,278598,2,0
2,0,0,1,15,12,7227,621,0,0,0,0,0,252571,3,0
2,0,0,1,11,16,7228,621,0,0,0,0,0,233727,4,0
1,0,0,0,37,18,7229,621,0,0,0,0,0,178287,3,0
3,0,0,1,9,25,7230,621,0,0,0,0,0,215420,3,0
0,0,0,0,17,28,7231,621,0,0,0,0,0,202526,4,0
0,0,0,0,3,28,7232,621,0,0,0,0,0,83301,2,0
0,0,0,0,19,28,7233,621,0,0,0,0,0,259201,4,0
0,0,0,0,23,28,7234,621,0,0,0,0,0,79684,3,0
0,0,0,0,14,28,7235,621,0,0,0,0,0,211537,3,0
5,0,0,1,18,28,7236,621,0,0,0,0,0,220178,3,0
0,0,0,0,40,28,7237,621,0,0,0,0,0,278606,3,0
3,0,0,1,8,28,7238,621,0,0,0,0,0,243841,2,0
0,0,0,0,20,28,7239,621,0,0,0,0,0,271161,3,0
0,0,0,0,22,28,7240,621,0,0,0,0,0,189186,3,0
0,0,0,0,29,28,7241,621,0,0,0,0,0,82938,3,0
0,0,0,0,21,28,7242,621,0,0,0,0,0,70932,3,0
0,0,0,0,2,29,7243,621,0,0,0,0,0,215419,3,0
0,0,0,0,36,29,7244,621,0,0,0,0,0,70483,3,0
0,0,0,0,31,29,7245,621,0,0,0,0,0,79278,3,0
0,0,0,0,6,29,7246,621,0,0,0,0,0,263294,3,0
0,0,0,0,32,29,7247,621,0,0,0,0,0,262231,3,0
0,0,0,0,1,0,7248,100805,0,0,0,0,0,240346,3,0
0,0,0,0,2,3,7249,100805,0,0,0,0,0,251427,2,0
1,0,0,1,22,4,7250,100805,0,0,0,0,0,211096,4,0
1,0,0,1,5,5,7251,100805,0,0,0,0,0,79683,4,0
3,0,0,1,21,6,7252,100805,0,0,0,0,0,73905,4,0
1,0,0,1,24,7,7253,100805,0,0,0,0,0,211204,3,0
1,0,0,1,13,10,7254,100805,0,0,0,0,0,216526,3,0
1,0,0,1,88,13,7255,100805,0,0,0,0,0,261300,3,0
0,0,0,0,6,15,7256,100805,0,0,0,0,0,211536,3,0
4,0,0,1,9,24,7257,100805,0,0,0,0,0,204785,1,0
2,0,0,1,14,26,7258,100805,0,0,0,0,0,236321,3,0
0,0,0,0,20,28,7259,100805,0,0,0,0,0,248839,1,0
0,0,0,0,8,28,7260,100805,0,0,0,0,0,83663,3,0
0,0,0,0,18,28,7261,100805,0,0,0,0,0,264843,3,0
0,0,0,0,3,28,7262,100805,0,0,0,0,0,214641,3,0
0,0,0,0,31,28,7263,100805,0,0,0,0,0,256989,3,0
1,0,0,1,10,28,7264,100805,0,0,0,0,0,277551,3,0
0,0,0,0,7,28,7265,100805,0,0,0,0,0,264500,3,0
0,0,0,0,19,28,7266,100805,0,0,0,0,0,257775,3,0
0,0,0,0,4,28,7267,100805,0,0,0,0,0,215820,3,0
0,0,0,0,29,28,7268,100805,0,0,0,0,0,246296,3,0
0,0,0,0,16,28,7269,100805,0,0,0,0,0,233484,3,0
0,0,0,0,17,28,7270,100805,0,0,0,0,0,80082,3,0
2,0,0,1,11,29,7271,100805,0,0,0,0,0,233665,3,0
1,0,0,1,25,29,7272,100805,0,0,0,0,0,237005,3,0
0,0,0,0,13,0,7273,240,0,0,0,0,0,200389,3,0
0,0,0,0,14,3,7274,240,0,0,0,0,0,226161,3,0
0,0,0,0,18,4,7275,240,0,0,0,0,0,266039,3,0
0,0,0,0,2,6,7276,240,0,0,0,0,0,216460,3,0
0,0,0,0,17,7,7277,240,0,0,0,0,0,247103,2,0
2,0,0,1,20,12,7278,240,0,0,0,0,0,253396,3,0
1,0,0,0,8,13,7279,240,0,0,0,0,0,272449,2,0
0,0,0,0,5,15,7280,240,0,0,0,0,0,259516,3,0
2,0,0,1,10,16,7281,240,0,0,0,0,0,257279,3,0
7,0,0,1,9,24,7282,240,0,0,0,0,0,216549,3,0
7,0,0,1,19,26,7283,240,0,0,0,0,0,246191,1,0
2,0,0,1,6,28,7284,240,0,0,0,0,0,193747,3,0
1,0,0,0,23,28,7285,240,0,0,0,0,0,240690,3,0
1,0,0,0,24,28,7286,240,0,0,0,0,0,233486,3,0
0,0,0,0,3,28,7287,240,0,0,0,0,0,259584,2,0
0,0,0,0,1,28,7288,240,0,0,0,0,0,214979,3,0
6,0,0,1,7,28,7289,240,0,0,0,0,0,194765,3,0
0,0,0,0,22,28,7290,240,0,0,0,0,0,230899,3,0
3,0,0,1,11,28,7291,240,0,0,0,0,0,245371,2,0
1,0,0,0,30,28,7292,240,0,0,0,0,0,278523,3,0
0,0,0,0,15,28,7293,240,0,0,0,0,0,220440,1,0
0,0,0,0,28,28,7294,240,0,0,0,0,0,263701,3,0
0,0,0,0,16,28,7295,240,0,0,0,0,0,233084,2,0
0,0,0,0,26,29,7296,240,0,0,0,0,0,274208,3,0
0,0,0,0,29,29,7297,240,0,0,0,0,0,279569,3,0
0,0,0,0,27,29,7298,240,0,0,0,0,0,74108,3,0
0,0,0,0,31,29,7299,240,0,0,0,0,0,80673,3,0
0,0,0,0,13,0,7300,241,0,0,0,0,0,259532,3,0
1,0,0,0,23,3,7301,241,0,0,0,0,0,241486,3,0
0,0,0,0,5,4,7302,241,0,0,0,0,0,278046,3,0
1,0,0,0,24,6,7303,241,0,0,0,0,0,245037,3,0
0,0,0,0,3,7,7304,241,0,0,0,0,0,263578,3,0
0,0,0,0,21,9,7305,241,0,0,0,0,0,228702,4,0
2,0,0,0,8,11,7306,241,0,0,0,0,0,251854,3,0
9,1,0,1,10,12,7307,241,0,0,0,0,0,277643,5,0
8,0,0,1,11,16,7308,241,0,0,0,0,0,233419,3,0
4,0,0,0,16,18,7309,241,0,0,0,0,0,277179,3,0
12,1,0,1,7,25,7310,241,0,0,0,0,0,241461,3,0
6,0,0,1,20,28,7311,241,0,0,0,0,0,244260,3,0
4,0,0,0,14,28,7312,241,0,0,0,0,0,231677,4,0
0,0,0,0,2,28,7313,241,0,0,0,0,0,210514,3,0
0,0,0,0,18,28,7314,241,0,0,0,0,0,74462,3,0
0,0,0,0,25,28,7315,241,0,0,0,0,0,186153,3,0
9,1,0,1,9,28,7316,241,0,0,0,0,0,188545,3,0
1,0,0,0,19,28,7317,241,0,0,0,0,0,265600,3,0
2,0,0,0,4,28,7318,241,0,0,0,0,0,253163,3,0
0,0,0,0,22,28,7319,241,0,0,0,0,0,74463,3,0
0,0,0,0,17,28,7320,241,0,0,0,0,0,272600,3,0
0,0,0,0,29,28,7321,241,0,0,0,0,0,75156,3,0
0,0,0,0,26,28,7322,241,0,0,0,0,0,80663,3,0
0,0,0,0,30,29,7323,241,0,0,0,0,0,75068,3,0
0,0,0,0,31,29,7324,241,0,0,0,0,0,277908,3,0
0,0,0,0,15,29,7325,241,0,0,0,0,0,213661,3,0
0,0,0,0,6,29,7326,241,0,0,0,0,0,264240,3,0
0,0,0,0,1,0,7327,243,0,0,0,0,0,192119,4,0
0,0,0,0,8,3,7328,243,0,0,0,0,0,239053,4,0
2,0,0,0,17,4,7329,243,0,0,0,0,0,75605,3,0
1,0,0,0,24,6,7330,243,0,0,0,0,0,278349,2,0
1,0,0,0,18,7,7331,243,0,0,0,0,0,268889,3,0
1,0,0,0,30,23,7332,243,0,0,0,0,0,279173,1,0
3,0,0,1,15,13,7333,243,0,0,0,0,0,264309,3,0
0,0,0,0,14,14,7334,243,0,0,0,0,0,241637,3,0
1,0,0,0,6,15,7335,243,0,0,0,0,0,248243,3,0
6,0,0,1,7,27,7336,243,0,0,0,0,0,238794,4,0
22,1,0,1,10,25,7337,243,0,0,0,1,0,231747,3,0
0,0,0,0,19,28,7338,243,0,0,0,0,0,222509,3,0
0,0,0,0,21,28,7339,243,0,0,0,0,0,231410,3,0
0,0,0,0,12,28,7340,243,0,0,0,0,0,231281,3,0
0,0,0,0,22,28,7341,243,0,0,0,0,0,205452,3,0
0,0,0,0,13,28,7342,243,0,0,0,0,0,243952,3,0
3,0,0,1,16,28,7343,243,0,0,0,0,0,278399,3,0
1,0,0,0,11,28,7344,243,0,0,0,0,0,243812,3,0
0,0,0,0,2,28,7345,243,0,0,0,0,0,204963,3,0
0,0,0,0,23,28,7346,243,0,0,0,0,0,228618,3,0
0,0,0,0,4,28,7347,243,0,0,0,0,0,197445,3,0
1,0,0,0,20,28,7348,243,0,0,0,0,0,246606,3,0
0,0,0,0,28,28,7349,243,0,0,0,0,0,82756,3,0
0,0,0,0,26,29,7350,243,0,0,0,0,0,278394,3,0
0,0,0,0,43,29,7351,243,0,0,0,0,0,272503,3,0
0,0,0,0,45,29,7352,243,0,0,0,0,0,80807,3,0
0,0,0,0,32,29,7353,243,0,0,0,0,0,75572,3,0
0,0,0,0,27,29,7354,243,0,0,0,0,0,75747,3,0
0,0,0,0,35,29,7355,243,0,0,0,0,0,75239,3,0
0,0,0,0,40,29,7356,243,0,0,0,0,0,77851,3,0
4,0,0,1,5,29,7357,243,0,0,0,0,0,252371,3,0
1,0,0,0,3,29,7358,243,0,0,0,0,0,240130,3,0
0,0,0,0,1,0,7359,448,0,0,0,0,0,230869,5,0
0,0,0,0,12,3,7360,448,0,0,0,0,0,239614,3,0
0,0,0,0,3,4,7361,448,0,0,0,0,0,248550,3,0
0,0,0,0,14,6,7362,448,0,0,0,0,0,212218,3,0
0,0,0,0,17,7,7363,448,0,0,0,0,0,183512,3,0
1,0,0,1,16,9,7364,448,0,0,0,0,0,205157,5,0
1,0,0,1,18,11,7365,448,0,0,0,0,0,279604,3,0
1,0,0,1,9,12,7366,448,0,0,0,0,0,216201,3,0
4,0,0,1,10,16,7367,448,0,0,0,0,0,256516,2,0
1,0,0,1,8,18,7368,448,0,0,0,0,0,244675,3,0
2,0,0,1,11,25,7369,448,0,0,0,0,0,231184,2,0
0,0,0,0,6,28,7370,448,0,0,0,0,0,146947,3,0
1,0,0,1,20,28,7371,448,0,0,0,0,0,277708,3,0
1,0,0,1,4,28,7372,448,0,0,0,0,0,259524,3,0
0,0,0,0,2,28,7373,448,0,0,0,0,0,241049,3,0
0,0,0,0,27,28,7374,448,0,0,0,0,0,271034,3,0
2,0,0,1,7,28,7375,448,0,0,0,0,0,225201,2,0
4,0,0,1,23,28,7376,448,0,0,0,0,0,253130,3,0
0,0,0,0,25,28,7377,448,0,0,0,0,0,74317,3,0
0,0,0,0,15,28,7378,448,0,0,0,0,0,225523,3,0
0,0,0,0,22,28,7379,448,0,0,0,0,0,259422,3,0
0,0,0,0,19,28,7380,448,0,0,0,0,0,70344,2,0
1,0,0,1,30,28,7381,448,0,0,0,0,0,78550,3,0
0,0,0,0,44,29,7382,448,0,0,0,0,0,82124,3,0
0,0,0,0,26,29,7383,448,0,0,0,0,0,79582,3,0
0,0,0,0,31,29,7384,448,0,0,0,0,0,82180,3,0
0,0,0,0,24,29,7385,448,0,0,0,0,0,263617,3,0
0,0,0,0,13,29,7386,448,0,0,0,0,0,278408,3,0
1,0,0,1,21,29,7387,448,0,0,0,0,0,76945,3,0
0,0,0,0,1,0,7388,449,0,0,0,0,0,246657,5,0
4,0,0,1,24,3,7389,449,0,0,0,0,0,241867,3,0
1,0,0,0,5,4,7390,449,0,0,0,0,0,198141,3,0
0,0,0,0,4,6,7391,449,0,0,0,0,0,277537,3,0
0,0,0,0,12,7,7392,449,0,0,0,0,0,193352,2,0
0,0,0,0,18,9,7393,449,0,0,0,0,0,267430,5,0
0,0,0,0,21,11,7394,449,0,0,0,0,0,235945,3,0
5,0,0,1,7,12,7395,449,0,0,0,0,0,255475,3,0
4,0,0,1,10,16,7396,449,0,0,0,0,0,264432,4,0
6,0,0,1,8,18,7397,449,0,0,0,0,0,226456,5,0
8,0,0,1,19,25,7398,449,0,0,0,0,0,237034,3,0
1,0,0,0,6,28,7399,449,0,0,0,0,0,276471,2,0
0,0,0,0,2,28,7400,449,0,0,0,0,0,203747,3,0
1,0,0,0,16,28,7401,449,0,0,0,0,0,267860,3,0
0,0,0,0,23,28,7402,449,0,0,0,0,0,241184,3,0
0,0,0,0,25,28,7403,449,0,0,0,0,0,221087,3,0
1,0,0,0,9,28,7404,449,0,0,0,0,0,228520,3,0
0,0,0,0,17,28,7405,449,0,0,0,0,0,252324,3,0
1,0,0,0,3,28,7406,449,0,0,0,0,0,212602,3,0
0,0,0,0,40,28,7407,449,0,0,0,0,0,76740,3,0
0,0,0,0,52,28,7408,449,0,0,0,0,0,76739,3,0
1,0,0,0,11,28,7409,449,0,0,0,0,0,198951,3,0
0,0,0,0,15,28,7410,449,0,0,0,0,0,246608,3,0
0,0,0,0,13,29,7411,449,0,0,0,0,0,194911,3,0
0,0,0,0,41,29,7412,449,0,0,0,0,0,74717,3,0
0,0,0,0,30,29,7413,449,0,0,0,0,0,76420,3,0
0,0,0,0,50,29,7414,449,0,0,0,0,0,80806,3,0
0,0,0,0,37,29,7415,449,0,0,0,0,0,272487,3,0
2,0,0,0,20,29,7416,449,0,0,0,0,0,226226,3,0
0,0,0,0,22,29,7417,449,0,0,0,0,0,197781,3,0
0,0,0,0,14,29,7418,449,0,0,0,0,0,224158,3,0
0,0,0,0,13,0,7419,450,0,0,0,0,0,234102,3,0
0,0,0,0,32,4,7420,450,0,0,0,0,0,279027,3,0
0,0,0,0,2,5,7421,450,0,0,0,0,0,220821,3,0
1,0,0,0,20,6,7422,450,0,0,0,0,0,192638,4,0
0,0,0,0,8,23,7423,450,0,0,0,0,0,75628,3,0
2,0,0,1,5,12,7424,450,0,0,0,0,0,252866,3,0
1,0,0,0,16,13,7425,450,0,0,0,0,0,277029,3,0
0,0,0,0,6,15,7426,450,0,0,0,0,0,259233,2,0
1,0,0,0,3,16,7427,450,0,0,0,0,0,259694,2,0
3,0,0,1,19,27,7428,450,0,0,0,0,0,263227,3,0
8,0,0,1,7,25,7429,450,0,0,0,0,0,224179,2,0
2,0,0,1,23,28,7430,450,0,0,0,0,0,266331,3,0
0,0,0,0,14,28,7431,450,0,0,0,0,0,276745,3,0
2,0,0,1,17,28,7432,450,0,0,0,0,0,72426,3,0
0,0,0,0,12,28,7433,450,0,0,0,0,0,80666,3,0
0,0,0,0,1,28,7434,450,0,0,0,0,0,222572,3,0
2,0,0,1,10,28,7435,450,0,0,0,0,0,192629,3,0
0,0,0,0,22,28,7436,450,0,0,0,0,0,264095,3,0
2,0,0,1,39,28,7437,450,0,0,0,0,0,270860,3,0
2,0,0,1,18,28,7438,450,0,0,0,0,0,272453,3,0
2,0,0,1,9,28,7439,450,0,0,0,0,0,265800,3,0
0,0,0,0,24,28,7440,450,0,0,0,0,0,262140,3,0
0,0,0,0,15,28,7441,450,0,0,0,0,0,219985,3,0
0,0,0,0,38,29,7442,450,0,0,0,0,0,83212,3,0
0,0,0,0,4,29,7443,450,0,0,0,0,0,230021,3,0
0,0,0,0,11,29,7444,450,0,0,0,0,0,223061,3,0
0,0,0,0,25,29,7445,450,0,0,0,0,0,264167,3,0
0,0,0,0,29,29,7446,450,0,0,0,0,0,72425,3,0
0,0,0,0,21,29,7447,450,0,0,0,0,0,240223,3,0
0,0,0,0,13,0,7448,452,0,0,0,0,0,227290,3,0
0,0,0,0,23,3,7449,452,0,0,0,0,0,261654,3,0
0,0,0,0,5,4,7450,452,0,0,0,0,0,240289,3,0
2,0,0,1,6,6,7451,452,0,0,0,0,0,192816,1,0
4,0,0,1,22,7,7452,452,0,0,0,0,0,270728,3,0
0,0,0,0,4,9,7453,452,0,0,0,0,0,260546,2,0
1,0,0,0,10,11,7454,452,0,0,0,0,0,244407,3,0
0,0,0,0,24,12,7455,452,0,0,0,0,0,257063,3,0
6,0,0,1,11,16,7456,452,0,0,0,0,0,225926,3,0
0,0,0,0,8,18,7457,452,0,0,0,0,0,229862,3,0
5,0,0,1,9,25,7458,452,0,0,0,0,0,263676,4,0
1,0,0,0,14,28,7459,452,0,0,0,0,0,259521,2,0
0,0,0,0,17,28,7460,452,0,0,0,0,0,258949,3,0
0,0,0,0,18,28,7461,452,0,0,0,0,0,233884,3,0
0,0,0,0,38,28,7462,452,0,0,0,0,0,263575,2,0
0,0,0,0,1,28,7463,452,0,0,0,0,0,258948,3,0
3,0,0,1,19,28,7464,452,0,0,0,0,0,192678,2,0
0,0,0,0,20,28,7465,452,0,0,0,0,0,263133,3,0
0,0,0,0,2,28,7466,452,0,0,0,0,0,262479,3,0
0,0,0,0,16,28,7467,452,0,0,0,0,0,246457,3,0
0,0,0,0,12,28,7468,452,0,0,0,0,0,258684,3,0
1,0,0,0,15,28,7469,452,0,0,0,0,0,243431,3,0
0,0,0,0,30,28,7470,452,0,0,0,0,0,279605,3,0
2,0,0,1,7,29,7471,452,0,0,0,0,0,244622,3,0
0,0,0,0,1,0,7472,453,0,0,0,0,0,258466,3,0
1,0,0,1,23,3,7473,453,0,0,0,0,0,221342,3,0
0,0,0,0,24,4,7474,453,0,0,0,0,0,219585,4,0
0,0,0,0,21,6,7475,453,0,0,0,0,0,228805,3,0
0,0,0,0,22,7,7476,453,0,0,0,0,0,214026,3,0
4,0,0,1,12,9,7477,453,0,0,0,0,0,255566,5,0
1,0,0,1,5,11,7478,453,0,0,0,0,0,208620,3,0
2,0,0,1,18,12,7479,453,0,0,0,0,0,270206,3,0
0,0,0,0,17,16,7480,453,0,0,0,0,0,80915,5,0
1,0,0,1,10,18,7481,453,0,0,0,0,0,202648,4,0
15,1,0,1,7,25,7482,453,0,0,0,0,0,223710,5,0
1,0,0,1,8,28,7483,453,0,0,0,0,0,241856,3,0
0,0,0,0,6,28,7484,453,0,0,0,0,0,252909,3,0
0,0,0,0,4,28,7485,453,0,0,0,0,0,245426,3,0
1,0,0,1,2,28,7486,453,0,0,0,0,0,248820,3,0
0,0,0,0,13,28,7487,453,0,0,0,0,0,261375,3,0
1,0,0,1,11,28,7488,453,0,0,0,0,0,232610,3,0
1,0,0,1,20,28,7489,453,0,0,0,0,0,267976,3,0
0,0,0,0,3,28,7490,453,0,0,0,0,0,232008,3,0
0,0,0,0,9,28,7491,453,0,0,0,0,0,202716,3,0
0,0,0,0,27,28,7492,453,0,0,0,0,0,278392,4,0
0,0,0,0,19,28,7493,453,0,0,0,0,0,264110,3,0
0,0,0,0,15,28,7494,453,0,0,0,0,0,259011,3,0
0,0,0,0,26,29,7495,453,0,0,0,0,0,74481,3,0
0,0,0,0,25,29,7496,453,0,0,0,0,0,146952,3,0
0,0,0,0,30,29,7497,453,0,0,0,0,0,275024,3,0
0,0,0,0,28,29,7498,453,0,0,0,0,0,74716,3,0
0,0,0,0,1,0,7499,457,0,0,0,0,0,227127,3,0
1,0,0,0,2,3,7500,457,0,0,0,0,0,259848,4,0
0,0,0,0,31,4,7501,457,0,0,0,0,0,277225,4,0
0,0,0,0,5,6,7502,457,0,0,0,0,0,233738,3,0
0,0,0,0,17,7,7503,457,0,0,0,0,0,241811,3,0
1,0,0,0,4,10,7504,457,0,0,0,0,0,74091,3,0
6,0,0,1,11,12,7505,457,0,0,0,0,0,224411,5,0
5,0,0,1,23,13,7506,457,0,0,0,0,0,235944,2,0
2,0,0,1,18,15,7507,457,0,0,0,0,0,234153,3,0
3,0,0,1,7,16,7508,457,0,0,0,0,0,246672,3,0
8,0,0,1,10,25,7509,457,0,0,0,0,0,230142,3,0
0,0,0,0,8,28,7510,457,0,0,0,0,0,262510,3,0
0,0,0,0,15,28,7511,457,0,0,0,0,0,272455,3,0
0,0,0,0,3,28,7512,457,0,0,0,0,0,246748,3,0
0,0,0,0,16,28,7513,457,0,0,0,0,0,225263,3,0
0,0,0,0,13,28,7514,457,0,0,0,0,0,265520,3,0
1,0,0,0,9,28,7515,457,0,0,0,0,0,269186,3,0
0,0,0,0,21,28,7516,457,0,0,0,0,0,264701,3,0
0,0,0,0,24,28,7517,457,0,0,0,0,0,258775,2,0
0,0,0,0,12,28,7518,457,0,0,0,0,0,234060,3,0
0,0,0,0,6,28,7519,457,0,0,0,0,0,226221,3,0
1,0,0,0,20,28,7520,457,0,0,0,0,0,234035,3,0
0,0,0,0,22,28,7521,457,0,0,0,0,0,74913,3,0
0,0,0,0,19,29,7522,457,0,0,0,0,0,262513,3,0
2,0,0,1,14,29,7523,457,0,0,0,0,0,237681,3,0
0,0,0,0,1,0,7524,461,0,0,0,0,0,211348,3,0
0,0,0,0,20,3,7525,461,0,0,0,0,0,203177,3,0
0,0,0,0,5,4,7526,461,0,0,0,0,0,265726,3,0
0,0,0,0,3,6,7527,461,0,0,0,0,0,263396,2,0
1,0,0,0,14,7,7528,461,0,0,0,0,0,211688,3,0
0,0,0,0,23,9,7529,461,0,0,0,0,0,236657,3,0
2,0,0,1,18,11,7530,461,0,0,0,0,0,230786,2,0
2,0,0,1,11,12,7531,461,0,0,0,0,0,224415,4,0
3,0,0,1,16,16,7532,461,0,0,0,0,0,264238,3,0
1,0,0,0,15,18,7533,461,0,0,0,0,0,246258,3,0
7,0,0,1,9,25,7534,461,0,0,0,0,0,243032,3,0
0,0,0,0,8,28,7535,461,0,0,0,0,0,266436,3,0
0,0,0,0,2,28,7536,461,0,0,0,0,0,225659,3,0
0,0,0,0,4,28,7537,461,0,0,0,0,0,240900,3,0
0,0,0,0,21,28,7538,461,0,0,0,0,0,260082,3,0
0,0,0,0,13,28,7539,461,0,0,0,0,0,241179,3,0
0,0,0,0,6,28,7540,461,0,0,0,0,0,231627,3,0
3,0,0,1,7,28,7541,461,0,0,0,0,0,236276,4,0
1,0,0,0,22,28,7542,461,0,0,0,0,0,219792,3,0
0,0,0,0,10,28,7543,461,0,0,0,0,0,247729,3,0
1,0,0,0,24,28,7544,461,0,0,0,0,0,233885,3,0
0,0,0,0,19,28,7545,461,0,0,0,0,0,241463,3,0
1,0,0,0,17,28,7546,461,0,0,0,0,0,243134,3,0
0,0,0,0,12,29,7547,461,0,0,0,0,0,247832,3,0
0,0,0,0,37,29,7548,461,0,0,0,0,0,80683,3,0
0,0,0,0,29,29,7549,461,0,0,0,0,0,78669,3,0
0,0,0,0,27,29,7550,461,0,0,0,0,0,279868,3,0
0,0,0,0,26,29,7551,461,0,0,0,0,0,266031,3,0
0,0,0,0,25,29,7552,461,0,0,0,0,0,263880,3,0
1,0,0,0,28,29,7553,461,0,0,0,0,0,230578,3,0
0,0,0,0,1,0,7554,463,0,0,0,0,0,222464,3,0
1,0,0,1,14,3,7555,463,0,0,0,0,0,240953,3,0
0,0,0,0,2,4,7556,463,0,0,0,0,0,241031,2,0
0,0,0,0,5,6,7557,463,0,0,0,0,0,255854,3,0
0,0,0,0,17,7,7558,463,0,0,0,0,0,210455,3,0
0,0,0,0,20,12,7559,463,0,0,0,0,0,264842,2,0
1,0,0,1,8,13,7560,463,0,0,0,0,0,261987,4,0
1,0,0,1,19,15,7561,463,0,0,0,0,0,264160,3,0
0,0,0,0,10,16,7562,463,0,0,0,0,0,233113,3,0
4,0,0,1,11,24,7563,463,0,0,0,0,0,234826,4,0
5,0,0,1,15,26,7564,463,0,0,0,0,0,222041,4,0
1,0,0,1,6,28,7565,463,0,0,0,0,0,240458,3,0
0,0,0,0,21,28,7566,463,0,0,0,0,0,270834,3,0
0,0,0,0,3,28,7567,463,0,0,0,0,0,278003,3,0
0,0,0,0,24,28,7568,463,0,0,0,0,0,279109,2,0
0,0,0,0,13,28,7569,463,0,0,0,0,0,186680,3,0
0,0,0,0,22,28,7570,463,0,0,0,0,0,259747,3,0
1,0,0,1,4,28,7571,463,0,0,0,0,0,205192,3,0
0,0,0,0,18,28,7572,463,0,0,0,0,0,238126,3,0
0,0,0,0,9,28,7573,463,0,0,0,0,0,221639,3,0
0,0,0,0,23,28,7574,463,0,0,0,0,0,244948,2,0
0,0,0,0,16,28,7575,463,0,0,0,0,0,81776,3,0
0,0,0,0,7,28,7576,463,0,0,0,0,0,76768,3,0
0,0,0,0,31,29,7577,463,0,0,0,0,0,277814,3,0
0,0,0,0,29,29,7578,463,0,0,0,0,0,81738,3,0
0,0,0,0,34,29,7579,463,0,0,0,0,0,70183,3,0
0,0,0,0,28,29,7580,463,0,0,0,0,0,78858,3,0
0,0,0,0,13,0,7581,468,0,0,0,0,0,246139,3,0
0,0,0,0,23,4,7582,468,0,0,0,0,0,259173,4,0
0,0,0,0,22,5,7583,468,0,0,0,0,0,261264,3,0
0,0,0,0,6,6,7584,468,0,0,0,0,0,206222,3,0
0,0,0,0,8,10,7585,468,0,0,0,0,0,246809,2,0
0,0,0,0,17,12,7586,468,0,0,0,0,0,229667,3,0
2,0,0,1,16,13,7587,468,0,0,0,0,0,270109,3,0
2,0,0,1,14,15,7588,468,0,0,0,0,0,235522,3,0
4,0,0,1,11,16,7589,468,0,0,0,0,0,254860,4,0
4,0,0,1,9,24,7590,468,0,0,0,0,0,228941,2,0
5,0,0,1,20,26,7591,468,0,0,0,0,0,272445,4,0
0,0,0,0,12,28,7592,468,0,0,0,0,0,244393,3,0
1,0,0,0,3,28,7593,468,0,0,0,0,0,246113,2,0
0,0,0,0,21,28,7594,468,0,0,0,0,0,248559,3,0
1,0,0,0,18,28,7595,468,0,0,0,0,0,260083,2,0
0,0,0,0,1,28,7596,468,0,0,0,0,0,207935,3,0
6,0,0,1,10,28,7597,468,0,0,0,0,0,231628,3,0
0,0,0,0,24,28,7598,468,0,0,0,0,0,71013,3,0
0,0,0,0,7,28,7599,468,0,0,0,0,0,269250,3,0
1,0,0,0,19,28,7600,468,0,0,0,0,0,231436,3,0
0,0,0,0,5,28,7601,468,0,0,0,0,0,269622,3,0
1,0,0,0,32,28,7602,468,0,0,0,0,0,279035,3,0
0,0,0,0,15,28,7603,468,0,0,0,0,0,239671,3,0
0,0,0,0,38,29,7604,468,0,0,0,0,0,83277,3,0
0,0,0,0,45,29,7605,468,0,0,0,0,0,264116,3,0
0,0,0,0,37,29,7606,468,0,0,0,0,0,80749,3,0
0,0,0,0,27,29,7607,468,0,0,0,0,0,75568,3,0
0,0,0,0,2,29,7608,468,0,0,0,0,0,279200,3,0
1,0,0,0,39,29,7609,468,0,0,0,0,0,278923,3,0
0,0,0,0,1,0,7610,479,0,0,0,0,0,224003,3,0
0,0,0,0,19,3,7611,479,0,0,0,0,0,234730,2,0
1,0,0,0,22,4,7612,479,0,0,0,0,0,259066,3,0
2,0,0,1,24,6,7613,479,0,0,0,0,0,243976,3,0
0,0,0,0,20,7,7614,479,0,0,0,0,0,231591,2,0
0,0,0,0,7,9,7615,479,0,0,0,0,0,247495,4,0
0,0,0,0,6,11,7616,479,0,0,0,0,0,208137,3,0
2,0,0,1,14,12,7617,479,0,0,0,0,0,211022,4,0
4,0,0,1,21,16,7618,479,0,0,0,0,0,76042,4,0
0,0,0,0,10,18,7619,479,0,0,0,0,0,258937,3,0
10,1,0,1,17,25,7620,479,0,0,0,0,0,188335,4,0
0,0,0,0,15,28,7621,479,0,0,0,0,0,258139,2,0
0,0,0,0,11,28,7622,479,0,0,0,0,0,225200,3,0
1,0,0,0,23,28,7623,479,0,0,0,0,0,271145,3,0
0,0,0,0,5,28,7624,479,0,0,0,0,0,272433,3,0
0,0,0,0,13,28,7625,479,0,0,0,0,0,193314,3,0
3,0,0,1,9,28,7626,479,0,0,0,0,0,253416,3,0
0,0,0,0,16,28,7627,479,0,0,0,0,0,206590,3,0
0,0,0,0,8,28,7628,479,0,0,0,0,0,274355,3,0
1,0,0,0,29,28,7629,479,0,0,0,0,0,71598,3,0
0,0,0,0,3,28,7630,479,0,0,0,0,0,206219,3,0
0,0,0,0,41,28,7631,479,0,0,0,0,0,71277,3,0
0,0,0,0,34,28,7632,479,0,0,0,0,0,74441,3,0
0,0,0,0,26,29,7633,479,0,0,0,0,0,80805,3,0
0,0,0,0,31,29,7634,479,0,0,0,0,0,276087,3,0
1,0,0,0,2,29,7635,479,0,0,0,0,0,264159,3,0
0,0,0,0,13,0,7636,480,0,0,0,0,0,227186,3,0
0,0,0,0,2,3,7637,480,0,0,0,0,0,248165,3,0
0,0,0,0,24,4,7638,480,0,0,0,0,0,197948,3,0
1,0,0,1,32,6,7639,480,0,0,0,0,0,276633,2,0
1,0,0,1,3,7,7640,480,0,0,0,0,0,258371,3,0
1,0,0,1,6,9,7641,480,0,0,0,0,0,250858,1,0
0,0,0,0,17,11,7642,480,0,0,0,0,0,222390,3,0
0,0,0,0,12,12,7643,480,0,0,0,0,0,265578,3,0
3,0,0,1,18,16,7644,480,0,0,0,0,0,216447,3,0
2,0,0,1,7,18,7645,480,0,0,0,0,0,232498,3,0
7,0,0,1,19,25,7646,480,0,0,0,0,0,243559,3,0
0,0,0,0,23,28,7647,480,0,0,0,0,0,243558,3,0
0,0,0,0,15,28,7648,480,0,0,0,0,0,214944,2,0
0,0,0,0,5,28,7649,480,0,0,0,0,0,236355,3,0
0,0,0,0,20,28,7650,480,0,0,0,0,0,203581,3,0
0,0,0,0,1,28,7651,480,0,0,0,0,0,236033,3,0
1,0,0,1,9,28,7652,480,0,0,0,0,0,276895,3,0
0,0,0,0,14,28,7653,480,0,0,0,0,0,265396,3,0
1,0,0,1,22,28,7654,480,0,0,0,0,0,247131,3,0
0,0,0,0,4,28,7655,480,0,0,0,0,0,236492,3,0
0,0,0,0,11,28,7656,480,0,0,0,0,0,251756,3,0
0,0,0,0,10,28,7657,480,0,0,0,0,0,248805,3,0
1,0,0,1,21,28,7658,480,0,0,0,0,0,271373,3,0
0,0,0,0,33,29,7659,480,0,0,0,0,0,73316,3,0
0,0,0,0,8,29,7660,480,0,0,0,0,0,173030,3,0
0,0,0,0,28,29,7661,480,0,0,0,0,0,79474,3,0
0,0,0,0,26,29,7662,480,0,0,0,0,0,74551,3,0
0,0,0,0,30,29,7663,480,0,0,0,0,0,267577,3,0
0,0,0,0,40,29,7664,480,0,0,0,0,0,81393,3,0
0,0,0,0,16,29,7665,480,0,0,0,0,0,235662,3,0
0,0,0,0,29,29,7666,480,0,0,0,0,0,272486,3,0
0,0,0,0,1,0,7667,481,0,0,0,0,0,211990,1,0
1,0,0,0,2,4,7668,481,0,0,0,0,0,264172,2,0
1,0,0,0,6,5,7669,481,0,0,0,0,0,193198,3,0
0,0,0,0,4,6,7670,481,0,0,0,0,0,271755,2,0
0,0,0,0,16,12,7671,481,0,0,0,0,0,264174,2,0
1,0,0,0,18,13,7672,481,0,0,0,0,0,246683,2,0
2,0,0,1,20,15,7673,481,0,0,0,0,0,229752,3,0
0,0,0,0,12,16,7674,481,0,0,0,0,0,229649,2,0
2,0,0,1,14,18,7675,481,0,0,0,0,0,270301,3,0
6,0,0,1,9,24,7676,481,0,0,0,0,0,266256,2,0
1,0,0,0,17,26,7677,481,0,0,0,0,0,211784,3,0
2,0,0,1,10,28,7678,481,0,0,0,0,0,184941,3,0
1,0,0,0,19,28,7679,481,0,0,0,0,0,244114,3,0
0,0,0,0,32,28,7680,481,0,0,0,0,0,267960,3,0
0,0,0,0,36,28,7681,481,0,0,0,0,0,78367,3,0
0,0,0,0,13,28,7682,481,0,0,0,0,0,185427,3,0
3,0,0,1,7,28,7683,481,0,0,0,0,0,69967,3,0
0,0,0,0,3,28,7684,481,0,0,0,0,0,184432,3,0
0,0,0,0,5,28,7685,481,0,0,0,0,0,252961,3,0
1,0,0,0,21,28,7686,481,0,0,0,0,0,238050,3,0
0,0,0,0,24,28,7687,481,0,0,0,0,0,208330,3,0
0,0,0,0,15,28,7688,481,0,0,0,0,0,213917,2,0
0,0,0,0,8,28,7689,481,0,0,0,0,0,224309,3,0
0,0,0,0,22,29,7690,481,0,0,0,0,0,241930,3,0
0,0,0,0,29,29,7691,481,0,0,0,0,0,80682,3,0
0,0,0,0,31,29,7692,481,0,0,0,0,0,272427,3,0
0,0,0,0,28,29,7693,481,0,0,0,0,0,275520,3,0
0,0,0,0,39,29,7694,481,0,0,0,0,0,80681,3,0
0,0,0,0,33,29,7695,481,0,0,0,0,0,279507,3,0
0,0,0,0,23,29,7696,481,0,0,0,0,0,234426,3,0
3,0,0,1,11,29,7697,481,0,0,0,0,0,238581,3,0
0,0,0,0,1,0,7698,483,0,0,0,0,0,258885,2,0
0,0,0,0,15,3,7699,483,0,0,0,0,0,276493,3,0
1,0,0,0,4,4,7700,483,0,0,0,0,0,277244,2,0
0,0,0,0,12,6,7701,483,0,0,0,0,0,273906,3,0
1,0,0,0,24,7,7702,483,0,0,0,0,0,228302,2,0
2,0,0,1,19,12,7703,483,0,0,0,0,0,226110,3,0
2,0,0,1,14,13,7704,483,0,0,0,0,0,235781,3,0
2,0,0,1,18,15,7705,483,0,0,0,0,0,241707,3,0
8,0,0,1,20,16,7706,483,0,0,0,0,0,264388,2,0
7,0,0,1,7,24,7707,483,0,0,0,0,0,208093,5,0
5,0,0,1,9,26,7708,483,0,0,0,0,0,254551,2,0
0,0,0,0,10,28,7709,483,0,0,0,0,0,189513,3,0
0,0,0,0,16,28,7710,483,0,0,0,0,0,209989,3,0
0,0,0,0,23,28,7711,483,0,0,0,0,0,262402,3,0
0,0,0,0,6,28,7712,483,0,0,0,0,0,278659,3,0
0,0,0,0,25,28,7713,483,0,0,0,0,0,259065,3,0
2,0,0,1,22,28,7714,483,0,0,0,0,0,215590,3,0
5,0,0,1,17,28,7715,483,0,0,0,0,0,246800,3,0
1,0,0,0,11,28,7716,483,0,0,0,0,0,243034,3,0
2,0,0,1,21,28,7717,483,0,0,0,0,0,271108,3,0
0,0,0,0,3,28,7718,483,0,0,0,0,0,267920,3,0
0,0,0,0,37,28,7719,483,0,0,0,0,0,82665,3,0
0,0,0,0,13,28,7720,483,0,0,0,0,0,258534,3,0
0,0,0,0,31,29,7721,483,0,0,0,0,0,271757,3,0
0,0,0,0,27,29,7722,483,0,0,0,0,0,80684,3,0
0,0,0,0,38,29,7723,483,0,0,0,0,0,75748,3,0
0,0,0,0,33,29,7724,483,0,0,0,0,0,72328,3,0
0,0,0,0,5,29,7725,483,0,0,0,0,0,268414,3,0
0,0,0,0,8,29,7726,483,0,0,0,0,0,237221,3,0
0,0,0,0,2,29,7727,483,0,0,0,0,0,243923,3,0
0,0,0,0,13,0,7728,1853,0,0,0,0,0,199005,4,0
1,0,0,0,22,3,7729,1853,0,0,0,0,0,214622,3,0
2,0,0,1,4,4,7730,1853,0,0,0,0,0,245290,3,0
0,0,0,0,2,6,7731,1853,0,0,0,0,0,276820,3,0
1,0,0,0,23,7,7732,1853,0,0,0,0,0,252327,3,0
0,0,0,0,14,9,7733,1853,0,0,0,0,0,74774,3,0
1,0,0,0,10,11,7734,1853,0,0,0,0,0,243312,3,0
0,0,0,0,26,12,7735,1853,0,0,0,0,0,82834,2,0
4,0,0,1,9,16,7736,1853,0,0,0,0,0,264173,2,0
3,0,0,1,24,18,7737,1853,0,0,0,0,0,274209,3,0
6,0,0,1,21,25,7738,1853,0,0,0,0,0,271414,3,0
1,0,0,0,16,28,7739,1853,0,0,0,0,0,267873,3,0
0,0,0,0,8,28,7740,1853,0,0,0,0,0,262500,3,0
2,0,0,1,18,28,7741,1853,0,0,0,0,0,252865,3,0
1,0,0,0,3,28,7742,1853,0,0,0,0,0,274082,3,0
0,0,0,0,1,28,7743,1853,0,0,0,0,0,271532,3,0
0,0,0,0,12,28,7744,1853,0,0,0,0,0,247328,3,0
0,0,0,0,5,28,7745,1853,0,0,0,0,0,233588,3,0
0,0,0,0,17,28,7746,1853,0,0,0,0,0,246011,3,0
1,0,0,0,11,28,7747,1853,0,0,0,0,0,216475,3,0
0,0,0,0,6,28,7748,1853,0,0,0,0,0,241055,3,0
1,0,0,0,19,28,7749,1853,0,0,0,0,0,70967,3,0
0,0,0,0,20,28,7750,1853,0,0,0,0,0,242279,3,0
0,0,0,0,27,29,7751,1853,0,0,0,0,0,72563,3,0
0,0,0,0,28,29,7752,1853,0,0,0,0,0,80678,3,0
0,0,0,0,32,29,7753,1853,0,0,0,0,0,269146,3,0
0,0,0,0,29,29,7754,1853,0,0,0,0,0,80679,3,0
0,0,0,0,55,29,7755,1853,0,0,0,0,0,76756,3,0
0,0,0,0,7,29,7756,1853,0,0,0,0,0,241591,3,0
0,0,0,0,13,0,7757,1860,0,0,0,0,0,223952,4,0
1,0,0,1,21,3,7758,1860,0,0,0,0,0,260178,3,0
0,0,0,0,2,4,7759,1860,0,0,0,0,0,217940,3,0
0,0,0,0,22,5,7760,1860,0,0,0,0,0,234835,3,0
0,0,0,0,24,6,7761,1860,0,0,0,0,0,260404,3,0
0,0,0,0,16,7,7762,1860,0,0,0,0,0,220414,3,0
0,0,0,0,5,10,7763,1860,0,0,0,0,0,242201,4,0
2,0,0,1,6,13,7764,1860,0,0,0,0,0,274555,3,0
3,0,0,1,8,15,7765,1860,0,0,0,0,0,232665,3,0
1,0,0,1,19,24,7766,1860,0,0,0,0,0,251651,2,0
0,0,0,0,10,26,7767,1860,0,0,0,0,0,264325,2,0
0,0,0,0,14,28,7768,1860,0,0,0,0,0,226157,3,0
0,0,0,0,17,28,7769,1860,0,0,0,0,0,189860,3,0
0,0,0,0,3,28,7770,1860,0,0,0,0,0,245628,3,0
0,0,0,0,15,28,7771,1860,0,0,0,0,0,273850,3,0
0,0,0,0,1,28,7772,1860,0,0,0,0,0,73373,3,0
3,0,0,1,23,28,7773,1860,0,0,0,0,0,277269,3,0
0,0,0,0,18,28,7774,1860,0,0,0,0,0,275986,3,0
0,0,0,0,12,28,7775,1860,0,0,0,0,0,192667,3,0
0,0,0,0,20,28,7776,1860,0,0,0,0,0,261307,3,0
1,0,0,1,7,28,7777,1860,0,0,0,0,0,197891,3,0
0,0,0,0,31,28,7778,1860,0,0,0,0,0,73375,3,0
0,0,0,0,45,28,7779,1860,0,0,0,0,0,82907,3,0
0,0,0,0,11,29,7780,1860,0,0,0,0,0,270379,3,0
0,0,0,0,34,29,7781,1860,0,0,0,0,0,78728,3,0
0,0,0,0,30,29,7782,1860,0,0,0,0,0,71977,3,0
0,0,0,0,41,29,7783,1860,0,0,0,0,0,82440,3,0
0,0,0,0,32,29,7784,1860,0,0,0,0,0,266085,3,0
0,0,0,0,35,29,7785,1860,0,0,0,0,0,277825,3,0
0,0,0,0,37,29,7786,1860,0,0,0,0,0,80675,3,0
0,0,0,0,26,29,7787,1860,0,0,0,0,0,79393,3,0
4,0,0,1,9,29,7788,1860,0,0,0,0,0,228635,3,0
0,0,0,0,13,0,7789,110062,0,0,0,0,0,205186,3,0
1,0,0,1,4,3,7790,110062,0,0,0,0,0,260815,3,0
1,0,0,1,12,4,7791,110062,0,0,0,0,0,76624,3,0
0,0,0,0,17,6,7792,110062,0,0,0,0,0,190815,3,0
0,0,0,0,24,7,7793,110062,0,0,0,0,0,217036,3,0
0,0,0,0,23,9,7794,110062,0,0,0,0,0,246928,3,0
0,0,0,0,8,11,7795,110062,0,0,0,0,0,235997,3,0
4,0,0,1,15,12,7796,110062,0,0,0,0,0,244369,3,0
0,0,0,0,21,16,7797,110062,0,0,0,0,0,246785,3,0
0,0,0,0,11,18,7798,110062,0,0,0,0,0,213565,3,0
7,0,0,1,19,25,7799,110062,0,0,0,0,0,271541,2,0
0,0,0,0,14,28,7800,110062,0,0,0,0,0,276528,3,0
1,0,0,1,3,28,7801,110062,0,0,0,0,0,272718,3,0
0,0,0,0,16,28,7802,110062,0,0,0,0,0,254310,3,0
0,0,0,0,2,28,7803,110062,0,0,0,0,0,279026,3,0
0,0,0,0,25,28,7804,110062,0,0,0,0,0,76012,3,0
3,0,0,1,7,28,7805,110062,0,0,0,0,0,186537,3,0
1,0,0,1,20,28,7806,110062,0,0,0,0,0,177413,3,0
0,0,0,0,9,28,7807,110062,0,0,0,0,0,239250,3,0
0,0,0,0,5,28,7808,110062,0,0,0,0,0,201505,3,0
0,0,0,0,29,28,7809,110062,0,0,0,0,0,81636,3,0
0,0,0,0,32,28,7810,110062,0,0,0,0,0,82667,3,0
0,0,0,0,28,28,7811,110062,0,0,0,0,0,81378,3,0
0,0,0,0,44,29,7812,110062,0,0,0,0,0,81380,3,0
3,0,0,1,18,29,7813,110062,0,0,0,0,0,255125,3,0
0,0,0,0,10,29,7814,110062,0,0,0,0,0,205070,3,0
0,0,0,0,6,29,7815,110062,0,0,0,0,0,221363,3,0
0,0,0,0,22,29,7816,110062,0,0,0,0,0,192448,2,0
0,0,0,0,35,29,7817,110062,0,0,0,0,0,194730,3,0
0,0,0,0,13,0,7818,110827,0,0,0,0,0,220383,4,0
0,0,0,0,22,3,7819,110827,0,0,0,0,0,238305,2,0
0,0,0,0,4,4,7820,110827,0,0,0,0,0,219848,4,0
1,0,0,1,16,6,7821,110827,0,0,0,0,0,251616,3,0
0,0,0,0,25,7,7822,110827,0,0,0,0,0,256097,4,0
0,0,0,0,6,9,7823,110827,0,0,0,0,0,253114,3,0
0,0,0,0,11,11,7824,110827,0,0,0,0,0,232770,3,0
0,0,0,0,10,12,7825,110827,0,0,0,0,0,245870,2,0
2,0,0,1,7,16,7826,110827,0,0,0,0,0,262300,3,0
2,0,0,1,5,18,7827,110827,0,0,0,0,0,275985,3,0
3,0,0,1,9,25,7828,110827,0,0,0,0,0,253385,3,0
0,0,0,0,8,28,7829,110827,0,0,0,0,0,146562,3,0
0,0,0,0,2,28,7830,110827,0,0,0,0,0,225508,3,0
0,0,0,0,12,28,7831,110827,0,0,0,0,0,219180,3,0
0,0,0,0,3,28,7832,110827,0,0,0,0,0,73502,3,0
0,0,0,0,1,28,7833,110827,0,0,0,0,0,251136,3,0
0,0,0,0,17,28,7834,110827,0,0,0,0,0,255786,3,0
0,0,0,0,15,28,7835,110827,0,0,0,0,0,275205,3,0
0,0,0,0,24,28,7836,110827,0,0,0,0,0,229894,3,0
1,0,0,1,20,28,7837,110827,0,0,0,0,0,212501,3,0
0,0,0,0,23,28,7838,110827,0,0,0,0,0,266608,3,0
0,0,0,0,19,28,7839,110827,0,0,0,0,0,269643,3,0
1,0,0,1,21,28,7840,110827,0,0,0,0,0,243834,3,0
0,0,0,0,14,29,7841,110827,0,0,0,0,0,236246,3,0
0,0,0,0,29,29,7842,110827,0,0,0,0,0,78072,3,0
0,0,0,0,27,29,7843,110827,0,0,0,0,0,279758,3,0
0,0,0,0,30,29,7844,110827,0,0,0,0,0,277421,3,0
0,0,0,0,26,29,7845,110827,0,0,0,0,0,73213,3,0
0,0,0,0,28,29,7846,110827,0,0,0,0,0,78864,3,0
0,0,0,0,31,29,7847,110827,0,0,0,0,0,73215,3,0
0,0,0,0,32,29,7848,110827,0,0,0,0,0,279141,3,0
0,0,0,0,24,0,7849,242,0,0,0,0,0,236515,3,0
0,0,0,0,2,3,7850,242,0,0,0,0,0,269228,4,0
0,0,0,0,4,4,7851,242,0,0,0,0,0,268082,4,0
0,0,0,0,15,6,7852,242,0,0,0,0,0,239403,3,0
1,0,0,0,12,7,7853,242,0,0,0,0,0,255580,3,0
2,0,0,1,8,9,7854,242,0,0,0,0,0,260877,3,0
0,0,0,0,16,11,7855,242,0,0,0,0,0,250997,3,0
5,0,0,1,11,12,7856,242,0,0,0,0,0,278035,4,0
9,0,0,1,10,16,7857,242,0,0,0,0,0,264492,5,0
3,0,0,1,21,18,7858,242,0,0,0,0,0,260463,3,0
8,0,0,1,9,25,7859,242,0,0,0,0,0,262398,3,0
0,0,0,0,20,28,7860,242,0,0,0,0,0,203733,3,0
0,0,0,0,23,28,7861,242,0,0,0,0,0,198023,3,0
0,0,0,0,3,28,7862,242,0,0,0,0,0,266159,3,0
1,0,0,0,5,28,7863,242,0,0,0,0,0,278001,3,0
0,0,0,0,1,28,7864,242,0,0,0,0,0,212453,3,0
2,0,0,1,19,28,7865,242,0,0,0,0,0,277069,3,0
0,0,0,0,6,28,7866,242,0,0,0,0,0,260144,3,0
2,0,0,1,7,28,7867,242,0,0,0,0,0,243200,2,0
2,0,0,1,22,28,7868,242,0,0,0,0,0,245157,2,0
1,0,0,0,18,28,7869,242,0,0,0,0,0,192679,3,0
0,0,0,0,25,28,7870,242,0,0,0,0,0,251599,3,0
0,0,0,0,17,28,7871,242,0,0,0,0,0,204280,3,0
0,0,0,0,13,29,7872,242,0,0,0,0,0,279897,3,0
0,0,0,0,35,29,7873,242,0,0,0,0,0,73934,3,0
0,0,0,0,32,29,7874,242,0,0,0,0,0,82172,3,0
0,0,0,0,28,29,7875,242,0,0,0,0,0,81414,3,0
0,0,0,0,27,29,7876,242,0,0,0,0,0,75660,3,0
0,0,0,0,37,29,7877,242,0,0,0,0,0,82751,3,0
0,0,0,0,13,0,7878,244,0,0,0,0,0,253216,3,0
1,0,0,1,14,3,7879,244,0,0,0,0,0,256341,2,0
0,0,0,0,16,4,7880,244,0,0,0,0,0,244135,3,0
1,0,0,1,5,6,7881,244,0,0,0,0,0,238446,3,0
0,0,0,0,3,7,7882,244,0,0,0,0,0,265671,3,0
1,0,0,1,24,9,7883,244,0,0,0,0,0,246947,3,0
0,0,0,0,10,11,7884,244,0,0,0,0,0,225204,3,0
0,0,0,0,18,12,7885,244,0,0,0,0,0,248710,3,0
1,0,0,1,17,16,7886,244,0,0,0,0,0,219774,3,0
2,0,0,1,7,18,7887,244,0,0,0,0,0,251922,3,0
6,0,0,1,19,25,7888,244,0,0,0,0,0,211068,2,0
3,0,0,1,9,28,7889,244,0,0,0,0,0,243315,3,0
1,0,0,1,8,28,7890,244,0,0,0,0,0,241588,3,0
0,0,0,0,33,28,7891,244,0,0,0,0,0,77644,4,0
0,0,0,0,23,28,7892,244,0,0,0,0,0,278530,3,0
0,0,0,0,1,28,7893,244,0,0,0,0,0,205849,3,0
0,0,0,0,6,28,7894,244,0,0,0,0,0,237184,3,0
0,0,0,0,22,28,7895,244,0,0,0,0,0,245894,2,0
0,0,0,0,21,28,7896,244,0,0,0,0,0,246351,3,0
0,0,0,0,4,28,7897,244,0,0,0,0,0,207431,2,0
0,0,0,0,31,28,7898,244,0,0,0,0,0,78926,3,0
1,0,0,1,20,28,7899,244,0,0,0,0,0,241827,2,0
0,0,0,0,15,28,7900,244,0,0,0,0,0,233591,3,0
0,0,0,0,36,29,7901,244,0,0,0,0,0,81491,3,0
2,0,0,1,12,29,7902,244,0,0,0,0,0,230623,3,0
0,0,0,0,40,29,7903,244,0,0,0,0,0,279653,3,0
0,0,0,0,34,29,7904,244,0,0,0,0,0,71279,3,0
0,0,0,0,35,29,7905,244,0,0,0,0,0,79612,3,0
0,0,0,0,32,29,7906,244,0,0,0,0,0,70834,3,0
0,0,0,0,37,29,7907,244,0,0,0,0,0,270652,3,0
0,0,0,0,2,29,7908,244,0,0,0,0,0,277267,3,0
0,0,0,0,27,29,7909,244,0,0,0,0,0,241775,3,0
0,0,0,0,28,29,7910,244,0,0,0,0,0,257133,3,0
0,0,0,0,29,29,7911,244,0,0,0,0,0,271669,3,0
0,0,0,0,30,29,7912,244,0,0,0,0,0,79478,3,0
0,0,0,0,1,0,7913,456,0,0,0,0,0,225395,5,0
0,0,0,0,2,3,7914,456,0,0,0,0,0,269197,3,0
2,0,0,0,5,4,7915,456,0,0,0,0,0,255406,3,0
0,0,0,0,21,6,7916,456,0,0,0,0,0,246455,3,0
0,0,0,0,32,7,7917,456,0,0,0,0,0,74606,2,0
0,0,0,0,8,9,7918,456,0,0,0,0,0,262501,3,0
0,0,0,0,6,11,7919,456,0,0,0,0,0,254005,3,0
10,1,0,1,11,12,7920,456,0,0,0,0,0,246044,3,0
5,0,0,1,10,16,7921,456,0,0,0,0,0,243792,2,0
4,0,0,1,18,18,7922,456,0,0,0,0,0,75263,3,0
10,1,0,1,12,25,7923,456,0,0,0,0,0,193794,3,0
0,0,0,0,9,28,7924,456,0,0,0,0,0,269639,3,0
2,0,0,0,27,28,7925,456,0,0,0,0,0,83090,3,0
3,0,0,1,15,28,7926,456,0,0,0,0,0,216376,2,0
1,0,0,0,20,28,7927,456,0,0,0,0,0,265731,3,0
0,0,0,0,35,28,7928,456,0,0,0,0,0,80005,3,0
0,0,0,0,34,28,7929,456,0,0,0,0,0,75632,3,0
1,0,0,0,16,28,7930,456,0,0,0,0,0,277597,2,0
1,0,0,0,14,28,7931,456,0,0,0,0,0,74881,3,0
0,0,0,0,3,28,7932,456,0,0,0,0,0,274080,3,0
3,0,0,1,19,28,7933,456,0,0,0,0,0,273827,2,0
0,0,0,0,4,28,7934,456,0,0,0,0,0,243155,3,0
0,0,0,0,36,28,7935,456,0,0,0,0,0,80659,3,0
0,0,0,0,23,29,7936,456,0,0,0,0,0,279112,2,0
0,0,0,0,7,29,7937,456,0,0,0,0,0,83120,2,0
0,0,0,0,37,29,7938,456,0,0,0,0,0,75378,3,0
0,0,0,0,44,29,7939,456,0,0,0,0,0,82954,3,0
0,0,0,0,43,29,7940,456,0,0,0,0,0,80709,3,0
0,0,0,0,13,29,7941,456,0,0,0,0,0,74624,3,0
0,0,0,0,1,0,7942,459,0,0,0,0,0,219836,3,0
2,0,0,1,2,3,7943,459,0,0,0,0,0,256080,3,0
2,0,0,1,15,4,7944,459,0,0,0,0,0,236573,3,0
1,0,0,0,4,6,7945,459,0,0,0,0,0,243449,3,0
0,0,0,0,5,7,7946,459,0,0,0,0,0,271805,3,0
0,0,0,0,6,9,7947,459,0,0,0,0,0,264838,3,0
0,0,0,0,14,11,7948,459,0,0,0,0,0,229207,3,0
11,1,0,1,17,12,7949,459,0,0,0,0,0,263883,3,0
3,0,0,1,7,16,7950,459,0,0,0,0,0,256885,3,0
7,0,0,1,10,18,7951,459,0,0,0,0,0,243491,2,0
7,0,0,1,19,25,7952,459,0,0,0,0,0,224428,1,0
0,0,0,0,18,28,7953,459,0,0,0,0,0,77717,3,0
0,0,0,0,23,28,7954,459,0,0,0,0,0,237442,4,0
0,0,0,0,3,28,7955,459,0,0,0,0,0,258766,3,0
0,0,0,0,20,28,7956,459,0,0,0,0,0,228716,3,0
0,0,0,0,13,28,7957,459,0,0,0,0,0,245601,3,0
0,0,0,0,11,28,7958,459,0,0,0,0,0,265560,2,0
0,0,0,0,29,28,7959,459,0,0,0,0,0,277894,3,0
0,0,0,0,12,28,7960,459,0,0,0,0,0,228326,4,0
0,0,0,0,36,28,7961,459,0,0,0,0,0,82117,3,0
0,0,0,0,26,28,7962,459,0,0,0,0,0,74608,3,0
0,0,0,0,24,28,7963,459,0,0,0,0,0,264506,3,0
0,0,0,0,8,28,7964,459,0,0,0,0,0,238220,3,0
0,0,0,0,28,29,7965,459,0,0,0,0,0,72028,3,0
0,0,0,0,38,29,7966,459,0,0,0,0,0,82118,3,0
0,0,0,0,21,29,7967,459,0,0,0,0,0,245021,3,0
0,0,0,0,35,29,7968,459,0,0,0,0,0,78731,3,0
0,0,0,0,32,29,7969,459,0,0,0,0,0,80752,3,0
0,0,0,0,30,29,7970,459,0,0,0,0,0,71797,3,0
0,0,0,0,34,29,7971,459,0,0,0,0,0,273610,3,0
0,0,0,0,37,29,7972,459,0,0,0,0,0,74746,3,0
0,0,0,0,13,0,7973,462,0,0,0,0,0,278395,3,0
0,0,0,0,14,3,7974,462,0,0,0,0,0,231280,3,0
1,0,0,0,15,4,7975,462,0,0,0,0,0,263393,2,0
1,0,0,0,4,6,7976,462,0,0,0,0,0,270879,2,0
0,0,0,0,3,7,7977,462,0,0,0,0,0,264440,3,0
4,0,0,1,22,12,7978,462,0,0,0,0,0,266136,3,0
3,0,0,1,8,13,7979,462,0,0,0,0,0,258769,4,0
0,0,0,0,24,15,7980,462,0,0,0,0,0,262581,1,0
0,0,0,0,17,16,7981,462,0,0,0,0,0,262585,3,0
3,0,0,1,9,24,7982,462,0,0,0,0,0,271682,3,0
1,0,0,0,10,26,7983,462,0,0,0,0,0,252084,3,0
0,0,0,0,6,28,7984,462,0,0,0,0,0,260923,3,0
0,0,0,0,7,28,7985,462,0,0,0,0,0,224013,3,0
0,0,0,0,12,28,7986,462,0,0,0,0,0,78642,3,0
0,0,0,0,32,28,7987,462,0,0,0,0,0,72107,3,0
0,0,0,0,1,28,7988,462,0,0,0,0,0,270529,3,0
0,0,0,0,25,28,7989,462,0,0,0,0,0,253152,2,0
1,0,0,0,21,28,7990,462,0,0,0,0,0,242655,3,0
5,0,0,1,20,28,7991,462,0,0,0,0,0,271267,3,0
4,0,0,1,11,28,7992,462,0,0,0,0,0,233631,3,0
0,0,0,0,39,28,7993,462,0,0,0,0,0,260264,3,0
1,0,0,0,16,28,7994,462,0,0,0,0,0,278524,3,0
0,0,0,0,36,28,7995,462,0,0,0,0,0,82252,3,0
0,0,0,0,34,29,7996,462,0,0,0,0,0,80721,3,0
0,0,0,0,27,29,7997,462,0,0,0,0,0,278008,3,0
0,0,0,0,23,29,7998,462,0,0,0,0,0,277930,3,0
0,0,0,0,5,29,7999,462,0,0,0,0,0,75565,2,0
0,0,0,0,33,29,8000,462,0,0,0,0,0,78366,3,0
0,0,0,0,30,29,8001,462,0,0,0,0,0,80812,2,0
0,0,0,0,37,29,8002,462,0,0,0,0,0,204876,3,0
0,0,0,0,38,29,8003,462,0,0,0,0,0,236466,3,0
0,0,0,0,13,0,8004,467,0,0,0,0,0,259362,4,0
1,0,0,0,2,3,8005,467,0,0,0,0,0,254913,3,0
0,0,0,0,21,4,8006,467,0,0,0,0,0,271438,4,0
3,0,0,1,23,6,8007,467,0,0,0,0,0,199986,3,0
0,0,0,0,3,7,8008,467,0,0,0,0,0,71912,3,0
0,0,0,0,30,9,8009,467,0,0,0,0,0,275126,3,0
1,0,0,0,8,11,8010,467,0,0,0,0,0,241489,3,0
3,0,0,1,17,12,8011,467,0,0,0,0,0,244197,2,0
0,0,0,0,7,16,8012,467,0,0,0,0,0,256059,3,0
1,0,0,0,11,18,8013,467,0,0,0,0,0,264665,3,0
2,0,0,1,9,25,8014,467,0,0,0,0,0,233231,3,0
0,0,0,0,6,28,8015,467,0,0,0,0,0,199158,3,0
0,0,0,0,10,28,8016,467,0,0,0,0,0,73561,3,0
1,0,0,0,14,28,8017,467,0,0,0,0,0,229765,3,0
1,0,0,0,5,28,8018,467,0,0,0,0,0,255268,3,0
0,0,0,0,1,28,8019,467,0,0,0,0,0,264170,3,0
2,0,0,1,16,28,8020,467,0,0,0,0,0,277719,5,0
0,0,0,0,15,28,8021,467,0,0,0,0,0,234731,3,0
6,0,0,1,20,28,8022,467,0,0,0,0,0,264195,3,0
0,0,0,0,19,28,8023,467,0,0,0,0,0,229517,3,0
1,0,0,0,18,28,8024,467,0,0,0,0,0,271037,3,0
0,0,0,0,4,28,8025,467,0,0,0,0,0,254003,3,0
0,0,0,0,33,28,8026,467,0,0,0,0,0,78933,3,0
2,0,0,1,22,29,8027,467,0,0,0,0,0,237206,3,0
0,0,0,0,32,29,8028,467,0,0,0,0,0,78159,3,0
0,0,0,0,34,29,8029,467,0,0,0,0,0,80576,3,0
0,0,0,0,26,29,8030,467,0,0,0,0,0,79487,3,0
0,0,0,0,35,29,8031,467,0,0,0,0,0,80277,3,0
0,0,0,0,27,29,8032,467,0,0,0,0,0,80276,3,0
0,0,0,0,1,0,8033,472,0,0,0,0,0,244262,2,0
0,0,0,0,2,3,8034,472,0,0,0,0,0,258922,2,0
1,0,0,0,6,4,8035,472,0,0,0,0,0,259581,3,0
1,0,0,0,3,6,8036,472,0,0,0,0,0,266160,3,0
4,0,0,1,5,7,8037,472,0,0,0,0,0,244394,3,0
4,0,0,1,14,12,8038,472,0,0,0,0,0,252079,3,0
0,0,0,0,12,13,8039,472,0,0,0,0,0,243478,3,0
0,0,0,0,16,15,8040,472,0,0,0,0,0,278096,3,0
6,0,0,1,22,16,8041,472,0,0,0,0,0,272430,2,0
0,0,0,0,21,24,8042,472,0,0,0,0,0,198164,3,0
4,0,0,1,10,26,8043,472,0,0,0,0,0,202515,3,0
0,0,0,0,49,28,8044,472,0,0,0,0,0,265194,3,0
0,0,0,0,19,28,8045,472,0,0,0,0,0,217731,3,0
0,0,0,0,15,28,8046,472,0,0,0,0,0,278403,3,0
0,0,0,0,23,28,8047,472,0,0,0,0,0,272305,3,0
0,0,0,0,35,28,8048,472,0,0,0,0,0,277239,3,0
0,0,0,0,18,28,8049,472,0,0,0,0,0,247136,3,0
0,0,0,0,26,28,8050,472,0,0,0,0,0,278400,3,0
2,0,0,1,8,28,8051,472,0,0,0,0,0,269224,3,0
0,0,0,0,4,28,8052,472,0,0,0,0,0,251337,3,0
0,0,0,0,17,28,8053,472,0,0,0,0,0,234350,3,0
1,0,0,0,20,28,8054,472,0,0,0,0,0,251011,4,0
0,0,0,0,7,28,8055,472,0,0,0,0,0,229699,3,0
1,0,0,0,24,29,8056,472,0,0,0,0,0,242489,3,0
0,0,0,0,27,29,8057,472,0,0,0,0,0,74371,3,0
0,0,0,0,9,29,8058,472,0,0,0,0,0,70334,3,0
0,0,0,0,30,29,8059,472,0,0,0,0,0,278872,3,0
0,0,0,0,28,29,8060,472,0,0,0,0,0,76546,3,0
0,0,0,0,31,29,8061,472,0,0,0,0,0,83523,3,0
1,0,0,0,39,29,8062,472,0,0,0,0,0,266158,3,0
0,0,0,0,13,29,8063,472,0,0,0,0,0,234779,3,0
0,0,0,0,37,29,8064,472,0,0,0,0,0,78859,3,0
0,0,0,0,40,29,8065,472,0,0,0,0,0,78071,3,0
0,0,0,0,1,0,8066,573,0,0,0,0,0,235312,2,0
0,0,0,0,3,3,8067,573,0,0,0,0,0,73199,2,0
0,0,0,0,16,4,8068,573,0,0,0,0,0,73452,3,0
2,0,0,0,4,6,8069,573,0,0,0,0,0,219796,2,0
0,0,0,0,14,7,8070,573,0,0,0,0,0,226087,3,0
4,0,0,1,10,12,8071,573,0,0,0,0,0,258494,3,0
0,0,0,0,12,13,8072,573,0,0,0,0,0,276949,3,0
0,0,0,0,23,15,8073,573,0,0,0,0,0,74210,3,0
0,0,0,0,11,16,8074,573,0,0,0,0,0,246276,3,0
6,0,0,1,21,24,8075,573,0,0,0,0,0,278608,2,0
10,1,0,1,9,26,8076,573,0,0,0,0,0,74554,2,0
1,0,0,0,35,28,8077,573,0,0,0,0,0,74555,3,0
2,0,0,0,24,28,8078,573,0,0,0,0,0,255398,3,0
0,0,0,0,18,28,8079,573,0,0,0,0,0,73450,3,0
0,0,0,0,2,28,8080,573,0,0,0,0,0,265437,3,0
0,0,0,0,13,28,8081,573,0,0,0,0,0,271491,3,0
3,0,0,1,17,28,8082,573,0,0,0,0,0,242333,3,0
0,0,0,0,15,28,8083,573,0,0,0,0,0,263677,3,0
0,0,0,0,19,28,8084,573,0,0,0,0,0,220638,3,0
0,0,0,0,39,28,8085,573,0,0,0,0,0,269227,3,0
3,0,0,1,22,28,8086,573,0,0,0,0,0,265812,3,0
0,0,0,0,6,28,8087,573,0,0,0,0,0,252943,3,0
0,0,0,0,8,28,8088,573,0,0,0,0,0,234769,3,0
5,0,0,1,37,29,8089,573,0,0,0,0,0,78193,2,0
0,0,0,0,7,29,8090,573,0,0,0,0,0,260344,3,0
0,0,0,0,30,29,8091,573,0,0,0,0,0,74211,3,0
0,0,0,0,20,29,8092,573,0,0,0,0,0,244938,3,0
0,0,0,0,25,29,8093,573,0,0,0,0,0,236735,3,0
0,0,0,0,5,29,8094,573,0,0,0,0,0,236221,3,0
0,0,0,0,36,29,8095,573,0,0,0,0,0,80217,2,0
0,0,0,0,31,29,8096,573,0,0,0,0,0,77346,3,0
0,0,0,0,38,29,8097,573,0,0,0,0,0,83074,3,0
0,0,0,0,13,0,8098,1854,0,0,0,0,0,199101,3,0
0,0,0,0,15,3,8099,1854,0,0,0,0,0,243756,4,0
0,0,0,0,24,4,8100,1854,0,0,0,0,0,225161,3,0
1,0,0,1,23,6,8101,1854,0,0,0,0,0,254787,3,0
0,0,0,0,21,7,8102,1854,0,0,0,0,0,246844,3,0
0,0,0,0,17,9,8103,1854,0,0,0,0,0,255572,3,0
0,0,0,0,6,11,8104,1854,0,0,0,0,0,269644,4,0
7,0,0,1,7,12,8105,1854,0,0,0,0,0,213577,3,0
2,0,0,1,16,16,8106,1854,0,0,0,0,0,229631,3,0
7,0,0,1,4,18,8107,1854,0,0,0,0,0,223853,4,0
5,0,0,1,10,25,8108,1854,0,0,0,0,0,206031,5,0
0,0,0,0,28,28,8109,1854,0,0,0,0,0,255879,3,0
0,0,0,0,33,28,8110,1854,0,0,0,0,0,79560,3,0
0,0,0,0,18,28,8111,1854,0,0,0,0,0,74163,4,0
0,0,0,0,34,28,8112,1854,0,0,0,0,0,234032,3,0
0,0,0,0,1,28,8113,1854,0,0,0,0,0,199493,4,0
0,0,0,0,9,28,8114,1854,0,0,0,0,0,211565,3,0
1,0,0,1,20,28,8115,1854,0,0,0,0,0,252485,3,0
0,0,0,0,5,28,8116,1854,0,0,0,0,0,266117,3,0
0,0,0,0,11,28,8117,1854,0,0,0,0,0,79583,5,0
0,0,0,0,3,28,8118,1854,0,0,0,0,0,266118,3,0
0,0,0,0,30,28,8119,1854,0,0,0,0,0,74594,3,0
0,0,0,0,27,28,8120,1854,0,0,0,0,0,78368,3,0
0,0,0,0,40,29,8121,1854,0,0,0,0,0,76947,3,0
0,0,0,0,26,29,8122,1854,0,0,0,0,0,75629,3,0
0,0,0,0,2,29,8123,1854,0,0,0,0,0,75831,3,0
0,0,0,0,35,29,8124,1854,0,0,0,0,0,82334,3,0
0,0,0,0,1,0,8125,1861,0,0,0,0,0,146296,3,0
3,0,0,1,22,3,8126,1861,0,0,0,0,0,260098,3,0
0,0,0,0,4,4,8127,1861,0,0,0,0,0,222598,2,0
1,0,0,0,18,6,8128,1861,0,0,0,0,0,254094,2,0
2,0,0,0,3,7,8129,1861,0,0,0,0,0,211857,3,0
1,0,0,0,8,9,8130,1861,0,0,0,0,0,263634,3,0
2,0,0,0,17,11,8131,1861,0,0,0,0,0,259190,3,0
10,1,0,1,23,12,8132,1861,0,0,0,0,0,219953,5,0
2,0,0,0,10,16,8133,1861,0,0,0,0,0,252837,3,0
12,1,0,1,11,18,8134,1861,0,0,0,1,0,258923,4,0
5,0,0,1,12,25,8135,1861,0,0,0,0,0,205976,4,0
2,0,0,0,9,28,8136,1861,0,0,0,0,0,81406,3,0
0,0,0,0,6,28,8137,1861,0,0,0,0,0,226370,3,0
0,0,0,0,16,28,8138,1861,0,0,0,0,0,270415,2,0
0,0,0,0,21,28,8139,1861,0,0,0,0,0,241810,3,0
0,0,0,0,13,28,8140,1861,0,0,0,0,0,205288,3,0
3,0,0,1,2,28,8141,1861,0,0,0,0,0,242369,3,0
0,0,0,0,14,28,8142,1861,0,0,0,0,0,245598,3,0
0,0,0,0,32,28,8143,1861,0,0,0,0,0,77532,3,0
0,0,0,0,19,28,8144,1861,0,0,0,0,0,240047,3,0
1,0,0,0,29,28,8145,1861,0,0,0,0,0,74476,3,0
6,0,0,1,7,28,8146,1861,0,0,0,0,0,258602,4,0
0,0,0,0,20,28,8147,1861,0,0,0,0,0,241470,3,0
2,0,0,0,24,29,8148,1861,0,0,0,0,0,240589,3,0
0,0,0,0,31,29,8149,1861,0,0,0,0,0,278405,3,0
0,0,0,0,28,29,8150,1861,0,0,0,0,0,202445,3,0
0,0,0,0,26,29,8151,1861,0,0,0,0,0,82676,3,0
0,0,0,0,30,29,8152,1861,0,0,0,0,0,272395,3,0
0,0,0,0,13,0,8153,1867,0,0,0,0,0,254099,3,0
0,0,0,0,21,3,8154,1867,0,0,0,0,0,73412,3,0
0,0,0,0,12,4,8155,1867,0,0,0,0,0,79470,3,0
0,0,0,0,15,6,8156,1867,0,0,0,0,0,247466,3,0
1,0,0,0,2,7,8157,1867,0,0,0,0,0,270338,3,0
1,0,0,0,23,23,8158,1867,0,0,0,0,0,73413,5,0
0,0,0,0,8,13,8159,1867,0,0,0,0,0,259582,3,0
2,0,0,1,30,14,8160,1867,0,0,0,0,0,277684,5,0
0,0,0,0,24,15,8161,1867,0,0,0,0,0,264175,3,0
6,0,0,1,10,27,8162,1867,0,0,0,0,0,235988,3,0
9,0,0,1,18,25,8163,1867,0,0,0,0,0,277554,3,0
0,0,0,0,17,28,8164,1867,0,0,0,0,0,73414,3,0
2,0,0,1,5,28,8165,1867,0,0,0,0,0,258689,3,0
1,0,0,0,16,28,8166,1867,0,0,0,0,0,262299,3,0
0,0,0,0,3,28,8167,1867,0,0,0,0,0,271272,3,0
0,0,0,0,26,28,8168,1867,0,0,0,0,0,74118,3,0
0,0,0,0,9,28,8169,1867,0,0,0,0,0,228397,3,0
0,0,0,0,20,28,8170,1867,0,0,0,0,0,269638,3,0
1,0,0,0,11,28,8171,1867,0,0,0,0,0,264176,3,0
0,0,0,0,7,28,8172,1867,0,0,0,0,0,279256,3,0
0,0,0,0,22,28,8173,1867,0,0,0,0,0,264489,3,0
3,0,0,1,14,28,8174,1867,0,0,0,0,0,229624,5,0
2,0,0,1,19,28,8175,1867,0,0,0,0,0,264804,3,0
0,0,0,0,1,29,8176,1867,0,0,0,0,0,269641,3,0
0,0,0,0,4,29,8177,1867,0,0,0,0,0,236914,4,0
0,0,0,0,25,29,8178,1867,0,0,0,0,0,74087,3,0
0,0,0,0,33,29,8179,1867,0,0,0,0,0,81593,3,0
0,0,0,0,6,29,8180,1867,0,0,0,0,0,79169,3,0
0,0,0,0,13,0,8181,1894,0,0,0,0,0,223571,4,0
0,0,0,0,23,3,8182,1894,0,0,0,0,0,225699,1,0
1,0,0,0,6,4,8183,1894,0,0,0,0,0,211556,2,0
0,0,0,0,15,6,8184,1894,0,0,0,0,0,269223,1,0
4,0,0,1,3,7,8185,1894,0,0,0,0,0,233911,2,0
0,0,0,0,7,23,8186,1894,0,0,0,0,0,78837,3,0
4,0,0,1,19,13,8187,1894,0,0,0,0,0,257558,3,0
2,0,0,1,5,14,8188,1894,0,0,0,0,0,276742,2,0
4,0,0,1,8,15,8189,1894,0,0,0,0,0,225738,4,0
2,0,0,1,22,27,8190,1894,0,0,0,0,0,78836,3,0
7,0,0,1,9,25,8191,1894,0,0,0,0,0,78282,3,0
1,0,0,0,20,28,8192,1894,0,0,0,0,0,199823,3,0
0,0,0,0,26,28,8193,1894,0,0,0,0,0,74370,3,0
0,0,0,0,17,28,8194,1894,0,0,0,0,0,80084,3,0
0,0,0,0,2,28,8195,1894,0,0,0,0,0,251642,3,0
0,0,0,0,1,28,8196,1894,0,0,0,0,0,220346,3,0
0,0,0,0,25,28,8197,1894,0,0,0,0,0,234772,2,0
1,0,0,0,10,28,8198,1894,0,0,0,0,0,245986,3,0
0,0,0,0,27,28,8199,1894,0,0,0,0,0,74583,3,0
0,0,0,0,12,28,8200,1894,0,0,0,0,0,79459,3,0
1,0,0,0,14,28,8201,1894,0,0,0,0,0,224591,3,0
0,0,0,0,16,28,8202,1894,0,0,0,0,0,241682,3,0
0,0,0,0,24,28,8203,1894,0,0,0,0,0,78838,3,0
0,0,0,0,30,29,8204,1894,0,0,0,0,0,80662,3,0
1,0,0,0,18,29,8205,1894,0,0,0,0,0,257025,3,0
0,0,0,0,4,29,8206,1894,0,0,0,0,0,79655,3,0
0,0,0,0,13,0,8207,1968,0,0,0,0,0,271459,3,0
0,0,0,0,20,3,8208,1968,0,0,0,0,0,220348,4,0
0,0,0,0,14,4,8209,1968,0,0,0,0,0,74788,3,0
0,0,0,0,6,6,8210,1968,0,0,0,0,0,260692,3,0
0,0,0,0,21,7,8211,1968,0,0,0,0,0,76286,3,0
1,0,0,0,11,12,8212,1968,0,0,0,0,0,202651,3,0
1,0,0,0,15,13,8213,1968,0,0,0,0,0,276085,3,0
2,0,0,1,5,15,8214,1968,0,0,0,0,0,279502,3,0
1,0,0,0,22,16,8215,1968,0,0,0,0,0,231640,3,0
1,0,0,0,9,24,8216,1968,0,0,0,0,0,207732,2,0
3,0,0,1,23,26,8217,1968,0,0,0,0,0,76043,2,0
0,0,0,0,37,28,8218,1968,0,0,0,0,0,273051,3,0
0,0,0,0,8,28,8219,1968,0,0,0,0,0,199247,3,0
1,0,0,0,19,28,8220,1968,0,0,0,0,0,278404,3,0
1,0,0,0,2,28,8221,1968,0,0,0,0,0,264270,2,0
0,0,0,0,1,28,8222,1968,0,0,0,0,0,225868,3,0
3,0,0,1,17,28,8223,1968,0,0,0,0,0,265733,3,0
3,0,0,1,10,28,8224,1968,0,0,0,0,0,253293,3,0
6,0,0,1,12,28,8225,1968,0,0,0,0,0,80909,3,0
0,0,0,0,18,28,8226,1968,0,0,0,0,0,73282,3,0
0,0,0,0,24,28,8227,1968,0,0,0,0,0,79552,3,0
0,0,0,0,27,28,8228,1968,0,0,0,0,0,74178,3,0
0,0,0,0,29,28,8229,1968,0,0,0,0,0,264004,3,0
0,0,0,0,33,29,8230,1968,0,0,0,0,0,80875,3,0
0,0,0,0,35,29,8231,1968,0,0,0,0,0,276956,3,0
0,0,0,0,16,29,8232,1968,0,0,0,0,0,74209,3,0
0,0,0,0,38,29,8233,1968,0,0,0,0,0,70345,3,0
0,0,0,0,34,29,8234,1968,0,0,0,0,0,75931,3,0
0,0,0,0,13,0,8235,10846,0,0,0,0,0,219637,3,0
0,0,0,0,2,3,8236,10846,0,0,0,0,0,79736,5,0
0,0,0,0,6,4,8237,10846,0,0,0,0,0,246097,3,0
2,0,0,0,8,6,8238,10846,0,0,0,0,0,224981,3,0
1,0,0,0,12,7,8239,10846,0,0,0,0,0,226130,2,0
1,0,0,0,23,9,8240,10846,0,0,0,0,0,255468,3,0
1,0,0,0,5,11,8241,10846,0,0,0,0,0,254786,2,0
6,0,0,1,14,12,8242,10846,0,0,0,0,0,73518,4,0
1,0,0,0,21,16,8243,10846,0,0,0,0,0,229764,3,0
3,0,0,1,16,18,8244,10846,0,0,0,0,0,231733,3,0
5,0,0,1,9,25,8245,10846,0,0,0,0,0,252590,2,0
2,0,0,0,10,28,8246,10846,0,0,0,0,0,239451,3,0
0,0,0,0,33,28,8247,10846,0,0,0,0,0,73927,3,0
0,0,0,0,3,28,8248,10846,0,0,0,0,0,263178,3,0
0,0,0,0,22,28,8249,10846,0,0,0,0,0,275497,3,0
0,0,0,0,1,28,8250,10846,0,0,0,0,0,257027,3,0
3,0,0,1,20,28,8251,10846,0,0,0,0,0,235970,5,0
3,0,0,1,7,28,8252,10846,0,0,0,0,0,258172,3,0
0,0,0,0,17,28,8253,10846,0,0,0,0,0,75697,3,0
0,0,0,0,11,28,8254,10846,0,0,0,0,0,245999,3,0
0,0,0,0,31,28,8255,10846,0,0,0,0,0,80697,3,0
0,0,0,0,15,28,8256,10846,0,0,0,0,0,228790,3,0
0,0,0,0,28,28,8257,10846,0,0,0,0,0,271358,3,0
0,0,0,0,37,29,8258,10846,0,0,0,0,0,75567,3,0
0,0,0,0,32,29,8259,10846,0,0,0,0,0,80658,3,0
0,0,0,0,36,29,8260,10846,0,0,0,0,0,74930,3,0
0,0,0,0,35,29,8261,10846,0,0,0,0,0,76415,3,0
0,0,0,0,4,29,8262,10846,0,0,0,0,0,219127,3,0
0,0,0,0,13,0,8263,15012,0,0,0,0,0,204234,3,0
0,0,0,0,24,3,8264,15012,0,0,0,0,0,217085,4,0
1,0,0,0,36,4,8265,15012,0,0,0,0,0,74559,3,0
0,0,0,0,4,6,8266,15012,0,0,0,0,0,79048,2,0
1,0,0,0,21,7,8267,15012,0,0,0,0,0,77703,4,0
1,0,0,0,28,9,8268,15012,0,0,0,0,0,270738,4,0
0,0,0,0,6,11,8269,15012,0,0,0,0,0,201413,3,0
1,0,0,0,19,12,8270,15012,0,0,0,0,0,208622,3,0
1,0,0,0,20,16,8271,15012,0,0,0,0,0,250887,2,0
4,0,0,1,10,18,8272,15012,0,0,0,0,0,275493,3,0
5,0,0,1,9,25,8273,15012,0,0,0,0,0,251610,3,0
0,0,0,0,11,28,8274,15012,0,0,0,0,0,277683,3,0
0,0,0,0,14,28,8275,15012,0,0,0,0,0,213724,3,0
0,0,0,0,29,28,8276,15012,0,0,0,0,0,80259,3,0
0,0,0,0,3,28,8277,15012,0,0,0,0,0,206522,3,0
0,0,0,0,1,28,8278,15012,0,0,0,0,0,205703,3,0
0,0,0,0,23,28,8279,15012,0,0,0,0,0,278402,2,0
1,0,0,0,17,28,8280,15012,0,0,0,0,0,224305,3,0
0,0,0,0,5,28,8281,15012,0,0,0,0,0,243316,3,0
3,0,0,1,15,28,8282,15012,0,0,0,0,0,244311,3,0
0,0,0,0,26,28,8283,15012,0,0,0,0,0,278071,3,0
0,0,0,0,8,28,8284,15012,0,0,0,0,0,264179,3,0
3,0,0,1,7,28,8285,15012,0,0,0,0,0,269637,3,0
0,0,0,0,16,29,8286,15012,0,0,0,0,0,253378,3,0
0,0,0,0,31,29,8287,15012,0,0,0,0,0,79657,3,0
0,0,0,0,12,29,8288,15012,0,0,0,0,0,268776,3,0
0,0,0,0,34,29,8289,15012,0,0,0,0,0,80705,3,0
2,0,0,1,33,29,8290,15012,0,0,0,0,0,265521,3,0
0,0,0,0,13,0,8291,100852,0,0,0,0,0,251910,5,0
0,0,0,0,22,3,8292,100852,0,0,0,0,0,248777,3,0
1,0,0,0,5,4,8293,100852,0,0,0,0,0,215572,3,0
2,0,0,0,3,6,8294,100852,0,0,0,0,0,240652,3,0
0,0,0,0,17,7,8295,100852,0,0,0,0,0,210747,3,0
2,0,0,0,7,12,8296,100852,0,0,0,0,0,212830,3,0
5,0,0,1,21,13,8297,100852,0,0,0,0,0,73505,4,0
1,0,0,0,8,15,8298,100852,0,0,0,0,0,241172,3,0
4,0,0,1,16,16,8299,100852,0,0,0,0,0,73317,5,0
5,0,0,1,9,24,8300,100852,0,0,0,0,0,272908,3,0
3,0,0,1,19,26,8301,100852,0,0,0,0,0,243795,3,0
0,0,0,0,14,28,8302,100852,0,0,0,0,0,241476,3,0
2,0,0,0,15,28,8303,100852,0,0,0,0,0,80342,5,0
1,0,0,0,12,28,8304,100852,0,0,0,0,0,74584,5,0
1,0,0,0,4,28,8305,100852,0,0,0,0,0,256528,3,0
0,0,0,0,1,28,8306,100852,0,0,0,0,0,237419,3,0
4,0,0,1,10,28,8307,100852,0,0,0,0,0,269306,3,0
0,0,0,0,23,28,8308,100852,0,0,0,0,0,83390,3,0
1,0,0,0,11,28,8309,100852,0,0,0,0,0,252083,3,0
0,0,0,0,55,28,8310,100852,0,0,0,0,0,80152,3,0
3,0,0,1,6,28,8311,100852,0,0,0,0,0,246184,3,0
0,0,0,0,30,28,8312,100852,0,0,0,0,0,266145,3,0
2,0,0,0,18,28,8313,100852,0,0,0,0,0,80808,2,0
0,0,0,0,29,29,8314,100852,0,0,0,0,0,266655,3,0
0,0,0,0,26,29,8315,100852,0,0,0,0,0,76946,3,0
0,0,0,0,35,29,8316,100852,0,0,0,0,0,75935,3,0
0,0,0,0,1,0,8317,100888,0,0,0,0,0,234790,2,0
1,0,0,0,7,3,8318,100888,0,0,0,0,0,211241,2,0
0,0,0,0,3,4,8319,100888,0,0,0,0,0,225106,3,0
0,0,0,0,6,6,8320,100888,0,0,0,0,0,274358,3,0
0,0,0,0,2,7,8321,100888,0,0,0,0,0,274486,3,0
0,0,0,0,10,12,8322,100888,0,0,0,0,0,243604,2,0
1,0,0,0,8,13,8323,100888,0,0,0,0,0,267624,2,0
2,0,0,1,24,15,8324,100888,0,0,0,0,0,230613,3,0
3,0,0,1,11,16,8325,100888,0,0,0,0,0,270611,3,0
4,0,0,1,19,24,8326,100888,0,0,0,0,0,264229,3,0
5,0,0,1,23,26,8327,100888,0,0,0,0,0,260086,2,0
1,0,0,0,20,28,8328,100888,0,0,0,0,0,208621,5,0
1,0,0,0,16,28,8329,100888,0,0,0,0,0,227508,3,0
3,0,0,1,14,28,8330,100888,0,0,0,0,0,246169,3,0
0,0,0,0,4,28,8331,100888,0,0,0,0,0,258652,3,0
0,0,0,0,13,28,8332,100888,0,0,0,0,0,242802,3,0
2,0,0,1,17,28,8333,100888,0,0,0,0,0,264228,3,0
0,0,0,0,5,28,8334,100888,0,0,0,0,0,196935,3,0
0,0,0,0,22,28,8335,100888,0,0,0,0,0,267698,3,0
0,0,0,0,15,28,8336,100888,0,0,0,0,0,252146,3,0
0,0,0,0,26,28,8337,100888,0,0,0,0,0,74545,3,0
0,0,0,0,12,28,8338,100888,0,0,0,0,0,70810,3,0
0,0,0,0,31,28,8339,100888,0,0,0,0,0,271490,3,0
0,0,0,0,36,29,8340,100888,0,0,0,0,0,82674,3,0
0,0,0,0,21,29,8341,100888,0,0,0,0,0,79999,3,0
0,0,0,0,27,29,8342,100888,0,0,0,0,0,80703,3,0
0,0,0,0,33,29,8343,100888,0,0,0,0,0,83067,3,0
0,0,0,0,38,29,8344,100888,0,0,0,0,0,82119,3,0
0,0,0,0,9,29,8345,100888,0,0,0,0,0,198451,2,0
0,0,0,0,1,0,8346,110069,0,0,0,0,0,80574,3,0
0,0,0,0,2,3,8347,110069,0,0,0,0,0,258041,3,0
0,0,0,0,22,4,8348,110069,0,0,0,0,0,277519,4,0
0,0,0,0,21,5,8349,110069,0,0,0,0,0,214639,3,0
0,0,0,0,37,6,8350,110069,0,0,0,0,0,74785,3,0
0,0,0,0,3,7,8351,110069,0,0,0,0,0,264347,3,0
2,0,0,1,26,10,8352,110069,0,0,0,0,0,71972,3,0
0,0,0,0,6,13,8353,110069,0,0,0,0,0,275248,3,0
1,0,0,1,18,15,8354,110069,0,0,0,0,0,79480,3,0
10,1,0,1,10,24,8355,110069,0,0,0,0,0,221014,5,0
1,0,0,1,14,26,8356,110069,0,0,0,0,0,275333,3,0
3,0,0,1,28,28,8357,110069,0,0,0,0,0,276976,4,0
0,0,0,0,4,28,8358,110069,0,0,0,0,0,244919,3,0
0,0,0,0,36,28,8359,110069,0,0,0,0,0,73974,3,0
0,0,0,0,47,28,8360,110069,0,0,0,0,0,80704,3,0
0,0,0,0,13,28,8361,110069,0,0,0,0,0,79528,2,0
0,0,0,0,30,28,8362,110069,0,0,0,0,0,278590,3,0
1,0,0,1,5,28,8363,110069,0,0,0,0,0,74548,3,0
0,0,0,0,32,28,8364,110069,0,0,0,0,0,73394,3,0
0,0,0,0,8,28,8365,110069,0,0,0,0,0,72561,3,0
0,0,0,0,35,28,8366,110069,0,0,0,0,0,73389,3,0
0,0,0,0,17,28,8367,110069,0,0,0,0,0,256058,3,0
0,0,0,0,41,28,8368,110069,0,0,0,0,0,73390,3,0
0,0,0,0,43,29,8369,110069,0,0,0,0,0,79463,3,0
0,0,0,0,31,29,8370,110069,0,0,0,0,0,277826,3,0
0,0,0,0,19,29,8371,110069,0,0,0,0,0,241070,4,0
0,0,0,0,29,29,8372,110069,0,0,0,0,0,74557,4,0
0,0,0,0,27,29,8373,110069,0,0,0,0,0,80625,3,0
1,0,0,1,7,29,8374,110069,0,0,0,0,0,78720,3,0
1,0,0,1,33,29,8375,110069,0,0,0,0,0,76501,3,0
0,0,0,0,15,29,8376,110069,0,0,0,0,0,71388,4,0
0,0,0,0,16,29,8377,110069,0,0,0,0,0,278126,3,0
0,0,0,0,44,29,8378,110069,0,0,0,0,0,76153,3,0
0,0,0,0,45,29,8379,110069,0,0,0,0,0,72177,3,0
0,0,0,0,1,0,8380,110711,0,0,0,0,0,278045,3,0
0,0,0,0,22,3,8381,110711,0,0,0,0,0,279926,3,0
0,0,0,0,15,4,8382,110711,0,0,0,0,0,79971,2,0
0,0,0,0,4,6,8383,110711,0,0,0,0,0,77528,3,0
2,0,0,1,3,7,8384,110711,0,0,0,0,0,74088,3,0
1,0,0,0,14,9,8385,110711,0,0,0,0,0,79187,2,0
2,0,0,1,8,11,8386,110711,0,0,0,0,0,79186,2,0
3,0,0,1,17,12,8387,110711,0,0,0,0,0,80720,3,0
0,0,0,0,9,16,8388,110711,0,0,0,0,0,80669,3,0
1,0,0,0,16,18,8389,110711,0,0,0,0,0,80668,2,0
9,0,0,1,18,25,8390,110711,0,0,0,0,0,80719,4,0
2,0,0,1,11,28,8391,110711,0,0,0,0,0,79189,3,0
1,0,0,0,19,28,8392,110711,0,0,0,0,0,77527,3,0
0,0,0,0,26,28,8393,110711,0,0,0,0,0,79188,3,0
0,0,0,0,27,28,8394,110711,0,0,0,0,0,79661,3,0
0,0,0,0,13,28,8395,110711,0,0,0,0,0,271920,3,0
0,0,0,0,33,28,8396,110711,0,0,0,0,0,80113,3,0
0,0,0,0,23,28,8397,110711,0,0,0,0,0,80667,3,0
1,0,0,0,6,28,8398,110711,0,0,0,0,0,277227,3,0
2,0,0,1,7,28,8399,110711,0,0,0,0,0,78014,3,0
0,0,0,0,2,28,8400,110711,0,0,0,0,0,70264,3,0
1,0,0,0,10,28,8401,110711,0,0,0,0,0,75936,3,0
0,0,0,0,31,28,8402,110711,0,0,0,0,0,81430,3,0
0,0,0,0,30,29,8403,110711,0,0,0,0,0,80712,3,0
0,0,0,0,41,29,8404,110711,0,0,0,0,0,83406,3,0
0,0,0,0,29,29,8405,110711,0,0,0,0,0,80717,3,0
0,0,0,0,34,29,8406,110711,0,0,0,0,0,81671,3,0
0,0,0,0,37,29,8407,110711,0,0,0,0,0,81670,3,0
0,0,0,0,39,29,8408,110711,0,0,0,0,0,82675,3,0
0,0,0,0,1,0,8409,110832,0,0,0,0,0,240311,3,0
1,0,0,0,28,3,8410,110832,0,0,0,0,0,74604,3,0
1,0,0,0,5,4,8411,110832,0,0,0,0,0,267717,3,0
0,0,0,0,24,6,8412,110832,0,0,0,0,0,264736,4,0
0,0,0,0,32,7,8413,110832,0,0,0,0,0,77530,3,0
2,0,0,1,7,23,8414,110832,0,0,0,0,0,247458,3,0
5,0,0,1,8,13,8415,110832,0,0,0,0,0,272904,3,0
2,0,0,1,4,14,8416,110832,0,0,0,0,0,229788,4,0
0,0,0,0,20,15,8417,110832,0,0,0,0,0,250881,2,0
4,0,0,1,11,27,8418,110832,0,0,0,0,0,231530,4,0
5,0,0,1,19,25,8419,110832,0,0,0,0,0,275415,3,0
0,0,0,0,10,28,8420,110832,0,0,0,0,0,262744,3,0
0,0,0,0,33,28,8421,110832,0,0,0,0,0,76417,3,0
0,0,0,0,41,28,8422,110832,0,0,0,0,0,83517,3,0
0,0,0,0,22,28,8423,110832,0,0,0,0,0,261153,3,0
0,0,0,0,13,28,8424,110832,0,0,0,0,0,277642,3,0
4,0,0,1,9,28,8425,110832,0,0,0,0,0,70333,2,0
0,0,0,0,26,28,8426,110832,0,0,0,0,0,72293,3,0
0,0,0,0,17,28,8427,110832,0,0,0,0,0,243571,3,0
1,0,0,0,21,28,8428,110832,0,0,0,0,0,70301,4,0
1,0,0,0,2,28,8429,110832,0,0,0,0,0,271439,3,0
0,0,0,0,3,28,8430,110832,0,0,0,0,0,275622,3,0
0,0,0,0,14,28,8431,110832,0,0,0,0,0,206545,3,0
0,0,0,0,23,29,8432,110832,0,0,0,0,0,268331,3,0
0,0,0,0,31,29,8433,110832,0,0,0,0,0,80706,3,0
0,0,0,0,30,29,8434,110832,0,0,0,0,0,76418,3,0
0,0,0,0,29,29,8435,110832,0,0,0,0,0,80708,3,0
0,0,0,0,34,29,8436,110832,0,0,0,0,0,75269,3,0
0,0,0,0,18,29,8437,110832,0,0,0,0,0,205551,3,0
0,0,0,0,36,29,8438,110832,0,0,0,0,0,81800,3,0
0,0,0,0,40,29,8439,110832,0,0,0,0,0,83386,3,0
0,0,0,0,27,29,8440,110832,0,0,0,0,0,80707,3,0
0,0,0,0,13,0,8441,110839,0,0,0,0,0,194934,3,0
0,0,0,0,2,3,8442,110839,0,0,0,0,0,276083,3,0
2,0,0,1,14,4,8443,110839,0,0,0,0,0,200519,3,0
1,0,0,1,4,6,8444,110839,0,0,0,0,0,278630,4,0
0,0,0,0,3,7,8445,110839,0,0,0,0,0,74591,3,0
2,0,0,1,23,9,8446,110839,0,0,0,0,0,190199,3,0
0,0,0,0,16,11,8447,110839,0,0,0,0,0,250992,3,0
1,0,0,1,21,12,8448,110839,0,0,0,0,0,238882,3,0
0,0,0,0,17,16,8449,110839,0,0,0,0,0,247089,3,0
0,0,0,0,20,18,8450,110839,0,0,0,0,0,193844,4,0
3,0,0,1,9,25,8451,110839,0,0,0,0,0,194879,3,0
0,0,0,0,8,28,8452,110839,0,0,0,0,0,278982,3,0
0,0,0,0,6,28,8453,110839,0,0,0,0,0,246617,3,0
1,0,0,1,11,28,8454,110839,0,0,0,0,0,231125,3,0
0,0,0,0,5,28,8455,110839,0,0,0,0,0,276866,3,0
0,0,0,0,1,28,8456,110839,0,0,0,0,0,228456,3,0
4,0,0,1,18,28,8457,110839,0,0,0,0,0,277425,3,0
0,0,0,0,31,28,8458,110839,0,0,0,0,0,273581,3,0
0,0,0,0,19,28,8459,110839,0,0,0,0,0,264555,3,0
0,0,0,0,10,28,8460,110839,0,0,0,0,0,247793,3,0
0,0,0,0,12,28,8461,110839,0,0,0,0,0,232132,3,0
0,0,0,0,15,28,8462,110839,0,0,0,0,0,262081,2,0
1,0,0,1,33,28,8463,110839,0,0,0,0,0,256604,3,0
0,0,0,0,30,29,8464,110839,0,0,0,0,0,79769,3,0
1,0,0,1,24,29,8465,110839,0,0,0,0,0,80661,3,0
1,0,0,1,7,29,8466,110839,0,0,0,0,0,245331,5,0
0,0,0,0,25,0,8467,114554,0,0,0,0,0,276198,4,0
0,0,0,0,17,3,8468,114554,0,0,0,0,0,241505,2,0
0,0,0,0,5,4,8469,114554,0,0,0,0,0,271955,3,0
2,0,0,1,4,6,8470,114554,0,0,0,0,0,79703,3,0
0,0,0,0,19,7,8471,114554,0,0,0,0,0,263006,3,0
1,0,0,0,15,23,8472,114554,0,0,0,0,0,279603,3,0
1,0,0,0,14,13,8473,114554,0,0,0,0,0,230134,3,0
0,0,0,0,10,14,8474,114554,0,0,0,0,0,277311,3,0
5,0,0,1,6,15,8475,114554,0,0,0,0,0,266100,4,0
5,0,0,1,29,27,8476,114554,0,0,0,0,0,75437,3,0
4,0,0,1,11,25,8477,114554,0,0,0,0,0,260044,2,0
3,0,0,1,9,28,8478,114554,0,0,0,0,0,254507,3,0
0,0,0,0,16,28,8479,114554,0,0,0,0,0,278758,3,0
0,0,0,0,24,28,8480,114554,0,0,0,0,0,263347,3,0
0,0,0,0,12,28,8481,114554,0,0,0,0,0,247500,2,0
0,0,0,0,13,28,8482,114554,0,0,0,0,0,265405,3,0
1,0,0,0,18,28,8483,114554,0,0,0,0,0,79752,3,0
0,0,0,0,20,28,8484,114554,0,0,0,0,0,245704,3,0
0,0,0,0,2,28,8485,114554,0,0,0,0,0,262498,3,0
0,0,0,0,23,28,8486,114554,0,0,0,0,0,228707,3,0
0,0,0,0,22,28,8487,114554,0,0,0,0,0,236393,3,0
1,0,0,0,7,28,8488,114554,0,0,0,0,0,274828,1,0
1,0,0,0,21,28,8489,114554,0,0,0,0,0,79751,3,0
0,0,0,0,8,29,8490,114554,0,0,0,0,0,279881,2,0
0,0,0,0,1,29,8491,114554,0,0,0,0,0,223558,3,0
1,0,0,0,3,29,8492,114554,0,0,0,0,0,273022,3,0
0,0,0,0,25,0,8493,319,0,0,0,0,0,275079,3,0
0,0,0,0,18,3,8494,319,0,0,0,0,0,271031,3,0
0,0,0,0,4,4,8495,319,0,0,0,0,0,74426,3,0
0,0,0,0,3,6,8496,319,0,0,0,0,0,238270,3,0
1,0,0,0,22,7,8497,319,0,0,0,0,0,71994,3,0
1,0,0,0,29,23,8498,319,0,0,0,0,0,269385,3,0
7,0,0,1,23,13,8499,319,0,0,0,0,1,277807,3,0
2,0,0,1,15,14,8500,319,0,0,0,0,0,258679,3,0
8,0,0,1,14,15,8501,319,0,0,0,0,1,228863,3,0
4,0,0,1,7,27,8502,319,0,0,0,0,0,74674,3,0
12,1,0,1,9,25,8503,319,0,0,0,0,0,256799,3,0
2,0,0,1,11,28,8504,319,1,0,0,0,1,275056,3,0
1,0,0,0,8,28,8505,319,1,0,0,0,1,259290,3,0
0,0,0,0,5,28,8506,319,0,0,0,0,0,222328,3,0
0,0,0,0,47,28,8507,319,0,0,0,0,0,82867,3,0
0,0,0,0,44,28,8508,319,0,0,0,0,0,222471,3,0
0,0,0,0,10,28,8509,319,0,0,0,0,0,235670,3,0
0,0,0,0,6,28,8510,319,0,0,0,0,0,210688,3,0
1,0,0,0,26,28,8511,319,0,0,0,0,1,71722,3,0
0,0,0,0,27,28,8512,319,0,0,0,0,0,77606,3,0
0,0,0,0,28,28,8513,319,0,0,0,0,0,265486,3,0
0,0,0,0,19,28,8514,319,0,0,0,0,0,243788,3,0
0,0,0,0,24,28,8515,319,0,0,0,0,0,271553,3,0
0,0,0,0,46,29,8516,319,0,0,0,0,0,272968,3,0
0,0,0,0,45,29,8517,319,0,0,0,0,0,238286,3,0
0,0,0,0,30,0,8518,320,0,0,0,0,0,207557,3,0
2,0,0,0,17,3,8519,320,0,0,0,0,0,193133,3,0
2,0,0,0,18,4,8520,320,0,0,0,0,0,194201,3,0
1,0,0,0,19,6,8521,320,0,0,0,0,0,243833,3,0
0,0,0,0,25,7,8522,320,0,0,0,0,0,273694,3,0
1,0,0,0,37,12,8523,320,0,0,0,0,0,277751,3,0
3,0,0,1,23,13,8524,320,0,0,0,0,0,248166,3,0
2,0,0,0,7,15,8525,320,0,0,0,0,0,265696,3,0
2,0,0,0,22,16,8526,320,0,0,0,0,0,260972,3,0
4,0,0,1,29,24,8527,320,1,0,0,0,1,226430,3,0
5,0,0,1,32,26,8528,320,1,0,0,0,1,275062,3,0
4,0,0,1,10,28,8529,320,0,0,0,0,0,199792,3,0
2,0,0,0,40,28,8530,320,0,0,0,0,0,71996,3,0
0,0,0,0,5,28,8531,320,0,0,0,0,0,79527,3,0
1,0,0,0,2,28,8532,320,0,0,0,0,0,257158,3,0
0,0,0,0,27,28,8533,320,0,0,0,0,0,164484,3,0
4,0,0,1,11,28,8534,320,0,0,0,0,0,271923,3,0
0,0,0,0,47,28,8535,320,0,0,0,0,0,83573,3,0
1,0,0,0,8,28,8536,320,0,0,0,0,0,238196,3,0
0,0,0,0,20,28,8537,320,0,0,0,0,0,239125,3,0
0,0,0,0,1,28,8538,320,0,0,0,0,0,242159,3,0
0,0,0,0,21,28,8539,320,0,0,0,0,0,220649,3,0
0,0,0,0,15,28,8540,320,0,0,0,0,0,270971,3,0
0,0,0,0,43,29,8541,320,0,0,0,0,0,76878,3,0
0,0,0,0,44,29,8542,320,0,0,0,0,0,78941,3,0
0,0,0,0,46,29,8543,320,0,0,0,0,0,82151,3,0
0,0,0,0,50,29,8544,320,0,0,0,0,0,71921,3,0
0,0,0,0,1,0,8545,321,0,0,0,0,0,242200,3,0
0,0,0,0,17,3,8546,321,0,0,0,0,0,256380,3,0
0,0,0,0,3,4,8547,321,0,0,0,0,0,259990,3,0
1,0,0,1,5,5,8548,321,0,0,0,0,0,212417,3,0
1,0,0,1,2,6,8549,321,0,0,0,0,0,71729,3,0
0,0,0,0,21,7,8550,321,0,0,0,0,0,187916,3,0
0,0,0,0,29,23,8551,321,0,0,0,0,0,76874,3,0
0,0,0,0,6,13,8552,321,0,0,0,0,0,204348,3,0
0,0,0,0,25,15,8553,321,0,0,0,0,0,262911,3,0
0,0,0,0,8,27,8554,321,0,0,0,0,0,266113,3,0
1,0,0,1,99,25,8555,321,0,0,0,0,0,270368,3,0
0,0,0,0,13,28,8556,321,0,0,0,0,0,70999,3,0
0,0,0,0,26,28,8557,321,0,0,0,0,0,76876,3,0
0,0,0,0,31,28,8558,321,0,0,0,0,0,77762,3,0
2,0,0,1,4,28,8559,321,0,0,0,0,0,76860,3,0
0,0,0,0,12,28,8560,321,0,0,0,0,0,227050,3,0
0,0,0,0,19,28,8561,321,0,0,0,0,0,77763,3,0
1,0,0,1,28,28,8562,321,0,0,0,0,0,78665,3,0
0,0,0,0,14,28,8563,321,0,0,0,0,0,209369,3,0
0,0,0,0,32,28,8564,321,0,0,0,0,0,81260,3,0
0,0,0,0,15,28,8565,321,0,0,0,0,0,273593,3,0
0,0,0,0,33,28,8566,321,0,0,0,0,0,78571,3,0
1,0,0,1,48,28,8567,321,0,0,0,0,0,260990,3,0
0,0,0,0,49,29,8568,321,0,0,0,0,0,73986,3,0
0,0,0,0,98,29,8569,321,0,0,0,0,0,209064,3,0
0,0,0,0,35,29,8570,321,0,0,0,0,0,76871,3,0
0,0,0,0,15,0,8571,433,0,0,0,0,0,192129,3,0
2,0,0,1,17,3,8572,433,0,0,0,0,0,225273,3,0
1,0,0,0,32,4,8573,433,0,0,0,0,0,244269,3,0
0,0,0,0,4,5,8574,433,0,0,0,0,0,226583,3,0
0,0,0,0,14,6,8575,433,0,0,0,0,0,272918,3,0
0,0,0,0,2,7,8576,433,0,0,0,0,0,262224,3,0
0,0,0,0,45,12,8577,433,0,0,0,0,0,272514,3,0
1,0,0,0,18,13,8578,433,0,0,0,0,0,273858,3,0
2,0,0,1,33,15,8579,433,0,0,0,0,0,272566,3,0
5,0,0,1,10,16,8580,433,0,0,0,0,0,220198,3,0
5,0,0,1,20,25,8581,433,0,0,0,0,2,79805,3,0
8,0,0,1,8,28,8582,433,0,0,0,0,2,234066,3,0
1,0,0,0,19,28,8583,433,0,0,0,0,0,276189,3,0
0,0,0,0,51,28,8584,433,0,0,0,0,0,251652,3,0
2,0,0,1,43,28,8585,433,0,0,0,0,0,272656,3,0
0,0,0,0,30,28,8586,433,0,0,0,0,0,228355,3,0
0,0,0,0,46,28,8587,433,0,0,0,0,0,79251,3,0
0,0,0,0,52,28,8588,433,0,0,0,0,0,253104,3,0
0,0,0,0,28,28,8589,433,0,0,0,0,0,72190,3,0
2,0,0,1,29,28,8590,433,0,0,0,0,0,79250,3,0
0,0,0,0,36,28,8591,433,0,0,0,0,0,80314,3,0
0,0,0,0,24,28,8592,433,0,0,0,0,0,76873,3,0
0,0,0,0,48,28,8593,433,0,0,0,0,0,81462,3,0
0,0,0,0,34,29,8594,433,0,0,0,0,0,79997,3,0
0,0,0,0,21,29,8595,433,0,0,0,0,0,74629,3,0
0,0,0,0,12,29,8596,433,0,0,0,0,0,76875,3,0
0,0,0,0,22,29,8597,433,0,0,0,0,0,80638,3,0
0,0,0,0,44,29,8598,433,0,0,0,0,0,81630,3,0
0,0,0,0,6,29,8599,433,0,0,0,0,0,240677,3,0
0,0,0,0,31,29,8600,433,0,0,0,0,0,71306,3,0
0,0,0,0,31,0,8601,700,0,0,0,0,0,236823,3,0
5,0,0,1,6,3,8602,700,0,0,0,0,0,246654,3,0
1,0,0,0,29,4,8603,700,0,0,0,0,0,272304,3,0
1,0,0,0,8,6,8604,700,0,0,0,0,0,209063,3,0
1,0,0,0,23,7,8605,700,0,0,0,0,0,192102,3,0
0,0,0,0,10,9,8606,700,0,0,0,0,0,236427,3,0
1,0,0,0,18,11,8607,700,0,0,0,0,0,70124,3,0
4,0,0,1,15,12,8608,700,0,0,0,0,0,209061,3,0
2,0,0,0,9,16,8609,700,0,0,0,0,0,221919,3,0
0,0,0,0,16,18,8610,700,0,0,0,0,0,77949,3,0
6,0,0,1,11,25,8611,700,0,0,0,0,0,254275,3,0
4,0,0,1,25,28,8612,700,0,0,0,0,0,77907,3,0
0,0,0,0,20,28,8613,700,0,0,0,0,0,275621,3,0
0,0,0,0,5,28,8614,700,0,0,0,0,0,265999,3,0
0,0,0,0,28,28,8615,700,0,0,0,0,0,74518,3,0
0,0,0,0,30,28,8616,700,0,0,0,0,0,211053,3,0
3,0,0,0,21,28,8617,700,0,0,0,0,0,74368,3,0
0,0,0,0,26,28,8618,700,0,0,0,0,0,71308,3,0
3,0,0,0,17,28,8619,700,0,0,0,0,0,209062,3,0
0,0,0,0,19,28,8620,700,0,0,0,0,0,235516,3,0
7,0,0,1,24,28,8621,700,0,0,0,0,0,266927,3,0
2,0,0,0,32,28,8622,700,0,0,0,0,0,75198,3,0
2,0,0,0,44,28,8623,700,0,0,0,0,0,244192,3,0
0,0,0,0,14,29,8624,700,0,0,0,0,0,276567,3,0
0,0,0,0,22,29,8625,700,0,0,0,0,0,270533,3,0
0,0,0,0,40,0,8626,702,0,0,0,0,0,275161,3,0
1,0,0,1,37,3,8627,702,0,0,0,0,0,279056,3,0
2,0,0,1,19,4,8628,702,0,0,0,0,0,231510,3,0
0,0,0,0,24,5,8629,702,0,0,0,0,0,266015,3,0
0,0,0,0,17,6,8630,702,0,0,0,0,0,81458,3,0
0,0,0,0,43,7,8631,702,0,0,0,0,0,160023,3,0
2,0,0,1,22,12,8632,702,0,0,0,0,1,245122,3,0
1,0,0,1,7,13,8633,702,0,0,0,0,0,213813,3,0
5,0,0,1,9,15,8634,702,0,0,0,0,0,211177,3,0
0,0,0,0,44,16,8635,702,0,0,0,0,0,160121,3,0
11,1,0,1,5,25,8636,702,0,0,0,0,1,202905,3,0
0,0,0,0,46,28,8637,702,0,0,0,0,0,159996,3,0
0,0,0,0,20,28,8638,702,0,0,0,0,0,77761,3,0
0,0,0,0,91,28,8639,702,0,0,0,0,0,202910,3,0
0,0,0,0,45,28,8640,702,0,0,0,0,0,81461,3,0
0,0,0,0,30,28,8641,702,0,0,0,0,0,75670,3,0
0,0,0,0,28,28,8642,702,0,0,0,0,0,74715,3,0
0,0,0,0,35,28,8643,702,0,0,0,0,0,273949,3,0
0,0,0,0,1,0,8644,708,0,0,0,0,0,222900,3,0
0,0,0,0,2,3,8645,708,0,0,0,0,0,71727,3,0
2,0,0,0,4,4,8646,708,0,0,0,0,0,266337,3,0
1,0,0,0,17,6,8647,708,0,0,0,0,0,258874,3,0
0,0,0,0,3,7,8648,708,0,0,0,0,0,243284,3,0
3,0,0,1,8,13,8649,708,0,0,0,0,0,275290,3,0
1,0,0,0,5,14,8650,708,0,0,0,0,0,227835,3,0
0,0,0,0,11,15,8651,708,0,0,0,0,0,223379,3,0
17,1,0,1,20,18,8652,708,0,0,0,1,1,197240,3,0
7,0,0,1,26,24,8653,708,0,0,0,0,0,264749,3,0
8,0,0,1,7,26,8654,708,2,0,0,0,3,256326,3,0
3,0,0,1,28,28,8655,708,1,0,0,0,1,270538,3,0
0,0,0,0,22,28,8656,708,0,0,0,0,0,225237,3,0
2,0,0,0,21,28,8657,708,0,0,0,0,0,243125,3,0
0,0,0,0,13,28,8658,708,0,0,0,0,0,76867,3,0
0,0,0,0,27,28,8659,708,0,0,0,0,0,256376,3,0
0,0,0,0,23,28,8660,708,0,0,0,0,0,279736,3,0
2,0,0,0,29,28,8661,708,0,0,0,0,0,76869,3,0
0,0,0,0,34,28,8662,708,0,0,0,0,0,75669,3,0
0,0,0,0,32,28,8663,708,0,0,0,0,0,77055,3,0
0,0,0,0,16,28,8664,708,0,0,0,0,0,262216,3,0
0,0,0,0,19,28,8665,708,0,0,0,0,0,272916,3,0
0,0,0,0,14,28,8666,708,0,0,0,0,0,246920,3,0
0,0,0,0,25,29,8667,708,0,0,0,0,0,75668,3,0
0,0,0,0,45,0,8668,710,0,0,0,0,0,240043,3,0
3,0,0,1,18,3,8669,710,1,0,0,0,1,242055,3,0
0,0,0,0,4,4,8670,710,0,0,0,0,0,213497,3,0
1,0,0,0,5,6,8671,710,0,0,0,0,0,254994,3,0
0,0,0,0,36,7,8672,710,0,0,0,0,0,72112,3,0
0,0,0,0,13,9,8673,710,0,0,0,0,0,266029,3,0
0,0,0,0,20,11,8674,710,0,0,0,0,0,76879,3,0
1,0,0,0,15,12,8675,710,0,0,0,0,0,260228,3,0
4,0,0,1,19,16,8676,710,0,0,0,0,1,234522,3,0
4,0,0,1,17,18,8677,710,0,0,0,0,1,236883,3,0
0,0,0,0,25,25,8678,710,0,0,0,0,0,278584,3,0
1,0,0,0,23,28,8679,710,0,0,0,0,0,271090,3,0
0,0,0,0,31,28,8680,710,0,0,0,0,0,78245,3,0
0,0,0,0,14,28,8681,710,0,0,0,0,0,242062,3,0
2,0,0,1,48,28,8682,710,0,0,0,0,0,256429,3,0
0,0,0,0,35,28,8683,710,0,0,0,0,0,221584,3,0
2,0,0,1,22,28,8684,710,1,0,0,0,2,70096,3,0
1,0,0,0,16,28,8685,710,0,0,0,0,0,79512,3,0
0,0,0,0,2,28,8686,710,0,0,0,0,0,223907,3,0
1,0,0,0,29,28,8687,710,0,0,0,0,0,74628,3,0
0,0,0,0,40,28,8688,710,0,0,0,0,0,77306,3,0
0,0,0,0,28,28,8689,710,0,0,0,0,0,278585,3,0
0,0,0,0,21,28,8690,710,0,0,0,0,0,274268,3,0
0,0,0,0,30,29,8691,710,0,0,0,0,0,207589,3,0
0,0,0,0,49,29,8692,710,0,0,0,0,0,256507,3,0
0,0,0,0,50,29,8693,710,0,0,0,0,0,70087,3,0
0,0,0,0,99,0,8694,711,0,0,0,0,0,189296,3,0
2,0,0,1,11,3,8695,711,0,0,0,0,0,70838,3,0
0,0,0,0,4,4,8696,711,0,0,0,0,0,242160,3,0
0,0,0,0,23,6,8697,711,0,0,0,0,0,79303,3,0
0,0,0,0,21,7,8698,711,0,0,0,0,0,220600,3,0
5,0,0,1,24,12,8699,711,0,0,0,0,0,242166,3,0
2,0,0,1,8,13,8700,711,0,0,0,0,0,70007,3,0
3,0,0,1,10,15,8701,711,0,0,0,0,0,234488,3,0
2,0,0,1,29,16,8702,711,0,0,0,0,0,277285,3,0
5,0,0,1,20,24,8703,711,0,0,0,0,1,79525,3,0
0,0,0,0,48,26,8704,711,0,0,0,0,0,272709,3,0
0,0,0,0,3,28,8705,711,0,0,0,0,0,200718,3,0
0,0,0,0,28,28,8706,711,0,0,0,0,0,75450,3,0
0,0,0,0,44,28,8707,711,0,0,0,0,0,77311,3,0
0,0,0,0,17,28,8708,711,0,0,0,0,0,271415,3,0
0,0,0,0,1,28,8709,711,0,0,0,0,0,207926,3,0
0,0,0,0,42,28,8710,711,0,0,0,0,0,78065,3,0
1,0,0,0,16,28,8711,711,0,0,0,0,0,274406,3,0
0,0,0,0,27,28,8712,711,0,0,0,0,0,80635,3,0
0,0,0,0,18,28,8713,711,0,0,0,0,0,272967,3,0
0,0,0,0,77,28,8714,711,0,0,0,0,0,219957,3,0
1,0,0,0,7,28,8715,711,0,0,0,0,0,269398,3,0
0,0,0,0,5,28,8716,711,0,0,0,0,0,224793,3,0
0,0,0,0,25,29,8717,711,0,0,0,0,0,80316,3,0
0,0,0,0,6,29,8718,711,0,0,0,0,0,234291,3,0
0,0,0,0,45,29,8719,711,0,0,0,0,0,71836,3,0
0,0,0,0,33,29,8720,711,0,0,0,0,0,81614,3,0
0,0,0,0,98,29,8721,711,0,0,0,0,0,75665,3,0
0,0,0,0,32,0,8722,1870,0,0,0,0,0,76664,3,0
0,0,0,0,3,3,8723,1870,0,0,0,0,0,70577,3,0
2,0,0,1,5,4,8724,1870,0,0,0,0,0,76666,3,0
2,0,0,1,15,6,8725,1870,0,0,0,0,0,261606,3,0
1,0,0,0,14,7,8726,1870,0,0,0,0,0,260727,3,0
2,0,0,1,10,23,8727,1870,0,0,0,0,0,266430,3,0
2,0,0,1,26,13,8728,1870,0,0,0,0,0,234982,3,0
0,0,0,0,8,14,8729,1870,0,0,0,0,0,73051,3,0
0,0,0,0,6,15,8730,1870,0,0,0,0,0,261100,3,0
2,0,0,1,23,27,8731,1870,0,0,0,0,0,229620,3,0
0,0,0,0,29,25,8732,1870,0,0,0,0,0,202925,3,0
0,0,0,0,34,28,8733,1870,0,0,0,0,0,271494,3,0
1,0,0,0,9,28,8734,1870,0,0,0,0,0,76676,3,0
0,0,0,0,2,28,8735,1870,0,0,0,0,0,259920,3,0
1,0,0,0,21,28,8736,1870,0,0,0,0,0,76667,3,0
0,0,0,0,45,28,8737,1870,0,0,0,0,0,160020,3,0
1,0,0,0,19,28,8738,1870,0,0,0,0,0,76865,3,0
0,0,0,0,16,28,8739,1870,0,0,0,0,0,76670,3,0
0,0,0,0,4,28,8740,1870,0,0,0,0,0,232170,3,0
0,0,0,0,1,0,8741,111594,0,0,0,0,0,260194,3,0
0,0,0,0,6,3,8742,111594,0,0,0,0,0,70108,3,0
2,0,0,1,12,4,8743,111594,0,0,0,0,0,70104,3,0
1,0,0,0,4,6,8744,111594,0,0,0,0,0,267790,3,0
1,0,0,0,2,7,8745,111594,0,0,0,0,0,76858,3,0
2,0,0,1,9,23,8746,111594,0,0,0,0,0,70129,3,0
0,0,0,0,8,13,8747,111594,0,0,0,0,0,70111,3,0
2,0,0,1,18,14,8748,111594,0,0,0,0,0,261099,3,0
0,0,0,0,7,15,8749,111594,0,0,0,0,0,70109,3,0
4,0,0,1,16,27,8750,111594,0,0,0,0,1,75790,3,0
0,0,0,0,28,25,8751,111594,0,0,0,0,0,241413,3,0
2,0,0,1,11,28,8752,111594,0,0,0,0,0,266175,3,0
0,0,0,0,17,28,8753,111594,0,0,0,0,0,76880,3,0
0,0,0,0,5,28,8754,111594,0,0,0,0,0,70107,3,0
0,0,0,0,24,28,8755,111594,0,0,0,0,0,70105,3,0
0,0,0,0,13,28,8756,111594,0,0,0,0,0,275011,3,0
0,0,0,0,48,28,8757,111594,0,0,0,0,0,77074,3,0
1,0,0,0,25,28,8758,111594,0,0,0,0,0,200253,3,0
0,0,0,0,22,28,8759,111594,0,0,0,0,0,70103,3,0
0,0,0,0,29,28,8760,111594,0,0,0,0,0,76872,3,0
0,0,0,0,49,28,8761,111594,0,0,0,0,0,272501,3,0
0,0,0,0,21,28,8762,111594,0,0,0,0,0,80763,3,0
0,0,0,0,27,28,8763,111594,0,0,0,0,0,70312,3,0
0,0,0,0,31,29,8764,111594,0,0,0,0,0,75570,3,0
0,0,0,0,30,29,8765,111594,0,0,0,0,0,77294,3,0
0,0,0,0,40,0,8766,111705,0,0,0,0,0,74621,3,0
4,0,0,1,21,3,8767,111705,1,0,0,0,1,255700,3,0
1,0,0,1,2,4,8768,111705,0,0,0,0,0,70295,3,0
0,0,0,0,32,6,8769,111705,0,0,0,0,0,76521,3,0
0,0,0,0,6,7,8770,111705,0,0,0,0,0,261098,3,0
3,0,0,1,17,12,8771,111705,0,0,0,0,0,272952,3,0
0,0,0,0,24,13,8772,111705,0,0,0,0,0,239084,3,0
0,0,0,0,5,15,8773,111705,0,0,0,0,0,213498,3,0
10,1,0,1,7,16,8774,111705,0,0,0,0,0,263761,3,0
0,0,0,0,14,24,8775,111705,0,0,0,0,0,72085,3,0
0,0,0,0,30,26,8776,111705,0,0,0,0,0,73364,3,0
0,0,0,0,20,28,8777,111705,0,0,0,0,0,74478,3,0
0,0,0,0,48,28,8778,111705,0,0,0,0,0,228325,3,0
0,0,0,0,12,28,8779,111705,0,0,0,0,0,75661,3,0
1,0,0,1,27,28,8780,111705,0,0,0,0,0,271496,3,0
0,0,0,0,25,28,8781,111705,0,0,0,0,0,202079,3,0
0,0,0,0,11,28,8782,111705,0,0,0,0,0,267412,3,0
0,0,0,0,33,28,8783,111705,0,0,0,0,0,76522,3,0
0,0,0,0,29,28,8784,111705,0,0,0,0,0,72405,3,0
0,0,0,0,39,28,8785,111705,0,0,0,0,0,192126,3,0
0,0,0,0,1,28,8786,111705,0,0,0,0,0,81678,3,0
0,0,0,0,18,28,8787,111705,0,0,0,0,0,79137,3,0
0,0,0,0,34,28,8788,111705,0,0,0,0,0,78029,3,0
0,0,0,0,37,29,8789,111705,0,0,0,0,0,81509,3,0
0,0,0,0,8,29,8790,111705,0,0,0,0,0,78723,3,0
0,0,0,0,35,29,8791,111705,0,0,0,0,0,81460,3,0
0,0,0,0,42,29,8792,111705,0,0,0,0,0,82869,3,0
0,0,0,0,15,29,8793,111705,0,0,0,0,0,77693,3,0
0,0,0,0,36,29,8794,111705,0,0,0,0,0,81463,3,0
0,0,0,0,35,0,8795,112072,0,0,0,0,0,203172,3,0
0,0,0,0,5,4,8796,112072,0,0,0,0,0,74324,3,0
2,0,0,0,4,5,8797,112072,0,0,0,0,0,258517,3,0
6,0,0,1,24,6,8798,112072,0,0,0,0,1,208432,3,0
3,0,0,0,7,23,8799,112072,0,0,0,0,1,254469,3,0
7,0,0,1,14,12,8800,112072,0,0,0,0,0,261028,3,0
3,0,0,0,6,13,8801,112072,0,0,0,0,0,272920,3,0
0,0,0,0,22,15,8802,112072,0,0,0,0,0,219865,3,0
9,0,0,1,17,16,8803,112072,0,0,0,0,3,272712,3,0
7,0,0,1,19,27,8804,112072,0,0,0,0,0,70902,3,0
5,0,0,0,18,25,8805,112072,0,0,0,0,1,253013,3,0
0,0,0,0,10,28,8806,112072,0,0,0,0,0,256748,3,0
0,0,0,0,15,28,8807,112072,0,0,0,0,0,275295,3,0
1,0,0,0,11,28,8808,112072,0,0,0,0,0,241960,3,0
0,0,0,0,39,28,8809,112072,0,0,0,0,0,75671,3,0
0,0,0,0,48,28,8810,112072,0,0,0,0,0,76663,3,0
6,0,0,1,16,28,8811,112072,1,0,0,0,2,255483,3,0
0,0,0,0,33,28,8812,112072,0,0,0,0,0,70918,3,0
0,0,0,0,2,28,8813,112072,0,0,0,0,0,256428,3,0
0,0,0,0,3,28,8814,112072,0,0,0,0,0,79504,3,0
1,0,0,0,27,28,8815,112072,0,0,0,0,0,72048,3,0
0,0,0,0,21,28,8816,112072,0,0,0,0,0,254518,3,0
0,0,0,0,9,28,8817,112072,0,0,0,0,0,268343,3,0
0,0,0,0,23,29,8818,112072,0,0,0,0,0,78066,3,0
0,0,0,0,20,29,8819,112072,0,0,0,0,0,76868,3,0
0,0,0,0,30,29,8820,112072,0,0,0,0,0,268938,3,0
5,0,0,0,49,29,8821,112072,0,0,0,0,0,272959,3,0
0,0,0,0,50,29,8822,112072,0,0,0,0,0,82524,3,0
0,0,0,0,1,0,8823,112126,0,0,0,0,0,225766,3,0
0,0,0,0,2,3,8824,112126,0,0,0,0,0,71046,3,0
1,0,0,1,6,4,8825,112126,0,0,0,0,0,241578,3,0
0,0,0,0,27,6,8826,112126,0,0,0,0,0,79571,3,0
0,0,0,0,3,7,8827,112126,0,0,0,0,0,242658,3,0
1,0,0,1,7,23,8828,112126,0,0,0,0,0,231190,3,0
0,0,0,0,21,13,8829,112126,0,0,0,0,0,256819,3,0
1,0,0,1,22,14,8830,112126,0,0,0,0,0,201965,3,0
0,0,0,0,16,15,8831,112126,0,0,0,0,0,73255,3,0
0,0,0,0,44,27,8832,112126,0,0,0,0,0,160210,3,0
4,0,0,1,14,25,8833,112126,0,0,0,0,0,206147,3,0
4,0,0,1,9,28,8834,112126,0,0,0,0,0,258032,3,0
0,0,0,0,45,28,8835,112126,0,0,0,0,0,160115,3,0
0,0,0,0,19,28,8836,112126,0,0,0,0,0,80079,3,0
0,0,0,0,32,28,8837,112126,0,0,0,0,0,82201,3,0
0,0,0,0,39,28,8838,112126,0,0,0,0,0,270575,3,0
0,0,0,0,46,28,8839,112126,0,0,0,0,0,160205,3,0
0,0,0,0,47,28,8840,112126,0,0,0,0,0,159954,3,0
0,0,0,0,34,0,8841,113458,0,0,0,0,0,71223,3,0
1,0,0,0,2,3,8842,113458,0,0,0,0,1,227837,3,0
0,0,0,0,15,4,8843,113458,0,0,0,0,0,208111,3,0
2,0,0,1,4,6,8844,113458,1,0,0,0,1,260555,3,0
1,0,0,0,22,7,8845,113458,0,0,0,0,0,235884,3,0
4,0,0,1,7,12,8846,113458,0,0,0,0,1,253980,3,0
0,0,0,0,10,13,8847,113458,0,0,0,0,0,274133,3,0
1,0,0,0,17,15,8848,113458,0,0,0,0,0,275741,3,0
7,0,0,1,29,16,8849,113458,0,0,0,0,1,270560,3,0
0,0,0,0,8,18,8850,113458,0,0,0,0,0,81459,3,0
11,1,0,1,9,25,8851,113458,0,0,0,0,0,257853,3,0
1,0,0,0,19,28,8852,113458,0,0,0,0,0,260193,3,0
1,0,0,0,27,28,8853,113458,1,0,0,0,1,80226,3,0
1,0,0,0,21,28,8854,113458,0,0,0,0,0,231500,3,0
0,0,0,0,3,28,8855,113458,0,0,0,0,0,255154,3,0
0,0,0,0,1,28,8856,113458,0,0,0,0,0,259918,3,0
0,0,0,0,23,28,8857,113458,0,0,0,0,0,79206,3,0
0,0,0,0,36,28,8858,113458,0,0,0,0,0,276375,3,0
1,0,0,0,24,28,8859,113458,0,0,0,0,0,78042,3,0
2,0,0,1,33,28,8860,113458,0,0,0,0,0,74396,3,0
0,0,0,0,20,28,8861,113458,0,0,0,0,0,71726,3,0
0,0,0,0,48,28,8862,113458,0,0,0,0,0,79808,3,0
0,0,0,0,16,28,8863,113458,0,0,0,0,0,263186,3,0
0,0,0,0,6,29,8864,113458,0,0,0,0,0,269822,3,0
0,0,0,0,47,29,8865,113458,0,0,0,0,0,78939,3,0
0,0,0,0,12,29,8866,113458,0,0,0,0,0,77309,3,0
0,0,0,0,26,29,8867,113458,0,0,0,0,0,71724,3,0
0,0,0,0,26,0,8868,113892,0,0,0,0,0,242105,3,0
1,0,0,0,6,3,8869,113892,0,0,0,0,0,232062,3,0
0,0,0,0,7,4,8870,113892,0,0,0,0,0,222145,3,0
1,0,0,0,5,6,8871,113892,0,0,0,0,0,76870,3,0
1,0,0,0,39,7,8872,113892,0,0,0,0,0,80494,3,0
2,0,0,1,16,12,8873,113892,0,0,0,0,0,212165,3,0
2,0,0,1,8,13,8874,113892,1,0,0,0,1,254637,3,0
0,0,0,0,11,15,8875,113892,0,0,0,0,0,226633,3,0
7,0,0,1,10,16,8876,113892,1,0,0,0,1,276566,3,0
1,0,0,0,17,24,8877,113892,0,0,0,0,1,257220,3,0
5,0,0,1,22,26,8878,113892,1,0,0,0,1,266651,3,0
0,0,0,0,18,28,8879,113892,0,0,0,0,0,76659,3,0
0,0,0,0,2,28,8880,113892,0,0,0,0,0,247034,3,0
0,0,0,0,12,28,8881,113892,0,0,0,0,0,227836,3,0
0,0,0,0,15,28,8882,113892,0,0,0,0,0,263733,3,0
0,0,0,0,1,28,8883,113892,0,0,0,0,0,247033,3,0
2,0,0,1,20,28,8884,113892,0,0,0,0,2,76859,3,0
0,0,0,0,27,28,8885,113892,0,0,0,0,0,77353,3,0
0,0,0,0,48,28,8886,113892,0,0,0,0,0,242393,3,0
0,0,0,0,9,28,8887,113892,0,0,0,0,0,76661,3,0
0,0,0,0,25,28,8888,113892,0,0,0,0,0,76657,3,0
0,0,0,0,23,28,8889,113892,0,0,0,0,0,273087,3,0
0,0,0,0,50,28,8890,113892,0,0,0,0,0,273596,3,0
0,0,0,0,51,29,8891,113892,0,0,0,0,0,82887,3,0
0,0,0,0,1,0,8892,4,0,0,0,0,0,202125,3,0
0,0,0,0,29,3,8893,4,0,0,0,0,0,200778,3,0
1,0,0,0,18,4,8894,4,0,0,0,0,0,239540,5,0
0,0,0,0,6,6,8895,4,0,0,0,0,0,240912,5,0
0,0,0,0,25,7,8896,4,0,0,0,0,0,265700,3,0
3,0,0,1,8,9,8897,4,0,0,0,0,0,212366,3,0
1,0,0,0,4,11,8898,4,0,0,0,0,0,271668,3,0
6,0,0,1,19,12,8899,4,0,0,0,0,0,271743,3,0
0,0,0,0,20,16,8900,4,0,0,0,0,0,268927,3,0
1,0,0,0,45,18,8901,4,0,0,0,0,0,238368,3,0
8,0,0,1,48,25,8902,4,0,0,0,0,0,265777,3,0
0,0,0,0,9,28,8903,4,0,0,0,0,0,260951,3,0
0,0,0,0,21,28,8904,4,0,0,0,0,0,244565,5,0
1,0,0,0,14,28,8905,4,0,0,0,0,0,233442,3,0
0,0,0,0,3,28,8906,4,0,0,0,0,0,244240,5,0
0,0,0,0,23,28,8907,4,0,0,0,0,0,246166,3,0
2,0,0,0,24,28,8908,4,0,0,0,0,0,241523,3,0
4,0,0,1,11,28,8909,4,0,0,0,0,0,277986,3,0
1,0,0,0,35,28,8910,4,0,0,0,0,0,230864,5,0
0,0,0,0,15,28,8911,4,0,0,0,0,0,259507,3,0
0,0,0,0,27,28,8912,4,0,0,0,0,0,275348,3,0
5,0,0,1,10,28,8913,4,0,0,0,0,0,236528,4,0
3,0,0,1,22,28,8914,4,0,0,0,0,0,221705,5,0
0,0,0,0,5,29,8915,4,0,0,0,0,0,252878,3,0
0,0,0,0,13,29,8916,4,0,0,0,0,0,266842,3,0
0,0,0,0,26,29,8917,4,0,0,0,0,0,270118,3,0
0,0,0,0,54,29,8918,4,0,0,0,0,0,78298,3,0
0,0,0,0,1,0,8919,142,0,0,0,0,0,204269,3,0
0,0,0,0,2,3,8920,142,0,0,0,0,0,228368,3,0
1,0,0,0,5,4,8921,142,0,0,0,0,0,208014,3,0
1,0,0,0,6,6,8922,142,0,0,0,0,0,257698,3,0
0,0,0,0,3,7,8923,142,0,0,0,0,0,270748,3,0
11,0,0,1,4,9,8924,142,0,0,0,0,0,243613,5,0
0,0,0,0,8,11,8925,142,0,0,0,0,0,260403,3,0
6,0,0,1,7,12,8926,142,0,0,0,0,0,235915,4,0
3,0,0,1,11,16,8927,142,0,0,0,0,0,240813,3,0
2,0,0,0,15,18,8928,142,0,0,0,0,0,234497,3,0
3,0,0,1,14,25,8929,142,0,0,0,0,0,163050,3,0
1,0,0,0,17,28,8930,142,0,0,0,0,0,232519,3,0
0,0,0,0,22,28,8931,142,0,0,0,0,0,246874,4,0
0,0,0,0,23,28,8932,142,0,0,0,0,0,230149,2,0
0,0,0,0,16,28,8933,142,0,0,0,0,0,263329,3,0
0,0,0,0,29,28,8934,142,0,0,0,0,0,271333,2,0
3,0,0,1,9,28,8935,142,0,0,0,0,0,230897,3,0
1,0,0,0,33,28,8936,142,0,0,0,0,0,222937,3,0
0,0,0,0,18,28,8937,142,0,0,0,0,0,210108,4,0
0,0,0,0,47,28,8938,142,0,0,0,0,0,212513,3,0
2,0,0,0,19,28,8939,142,0,0,0,0,0,74635,3,0
1,0,0,0,12,28,8940,142,0,0,0,0,0,204870,3,0
0,0,0,0,27,28,8941,142,0,0,0,0,0,261988,3,0
0,0,0,0,20,29,8942,142,0,0,0,0,0,270593,3,0
0,0,0,0,32,29,8943,142,0,0,0,0,0,274479,3,0
0,0,0,0,1,0,8944,143,0,0,0,0,0,271191,1,0
2,0,0,1,26,4,8945,143,0,0,0,0,0,207646,1,0
1,0,0,0,5,5,8946,143,0,0,0,0,0,231139,2,0
0,0,0,0,4,6,8947,143,0,0,0,0,0,263901,3,0
1,0,0,0,14,12,8948,143,0,0,0,0,0,258953,1,0
1,0,0,0,2,13,8949,143,0,0,0,0,0,226561,3,0
1,0,0,0,6,15,8950,143,0,0,0,0,0,258724,1,0
0,0,0,0,21,16,8951,143,0,0,0,0,0,190620,3,0
1,0,0,0,10,17,8952,143,0,0,0,0,0,234099,3,0
4,0,0,1,12,19,8953,143,0,0,0,0,0,233115,2,0
10,0,0,1,9,25,8954,143,0,0,0,0,0,271666,1,0
0,0,0,0,8,28,8955,143,0,0,0,0,0,241711,3,0
0,0,0,0,31,28,8956,143,0,0,0,0,0,240603,2,0
0,0,0,0,15,28,8957,143,0,0,0,0,0,277272,3,0
0,0,0,0,3,28,8958,143,0,0,0,0,0,246249,3,0
0,0,0,0,23,28,8959,143,0,0,0,0,0,258943,3,0
4,0,0,1,27,28,8960,143,0,0,0,0,0,186562,3,0
1,0,0,0,19,28,8961,143,0,0,0,0,0,264478,3,0
1,0,0,0,7,28,8962,143,0,0,0,0,0,244559,2,0
2,0,0,1,28,28,8963,143,0,0,0,0,0,74904,3,0
1,0,0,0,17,28,8964,143,0,0,0,0,0,278925,3,0
1,0,0,0,29,28,8965,143,0,0,0,0,0,175314,3,0
1,0,0,0,20,28,8966,143,0,0,0,0,0,271430,1,0
0,0,0,0,11,29,8967,143,0,0,0,0,0,77391,3,0
0,0,0,0,33,29,8968,143,0,0,0,0,0,74169,3,0
0,0,0,0,41,29,8969,143,0,0,0,0,0,271963,3,0
0,0,0,0,34,29,8970,143,0,0,0,0,0,74525,3,0
0,0,0,0,42,29,8971,143,0,0,0,0,0,80232,3,0
0,0,0,0,40,29,8972,143,0,0,0,0,0,272347,3,0
0,0,0,0,45,29,8973,143,0,0,0,0,0,74164,3,0
0,0,0,0,32,29,8974,143,0,0,0,0,0,78401,3,0
0,0,0,0,1,0,8975,149,0,0,0,0,0,258792,3,0
3,0,0,0,2,3,8976,149,0,0,0,0,0,200309,4,0
1,0,0,0,22,4,8977,149,0,0,0,0,0,243252,5,0
3,0,0,0,15,6,8978,149,0,0,0,0,0,203749,4,0
4,0,0,1,3,7,8979,149,0,0,0,0,0,204215,5,0
0,0,0,0,14,9,8980,149,0,0,0,0,0,225279,5,0
2,0,0,0,8,11,8981,149,0,0,0,0,0,239553,3,0
4,0,0,1,17,12,8982,149,0,0,0,0,0,260723,3,0
6,0,0,1,7,16,8983,149,0,0,0,0,0,237204,3,0
6,0,0,1,34,18,8984,149,0,0,0,0,0,262170,3,0
4,0,0,1,9,25,8985,149,0,0,0,0,0,194018,3,0
3,0,0,0,18,28,8986,149,0,0,0,0,0,239799,3,0
0,0,0,0,24,28,8987,149,0,0,0,0,0,80781,5,0
0,0,0,0,6,28,8988,149,0,0,0,0,0,258616,3,0
0,0,0,0,5,28,8989,149,0,0,0,0,0,204219,3,0
0,0,0,0,13,28,8990,149,0,0,0,0,0,250865,3,0
0,0,0,0,12,28,8991,149,0,0,0,0,0,258717,3,0
5,0,0,1,10,28,8992,149,0,0,0,0,0,261861,5,0
0,0,0,0,16,28,8993,149,0,0,0,0,0,262879,3,0
0,0,0,0,19,28,8994,149,0,0,0,0,0,262290,3,0
0,0,0,0,26,28,8995,149,0,0,0,0,0,276438,3,0
0,0,0,0,25,28,8996,149,0,0,0,0,0,264334,3,0
0,0,0,0,11,28,8997,149,0,0,0,0,0,274742,3,0
0,0,0,0,23,29,8998,149,0,0,0,0,0,252754,3,0
0,0,0,0,20,29,8999,149,0,0,0,0,0,278896,3,0
0,0,0,0,21,29,9000,149,0,0,0,0,0,245335,3,0
0,0,0,0,39,29,9001,149,0,0,0,0,0,279195,3,0
0,0,0,0,1,0,9002,361,0,0,0,0,0,268583,1,0
1,0,0,0,2,3,9003,361,0,0,0,0,0,235773,3,0
1,0,0,0,15,4,9004,361,0,0,0,0,0,228997,3,0
1,0,0,0,5,6,9005,361,0,0,0,0,0,200731,1,0
2,0,0,1,16,7,9006,361,0,0,0,0,0,237175,2,0
0,0,0,0,4,9,9007,361,0,0,0,0,0,213665,3,0
3,0,0,1,18,11,9008,361,0,0,0,0,0,245903,3,0
0,0,0,0,30,12,9009,361,0,0,0,0,0,234241,3,0
1,0,0,0,44,16,9010,361,0,0,0,0,0,243845,4,0
3,0,0,1,10,18,9011,361,0,0,0,0,0,238059,2,0
8,0,0,1,19,25,9012,361,0,0,0,0,0,205255,3,0
0,0,0,0,8,28,9013,361,0,0,0,0,0,250823,2,0
2,0,0,1,11,28,9014,361,0,0,0,0,0,206558,2,0
1,0,0,0,6,28,9015,361,0,0,0,0,0,211217,2,0
0,0,0,0,3,28,9016,361,0,0,0,0,0,209315,3,0
0,0,0,0,13,28,9017,361,0,0,0,0,0,241525,3,0
0,0,0,0,7,28,9018,361,0,0,0,0,0,216155,3,0
4,0,0,1,20,28,9019,361,0,0,0,0,0,254113,3,0
1,0,0,0,23,28,9020,361,0,0,0,0,0,206562,3,0
0,0,0,0,17,28,9021,361,0,0,0,0,0,270455,3,0
0,0,0,0,14,28,9022,361,0,0,0,0,0,270376,2,0
1,0,0,0,9,28,9023,361,0,0,0,0,0,248740,3,0
0,0,0,0,22,28,9024,361,0,0,0,0,0,71166,3,0
0,0,0,0,12,29,9025,361,0,0,0,0,0,256164,3,0
0,0,0,0,21,29,9026,361,0,0,0,0,0,76986,3,0
0,0,0,0,50,29,9027,361,0,0,0,0,0,279183,3,0
0,0,0,0,32,29,9028,361,0,0,0,0,0,78304,3,0
0,0,0,0,1,0,9029,1793,0,0,0,0,0,212710,5,0
0,0,0,0,17,3,9030,1793,0,0,0,0,0,208052,3,0
0,0,0,0,12,4,9031,1793,0,0,0,0,0,266873,3,0
1,0,0,0,15,6,9032,1793,0,0,0,0,0,228106,5,0
0,0,0,0,3,7,9033,1793,0,0,0,0,0,256555,5,0
8,0,0,1,10,9,9034,1793,0,0,0,0,0,238839,5,0
2,0,0,0,8,11,9035,1793,0,0,0,0,0,265789,2,0
0,0,0,0,30,12,9036,1793,0,0,0,0,0,186395,3,0
3,0,0,1,11,16,9037,1793,0,0,0,0,0,268267,3,0
3,0,0,1,29,18,9038,1793,0,0,0,0,0,277922,4,0
11,0,0,1,7,25,9039,1793,0,0,0,0,0,214876,5,0
1,0,0,0,21,28,9040,1793,0,0,0,0,0,231951,3,0
1,0,0,0,6,28,9041,1793,0,0,0,0,0,242643,3,0
0,0,0,0,33,28,9042,1793,0,0,0,0,0,203398,3,0
0,0,0,0,2,28,9043,1793,0,0,0,0,0,265645,3,0
0,0,0,0,25,28,9044,1793,0,0,0,0,0,225342,3,0
3,0,0,1,9,28,9045,1793,0,0,0,0,0,263101,3,0
0,0,0,0,20,28,9046,1793,0,0,0,0,0,272862,3,0
1,0,0,0,28,28,9047,1793,0,0,0,0,0,260401,3,0
1,0,0,0,5,28,9048,1793,0,0,0,0,0,258931,3,0
2,0,0,0,27,28,9049,1793,0,0,0,0,0,201911,4,0
0,0,0,0,24,28,9050,1793,0,0,0,0,0,228684,2,0
0,0,0,0,39,28,9051,1793,0,0,0,0,0,75485,3,0
0,0,0,0,18,29,9052,1793,0,0,0,0,0,228517,3,0
0,0,0,0,4,29,9053,1793,0,0,0,0,0,277897,3,0
1,0,0,0,32,29,9054,1793,0,0,0,0,0,264644,2,0
0,0,0,0,16,29,9055,1793,0,0,0,0,0,274404,3,0
0,0,0,0,22,29,9056,1793,0,0,0,0,0,263796,3,0
0,0,0,0,14,29,9057,1793,0,0,0,0,0,253106,3,0
0,0,0,0,36,29,9058,1793,0,0,0,0,0,267883,3,0
0,0,0,0,43,29,9059,1793,0,0,0,0,0,80442,3,0
0,0,0,0,19,29,9060,1793,0,0,0,0,0,274348,3,0
0,0,0,0,47,29,9061,1793,0,0,0,0,0,75407,3,0
0,0,0,0,48,29,9062,1793,0,0,0,0,0,75323,3,0
0,0,0,0,1,0,9063,1797,0,0,0,0,0,214088,3,0
3,0,0,1,22,3,9064,1797,0,0,0,0,0,251830,3,0
1,0,0,0,15,4,9065,1797,0,0,0,0,0,261640,5,0
1,0,0,0,26,5,9066,1797,0,0,0,0,0,277613,3,0
1,0,0,0,6,6,9067,1797,0,0,0,0,0,211514,5,0
0,0,0,0,7,7,9068,1797,0,0,0,0,0,228153,5,0
0,0,0,0,44,10,9069,1797,0,0,0,0,0,268443,3,0
2,0,0,1,8,13,9070,1797,0,0,0,0,0,275763,4,0
2,0,0,1,17,15,9071,1797,0,0,0,0,0,227881,5,0
6,0,0,1,10,24,9072,1797,0,0,0,0,0,235742,3,0
2,0,0,1,24,26,9073,1797,0,0,0,0,0,78258,4,0
0,0,0,0,25,28,9074,1797,0,0,0,0,0,216268,3,0
1,0,0,0,11,28,9075,1797,0,0,0,0,0,264221,3,0
2,0,0,1,2,28,9076,1797,0,0,0,0,0,210029,5,0
1,0,0,0,3,28,9077,1797,0,0,0,0,0,230839,5,0
0,0,0,0,13,28,9078,1797,0,0,0,0,0,263907,3,0
2,0,0,1,9,28,9079,1797,0,0,0,0,0,220862,3,0
2,0,0,1,19,28,9080,1797,0,0,0,0,0,247140,3,0
0,0,0,0,4,28,9081,1797,0,0,0,0,0,186449,3,0
0,0,0,0,14,28,9082,1797,0,0,0,0,0,73524,3,0
0,0,0,0,16,28,9083,1797,0,0,0,0,0,240611,3,0
1,0,0,0,20,28,9084,1797,0,0,0,0,0,272456,3,0
0,0,0,0,23,28,9085,1797,0,0,0,0,0,73910,3,0
0,0,0,0,29,29,9086,1797,0,0,0,0,0,271808,3,0
0,0,0,0,28,29,9087,1797,0,0,0,0,0,74860,3,0
0,0,0,0,21,29,9088,1797,0,0,0,0,0,240967,3,0
0,0,0,0,30,29,9089,1797,0,0,0,0,0,278125,3,0
0,0,0,0,18,29,9090,1797,0,0,0,0,0,79718,3,0
0,0,0,0,35,29,9091,1797,0,0,0,0,0,273979,3,0
0,0,0,0,27,29,9092,1797,0,0,0,0,0,70432,3,0
0,0,0,0,39,29,9093,1797,0,0,0,0,0,77392,3,0
0,0,0,0,37,29,9094,1797,0,0,0,0,0,78242,3,0
0,0,0,0,38,29,9095,1797,0,0,0,0,0,78074,3,0
0,0,0,0,42,29,9096,1797,0,0,0,0,0,80294,3,0
0,0,0,0,1,0,9097,1804,0,0,0,0,0,200525,4,0
0,0,0,0,28,4,9098,1804,0,0,0,0,0,216791,5,0
3,0,0,0,4,5,9099,1804,0,0,0,0,0,214682,3,0
0,0,0,0,26,6,9100,1804,0,0,0,0,0,240446,3,0
3,0,0,0,7,12,9101,1804,0,0,0,0,0,251819,4,0
0,0,0,0,6,13,9102,1804,0,0,0,0,0,200667,5,0
2,0,0,0,21,15,9103,1804,0,0,0,0,0,279625,4,0
0,0,0,0,3,16,9104,1804,0,0,0,0,0,204979,4,0
7,0,0,1,10,17,9105,1804,0,0,0,0,0,200210,3,0
7,0,0,1,23,19,9106,1804,0,0,0,0,0,275972,4,0
4,0,0,1,11,25,9107,1804,0,0,0,0,0,229367,2,0
2,0,0,0,8,28,9108,1804,0,0,0,0,0,213105,3,0
1,0,0,0,15,28,9109,1804,0,0,0,0,0,234940,4,0
0,0,0,0,33,28,9110,1804,0,0,0,0,0,258805,3,0
1,0,0,0,17,28,9111,1804,0,0,0,0,0,260473,5,0
0,0,0,0,25,28,9112,1804,0,0,0,0,0,251522,3,0
4,0,0,1,14,28,9113,1804,0,0,0,0,0,214896,3,0
5,0,0,1,24,28,9114,1804,0,0,0,0,0,257330,3,0
0,0,0,0,40,28,9115,1804,0,0,0,0,0,245340,3,0
0,0,0,0,19,28,9116,1804,0,0,0,0,0,216227,2,0
0,0,0,0,18,28,9117,1804,0,0,0,0,0,231396,3,0
3,0,0,0,27,28,9118,1804,0,0,0,0,0,71973,3,0
0,0,0,0,30,28,9119,1804,0,0,0,0,0,254135,3,0
0,0,0,0,22,29,9120,1804,0,0,0,0,0,201093,3,0
0,0,0,0,32,29,9121,1804,0,0,0,0,0,227682,3,0
0,0,0,0,35,29,9122,1804,0,0,0,0,0,75655,3,0
0,0,0,0,31,29,9123,1804,0,0,0,0,0,73736,3,0
0,0,0,0,1,0,9124,1917,0,0,0,0,0,263214,2,0
0,0,0,0,23,4,9125,1917,0,0,0,0,0,264305,3,0
0,0,0,0,4,5,9126,1917,0,0,0,0,0,218576,2,0
0,0,0,0,3,6,9127,1917,0,0,0,0,0,208806,3,0
1,0,0,0,21,12,9128,1917,0,0,0,0,0,253403,3,0
1,0,0,0,17,13,9129,1917,0,0,0,0,0,247731,3,0
1,0,0,0,6,15,9130,1917,0,0,0,0,0,246054,3,0
0,0,0,0,44,16,9131,1917,0,0,0,0,0,245020,3,0
4,0,0,1,7,17,9132,1917,0,0,0,0,0,240808,2,0
4,0,0,1,8,19,9133,1917,0,0,0,0,0,242423,3,0
3,0,0,1,11,25,9134,1917,0,0,0,0,0,271018,3,0
0,0,0,0,35,28,9135,1917,0,0,0,0,0,241825,3,0
0,0,0,0,14,28,9136,1917,0,0,0,0,0,262569,3,0
1,0,0,0,15,28,9137,1917,0,0,0,0,0,225589,3,0
0,0,0,0,5,28,9138,1917,0,0,0,0,0,239800,3,0
0,0,0,0,30,28,9139,1917,0,0,0,0,0,251165,3,0
5,0,0,1,10,28,9140,1917,0,0,0,0,0,269691,2,0
2,0,0,0,9,28,9141,1917,0,0,0,0,0,254858,3,0
1,0,0,0,37,28,9142,1917,0,0,0,0,0,277532,3,0
3,0,0,1,43,28,9143,1917,0,0,0,0,0,82358,3,0
2,0,0,0,33,28,9144,1917,0,0,0,0,0,269156,2,0
0,0,0,0,19,28,9145,1917,0,0,0,0,0,259389,3,0
0,0,0,0,16,28,9146,1917,0,0,0,0,0,263211,3,0
0,0,0,0,20,29,9147,1917,0,0,0,0,0,190852,3,0
2,0,0,0,18,29,9148,1917,0,0,0,0,0,277512,3,0
0,0,0,0,2,29,9149,1917,0,0,0,0,0,278104,3,0
0,0,0,0,32,29,9150,1917,0,0,0,0,0,193900,3,0
0,0,0,0,26,29,9151,1917,0,0,0,0,0,70030,3,0
0,0,0,0,24,29,9152,1917,0,0,0,0,0,262049,3,0
0,0,0,0,12,29,9153,1917,0,0,0,0,0,74298,3,0
0,0,0,0,41,29,9154,1917,0,0,0,0,0,75432,3,0
0,0,0,0,24,0,9155,1923,0,0,0,0,0,259596,3,0
0,0,0,0,15,4,9156,1923,0,0,0,0,0,253465,5,0
1,0,0,0,17,5,9157,1923,0,0,0,0,0,261225,5,0
1,0,0,0,3,6,9158,1923,0,0,0,0,0,205054,3,0
9,0,0,1,30,12,9159,1923,0,0,0,0,0,278102,3,0
0,0,0,0,8,13,9160,1923,0,0,0,0,0,227995,3,0
1,0,0,0,23,15,9161,1923,0,0,0,0,0,204412,3,0
2,0,0,1,33,16,9162,1923,0,0,0,0,0,237169,3,0
8,0,0,1,18,17,9163,1923,0,0,0,0,0,202464,5,0
2,0,0,1,27,19,9164,1923,0,0,0,0,0,278136,3,0
2,0,0,1,21,25,9165,1923,0,0,0,0,0,202686,2,0
0,0,0,0,54,28,9166,1923,0,0,0,0,0,225441,4,0
0,0,0,0,6,28,9167,1923,0,0,0,0,0,258984,3,0
0,0,0,0,20,28,9168,1923,0,0,0,0,0,279739,3,0
2,0,0,1,5,28,9169,1923,0,0,0,0,0,228419,5,0
0,0,0,0,1,28,9170,1923,0,0,0,0,0,193013,3,0
6,0,0,1,9,28,9171,1923,0,0,0,0,0,206134,3,0
2,0,0,1,14,28,9172,1923,0,0,0,0,0,257699,4,0
1,0,0,0,25,28,9173,1923,0,0,0,0,0,253055,3,0
0,0,0,0,16,28,9174,1923,0,0,0,0,0,231199,3,0
0,0,0,0,38,28,9175,1923,0,0,0,0,0,278193,5,0
0,0,0,0,32,28,9176,1923,0,0,0,0,0,83042,3,0
0,0,0,0,26,28,9177,1923,0,0,0,0,0,240697,3,0
0,0,0,0,11,29,9178,1923,0,0,0,0,0,229375,3,0
0,0,0,0,12,29,9179,1923,0,0,0,0,0,263376,3,0
0,0,0,0,29,29,9180,1923,0,0,0,0,0,241411,3,0
0,0,0,0,46,29,9181,1923,0,0,0,0,0,71970,3,0
0,0,0,0,1,0,9182,1926,0,0,0,0,0,229091,2,0
1,0,0,0,6,3,9183,1926,0,0,0,0,0,258050,3,0
0,0,0,0,20,4,9184,1926,0,0,0,0,0,205584,2,0
0,0,0,0,4,6,9185,1926,0,0,0,0,0,247350,3,0
1,0,0,0,26,7,9186,1926,0,0,0,0,0,263906,2,0
1,0,0,0,10,12,9187,1926,0,0,0,0,0,216270,3,0
0,0,0,0,8,13,9188,1926,0,0,0,0,0,245761,3,0
0,0,0,0,16,15,9189,1926,0,0,0,0,0,252134,3,0
2,0,0,1,22,16,9190,1926,0,0,0,0,0,225734,3,0
5,0,0,1,14,24,9191,1926,0,0,0,0,0,261732,3,0
12,1,0,1,11,26,9192,1926,0,0,0,0,0,213699,4,0
0,0,0,0,5,28,9193,1926,0,0,0,0,0,230677,3,0
0,0,0,0,15,28,9194,1926,0,0,0,0,0,230807,3,0
0,0,0,0,3,28,9195,1926,0,0,0,0,0,205596,2,0
0,0,0,0,2,28,9196,1926,0,0,0,0,0,241543,3,0
0,0,0,0,25,28,9197,1926,0,0,0,0,0,262718,3,0
3,0,0,1,9,28,9198,1926,0,0,0,0,0,234177,3,0
1,0,0,0,18,28,9199,1926,0,0,0,0,0,265468,3,0
2,0,0,1,19,28,9200,1926,0,0,0,0,0,237809,2,0
1,0,0,0,17,28,9201,1926,0,0,0,0,0,244871,3,0
0,0,0,0,21,28,9202,1926,0,0,0,0,0,242265,2,0
0,0,0,0,12,28,9203,1926,0,0,0,0,0,278987,3,0
0,0,0,0,23,28,9204,1926,0,0,0,0,0,274387,3,0
0,0,0,0,24,29,9205,1926,0,0,0,0,0,277346,3,0
0,0,0,0,28,29,9206,1926,0,0,0,0,0,260929,3,0
0,0,0,0,41,29,9207,1926,0,0,0,0,0,75689,3,0
0,0,0,0,40,29,9208,1926,0,0,0,0,0,81803,3,0
0,0,0,0,13,0,9209,1928,0,0,0,0,0,173531,3,0
1,0,0,1,6,3,9210,1928,0,0,0,0,0,232106,1,0
1,0,0,1,25,4,9211,1928,0,0,0,0,0,223963,1,0
0,0,0,0,4,5,9212,1928,0,0,0,0,0,200742,3,0
1,0,0,1,5,6,9213,1928,0,0,0,0,0,257863,1,0
0,0,0,0,15,7,9214,1928,0,0,0,0,0,257776,2,0
1,0,0,1,7,10,9215,1928,0,0,0,0,0,224855,3,0
2,0,0,1,18,13,9216,1928,0,0,0,0,0,213018,2,0
0,0,0,0,26,15,9217,1928,0,0,0,0,0,233378,3,0
0,0,0,0,20,24,9218,1928,0,0,0,0,0,194138,3,0
1,0,0,1,9,26,9219,1928,0,0,0,0,0,195427,1,0
0,0,0,0,11,28,9220,1928,0,0,0,0,0,73159,3,0
0,0,0,0,8,28,9221,1928,0,0,0,0,0,255930,1,0
1,0,0,1,24,28,9222,1928,0,0,0,0,0,247764,2,0
0,0,0,0,27,28,9223,1928,0,0,0,0,0,270373,3,0
0,0,0,0,46,28,9224,1928,0,0,0,0,0,243917,1,0
0,0,0,0,14,28,9225,1928,0,0,0,0,0,184242,2,0
0,0,0,0,33,28,9226,1928,0,0,0,0,0,266155,2,0
1,0,0,1,3,28,9227,1928,0,0,0,0,0,258491,3,0
1,0,0,1,19,28,9228,1928,0,0,0,0,0,245539,3,0
0,0,0,0,22,28,9229,1928,0,0,0,0,0,239221,3,0
0,0,0,0,10,28,9230,1928,0,0,0,0,0,277463,2,0
2,0,0,1,28,28,9231,1928,0,0,0,0,0,76507,3,0
0,0,0,0,1,29,9232,1928,0,0,0,0,0,221531,3,0
0,0,0,0,23,29,9233,1928,0,0,0,0,0,277412,3,0
0,0,0,0,12,29,9234,1928,0,0,0,0,0,277413,3,0
0,0,0,0,30,29,9235,1928,0,0,0,0,0,279092,3,0
0,0,0,0,29,29,9236,1928,0,0,0,0,0,73111,3,0
0,0,0,0,1,0,9237,1929,0,0,0,0,0,242289,3,0
0,0,0,0,8,3,9238,1929,0,0,0,0,0,192231,1,0
0,0,0,0,5,4,9239,1929,0,0,0,0,0,222576,3,0
0,0,0,0,15,6,9240,1929,0,0,0,0,0,263686,2,0
1,0,0,0,29,7,9241,1929,0,0,0,0,0,252555,2,0
3,0,0,1,10,12,9242,1929,0,0,0,0,0,242119,2,0
2,0,0,0,19,13,9243,1929,0,0,0,0,0,277052,2,0
1,0,0,0,32,15,9244,1929,0,0,0,0,0,204464,3,0
2,0,0,0,28,16,9245,1929,0,0,0,0,0,228111,3,0
12,1,0,1,9,24,9246,1929,0,0,0,0,0,266886,3,0
4,0,0,1,27,26,9247,1929,0,0,0,0,0,271325,2,0
0,0,0,0,35,28,9248,1929,0,0,0,0,0,235769,3,0
0,0,0,0,6,28,9249,1929,0,0,0,0,0,276220,3,0
1,0,0,0,2,28,9250,1929,0,0,0,0,0,245849,2,0
0,0,0,0,4,28,9251,1929,0,0,0,0,0,246723,2,0
0,0,0,0,21,28,9252,1929,0,0,0,0,0,242382,2,0
4,0,0,1,18,28,9253,1929,0,0,0,0,0,76223,3,0
3,0,0,1,17,28,9254,1929,0,0,0,0,0,257247,2,0
0,0,0,0,7,28,9255,1929,0,0,0,0,0,199960,3,0
3,0,0,1,23,28,9256,1929,0,0,0,0,0,279124,3,0
2,0,0,0,22,28,9257,1929,0,0,0,0,0,209852,2,0
0,0,0,0,14,28,9258,1929,0,0,0,0,0,265197,3,0
1,0,0,0,16,28,9259,1929,0,0,0,0,0,236247,3,0
0,0,0,0,3,29,9260,1929,0,0,0,0,0,258523,3,0
0,0,0,0,12,29,9261,1929,0,0,0,0,0,228225,3,0
0,0,0,0,39,29,9262,1929,0,0,0,0,0,75330,3,0
0,0,0,0,25,29,9263,1929,0,0,0,0,0,268606,3,0
0,0,0,0,24,29,9264,1929,0,0,0,0,0,272465,3,0
0,0,0,0,33,29,9265,1929,0,0,0,0,0,277430,3,0
0,0,0,0,37,29,9266,1929,0,0,0,0,0,74999,3,0
0,0,0,0,34,0,9267,1930,0,0,0,0,0,207528,2,0
1,0,0,0,3,4,9268,1930,0,0,0,0,0,229771,3,0
2,0,0,1,35,5,9269,1930,0,0,0,0,0,258903,5,0
1,0,0,0,18,6,9270,1930,0,0,0,0,0,70446,2,0
4,0,0,1,7,12,9271,1930,0,0,0,0,0,203328,3,0
0,0,0,0,23,13,9272,1930,0,0,0,0,0,251592,4,0
0,0,0,0,4,15,9273,1930,0,0,0,0,0,238758,4,0
1,0,0,0,21,16,9274,1930,0,0,0,0,0,80243,3,0
4,0,0,1,8,17,9275,1930,0,0,0,0,0,206089,2,0
0,0,0,0,14,19,9276,1930,0,0,0,0,0,251420,3,0
5,0,0,1,9,25,9277,1930,0,0,0,0,0,198011,3,0
0,0,0,0,24,28,9278,1930,0,0,0,0,0,235263,3,0
2,0,0,1,12,28,9279,1930,0,0,0,0,0,248880,4,0
0,0,0,0,2,28,9280,1930,0,0,0,0,0,252379,3,0
0,0,0,0,16,28,9281,1930,0,0,0,0,0,272369,5,0
0,0,0,0,1,28,9282,1930,0,0,0,0,0,203175,3,0
1,0,0,0,10,28,9283,1930,0,0,0,0,0,228685,3,0
0,0,0,0,11,28,9284,1930,0,0,0,0,0,274094,3,0
0,0,0,0,22,28,9285,1930,0,0,0,0,0,231406,3,0
1,0,0,0,6,28,9286,1930,0,0,0,0,0,206524,2,0
1,0,0,0,5,28,9287,1930,0,0,0,0,0,208188,3,0
0,0,0,0,29,28,9288,1930,0,0,0,0,0,254315,3,0
0,0,0,0,27,28,9289,1930,0,0,0,0,0,243167,3,0
0,0,0,0,15,29,9290,1930,0,0,0,0,0,78183,3,0
0,0,0,0,28,29,9291,1930,0,0,0,0,0,83653,3,0
0,0,0,0,31,29,9292,1930,0,0,0,0,0,272444,3,0
0,0,0,0,26,29,9293,1930,0,0,0,0,0,79201,3,0
0,0,0,0,17,29,9294,1930,0,0,0,0,0,194091,3,0
0,0,0,0,40,29,9295,1930,0,0,0,0,0,278988,3,0
0,0,0,0,25,29,9296,1930,0,0,0,0,0,265826,3,0
0,0,0,0,33,29,9297,1930,0,0,0,0,0,80245,3,0
0,0,0,0,1,0,9298,1931,0,0,0,0,0,169798,3,0
2,0,0,1,5,4,9299,1931,0,0,0,0,0,241864,3,0
0,0,0,0,33,5,9300,1931,0,0,0,0,0,276436,3,0
0,0,0,0,15,6,9301,1931,0,0,0,0,0,269150,3,0
0,0,0,0,2,12,9302,1931,0,0,0,0,0,229073,3,0
5,0,0,1,26,13,9303,1931,0,0,0,0,0,186143,4,0
1,0,0,1,27,15,9304,1931,0,0,0,0,0,241379,3,0
1,0,0,1,23,16,9305,1931,0,0,0,0,0,210985,3,0
1,0,0,1,11,17,9306,1931,0,0,0,0,0,278105,3,0
5,0,0,1,7,19,9307,1931,0,0,0,0,0,241452,3,0
15,1,0,1,19,25,9308,1931,0,0,0,1,0,225001,5,0
0,0,0,0,20,28,9309,1931,0,0,0,0,0,258932,3,0
1,0,0,1,16,28,9310,1931,0,0,0,0,0,229605,3,0
0,0,0,0,12,28,9311,1931,0,0,0,0,0,74634,3,0
0,0,0,0,3,28,9312,1931,0,0,0,0,0,264505,3,0
0,0,0,0,34,28,9313,1931,0,0,0,0,0,233215,3,0
1,0,0,1,22,28,9314,1931,0,0,0,0,0,76016,3,0
0,0,0,0,24,28,9315,1931,0,0,0,0,0,263168,3,0
1,0,0,1,28,28,9316,1931,0,0,0,0,0,70275,3,0
0,0,0,0,8,28,9317,1931,0,0,0,0,0,212990,3,0
0,0,0,0,9,28,9318,1931,0,0,0,0,0,245501,3,0
0,0,0,0,18,28,9319,1931,0,0,0,0,0,262981,3,0
0,0,0,0,14,28,9320,1931,0,0,0,0,0,229378,4,0
0,0,0,0,4,29,9321,1931,0,0,0,0,0,261374,3,0
0,0,0,0,6,29,9322,1931,0,0,0,0,0,266125,3,0
0,0,0,0,29,29,9323,1931,0,0,0,0,0,70718,2,0
0,0,0,0,25,29,9324,1931,0,0,0,0,0,73749,3,0
0,0,0,0,32,29,9325,1931,0,0,0,0,0,274852,3,0
0,0,0,0,48,29,9326,1931,0,0,0,0,0,74363,3,0
0,0,0,0,1,0,9327,1932,0,0,0,0,0,276806,2,0
1,0,0,0,27,3,9328,1932,0,0,0,0,0,224307,3,0
0,0,0,0,4,4,9329,1932,0,0,0,0,0,228829,3,0
0,0,0,0,5,6,9330,1932,0,0,0,0,0,277516,2,0
0,0,0,0,14,7,9331,1932,0,0,0,0,0,254327,3,0
2,0,0,1,22,9,9332,1932,0,0,0,0,0,272542,3,0
2,0,0,1,48,11,9333,1932,0,0,0,0,0,245988,3,0
5,0,0,1,19,12,9334,1932,0,0,0,0,0,271560,2,0
7,0,0,1,10,16,9335,1932,0,0,0,0,0,180818,2,0
5,0,0,1,8,18,9336,1932,0,0,0,0,0,224225,3,0
0,0,0,0,20,25,9337,1932,0,0,0,0,0,198437,3,0
0,0,0,0,15,28,9338,1932,0,0,0,0,0,221322,4,0
1,0,0,0,32,28,9339,1932,0,0,0,0,0,239513,3,0
0,0,0,0,6,28,9340,1932,0,0,0,0,0,270363,3,0
0,0,0,0,7,28,9341,1932,0,0,0,0,0,234242,3,0
0,0,0,0,51,28,9342,1932,0,0,0,0,0,278933,3,0
0,0,0,0,30,28,9343,1932,0,0,0,0,0,70319,4,0
2,0,0,1,45,28,9344,1932,0,0,0,0,0,71068,2,0
0,0,0,0,23,28,9345,1932,0,0,0,0,0,279519,3,0
1,0,0,0,18,28,9346,1932,0,0,0,0,0,255312,4,0
0,0,0,0,17,28,9347,1932,0,0,0,0,0,264734,3,0
0,0,0,0,50,28,9348,1932,0,0,0,0,0,239215,3,0
0,0,0,0,24,28,9349,1932,0,0,0,0,0,71810,3,0
0,0,0,0,29,29,9350,1932,0,0,0,0,0,77643,3,0
0,0,0,0,39,29,9351,1932,0,0,0,0,0,80767,3,0
0,0,0,0,33,29,9352,1932,0,0,0,0,0,80347,3,0
0,0,0,0,50,0,9353,1933,0,0,0,0,0,223082,3,0
3,0,0,1,2,3,9354,1933,0,0,0,0,0,205015,3,0
2,0,0,0,17,4,9355,1933,0,0,0,0,0,237470,4,0
0,0,0,0,45,6,9356,1933,0,0,0,0,0,250850,3,0
1,0,0,0,3,7,9357,1933,0,0,0,0,0,226514,4,0
1,0,0,0,20,9,9358,1933,0,0,0,0,0,243643,3,0
0,0,0,0,10,11,9359,1933,0,0,0,0,0,239119,3,0
7,0,0,1,44,12,9360,1933,0,0,0,0,0,221197,3,0
1,0,0,0,51,16,9361,1933,0,0,0,0,0,266756,3,0
2,0,0,0,21,18,9362,1933,0,0,0,0,0,263411,3,0
3,0,0,1,12,25,9363,1933,0,0,0,0,0,205887,2,0
2,0,0,0,8,28,9364,1933,0,0,0,0,0,251001,5,0
3,0,0,1,7,28,9365,1933,0,0,0,0,0,252970,5,0
0,0,0,0,6,28,9366,1933,0,0,0,0,0,248328,4,0
0,0,0,0,26,28,9367,1933,0,0,0,0,0,262731,3,0
0,0,0,0,1,28,9368,1933,0,0,0,0,0,278023,3,0
0,0,0,0,9,28,9369,1933,0,0,0,0,0,251851,3,0
0,0,0,0,16,28,9370,1933,0,0,0,0,0,235807,5,0
1,0,0,0,23,28,9371,1933,0,0,0,0,0,251521,3,0
0,0,0,0,28,28,9372,1933,0,0,0,0,0,270937,3,0
0,0,0,0,15,28,9373,1933,0,0,0,0,0,243401,3,0
3,0,0,1,19,28,9374,1933,0,0,0,0,0,274472,3,0
0,0,0,0,4,28,9375,1933,0,0,0,0,0,203138,3,0
0,0,0,0,31,29,9376,1933,0,0,0,0,0,218593,3,0
0,0,0,0,25,29,9377,1933,0,0,0,0,0,276385,3,0
0,0,0,0,64,29,9378,1933,0,0,0,0,0,80615,3,0
0,0,0,0,13,29,9379,1933,0,0,0,0,0,276966,3,0
0,0,0,0,34,29,9380,1933,0,0,0,0,0,74960,3,0
0,0,0,0,1,0,9381,1938,0,0,0,0,0,225134,1,0
1,0,0,0,30,3,9382,1938,0,0,0,0,0,255314,3,0
0,0,0,0,12,4,9383,1938,0,0,0,0,0,193569,1,0
0,0,0,0,26,6,9384,1938,0,0,0,0,0,274474,3,0
0,0,0,0,23,7,9385,1938,0,0,0,0,0,70984,3,0
1,0,0,0,4,9,9386,1938,0,0,0,0,0,240605,2,0
1,0,0,0,16,11,9387,1938,0,0,0,0,0,278040,3,0
0,0,0,0,10,12,9388,1938,0,0,0,0,0,255049,3,0
6,0,0,1,17,16,9389,1938,0,0,0,0,0,78923,2,0
3,0,0,1,28,18,9390,1938,0,0,0,0,0,255360,3,0
8,0,0,1,27,25,9391,1938,0,0,0,0,0,264746,3,0
2,0,0,0,8,28,9392,1938,0,0,0,0,0,270113,2,0
1,0,0,0,33,28,9393,1938,0,0,0,0,0,71960,2,0
0,0,0,0,2,28,9394,1938,0,0,0,0,0,256439,2,0
0,0,0,0,15,28,9395,1938,0,0,0,0,0,275261,1,0
0,0,0,0,31,28,9396,1938,0,0,0,0,0,78402,3,0
5,0,0,1,24,28,9397,1938,0,0,0,0,0,278239,3,0
3,0,0,1,18,28,9398,1938,0,0,0,0,0,260669,3,0
1,0,0,0,11,28,9399,1938,0,0,0,0,0,78317,3,0
0,0,0,0,22,28,9400,1938,0,0,0,0,0,72070,1,0
0,0,0,0,40,28,9401,1938,0,0,0,0,0,271139,3,0
0,0,0,0,39,28,9402,1938,0,0,0,0,0,70983,3,0
0,0,0,0,32,28,9403,1938,0,0,0,0,0,78303,3,0
0,0,0,0,6,29,9404,1938,0,0,0,0,0,239506,3,0
0,0,0,0,3,29,9405,1938,0,0,0,0,0,252547,3,0
0,0,0,0,42,29,9406,1938,0,0,0,0,0,83460,3,0
0,0,0,0,22,0,9407,1939,0,0,0,0,0,198285,2,0
2,0,0,1,2,3,9408,1939,0,0,0,0,0,240826,4,0
2,0,0,1,5,4,9409,1939,0,0,0,0,0,273020,2,0
1,0,0,0,12,5,9410,1939,0,0,0,0,0,262100,3,0
1,0,0,0,3,6,9411,1939,0,0,0,0,0,208024,3,0
0,0,0,0,19,7,9412,1939,0,0,0,0,0,243353,3,0
0,0,0,0,18,13,9413,1939,0,0,0,0,0,233938,3,0
2,0,0,1,4,15,9414,1939,0,0,0,0,0,222836,5,0
2,0,0,1,10,18,9415,1939,0,0,0,0,0,220019,5,0
7,0,0,1,25,24,9416,1939,0,0,0,0,0,243831,3,0
5,0,0,1,26,26,9417,1939,0,0,0,0,0,237332,3,0
1,0,0,0,6,28,9418,1939,0,0,0,0,0,211166,3,0
2,0,0,1,7,28,9419,1939,0,0,0,0,0,222528,3,0
0,0,0,0,23,28,9420,1939,0,0,0,0,0,257508,3,0
0,0,0,0,20,28,9421,1939,0,0,0,0,0,268550,3,0
0,0,0,0,31,28,9422,1939,0,0,0,0,0,204354,3,0
2,0,0,1,15,28,9423,1939,0,0,0,0,0,220039,4,0
1,0,0,0,8,28,9424,1939,0,0,0,0,0,264200,5,0
0,0,0,0,29,28,9425,1939,0,0,0,0,0,226084,3,0
0,0,0,0,14,28,9426,1939,0,0,0,0,0,242322,3,0
0,0,0,0,17,28,9427,1939,0,0,0,0,0,231446,3,0
0,0,0,0,21,28,9428,1939,0,0,0,0,0,231580,3,0
1,0,0,0,27,28,9429,1939,0,0,0,0,0,271218,3,0
0,0,0,0,32,29,9430,1939,0,0,0,0,0,212994,3,0
0,0,0,0,24,29,9431,1939,0,0,0,0,0,272736,3,0
0,0,0,0,30,29,9432,1939,0,0,0,0,0,72212,3,0
0,0,0,0,33,29,9433,1939,0,0,0,0,0,230971,3,0
2,0,0,1,36,29,9434,1939,0,0,0,0,0,77738,3,0
0,0,0,0,38,29,9435,1939,0,0,0,0,0,80618,3,0
0,0,0,0,1,0,9436,1940,0,0,0,0,0,211604,4,0
0,0,0,0,2,3,9437,1940,0,0,0,0,0,229930,3,0
0,0,0,0,23,4,9438,1940,0,0,0,0,0,204458,4,0
1,0,0,0,5,5,9439,1940,0,0,0,0,0,226116,5,0
1,0,0,0,6,6,9440,1940,0,0,0,0,0,215211,4,0
2,0,0,1,3,7,9441,1940,0,0,0,0,0,202033,3,0
1,0,0,0,22,12,9442,1940,0,0,0,0,0,264192,3,0
1,0,0,0,8,13,9443,1940,0,0,0,0,0,233793,5,0
1,0,0,0,25,15,9444,1940,0,0,0,0,0,222477,3,0
6,0,0,1,18,16,9445,1940,0,0,0,0,0,213143,2,0
6,0,0,1,11,25,9446,1940,0,0,0,0,0,269329,4,0
2,0,0,1,24,28,9447,1940,0,0,0,0,0,227947,3,0
0,0,0,0,4,28,9448,1940,0,0,0,0,0,203428,3,0
1,0,0,0,9,28,9449,1940,0,0,0,0,0,190239,3,0
1,0,0,0,20,28,9450,1940,0,0,0,0,0,250758,5,0
0,0,0,0,21,28,9451,1940,0,0,0,0,0,222096,3,0
3,0,0,1,29,28,9452,1940,0,0,0,0,0,228815,3,0
1,0,0,0,14,28,9453,1940,0,0,0,0,0,207858,3,0
0,0,0,0,10,28,9454,1940,0,0,0,0,0,223810,3,0
2,0,0,1,7,28,9455,1940,0,0,0,0,0,173891,3,0
1,0,0,0,27,28,9456,1940,0,0,0,0,0,233051,4,0
1,0,0,0,28,28,9457,1940,0,0,0,0,0,70228,3,0
2,0,0,1,44,28,9458,1940,0,0,0,0,0,83028,3,0
1,0,0,0,13,29,9459,1940,0,0,0,0,0,242436,3,0
1,0,0,0,40,29,9460,1940,0,0,0,0,0,74862,3,0
0,0,0,0,19,29,9461,1940,0,0,0,0,0,225867,3,0
0,0,0,0,33,29,9462,1940,0,0,0,0,0,273618,3,0
0,0,0,0,34,29,9463,1940,0,0,0,0,0,82766,3,0
0,0,0,0,33,0,9464,1958,0,0,0,0,0,75106,1,0
0,0,0,0,14,3,9465,1958,0,0,0,0,0,271929,1,0
0,0,0,0,16,4,9466,1958,0,0,0,0,0,278098,2,0
0,0,0,0,5,6,9467,1958,0,0,0,0,0,238179,2,0
1,0,0,0,4,7,9468,1958,0,0,0,0,0,230882,3,0
0,0,0,0,28,9,9469,1958,0,0,0,0,0,233315,2,0
4,0,0,1,8,11,9470,1958,0,0,0,0,0,246681,3,0
2,0,0,1,7,12,9471,1958,0,0,0,0,0,270679,2,0
2,0,0,1,44,16,9472,1958,0,0,0,0,0,238846,3,0
8,0,0,1,10,18,9473,1958,0,0,0,0,0,237286,3,0
15,1,0,1,32,25,9474,1958,0,0,0,1,0,271530,1,0
0,0,0,0,19,28,9475,1958,0,0,0,0,0,243349,3,0
0,0,0,0,11,28,9476,1958,0,0,0,0,0,237310,3,0
0,0,0,0,2,28,9477,1958,0,0,0,0,0,222583,3,0
0,0,0,0,18,28,9478,1958,0,0,0,0,0,234039,3,0
0,0,0,0,1,28,9479,1958,0,0,0,0,0,209532,3,0
3,0,0,1,17,28,9480,1958,0,0,0,0,0,233565,2,0
1,0,0,0,15,28,9481,1958,0,0,0,0,0,233804,2,0
1,0,0,0,22,28,9482,1958,0,0,0,0,0,266303,3,0
2,0,0,1,25,28,9483,1958,0,0,0,0,0,257472,3,0
0,0,0,0,13,28,9484,1958,0,0,0,0,0,243048,3,0
0,0,0,0,12,28,9485,1958,0,0,0,0,0,268530,3,0
0,0,0,0,6,28,9486,1958,0,0,0,0,0,254522,3,0
0,0,0,0,20,29,9487,1958,0,0,0,0,0,266074,3,0
0,0,0,0,23,29,9488,1958,0,0,0,0,0,80370,3,0
0,0,0,0,9,29,9489,1958,0,0,0,0,0,72061,3,0
0,0,0,0,21,29,9490,1958,0,0,0,0,0,77599,3,0
0,0,0,0,24,29,9491,1958,0,0,0,0,0,273572,3,0
0,0,0,0,31,29,9492,1958,0,0,0,0,0,80048,3,0
0,0,0,0,26,29,9493,1958,0,0,0,0,0,74312,3,0
0,0,0,0,36,29,9494,1958,0,0,0,0,0,80280,3,0
0,0,0,0,13,0,9495,1961,0,0,0,0,0,238060,1,0
1,0,0,0,44,3,9496,1961,0,0,0,0,0,75296,1,0
1,0,0,0,2,4,9497,1961,0,0,0,0,0,256611,2,0
1,0,0,0,48,6,9498,1961,0,0,0,0,0,72046,3,0
1,0,0,0,3,7,9499,1961,0,0,0,0,0,256510,3,0
1,0,0,0,6,9,9500,1961,0,0,0,0,0,227929,3,0
1,0,0,0,14,11,9501,1961,0,0,0,0,0,234111,3,0
3,0,0,1,45,12,9502,1961,0,0,0,0,0,70026,3,0
6,0,0,1,16,16,9503,1961,0,0,0,0,0,225785,3,0
3,0,0,1,10,18,9504,1961,0,0,0,0,0,257437,3,0
12,1,0,1,22,25,9505,1961,0,0,0,0,0,263775,3,0
2,0,0,0,27,28,9506,1961,0,0,0,0,0,277584,3,0
2,0,0,0,12,28,9507,1961,0,0,0,0,0,205989,2,0
3,0,0,1,38,28,9508,1961,0,0,0,0,0,223905,4,0
0,0,0,0,4,28,9509,1961,0,0,0,0,0,231185,3,0
0,0,0,0,41,28,9510,1961,0,0,0,0,0,277586,3,0
5,0,0,1,47,28,9511,1961,0,0,0,0,0,206518,2,0
3,0,0,1,39,28,9512,1961,0,0,0,0,0,257438,3,0
3,0,0,1,18,28,9513,1961,0,0,0,0,0,259677,5,0
3,0,0,1,8,28,9514,1961,0,0,0,0,0,278017,2,0
0,0,0,0,11,28,9515,1961,0,0,0,0,0,269175,2,0
0,0,0,0,30,28,9516,1961,0,0,0,0,0,268631,3,0
0,0,0,0,24,28,9517,1961,0,0,0,0,0,265658,3,0
0,0,0,0,7,29,9518,1961,0,0,0,0,0,278894,3,0
0,0,0,0,46,29,9519,1961,0,0,0,0,0,276531,3,0
0,0,0,0,24,0,9520,15015,0,0,0,0,0,225543,2,0
3,0,0,1,15,3,9521,15015,0,0,0,0,0,246662,3,0
1,0,0,0,2,4,9522,15015,0,0,0,0,0,247073,2,0
0,0,0,0,6,5,9523,15015,0,0,0,0,0,236244,2,0
1,0,0,0,16,6,9524,15015,0,0,0,0,0,240608,2,0
2,0,0,1,3,7,9525,15015,0,0,0,0,0,251312,2,0
0,0,0,0,12,10,9526,15015,0,0,0,0,0,211595,4,0
4,0,0,1,8,13,9527,15015,0,0,0,0,0,261390,3,0
0,0,0,0,4,15,9528,15015,0,0,0,0,0,260927,3,0
10,0,0,1,9,24,9529,15015,0,0,0,0,0,222654,2,0
5,0,0,1,10,26,9530,15015,0,0,0,0,0,240373,3,0
0,0,0,0,23,28,9531,15015,0,0,0,0,0,275599,4,0
0,0,0,0,18,28,9532,15015,0,0,0,0,0,256473,3,0
0,0,0,0,19,28,9533,15015,0,0,0,0,0,264115,3,0
0,0,0,0,26,28,9534,15015,0,0,0,0,0,276060,3,0
0,0,0,0,21,28,9535,15015,0,0,0,0,0,271064,3,0
2,0,0,1,11,28,9536,15015,0,0,0,0,0,251272,3,0
1,0,0,0,7,28,9537,15015,0,0,0,0,0,266709,3,0
0,0,0,0,20,28,9538,15015,0,0,0,0,0,264255,3,0
0,0,0,0,22,28,9539,15015,0,0,0,0,0,255525,3,0
1,0,0,0,5,28,9540,15015,0,0,0,0,0,239989,2,0
0,0,0,0,42,28,9541,15015,0,0,0,0,0,224361,3,0
0,0,0,0,14,28,9542,15015,0,0,0,0,0,73765,3,0
0,0,0,0,37,29,9543,15015,0,0,0,0,0,266450,3,0
0,0,0,0,30,29,9544,15015,0,0,0,0,0,223969,3,0
0,0,0,0,25,29,9545,15015,0,0,0,0,0,257128,3,0
0,0,0,0,29,29,9546,15015,0,0,0,0,0,83058,2,0
0,0,0,0,35,29,9547,15015,0,0,0,0,0,83630,3,0
0,0,0,0,27,29,9548,15015,0,0,0,0,0,73862,3,0
0,0,0,0,41,29,9549,15015,0,0,0,0,0,80853,3,0
0,0,0,0,39,29,9550,15015,0,0,0,0,0,78151,3,0
0,0,0,0,50,29,9551,15015,0,0,0,0,0,81804,3,0
0,0,0,0,56,29,9552,15015,0,0,0,0,0,82765,3,0
0,0,0,0,1,0,9553,112259,0,0,0,0,0,237188,4,0
1,0,0,0,2,3,9554,112259,0,0,0,0,0,277343,3,0
0,0,0,0,33,4,9555,112259,0,0,0,0,0,263938,5,0
0,0,0,0,15,5,9556,112259,0,0,0,0,0,204496,3,0
2,0,0,1,6,6,9557,112259,0,0,0,0,0,220956,4,0
1,0,0,0,3,7,9558,112259,0,0,0,0,0,234258,5,0
7,0,0,1,11,12,9559,112259,0,0,0,0,0,231442,4,0
1,0,0,0,12,13,9560,112259,0,0,0,0,0,246789,5,0
1,0,0,0,4,15,9561,112259,0,0,0,0,0,203415,3,0
2,0,0,1,21,16,9562,112259,0,0,0,0,0,244322,5,0
2,0,0,1,9,25,9563,112259,0,0,0,0,0,238716,3,0
1,0,0,0,8,28,9564,112259,0,0,0,0,0,233377,5,0
0,0,0,0,29,28,9565,112259,0,0,0,0,0,274228,3,0
0,0,0,0,31,28,9566,112259,0,0,0,0,0,250994,3,0
0,0,0,0,5,28,9567,112259,0,0,0,0,0,169708,3,0
0,0,0,0,20,28,9568,112259,0,0,0,0,0,223827,3,0
5,0,0,1,14,28,9569,112259,0,0,0,0,0,229731,3,0
2,0,0,1,16,28,9570,112259,0,0,0,0,0,260192,3,0
1,0,0,0,7,28,9571,112259,0,0,0,0,0,228642,5,0
1,0,0,0,37,28,9572,112259,0,0,0,0,0,279042,4,0
0,0,0,0,10,28,9573,112259,0,0,0,0,0,276967,3,0
0,0,0,0,17,28,9574,112259,0,0,0,0,0,274069,3,0
0,0,0,0,18,28,9575,112259,0,0,0,0,0,79444,3,0
0,0,0,0,30,29,9576,112259,0,0,0,0,0,80428,3,0
0,0,0,0,23,29,9577,112259,0,0,0,0,0,74125,3,0
0,0,0,0,19,29,9578,112259,0,0,0,0,0,77179,3,0
0,0,0,0,31,0,9579,92,0,0,0,0,0,248121,2,0
2,0,0,0,5,3,9580,92,0,0,0,0,0,229087,2,0
0,0,0,0,21,4,9581,92,0,0,0,0,0,237696,3,0
1,0,0,0,17,6,9582,92,0,0,0,0,0,236465,3,0
3,0,0,0,3,7,9583,92,0,0,0,0,0,252385,3,0
0,0,0,0,15,10,9584,92,0,0,0,0,0,77037,3,0
1,0,0,0,18,12,9585,92,0,0,0,0,0,251219,3,0
6,0,0,1,4,13,9586,92,0,0,0,0,0,225772,3,0
4,0,0,1,8,15,9587,92,0,0,0,0,0,261897,3,0
6,0,0,1,30,16,9588,92,0,0,0,0,0,212167,2,0
0,0,0,0,39,25,9589,92,0,0,0,0,0,192450,2,0
4,0,0,1,7,28,9590,92,0,0,0,0,0,206565,3,0
0,0,0,0,6,28,9591,92,0,0,0,0,0,228928,1,0
0,0,0,0,16,28,9592,92,0,0,0,0,0,256672,3,0
0,0,0,0,2,28,9593,92,0,0,0,0,0,75088,3,0
0,0,0,0,41,28,9594,92,0,0,0,0,0,75302,3,0
0,0,0,0,20,28,9595,92,0,0,0,0,0,241160,3,0
2,0,0,0,14,28,9596,92,0,0,0,0,0,230032,3,0
9,0,0,1,9,28,9597,92,0,0,0,0,0,255980,5,0
0,0,0,0,22,28,9598,92,0,0,0,0,0,278213,3,0
0,0,0,0,10,28,9599,92,0,0,0,0,0,273930,3,0
0,0,0,0,29,28,9600,92,0,0,0,0,0,237503,3,0
0,0,0,0,11,28,9601,92,0,0,0,0,0,73260,3,0
0,0,0,0,40,29,9602,92,0,0,0,0,0,278708,3,0
0,0,0,0,24,29,9603,92,0,0,0,0,0,271028,3,0
0,0,0,0,1,29,9604,92,0,0,0,0,0,206555,3,0
0,0,0,0,1,0,9605,121,0,0,0,0,0,269948,3,0
0,0,0,0,2,3,9606,121,0,0,0,0,0,268540,4,0
2,0,0,0,18,4,9607,121,0,0,0,0,0,266328,3,0
2,0,0,0,5,6,9608,121,0,0,0,0,0,223381,3,0
3,0,0,1,3,7,9609,121,0,0,0,0,0,243637,4,0
2,0,0,0,19,9,9610,121,0,0,0,0,0,270933,2,0
3,0,0,1,6,11,9611,121,0,0,0,0,0,240981,3,0
5,0,0,1,26,12,9612,121,0,0,0,0,0,267849,4,0
6,0,0,1,20,16,9613,121,0,0,0,0,0,277995,3,0
1,0,0,0,17,18,9614,121,0,0,0,0,0,269950,3,0
7,0,0,1,24,25,9615,121,0,0,0,0,0,254925,2,0
0,0,0,0,23,28,9616,121,0,0,0,0,0,209368,3,0
1,0,0,0,25,28,9617,121,0,0,0,0,0,264622,3,0
0,0,0,0,14,28,9618,121,0,0,0,0,0,269949,3,0
0,0,0,0,22,28,9619,121,0,0,0,0,0,80135,3,0
0,0,0,0,41,28,9620,121,0,0,0,0,0,209750,2,0
0,0,0,0,7,28,9621,121,0,0,0,0,0,246228,3,0
2,0,0,0,8,28,9622,121,0,0,0,0,0,200781,3,0
8,0,0,1,36,28,9623,121,0,0,0,0,0,271626,3,0
1,0,0,0,31,28,9624,121,0,0,0,0,0,194925,3,0
0,0,0,0,15,28,9625,121,0,0,0,0,0,274065,3,0
1,0,0,0,9,28,9626,121,0,0,0,0,0,234496,3,0
0,0,0,0,29,28,9627,121,0,0,0,0,0,75261,2,0
0,0,0,0,30,29,9628,121,0,0,0,0,0,77297,3,0
0,0,0,0,32,29,9629,121,0,0,0,0,0,77298,3,0
0,0,0,0,34,29,9630,121,0,0,0,0,0,77405,3,0
0,0,0,0,21,29,9631,121,0,0,0,0,0,74155,3,0
0,0,0,0,10,29,9632,121,0,0,0,0,0,236601,3,0
0,0,0,0,11,29,9633,121,0,0,0,0,0,266122,3,0
0,0,0,0,12,0,9634,127,0,0,0,0,0,81322,3,0
1,0,0,0,20,3,9635,127,0,0,0,0,0,75086,3,0
1,0,0,0,2,4,9636,127,0,0,0,0,0,258606,4,0
0,0,0,0,26,5,9637,127,0,0,0,0,0,237341,4,0
2,0,0,1,5,6,9638,127,0,0,0,0,0,224238,4,0
2,0,0,1,6,7,9639,127,0,0,0,0,0,193884,4,0
1,0,0,0,7,23,9640,127,0,0,0,0,0,271065,3,0
1,0,0,0,10,13,9641,127,0,0,0,0,0,242366,3,0
1,0,0,0,14,15,9642,127,0,0,0,0,0,244715,3,0
2,0,0,1,11,27,9643,127,0,0,0,0,0,240865,2,0
3,0,0,1,27,25,9644,127,0,0,0,0,0,195126,2,0
0,0,0,0,38,28,9645,127,0,0,0,0,0,78235,3,0
1,0,0,0,25,28,9646,127,0,0,0,0,0,202528,4,0
0,0,0,0,3,28,9647,127,0,0,0,0,0,208812,4,0
1,0,0,0,4,28,9648,127,0,0,0,0,0,209256,3,0
0,0,0,0,1,28,9649,127,0,0,0,0,0,256488,5,0
3,0,0,1,9,28,9650,127,0,0,0,0,0,240715,3,0
0,0,0,0,21,28,9651,127,0,0,0,0,0,75095,3,0
0,0,0,0,19,28,9652,127,0,0,0,0,0,278147,3,0
1,0,0,0,24,28,9653,127,0,0,0,0,0,76572,3,0
0,0,0,0,16,28,9654,127,0,0,0,0,0,235397,3,0
0,0,0,0,23,28,9655,127,0,0,0,0,0,83372,3,0
0,0,0,0,22,28,9656,127,0,0,0,0,0,72031,3,0
0,0,0,0,17,29,9657,127,0,0,0,0,0,248815,3,0
1,0,0,0,48,29,9658,127,0,0,0,0,0,268886,3,0
0,0,0,0,29,0,9659,135,0,0,0,0,0,264645,2,0
5,0,0,1,5,3,9660,135,0,0,0,0,0,252596,3,0
1,0,0,0,4,4,9661,135,0,0,0,0,0,222157,2,0
0,0,0,0,25,6,9662,135,0,0,0,0,0,238221,3,0
0,0,0,0,23,7,9663,135,0,0,0,0,0,269825,3,0
6,0,0,1,19,9,9664,135,0,0,0,0,0,225922,4,0
3,0,0,0,28,11,9665,135,0,0,0,0,0,243044,2,0
4,0,0,1,15,12,9666,135,0,0,0,0,0,263453,3,0
0,0,0,0,11,16,9667,135,0,0,0,0,0,240345,3,0
4,0,0,1,10,18,9668,135,0,0,0,0,0,78415,3,0
7,0,0,1,20,25,9669,135,0,0,0,0,0,226018,3,0
0,0,0,0,16,28,9670,135,0,0,0,0,0,75839,3,0
0,0,0,0,18,28,9671,135,0,0,0,0,0,238177,4,0
0,0,0,0,24,28,9672,135,0,0,0,0,0,243869,3,0
2,0,0,0,30,28,9673,135,0,0,0,0,0,263386,4,0
0,0,0,0,13,28,9674,135,0,0,0,0,0,230893,3,0
1,0,0,0,35,28,9675,135,0,0,0,0,0,236637,3,0
1,0,0,0,6,28,9676,135,0,0,0,0,0,229914,3,0
3,0,0,0,12,28,9677,135,0,0,0,0,0,232174,2,0
1,0,0,0,27,28,9678,135,0,0,0,0,0,203304,3,0
0,0,0,0,8,28,9679,135,0,0,0,0,0,213156,3,0
0,0,0,0,14,28,9680,135,0,0,0,0,0,278290,3,0
0,0,0,0,7,28,9681,135,0,0,0,0,0,232520,3,0
0,0,0,0,22,29,9682,135,0,0,0,0,0,71990,3,0
0,0,0,0,17,29,9683,135,0,0,0,0,0,79593,3,0
0,0,0,0,36,29,9684,135,0,0,0,0,0,78409,3,0
0,0,0,0,26,29,9685,135,0,0,0,0,0,229911,3,0
0,0,0,0,1,0,9686,381,0,0,0,0,0,72390,2,0
3,0,0,1,34,3,9687,381,0,0,0,0,0,221953,3,0
1,0,0,0,7,4,9688,381,0,0,0,0,0,250786,3,0
1,0,0,0,5,5,9689,381,0,0,0,0,0,205159,2,0
3,0,0,1,3,6,9690,381,0,0,0,0,0,277007,3,0
1,0,0,0,11,7,9691,381,0,0,0,0,0,269149,3,0
1,0,0,0,45,10,9692,381,0,0,0,0,0,238958,3,0
1,0,0,0,8,13,9693,381,0,0,0,0,0,259186,3,0
3,0,0,1,14,15,9694,381,0,0,0,0,0,253094,4,0
4,0,0,1,25,24,9695,381,0,0,0,0,0,239504,3,0
0,0,0,0,15,26,9696,381,0,0,0,0,0,204860,3,0
1,0,0,0,21,28,9697,381,0,0,0,0,0,240323,3,0
5,0,0,1,20,28,9698,381,0,0,0,0,0,266827,2,0
0,0,0,0,6,28,9699,381,0,0,0,0,0,187154,3,0
0,0,0,0,16,28,9700,381,0,0,0,0,0,171923,3,0
0,0,0,0,31,28,9701,381,0,0,0,0,0,262559,3,0
0,0,0,0,29,28,9702,381,0,0,0,0,0,201240,2,0
0,0,0,0,4,28,9703,381,0,0,0,0,0,224017,3,0
1,0,0,0,23,28,9704,381,0,0,0,0,0,220045,3,0
1,0,0,0,10,28,9705,381,0,0,0,0,0,222878,3,0
0,0,0,0,24,28,9706,381,0,0,0,0,0,74359,3,0
0,0,0,0,22,28,9707,381,0,0,0,0,0,273898,3,0
3,0,0,1,33,28,9708,381,0,0,0,0,0,203500,4,0
0,0,0,0,19,29,9709,381,0,0,0,0,0,264445,3,0
0,0,0,0,28,29,9710,381,0,0,0,0,0,77742,2,0
0,0,0,0,26,29,9711,381,0,0,0,0,0,83543,2,0
0,0,0,0,32,29,9712,381,0,0,0,0,0,79425,3,0
0,0,0,0,1,0,9713,1798,0,0,0,0,0,223727,2,0
0,0,0,0,2,3,9714,1798,0,0,0,0,0,224447,4,0
2,0,0,0,32,4,9715,1798,0,0,0,0,0,257487,3,0
1,0,0,0,21,5,9716,1798,0,0,0,0,0,250810,4,0
2,0,0,0,15,6,9717,1798,0,0,0,0,0,241828,2,0
1,0,0,0,22,7,9718,1798,0,0,0,0,0,248774,3,0
0,0,0,0,6,10,9719,1798,0,0,0,0,0,221279,4,0
2,0,0,0,18,13,9720,1798,0,0,0,0,0,228781,3,0
8,0,0,1,8,15,9721,1798,0,0,0,0,0,208302,2,0
3,0,0,1,10,24,9722,1798,0,0,0,0,0,225509,2,0
13,1,0,1,13,26,9723,1798,0,0,0,0,0,210724,4,0
1,0,0,0,26,28,9724,1798,0,0,0,0,0,239023,3,0
1,0,0,0,24,28,9725,1798,0,0,0,0,0,222714,3,0
3,0,0,1,16,28,9726,1798,0,0,0,0,0,223977,3,0
0,0,0,0,14,28,9727,1798,0,0,0,0,0,263801,3,0
0,0,0,0,27,28,9728,1798,0,0,0,0,0,225511,3,0
7,0,0,1,11,28,9729,1798,0,0,0,0,0,194964,3,0
1,0,0,0,7,28,9730,1798,0,0,0,0,0,224956,3,0
5,0,0,1,29,28,9731,1798,0,0,0,0,0,228148,3,0
0,0,0,0,17,28,9732,1798,0,0,0,0,0,231408,3,0
1,0,0,0,9,28,9733,1798,0,0,0,0,0,215374,3,0
1,0,0,0,23,28,9734,1798,0,0,0,0,0,223373,3,0
0,0,0,0,12,28,9735,1798,0,0,0,0,0,235618,3,0
0,0,0,0,30,29,9736,1798,0,0,0,0,0,264415,3,0
0,0,0,0,28,29,9737,1798,0,0,0,0,0,256442,3,0
0,0,0,0,25,29,9738,1798,0,0,0,0,0,200840,3,0
0,0,0,0,51,29,9739,1798,0,0,0,0,0,71069,3,0
0,0,0,0,33,29,9740,1798,0,0,0,0,0,276386,3,0
0,0,0,0,25,0,9741,1802,0,0,0,0,0,236337,3,0
0,0,0,0,2,3,9742,1802,0,0,0,0,0,240248,3,0
1,0,0,0,30,4,9743,1802,0,0,0,0,0,265596,2,0
0,0,0,0,5,6,9744,1802,0,0,0,0,0,256482,3,0
3,0,0,1,3,7,9745,1802,0,0,0,0,0,223981,3,0
5,0,0,1,8,9,9746,1802,0,0,0,0,0,228577,4,0
0,0,0,0,6,11,9747,1802,0,0,0,0,0,241409,3,0
1,0,0,0,7,12,9748,1802,0,0,0,0,0,189160,3,0
1,0,0,0,11,16,9749,1802,0,0,0,0,0,247833,3,0
7,0,0,1,23,18,9750,1802,0,0,0,0,0,211098,3,0
3,0,0,1,9,25,9751,1802,0,0,0,0,0,256786,2,0
0,0,0,0,27,28,9752,1802,0,0,0,0,0,272886,3,0
2,0,0,0,4,28,9753,1802,0,0,0,0,0,232102,3,0
0,0,0,0,22,28,9754,1802,0,0,0,0,0,250811,3,0
1,0,0,0,32,28,9755,1802,0,0,0,0,0,259228,3,0
0,0,0,0,1,28,9756,1802,0,0,0,0,0,19541,2,0
3,0,0,1,14,28,9757,1802,0,0,0,0,0,231411,3,0
1,0,0,0,10,28,9758,1802,0,0,0,0,0,198776,3,0
1,0,0,0,12,28,9759,1802,0,0,0,0,0,276942,2,0
2,0,0,0,19,28,9760,1802,0,0,0,0,0,179746,3,0
1,0,0,0,18,28,9761,1802,0,0,0,0,0,74116,3,0
0,0,0,0,15,28,9762,1802,0,0,0,0,0,78150,3,0
3,0,0,1,36,28,9763,1802,0,0,0,0,0,257261,3,0
0,0,0,0,39,29,9764,1802,0,0,0,0,0,194759,3,0
0,0,0,0,38,29,9765,1802,0,0,0,0,0,233865,2,0
0,0,0,0,21,29,9766,1802,0,0,0,0,0,74222,3,0
0,0,0,0,33,29,9767,1802,0,0,0,0,0,81344,3,0
0,0,0,0,26,29,9768,1802,0,0,0,0,0,74107,3,0
1,0,0,0,17,29,9769,1802,0,0,0,0,0,235014,3,0
0,0,0,0,1,0,9770,1803,0,0,0,0,0,275272,2,0
3,0,0,1,2,3,9771,1803,0,0,0,0,0,259091,2,0
1,0,0,0,33,4,9772,1803,0,0,0,0,0,75149,3,0
1,0,0,0,4,5,9773,1803,0,0,0,0,0,202408,2,0
3,0,0,1,30,6,9774,1803,0,0,0,0,0,265829,3,0
0,0,0,0,18,7,9775,1803,0,0,0,0,0,276047,3,0
0,0,0,0,14,10,9776,1803,0,0,0,0,0,223918,3,0
0,0,0,0,22,13,9777,1803,0,0,0,0,0,255196,3,0
1,0,0,0,8,15,9778,1803,0,0,0,0,0,240583,3,0
2,0,0,0,9,24,9779,1803,0,0,0,0,0,212683,3,0
12,1,0,1,15,26,9780,1803,0,0,0,0,0,267941,2,0
0,0,0,0,20,28,9781,1803,0,0,0,0,0,271445,2,0
1,0,0,0,17,28,9782,1803,0,0,0,0,0,79057,1,0
2,0,0,0,6,28,9783,1803,0,0,0,0,0,260818,3,0
0,0,0,0,3,28,9784,1803,0,0,0,0,0,264352,4,0
0,0,0,0,12,28,9785,1803,0,0,0,0,0,229393,3,0
0,0,0,0,23,28,9786,1803,0,0,0,0,0,230812,1,0
0,0,0,0,31,28,9787,1803,0,0,0,0,0,257793,3,0
4,0,0,1,19,28,9788,1803,0,0,0,0,0,260728,3,0
3,0,0,1,37,28,9789,1803,0,0,0,0,0,186783,3,0
0,0,0,0,35,28,9790,1803,0,0,0,0,0,264367,3,0
0,0,0,0,11,28,9791,1803,0,0,0,0,0,83185,3,0
0,0,0,0,7,28,9792,1803,0,0,0,0,0,205360,3,0
0,0,0,0,16,29,9793,1803,0,0,0,0,0,70029,3,0
0,0,0,0,34,29,9794,1803,0,0,0,0,0,80387,3,0
0,0,0,0,27,29,9795,1803,0,0,0,0,0,72528,3,0
0,0,0,0,24,29,9796,1803,0,0,0,0,0,276994,3,0
0,0,0,0,32,29,9797,1803,0,0,0,0,0,259475,3,0
1,0,0,0,5,29,9798,1803,0,0,0,0,0,79112,2,0
0,0,0,0,38,29,9799,1803,0,0,0,0,0,271099,3,0
0,0,0,0,1,0,9800,1920,0,0,0,0,0,227529,2,0
1,0,0,0,2,3,9801,1920,0,0,0,0,0,236702,3,0
0,0,0,0,5,4,9802,1920,0,0,0,0,0,209493,2,0
1,0,0,0,6,6,9803,1920,0,0,0,0,0,217332,2,0
0,0,0,0,24,7,9804,1920,0,0,0,0,0,227961,2,0
2,0,0,1,4,12,9805,1920,0,0,0,0,0,223902,2,0
0,0,0,0,8,13,9806,1920,0,0,0,0,0,205818,2,0
1,0,0,0,26,15,9807,1920,0,0,0,0,0,74303,2,0
1,0,0,0,19,16,9808,1920,0,0,0,0,0,242212,3,0
1,0,0,0,9,24,9809,1920,0,0,0,0,0,261211,3,0
7,0,0,1,28,26,9810,1920,0,0,0,0,0,273619,3,0
0,0,0,0,27,28,9811,1920,0,0,0,0,0,263950,3,0
0,0,0,0,20,28,9812,1920,0,0,0,0,0,205019,3,0
0,0,0,0,40,28,9813,1920,0,0,0,0,0,248469,3,0
0,0,0,0,3,28,9814,1920,0,0,0,0,0,263648,3,0
0,0,0,0,31,28,9815,1920,0,0,0,0,0,267739,3,0
3,0,0,1,21,28,9816,1920,0,0,0,0,0,237731,3,0
2,0,0,1,11,28,9817,1920,0,0,0,0,0,260439,2,0
3,0,0,1,14,28,9818,1920,0,0,0,0,0,169498,3,0
1,0,0,0,15,28,9819,1920,0,0,0,0,0,72582,2,0
0,0,0,0,16,28,9820,1920,0,0,0,0,0,266828,3,0
0,0,0,0,22,28,9821,1920,0,0,0,0,0,272446,3,0
0,0,0,0,7,28,9822,1920,0,0,0,0,0,83240,3,0
0,0,0,0,30,29,9823,1920,0,0,0,0,0,212006,3,0
0,0,0,0,10,29,9824,1920,0,0,0,0,0,220635,3,0
0,0,0,0,1,0,9825,1924,0,0,0,0,0,240597,2,0
0,0,0,0,20,3,9826,1924,0,0,0,0,0,258529,3,0
2,0,0,0,6,4,9827,1924,0,0,0,0,0,173671,4,0
0,0,0,0,5,6,9828,1924,0,0,0,0,0,193478,3,0
0,0,0,0,19,7,9829,1924,0,0,0,0,0,243279,3,0
3,0,0,1,4,9,9830,1924,0,0,0,0,0,206536,3,0
0,0,0,0,8,11,9831,1924,0,0,0,0,0,245531,3,0
3,0,0,1,7,12,9832,1924,0,0,0,0,0,226172,3,0
3,0,0,1,28,16,9833,1924,0,0,0,0,0,256481,3,0
4,0,0,1,17,18,9834,1924,0,0,0,0,0,247722,3,0
7,0,0,1,10,25,9835,1924,0,0,0,0,0,79284,3,0
1,0,0,0,13,28,9836,1924,0,0,0,0,0,189177,3,0
2,0,0,0,36,28,9837,1924,0,0,0,0,0,267868,3,0
1,0,0,0,22,28,9838,1924,0,0,0,0,0,226102,3,0
1,0,0,0,3,28,9839,1924,0,0,0,0,0,243056,3,0
0,0,0,0,23,28,9840,1924,0,0,0,0,0,213408,3,0
6,0,0,1,24,28,9841,1924,0,0,0,0,0,246349,4,0
2,0,0,0,11,28,9842,1924,0,0,0,0,0,267419,2,0
1,0,0,0,25,28,9843,1924,0,0,0,0,0,76969,3,0
3,0,0,1,9,28,9844,1924,0,0,0,0,0,194122,3,0
0,0,0,0,44,28,9845,1924,0,0,0,0,0,209675,3,0
0,0,0,0,26,28,9846,1924,0,0,0,0,0,264411,2,0
1,0,0,0,29,28,9847,1924,0,0,0,0,0,264514,2,0
0,0,0,0,45,29,9848,1924,0,0,0,0,0,208989,3,0
0,0,0,0,46,29,9849,1924,0,0,0,0,0,235347,4,0
0,0,0,0,43,29,9850,1924,0,0,0,0,0,80473,3,0
0,0,0,0,15,29,9851,1924,0,0,0,0,0,72583,3,0
0,0,0,0,37,29,9852,1924,0,0,0,0,0,74652,3,0
0,0,0,0,41,29,9853,1924,0,0,0,0,0,76257,3,0
0,0,0,0,40,29,9854,1924,0,0,0,0,0,72431,3,0
0,0,0,0,1,0,9855,1934,0,0,0,0,0,202770,4,0
3,0,0,1,19,3,9856,1934,0,0,0,0,0,263324,3,0
1,0,0,0,5,4,9857,1934,0,0,0,0,0,240897,5,0
2,0,0,1,17,5,9858,1934,0,0,0,0,0,200697,3,0
3,0,0,1,8,6,9859,1934,0,0,0,0,0,193608,3,0
1,0,0,0,33,7,9860,1934,0,0,0,0,0,279766,4,0
1,0,0,0,18,10,9861,1934,0,0,0,0,0,243767,5,0
1,0,0,0,7,13,9862,1934,0,0,0,0,0,204007,3,0
1,0,0,0,44,15,9863,1934,0,0,0,0,0,230590,4,0
17,1,0,1,23,24,9864,1934,0,0,0,1,0,242286,5,0
6,0,0,1,28,26,9865,1934,0,0,0,0,0,219550,3,0
1,0,0,0,22,28,9866,1934,0,0,0,0,0,277747,3,0
1,0,0,0,3,28,9867,1934,0,0,0,0,0,79092,3,0
0,0,0,0,16,28,9868,1934,0,0,0,0,0,77053,3,0
0,0,0,0,34,28,9869,1934,0,0,0,0,0,74338,5,0
0,0,0,0,12,28,9870,1934,0,0,0,0,0,223988,3,0
2,0,0,1,31,28,9871,1934,0,0,0,0,0,200440,3,0
0,0,0,0,6,28,9872,1934,0,0,0,0,0,243575,3,0
0,0,0,0,29,28,9873,1934,0,0,0,0,0,271173,5,0
1,0,0,0,24,28,9874,1934,0,0,0,0,0,71829,3,0
0,0,0,0,25,28,9875,1934,0,0,0,0,0,82934,3,0
0,0,0,0,37,28,9876,1934,0,0,0,0,0,80388,3,0
0,0,0,0,36,28,9877,1934,0,0,0,0,0,278994,3,0
0,0,0,0,45,29,9878,1934,0,0,0,0,0,82207,3,0
0,0,0,0,20,29,9879,1934,0,0,0,0,0,75766,3,0
0,0,0,0,38,29,9880,1934,0,0,0,0,0,80389,3,0
0,0,0,0,40,29,9881,1934,0,0,0,0,0,278993,3,0
0,0,0,0,21,29,9882,1934,0,0,0,0,0,189462,3,0
0,0,0,0,26,29,9883,1934,0,0,0,0,0,83631,3,0
0,0,0,0,27,29,9884,1934,0,0,0,0,0,274959,3,0
0,0,0,0,30,29,9885,1934,0,0,0,0,0,74121,3,0
1,0,0,0,10,29,9886,1934,0,0,0,0,0,236025,3,0
0,0,0,0,14,29,9887,1934,0,0,0,0,0,241646,3,0
2,0,0,1,9,29,9888,1934,0,0,0,0,0,247507,3,0
0,0,0,0,15,29,9889,1934,0,0,0,0,0,265562,3,0
0,0,0,0,1,0,9890,1935,0,0,0,0,0,213407,3,0
0,0,0,0,30,3,9891,1935,0,0,0,0,0,225625,3,0
2,0,0,0,5,4,9892,1935,0,0,0,0,0,241507,3,0
0,0,0,0,24,6,9893,1935,0,0,0,0,0,74430,3,0
1,0,0,0,3,7,9894,1935,0,0,0,0,0,230014,3,0
3,0,0,1,16,9,9895,1935,0,0,0,0,0,236818,3,0
0,0,0,0,8,11,9896,1935,0,0,0,0,0,222256,3,0
10,0,0,1,14,12,9897,1935,0,0,0,0,0,270609,3,0
7,0,0,1,7,16,9898,1935,0,0,0,0,0,225125,3,0
6,0,0,1,10,18,9899,1935,0,0,0,0,0,216467,4,0
3,0,0,1,9,25,9900,1935,0,0,0,0,0,258749,3,0
0,0,0,0,15,28,9901,1935,0,0,0,0,0,211928,2,0
0,0,0,0,11,28,9902,1935,0,0,0,0,0,273464,3,0
0,0,0,0,20,28,9903,1935,0,0,0,0,0,205393,3,0
0,0,0,0,2,28,9904,1935,0,0,0,0,0,215562,3,0
0,0,0,0,12,28,9905,1935,0,0,0,0,0,273889,3,0
1,0,0,0,21,28,9906,1935,0,0,0,0,0,258627,3,0
0,0,0,0,23,28,9907,1935,0,0,0,0,0,263336,3,0
7,0,0,1,33,28,9908,1935,0,0,0,0,0,279249,3,0
0,0,0,0,17,28,9909,1935,0,0,0,0,0,79172,3,0
1,0,0,0,19,28,9910,1935,0,0,0,0,0,264104,2,0
0,0,0,0,47,28,9911,1935,0,0,0,0,0,81496,3,0
0,0,0,0,44,28,9912,1935,0,0,0,0,0,81656,3,0
0,0,0,0,40,29,9913,1935,0,0,0,0,0,262028,3,0
0,0,0,0,42,29,9914,1935,0,0,0,0,0,74452,3,0
0,0,0,0,35,29,9915,1935,0,0,0,0,0,81495,3,0
0,0,0,0,22,29,9916,1935,0,0,0,0,0,263951,4,0
0,0,0,0,25,29,9917,1935,0,0,0,0,0,80501,2,0
0,0,0,0,18,29,9918,1935,0,0,0,0,0,71147,3,0
0,0,0,0,41,29,9919,1935,0,0,0,0,0,76226,3,0
0,0,0,0,6,29,9920,1935,0,0,0,0,0,194785,3,0
0,0,0,0,4,29,9921,1935,0,0,0,0,0,77124,3,0
0,0,0,0,1,0,9922,1936,0,0,0,0,0,203034,2,0
0,0,0,0,2,3,9923,1936,0,0,0,0,0,72809,3,0
1,0,0,0,6,4,9924,1936,0,0,0,0,0,229182,2,0
0,0,0,0,5,6,9925,1936,0,0,0,0,0,173734,3,0
1,0,0,0,27,7,9926,1936,0,0,0,0,0,266147,2,0
0,0,0,0,26,10,9927,1936,0,0,0,0,0,228638,3,0
4,0,0,1,11,12,9928,1936,0,0,0,0,0,70787,4,0
2,0,0,1,8,13,9929,1936,0,0,0,0,0,202698,2,0
0,0,0,0,7,15,9930,1936,0,0,0,0,0,76376,2,0
3,0,0,1,16,16,9931,1936,0,0,0,0,0,251346,3,0
2,0,0,1,20,25,9932,1936,0,0,0,0,0,262522,2,0
6,0,0,1,15,28,9933,1936,0,0,0,0,0,245893,3,0
1,0,0,0,24,28,9934,1936,0,0,0,0,0,243765,3,0
0,0,0,0,21,28,9935,1936,0,0,0,0,0,241397,2,0
0,0,0,0,14,28,9936,1936,0,0,0,0,0,229123,3,0
0,0,0,0,41,28,9937,1936,0,0,0,0,0,75440,3,0
0,0,0,0,28,28,9938,1936,0,0,0,0,0,278984,3,0
0,0,0,0,38,28,9939,1936,0,0,0,0,0,78122,3,0
0,0,0,0,18,28,9940,1936,0,0,0,0,0,275006,3,0
2,0,0,1,10,28,9941,1936,0,0,0,0,0,231929,3,0
0,0,0,0,3,28,9942,1936,0,0,0,0,0,252067,3,0
0,0,0,0,17,28,9943,1936,0,0,0,0,0,190240,3,0
0,0,0,0,30,28,9944,1936,0,0,0,0,0,275323,3,0
2,0,0,1,9,29,9945,1936,0,0,0,0,0,254838,3,0
0,0,0,0,42,29,9946,1936,0,0,0,0,0,80818,3,0
0,0,0,0,29,29,9947,1936,0,0,0,0,0,277860,3,0
0,0,0,0,19,29,9948,1936,0,0,0,0,0,73943,3,0
0,0,0,0,40,29,9949,1936,0,0,0,0,0,80272,3,0
0,0,0,0,39,29,9950,1936,0,0,0,0,0,73633,3,0
0,0,0,0,31,0,9951,1937,0,0,0,0,0,257862,4,0
2,0,0,1,25,3,9952,1937,0,0,0,0,0,241039,4,0
0,0,0,0,28,4,9953,1937,0,0,0,0,0,263739,3,0
0,0,0,0,5,5,9954,1937,0,0,0,0,0,234261,4,0
0,0,0,0,4,6,9955,1937,0,0,0,0,0,235808,3,0
0,0,0,0,47,7,9956,1937,0,0,0,0,0,241038,3,0
0,0,0,0,8,10,9957,1937,0,0,0,0,0,206202,5,0
5,0,0,1,26,13,9958,1937,0,0,0,0,0,72284,3,0
2,0,0,1,14,15,9959,1937,0,0,0,0,0,278986,4,0
12,1,0,1,29,24,9960,1937,0,0,0,0,0,256738,3,0
12,1,0,1,19,26,9961,1937,0,0,0,0,0,257614,2,0
0,0,0,0,18,28,9962,1937,0,0,0,0,0,211228,3,0
2,0,0,1,10,28,9963,1937,0,0,0,0,0,227764,3,0
0,0,0,0,3,28,9964,1937,0,0,0,0,0,200633,3,0
0,0,0,0,37,28,9965,1937,0,0,0,0,0,237975,3,0
0,0,0,0,21,28,9966,1937,0,0,0,0,0,271751,3,0
2,0,0,1,20,28,9967,1937,0,0,0,0,0,253974,5,0
2,0,0,1,11,28,9968,1937,0,0,0,0,0,254496,3,0
0,0,0,0,17,28,9969,1937,0,0,0,0,0,233128,4,0
1,0,0,0,16,28,9970,1937,0,0,0,0,0,278895,3,0
0,0,0,0,22,28,9971,1937,0,0,0,0,0,83063,3,0
0,0,0,0,12,28,9972,1937,0,0,0,0,0,272672,3,0
0,0,0,0,36,28,9973,1937,0,0,0,0,0,263840,3,0
0,0,0,0,6,29,9974,1937,0,0,0,0,0,271603,3,0
3,0,0,1,39,29,9975,1937,0,0,0,0,0,78414,3,0
0,0,0,0,23,29,9976,1937,0,0,0,0,0,272890,3,0
0,0,0,0,7,29,9977,1937,0,0,0,0,0,239672,3,0
0,0,0,0,13,29,9978,1937,0,0,0,0,0,77875,3,0
0,0,0,0,1,0,9979,1944,0,0,0,0,0,231046,3,0
0,0,0,0,2,3,9980,1944,0,0,0,0,0,262713,4,0
2,0,0,0,23,4,9981,1944,0,0,0,0,0,262714,4,0
4,0,0,1,6,6,9982,1944,0,0,0,0,0,244277,4,0
0,0,0,0,3,7,9983,1944,0,0,0,0,0,215855,3,0
0,0,0,0,8,9,9984,1944,0,0,0,0,0,189619,3,0
3,0,0,0,17,11,9985,1944,0,0,0,0,0,207956,3,0
3,0,0,0,7,12,9986,1944,0,0,0,0,0,230126,4,0
2,0,0,0,15,16,9987,1944,0,0,0,0,0,271675,3,0
4,0,0,1,11,18,9988,1944,0,0,0,0,0,212493,3,0
5,0,0,1,9,25,9989,1944,0,0,0,0,0,256711,5,0
0,0,0,0,5,28,9990,1944,0,0,0,0,0,188782,3,0
2,0,0,0,26,28,9991,1944,0,0,0,0,0,235329,4,0
1,0,0,0,21,28,9992,1944,0,0,0,0,0,233245,3,0
0,0,0,0,22,28,9993,1944,0,0,0,0,0,70836,3,0
0,0,0,0,25,28,9994,1944,0,0,0,0,0,79709,3,0
6,0,0,1,14,28,9995,1944,0,0,0,0,0,263955,4,0
0,0,0,0,4,28,9996,1944,0,0,0,0,0,222396,3,0
0,0,0,0,10,28,9997,1944,0,0,0,0,0,201514,3,0
2,0,0,0,20,28,9998,1944,0,0,0,0,0,263387,3,0
0,0,0,0,27,28,9999,1944,0,0,0,0,0,266528,3,0
0,0,0,0,38,28,10000,1944,0,0,0,0,0,272650,3,0
0,0,0,0,16,28,10001,1944,0,0,0,0,0,257291,3,0
2,0,0,0,24,29,10002,1944,0,0,0,0,0,263192,3,0
0,0,0,0,18,29,10003,1944,0,0,0,0,0,238450,3,0
0,0,0,0,31,29,10004,1944,0,0,0,0,0,78075,3,0
0,0,0,0,29,29,10005,1944,0,0,0,0,0,76566,3,0
4,0,0,1,19,29,10006,1944,0,0,0,0,0,238990,3,0
0,0,0,0,1,0,10007,1962,0,0,0,0,0,235027,3,0
0,0,0,0,2,3,10008,1962,0,0,0,0,0,251006,3,0
0,0,0,0,5,4,10009,1962,0,0,0,0,0,231107,5,0
0,0,0,0,6,6,10010,1962,0,0,0,0,0,246126,5,0
1,0,0,0,3,7,10011,1962,0,0,0,0,0,240606,3,0
0,0,0,0,8,10,10012,1962,0,0,0,0,0,200806,3,0
0,0,0,0,7,12,10013,1962,0,0,0,0,0,268529,5,0
1,0,0,0,20,13,10014,1962,0,0,0,0,0,198704,3,0
0,0,0,0,15,15,10015,1962,0,0,0,0,0,276332,5,0
2,0,0,1,11,16,10016,1962,0,0,0,0,0,235059,3,0
10,0,0,1,29,25,10017,1962,0,0,0,0,0,275443,3,0
1,0,0,0,14,28,10018,1962,0,0,0,0,0,251284,3,0
0,0,0,0,12,28,10019,1962,0,0,0,0,0,211363,3,0
1,0,0,0,23,28,10020,1962,0,0,0,0,0,223940,3,0
1,0,0,0,17,28,10021,1962,0,0,0,0,0,273692,5,0
0,0,0,0,13,28,10022,1962,0,0,0,0,0,262785,4,0
3,0,0,1,10,28,10023,1962,0,0,0,0,0,82188,5,0
0,0,0,0,25,28,10024,1962,0,0,0,0,0,262044,3,0
1,0,0,0,9,28,10025,1962,0,0,0,0,0,246096,3,0
3,0,0,1,19,28,10026,1962,0,0,0,0,0,203287,5,0
0,0,0,0,4,28,10027,1962,0,0,0,0,0,226791,3,0
1,0,0,0,39,28,10028,1962,0,0,0,0,0,242967,3,0
0,0,0,0,26,28,10029,1962,0,0,0,0,0,241699,5,0
0,0,0,0,35,29,10030,1962,0,0,0,0,0,268094,3,0
0,0,0,0,16,29,10031,1962,0,0,0,0,0,263371,3,0
3,0,0,1,27,29,10032,1962,0,0,0,0,0,230881,3,0
0,0,0,0,21,29,10033,1962,0,0,0,0,0,74384,3,0
0,0,0,0,13,0,10034,15048,0,0,0,0,0,52679,2,0
1,0,0,0,14,3,10035,15048,0,0,0,0,0,79585,3,0
3,0,0,0,2,4,10036,15048,0,0,0,0,0,213151,3,0
3,0,0,0,5,5,10037,15048,0,0,0,0,0,222625,3,0
0,0,0,0,4,6,10038,15048,0,0,0,0,0,206170,3,0
1,0,0,0,3,7,10039,15048,0,0,0,0,0,219486,3,0
0,0,0,0,8,13,10040,15048,0,0,0,0,0,244054,3,0
1,0,0,0,24,15,10041,15048,0,0,0,0,0,71129,3,0
8,0,0,1,7,18,10042,15048,0,0,0,0,0,268633,2,0
4,0,0,1,9,24,10043,15048,0,0,0,0,0,187796,2,0
4,0,0,1,29,26,10044,15048,0,0,0,0,0,211143,3,0
0,0,0,0,30,28,10045,15048,0,0,0,0,0,213127,3,0
0,0,0,0,23,28,10046,15048,0,0,0,0,0,258667,3,0
0,0,0,0,22,28,10047,15048,0,0,0,0,0,243840,3,0
0,0,0,0,16,28,10048,15048,0,0,0,0,0,200292,3,0
0,0,0,0,12,28,10049,15048,0,0,0,0,0,73987,3,0
0,0,0,0,42,28,10050,15048,0,0,0,0,0,255120,3,0
0,0,0,0,20,28,10051,15048,0,0,0,0,0,267744,3,0
6,0,0,1,11,28,10052,15048,0,0,0,0,0,236557,3,0
0,0,0,0,17,28,10053,15048,0,0,0,0,0,73040,3,0
0,0,0,0,1,28,10054,15048,0,0,0,0,0,225361,3,0
0,0,0,0,15,28,10055,15048,0,0,0,0,0,278555,2,0
1,0,0,0,27,28,10056,15048,0,0,0,0,0,78289,2,0
0,0,0,0,25,29,10057,15048,0,0,0,0,0,271126,3,0
0,0,0,0,6,29,10058,15048,0,0,0,0,0,268102,3,0
0,0,0,0,26,29,10059,15048,0,0,0,0,0,266871,3,0
0,0,0,0,19,29,10060,15048,0,0,0,0,0,270336,3,0
0,0,0,0,21,29,10061,15048,0,0,0,0,0,73041,3,0
4,0,0,1,18,29,10062,15048,0,0,0,0,0,207620,3,0
0,0,0,0,13,0,10063,110313,0,0,0,0,0,268839,3,0
0,0,0,0,38,3,10064,110313,0,0,0,0,0,275300,3,0
1,0,0,0,2,4,10065,110313,0,0,0,0,0,213686,4,0
1,0,0,0,5,5,10066,110313,0,0,0,0,0,223852,4,0
1,0,0,0,17,6,10067,110313,0,0,0,0,0,77046,4,0
4,0,0,1,30,7,10068,110313,0,0,0,0,0,77295,4,0
0,0,0,0,28,10,10069,110313,0,0,0,0,0,187782,3,0
4,0,0,1,11,13,10070,110313,0,0,0,0,0,80058,3,0
2,0,0,0,10,15,10071,110313,0,0,0,0,0,276980,2,0
5,0,0,1,8,24,10072,110313,0,0,0,0,0,189808,3,0
4,0,0,1,7,26,10073,110313,0,0,0,0,0,167512,4,0
0,0,0,0,6,28,10074,110313,0,0,0,0,0,238410,3,0
0,0,0,0,4,28,10075,110313,0,0,0,0,0,216790,3,0
0,0,0,0,3,28,10076,110313,0,0,0,0,0,79203,3,0
0,0,0,0,25,28,10077,110313,0,0,0,0,0,73752,3,0
0,0,0,0,1,28,10078,110313,0,0,0,0,0,222612,3,0
1,0,0,0,39,28,10079,110313,0,0,0,0,0,263811,3,0
0,0,0,0,20,28,10080,110313,0,0,0,0,0,238191,3,0
5,0,0,1,23,28,10081,110313,0,0,0,0,0,73754,3,0
3,0,0,0,18,28,10082,110313,0,0,0,0,0,256864,3,0
0,0,0,0,22,28,10083,110313,0,0,0,0,0,258592,3,0
0,0,0,0,9,28,10084,110313,0,0,0,0,0,241438,3,0
0,0,0,0,24,28,10085,110313,0,0,0,0,0,78115,3,0
0,0,0,0,27,29,10086,110313,0,0,0,0,0,78230,3,0
0,0,0,0,19,29,10087,110313,0,0,0,0,0,71272,3,0
0,0,0,0,31,29,10088,110313,0,0,0,0,0,80060,3,0
0,0,0,0,26,29,10089,110313,0,0,0,0,0,73753,3,0
0,0,0,0,21,29,10090,110313,0,0,0,0,0,74656,3,0
0,0,0,0,34,0,10091,110890,0,0,0,0,0,230653,3,0
0,0,0,0,19,3,10092,110890,0,0,0,0,0,243276,3,0
1,0,0,0,5,4,10093,110890,0,0,0,0,0,258776,4,0
0,0,0,0,3,5,10094,110890,0,0,0,0,0,213667,3,0
1,0,0,0,28,6,10095,110890,0,0,0,0,0,253386,5,0
1,0,0,0,22,7,10096,110890,0,0,0,0,0,276860,3,0
2,0,0,1,26,10,10097,110890,0,0,0,0,0,246243,3,0
2,0,0,1,10,13,10098,110890,0,0,0,0,0,219259,3,0
0,0,0,0,27,15,10099,110890,0,0,0,0,0,250791,3,0
0,0,0,0,99,24,10100,110890,0,0,0,0,0,262831,3,0
2,0,0,1,14,26,10101,110890,0,0,0,0,0,79388,3,0
2,0,0,1,6,28,10102,110890,0,0,0,0,0,262363,4,0
0,0,0,0,42,28,10103,110890,0,0,0,0,0,231481,4,0
1,0,0,0,41,28,10104,110890,0,0,0,0,0,231615,4,0
0,0,0,0,16,28,10105,110890,0,0,0,0,0,82931,3,0
0,0,0,0,35,28,10106,110890,0,0,0,0,0,256474,4,0
3,0,0,1,7,28,10107,110890,0,0,0,0,0,245649,3,0
2,0,0,1,4,28,10108,110890,0,0,0,0,0,246080,3,0
6,0,0,1,13,28,10109,110890,0,0,0,0,0,229398,3,0
3,0,0,1,21,28,10110,110890,0,0,0,0,0,236611,3,0
0,0,0,0,18,28,10111,110890,0,0,0,0,0,263931,3,0
1,0,0,0,2,28,10112,110890,0,0,0,0,0,193185,3,0
1,0,0,0,32,28,10113,110890,0,0,0,0,0,243393,3,0
0,0,0,0,31,29,10114,110890,0,0,0,0,0,244126,3,0
0,0,0,0,44,29,10115,110890,0,0,0,0,0,251311,3,0
3,0,0,1,49,29,10116,110890,0,0,0,0,0,252587,4,0
0,0,0,0,15,29,10117,110890,0,0,0,0,0,269931,3,0
0,0,0,0,30,29,10118,110890,0,0,0,0,0,83046,3,0
0,0,0,0,38,29,10119,110890,0,0,0,0,0,273540,3,0
0,0,0,0,12,29,10120,110890,0,0,0,0,0,251590,3,0
0,0,0,0,8,29,10121,110890,0,0,0,0,0,270705,3,0
0,0,0,0,33,29,10122,110890,0,0,0,0,0,81485,3,0
0,0,0,0,1,0,10123,112222,0,0,0,0,0,186494,3,0
0,0,0,0,2,3,10124,112222,0,0,0,0,0,73261,3,0
0,0,0,0,15,4,10125,112222,0,0,0,0,0,204297,3,0
0,0,0,0,5,6,10126,112222,0,0,0,0,0,247518,3,0
1,0,0,1,6,7,10127,112222,0,0,0,0,0,257873,3,0
0,0,0,0,8,9,10128,112222,0,0,0,0,0,212682,2,0
0,0,0,0,4,11,10129,112222,0,0,0,0,0,242730,4,0
1,0,0,1,21,12,10130,112222,0,0,0,0,0,263990,3,0
1,0,0,1,22,16,10131,112222,0,0,0,0,0,79162,4,0
3,0,0,1,14,18,10132,112222,0,0,0,0,0,197774,3,0
5,0,0,1,18,25,10133,112222,0,0,0,0,0,223073,3,0
0,0,0,0,27,28,10134,112222,0,0,0,0,0,235216,3,0
0,0,0,0,24,28,10135,112222,0,0,0,0,0,243827,3,0
0,0,0,0,3,28,10136,112222,0,0,0,0,0,271584,3,0
0,0,0,0,20,28,10137,112222,0,0,0,0,0,265575,3,0
0,0,0,0,13,28,10138,112222,0,0,0,0,0,266151,2,0
0,0,0,0,7,28,10139,112222,0,0,0,0,0,257872,3,0
0,0,0,0,17,28,10140,112222,0,0,0,0,0,225498,3,0
1,0,0,1,9,28,10141,112222,0,0,0,0,0,231613,3,0
0,0,0,0,10,28,10142,112222,0,0,0,0,0,205481,3,0
0,0,0,0,19,28,10143,112222,0,0,0,0,0,76799,3,0
0,0,0,0,44,28,10144,112222,0,0,0,0,0,190625,3,0
0,0,0,0,30,28,10145,112222,0,0,0,0,0,232648,2,0
0,0,0,0,26,29,10146,112222,0,0,0,0,0,252835,3,0
0,0,0,0,12,29,10147,112222,0,0,0,0,0,248126,2,0
0,0,0,0,16,29,10148,112222,0,0,0,0,0,275596,3,0
0,0,0,0,31,29,10149,112222,0,0,0,0,0,277913,2,0
0,0,0,0,25,29,10150,112222,0,0,0,0,0,80349,3,0
0,0,0,0,29,29,10151,112222,0,0,0,0,0,76261,3,0
1,0,0,1,37,29,10152,112222,0,0,0,0,0,263308,3,0
0,0,0,0,23,29,10153,112222,0,0,0,0,0,78095,2,0
0,0,0,0,32,29,10154,112222,0,0,0,0,0,268629,3,0
5,0,0,1,11,29,10155,112222,0,0,0,0,0,242961,3,0
0,0,0,0,28,0,10156,112254,0,0,0,0,0,233970,2,0
0,0,0,0,12,3,10157,112254,0,0,0,0,0,72939,3,0
0,0,0,0,15,4,10158,112254,0,0,0,0,0,79202,4,0
1,0,0,1,4,5,10159,112254,0,0,0,0,0,271876,2,0
0,0,0,0,23,6,10160,112254,0,0,0,0,0,231284,2,0
1,0,0,1,3,7,10161,112254,0,0,0,0,0,247741,2,0
3,0,0,1,21,23,10162,112254,0,0,0,0,0,73308,2,0
0,0,0,0,8,13,10163,112254,0,0,0,0,0,233050,3,0
0,0,0,0,6,15,10164,112254,0,0,0,0,0,254317,3,0
0,0,0,0,7,27,10165,112254,0,0,0,0,0,247890,2,0
4,0,0,1,9,25,10166,112254,0,0,0,0,0,220893,3,0
1,0,0,1,10,28,10167,112254,0,0,0,0,0,242258,2,0
1,0,0,1,18,28,10168,112254,0,0,0,0,0,216453,2,0
0,0,0,0,2,28,10169,112254,0,0,0,0,0,252305,3,0
0,0,0,0,17,28,10170,112254,0,0,0,0,0,278073,3,0
0,0,0,0,13,28,10171,112254,0,0,0,0,0,270660,3,0
0,0,0,0,14,28,10172,112254,0,0,0,0,0,229508,3,0
0,0,0,0,20,28,10173,112254,0,0,0,0,0,270065,3,0
2,0,0,1,19,28,10174,112254,0,0,0,0,0,258589,3,0
4,0,0,1,24,28,10175,112254,0,0,0,0,0,274359,3,0
0,0,0,0,32,28,10176,112254,0,0,0,0,0,270380,3,0
0,0,0,0,16,28,10177,112254,0,0,0,0,0,83158,2,0
0,0,0,0,22,28,10178,112254,0,0,0,0,0,257870,3,0
0,0,0,0,33,29,10179,112254,0,0,0,0,0,78391,3,0
0,0,0,0,25,29,10180,112254,0,0,0,0,0,279103,3,0
0,0,0,0,26,29,10181,112254,0,0,0,0,0,78306,3,0
0,0,0,0,30,29,10182,112254,0,0,0,0,0,278829,3,0
0,0,0,0,13,0,10183,112260,0,0,0,0,0,207606,2,0
3,0,0,1,16,3,10184,112260,0,0,0,0,0,268444,2,0
0,0,0,0,44,4,10185,112260,0,0,0,0,0,229232,3,0
1,0,0,0,5,5,10186,112260,0,0,0,0,0,71216,3,0
0,0,0,0,32,6,10187,112260,0,0,0,0,0,74158,2,0
0,0,0,0,33,7,10188,112260,0,0,0,0,0,236209,3,0
0,0,0,0,20,10,10189,112260,0,0,0,0,0,270491,3,0
3,0,0,1,8,13,10190,112260,0,0,0,0,0,242085,3,0
2,0,0,0,6,15,10191,112260,0,0,0,0,0,253374,4,0
4,0,0,1,17,24,10192,112260,0,0,0,0,0,186127,3,0
6,0,0,1,9,26,10193,112260,0,0,0,0,0,72459,4,0
0,0,0,0,26,28,10194,112260,0,0,0,0,0,256952,3,0
2,0,0,0,4,28,10195,112260,0,0,0,0,0,206554,3,0
0,0,0,0,18,28,10196,112260,0,0,0,0,0,251264,3,0
0,0,0,0,25,28,10197,112260,0,0,0,0,0,279856,3,0
0,0,0,0,37,28,10198,112260,0,0,0,0,0,76260,3,0
1,0,0,0,10,28,10199,112260,0,0,0,0,0,255474,4,0
3,0,0,1,15,28,10200,112260,0,0,0,0,0,237185,3,0
1,0,0,0,14,28,10201,112260,0,0,0,0,0,80881,3,0
2,0,0,0,11,28,10202,112260,0,0,0,0,0,193701,3,0
0,0,0,0,19,28,10203,112260,0,0,0,0,0,225245,3,0
0,0,0,0,2,28,10204,112260,0,0,0,0,0,240604,3,0
0,0,0,0,23,28,10205,112260,0,0,0,0,0,78047,3,0
0,0,0,0,34,29,10206,112260,0,0,0,0,0,76137,3,0
0,0,0,0,35,29,10207,112260,0,0,0,0,0,82260,2,0
0,0,0,0,29,29,10208,112260,0,0,0,0,0,276978,3,0
0,0,0,0,22,29,10209,112260,0,0,0,0,0,80412,3,0
0,0,0,0,3,29,10210,112260,0,0,0,0,0,268445,3,0
0,0,0,0,21,29,10211,112260,0,0,0,0,0,266208,3,0
0,0,0,0,1,0,10212,112764,0,0,0,0,0,219854,4,0
1,0,0,0,26,3,10213,112764,0,0,0,0,0,253445,3,0
6,0,0,1,5,4,10214,112764,0,0,0,0,0,223069,3,0
1,0,0,0,6,6,10215,112764,0,0,0,0,0,232114,3,0
2,0,0,0,30,7,10216,112764,0,0,0,0,0,270683,3,0
1,0,0,0,4,10,10217,112764,0,0,0,0,0,234487,3,0
2,0,0,0,18,12,10218,112764,0,0,0,0,0,251257,4,0
1,0,0,0,7,13,10219,112764,0,0,0,0,0,72456,3,0
0,0,0,0,20,15,10220,112764,0,0,0,0,0,72454,3,0
0,0,0,0,11,16,10221,112764,0,0,0,0,0,213969,3,0
14,1,0,1,9,25,10222,112764,0,0,0,0,0,72457,3,0
7,0,0,1,8,28,10223,112764,0,0,0,0,0,225310,5,0
3,0,0,1,16,28,10224,112764,0,0,0,0,0,247085,3,0
0,0,0,0,17,28,10225,112764,0,0,0,0,0,186122,3,0
0,0,0,0,22,28,10226,112764,0,0,0,0,0,81337,3,0
0,0,0,0,12,28,10227,112764,0,0,0,0,0,258056,3,0
0,0,0,0,25,28,10228,112764,0,0,0,0,0,76571,3,0
0,0,0,0,31,28,10229,112764,0,0,0,0,0,262133,3,0
1,0,0,0,10,28,10230,112764,0,0,0,0,0,235218,3,0
9,0,0,1,14,28,10231,112764,0,0,0,0,0,237355,3,0
0,0,0,0,34,28,10232,112764,0,0,0,0,0,80474,3,0
0,0,0,0,28,28,10233,112764,0,0,0,0,0,74148,3,0
0,0,0,0,2,28,10234,112764,0,0,0,0,0,200841,3,0
1,0,0,0,3,29,10235,112764,0,0,0,0,0,240334,3,0
0,0,0,0,15,29,10236,112764,0,0,0,0,0,245070,3,0
0,0,0,0,1,0,10237,113926,0,0,0,0,0,279028,5,0
0,0,0,0,45,3,10238,113926,0,0,0,0,0,244985,4,0
1,0,0,0,6,4,10239,113926,0,0,0,0,0,203292,4,0
4,0,0,1,22,5,10240,113926,0,0,0,0,0,78407,3,0
3,0,0,0,29,6,10241,113926,0,0,0,0,0,192319,4,0
4,0,0,1,14,7,10242,113926,0,0,0,0,0,197170,3,0
2,0,0,0,18,10,10243,113926,0,0,0,0,0,230876,3,0
4,0,0,1,21,13,10244,113926,0,0,0,0,0,268904,3,0
2,0,0,0,8,15,10245,113926,0,0,0,0,0,219177,4,0
7,0,0,1,23,24,10246,113926,0,0,0,0,0,233572,3,0
5,0,0,1,10,26,10247,113926,0,0,0,0,0,263975,4,0
2,0,0,0,17,28,10248,113926,0,0,0,0,0,252435,3,0
0,0,0,0,12,28,10249,113926,0,0,0,0,0,238319,3,0
0,0,0,0,19,28,10250,113926,0,0,0,0,0,246173,3,0
0,0,0,0,2,28,10251,113926,0,0,0,0,0,258375,3,0
0,0,0,0,33,28,10252,113926,0,0,0,0,0,183789,3,0
1,0,0,0,4,28,10253,113926,0,0,0,0,0,251516,3,0
2,0,0,0,7,28,10254,113926,0,0,0,0,0,236248,3,0
1,0,0,0,9,28,10255,113926,0,0,0,0,0,207828,3,0
0,0,0,0,11,28,10256,113926,0,0,0,0,0,252549,3,0
0,0,0,0,15,28,10257,113926,0,0,0,0,0,237316,4,0
0,0,0,0,27,28,10258,113926,0,0,0,0,0,264554,3,0
0,0,0,0,5,28,10259,113926,0,0,0,0,0,212487,3,0
1,0,0,0,16,29,10260,113926,0,0,0,0,0,186200,3,0
0,0,0,0,30,29,10261,113926,0,0,0,0,0,279236,3,0
0,0,0,0,34,29,10262,113926,0,0,0,0,0,80330,3,0
0,0,0,0,25,29,10263,113926,0,0,0,0,0,279117,3,0
9,0,0,1,26,29,10264,113926,0,0,0,0,0,246094,3,0
0,0,0,0,28,29,10265,113926,0,0,0,0,0,261156,3,0
0,0,0,0,20,29,10266,113926,0,0,0,0,0,264580,3,0
0,0,0,0,35,29,10267,113926,0,0,0,0,0,72294,3,0
1,0,0,0,31,29,10268,113926,0,0,0,0,0,80565,3,0
0,0,0,0,30,0,10269,305,0,0,0,0,0,241052,3,0
0,0,0,0,4,3,10270,305,0,0,0,0,0,243596,3,0
0,0,0,0,2,4,10271,305,0,0,0,0,0,252476,3,0
1,0,0,0,28,6,10272,305,0,0,0,0,0,235704,3,0
2,0,0,0,6,7,10273,305,0,0,0,0,1,227288,3,0
5,0,0,1,10,9,10274,305,0,0,0,0,0,252758,3,0
0,0,0,0,17,11,10275,305,0,0,0,0,0,227679,3,0
7,0,0,1,26,12,10276,305,1,0,0,0,2,251454,3,0
4,0,0,0,8,16,10277,305,0,0,0,0,0,255621,3,0
0,0,0,0,32,18,10278,305,0,0,0,0,0,75527,3,0
7,0,0,1,18,25,10279,305,0,0,0,0,0,269954,3,0
5,0,0,1,9,28,10280,305,1,0,0,0,1,267768,3,0
1,0,0,0,19,28,10281,305,0,0,0,0,0,72986,3,0
1,0,0,0,7,28,10282,305,0,0,0,0,0,250815,3,0
0,0,0,0,20,28,10283,305,0,0,0,0,0,279520,3,0
0,0,0,0,40,28,10284,305,0,0,0,0,0,82729,3,0
0,0,0,0,33,28,10285,305,0,0,0,0,0,75586,3,0
2,0,0,0,24,28,10286,305,0,0,0,0,0,272877,3,0
1,0,0,0,14,28,10287,305,0,0,0,0,0,271618,3,0
5,0,0,1,29,28,10288,305,0,0,0,0,0,71141,3,0
2,0,0,0,38,28,10289,305,0,0,0,0,0,230081,3,0
0,0,0,0,34,28,10290,305,0,0,0,0,0,82997,3,0
0,0,0,0,35,28,10291,305,0,0,0,0,0,261420,3,0
1,0,0,0,36,29,10292,305,0,0,0,0,0,251283,3,0
0,0,0,0,37,29,10293,305,0,0,0,0,0,274269,3,0
0,0,0,0,15,29,10294,305,0,0,0,0,0,278864,3,0
0,0,0,0,44,29,10295,305,0,0,0,0,0,253760,3,0
0,0,0,0,1,0,10296,306,0,0,0,0,0,237927,3,0
3,0,0,1,6,4,10297,306,0,0,0,0,0,233056,3,0
2,0,0,0,4,5,10298,306,0,0,0,0,0,202014,3,0
0,0,0,0,13,6,10299,306,0,0,0,0,0,192546,3,0
3,0,0,1,17,10,10300,306,0,0,0,0,0,273573,3,0
2,0,0,0,21,12,10301,306,0,0,0,0,0,243163,3,0
2,0,0,0,29,13,10302,306,0,0,0,0,0,218744,3,0
1,0,0,0,7,15,10303,306,0,0,0,0,1,236364,3,0
1,0,0,0,11,16,10304,306,0,0,0,0,0,229249,3,0
6,0,0,1,31,24,10305,306,0,0,0,0,0,71919,3,0
8,0,0,1,10,26,10306,306,0,0,0,0,0,183544,3,0
1,0,0,0,14,28,10307,306,0,0,0,0,0,240978,3,0
0,0,0,0,23,28,10308,306,0,0,0,0,0,248723,3,0
3,0,0,1,5,28,10309,306,0,0,0,0,0,231303,3,0
0,0,0,0,27,28,10310,306,0,0,0,0,0,277852,3,0
0,0,0,0,25,28,10311,306,0,0,0,0,0,227570,3,0
0,0,0,0,88,28,10312,306,0,0,0,0,0,78949,3,0
0,0,0,0,36,28,10313,306,0,0,0,0,0,77506,3,0
0,0,0,0,16,28,10314,306,0,0,0,0,0,221534,3,0
1,0,0,0,2,28,10315,306,1,0,0,0,1,193768,3,0
9,1,0,1,20,28,10316,306,0,0,0,0,1,207491,3,0
0,0,0,0,18,28,10317,306,0,0,0,0,0,231926,3,0
6,0,0,1,9,28,10318,306,0,0,0,0,0,198543,3,0
0,0,0,0,19,29,10319,306,0,0,0,0,0,83559,3,0
0,0,0,0,38,29,10320,306,0,0,0,0,0,72106,3,0
0,0,0,0,41,29,10321,306,0,0,0,0,0,77335,3,0
0,0,0,0,26,29,10322,306,0,0,0,0,0,271556,3,0
0,0,0,0,24,29,10323,306,0,0,0,0,0,80227,3,0
0,0,0,0,37,29,10324,306,0,0,0,0,0,72108,3,0
0,0,0,0,13,0,10325,422,0,0,0,0,0,271667,3,0
2,0,0,1,17,3,10326,422,0,0,0,0,0,248429,3,0
1,0,0,1,5,4,10327,422,0,0,0,0,0,76419,3,0
0,0,0,0,4,5,10328,422,0,0,0,0,0,227948,3,0
0,0,0,0,28,6,10329,422,0,0,0,0,0,225873,3,0
1,0,0,1,20,7,10330,422,0,0,0,0,0,277345,3,0
0,0,0,0,16,13,10331,422,0,0,0,0,0,200900,3,0
1,0,0,1,6,15,10332,422,0,0,0,0,0,182156,3,0
0,0,0,0,11,18,10333,422,0,0,0,0,0,278636,3,0
3,0,0,1,9,24,10334,422,0,0,0,0,0,221810,3,0
5,0,0,1,24,26,10335,422,0,0,0,0,0,212223,3,0
0,0,0,0,15,28,10336,422,0,0,0,0,0,276814,3,0
1,0,0,1,25,28,10337,422,0,0,0,0,0,77436,3,0
0,0,0,0,19,28,10338,422,0,0,0,0,0,77430,3,0
0,0,0,0,2,28,10339,422,0,0,0,0,0,77435,3,0
0,0,0,0,1,28,10340,422,0,0,0,0,0,260018,3,0
0,0,0,0,38,28,10341,422,0,0,0,0,0,80219,3,0
0,0,0,0,34,28,10342,422,0,0,0,0,0,279145,3,0
0,0,0,0,26,28,10343,422,0,0,0,0,0,77434,3,0
3,0,0,1,8,28,10344,422,0,0,0,0,0,263030,3,0
0,0,0,0,94,0,10345,423,0,0,0,0,0,244191,3,0
2,0,0,1,15,3,10346,423,0,0,0,0,0,253943,3,0
2,0,0,1,4,4,10347,423,0,0,0,0,0,246079,3,0
0,0,0,0,5,6,10348,423,0,0,0,0,0,251178,3,0
0,0,0,0,3,7,10349,423,0,0,0,0,0,227182,3,0
3,0,0,1,7,23,10350,423,0,0,0,0,0,230847,3,0
5,0,0,1,8,13,10351,423,0,0,0,0,0,202819,3,0
1,0,0,0,6,14,10352,423,0,0,0,0,0,242230,3,0
0,0,0,0,17,15,10353,423,0,0,0,0,0,239642,3,0
2,0,0,1,25,27,10354,423,0,0,0,0,0,242984,3,0
6,0,0,1,9,25,10355,423,0,0,0,0,0,237863,3,0
2,0,0,1,10,28,10356,423,0,0,0,0,0,263098,3,0
1,0,0,0,24,28,10357,423,0,0,0,0,0,70744,3,0
0,0,0,0,2,28,10358,423,0,0,0,0,0,211978,3,0
2,0,0,1,11,28,10359,423,0,0,0,0,0,247000,3,0
0,0,0,0,1,28,10360,423,0,0,0,0,0,208697,3,0
0,0,0,0,18,28,10361,423,0,0,0,0,0,254138,3,0
0,0,0,0,19,28,10362,423,0,0,0,0,0,251262,3,0
0,0,0,0,27,28,10363,423,0,0,0,0,0,243427,3,0
0,0,0,0,16,28,10364,423,0,0,0,0,0,259472,3,0
0,0,0,0,14,28,10365,423,0,0,0,0,0,83524,3,0
0,0,0,0,28,28,10366,423,0,0,0,0,0,276749,3,0
0,0,0,0,38,28,10367,423,0,0,0,0,0,72714,3,0
0,0,0,0,50,29,10368,423,0,0,0,0,0,71490,3,0
0,0,0,0,1,0,10369,445,0,0,0,0,0,242229,3,0
2,0,0,0,25,3,10370,445,0,0,0,0,0,274636,3,0
1,0,0,0,4,4,10371,445,0,0,0,0,0,251416,3,0
0,0,0,0,22,6,10372,445,0,0,0,0,0,238260,3,0
1,0,0,0,19,7,10373,445,0,0,0,0,1,237933,3,0
4,0,0,1,11,23,10374,445,0,0,0,0,1,244655,3,0
1,0,0,0,12,13,10375,445,0,0,0,0,0,247166,3,0
0,0,0,0,20,14,10376,445,0,0,0,0,0,201901,3,0
4,0,0,1,8,15,10377,445,0,0,0,0,0,246136,3,0
12,1,0,1,7,27,10378,445,1,0,0,0,2,210263,3,0
3,0,0,0,10,25,10379,445,0,0,0,0,0,229921,3,0
8,0,0,1,27,28,10380,445,0,0,0,0,0,201346,3,0
0,0,0,0,14,28,10381,445,0,0,0,0,0,235650,3,0
0,0,0,0,23,28,10382,445,0,0,0,0,0,221167,3,0
2,0,0,0,33,28,10383,445,0,0,0,0,0,228134,3,0
0,0,0,0,13,28,10384,445,0,0,0,0,0,247571,3,0
3,0,0,0,35,28,10385,445,0,0,0,0,0,277353,3,0
0,0,0,0,16,28,10386,445,0,0,0,0,0,198489,3,0
8,0,0,1,29,28,10387,445,0,0,0,0,0,261276,3,0
3,0,0,0,21,28,10388,445,0,0,0,0,0,227082,3,0
0,0,0,0,34,28,10389,445,0,0,0,0,0,277023,3,0
0,0,0,0,36,28,10390,445,0,0,0,0,0,74353,3,0
0,0,0,0,44,28,10391,445,0,0,0,0,0,83480,3,0
0,0,0,0,41,29,10392,445,0,0,0,0,0,279568,3,0
0,0,0,0,29,0,10393,563,0,0,0,0,0,228582,3,0
0,0,0,0,12,3,10394,563,0,0,0,0,0,71384,3,0
1,0,0,0,15,4,10395,563,1,0,0,0,1,264695,3,0
2,0,0,1,52,6,10396,563,0,0,0,0,0,278511,3,0
0,0,0,0,3,7,10397,563,0,0,0,0,0,277547,3,0
0,0,0,0,10,9,10398,563,0,0,0,0,0,228292,3,0
0,0,0,0,4,11,10399,563,0,0,0,0,0,270374,3,0
2,0,0,1,14,12,10400,563,0,0,0,0,0,261677,3,0
0,0,0,0,7,16,10401,563,0,0,0,0,0,241582,3,0
6,0,0,1,8,18,10402,563,0,0,0,0,0,266209,3,0
0,0,0,0,33,25,10403,563,0,0,0,0,0,261454,3,0
5,0,0,1,11,28,10404,563,0,0,0,0,1,247371,3,0
0,0,0,0,45,28,10405,563,0,0,0,0,0,204787,3,0
0,0,0,0,34,28,10406,563,0,0,0,0,0,237969,3,0
0,0,0,0,46,28,10407,563,0,0,0,0,0,278641,3,0
0,0,0,0,13,28,10408,563,0,0,0,0,0,138431,3,0
2,0,0,1,54,28,10409,563,0,0,0,0,0,262181,3,0
0,0,0,0,24,28,10410,563,0,0,0,0,0,77876,3,0
4,0,0,1,19,28,10411,563,0,0,0,0,0,267425,3,0
0,0,0,0,71,28,10412,563,0,0,0,0,0,278643,3,0
0,0,0,0,23,28,10413,563,0,0,0,0,0,278642,3,0
0,0,0,0,61,28,10414,563,0,0,0,0,0,72717,3,0
0,0,0,0,67,28,10415,563,0,0,0,0,0,72715,3,0
0,0,0,0,44,29,10416,563,0,0,0,0,0,72719,3,0
0,0,0,0,1,0,10417,753,0,0,0,0,0,273558,3,0
0,0,0,0,40,3,10418,753,0,0,0,0,0,77509,3,0
0,0,0,0,43,4,10419,753,0,0,0,0,0,77510,3,0
0,0,0,0,22,5,10420,753,0,0,0,0,0,78231,3,0
0,0,0,0,4,6,10421,753,0,0,0,0,0,259234,3,0
0,0,0,0,41,7,10422,753,0,0,0,0,0,264493,3,0
0,0,0,0,27,10,10423,753,0,0,0,0,0,71148,3,0
6,0,0,1,12,13,10424,753,0,0,0,0,0,261876,3,0
2,0,0,1,15,15,10425,753,0,0,0,0,0,260881,3,0
14,1,0,1,9,24,10426,753,1,0,0,1,1,183807,3,0
9,1,0,1,18,26,10427,753,0,0,0,0,1,262651,3,0
0,0,0,0,99,28,10428,753,0,0,0,0,0,243910,3,0
1,0,0,0,19,28,10429,753,0,0,0,0,0,272401,3,0
1,0,0,0,14,28,10430,753,0,0,0,0,0,274451,3,0
0,0,0,0,47,28,10431,753,0,0,0,0,0,77598,3,0
0,0,0,0,5,28,10432,753,0,0,0,0,0,75916,3,0
1,0,0,0,6,28,10433,753,0,0,0,0,0,258532,3,0
2,0,0,1,16,28,10434,753,0,0,0,0,0,276927,3,0
0,0,0,0,25,28,10435,753,0,0,0,0,0,278183,3,0
0,0,0,0,33,28,10436,753,0,0,0,0,0,75962,3,0
0,0,0,0,26,28,10437,753,0,0,0,0,0,71149,3,0
0,0,0,0,32,28,10438,753,0,0,0,0,0,275469,3,0
0,0,0,0,46,28,10439,753,0,0,0,0,0,259250,3,0
0,0,0,0,31,29,10440,753,0,0,0,0,0,240838,3,0
0,0,0,0,36,29,10441,753,0,0,0,0,0,83482,3,0
0,0,0,0,37,29,10442,753,0,0,0,0,0,71145,3,0
0,0,0,0,32,0,10443,834,0,0,0,0,0,264764,3,0
3,0,0,0,27,3,10444,834,0,0,0,0,0,267771,3,0
0,0,0,0,2,4,10445,834,0,0,0,0,0,203095,3,0
0,0,0,0,29,5,10446,834,0,0,0,0,0,205139,3,0
1,0,0,0,15,6,10447,834,0,0,0,0,0,238197,3,0
0,0,0,0,3,7,10448,834,0,0,0,0,0,240473,3,0
1,0,0,0,6,10,10449,834,0,0,0,0,0,236379,3,0
9,1,0,1,7,13,10450,834,0,0,0,0,1,263650,3,0
4,0,0,1,23,15,10451,834,0,0,0,0,1,254158,3,0
8,0,0,1,11,24,10452,834,0,0,0,0,1,258515,3,0
3,0,0,0,9,26,10453,834,0,0,0,0,0,230722,3,0
0,0,0,0,28,28,10454,834,0,0,0,0,0,76857,3,0
5,0,0,1,14,28,10455,834,0,0,0,0,0,226429,3,0
1,0,0,0,5,28,10456,834,0,0,0,0,0,240535,3,0
0,0,0,0,4,28,10457,834,0,0,0,0,0,253421,3,0
0,0,0,0,19,28,10458,834,0,0,0,0,0,267736,3,0
0,0,0,0,36,28,10459,834,0,0,0,0,0,83481,3,0
0,0,0,0,25,28,10460,834,0,0,0,0,0,77433,3,0
0,0,0,0,34,28,10461,834,0,0,0,0,0,79128,3,0
7,0,0,1,10,28,10462,834,0,0,0,0,2,243127,3,0
2,0,0,0,17,28,10463,834,0,0,0,0,0,242638,3,0
0,0,0,0,16,28,10464,834,0,0,0,0,0,209475,3,0
1,0,0,0,21,28,10465,834,0,0,0,0,0,274390,3,0
0,0,0,0,26,29,10466,834,0,0,0,0,0,276460,3,0
0,0,0,0,33,29,10467,834,0,0,0,0,0,83183,3,0
0,0,0,0,1,0,10468,1571,0,0,0,0,0,276900,3,0
0,0,0,0,11,3,10469,1571,0,0,0,0,0,227895,3,0
0,0,0,0,4,4,10470,1571,0,0,0,0,0,269615,3,0
1,0,0,1,5,6,10471,1571,0,0,0,0,0,228108,3,0
0,0,0,0,30,7,10472,1571,0,0,0,0,0,260885,3,0
0,0,0,0,34,9,10473,1571,0,0,0,0,0,236495,3,0
0,0,0,0,26,11,10474,1571,0,0,0,0,0,241690,3,0
1,0,0,1,24,12,10475,1571,0,0,0,0,0,71142,3,0
0,0,0,0,15,16,10476,1571,0,0,0,0,0,82522,3,0
4,0,0,1,10,18,10477,1571,0,0,0,0,0,71140,3,0
4,0,0,1,19,25,10478,1571,0,0,0,0,0,71137,3,0
1,0,0,1,20,28,10479,1571,0,0,0,0,0,200844,3,0
0,0,0,0,6,28,10480,1571,0,0,0,0,0,71379,3,0
0,0,0,0,2,28,10481,1571,0,0,0,0,0,77872,3,0
0,0,0,0,23,28,10482,1571,0,0,0,0,0,255348,3,0
0,0,0,0,16,28,10483,1571,0,0,0,0,0,77439,3,0
1,0,0,1,27,28,10484,1571,0,0,0,0,0,80017,3,0
5,0,0,1,7,28,10485,1571,1,0,0,0,2,200404,3,0
1,0,0,1,22,28,10486,1571,0,0,0,0,0,202731,3,0
0,0,0,0,21,28,10487,1571,0,0,0,0,0,226006,3,0
0,0,0,0,40,28,10488,1571,0,0,0,0,0,81444,3,0
0,0,0,0,29,28,10489,1571,0,0,0,0,0,75447,3,0
0,0,0,0,14,28,10490,1571,0,0,0,0,0,75138,3,0
0,0,0,0,1,0,10491,1572,0,0,0,0,0,261284,3,0
0,0,0,0,2,3,10492,1572,0,0,0,0,0,80754,3,0
0,0,0,0,4,4,10493,1572,0,0,0,0,0,259300,3,0
7,0,0,1,22,5,10494,1572,1,0,0,0,1,273027,3,0
0,0,0,0,18,6,10495,1572,0,0,0,0,0,73542,3,0
0,0,0,0,3,7,10496,1572,0,0,0,0,0,236845,3,0
2,0,0,1,19,10,10497,1572,0,0,0,0,0,198990,3,0
2,0,0,1,17,13,10498,1572,0,0,0,0,0,255628,3,0
2,0,0,1,10,15,10499,1572,0,0,0,0,0,243764,3,0
7,0,0,1,24,24,10500,1572,0,0,0,0,0,274456,3,0
0,0,0,0,14,26,10501,1572,0,0,0,0,0,236742,3,0
0,0,0,0,8,28,10502,1572,0,0,0,0,0,79878,3,0
0,0,0,0,23,28,10503,1572,0,0,0,0,0,77410,3,0
0,0,0,0,31,28,10504,1572,0,0,0,0,0,270706,3,0
0,0,0,0,5,28,10505,1572,0,0,0,0,0,77351,3,0
0,0,0,0,44,28,10506,1572,0,0,0,0,0,271117,3,0
3,0,0,1,15,28,10507,1572,0,0,0,0,0,77752,3,0
2,0,0,1,11,28,10508,1572,0,0,0,0,0,252251,3,0
0,0,0,0,25,28,10509,1572,0,0,0,0,0,278165,3,0
0,0,0,0,26,28,10510,1572,0,0,0,0,0,80160,3,0
0,0,0,0,7,28,10511,1572,0,0,0,0,0,83130,3,0
0,0,0,0,36,28,10512,1572,0,0,0,0,0,76094,3,0
0,0,0,0,28,28,10513,1572,0,0,0,0,0,72988,3,0
0,0,0,0,29,29,10514,1572,0,0,0,0,0,74123,3,0
0,0,0,0,1,0,10515,301,0,0,0,0,0,215502,1,0
0,0,0,0,91,3,10516,301,0,0,0,0,0,72907,2,0
0,0,0,0,5,4,10517,301,0,0,0,0,0,262938,1,0
0,0,0,0,14,6,10518,301,0,0,0,0,0,278628,1,0
0,0,0,0,17,7,10519,301,0,0,0,0,0,251143,1,0
0,0,0,0,22,12,10520,301,0,0,0,0,0,258608,1,0
4,0,0,1,6,13,10521,301,0,0,0,0,0,269616,1,0
0,0,0,0,21,15,10522,301,0,0,0,0,0,217605,2,0
1,0,0,1,19,16,10523,301,0,0,0,0,0,201114,1,0
10,1,0,1,99,24,10524,301,0,0,0,0,0,241921,3,0
1,0,0,1,9,26,10525,301,0,0,0,0,0,234683,2,0
0,0,0,0,8,28,10526,301,0,0,0,0,0,254084,3,0
0,0,0,0,25,28,10527,301,0,0,0,0,0,243185,3,0
0,0,0,0,2,28,10528,301,0,0,0,0,0,243080,3,0
0,0,0,0,4,28,10529,301,0,0,0,0,0,244891,3,0
0,0,0,0,98,28,10530,301,0,0,0,0,0,72923,3,0
5,0,0,1,10,28,10531,301,0,0,0,0,0,269632,3,0
1,0,0,1,18,28,10532,301,0,0,0,0,0,261400,3,0
1,0,0,1,77,28,10533,301,0,0,0,0,0,256894,3,0
0,0,0,0,7,28,10534,301,0,0,0,0,0,257473,3,0
0,0,0,0,30,28,10535,301,0,0,0,0,0,81342,3,0
0,0,0,0,3,28,10536,301,0,0,0,0,0,73048,3,0
1,0,0,1,13,28,10537,301,0,0,0,0,0,79252,3,0
1,0,0,1,16,29,10538,301,0,0,0,0,0,251594,3,0
0,0,0,0,55,29,10539,301,0,0,0,0,0,259456,3,0
0,0,0,0,20,29,10540,301,0,0,0,0,0,276689,3,0
0,0,0,0,33,29,10541,301,0,0,0,0,0,276354,3,0
0,0,0,0,43,29,10542,301,0,0,0,0,0,76971,3,0
0,0,0,0,1,0,10543,420,0,0,0,0,0,276518,2,0
0,0,0,0,61,3,10544,420,0,0,0,0,0,239808,3,0
0,0,0,0,20,4,10545,420,0,0,0,0,0,236304,3,0
2,0,0,1,26,6,10546,420,0,0,0,0,0,201132,2,0
3,0,0,1,64,7,10547,420,0,0,0,0,0,225996,5,0
4,0,0,1,8,10,10548,420,0,0,0,0,0,255343,5,0
0,0,0,0,18,12,10549,420,0,0,0,0,0,271984,3,0
2,0,0,1,14,13,10550,420,0,0,0,0,0,223307,4,0
0,0,0,0,13,15,10551,420,0,0,0,0,0,270046,3,0
3,0,0,1,33,16,10552,420,0,0,0,0,0,72588,5,0
6,0,0,1,23,25,10553,420,0,0,0,0,0,246954,3,0
0,0,0,0,36,28,10554,420,0,0,0,0,0,244550,3,0
0,0,0,0,5,28,10555,420,0,0,0,0,0,263262,3,0
0,0,0,0,4,28,10556,420,0,0,0,0,0,220230,3,0
0,0,0,0,16,28,10557,420,0,0,0,0,0,204687,3,0
0,0,0,0,99,28,10558,420,0,0,0,0,0,224761,3,0
0,0,0,0,15,28,10559,420,0,0,0,0,0,241689,3,0
1,0,0,0,17,28,10560,420,0,0,0,0,0,276877,3,0
0,0,0,0,11,28,10561,420,0,0,0,0,0,257396,3,0
0,0,0,0,77,28,10562,420,0,0,0,0,0,83171,3,0
0,0,0,0,10,28,10563,420,0,0,0,0,0,150516,3,0
0,0,0,0,38,28,10564,420,0,0,0,0,0,274710,3,0
0,0,0,0,9,28,10565,420,0,0,0,0,0,241053,3,0
0,0,0,0,27,29,10566,420,0,0,0,0,0,277589,3,0
0,0,0,0,28,29,10567,420,0,0,0,0,0,79085,3,0
0,0,0,0,92,29,10568,420,0,0,0,0,0,80092,3,0
0,0,0,0,41,0,10569,873,0,0,0,0,0,235304,2,0
2,0,0,1,2,3,10570,873,0,0,0,0,0,258276,3,0
1,0,0,0,72,4,10571,873,0,0,0,0,0,248508,3,0
0,0,0,0,16,6,10572,873,0,0,0,0,0,226518,1,0
0,0,0,0,15,7,10573,873,0,0,0,0,0,274830,2,0
0,0,0,0,88,12,10574,873,0,0,0,0,0,267467,3,0
0,0,0,0,43,13,10575,873,0,0,0,0,0,261108,3,0
1,0,0,0,24,15,10576,873,0,0,0,0,0,220912,3,0
4,0,0,1,77,16,10577,873,0,0,0,0,0,278069,2,0
2,0,0,1,99,18,10578,873,0,0,0,0,0,259105,2,0
10,1,0,1,9,25,10579,873,0,0,0,0,0,206626,2,0
0,0,0,0,6,28,10580,873,0,0,0,0,0,271645,3,0
0,0,0,0,20,28,10581,873,0,0,0,0,0,233409,3,0
0,0,0,0,4,28,10582,873,0,0,0,0,0,242629,3,0
0,0,0,0,3,28,10583,873,0,0,0,0,0,70084,3,0
0,0,0,0,1,28,10584,873,0,0,0,0,0,74875,3,0
2,0,0,1,8,28,10585,873,0,0,0,0,0,243551,2,0
0,0,0,0,56,28,10586,873,0,0,0,0,0,70963,3,0
3,0,0,1,14,28,10587,873,0,0,0,0,0,237371,2,0
1,0,0,0,7,28,10588,873,0,0,0,0,0,265735,3,0
0,0,0,0,10,28,10589,873,0,0,0,0,0,254148,3,0
0,0,0,0,22,28,10590,873,0,0,0,0,0,209417,3,0
0,0,0,0,11,28,10591,873,0,0,0,0,0,271326,3,0
0,0,0,0,27,29,10592,873,0,0,0,0,0,72095,2,0
1,0,0,0,23,29,10593,873,0,0,0,0,0,76294,3,0
0,0,0,0,31,29,10594,873,0,0,0,0,0,252783,3,0
0,0,0,0,33,29,10595,873,0,0,0,0,0,276731,3,0
0,0,0,0,54,29,10596,873,0,0,0,0,0,81263,3,0
0,0,0,0,53,29,10597,873,0,0,0,0,0,76918,3,0
0,0,0,0,12,0,10598,1569,0,0,0,0,0,229227,4,0
1,0,0,0,21,3,10599,1569,0,0,0,0,0,258465,5,0
0,0,0,0,2,4,10600,1569,0,0,0,0,0,263506,3,0
0,0,0,0,4,5,10601,1569,0,0,0,0,0,209438,4,0
2,0,0,1,35,6,10602,1569,0,0,0,0,0,199761,3,0
0,0,0,0,13,7,10603,1569,0,0,0,0,0,225927,5,0
2,0,0,1,8,10,10604,1569,0,0,0,0,0,188554,4,0
0,0,0,0,14,13,10605,1569,0,0,0,0,0,221428,3,0
2,0,0,1,30,15,10606,1569,0,0,0,0,0,77592,4,0
2,0,0,1,66,24,10607,1569,0,0,0,0,0,235507,3,0
8,0,0,1,20,26,10608,1569,0,0,0,0,0,229072,3,0
0,0,0,0,17,28,10609,1569,0,0,0,0,0,252470,3,0
0,0,0,0,18,28,10610,1569,0,0,0,0,0,75164,4,0
0,0,0,0,84,28,10611,1569,0,0,0,0,0,245278,3,0
0,0,0,0,25,28,10612,1569,0,0,0,0,0,198892,3,0
0,0,0,0,1,28,10613,1569,0,0,0,0,0,79077,3,0
1,0,0,0,11,28,10614,1569,0,0,0,0,0,79070,3,0
0,0,0,0,6,28,10615,1569,0,0,0,0,0,79071,3,0
2,0,0,1,99,28,10616,1569,0,0,0,0,0,264251,5,0
0,0,0,0,9,28,10617,1569,0,0,0,0,0,79759,3,0
0,0,0,0,3,28,10618,1569,0,0,0,0,0,70878,3,0
0,0,0,0,16,28,10619,1569,0,0,0,0,0,230683,3,0
0,0,0,0,27,28,10620,1569,0,0,0,0,0,79074,3,0
0,0,0,0,26,29,10621,1569,0,0,0,0,0,72948,3,0
0,0,0,0,1,0,10622,1871,0,0,0,0,0,262251,1,0
2,0,0,1,7,3,10623,1871,0,0,0,0,0,203568,3,0
0,0,0,0,91,4,10624,1871,0,0,0,0,0,252018,2,0
0,0,0,0,3,6,10625,1871,0,0,0,0,0,269507,3,0
0,0,0,0,19,7,10626,1871,0,0,0,0,0,235172,3,0
1,0,0,1,44,10,10627,1871,0,0,0,0,0,223779,3,0
1,0,0,1,21,12,10628,1871,0,0,0,0,0,266277,2,0
1,0,0,1,22,13,10629,1871,0,0,0,0,0,257956,4,0
2,0,0,1,67,15,10630,1871,0,0,0,0,0,216003,3,0
2,0,0,1,77,16,10631,1871,0,0,0,0,0,273100,2,0
3,0,0,1,29,25,10632,1871,0,0,0,0,0,272853,2,0
1,0,0,1,53,28,10633,1871,0,0,0,0,0,71485,3,0
1,0,0,1,30,28,10634,1871,0,0,0,0,0,225995,2,0
0,0,0,0,13,28,10635,1871,0,0,0,0,0,234760,4,0
0,0,0,0,12,28,10636,1871,0,0,0,0,0,234813,3,0
0,0,0,0,89,28,10637,1871,0,0,0,0,0,248586,3,0
0,0,0,0,82,28,10638,1871,0,0,0,0,0,254819,2,0
0,0,0,0,5,28,10639,1871,0,0,0,0,0,219780,3,0
1,0,0,1,8,28,10640,1871,0,0,0,0,0,218985,3,0
1,0,0,1,18,28,10641,1871,0,0,0,0,0,240240,3,0
0,0,0,0,14,28,10642,1871,0,0,0,0,0,220785,3,0
0,0,0,0,11,28,10643,1871,0,0,0,0,0,255779,3,0
0,0,0,0,23,28,10644,1871,0,0,0,0,0,239505,3,0
0,0,0,0,6,29,10645,1871,0,0,0,0,0,76086,3,0
1,0,0,1,55,29,10646,1871,0,0,0,0,0,177790,2,0
0,0,0,0,27,29,10647,1871,0,0,0,0,0,269707,3,0
0,0,0,0,20,29,10648,1871,0,0,0,0,0,74399,3,0
0,0,0,0,51,29,10649,1871,0,0,0,0,0,76150,3,0
0,0,0,0,1,0,10650,110206,0,0,0,0,0,216110,3,0
0,0,0,0,30,4,10651,110206,0,0,0,0,0,239768,3,0
3,0,0,1,4,5,10652,110206,0,0,0,0,0,244160,5,0
4,0,0,1,6,6,10653,110206,0,0,0,0,0,227738,5,0
0,0,0,0,11,23,10654,110206,0,0,0,0,0,194769,3,0
2,0,0,0,23,12,10655,110206,0,0,0,0,0,236459,4,0
0,0,0,0,77,13,10656,110206,0,0,0,0,0,275233,5,0
0,0,0,0,5,15,10657,110206,0,0,0,0,0,252382,3,0
1,0,0,0,8,16,10658,110206,0,0,0,0,0,233470,4,0
6,0,0,1,27,27,10659,110206,0,0,0,0,0,235471,5,0
3,0,0,1,99,25,10660,110206,0,0,0,0,0,239627,3,0
0,0,0,0,19,28,10661,110206,0,0,0,0,0,73311,3,0
1,0,0,0,22,28,10662,110206,0,0,0,0,0,244167,3,0
0,0,0,0,16,28,10663,110206,0,0,0,0,0,72598,3,0
0,0,0,0,2,28,10664,110206,0,0,0,0,0,70928,3,0
0,0,0,0,12,28,10665,110206,0,0,0,0,0,257669,3,0
0,0,0,0,70,28,10666,110206,0,0,0,0,0,222329,3,0
0,0,0,0,10,28,10667,110206,0,0,0,0,0,252509,3,0
5,0,0,1,97,28,10668,110206,0,0,0,0,0,255699,2,0
2,0,0,0,80,28,10669,110206,0,0,0,0,0,255105,3,0
0,0,0,0,3,28,10670,110206,0,0,0,0,0,252223,3,0
2,0,0,0,15,28,10671,110206,0,0,0,0,0,240499,3,0
0,0,0,0,24,28,10672,110206,0,0,0,0,0,258691,3,0
0,0,0,0,7,29,10673,110206,0,0,0,0,0,252209,3,0
0,0,0,0,17,29,10674,110206,0,0,0,0,0,257664,3,0
0,0,0,0,13,29,10675,110206,0,0,0,0,0,72593,3,0
0,0,0,0,20,29,10676,110206,0,0,0,0,0,276681,3,0
0,0,0,0,28,29,10677,110206,0,0,0,0,0,72601,3,0
0,0,0,0,33,29,10678,110206,0,0,0,0,0,72590,3,0
0,0,0,0,50,0,10679,110745,0,0,0,0,0,267994,2,0
1,0,0,1,15,3,10680,110745,0,0,0,0,0,258604,5,0
0,0,0,0,3,4,10681,110745,0,0,0,0,0,273855,3,0
1,0,0,1,13,6,10682,110745,0,0,0,0,0,263670,3,0
0,0,0,0,27,7,10683,110745,0,0,0,0,0,255760,4,0
1,0,0,1,6,9,10684,110745,0,0,0,0,0,224336,5,0
0,0,0,0,31,11,10685,110745,0,0,0,0,0,252859,3,0
1,0,0,1,7,12,10686,110745,0,0,0,0,0,235983,4,0
0,0,0,0,72,16,10687,110745,0,0,0,0,0,233222,2,0
8,0,0,1,11,18,10688,110745,0,0,0,0,0,224146,3,0
8,0,0,1,10,25,10689,110745,0,0,0,0,0,239267,4,0
1,0,0,1,86,28,10690,110745,0,0,0,0,0,77376,4,0
0,0,0,0,70,28,10691,110745,0,0,0,0,0,247412,2,0
0,0,0,0,44,28,10692,110745,0,0,0,0,0,262940,3,0
0,0,0,0,23,28,10693,110745,0,0,0,0,0,277752,3,0
0,0,0,0,22,28,10694,110745,0,0,0,0,0,278112,3,0
3,0,0,1,21,28,10695,110745,0,0,0,0,0,252598,3,0
1,0,0,1,8,28,10696,110745,0,0,0,0,0,271937,3,0
0,0,0,0,19,28,10697,110745,0,0,0,0,0,221564,3,0
0,0,0,0,14,28,10698,110745,0,0,0,0,0,72360,3,0
0,0,0,0,4,28,10699,110745,0,0,0,0,0,243220,3,0
3,0,0,1,9,28,10700,110745,0,0,0,0,0,74340,3,0
1,0,0,1,17,28,10701,110745,0,0,0,0,0,261358,3,0
0,0,0,0,66,29,10702,110745,0,0,0,0,0,81867,3,0
0,0,0,0,77,0,10703,110746,0,0,0,0,0,236330,3,0
0,0,0,0,28,3,10704,110746,0,0,0,0,0,213933,2,0
2,0,0,1,2,4,10705,110746,0,0,0,0,0,269411,3,0
0,0,0,0,41,6,10706,110746,0,0,0,0,0,253170,2,0
0,0,0,0,32,7,10707,110746,0,0,0,0,0,239106,3,0
1,0,0,0,7,12,10708,110746,0,0,0,0,0,254541,2,0
3,0,0,1,8,13,10709,110746,0,0,0,0,0,194149,5,0
1,0,0,0,19,15,10710,110746,0,0,0,0,0,270885,3,0
6,0,0,1,11,16,10711,110746,0,0,0,0,0,177922,2,0
2,0,0,1,90,18,10712,110746,0,0,0,0,0,253407,3,0
4,0,0,1,18,25,10713,110746,0,0,0,0,0,252580,3,0
0,0,0,0,6,28,10714,110746,0,0,0,0,0,260302,3,0
0,0,0,0,4,28,10715,110746,0,0,0,0,0,270764,3,0
1,0,0,0,22,28,10716,110746,0,0,0,0,0,274213,3,0
1,0,0,0,13,28,10717,110746,0,0,0,0,0,266437,2,0
0,0,0,0,31,28,10718,110746,0,0,0,0,0,210422,3,0
0,0,0,0,36,28,10719,110746,0,0,0,0,0,213209,3,0
0,0,0,0,14,28,10720,110746,0,0,0,0,0,218746,3,0
0,0,0,0,24,28,10721,110746,0,0,0,0,0,212398,3,0
0,0,0,0,20,28,10722,110746,0,0,0,0,0,279626,3,0
3,0,0,1,9,28,10723,110746,0,0,0,0,0,80871,3,0
0,0,0,0,23,28,10724,110746,0,0,0,0,0,204884,3,0
0,0,0,0,61,28,10725,110746,0,0,0,0,0,252506,3,0
0,0,0,0,15,29,10726,110746,0,0,0,0,0,252736,3,0
0,0,0,0,17,29,10727,110746,0,0,0,0,0,73310,3,0
0,0,0,0,35,29,10728,110746,0,0,0,0,0,74381,3,0
0,0,0,0,13,0,10729,110747,0,0,0,0,0,222908,3,0
2,0,0,1,25,3,10730,110747,0,0,0,0,0,235005,3,0
0,0,0,0,79,4,10731,110747,0,0,0,0,0,269506,3,0
1,0,0,0,4,5,10732,110747,0,0,0,0,0,245722,3,0
0,0,0,0,66,6,10733,110747,0,0,0,0,0,270382,5,0
3,0,0,1,39,7,10734,110747,0,0,0,0,0,274369,3,0
4,0,0,1,14,23,10735,110747,0,0,0,0,0,254333,4,0
0,0,0,0,43,13,10736,110747,0,0,0,0,0,192955,5,0
0,0,0,0,6,15,10737,110747,0,0,0,0,0,261298,5,0
3,0,0,1,17,27,10738,110747,0,0,0,0,0,248201,3,0
1,0,0,0,11,25,10739,110747,0,0,0,0,0,274212,5,0
0,0,0,0,10,28,10740,110747,0,0,0,0,0,230690,3,0
2,0,0,1,7,28,10741,110747,0,0,0,0,0,248147,3,0
0,0,0,0,21,28,10742,110747,0,0,0,0,0,255891,4,0
0,0,0,0,61,28,10743,110747,0,0,0,0,0,261675,4,0
0,0,0,0,27,28,10744,110747,0,0,0,0,0,232131,3,0
0,0,0,0,70,28,10745,110747,0,0,0,0,0,270999,3,0
0,0,0,0,20,28,10746,110747,0,0,0,0,0,262825,4,0
0,0,0,0,22,28,10747,110747,0,0,0,0,0,72976,3,0
1,0,0,0,18,28,10748,110747,0,0,0,0,0,277457,3,0
0,0,0,0,99,28,10749,110747,0,0,0,0,0,268464,3,0
0,0,0,0,15,28,10750,110747,0,0,0,0,0,190547,3,0
0,0,0,0,5,28,10751,110747,0,0,0,0,0,83398,3,0
0,0,0,0,28,29,10752,110747,0,0,0,0,0,78374,3,0
0,0,0,0,91,29,10753,110747,0,0,0,0,0,72094,3,0
0,0,0,0,12,0,10754,110749,0,0,0,0,0,194333,3,0
0,0,0,0,16,3,10755,110749,0,0,0,0,0,77296,3,0
1,0,0,0,5,4,10756,110749,0,0,0,0,0,257649,3,0
2,0,0,1,25,5,10757,110749,0,0,0,0,0,214884,3,0
0,0,0,0,3,6,10758,110749,0,0,0,0,0,275952,2,0
0,0,0,0,35,7,10759,110749,0,0,0,0,0,79136,3,0
2,0,0,1,44,12,10760,110749,0,0,0,0,0,73903,3,0
2,0,0,1,39,13,10761,110749,0,0,0,0,0,270542,3,0
0,0,0,0,8,15,10762,110749,0,0,0,0,0,198046,3,0
1,0,0,0,77,16,10763,110749,0,0,0,0,0,256578,3,0
5,0,0,1,9,25,10764,110749,0,0,0,0,0,260941,2,0
0,0,0,0,6,28,10765,110749,0,0,0,0,0,235101,3,0
0,0,0,0,26,28,10766,110749,0,0,0,0,0,73490,4,0
0,0,0,0,4,28,10767,110749,0,0,0,0,0,251764,2,0
0,0,0,0,31,28,10768,110749,0,0,0,0,0,277034,2,0
0,0,0,0,1,28,10769,110749,0,0,0,0,0,190698,3,0
0,0,0,0,7,28,10770,110749,0,0,0,0,0,238775,3,0
4,0,0,1,18,28,10771,110749,0,0,0,0,0,262699,2,0
3,0,0,1,19,28,10772,110749,0,0,0,0,0,257165,2,0
0,0,0,0,17,28,10773,110749,0,0,0,0,0,73007,3,0
0,0,0,0,30,28,10774,110749,0,0,0,0,0,219967,3,0
1,0,0,0,27,28,10775,110749,0,0,0,0,0,75097,3,0
0,0,0,0,13,28,10776,110749,0,0,0,0,0,262691,3,0
1,0,0,0,20,29,10777,110749,0,0,0,0,0,75101,3,0
0,0,0,0,15,29,10778,110749,0,0,0,0,0,232181,3,0
0,0,0,0,11,29,10779,110749,0,0,0,0,0,201172,3,0
0,0,0,0,23,29,10780,110749,0,0,0,0,0,265631,3,0
0,0,0,0,99,29,10781,110749,0,0,0,0,0,73483,3,0
0,0,0,0,84,29,10782,110749,0,0,0,0,0,83552,3,0
0,0,0,0,22,29,10783,110749,0,0,0,0,0,76006,3,0
0,0,0,0,77,0,10784,111082,0,0,0,0,0,219705,3,0
0,0,0,0,29,4,10785,111082,0,0,0,0,0,234704,3,0
0,0,0,0,23,5,10786,111082,0,0,0,0,0,240997,3,0
0,0,0,0,3,6,10787,111082,0,0,0,0,0,240278,3,0
1,0,0,1,2,12,10788,111082,0,0,0,0,0,231600,3,0
2,0,0,1,35,13,10789,111082,0,0,0,0,0,78535,3,0
0,0,0,0,10,15,10790,111082,0,0,0,0,0,243516,3,0
1,0,0,1,11,16,10791,111082,0,0,0,0,0,254820,3,0
1,0,0,1,31,17,10792,111082,0,0,0,0,0,244731,3,0
3,0,0,1,37,19,10793,111082,0,0,0,0,0,212249,3,0
5,0,0,1,99,25,10794,111082,0,0,0,0,0,245528,3,0
1,0,0,1,33,28,10795,111082,0,0,0,0,0,203575,3,0
0,0,0,0,27,28,10796,111082,0,0,0,0,0,228875,3,0
0,0,0,0,7,28,10797,111082,0,0,0,0,0,79237,3,0
0,0,0,0,4,28,10798,111082,0,0,0,0,0,254294,3,0
0,0,0,0,1,28,10799,111082,0,0,0,0,0,252505,3,0
0,0,0,0,21,28,10800,111082,0,0,0,0,0,233835,3,0
0,0,0,0,8,28,10801,111082,0,0,0,0,0,266654,3,0
0,0,0,0,9,28,10802,111082,0,0,0,0,0,270591,3,0
0,0,0,0,19,28,10803,111082,0,0,0,0,0,233214,3,0
0,0,0,0,36,28,10804,111082,0,0,0,0,0,214893,3,0
1,0,0,1,6,28,10805,111082,0,0,0,0,0,238461,3,0
0,0,0,0,94,28,10806,111082,0,0,0,0,0,78528,3,0
0,0,0,0,17,29,10807,111082,0,0,0,0,0,79836,3,0
0,0,0,0,30,29,10808,111082,0,0,0,0,0,244478,3,0
0,0,0,0,1,0,10809,111083,0,0,0,0,0,256953,3,0
1,0,0,0,24,4,10810,111083,0,0,0,0,0,73763,4,0
4,0,0,1,44,5,10811,111083,0,0,0,0,0,76966,5,0
0,0,0,0,5,6,10812,111083,0,0,0,0,0,252913,5,0
2,0,0,1,71,12,10813,111083,0,0,0,0,0,243690,4,0
0,0,0,0,88,13,10814,111083,0,0,0,0,0,79253,5,0
2,0,0,1,8,15,10815,111083,0,0,0,0,0,231923,5,0
2,0,0,1,3,16,10816,111083,0,0,0,0,0,263509,5,0
0,0,0,0,10,17,10817,111083,0,0,0,0,0,211243,3,0
6,0,0,1,7,19,10818,111083,0,0,0,0,0,242509,3,0
2,0,0,1,14,25,10819,111083,0,0,0,0,0,208306,5,0
0,0,0,0,27,28,10820,111083,0,0,0,0,0,251489,3,0
0,0,0,0,23,28,10821,111083,0,0,0,0,0,277289,3,0
0,0,0,0,6,28,10822,111083,0,0,0,0,0,275951,3,0
0,0,0,0,61,28,10823,111083,0,0,0,0,0,79008,3,0
0,0,0,0,87,28,10824,111083,0,0,0,0,0,277330,3,0
0,0,0,0,86,28,10825,111083,0,0,0,0,0,213613,3,0
0,0,0,0,15,28,10826,111083,0,0,0,0,0,258250,3,0
1,0,0,0,9,28,10827,111083,0,0,0,0,0,79618,3,0
3,0,0,1,70,28,10828,111083,0,0,0,0,0,253735,4,0
0,0,0,0,26,28,10829,111083,0,0,0,0,0,255008,3,0
0,0,0,0,11,28,10830,111083,0,0,0,0,0,258709,3,0
0,0,0,0,77,28,10831,111083,0,0,0,0,0,211245,3,0
0,0,0,0,37,29,10832,111083,0,0,0,0,0,73621,3,0
0,0,0,0,13,29,10833,111083,0,0,0,0,0,269427,3,0
0,0,0,0,17,29,10834,111083,0,0,0,0,0,79830,3,0
0,0,0,0,20,29,10835,111083,0,0,0,0,0,79831,3,0
0,0,0,0,21,29,10836,111083,0,0,0,0,0,77166,3,0
0,0,0,0,22,29,10837,111083,0,0,0,0,0,78009,3,0
0,0,0,0,26,0,10838,111086,0,0,0,0,0,242514,5,0
0,0,0,0,55,3,10839,111086,0,0,0,0,0,242906,5,0
0,0,0,0,4,4,10840,111086,0,0,0,0,0,214882,3,0
1,0,0,1,5,6,10841,111086,0,0,0,0,0,255158,5,0
1,0,0,1,29,7,10842,111086,0,0,0,0,0,263036,5,0
2,0,0,1,10,10,10843,111086,0,0,0,0,0,224062,5,0
0,0,0,0,98,23,10844,111086,0,0,0,0,0,231267,3,0
2,0,0,1,6,13,10845,111086,0,0,0,0,0,194059,4,0
0,0,0,0,20,15,10846,111086,0,0,0,0,0,234883,3,0
1,0,0,1,11,27,10847,111086,0,0,0,0,0,257161,5,0
3,0,0,1,63,25,10848,111086,0,0,0,0,0,76839,4,0
1,0,0,1,17,28,10849,111086,0,0,0,0,0,231848,3,0
0,0,0,0,28,28,10850,111086,0,0,0,0,0,261110,3,0
0,0,0,0,22,28,10851,111086,0,0,0,0,0,224188,3,0
0,0,0,0,36,28,10852,111086,0,0,0,0,0,270715,5,0
0,0,0,0,33,28,10853,111086,0,0,0,0,0,244498,3,0
1,0,0,1,7,28,10854,111086,0,0,0,0,0,244213,5,0
0,0,0,0,31,28,10855,111086,0,0,0,0,0,270381,5,0
0,0,0,0,80,28,10856,111086,0,0,0,0,0,246787,3,0
1,0,0,1,9,28,10857,111086,0,0,0,0,0,231601,3,0
1,0,0,1,70,28,10858,111086,0,0,0,0,0,262575,5,0
0,0,0,0,35,28,10859,111086,0,0,0,0,0,77338,3,0
0,0,0,0,23,28,10860,111086,0,0,0,0,0,272735,3,0
0,0,0,0,16,29,10861,111086,0,0,0,0,0,77526,3,0
0,0,0,0,79,29,10862,111086,0,0,0,0,0,75998,3,0
0,0,0,0,1,0,10863,111088,0,0,0,0,0,244551,3,0
2,0,0,0,24,3,10864,111088,0,0,0,0,0,258713,3,0
1,0,0,0,14,4,10865,111088,0,0,0,0,0,76315,3,0
1,0,0,0,26,6,10866,111088,0,0,0,0,0,236508,3,0
0,0,0,0,20,7,10867,111088,0,0,0,0,0,70170,3,0
0,0,0,0,28,9,10868,111088,0,0,0,0,0,262681,3,0
3,0,0,1,10,11,10869,111088,0,0,0,0,0,231460,3,0
6,0,0,1,13,12,10870,111088,0,0,0,0,0,250932,3,0
5,0,0,1,11,16,10871,111088,0,0,0,0,0,258722,3,0
1,0,0,0,27,18,10872,111088,0,0,0,0,0,204078,3,0
6,0,0,1,25,25,10873,111088,0,0,0,0,0,209323,3,0
0,0,0,0,7,28,10874,111088,0,0,0,0,0,72658,3,0
0,0,0,0,77,28,10875,111088,0,0,0,0,0,210401,3,0
0,0,0,0,3,28,10876,111088,0,0,0,0,0,264681,3,0
1,0,0,0,5,28,10877,111088,0,0,0,0,0,262504,3,0
0,0,0,0,44,28,10878,111088,0,0,0,0,0,278972,3,0
1,0,0,0,6,28,10879,111088,0,0,0,0,0,252038,3,0
4,0,0,1,21,28,10880,111088,0,0,0,0,0,243205,3,0
0,0,0,0,82,28,10881,111088,0,0,0,0,0,244186,3,0
2,0,0,0,15,28,10882,111088,0,0,0,0,0,253225,3,0
0,0,0,0,2,28,10883,111088,0,0,0,0,0,247288,3,0
0,0,0,0,16,28,10884,111088,0,0,0,0,0,211622,3,0
0,0,0,0,9,28,10885,111088,0,0,0,0,0,262685,3,0
0,0,0,0,75,29,10886,111088,0,0,0,0,0,269970,3,0
0,0,0,0,18,0,10887,111091,0,0,0,0,0,263851,4,0
0,0,0,0,16,3,10888,111091,0,0,0,0,0,277885,3,0
1,0,0,0,80,4,10889,111091,0,0,0,0,0,251760,4,0
1,0,0,0,15,6,10890,111091,0,0,0,0,0,274729,3,0
1,0,0,0,27,7,10891,111091,0,0,0,0,0,79514,5,0
2,0,0,0,10,9,10892,111091,0,0,0,0,0,242350,3,0
4,0,0,1,5,11,10893,111091,0,0,0,0,0,72586,5,0
3,0,0,1,11,12,10894,111091,0,0,0,0,0,255361,5,0
4,0,0,1,79,16,10895,111091,0,0,0,0,0,263778,4,0
1,0,0,0,99,18,10896,111091,0,0,0,0,0,266110,5,0
14,1,0,1,89,25,10897,111091,0,0,0,1,0,72589,5,0
0,0,0,0,17,28,10898,111091,0,0,0,0,0,271543,3,0
1,0,0,0,2,28,10899,111091,0,0,0,0,0,263244,3,0
0,0,0,0,4,28,10900,111091,0,0,0,0,0,74352,5,0
0,0,0,0,23,28,10901,111091,0,0,0,0,0,235100,3,0
0,0,0,0,1,28,10902,111091,0,0,0,0,0,263763,3,0
1,0,0,0,8,28,10903,111091,0,0,0,0,0,258771,4,0
0,0,0,0,33,28,10904,111091,0,0,0,0,0,275610,5,0
3,0,0,1,7,28,10905,111091,0,0,0,0,0,259896,3,0
2,0,0,0,90,28,10906,111091,0,0,0,0,0,239779,3,0
0,0,0,0,29,28,10907,111091,0,0,0,0,0,220482,3,0
0,0,0,0,6,28,10908,111091,0,0,0,0,0,73574,3,0
0,0,0,0,21,28,10909,111091,0,0,0,0,0,76967,3,0
0,0,0,0,76,29,10910,111091,0,0,0,0,0,80628,3,0
0,0,0,0,1,0,10911,111097,0,0,0,0,0,73285,3,0
0,0,0,0,28,3,10912,111097,0,0,0,0,0,213449,3,0
0,0,0,0,39,4,10913,111097,0,0,0,0,0,72981,4,0
0,0,0,0,3,6,10914,111097,0,0,0,0,0,223931,3,0
0,0,0,0,24,7,10915,111097,0,0,0,0,0,72618,2,0
0,0,0,0,6,10,10916,111097,0,0,0,0,0,208088,2,0
1,0,0,0,26,12,10917,111097,0,0,0,0,0,263303,3,0
1,0,0,0,21,13,10918,111097,0,0,0,0,0,243921,3,0
1,0,0,0,68,15,10919,111097,0,0,0,0,0,236363,4,0
3,0,0,1,11,16,10920,111097,0,0,0,0,0,269489,4,0
11,1,0,1,9,25,10921,111097,0,0,0,0,0,76863,4,0
2,0,0,1,7,28,10922,111097,0,0,0,0,0,226877,3,0
0,0,0,0,18,28,10923,111097,0,0,0,0,0,72616,3,0
0,0,0,0,17,28,10924,111097,0,0,0,0,0,72617,3,0
0,0,0,0,42,28,10925,111097,0,0,0,0,0,76409,3,0
0,0,0,0,33,28,10926,111097,0,0,0,0,0,76408,3,0
2,0,0,1,8,28,10927,111097,0,0,0,0,0,244511,3,0
0,0,0,0,19,28,10928,111097,0,0,0,0,0,262400,3,0
3,0,0,1,30,28,10929,111097,0,0,0,0,0,72613,5,0
0,0,0,0,77,28,10930,111097,0,0,0,0,0,238736,3,0
0,0,0,0,10,28,10931,111097,0,0,0,0,0,269340,3,0
0,0,0,0,23,28,10932,111097,0,0,0,0,0,79197,3,0
0,0,0,0,47,28,10933,111097,0,0,0,0,0,261088,3,0
0,0,0,0,2,29,10934,111097,0,0,0,0,0,79561,3,0
0,0,0,0,99,29,10935,111097,0,0,0,0,0,80175,3,0
0,0,0,0,16,29,10936,111097,0,0,0,0,0,79832,3,0
0,0,0,0,1,0,10937,112510,0,0,0,0,0,78554,2,0
0,0,0,0,29,4,10938,112510,0,0,0,0,0,78558,2,0
0,0,0,0,2,5,10939,112510,0,0,0,0,0,201081,2,0
1,0,0,0,3,6,10940,112510,0,0,0,0,0,222164,3,0
2,0,0,1,7,23,10941,112510,0,0,0,0,0,263081,3,0
2,0,0,1,21,12,10942,112510,0,0,0,0,0,257666,3,0
4,0,0,1,13,13,10943,112510,0,0,0,0,0,252225,2,0
1,0,0,0,28,15,10944,112510,0,0,0,0,0,239731,3,0
0,0,0,0,6,16,10945,112510,0,0,0,0,0,250970,2,0
1,0,0,0,86,27,10946,112510,0,0,0,0,0,271101,3,0
4,0,0,1,9,25,10947,112510,0,0,0,0,0,244110,3,0
1,0,0,0,8,28,10948,112510,0,0,0,0,0,221791,3,0
0,0,0,0,27,28,10949,112510,0,0,0,0,0,248107,3,0
0,0,0,0,5,28,10950,112510,0,0,0,0,0,278086,3,0
0,0,0,0,32,28,10951,112510,0,0,0,0,0,260981,3,0
0,0,0,0,99,28,10952,112510,0,0,0,0,0,235274,3,0
0,0,0,0,19,28,10953,112510,0,0,0,0,0,273592,3,0
2,0,0,1,23,28,10954,112510,0,0,0,0,0,262260,2,0
2,0,0,1,53,28,10955,112510,0,0,0,0,0,263258,3,0
2,0,0,1,25,28,10956,112510,0,0,0,0,0,245812,2,0
0,0,0,0,77,28,10957,112510,0,0,0,0,0,232550,3,0
0,0,0,0,26,28,10958,112510,0,0,0,0,0,78564,3,0
0,0,0,0,17,28,10959,112510,0,0,0,0,0,78560,3,0
0,0,0,0,35,29,10960,112510,0,0,0,0,0,78563,3,0
0,0,0,0,22,29,10961,112510,0,0,0,0,0,78559,3,0
0,0,0,0,70,29,10962,112510,0,0,0,0,0,79979,3,0
0,0,0,0,48,0,10963,114326,0,0,0,0,0,271411,2,0
0,0,0,0,25,4,10964,114326,0,0,0,0,0,261040,2,0
0,0,0,0,24,5,10965,114326,0,0,0,0,0,239179,3,0
0,0,0,0,4,6,10966,114326,0,0,0,0,0,245540,4,0
0,0,0,0,7,12,10967,114326,0,0,0,0,0,254822,3,0
2,0,0,1,6,13,10968,114326,0,0,0,0,0,243870,3,0
1,0,0,0,5,15,10969,114326,0,0,0,0,0,261143,3,0
0,0,0,0,20,16,10970,114326,0,0,0,0,0,235398,3,0
1,0,0,0,8,17,10971,114326,0,0,0,0,0,263245,3,0
2,0,0,1,10,19,10972,114326,0,0,0,0,0,222467,3,0
10,1,0,1,18,25,10973,114326,0,0,0,0,0,262314,3,0
0,0,0,0,23,28,10974,114326,0,0,0,0,0,251411,3,0
1,0,0,0,11,28,10975,114326,0,0,0,0,0,73050,3,0
0,0,0,0,27,28,10976,114326,0,0,0,0,0,213404,3,0
0,0,0,0,35,28,10977,114326,0,0,0,0,0,272943,3,0
0,0,0,0,1,28,10978,114326,0,0,0,0,0,258311,3,0
2,0,0,1,19,28,10979,114326,0,0,0,0,0,263208,2,0
5,0,0,1,80,28,10980,114326,0,0,0,0,0,244762,2,0
0,0,0,0,39,28,10981,114326,0,0,0,0,0,278582,3,0
8,0,0,1,36,28,10982,114326,0,0,0,0,0,240847,3,0
0,0,0,0,30,28,10983,114326,0,0,0,0,0,268395,3,0
0,0,0,0,26,28,10984,114326,0,0,0,0,0,254899,3,0
0,0,0,0,2,28,10985,114326,0,0,0,0,0,257339,2,0
0,0,0,0,44,29,10986,114326,0,0,0,0,0,81343,3,0
1,0,0,0,9,29,10987,114326,0,0,0,0,0,248568,2,0
0,0,0,0,38,29,10988,114326,0,0,0,0,0,83298,3,0
0,0,0,0,97,29,10989,114326,0,0,0,0,0,76970,3,0
0,0,0,0,1,0,10990,325,0,0,0,0,0,226300,4,0
1,0,0,0,7,3,10991,325,0,0,0,0,0,234171,4,0
1,0,0,0,6,4,10992,325,0,0,0,0,0,220793,4,0
0,0,0,0,42,6,10993,325,0,0,0,0,0,229905,3,0
3,0,0,0,17,7,10994,325,0,0,0,0,0,259754,3,0
2,0,0,0,20,9,10995,325,0,0,0,0,0,186942,3,0
1,0,0,0,34,11,10996,325,0,0,0,0,0,223959,3,0
6,0,0,1,10,12,10997,325,0,0,0,0,0,222492,3,0
5,0,0,1,53,16,10998,325,0,0,0,0,0,263205,3,0
3,0,0,0,11,18,10999,325,0,0,0,0,0,239892,3,0
8,0,0,1,45,25,11000,325,0,0,0,0,0,232293,4,0
5,0,0,1,8,28,11001,325,0,0,0,0,0,270571,5,0
0,0,0,0,90,28,11002,325,0,0,0,0,0,252802,3,0
0,0,0,0,4,28,11003,325,0,0,0,0,0,252293,3,0
0,0,0,0,23,28,11004,325,0,0,0,0,0,207790,3,0
0,0,0,0,19,28,11005,325,0,0,0,0,0,211908,3,0
10,1,0,1,9,28,11006,325,0,0,0,0,0,201399,3,0
0,0,0,0,99,28,11007,325,0,0,0,0,0,212811,3,0
0,0,0,0,77,28,11008,325,0,0,0,0,0,239380,4,0
0,0,0,0,22,28,11009,325,0,0,0,0,0,271464,3,0
0,0,0,0,88,28,11010,325,0,0,0,0,0,262607,3,0
0,0,0,0,91,28,11011,325,0,0,0,0,0,70253,3,0
0,0,0,0,12,28,11012,325,0,0,0,0,0,237232,3,0
0,0,0,0,21,29,11013,325,0,0,0,0,0,245762,3,0
0,0,0,0,30,29,11014,325,0,0,0,0,0,251873,3,0
0,0,0,0,33,29,11015,325,0,0,0,0,0,279882,3,0
0,0,0,0,31,0,11016,326,0,0,0,0,0,210257,4,0
1,0,0,0,27,3,11017,326,0,0,0,0,0,227928,4,0
2,0,0,0,37,4,11018,326,0,0,0,0,0,232363,3,0
0,0,0,0,24,6,11019,326,0,0,0,0,0,258168,4,0
0,0,0,0,22,7,11020,326,0,0,0,0,0,252544,3,0
0,0,0,0,6,9,11021,326,0,0,0,0,0,236496,3,0
1,0,0,0,5,11,11022,326,0,0,0,0,0,260466,3,0
5,0,0,1,20,12,11023,326,0,0,0,0,0,258165,2,0
1,0,0,0,9,16,11024,326,0,0,0,0,0,258580,3,0
9,1,0,1,21,18,11025,326,0,0,0,0,0,220834,4,0
11,1,0,1,94,25,11026,326,0,0,0,0,0,212523,3,0
0,0,0,0,8,28,11027,326,0,0,0,0,0,215914,3,0
0,0,0,0,7,28,11028,326,0,0,0,0,0,209297,3,0
0,0,0,0,4,28,11029,326,0,0,0,0,0,232119,3,0
2,0,0,0,3,28,11030,326,0,0,0,0,0,262968,3,0
0,0,0,0,34,28,11031,326,0,0,0,0,0,190113,3,0
3,0,0,1,10,28,11032,326,0,0,0,0,0,247172,3,0
4,0,0,1,45,28,11033,326,0,0,0,0,0,260236,4,0
0,0,0,0,11,28,11034,326,0,0,0,0,0,235844,3,0
1,0,0,0,18,28,11035,326,0,0,0,0,0,243526,4,0
0,0,0,0,70,28,11036,326,0,0,0,0,0,264001,3,0
0,0,0,0,99,28,11037,326,0,0,0,0,0,231240,3,0
0,0,0,0,13,28,11038,326,0,0,0,0,0,252799,3,0
0,0,0,0,26,29,11039,326,0,0,0,0,0,277485,3,0
0,0,0,0,14,29,11040,326,0,0,0,0,0,80731,3,0
0,0,0,0,60,29,11041,326,0,0,0,0,0,79575,3,0
0,0,0,0,96,29,11042,326,0,0,0,0,0,82855,3,0
0,0,0,0,30,0,11043,327,0,0,0,0,0,245370,3,0
0,0,0,0,25,3,11044,327,0,0,0,0,0,263808,3,0
1,0,0,0,35,4,11045,327,0,0,0,0,0,252339,3,0
1,0,0,0,53,6,11046,327,0,0,0,0,0,256033,3,0
0,0,0,0,33,7,11047,327,0,0,0,0,0,252208,3,0
1,0,0,0,4,9,11048,327,0,0,0,0,0,226790,3,0
2,0,0,1,10,11,11049,327,0,0,0,0,0,243245,5,0
1,0,0,0,7,12,11050,327,0,0,0,0,0,229167,3,0
2,0,0,1,26,16,11051,327,0,0,0,0,0,269421,3,0
4,0,0,1,18,18,11052,327,0,0,0,0,0,216860,3,0
5,0,0,1,19,25,11053,327,0,0,0,0,0,255529,3,0
5,0,0,1,11,28,11054,327,0,0,0,0,0,235889,2,0
0,0,0,0,8,28,11055,327,0,0,0,0,0,216814,3,0
0,0,0,0,14,28,11056,327,0,0,0,0,0,232144,3,0
0,0,0,0,58,28,11057,327,0,0,0,0,0,271362,3,0
0,0,0,0,99,28,11058,327,0,0,0,0,0,258511,3,0
0,0,0,0,91,28,11059,327,0,0,0,0,0,278999,3,0
0,0,0,0,23,28,11060,327,0,0,0,0,0,264699,2,0
0,0,0,0,17,28,11061,327,0,0,0,0,0,254296,3,0
0,0,0,0,22,28,11062,327,0,0,0,0,0,72315,3,0
0,0,0,0,20,28,11063,327,0,0,0,0,0,193945,3,0
0,0,0,0,52,28,11064,327,0,0,0,0,0,81588,3,0
0,0,0,0,24,0,11065,436,0,0,0,0,0,226753,3,0
0,0,0,0,20,3,11066,436,0,0,0,0,0,276909,3,0
1,0,0,0,15,4,11067,436,0,0,0,0,0,204639,3,0
0,0,0,0,44,6,11068,436,0,0,0,0,0,74295,4,0
0,0,0,0,19,7,11069,436,0,0,0,0,0,244486,3,0
2,0,0,0,42,9,11070,436,0,0,0,0,0,74735,2,0
0,0,0,0,26,11,11071,436,0,0,0,0,0,276946,3,0
3,0,0,1,22,12,11072,436,0,0,0,0,0,237055,3,0
0,0,0,0,70,16,11073,436,0,0,0,0,0,268787,3,0
8,0,0,1,10,18,11074,436,0,0,0,0,0,261195,3,0
9,1,0,1,99,25,11075,436,0,0,0,0,0,279930,2,0
1,0,0,0,5,28,11076,436,0,0,0,0,0,205201,3,0
0,0,0,0,11,28,11077,436,0,0,0,0,0,223154,3,0
0,0,0,0,27,28,11078,436,0,0,0,0,0,74981,3,0
0,0,0,0,23,28,11079,436,0,0,0,0,0,264284,3,0
0,0,0,0,25,28,11080,436,0,0,0,0,0,279001,3,0
0,0,0,0,7,28,11081,436,0,0,0,0,0,205678,3,0
13,1,0,1,30,28,11082,436,0,0,0,0,0,212382,3,0
0,0,0,0,14,28,11083,436,0,0,0,0,0,264294,2,0
0,0,0,0,8,28,11084,436,0,0,0,0,0,271452,3,0
0,0,0,0,9,28,11085,436,0,0,0,0,0,241771,3,0
8,0,0,1,18,28,11086,436,0,0,0,0,0,230624,3,0
0,0,0,0,88,28,11087,436,0,0,0,0,0,75342,3,0
0,0,0,0,74,29,11088,436,0,0,0,0,0,70552,3,0
0,0,0,0,92,29,11089,436,0,0,0,0,0,78970,3,0
0,0,0,0,80,29,11090,436,0,0,0,0,0,78027,3,0
0,0,0,0,21,0,11091,741,0,0,0,0,0,237553,3,0
0,0,0,0,7,3,11092,741,0,0,0,0,0,253463,3,0
1,0,0,0,89,4,11093,741,0,0,0,0,0,194077,3,0
2,0,0,1,14,6,11094,741,0,0,0,0,0,229773,3,0
0,0,0,0,3,7,11095,741,0,0,0,0,0,228120,2,0
2,0,0,1,6,9,11096,741,0,0,0,0,0,252807,2,0
0,0,0,0,23,11,11097,741,0,0,0,0,0,266050,3,0
0,0,0,0,10,12,11098,741,0,0,0,0,0,231777,3,0
2,0,0,1,26,16,11099,741,0,0,0,0,0,212205,3,0
0,0,0,0,8,18,11100,741,0,0,0,0,0,278159,3,0
2,0,0,1,77,25,11101,741,0,0,0,0,0,228981,3,0
3,0,0,1,22,28,11102,741,0,0,0,0,0,204370,4,0
1,0,0,0,88,28,11103,741,0,0,0,0,0,240628,2,0
1,0,0,0,30,28,11104,741,0,0,0,0,0,215147,3,0
0,0,0,0,2,28,11105,741,0,0,0,0,0,81517,2,0
0,0,0,0,1,28,11106,741,0,0,0,0,0,201482,3,0
2,0,0,1,24,28,11107,741,0,0,0,0,0,81560,3,0
0,0,0,0,11,28,11108,741,0,0,0,0,0,253714,2,0
0,0,0,0,4,28,11109,741,0,0,0,0,0,243244,2,0
0,0,0,0,70,28,11110,741,0,0,0,0,0,234129,3,0
0,0,0,0,5,28,11111,741,0,0,0,0,0,240333,3,0
0,0,0,0,17,28,11112,741,0,0,0,0,0,211739,3,0
0,0,0,0,16,28,11113,741,0,0,0,0,0,235932,3,0
0,0,0,0,90,29,11114,741,0,0,0,0,0,75884,3,0
0,0,0,0,19,29,11115,741,0,0,0,0,0,78957,3,0
0,0,0,0,96,29,11116,741,0,0,0,0,0,279725,3,0
0,0,0,0,1,0,11117,748,0,0,0,0,0,223175,3,0
0,0,0,0,18,3,11118,748,0,0,0,0,0,223134,3,0
0,0,0,0,37,4,11119,748,0,0,0,0,0,209232,3,0
2,0,0,1,4,6,11120,748,0,0,0,0,0,233097,3,0
0,0,0,0,17,7,11121,748,0,0,0,0,0,277902,3,0
0,0,0,0,29,10,11122,748,0,0,0,0,0,270597,3,0
1,0,0,1,11,12,11123,748,0,0,0,0,0,239045,3,0
5,0,0,1,21,13,11124,748,0,0,0,0,0,240040,3,0
0,0,0,0,10,15,11125,748,0,0,0,0,0,218745,3,0
0,0,0,0,70,16,11126,748,0,0,0,0,0,251401,3,0
3,0,0,1,9,25,11127,748,0,0,0,0,0,244685,3,0
0,0,0,0,20,28,11128,748,0,0,0,0,0,252917,3,0
0,0,0,0,5,28,11129,748,0,0,0,0,0,243271,3,0
1,0,0,1,24,28,11130,748,0,0,0,0,0,244377,3,0
0,0,0,0,2,28,11131,748,0,0,0,0,0,263854,3,0
0,0,0,0,71,28,11132,748,0,0,0,0,0,234341,3,0
4,0,0,1,19,28,11133,748,0,0,0,0,0,237179,3,0
0,0,0,0,77,28,11134,748,0,0,0,0,0,258698,3,0
0,0,0,0,55,28,11135,748,0,0,0,0,0,276393,3,0
0,0,0,0,28,28,11136,748,0,0,0,0,0,276392,3,0
0,0,0,0,7,28,11137,748,0,0,0,0,0,262335,3,0
1,0,0,1,47,28,11138,748,0,0,0,0,0,277498,4,0
0,0,0,0,48,28,11139,748,0,0,0,0,0,75899,3,0
0,0,0,0,15,29,11140,748,0,0,0,0,0,83226,3,0
0,0,0,0,30,29,11141,748,0,0,0,0,0,83008,3,0
0,0,0,0,22,29,11142,748,0,0,0,0,0,80644,3,0
0,0,0,0,16,29,11143,748,0,0,0,0,0,81578,3,0
0,0,0,0,50,29,11144,748,0,0,0,0,0,278374,3,0
0,0,0,0,99,29,11145,748,0,0,0,0,0,80643,3,0
0,0,0,0,96,29,11146,748,0,0,0,0,0,72417,3,0
0,0,0,0,27,29,11147,748,0,0,0,0,0,277884,3,0
0,0,0,0,25,29,11148,748,0,0,0,0,0,81568,3,0
0,0,0,0,16,0,11149,101014,0,0,0,0,0,235931,2,0
1,0,0,0,42,3,11150,101014,0,0,0,0,0,223017,2,0
0,0,0,0,5,4,11151,101014,0,0,0,0,0,233926,3,0
0,0,0,0,3,6,11152,101014,0,0,0,0,0,241710,3,0
0,0,0,0,21,7,11153,101014,0,0,0,0,0,236629,3,0
0,0,0,0,8,9,11154,101014,0,0,0,0,0,220175,3,0
1,0,0,0,20,11,11155,101014,0,0,0,0,0,255293,2,0
2,0,0,1,11,12,11156,101014,0,0,0,0,0,80304,3,0
1,0,0,0,25,16,11157,101014,0,0,0,0,0,232097,3,0
14,1,0,1,14,18,11158,101014,0,0,0,1,0,239964,3,0
2,0,0,1,9,25,11159,101014,0,0,0,0,0,212626,3,0
3,0,0,1,10,28,11160,101014,0,0,0,0,0,230857,3,0
0,0,0,0,2,28,11161,101014,0,0,0,0,0,248854,3,0
0,0,0,0,27,28,11162,101014,0,0,0,0,0,240064,3,0
0,0,0,0,36,28,11163,101014,0,0,0,0,0,263571,3,0
0,0,0,0,1,28,11164,101014,0,0,0,0,0,188524,3,0
0,0,0,0,4,28,11165,101014,0,0,0,0,0,263583,3,0
0,0,0,0,6,28,11166,101014,0,0,0,0,0,205939,3,0
0,0,0,0,13,28,11167,101014,0,0,0,0,0,262411,3,0
3,0,0,1,77,28,11168,101014,0,0,0,0,0,262586,3,0
0,0,0,0,15,28,11169,101014,0,0,0,0,0,70462,3,0
0,0,0,0,7,28,11170,101014,0,0,0,0,0,241389,3,0
0,0,0,0,80,28,11171,101014,0,0,0,0,0,245822,3,0
0,0,0,0,18,29,11172,101014,0,0,0,0,0,255776,4,0
4,0,0,1,91,29,11173,101014,0,0,0,0,0,267905,3,0
0,0,0,0,59,29,11174,101014,0,0,0,0,0,75856,3,0
0,0,0,0,45,29,11175,101014,0,0,0,0,0,80736,3,0
0,0,0,0,78,29,11176,101014,0,0,0,0,0,81569,3,0
0,0,0,0,25,0,11177,101020,0,0,0,0,0,240856,3,0
0,0,0,0,28,3,11178,101020,0,0,0,0,0,228283,2,0
0,0,0,0,15,4,11179,101020,0,0,0,0,0,230042,3,0
1,0,0,1,4,6,11180,101020,0,0,0,0,0,205756,1,0
0,0,0,0,23,7,11181,101020,0,0,0,0,0,201041,1,0
1,0,0,1,33,10,11182,101020,0,0,0,0,0,224488,2,0
0,0,0,0,20,12,11183,101020,0,0,0,0,0,216749,2,0
0,0,0,0,10,13,11184,101020,0,0,0,0,0,244416,2,0
4,0,0,1,8,15,11185,101020,0,0,0,0,0,234728,2,0
2,0,0,1,7,16,11186,101020,0,0,0,0,0,224890,2,0
6,0,0,1,9,25,11187,101020,0,0,0,0,0,260896,2,0
0,0,0,0,24,28,11188,101020,0,0,0,0,0,223717,3,0
0,0,0,0,61,28,11189,101020,0,0,0,0,0,229176,3,0
0,0,0,0,6,28,11190,101020,0,0,0,0,0,263020,2,0
0,0,0,0,5,28,11191,101020,0,0,0,0,0,243549,3,0
0,0,0,0,1,28,11192,101020,0,0,0,0,0,223174,3,0
2,0,0,1,22,28,11193,101020,0,0,0,0,0,70946,3,0
0,0,0,0,17,28,11194,101020,0,0,0,0,0,244134,3,0
0,0,0,0,77,28,11195,101020,0,0,0,0,0,248814,3,0
0,0,0,0,16,28,11196,101020,0,0,0,0,0,279503,3,0
0,0,0,0,18,28,11197,101020,0,0,0,0,0,262711,2,0
0,0,0,0,2,28,11198,101020,0,0,0,0,0,277961,3,0
0,0,0,0,27,28,11199,101020,0,0,0,0,0,278372,3,0
0,0,0,0,99,29,11200,101020,0,0,0,0,0,274549,3,0
0,0,0,0,38,29,11201,101020,0,0,0,0,0,75910,3,0
0,0,0,0,11,29,11202,101020,0,0,0,0,0,268442,3,0
0,0,0,0,21,29,11203,101020,0,0,0,0,0,263724,3,0
0,0,0,0,24,0,11204,101025,0,0,0,0,0,257635,2,0
0,0,0,0,13,3,11205,101025,0,0,0,0,0,230824,3,0
2,0,0,0,6,4,11206,101025,0,0,0,0,0,229703,3,0
2,0,0,0,4,6,11207,101025,0,0,0,0,0,271540,3,0
0,0,0,0,23,7,11208,101025,0,0,0,0,0,247203,3,0
4,0,0,1,35,9,11209,101025,0,0,0,0,0,264485,2,0
0,0,0,0,15,11,11210,101025,0,0,0,0,0,233048,3,0
4,0,0,1,10,12,11211,101025,0,0,0,0,0,263389,3,0
3,0,0,1,70,16,11212,101025,0,0,0,0,0,260778,3,0
4,0,0,1,22,18,11213,101025,0,0,0,0,0,246762,3,0
3,0,0,1,29,25,11214,101025,0,0,0,0,0,204077,2,0
0,0,0,0,81,28,11215,101025,0,0,0,0,0,80300,3,0
0,0,0,0,11,28,11216,101025,0,0,0,0,0,262988,3,0
2,0,0,0,2,28,11217,101025,0,0,0,0,0,279928,4,0
0,0,0,0,77,28,11218,101025,0,0,0,0,0,241688,3,0
0,0,0,0,18,28,11219,101025,0,0,0,0,0,269827,3,0
1,0,0,0,53,28,11220,101025,0,0,0,0,0,277627,3,0
0,0,0,0,8,28,11221,101025,0,0,0,0,0,258897,3,0
0,0,0,0,7,28,11222,101025,0,0,0,0,0,234045,3,0
0,0,0,0,88,28,11223,101025,0,0,0,0,0,251134,3,0
0,0,0,0,21,28,11224,101025,0,0,0,0,0,80392,3,0
0,0,0,0,61,28,11225,101025,0,0,0,0,0,80302,3,0
0,0,0,0,20,28,11226,101025,0,0,0,0,0,245694,3,0
0,0,0,0,44,29,11227,101025,0,0,0,0,0,80463,3,0
0,0,0,0,33,29,11228,101025,0,0,0,0,0,80639,3,0
0,0,0,0,5,29,11229,101025,0,0,0,0,0,234457,3,0
0,0,0,0,99,29,11230,101025,0,0,0,0,0,266474,3,0
0,0,0,0,1,0,11231,101026,0,0,0,0,0,232007,3,0
1,0,0,0,4,4,11232,101026,0,0,0,0,0,266794,3,0
0,0,0,0,5,5,11233,101026,0,0,0,0,0,72887,2,0
1,0,0,0,26,6,11234,101026,0,0,0,0,0,262709,3,0
3,0,0,1,2,12,11235,101026,0,0,0,0,0,269237,3,0
1,0,0,0,20,13,11236,101026,0,0,0,0,0,269899,3,0
3,0,0,1,30,15,11237,101026,0,0,0,0,0,72888,3,0
0,0,0,0,15,16,11238,101026,0,0,0,0,0,276544,3,0
3,0,0,1,11,18,11239,101026,0,0,0,0,0,243914,3,0
6,0,0,1,9,24,11240,101026,0,0,0,0,0,73864,3,0
4,0,0,1,39,26,11241,101026,0,0,0,0,0,80603,3,0
0,0,0,0,77,28,11242,101026,0,0,0,0,0,72889,3,0
0,0,0,0,12,28,11243,101026,0,0,0,0,0,189930,3,0
0,0,0,0,3,28,11244,101026,0,0,0,0,0,80600,3,0
0,0,0,0,23,28,11245,101026,0,0,0,0,0,264000,3,0
0,0,0,0,17,28,11246,101026,0,0,0,0,0,260933,3,0
0,0,0,0,19,28,11247,101026,0,0,0,0,0,83293,3,0
2,0,0,0,10,28,11248,101026,0,0,0,0,0,266897,3,0
1,0,0,0,7,28,11249,101026,0,0,0,0,0,80641,3,0
0,0,0,0,8,28,11250,101026,0,0,0,0,0,250764,3,0
0,0,0,0,14,28,11251,101026,0,0,0,0,0,83007,3,0
0,0,0,0,24,28,11252,101026,0,0,0,0,0,81558,3,0
0,0,0,0,33,28,11253,101026,0,0,0,0,0,277763,3,0
0,0,0,0,22,29,11254,101026,0,0,0,0,0,259686,3,0
0,0,0,0,40,29,11255,101026,0,0,0,0,0,73576,3,0
0,0,0,0,50,29,11256,101026,0,0,0,0,0,73566,3,0
0,0,0,0,1,0,11257,101032,0,0,0,0,0,234735,3,0
0,0,0,0,22,3,11258,101032,0,0,0,0,0,225555,3,0
0,0,0,0,5,4,11259,101032,0,0,0,0,0,258708,1,0
1,0,0,1,6,6,11260,101032,0,0,0,0,0,269402,3,0
0,0,0,0,21,7,11261,101032,0,0,0,0,0,201955,2,0
0,0,0,0,14,9,11262,101032,0,0,0,0,0,251894,3,0
0,0,0,0,10,11,11263,101032,0,0,0,0,0,211408,3,0
1,0,0,1,7,12,11264,101032,0,0,0,0,0,228382,3,0
5,0,0,1,75,16,11265,101032,0,0,0,0,0,224724,3,0
0,0,0,0,98,18,11266,101032,0,0,0,0,0,278926,3,0
6,0,0,1,9,25,11267,101032,0,0,0,0,0,215455,2,0
0,0,0,0,17,28,11268,101032,0,0,0,0,0,251545,3,0
1,0,0,1,8,28,11269,101032,0,0,0,0,0,262137,3,0
0,0,0,0,4,28,11270,101032,0,0,0,0,0,224302,3,0
0,0,0,0,2,28,11271,101032,0,0,0,0,0,232413,2,0
0,0,0,0,35,28,11272,101032,0,0,0,0,0,166963,3,0
2,0,0,1,19,28,11273,101032,0,0,0,0,0,206104,3,0
0,0,0,0,70,28,11274,101032,0,0,0,0,0,263132,3,0
0,0,0,0,99,28,11275,101032,0,0,0,0,0,241094,2,0
0,0,0,0,3,28,11276,101032,0,0,0,0,0,79131,3,0
0,0,0,0,23,28,11277,101032,0,0,0,0,0,72731,3,0
0,0,0,0,20,28,11278,101032,0,0,0,0,0,279624,3,0
0,0,0,0,83,28,11279,101032,0,0,0,0,0,80001,3,0
0,0,0,0,11,29,11280,101032,0,0,0,0,0,276394,3,0
0,0,0,0,18,29,11281,101032,0,0,0,0,0,79135,3,0
0,0,0,0,13,0,11282,101033,0,0,0,0,0,235460,4,0
1,0,0,1,23,3,11283,101033,0,0,0,0,0,231526,3,0
0,0,0,0,20,4,11284,101033,0,0,0,0,0,212269,2,0
1,0,0,1,4,6,11285,101033,0,0,0,0,0,258777,2,0
0,0,0,0,12,7,11286,101033,0,0,0,0,0,224885,2,0
0,0,0,0,77,10,11287,101033,0,0,0,0,0,253491,3,0
1,0,0,1,9,12,11288,101033,0,0,0,0,0,215531,3,0
0,0,0,0,42,13,11289,101033,0,0,0,0,0,266731,2,0
1,0,0,1,8,15,11290,101033,0,0,0,0,0,73437,3,0
3,0,0,1,10,16,11291,101033,0,0,0,0,0,237239,2,0
2,0,0,1,40,25,11292,101033,0,0,0,0,0,258685,3,0
0,0,0,0,18,28,11293,101033,0,0,0,0,0,259675,3,0
0,0,0,0,16,28,11294,101033,0,0,0,0,0,244709,3,0
0,0,0,0,21,28,11295,101033,0,0,0,0,0,80000,3,0
0,0,0,0,5,28,11296,101033,0,0,0,0,0,245355,2,0
0,0,0,0,1,28,11297,101033,0,0,0,0,0,278024,3,0
1,0,0,1,99,28,11298,101033,0,0,0,0,0,251260,3,0
0,0,0,0,11,28,11299,101033,0,0,0,0,0,251842,3,0
0,0,0,0,32,28,11300,101033,0,0,0,0,0,215195,3,0
0,0,0,0,19,28,11301,101033,0,0,0,0,0,251800,3,0
0,0,0,0,15,28,11302,101033,0,0,0,0,0,73312,3,0
0,0,0,0,29,28,11303,101033,0,0,0,0,0,75904,3,0
1,0,0,1,7,28,11304,101033,0,0,0,0,0,268678,3,0
0,0,0,0,39,29,11305,101033,0,0,0,0,0,261422,3,0
0,0,0,0,3,29,11306,101033,0,0,0,0,0,228918,3,0
0,0,0,0,24,29,11307,101033,0,0,0,0,0,275258,3,0
0,0,0,0,30,29,11308,101033,0,0,0,0,0,78968,3,0
0,0,0,0,75,0,11309,101037,0,0,0,0,0,242179,3,0
1,0,0,1,37,3,11310,101037,0,0,0,0,0,277217,4,0
2,0,0,1,3,4,11311,101037,0,0,0,0,0,263021,3,0
0,0,0,0,27,6,11312,101037,0,0,0,0,0,241708,3,0
0,0,0,0,5,7,11313,101037,0,0,0,0,0,212045,3,0
1,0,0,1,10,9,11314,101037,0,0,0,0,0,275691,3,0
1,0,0,1,6,11,11315,101037,0,0,0,0,0,258040,3,0
1,0,0,1,77,12,11316,101037,0,0,0,0,0,277626,2,0
0,0,0,0,50,16,11317,101037,0,0,0,0,0,276547,3,0
3,0,0,1,20,18,11318,101037,0,0,0,0,0,234983,3,0
3,0,0,1,9,25,11319,101037,0,0,0,0,0,215323,2,0
3,0,0,1,7,28,11320,101037,0,0,0,0,0,248060,4,0
0,0,0,0,14,28,11321,101037,0,0,0,0,0,224718,3,0
0,0,0,0,54,28,11322,101037,0,0,0,0,0,275690,3,0
1,0,0,1,4,28,11323,101037,0,0,0,0,0,245710,3,0
0,0,0,0,1,28,11324,101037,0,0,0,0,0,259149,3,0
0,0,0,0,11,28,11325,101037,0,0,0,0,0,250807,3,0
0,0,0,0,2,28,11326,101037,0,0,0,0,0,277568,3,0
1,0,0,1,99,28,11327,101037,0,0,0,0,0,70241,3,0
0,0,0,0,18,28,11328,101037,0,0,0,0,0,73936,3,0
0,0,0,0,35,28,11329,101037,0,0,0,0,0,78133,3,0
0,0,0,0,70,28,11330,101037,0,0,0,0,0,80458,3,0
0,0,0,0,17,28,11331,101037,0,0,0,0,0,277293,3,0
0,0,0,0,65,29,11332,101037,0,0,0,0,0,278369,3,0
0,0,0,0,71,0,11333,110776,0,0,0,0,0,250897,3,0
1,0,0,0,14,4,11334,110776,0,0,0,0,0,212546,3,0
1,0,0,0,4,5,11335,110776,0,0,0,0,0,252753,3,0
2,0,0,1,77,6,11336,110776,0,0,0,0,0,209289,3,0
0,0,0,0,2,12,11337,110776,0,0,0,0,0,235088,3,0
1,0,0,0,6,13,11338,110776,0,0,0,0,0,233465,2,0
2,0,0,1,3,15,11339,110776,0,0,0,0,0,264364,2,0
2,0,0,1,11,16,11340,110776,0,0,0,0,0,256047,3,0
3,0,0,1,10,17,11341,110776,0,0,0,0,0,252508,3,0
3,0,0,1,44,19,11342,110776,0,0,0,0,0,211061,4,0
8,0,0,1,9,25,11343,110776,0,0,0,0,0,241821,3,0
2,0,0,1,18,28,11344,110776,0,0,0,0,0,246562,3,0
0,0,0,0,61,28,11345,110776,0,0,0,0,0,264272,3,0
0,0,0,0,23,28,11346,110776,0,0,0,0,0,242919,2,0
0,0,0,0,5,28,11347,110776,0,0,0,0,0,251168,3,0
0,0,0,0,20,28,11348,110776,0,0,0,0,0,254297,2,0
0,0,0,0,70,28,11349,110776,0,0,0,0,0,245770,3,0
1,0,0,0,32,28,11350,110776,0,0,0,0,0,277373,3,0
0,0,0,0,30,28,11351,110776,0,0,0,0,0,238660,3,0
0,0,0,0,7,28,11352,110776,0,0,0,0,0,226677,3,0
0,0,0,0,22,28,11353,110776,0,0,0,0,0,243602,3,0
0,0,0,0,17,28,11354,110776,0,0,0,0,0,83178,2,0
0,0,0,0,95,28,11355,110776,0,0,0,0,0,78962,3,0
0,0,0,0,8,29,11356,110776,0,0,0,0,0,83174,3,0
0,0,0,0,26,29,11357,110776,0,0,0,0,0,78867,3,0
0,0,0,0,13,0,11358,111117,0,0,0,0,0,258390,3,0
0,0,0,0,47,3,11359,111117,0,0,0,0,0,212213,2,0
0,0,0,0,4,4,11360,111117,0,0,0,0,0,213938,3,0
1,0,0,1,94,6,11361,111117,0,0,0,0,0,269192,2,0
0,0,0,0,33,7,11362,111117,0,0,0,0,0,252572,2,0
1,0,0,1,5,9,11363,111117,0,0,0,0,0,214977,3,0
0,0,0,0,14,11,11364,111117,0,0,0,0,0,80190,3,0
0,0,0,0,88,12,11365,111117,0,0,0,0,0,83228,3,0
3,0,0,1,70,16,11366,111117,0,0,0,0,0,262620,3,0
0,0,0,0,8,18,11367,111117,0,0,0,0,0,235717,3,0
1,0,0,1,23,25,11368,111117,0,0,0,0,0,209782,3,0
0,0,0,0,37,28,11369,111117,0,0,0,0,0,213705,3,0
1,0,0,1,11,28,11370,111117,0,0,0,0,0,201887,3,0
0,0,0,0,6,28,11371,111117,0,0,0,0,0,260638,3,0
0,0,0,0,32,28,11372,111117,0,0,0,0,0,81248,3,0
0,0,0,0,96,28,11373,111117,0,0,0,0,0,279879,3,0
1,0,0,1,21,28,11374,111117,0,0,0,0,0,263486,2,0
0,0,0,0,80,28,11375,111117,0,0,0,0,0,70106,3,0
1,0,0,1,72,28,11376,111117,0,0,0,0,0,70987,2,0
0,0,0,0,17,28,11377,111117,0,0,0,0,0,80186,3,0
0,0,0,0,16,28,11378,111117,0,0,0,0,0,73565,3,0
0,0,0,0,15,28,11379,111117,0,0,0,0,0,83227,3,0
0,0,0,0,99,28,11380,111117,0,0,0,0,0,252281,3,0
0,0,0,0,24,29,11381,111117,0,0,0,0,0,70240,3,0
0,0,0,0,1,0,11382,111339,0,0,0,0,0,210327,3,0
3,0,0,1,2,3,11383,111339,0,0,0,0,0,216580,3,0
0,0,0,0,20,4,11384,111339,0,0,0,0,0,245022,3,0
0,0,0,0,50,6,11385,111339,0,0,0,0,0,238621,3,0
0,0,0,0,21,7,11386,111339,0,0,0,0,0,263255,2,0
0,0,0,0,16,10,11387,111339,0,0,0,0,0,256036,2,0
0,0,0,0,7,12,11388,111339,0,0,0,0,0,233897,3,0
2,0,0,1,10,13,11389,111339,0,0,0,0,0,226517,3,0
0,0,0,0,8,15,11390,111339,0,0,0,0,0,218623,3,0
1,0,0,1,34,16,11391,111339,0,0,0,0,0,236944,3,0
5,0,0,1,77,25,11392,111339,0,0,0,0,0,254525,3,0
0,0,0,0,26,28,11393,111339,0,0,0,0,0,211748,3,0
1,0,0,1,12,28,11394,111339,0,0,0,0,0,263432,3,0
0,0,0,0,6,28,11395,111339,0,0,0,0,0,271002,2,0
1,0,0,1,4,28,11396,111339,0,0,0,0,0,81410,3,0
0,0,0,0,25,28,11397,111339,0,0,0,0,0,277284,3,0
0,0,0,0,71,28,11398,111339,0,0,0,0,0,225403,4,0
0,0,0,0,9,28,11399,111339,0,0,0,0,0,259621,3,0
0,0,0,0,11,28,11400,111339,0,0,0,0,0,258238,2,0
1,0,0,1,17,28,11401,111339,0,0,0,0,0,232329,3,0
0,0,0,0,18,28,11402,111339,0,0,0,0,0,251191,3,0
0,0,0,0,23,28,11403,111339,0,0,0,0,0,192991,3,0
0,0,0,0,98,28,11404,111339,0,0,0,0,0,74577,3,0
0,0,0,0,22,29,11405,111339,0,0,0,0,0,199683,2,0
0,0,0,0,5,29,11406,111339,0,0,0,0,0,268907,3,0
0,0,0,0,29,29,11407,111339,0,0,0,0,0,277744,3,0
0,0,0,0,33,29,11408,111339,0,0,0,0,0,223402,3,0
0,0,0,0,70,29,11409,111339,0,0,0,0,0,278168,3,0
0,0,0,0,1,0,11410,113142,0,0,0,0,0,194372,1,0
0,0,0,0,3,4,11411,113142,0,0,0,0,0,258642,3,0
0,0,0,0,5,5,11412,113142,0,0,0,0,0,221989,2,0
1,0,0,0,50,6,11413,113142,0,0,0,0,0,277144,2,0
2,0,0,1,94,12,11414,113142,0,0,0,0,0,220620,4,0
1,0,0,0,42,13,11415,113142,0,0,0,0,0,235570,3,0
1,0,0,0,58,15,11416,113142,0,0,0,0,0,70937,3,0
0,0,0,0,11,16,11417,113142,0,0,0,0,0,81512,2,0
2,0,0,1,14,17,11418,113142,0,0,0,0,0,226568,3,0
0,0,0,0,7,19,11419,113142,0,0,0,0,0,234870,2,0
3,0,0,1,16,25,11420,113142,0,0,0,0,0,212260,3,0
2,0,0,1,27,28,11421,113142,0,0,0,0,0,80728,3,0
0,0,0,0,17,28,11422,113142,0,0,0,0,0,231266,2,0
0,0,0,0,30,28,11423,113142,0,0,0,0,0,234226,3,0
0,0,0,0,20,28,11424,113142,0,0,0,0,0,240908,3,0
0,0,0,0,48,28,11425,113142,0,0,0,0,0,193107,3,0
4,0,0,1,10,28,11426,113142,0,0,0,0,0,245368,3,0
0,0,0,0,12,28,11427,113142,0,0,0,0,0,251532,3,0
1,0,0,0,9,28,11428,113142,0,0,0,0,0,224883,3,0
0,0,0,0,18,28,11429,113142,0,0,0,0,0,269996,3,0
0,0,0,0,6,28,11430,113142,0,0,0,0,0,263621,3,0
0,0,0,0,2,28,11431,113142,0,0,0,0,0,278056,3,0
0,0,0,0,8,28,11432,113142,0,0,0,0,0,277671,3,0
0,0,0,0,21,29,11433,113142,0,0,0,0,0,264287,3,0
0,0,0,0,38,29,11434,113142,0,0,0,0,0,78025,3,0
0,0,0,0,1,0,11435,131174,0,0,0,0,0,219339,3,0
0,0,0,0,22,3,11436,131174,0,0,0,0,0,278006,3,0
0,0,0,0,68,4,11437,131174,0,0,0,0,0,221323,3,0
0,0,0,0,6,6,11438,131174,0,0,0,0,0,211987,3,0
0,0,0,0,77,7,11439,131174,0,0,0,0,0,246118,3,0
0,0,0,0,33,9,11440,131174,0,0,0,0,0,206413,3,0
0,0,0,0,20,11,11441,131174,0,0,0,0,0,263317,3,0
0,0,0,0,2,12,11442,131174,0,0,0,0,0,262998,3,0
0,0,0,0,23,16,11443,131174,0,0,0,0,0,240941,3,0
3,0,0,1,8,18,11444,131174,0,0,0,0,0,230685,2,0
3,0,0,1,19,25,11445,131174,0,0,0,0,0,239043,3,0
2,0,0,1,40,28,11446,131174,0,0,0,0,0,72825,4,0
0,0,0,0,28,28,11447,131174,0,0,0,0,0,72823,3,0
0,0,0,0,55,28,11448,131174,0,0,0,0,0,274548,3,0
1,0,0,1,17,28,11449,131174,0,0,0,0,0,271228,4,0
0,0,0,0,24,28,11450,131174,0,0,0,0,0,271211,4,0
0,0,0,0,10,28,11451,131174,0,0,0,0,0,278157,3,0
1,0,0,1,26,28,11452,131174,0,0,0,0,0,260459,2,0
1,0,0,1,15,28,11453,131174,0,0,0,0,0,83202,3,0
0,0,0,0,93,28,11454,131174,0,0,0,0,0,81567,3,0
0,0,0,0,3,28,11455,131174,0,0,0,0,0,81557,3,0
0,0,0,0,88,28,11456,131174,0,0,0,0,0,75853,3,0
0,0,0,0,13,0,11457,211,0,0,0,0,0,241671,3,0
0,0,0,0,25,3,11458,211,0,0,0,0,0,79980,3,0
0,0,0,0,26,4,11459,211,0,0,0,0,0,225974,3,0
0,0,0,0,36,6,11460,211,0,0,0,0,0,74544,3,0
0,0,0,0,3,7,11461,211,0,0,0,0,0,80470,3,0
0,0,0,0,21,23,11462,211,0,0,0,0,0,79981,3,0
0,0,0,0,4,13,11463,211,0,0,0,0,0,226754,3,0
0,0,0,0,27,15,11464,211,0,0,0,0,0,231007,3,0
0,0,0,0,11,27,11465,211,0,0,0,0,0,279925,3,0
0,0,0,0,8,18,11466,211,0,0,0,0,0,233478,3,0
0,0,0,0,9,25,11467,211,0,0,0,0,0,271384,3,0
0,0,0,0,19,28,11468,211,0,0,0,0,0,74351,3,0
0,0,0,0,7,28,11469,211,0,0,0,0,0,277901,3,0
0,0,0,0,10,28,11470,211,0,0,0,0,0,267899,3,0
0,0,0,0,28,28,11471,211,0,0,0,0,0,190868,3,0
0,0,0,0,33,28,11472,211,0,0,0,0,0,261144,3,0
0,0,0,0,18,28,11473,211,0,0,0,0,0,231685,3,0
0,0,0,0,15,28,11474,211,0,0,0,0,0,76227,3,0
0,0,0,0,23,28,11475,211,0,0,0,0,0,80384,3,0
0,0,0,0,14,28,11476,211,0,0,0,0,0,276111,3,0
0,0,0,0,30,28,11477,211,0,0,0,0,0,275077,3,0
0,0,0,0,55,28,11478,211,0,0,0,0,0,244272,3,0
0,0,0,0,22,28,11479,211,0,0,0,0,0,72245,3,0
0,0,0,0,46,29,11480,211,0,0,0,0,0,83206,3,0
0,0,0,0,12,29,11481,211,0,0,0,0,0,264424,3,0
0,0,0,0,1,29,11482,211,0,0,0,0,0,244258,3,0
0,0,0,0,71,29,11483,211,0,0,0,0,0,277303,3,0
0,0,0,0,35,29,11484,211,0,0,0,0,0,70297,3,0
0,0,0,0,49,29,11485,211,0,0,0,0,0,74655,3,0
0,0,0,0,44,29,11486,211,0,0,0,0,0,264103,3,0
0,0,0,0,1,0,11487,263,0,0,0,0,0,242288,3,0
0,0,0,0,8,3,11488,263,0,0,0,0,0,275238,3,0
0,0,0,0,31,4,11489,263,0,0,0,0,0,251343,3,0
0,0,0,0,5,6,11490,263,0,0,0,0,0,231527,3,0
0,0,0,0,32,7,11491,263,0,0,0,0,0,279188,3,0
0,0,0,0,30,23,11492,263,0,0,0,0,0,278759,3,0
0,0,0,0,4,13,11493,263,0,0,0,0,0,270680,3,0
0,0,0,0,23,15,11494,263,0,0,0,0,0,230988,3,0
0,0,0,0,15,27,11495,263,0,0,0,0,0,76461,3,0
0,0,0,0,21,18,11496,263,0,0,0,0,0,272346,3,0
0,0,0,0,10,25,11497,263,0,0,0,0,0,205855,3,0
0,0,0,0,34,28,11498,263,0,0,0,0,0,74626,3,0
0,0,0,0,9,28,11499,263,0,0,0,0,0,220018,3,0
0,0,0,0,14,28,11500,263,0,0,0,0,0,80216,3,0
0,0,0,0,36,28,11501,263,0,0,0,0,0,80405,3,0
0,0,0,0,33,28,11502,263,0,0,0,0,0,263057,3,0
0,0,0,0,6,28,11503,263,0,0,0,0,0,246352,3,0
0,0,0,0,7,28,11504,263,0,0,0,0,0,225054,3,0
0,0,0,0,17,28,11505,263,0,0,0,0,0,227584,3,0
0,0,0,0,24,28,11506,263,0,0,0,0,0,257831,3,0
0,0,0,0,37,28,11507,263,0,0,0,0,0,74070,3,0
0,0,0,0,28,28,11508,263,0,0,0,0,0,274554,3,0
0,0,0,0,35,28,11509,263,0,0,0,0,0,72384,3,0
0,0,0,0,38,29,11510,263,0,0,0,0,0,81847,3,0
0,0,0,0,35,0,11511,266,0,0,0,0,0,252179,3,0
0,0,0,0,3,4,11512,266,0,0,0,0,0,251116,3,0
0,0,0,0,4,5,11513,266,0,0,0,0,0,255687,3,0
0,0,0,0,2,6,11514,266,0,0,0,0,0,73456,3,0
0,0,0,0,21,12,11515,266,0,0,0,0,0,269509,3,0
0,0,0,0,19,13,11516,266,0,0,0,0,0,254909,3,0
0,0,0,0,23,15,11517,266,0,0,0,0,0,245209,3,0
0,0,0,0,18,16,11518,266,0,0,0,0,0,204125,3,0
0,0,0,0,17,18,11519,266,0,0,0,0,0,253727,3,0
0,0,0,0,25,24,11520,266,0,0,0,0,0,244793,3,0
0,0,0,0,13,26,11521,266,0,0,0,0,0,274906,3,0
0,0,0,0,7,28,11522,266,0,0,0,0,0,269456,3,0
0,0,0,0,16,28,11523,266,0,0,0,0,0,76098,3,0
0,0,0,0,33,28,11524,266,0,0,0,0,0,71451,3,0
0,0,0,0,12,28,11525,266,0,0,0,0,0,81573,3,0
0,0,0,0,36,28,11526,266,0,0,0,0,0,221909,3,0
0,0,0,0,31,28,11527,266,0,0,0,0,0,81381,3,0
0,0,0,0,26,28,11528,266,0,0,0,0,0,263287,3,0
0,0,0,0,38,28,11529,266,0,0,0,0,0,267594,3,0
0,0,0,0,27,28,11530,266,0,0,0,0,0,248169,3,0
0,0,0,0,1,28,11531,266,0,0,0,0,0,244467,3,0
0,0,0,0,37,28,11532,266,0,0,0,0,0,74877,3,0
0,0,0,0,9,28,11533,266,0,0,0,0,0,241186,3,0
0,0,0,0,24,29,11534,266,0,0,0,0,0,247030,3,0
0,0,0,0,5,29,11535,266,0,0,0,0,0,242635,3,0
0,0,0,0,11,29,11536,266,0,0,0,0,0,74742,3,0
0,0,0,0,29,29,11537,266,0,0,0,0,0,73254,3,0
0,0,0,0,43,29,11538,266,0,0,0,0,0,83019,3,0
0,0,0,0,1,0,11539,267,0,0,0,0,0,231237,3,0
0,0,0,0,19,4,11540,267,0,0,0,0,0,76864,3,0
0,0,0,0,25,5,11541,267,0,0,0,0,0,221024,3,0
0,0,0,0,26,6,11542,267,0,0,0,0,0,275241,3,0
0,0,0,0,7,23,11543,267,0,0,0,0,0,72656,3,0
0,0,0,0,3,12,11544,267,0,0,0,0,0,203605,3,0
0,0,0,0,20,13,11545,267,0,0,0,0,0,263823,3,0
0,0,0,0,6,15,11546,267,0,0,0,0,0,232446,3,0
0,0,0,0,11,16,11547,267,0,0,0,0,0,266374,3,0
0,0,0,0,22,27,11548,267,0,0,0,0,0,227562,3,0
0,0,0,0,9,25,11549,267,0,0,0,0,0,277565,3,0
0,0,0,0,21,28,11550,267,0,0,0,0,0,261971,3,0
0,0,0,0,8,28,11551,267,0,0,0,0,0,237840,3,0
0,0,0,0,27,28,11552,267,0,0,0,0,0,247643,3,0
0,0,0,0,33,28,11553,267,0,0,0,0,0,232526,3,0
0,0,0,0,44,28,11554,267,0,0,0,0,0,276347,3,0
0,0,0,0,29,28,11555,267,0,0,0,0,0,83200,3,0
0,0,0,0,30,28,11556,267,0,0,0,0,0,199323,3,0
0,0,0,0,4,28,11557,267,0,0,0,0,0,81785,3,0
0,0,0,0,10,28,11558,267,0,0,0,0,0,257536,3,0
0,0,0,0,36,28,11559,267,0,0,0,0,0,268460,3,0
0,0,0,0,16,28,11560,267,0,0,0,0,0,76097,3,0
0,0,0,0,2,28,11561,267,0,0,0,0,0,267720,3,0
0,0,0,0,5,29,11562,267,0,0,0,0,0,256728,3,0
0,0,0,0,18,29,11563,267,0,0,0,0,0,242271,3,0
0,0,0,0,17,29,11564,267,0,0,0,0,0,262794,3,0
0,0,0,0,1,0,11565,278,0,0,0,0,0,212151,3,0
0,0,0,0,12,3,11566,278,0,0,0,0,0,255541,3,0
0,0,0,0,2,4,11567,278,0,0,0,0,0,228732,3,0
0,0,0,0,44,6,11568,278,0,0,0,0,0,263897,3,0
0,0,0,0,3,7,11569,278,0,0,0,0,0,279064,3,0
0,0,0,0,23,12,11570,278,0,0,0,0,0,243525,3,0
0,0,0,0,20,13,11571,278,0,0,0,0,0,208224,3,0
0,0,0,0,13,15,11572,278,0,0,0,0,0,224574,3,0
0,0,0,0,11,16,11573,278,0,0,0,0,0,239028,3,0
0,0,0,0,9,24,11574,278,0,0,0,0,0,232432,3,0
0,0,0,0,25,26,11575,278,0,0,0,0,0,236510,3,0
0,0,0,0,90,28,11576,278,0,0,0,0,0,278660,3,0
0,0,0,0,14,28,11577,278,0,0,0,0,0,244949,3,0
0,0,0,0,19,28,11578,278,0,0,0,0,0,220969,3,0
0,0,0,0,10,28,11579,278,0,0,0,0,0,212814,3,0
0,0,0,0,91,28,11580,278,0,0,0,0,0,210358,3,0
0,0,0,0,6,28,11581,278,0,0,0,0,0,204152,3,0
0,0,0,0,21,28,11582,278,0,0,0,0,0,199206,3,0
0,0,0,0,4,28,11583,278,0,0,0,0,0,232099,3,0
0,0,0,0,18,28,11584,278,0,0,0,0,0,235813,3,0
0,0,0,0,8,28,11585,278,0,0,0,0,0,230564,3,0
0,0,0,0,37,28,11586,278,0,0,0,0,0,193061,3,0
0,0,0,0,41,28,11587,278,0,0,0,0,0,81713,3,0
0,0,0,0,22,29,11588,278,0,0,0,0,0,211522,3,0
0,0,0,0,81,29,11589,278,0,0,0,0,0,79262,3,0
0,0,0,0,7,29,11590,278,0,0,0,0,0,233917,3,0
0,0,0,0,15,29,11591,278,0,0,0,0,0,82893,3,0
0,0,0,0,29,29,11592,278,0,0,0,0,0,232212,3,0
0,0,0,0,17,29,11593,278,0,0,0,0,0,78469,3,0
0,0,0,0,34,29,11594,278,0,0,0,0,0,79916,3,0
0,0,0,0,35,29,11595,278,0,0,0,0,0,279509,3,0
0,0,0,0,88,0,11596,280,0,0,0,0,0,252552,3,0
0,0,0,0,23,3,11597,280,0,0,0,0,0,212091,3,0
0,0,0,0,45,4,11598,280,0,0,0,0,0,234986,3,0
0,0,0,0,5,6,11599,280,0,0,0,0,0,257368,3,0
0,0,0,0,3,7,11600,280,0,0,0,0,0,242287,3,0
0,0,0,0,32,9,11601,280,0,0,0,0,0,255971,3,0
0,0,0,0,96,11,11602,280,0,0,0,0,0,73884,3,0
0,0,0,0,10,12,11603,280,0,0,0,0,0,227055,3,0
0,0,0,0,56,16,11604,280,0,0,0,0,0,226766,3,0
0,0,0,0,22,18,11605,280,0,0,0,0,0,243686,3,0
0,0,0,0,9,25,11606,280,0,0,0,0,0,243586,3,0
0,0,0,0,97,28,11607,280,0,0,0,0,0,231887,3,0
0,0,0,0,14,28,11608,280,0,0,0,0,0,216194,3,0
0,0,0,0,20,28,11609,280,0,0,0,0,0,251942,3,0
0,0,0,0,4,28,11610,280,0,0,0,0,0,246679,3,0
0,0,0,0,1,28,11611,280,0,0,0,0,0,240493,3,0
0,0,0,0,19,28,11612,280,0,0,0,0,0,270983,3,0
0,0,0,0,17,28,11613,280,0,0,0,0,0,278025,3,0
0,0,0,0,70,28,11614,280,0,0,0,0,0,271461,3,0
0,0,0,0,99,28,11615,280,0,0,0,0,0,241788,3,0
0,0,0,0,61,28,11616,280,0,0,0,0,0,82424,3,0
0,0,0,0,6,28,11617,280,0,0,0,0,0,262109,3,0
0,0,0,0,31,28,11618,280,0,0,0,0,0,74085,3,0
0,0,0,0,16,29,11619,280,0,0,0,0,0,74697,3,0
0,0,0,0,21,29,11620,280,0,0,0,0,0,215399,3,0
0,0,0,0,67,29,11621,280,0,0,0,0,0,79111,3,0
0,0,0,0,80,29,11622,280,0,0,0,0,0,79110,3,0
0,0,0,0,8,29,11623,280,0,0,0,0,0,276998,3,0
0,0,0,0,1,0,11624,393,0,0,0,0,0,236583,3,0
0,0,0,0,3,3,11625,393,0,0,0,0,0,224263,3,0
0,0,0,0,16,4,11626,393,0,0,0,0,0,210136,3,0
0,0,0,0,5,6,11627,393,0,0,0,0,0,253136,3,0
0,0,0,0,21,7,11628,393,0,0,0,0,0,209620,3,0
0,0,0,0,8,9,11629,393,0,0,0,0,0,205391,3,0
0,0,0,0,2,11,11630,393,0,0,0,0,0,237520,3,0
0,0,0,0,14,12,11631,393,0,0,0,0,0,220746,3,0
0,0,0,0,11,16,11632,393,0,0,0,0,0,188803,3,0
0,0,0,0,65,18,11633,393,0,0,0,0,0,259633,3,0
0,0,0,0,7,25,11634,393,0,0,0,0,0,239842,3,0
0,0,0,0,77,28,11635,393,0,0,0,0,0,245977,3,0
0,0,0,0,9,28,11636,393,0,0,0,0,0,235029,3,0
0,0,0,0,10,28,11637,393,0,0,0,0,0,208053,3,0
0,0,0,0,32,28,11638,393,0,0,0,0,0,226508,3,0
0,0,0,0,88,28,11639,393,0,0,0,0,0,232123,3,0
0,0,0,0,20,28,11640,393,0,0,0,0,0,264330,3,0
0,0,0,0,4,28,11641,393,0,0,0,0,0,245566,3,0
0,0,0,0,56,28,11642,393,0,0,0,0,0,79764,3,0
0,0,0,0,27,28,11643,393,0,0,0,0,0,200094,3,0
0,0,0,0,23,28,11644,393,0,0,0,0,0,231588,3,0
0,0,0,0,18,28,11645,393,0,0,0,0,0,252931,3,0
0,0,0,0,22,28,11646,393,0,0,0,0,0,271477,3,0
0,0,0,0,6,29,11647,393,0,0,0,0,0,195086,3,0
0,0,0,0,97,29,11648,393,0,0,0,0,0,79706,3,0
0,0,0,0,90,29,11649,393,0,0,0,0,0,75895,3,0
0,0,0,0,25,29,11650,393,0,0,0,0,0,72884,3,0
0,0,0,0,99,29,11651,393,0,0,0,0,0,276591,3,0
0,0,0,0,43,29,11652,393,0,0,0,0,0,79761,3,0
0,0,0,0,19,29,11653,393,0,0,0,0,0,221605,3,0
0,0,0,0,52,29,11654,393,0,0,0,0,0,79689,3,0
0,0,0,0,41,29,11655,393,0,0,0,0,0,75047,3,0
0,0,0,0,99,0,11656,1874,0,0,0,0,0,189146,3,0
0,0,0,0,27,4,11657,1874,0,0,0,0,0,225532,3,0
0,0,0,0,28,5,11658,1874,0,0,0,0,0,257091,3,0
0,0,0,0,22,6,11659,1874,0,0,0,0,0,275644,3,0
0,0,0,0,25,12,11660,1874,0,0,0,0,0,262644,3,0
0,0,0,0,66,13,11661,1874,0,0,0,0,0,258360,3,0
0,0,0,0,36,15,11662,1874,0,0,0,0,0,70887,3,0
0,0,0,0,20,16,11663,1874,0,0,0,0,0,270068,3,0
0,0,0,0,38,17,11664,1874,0,0,0,0,0,220971,3,0
0,0,0,0,16,19,11665,1874,0,0,0,0,0,237566,3,0
0,0,0,0,11,25,11666,1874,0,0,0,0,0,278664,3,0
0,0,0,0,80,28,11667,1874,0,0,0,0,0,236817,3,0
0,0,0,0,23,28,11668,1874,0,0,0,0,0,79091,3,0
0,0,0,0,3,28,11669,1874,0,0,0,0,0,229436,3,0
0,0,0,0,47,28,11670,1874,0,0,0,0,0,212454,3,0
0,0,0,0,90,28,11671,1874,0,0,0,0,0,221610,3,0
0,0,0,0,8,28,11672,1874,0,0,0,0,0,223489,3,0
0,0,0,0,30,28,11673,1874,0,0,0,0,0,73598,3,0
0,0,0,0,15,28,11674,1874,0,0,0,0,0,275976,3,0
0,0,0,0,77,28,11675,1874,0,0,0,0,0,79098,3,0
0,0,0,0,88,28,11676,1874,0,0,0,0,0,262403,3,0
0,0,0,0,75,28,11677,1874,0,0,0,0,0,262652,3,0
0,0,0,0,72,28,11678,1874,0,0,0,0,0,83379,3,0
0,0,0,0,40,29,11679,1874,0,0,0,0,0,242532,3,0
0,0,0,0,76,29,11680,1874,0,0,0,0,0,269116,3,0
0,0,0,0,63,29,11681,1874,0,0,0,0,0,273872,3,0
0,0,0,0,44,29,11682,1874,0,0,0,0,0,240725,3,0
0,0,0,0,14,29,11683,1874,0,0,0,0,0,266462,3,0
0,0,0,0,21,29,11684,1874,0,0,0,0,0,230718,3,0
0,0,0,0,55,29,11685,1874,0,0,0,0,0,74392,3,0
0,0,0,0,29,29,11686,1874,0,0,0,0,0,261260,3,0
0,0,0,0,39,29,11687,1874,0,0,0,0,0,235086,3,0
0,0,0,0,10,29,11688,1874,0,0,0,0,0,239669,3,0
0,0,0,0,7,29,11689,1874,0,0,0,0,0,209402,3,0
0,0,0,0,19,29,11690,1874,0,0,0,0,0,259256,3,0
0,0,0,0,17,29,11691,1874,0,0,0,0,0,73217,3,0
0,0,0,0,40,0,11692,1884,0,0,0,0,0,231691,3,0
0,0,0,0,2,3,11693,1884,0,0,0,0,0,228881,3,0
0,0,0,0,14,4,11694,1884,0,0,0,0,0,219461,3,0
0,0,0,0,5,6,11695,1884,0,0,0,0,0,236535,3,0
0,0,0,0,77,7,11696,1884,0,0,0,0,0,253213,3,0
0,0,0,0,4,9,11697,1884,0,0,0,0,0,224019,3,0
0,0,0,0,8,11,11698,1884,0,0,0,0,0,230767,3,0
0,0,0,0,28,12,11699,1884,0,0,0,0,0,253283,3,0
0,0,0,0,9,16,11700,1884,0,0,0,0,0,260843,3,0
0,0,0,0,31,18,11701,1884,0,0,0,0,0,193881,3,0
0,0,0,0,19,25,11702,1884,0,0,0,0,0,224301,3,0
0,0,0,0,33,28,11703,1884,0,0,0,0,0,222262,3,0
0,0,0,0,17,28,11704,1884,0,0,0,0,0,183394,3,0
0,0,0,0,25,28,11705,1884,0,0,0,0,0,221969,3,0
0,0,0,0,26,28,11706,1884,0,0,0,0,0,244523,3,0
0,0,0,0,70,28,11707,1884,0,0,0,0,0,224846,3,0
0,0,0,0,6,28,11708,1884,0,0,0,0,0,236773,3,0
0,0,0,0,27,28,11709,1884,0,0,0,0,0,262815,3,0
0,0,0,0,3,28,11710,1884,0,0,0,0,0,83501,3,0
0,0,0,0,11,28,11711,1884,0,0,0,0,0,208250,3,0
0,0,0,0,72,28,11712,1884,0,0,0,0,0,81306,3,0
0,0,0,0,16,28,11713,1884,0,0,0,0,0,247861,3,0
0,0,0,0,39,28,11714,1884,0,0,0,0,0,79813,3,0
0,0,0,0,21,29,11715,1884,0,0,0,0,0,215930,3,0
0,0,0,0,15,29,11716,1884,0,0,0,0,0,221422,3,0
0,0,0,0,7,29,11717,1884,0,0,0,0,0,82904,3,0
0,0,0,0,18,29,11718,1884,0,0,0,0,0,82909,3,0
0,0,0,0,22,29,11719,1884,0,0,0,0,0,79804,3,0
0,0,0,0,20,29,11720,1884,0,0,0,0,0,263693,3,0
0,0,0,0,23,29,11721,1884,0,0,0,0,0,82998,3,0
0,0,0,0,52,29,11722,1884,0,0,0,0,0,203535,3,0
0,0,0,0,30,29,11723,1884,0,0,0,0,0,213272,3,0
0,0,0,0,10,29,11724,1884,0,0,0,0,0,75074,3,0
0,0,0,0,1,0,11725,100135,0,0,0,0,0,258480,3,0
0,0,0,0,14,3,11726,100135,0,0,0,0,0,241981,3,0
0,0,0,0,31,4,11727,100135,0,0,0,0,0,226523,3,0
0,0,0,0,34,6,11728,100135,0,0,0,0,0,234774,3,0
0,0,0,0,3,7,11729,100135,0,0,0,0,0,202151,3,0
0,0,0,0,29,9,11730,100135,0,0,0,0,0,270339,3,0
0,0,0,0,20,11,11731,100135,0,0,0,0,0,226866,3,0
0,0,0,0,15,12,11732,100135,0,0,0,0,0,78315,3,0
0,0,0,0,10,16,11733,100135,0,0,0,0,0,270478,3,0
0,0,0,0,7,18,11734,100135,0,0,0,0,0,212150,3,0
0,0,0,0,79,25,11735,100135,0,0,0,0,0,218651,3,0
0,0,0,0,89,28,11736,100135,0,0,0,0,0,262576,3,0
0,0,0,0,35,28,11737,100135,0,0,0,0,0,229575,3,0
0,0,0,0,17,28,11738,100135,0,0,0,0,0,74321,3,0
0,0,0,0,2,28,11739,100135,0,0,0,0,0,72698,3,0
0,0,0,0,22,28,11740,100135,0,0,0,0,0,269880,3,0
0,0,0,0,18,28,11741,100135,0,0,0,0,0,210380,3,0
0,0,0,0,45,28,11742,100135,0,0,0,0,0,80047,3,0
0,0,0,0,5,28,11743,100135,0,0,0,0,0,229585,3,0
0,0,0,0,38,28,11744,100135,0,0,0,0,0,79915,3,0
0,0,0,0,11,28,11745,100135,0,0,0,0,0,72957,3,0
0,0,0,0,27,28,11746,100135,0,0,0,0,0,193336,3,0
0,0,0,0,6,28,11747,100135,0,0,0,0,0,72945,3,0
0,0,0,0,39,29,11748,100135,0,0,0,0,0,80912,3,0
0,0,0,0,33,29,11749,100135,0,0,0,0,0,80904,3,0
0,0,0,0,23,29,11750,100135,0,0,0,0,0,73866,3,0
0,0,0,0,9,29,11751,100135,0,0,0,0,0,239612,3,0
0,0,0,0,36,29,11752,100135,0,0,0,0,0,73867,3,0
0,0,0,0,25,29,11753,100135,0,0,0,0,0,74354,3,0
0,0,0,0,21,29,11754,100135,0,0,0,0,0,80907,3,0
0,0,0,0,1,0,11755,100325,0,0,0,0,0,272646,3,0
0,0,0,0,2,3,11756,100325,0,0,0,0,0,243848,3,0
0,0,0,0,31,4,11757,100325,0,0,0,0,0,80485,3,0
0,0,0,0,6,6,11758,100325,0,0,0,0,0,75794,3,0
0,0,0,0,13,7,11759,100325,0,0,0,0,0,76413,3,0
0,0,0,0,22,23,11760,100325,0,0,0,0,0,275331,3,0
0,0,0,0,21,13,11761,100325,0,0,0,0,0,75919,3,0
0,0,0,0,15,15,11762,100325,0,0,0,0,0,75795,3,0
0,0,0,0,99,27,11763,100325,0,0,0,0,0,247354,3,0
0,0,0,0,4,18,11764,100325,0,0,0,0,0,205895,3,0
0,0,0,0,20,25,11765,100325,0,0,0,0,0,190362,3,0
0,0,0,0,14,28,11766,100325,0,0,0,0,0,76113,3,0
0,0,0,0,5,28,11767,100325,0,0,0,0,0,221486,3,0
0,0,0,0,28,28,11768,100325,0,0,0,0,0,266676,3,0
0,0,0,0,47,28,11769,100325,0,0,0,0,0,82181,3,0
0,0,0,0,24,28,11770,100325,0,0,0,0,0,279334,3,0
0,0,0,0,10,28,11771,100325,0,0,0,0,0,234294,3,0
0,0,0,0,68,28,11772,100325,0,0,0,0,0,82182,3,0
0,0,0,0,97,28,11773,100325,0,0,0,0,0,78895,3,0
0,0,0,0,19,28,11774,100325,0,0,0,0,0,275184,3,0
0,0,0,0,63,28,11775,100325,0,0,0,0,0,76412,3,0
0,0,0,0,11,28,11776,100325,0,0,0,0,0,74744,3,0
0,0,0,0,88,28,11777,100325,0,0,0,0,0,82521,3,0
0,0,0,0,46,29,11778,100325,0,0,0,0,0,246807,3,0
0,0,0,0,35,0,11779,101047,0,0,0,0,0,252789,3,0
0,0,0,0,18,3,11780,101047,0,0,0,0,0,258308,3,0
0,0,0,0,4,4,11781,101047,0,0,0,0,0,245132,3,0
0,0,0,0,32,6,11782,101047,0,0,0,0,0,71330,3,0
0,0,0,0,44,7,11783,101047,0,0,0,0,0,266755,3,0
0,0,0,0,7,12,11784,101047,0,0,0,0,0,194794,3,0
0,0,0,0,8,13,11785,101047,0,0,0,0,0,243256,3,0
0,0,0,0,29,15,11786,101047,0,0,0,0,0,244373,3,0
0,0,0,0,22,16,11787,101047,0,0,0,0,0,274724,3,0
0,0,0,0,10,18,11788,101047,0,0,0,0,0,244374,3,0
0,0,0,0,39,25,11789,101047,0,0,0,0,0,74978,3,0
0,0,0,0,6,28,11790,101047,0,0,0,0,0,277439,3,0
0,0,0,0,15,28,11791,101047,0,0,0,0,0,73094,3,0
0,0,0,0,20,28,11792,101047,0,0,0,0,0,237109,3,0
0,0,0,0,40,28,11793,101047,0,0,0,0,0,277442,3,0
0,0,0,0,74,28,11794,101047,0,0,0,0,0,274730,3,0
0,0,0,0,77,28,11795,101047,0,0,0,0,0,271704,3,0
0,0,0,0,91,28,11796,101047,0,0,0,0,0,74069,3,0
0,0,0,0,9,28,11797,101047,0,0,0,0,0,274726,3,0
0,0,0,0,2,28,11798,101047,0,0,0,0,0,271542,3,0
0,0,0,0,71,28,11799,101047,0,0,0,0,0,80381,3,0
0,0,0,0,5,28,11800,101047,0,0,0,0,0,271544,3,0
0,0,0,0,99,28,11801,101047,0,0,0,0,0,71066,3,0
0,0,0,0,51,29,11802,101047,0,0,0,0,0,271546,3,0
0,0,0,0,66,29,11803,101047,0,0,0,0,0,278569,3,0
0,0,0,0,14,29,11804,101047,0,0,0,0,0,81968,3,0
0,0,0,0,70,29,11805,101047,0,0,0,0,0,82483,3,0
0,0,0,0,16,29,11806,101047,0,0,0,0,0,81754,3,0
0,0,0,0,31,0,11807,101059,0,0,0,0,0,265628,3,0
0,0,0,0,17,3,11808,101059,0,0,0,0,0,268411,3,0
0,0,0,0,5,4,11809,101059,0,0,0,0,0,248698,3,0
0,0,0,0,22,6,11810,101059,0,0,0,0,0,229528,3,0
0,0,0,0,13,7,11811,101059,0,0,0,0,0,277193,3,0
0,0,0,0,30,23,11812,101059,0,0,0,0,0,77883,3,0
0,0,0,0,21,13,11813,101059,0,0,0,0,0,255074,3,0
0,0,0,0,8,14,11814,101059,0,0,0,0,0,274732,3,0
0,0,0,0,6,15,11815,101059,0,0,0,0,0,70845,3,0
0,0,0,0,38,27,11816,101059,0,0,0,0,0,255472,3,0
0,0,0,0,7,25,11817,101059,0,0,0,0,0,277448,3,0
0,0,0,0,9,28,11818,101059,0,0,0,0,0,230559,3,0
0,0,0,0,4,28,11819,101059,0,0,0,0,0,215703,3,0
0,0,0,0,16,28,11820,101059,0,0,0,0,0,278075,3,0
0,0,0,0,18,28,11821,101059,0,0,0,0,0,72919,3,0
0,0,0,0,72,28,11822,101059,0,0,0,0,0,72917,3,0
0,0,0,0,2,28,11823,101059,0,0,0,0,0,246728,3,0
0,0,0,0,39,28,11824,101059,0,0,0,0,0,277194,3,0
0,0,0,0,26,28,11825,101059,0,0,0,0,0,263804,3,0
0,0,0,0,19,28,11826,101059,0,0,0,0,0,77760,3,0
0,0,0,0,68,28,11827,101059,0,0,0,0,0,83057,3,0
0,0,0,0,29,28,11828,101059,0,0,0,0,0,242021,3,0
0,0,0,0,49,28,11829,101059,0,0,0,0,0,80916,3,0
0,0,0,0,20,29,11830,101059,0,0,0,0,0,74097,3,0
0,0,0,0,27,29,11831,101059,0,0,0,0,0,271548,3,0
0,0,0,0,48,29,11832,101059,0,0,0,0,0,71331,3,0
0,0,0,0,24,29,11833,101059,0,0,0,0,0,70862,3,0
0,0,0,0,74,29,11834,101059,0,0,0,0,0,271549,3,0
0,0,0,0,37,29,11835,101059,0,0,0,0,0,80882,3,0
0,0,0,0,3,29,11836,101059,0,0,0,0,0,75802,3,0
0,0,0,0,14,29,11837,101059,0,0,0,0,0,80917,3,0
0,0,0,0,44,0,11838,110468,0,0,0,0,0,72937,3,0
0,0,0,0,40,4,11839,110468,0,0,0,0,0,277025,3,0
0,0,0,0,21,5,11840,110468,0,0,0,0,0,259188,3,0
0,0,0,0,5,6,11841,110468,0,0,0,0,0,79991,3,0
0,0,0,0,99,12,11842,110468,0,0,0,0,0,76602,3,0
0,0,0,0,6,13,11843,110468,0,0,0,0,0,71259,3,0
0,0,0,0,32,15,11844,110468,0,0,0,0,0,244796,3,0
0,0,0,0,19,16,11845,110468,0,0,0,0,0,257306,3,0
0,0,0,0,18,18,11846,110468,0,0,0,0,0,79948,3,0
0,0,0,0,11,24,11847,110468,0,0,0,0,0,198331,3,0
0,0,0,0,80,26,11848,110468,0,0,0,0,0,74753,3,0
0,0,0,0,29,28,11849,110468,0,0,0,0,0,72612,3,0
0,0,0,0,24,28,11850,110468,0,0,0,0,0,74419,3,0
0,0,0,0,14,28,11851,110468,0,0,0,0,0,76603,3,0
0,0,0,0,27,28,11852,110468,0,0,0,0,0,82908,3,0
0,0,0,0,13,28,11853,110468,0,0,0,0,0,263283,3,0
0,0,0,0,7,28,11854,110468,0,0,0,0,0,72936,3,0
0,0,0,0,17,28,11855,110468,0,0,0,0,0,244791,3,0
0,0,0,0,70,28,11856,110468,0,0,0,0,0,83496,3,0
0,0,0,0,20,28,11857,110468,0,0,0,0,0,74627,3,0
0,0,0,0,22,28,11858,110468,0,0,0,0,0,277553,3,0
0,0,0,0,9,28,11859,110468,0,0,0,0,0,80073,3,0
0,0,0,0,37,28,11860,110468,0,0,0,0,0,82906,3,0
0,0,0,0,15,29,11861,110468,0,0,0,0,0,81786,3,0
0,0,0,0,1,29,11862,110468,0,0,0,0,0,83201,3,0
0,0,0,0,51,29,11863,110468,0,0,0,0,0,72938,3,0
0,0,0,0,1,0,11864,110975,0,0,0,0,0,256529,3,0
0,0,0,0,23,3,11865,110975,0,0,0,0,0,214701,3,0
0,0,0,0,2,4,11866,110975,0,0,0,0,0,255416,3,0
0,0,0,0,19,6,11867,110975,0,0,0,0,0,225396,3,0
0,0,0,0,3,7,11868,110975,0,0,0,0,0,209744,3,0
0,0,0,0,17,10,11869,110975,0,0,0,0,0,193532,3,0
0,0,0,0,30,23,11870,110975,0,0,0,0,0,243386,3,0
0,0,0,0,20,13,11871,110975,0,0,0,0,0,228744,3,0
0,0,0,0,22,15,11872,110975,0,0,0,0,0,255637,3,0
0,0,0,0,11,27,11873,110975,0,0,0,0,0,258227,3,0
0,0,0,0,9,25,11874,110975,0,0,0,0,0,232670,3,0
0,0,0,0,8,28,11875,110975,0,0,0,0,0,215155,3,0
0,0,0,0,15,28,11876,110975,0,0,0,0,0,219605,3,0
0,0,0,0,74,28,11877,110975,0,0,0,0,0,224057,3,0
0,0,0,0,4,28,11878,110975,0,0,0,0,0,80315,3,0
0,0,0,0,27,28,11879,110975,0,0,0,0,0,214440,3,0
0,0,0,0,29,28,11880,110975,0,0,0,0,0,275043,3,0
0,0,0,0,18,28,11881,110975,0,0,0,0,0,277210,3,0
0,0,0,0,25,28,11882,110975,0,0,0,0,0,275044,3,0
0,0,0,0,6,28,11883,110975,0,0,0,0,0,78188,3,0
0,0,0,0,33,28,11884,110975,0,0,0,0,0,275045,3,0
0,0,0,0,44,28,11885,110975,0,0,0,0,0,81516,3,0
0,0,0,0,46,28,11886,110975,0,0,0,0,0,82162,3,0
0,0,0,0,36,29,11887,110975,0,0,0,0,0,77975,3,0
0,0,0,0,71,29,11888,110975,0,0,0,0,0,275073,3,0
0,0,0,0,72,29,11889,110975,0,0,0,0,0,271342,3,0
0,0,0,0,14,29,11890,110975,0,0,0,0,0,226556,3,0
0,0,0,0,28,29,11891,110975,0,0,0,0,0,216532,3,0
0,0,0,0,10,29,11892,110975,0,0,0,0,0,261157,3,0
0,0,0,0,26,29,11893,110975,0,0,0,0,0,241022,3,0
0,0,0,0,1,0,11894,111596,0,0,0,0,0,213206,3,0
0,0,0,0,31,3,11895,111596,0,0,0,0,0,198705,3,0
0,0,0,0,15,4,11896,111596,0,0,0,0,0,202170,3,0
0,0,0,0,33,6,11897,111596,0,0,0,0,0,242596,3,0
0,0,0,0,2,7,11898,111596,0,0,0,0,0,279942,3,0
0,0,0,0,11,23,11899,111596,0,0,0,0,0,221992,3,0
0,0,0,0,7,13,11900,111596,0,0,0,0,0,236918,3,0
0,0,0,0,16,15,11901,111596,0,0,0,0,0,255205,3,0
0,0,0,0,99,27,11902,111596,0,0,0,0,0,225951,3,0
0,0,0,0,19,18,11903,111596,0,0,0,0,0,234505,3,0
0,0,0,0,98,25,11904,111596,0,0,0,0,0,234249,3,0
0,0,0,0,77,28,11905,111596,0,0,0,0,0,215443,3,0
0,0,0,0,9,28,11906,111596,0,0,0,0,0,263180,3,0
0,0,0,0,22,28,11907,111596,0,0,0,0,0,210930,3,0
0,0,0,0,87,28,11908,111596,0,0,0,0,0,262740,3,0
0,0,0,0,97,28,11909,111596,0,0,0,0,0,247228,3,0
0,0,0,0,29,28,11910,111596,0,0,0,0,0,210021,3,0
0,0,0,0,17,28,11911,111596,0,0,0,0,0,241907,3,0
0,0,0,0,30,28,11912,111596,0,0,0,0,0,267920,3,0
0,0,0,0,14,28,11913,111596,0,0,0,0,0,263701,3,0
0,0,0,0,23,28,11914,111596,0,0,0,0,0,244656,3,0
0,0,0,0,8,28,11915,111596,0,0,0,0,0,270517,3,0
0,0,0,0,12,28,11916,111596,0,0,0,0,0,237255,3,0
0,0,0,0,5,29,11917,111596,0,0,0,0,0,233400,3,0
0,0,0,0,6,29,11918,111596,0,0,0,0,0,224067,3,0
0,0,0,0,27,29,11919,111596,0,0,0,0,0,274535,3,0
0,0,0,0,24,29,11920,111596,0,0,0,0,0,243456,3,0
0,0,0,0,17,0,11921,111701,0,0,0,0,0,247072,3,0
0,0,0,0,97,3,11922,111701,0,0,0,0,0,261991,3,0
0,0,0,0,14,4,11923,111701,0,0,0,0,0,79533,3,0
0,0,0,0,25,5,11924,111701,0,0,0,0,0,220380,3,0
0,0,0,0,3,6,11925,111701,0,0,0,0,0,263163,3,0
0,0,0,0,15,7,11926,111701,0,0,0,0,0,257188,3,0
0,0,0,0,20,13,11927,111701,0,0,0,0,0,246107,3,0
0,0,0,0,70,15,11928,111701,0,0,0,0,0,279061,3,0
0,0,0,0,10,18,11929,111701,0,0,0,0,0,226376,3,0
0,0,0,0,9,24,11930,111701,0,0,0,0,0,251353,3,0
0,0,0,0,21,26,11931,111701,0,0,0,0,0,264348,3,0
0,0,0,0,6,28,11932,111701,0,0,0,0,0,247060,3,0
0,0,0,0,8,28,11933,111701,0,0,0,0,0,262175,3,0
0,0,0,0,2,28,11934,111701,0,0,0,0,0,73256,3,0
0,0,0,0,4,28,11935,111701,0,0,0,0,0,79535,3,0
0,0,0,0,1,28,11936,111701,0,0,0,0,0,247067,3,0
0,0,0,0,89,28,11937,111701,0,0,0,0,0,251076,3,0
0,0,0,0,30,28,11938,111701,0,0,0,0,0,277574,3,0
0,0,0,0,13,28,11939,111701,0,0,0,0,0,79538,3,0
0,0,0,0,28,28,11940,111701,0,0,0,0,0,261202,3,0
0,0,0,0,46,28,11941,111701,0,0,0,0,0,74995,3,0
0,0,0,0,77,28,11942,111701,0,0,0,0,0,71653,3,0
0,0,0,0,60,28,11943,111701,0,0,0,0,0,81405,3,0
0,0,0,0,35,29,11944,111701,0,0,0,0,0,81407,3,0
0,0,0,0,5,29,11945,111701,0,0,0,0,0,226652,3,0
0,0,0,0,41,29,11946,111701,0,0,0,0,0,81408,3,0
0,0,0,0,80,29,11947,111701,0,0,0,0,0,81409,3,0
0,0,0,0,29,29,11948,111701,0,0,0,0,0,81402,3,0
0,0,0,0,88,29,11949,111701,0,0,0,0,0,74997,3,0
0,0,0,0,99,0,11950,113888,0,0,0,0,0,258239,3,0
0,0,0,0,2,3,11951,113888,0,0,0,0,0,257265,3,0
0,0,0,0,13,4,11952,113888,0,0,0,0,0,72871,3,0
0,0,0,0,81,6,11953,113888,0,0,0,0,0,72874,3,0
0,0,0,0,27,7,11954,113888,0,0,0,0,0,72868,3,0
0,0,0,0,35,9,11955,113888,0,0,0,0,0,271135,3,0
0,0,0,0,8,11,11956,113888,0,0,0,0,0,234984,3,0
0,0,0,0,15,12,11957,113888,0,0,0,0,0,72866,3,0
0,0,0,0,10,16,11958,113888,0,0,0,0,0,212934,3,0
0,0,0,0,20,18,11959,113888,0,0,0,0,0,236420,3,0
0,0,0,0,17,25,11960,113888,0,0,0,0,0,81724,3,0
0,0,0,0,77,28,11961,113888,0,0,0,0,0,225921,3,0
0,0,0,0,9,28,11962,113888,0,0,0,0,0,231873,3,0
0,0,0,0,44,28,11963,113888,0,0,0,0,0,72869,3,0
0,0,0,0,55,28,11964,113888,0,0,0,0,0,72873,3,0
0,0,0,0,1,28,11965,113888,0,0,0,0,0,278145,3,0
0,0,0,0,21,28,11966,113888,0,0,0,0,0,277456,3,0
0,0,0,0,30,28,11967,113888,0,0,0,0,0,72877,3,0
0,0,0,0,22,28,11968,113888,0,0,0,0,0,276614,3,0
0,0,0,0,11,28,11969,113888,0,0,0,0,0,276093,3,0
0,0,0,0,97,28,11970,113888,0,0,0,0,0,234877,3,0
0,0,0,0,90,28,11971,113888,0,0,0,0,0,72870,3,0
0,0,0,0,3,28,11972,113888,0,0,0,0,0,224211,3,0
0,0,0,0,18,29,11973,113888,0,0,0,0,0,80872,3,0
0,0,0,0,6,29,11974,113888,0,0,0,0,0,270053,3,0
0,0,0,0,36,29,11975,113888,0,0,0,0,0,83664,3,0
0,0,0,0,89,29,11976,113888,0,0,0,0,0,72878,3,0
0,0,0,0,1,0,11977,1318,0,0,0,0,0,204935,3,0
0,0,0,0,3,3,11978,1318,0,0,0,0,0,238074,3,0
0,0,0,0,5,4,11979,1318,0,0,0,0,0,227678,3,0
0,0,0,0,6,6,11980,1318,0,0,0,0,0,241159,3,0
0,0,0,0,23,7,11981,1318,0,0,0,0,0,278773,3,0
0,0,0,0,4,10,11982,1318,0,0,0,0,0,234378,3,0
0,0,0,0,7,23,11983,1318,0,0,0,0,0,246669,3,0
0,0,0,0,16,13,11984,1318,0,0,0,0,0,260247,3,0
0,0,0,0,10,15,11985,1318,0,0,0,0,0,252371,3,0
0,0,0,0,18,27,11986,1318,0,0,0,0,0,242964,3,0
5,0,0,1,9,25,11987,1318,0,0,0,0,0,202126,3,0
0,0,0,0,15,28,11988,1318,0,0,0,0,0,235794,3,0
0,0,0,0,8,28,11989,1318,0,0,0,0,0,183711,3,0
0,0,0,0,12,28,11990,1318,0,0,0,0,0,198032,3,0
0,0,0,0,21,28,11991,1318,0,0,0,0,0,262118,3,0
0,0,0,0,13,28,11992,1318,0,0,0,0,0,233306,3,0
1,0,0,1,11,28,11993,1318,0,0,0,0,0,231677,3,0
0,0,0,0,17,28,11994,1318,0,0,0,0,0,242434,3,0
0,0,0,0,20,28,11995,1318,0,0,0,0,0,224371,3,0
0,0,0,0,19,28,11996,1318,0,0,0,0,0,221697,3,0
0,0,0,0,14,28,11997,1318,0,0,0,0,0,262859,3,0
0,0,0,0,2,28,11998,1318,0,0,0,0,0,188377,3,0
0,0,0,0,22,28,11999,1318,0,0,0,0,0,263063,3,0
0,0,0,0,25,29,12000,1318,0,0,0,0,0,237692,3,0
0,0,0,0,24,29,12001,1318,0,0,0,0,0,257534,3,0
0,0,0,0,26,29,12002,1318,0,0,0,0,0,231281,3,0
0,0,0,0,1,0,12003,1328,0,0,0,0,0,241671,3,0
0,0,0,0,2,3,12004,1328,0,0,0,0,0,250955,3,0
0,0,0,0,6,4,12005,1328,0,0,0,0,0,256325,3,0
0,0,0,0,5,6,12006,1328,0,0,0,0,0,225263,3,0
0,0,0,0,4,7,12007,1328,0,0,0,0,0,251517,3,0
0,0,0,0,18,10,12008,1328,0,0,0,0,0,257889,3,0
0,0,0,0,21,13,12009,1328,0,0,0,0,0,276278,3,0
0,0,0,0,10,15,12010,1328,0,0,0,0,0,177003,3,0
0,0,0,0,9,18,12011,1328,0,0,0,0,0,216354,3,0
0,0,0,0,11,24,12012,1328,0,0,0,0,0,188335,3,0
0,0,0,0,20,26,12013,1328,0,0,0,0,0,74896,3,0
0,0,0,0,14,28,12014,1328,0,0,0,0,0,181458,3,0
0,0,0,0,17,28,12015,1328,0,0,0,0,0,77673,3,0
0,0,0,0,16,28,12016,1328,0,0,0,0,0,262842,3,0
0,0,0,0,19,28,12017,1328,0,0,0,0,0,275192,3,0
0,0,0,0,12,28,12018,1328,0,0,0,0,0,246267,3,0
0,0,0,0,8,28,12019,1328,0,0,0,0,0,207410,3,0
0,0,0,0,25,28,12020,1328,0,0,0,0,0,244456,3,0
0,0,0,0,15,28,12021,1328,0,0,0,0,0,223273,3,0
0,0,0,0,22,28,12022,1328,0,0,0,0,0,257771,3,0
0,0,0,0,7,28,12023,1328,0,0,0,0,0,244270,3,0
0,0,0,0,26,28,12024,1328,0,0,0,0,0,258775,3,0
0,0,0,0,3,28,12025,1328,0,0,0,0,0,238370,3,0
0,0,0,0,23,29,12026,1328,0,0,0,0,0,242288,3,0
0,0,0,0,13,29,12027,1328,0,0,0,0,0,241095,3,0
0,0,0,0,98,29,12028,1328,0,0,0,0,0,252000,3,0
0,0,0,0,1,0,12029,1330,0,0,0,0,0,242948,3,0
0,0,0,0,5,3,12030,1330,0,0,0,0,0,244470,3,0
0,0,0,0,4,4,12031,1330,0,0,0,0,0,251116,3,0
0,0,0,0,18,6,12032,1330,0,0,0,0,0,252064,3,0
0,0,0,0,3,7,12033,1330,0,0,0,0,0,266374,3,0
0,0,0,0,22,9,12034,1330,0,0,0,0,0,236792,3,0
0,0,0,0,21,11,12035,1330,0,0,0,0,0,71259,3,0
0,0,0,0,17,12,12036,1330,0,0,0,0,0,216860,3,0
0,0,0,0,7,16,12037,1330,0,0,0,0,0,258208,3,0
0,0,0,0,14,18,12038,1330,0,0,0,0,0,253727,3,0
0,0,0,0,19,25,12039,1330,0,0,0,0,0,244793,3,0
0,0,0,0,11,28,12040,1330,0,0,0,0,0,257536,3,0
0,0,0,0,2,28,12041,1330,0,0,0,0,0,255687,3,0
0,0,0,0,6,28,12042,1330,0,0,0,0,0,259748,3,0
0,0,0,0,25,28,12043,1330,0,0,0,0,0,204125,3,0
0,0,0,0,12,28,12044,1330,0,0,0,0,0,269511,3,0
0,0,0,0,9,28,12045,1330,0,0,0,0,0,246618,3,0
0,0,0,0,8,28,12046,1330,0,0,0,0,0,247050,3,0
0,0,0,0,10,28,12047,1330,0,0,0,0,0,234236,3,0
0,0,0,0,15,28,12048,1330,0,0,0,0,0,247028,3,0
0,0,0,0,24,28,12049,1330,0,0,0,0,0,73580,3,0
0,0,0,0,13,28,12050,1330,0,0,0,0,0,241186,3,0
0,0,0,0,16,28,12051,1330,0,0,0,0,0,229154,3,0
0,0,0,0,20,29,12052,1330,0,0,0,0,0,259188,3,0
0,0,0,0,23,29,12053,1330,0,0,0,0,0,246919,3,0
0,0,0,0,26,29,12054,1330,0,0,0,0,0,276646,3,0
0,0,0,0,1,0,12055,1331,0,0,0,0,0,163587,3,0
0,0,0,0,13,3,12056,1331,0,0,0,0,0,233301,3,0
0,0,0,0,2,4,12057,1331,0,0,0,0,0,224221,3,0
0,0,0,0,6,6,12058,1331,0,0,0,0,0,213661,3,0
0,0,0,0,5,7,12059,1331,0,0,0,0,0,234678,3,0
1,0,0,1,23,9,12060,1331,0,0,0,0,0,213648,3,0
0,0,0,0,21,11,12061,1331,0,0,0,0,0,244669,3,0
0,0,0,0,11,12,12062,1331,0,0,0,0,0,240017,3,0
0,0,0,0,7,16,12063,1331,0,0,0,0,0,277432,3,0
0,0,0,0,14,18,12064,1331,0,0,0,0,0,241508,3,0
0,0,0,0,9,25,12065,1331,0,0,0,0,0,259399,3,0
6,0,0,1,10,28,12066,1331,0,0,0,0,0,190460,3,0
0,0,0,0,8,28,12067,1331,0,0,0,0,0,248729,3,0
1,0,0,1,3,28,12068,1331,0,0,0,0,0,202849,3,0
0,0,0,0,4,28,12069,1331,0,0,0,0,0,276377,3,0
0,0,0,0,16,28,12070,1331,0,0,0,0,0,246158,3,0
0,0,0,0,15,28,12071,1331,0,0,0,0,0,210697,3,0
0,0,0,0,25,28,12072,1331,0,0,0,0,0,279015,3,0
0,0,0,0,28,28,12073,1331,0,0,0,0,0,236918,3,0
0,0,0,0,20,28,12074,1331,0,0,0,0,0,270050,3,0
0,0,0,0,22,28,12075,1331,0,0,0,0,0,258485,3,0
0,0,0,0,18,28,12076,1331,0,0,0,0,0,220714,3,0
0,0,0,0,19,28,12077,1331,0,0,0,0,0,241522,3,0
0,0,0,0,24,29,12078,1331,0,0,0,0,0,240734,3,0
0,0,0,0,12,29,12079,1331,0,0,0,0,0,228687,3,0
0,0,0,0,26,29,12080,1331,0,0,0,0,0,242633,3,0
0,0,0,0,12,0,12081,1334,0,0,0,0,0,258928,3,0
0,0,0,0,17,3,12082,1334,0,0,0,0,0,234298,3,0
0,0,0,0,21,4,12083,1334,0,0,0,0,0,81776,3,0
0,0,0,0,5,6,12084,1334,0,0,0,0,0,254994,3,0
0,0,0,0,2,7,12085,1334,0,0,0,0,0,77520,3,0
0,0,0,0,14,10,12086,1334,0,0,0,0,0,232446,3,0
0,0,0,0,8,12,12087,1334,0,0,0,0,0,228312,3,0
0,0,0,0,11,13,12088,1334,0,0,0,0,0,81326,3,0
0,0,0,0,6,15,12089,1334,0,0,0,0,0,263364,3,0
0,0,0,0,7,16,12090,1334,0,0,0,0,0,247447,3,0
4,0,0,1,20,25,12091,1334,0,0,0,0,0,220165,3,0
0,0,0,0,19,28,12092,1334,0,0,0,0,0,245582,3,0
0,0,0,0,24,28,12093,1334,0,0,0,0,0,213654,3,0
0,0,0,0,4,28,12094,1334,0,0,0,0,0,258599,3,0
0,0,0,0,3,28,12095,1334,0,0,0,0,0,82163,3,0
0,0,0,0,1,28,12096,1334,0,0,0,0,0,190941,3,0
0,0,0,0,9,28,12097,1334,0,0,0,0,0,234889,3,0
0,0,0,0,18,28,12098,1334,0,0,0,0,0,272648,3,0
0,0,0,0,13,28,12099,1334,0,0,0,0,0,81784,3,0
0,0,0,0,26,28,12100,1334,0,0,0,0,0,79525,3,0
0,0,0,0,23,28,12101,1334,0,0,0,0,0,261375,3,0
0,0,0,0,25,28,12102,1334,0,0,0,0,0,263343,3,0
0,0,0,0,22,28,12103,1334,0,0,0,0,0,274089,3,0
0,0,0,0,16,29,12104,1334,0,0,0,0,0,263310,3,0
0,0,0,0,30,29,12105,1334,0,0,0,0,0,272599,3,0
0,0,0,0,29,29,12106,1334,0,0,0,0,0,207593,3,0
0,0,0,0,16,0,12107,1335,0,0,0,0,0,215698,3,0
0,0,0,0,5,3,12108,1335,0,0,0,0,0,241486,3,0
0,0,0,0,4,4,12109,1335,0,0,0,0,0,229558,3,0
0,0,0,0,17,6,12110,1335,0,0,0,0,0,243715,3,0
0,0,0,0,22,7,12111,1335,0,0,0,0,0,232656,3,0
0,0,0,0,7,23,12112,1335,0,0,0,0,0,231443,3,0
0,0,0,0,8,13,12113,1335,0,0,0,0,0,241637,3,0
0,0,0,0,13,15,12114,1335,0,0,0,0,0,250723,3,0
0,0,0,0,24,27,12115,1335,0,0,0,0,0,271421,3,0
0,0,0,0,11,18,12116,1335,0,0,0,0,0,247827,3,0
0,0,0,0,10,25,12117,1335,0,0,0,0,0,231747,3,0
0,0,0,0,19,28,12118,1335,0,0,0,0,0,248243,3,0
0,0,0,0,15,28,12119,1335,0,0,0,0,0,237678,3,0
0,0,0,0,21,28,12120,1335,0,0,0,0,0,220814,3,0
0,0,0,0,3,28,12121,1335,0,0,0,0,0,200458,3,0
0,0,0,0,1,28,12122,1335,0,0,0,0,0,204883,3,0
0,0,0,0,14,28,12123,1335,0,0,0,0,0,210008,3,0
1,0,0,1,25,28,12124,1335,0,0,0,0,0,213345,3,0
0,0,0,0,20,28,12125,1335,0,0,0,0,0,264652,3,0
0,0,0,0,9,28,12126,1335,0,0,0,0,0,228093,3,0
0,0,0,0,23,28,12127,1335,0,0,0,0,0,251752,3,0
0,0,0,0,6,28,12128,1335,0,0,0,0,0,247246,3,0
0,0,0,0,2,28,12129,1335,0,0,0,0,0,226851,3,0
0,0,0,0,12,29,12130,1335,0,0,0,0,0,237679,3,0
0,0,0,0,26,29,12131,1335,0,0,0,0,0,232411,3,0
0,0,0,0,18,29,12132,1335,0,0,0,0,0,264862,3,0
0,0,0,0,1,0,12133,1337,0,0,0,0,0,193698,3,0
0,0,0,0,6,3,12134,1337,0,0,0,0,0,212622,3,0
0,0,0,0,4,4,12135,1337,0,0,0,0,0,213331,3,0
0,0,0,0,5,6,12136,1337,0,0,0,0,0,247819,3,0
0,0,0,0,22,7,12137,1337,0,0,0,0,0,236703,3,0
0,0,0,0,8,9,12138,1337,0,0,0,0,0,209658,3,0
0,0,0,0,26,11,12139,1337,0,0,0,0,0,275298,3,0
0,0,0,0,14,17,12140,1337,0,0,0,0,0,251852,3,0
0,0,0,0,20,18,12141,1337,0,0,0,0,0,206113,3,0
0,0,0,0,17,19,12142,1337,0,0,0,0,0,256630,3,0
0,0,0,0,11,25,12143,1337,0,0,0,0,0,254022,3,0
0,0,0,0,24,28,12144,1337,0,0,0,0,0,246863,3,0
0,0,0,0,16,28,12145,1337,0,0,0,0,0,250959,3,0
0,0,0,0,10,28,12146,1337,0,0,0,0,0,225309,3,0
0,0,0,0,15,28,12147,1337,0,0,0,0,0,229476,3,0
0,0,0,0,12,28,12148,1337,0,0,0,0,0,223885,3,0
0,0,0,0,19,28,12149,1337,0,0,0,0,0,240709,3,0
0,0,0,0,13,28,12150,1337,0,0,0,0,0,269701,3,0
0,0,0,0,25,28,12151,1337,0,0,0,0,0,244257,3,0
0,0,0,0,18,28,12152,1337,0,0,0,0,0,222492,3,0
0,0,0,0,9,28,12153,1337,0,0,0,0,0,254117,3,0
0,0,0,0,23,28,12154,1337,0,0,0,0,0,212242,3,0
0,0,0,0,3,28,12155,1337,0,0,0,0,0,236532,3,0
0,0,0,0,7,29,12156,1337,0,0,0,0,0,252448,3,0
0,0,0,0,2,29,12157,1337,0,0,0,0,0,205452,3,0
0,0,0,0,21,29,12158,1337,0,0,0,0,0,192448,3,0
0,0,0,0,1,0,12159,1341,0,0,0,0,0,246704,3,0
0,0,0,0,4,3,12160,1341,0,0,0,0,0,190640,3,0
0,0,0,0,5,4,12161,1341,0,0,0,0,0,221422,3,0
0,0,0,0,3,6,12162,1341,0,0,0,0,0,226510,3,0
0,0,0,0,14,7,12163,1341,0,0,0,0,0,264436,3,0
0,0,0,0,9,23,12164,1341,0,0,0,0,0,269400,3,0
0,0,0,0,7,13,12165,1341,0,0,0,0,0,262088,3,0
0,0,0,0,8,15,12166,1341,0,0,0,0,0,246814,3,0
0,0,0,0,11,27,12167,1341,0,0,0,0,0,241474,3,0
0,0,0,0,22,24,12168,1341,0,0,0,0,0,270787,3,0
0,0,0,0,10,26,12169,1341,0,0,0,0,0,238004,3,0
0,0,0,0,16,28,12170,1341,0,0,0,0,0,262551,3,0
0,0,0,0,15,28,12171,1341,0,0,0,0,0,270578,3,0
0,0,0,0,17,28,12172,1341,0,0,0,0,0,189167,3,0
0,0,0,0,23,28,12173,1341,0,0,0,0,0,208522,3,0
0,0,0,0,12,28,12174,1341,0,0,0,0,0,264133,3,0
0,0,0,0,25,28,12175,1341,0,0,0,0,0,263657,3,0
0,0,0,0,20,28,12176,1341,0,0,0,0,0,274927,3,0
0,0,0,0,19,28,12177,1341,0,0,0,0,0,258533,3,0
0,0,0,0,21,28,12178,1341,0,0,0,0,0,275062,3,0
0,0,0,0,24,28,12179,1341,0,0,0,0,0,245274,3,0
0,0,0,0,18,28,12180,1341,0,0,0,0,0,236883,3,0
0,0,0,0,2,28,12181,1341,0,0,0,0,0,277902,3,0
0,0,0,0,26,29,12182,1341,0,0,0,0,0,269186,3,0
0,0,0,0,27,29,12183,1341,0,0,0,0,0,191076,3,0
0,0,0,0,30,29,12184,1341,0,0,0,0,0,211177,3,0
0,0,0,0,1,0,12185,1343,0,0,0,0,0,230621,3,0
0,0,0,0,22,3,12186,1343,0,0,0,0,0,217870,3,0
0,0,0,0,4,4,12187,1343,0,0,0,0,0,243241,3,0
0,0,0,0,21,6,12188,1343,0,0,0,0,0,237383,3,0
0,0,0,0,3,7,12189,1343,0,0,0,0,0,226268,3,0
0,0,0,0,17,12,12190,1343,0,0,0,0,0,233556,3,0
0,0,0,0,26,13,12191,1343,0,0,0,0,0,224232,3,0
0,0,0,0,8,15,12192,1343,0,0,0,0,0,241096,3,0
0,0,0,0,20,16,12193,1343,0,0,0,0,0,220502,3,0
0,0,0,0,25,24,12194,1343,0,0,0,0,0,236610,3,0
0,0,0,0,9,26,12195,1343,0,0,0,0,0,241850,3,0
0,0,0,0,16,28,12196,1343,0,0,0,0,0,208268,3,0
0,0,0,0,6,28,12197,1343,0,0,0,0,0,253473,3,0
0,0,0,0,13,28,12198,1343,0,0,0,0,0,240277,3,0
0,0,0,0,19,28,12199,1343,0,0,0,0,0,258966,3,0
0,0,0,0,14,28,12200,1343,0,0,0,0,0,240091,3,0
0,0,0,0,7,28,12201,1343,0,0,0,0,0,216409,3,0
0,0,0,0,10,28,12202,1343,0,0,0,0,0,253002,3,0
0,0,0,0,5,28,12203,1343,0,0,0,0,0,222077,3,0
0,0,0,0,18,28,12204,1343,0,0,0,0,0,277327,3,0
0,0,0,0,12,28,12205,1343,0,0,0,0,0,252154,3,0
0,0,0,0,23,28,12206,1343,0,0,0,0,0,229582,3,0
0,0,0,0,24,28,12207,1343,0,0,0,0,0,257711,3,0
0,0,0,0,15,29,12208,1343,0,0,0,0,0,239807,3,0
0,0,0,0,2,29,12209,1343,0,0,0,0,0,247229,3,0
0,0,0,0,11,29,12210,1343,0,0,0,0,0,226710,3,0
0,0,0,0,1,0,12211,1352,0,0,0,0,0,185427,3,0
0,0,0,0,14,3,12212,1352,0,0,0,0,0,229891,3,0
0,0,0,0,3,4,12213,1352,0,0,0,0,0,224258,3,0
0,0,0,0,17,6,12214,1352,0,0,0,0,0,248342,3,0
0,0,0,0,5,7,12215,1352,0,0,0,0,0,262135,3,0
0,0,0,0,22,23,12216,1352,0,0,0,0,0,277295,3,0
0,0,0,0,10,13,12217,1352,0,0,0,0,0,222665,3,0
0,0,0,0,8,15,12218,1352,0,0,0,0,0,228092,3,0
0,0,0,0,20,27,12219,1352,0,0,0,0,0,262863,3,0
0,0,0,0,7,24,12220,1352,0,0,0,0,0,216549,3,0
0,0,0,0,9,26,12221,1352,0,0,0,0,0,239085,3,0
0,0,0,0,6,28,12222,1352,0,0,0,0,0,222227,3,0
0,0,0,0,18,28,12223,1352,0,0,0,0,0,242725,3,0
0,0,0,0,21,28,12224,1352,0,0,0,0,0,228518,3,0
0,0,0,0,26,28,12225,1352,0,0,0,0,0,243481,3,0
0,0,0,0,13,28,12226,1352,0,0,0,0,0,247611,3,0
0,0,0,0,19,28,12227,1352,0,0,0,0,0,237936,3,0
0,0,0,0,2,28,12228,1352,0,0,0,0,0,222475,3,0
0,0,0,0,16,28,12229,1352,0,0,0,0,0,260952,3,0
0,0,0,0,11,28,12230,1352,0,0,0,0,0,237937,3,0
0,0,0,0,15,28,12231,1352,0,0,0,0,0,233848,3,0
0,0,0,0,23,28,12232,1352,0,0,0,0,0,248166,3,0
0,0,0,0,4,28,12233,1352,0,0,0,0,0,238516,3,0
0,0,0,0,12,29,12234,1352,0,0,0,0,0,208573,3,0
0,0,0,0,27,29,12235,1352,0,0,0,0,0,233800,3,0
0,0,0,0,28,29,12236,1352,0,0,0,0,0,238756,3,0
0,0,0,0,1,0,12237,1353,0,0,0,0,0,228383,3,0
0,0,0,0,3,4,12238,1353,0,0,0,0,0,210136,3,0
0,0,0,0,5,5,12239,1353,0,0,0,0,0,220570,3,0
0,0,0,0,14,6,12240,1353,0,0,0,0,0,265693,3,0
0,0,0,0,2,12,12241,1353,0,0,0,0,0,227174,3,0
3,0,0,1,10,13,12242,1353,0,0,0,0,0,210406,3,0
0,0,0,0,17,15,12243,1353,0,0,0,0,0,243222,3,0
0,0,0,0,22,16,12244,1353,0,0,0,0,0,251633,3,0
0,0,0,0,20,17,12245,1353,0,0,0,0,0,235973,3,0
0,0,0,0,15,19,12246,1353,0,0,0,0,0,252508,3,0
34,1,0,1,9,25,12247,1353,0,0,0,0,0,188545,3,0
0,0,0,0,21,28,12248,1353,0,0,0,0,0,262113,3,0
0,0,0,0,13,28,12249,1353,0,0,0,0,0,252495,3,0
2,0,0,1,8,28,12250,1353,0,0,0,0,0,216003,3,0
0,0,0,0,4,28,12251,1353,0,0,0,0,0,243185,3,0
0,0,0,0,12,28,12252,1353,0,0,0,0,0,189908,3,0
0,0,0,0,19,28,12253,1353,0,0,0,0,0,224438,3,0
8,1,0,1,7,28,12254,1353,0,0,0,0,0,177922,3,0
0,0,0,0,23,28,12255,1353,0,0,0,0,0,223113,3,0
0,0,0,0,11,28,12256,1353,0,0,0,0,0,224301,3,0
0,0,0,0,25,28,12257,1353,0,0,0,0,0,215502,3,0
2,0,0,1,24,28,12258,1353,0,0,0,0,0,203568,3,0
0,0,0,0,16,28,12259,1353,0,0,0,0,0,262251,3,0
0,0,0,0,6,29,12260,1353,0,0,0,0,0,263262,3,0
0,0,0,0,18,29,12261,1353,0,0,0,0,0,276395,3,0
0,0,0,0,26,29,12262,1353,0,0,0,0,0,276680,3,0
0,0,0,0,1,0,12263,1354,0,0,0,0,0,234577,3,0
0,0,0,0,5,3,12264,1354,0,0,0,0,0,234574,3,0
0,0,0,0,3,4,12265,1354,0,0,0,0,0,239818,3,0
0,0,0,0,14,6,12266,1354,0,0,0,0,0,257179,3,0
0,0,0,0,25,7,12267,1354,0,0,0,0,0,252145,3,0
0,0,0,0,23,10,12268,1354,0,0,0,0,0,255253,3,0
0,0,0,0,20,12,12269,1354,0,0,0,0,0,238616,3,0
0,0,0,0,8,13,12270,1354,0,0,0,0,0,212198,3,0
1,0,0,1,10,15,12271,1354,0,0,0,0,0,218667,3,0
0,0,0,0,17,16,12272,1354,0,0,0,0,0,241721,3,0
66,1,0,1,7,25,12273,1354,0,0,0,1,0,20801,3,0
0,0,0,0,15,28,12274,1354,0,0,0,0,0,272834,3,0
0,0,0,0,6,28,12275,1354,0,0,0,0,0,229391,3,0
3,0,0,1,24,28,12276,1354,0,0,0,0,0,210514,3,0
0,0,0,0,4,28,12277,1354,0,0,0,0,0,270086,3,0
0,0,0,0,22,28,12278,1354,0,0,0,0,0,210385,3,0
0,0,0,0,9,28,12279,1354,0,0,0,0,0,256903,3,0
0,0,0,0,21,28,12280,1354,0,0,0,0,0,224293,3,0
0,0,0,0,16,28,12281,1354,0,0,0,0,0,244778,3,0
0,0,0,0,11,28,12282,1354,0,0,0,0,0,242444,3,0
0,0,0,0,19,28,12283,1354,0,0,0,0,0,240950,3,0
0,0,0,0,12,28,12284,1354,0,0,0,0,0,212442,3,0
0,0,0,0,13,28,12285,1354,0,0,0,0,0,273906,3,0
0,0,0,0,18,29,12286,1354,0,0,0,0,0,253124,3,0
0,0,0,0,2,29,12287,1354,0,0,0,0,0,227928,3,0
0,0,0,0,26,29,12288,1354,0,0,0,0,0,261050,3,0
0,0,0,0,1,0,12289,1355,0,0,0,0,0,240913,3,0
0,0,0,0,5,4,12290,1355,0,0,0,0,0,253510,3,0
0,0,0,0,22,5,12291,1355,0,0,0,0,0,248484,3,0
0,0,0,0,4,6,12292,1355,0,0,0,0,0,235405,3,0
0,0,0,0,20,12,12293,1355,0,0,0,0,0,231005,3,0
0,0,0,0,6,13,12294,1355,0,0,0,0,0,228151,3,0
0,0,0,0,8,15,12295,1355,0,0,0,0,0,252376,3,0
0,0,0,0,3,16,12296,1355,0,0,0,0,0,226012,3,0
0,0,0,0,21,17,12297,1355,0,0,0,0,0,233851,3,0
0,0,0,0,11,19,12298,1355,0,0,0,0,0,252066,3,0
0,0,0,0,9,25,12299,1355,0,0,0,0,0,259608,3,0
0,0,0,0,17,28,12300,1355,0,0,0,0,0,265801,3,0
0,0,0,0,13,28,12301,1355,0,0,0,0,0,261300,3,0
0,0,0,0,15,28,12302,1355,0,0,0,0,0,246991,3,0
0,0,0,0,12,28,12303,1355,0,0,0,0,0,235156,3,0
0,0,0,0,23,28,12304,1355,0,0,0,0,0,232284,3,0
0,0,0,0,7,28,12305,1355,0,0,0,0,0,238505,3,0
0,0,0,0,25,28,12306,1355,0,0,0,0,0,277835,3,0
0,0,0,0,10,28,12307,1355,0,0,0,0,0,244288,3,0
0,0,0,0,18,28,12308,1355,0,0,0,0,0,263571,3,0
0,0,0,0,16,28,12309,1355,0,0,0,0,0,243585,3,0
0,0,0,0,2,28,12310,1355,0,0,0,0,0,201417,3,0
0,0,0,0,19,28,12311,1355,0,0,0,0,0,260951,3,0
0,0,0,0,14,29,12312,1355,0,0,0,0,0,264120,3,0
0,0,0,0,26,29,12313,1355,0,0,0,0,0,220139,3,0
0,0,0,0,24,29,12314,1355,0,0,0,0,0,261647,3,0
0,0,0,0,1,0,12315,1356,0,0,0,0,0,234102,3,0
0,0,0,0,2,3,12316,1356,0,0,0,0,0,248165,3,0
0,0,0,0,3,4,12317,1356,0,0,0,0,0,261040,3,0
0,0,0,0,5,6,12318,1356,0,0,0,0,0,248105,3,0
3,0,0,1,8,7,12319,1356,0,0,0,0,0,212048,3,0
0,0,0,0,20,23,12320,1356,0,0,0,0,0,239978,3,0
0,0,0,0,22,13,12321,1356,0,0,0,0,0,237324,3,0
0,0,0,0,6,14,12322,1356,0,0,0,0,0,252313,3,0
0,0,0,0,10,15,12323,1356,0,0,0,0,0,226568,3,0
0,0,0,0,13,27,12324,1356,0,0,0,0,0,248060,3,0
0,0,0,0,9,25,12325,1356,0,0,0,0,0,266728,3,0
4,0,0,1,21,28,12326,1356,0,0,0,0,0,212207,3,0
0,0,0,0,18,28,12327,1356,0,0,0,0,0,235813,3,0
0,0,0,0,23,28,12328,1356,0,0,0,0,0,246562,3,0
0,0,0,0,14,28,12329,1356,0,0,0,0,0,243023,3,0
0,0,0,0,12,28,12330,1356,0,0,0,0,0,248073,3,0
0,0,0,0,26,28,12331,1356,0,0,0,0,0,248674,3,0
0,0,0,0,7,28,12332,1356,0,0,0,0,0,245770,3,0
0,0,0,0,15,28,12333,1356,0,0,0,0,0,237378,3,0
0,0,0,0,11,28,12334,1356,0,0,0,0,0,243000,3,0
0,0,0,0,19,28,12335,1356,0,0,0,0,0,223231,3,0
0,0,0,0,24,28,12336,1356,0,0,0,0,0,247972,3,0
0,0,0,0,25,28,12337,1356,0,0,0,0,0,251076,3,0
0,0,0,0,17,29,12338,1356,0,0,0,0,0,257803,3,0
0,0,0,0,4,29,12339,1356,0,0,0,0,0,248040,3,0
0,0,0,0,16,29,12340,1356,0,0,0,0,0,251136,3,0
0,0,0,0,21,0,12341,1359,0,0,0,0,0,53110,3,0
0,0,0,0,2,3,12342,1359,0,0,0,0,0,248808,3,0
1,0,0,1,5,4,12343,1359,0,0,0,0,0,198904,3,0
0,0,0,0,16,6,12344,1359,0,0,0,0,0,225974,3,0
1,0,0,1,3,7,12345,1359,0,0,0,0,0,216267,3,0
0,0,0,0,19,9,12346,1359,0,0,0,0,0,242280,3,0
0,0,0,0,11,11,12347,1359,0,0,0,0,0,213884,3,0
0,0,0,0,17,12,12348,1359,0,0,0,0,0,266815,3,0
0,0,0,0,7,16,12349,1359,0,0,0,0,0,210881,3,0
0,0,0,0,4,18,12350,1359,0,0,0,0,0,237238,3,0
0,0,0,0,10,25,12351,1359,0,0,0,0,0,226093,3,0
0,0,0,0,6,28,12352,1359,0,0,0,0,0,226491,3,0
0,0,0,0,15,28,12353,1359,0,0,0,0,0,212516,3,0
0,0,0,0,13,28,12354,1359,0,0,0,0,0,225316,3,0
0,0,0,0,25,28,12355,1359,0,0,0,0,0,234072,3,0
0,0,0,0,1,28,12356,1359,0,0,0,0,0,216325,3,0
0,0,0,0,9,28,12357,1359,0,0,0,0,0,247279,3,0
0,0,0,0,20,28,12358,1359,0,0,0,0,0,253970,3,0
0,0,0,0,24,28,12359,1359,0,0,0,0,0,216218,3,0
0,0,0,0,18,28,12360,1359,0,0,0,0,0,233602,3,0
0,0,0,0,12,28,12361,1359,0,0,0,0,0,225203,3,0
0,0,0,0,22,28,12362,1359,0,0,0,0,0,258036,3,0
0,0,0,0,26,28,12363,1359,0,0,0,0,0,255561,3,0
0,0,0,0,23,29,12364,1359,0,0,0,0,0,201368,3,0
0,0,0,0,14,29,12365,1359,0,0,0,0,0,275522,3,0
0,0,0,0,8,29,12366,1359,0,0,0,0,0,245992,3,0
0,0,0,0,23,0,12367,1362,0,0,0,0,0,230869,3,0
0,0,0,0,12,3,12368,1362,0,0,0,0,0,243576,3,0
0,0,0,0,3,4,12369,1362,0,0,0,0,0,233486,3,0
0,0,0,0,5,6,12370,1362,0,0,0,0,0,278349,3,0
0,0,0,0,22,7,12371,1362,0,0,0,0,0,239231,3,0
0,0,0,0,18,10,12372,1362,0,0,0,0,0,248148,3,0
0,0,0,0,19,12,12373,1362,0,0,0,0,0,277643,3,0
0,0,0,0,20,13,12374,1362,0,0,0,0,0,251854,3,0
0,0,0,0,8,15,12375,1362,0,0,0,0,0,226271,3,0
0,0,0,0,17,16,12376,1362,0,0,0,0,0,256516,3,0
0,0,0,0,21,25,12377,1362,0,0,0,0,0,230142,3,0
0,0,0,0,16,28,12378,1362,0,0,0,0,0,231866,3,0
0,0,0,0,6,28,12379,1362,0,0,0,0,0,225193,3,0
0,0,0,0,2,28,12380,1362,0,0,0,0,0,204963,3,0
0,0,0,0,4,28,12381,1362,0,0,0,0,0,278046,3,0
0,0,0,0,1,28,12382,1362,0,0,0,0,0,220901,3,0
0,0,0,0,7,28,12383,1362,0,0,0,0,0,241461,3,0
0,0,0,0,10,28,12384,1362,0,0,0,0,0,244260,3,0
0,0,0,0,15,28,12385,1362,0,0,0,0,0,210035,3,0
0,0,0,0,26,28,12386,1362,0,0,0,0,0,257279,3,0
0,0,0,0,25,28,12387,1362,0,0,0,0,0,277179,3,0
0,0,0,0,24,28,12388,1362,0,0,0,0,0,248550,3,0
0,0,0,0,11,28,12389,1362,0,0,0,0,0,259377,3,0
0,0,0,0,13,29,12390,1362,0,0,0,0,0,227127,3,0
0,0,0,0,14,29,12391,1362,0,0,0,0,0,226161,3,0
0,0,0,0,30,29,12392,1362,0,0,0,0,0,212218,3,0
0,0,0,0,12,0,12393,1363,0,0,0,0,0,241643,3,0
0,0,0,0,22,4,12394,1363,0,0,0,0,0,264191,3,0
0,0,0,0,4,5,12395,1363,0,0,0,0,0,260697,3,0
0,0,0,0,5,6,12396,1363,0,0,0,0,0,236822,3,0
0,0,0,0,20,10,12397,1363,0,0,0,0,0,268896,3,0
0,0,0,0,21,12,12398,1363,0,0,0,0,0,255459,3,0
0,0,0,0,7,13,12399,1363,0,0,0,0,0,272926,3,0
0,0,0,0,14,15,12400,1363,0,0,0,0,0,219951,3,0
0,0,0,0,8,16,12401,1363,0,0,0,0,0,259716,3,0
0,0,0,0,17,24,12402,1363,0,0,0,0,0,241651,3,0
0,0,0,0,9,26,12403,1363,0,0,0,0,0,233731,3,0
0,0,0,0,16,28,12404,1363,0,0,0,0,0,214658,3,0
0,0,0,0,15,28,12405,1363,0,0,0,0,0,220821,3,0
0,0,0,0,2,28,12406,1363,0,0,0,0,0,246656,3,0
0,0,0,0,6,28,12407,1363,0,0,0,0,0,252316,3,0
0,0,0,0,1,28,12408,1363,0,0,0,0,0,255900,3,0
0,0,0,0,18,28,12409,1363,0,0,0,0,0,257400,3,0
0,0,0,0,19,28,12410,1363,0,0,0,0,0,220969,3,0
0,0,0,0,10,28,12411,1363,0,0,0,0,0,243646,3,0
0,0,0,0,11,28,12412,1363,0,0,0,0,0,257470,3,0
0,0,0,0,3,28,12413,1363,0,0,0,0,0,221660,3,0
0,0,0,0,24,28,12414,1363,0,0,0,0,0,256782,3,0
0,0,0,0,27,28,12415,1363,0,0,0,0,0,247394,3,0
0,0,0,0,23,29,12416,1363,0,0,0,0,0,192129,3,0
0,0,0,0,34,29,12417,1363,0,0,0,0,0,228946,3,0
1,0,0,1,33,29,12418,1363,0,0,0,0,0,208448,3,0
0,0,0,0,12,0,12419,1366,0,0,0,0,0,250753,3,0
0,0,0,0,2,3,12420,1366,0,0,0,0,0,263804,3,0
0,0,0,0,13,4,12421,1366,0,0,0,0,0,258781,3,0
0,0,0,0,22,6,12422,1366,0,0,0,0,0,229528,3,0
0,0,0,0,16,7,12423,1366,0,0,0,0,0,244380,3,0
0,0,0,0,6,10,12424,1366,0,0,0,0,0,270731,3,0
0,0,0,0,15,12,12425,1366,0,0,0,0,0,244369,3,0
0,0,0,0,10,13,12426,1366,0,0,0,0,0,244374,3,0
0,0,0,0,17,15,12427,1366,0,0,0,0,0,259913,3,0
0,0,0,0,14,16,12428,1366,0,0,0,0,0,75355,3,0
0,0,0,0,26,25,12429,1366,0,0,0,0,0,242458,3,0
0,0,0,0,9,28,12430,1366,0,0,0,0,0,240702,3,0
0,0,0,0,24,28,12431,1366,0,0,0,0,0,255074,3,0
0,0,0,0,8,28,12432,1366,0,0,0,0,0,231969,3,0
0,0,0,0,5,28,12433,1366,0,0,0,0,0,248698,3,0
0,0,0,0,23,28,12434,1366,0,0,0,0,0,244385,3,0
0,0,0,0,20,28,12435,1366,0,0,0,0,0,277439,3,0
0,0,0,0,11,28,12436,1366,0,0,0,0,0,235414,3,0
0,0,0,0,7,28,12437,1366,0,0,0,0,0,271541,3,0
0,0,0,0,3,28,12438,1366,0,0,0,0,0,244428,3,0
0,0,0,0,18,28,12439,1366,0,0,0,0,0,270608,3,0
0,0,0,0,1,28,12440,1366,0,0,0,0,0,265628,3,0
0,0,0,0,4,28,12441,1366,0,0,0,0,0,278884,3,0
0,0,0,0,19,29,12442,1366,0,0,0,0,0,274726,3,0
0,0,0,0,25,29,12443,1366,0,0,0,0,0,81839,3,0
0,0,0,0,21,29,12444,1366,0,0,0,0,0,271548,3,0
0,0,0,0,1,0,12445,1367,0,0,0,0,0,193331,3,0
0,0,0,0,3,3,12446,1367,0,0,0,0,0,243057,3,0
0,0,0,0,6,4,12447,1367,0,0,0,0,0,229266,3,0
0,0,0,0,4,6,12448,1367,0,0,0,0,0,205923,3,0
0,0,0,0,15,7,12449,1367,0,0,0,0,0,232755,3,0
0,0,0,0,5,9,12450,1367,0,0,0,0,0,235735,3,0
0,0,0,0,17,11,12451,1367,0,0,0,0,0,265514,3,0
0,0,0,0,11,12,12452,1367,0,0,0,0,0,251421,3,0
0,0,0,0,19,16,12453,1367,0,0,0,0,0,260478,3,0
0,0,0,0,8,18,12454,1367,0,0,0,0,0,220710,3,0
0,0,0,0,13,25,12455,1367,0,0,0,0,0,216627,3,0
0,0,0,0,20,28,12456,1367,0,0,0,0,0,232104,3,0
0,0,0,0,7,28,12457,1367,0,0,0,0,0,220196,3,0
0,0,0,0,2,28,12458,1367,0,0,0,0,0,233201,3,0
0,0,0,0,26,28,12459,1367,0,0,0,0,0,248687,3,0
0,0,0,0,12,28,12460,1367,0,0,0,0,0,207998,3,0
0,0,0,0,18,28,12461,1367,0,0,0,0,0,237833,3,0
0,0,0,0,23,28,12462,1367,0,0,0,0,0,232545,3,0
0,0,0,0,22,28,12463,1367,0,0,0,0,0,212366,3,0
0,0,0,0,10,28,12464,1367,0,0,0,0,0,233941,3,0
0,0,0,0,9,28,12465,1367,0,0,0,0,0,70994,3,0
0,0,0,0,25,28,12466,1367,0,0,0,0,0,257437,3,0
0,0,0,0,21,28,12467,1367,0,0,0,0,0,200715,3,0
0,0,0,0,14,29,12468,1367,0,0,0,0,0,75296,3,0
0,0,0,0,24,29,12469,1367,0,0,0,0,0,72046,3,0
0,0,0,0,16,29,12470,1367,0,0,0,0,0,277584,3,0
0,0,0,0,23,0,12471,1369,0,0,0,0,0,202811,3,0
0,0,0,0,26,3,12472,1369,0,0,0,0,0,233084,3,0
0,0,0,0,13,4,12473,1369,0,0,0,0,0,232488,3,0
2,0,0,1,19,6,12474,1369,0,0,0,0,0,192366,3,0
0,0,0,0,3,7,12475,1369,0,0,0,0,0,211256,3,0
0,0,0,0,24,10,12476,1369,0,0,0,0,0,247090,3,0
56,1,0,1,10,23,12477,1369,0,0,0,0,0,158023,3,0
0,0,0,0,7,13,12478,1369,0,0,0,0,0,212616,3,0
0,0,0,0,20,15,12479,1369,0,0,0,0,0,239837,3,0
0,0,0,0,16,27,12480,1369,0,0,0,0,0,245371,3,0
0,0,0,0,9,25,12481,1369,0,0,0,0,0,246191,3,0
0,0,0,0,17,28,12482,1369,0,0,0,0,0,253396,3,0
0,0,0,0,5,28,12483,1369,0,0,0,0,0,207439,3,0
0,0,0,0,6,28,12484,1369,0,0,0,0,0,242835,3,0
0,0,0,0,4,28,12485,1369,0,0,0,0,0,231340,3,0
0,0,0,0,12,28,12486,1369,0,0,0,0,0,215316,3,0
0,0,0,0,22,28,12487,1369,0,0,0,0,0,231478,3,0
0,0,0,0,15,28,12488,1369,0,0,0,0,0,240690,3,0
0,0,0,0,14,28,12489,1369,0,0,0,0,0,231521,3,0
0,0,0,0,11,28,12490,1369,0,0,0,0,0,226226,3,0
0,0,0,0,25,28,12491,1369,0,0,0,0,0,239301,3,0
0,0,0,0,28,28,12492,1369,0,0,0,0,0,236804,3,0
0,0,0,0,21,28,12493,1369,0,0,0,0,0,279173,3,0
0,0,0,0,31,29,12494,1369,0,0,0,0,0,277846,3,0
0,0,0,0,2,29,12495,1369,0,0,0,0,0,237221,3,0
0,0,0,0,42,29,12496,1369,0,0,0,0,0,215223,3,0
0,0,0,0,12,0,12497,1386,0,0,0,0,0,73325,3,0
0,0,0,0,15,3,12498,1386,0,0,0,0,0,252008,3,0
0,0,0,0,3,4,12499,1386,0,0,0,0,0,229980,3,0
0,0,0,0,5,6,12500,1386,0,0,0,0,0,244349,3,0
0,0,0,0,23,7,12501,1386,0,0,0,0,0,226045,3,0
0,0,0,0,4,10,12502,1386,0,0,0,0,0,235844,3,0
0,0,0,0,25,23,12503,1386,0,0,0,0,0,237043,3,0
0,0,0,0,19,13,12504,1386,0,0,0,0,0,79399,3,0
0,0,0,0,14,15,12505,1386,0,0,0,0,0,244973,3,0
0,0,0,0,10,27,12506,1386,0,0,0,0,0,233260,3,0
8,1,0,1,9,25,12507,1386,0,0,0,0,0,204838,3,0
0,0,0,0,17,28,12508,1386,0,0,0,0,0,224574,3,0
0,0,0,0,6,28,12509,1386,0,0,0,0,0,257784,3,0
0,0,0,0,2,28,12510,1386,0,0,0,0,0,233493,3,0
0,0,0,0,20,28,12511,1386,0,0,0,0,0,78784,3,0
0,0,0,0,1,28,12512,1386,0,0,0,0,0,232654,3,0
0,0,0,0,11,28,12513,1386,0,0,0,0,0,245152,3,0
1,0,0,1,22,28,12514,1386,0,0,0,0,0,221992,3,0
0,0,0,0,8,28,12515,1386,0,0,0,0,0,235389,3,0
0,0,0,0,16,28,12516,1386,0,0,0,0,0,234579,3,0
0,0,0,0,24,28,12517,1386,0,0,0,0,0,237248,3,0
0,0,0,0,26,28,12518,1386,0,0,0,0,0,237995,3,0
0,0,0,0,7,28,12519,1386,0,0,0,0,0,243015,3,0
0,0,0,0,18,29,12520,1386,0,0,0,0,0,263701,3,0
0,0,0,0,27,29,12521,1386,0,0,0,0,0,256098,3,0
0,0,0,0,13,29,12522,1386,0,0,0,0,0,140233,3,0
0,0,0,0,1,0,12523,1387,0,0,0,0,0,233267,3,0
0,0,0,0,2,3,12524,1387,0,0,0,0,0,251804,3,0
0,0,0,0,3,4,12525,1387,0,0,0,0,0,250954,3,0
1,0,0,1,13,6,12526,1387,0,0,0,0,0,198261,3,0
0,0,0,0,14,7,12527,1387,0,0,0,0,0,229348,3,0
0,0,0,0,4,10,12528,1387,0,0,0,0,0,232999,3,0
1,0,0,1,10,23,12529,1387,0,0,0,0,0,227796,3,0
0,0,0,0,16,13,12530,1387,0,0,0,0,0,238744,3,0
0,0,0,0,11,15,12531,1387,0,0,0,0,0,247361,3,0
0,0,0,0,17,27,12532,1387,0,0,0,0,0,256853,3,0
0,0,0,0,20,25,12533,1387,0,0,0,0,0,247463,3,0
0,0,0,0,21,28,12534,1387,0,0,0,0,0,241496,3,0
0,0,0,0,8,28,12535,1387,0,0,0,0,0,256104,3,0
0,0,0,0,12,28,12536,1387,0,0,0,0,0,235755,3,0
0,0,0,0,22,28,12537,1387,0,0,0,0,0,242195,3,0
0,0,0,0,24,28,12538,1387,0,0,0,0,0,247506,3,0
0,0,0,0,23,28,12539,1387,0,0,0,0,0,226579,3,0
0,0,0,0,9,28,12540,1387,0,0,0,0,0,251223,3,0
0,0,0,0,6,28,12541,1387,0,0,0,0,0,226807,3,0
0,0,0,0,7,28,12542,1387,0,0,0,0,0,245541,3,0
0,0,0,0,19,28,12543,1387,0,0,0,0,0,238743,3,0
0,0,0,0,5,28,12544,1387,0,0,0,0,0,243133,3,0
0,0,0,0,26,28,12545,1387,0,0,0,0,0,242075,3,0
0,0,0,0,18,29,12546,1387,0,0,0,0,0,274535,3,0
0,0,0,0,15,29,12547,1387,0,0,0,0,0,228174,3,0
0,0,0,0,25,29,12548,1387,0,0,0,0,0,260982,3,0
0,0,0,0,1,0,12549,1886,0,0,0,0,0,221610,3,0
0,0,0,0,3,3,12550,1886,0,0,0,0,0,263233,3,0
0,0,0,0,6,4,12551,1886,0,0,0,0,0,204638,3,0
0,0,0,0,4,6,12552,1886,0,0,0,0,0,256780,3,0
0,0,0,0,11,7,12553,1886,0,0,0,0,0,260908,3,0
0,0,0,0,17,9,12554,1886,0,0,0,0,0,79091,3,0
0,0,0,0,25,11,12555,1886,0,0,0,0,0,70903,3,0
0,0,0,0,14,12,12556,1886,0,0,0,0,0,234171,3,0
0,0,0,0,8,16,12557,1886,0,0,0,0,0,234087,3,0
0,0,0,0,10,18,12558,1886,0,0,0,0,0,236772,3,0
0,0,0,0,9,25,12559,1886,0,0,0,0,0,236510,3,0
0,0,0,0,13,28,12560,1886,0,0,0,0,0,247026,3,0
0,0,0,0,7,28,12561,1886,0,0,0,0,0,188537,3,0
0,0,0,0,5,28,12562,1886,0,0,0,0,0,253170,3,0
0,0,0,0,28,28,12563,1886,0,0,0,0,0,245710,3,0
0,0,0,0,22,28,12564,1886,0,0,0,0,0,268099,3,0
0,0,0,0,20,28,12565,1886,0,0,0,0,0,276232,3,0
0,0,0,0,18,28,12566,1886,0,0,0,0,0,254159,3,0
0,0,0,0,23,28,12567,1886,0,0,0,0,0,261210,3,0
0,0,0,0,16,28,12568,1886,0,0,0,0,0,272566,3,0
0,0,0,0,19,28,12569,1886,0,0,0,0,0,73598,3,0
0,0,0,0,15,28,12570,1886,0,0,0,0,0,78801,3,0
0,0,0,0,2,28,12571,1886,0,0,0,0,0,231254,3,0
0,0,0,0,12,29,12572,1886,0,0,0,0,0,274968,3,0
0,0,0,0,26,29,12573,1886,0,0,0,0,0,276214,3,0
0,0,0,0,24,29,12574,1886,0,0,0,0,0,258708,3,0
0,0,0,0,1,0,12575,105035,0,0,0,0,0,258498,3,0
0,0,0,0,22,3,12576,105035,0,0,0,0,0,233096,3,0
0,0,0,0,3,4,12577,105035,0,0,0,0,0,251805,3,0
0,0,0,0,4,6,12578,105035,0,0,0,0,0,203376,3,0
0,0,0,0,15,7,12579,105035,0,0,0,0,0,264453,3,0
0,0,0,0,8,9,12580,105035,0,0,0,0,0,246104,3,0
0,0,0,0,21,11,12581,105035,0,0,0,0,0,228702,3,0
0,0,0,0,12,23,12582,105035,0,0,0,0,0,253149,3,0
0,0,0,0,11,27,12583,105035,0,0,0,0,0,242516,3,0
0,0,0,0,14,18,12584,105035,0,0,0,0,0,240638,3,0
3,0,0,1,10,25,12585,105035,0,0,0,0,0,202556,3,0
0,0,0,0,16,28,12586,105035,0,0,0,0,0,235149,3,0
0,0,0,0,5,28,12587,105035,0,0,0,0,0,208920,3,0
0,0,0,0,2,28,12588,105035,0,0,0,0,0,258908,3,0
0,0,0,0,17,28,12589,105035,0,0,0,0,0,271121,3,0
0,0,0,0,23,28,12590,105035,0,0,0,0,0,211738,3,0
0,0,0,0,7,28,12591,105035,0,0,0,0,0,245367,3,0
0,0,0,0,19,28,12592,105035,0,0,0,0,0,236920,3,0
0,0,0,0,18,28,12593,105035,0,0,0,0,0,231447,3,0
0,0,0,0,9,28,12594,105035,0,0,0,0,0,223689,3,0
0,0,0,0,6,28,12595,105035,0,0,0,0,0,235243,3,0
0,0,0,0,26,28,12596,105035,0,0,0,0,0,239380,3,0
0,0,0,0,20,28,12597,105035,0,0,0,0,0,251806,3,0
0,0,0,0,25,29,12598,105035,0,0,0,0,0,241187,3,0
0,0,0,0,24,29,12599,105035,0,0,0,0,0,262221,3,0
0,0,0,0,13,29,12600,105035,0,0,0,0,0,263798,3,0
0,0,0,0,1,0,12601,110081,0,0,0,0,0,229091,3,0
0,0,0,0,5,4,12602,110081,0,0,0,0,0,266400,3,0
0,0,0,0,17,5,12603,110081,0,0,0,0,0,213697,3,0
0,0,0,0,4,6,12604,110081,0,0,0,0,0,239540,3,0
0,0,0,0,2,12,12605,110081,0,0,0,0,0,264298,3,0
0,0,0,0,19,13,12606,110081,0,0,0,0,0,276695,3,0
0,0,0,0,16,15,12607,110081,0,0,0,0,0,243520,3,0
0,0,0,0,15,16,12608,110081,0,0,0,0,0,73895,3,0
0,0,0,0,10,17,12609,110081,0,0,0,0,0,278557,3,0
0,0,0,0,14,19,12610,110081,0,0,0,0,0,268630,3,0
0,0,0,0,11,25,12611,110081,0,0,0,0,0,205255,3,0
0,0,0,0,9,28,12612,110081,0,0,0,0,0,220039,3,0
0,0,0,0,7,28,12613,110081,0,0,0,0,0,243640,3,0
0,0,0,0,18,28,12614,110081,0,0,0,0,0,276070,3,0
0,0,0,0,3,28,12615,110081,0,0,0,0,0,75768,3,0
0,0,0,0,12,28,12616,110081,0,0,0,0,0,235027,3,0
0,0,0,0,8,28,12617,110081,0,0,0,0,0,278101,3,0
0,0,0,0,6,28,12618,110081,0,0,0,0,0,204412,3,0
0,0,0,0,21,28,12619,110081,0,0,0,0,0,233865,3,0
0,0,0,0,13,28,12620,110081,0,0,0,0,0,246846,3,0
0,0,0,0,26,28,12621,110081,0,0,0,0,0,251001,3,0
0,0,0,0,22,28,12622,110081,0,0,0,0,0,265468,3,0
0,0,0,0,25,28,12623,110081,0,0,0,0,0,273839,3,0
0,0,0,0,23,29,12624,110081,0,0,0,0,0,243908,3,0
0,0,0,0,20,29,12625,110081,0,0,0,0,0,270637,3,0
0,0,0,0,24,29,12626,110081,0,0,0,0,0,241075,3,0
0,0,0,0,1,0,12627,111111,0,0,0,0,0,209981,3,0
0,0,0,0,2,3,12628,111111,0,0,0,0,0,235212,3,0
0,0,0,0,5,4,12629,111111,0,0,0,0,0,244749,3,0
0,0,0,0,17,6,12630,111111,0,0,0,0,0,225410,3,0
0,0,0,0,8,7,12631,111111,0,0,0,0,0,268728,3,0
0,0,0,0,13,10,12632,111111,0,0,0,0,0,262745,3,0
0,0,0,0,10,12,12633,111111,0,0,0,0,0,231410,3,0
0,0,0,0,4,13,12634,111111,0,0,0,0,0,224158,3,0
0,0,0,0,11,15,12635,111111,0,0,0,0,0,259480,3,0
0,0,0,0,16,16,12636,111111,0,0,0,0,0,264432,3,0
0,0,0,0,20,25,12637,111111,0,0,0,0,0,243586,3,0
0,0,0,0,19,28,12638,111111,0,0,0,0,0,235410,3,0
0,0,0,0,14,28,12639,111111,0,0,0,0,0,213761,3,0
0,0,0,0,23,28,12640,111111,0,0,0,0,0,257504,3,0
0,0,0,0,3,28,12641,111111,0,0,0,0,0,236401,3,0
0,0,0,0,22,28,12642,111111,0,0,0,0,0,223573,3,0
0,0,0,0,24,28,12643,111111,0,0,0,0,0,275048,3,0
0,0,0,0,12,28,12644,111111,0,0,0,0,0,264348,3,0
0,0,0,0,6,28,12645,111111,0,0,0,0,0,208295,3,0
0,0,0,0,21,28,12646,111111,0,0,0,0,0,255223,3,0
0,0,0,0,15,28,12647,111111,0,0,0,0,0,73449,3,0
0,0,0,0,28,28,12648,111111,0,0,0,0,0,73192,3,0
0,0,0,0,27,28,12649,111111,0,0,0,0,0,82236,3,0
0,0,0,0,25,29,12650,111111,0,0,0,0,0,263603,3,0
0,0,0,0,33,29,12651,111111,0,0,0,0,0,272781,3,0
0,0,0,0,26,29,12652,111111,0,0,0,0,0,255125,3,0
0,0,0,0,1,0,12653,111114,0,0,0,0,0,255368,3,0
0,0,0,0,2,3,12654,111114,0,0,0,0,0,242506,3,0
0,0,0,0,5,4,12655,111114,0,0,0,0,0,245751,3,0
0,0,0,0,4,6,12656,111114,0,0,0,0,0,241197,3,0
0,0,0,0,8,7,12657,111114,0,0,0,0,0,253440,3,0
0,0,0,0,20,12,12658,111114,0,0,0,0,0,238043,3,0
0,0,0,0,23,13,12659,111114,0,0,0,0,0,220075,3,0
0,0,0,0,15,14,12660,111114,0,0,0,0,0,237721,3,0
0,0,0,0,7,15,12661,111114,0,0,0,0,0,263824,3,0
0,0,0,0,10,16,12662,111114,0,0,0,0,0,210602,3,0
0,0,0,0,9,25,12663,111114,0,0,0,0,0,238545,3,0
0,0,0,0,11,28,12664,111114,0,0,0,0,0,211173,3,0
0,0,0,0,6,28,12665,111114,0,0,0,0,0,241938,3,0
0,0,0,0,12,28,12666,111114,0,0,0,0,0,74436,3,0
0,0,0,0,17,28,12667,111114,0,0,0,0,0,75111,3,0
0,0,0,0,21,28,12668,111114,0,0,0,0,0,263867,3,0
0,0,0,0,13,28,12669,111114,0,0,0,0,0,254685,3,0
0,0,0,0,14,28,12670,111114,0,0,0,0,0,248836,3,0
0,0,0,0,3,28,12671,111114,0,0,0,0,0,74699,3,0
0,0,0,0,16,28,12672,111114,0,0,0,0,0,73855,3,0
0,0,0,0,22,28,12673,111114,0,0,0,0,0,245502,3,0
0,0,0,0,18,28,12674,111114,0,0,0,0,0,262272,3,0
0,0,0,0,19,28,12675,111114,0,0,0,0,0,242223,3,0
0,0,0,0,24,29,12676,111114,0,0,0,0,0,246688,3,0
0,0,0,0,25,29,12677,111114,0,0,0,0,0,278206,3,0
0,0,0,0,26,29,12678,111114,0,0,0,0,0,256331,3,0
0,0,0,0,16,0,12679,111462,0,0,0,0,0,83520,3,0
0,0,0,0,4,4,12680,111462,0,0,0,0,0,276634,3,0
0,0,0,0,23,5,12681,111462,0,0,0,0,0,212219,3,0
0,0,0,0,6,6,12682,111462,0,0,0,0,0,244915,3,0
0,0,0,0,20,23,12683,111462,0,0,0,0,0,245155,3,0
0,0,0,0,19,12,12684,111462,0,0,0,0,0,216201,3,0
0,0,0,0,8,13,12685,111462,0,0,0,0,0,253114,3,0
0,0,0,0,5,15,12686,111462,0,0,0,0,0,209989,3,0
0,0,0,0,13,16,12687,111462,0,0,0,0,0,241162,3,0
0,0,0,0,11,27,12688,111462,0,0,0,0,0,241236,3,0
0,0,0,0,9,25,12689,111462,0,0,0,0,0,197756,3,0
0,0,0,0,17,28,12690,111462,0,0,0,0,0,274913,3,0
0,0,0,0,3,28,12691,111462,0,0,0,0,0,73638,3,0
0,0,0,0,15,28,12692,111462,0,0,0,0,0,273948,3,0
0,0,0,0,21,28,12693,111462,0,0,0,0,0,80486,3,0
0,0,0,0,1,28,12694,111462,0,0,0,0,0,229956,3,0
0,0,0,0,10,28,12695,111462,0,0,0,0,0,235744,3,0
0,0,0,0,2,28,12696,111462,0,0,0,0,0,257946,3,0
0,0,0,0,7,28,12697,111462,0,0,0,0,0,267680,3,0
0,0,0,0,14,28,12698,111462,0,0,0,0,0,247124,3,0
0,0,0,0,18,28,12699,111462,0,0,0,0,0,241710,3,0
0,0,0,0,22,28,12700,111462,0,0,0,0,0,256035,3,0
0,0,0,0,25,28,12701,111462,0,0,0,0,0,244250,3,0
0,0,0,0,28,29,12702,111462,0,0,0,0,0,250941,3,0
0,0,0,0,29,29,12703,111462,0,0,0,0,0,251845,3,0
0,0,0,0,12,29,12704,111462,0,0,0,0,0,244191,3,0
0,0,0,0,22,0,12705,111527,0,0,0,0,0,268783,3,0
0,0,0,0,2,3,12706,111527,0,0,0,0,0,268781,3,0
0,0,0,0,16,4,12707,111527,0,0,0,0,0,76232,3,0
0,0,0,0,12,6,12708,111527,0,0,0,0,0,82253,3,0
0,0,0,0,24,7,12709,111527,0,0,0,0,0,268776,3,0
0,0,0,0,8,9,12710,111527,0,0,0,0,0,268982,3,0
0,0,0,0,23,11,12711,111527,0,0,0,0,0,239878,3,0
0,0,0,0,17,23,12712,111527,0,0,0,0,0,76241,3,0
0,0,0,0,18,27,12713,111527,0,0,0,0,0,81956,3,0
0,0,0,0,25,18,12714,111527,0,0,0,0,0,180561,3,0
0,0,0,0,7,25,12715,111527,0,0,0,0,0,268779,3,0
0,0,0,0,5,28,12716,111527,0,0,0,0,0,228352,3,0
0,0,0,0,6,28,12717,111527,0,0,0,0,0,215911,3,0
0,0,0,0,20,28,12718,111527,0,0,0,0,0,268879,3,0
0,0,0,0,14,28,12719,111527,0,0,0,0,0,268782,3,0
0,0,0,0,1,28,12720,111527,0,0,0,0,0,272472,3,0
0,0,0,0,19,28,12721,111527,0,0,0,0,0,268772,3,0
0,0,0,0,13,28,12722,111527,0,0,0,0,0,75403,3,0
0,0,0,0,15,28,12723,111527,0,0,0,0,0,75401,3,0
0,0,0,0,9,28,12724,111527,0,0,0,0,0,268780,3,0
0,0,0,0,3,28,12725,111527,0,0,0,0,0,76234,3,0
0,0,0,0,26,28,12726,111527,0,0,0,0,0,279194,3,0
0,0,0,0,21,28,12727,111527,0,0,0,0,0,76229,3,0
0,0,0,0,4,29,12728,111527,0,0,0,0,0,268986,3,0
0,0,0,0,10,29,12729,111527,0,0,0,0,0,209236,3,0
0,0,0,0,11,29,12730,111527,0,0,0,0,0,234051,3,0
0,0,0,0,1,0,12731,191,0,0,0,0,0,215522,3,0
1,0,0,0,22,3,12732,191,0,0,0,0,0,223724,3,0
0,0,0,0,21,4,12733,191,0,0,0,0,0,71261,3,0
0,0,0,0,23,6,12734,191,0,0,0,0,0,71350,3,0
0,0,0,0,13,7,12735,191,0,0,0,0,0,277668,3,0
2,0,0,1,5,9,12736,191,0,0,0,0,0,74992,3,0
0,0,0,0,18,11,12737,191,0,0,0,0,0,246402,3,0
6,0,0,1,27,17,12738,191,0,0,0,0,0,75533,3,0
1,0,0,0,14,19,12739,191,0,0,0,0,0,260876,3,0
0,0,0,0,19,24,12740,191,0,0,0,0,0,274445,3,0
5,0,0,1,11,26,12741,191,0,0,0,0,0,260020,3,0
1,0,0,0,7,28,12742,191,0,0,0,0,0,278359,3,0
0,0,0,0,3,28,12743,191,0,0,0,0,0,252573,3,0
0,0,0,0,44,28,12744,191,0,0,0,0,0,79918,3,0
1,0,0,0,37,28,12745,191,0,0,0,0,0,76299,3,0
0,0,0,0,52,28,12746,191,0,0,0,0,0,75825,3,0
4,0,0,1,8,28,12747,191,0,0,0,0,0,267881,3,0
0,0,0,0,15,28,12748,191,0,0,0,0,0,260235,3,0
1,0,0,0,49,28,12749,191,0,0,0,0,0,277119,3,0
0,0,0,0,9,28,12750,191,0,0,0,0,0,229071,3,0
0,0,0,0,92,28,12751,191,0,0,0,0,0,75501,3,0
0,0,0,0,38,28,12752,191,0,0,0,0,0,78099,3,0
5,0,0,1,20,28,12753,191,0,0,0,0,0,75264,3,0
0,0,0,0,25,29,12754,191,0,0,0,0,0,82763,3,0
0,0,0,0,43,29,12755,191,0,0,0,0,0,79917,3,0
0,0,0,0,91,29,12756,191,0,0,0,0,0,70752,3,0
0,0,0,0,4,29,12757,191,0,0,0,0,0,275183,3,0
0,0,0,0,36,29,12758,191,0,0,0,0,0,271000,3,0
0,0,0,0,16,29,12759,191,0,0,0,0,0,244653,3,0
0,0,0,0,40,0,12760,209,0,0,0,0,0,268623,3,0
0,0,0,0,44,3,12761,209,0,0,0,0,0,259101,3,0
0,0,0,0,47,4,12762,209,0,0,0,0,0,243442,3,0
1,0,0,1,30,6,12763,209,0,0,0,0,0,252252,3,0
0,0,0,0,17,7,12764,209,0,0,0,0,0,244940,3,0
1,0,0,1,4,10,12765,209,0,0,0,0,0,226129,3,0
0,0,0,0,80,13,12766,209,0,0,0,0,0,72972,3,0
0,0,0,0,43,15,12767,209,0,0,0,0,0,74115,3,0
8,1,0,1,10,18,12768,209,0,0,0,0,0,245058,3,0
3,0,0,1,20,24,12769,209,0,0,0,0,0,261293,3,0
3,0,0,1,77,26,12770,209,0,0,0,0,0,251431,3,0
0,0,0,0,25,28,12771,209,0,0,0,0,0,190589,3,0
0,0,0,0,35,28,12772,209,0,0,0,0,0,255536,3,0
1,0,0,1,23,28,12773,209,0,0,0,0,0,73113,3,0
1,0,0,1,2,28,12774,209,0,0,0,0,0,73238,3,0
0,0,0,0,41,28,12775,209,0,0,0,0,0,71290,3,0
1,0,0,1,8,28,12776,209,0,0,0,0,0,276395,3,0
0,0,0,0,15,28,12777,209,0,0,0,0,0,82967,3,0
0,0,0,0,11,28,12778,209,0,0,0,0,0,278730,3,0
1,0,0,1,26,28,12779,209,0,0,0,0,0,269855,3,0
0,0,0,0,6,28,12780,209,0,0,0,0,0,235995,3,0
0,0,0,0,27,28,12781,209,0,0,0,0,0,262213,3,0
0,0,0,0,14,28,12782,209,0,0,0,0,0,81534,3,0
0,0,0,0,22,29,12783,209,0,0,0,0,0,262153,3,0
0,0,0,0,53,29,12784,209,0,0,0,0,0,263961,3,0
3,0,0,1,38,29,12785,209,0,0,0,0,0,274527,3,0
0,0,0,0,24,29,12786,209,0,0,0,0,0,236712,3,0
0,0,0,0,1,0,12787,252,0,0,0,0,0,262944,3,0
1,0,0,0,16,4,12788,252,0,0,0,0,0,252873,3,0
0,0,0,0,48,5,12789,252,0,0,0,0,0,77524,3,0
1,0,0,0,43,6,12790,252,0,0,0,0,0,273935,3,0
4,0,0,1,20,12,12791,252,0,0,0,0,0,247782,3,0
1,0,0,0,30,13,12792,252,0,0,0,0,0,213301,3,0
0,0,0,0,6,15,12793,252,0,0,0,0,0,256544,3,0
1,0,0,0,2,16,12794,252,0,0,0,0,0,242628,3,0
2,0,0,1,9,18,12795,252,0,0,0,0,0,269512,3,0
6,0,0,1,8,24,12796,252,0,0,0,0,0,271092,3,0
4,0,0,1,7,26,12797,252,0,0,0,0,0,263702,3,0
0,0,0,0,14,28,12798,252,0,0,0,0,0,191783,3,0
0,0,0,0,4,28,12799,252,0,0,0,0,0,246946,3,0
0,0,0,0,44,28,12800,252,0,0,0,0,0,277941,3,0
0,0,0,0,41,28,12801,252,0,0,0,0,0,77161,3,0
0,0,0,0,33,28,12802,252,0,0,0,0,0,223868,3,0
0,0,0,0,29,28,12803,252,0,0,0,0,0,239394,3,0
3,0,0,1,27,28,12804,252,0,0,0,0,0,263464,3,0
0,0,0,0,11,28,12805,252,0,0,0,0,0,235416,3,0
0,0,0,0,10,28,12806,252,0,0,0,0,0,239901,3,0
0,0,0,0,3,28,12807,252,0,0,0,0,0,271658,3,0
0,0,0,0,15,28,12808,252,0,0,0,0,0,76108,3,0
0,0,0,0,13,28,12809,252,0,0,0,0,0,80357,3,0
0,0,0,0,38,29,12810,252,0,0,0,0,0,72271,3,0
0,0,0,0,47,29,12811,252,0,0,0,0,0,77525,3,0
0,0,0,0,23,29,12812,252,0,0,0,0,0,247640,3,0
0,0,0,0,5,29,12813,252,0,0,0,0,0,79930,3,0
0,0,0,0,1,0,12814,254,0,0,0,0,0,256938,3,0
0,0,0,0,77,3,12815,254,0,0,0,0,0,263233,3,0
2,0,0,1,55,4,12816,254,0,0,0,0,0,275918,3,0
0,0,0,0,6,6,12817,254,0,0,0,0,0,251167,3,0
0,0,0,0,61,7,12818,254,0,0,0,0,0,75045,3,0
0,0,0,0,8,9,12819,254,0,0,0,0,0,239091,3,0
0,0,0,0,29,11,12820,254,0,0,0,0,0,265738,3,0
4,0,0,1,15,12,12821,254,0,0,0,0,0,74980,3,0
2,0,0,1,10,16,12822,254,0,0,0,0,0,277501,3,0
1,0,0,0,18,18,12823,254,0,0,0,0,0,275638,3,0
4,0,0,1,9,25,12824,254,0,0,0,0,0,255420,3,0
0,0,0,0,17,28,12825,254,0,0,0,0,0,247025,3,0
0,0,0,0,14,28,12826,254,0,0,0,0,0,80467,3,0
0,0,0,0,38,28,12827,254,0,0,0,0,0,231874,3,0
0,0,0,0,20,28,12828,254,0,0,0,0,0,266543,3,0
0,0,0,0,25,28,12829,254,0,0,0,0,0,235820,3,0
1,0,0,0,49,28,12830,254,0,0,0,0,0,77104,3,0
1,0,0,0,7,28,12831,254,0,0,0,0,0,246009,3,0
0,0,0,0,41,28,12832,254,0,0,0,0,0,79920,3,0
1,0,0,0,90,28,12833,254,0,0,0,0,0,255839,3,0
0,0,0,0,51,28,12834,254,0,0,0,0,0,73750,3,0
0,0,0,0,4,28,12835,254,0,0,0,0,0,72722,3,0
0,0,0,0,47,28,12836,254,0,0,0,0,0,74369,3,0
0,0,0,0,23,29,12837,254,0,0,0,0,0,244795,3,0
0,0,0,0,16,29,12838,254,0,0,0,0,0,240285,3,0
0,0,0,0,39,29,12839,254,0,0,0,0,0,263046,3,0
0,0,0,0,50,29,12840,254,0,0,0,0,0,71439,3,0
3,0,0,1,71,29,12841,254,0,0,0,0,0,79428,3,0
1,0,0,0,21,29,12842,254,0,0,0,0,0,210489,3,0
0,0,0,0,24,29,12843,254,0,0,0,0,0,242603,3,0
0,0,0,0,1,0,12844,256,0,0,0,0,0,193272,3,0
1,0,0,0,28,4,12845,256,0,0,0,0,0,239090,3,0
0,0,0,0,15,5,12846,256,0,0,0,0,0,189060,3,0
1,0,0,0,24,6,12847,256,0,0,0,0,0,237570,3,0
1,0,0,0,26,12,12848,256,0,0,0,0,0,215368,3,0
2,0,0,1,5,13,12849,256,0,0,0,0,0,72975,3,0
0,0,0,0,16,15,12850,256,0,0,0,0,0,254871,3,0
2,0,0,1,17,16,12851,256,0,0,0,0,0,261063,3,0
1,0,0,0,30,17,12852,256,0,0,0,0,0,244941,3,0
5,0,0,1,19,19,12853,256,0,0,0,0,0,234399,3,0
1,0,0,0,29,25,12854,256,0,0,0,0,0,239708,3,0
0,0,0,0,21,28,12855,256,0,0,0,0,0,244599,3,0
1,0,0,0,60,28,12856,256,0,0,0,0,0,73666,3,0
0,0,0,0,66,28,12857,256,0,0,0,0,0,79271,3,0
0,0,0,0,40,28,12858,256,0,0,0,0,0,78136,3,0
0,0,0,0,99,28,12859,256,0,0,0,0,0,239410,3,0
1,0,0,0,14,28,12860,256,0,0,0,0,0,257043,3,0
0,0,0,0,6,28,12861,256,0,0,0,0,0,74505,3,0
0,0,0,0,23,28,12862,256,0,0,0,0,0,74355,3,0
0,0,0,0,46,28,12863,256,0,0,0,0,0,248470,3,0
0,0,0,0,13,28,12864,256,0,0,0,0,0,219657,3,0
0,0,0,0,70,28,12865,256,0,0,0,0,0,81748,3,0
0,0,0,0,33,28,12866,256,0,0,0,0,0,82761,3,0
3,0,0,1,11,29,12867,256,0,0,0,0,0,241536,3,0
3,0,0,1,9,29,12868,256,0,0,0,0,0,263844,3,0
0,0,0,0,20,29,12869,256,0,0,0,0,0,72163,3,0
0,0,0,0,4,29,12870,256,0,0,0,0,0,264821,3,0
0,0,0,0,22,29,12871,256,0,0,0,0,0,266618,3,0
0,0,0,0,7,29,12872,256,0,0,0,0,0,265579,3,0
0,0,0,0,1,0,12873,780,0,0,0,0,0,204922,3,0
2,0,0,1,30,4,12874,780,0,0,0,0,0,241993,3,0
1,0,0,0,5,5,12875,780,0,0,0,0,0,251658,3,0
0,0,0,0,23,6,12876,780,0,0,0,0,0,190592,3,0
2,0,0,1,12,12,12877,780,0,0,0,0,0,256545,3,0
0,0,0,0,26,13,12878,780,0,0,0,0,0,275446,3,0
0,0,0,0,6,15,12879,780,0,0,0,0,0,238086,3,0
3,0,0,1,17,16,12880,780,0,0,0,0,0,263049,3,0
0,0,0,0,28,18,12881,780,0,0,0,0,0,276129,3,0
1,0,0,0,29,24,12882,780,0,0,0,0,0,78797,3,0
8,1,0,1,7,26,12883,780,0,0,0,0,0,70049,3,0
0,0,0,0,24,28,12884,780,0,0,0,0,0,202518,3,0
0,0,0,0,8,28,12885,780,0,0,0,0,0,229819,3,0
0,0,0,0,3,28,12886,780,0,0,0,0,0,242547,3,0
0,0,0,0,14,28,12887,780,0,0,0,0,0,78792,3,0
0,0,0,0,77,28,12888,780,0,0,0,0,0,78786,3,0
1,0,0,0,18,28,12889,780,0,0,0,0,0,78795,3,0
0,0,0,0,21,28,12890,780,0,0,0,0,0,79943,3,0
0,0,0,0,9,28,12891,780,0,0,0,0,0,216387,3,0
2,0,0,1,13,28,12892,780,0,0,0,0,0,79942,3,0
0,0,0,0,34,28,12893,780,0,0,0,0,0,78787,3,0
0,0,0,0,22,28,12894,780,0,0,0,0,0,79944,3,0
0,0,0,0,15,28,12895,780,0,0,0,0,0,80328,3,0
0,0,0,0,36,29,12896,780,0,0,0,0,0,244553,3,0
0,0,0,0,25,29,12897,780,0,0,0,0,0,257029,3,0
0,0,0,0,19,29,12898,780,0,0,0,0,0,83439,3,0
0,0,0,0,38,29,12899,780,0,0,0,0,0,79945,3,0
0,0,0,0,47,29,12900,780,0,0,0,0,0,83117,3,0
0,0,0,0,20,29,12901,780,0,0,0,0,0,79940,3,0
0,0,0,0,40,0,12902,2017,0,0,0,0,0,277669,3,0
0,0,0,0,95,3,12903,2017,0,0,0,0,0,276123,3,0
1,0,0,1,18,4,12904,2017,0,0,0,0,0,270034,3,0
1,0,0,1,19,5,12905,2017,0,0,0,0,0,208247,3,0
1,0,0,1,3,6,12906,2017,0,0,0,0,0,72018,3,0
1,0,0,1,33,7,12907,2017,0,0,0,0,0,74086,3,0
0,0,0,0,4,10,12908,2017,0,0,0,0,0,73188,3,0
1,0,0,1,28,13,12909,2017,0,0,0,0,0,244435,3,0
1,0,0,1,23,15,12910,2017,0,0,0,0,0,203615,3,0
2,0,0,1,22,24,12911,2017,0,0,0,0,0,73205,3,0
10,1,0,1,7,26,12912,2017,0,0,0,1,0,276178,3,0
0,0,0,0,5,28,12913,2017,0,0,0,0,0,244438,3,0
0,0,0,0,8,28,12914,2017,0,0,0,0,0,274091,3,0
0,0,0,0,6,28,12915,2017,0,0,0,0,0,79785,3,0
0,0,0,0,2,28,12916,2017,0,0,0,0,0,277865,3,0
0,0,0,0,1,28,12917,2017,0,0,0,0,0,257304,3,0
2,0,0,1,79,28,12918,2017,0,0,0,0,0,272562,3,0
1,0,0,1,11,28,12919,2017,0,0,0,0,0,276811,3,0
3,0,0,1,30,28,12920,2017,0,0,0,0,0,266162,3,0
0,0,0,0,77,28,12921,2017,0,0,0,0,0,77699,3,0
0,0,0,0,21,28,12922,2017,0,0,0,0,0,259678,3,0
0,0,0,0,17,28,12923,2017,0,0,0,0,0,73187,3,0
0,0,0,0,16,28,12924,2017,0,0,0,0,0,251230,3,0
0,0,0,0,44,29,12925,2017,0,0,0,0,0,276450,3,0
0,0,0,0,27,29,12926,2017,0,0,0,0,0,75498,3,0
0,0,0,0,25,29,12927,2017,0,0,0,0,0,76470,3,0
0,0,0,0,20,29,12928,2017,0,0,0,0,0,79784,3,0
0,0,0,0,61,29,12929,2017,0,0,0,0,0,81474,3,0
0,0,0,0,39,29,12930,2017,0,0,0,0,0,73608,3,0
0,0,0,0,14,29,12931,2017,0,0,0,0,0,258806,3,0
0,0,0,0,1,0,12932,15009,0,0,0,0,0,205759,3,0
0,0,0,0,25,3,12933,15009,0,0,0,0,0,239476,3,0
0,0,0,0,23,4,12934,15009,0,0,0,0,0,223426,3,0
0,0,0,0,5,6,12935,15009,0,0,0,0,0,228058,3,0
0,0,0,0,29,7,12936,15009,0,0,0,0,0,276188,3,0
0,0,0,0,6,10,12937,15009,0,0,0,0,0,240481,3,0
0,0,0,0,28,13,12938,15009,0,0,0,0,0,79934,3,0
0,0,0,0,8,15,12939,15009,0,0,0,0,0,229477,3,0
7,1,0,1,18,18,12940,15009,0,0,0,0,0,262384,3,0
5,0,0,1,10,24,12941,15009,0,0,0,0,0,70327,3,0
0,0,0,0,9,26,12942,15009,0,0,0,0,0,257080,3,0
0,0,0,0,22,28,12943,15009,0,0,0,0,0,262183,3,0
0,0,0,0,14,28,12944,15009,0,0,0,0,0,264877,3,0
0,0,0,0,17,28,12945,15009,0,0,0,0,0,223427,3,0
0,0,0,0,27,28,12946,15009,0,0,0,0,0,73141,3,0
0,0,0,0,31,28,12947,15009,0,0,0,0,0,79933,3,0
1,0,0,1,20,28,12948,15009,0,0,0,0,0,199215,3,0
0,0,0,0,7,28,12949,15009,0,0,0,0,0,258821,3,0
1,0,0,1,11,28,12950,15009,0,0,0,0,0,277470,3,0
1,0,0,1,26,28,12951,15009,0,0,0,0,0,75740,3,0
0,0,0,0,33,28,12952,15009,0,0,0,0,0,277446,3,0
0,0,0,0,19,28,12953,15009,0,0,0,0,0,274853,3,0
2,0,0,1,40,28,12954,15009,0,0,0,0,0,275642,3,0
0,0,0,0,42,29,12955,15009,0,0,0,0,0,71109,3,0
0,0,0,0,21,29,12956,15009,0,0,0,0,0,79372,3,0
0,0,0,0,24,29,12957,15009,0,0,0,0,0,73604,3,0
0,0,0,0,40,0,12958,15040,0,0,0,0,0,270996,3,0
1,0,0,1,23,4,12959,15040,0,0,0,0,0,79772,3,0
0,0,0,0,14,5,12960,15040,0,0,0,0,0,268429,3,0
1,0,0,1,5,6,12961,15040,0,0,0,0,0,259082,3,0
0,0,0,0,7,12,12962,15040,0,0,0,0,0,73209,3,0
8,1,0,1,4,13,12963,15040,0,0,0,0,0,231840,3,0
1,0,0,1,30,15,12964,15040,0,0,0,0,0,248471,3,0
2,0,0,1,20,16,12965,15040,0,0,0,0,0,270136,3,0
4,0,0,1,37,17,12966,15040,0,0,0,0,0,265185,3,0
0,0,0,0,10,19,12967,15040,0,0,0,0,0,251499,3,0
4,0,0,1,8,25,12968,15040,0,0,0,0,0,240019,3,0
0,0,0,0,17,28,12969,15040,0,0,0,0,0,258273,3,0
0,0,0,0,28,28,12970,15040,0,0,0,0,0,271004,3,0
0,0,0,0,3,28,12971,15040,0,0,0,0,0,250780,3,0
0,0,0,0,27,28,12972,15040,0,0,0,0,0,270279,3,0
0,0,0,0,1,28,12973,15040,0,0,0,0,0,263092,3,0
1,0,0,1,11,28,12974,15040,0,0,0,0,0,258510,3,0
1,0,0,1,16,28,12975,15040,0,0,0,0,0,200433,3,0
0,0,0,0,9,28,12976,15040,0,0,0,0,0,278254,3,0
0,0,0,0,21,28,12977,15040,0,0,0,0,0,277002,3,0
0,0,0,0,19,28,12978,15040,0,0,0,0,0,79777,3,0
0,0,0,0,18,28,12979,15040,0,0,0,0,0,79774,3,0
0,0,0,0,22,28,12980,15040,0,0,0,0,0,79778,3,0
0,0,0,0,32,29,12981,15040,0,0,0,0,0,79773,3,0
0,0,0,0,15,29,12982,15040,0,0,0,0,0,76981,3,0
0,0,0,0,31,29,12983,15040,0,0,0,0,0,79776,3,0
0,0,0,0,6,29,12984,15040,0,0,0,0,0,258822,3,0
0,0,0,0,13,29,12985,15040,0,0,0,0,0,277445,3,0
0,0,0,0,58,0,12986,110720,0,0,0,0,0,239816,3,0
0,0,0,0,17,4,12987,110720,0,0,0,0,0,276122,3,0
0,0,0,0,4,5,12988,110720,0,0,0,0,0,273931,3,0
0,0,0,0,15,6,12989,110720,0,0,0,0,0,233435,3,0
4,0,0,1,20,23,12990,110720,0,0,0,0,0,275639,3,0
0,0,0,0,8,12,12991,110720,0,0,0,0,0,262839,3,0
1,0,0,1,14,13,12992,110720,0,0,0,0,0,262383,3,0
0,0,0,0,19,15,12993,110720,0,0,0,0,0,275634,3,0
0,0,0,0,60,16,12994,110720,0,0,0,0,0,221956,3,0
1,0,0,1,27,27,12995,110720,0,0,0,0,0,224271,3,0
2,0,0,1,9,25,12996,110720,0,0,0,0,0,226958,3,0
0,0,0,0,26,28,12997,110720,0,0,0,0,0,270512,3,0
1,0,0,1,6,28,12998,110720,0,0,0,0,0,258973,3,0
1,0,0,1,16,28,12999,110720,0,0,0,0,0,265425,3,0
0,0,0,0,2,28,13000,110720,0,0,0,0,0,224267,3,0
0,0,0,0,24,28,13001,110720,0,0,0,0,0,76472,3,0
0,0,0,0,29,28,13002,110720,0,0,0,0,0,239709,3,0
0,0,0,0,30,28,13003,110720,0,0,0,0,0,261180,3,0
0,0,0,0,5,28,13004,110720,0,0,0,0,0,256861,3,0
5,0,0,1,18,28,13005,110720,0,0,0,0,0,251412,3,0
0,0,0,0,13,28,13006,110720,0,0,0,0,0,79924,3,0
0,0,0,0,32,28,13007,110720,0,0,0,0,0,71283,3,0
0,0,0,0,23,28,13008,110720,0,0,0,0,0,244811,3,0
0,0,0,0,31,29,13009,110720,0,0,0,0,0,275631,3,0
0,0,0,0,21,29,13010,110720,0,0,0,0,0,79926,3,0
0,0,0,0,7,29,13011,110720,0,0,0,0,0,271605,3,0
0,0,0,0,11,29,13012,110720,0,0,0,0,0,70585,3,0
0,0,0,0,25,29,13013,110720,0,0,0,0,0,263130,3,0
0,0,0,0,1,29,13014,110720,0,0,0,0,0,278965,3,0
0,0,0,0,28,29,13015,110720,0,0,0,0,0,247041,3,0
0,0,0,0,10,29,13016,110720,0,0,0,0,0,263313,3,0
0,0,0,0,12,0,13017,111822,0,0,0,0,0,257497,3,0
0,0,0,0,22,4,13018,111822,0,0,0,0,0,229818,3,0
0,0,0,0,15,5,13019,111822,0,0,0,0,0,70869,3,0
0,0,0,0,37,6,13020,111822,0,0,0,0,0,262955,3,0
4,0,0,1,18,9,13021,111822,0,0,0,0,0,220925,3,0
1,0,0,0,8,11,13022,111822,0,0,0,0,0,210482,3,0
0,0,0,0,2,12,13023,111822,0,0,0,0,0,73121,3,0
2,0,0,1,77,16,13024,111822,0,0,0,0,0,223676,3,0
6,0,0,1,20,18,13025,111822,0,0,0,0,0,73288,3,0
6,0,0,1,32,24,13026,111822,0,0,0,0,0,193260,3,0
1,0,0,0,7,26,13027,111822,0,0,0,0,0,264867,3,0
2,0,0,1,10,28,13028,111822,0,0,0,0,0,221896,3,0
0,0,0,0,31,28,13029,111822,0,0,0,0,0,78788,3,0
0,0,0,0,25,28,13030,111822,0,0,0,0,0,80003,3,0
0,0,0,0,13,28,13031,111822,0,0,0,0,0,279125,3,0
0,0,0,0,1,28,13032,111822,0,0,0,0,0,256537,3,0
0,0,0,0,34,28,13033,111822,0,0,0,0,0,73610,3,0
1,0,0,0,30,28,13034,111822,0,0,0,0,0,267761,3,0
0,0,0,0,17,28,13035,111822,0,0,0,0,0,226705,3,0
0,0,0,0,9,28,13036,111822,0,0,0,0,0,73952,3,0
0,0,0,0,21,28,13037,111822,0,0,0,0,0,263137,3,0
0,0,0,0,35,28,13038,111822,0,0,0,0,0,79371,3,0
0,0,0,0,3,28,13039,111822,0,0,0,0,0,81330,3,0
0,0,0,0,14,29,13040,111822,0,0,0,0,0,81475,3,0
0,0,0,0,6,29,13041,111822,0,0,0,0,0,79817,3,0
0,0,0,0,11,29,13042,111822,0,0,0,0,0,81329,3,0
0,0,0,0,24,29,13043,111822,0,0,0,0,0,81537,3,0
0,0,0,0,1,0,13044,113616,0,0,0,0,0,72534,3,0
0,0,0,0,3,4,13045,113616,0,0,0,0,0,73292,3,0
1,0,0,1,2,5,13046,113616,0,0,0,0,0,247031,3,0
1,0,0,1,82,6,13047,113616,0,0,0,0,0,279209,3,0
0,0,0,0,28,12,13048,113616,0,0,0,0,0,239393,3,0
1,0,0,1,7,13,13049,113616,0,0,0,0,0,244522,3,0
0,0,0,0,8,15,13050,113616,0,0,0,0,0,244783,3,0
0,0,0,0,14,16,13051,113616,0,0,0,0,0,241552,3,0
4,0,0,1,22,17,13052,113616,0,0,0,0,0,79373,3,0
3,0,0,1,11,19,13053,113616,0,0,0,0,0,78793,3,0
5,0,0,1,9,25,13054,113616,0,0,0,0,0,216582,3,0
0,0,0,0,20,28,13055,113616,0,0,0,0,0,72541,3,0
0,0,0,0,18,28,13056,113616,0,0,0,0,0,76964,3,0
0,0,0,0,4,28,13057,113616,0,0,0,0,0,256967,3,0
0,0,0,0,15,28,13058,113616,0,0,0,0,0,72538,3,0
0,0,0,0,12,28,13059,113616,0,0,0,0,0,70524,3,0
1,0,0,1,10,28,13060,113616,0,0,0,0,0,72542,3,0
0,0,0,0,17,28,13061,113616,0,0,0,0,0,74361,3,0
0,0,0,0,21,28,13062,113616,0,0,0,0,0,79375,3,0
2,0,0,1,25,28,13063,113616,0,0,0,0,0,79931,3,0
0,0,0,0,26,28,13064,113616,0,0,0,0,0,72535,3,0
0,0,0,0,27,28,13065,113616,0,0,0,0,0,72537,3,0
0,0,0,0,32,28,13066,113616,0,0,0,0,0,244181,3,0
0,0,0,0,6,29,13067,113616,0,0,0,0,0,265799,3,0
0,0,0,0,24,29,13068,113616,0,0,0,0,0,79369,3,0
0,0,0,0,98,29,13069,113616,0,0,0,0,0,229885,3,0
0,0,0,0,31,29,13070,113616,0,0,0,0,0,79932,3,0
0,0,0,0,1,0,13071,980,0,0,0,0,0,210941,3,0
0,0,0,0,6,3,13072,980,0,0,0,0,0,233770,3,0
0,0,0,0,45,4,13073,980,0,0,0,0,0,238354,3,0
1,0,0,0,98,6,13074,980,0,0,0,0,0,263034,3,0
1,0,0,0,16,7,13075,980,0,0,0,0,0,222052,3,0
2,0,0,0,70,12,13076,980,0,0,0,0,0,237091,3,0
0,0,0,0,44,13,13077,980,0,0,0,0,0,238098,3,0
0,0,0,0,30,15,13078,980,0,0,0,0,0,260474,3,0
4,0,0,1,17,16,13079,980,0,0,0,0,0,256370,3,0
13,1,0,1,10,24,13080,980,0,0,0,0,0,213189,3,0
5,0,0,1,7,26,13081,980,1,0,0,0,3,247471,3,0
5,0,0,1,99,28,13082,980,0,0,0,0,0,228534,3,0
1,0,0,0,19,28,13083,980,0,0,0,0,0,251580,3,0
0,0,0,0,33,28,13084,980,0,0,0,0,0,244800,3,0
0,0,0,0,3,28,13085,980,0,0,0,0,0,250896,3,0
0,0,0,0,25,28,13086,980,0,0,0,0,0,261106,3,0
0,0,0,0,2,28,13087,980,0,0,0,0,0,252320,3,0
0,0,0,0,22,28,13088,980,0,0,0,0,0,232626,3,0
1,0,0,0,8,28,13089,980,0,0,0,0,0,263787,3,0
2,0,0,0,27,28,13090,980,0,0,0,0,0,234276,3,0
3,0,0,1,14,28,13091,980,0,0,0,0,0,243173,3,0
0,0,0,0,5,28,13092,980,0,0,0,0,0,191915,3,0
3,0,0,1,77,28,13093,980,1,0,0,0,1,258358,3,0
0,0,0,0,23,29,13094,980,0,0,0,0,0,235465,3,0
0,0,0,0,20,29,13095,980,0,0,0,0,0,243175,3,0
0,0,0,0,9,29,13096,980,0,0,0,0,0,255686,3,0
1,0,0,0,90,29,13097,980,0,0,0,0,0,77884,3,0
0,0,0,0,40,29,13098,980,0,0,0,0,0,259255,3,0
0,0,0,0,13,29,13099,980,0,0,0,0,0,236586,3,0
2,0,0,0,4,29,13100,980,0,0,0,0,0,274694,3,0
1,0,0,0,11,29,13101,980,0,0,0,0,0,246937,3,0
0,0,0,0,31,29,13102,980,0,0,0,0,0,71207,3,0
0,0,0,0,31,0,13103,982,0,0,0,0,0,221912,3,0
1,0,0,0,16,3,13104,982,0,0,0,0,0,251161,3,0
1,0,0,0,5,4,13105,982,0,0,0,0,0,73466,3,0
0,0,0,0,20,6,13106,982,0,0,0,0,0,232997,3,0
2,0,0,0,22,7,13107,982,0,0,0,0,0,213317,3,0
1,0,0,0,8,9,13108,982,0,0,0,0,0,237101,3,0
1,0,0,0,41,11,13109,982,0,0,0,0,0,273787,3,0
2,0,0,0,7,12,13110,982,0,0,0,0,0,234264,3,0
6,0,0,1,10,16,13111,982,0,0,0,0,0,254225,3,0
4,0,0,1,34,18,13112,982,0,0,0,0,0,248188,3,0
0,0,0,0,11,25,13113,982,0,0,0,0,0,231868,3,0
6,0,0,1,27,28,13114,982,0,0,0,0,0,229694,3,0
5,0,0,1,77,28,13115,982,0,0,0,0,0,245717,3,0
1,0,0,0,66,28,13116,982,0,0,0,0,0,243824,3,0
1,0,0,0,40,28,13117,982,0,0,0,0,0,266196,3,0
0,0,0,0,25,28,13118,982,0,0,0,0,0,234748,3,0
1,0,0,0,9,28,13119,982,0,0,0,0,0,236757,3,0
0,0,0,0,88,28,13120,982,0,0,0,0,0,266198,3,0
7,0,0,1,18,28,13121,982,1,0,0,0,2,234222,3,0
0,0,0,0,19,28,13122,982,0,0,0,0,0,246930,3,0
0,0,0,0,44,28,13123,982,0,0,0,0,0,71011,3,0
0,0,0,0,36,28,13124,982,0,0,0,0,0,80158,3,0
0,0,0,0,4,28,13125,982,0,0,0,0,0,238574,3,0
0,0,0,0,71,29,13126,982,0,0,0,0,0,76892,3,0
0,0,0,0,99,29,13127,982,0,0,0,0,0,76886,3,0
0,0,0,0,1,29,13128,982,0,0,0,0,0,267946,3,0
0,0,0,0,42,29,13129,982,0,0,0,0,0,83061,3,0
0,0,0,0,23,29,13130,982,0,0,0,0,0,83059,3,0
0,0,0,0,37,29,13131,982,0,0,0,0,0,263029,3,0
0,0,0,0,17,29,13132,982,0,0,0,0,0,273792,3,0
0,0,0,0,26,29,13133,982,0,0,0,0,0,244582,3,0
0,0,0,0,21,0,13134,1473,0,0,0,0,0,212432,3,0
1,0,0,0,17,3,13135,1473,0,0,0,0,0,222734,3,0
1,0,0,0,4,4,13136,1473,0,0,0,0,0,274672,3,0
0,0,0,0,19,6,13137,1473,0,0,0,0,0,201528,3,0
2,0,0,1,26,7,13138,1473,0,0,0,0,0,255035,3,0
2,0,0,1,36,12,13139,1473,0,0,0,0,0,260257,3,0
2,0,0,1,7,13,13140,1473,0,0,0,0,0,232595,3,0
2,0,0,1,6,15,13141,1473,0,0,0,0,0,213471,3,0
0,0,0,0,27,16,13142,1473,0,0,0,0,0,76313,3,0
12,0,0,1,10,24,13143,1473,0,0,0,0,0,245054,3,0
3,0,0,1,9,26,13144,1473,0,0,0,0,0,238224,3,0
1,0,0,0,14,28,13145,1473,0,0,0,0,0,238578,3,0
1,0,0,0,8,28,13146,1473,0,0,0,0,0,247748,3,0
0,0,0,0,15,28,13147,1473,0,0,0,0,0,227790,3,0
0,0,0,0,96,28,13148,1473,0,0,0,0,0,71412,3,0
0,0,0,0,23,28,13149,1473,0,0,0,0,0,237097,3,0
3,0,0,1,18,28,13150,1473,0,0,0,0,0,255868,3,0
0,0,0,0,24,28,13151,1473,0,0,0,0,0,228009,3,0
0,0,0,0,99,28,13152,1473,0,0,0,0,0,270203,3,0
0,0,0,0,2,28,13153,1473,0,0,0,0,0,237965,3,0
9,0,0,1,11,28,13154,1473,0,0,0,0,0,77840,3,0
0,0,0,0,28,28,13155,1473,0,0,0,0,0,242826,3,0
1,0,0,0,72,28,13156,1473,0,0,0,0,1,77190,3,0
0,0,0,0,13,29,13157,1473,0,0,0,0,0,77218,3,0
0,0,0,0,66,29,13158,1473,0,0,0,0,0,220616,3,0
0,0,0,0,77,29,13159,1473,0,0,0,0,0,221567,3,0
0,0,0,0,33,29,13160,1473,0,0,0,0,0,274415,3,0
0,0,0,0,70,29,13161,1473,0,0,0,0,0,71317,3,0
0,0,0,0,81,29,13162,1473,0,0,0,0,0,226651,3,0
0,0,0,0,1,0,13163,1474,0,0,0,0,0,212915,3,0
0,0,0,0,17,3,13164,1474,0,0,0,0,0,184901,3,0
0,0,0,0,20,4,13165,1474,0,0,0,0,0,256252,3,0
0,0,0,0,4,6,13166,1474,0,0,0,0,0,227632,3,0
0,0,0,0,77,7,13167,1474,0,0,0,0,0,229343,3,0
1,0,0,1,11,12,13168,1474,1,0,0,0,1,261880,3,0
0,0,0,0,40,13,13169,1474,0,0,0,0,0,180283,3,0
0,0,0,0,8,15,13170,1474,0,0,0,0,0,274676,3,0
3,0,0,1,7,16,13171,1474,0,0,0,0,0,208047,3,0
5,0,0,1,25,24,13172,1474,0,0,0,0,0,274437,3,0
15,1,0,1,19,26,13173,1474,1,0,0,1,2,261115,3,0
0,0,0,0,9,28,13174,1474,0,0,0,0,0,261126,3,0
0,0,0,0,24,28,13175,1474,0,0,0,0,0,76395,3,0
0,0,0,0,33,28,13176,1474,0,0,0,0,0,255520,3,0
0,0,0,0,14,28,13177,1474,0,0,0,0,0,76394,3,0
0,0,0,0,21,28,13178,1474,0,0,0,0,0,233286,3,0
0,0,0,0,10,28,13179,1474,0,0,0,0,0,78655,3,0
1,0,0,1,2,28,13180,1474,0,0,0,0,0,261078,3,0
2,0,0,1,18,28,13181,1474,0,0,0,0,0,76389,3,0
0,0,0,0,31,28,13182,1474,0,0,0,0,0,83628,3,0
0,0,0,0,16,28,13183,1474,0,0,0,0,0,70763,3,0
0,0,0,0,3,28,13184,1474,0,0,0,0,0,243754,3,0
0,0,0,0,13,28,13185,1474,0,0,0,0,0,76391,3,0
0,0,0,0,37,29,13186,1474,0,0,0,0,0,255554,3,0
0,0,0,0,12,29,13187,1474,0,0,0,0,0,252966,3,0
0,0,0,0,30,29,13188,1474,0,0,0,0,0,272847,3,0
0,0,0,0,71,29,13189,1474,0,0,0,0,0,76393,3,0
0,0,0,0,91,29,13190,1474,0,0,0,0,0,76816,3,0
0,0,0,0,70,29,13191,1474,0,0,0,0,0,70759,3,0
0,0,0,0,15,29,13192,1474,0,0,0,0,0,70762,3,0
0,0,0,0,29,29,13193,1474,0,0,0,0,0,76386,3,0
0,0,0,0,5,29,13194,1474,0,0,0,0,0,71325,3,0
0,0,0,0,23,29,13195,1474,0,0,0,0,0,266477,3,0
0,0,0,0,32,29,13196,1474,0,0,0,0,0,83471,3,0
0,0,0,0,47,29,13197,1474,0,0,0,0,0,80191,3,0
0,0,0,0,28,29,13198,1474,0,0,0,0,0,273788,3,0
0,0,0,0,55,29,13199,1474,0,0,0,0,0,83387,3,0
0,0,0,0,36,29,13200,1474,0,0,0,0,0,83384,3,0
0,0,0,0,31,0,13201,1477,0,0,0,0,0,238570,3,0
0,0,0,0,23,3,13202,1477,0,0,0,0,0,199231,3,0
0,0,0,0,4,4,13203,1477,0,0,0,0,0,267401,3,0
0,0,0,0,5,6,13204,1477,0,0,0,0,0,212912,3,0
0,0,0,0,66,7,13205,1477,0,0,0,0,0,273800,3,0
0,0,0,0,13,10,13206,1477,0,0,0,0,0,268895,3,0
5,0,0,0,7,23,13207,1477,0,0,0,0,0,243061,3,0
5,0,0,0,97,13,13208,1477,0,0,0,0,0,227659,3,0
6,0,0,1,8,15,13209,1477,0,0,0,0,0,272733,3,0
7,0,0,1,11,27,13210,1477,0,0,0,0,0,242821,3,0
13,1,0,1,99,25,13211,1477,0,0,0,0,0,272992,3,0
13,1,0,1,96,28,13212,1477,1,0,0,0,1,262447,3,0
0,0,0,0,16,28,13213,1477,0,0,0,0,0,228782,3,0
2,0,0,0,10,28,13214,1477,0,0,0,0,0,232000,3,0
2,0,0,0,28,28,13215,1477,0,0,0,0,0,228007,3,0
0,0,0,0,1,28,13216,1477,0,0,0,0,0,255239,3,0
9,0,0,1,9,28,13217,1477,1,0,0,0,2,267825,3,0
0,0,0,0,77,28,13218,1477,0,0,0,0,0,243672,3,0
0,0,0,0,2,28,13219,1477,0,0,0,0,0,222582,3,0
0,0,0,0,15,28,13220,1477,0,0,0,0,0,277378,3,0
1,0,0,0,6,28,13221,1477,0,0,0,0,0,252432,3,0
0,0,0,0,3,28,13222,1477,0,0,0,0,0,234186,3,0
0,0,0,0,21,28,13223,1477,0,0,0,0,0,221793,3,0
0,0,0,0,71,29,13224,1477,0,0,0,0,0,77888,3,0
0,0,0,0,29,29,13225,1477,0,0,0,0,0,278308,3,0
0,0,0,0,17,29,13226,1477,0,0,0,0,0,77254,3,0
0,0,0,0,39,29,13227,1477,0,0,0,0,0,77255,3,0
0,0,0,0,36,29,13228,1477,0,0,0,0,0,71323,3,0
0,0,0,0,34,29,13229,1477,0,0,0,0,0,266269,3,0
0,0,0,0,24,29,13230,1477,0,0,0,0,0,77239,3,0
0,0,0,0,30,29,13231,1477,0,0,0,0,0,71413,3,0
0,0,0,0,19,29,13232,1477,0,0,0,0,0,71328,3,0
0,0,0,0,55,29,13233,1477,0,0,0,0,0,77227,3,0
0,0,0,0,22,29,13234,1477,0,0,0,0,0,77248,3,0
0,0,0,0,51,29,13235,1477,0,0,0,0,0,77885,3,0
0,0,0,0,27,29,13236,1477,0,0,0,0,0,77252,3,0
0,0,0,0,74,29,13237,1477,0,0,0,0,0,77897,3,0
0,0,0,0,33,29,13238,1477,0,0,0,0,0,78194,3,0
0,0,0,0,1,0,13239,1478,0,0,0,0,0,232065,3,0
1,0,0,0,23,3,13240,1478,0,0,0,0,0,205278,3,0
0,0,0,0,13,4,13241,1478,0,0,0,0,0,211635,3,0
0,0,0,0,2,6,13242,1478,0,0,0,0,0,242082,3,0
1,0,0,0,40,7,13243,1478,0,0,0,0,0,261122,3,0
0,0,0,0,24,23,13244,1478,0,0,0,0,0,77195,3,0
2,0,0,1,8,13,13245,1478,0,0,0,0,0,221467,3,0
6,0,0,1,10,14,13246,1478,1,0,0,0,3,193144,3,0
1,0,0,0,5,15,13247,1478,0,0,0,0,0,70419,3,0
1,0,0,0,18,27,13248,1478,0,0,0,0,0,260166,3,0
2,0,0,1,19,25,13249,1478,0,0,0,0,1,261104,3,0
0,0,0,0,98,28,13250,1478,0,0,0,0,0,243358,3,0
0,0,0,0,92,28,13251,1478,0,0,0,0,0,211927,3,0
3,0,0,1,27,28,13252,1478,0,0,0,0,0,77197,3,0
0,0,0,0,3,28,13253,1478,0,0,0,0,0,76851,3,0
0,0,0,0,21,28,13254,1478,0,0,0,0,0,255919,3,0
0,0,0,0,99,28,13255,1478,0,0,0,0,0,266197,3,0
4,0,0,1,17,28,13256,1478,0,0,0,0,0,232857,3,0
0,0,0,0,20,28,13257,1478,0,0,0,0,0,254921,3,0
0,0,0,0,38,28,13258,1478,0,0,0,0,0,77200,3,0
0,0,0,0,29,28,13259,1478,0,0,0,0,0,71459,3,0
0,0,0,0,90,28,13260,1478,0,0,0,0,0,231912,3,0
0,0,0,0,94,28,13261,1478,0,0,0,0,0,263372,3,0
0,0,0,0,41,29,13262,1478,0,0,0,0,0,77198,3,0
0,0,0,0,93,29,13263,1478,0,0,0,0,0,260634,3,0
0,0,0,0,25,29,13264,1478,0,0,0,0,0,71392,3,0
0,0,0,0,60,29,13265,1478,0,0,0,0,0,83267,3,0
0,0,0,0,61,29,13266,1478,0,0,0,0,0,83203,3,0
0,0,0,0,1,0,13267,2055,0,0,0,0,0,252658,3,0
0,0,0,0,11,3,13268,2055,0,0,0,0,0,247667,3,0
0,0,0,0,26,4,13269,2055,0,0,0,0,0,273633,3,0
2,0,0,1,45,6,13270,2055,0,0,0,0,0,259843,3,0
0,0,0,0,3,7,13271,2055,0,0,0,0,0,268342,3,0
0,0,0,0,7,12,13272,2055,0,0,0,0,0,242924,3,0
1,0,0,0,55,13,13273,2055,0,0,0,0,0,243064,3,0
0,0,0,0,15,15,13274,2055,0,0,0,0,0,252810,3,0
1,0,0,0,10,16,13275,2055,0,0,0,0,0,261105,3,0
2,0,0,1,21,24,13276,2055,0,0,0,0,0,255329,3,0
2,0,0,1,9,26,13277,2055,0,0,0,0,0,255519,3,0
0,0,0,0,2,28,13278,2055,0,0,0,0,0,266496,3,0
1,0,0,0,8,28,13279,2055,0,0,0,0,0,228487,3,0
0,0,0,0,33,28,13280,2055,0,0,0,0,0,261055,3,0
0,0,0,0,5,28,13281,2055,0,0,0,0,0,255518,3,0
0,0,0,0,37,28,13282,2055,0,0,0,0,0,267433,3,0
0,0,0,0,17,28,13283,2055,0,0,0,0,0,274022,3,0
0,0,0,0,6,28,13284,2055,0,0,0,0,0,248487,3,0
0,0,0,0,4,28,13285,2055,0,0,0,0,0,242182,3,0
0,0,0,0,14,28,13286,2055,0,0,0,0,0,274409,3,0
0,0,0,0,20,28,13287,2055,0,0,0,0,0,266190,3,0
3,0,0,1,48,28,13288,2055,0,0,0,0,0,276616,3,0
0,0,0,0,49,28,13289,2055,0,0,0,0,0,266252,3,0
0,0,0,0,46,29,13290,2055,0,0,0,0,0,71370,3,0
0,0,0,0,42,29,13291,2055,0,0,0,0,0,256685,3,0
0,0,0,0,50,29,13292,2055,0,0,0,0,0,72560,3,0
0,0,0,0,43,29,13293,2055,0,0,0,0,0,73685,3,0
4,0,0,1,47,29,13294,2055,0,0,0,0,0,233568,3,0
0,0,0,0,56,29,13295,2055,0,0,0,0,0,260497,3,0
1,0,0,0,54,29,13296,2055,0,0,0,0,0,70631,3,0
0,0,0,0,51,29,13297,2055,0,0,0,0,0,237778,3,0
2,0,0,1,53,29,13298,2055,0,0,0,0,0,261116,3,0
1,0,0,0,44,29,13299,2055,0,0,0,0,0,252643,3,0
0,0,0,0,58,29,13300,2055,0,0,0,0,0,270319,3,0
0,0,0,0,57,29,13301,2055,0,0,0,0,0,274282,3,0
0,0,0,0,41,29,13302,2055,0,0,0,0,0,77205,3,0
0,0,0,0,1,0,13303,2056,0,0,0,0,0,267643,3,0
0,0,0,0,2,3,13304,2056,0,0,0,0,0,266789,3,0
2,0,0,1,20,4,13305,2056,0,0,0,0,0,255297,3,0
0,0,0,0,6,6,13306,2056,0,0,0,0,0,212792,3,0
1,0,0,0,22,7,13307,2056,0,0,0,0,0,246043,3,0
0,0,0,0,10,12,13308,2056,0,0,0,0,0,76314,3,0
1,0,0,0,29,13,13309,2056,0,0,0,0,0,228461,3,0
0,0,0,0,8,15,13310,2056,0,0,0,0,0,211004,3,0
3,0,0,1,32,16,13311,2056,0,0,0,0,0,233011,3,0
5,0,0,1,9,24,13312,2056,1,0,0,0,1,179947,3,0
11,0,0,1,11,26,13313,2056,1,0,0,0,4,225733,3,0
2,0,0,1,80,28,13314,2056,0,0,0,0,0,234339,3,0
0,0,0,0,7,28,13315,2056,0,0,0,0,0,264289,3,0
0,0,0,0,30,28,13316,2056,0,0,0,0,0,267947,3,0
0,0,0,0,15,28,13317,2056,0,0,0,0,0,266788,3,0
0,0,0,0,31,28,13318,2056,0,0,0,0,0,274411,3,0
2,0,0,1,77,28,13319,2056,0,0,0,0,0,252278,3,0
2,0,0,1,18,28,13320,2056,0,0,0,0,1,70634,3,0
0,0,0,0,3,28,13321,2056,0,0,0,0,0,222798,3,0
0,0,0,0,88,28,13322,2056,0,0,0,0,0,276693,3,0
0,0,0,0,25,28,13323,2056,0,0,0,0,0,260395,3,0
3,0,0,1,99,28,13324,2056,0,0,0,0,0,229295,3,0
0,0,0,0,50,28,13325,2056,0,0,0,0,0,233771,3,0
0,0,0,0,34,29,13326,2056,0,0,0,0,0,274033,3,0
0,0,0,0,26,29,13327,2056,0,0,0,0,0,266539,3,0
0,0,0,0,39,29,13328,2056,0,0,0,0,0,70632,3,0
0,0,0,0,38,29,13329,2056,0,0,0,0,0,77206,3,0
0,0,0,0,33,29,13330,2056,0,0,0,0,0,266790,3,0
0,0,0,0,47,29,13331,2056,0,0,0,0,0,77202,3,0
0,0,0,0,13,29,13332,2056,0,0,0,0,0,260608,3,0
0,0,0,0,70,29,13333,2056,0,0,0,0,0,274414,3,0
0,0,0,0,35,29,13334,2056,0,0,0,0,0,274412,3,0
0,0,0,0,46,29,13335,2056,0,0,0,0,0,77204,3,0
0,0,0,0,27,29,13336,2056,0,0,0,0,0,70637,3,0
0,0,0,0,41,29,13337,2056,0,0,0,0,0,70629,3,0
0,0,0,0,21,29,13338,2056,0,0,0,0,0,70633,3,0
0,0,0,0,1,0,13339,112115,0,0,0,0,0,212839,3,0
1,0,0,0,97,3,13340,112115,0,0,0,0,0,238089,3,0
1,0,0,0,47,4,13341,112115,0,0,0,0,0,71103,3,0
0,0,0,0,23,6,13342,112115,0,0,0,0,0,276140,3,0
1,0,0,0,33,7,13343,112115,0,0,0,0,0,199236,3,0
2,0,0,1,7,12,13344,112115,0,0,0,0,0,233018,3,0
1,0,0,0,4,13,13345,112115,1,0,0,0,1,255500,3,0
0,0,0,0,13,15,13346,112115,0,0,0,0,0,261128,3,0
0,0,0,0,11,16,13347,112115,0,0,0,0,0,255917,3,0
1,0,0,0,8,24,13348,112115,0,0,0,0,0,274035,3,0
10,0,0,1,19,26,13349,112115,0,0,0,0,0,260396,3,0
0,0,0,0,77,28,13350,112115,0,0,0,0,0,83627,3,0
1,0,0,0,6,28,13351,112115,0,0,0,0,0,245981,3,0
4,0,0,1,10,28,13352,112115,0,0,0,0,0,238173,3,0
0,0,0,0,99,28,13353,112115,0,0,0,0,0,275076,3,0
0,0,0,0,51,28,13354,112115,0,0,0,0,0,274115,3,0
4,0,0,1,39,28,13355,112115,0,0,0,0,0,76236,3,0
0,0,0,0,24,28,13356,112115,0,0,0,0,0,253198,3,0
4,0,0,1,9,28,13357,112115,0,0,0,0,1,231910,3,0
0,0,0,0,34,28,13358,112115,0,0,0,0,0,261582,3,0
0,0,0,0,14,28,13359,112115,0,0,0,0,0,261054,3,0
1,0,0,0,96,28,13360,112115,0,0,0,0,0,245982,3,0
2,0,0,1,79,28,13361,112115,0,0,0,0,0,274117,3,0
0,0,0,0,15,29,13362,112115,0,0,0,0,0,73438,3,0
0,0,0,0,3,29,13363,112115,0,0,0,0,0,76160,3,0
0,0,0,0,27,29,13364,112115,0,0,0,0,0,274041,3,0
0,0,0,0,66,29,13365,112115,0,0,0,0,0,76161,3,0
0,0,0,0,31,29,13366,112115,0,0,0,0,0,80188,3,0
0,0,0,0,41,29,13367,112115,0,0,0,0,0,71105,3,0
0,0,0,0,16,29,13368,112115,0,0,0,0,0,76235,3,0
0,0,0,0,20,29,13369,112115,0,0,0,0,0,274116,3,0
0,0,0,0,22,29,13370,112115,0,0,0,0,0,76154,3,0
0,0,0,0,21,29,13371,112115,0,0,0,0,0,77473,3,0
0,0,0,0,1,0,13372,112258,0,0,0,0,0,221759,3,0
0,0,0,0,15,3,13373,112258,0,0,0,0,0,237089,3,0
0,0,0,0,39,4,13374,112258,0,0,0,0,0,202978,3,0
0,0,0,0,6,6,13375,112258,0,0,0,0,0,208073,3,0
0,0,0,0,23,7,13376,112258,0,0,0,0,0,269093,3,0
1,0,0,1,16,12,13377,112258,0,0,0,0,0,274839,3,0
0,0,0,0,80,13,13378,112258,0,0,0,0,0,208063,3,0
0,0,0,0,10,15,13379,112258,0,0,0,0,0,221767,3,0
0,0,0,0,88,16,13380,112258,0,0,0,0,0,71359,3,0
0,0,0,0,13,24,13381,112258,0,0,0,0,0,248131,3,0
0,0,0,0,11,26,13382,112258,0,0,0,0,0,220922,3,0
0,0,0,0,14,28,13383,112258,0,0,0,0,0,266541,3,0
0,0,0,0,30,28,13384,112258,0,0,0,0,0,71358,3,0
0,0,0,0,3,28,13385,112258,0,0,0,0,0,233280,3,0
0,0,0,0,27,28,13386,112258,0,0,0,0,0,255553,3,0
0,0,0,0,12,28,13387,112258,0,0,0,0,0,266750,3,0
1,0,0,1,40,28,13388,112258,0,0,0,0,0,221831,3,0
1,0,0,1,70,28,13389,112258,0,0,0,0,0,238579,3,0
0,0,0,0,43,28,13390,112258,0,0,0,0,0,74599,3,0
1,0,0,1,21,28,13391,112258,0,0,0,0,0,77193,3,0
0,0,0,0,18,28,13392,112258,0,0,0,0,0,71234,3,0
0,0,0,0,99,28,13393,112258,0,0,0,0,0,77215,3,0
0,0,0,0,31,28,13394,112258,0,0,0,0,0,77192,3,0
0,0,0,0,31,0,13395,112555,0,0,0,0,0,199259,3,0
0,0,0,0,32,3,13396,112555,0,0,0,0,0,227791,3,0
3,0,0,1,55,4,13397,112555,0,0,0,0,0,233711,3,0
0,0,0,0,4,6,13398,112555,0,0,0,0,0,212776,3,0
0,0,0,0,22,7,13399,112555,0,0,0,0,0,222592,3,0
0,0,0,0,21,9,13400,112555,0,0,0,0,0,71454,3,0
0,0,0,0,8,11,13401,112555,0,0,0,0,0,232232,3,0
0,0,0,0,17,12,13402,112555,0,0,0,0,0,238577,3,0
3,0,0,1,71,16,13403,112555,0,0,0,0,0,71455,3,0
9,0,0,1,7,24,13404,112555,0,0,0,0,0,240280,3,0
0,0,0,0,19,26,13405,112555,0,0,0,0,0,71638,3,0
1,0,0,0,70,28,13406,112555,0,0,0,0,0,239962,3,0
1,0,0,0,13,28,13407,112555,1,0,0,0,1,71639,3,0
0,0,0,0,5,28,13408,112555,0,0,0,0,0,212347,3,0
0,0,0,0,99,28,13409,112555,0,0,0,0,0,228176,3,0
0,0,0,0,97,28,13410,112555,0,0,0,0,0,252662,3,0
0,0,0,0,98,28,13411,112555,0,0,0,0,0,256791,3,0
2,0,0,1,16,28,13412,112555,0,0,0,0,0,71411,3,0
1,0,0,0,28,28,13413,112555,1,0,0,0,1,273815,3,0
0,0,0,0,27,28,13414,112555,0,0,0,0,0,212778,3,0
0,0,0,0,6,28,13415,112555,0,0,0,0,0,266775,3,0
2,0,0,1,24,28,13416,112555,0,0,0,0,1,199183,3,0
0,0,0,0,41,28,13417,112555,0,0,0,0,0,228526,3,0
4,0,0,1,95,29,13418,112555,0,0,0,0,0,255245,3,0
0,0,0,0,14,29,13419,112555,0,0,0,0,0,242883,3,0
0,0,0,0,2,29,13420,112555,0,0,0,0,0,71688,3,0
0,0,0,0,77,29,13421,112555,0,0,0,0,0,247714,3,0
0,0,0,0,26,29,13422,112555,0,0,0,0,0,71690,3,0
0,0,0,0,25,29,13423,112555,0,0,0,0,0,273816,3,0
0,0,0,0,81,29,13424,112555,0,0,0,0,0,252428,3,0
0,0,0,0,15,29,13425,112555,0,0,0,0,0,71689,3,0
0,0,0,0,23,29,13426,112555,0,0,0,0,0,76379,3,0
0,0,0,0,3,29,13427,112555,0,0,0,0,0,76380,3,0
0,0,0,0,96,29,13428,112555,0,0,0,0,0,71315,3,0
0,0,0,0,21,0,13429,112558,0,0,0,0,0,203004,3,0
0,0,0,0,27,3,13430,112558,0,0,0,0,0,244837,3,0
1,0,0,1,20,4,13431,112558,0,0,0,0,0,247689,3,0
0,0,0,0,3,6,13432,112558,0,0,0,0,0,83504,3,0
0,0,0,0,22,7,13433,112558,0,0,0,0,0,231946,3,0
0,0,0,0,8,9,13434,112558,0,0,0,0,0,231942,3,0
1,0,0,1,7,11,13435,112558,0,0,0,0,1,247844,3,0
1,0,0,1,91,12,13436,112558,0,0,0,0,0,278595,3,0
8,0,0,1,44,16,13437,112558,0,0,0,0,0,210544,3,0
0,0,0,0,10,18,13438,112558,0,0,0,0,0,83530,3,0
1,0,0,1,19,25,13439,112558,0,0,0,0,0,243321,3,0
1,0,0,1,18,28,13440,112558,0,0,0,0,1,274419,3,0
0,0,0,0,34,28,13441,112558,0,0,0,0,0,227982,3,0
0,0,0,0,28,28,13442,112558,0,0,0,0,0,255161,3,0
1,0,0,1,5,28,13443,112558,0,0,0,0,0,274422,3,0
0,0,0,0,13,28,13444,112558,0,0,0,0,0,252427,3,0
0,0,0,0,29,28,13445,112558,0,0,0,0,0,266366,3,0
0,0,0,0,16,28,13446,112558,0,0,0,0,0,246345,3,0
0,0,0,0,11,28,13447,112558,0,0,0,0,0,233552,3,0
0,0,0,0,15,28,13448,112558,0,0,0,0,0,233284,3,0
0,0,0,0,14,28,13449,112558,0,0,0,0,0,254914,3,0
0,0,0,0,77,28,13450,112558,0,0,0,0,0,76837,3,0
0,0,0,0,24,28,13451,112558,0,0,0,0,0,245075,3,0
0,0,0,0,1,29,13452,112558,0,0,0,0,0,71326,3,0
0,0,0,0,23,29,13453,112558,0,0,0,0,0,76834,3,0
0,0,0,0,25,29,13454,112558,0,0,0,0,0,71369,3,0
0,0,0,0,99,29,13455,112558,0,0,0,0,0,71196,3,0
1,0,0,1,33,29,13456,112558,0,0,0,0,0,274278,3,0
0,0,0,0,31,29,13457,112558,0,0,0,0,0,80198,3,0
15,1,0,1,89,29,13458,112558,0,0,0,1,2,233078,3,0
1,0,0,1,90,29,13459,112558,0,0,0,0,0,71200,3,0
0,0,0,0,71,0,13460,322,0,0,0,0,0,270038,4,0
0,0,0,0,2,4,13461,322,0,0,0,0,0,250805,2,0
0,0,0,0,15,5,13462,322,0,0,0,0,0,276170,3,0
1,0,0,0,3,6,13463,322,0,0,0,0,0,213323,3,0
2,0,0,1,17,23,13464,322,0,0,0,0,0,255258,3,0
1,0,0,0,52,12,13465,322,0,0,0,0,0,279669,3,0
2,0,0,1,14,13,13466,322,0,0,0,0,0,269497,3,0
0,0,0,0,8,15,13467,322,0,0,0,0,0,277540,3,0
1,0,0,0,28,16,13468,322,0,0,0,0,0,276644,3,0
7,0,0,1,10,27,13469,322,0,0,0,0,0,72246,3,0
6,0,0,1,7,25,13470,322,0,0,0,0,0,265793,3,0
0,0,0,0,19,28,13471,322,0,0,0,0,0,75526,2,0
0,0,0,0,5,28,13472,322,0,0,0,0,0,74643,3,0
0,0,0,0,16,28,13473,322,0,0,0,0,0,79651,3,0
1,0,0,0,31,28,13474,322,0,0,0,0,0,238988,2,0
0,0,0,0,1,28,13475,322,0,0,0,0,0,272383,3,0
1,0,0,0,18,28,13476,322,0,0,0,0,0,261490,3,0
1,0,0,0,54,28,13477,322,0,0,0,0,0,81865,4,0
0,0,0,0,34,28,13478,322,0,0,0,0,0,242759,3,0
0,0,0,0,99,28,13479,322,0,0,0,0,0,208159,3,0
1,0,0,0,22,28,13480,322,0,0,0,0,0,79654,3,0
0,0,0,0,30,28,13481,322,0,0,0,0,0,271638,3,0
0,0,0,0,11,28,13482,322,0,0,0,0,0,259083,2,0
0,0,0,0,58,29,13483,322,0,0,0,0,0,75524,3,0
0,0,0,0,50,29,13484,322,0,0,0,0,0,73193,3,0
0,0,0,0,6,29,13485,322,0,0,0,0,0,199282,3,0
0,0,0,0,73,29,13486,322,0,0,0,0,0,80111,3,0
3,0,0,1,9,29,13487,322,0,0,0,0,0,262514,3,0
0,0,0,0,4,29,13488,322,0,0,0,0,0,83043,3,0
0,0,0,0,1,0,13489,324,0,0,0,0,0,189021,3,0
1,0,0,0,15,4,13490,324,0,0,0,0,0,252527,2,0
1,0,0,0,4,5,13491,324,0,0,0,0,0,224821,1,0
1,0,0,0,19,6,13492,324,0,0,0,0,0,237181,3,0
3,0,0,1,28,10,13493,324,0,0,0,0,0,212939,2,0
6,0,0,1,9,12,13494,324,0,0,0,0,0,206254,5,0
1,0,0,0,11,13,13495,324,0,0,0,0,0,236721,3,0
1,0,0,0,8,15,13496,324,0,0,0,0,0,244399,3,0
0,0,0,0,14,16,13497,324,0,0,0,0,0,73846,4,0
6,0,0,1,21,24,13498,324,0,0,0,0,0,245218,3,0
8,0,0,1,97,26,13499,324,0,0,0,0,0,229448,2,0
6,0,0,1,90,28,13500,324,0,0,0,0,0,244185,3,0
0,0,0,0,7,28,13501,324,0,0,0,0,0,240544,3,0
0,0,0,0,17,28,13502,324,0,0,0,0,0,234856,3,0
0,0,0,0,18,28,13503,324,0,0,0,0,0,234138,3,0
0,0,0,0,40,28,13504,324,0,0,0,0,0,80267,3,0
0,0,0,0,39,28,13505,324,0,0,0,0,0,82454,3,0
0,0,0,0,5,28,13506,324,0,0,0,0,0,245017,3,0
1,0,0,0,30,28,13507,324,0,0,0,0,0,239740,3,0
0,0,0,0,36,28,13508,324,0,0,0,0,0,82208,3,0
0,0,0,0,38,28,13509,324,0,0,0,0,0,82355,3,0
0,0,0,0,35,28,13510,324,0,0,0,0,0,81688,3,0
0,0,0,0,45,28,13511,324,0,0,0,0,0,80265,3,0
0,0,0,0,2,29,13512,324,0,0,0,0,0,73377,3,0
0,0,0,0,25,29,13513,324,0,0,0,0,0,235565,3,0
0,0,0,0,6,29,13514,324,0,0,0,0,0,274439,3,0
0,0,0,0,32,29,13515,324,0,0,0,0,0,206307,3,0
0,0,0,0,25,0,13516,894,0,0,0,0,0,204842,3,0
2,0,0,1,2,4,13517,894,0,0,0,0,0,243025,2,0
0,0,0,0,35,5,13518,894,0,0,0,0,0,75943,2,0
0,0,0,0,27,6,13519,894,0,0,0,0,0,245361,3,0
0,0,0,0,21,12,13520,894,0,0,0,0,0,255174,3,0
0,0,0,0,38,13,13521,894,0,0,0,0,0,271879,3,0
2,0,0,1,6,15,13522,894,0,0,0,0,0,71151,3,0
7,0,0,1,17,16,13523,894,0,0,0,0,0,246230,3,0
1,0,0,0,7,18,13524,894,0,0,0,0,0,246168,3,0
4,0,0,1,29,24,13525,894,0,0,0,0,0,76579,2,0
8,0,0,1,19,26,13526,894,0,0,0,0,0,251381,3,0
0,0,0,0,15,28,13527,894,0,0,0,0,0,264433,3,0
0,0,0,0,46,28,13528,894,0,0,0,0,0,81300,3,0
1,0,0,0,4,28,13529,894,0,0,0,0,0,228770,3,0
0,0,0,0,43,28,13530,894,0,0,0,0,0,77117,3,0
0,0,0,0,28,28,13531,894,0,0,0,0,0,73240,2,0
1,0,0,0,11,28,13532,894,0,0,0,0,0,73218,3,0
0,0,0,0,48,28,13533,894,0,0,0,0,0,275960,2,0
0,0,0,0,22,28,13534,894,0,0,0,0,0,239425,2,0
0,0,0,0,47,28,13535,894,0,0,0,0,0,83434,3,0
0,0,0,0,40,28,13536,894,0,0,0,0,0,76846,3,0
0,0,0,0,32,28,13537,894,0,0,0,0,0,271878,3,0
0,0,0,0,13,28,13538,894,0,0,0,0,0,74009,3,0
0,0,0,0,9,29,13539,894,0,0,0,0,0,253173,3,0
0,0,0,0,3,29,13540,894,0,0,0,0,0,275206,3,0
0,0,0,0,39,29,13541,894,0,0,0,0,0,75944,3,0
0,0,0,0,33,29,13542,894,0,0,0,0,0,82354,3,0
0,0,0,0,45,29,13543,894,0,0,0,0,0,80144,3,0
0,0,0,0,36,29,13544,894,0,0,0,0,0,82353,3,0
0,0,0,0,12,29,13545,894,0,0,0,0,0,79210,3,0
0,0,0,0,14,29,13546,894,0,0,0,0,0,71263,3,0
0,0,0,0,34,29,13547,894,0,0,0,0,0,74038,3,0
0,0,0,0,44,29,13548,894,0,0,0,0,0,83431,3,0
0,0,0,0,1,0,13549,896,0,0,0,0,0,190243,3,0
0,0,0,0,27,3,13550,896,0,0,0,0,0,240099,3,0
0,0,0,0,3,4,13551,896,0,0,0,0,0,257005,3,0
2,0,0,1,24,6,13552,896,0,0,0,0,0,252017,3,0
2,0,0,1,31,7,13553,896,0,0,0,0,0,239016,5,0
1,0,0,0,8,9,13554,896,0,0,0,0,0,252025,3,0
1,0,0,0,22,11,13555,896,0,0,0,0,0,247599,3,0
0,0,0,0,18,12,13556,896,0,0,0,0,0,262105,4,0
4,0,0,1,11,16,13557,896,0,0,0,0,0,260651,4,0
9,1,0,1,10,18,13558,896,0,0,0,0,0,193348,3,0
3,0,0,1,23,25,13559,896,0,0,0,0,0,222352,2,0
0,0,0,0,19,28,13560,896,0,0,0,0,0,73582,3,0
0,0,0,0,28,28,13561,896,0,0,0,0,0,270847,3,0
0,0,0,0,66,28,13562,896,0,0,0,0,0,276638,3,0
0,0,0,0,14,28,13563,896,0,0,0,0,0,80343,3,0
0,0,0,0,13,28,13564,896,0,0,0,0,0,209332,2,0
0,0,0,0,37,28,13565,896,0,0,0,0,0,83612,3,0
0,0,0,0,9,28,13566,896,0,0,0,0,0,71343,3,0
1,0,0,0,21,28,13567,896,0,0,0,0,0,270828,3,0
0,0,0,0,29,28,13568,896,0,0,0,0,0,263881,3,0
0,0,0,0,47,28,13569,896,0,0,0,0,0,71838,3,0
0,0,0,0,43,28,13570,896,0,0,0,0,0,275600,3,0
0,0,0,0,25,28,13571,896,0,0,0,0,0,276173,3,0
1,0,0,0,5,29,13572,896,0,0,0,0,0,262062,3,0
0,0,0,0,46,29,13573,896,0,0,0,0,0,76618,3,0
1,0,0,0,6,29,13574,896,0,0,0,0,0,258880,3,0
1,0,0,0,17,29,13575,896,0,0,0,0,0,243960,3,0
0,0,0,0,1,0,13576,897,0,0,0,0,0,262862,3,0
0,0,0,0,20,3,13577,897,0,0,0,0,0,231039,2,0
0,0,0,0,5,4,13578,897,0,0,0,0,0,234817,4,0
1,0,0,0,4,6,13579,897,0,0,0,0,0,279896,3,0
2,0,0,0,46,7,13580,897,0,0,0,0,0,73657,2,0
0,0,0,0,29,13,13581,897,0,0,0,0,0,279599,3,0
0,0,0,0,6,14,13582,897,0,0,0,0,0,80094,3,0
1,0,0,0,24,15,13583,897,0,0,0,0,0,257344,3,0
7,0,0,1,11,18,13584,897,0,0,0,0,0,256980,3,0
6,0,0,1,9,24,13585,897,0,0,0,0,0,239432,3,0
4,0,0,1,81,26,13586,897,0,0,0,0,0,244592,2,0
0,0,0,0,10,28,13587,897,0,0,0,0,0,244082,3,0
0,0,0,0,39,28,13588,897,0,0,0,0,0,80350,3,0
6,0,0,1,73,28,13589,897,0,0,0,0,0,80138,2,0
0,0,0,0,22,28,13590,897,0,0,0,0,0,76263,3,0
0,0,0,0,90,28,13591,897,0,0,0,0,0,223968,3,0
1,0,0,0,16,28,13592,897,0,0,0,0,0,81544,5,0
0,0,0,0,2,28,13593,897,0,0,0,0,0,270928,3,0
1,0,0,0,14,28,13594,897,0,0,0,0,0,273127,3,0
3,0,0,0,27,28,13595,897,0,0,0,0,0,275090,4,0
0,0,0,0,41,28,13596,897,0,0,0,0,0,73176,3,0
1,0,0,0,19,28,13597,897,0,0,0,0,0,75573,3,0
0,0,0,0,34,28,13598,897,0,0,0,0,0,71839,3,0
0,0,0,0,31,29,13599,897,0,0,0,0,0,82352,3,0
0,0,0,0,45,29,13600,897,0,0,0,0,0,82702,3,0
0,0,0,0,80,29,13601,897,0,0,0,0,0,80139,3,0
4,0,0,1,7,29,13602,897,0,0,0,0,0,269947,3,0
0,0,0,0,3,29,13603,897,0,0,0,0,0,247042,3,0
0,0,0,0,1,0,13604,898,0,0,0,0,0,229956,3,0
2,0,0,1,26,4,13605,898,0,0,0,0,0,266000,3,0
2,0,0,1,4,5,13606,898,0,0,0,0,0,244490,3,0
0,0,0,0,72,6,13607,898,0,0,0,0,0,78569,2,0
1,0,0,0,64,10,13608,898,0,0,0,0,0,258043,3,0
2,0,0,1,28,12,13609,898,0,0,0,0,0,252183,2,0
4,0,0,1,16,13,13610,898,0,0,0,0,0,228645,3,0
1,0,0,0,10,15,13611,898,0,0,0,0,0,238980,3,0
0,0,0,0,36,16,13612,898,0,0,0,0,0,245428,3,0
10,1,0,1,18,24,13613,898,0,0,0,0,0,75654,5,0
6,0,0,1,14,26,13614,898,0,0,0,0,0,261444,2,0
0,0,0,0,8,28,13615,898,0,0,0,0,0,210619,3,0
0,0,0,0,7,28,13616,898,0,0,0,0,0,263745,3,0
1,0,0,0,63,28,13617,898,0,0,0,0,0,70500,3,0
0,0,0,0,77,28,13618,898,0,0,0,0,0,276670,3,0
0,0,0,0,25,28,13619,898,0,0,0,0,0,239746,3,0
0,0,0,0,80,28,13620,898,0,0,0,0,0,236449,3,0
0,0,0,0,20,28,13621,898,0,0,0,0,0,243661,3,0
8,0,0,1,11,28,13622,898,0,0,0,0,0,258784,1,0
0,0,0,0,21,28,13623,898,0,0,0,0,0,278260,3,0
0,0,0,0,60,28,13624,898,0,0,0,0,0,80140,3,0
0,0,0,0,3,28,13625,898,0,0,0,0,0,276130,3,0
0,0,0,0,23,28,13626,898,0,0,0,0,0,252030,3,0
0,0,0,0,47,29,13627,898,0,0,0,0,0,80141,3,0
0,0,0,0,6,29,13628,898,0,0,0,0,0,73908,3,0
0,0,0,0,74,29,13629,898,0,0,0,0,0,81862,3,0
0,0,0,0,66,29,13630,898,0,0,0,0,0,81860,3,0
1,0,0,0,69,29,13631,898,0,0,0,0,0,81858,3,0
0,0,0,0,70,29,13632,898,0,0,0,0,0,270035,3,0
0,0,0,0,19,29,13633,898,0,0,0,0,0,83531,1,0
0,0,0,0,71,29,13634,898,0,0,0,0,0,76577,3,0
0,0,0,0,1,0,13635,900,0,0,0,0,0,256726,4,0
0,0,0,0,17,3,13636,900,0,0,0,0,0,220172,4,0
0,0,0,0,5,4,13637,900,0,0,0,0,0,220665,3,0
0,0,0,0,30,6,13638,900,0,0,0,0,0,229900,3,0
0,0,0,0,23,7,13639,900,0,0,0,0,0,193468,3,0
1,0,0,0,37,9,13640,900,0,0,0,0,0,251617,4,0
1,0,0,0,6,11,13641,900,0,0,0,0,0,215556,3,0
12,1,0,1,16,12,13642,900,0,0,0,1,0,234913,5,0
3,0,0,1,77,16,13643,900,0,0,0,0,0,258924,5,0
3,0,0,1,10,18,13644,900,0,0,0,0,0,260272,3,0
12,1,0,1,29,25,13645,900,0,0,0,1,0,225533,3,0
2,0,0,0,9,28,13646,900,0,0,0,0,0,239747,3,0
0,0,0,0,45,28,13647,900,0,0,0,0,0,225853,3,0
0,0,0,0,4,28,13648,900,0,0,0,0,0,264785,3,0
0,0,0,0,33,28,13649,900,0,0,0,0,0,83606,3,0
0,0,0,0,12,28,13650,900,0,0,0,0,0,193247,3,0
4,0,0,1,39,28,13651,900,0,0,0,0,0,252526,3,0
0,0,0,0,13,28,13652,900,0,0,0,0,0,75499,3,0
3,0,0,1,21,28,13653,900,0,0,0,0,0,257319,3,0
0,0,0,0,57,28,13654,900,0,0,0,0,0,81297,3,0
0,0,0,0,59,28,13655,900,0,0,0,0,0,82203,3,0
0,0,0,0,40,28,13656,900,0,0,0,0,0,228998,3,0
0,0,0,0,55,28,13657,900,0,0,0,0,0,70279,3,0
2,0,0,0,3,29,13658,900,0,0,0,0,0,258230,3,0
0,0,0,0,2,29,13659,900,0,0,0,0,0,270371,3,0
0,0,0,0,31,29,13660,900,0,0,0,0,0,276947,3,0
0,0,0,0,11,29,13661,900,0,0,0,0,0,254692,3,0
0,0,0,0,1,0,13662,1713,0,0,0,0,0,205878,4,0
1,0,0,1,24,3,13663,1713,0,0,0,0,0,235815,3,0
1,0,0,1,16,4,13664,1713,0,0,0,0,0,228874,2,0
0,0,0,0,5,6,13665,1713,0,0,0,0,0,233960,3,0
1,0,0,1,18,7,13666,1713,0,0,0,0,0,269565,3,0
1,0,0,1,45,9,13667,1713,0,0,0,0,0,257244,5,0
0,0,0,0,7,11,13668,1713,0,0,0,0,0,210538,3,0
3,0,0,1,8,12,13669,1713,0,0,0,0,0,73146,5,0
1,0,0,1,11,16,13670,1713,0,0,0,0,0,81579,2,0
1,0,0,1,10,18,13671,1713,0,0,0,0,0,270037,3,0
7,0,0,1,17,25,13672,1713,0,0,0,0,0,267486,3,0
1,0,0,1,23,28,13673,1713,0,0,0,0,0,197900,2,0
0,0,0,0,44,28,13674,1713,0,0,0,0,0,258739,3,0
0,0,0,0,22,28,13675,1713,0,0,0,0,0,261164,2,0
0,0,0,0,42,28,13676,1713,0,0,0,0,0,75656,3,0
0,0,0,0,75,28,13677,1713,0,0,0,0,0,73174,3,0
1,0,0,1,9,28,13678,1713,0,0,0,0,0,206431,2,0
0,0,0,0,36,28,13679,1713,0,0,0,0,0,80274,3,0
3,0,0,1,37,28,13680,1713,0,0,0,0,0,73175,3,0
0,0,0,0,66,28,13681,1713,0,0,0,0,0,263131,3,0
1,0,0,1,33,28,13682,1713,0,0,0,0,0,80142,3,0
0,0,0,0,27,28,13683,1713,0,0,0,0,0,240532,3,0
0,0,0,0,35,28,13684,1713,0,0,0,0,0,80275,3,0
0,0,0,0,26,29,13685,1713,0,0,0,0,0,73972,3,0
0,0,0,0,4,29,13686,1713,0,0,0,0,0,243894,3,0
0,0,0,0,20,29,13687,1713,0,0,0,0,0,259719,3,0
1,0,0,1,99,29,13688,1713,0,0,0,0,0,243838,3,0
0,0,0,0,14,29,13689,1713,0,0,0,0,0,263969,3,0
0,0,0,0,19,29,13690,1713,0,0,0,0,0,239974,3,0
0,0,0,0,38,29,13691,1713,0,0,0,0,0,80177,3,0
0,0,0,0,30,29,13692,1713,0,0,0,0,0,79316,3,0
0,0,0,0,34,29,13693,1713,0,0,0,0,0,80143,3,0
0,0,0,0,21,29,13694,1713,0,0,0,0,0,276172,3,0
0,0,0,0,40,29,13695,1713,0,0,0,0,0,83199,3,0
0,0,0,0,39,29,13696,1713,0,0,0,0,0,83198,3,0
0,0,0,0,41,29,13697,1713,0,0,0,0,0,239853,3,0
0,0,0,0,24,0,13698,1715,0,0,0,0,0,275733,3,0
2,0,0,0,47,3,13699,1715,0,0,0,0,0,256735,2,0
2,0,0,0,4,4,13700,1715,0,0,0,0,0,241855,3,0
1,0,0,0,19,6,13701,1715,0,0,0,0,0,231650,3,0
1,0,0,0,23,7,13702,1715,0,0,0,0,0,211438,2,0
1,0,0,0,70,12,13703,1715,0,0,0,0,0,263062,3,0
7,0,0,1,6,13,13704,1715,0,0,0,0,0,211437,4,0
1,0,0,0,14,15,13705,1715,0,0,0,0,0,229377,3,0
4,0,0,1,7,16,13706,1715,0,0,0,0,0,250766,2,0
2,0,0,0,96,24,13707,1715,0,0,0,0,0,239329,2,0
7,0,0,1,74,26,13708,1715,0,0,0,0,0,276645,2,0
1,0,0,0,16,28,13709,1715,0,0,0,0,0,252029,3,0
2,0,0,0,78,28,13710,1715,0,0,0,0,0,78314,4,0
0,0,0,0,8,28,13711,1715,0,0,0,0,0,237420,3,0
0,0,0,0,5,28,13712,1715,0,0,0,0,0,236787,3,0
0,0,0,0,30,28,13713,1715,0,0,0,0,0,78285,3,0
6,0,0,1,77,28,13714,1715,0,0,0,0,0,78316,2,0
1,0,0,0,37,28,13715,1715,0,0,0,0,0,78288,3,0
0,0,0,0,52,28,13716,1715,0,0,0,0,0,82704,3,0
0,0,0,0,33,28,13717,1715,0,0,0,0,0,78318,3,0
0,0,0,0,17,28,13718,1715,0,0,0,0,0,255378,3,0
0,0,0,0,20,28,13719,1715,0,0,0,0,0,263985,3,0
0,0,0,0,25,28,13720,1715,0,0,0,0,0,275721,3,0
9,1,0,1,18,29,13721,1715,0,0,0,0,0,70187,3,0
0,0,0,0,1,29,13722,1715,0,0,0,0,0,245407,3,0
0,0,0,0,97,29,13723,1715,0,0,0,0,0,82703,3,0
0,0,0,0,27,29,13724,1715,0,0,0,0,0,276773,3,0
0,0,0,0,25,0,13725,1862,0,0,0,0,0,243538,3,0
0,0,0,0,2,3,13726,1862,0,0,0,0,0,258407,3,0
0,0,0,0,14,4,13727,1862,0,0,0,0,0,247407,3,0
0,0,0,0,71,6,13728,1862,0,0,0,0,0,263968,3,0
0,0,0,0,18,7,13729,1862,0,0,0,0,0,231307,3,0
4,0,0,1,27,13,13730,1862,0,0,0,0,0,77114,3,0
2,0,0,1,10,14,13731,1862,0,0,0,0,0,218887,2,0
1,0,0,0,42,15,13732,1862,0,0,0,0,0,252967,3,0
1,0,0,0,91,18,13733,1862,0,0,0,0,0,209288,4,0
3,0,0,1,11,24,13734,1862,0,0,0,0,0,273926,2,0
0,0,0,0,17,26,13735,1862,0,0,0,0,0,276679,2,0
1,0,0,0,7,28,13736,1862,0,0,0,0,0,257692,3,0
0,0,0,0,82,28,13737,1862,0,0,0,0,0,83197,3,0
0,0,0,0,8,28,13738,1862,0,0,0,0,0,256874,3,0
1,0,0,0,93,28,13739,1862,0,0,0,0,0,263031,3,0
0,0,0,0,1,28,13740,1862,0,0,0,0,0,210509,3,0
1,0,0,0,78,28,13741,1862,0,0,0,0,0,74109,2,0
0,0,0,0,19,28,13742,1862,0,0,0,0,0,78059,3,0
1,0,0,0,22,28,13743,1862,0,0,0,0,0,77147,3,0
6,0,0,1,70,28,13744,1862,0,0,0,0,0,70511,2,0
0,0,0,0,6,28,13745,1862,0,0,0,0,0,272927,3,0
0,0,0,0,47,28,13746,1862,0,0,0,0,0,73656,3,0
6,0,0,1,9,28,13747,1862,0,0,0,0,0,245563,3,0
0,0,0,0,20,29,13748,1862,0,0,0,0,0,279052,3,0
0,0,0,0,38,29,13749,1862,0,0,0,0,0,277060,3,0
1,0,0,0,77,29,13750,1862,0,0,0,0,0,278206,3,0
0,0,0,0,81,29,13751,1862,0,0,0,0,0,70503,3,0
0,0,0,0,80,29,13752,1862,0,0,0,0,0,77403,3,0
0,0,0,0,1,0,13753,10032,0,0,0,0,0,247077,4,0
1,0,0,0,46,3,13754,10032,0,0,0,0,0,271573,3,0
0,0,0,0,4,4,13755,10032,0,0,0,0,0,79160,2,0
0,0,0,0,17,6,13756,10032,0,0,0,0,0,243275,3,0
0,0,0,0,47,7,13757,10032,0,0,0,0,0,77836,3,0
5,0,0,1,8,9,13758,10032,0,0,0,0,0,229336,3,0
5,0,0,1,25,11,13759,10032,0,0,0,0,0,270913,4,0
3,0,0,1,21,12,13760,10032,0,0,0,0,0,258393,3,0
1,0,0,0,18,16,13761,10032,0,0,0,0,0,239003,4,0
2,0,0,0,11,18,13762,10032,0,0,0,0,0,210537,4,0
9,1,0,1,91,25,13763,10032,0,0,0,0,0,244706,2,0
0,0,0,0,10,28,13764,10032,0,0,0,0,0,176246,3,0
1,0,0,0,29,28,13765,10032,0,0,0,0,0,264705,2,0
0,0,0,0,32,28,13766,10032,0,0,0,0,0,83613,3,0
0,0,0,0,2,28,13767,10032,0,0,0,0,0,243574,3,0
0,0,0,0,16,28,13768,10032,0,0,0,0,0,219244,3,0
0,0,0,0,14,28,13769,10032,0,0,0,0,0,79217,3,0
2,0,0,0,27,28,13770,10032,0,0,0,0,0,73151,3,0
0,0,0,0,35,28,13771,10032,0,0,0,0,0,83616,3,0
3,0,0,1,9,28,13772,10032,0,0,0,0,0,258834,3,0
0,0,0,0,13,28,13773,10032,0,0,0,0,0,271502,3,0
0,0,0,0,24,28,13774,10032,0,0,0,0,0,76660,3,0
0,0,0,0,43,28,13775,10032,0,0,0,0,0,73154,3,0
3,0,0,1,6,29,13776,10032,0,0,0,0,0,240008,3,0
0,0,0,0,3,29,13777,10032,0,0,0,0,0,237440,3,0
0,0,0,0,7,29,13778,10032,0,0,0,0,0,206006,3,0
1,0,0,0,19,29,13779,10032,0,0,0,0,0,277376,3,0
1,0,0,0,26,29,13780,10032,0,0,0,0,0,276658,3,0
0,0,0,0,99,29,13781,10032,0,0,0,0,0,70281,3,0
0,0,0,0,1,0,13782,110770,0,0,0,0,0,243573,3,0
1,0,0,0,14,3,13783,110770,0,0,0,0,0,199890,3,0
0,0,0,0,28,4,13784,110770,0,0,0,0,0,263740,1,0
0,0,0,0,17,6,13785,110770,0,0,0,0,0,243860,2,0
0,0,0,0,20,7,13786,110770,0,0,0,0,0,244131,3,0
1,0,0,0,88,9,13787,110770,0,0,0,0,0,234687,3,0
1,0,0,0,8,11,13788,110770,0,0,0,0,0,243898,2,0
4,0,0,1,7,12,13789,110770,0,0,0,0,0,246729,2,0
4,0,0,1,70,16,13790,110770,0,0,0,0,0,211903,2,0
2,0,0,0,77,18,13791,110770,0,0,0,0,0,270328,2,0
8,0,0,1,33,25,13792,110770,0,0,0,0,0,79212,2,0
4,0,0,1,13,28,13793,110770,0,0,0,0,0,79663,4,0
0,0,0,0,11,28,13794,110770,0,0,0,0,0,272875,3,0
1,0,0,0,5,28,13795,110770,0,0,0,0,0,264033,3,0
0,0,0,0,6,28,13796,110770,0,0,0,0,0,244497,3,0
0,0,0,0,12,28,13797,110770,0,0,0,0,0,216779,3,0
0,0,0,0,25,28,13798,110770,0,0,0,0,0,270894,3,0
1,0,0,0,29,28,13799,110770,0,0,0,0,0,264423,2,0
3,0,0,1,21,28,13800,110770,0,0,0,0,0,266623,3,0
0,0,0,0,44,28,13801,110770,0,0,0,0,0,79214,3,0
0,0,0,0,22,28,13802,110770,0,0,0,0,0,78852,3,0
0,0,0,0,60,28,13803,110770,0,0,0,0,0,70427,3,0
3,0,0,1,39,28,13804,110770,0,0,0,0,0,256698,3,0
0,0,0,0,55,29,13805,110770,0,0,0,0,0,73609,3,0
0,0,0,0,61,29,13806,110770,0,0,0,0,0,83193,3,0
0,0,0,0,56,29,13807,110770,0,0,0,0,0,80592,3,0
0,0,0,0,24,29,13808,110770,0,0,0,0,0,75777,3,0
0,0,0,0,23,29,13809,110770,0,0,0,0,0,79161,3,0
0,0,0,0,1,0,13810,234,0,0,0,0,0,250753,3,0
3,0,0,1,8,3,13811,234,0,0,0,0,0,231913,3,0
0,0,0,0,4,4,13812,234,0,0,0,0,0,270086,4,0
2,0,0,0,30,6,13813,234,0,0,0,0,0,192366,4,0
1,0,0,0,26,7,13814,234,0,0,0,0,0,277252,2,0
0,0,0,0,20,9,13815,234,0,0,0,0,0,262881,3,0
0,0,0,0,5,11,13816,234,0,0,0,0,0,246871,3,0
0,0,0,0,11,12,13817,234,0,0,0,0,0,231416,3,0
1,0,0,0,21,16,13818,234,0,0,0,0,0,260952,3,0
4,0,0,1,10,18,13819,234,0,0,0,0,0,259913,3,0
19,1,0,1,14,25,13820,234,0,0,0,1,0,229188,2,0
3,0,0,1,9,28,13821,234,0,0,0,0,0,74896,3,0
0,0,0,0,27,28,13822,234,0,0,0,0,0,216547,3,0
0,0,0,0,68,28,13823,234,0,0,0,0,0,79608,3,0
1,0,0,0,44,28,13824,234,0,0,0,0,0,266096,3,0
0,0,0,0,24,28,13825,234,0,0,0,0,0,270060,3,0
0,0,0,0,39,28,13826,234,0,0,0,0,0,266905,3,0
1,0,0,0,18,28,13827,234,0,0,0,0,0,245253,2,0
1,0,0,0,17,28,13828,234,0,0,0,0,0,257345,3,0
2,0,0,0,25,28,13829,234,0,0,0,0,0,269292,3,0
1,0,0,0,72,28,13830,234,0,0,0,0,0,83402,3,0
0,0,0,0,64,28,13831,234,0,0,0,0,0,79690,3,0
6,0,0,1,15,28,13832,234,0,0,0,0,0,70289,3,0
0,0,0,0,6,29,13833,234,0,0,0,0,0,245235,3,0
0,0,0,0,7,29,13834,234,0,0,0,0,0,211368,3,0
0,0,0,0,16,29,13835,234,0,0,0,0,0,274105,3,0
0,0,0,0,60,29,13836,234,0,0,0,0,0,77336,3,0
0,0,0,0,66,29,13837,234,0,0,0,0,0,79687,3,0
0,0,0,0,50,29,13838,234,0,0,0,0,0,79686,3,0
0,0,0,0,80,29,13839,234,0,0,0,0,0,80313,3,0
1,0,0,0,84,29,13840,234,0,0,0,0,0,72267,3,0
0,0,0,0,90,29,13841,234,0,0,0,0,0,81734,3,0
0,0,0,0,67,29,13842,234,0,0,0,0,0,82432,3,0
0,0,0,0,62,29,13843,234,0,0,0,0,0,82744,3,0
0,0,0,0,86,29,13844,234,0,0,0,0,0,70283,3,0
0,0,0,0,58,29,13845,234,0,0,0,0,0,83401,2,0
0,0,0,0,99,0,13846,236,0,0,0,0,0,234577,1,0
0,0,0,0,20,3,13847,236,0,0,0,0,0,270674,2,0
0,0,0,0,5,4,13848,236,0,0,0,0,0,220570,2,0
0,0,0,0,4,6,13849,236,0,0,0,0,0,265693,3,0
2,0,0,1,74,7,13850,236,0,0,0,0,0,251615,3,0
2,0,0,1,13,10,13851,236,0,0,0,0,0,235134,3,0
2,0,0,1,11,23,13852,236,0,0,0,0,0,238896,3,0
2,0,0,1,8,13,13853,236,0,0,0,0,0,279015,3,0
1,0,0,0,10,15,13854,236,0,0,0,0,0,258729,2,0
5,0,0,1,17,27,13855,236,0,0,0,0,0,252929,2,0
13,1,0,1,9,25,13856,236,0,0,0,0,0,277581,2,0
5,0,0,1,7,28,13857,236,0,0,0,0,0,77033,1,0
0,0,0,0,6,28,13858,236,0,0,0,0,0,242380,3,0
0,0,0,0,77,28,13859,236,0,0,0,0,0,75754,3,0
0,0,0,0,3,28,13860,236,0,0,0,0,0,164240,2,0
0,0,0,0,14,28,13861,236,0,0,0,0,0,198513,3,0
1,0,0,0,86,28,13862,236,0,0,0,0,0,72997,3,0
1,0,0,0,52,28,13863,236,0,0,0,0,0,72093,2,0
2,0,0,1,27,28,13864,236,0,0,0,0,0,278587,3,0
2,0,0,1,22,28,13865,236,0,0,0,0,0,260599,3,0
0,0,0,0,21,28,13866,236,0,0,0,0,0,271300,3,0
0,0,0,0,42,28,13867,236,0,0,0,0,0,216320,3,0
1,0,0,0,18,28,13868,236,0,0,0,0,0,244206,3,0
0,0,0,0,87,29,13869,236,0,0,0,0,0,80847,3,0
0,0,0,0,24,29,13870,236,0,0,0,0,0,231474,3,0
0,0,0,0,25,29,13871,236,0,0,0,0,0,278725,3,0
0,0,0,0,51,29,13872,236,0,0,0,0,0,77692,3,0
0,0,0,0,75,29,13873,236,0,0,0,0,0,231826,3,0
0,0,0,0,72,29,13874,236,0,0,0,0,0,81515,3,0
1,0,0,0,26,29,13875,236,0,0,0,0,0,189805,3,0
1,0,0,0,12,29,13876,236,0,0,0,0,0,251528,3,0
0,0,0,0,29,29,13877,236,0,0,0,0,0,255000,3,0
0,0,0,0,1,0,13878,237,0,0,0,0,0,210385,2,0
1,0,0,0,22,3,13879,237,0,0,0,0,0,266253,3,0
0,0,0,0,6,4,13880,237,0,0,0,0,0,254262,3,0
0,0,0,0,25,6,13881,237,0,0,0,0,0,257179,3,0
4,0,0,1,20,7,13882,237,0,0,0,0,0,254817,4,0
2,0,0,0,42,9,13883,237,0,0,0,0,0,244669,3,0
0,0,0,0,5,11,13884,237,0,0,0,0,0,242087,3,0
4,0,0,1,10,12,13885,237,0,0,0,0,0,266097,4,0
10,0,0,1,8,16,13886,237,0,0,0,0,0,240950,4,0
4,0,0,1,17,18,13887,237,0,0,0,0,0,244778,3,0
18,1,0,1,97,25,13888,237,0,0,0,0,0,245158,3,0
0,0,0,0,14,28,13889,237,0,0,0,0,0,260813,3,0
0,0,0,0,26,28,13890,237,0,0,0,0,0,270531,3,0
1,0,0,0,72,28,13891,237,0,0,0,0,0,252144,3,0
0,0,0,0,13,28,13892,237,0,0,0,0,0,255634,3,0
0,0,0,0,12,28,13893,237,0,0,0,0,0,237704,3,0
3,0,0,0,89,28,13894,237,0,0,0,0,0,258015,3,0
1,0,0,0,7,28,13895,237,0,0,0,0,0,279044,3,0
0,0,0,0,2,28,13896,237,0,0,0,0,0,230625,3,0
0,0,0,0,11,28,13897,237,0,0,0,0,0,227890,3,0
0,0,0,0,52,28,13898,237,0,0,0,0,0,75150,2,0
2,0,0,0,91,28,13899,237,0,0,0,0,0,240020,3,0
0,0,0,0,31,28,13900,237,0,0,0,0,0,72754,3,0
1,0,0,0,23,29,13901,237,0,0,0,0,0,252143,3,0
0,0,0,0,15,29,13902,237,0,0,0,0,0,79547,3,0
0,0,0,0,60,29,13903,237,0,0,0,0,0,79771,3,0
0,0,0,0,41,29,13904,237,0,0,0,0,0,270865,3,0
0,0,0,0,99,29,13905,237,0,0,0,0,0,279703,3,0
0,0,0,0,70,29,13906,237,0,0,0,0,0,82746,3,0
0,0,0,0,67,29,13907,237,0,0,0,0,0,77547,3,0
0,0,0,0,49,29,13908,237,0,0,0,0,0,82947,3,0
0,0,0,0,58,29,13909,237,0,0,0,0,0,82948,3,0
0,0,0,0,13,0,13910,717,0,0,0,0,0,273998,2,0
0,0,0,0,4,4,13911,717,0,0,0,0,0,80021,2,0
0,0,0,0,5,5,13912,717,0,0,0,0,0,199577,3,0
0,0,0,0,33,6,13913,717,0,0,0,0,0,278057,2,0
2,0,0,1,18,23,13914,717,0,0,0,0,0,233585,4,0
1,0,0,1,2,12,13915,717,0,0,0,0,0,254244,3,0
0,0,0,0,21,13,13916,717,0,0,0,0,0,254230,3,0
0,0,0,0,16,15,13917,717,0,0,0,0,0,267958,3,0
0,0,0,0,55,16,13918,717,0,0,0,0,0,70671,3,0
1,0,0,1,10,27,13919,717,0,0,0,0,0,262416,3,0
5,0,0,1,9,25,13920,717,0,0,0,0,0,271683,2,0
1,0,0,1,11,28,13921,717,0,0,0,0,0,79909,3,0
0,0,0,0,41,28,13922,717,0,0,0,0,0,80601,3,0
1,0,0,1,6,28,13923,717,0,0,0,0,0,79908,3,0
0,0,0,0,14,28,13924,717,0,0,0,0,0,278796,3,0
0,0,0,0,31,28,13925,717,0,0,0,0,0,80777,3,0
3,0,0,1,91,28,13926,717,0,0,0,0,0,217021,3,0
0,0,0,0,25,28,13927,717,0,0,0,0,0,233373,3,0
0,0,0,0,19,28,13928,717,0,0,0,0,0,80136,3,0
0,0,0,0,12,28,13929,717,0,0,0,0,0,74567,3,0
0,0,0,0,3,28,13930,717,0,0,0,0,0,80598,3,0
1,0,0,1,98,28,13931,717,0,0,0,0,0,71291,4,0
0,0,0,0,88,28,13932,717,0,0,0,0,0,78974,3,0
0,0,0,0,1,29,13933,717,0,0,0,0,0,273690,3,0
1,0,0,1,20,29,13934,717,0,0,0,0,0,81327,3,0
0,0,0,0,23,29,13935,717,0,0,0,0,0,259067,3,0
0,0,0,0,34,29,13936,717,0,0,0,0,0,78981,3,0
0,0,0,0,7,29,13937,717,0,0,0,0,0,263790,3,0
0,0,0,0,77,29,13938,717,0,0,0,0,0,79911,3,0
0,0,0,0,15,29,13939,717,0,0,0,0,0,79912,3,0
0,0,0,0,37,29,13940,717,0,0,0,0,0,80019,3,0
0,0,0,0,78,29,13941,717,0,0,0,0,0,80020,3,0
0,0,0,0,30,29,13942,717,0,0,0,0,0,80022,3,0
0,0,0,0,17,29,13943,717,0,0,0,0,0,83216,3,0
1,0,0,1,45,29,13944,717,0,0,0,0,0,71981,3,0
0,0,0,0,40,0,13945,718,0,0,0,0,0,194781,3,0
0,0,0,0,17,3,13946,718,0,0,0,0,0,253193,2,0
0,0,0,0,30,4,13947,718,0,0,0,0,0,263813,4,0
0,0,0,0,14,6,13948,718,0,0,0,0,0,79505,4,0
0,0,0,0,83,7,13949,718,0,0,0,0,0,78088,3,0
0,0,0,0,8,9,13950,718,0,0,0,0,0,79704,3,0
0,0,0,0,63,11,13951,718,0,0,0,0,0,76743,3,0
3,0,0,1,99,12,13952,718,0,0,0,0,0,264450,3,0
3,0,0,1,11,16,13953,718,0,0,0,0,0,244193,3,0
2,0,0,1,19,18,13954,718,0,0,0,0,0,72808,2,0
0,0,0,0,13,25,13955,718,0,0,0,0,0,264092,3,0
0,0,0,0,18,28,13956,718,0,0,0,0,0,79293,3,0
0,0,0,0,28,28,13957,718,0,0,0,0,0,72677,3,0
0,0,0,0,31,28,13958,718,0,0,0,0,0,254514,3,0
0,0,0,0,5,28,13959,718,0,0,0,0,0,264743,3,0
0,0,0,0,1,28,13960,718,0,0,0,0,0,279565,3,0
1,0,0,1,9,28,13961,718,0,0,0,0,0,229683,3,0
1,0,0,1,20,28,13962,718,0,0,0,0,0,244601,4,0
2,0,0,1,10,28,13963,718,0,0,0,0,0,247955,3,0
0,0,0,0,41,28,13964,718,0,0,0,0,0,251647,3,0
0,0,0,0,66,28,13965,718,0,0,0,0,0,80617,3,0
0,0,0,0,3,28,13966,718,0,0,0,0,0,79141,3,0
0,0,0,0,22,28,13967,718,0,0,0,0,0,79312,3,0
0,0,0,0,33,29,13968,718,0,0,0,0,0,73426,3,0
0,0,0,0,46,29,13969,718,0,0,0,0,0,258477,3,0
0,0,0,0,23,29,13970,718,0,0,0,0,0,76225,3,0
0,0,0,0,47,29,13971,718,0,0,0,0,0,79968,3,0
0,0,0,0,80,29,13972,718,0,0,0,0,0,81597,3,0
0,0,0,0,45,29,13973,718,0,0,0,0,0,72301,3,0
0,0,0,0,44,29,13974,718,0,0,0,0,0,278033,3,0
0,0,0,0,43,29,13975,718,0,0,0,0,0,258085,3,0
0,0,0,0,42,29,13976,718,0,0,0,0,0,263987,3,0
0,0,0,0,39,29,13977,718,0,0,0,0,0,83404,3,0
0,0,0,0,7,29,13978,718,0,0,0,0,0,269199,2,0
0,0,0,0,1,0,13979,744,0,0,0,0,0,247866,3,0
0,0,0,0,6,4,13980,744,0,0,0,0,0,258522,2,0
0,0,0,0,23,5,13981,744,0,0,0,0,0,70700,2,0
0,0,0,0,32,6,13982,744,0,0,0,0,0,204121,3,0
2,0,0,1,18,23,13983,744,0,0,0,0,0,261145,3,0
1,0,0,1,17,12,13984,744,0,0,0,0,0,244287,3,0
1,0,0,1,10,13,13985,744,0,0,0,0,0,268719,3,0
0,0,0,0,5,15,13986,744,0,0,0,0,0,72863,2,0
0,0,0,0,3,16,13987,744,0,0,0,0,0,79363,3,0
0,0,0,0,80,27,13988,744,0,0,0,0,0,263279,3,0
0,0,0,0,28,25,13989,744,0,0,0,0,0,236692,3,0
0,0,0,0,54,28,13990,744,0,0,0,0,0,80593,3,0
0,0,0,0,8,28,13991,744,0,0,0,0,0,74117,3,0
0,0,0,0,33,28,13992,744,0,0,0,0,0,267778,3,0
0,0,0,0,20,28,13993,744,0,0,0,0,0,73596,3,0
0,0,0,0,22,28,13994,744,0,0,0,0,0,73319,4,0
0,0,0,0,77,28,13995,744,0,0,0,0,0,235026,2,0
0,0,0,0,34,28,13996,744,0,0,0,0,0,81324,3,0
0,0,0,0,19,28,13997,744,0,0,0,0,0,74122,3,0
0,0,0,0,14,28,13998,744,0,0,0,0,0,73600,3,0
0,0,0,0,63,28,13999,744,0,0,0,0,0,277899,2,0
0,0,0,0,27,28,14000,744,0,0,0,0,0,278434,3,0
0,0,0,0,21,28,14001,744,0,0,0,0,0,233414,3,0
0,0,0,0,25,29,14002,744,0,0,0,0,0,80886,3,0
0,0,0,0,37,29,14003,744,0,0,0,0,0,254276,3,0
0,0,0,0,44,29,14004,744,0,0,0,0,0,276159,3,0
0,0,0,0,36,29,14005,744,0,0,0,0,0,279909,3,0
0,0,0,0,2,29,14006,744,0,0,0,0,0,71634,3,0
0,0,0,0,7,29,14007,744,0,0,0,0,0,83220,3,0
0,0,0,0,35,29,14008,744,0,0,0,0,0,71232,3,0
0,0,0,0,1,0,14009,1438,0,0,0,0,0,271571,2,0
0,0,0,0,23,4,14010,1438,0,0,0,0,0,73349,1,0
1,0,0,1,21,5,14011,1438,0,0,0,0,0,211107,2,0
1,0,0,1,32,6,14012,1438,0,0,0,0,0,271562,3,0
5,0,0,1,70,23,14013,1438,0,0,0,0,0,275360,3,0
0,0,0,0,42,12,14014,1438,0,0,0,0,0,251891,4,0
0,0,0,0,6,13,14015,1438,0,0,0,0,0,271297,3,0
3,0,0,1,35,15,14016,1438,0,0,0,0,0,73350,3,0
1,0,0,1,64,16,14017,1438,0,0,0,0,0,74962,3,0
2,0,0,1,10,27,14018,1438,0,0,0,0,0,271132,5,0
1,0,0,1,29,25,14019,1438,0,0,0,0,0,72054,3,0
0,0,0,0,11,28,14020,1438,0,0,0,0,0,278990,3,0
0,0,0,0,8,28,14021,1438,0,0,0,0,0,258365,2,0
1,0,0,1,2,28,14022,1438,0,0,0,0,0,246974,3,0
0,0,0,0,4,28,14023,1438,0,0,0,0,0,240244,3,0
0,0,0,0,12,28,14024,1438,0,0,0,0,0,74039,3,0
0,0,0,0,39,28,14025,1438,0,0,0,0,0,216452,3,0
0,0,0,0,49,28,14026,1438,0,0,0,0,0,83222,3,0
0,0,0,0,17,28,14027,1438,0,0,0,0,0,73629,3,0
0,0,0,0,77,28,14028,1438,0,0,0,0,0,270555,3,0
1,0,0,1,7,28,14029,1438,0,0,0,0,0,271195,3,0
0,0,0,0,24,28,14030,1438,0,0,0,0,0,80386,3,0
0,0,0,0,65,28,14031,1438,0,0,0,0,0,78746,3,0
0,0,0,0,25,29,14032,1438,0,0,0,0,0,78973,3,0
0,0,0,0,85,29,14033,1438,0,0,0,0,0,83224,3,0
0,0,0,0,50,29,14034,1438,0,0,0,0,0,76910,3,0
0,0,0,0,94,29,14035,1438,0,0,0,0,0,78745,2,0
0,0,0,0,80,29,14036,1438,0,0,0,0,0,82820,3,0
0,0,0,0,37,29,14037,1438,0,0,0,0,0,263789,3,0
0,0,0,0,38,29,14038,1438,0,0,0,0,0,274462,3,0
0,0,0,0,25,0,14039,1887,0,0,0,0,0,79309,3,0
0,0,0,0,2,3,14040,1887,0,0,0,0,0,263653,3,0
1,0,0,0,4,4,14041,1887,0,0,0,0,0,266660,3,0
1,0,0,0,26,6,14042,1887,0,0,0,0,0,253276,3,0
0,0,0,0,13,7,14043,1887,0,0,0,0,0,266461,3,0
1,0,0,0,16,9,14044,1887,0,0,0,0,0,273840,3,0
2,0,0,1,6,11,14045,1887,0,0,0,0,0,80026,3,0
1,0,0,0,18,12,14046,1887,0,0,0,0,0,257194,3,0
1,0,0,0,11,16,14047,1887,0,0,0,0,0,74649,2,0
3,0,0,1,20,18,14048,1887,0,0,0,0,0,223302,5,0
3,0,0,1,7,25,14049,1887,0,0,0,0,0,189303,2,0
2,0,0,1,90,28,14050,1887,0,0,0,0,0,76786,3,0
0,0,0,0,88,28,14051,1887,0,0,0,0,0,81283,3,0
0,0,0,0,17,28,14052,1887,0,0,0,0,0,247040,3,0
1,0,0,0,3,28,14053,1887,0,0,0,0,0,270870,3,0
0,0,0,0,27,28,14054,1887,0,0,0,0,0,229255,4,0
3,0,0,1,19,28,14055,1887,0,0,0,0,0,80025,3,0
1,0,0,0,48,28,14056,1887,0,0,0,0,0,81518,4,0
0,0,0,0,22,28,14057,1887,0,0,0,0,0,262954,3,0
0,0,0,0,33,28,14058,1887,0,0,0,0,0,83065,3,0
0,0,0,0,30,28,14059,1887,0,0,0,0,0,273750,3,0
0,0,0,0,14,28,14060,1887,0,0,0,0,0,71478,3,0
0,0,0,0,23,28,14061,1887,0,0,0,0,0,71477,5,0
0,0,0,0,66,29,14062,1887,0,0,0,0,0,275516,2,0
0,0,0,0,91,29,14063,1887,0,0,0,0,0,71476,3,0
0,0,0,0,28,29,14064,1887,0,0,0,0,0,79308,3,0
0,0,0,0,80,29,14065,1887,0,0,0,0,0,81519,3,0
0,0,0,0,99,0,14066,1888,0,0,0,0,0,262417,3,0
0,0,0,0,2,3,14067,1888,0,0,0,0,0,258786,3,0
1,0,0,1,39,4,14068,1888,0,0,0,0,0,209816,4,0
0,0,0,0,4,6,14069,1888,0,0,0,0,0,263114,3,0
0,0,0,0,3,7,14070,1888,0,0,0,0,0,235634,3,0
0,0,0,0,5,9,14071,1888,0,0,0,0,0,256526,3,0
4,0,0,1,95,11,14072,1888,0,0,0,0,0,277878,5,0
4,0,0,1,77,12,14073,1888,0,0,0,0,0,225696,4,0
1,0,0,1,11,16,14074,1888,0,0,0,0,0,255257,4,0
3,0,0,1,10,18,14075,1888,0,0,0,0,0,267633,5,0
3,0,0,1,89,25,14076,1888,0,0,0,0,0,72337,5,0
0,0,0,0,20,28,14077,1888,0,0,0,0,0,276412,3,0
0,0,0,0,7,28,14078,1888,0,0,0,0,0,277070,3,0
0,0,0,0,8,28,14079,1888,0,0,0,0,0,74885,3,0
0,0,0,0,6,28,14080,1888,0,0,0,0,0,271576,3,0
0,0,0,0,1,28,14081,1888,0,0,0,0,0,270921,3,0
1,0,0,1,29,28,14082,1888,0,0,0,0,0,277047,2,0
1,0,0,1,32,28,14083,1888,0,0,0,0,0,272422,3,0
0,0,0,0,17,28,14084,1888,0,0,0,0,0,252864,3,0
0,0,0,0,82,28,14085,1888,0,0,0,0,0,80741,3,0
0,0,0,0,80,28,14086,1888,0,0,0,0,0,78722,3,0
0,0,0,0,16,28,14087,1888,0,0,0,0,0,74333,3,0
1,0,0,1,48,28,14088,1888,0,0,0,0,0,270732,3,0
0,0,0,0,45,29,14089,1888,0,0,0,0,0,256768,3,0
0,0,0,0,27,29,14090,1888,0,0,0,0,0,80023,3,0
0,0,0,0,23,29,14091,1888,0,0,0,0,0,80552,3,0
0,0,0,0,28,29,14092,1888,0,0,0,0,0,77187,3,0
0,0,0,0,30,29,14093,1888,0,0,0,0,0,260322,3,0
0,0,0,0,33,29,14094,1888,0,0,0,0,0,257969,3,0
0,0,0,0,31,29,14095,1888,0,0,0,0,0,214942,3,0
0,0,0,0,1,0,14096,1891,0,0,0,0,0,74165,3,0
0,0,0,0,2,3,14097,1891,0,0,0,0,0,189221,3,0
3,0,0,1,34,4,14098,1891,0,0,0,0,0,235854,2,0
4,0,0,1,38,6,14099,1891,0,0,0,0,0,73128,3,0
1,0,0,1,5,7,14100,1891,0,0,0,0,0,264488,2,0
0,0,0,0,6,10,14101,1891,0,0,0,0,0,74067,2,0
0,0,0,0,99,23,14102,1891,0,0,0,0,0,79479,3,0
1,0,0,1,15,13,14103,1891,0,0,0,0,0,74314,3,0
0,0,0,0,28,15,14104,1891,0,0,0,0,0,245319,3,0
2,0,0,1,11,27,14105,1891,0,0,0,0,0,245790,2,0
13,1,0,1,9,25,14106,1891,0,0,0,0,0,252164,3,0
0,0,0,0,26,28,14107,1891,0,0,0,0,0,271289,3,0
0,0,0,0,22,28,14108,1891,0,0,0,0,0,252139,3,0
0,0,0,0,4,28,14109,1891,0,0,0,0,0,73044,3,0
0,0,0,0,24,28,14110,1891,0,0,0,0,0,243355,3,0
0,0,0,0,37,28,14111,1891,0,0,0,0,0,235574,3,0
1,0,0,1,7,28,14112,1891,0,0,0,0,0,226720,3,0
0,0,0,0,30,28,14113,1891,0,0,0,0,0,72690,3,0
0,0,0,0,18,28,14114,1891,0,0,0,0,0,205598,3,0
0,0,0,0,19,28,14115,1891,0,0,0,0,0,210556,3,0
0,0,0,0,8,28,14116,1891,0,0,0,0,0,258271,3,0
0,0,0,0,50,28,14117,1891,0,0,0,0,0,79443,3,0
0,0,0,0,33,28,14118,1891,0,0,0,0,0,72691,3,0
1,0,0,1,16,29,14119,1891,0,0,0,0,0,269088,3,0
1,0,0,1,27,29,14120,1891,0,0,0,0,0,259849,2,0
0,0,0,0,20,29,14121,1891,0,0,0,0,0,207762,3,0
0,0,0,0,10,29,14122,1891,0,0,0,0,0,80885,3,0
0,0,0,0,14,29,14123,1891,0,0,0,0,0,244963,3,0
0,0,0,0,88,29,14124,1891,0,0,0,0,0,79323,3,0
0,0,0,0,1,0,14125,1896,0,0,0,0,0,258936,4,0
1,0,0,0,2,3,14126,1896,0,0,0,0,0,245597,4,0
0,0,0,0,15,4,14127,1896,0,0,0,0,0,210679,3,0
2,0,0,1,14,6,14128,1896,0,0,0,0,0,264191,4,0
0,0,0,0,5,7,14129,1896,0,0,0,0,0,269420,3,0
0,0,0,0,29,9,14130,1896,0,0,0,0,0,264418,5,0
1,0,0,0,8,11,14131,1896,0,0,0,0,0,162347,5,0
0,0,0,0,77,12,14132,1896,0,0,0,0,0,264438,3,0
9,0,0,1,10,16,14133,1896,0,0,0,0,0,251377,5,0
8,0,0,1,21,18,14134,1896,0,0,0,0,0,213516,5,0
4,0,0,1,39,25,14135,1896,0,0,0,0,0,247138,3,0
0,0,0,0,27,28,14136,1896,0,0,0,0,0,228336,3,0
2,0,0,1,6,28,14137,1896,0,0,0,0,0,255471,3,0
1,0,0,0,50,28,14138,1896,0,0,0,0,0,76240,3,0
0,0,0,0,4,28,14139,1896,0,0,0,0,0,240453,3,0
0,0,0,0,36,28,14140,1896,0,0,0,0,0,276988,3,0
2,0,0,1,9,28,14141,1896,0,0,0,0,0,272668,3,0
0,0,0,0,34,28,14142,1896,0,0,0,0,0,277871,3,0
6,0,0,1,18,28,14143,1896,0,0,0,0,0,259070,5,0
0,0,0,0,26,28,14144,1896,0,0,0,0,0,258315,3,0
0,0,0,0,95,28,14145,1896,0,0,0,0,0,77349,3,0
0,0,0,0,17,28,14146,1896,0,0,0,0,0,279731,3,0
1,0,0,0,20,28,14147,1896,0,0,0,0,0,271495,3,0
0,0,0,0,12,29,14148,1896,0,0,0,0,0,241976,3,0
0,0,0,0,41,29,14149,1896,0,0,0,0,0,80290,3,0
0,0,0,0,38,29,14150,1896,0,0,0,0,0,74611,3,0
0,0,0,0,78,29,14151,1896,0,0,0,0,0,77188,3,0
0,0,0,0,81,29,14152,1896,0,0,0,0,0,81975,3,0
0,0,0,0,37,29,14153,1896,0,0,0,0,0,268468,4,0
0,0,0,0,22,0,14154,1900,0,0,0,0,0,203239,3,0
1,0,0,1,76,3,14155,1900,0,0,0,0,0,271451,2,0
0,0,0,0,66,4,14156,1900,0,0,0,0,0,276442,2,0
3,0,0,1,26,6,14157,1900,0,0,0,0,0,251681,3,0
1,0,0,1,27,7,14158,1900,0,0,0,0,0,79295,3,0
1,0,0,1,25,9,14159,1900,0,0,0,0,0,78453,3,0
0,0,0,0,8,11,14160,1900,0,0,0,0,0,79448,1,0
0,0,0,0,7,12,14161,1900,0,0,0,0,0,258536,3,0
0,0,0,0,10,16,14162,1900,0,0,0,0,0,262430,3,0
2,0,0,1,11,18,14163,1900,0,0,0,0,0,275545,3,0
1,0,0,1,99,25,14164,1900,0,0,0,0,0,77106,3,0
0,0,0,0,78,28,14165,1900,0,0,0,0,0,80637,2,0
1,0,0,1,21,28,14166,1900,0,0,0,0,0,270729,2,0
0,0,0,0,17,28,14167,1900,0,0,0,0,0,79049,3,0
0,0,0,0,3,28,14168,1900,0,0,0,0,0,77107,3,0
0,0,0,0,13,28,14169,1900,0,0,0,0,0,244020,3,0
1,0,0,1,9,28,14170,1900,0,0,0,0,0,276425,2,0
0,0,0,0,71,28,14171,1900,0,0,0,0,0,76298,3,0
3,0,0,1,2,28,14172,1900,0,0,0,0,0,279769,3,0
0,0,0,0,30,28,14173,1900,0,0,0,0,0,78060,3,0
1,0,0,1,15,28,14174,1900,0,0,0,0,0,274078,3,0
0,0,0,0,16,28,14175,1900,0,0,0,0,0,198511,3,0
0,0,0,0,31,28,14176,1900,0,0,0,0,0,261133,3,0
0,0,0,0,1,0,14177,10020,0,0,0,0,0,195668,3,0
0,0,0,0,25,4,14178,10020,0,0,0,0,0,262404,3,0
1,0,0,0,44,5,14179,10020,0,0,0,0,0,258457,2,0
0,0,0,0,24,6,14180,10020,0,0,0,0,0,251469,2,0
3,0,0,1,99,23,14181,10020,0,0,0,0,0,235955,5,0
0,0,0,0,22,12,14182,10020,0,0,0,0,0,73882,3,0
2,0,0,1,7,13,14183,10020,0,0,0,0,0,79691,3,0
1,0,0,0,10,15,14184,10020,0,0,0,0,0,237871,2,0
1,0,0,0,55,16,14185,10020,0,0,0,0,0,77740,3,0
5,0,0,1,12,27,14186,10020,0,0,0,0,0,231391,2,0
15,1,0,1,14,25,14187,10020,0,0,0,0,0,243169,5,0
0,0,0,0,21,28,14188,10020,0,0,0,0,0,197965,3,0
0,0,0,0,6,28,14189,10020,0,0,0,0,0,270812,3,0
2,0,0,1,2,28,14190,10020,0,0,0,0,0,255781,3,0
0,0,0,0,4,28,14191,10020,0,0,0,0,0,242236,3,0
0,0,0,0,16,28,14192,10020,0,0,0,0,0,268912,3,0
4,0,0,1,9,28,14193,10020,0,0,0,0,0,243047,5,0
0,0,0,0,20,28,14194,10020,0,0,0,0,0,269874,3,0
2,0,0,1,19,28,14195,10020,0,0,0,0,0,70908,3,0
0,0,0,0,8,28,14196,10020,0,0,0,0,0,236639,3,0
0,0,0,0,57,28,14197,10020,0,0,0,0,0,79545,3,0
0,0,0,0,18,28,14198,10020,0,0,0,0,0,80577,3,0
0,0,0,0,5,28,14199,10020,0,0,0,0,0,264121,3,0
0,0,0,0,11,29,14200,10020,0,0,0,0,0,274389,3,0
0,0,0,0,70,29,14201,10020,0,0,0,0,0,79536,3,0
0,0,0,0,97,29,14202,10020,0,0,0,0,0,75332,3,0
0,0,0,0,79,29,14203,10020,0,0,0,0,0,79543,3,0
0,0,0,0,48,29,14204,10020,0,0,0,0,0,80799,3,0
0,0,0,0,31,29,14205,10020,0,0,0,0,0,276916,3,0
0,0,0,0,1,0,14206,112513,0,0,0,0,0,246881,3,0
1,0,0,0,28,3,14207,112513,0,0,0,0,0,251994,5,0
1,0,0,0,3,4,14208,112513,0,0,0,0,0,258728,3,0
1,0,0,0,5,6,14209,112513,0,0,0,0,0,258687,3,0
0,0,0,0,44,7,14210,112513,0,0,0,0,0,253122,3,0
2,0,0,1,21,9,14211,112513,0,0,0,0,0,264188,4,0
0,0,0,0,8,11,14212,112513,0,0,0,0,0,192636,3,0
6,0,0,1,19,12,14213,112513,0,0,0,0,0,255876,3,0
5,0,0,1,7,16,14214,112513,0,0,0,0,0,246112,2,0
3,0,0,1,14,18,14215,112513,0,0,0,0,0,276600,4,0
0,0,0,0,23,25,14216,112513,0,0,0,0,0,279919,3,0
0,0,0,0,33,28,14217,112513,0,0,0,0,0,275641,3,0
0,0,0,0,89,28,14218,112513,0,0,0,0,0,273663,3,0
0,0,0,0,46,28,14219,112513,0,0,0,0,0,75211,3,0
0,0,0,0,4,28,14220,112513,0,0,0,0,0,273560,3,0
0,0,0,0,12,28,14221,112513,0,0,0,0,0,259872,3,0
3,0,0,1,17,28,14222,112513,0,0,0,0,0,255461,4,0
0,0,0,0,11,28,14223,112513,0,0,0,0,0,263837,3,0
0,0,0,0,24,28,14224,112513,0,0,0,0,0,268484,3,0
0,0,0,0,37,28,14225,112513,0,0,0,0,0,77733,3,0
0,0,0,0,10,28,14226,112513,0,0,0,0,0,255140,3,0
1,0,0,0,22,28,14227,112513,0,0,0,0,0,277664,3,0
0,0,0,0,6,28,14228,112513,0,0,0,0,0,263734,3,0
0,0,0,0,66,29,14229,112513,0,0,0,0,0,277944,3,0
0,0,0,0,15,29,14230,112513,0,0,0,0,0,245238,3,0
0,0,0,0,30,29,14231,112513,0,0,0,0,0,76845,3,0
0,0,0,0,25,29,14232,112513,0,0,0,0,0,217585,4,0
0,0,0,0,20,29,14233,112513,0,0,0,0,0,270698,3,0
0,0,0,0,31,0,14234,112516,0,0,0,0,0,71515,5,0
0,0,0,0,2,3,14235,112516,0,0,0,0,0,239875,3,0
0,0,0,0,4,4,14236,112516,0,0,0,0,0,256449,3,0
0,0,0,0,20,6,14237,112516,0,0,0,0,0,268010,4,0
2,0,0,1,60,7,14238,112516,0,0,0,0,0,269099,3,0
0,0,0,0,8,9,14239,112516,0,0,0,0,0,229327,3,0
0,0,0,0,32,11,14240,112516,0,0,0,0,0,75896,3,0
0,0,0,0,67,12,14241,112516,0,0,0,0,0,80292,3,0
3,0,0,1,7,16,14242,112516,0,0,0,0,0,78991,3,0
1,0,0,1,16,18,14243,112516,0,0,0,0,0,212692,3,0
1,0,0,1,29,25,14244,112516,0,0,0,0,0,227558,2,0
0,0,0,0,97,28,14245,112516,0,0,0,0,0,78989,4,0
0,0,0,0,10,28,14246,112516,0,0,0,0,0,261032,3,0
0,0,0,0,5,28,14247,112516,0,0,0,0,0,223818,3,0
0,0,0,0,21,28,14248,112516,0,0,0,0,0,258468,3,0
0,0,0,0,1,28,14249,112516,0,0,0,0,0,250817,3,0
1,0,0,1,11,28,14250,112516,0,0,0,0,0,80153,3,0
1,0,0,1,48,28,14251,112516,0,0,0,0,0,78990,3,0
0,0,0,0,33,28,14252,112516,0,0,0,0,0,270585,3,0
0,0,0,0,79,28,14253,112516,0,0,0,0,0,279767,3,0
1,0,0,1,15,28,14254,112516,0,0,0,0,0,257293,3,0
0,0,0,0,34,28,14255,112516,0,0,0,0,0,241454,3,0
0,0,0,0,26,28,14256,112516,0,0,0,0,0,246957,3,0
0,0,0,0,30,29,14257,112516,0,0,0,0,0,259317,3,0
0,0,0,0,90,29,14258,112516,0,0,0,0,0,72891,3,0
0,0,0,0,18,29,14259,112516,0,0,0,0,0,234935,3,0
0,0,0,0,14,29,14260,112516,0,0,0,0,0,72169,3,0
0,0,0,0,70,29,14261,112516,0,0,0,0,0,78993,3,0
0,0,0,0,27,29,14262,112516,0,0,0,0,0,263566,3,0
0,0,0,0,25,0,14263,112809,0,0,0,0,0,240834,2,0
1,0,0,0,17,3,14264,112809,0,0,0,0,0,277322,3,0
1,0,0,0,3,4,14265,112809,0,0,0,0,0,253350,3,0
2,0,0,1,16,6,14266,112809,0,0,0,0,0,248278,1,0
0,0,0,0,5,7,14267,112809,0,0,0,0,0,218936,3,0
0,0,0,0,6,9,14268,112809,0,0,0,0,0,240685,3,0
2,0,0,1,14,11,14269,112809,0,0,0,0,0,277811,1,0
3,0,0,1,23,12,14270,112809,0,0,0,0,0,229453,2,0
3,0,0,1,7,16,14271,112809,0,0,0,0,0,70971,3,0
4,0,0,1,20,18,14272,112809,0,0,0,0,0,271057,2,0
1,0,0,0,12,25,14273,112809,0,0,0,0,0,258526,3,0
0,0,0,0,9,28,14274,112809,0,0,0,0,0,80154,3,0
0,0,0,0,15,28,14275,112809,0,0,0,0,0,77103,3,0
0,0,0,0,28,28,14276,112809,0,0,0,0,0,76992,2,0
0,0,0,0,55,28,14277,112809,0,0,0,0,0,71781,2,0
0,0,0,0,1,28,14278,112809,0,0,0,0,0,236046,3,0
1,0,0,0,80,28,14279,112809,0,0,0,0,0,74093,3,0
0,0,0,0,47,28,14280,112809,0,0,0,0,0,75751,3,0
0,0,0,0,2,28,14281,112809,0,0,0,0,0,73453,2,0
0,0,0,0,8,28,14282,112809,0,0,0,0,0,278814,3,0
0,0,0,0,18,28,14283,112809,0,0,0,0,0,279514,3,0
1,0,0,0,77,28,14284,112809,0,0,0,0,0,274442,3,0
0,0,0,0,11,28,14285,112809,0,0,0,0,0,277594,3,0
0,0,0,0,10,29,14286,112809,0,0,0,0,0,222461,3,0
0,0,0,0,13,29,14287,112809,0,0,0,0,0,80155,3,0
0,0,0,0,19,29,14288,112809,0,0,0,0,0,78312,3,0
0,0,0,0,46,29,14289,112809,0,0,0,0,0,79506,3,0
0,0,0,0,22,29,14290,112809,0,0,0,0,0,74578,3,0
0,0,0,0,48,29,14291,112809,0,0,0,0,0,80536,3,0
0,0,0,0,54,29,14292,112809,0,0,0,0,0,81348,3,0
0,0,0,0,1,0,14293,114510,0,0,0,0,0,270054,3,0
0,0,0,0,4,4,14294,114510,0,0,0,0,0,73163,5,0
1,0,0,0,6,5,14295,114510,0,0,0,0,0,171791,3,0
1,0,0,0,2,6,14296,114510,0,0,0,0,0,240728,3,0
3,0,0,1,29,23,14297,114510,0,0,0,0,0,231753,5,0
3,0,0,1,72,12,14298,114510,0,0,0,0,0,251025,4,0
2,0,0,1,74,13,14299,114510,0,0,0,0,0,78160,3,0
0,0,0,0,42,15,14300,114510,0,0,0,0,0,214606,3,0
0,0,0,0,5,16,14301,114510,0,0,0,0,0,247180,5,0
2,0,0,1,13,27,14302,114510,0,0,0,0,0,77186,3,0
2,0,0,1,90,25,14303,114510,0,0,0,0,0,211561,3,0
0,0,0,0,11,28,14304,114510,0,0,0,0,0,274465,3,0
0,0,0,0,8,28,14305,114510,0,0,0,0,0,270587,4,0
0,0,0,0,18,28,14306,114510,0,0,0,0,0,221750,3,0
1,0,0,0,27,28,14307,114510,0,0,0,0,0,253146,3,0
0,0,0,0,33,28,14308,114510,0,0,0,0,0,157970,3,0
0,0,0,0,10,28,14309,114510,0,0,0,0,0,73853,3,0
1,0,0,0,7,28,14310,114510,0,0,0,0,0,254556,3,0
0,0,0,0,21,28,14311,114510,0,0,0,0,0,259054,3,0
1,0,0,0,24,28,14312,114510,0,0,0,0,0,264825,3,0
0,0,0,0,80,28,14313,114510,0,0,0,0,0,247258,3,0
0,0,0,0,19,28,14314,114510,0,0,0,0,0,80521,3,0
0,0,0,0,3,28,14315,114510,0,0,0,0,0,77337,3,0
0,0,0,0,32,29,14316,114510,0,0,0,0,0,274004,3,0
0,0,0,0,95,29,14317,114510,0,0,0,0,0,79824,3,0
2,0,0,1,43,29,14318,114510,0,0,0,0,0,263018,3,0
0,0,0,0,17,29,14319,114510,0,0,0,0,0,261674,3,0
0,0,0,0,45,29,14320,114510,0,0,0,0,0,270069,3,0
1,0,0,0,99,29,14321,114510,0,0,0,0,0,258925,3,0
0,0,0,0,93,0,14322,131463,0,0,0,0,0,252284,3,0
0,0,0,0,5,3,14323,131463,0,0,0,0,0,258747,3,0
0,0,0,0,35,4,14324,131463,0,0,0,0,0,216778,1,0
0,0,0,0,26,5,14325,131463,0,0,0,0,0,232459,1,0
0,0,0,0,42,6,14326,131463,0,0,0,0,0,259053,3,0
0,0,0,0,24,7,14327,131463,0,0,0,0,0,213795,1,0
1,0,0,1,11,12,14328,131463,0,0,0,0,0,275487,1,0
0,0,0,0,15,13,14329,131463,0,0,0,0,0,246918,3,0
1,0,0,1,8,15,14330,131463,0,0,0,0,0,277971,2,0
2,0,0,1,14,16,14331,131463,0,0,0,0,0,274231,2,0
1,0,0,1,7,25,14332,131463,0,0,0,0,0,175851,3,0
0,0,0,0,29,28,14333,131463,0,0,0,0,0,245749,3,0
0,0,0,0,28,28,14334,131463,0,0,0,0,0,228814,3,0
0,0,0,0,19,28,14335,131463,0,0,0,0,0,255730,3,0
0,0,0,0,12,28,14336,131463,0,0,0,0,0,253713,3,0
0,0,0,0,1,28,14337,131463,0,0,0,0,0,83085,1,0
1,0,0,1,20,28,14338,131463,0,0,0,0,0,258194,3,0
0,0,0,0,70,28,14339,131463,0,0,0,0,0,83084,2,0
1,0,0,1,21,28,14340,131463,0,0,0,0,0,79396,3,0
0,0,0,0,27,28,14341,131463,0,0,0,0,0,246592,3,0
0,0,0,0,33,28,14342,131463,0,0,0,0,0,213374,3,0
0,0,0,0,23,28,14343,131463,0,0,0,0,0,72654,2,0
0,0,0,0,3,28,14344,131463,0,0,0,0,0,80024,3,0
0,0,0,0,88,29,14345,131463,0,0,0,0,0,193870,3,0
0,0,0,0,77,0,14346,308,0,0,0,0,0,79620,1,0
1,0,0,0,28,4,14347,308,0,0,0,0,0,248040,1,0
3,0,0,1,3,5,14348,308,0,0,0,0,0,79427,1,0
0,0,0,0,6,6,14349,308,0,0,0,0,0,243023,2,0
2,0,0,0,17,12,14350,308,0,0,0,0,0,72817,2,0
2,0,0,0,20,13,14351,308,0,0,0,0,0,243001,2,0
1,0,0,0,5,15,14352,308,0,0,0,0,0,70195,2,0
0,0,0,0,11,16,14353,308,0,0,0,0,0,243000,3,0
7,0,0,1,10,17,14354,308,0,0,0,0,0,251880,3,0
2,0,0,0,30,19,14355,308,0,0,0,0,0,78676,2,0
8,1,0,1,7,25,14356,308,0,0,0,0,0,269731,2,0
1,0,0,0,8,28,14357,308,0,0,0,0,0,243019,2,0
1,0,0,0,23,28,14358,308,0,0,0,0,0,276452,2,0
0,0,0,0,19,28,14359,308,0,0,0,0,0,229251,3,0
0,0,0,0,2,28,14360,308,0,0,0,0,0,248041,3,0
0,0,0,0,1,28,14361,308,0,0,0,0,0,205942,3,0
5,0,0,1,9,28,14362,308,0,0,0,0,0,255969,3,0
2,0,0,0,18,28,14363,308,0,0,0,0,0,274397,3,0
0,0,0,0,14,28,14364,308,0,0,0,0,0,221336,2,0
0,0,0,0,24,28,14365,308,0,0,0,0,0,266564,3,0
1,0,0,0,4,28,14366,308,0,0,0,0,0,256271,3,0
1,0,0,0,15,28,14367,308,0,0,0,0,0,273803,3,0
3,0,0,1,12,28,14368,308,0,0,0,0,0,242870,4,0
1,0,0,0,29,29,14369,308,0,0,0,0,0,75478,3,0
0,0,0,0,25,29,14370,308,0,0,0,0,0,76427,3,0
0,0,0,0,21,29,14371,308,0,0,0,0,0,248054,3,0
0,0,0,0,16,0,14372,310,0,0,0,0,0,251036,4,0
3,0,0,1,23,3,14373,310,0,0,0,0,0,223229,3,0
2,0,0,0,13,4,14374,310,0,0,0,0,0,246563,5,0
1,0,0,0,6,6,14375,310,0,0,0,0,0,241812,3,0
0,0,0,0,24,7,14376,310,0,0,0,0,0,270863,4,0
0,0,0,0,18,9,14377,310,0,0,0,0,0,264696,3,0
3,0,0,1,8,11,14378,310,0,0,0,0,0,248680,5,0
13,1,0,1,29,12,14379,310,0,0,0,1,0,237378,3,0
3,0,0,1,10,16,14380,310,0,0,0,0,0,248049,5,0
1,0,0,0,17,18,14381,310,0,0,0,0,0,242640,4,0
4,0,0,1,95,25,14382,310,0,0,0,0,0,242494,2,0
0,0,0,0,15,28,14383,310,0,0,0,0,0,257805,3,0
2,0,0,0,5,28,14384,310,0,0,0,0,0,237630,5,0
1,0,0,0,4,28,14385,310,0,0,0,0,0,271620,3,0
0,0,0,0,19,28,14386,310,0,0,0,0,0,253076,3,0
0,0,0,0,1,28,14387,310,0,0,0,0,0,213649,3,0
0,0,0,0,80,28,14388,310,0,0,0,0,0,241278,3,0
1,0,0,0,14,28,14389,310,0,0,0,0,0,227706,3,0
0,0,0,0,27,28,14390,310,0,0,0,0,0,78778,3,0
1,0,0,0,9,28,14391,310,0,0,0,0,0,72978,4,0
0,0,0,0,30,28,14392,310,0,0,0,0,0,262728,3,0
0,0,0,0,98,28,14393,310,0,0,0,0,0,273678,3,0
0,0,0,0,31,28,14394,310,0,0,0,0,0,75978,3,0
0,0,0,0,33,29,14395,310,0,0,0,0,0,83503,3,0
0,0,0,0,11,29,14396,310,0,0,0,0,0,70249,3,0
0,0,0,0,66,29,14397,310,0,0,0,0,0,243918,3,0
1,0,0,0,21,29,14398,310,0,0,0,0,0,72641,3,0
0,0,0,0,52,29,14399,310,0,0,0,0,0,79006,3,0
0,0,0,0,20,29,14400,310,0,0,0,0,0,79004,3,0
0,0,0,0,1,0,14401,100757,0,0,0,0,0,220906,3,0
2,0,0,0,27,3,14402,100757,0,0,0,0,0,262788,3,0
0,0,0,0,15,4,14403,100757,0,0,0,0,0,79429,3,0
2,0,0,0,4,6,14404,100757,0,0,0,0,0,238987,3,0
3,0,0,1,3,7,14405,100757,0,0,0,0,0,251781,3,0
5,0,0,1,77,23,14406,100757,0,0,0,0,0,223871,4,0
1,0,0,0,8,13,14407,100757,0,0,0,0,0,203393,3,0
0,0,0,0,90,14,14408,100757,0,0,0,0,0,277693,3,0
4,0,0,1,10,15,14409,100757,0,0,0,0,0,260141,3,0
4,0,0,1,7,27,14410,100757,0,0,0,0,0,263147,3,0
6,0,0,1,9,25,14411,100757,0,0,0,0,0,256065,2,0
1,0,0,0,17,28,14412,100757,0,0,0,0,0,211042,3,0
1,0,0,0,21,28,14413,100757,0,0,0,0,0,276625,3,0
0,0,0,0,32,28,14414,100757,0,0,0,0,0,210394,2,0
0,0,0,0,6,28,14415,100757,0,0,0,0,0,73424,3,0
0,0,0,0,73,28,14416,100757,0,0,0,0,0,72802,3,0
2,0,0,0,99,28,14417,100757,0,0,0,0,0,275648,3,0
3,0,0,1,29,28,14418,100757,0,0,0,0,0,243016,3,0
0,0,0,0,24,28,14419,100757,0,0,0,0,0,72762,3,0
2,0,0,0,18,28,14420,100757,0,0,0,0,0,219469,3,0
0,0,0,0,19,28,14421,100757,0,0,0,0,0,270867,3,0
0,0,0,0,55,28,14422,100757,0,0,0,0,0,269412,3,0
0,0,0,0,28,28,14423,100757,0,0,0,0,0,83299,3,0
0,0,0,0,20,29,14424,100757,0,0,0,0,0,263642,3,0
0,0,0,0,30,29,14425,100757,0,0,0,0,0,80510,3,0
0,0,0,0,13,29,14426,100757,0,0,0,0,0,79698,3,0
0,0,0,0,23,29,14427,100757,0,0,0,0,0,83391,3,0
0,0,0,0,91,0,14428,100759,0,0,0,0,0,248091,1,0
0,0,0,0,26,3,14429,100759,0,0,0,0,0,257725,3,0
0,0,0,0,6,4,14430,100759,0,0,0,0,0,78695,1,0
3,0,0,1,3,6,14431,100759,0,0,0,0,0,79000,1,0
0,0,0,0,5,7,14432,100759,0,0,0,0,0,248056,3,0
1,0,0,0,16,23,14433,100759,0,0,0,0,0,257758,3,0
0,0,0,0,24,13,14434,100759,0,0,0,0,0,73118,3,0
3,0,0,1,27,14,14435,100759,0,0,0,0,0,78670,2,0
0,0,0,0,22,15,14436,100759,0,0,0,0,0,251045,2,0
4,0,0,1,21,27,14437,100759,0,0,0,0,0,270104,2,0
3,0,0,1,99,25,14438,100759,0,0,0,0,0,251848,3,0
0,0,0,0,25,28,14439,100759,0,0,0,0,0,230696,2,0
2,0,0,0,11,28,14440,100759,0,0,0,0,0,275195,3,0
1,0,0,0,23,28,14441,100759,0,0,0,0,0,251878,1,0
1,0,0,0,15,28,14442,100759,0,0,0,0,0,262704,3,0
0,0,0,0,1,28,14443,100759,0,0,0,0,0,247944,3,0
7,0,0,1,17,28,14444,100759,0,0,0,0,0,256100,3,0
1,0,0,0,19,28,14445,100759,0,0,0,0,0,277377,2,0
0,0,0,0,2,28,14446,100759,0,0,0,0,0,257727,3,0
0,0,0,0,42,28,14447,100759,0,0,0,0,0,205681,2,0
0,0,0,0,8,28,14448,100759,0,0,0,0,0,276823,3,0
0,0,0,0,14,28,14449,100759,0,0,0,0,0,73400,3,0
0,0,0,0,33,28,14450,100759,0,0,0,0,0,79647,3,0
0,0,0,0,9,29,14451,100759,0,0,0,0,0,230982,3,0
0,0,0,0,80,29,14452,100759,0,0,0,0,0,245459,3,0
0,0,0,0,4,29,14453,100759,0,0,0,0,0,269649,3,0
0,0,0,0,98,29,14454,100759,0,0,0,0,0,79645,3,0
0,0,0,0,30,29,14455,100759,0,0,0,0,0,79646,3,0
0,0,0,0,52,29,14456,100759,0,0,0,0,0,80068,3,0
0,0,0,0,32,0,14457,100761,0,0,0,0,0,248073,3,0
0,0,0,0,2,3,14458,100761,0,0,0,0,0,247968,3,0
0,0,0,0,30,4,14459,100761,0,0,0,0,0,235442,3,0
0,0,0,0,4,6,14460,100761,0,0,0,0,0,236307,3,0
0,0,0,0,28,7,14461,100761,0,0,0,0,0,256898,3,0
2,0,0,0,16,9,14462,100761,0,0,0,0,0,253758,4,0
0,0,0,0,42,11,14463,100761,0,0,0,0,0,259261,3,0
4,0,0,1,11,12,14464,100761,0,0,0,0,0,257803,3,0
2,0,0,0,31,16,14465,100761,0,0,0,0,0,216800,4,0
4,0,0,1,27,18,14466,100761,0,0,0,0,0,247972,4,0
3,0,0,1,9,25,14467,100761,0,0,0,0,0,266728,2,0
0,0,0,0,21,28,14468,100761,0,0,0,0,0,205943,3,0
0,0,0,0,17,28,14469,100761,0,0,0,0,0,246561,3,0
0,0,0,0,23,28,14470,100761,0,0,0,0,0,73392,3,0
0,0,0,0,12,28,14471,100761,0,0,0,0,0,229543,3,0
0,0,0,0,38,28,14472,100761,0,0,0,0,0,205554,3,0
1,0,0,0,20,28,14473,100761,0,0,0,0,0,247674,3,0
10,1,0,1,10,28,14474,100761,0,0,0,0,0,223231,2,0
0,0,0,0,37,28,14475,100761,0,0,0,0,0,258942,3,0
0,0,0,0,22,28,14476,100761,0,0,0,0,0,278573,3,0
0,0,0,0,5,28,14477,100761,0,0,0,0,0,252675,3,0
0,0,0,0,33,28,14478,100761,0,0,0,0,0,248095,4,0
0,0,0,0,34,28,14479,100761,0,0,0,0,0,256897,3,0
4,0,0,1,93,29,14480,100761,0,0,0,0,0,228388,2,0
3,0,0,1,90,29,14481,100761,0,0,0,0,0,70848,3,0
1,0,0,0,18,29,14482,100761,0,0,0,0,0,79254,3,0
0,0,0,0,6,29,14483,100761,0,0,0,0,0,76151,3,0
0,0,0,0,15,29,14484,100761,0,0,0,0,0,70872,3,0
0,0,0,0,13,29,14485,100761,0,0,0,0,0,75976,3,0
0,0,0,0,1,0,14486,110072,0,0,0,0,0,257374,4,0
0,0,0,0,2,3,14487,110072,0,0,0,0,0,276142,3,0
0,0,0,0,31,4,14488,110072,0,0,0,0,0,252574,3,0
1,0,0,0,6,6,14489,110072,0,0,0,0,0,248110,4,0
4,0,0,1,97,7,14490,110072,0,0,0,0,0,238895,4,0
3,0,0,1,8,9,14491,110072,0,0,0,0,0,70298,3,0
0,0,0,0,80,11,14492,110072,0,0,0,0,0,246674,2,0
1,0,0,0,24,12,14493,110072,0,0,0,0,0,278815,3,0
4,0,0,1,7,16,14494,110072,0,0,0,0,0,270957,3,0
6,0,0,1,27,18,14495,110072,0,0,0,0,0,224538,3,0
4,0,0,1,9,25,14496,110072,0,0,0,0,0,244046,3,0
1,0,0,0,17,28,14497,110072,0,0,0,0,0,248117,3,0
0,0,0,0,20,28,14498,110072,0,0,0,0,0,79066,3,0
0,0,0,0,4,28,14499,110072,0,0,0,0,0,272613,3,0
1,0,0,0,88,28,14500,110072,0,0,0,0,0,70745,3,0
0,0,0,0,32,28,14501,110072,0,0,0,0,0,251034,3,0
0,0,0,0,96,28,14502,110072,0,0,0,0,0,251779,3,0
2,0,0,0,11,28,14503,110072,0,0,0,0,0,70268,3,0
0,0,0,0,14,28,14504,110072,0,0,0,0,0,257816,3,0
0,0,0,0,81,28,14505,110072,0,0,0,0,0,277371,3,0
0,0,0,0,15,28,14506,110072,0,0,0,0,0,79652,2,0
0,0,0,0,23,28,14507,110072,0,0,0,0,0,72752,3,0
0,0,0,0,22,28,14508,110072,0,0,0,0,0,277977,3,0
0,0,0,0,16,29,14509,110072,0,0,0,0,0,79650,3,0
0,0,0,0,19,29,14510,110072,0,0,0,0,0,78742,3,0
0,0,0,0,1,0,14511,110075,0,0,0,0,0,222221,4,0
0,0,0,0,22,3,14512,110075,0,0,0,0,0,268128,3,0
4,0,0,1,17,4,14513,110075,0,0,0,0,0,247963,3,0
1,0,0,0,15,6,14514,110075,0,0,0,0,0,239118,3,0
0,0,0,0,11,7,14515,110075,0,0,0,0,0,239116,3,0
2,0,0,1,30,23,14516,110075,0,0,0,0,0,267993,3,0
6,0,0,1,8,13,14517,110075,0,0,0,0,0,248112,4,0
1,0,0,0,6,14,14518,110075,0,0,0,0,0,266792,3,0
1,0,0,0,20,15,14519,110075,0,0,0,0,0,265431,2,0
4,0,0,1,71,27,14520,110075,0,0,0,0,0,276744,4,0
7,0,0,1,31,25,14521,110075,0,0,0,0,0,257765,4,0
0,0,0,0,97,28,14522,110075,0,0,0,0,0,80089,3,0
1,0,0,0,77,28,14523,110075,0,0,0,0,0,79147,3,0
1,0,0,0,98,28,14524,110075,0,0,0,0,0,73300,4,0
0,0,0,0,93,28,14525,110075,0,0,0,0,0,239453,3,0
0,0,0,0,12,28,14526,110075,0,0,0,0,0,79826,3,0
1,0,0,0,27,28,14527,110075,0,0,0,0,0,272545,3,0
1,0,0,0,9,28,14528,110075,0,0,0,0,0,219768,3,0
0,0,0,0,21,28,14529,110075,0,0,0,0,0,244984,3,0
1,0,0,0,25,28,14530,110075,0,0,0,0,0,238273,3,0
0,0,0,0,10,28,14531,110075,0,0,0,0,0,235345,3,0
0,0,0,0,4,28,14532,110075,0,0,0,0,0,275016,3,0
0,0,0,0,50,28,14533,110075,0,0,0,0,0,277661,3,0
1,0,0,0,7,29,14534,110075,0,0,0,0,0,197971,4,0
0,0,0,0,19,29,14535,110075,0,0,0,0,0,278964,3,0
0,0,0,0,5,29,14536,110075,0,0,0,0,0,73393,3,0
0,0,0,0,18,29,14537,110075,0,0,0,0,0,271989,3,0
0,0,0,0,95,29,14538,110075,0,0,0,0,0,263492,3,0
0,0,0,0,92,29,14539,110075,0,0,0,0,0,75327,3,0
0,0,0,0,41,0,14540,110078,0,0,0,0,0,73297,3,0
1,0,0,1,24,3,14541,110078,0,0,0,0,0,224115,5,0
0,0,0,0,4,4,14542,110078,0,0,0,0,0,204211,5,0
1,0,0,1,69,6,14543,110078,0,0,0,0,0,244252,5,0
0,0,0,0,71,7,14544,110078,0,0,0,0,0,231916,3,0
0,0,0,0,5,10,14545,110078,0,0,0,0,0,279210,4,0
1,0,0,1,55,23,14546,110078,0,0,0,0,0,271172,3,0
1,0,0,1,88,13,14547,110078,0,0,0,0,0,240812,4,0
1,0,0,1,6,15,14548,110078,0,0,0,0,0,70958,5,0
5,0,0,1,7,27,14549,110078,0,0,0,0,0,220177,3,0
3,0,0,1,9,25,14550,110078,0,0,0,0,0,73404,2,0
0,0,0,0,8,28,14551,110078,0,0,0,0,0,223355,3,0
0,0,0,0,20,28,14552,110078,0,0,0,0,0,237989,3,0
0,0,0,0,15,28,14553,110078,0,0,0,0,0,248539,3,0
0,0,0,0,42,28,14554,110078,0,0,0,0,0,262268,3,0
0,0,0,0,1,28,14555,110078,0,0,0,0,0,70959,4,0
1,0,0,1,29,28,14556,110078,0,0,0,0,0,243773,3,0
0,0,0,0,36,28,14557,110078,0,0,0,0,0,73464,3,0
1,0,0,1,11,28,14558,110078,0,0,0,0,0,235315,2,0
0,0,0,0,22,28,14559,110078,0,0,0,0,0,262465,3,0
0,0,0,0,23,28,14560,110078,0,0,0,0,0,255247,5,0
1,0,0,1,64,28,14561,110078,0,0,0,0,0,76119,3,0
0,0,0,0,35,28,14562,110078,0,0,0,0,0,269418,3,0
0,0,0,0,10,29,14563,110078,0,0,0,0,0,81422,3,0
0,0,0,0,44,29,14564,110078,0,0,0,0,0,247985,3,0
0,0,0,0,21,29,14565,110078,0,0,0,0,0,70831,3,0
0,0,0,0,2,29,14566,110078,0,0,0,0,0,277148,3,0
0,0,0,0,28,29,14567,110078,0,0,0,0,0,237883,3,0
0,0,0,0,50,29,14568,110078,0,0,0,0,0,238474,3,0
0,0,0,0,27,29,14569,110078,0,0,0,0,0,220087,3,0
0,0,0,0,99,29,14570,110078,0,0,0,0,0,273674,3,0
0,0,0,0,17,29,14571,110078,0,0,0,0,0,73462,3,0
0,0,0,0,51,29,14572,110078,0,0,0,0,0,210970,3,0
0,0,0,0,33,0,14573,110750,0,0,0,0,0,269406,3,0
0,0,0,0,2,3,14574,110750,0,0,0,0,0,79343,3,0
0,0,0,0,6,4,14575,110750,0,0,0,0,0,254265,3,0
3,0,0,1,60,6,14576,110750,0,0,0,0,0,72620,3,0
1,0,0,0,3,7,14577,110750,0,0,0,0,0,79123,4,0
0,0,0,0,5,9,14578,110750,0,0,0,0,0,269424,3,0
0,0,0,0,16,11,14579,110750,0,0,0,0,0,271308,3,0
8,1,0,1,19,12,14580,110750,0,0,0,0,0,244143,2,0
1,0,0,0,10,16,14581,110750,0,0,0,0,0,266734,3,0
5,0,0,1,8,18,14582,110750,0,0,0,0,0,275225,3,0
2,0,0,1,11,25,14583,110750,0,0,0,0,0,237666,3,0
0,0,0,0,30,28,14584,110750,0,0,0,0,0,228715,3,0
0,0,0,0,97,28,14585,110750,0,0,0,0,0,257812,3,0
0,0,0,0,72,28,14586,110750,0,0,0,0,0,258740,3,0
0,0,0,0,4,28,14587,110750,0,0,0,0,0,242500,4,0
0,0,0,0,96,28,14588,110750,0,0,0,0,0,248104,3,0
6,0,0,1,9,28,14589,110750,0,0,0,0,0,72404,3,0
0,0,0,0,23,28,14590,110750,0,0,0,0,0,239980,3,0
1,0,0,0,17,28,14591,110750,0,0,0,0,0,277019,3,0
0,0,0,0,13,28,14592,110750,0,0,0,0,0,74641,3,0
2,0,0,1,27,28,14593,110750,0,0,0,0,0,73396,3,0
1,0,0,0,7,28,14594,110750,0,0,0,0,0,75027,3,0
0,0,0,0,12,28,14595,110750,0,0,0,0,0,77113,3,0
0,0,0,0,20,29,14596,110750,0,0,0,0,0,75786,3,0
0,0,0,0,28,29,14597,110750,0,0,0,0,0,277717,3,0
0,0,0,0,18,29,14598,110750,0,0,0,0,0,72694,3,0
0,0,0,0,22,29,14599,110750,0,0,0,0,0,75627,3,0
0,0,0,0,15,29,14600,110750,0,0,0,0,0,83123,3,0
0,0,0,0,37,29,14601,110750,0,0,0,0,0,258373,3,0
0,0,0,0,21,29,14602,110750,0,0,0,0,0,76763,3,0
0,0,0,0,30,0,14603,110751,0,0,0,0,0,226656,3,0
2,0,0,1,24,3,14604,110751,0,0,0,0,0,229657,3,0
1,0,0,0,6,4,14605,110751,0,0,0,0,0,248021,2,0
1,0,0,0,23,6,14606,110751,0,0,0,0,0,215376,3,0
0,0,0,0,27,7,14607,110751,0,0,0,0,0,212048,3,0
1,0,0,0,11,9,14608,110751,0,0,0,0,0,231919,3,0
0,0,0,0,8,11,14609,110751,0,0,0,0,0,72695,3,0
3,0,0,1,19,12,14610,110751,0,0,0,0,0,260914,4,0
1,0,0,0,88,16,14611,110751,0,0,0,0,0,275739,3,0
1,0,0,0,94,18,14612,110751,0,0,0,0,0,248057,3,0
11,1,0,1,17,25,14613,110751,0,0,0,0,0,75209,3,0
0,0,0,0,18,28,14614,110751,0,0,0,0,0,248111,3,0
0,0,0,0,98,28,14615,110751,0,0,0,0,0,247950,3,0
0,0,0,0,26,28,14616,110751,0,0,0,0,0,277806,3,0
1,0,0,0,28,28,14617,110751,0,0,0,0,0,277976,3,0
0,0,0,0,1,28,14618,110751,0,0,0,0,0,76202,2,0
3,0,0,1,93,28,14619,110751,0,0,0,0,0,251977,3,0
4,0,0,1,10,28,14620,110751,0,0,0,0,0,212226,4,0
0,0,0,0,13,28,14621,110751,0,0,0,0,0,276259,3,0
0,0,0,0,7,28,14622,110751,0,0,0,0,0,243924,3,0
0,0,0,0,9,28,14623,110751,0,0,0,0,0,262717,2,0
1,0,0,0,77,28,14624,110751,0,0,0,0,0,276692,3,0
1,0,0,0,33,28,14625,110751,0,0,0,0,0,83562,4,0
0,0,0,0,4,29,14626,110751,0,0,0,0,0,81262,3,0
0,0,0,0,14,29,14627,110751,0,0,0,0,0,233512,3,0
0,0,0,0,2,29,14628,110751,0,0,0,0,0,276710,3,0
0,0,0,0,20,29,14629,110751,0,0,0,0,0,73959,3,0
0,0,0,0,16,29,14630,110751,0,0,0,0,0,242562,3,0
0,0,0,0,50,29,14631,110751,0,0,0,0,0,235380,3,0
1,0,0,0,29,29,14632,110751,0,0,0,0,0,260994,3,0
0,0,0,0,22,29,14633,110751,0,0,0,0,0,83249,3,0
0,0,0,0,31,29,14634,110751,0,0,0,0,0,271182,3,0
0,0,0,0,80,29,14635,110751,0,0,0,0,0,81590,3,0
0,0,0,0,99,0,14636,110752,0,0,0,0,0,239271,3,0
0,0,0,0,12,3,14637,110752,0,0,0,0,0,277618,3,0
0,0,0,0,4,4,14638,110752,0,0,0,0,0,248002,3,0
0,0,0,0,23,6,14639,110752,0,0,0,0,0,232760,3,0
1,0,0,0,30,7,14640,110752,0,0,0,0,0,251635,3,0
0,0,0,0,37,9,14641,110752,0,0,0,0,0,244474,3,0
1,0,0,0,28,11,14642,110752,0,0,0,0,0,274734,3,0
4,0,0,1,11,12,14643,110752,0,0,0,0,0,275901,3,0
8,1,0,1,7,16,14644,110752,0,0,0,0,0,244154,3,0
3,0,0,1,26,18,14645,110752,0,0,0,0,0,213702,3,0
3,0,0,1,41,25,14646,110752,0,0,0,0,0,251235,3,0
0,0,0,0,8,28,14647,110752,0,0,0,0,0,70265,3,0
2,0,0,0,10,28,14648,110752,0,0,0,0,0,258364,3,0
0,0,0,0,3,28,14649,110752,0,0,0,0,0,73405,3,0
0,0,0,0,73,28,14650,110752,0,0,0,0,0,275374,3,0
0,0,0,0,1,28,14651,110752,0,0,0,0,0,250950,3,0
4,0,0,1,25,28,14652,110752,0,0,0,0,0,247680,2,0
2,0,0,0,77,28,14653,110752,0,0,0,0,0,251770,3,0
1,0,0,0,67,28,14654,110752,0,0,0,0,0,248010,3,0
0,0,0,0,5,28,14655,110752,0,0,0,0,0,276132,3,0
0,0,0,0,19,28,14656,110752,0,0,0,0,0,275227,3,0
1,0,0,0,6,28,14657,110752,0,0,0,0,0,79168,3,0
0,0,0,0,13,28,14658,110752,0,0,0,0,0,73459,3,0
0,0,0,0,9,29,14659,110752,0,0,0,0,0,274458,2,0
0,0,0,0,33,29,14660,110752,0,0,0,0,0,268452,3,0
0,0,0,0,17,29,14661,110752,0,0,0,0,0,262470,3,0
0,0,0,0,22,29,14662,110752,0,0,0,0,0,80561,3,0
0,0,0,0,18,29,14663,110752,0,0,0,0,0,263207,3,0
0,0,0,0,44,29,14664,110752,0,0,0,0,0,242358,3,0
0,0,0,0,15,29,14665,110752,0,0,0,0,0,73460,3,0
0,0,0,0,25,0,14666,114147,0,0,0,0,0,247976,2,0
1,0,0,0,66,3,14667,114147,0,0,0,0,0,254289,3,0
1,0,0,0,3,4,14668,114147,0,0,0,0,0,230703,1,0
1,0,0,0,4,6,14669,114147,0,0,0,0,0,247978,2,0
0,0,0,0,98,7,14670,114147,0,0,0,0,0,272675,2,0
4,0,0,1,9,23,14671,114147,0,0,0,0,0,215601,2,0
2,0,0,1,23,13,14672,114147,0,0,0,0,0,251634,2,0
1,0,0,0,24,14,14673,114147,0,0,0,0,0,247974,1,0
2,0,0,1,8,15,14674,114147,0,0,0,0,0,262443,2,0
2,0,0,1,10,27,14675,114147,0,0,0,0,0,251052,3,0
3,0,0,1,11,25,14676,114147,0,0,0,0,0,227561,3,0
0,0,0,0,96,28,14677,114147,0,0,0,0,0,235269,3,0
0,0,0,0,30,28,14678,114147,0,0,0,0,0,70960,3,0
0,0,0,0,5,28,14679,114147,0,0,0,0,0,232295,3,0
1,0,0,0,77,28,14680,114147,0,0,0,0,0,79181,1,0
0,0,0,0,31,28,14681,114147,0,0,0,0,0,247893,4,0
1,0,0,0,19,28,14682,114147,0,0,0,0,0,79002,3,0
0,0,0,0,7,28,14683,114147,0,0,0,0,0,260183,3,0
0,0,0,0,51,28,14684,114147,0,0,0,0,0,257809,3,0
1,0,0,0,6,28,14685,114147,0,0,0,0,0,276659,3,0
0,0,0,0,16,28,14686,114147,0,0,0,0,0,260435,3,0
0,0,0,0,21,28,14687,114147,0,0,0,0,0,79263,3,0
0,0,0,0,22,28,14688,114147,0,0,0,0,0,251777,3,0
6,0,0,1,15,29,14689,114147,0,0,0,0,0,72622,3,0
0,0,0,0,2,29,14690,114147,0,0,0,0,0,236579,3,0
0,0,0,0,70,29,14691,114147,0,0,0,0,0,262226,3,0
0,0,0,0,20,29,14692,114147,0,0,0,0,0,73395,3,0
0,0,0,0,36,29,14693,114147,0,0,0,0,0,83610,3,0
0,0,0,0,71,0,14694,114385,0,0,0,0,0,253688,2,0
0,0,0,0,86,3,14695,114385,0,0,0,0,0,74659,3,0
0,0,0,0,6,4,14696,114385,0,0,0,0,0,233820,3,0
2,0,0,1,27,6,14697,114385,0,0,0,0,0,278087,3,0
0,0,0,0,45,7,14698,114385,0,0,0,0,0,191058,3,0
11,1,0,1,24,23,14699,114385,0,0,0,0,0,251236,5,0
0,0,0,0,73,13,14700,114385,0,0,0,0,0,250952,3,0
2,0,0,1,88,14,14701,114385,0,0,0,0,0,205983,3,0
2,0,0,1,11,15,14702,114385,0,0,0,0,0,244147,3,0
6,0,0,1,17,27,14703,114385,0,0,0,0,0,73406,4,0
2,0,0,1,9,25,14704,114385,0,0,0,0,0,227427,5,0
0,0,0,0,77,28,14705,114385,0,0,0,0,0,278333,3,0
0,0,0,0,8,28,14706,114385,0,0,0,0,0,248587,3,0
0,0,0,0,23,28,14707,114385,0,0,0,0,0,251104,3,0
0,0,0,0,3,28,14708,114385,0,0,0,0,0,243210,3,0
0,0,0,0,31,28,14709,114385,0,0,0,0,0,251057,3,0
1,0,0,0,19,28,14710,114385,0,0,0,0,0,217699,3,0
3,0,0,1,49,28,14711,114385,0,0,0,0,0,79430,3,0
0,0,0,0,10,28,14712,114385,0,0,0,0,0,199572,3,0
0,0,0,0,4,28,14713,114385,0,0,0,0,0,83210,3,0
0,0,0,0,7,28,14714,114385,0,0,0,0,0,246827,3,0
0,0,0,0,13,28,14715,114385,0,0,0,0,0,72721,3,0
0,0,0,0,90,28,14716,114385,0,0,0,0,0,230046,3,0
0,0,0,0,22,29,14717,114385,0,0,0,0,0,207624,3,0
0,0,0,0,46,29,14718,114385,0,0,0,0,0,243398,3,0
0,0,0,0,20,29,14719,114385,0,0,0,0,0,266075,3,0
0,0,0,0,16,29,14720,114385,0,0,0,0,0,248443,3,0
0,0,0,0,70,29,14721,114385,0,0,0,0,0,83360,3,0
0,0,0,0,1,29,14722,114385,0,0,0,0,0,271164,3,0
0,0,0,0,1,0,14723,114545,0,0,0,0,0,233868,2,0
0,0,0,0,7,3,14724,114545,0,0,0,0,0,79067,3,0
0,0,0,0,4,4,14725,114545,0,0,0,0,0,79059,3,0
0,0,0,0,30,5,14726,114545,0,0,0,0,0,80166,3,0
0,0,0,0,19,6,14727,114545,0,0,0,0,0,80286,1,0
0,0,0,0,13,7,14728,114545,0,0,0,0,0,79060,3,0
0,0,0,0,6,10,14729,114545,0,0,0,0,0,79437,3,0
0,0,0,0,5,13,14730,114545,0,0,0,0,0,228974,3,0
5,0,0,1,24,15,14731,114545,0,0,0,0,0,79058,3,0
3,0,0,1,10,24,14732,114545,0,0,0,0,0,218738,2,0
5,0,0,1,11,26,14733,114545,0,0,0,0,0,236985,3,0
0,0,0,0,17,28,14734,114545,0,0,0,0,0,276369,3,0
0,0,0,0,15,28,14735,114545,0,0,0,0,0,276652,2,0
2,0,0,1,21,28,14736,114545,0,0,0,0,0,276618,2,0
0,0,0,0,23,28,14737,114545,0,0,0,0,0,79061,3,0
0,0,0,0,34,28,14738,114545,0,0,0,0,0,208755,3,0
2,0,0,1,9,28,14739,114545,0,0,0,0,0,79063,3,0
3,0,0,1,8,28,14740,114545,0,0,0,0,0,242513,3,0
0,0,0,0,22,28,14741,114545,0,0,0,0,0,79062,2,0
1,0,0,0,29,28,14742,114545,0,0,0,0,0,79064,4,0
0,0,0,0,12,28,14743,114545,0,0,0,0,0,233871,3,0
0,0,0,0,99,28,14744,114545,0,0,0,0,0,246663,3,0
0,0,0,0,75,28,14745,114545,0,0,0,0,0,197904,3,0
0,0,0,0,2,29,14746,114545,0,0,0,0,0,247905,3,0
0,0,0,0,14,29,14747,114545,0,0,0,0,0,79644,2,0
0,0,0,0,78,29,14748,114545,0,0,0,0,0,82374,3,0
0,0,0,0,20,29,14749,114545,0,0,0,0,0,76200,2,0
0,0,0,0,50,29,14750,114545,0,0,0,0,0,272944,1,0
0,0,0,0,94,0,14751,114546,0,0,0,0,0,248000,4,0
0,0,0,0,3,3,14752,114546,0,0,0,0,0,78699,3,0
0,0,0,0,2,4,14753,114546,0,0,0,0,0,257215,3,0
0,0,0,0,24,6,14754,114546,0,0,0,0,0,79125,3,0
1,0,0,0,6,7,14755,114546,0,0,0,0,0,267632,2,0
0,0,0,0,97,10,14756,114546,0,0,0,0,0,79694,3,0
3,0,0,1,11,12,14757,114546,0,0,0,0,0,78704,3,0
1,0,0,0,8,13,14758,114546,0,0,0,0,0,262706,3,0
2,0,0,1,20,15,14759,114546,0,0,0,0,0,78706,3,0
2,0,0,1,79,16,14760,114546,0,0,0,0,0,79180,3,0
6,0,0,1,27,25,14761,114546,0,0,0,0,0,205760,3,0
0,0,0,0,13,28,14762,114546,0,0,0,0,0,78703,3,0
1,0,0,0,15,28,14763,114546,0,0,0,0,0,78705,3,0
0,0,0,0,77,28,14764,114546,0,0,0,0,0,252099,3,0
0,0,0,0,17,28,14765,114546,0,0,0,0,0,78702,3,0
0,0,0,0,33,28,14766,114546,0,0,0,0,0,78700,3,0
2,0,0,1,9,28,14767,114546,0,0,0,0,0,240431,3,0
1,0,0,0,10,28,14768,114546,0,0,0,0,0,257800,3,0
0,0,0,0,29,28,14769,114546,0,0,0,0,0,247966,3,0
0,0,0,0,18,28,14770,114546,0,0,0,0,0,80562,3,0
0,0,0,0,7,28,14771,114546,0,0,0,0,0,258453,3,0
0,0,0,0,90,28,14772,114546,0,0,0,0,0,79198,3,0
0,0,0,0,99,28,14773,114546,0,0,0,0,0,83477,2,0
0,0,0,0,14,29,14774,114546,0,0,0,0,0,81908,3,0
0,0,0,0,96,29,14775,114546,0,0,0,0,0,78711,3,0
0,0,0,0,54,29,14776,114546,0,0,0,0,0,82738,3,0
0,0,0,0,12,0,14777,131459,0,0,0,0,0,248071,3,0
0,0,0,0,3,3,14778,131459,0,0,0,0,0,80284,3,0
0,0,0,0,4,4,14779,131459,0,0,0,0,0,72637,3,0
0,0,0,0,6,6,14780,131459,0,0,0,0,0,262856,3,0
1,0,0,1,29,7,14781,131459,0,0,0,0,0,257722,3,0
0,0,0,0,5,9,14782,131459,0,0,0,0,0,276247,3,0
1,0,0,1,24,11,14783,131459,0,0,0,0,0,262450,3,0
0,0,0,0,23,12,14784,131459,0,0,0,0,0,248061,3,0
1,0,0,1,77,16,14785,131459,0,0,0,0,0,251646,3,0
1,0,0,1,18,18,14786,131459,0,0,0,0,0,78696,3,0
6,0,0,1,26,25,14787,131459,0,0,0,0,0,259803,2,0
0,0,0,0,8,28,14788,131459,0,0,0,0,0,72619,3,0
0,0,0,0,2,28,14789,131459,0,0,0,0,0,72627,3,0
0,0,0,0,11,28,14790,131459,0,0,0,0,0,263306,3,0
0,0,0,0,21,28,14791,131459,0,0,0,0,0,72625,3,0
0,0,0,0,1,28,14792,131459,0,0,0,0,0,262420,3,0
1,0,0,1,9,28,14793,131459,0,0,0,0,0,208626,3,0
0,0,0,0,13,28,14794,131459,0,0,0,0,0,252484,3,0
0,0,0,0,10,28,14795,131459,0,0,0,0,0,72624,3,0
0,0,0,0,98,28,14796,131459,0,0,0,0,0,262483,2,0
0,0,0,0,20,28,14797,131459,0,0,0,0,0,216776,3,0
1,0,0,1,25,28,14798,131459,0,0,0,0,0,255082,2,0
0,0,0,0,32,28,14799,131459,0,0,0,0,0,75984,3,0
0,0,0,0,15,29,14800,131459,0,0,0,0,0,257837,2,0
0,0,0,0,30,29,14801,131459,0,0,0,0,0,83122,2,0
0,0,0,0,19,29,14802,131459,0,0,0,0,0,269709,3,0
0,0,0,0,7,29,14803,131459,0,0,0,0,0,72621,3,0
0,0,0,0,17,29,14804,131459,0,0,0,0,0,79194,3,0
0,0,0,0,22,29,14805,131459,0,0,0,0,0,72935,3,0
0,0,0,0,37,0,14806,605,0,0,0,0,0,209981,3,0
0,0,0,0,88,3,14807,605,0,0,0,0,0,245268,3,0
0,0,0,0,3,4,14808,605,0,0,0,0,0,201024,5,0
1,0,0,0,87,6,14809,605,0,0,0,0,0,245751,3,0
5,0,0,1,19,7,14810,605,0,0,0,0,0,232656,4,0
8,0,0,1,8,10,14811,605,0,0,0,0,0,224293,3,0
4,0,0,0,10,12,14812,605,0,0,0,0,0,222737,4,0
4,0,0,0,22,13,14813,605,0,0,0,0,0,223848,5,0
3,0,0,0,28,15,14814,605,0,0,0,0,0,220075,4,0
4,0,0,0,29,16,14815,605,0,0,0,0,0,210602,3,0
8,0,0,1,90,25,14816,605,0,0,0,0,0,165153,3,0
0,0,0,0,75,28,14817,605,0,0,0,0,0,75598,3,0
0,0,0,0,16,28,14818,605,0,0,0,0,0,241938,3,0
0,0,0,0,30,28,14819,605,0,0,0,0,0,206654,3,0
1,0,0,0,24,28,14820,605,0,0,0,0,0,256331,2,0
0,0,0,0,17,28,14821,605,0,0,0,0,0,245276,3,0
6,0,0,1,7,28,14822,605,0,0,0,0,0,253072,2,0
9,0,0,1,9,28,14823,605,0,0,0,0,0,277797,3,0
1,0,0,0,70,28,14824,605,0,0,0,0,0,279627,3,0
1,0,0,0,18,28,14825,605,0,0,0,0,0,73855,3,0
0,0,0,0,4,28,14826,605,0,0,0,0,0,279000,3,0
2,0,0,0,23,28,14827,605,0,0,0,0,0,225976,3,0
0,0,0,0,78,28,14828,605,0,0,0,0,0,228783,3,0
0,0,0,0,44,29,14829,605,0,0,0,0,0,78887,3,0
0,0,0,0,14,29,14830,605,0,0,0,0,0,277487,3,0
0,0,0,0,55,29,14831,605,0,0,0,0,0,82210,3,0
0,0,0,0,38,29,14832,605,0,0,0,0,0,76425,3,0
0,0,0,0,40,29,14833,605,0,0,0,0,0,277063,3,0
0,0,0,0,39,29,14834,605,0,0,0,0,0,78872,3,0
0,0,0,0,25,29,14835,605,0,0,0,0,0,275317,3,0
0,0,0,0,36,29,14836,605,0,0,0,0,0,82924,3,0
0,0,0,0,35,29,14837,605,0,0,0,0,0,277279,3,0
0,0,0,0,1,0,14838,607,0,0,0,0,0,241727,3,0
3,0,0,1,13,3,14839,607,0,0,0,0,0,242156,3,0
0,0,0,0,2,4,14840,607,0,0,0,0,0,200888,4,0
0,0,0,0,15,6,14841,607,0,0,0,0,0,210843,4,0
1,0,0,0,12,7,14842,607,0,0,0,0,0,258147,3,0
2,0,0,1,19,23,14843,607,0,0,0,0,0,241852,4,0
2,0,0,1,10,13,14844,607,0,0,0,0,0,234906,2,0
0,0,0,0,8,14,14845,607,0,0,0,0,0,209499,3,0
1,0,0,0,17,15,14846,607,0,0,0,0,0,270613,5,0
5,0,0,1,34,27,14847,607,0,0,0,0,0,225953,3,0
0,0,0,0,9,25,14848,607,0,0,0,0,0,235410,3,0
3,0,0,1,11,28,14849,607,0,0,0,0,0,211173,3,0
1,0,0,0,78,28,14850,607,0,0,0,0,0,263828,3,0
0,0,0,0,24,28,14851,607,0,0,0,0,0,238043,3,0
3,0,0,1,27,28,14852,607,0,0,0,0,0,259426,3,0
0,0,0,0,50,28,14853,607,0,0,0,0,0,279593,3,0
0,0,0,0,99,28,14854,607,0,0,0,0,0,273546,3,0
0,0,0,0,4,28,14855,607,0,0,0,0,0,277022,3,0
1,0,0,0,16,28,14856,607,0,0,0,0,0,260977,3,0
0,0,0,0,20,28,14857,607,0,0,0,0,0,221658,3,0
0,0,0,0,80,28,14858,607,0,0,0,0,0,241963,3,0
0,0,0,0,14,28,14859,607,0,0,0,0,0,259358,3,0
0,0,0,0,29,28,14860,607,0,0,0,0,0,277235,3,0
0,0,0,0,47,29,14861,607,0,0,0,0,0,71851,3,0
0,0,0,0,87,29,14862,607,0,0,0,0,0,74975,3,0
0,0,0,0,66,29,14863,607,0,0,0,0,0,73593,3,0
0,0,0,0,88,29,14864,607,0,0,0,0,0,271569,3,0
0,0,0,0,32,29,14865,607,0,0,0,0,0,275128,3,0
0,0,0,0,22,29,14866,607,0,0,0,0,0,221772,3,0
0,0,0,0,90,29,14867,607,0,0,0,0,0,278227,2,0
0,0,0,0,6,29,14868,607,0,0,0,0,0,263884,3,0
0,0,0,0,43,0,14869,111674,0,0,0,0,0,167959,4,0
0,0,0,0,94,3,14870,111674,0,0,0,0,0,272833,3,0
0,0,0,0,2,4,14871,111674,0,0,0,0,0,275544,3,0
0,0,0,0,4,6,14872,111674,0,0,0,0,0,216774,4,0
0,0,0,0,31,7,14873,111674,0,0,0,0,0,260010,4,0
1,0,0,1,22,12,14874,111674,0,0,0,0,0,71832,2,0
0,0,0,0,14,13,14875,111674,0,0,0,0,0,228593,3,0
4,0,0,1,8,15,14876,111674,0,0,0,0,0,220659,4,0
7,0,0,1,10,16,14877,111674,0,0,0,0,0,208418,4,0
0,0,0,0,7,24,14878,111674,0,0,0,0,0,278391,3,0
4,0,0,1,13,26,14879,111674,0,0,0,0,0,219686,3,0
0,0,0,0,37,28,14880,111674,0,0,0,0,0,264458,3,0
0,0,0,0,6,28,14881,111674,0,0,0,0,0,277474,3,0
0,0,0,0,17,28,14882,111674,0,0,0,0,0,245518,3,0
0,0,0,0,34,28,14883,111674,0,0,0,0,0,81272,3,0
0,0,0,0,55,28,14884,111674,0,0,0,0,0,76781,3,0
0,0,0,0,29,28,14885,111674,0,0,0,0,0,243627,3,0
0,0,0,0,80,28,14886,111674,0,0,0,0,0,229851,3,0
1,0,0,1,91,28,14887,111674,0,0,0,0,0,74701,3,0
0,0,0,0,20,28,14888,111674,0,0,0,0,0,263161,3,0
0,0,0,0,16,28,14889,111674,0,0,0,0,0,271637,3,0
0,0,0,0,81,28,14890,111674,0,0,0,0,0,225087,3,0
0,0,0,0,66,28,14891,111674,0,0,0,0,0,279785,3,0
0,0,0,0,45,29,14892,111674,0,0,0,0,0,75489,3,0
0,0,0,0,19,29,14893,111674,0,0,0,0,0,74074,3,0
0,0,0,0,33,29,14894,111674,0,0,0,0,0,254792,3,0
0,0,0,0,23,29,14895,111674,0,0,0,0,0,276673,3,0
0,0,0,0,46,29,14896,111674,0,0,0,0,0,75490,3,0
0,0,0,0,84,29,14897,111674,0,0,0,0,0,242661,3,0
0,0,0,0,60,29,14898,111674,0,0,0,0,0,82927,3,0
0,0,0,0,72,29,14899,111674,0,0,0,0,0,83064,3,0
1,0,0,1,9,29,14900,111674,0,0,0,0,0,213761,3,0
0,0,0,0,38,29,14901,111674,0,0,0,0,0,273897,3,0
0,0,0,0,82,29,14902,111674,0,0,0,0,0,240600,3,0
0,0,0,0,5,29,14903,111674,0,0,0,0,0,269682,3,0
0,0,0,0,83,29,14904,111674,0,0,0,0,0,83534,3,0
0,0,0,0,77,29,14905,111674,0,0,0,0,0,73594,3,0
0,0,0,0,1,0,14906,112096,0,0,0,0,0,222951,3,0
0,0,0,0,33,3,14907,112096,0,0,0,0,0,211152,3,0
0,0,0,0,70,4,14908,112096,0,0,0,0,0,243045,4,0
0,0,0,0,4,5,14909,112096,0,0,0,0,0,225316,3,0
0,0,0,0,37,6,14910,112096,0,0,0,0,0,245499,5,0
3,0,0,1,5,7,14911,112096,0,0,0,0,0,213064,4,0
0,0,0,0,7,10,14912,112096,0,0,0,0,0,232901,4,0
0,0,0,0,11,13,14913,112096,0,0,0,0,0,222148,3,0
0,0,0,0,10,15,14914,112096,0,0,0,0,0,212476,5,0
10,0,0,1,8,24,14915,112096,0,0,0,0,0,181291,5,0
5,0,0,1,9,26,14916,112096,0,0,0,0,0,211591,2,0
2,0,0,1,15,28,14917,112096,0,0,0,0,0,79632,3,0
0,0,0,0,6,28,14918,112096,0,0,0,0,0,278748,3,0
0,0,0,0,61,28,14919,112096,0,0,0,0,0,245414,3,0
0,0,0,0,3,28,14920,112096,0,0,0,0,0,213901,3,0
0,0,0,0,22,28,14921,112096,0,0,0,0,0,248255,3,0
0,0,0,0,18,28,14922,112096,0,0,0,0,0,278567,3,0
7,0,0,1,17,28,14923,112096,0,0,0,0,0,248498,3,0
0,0,0,0,87,28,14924,112096,0,0,0,0,0,253079,3,0
0,0,0,0,24,28,14925,112096,0,0,0,0,0,78152,3,0
0,0,0,0,12,28,14926,112096,0,0,0,0,0,80091,3,0
0,0,0,0,58,28,14927,112096,0,0,0,0,0,82209,3,0
0,0,0,0,14,28,14928,112096,0,0,0,0,0,78886,3,0
0,0,0,0,99,29,14929,112096,0,0,0,0,0,83608,3,0
0,0,0,0,92,29,14930,112096,0,0,0,0,0,75713,3,0
0,0,0,0,19,29,14931,112096,0,0,0,0,0,210259,3,0
0,0,0,0,71,29,14932,112096,0,0,0,0,0,81513,3,0
0,0,0,0,1,0,14933,112139,0,0,0,0,0,255368,3,0
0,0,0,0,2,3,14934,112139,0,0,0,0,0,232477,4,0
1,0,0,0,3,4,14935,112139,0,0,0,0,0,243854,5,0
1,0,0,0,26,6,14936,112139,0,0,0,0,0,204525,5,0
0,0,0,0,23,7,14937,112139,0,0,0,0,0,253440,3,0
5,0,0,1,21,12,14938,112139,0,0,0,0,0,213345,3,0
1,0,0,0,20,13,14939,112139,0,0,0,0,0,272829,5,0
0,0,0,0,11,15,14940,112139,0,0,0,0,0,216352,3,0
2,0,0,1,29,16,14941,112139,0,0,0,0,0,242117,3,0
13,1,0,1,79,18,14942,112139,0,0,0,0,0,242444,5,0
4,0,0,1,10,25,14943,112139,0,0,0,0,0,208722,5,0
0,0,0,0,19,28,14944,112139,0,0,0,0,0,242863,3,0
2,0,0,1,5,28,14945,112139,0,0,0,0,0,241197,3,0
0,0,0,0,12,28,14946,112139,0,0,0,0,0,254685,3,0
0,0,0,0,83,28,14947,112139,0,0,0,0,0,270001,3,0
0,0,0,0,24,28,14948,112139,0,0,0,0,0,73562,3,0
0,0,0,0,17,28,14949,112139,0,0,0,0,0,237721,3,0
0,0,0,0,4,28,14950,112139,0,0,0,0,0,255837,3,0
0,0,0,0,88,28,14951,112139,0,0,0,0,0,242223,3,0
0,0,0,0,8,28,14952,112139,0,0,0,0,0,83620,3,0
0,0,0,0,36,28,14953,112139,0,0,0,0,0,245502,3,0
0,0,0,0,60,28,14954,112139,0,0,0,0,0,74974,3,0
0,0,0,0,16,28,14955,112139,0,0,0,0,0,255369,3,0
0,0,0,0,89,29,14956,112139,0,0,0,0,0,75472,3,0
0,0,0,0,58,29,14957,112139,0,0,0,0,0,79494,3,0
0,0,0,0,70,29,14958,112139,0,0,0,0,0,71828,3,0
0,0,0,0,25,29,14959,112139,0,0,0,0,0,75203,3,0
17,1,0,1,7,29,14960,112139,0,0,0,0,0,20801,3,0
0,0,0,0,99,29,14961,112139,0,0,0,0,0,74969,3,0
0,0,0,0,14,29,14962,112139,0,0,0,0,0,233961,3,0
0,0,0,0,96,29,14963,112139,0,0,0,0,0,260343,5,0
0,0,0,0,16,0,14964,112387,0,0,0,0,0,234642,4,0
1,0,0,0,27,3,14965,112387,0,0,0,0,0,242506,2,0
2,0,0,1,28,4,14966,112387,0,0,0,0,0,238160,3,0
1,0,0,0,3,6,14967,112387,0,0,0,0,0,247257,5,0
1,0,0,0,2,7,14968,112387,0,0,0,0,0,270331,5,0
0,0,0,0,30,10,14969,112387,0,0,0,0,0,263182,3,0
2,0,0,1,7,12,14970,112387,0,0,0,0,0,204485,4,0
1,0,0,0,79,13,14971,112387,0,0,0,0,0,230938,4,0
1,0,0,0,10,15,14972,112387,0,0,0,0,0,252259,3,0
0,0,0,0,20,16,14973,112387,0,0,0,0,0,81383,3,0
18,1,0,1,17,25,14974,112387,0,0,0,1,0,212228,3,0
2,0,0,1,9,28,14975,112387,0,0,0,0,0,238545,3,0
0,0,0,0,77,28,14976,112387,0,0,0,0,0,83066,3,0
1,0,0,0,13,28,14977,112387,0,0,0,0,0,239482,4,0
0,0,0,0,29,28,14978,112387,0,0,0,0,0,277318,3,0
0,0,0,0,1,28,14979,112387,0,0,0,0,0,263867,3,0
0,0,0,0,32,28,14980,112387,0,0,0,0,0,74411,3,0
0,0,0,0,5,28,14981,112387,0,0,0,0,0,75111,3,0
0,0,0,0,47,28,14982,112387,0,0,0,0,0,262272,3,0
2,0,0,1,6,28,14983,112387,0,0,0,0,0,275137,3,0
0,0,0,0,14,28,14984,112387,0,0,0,0,0,275561,3,0
1,0,0,0,46,28,14985,112387,0,0,0,0,0,264203,4,0
0,0,0,0,26,28,14986,112387,0,0,0,0,0,277475,3,0
0,0,0,0,87,29,14987,112387,0,0,0,0,0,82926,3,0
0,0,0,0,23,29,14988,112387,0,0,0,0,0,83143,3,0
0,0,0,0,60,29,14989,112387,0,0,0,0,0,82133,3,0
0,0,0,0,62,29,14990,112387,0,0,0,0,0,277459,3,0
0,0,0,0,1,0,14991,112390,0,0,0,0,0,209960,3,0
2,0,0,1,44,4,14992,112390,0,0,0,0,0,242359,4,0
0,0,0,0,4,5,14993,112390,0,0,0,0,0,260250,2,0
0,0,0,0,17,6,14994,112390,0,0,0,0,0,235890,3,0
0,0,0,0,15,12,14995,112390,0,0,0,0,0,272881,3,0
2,0,0,1,33,13,14996,112390,0,0,0,0,0,236830,4,0
4,0,0,1,28,15,14997,112390,0,0,0,0,0,255487,3,0
2,0,0,1,27,16,14998,112390,0,0,0,0,0,73745,3,0
0,0,0,0,88,18,14999,112390,0,0,0,0,0,263766,3,0
6,0,0,1,10,24,15000,112390,0,0,0,0,0,228819,4,0
4,0,0,1,11,26,15001,112390,0,0,0,0,0,259265,3,0
2,0,0,1,23,28,15002,112390,0,0,0,0,0,81606,3,0
1,0,0,0,94,28,15003,112390,0,0,0,0,0,270000,3,0
0,0,0,0,98,28,15004,112390,0,0,0,0,0,81268,3,0
0,0,0,0,13,28,15005,112390,0,0,0,0,0,245420,2,0
0,0,0,0,31,28,15006,112390,0,0,0,0,0,230765,3,0
0,0,0,0,50,28,15007,112390,0,0,0,0,0,272828,3,0
0,0,0,0,5,28,15008,112390,0,0,0,0,0,245356,3,0
1,0,0,0,6,28,15009,112390,0,0,0,0,0,70584,3,0
0,0,0,0,75,28,15010,112390,0,0,0,0,0,74702,3,0
0,0,0,0,49,28,15011,112390,0,0,0,0,0,279591,3,0
0,0,0,0,97,28,15012,112390,0,0,0,0,0,230749,3,0
0,0,0,0,87,28,15013,112390,0,0,0,0,0,278133,3,0
0,0,0,0,29,29,15014,112390,0,0,0,0,0,278201,3,0
0,0,0,0,21,29,15015,112390,0,0,0,0,0,81870,2,0
0,0,0,0,37,29,15016,112390,0,0,0,0,0,75930,3,0
0,0,0,0,25,29,15017,112390,0,0,0,0,0,81541,3,0
0,0,0,0,91,29,15018,112390,0,0,0,0,0,75144,3,0
0,0,0,0,70,29,15019,112390,0,0,0,0,0,80168,3,0
0,0,0,0,63,29,15020,112390,0,0,0,0,0,74704,3,0
0,0,0,0,1,0,15021,112391,0,0,0,0,0,192984,3,0
0,0,0,0,4,4,15022,112391,0,0,0,0,0,74699,4,0
0,0,0,0,6,5,15023,112391,0,0,0,0,0,200724,5,0
0,0,0,0,17,6,15024,112391,0,0,0,0,0,266797,4,0
0,0,0,0,5,10,15025,112391,0,0,0,0,0,222028,5,0
0,0,0,0,2,12,15026,112391,0,0,0,0,0,74436,5,0
5,0,0,1,8,13,15027,112391,0,0,0,0,0,230965,4,0
2,0,0,1,10,15,15028,112391,0,0,0,0,0,263824,4,0
1,0,0,0,22,16,15029,112391,0,0,0,0,0,274913,3,0
17,1,0,1,33,24,15030,112391,0,0,0,0,0,234579,4,0
12,0,0,1,32,26,15031,112391,0,0,0,0,0,241850,5,0
0,0,0,0,25,28,15032,112391,0,0,0,0,0,210411,3,0
0,0,0,0,11,28,15033,112391,0,0,0,0,0,230801,3,0
1,0,0,0,27,28,15034,112391,0,0,0,0,0,83164,3,0
4,0,0,1,23,28,15035,112391,0,0,0,0,0,248836,3,0
0,0,0,0,28,28,15036,112391,0,0,0,0,0,209027,4,0
2,0,0,1,9,28,15037,112391,0,0,0,0,0,211395,3,0
0,0,0,0,12,28,15038,112391,0,0,0,0,0,210603,3,0
1,0,0,0,7,28,15039,112391,0,0,0,0,0,241809,3,0
0,0,0,0,93,28,15040,112391,0,0,0,0,0,76782,3,0
0,0,0,0,40,28,15041,112391,0,0,0,0,0,242114,3,0
0,0,0,0,20,28,15042,112391,0,0,0,0,0,80756,3,0
0,0,0,0,50,28,15043,112391,0,0,0,0,0,248256,3,0
0,0,0,0,24,29,15044,112391,0,0,0,0,0,214923,3,0
0,0,0,0,92,29,15045,112391,0,0,0,0,0,76780,3,0
0,0,0,0,18,29,15046,112391,0,0,0,0,0,257842,3,0
0,0,0,0,49,29,15047,112391,0,0,0,0,0,75529,3,0
0,0,0,0,31,29,15048,112391,0,0,0,0,0,82369,3,0
0,0,0,0,13,29,15049,112391,0,0,0,0,0,77597,3,0
0,0,0,0,1,0,15050,112393,0,0,0,0,0,243830,2,0
1,0,0,0,5,3,15051,112393,0,0,0,0,0,277233,3,0
0,0,0,0,55,4,15052,112393,0,0,0,0,0,78943,3,0
0,0,0,0,3,5,15053,112393,0,0,0,0,0,226515,3,0
0,0,0,0,32,6,15054,112393,0,0,0,0,0,232675,3,0
0,0,0,0,2,7,15055,112393,0,0,0,0,0,277316,4,0
0,0,0,0,18,10,15056,112393,0,0,0,0,0,234200,4,0
0,0,0,0,8,13,15057,112393,0,0,0,0,0,234134,3,0
3,0,0,1,11,15,15058,112393,0,0,0,0,0,226789,3,0
14,1,0,1,10,24,15059,112393,0,0,0,0,0,219797,3,0
2,0,0,1,19,26,15060,112393,0,0,0,0,0,274741,3,0
1,0,0,0,15,28,15061,112393,0,0,0,0,0,265407,3,0
0,0,0,0,77,28,15062,112393,0,0,0,0,0,276343,3,0
1,0,0,0,66,28,15063,112393,0,0,0,0,0,261190,3,0
0,0,0,0,26,28,15064,112393,0,0,0,0,0,235551,3,0
0,0,0,0,13,28,15065,112393,0,0,0,0,0,242352,3,0
0,0,0,0,22,28,15066,112393,0,0,0,0,0,228784,3,0
0,0,0,0,24,28,15067,112393,0,0,0,0,0,81295,3,0
0,0,0,0,21,28,15068,112393,0,0,0,0,0,83660,3,0
0,0,0,0,29,28,15069,112393,0,0,0,0,0,264206,3,0
0,0,0,0,20,28,15070,112393,0,0,0,0,0,77087,3,0
0,0,0,0,6,28,15071,112393,0,0,0,0,0,81511,3,0
2,0,0,1,7,28,15072,112393,0,0,0,0,0,224962,3,0
0,0,0,0,84,29,15073,112393,0,0,0,0,0,76943,3,0
0,0,0,0,44,29,15074,112393,0,0,0,0,0,75389,3,0
0,0,0,0,86,29,15075,112393,0,0,0,0,0,276770,3,0
0,0,0,0,83,29,15076,112393,0,0,0,0,0,74964,3,0
0,0,0,0,23,29,15077,112393,0,0,0,0,0,242245,3,0
0,0,0,0,27,29,15078,112393,0,0,0,0,0,83665,3,0
0,0,0,0,25,29,15079,112393,0,0,0,0,0,74921,3,0
3,0,0,1,99,29,15080,112393,0,0,0,0,0,242374,3,0
0,0,0,0,49,0,15081,112883,0,0,0,0,0,184167,2,0
0,0,0,0,39,3,15082,112883,0,0,0,0,0,230762,2,0
0,0,0,0,4,4,15083,112883,0,0,0,0,0,198177,3,0
0,0,0,0,3,6,15084,112883,0,0,0,0,0,228624,3,0
0,0,0,0,5,7,15085,112883,0,0,0,0,0,234930,3,0
1,0,0,0,21,9,15086,112883,0,0,0,0,0,208260,3,0
0,0,0,0,12,11,15087,112883,0,0,0,0,0,234070,3,0
2,0,0,1,11,12,15088,112883,0,0,0,0,0,223979,3,0
10,0,0,1,9,16,15089,112883,0,0,0,0,0,246708,2,0
7,0,0,1,10,18,15090,112883,0,0,0,0,0,203980,3,0
13,1,0,1,7,25,15091,112883,0,0,0,0,0,185422,3,0
0,0,0,0,15,28,15092,112883,0,0,0,0,0,220422,2,0
0,0,0,0,13,28,15093,112883,0,0,0,0,0,208965,2,0
0,0,0,0,17,28,15094,112883,0,0,0,0,0,207716,2,0
0,0,0,0,28,28,15095,112883,0,0,0,0,0,226181,3,0
0,0,0,0,96,28,15096,112883,0,0,0,0,0,232673,3,0
0,0,0,0,80,28,15097,112883,0,0,0,0,0,70952,3,0
2,0,0,1,93,28,15098,112883,0,0,0,0,0,223629,3,0
0,0,0,0,33,28,15099,112883,0,0,0,0,0,235600,3,0
0,0,0,0,25,28,15100,112883,0,0,0,0,0,259176,3,0
0,0,0,0,24,28,15101,112883,0,0,0,0,0,76936,3,0
0,0,0,0,70,28,15102,112883,0,0,0,0,0,75759,3,0
0,0,0,0,19,28,15103,112883,0,0,0,0,0,270929,3,0
0,0,0,0,72,29,15104,112883,0,0,0,0,0,248340,3,0
0,0,0,0,73,29,15105,112883,0,0,0,0,0,251091,3,0
0,0,0,0,81,29,15106,112883,0,0,0,0,0,83161,3,0
0,0,0,0,82,29,15107,112883,0,0,0,0,0,83162,3,0
0,0,0,0,83,29,15108,112883,0,0,0,0,0,83417,3,0
0,0,0,0,82,0,15109,113037,0,0,0,0,0,205211,2,0
0,0,0,0,7,3,15110,113037,0,0,0,0,0,78950,4,0
1,0,0,1,4,4,15111,113037,0,0,0,0,0,221652,2,0
1,0,0,1,5,6,15112,113037,0,0,0,0,0,224189,2,0
0,0,0,0,12,7,15113,113037,0,0,0,0,0,261109,3,0
1,0,0,1,8,12,15114,113037,0,0,0,0,0,74514,3,0
5,0,0,1,20,13,15115,113037,0,0,0,0,0,212729,1,0
0,0,0,0,19,15,15116,113037,0,0,0,0,0,255380,2,0
1,0,0,1,11,16,15117,113037,0,0,0,0,0,264340,3,0
0,0,0,0,10,24,15118,113037,0,0,0,0,0,240503,3,0
6,0,0,1,9,26,15119,113037,0,0,0,0,0,224967,3,0
0,0,0,0,88,28,15120,113037,0,0,0,0,0,209281,3,0
0,0,0,0,18,28,15121,113037,0,0,0,0,0,80918,3,0
0,0,0,0,17,28,15122,113037,0,0,0,0,0,245510,3,0
0,0,0,0,23,28,15123,113037,0,0,0,0,0,269932,3,0
0,0,0,0,22,28,15124,113037,0,0,0,0,0,276776,3,0
0,0,0,0,32,28,15125,113037,0,0,0,0,0,78874,3,0
0,0,0,0,87,28,15126,113037,0,0,0,0,0,73425,3,0
0,0,0,0,33,28,15127,113037,0,0,0,0,0,81232,3,0
0,0,0,0,45,28,15128,113037,0,0,0,0,0,83165,3,0
0,0,0,0,16,28,15129,113037,0,0,0,0,0,276808,3,0
0,0,0,0,2,28,15130,113037,0,0,0,0,0,234988,3,0
0,0,0,0,14,28,15131,113037,0,0,0,0,0,77536,3,0
0,0,0,0,13,29,15132,113037,0,0,0,0,0,80287,3,0
0,0,0,0,15,29,15133,113037,0,0,0,0,0,269894,3,0
0,0,0,0,44,29,15134,113037,0,0,0,0,0,78217,3,0
0,0,0,0,76,29,15135,113037,0,0,0,0,0,245269,3,0
0,0,0,0,28,29,15136,113037,0,0,0,0,0,82368,3,0
0,0,0,0,48,29,15137,113037,0,0,0,0,0,71150,3,0
0,0,0,0,51,29,15138,113037,0,0,0,0,0,80535,3,0
0,0,0,0,49,29,15139,113037,0,0,0,0,0,78875,3,0
0,0,0,0,80,29,15140,113037,0,0,0,0,0,275549,2,0
0,0,0,0,98,29,15141,113037,0,0,0,0,0,264633,3,0
2,0,0,1,99,29,15142,113037,0,0,0,0,0,83303,2,0
0,0,0,0,60,29,15143,113037,0,0,0,0,0,83533,3,0
0,0,0,0,61,29,15144,113037,0,0,0,0,0,81584,3,0
0,0,0,0,50,29,15145,113037,0,0,0,0,0,78154,3,0
0,0,0,0,52,0,15146,113057,0,0,0,0,0,263976,5,0
0,0,0,0,22,3,15147,113057,0,0,0,0,0,239126,3,0
2,0,0,1,5,4,15148,113057,0,0,0,0,0,189881,2,0
1,0,0,0,17,6,15149,113057,0,0,0,0,0,233329,3,0
0,0,0,0,18,7,15150,113057,0,0,0,0,0,240328,3,0
2,0,0,1,30,10,15151,113057,0,0,0,0,0,239641,3,0
2,0,0,1,23,12,15152,113057,0,0,0,0,0,215616,3,0
1,0,0,0,8,13,15153,113057,0,0,0,0,0,206436,3,0
0,0,0,0,19,15,15154,113057,0,0,0,0,0,263249,3,0
6,0,0,1,10,16,15155,113057,0,0,0,0,0,244391,3,0
2,0,0,1,35,25,15156,113057,0,0,0,0,0,235513,3,0
0,0,0,0,9,28,15157,113057,0,0,0,0,0,255836,3,0
0,0,0,0,7,28,15158,113057,0,0,0,0,0,245377,3,0
0,0,0,0,11,28,15159,113057,0,0,0,0,0,237667,3,0
0,0,0,0,21,28,15160,113057,0,0,0,0,0,231821,3,0
0,0,0,0,1,28,15161,113057,0,0,0,0,0,277471,3,0
0,0,0,0,90,28,15162,113057,0,0,0,0,0,261357,3,0
0,0,0,0,77,28,15163,113057,0,0,0,0,0,79490,3,0
0,0,0,0,75,28,15164,113057,0,0,0,0,0,278131,3,0
0,0,0,0,70,28,15165,113057,0,0,0,0,0,277454,3,0
0,0,0,0,66,28,15166,113057,0,0,0,0,0,278132,3,0
0,0,0,0,14,28,15167,113057,0,0,0,0,0,259349,3,0
1,0,0,0,41,28,15168,113057,0,0,0,0,0,81660,3,0
0,0,0,0,2,29,15169,113057,0,0,0,0,0,243153,3,0
1,0,0,0,72,29,15170,113057,0,0,0,0,0,82925,2,0
0,0,0,0,47,29,15171,113057,0,0,0,0,0,279660,3,0
0,0,0,0,34,29,15172,113057,0,0,0,0,0,73595,3,0
0,0,0,0,31,29,15173,113057,0,0,0,0,0,78190,3,0
0,0,0,0,24,29,15174,113057,0,0,0,0,0,277201,3,0
0,0,0,0,94,0,15175,113060,0,0,0,0,0,227819,2,0
0,0,0,0,8,3,15176,113060,0,0,0,0,0,275557,3,0
4,0,0,1,4,4,15177,113060,0,0,0,0,0,235514,4,0
0,0,0,0,17,5,15178,113060,0,0,0,0,0,229173,2,0
1,0,0,1,22,6,15179,113060,0,0,0,0,0,204451,3,0
0,0,0,0,3,7,15180,113060,0,0,0,0,0,253001,3,0
1,0,0,1,13,12,15181,113060,0,0,0,0,0,231138,4,0
2,0,0,1,18,13,15182,113060,0,0,0,0,0,247093,3,0
0,0,0,0,88,15,15183,113060,0,0,0,0,0,237626,3,0
0,0,0,0,11,16,15184,113060,0,0,0,0,0,204850,3,0
0,0,0,0,14,25,15185,113060,0,0,0,0,0,251906,3,0
1,0,0,1,16,28,15186,113060,0,0,0,0,0,265483,3,0
1,0,0,1,12,28,15187,113060,0,0,0,0,0,275559,3,0
0,0,0,0,19,28,15188,113060,0,0,0,0,0,276780,3,0
0,0,0,0,98,28,15189,113060,0,0,0,0,0,245493,3,0
0,0,0,0,1,28,15190,113060,0,0,0,0,0,245435,3,0
0,0,0,0,10,28,15191,113060,0,0,0,0,0,275564,3,0
0,0,0,0,21,28,15192,113060,0,0,0,0,0,270490,3,0
0,0,0,0,15,28,15193,113060,0,0,0,0,0,267424,1,0
1,0,0,1,87,28,15194,113060,0,0,0,0,0,74103,3,0
0,0,0,0,77,28,15195,113060,0,0,0,0,0,74765,3,0
3,0,0,1,7,28,15196,113060,0,0,0,0,0,225206,4,0
0,0,0,0,55,28,15197,113060,0,0,0,0,0,75707,3,0
0,0,0,0,20,29,15198,113060,0,0,0,0,0,266833,3,0
0,0,0,0,26,29,15199,113060,0,0,0,0,0,240643,3,0
0,0,0,0,92,29,15200,113060,0,0,0,0,0,74437,3,0
0,0,0,0,99,29,15201,113060,0,0,0,0,0,83654,3,0
0,0,0,0,97,29,15202,113060,0,0,0,0,0,272830,2,0
0,0,0,0,1,0,15203,113217,0,0,0,0,0,258328,4,0
0,0,0,0,12,3,15204,113217,0,0,0,0,0,259128,5,0
2,0,0,1,15,4,15205,113217,0,0,0,0,0,80634,3,0
1,0,0,1,3,6,15206,113217,0,0,0,0,0,261737,5,0
0,0,0,0,20,7,15207,113217,0,0,0,0,0,272906,5,0
0,0,0,0,88,9,15208,113217,0,0,0,0,0,236689,3,0
0,0,0,0,26,11,15209,113217,0,0,0,0,0,229800,3,0
0,0,0,0,80,12,15210,113217,0,0,0,0,0,269684,3,0
0,0,0,0,10,16,15211,113217,0,0,0,0,0,245364,3,0
6,0,0,1,8,18,15212,113217,0,0,0,0,0,220609,5,0
0,0,0,0,11,25,15213,113217,0,0,0,0,0,233730,2,0
0,0,0,0,77,28,15214,113217,0,0,0,0,0,81236,3,0
0,0,0,0,23,28,15215,113217,0,0,0,0,0,74695,3,0
0,0,0,0,13,28,15216,113217,0,0,0,0,0,228627,5,0
0,0,0,0,4,28,15217,113217,0,0,0,0,0,254800,3,0
0,0,0,0,33,28,15218,113217,0,0,0,0,0,240531,3,0
0,0,0,0,6,28,15219,113217,0,0,0,0,0,235493,3,0
2,0,0,1,7,28,15220,113217,0,0,0,0,0,253207,4,0
0,0,0,0,22,28,15221,113217,0,0,0,0,0,81235,3,0
0,0,0,0,2,28,15222,113217,0,0,0,0,0,270072,5,0
0,0,0,0,90,28,15223,113217,0,0,0,0,0,260625,3,0
0,0,0,0,5,28,15224,113217,0,0,0,0,0,278749,3,0
0,0,0,0,47,28,15225,113217,0,0,0,0,0,81995,3,0
0,0,0,0,30,29,15226,113217,0,0,0,0,0,74658,3,0
0,0,0,0,76,29,15227,113217,0,0,0,0,0,75761,3,0
0,0,0,0,21,29,15228,113217,0,0,0,0,0,81292,3,0
0,0,0,0,99,29,15229,113217,0,0,0,0,0,83532,2,0
0,0,0,0,70,29,15230,113217,0,0,0,0,0,233735,3,0
0,0,0,0,71,29,15231,113217,0,0,0,0,0,71420,3,0
0,0,0,0,72,29,15232,113217,0,0,0,0,0,261872,3,0
0,0,0,0,14,0,15233,113222,0,0,0,0,0,219754,3,0
0,0,0,0,82,3,15234,113222,0,0,0,0,0,277495,3,0
1,0,0,0,34,4,15235,113222,0,0,0,0,0,245574,2,0
0,0,0,0,13,6,15236,113222,0,0,0,0,0,259378,3,0
1,0,0,0,27,7,15237,113222,0,0,0,0,0,277462,3,0
3,0,0,1,11,23,15238,113222,0,0,0,0,0,263893,3,0
0,0,0,0,5,13,15239,113222,0,0,0,0,0,271636,3,0
0,0,0,0,32,14,15240,113222,0,0,0,0,0,262412,3,0
0,0,0,0,80,15,15241,113222,0,0,0,0,0,77102,3,0
4,0,0,1,10,27,15242,113222,0,0,0,0,0,224394,3,0
4,0,0,1,9,25,15243,113222,0,0,0,0,0,223627,3,0
0,0,0,0,15,28,15244,113222,0,0,0,0,0,224959,3,0
2,0,0,1,19,28,15245,113222,0,0,0,0,0,246381,3,0
0,0,0,0,70,28,15246,113222,0,0,0,0,0,78996,3,0
0,0,0,0,2,28,15247,113222,0,0,0,0,0,72740,3,0
0,0,0,0,23,28,15248,113222,0,0,0,0,0,208987,3,0
0,0,0,0,88,28,15249,113222,0,0,0,0,0,78995,3,0
0,0,0,0,4,28,15250,113222,0,0,0,0,0,244769,2,0
1,0,0,0,17,28,15251,113222,0,0,0,0,0,81238,3,0
2,0,0,1,7,28,15252,113222,0,0,0,0,0,241954,3,0
1,0,0,0,24,28,15253,113222,0,0,0,0,0,81239,3,0
0,0,0,0,86,28,15254,113222,0,0,0,0,0,271873,3,0
0,0,0,0,12,28,15255,113222,0,0,0,0,0,262287,3,0
0,0,0,0,66,29,15256,113222,0,0,0,0,0,71344,3,0
0,0,0,0,85,29,15257,113222,0,0,0,0,0,225195,3,0
0,0,0,0,20,29,15258,113222,0,0,0,0,0,279480,3,0
0,0,0,0,81,29,15259,113222,0,0,0,0,0,78984,3,0
0,0,0,0,1,0,15260,115892,0,0,0,0,0,229501,3,0
0,0,0,0,24,3,15261,115892,0,0,0,0,0,263152,2,0
2,0,0,1,3,4,15262,115892,0,0,0,0,0,215651,2,0
0,0,0,0,6,6,15263,115892,0,0,0,0,0,263895,3,0
0,0,0,0,2,7,15264,115892,0,0,0,0,0,81875,3,0
0,0,0,0,83,10,15265,115892,0,0,0,0,0,276609,3,0
1,0,0,0,98,12,15266,115892,0,0,0,0,0,226295,3,0
3,0,0,1,23,13,15267,115892,0,0,0,0,0,278946,3,0
2,0,0,1,43,15,15268,115892,0,0,0,0,0,255109,2,0
4,0,0,1,14,16,15269,115892,0,0,0,0,0,74705,3,0
4,0,0,1,7,25,15270,115892,0,0,0,0,0,271673,3,0
0,0,0,0,8,28,15271,115892,0,0,0,0,0,245813,3,0
0,0,0,0,77,28,15272,115892,0,0,0,0,0,269433,3,0
0,0,0,0,19,28,15273,115892,0,0,0,0,0,274494,3,0
0,0,0,0,50,28,15274,115892,0,0,0,0,0,269697,3,0
0,0,0,0,87,28,15275,115892,0,0,0,0,0,231146,3,0
0,0,0,0,18,28,15276,115892,0,0,0,0,0,262554,3,0
0,0,0,0,44,28,15277,115892,0,0,0,0,0,81879,3,0
0,0,0,0,81,28,15278,115892,0,0,0,0,0,261636,3,0
0,0,0,0,82,28,15279,115892,0,0,0,0,0,83651,3,0
0,0,0,0,22,28,15280,115892,0,0,0,0,0,227688,3,0
0,0,0,0,63,28,15281,115892,0,0,0,0,0,80279,3,0
0,0,0,0,17,28,15282,115892,0,0,0,0,0,80338,3,0
0,0,0,0,62,29,15283,115892,0,0,0,0,0,78956,3,0
0,0,0,0,4,29,15284,115892,0,0,0,0,0,80402,4,0
0,0,0,0,12,29,15285,115892,0,0,0,0,0,263024,3,0
0,0,0,0,80,29,15286,115892,0,0,0,0,0,251294,3,0
0,0,0,0,84,29,15287,115892,0,0,0,0,0,71081,3,0
0,0,0,0,85,29,15288,115892,0,0,0,0,0,263403,3,0
0,0,0,0,31,0,15289,131735,0,0,0,0,0,246610,4,0
0,0,0,0,15,3,15290,131735,0,0,0,0,0,242558,3,0
0,0,0,0,23,4,15291,131735,0,0,0,0,0,220061,3,0
0,0,0,0,38,6,15292,131735,0,0,0,0,0,241538,5,0
0,0,0,0,7,7,15293,131735,0,0,0,0,0,72741,5,0
1,0,0,0,96,9,15294,131735,0,0,0,0,0,229011,3,0
0,0,0,0,8,11,15295,131735,0,0,0,0,0,251660,3,0
3,0,0,1,11,12,15296,131735,0,0,0,0,0,208974,3,0
2,0,0,1,70,16,15297,131735,0,0,0,0,0,72739,2,0
2,0,0,1,6,18,15298,131735,0,0,0,0,0,242749,4,0
10,0,0,1,18,25,15299,131735,0,0,0,0,0,261072,2,0
2,0,0,1,46,28,15300,131735,0,0,0,0,0,275571,4,0
0,0,0,0,74,28,15301,131735,0,0,0,0,0,263549,4,0
0,0,0,0,4,28,15302,131735,0,0,0,0,0,231179,3,0
0,0,0,0,12,28,15303,131735,0,0,0,0,0,74948,2,0
0,0,0,0,30,28,15304,131735,0,0,0,0,0,259364,3,0
0,0,0,0,99,28,15305,131735,0,0,0,0,0,77534,3,0
0,0,0,0,19,28,15306,131735,0,0,0,0,0,74949,3,0
1,0,0,0,39,28,15307,131735,0,0,0,0,0,232904,5,0
0,0,0,0,24,28,15308,131735,0,0,0,0,0,81872,3,0
0,0,0,0,48,28,15309,131735,0,0,0,0,0,76771,3,0
0,0,0,0,47,28,15310,131735,0,0,0,0,0,74057,3,0
3,0,0,1,9,28,15311,131735,0,0,0,0,0,234333,3,0
0,0,0,0,14,29,15312,131735,0,0,0,0,0,83124,3,0
0,0,0,0,27,29,15313,131735,0,0,0,0,0,83136,3,0
0,0,0,0,13,29,15314,131735,0,0,0,0,0,277460,3,0
0,0,0,0,71,29,15315,131735,0,0,0,0,0,264828,4,0
0,0,0,0,72,29,15316,131735,0,0,0,0,0,83474,3,0
0,0,0,0,73,29,15317,131735,0,0,0,0,0,83563,3,0
0,0,0,0,81,0,15318,131798,0,0,0,0,0,244316,2,0
1,0,0,1,2,3,15319,131798,0,0,0,0,0,221370,3,0
1,0,0,1,26,4,15320,131798,0,0,0,0,0,210648,3,0
2,0,0,1,44,6,15321,131798,0,0,0,0,0,273123,1,0
0,0,0,0,27,7,15322,131798,0,0,0,0,0,269683,3,0
0,0,0,0,24,12,15323,131798,0,0,0,0,0,270460,3,0
0,0,0,0,18,13,15324,131798,0,0,0,0,0,231801,3,0
1,0,0,1,72,15,15325,131798,0,0,0,0,0,278902,3,0
5,0,0,1,10,16,15326,131798,0,0,0,0,0,220621,3,0
7,0,0,1,91,24,15327,131798,0,0,0,0,0,193301,3,0
3,0,0,1,19,26,15328,131798,0,0,0,0,0,273604,2,0
0,0,0,0,8,28,15329,131798,0,0,0,0,0,208135,3,0
0,0,0,0,95,28,15330,131798,0,0,0,0,0,277488,3,0
1,0,0,1,15,28,15331,131798,0,0,0,0,0,264823,3,0
1,0,0,1,4,28,15332,131798,0,0,0,0,0,248482,3,0
0,0,0,0,88,28,15333,131798,0,0,0,0,0,74977,3,0
1,0,0,1,71,28,15334,131798,0,0,0,0,0,245438,3,0
0,0,0,0,93,28,15335,131798,0,0,0,0,0,241862,3,0
0,0,0,0,11,28,15336,131798,0,0,0,0,0,260703,3,0
0,0,0,0,7,28,15337,131798,0,0,0,0,0,191269,3,0
0,0,0,0,94,28,15338,131798,0,0,0,0,0,83167,3,0
0,0,0,0,25,28,15339,131798,0,0,0,0,0,256130,3,0
0,0,0,0,1,28,15340,131798,0,0,0,0,0,209166,3,0
0,0,0,0,48,29,15341,131798,0,0,0,0,0,82367,3,0
0,0,0,0,98,29,15342,131798,0,0,0,0,0,77389,3,0
0,0,0,0,97,29,15343,131798,0,0,0,0,0,267827,3,0
0,0,0,0,96,29,15344,131798,0,0,0,0,0,83166,3,0
0,0,0,0,99,29,15345,131798,0,0,0,0,0,238186,3,0
0,0,0,0,6,29,15346,131798,0,0,0,0,0,260414,3,0
0,0,0,0,22,0,15347,111393,0,0,0,0,0,204931,2,0
0,0,0,0,36,3,15348,111393,0,0,0,0,0,272708,3,0
0,0,0,0,3,4,15349,111393,0,0,0,0,0,216193,3,0
0,0,0,0,4,6,15350,111393,0,0,0,0,0,273526,3,0
2,0,0,1,7,7,15351,111393,0,0,0,0,0,220819,3,0
3,0,0,1,12,12,15352,111393,0,0,0,0,0,260630,3,0
2,0,0,1,55,13,15353,111393,0,0,0,0,0,266740,3,0
1,0,0,0,23,15,15354,111393,0,0,0,0,0,253447,3,0
3,0,0,1,11,16,15355,111393,0,0,0,0,0,209888,3,0
4,0,0,1,9,24,15356,111393,0,0,0,0,0,272571,2,0
0,0,0,0,87,26,15357,111393,0,0,0,0,0,197402,3,0
0,0,0,0,18,28,15358,111393,0,0,0,0,0,270120,3,0
0,0,0,0,10,28,15359,111393,0,0,0,0,0,198955,3,0
1,0,0,0,14,28,15360,111393,0,0,0,0,0,250895,2,0
0,0,0,0,62,28,15361,111393,0,0,0,0,0,71743,3,0
0,0,0,0,40,28,15362,111393,0,0,0,0,0,264068,3,0
2,0,0,1,44,28,15363,111393,0,0,0,0,0,75510,4,0
1,0,0,0,20,28,15364,111393,0,0,0,0,0,237705,3,0
0,0,0,0,17,28,15365,111393,0,0,0,0,0,240580,3,0
1,0,0,0,42,28,15366,111393,0,0,0,0,0,279186,3,0
0,0,0,0,74,28,15367,111393,0,0,0,0,0,77174,3,0
0,0,0,0,19,28,15368,111393,0,0,0,0,0,247889,3,0
0,0,0,0,71,28,15369,111393,0,0,0,0,0,81982,3,0
0,0,0,0,52,29,15370,111393,0,0,0,0,0,82097,2,0
1,0,0,0,65,29,15371,111393,0,0,0,0,0,82095,2,0
0,0,0,0,58,29,15372,111393,0,0,0,0,0,77175,3,0
0,0,0,0,21,29,15373,111393,0,0,0,0,0,82902,2,0
3,0,0,1,35,29,15374,111393,0,0,0,0,0,83207,3,0
0,0,0,0,78,29,15375,111393,0,0,0,0,0,81481,3,0
0,0,0,0,54,29,15376,111393,0,0,0,0,0,71742,3,0
0,0,0,0,79,29,15377,111393,0,0,0,0,0,81480,3,0
0,0,0,0,15,29,15378,111393,0,0,0,0,0,82096,3,0
0,0,0,0,13,29,15379,111393,0,0,0,0,0,74986,3,0
0,0,0,0,11,0,15380,111395,0,0,0,0,0,252699,3,0
1,0,0,1,3,4,15381,111395,0,0,0,0,0,80564,2,0
0,0,0,0,15,5,15382,111395,0,0,0,0,0,262722,3,0
0,0,0,0,6,6,15383,111395,0,0,0,0,0,76990,2,0
0,0,0,0,2,12,15384,111395,0,0,0,0,0,268712,1,0
2,0,0,1,26,13,15385,111395,0,0,0,0,0,180903,3,0
3,0,0,1,8,15,15386,111395,0,0,0,0,0,266629,2,0
0,0,0,0,23,16,15387,111395,0,0,0,0,0,231131,2,0
0,0,0,0,13,17,15388,111395,0,0,0,0,0,264721,3,0
0,0,0,0,10,19,15389,111395,0,0,0,0,0,258339,2,0
1,0,0,1,19,25,15390,111395,0,0,0,0,0,259476,2,0
0,0,0,0,14,28,15391,111395,0,0,0,0,0,231582,3,0
3,0,0,1,9,28,15392,111395,0,0,0,0,0,216795,1,0
0,0,0,0,18,28,15393,111395,0,0,0,0,0,75140,3,0
0,0,0,0,77,28,15394,111395,0,0,0,0,0,79184,3,0
0,0,0,0,1,28,15395,111395,0,0,0,0,0,181468,1,0
0,0,0,0,4,28,15396,111395,0,0,0,0,0,225051,3,0
1,0,0,1,16,28,15397,111395,0,0,0,0,0,81581,3,0
3,0,0,1,17,28,15398,111395,0,0,0,0,0,279501,2,0
0,0,0,0,44,28,15399,111395,0,0,0,0,0,70805,3,0
0,0,0,0,21,28,15400,111395,0,0,0,0,0,240632,3,0
0,0,0,0,30,28,15401,111395,0,0,0,0,0,278158,2,0
0,0,0,0,31,28,15402,111395,0,0,0,0,0,81886,2,0
0,0,0,0,22,29,15403,111395,0,0,0,0,0,276840,3,0
0,0,0,0,27,29,15404,111395,0,0,0,0,0,203309,3,0
0,0,0,0,20,29,15405,111395,0,0,0,0,0,75451,3,0
0,0,0,0,30,0,15406,111396,0,0,0,0,0,183244,5,0
0,0,0,0,15,3,15407,111396,0,0,0,0,0,213094,5,0
0,0,0,0,2,4,15408,111396,0,0,0,0,0,211793,5,0
0,0,0,0,3,6,15409,111396,0,0,0,0,0,277522,2,0
2,0,0,1,5,7,15410,111396,0,0,0,0,0,257490,5,0
1,0,0,0,26,10,15411,111396,0,0,0,0,0,268416,3,0
2,0,0,1,37,12,15412,111396,0,0,0,0,0,70063,3,0
3,0,0,1,8,13,15413,111396,0,0,0,0,0,247336,5,0
0,0,0,0,16,15,15414,111396,0,0,0,0,0,265581,3,0
2,0,0,1,10,16,15415,111396,0,0,0,0,0,275267,5,0
4,0,0,1,11,25,15416,111396,0,0,0,0,0,75040,3,0
1,0,0,0,14,28,15417,111396,0,0,0,0,0,274690,3,0
0,0,0,0,17,28,15418,111396,0,0,0,0,0,83525,3,0
0,0,0,0,7,28,15419,111396,0,0,0,0,0,238170,3,0
0,0,0,0,24,28,15420,111396,0,0,0,0,0,272355,3,0
0,0,0,0,40,28,15421,111396,0,0,0,0,0,277571,3,0
2,0,0,1,23,28,15422,111396,0,0,0,0,0,278882,3,0
0,0,0,0,6,28,15423,111396,0,0,0,0,0,73096,3,0
0,0,0,0,20,28,15424,111396,0,0,0,0,0,75513,3,0
0,0,0,0,22,28,15425,111396,0,0,0,0,0,74615,3,0
1,0,0,0,72,28,15426,111396,0,0,0,0,0,273841,5,0
0,0,0,0,48,28,15427,111396,0,0,0,0,0,268605,5,0
0,0,0,0,50,28,15428,111396,0,0,0,0,0,74266,3,0
0,0,0,0,42,29,15429,111396,0,0,0,0,0,82957,3,0
0,0,0,0,47,29,15430,111396,0,0,0,0,0,83527,3,0
0,0,0,0,18,29,15431,111396,0,0,0,0,0,270121,3,0
0,0,0,0,41,29,15432,111396,0,0,0,0,0,81887,3,0
0,0,0,0,39,29,15433,111396,0,0,0,0,0,82974,3,0
0,0,0,0,43,29,15434,111396,0,0,0,0,0,83595,3,0
0,0,0,0,4,29,15435,111396,0,0,0,0,0,199000,3,0
0,0,0,0,25,0,15436,111397,0,0,0,0,0,210368,3,0
0,0,0,0,16,3,15437,111397,0,0,0,0,0,276622,3,0
0,0,0,0,2,4,15438,111397,0,0,0,0,0,197831,2,0
0,0,0,0,15,6,15439,111397,0,0,0,0,0,274928,2,0
0,0,0,0,3,7,15440,111397,0,0,0,0,0,193177,3,0
1,0,0,1,27,9,15441,111397,0,0,0,0,0,242240,4,0
0,0,0,0,8,11,15442,111397,0,0,0,0,0,275134,3,0
4,0,0,1,11,12,15443,111397,0,0,0,0,0,75391,2,0
4,0,0,1,23,16,15444,111397,0,0,0,0,0,261244,3,0
1,0,0,1,64,18,15445,111397,0,0,0,0,0,178088,4,0
5,0,0,1,9,25,15446,111397,0,0,0,0,0,222540,2,0
1,0,0,1,10,28,15447,111397,0,0,0,0,0,236890,2,0
1,0,0,1,17,28,15448,111397,0,0,0,0,0,262039,2,0
0,0,0,0,21,28,15449,111397,0,0,0,0,0,193143,3,0
1,0,0,1,4,28,15450,111397,0,0,0,0,0,228210,2,0
0,0,0,0,30,28,15451,111397,0,0,0,0,0,73152,3,0
2,0,0,1,14,28,15452,111397,0,0,0,0,0,278156,2,0
0,0,0,0,22,28,15453,111397,0,0,0,0,0,260533,4,0
0,0,0,0,19,28,15454,111397,0,0,0,0,0,277473,3,0
0,0,0,0,34,28,15455,111397,0,0,0,0,0,81890,3,0
0,0,0,0,40,28,15456,111397,0,0,0,0,0,270122,1,0
0,0,0,0,7,28,15457,111397,0,0,0,0,0,252974,3,0
0,0,0,0,5,28,15458,111397,0,0,0,0,0,199218,3,0
0,0,0,0,28,29,15459,111397,0,0,0,0,0,77178,3,0
0,0,0,0,18,29,15460,111397,0,0,0,0,0,276627,3,0
0,0,0,0,24,29,15461,111397,0,0,0,0,0,82102,3,0
0,0,0,0,44,29,15462,111397,0,0,0,0,0,83118,3,0
0,0,0,0,1,0,15463,111398,0,0,0,0,0,239019,2,0
0,0,0,0,22,3,15464,111398,0,0,0,0,0,274005,3,0
1,0,0,0,5,4,15465,111398,0,0,0,0,0,198624,3,0
0,0,0,0,33,6,15466,111398,0,0,0,0,0,260617,2,0
0,0,0,0,23,7,15467,111398,0,0,0,0,0,247836,3,0
0,0,0,0,17,10,15468,111398,0,0,0,0,0,242108,3,0
4,0,0,1,7,12,15469,111398,0,0,0,0,0,263982,5,0
0,0,0,0,14,13,15470,111398,0,0,0,0,0,225757,4,0
3,0,0,0,8,15,15471,111398,0,0,0,0,0,276249,5,0
4,0,0,1,13,16,15472,111398,0,0,0,0,0,277549,4,0
7,1,0,1,9,25,15473,111398,0,0,0,1,0,259726,4,0
4,0,0,1,43,28,15474,111398,0,0,0,0,0,81415,3,0
0,0,0,0,18,28,15475,111398,0,0,0,0,0,232861,2,0
0,0,0,0,39,28,15476,111398,0,0,0,0,0,259767,3,0
0,0,0,0,42,28,15477,111398,0,0,0,0,0,81418,3,0
0,0,0,0,21,28,15478,111398,0,0,0,0,0,245425,3,0
1,0,0,0,25,28,15479,111398,0,0,0,0,0,72913,3,0
0,0,0,0,24,28,15480,111398,0,0,0,0,0,73099,3,0
4,0,0,1,19,28,15481,111398,0,0,0,0,0,264063,3,0
3,0,0,0,28,28,15482,111398,0,0,0,0,0,74614,3,0
3,0,0,0,11,28,15483,111398,0,0,0,0,0,75033,3,0
0,0,0,0,41,28,15484,111398,0,0,0,0,0,74253,3,0
0,0,0,0,45,28,15485,111398,0,0,0,0,0,76167,3,0
0,0,0,0,34,29,15486,111398,0,0,0,0,0,82103,3,0
0,0,0,0,44,29,15487,111398,0,0,0,0,0,73100,3,0
0,0,0,0,40,29,15488,111398,0,0,0,0,0,78073,3,0
0,0,0,0,20,29,15489,111398,0,0,0,0,0,76682,3,0
0,0,0,0,38,29,15490,111398,0,0,0,0,0,212803,3,0
0,0,0,0,29,0,15491,111399,0,0,0,0,0,242086,2,0
1,0,0,1,2,3,15492,111399,0,0,0,0,0,70955,3,0
0,0,0,0,45,4,15493,111399,0,0,0,0,0,217439,3,0
0,0,0,0,4,6,15494,111399,0,0,0,0,0,203264,4,0
0,0,0,0,3,7,15495,111399,0,0,0,0,0,253153,3,0
1,0,0,1,20,12,15496,111399,0,0,0,0,0,260536,4,0
0,0,0,0,39,13,15497,111399,0,0,0,0,0,82866,2,0
0,0,0,0,27,15,15498,111399,0,0,0,0,0,73110,3,0
3,0,0,1,7,16,15499,111399,0,0,0,0,0,263786,3,0
3,0,0,1,22,24,15500,111399,0,0,0,0,0,202676,3,0
5,0,0,1,34,26,15501,111399,0,0,0,0,0,211513,3,0
0,0,0,0,11,28,15502,111399,0,0,0,0,0,238360,3,0
0,0,0,0,6,28,15503,111399,0,0,0,0,0,209359,3,0
0,0,0,0,19,28,15504,111399,0,0,0,0,0,202678,3,0
0,0,0,0,24,28,15505,111399,0,0,0,0,0,70515,3,0
0,0,0,0,13,28,15506,111399,0,0,0,0,0,260538,3,0
0,0,0,0,8,28,15507,111399,0,0,0,0,0,242056,3,0
1,0,0,1,25,28,15508,111399,0,0,0,0,0,78393,3,0
3,0,0,1,9,28,15509,111399,0,0,0,0,0,272323,5,0
0,0,0,0,67,28,15510,111399,0,0,0,0,0,257716,3,0
0,0,0,0,10,28,15511,111399,0,0,0,0,0,232250,3,0
0,0,0,0,31,28,15512,111399,0,0,0,0,0,70799,3,0
0,0,0,0,15,28,15513,111399,0,0,0,0,0,70518,3,0
0,0,0,0,17,29,15514,111399,0,0,0,0,0,275871,3,0
0,0,0,0,18,29,15515,111399,0,0,0,0,0,263899,3,0
0,0,0,0,16,29,15516,111399,0,0,0,0,0,253753,3,0
0,0,0,0,12,29,15517,111399,0,0,0,0,0,257348,3,0
0,0,0,0,5,29,15518,111399,0,0,0,0,0,82349,3,0
0,0,0,0,28,29,15519,111399,0,0,0,0,0,277438,3,0
0,0,0,0,40,29,15520,111399,0,0,0,0,0,81892,3,0
0,0,0,0,30,29,15521,111399,0,0,0,0,0,81832,3,0
0,0,0,0,35,29,15522,111399,0,0,0,0,0,79766,3,0
0,0,0,0,1,29,15523,111399,0,0,0,0,0,188278,3,0
0,0,0,0,12,0,15524,111400,0,0,0,0,0,262434,2,0
0,0,0,0,23,3,15525,111400,0,0,0,0,0,192241,2,0
2,0,0,1,32,4,15526,111400,0,0,0,0,0,216247,4,0
1,0,0,0,5,6,15527,111400,0,0,0,0,0,209210,3,0
0,0,0,0,17,7,15528,111400,0,0,0,0,0,211785,2,0
4,0,0,1,10,12,15529,111400,0,0,0,0,0,221587,3,0
0,0,0,0,36,13,15530,111400,0,0,0,0,0,272461,3,0
0,0,0,0,24,15,15531,111400,0,0,0,0,0,80236,4,0
4,0,0,1,35,16,15532,111400,0,0,0,0,0,252468,3,0
4,0,0,1,9,24,15533,111400,0,0,0,0,0,246949,4,0
1,0,0,0,7,26,15534,111400,0,0,0,0,0,267794,4,0
3,0,0,1,13,28,15535,111400,0,0,0,0,0,259629,2,0
2,0,0,1,20,28,15536,111400,0,0,0,0,0,71482,5,0
0,0,0,0,16,28,15537,111400,0,0,0,0,0,246005,2,0
0,0,0,0,41,28,15538,111400,0,0,0,0,0,264070,3,0
0,0,0,0,1,28,15539,111400,0,0,0,0,0,276187,3,0
0,0,0,0,6,28,15540,111400,0,0,0,0,0,266148,5,0
1,0,0,0,11,28,15541,111400,0,0,0,0,0,72008,3,0
0,0,0,0,4,28,15542,111400,0,0,0,0,0,252698,3,0
0,0,0,0,8,28,15543,111400,0,0,0,0,0,278224,3,0
0,0,0,0,33,28,15544,111400,0,0,0,0,0,71987,3,0
0,0,0,0,27,28,15545,111400,0,0,0,0,0,72164,3,0
0,0,0,0,21,28,15546,111400,0,0,0,0,0,276656,3,0
0,0,0,0,34,29,15547,111400,0,0,0,0,0,81484,3,0
0,0,0,0,26,29,15548,111400,0,0,0,0,0,81482,3,0
0,0,0,0,22,29,15549,111400,0,0,0,0,0,77553,3,0
0,0,0,0,29,29,15550,111400,0,0,0,0,0,279478,3,0
0,0,0,0,19,29,15551,111400,0,0,0,0,0,276462,3,0
0,0,0,0,40,0,15552,111766,0,0,0,0,0,78394,3,0
0,0,0,0,28,4,15553,111766,0,0,0,0,0,220886,2,0
1,0,0,0,4,5,15554,111766,0,0,0,0,0,227847,2,0
2,0,0,1,15,6,15555,111766,0,0,0,0,0,274055,3,0
2,0,0,1,14,10,15556,111766,0,0,0,0,0,219392,3,0
0,0,0,0,6,12,15557,111766,0,0,0,0,0,209361,3,0
2,0,0,1,20,13,15558,111766,0,0,0,0,0,240650,3,0
2,0,0,1,25,15,15559,111766,0,0,0,0,0,221425,4,0
4,0,0,1,11,16,15560,111766,0,0,0,0,0,248227,4,0
7,1,0,1,7,24,15561,111766,0,0,0,1,0,79711,5,0
2,0,0,1,3,26,15562,111766,0,0,0,0,0,75112,2,0
0,0,0,0,29,28,15563,111766,0,0,0,0,0,76117,3,0
1,0,0,0,8,28,15564,111766,0,0,0,0,0,213281,3,0
0,0,0,0,37,28,15565,111766,0,0,0,0,0,81981,3,0
0,0,0,0,18,28,15566,111766,0,0,0,0,0,276461,3,0
0,0,0,0,30,28,15567,111766,0,0,0,0,0,279014,2,0
0,0,0,0,23,28,15568,111766,0,0,0,0,0,278249,3,0
0,0,0,0,24,28,15569,111766,0,0,0,0,0,76613,3,0
0,0,0,0,17,28,15570,111766,0,0,0,0,0,70066,3,0
0,0,0,0,5,28,15571,111766,0,0,0,0,0,277324,3,0
0,0,0,0,31,28,15572,111766,0,0,0,0,0,82905,3,0
0,0,0,0,12,28,15573,111766,0,0,0,0,0,81520,3,0
0,0,0,0,27,28,15574,111766,0,0,0,0,0,279201,2,0
0,0,0,0,39,29,15575,111766,0,0,0,0,0,75459,3,0
0,0,0,0,41,29,15576,111766,0,0,0,0,0,75456,3,0
0,0,0,0,1,29,15577,111766,0,0,0,0,0,252477,3,0
0,0,0,0,10,29,15578,111766,0,0,0,0,0,236342,2,0
1,0,0,0,16,29,15579,111766,0,0,0,0,0,261456,2,0
0,0,0,0,1,0,15580,112224,0,0,0,0,0,267599,2,0
0,0,0,0,13,3,15581,112224,0,0,0,0,0,241861,3,0
0,0,0,0,22,4,15582,112224,0,0,0,0,0,228416,2,0
0,0,0,0,26,6,15583,112224,0,0,0,0,0,189155,3,0
1,0,0,1,16,7,15584,112224,0,0,0,0,0,202157,3,0
0,0,0,0,8,9,15585,112224,0,0,0,0,0,246007,4,0
1,0,0,1,19,11,15586,112224,0,0,0,0,0,276057,1,0
1,0,0,1,10,12,15587,112224,0,0,0,0,0,232963,2,0
0,0,0,0,21,16,15588,112224,0,0,0,0,0,264065,1,0
0,0,0,0,30,18,15589,112224,0,0,0,0,0,210484,3,0
6,1,0,1,17,25,15590,112224,0,0,0,0,0,262557,1,0
2,0,0,1,44,28,15591,112224,0,0,0,0,0,273530,4,0
3,0,0,1,35,28,15592,112224,0,0,0,0,0,73661,3,0
0,0,0,0,45,28,15593,112224,0,0,0,0,0,81766,3,0
1,0,0,1,37,28,15594,112224,0,0,0,0,0,74982,3,0
0,0,0,0,40,28,15595,112224,0,0,0,0,0,264057,3,0
0,0,0,0,46,28,15596,112224,0,0,0,0,0,279198,2,0
0,0,0,0,43,28,15597,112224,0,0,0,0,0,241970,3,0
0,0,0,0,41,28,15598,112224,0,0,0,0,0,74983,3,0
0,0,0,0,42,28,15599,112224,0,0,0,0,0,234867,3,0
0,0,0,0,38,28,15600,112224,0,0,0,0,0,81889,3,0
0,0,0,0,36,28,15601,112224,0,0,0,0,0,70513,2,0
0,0,0,0,4,28,15602,112224,0,0,0,0,0,79566,3,0
0,0,0,0,34,29,15603,112224,0,0,0,0,0,73428,3,0
0,0,0,0,60,29,15604,112224,0,0,0,0,0,82101,3,0
0,0,0,0,7,29,15605,112224,0,0,0,0,0,195033,3,0
1,0,0,1,15,29,15606,112224,0,0,0,0,0,212075,3,0
0,0,0,0,39,29,15607,112224,0,0,0,0,0,274526,3,0
0,0,0,0,11,29,15608,112224,0,0,0,0,0,198731,3,0
2,0,0,1,47,29,15609,112224,0,0,0,0,0,75454,3,0
0,0,0,0,20,0,15610,112427,0,0,0,0,0,203423,1,0
0,0,0,0,31,3,15611,112427,0,0,0,0,0,272737,1,0
0,0,0,0,19,4,15612,112427,0,0,0,0,0,231678,3,0
1,0,0,1,22,6,15613,112427,0,0,0,0,0,277524,1,0
0,0,0,0,3,7,15614,112427,0,0,0,0,0,224297,1,0
4,0,0,1,9,12,15615,112427,0,0,0,0,0,182091,2,0
0,0,0,0,25,13,15616,112427,0,0,0,0,0,203308,3,0
0,0,0,0,32,15,15617,112427,0,0,0,0,0,242154,2,0
2,0,0,1,7,16,15618,112427,0,0,0,0,0,207807,2,0
1,0,0,1,26,24,15619,112427,0,0,0,0,0,220708,2,0
1,0,0,1,23,26,15620,112427,0,0,0,0,0,239458,2,0
0,0,0,0,11,28,15621,112427,0,0,0,0,0,190644,2,0
1,0,0,1,45,28,15622,112427,0,0,0,0,0,256392,3,0
0,0,0,0,37,28,15623,112427,0,0,0,0,0,77387,3,0
0,0,0,0,5,28,15624,112427,0,0,0,0,0,278838,3,0
0,0,0,0,30,28,15625,112427,0,0,0,0,0,231172,3,0
0,0,0,0,8,28,15626,112427,0,0,0,0,0,232162,3,0
0,0,0,0,24,28,15627,112427,0,0,0,0,0,71563,3,0
0,0,0,0,17,28,15628,112427,0,0,0,0,0,256324,3,0
0,0,0,0,38,28,15629,112427,0,0,0,0,0,82895,3,0
1,0,0,1,39,28,15630,112427,0,0,0,0,0,81842,3,0
0,0,0,0,14,28,15631,112427,0,0,0,0,0,259655,1,0
0,0,0,0,41,28,15632,112427,0,0,0,0,0,74756,3,0
0,0,0,0,34,29,15633,112427,0,0,0,0,0,81486,3,0
0,0,0,0,40,29,15634,112427,0,0,0,0,0,74757,3,0
0,0,0,0,36,29,15635,112427,0,0,0,0,0,81487,3,0
1,0,0,1,21,29,15636,112427,0,0,0,0,0,70177,3,0
0,0,0,0,12,0,15637,114604,0,0,0,0,0,193302,2,0
0,0,0,0,25,3,15638,114604,0,0,0,0,0,260004,4,0
1,0,0,1,6,4,15639,114604,0,0,0,0,0,231634,3,0
0,0,0,0,3,6,15640,114604,0,0,0,0,0,179789,3,0
0,0,0,0,18,7,15641,114604,0,0,0,0,0,242057,3,0
1,0,0,1,22,9,15642,114604,0,0,0,0,0,225053,4,0
1,0,0,1,26,11,15643,114604,0,0,0,0,0,199159,3,0
3,0,0,1,8,12,15644,114604,0,0,0,0,0,71161,4,0
0,0,0,0,19,16,15645,114604,0,0,0,0,0,278233,3,0
1,0,0,1,10,18,15646,114604,0,0,0,0,0,209886,5,0
6,1,0,1,28,25,15647,114604,0,0,0,0,0,237375,3,0
1,0,0,1,9,28,15648,114604,0,0,0,0,0,228171,4,0
2,0,0,1,13,28,15649,114604,0,0,0,0,0,239626,3,0
0,0,0,0,7,28,15650,114604,0,0,0,0,0,80010,3,0
0,0,0,0,5,28,15651,114604,0,0,0,0,0,192250,3,0
0,0,0,0,1,28,15652,114604,0,0,0,0,0,276845,3,0
1,0,0,1,11,28,15653,114604,0,0,0,0,0,264072,3,0
0,0,0,0,17,28,15654,114604,0,0,0,0,0,73659,3,0
0,0,0,0,14,28,15655,114604,0,0,0,0,0,253752,3,0
1,0,0,1,33,28,15656,114604,0,0,0,0,0,199266,3,0
0,0,0,0,23,28,15657,114604,0,0,0,0,0,73658,3,0
3,0,0,1,24,28,15658,114604,0,0,0,0,0,74787,3,0
0,0,0,0,32,28,15659,114604,0,0,0,0,0,81888,3,0
0,0,0,0,29,29,15660,114604,0,0,0,0,0,81983,3,0
0,0,0,0,27,29,15661,114604,0,0,0,0,0,73940,3,0
0,0,0,0,31,29,15662,114604,0,0,0,0,0,82100,3,0
1,0,0,1,15,29,15663,114604,0,0,0,0,0,209885,3,0
0,0,0,0,1,0,15664,131739,0,0,0,0,0,235860,3,0
0,0,0,0,2,3,15665,131739,0,0,0,0,0,208520,3,0
0,0,0,0,23,4,15666,131739,0,0,0,0,0,259723,2,0
0,0,0,0,4,6,15667,131739,0,0,0,0,0,254143,3,0
1,0,0,1,15,7,15668,131739,0,0,0,0,0,237268,1,0
6,1,0,1,77,12,15669,131739,0,0,0,0,0,240096,3,0
0,0,0,0,8,13,15670,131739,0,0,0,0,0,210826,3,0
2,0,0,1,6,15,15671,131739,0,0,0,0,0,237333,3,0
6,1,0,1,21,16,15672,131739,0,0,0,0,0,73092,5,0
6,1,0,1,9,24,15673,131739,0,0,0,0,0,227040,2,0
1,0,0,1,10,26,15674,131739,0,0,0,0,0,243966,3,0
0,0,0,0,22,28,15675,131739,0,0,0,0,0,240262,3,0
0,0,0,0,7,28,15676,131739,0,0,0,0,0,208543,3,0
0,0,0,0,14,28,15677,131739,0,0,0,0,0,73102,3,0
0,0,0,0,17,28,15678,131739,0,0,0,0,0,246195,3,0
0,0,0,0,20,28,15679,131739,0,0,0,0,0,225993,2,0
0,0,0,0,35,28,15680,131739,0,0,0,0,0,73106,3,0
0,0,0,0,11,28,15681,131739,0,0,0,0,0,274006,3,0
0,0,0,0,3,28,15682,131739,0,0,0,0,0,272324,2,0
0,0,0,0,19,28,15683,131739,0,0,0,0,0,73105,3,0
0,0,0,0,27,28,15684,131739,0,0,0,0,0,231065,3,0
0,0,0,0,18,28,15685,131739,0,0,0,0,0,73103,3,0
0,0,0,0,30,28,15686,131739,0,0,0,0,0,73937,3,0
0,0,0,0,16,29,15687,131739,0,0,0,0,0,73104,3,0
0,0,0,0,12,0,15688,1013,0,0,0,0,0,75260,3,0
0,0,0,0,32,3,15689,1013,0,0,0,0,0,265822,3,0
0,0,0,0,4,4,15690,1013,0,0,0,0,0,233814,3,0
1,0,0,1,23,6,15691,1013,0,0,0,0,0,268621,3,0
1,0,0,1,37,7,15692,1013,0,0,0,0,0,74784,3,0
2,0,0,1,24,9,15693,1013,1,0,0,0,1,227900,3,0
0,0,0,0,5,11,15694,1013,0,0,0,0,0,78081,3,0
0,0,0,0,7,12,15695,1013,0,0,0,0,0,219525,3,0
0,0,0,0,11,16,15696,1013,0,0,0,0,0,70703,3,0
1,0,0,1,10,18,15697,1013,0,0,0,0,0,80114,3,0
5,0,0,1,9,25,15698,1013,0,0,0,0,1,251030,3,0
0,0,0,0,28,28,15699,1013,0,0,0,0,0,237994,3,0
0,0,0,0,44,28,15700,1013,0,0,0,0,0,269500,3,0
0,0,0,0,21,28,15701,1013,0,0,0,0,0,269501,3,0
0,0,0,0,36,28,15702,1013,0,0,0,0,0,71815,3,0
0,0,0,0,20,28,15703,1013,0,0,0,0,0,227477,3,0
0,0,0,0,14,28,15704,1013,0,0,0,0,0,75653,3,0
0,0,0,0,13,28,15705,1013,0,0,0,0,0,77024,3,0
0,0,0,0,34,28,15706,1013,0,0,0,0,0,75309,3,0
0,0,0,0,3,28,15707,1013,0,0,0,0,0,77863,3,0
1,0,0,1,18,28,15708,1013,0,0,0,0,0,229842,3,0
0,0,0,0,8,28,15709,1013,0,0,0,0,0,245249,3,0
1,0,0,1,22,28,15710,1013,0,0,0,0,0,77025,3,0
0,0,0,0,25,29,15711,1013,0,0,0,0,0,225282,3,0
0,0,0,0,1,29,15712,1013,0,0,0,0,0,71462,3,0
0,0,0,0,42,29,15713,1013,0,0,0,0,0,83366,3,0
0,0,0,0,51,29,15714,1013,0,0,0,0,0,245059,3,0
0,0,0,0,30,29,15715,1013,0,0,0,0,0,279196,3,0
0,0,0,0,41,29,15716,1013,0,0,0,0,0,77026,3,0
0,0,0,0,45,29,15717,1013,0,0,0,0,0,257380,3,0
0,0,0,0,26,29,15718,1013,0,0,0,0,0,278439,3,0
0,0,0,0,43,29,15719,1013,0,0,0,0,0,266808,3,0
0,0,0,0,17,29,15720,1013,0,0,0,0,0,274081,3,0
0,0,0,0,1,0,15721,1876,0,0,0,0,0,214584,3,0
2,0,0,1,29,3,15722,1876,0,0,0,0,0,231340,3,0
0,0,0,0,28,4,15723,1876,0,0,0,0,0,228708,3,0
0,0,0,0,13,6,15724,1876,0,0,0,0,0,72745,3,0
0,0,0,0,21,7,15725,1876,0,0,0,0,0,224334,3,0
0,0,0,0,6,10,15726,1876,0,0,0,0,0,245055,3,0
0,0,0,0,15,13,15727,1876,0,0,0,0,0,242249,3,0
2,0,0,1,26,15,15728,1876,0,0,0,0,0,262240,3,0
0,0,0,0,10,18,15729,1876,0,0,0,0,0,210513,3,0
2,0,0,1,9,24,15730,1876,0,0,0,0,0,221125,3,0
2,0,0,1,11,26,15731,1876,0,0,0,0,0,245461,3,0
2,0,0,1,7,28,15732,1876,0,0,0,0,0,244205,3,0
0,0,0,0,17,28,15733,1876,0,0,0,0,0,214436,3,0
0,0,0,0,16,28,15734,1876,0,0,0,0,0,236441,3,0
0,0,0,0,5,28,15735,1876,0,0,0,0,0,259788,3,0
0,0,0,0,33,28,15736,1876,0,0,0,0,0,246236,3,0
3,0,0,1,39,28,15737,1876,0,0,0,0,0,74835,3,0
0,0,0,0,48,28,15738,1876,0,0,0,0,0,253290,3,0
0,0,0,0,22,28,15739,1876,0,0,0,0,0,272951,3,0
0,0,0,0,18,28,15740,1876,0,0,0,0,0,274559,3,0
0,0,0,0,47,28,15741,1876,0,0,0,0,0,79821,3,0
0,0,0,0,23,28,15742,1876,0,0,0,0,0,278020,3,0
0,0,0,0,38,28,15743,1876,0,0,0,0,0,279934,3,0
0,0,0,0,20,29,15744,1876,0,0,0,0,0,193601,3,0
0,0,0,0,37,29,15745,1876,0,0,0,0,0,81615,3,0
1,0,0,0,8,29,15746,1876,0,0,0,0,0,216700,3,0
5,0,0,1,34,29,15747,1876,0,0,0,0,0,245138,3,0
0,0,0,0,30,29,15748,1876,0,0,0,0,0,81813,3,0
0,0,0,0,36,29,15749,1876,0,0,0,0,0,279166,3,0
0,0,0,0,44,29,15750,1876,0,0,0,0,0,82264,3,0
0,0,0,0,35,29,15751,1876,0,0,0,0,0,77727,3,0
0,0,0,0,46,29,15752,1876,0,0,0,0,0,77151,3,0
0,0,0,0,41,29,15753,1876,0,0,0,0,0,279168,3,0
0,0,0,0,40,29,15754,1876,0,0,0,0,0,81620,3,0
0,0,0,0,45,29,15755,1876,0,0,0,0,0,279174,3,0
0,0,0,0,32,29,15756,1876,0,0,0,0,0,279165,3,0
0,0,0,0,1,0,15757,1877,0,0,0,0,0,201095,3,0
0,0,0,0,24,3,15758,1877,0,0,0,0,0,247368,3,0
2,0,0,1,40,4,15759,1877,0,0,0,0,0,272723,3,0
2,0,0,1,32,6,15760,1877,1,0,0,0,1,261097,3,0
1,0,0,0,23,7,15761,1877,0,0,0,0,0,257185,3,0
0,0,0,0,8,12,15762,1877,0,0,0,0,0,242971,3,0
0,0,0,0,25,13,15763,1877,0,0,0,0,0,232244,3,0
1,0,0,0,5,15,15764,1877,0,0,0,0,0,207439,3,0
4,0,0,1,7,16,15765,1877,0,0,0,0,2,260601,3,0
5,0,0,1,9,24,15766,1877,0,0,0,0,0,261161,3,0
5,0,0,1,16,26,15767,1877,0,0,0,0,2,240663,3,0
2,0,0,1,10,28,15768,1877,1,0,0,0,1,179813,3,0
0,0,0,0,11,28,15769,1877,0,0,0,0,0,215202,3,0
0,0,0,0,21,28,15770,1877,0,0,0,0,0,191740,3,0
0,0,0,0,43,28,15771,1877,0,0,0,0,0,72006,3,0
0,0,0,0,12,28,15772,1877,0,0,0,0,0,268619,3,0
0,0,0,0,27,28,15773,1877,0,0,0,0,0,258746,3,0
0,0,0,0,4,28,15774,1877,0,0,0,0,0,219841,3,0
0,0,0,0,26,28,15775,1877,0,0,0,0,0,274947,3,0
1,0,0,0,20,28,15776,1877,0,0,0,0,0,252238,3,0
0,0,0,0,22,28,15777,1877,0,0,0,0,0,259789,3,0
0,0,0,0,15,28,15778,1877,0,0,0,0,0,243684,3,0
0,0,0,0,30,28,15779,1877,0,0,0,0,0,241607,3,0
0,0,0,0,13,29,15780,1877,0,0,0,0,0,178566,3,0
0,0,0,0,19,29,15781,1877,0,0,0,0,0,262083,3,0
0,0,0,0,56,29,15782,1877,0,0,0,0,0,256503,3,0
0,0,0,0,38,29,15783,1877,0,0,0,0,0,76821,3,0
1,0,0,0,49,29,15784,1877,0,0,0,0,0,234108,3,0
0,0,0,0,51,29,15785,1877,0,0,0,0,0,214665,3,0
0,0,0,0,42,29,15786,1877,0,0,0,0,0,238331,3,0
0,0,0,0,53,29,15787,1877,0,0,0,0,0,246263,3,0
0,0,0,0,36,29,15788,1877,0,0,0,0,0,83580,3,0
0,0,0,0,50,29,15789,1877,0,0,0,0,0,220148,3,0
2,0,0,1,52,29,15790,1877,0,0,0,0,0,271933,3,0
0,0,0,0,37,29,15791,1877,0,0,0,0,0,83579,3,0
3,0,0,1,29,29,15792,1877,0,0,0,0,0,219576,3,0
0,0,0,0,28,0,15793,101083,0,0,0,0,0,182494,3,0
1,0,0,1,20,3,15794,101083,0,0,0,0,0,258090,3,0
1,0,0,1,6,4,15795,101083,0,0,0,0,0,269934,3,0
2,0,0,1,14,6,15796,101083,0,0,0,0,0,199669,3,0
1,0,0,1,15,7,15797,101083,0,0,0,0,0,248053,3,0
0,0,0,0,8,9,15798,101083,0,0,0,0,0,253287,3,0
0,0,0,0,21,11,15799,101083,0,0,0,0,0,251132,3,0
0,0,0,0,10,12,15800,101083,0,0,0,0,0,261015,3,0
3,0,0,1,18,16,15801,101083,0,0,0,0,1,242426,3,0
0,0,0,0,25,18,15802,101083,0,0,0,0,0,261082,3,0
3,0,0,1,9,25,15803,101083,0,0,0,0,0,215334,3,0
0,0,0,0,27,28,15804,101083,0,0,0,0,0,215353,3,0
0,0,0,0,7,28,15805,101083,0,0,0,0,0,143121,3,0
1,0,0,1,17,28,15806,101083,1,0,0,0,1,75343,3,0
1,0,0,1,29,28,15807,101083,0,0,0,0,0,75073,3,0
0,0,0,0,1,28,15808,101083,0,0,0,0,0,276829,3,0
0,0,0,0,2,28,15809,101083,0,0,0,0,0,248137,3,0
0,0,0,0,13,28,15810,101083,0,0,0,0,0,267602,3,0
0,0,0,0,11,28,15811,101083,0,0,0,0,0,256287,3,0
1,0,0,1,12,28,15812,101083,0,0,0,0,0,271512,3,0
1,0,0,1,22,28,15813,101083,0,0,0,0,0,228179,3,0
0,0,0,0,32,28,15814,101083,0,0,0,0,0,74813,3,0
0,0,0,0,5,28,15815,101083,0,0,0,0,0,263690,3,0
0,0,0,0,26,29,15816,101083,0,0,0,0,0,199667,3,0
0,0,0,0,46,29,15817,101083,0,0,0,0,0,245437,3,0
0,0,0,0,3,29,15818,101083,0,0,0,0,0,81629,3,0
0,0,0,0,36,29,15819,101083,0,0,0,0,0,71491,3,0
0,0,0,0,30,29,15820,101083,0,0,0,0,0,70698,3,0
0,0,0,0,4,29,15821,101083,0,0,0,0,0,268558,3,0
0,0,0,0,47,29,15822,101083,0,0,0,0,0,75348,3,0
0,0,0,0,23,0,15823,101084,0,0,0,0,0,237576,3,0
0,0,0,0,2,3,15824,101084,0,0,0,0,0,74781,3,0
0,0,0,0,4,4,15825,101084,0,0,0,0,0,262150,3,0
0,0,0,0,21,6,15826,101084,0,0,0,0,0,253278,3,0
0,0,0,0,14,7,15827,101084,0,0,0,0,0,233777,3,0
0,0,0,0,18,9,15828,101084,0,0,0,0,0,268732,3,0
0,0,0,0,16,11,15829,101084,0,0,0,0,0,264578,3,0
0,0,0,0,5,12,15830,101084,0,0,0,0,0,76064,3,0
2,0,0,1,38,16,15831,101084,1,0,0,0,1,261441,3,0
0,0,0,0,19,18,15832,101084,0,0,0,0,0,205633,3,0
7,1,0,1,32,25,15833,101084,1,0,0,0,3,240811,3,0
1,0,0,1,24,28,15834,101084,0,0,0,0,1,74814,3,0
0,0,0,0,20,28,15835,101084,0,0,0,0,0,275438,3,0
0,0,0,0,43,28,15836,101084,0,0,0,0,0,274145,3,0
0,0,0,0,34,28,15837,101084,0,0,0,0,0,261177,3,0
0,0,0,0,3,28,15838,101084,0,0,0,0,0,70137,3,0
0,0,0,0,29,28,15839,101084,0,0,0,0,0,257676,3,0
0,0,0,0,13,28,15840,101084,0,0,0,0,0,221219,3,0
0,0,0,0,40,28,15841,101084,0,0,0,0,0,273081,3,0
0,0,0,0,35,28,15842,101084,0,0,0,0,0,70699,3,0
0,0,0,0,27,28,15843,101084,0,0,0,0,0,261171,3,0
1,0,0,1,25,28,15844,101084,0,0,0,0,0,215998,3,0
0,0,0,0,28,28,15845,101084,0,0,0,0,0,273092,3,0
4,0,0,1,22,29,15846,101084,0,0,0,0,0,76917,3,0
1,0,0,1,26,29,15847,101084,1,0,0,0,1,263474,3,0
0,0,0,0,41,29,15848,101084,0,0,0,0,0,271832,3,0
0,0,0,0,30,29,15849,101084,0,0,0,0,0,78324,3,0
0,0,0,0,25,0,15850,101085,0,0,0,0,0,232645,3,0
0,0,0,0,15,3,15851,101085,0,0,0,0,0,255878,3,0
0,0,0,0,2,4,15852,101085,0,0,0,0,0,274266,3,0
1,0,0,0,23,6,15853,101085,0,0,0,0,0,252036,3,0
0,0,0,0,27,7,15854,101085,0,0,0,0,0,236668,3,0
2,0,0,1,28,23,15855,101085,0,0,0,0,0,273711,3,0
0,0,0,0,19,13,15856,101085,0,0,0,0,0,261691,3,0
0,0,0,0,13,14,15857,101085,0,0,0,0,0,246033,3,0
0,0,0,0,5,15,15858,101085,0,0,0,0,0,253952,3,0
3,0,0,1,7,27,15859,101085,0,0,0,0,1,230975,3,0
1,0,0,0,9,25,15860,101085,0,0,0,0,0,253242,3,0
2,0,0,1,36,28,15861,101085,0,0,0,0,0,203864,3,0
0,0,0,0,6,28,15862,101085,0,0,0,0,0,201862,3,0
0,0,0,0,18,28,15863,101085,0,0,0,0,0,238518,3,0
0,0,0,0,12,28,15864,101085,0,0,0,0,0,270215,3,0
0,0,0,0,44,28,15865,101085,0,0,0,0,0,235925,3,0
0,0,0,0,22,28,15866,101085,0,0,0,0,0,76705,3,0
2,0,0,1,17,28,15867,101085,1,0,0,0,1,236507,3,0
0,0,0,0,24,28,15868,101085,0,0,0,0,0,74393,3,0
2,0,0,1,77,28,15869,101085,0,0,0,0,0,220156,3,0
0,0,0,0,8,28,15870,101085,0,0,0,0,0,79248,3,0
0,0,0,0,3,28,15871,101085,0,0,0,0,0,260233,3,0
0,0,0,0,16,28,15872,101085,0,0,0,0,0,274122,3,0
1,0,0,0,11,29,15873,101085,0,0,0,0,0,235926,3,0
0,0,0,0,21,29,15874,101085,0,0,0,0,0,271749,3,0
0,0,0,0,45,29,15875,101085,0,0,0,0,0,256668,3,0
0,0,0,0,41,29,15876,101085,0,0,0,0,0,272602,3,0
0,0,0,0,10,29,15877,101085,0,0,0,0,0,276819,3,0
0,0,0,0,38,29,15878,101085,0,0,0,0,0,275343,3,0
0,0,0,0,14,29,15879,101085,0,0,0,0,0,268396,3,0
2,0,0,1,39,29,15880,101085,0,0,0,0,0,246336,3,0
0,0,0,0,43,29,15881,101085,0,0,0,0,0,71320,3,0
0,0,0,0,49,29,15882,101085,0,0,0,0,0,70710,3,0
0,0,0,0,40,29,15883,101085,0,0,0,0,0,238093,3,0
0,0,0,0,1,0,15884,101088,0,0,0,0,0,259273,3,0
0,0,0,0,21,3,15885,101088,0,0,0,0,0,74857,3,0
0,0,0,0,2,4,15886,101088,0,0,0,0,0,221551,3,0
1,0,0,1,16,6,15887,101088,0,0,0,0,0,211263,3,0
0,0,0,0,3,7,15888,101088,0,0,0,0,0,221053,3,0
0,0,0,0,29,9,15889,101088,0,0,0,0,0,233029,3,0
0,0,0,0,34,11,15890,101088,0,0,0,0,0,235008,3,0
2,0,0,1,28,12,15891,101088,0,0,0,0,0,279841,3,0
1,0,0,1,20,16,15892,101088,0,0,0,0,0,214971,3,0
3,0,0,1,22,18,15893,101088,0,0,0,0,0,188988,3,0
4,0,0,1,9,25,15894,101088,0,0,0,0,0,227528,3,0
0,0,0,0,5,28,15895,101088,0,0,0,0,0,214302,3,0
0,0,0,0,4,28,15896,101088,0,0,0,0,0,256524,3,0
0,0,0,0,6,28,15897,101088,0,0,0,0,0,261769,3,0
0,0,0,0,40,28,15898,101088,0,0,0,0,0,74853,3,0
0,0,0,0,32,28,15899,101088,0,0,0,0,0,229541,3,0
0,0,0,0,11,28,15900,101088,0,0,0,0,0,244884,3,0
0,0,0,0,45,28,15901,101088,0,0,0,0,0,74856,3,0
0,0,0,0,17,28,15902,101088,0,0,0,0,0,79246,3,0
2,0,0,1,44,28,15903,101088,0,0,0,0,0,80127,3,0
1,0,0,1,10,28,15904,101088,0,0,0,0,0,213597,3,0
0,0,0,0,31,28,15905,101088,0,0,0,0,0,255217,3,0
0,0,0,0,38,28,15906,101088,0,0,0,0,0,260971,3,0
1,0,0,1,39,29,15907,101088,0,0,0,0,0,259790,3,0
0,0,0,0,18,29,15908,101088,0,0,0,0,0,79234,3,0
0,0,0,0,43,29,15909,101088,0,0,0,0,0,74854,3,0
0,0,0,0,23,29,15910,101088,0,0,0,0,0,279834,3,0
0,0,0,0,24,29,15911,101088,0,0,0,0,0,80123,3,0
0,0,0,0,41,29,15912,101088,0,0,0,0,0,253292,3,0
0,0,0,0,42,29,15913,101088,0,0,0,0,0,278841,3,0
0,0,0,0,25,29,15914,101088,0,0,0,0,0,267627,3,0
0,0,0,0,36,29,15915,101088,0,0,0,0,0,262148,3,0
0,0,0,0,33,0,15916,110093,0,0,0,0,0,215069,3,0
0,0,0,0,2,3,15917,110093,0,0,0,0,0,228415,3,0
0,0,0,0,26,4,15918,110093,0,0,0,0,0,260561,3,0
0,0,0,0,36,6,15919,110093,0,0,0,0,0,273012,3,0
0,0,0,0,22,7,15920,110093,0,0,0,0,0,262566,3,0
0,0,0,0,23,9,15921,110093,0,0,0,0,0,215057,3,0
0,0,0,0,20,11,15922,110093,0,0,0,0,0,253246,3,0
1,0,0,1,74,12,15923,110093,0,0,0,0,1,272939,3,0
2,0,0,1,7,16,15924,110093,0,0,0,0,1,255925,3,0
0,0,0,0,10,18,15925,110093,0,0,0,0,0,222373,3,0
4,0,0,1,9,25,15926,110093,1,0,0,0,2,226286,3,0
3,0,0,1,46,28,15927,110093,0,0,0,0,0,226797,3,0
0,0,0,0,17,28,15928,110093,0,0,0,0,0,236803,3,0
0,0,0,0,40,28,15929,110093,0,0,0,0,0,272753,3,0
0,0,0,0,32,28,15930,110093,0,0,0,0,0,255256,3,0
0,0,0,0,44,28,15931,110093,0,0,0,0,0,242073,3,0
0,0,0,0,27,28,15932,110093,0,0,0,0,0,70440,3,0
0,0,0,0,41,28,15933,110093,0,0,0,0,0,70437,3,0
0,0,0,0,25,28,15934,110093,0,0,0,0,0,219536,3,0
0,0,0,0,11,28,15935,110093,0,0,0,0,0,214968,3,0
1,0,0,1,6,28,15936,110093,0,0,0,0,0,214659,3,0
1,0,0,1,14,28,15937,110093,0,0,0,0,0,73252,3,0
0,0,0,0,3,28,15938,110093,0,0,0,0,0,232708,3,0
0,0,0,0,37,29,15939,110093,0,0,0,0,0,278474,3,0
0,0,0,0,28,29,15940,110093,0,0,0,0,0,77016,3,0
0,0,0,0,39,29,15941,110093,0,0,0,0,0,74818,3,0
0,0,0,0,47,29,15942,110093,0,0,0,0,0,81743,3,0
0,0,0,0,43,29,15943,110093,0,0,0,0,0,253223,3,0
0,0,0,0,45,29,15944,110093,0,0,0,0,0,263756,3,0
0,0,0,0,26,0,15945,110395,0,0,0,0,0,222418,3,0
0,0,0,0,3,3,15946,110395,0,0,0,0,0,255197,3,0
0,0,0,0,24,4,15947,110395,0,0,0,0,0,214766,3,0
4,0,0,1,13,6,15948,110395,1,0,0,0,1,253238,3,0
1,0,0,0,6,7,15949,110395,0,0,0,0,0,261262,3,0
0,0,0,0,4,9,15950,110395,0,0,0,0,0,255873,3,0
0,0,0,0,30,11,15951,110395,0,0,0,0,0,236472,3,0
2,0,0,1,11,12,15952,110395,1,0,0,0,2,190972,3,0
0,0,0,0,23,16,15953,110395,0,0,0,0,0,219174,3,0
1,0,0,0,10,18,15954,110395,1,0,0,0,1,235467,3,0
7,1,0,1,19,25,15955,110395,0,0,0,0,1,273080,3,0
2,0,0,1,47,28,15956,110395,0,0,0,0,0,260562,3,0
0,0,0,0,25,28,15957,110395,0,0,0,0,0,278454,3,0
0,0,0,0,39,28,15958,110395,0,0,0,0,0,74824,3,0
0,0,0,0,35,28,15959,110395,0,0,0,0,0,268431,3,0
0,0,0,0,17,28,15960,110395,0,0,0,0,0,253012,3,0
1,0,0,0,8,28,15961,110395,0,0,0,0,0,272911,3,0
0,0,0,0,45,28,15962,110395,0,0,0,0,0,237122,3,0
3,0,0,1,9,28,15963,110395,0,0,0,0,0,224510,3,0
0,0,0,0,5,28,15964,110395,0,0,0,0,0,264323,3,0
0,0,0,0,43,28,15965,110395,0,0,0,0,0,268748,3,0
0,0,0,0,20,28,15966,110395,0,0,0,0,0,70430,3,0
0,0,0,0,42,28,15967,110395,0,0,0,0,0,238320,3,0
0,0,0,0,15,29,15968,110395,0,0,0,0,0,214226,3,0
0,0,0,0,40,29,15969,110395,0,0,0,0,0,220624,3,0
0,0,0,0,44,29,15970,110395,0,0,0,0,0,256407,3,0
0,0,0,0,16,29,15971,110395,0,0,0,0,0,267853,3,0
0,0,0,0,28,29,15972,110395,0,0,0,0,0,72465,3,0
0,0,0,0,34,29,15973,110395,0,0,0,0,0,74826,3,0
0,0,0,0,21,0,15974,110396,0,0,0,0,0,223249,3,0
0,0,0,0,18,3,15975,110396,0,0,0,0,0,253294,3,0
0,0,0,0,22,4,15976,110396,0,0,0,0,0,223064,3,0
0,0,0,0,2,6,15977,110396,0,0,0,0,0,228730,3,0
0,0,0,0,31,7,15978,110396,0,0,0,0,0,267900,3,0
0,0,0,0,26,9,15979,110396,0,0,0,0,0,258051,3,0
0,0,0,0,52,11,15980,110396,0,0,0,0,0,80108,3,0
0,0,0,0,4,12,15981,110396,0,0,0,0,0,247037,3,0
0,0,0,0,7,16,15982,110396,0,0,0,0,0,259570,3,0
2,0,0,1,33,18,15983,110396,0,0,0,0,1,70198,3,0
0,0,0,0,41,25,15984,110396,0,0,0,0,0,259977,3,0
3,0,0,1,32,28,15985,110396,0,0,0,0,1,227394,3,0
0,0,0,0,49,28,15986,110396,0,0,0,0,0,274200,3,0
0,0,0,0,34,28,15987,110396,0,0,0,0,0,275429,3,0
1,0,0,1,6,28,15988,110396,0,0,0,0,0,255607,3,0
0,0,0,0,30,28,15989,110396,0,0,0,0,0,258288,3,0
0,0,0,0,43,28,15990,110396,0,0,0,0,0,198628,3,0
0,0,0,0,19,28,15991,110396,0,0,0,0,0,271767,3,0
0,0,0,0,51,28,15992,110396,0,0,0,0,0,83358,3,0
0,0,0,0,99,28,15993,110396,0,0,0,0,0,253718,3,0
0,0,0,0,37,28,15994,110396,0,0,0,0,0,278737,3,0
0,0,0,0,17,28,15995,110396,0,0,0,0,0,74911,3,0
2,0,0,1,50,28,15996,110396,0,0,0,0,0,77578,3,0
0,0,0,0,36,29,15997,110396,0,0,0,0,0,71457,3,0
0,0,0,0,27,29,15998,110396,0,0,0,0,0,76070,3,0
0,0,0,0,47,29,15999,110396,0,0,0,0,0,267483,3,0
0,0,0,0,48,29,16000,110396,0,0,0,0,0,75189,3,0
0,0,0,0,44,29,16001,110396,0,0,0,0,0,273538,3,0
0,0,0,0,45,29,16002,110396,0,0,0,0,0,241273,3,0
0,0,0,0,39,29,16003,110396,0,0,0,0,0,80110,3,0
0,0,0,0,35,29,16004,110396,0,0,0,0,0,77726,3,0
1,0,0,1,46,29,16005,110396,0,0,0,0,0,254228,3,0
0,0,0,0,1,0,16006,110404,0,0,0,0,0,262865,3,0
0,0,0,0,4,3,16007,110404,0,0,0,0,0,71959,3,0
0,0,0,0,14,4,16008,110404,0,0,0,0,0,219167,3,0
0,0,0,0,26,6,16009,110404,0,0,0,0,0,273767,3,0
0,0,0,0,27,7,16010,110404,0,0,0,0,0,76995,3,0
0,0,0,0,24,12,16011,110404,0,0,0,0,0,76997,3,0
1,0,0,1,8,13,16012,110404,0,0,0,0,0,254951,3,0
0,0,0,0,35,15,16013,110404,0,0,0,0,0,75347,3,0
0,0,0,0,20,16,16014,110404,0,0,0,0,0,278470,3,0
4,0,0,1,22,24,16015,110404,0,0,0,0,1,79782,3,0
3,0,0,1,16,26,16016,110404,0,0,0,0,0,259883,3,0
2,0,0,1,9,28,16017,110404,0,0,0,0,1,261160,3,0
0,0,0,0,17,28,16018,110404,0,0,0,0,0,80098,3,0
0,0,0,0,3,28,16019,110404,0,0,0,0,0,227740,3,0
0,0,0,0,34,28,16020,110404,0,0,0,0,0,78015,3,0
0,0,0,0,25,28,16021,110404,0,0,0,0,0,261779,3,0
0,0,0,0,31,28,16022,110404,0,0,0,0,0,74792,3,0
0,0,0,0,13,28,16023,110404,0,0,0,0,0,75709,3,0
0,0,0,0,23,28,16024,110404,0,0,0,0,0,70443,3,0
0,0,0,0,29,28,16025,110404,0,0,0,0,0,70943,3,0
0,0,0,0,18,28,16026,110404,0,0,0,0,0,70687,3,0
0,0,0,0,10,28,16027,110404,0,0,0,0,0,70194,3,0
0,0,0,0,21,28,16028,110404,0,0,0,0,0,70944,3,0
0,0,0,0,12,29,16029,110404,0,0,0,0,0,83577,3,0
0,0,0,0,1,0,16030,110580,0,0,0,0,0,216033,3,0
0,0,0,0,32,3,16031,110580,0,0,0,0,0,242482,3,0
0,0,0,0,15,4,16032,110580,0,0,0,0,0,248207,3,0
0,0,0,0,6,6,16033,110580,0,0,0,0,0,222428,3,0
0,0,0,0,3,7,16034,110580,0,0,0,0,0,263518,3,0
1,0,0,1,5,9,16035,110580,0,0,0,0,0,254695,3,0
0,0,0,0,20,11,16036,110580,0,0,0,0,0,256441,3,0
0,0,0,0,27,12,16037,110580,0,0,0,0,0,75308,3,0
0,0,0,0,8,16,16038,110580,0,0,0,0,0,238230,3,0
7,1,0,1,11,18,16039,110580,0,0,0,0,1,183898,3,0
5,0,0,1,9,25,16040,110580,0,0,0,0,0,269176,3,0
0,0,0,0,22,28,16041,110580,0,0,0,0,0,238332,3,0
0,0,0,0,45,28,16042,110580,0,0,0,0,0,267866,3,0
0,0,0,0,31,28,16043,110580,0,0,0,0,0,246335,3,0
0,0,0,0,2,28,16044,110580,0,0,0,0,0,234458,3,0
0,0,0,0,23,28,16045,110580,0,0,0,0,0,219522,3,0
0,0,0,0,7,28,16046,110580,0,0,0,0,0,233924,3,0
0,0,0,0,33,28,16047,110580,0,0,0,0,0,231507,3,0
0,0,0,0,18,28,16048,110580,0,0,0,0,0,255352,3,0
0,0,0,0,29,28,16049,110580,0,0,0,0,0,270207,3,0
0,0,0,0,24,28,16050,110580,0,0,0,0,0,71655,3,0
0,0,0,0,36,28,16051,110580,0,0,0,0,0,247467,3,0
1,0,0,1,16,28,16052,110580,0,0,0,0,0,260138,3,0
0,0,0,0,10,29,16053,110580,0,0,0,0,0,75191,3,0
0,0,0,0,49,29,16054,110580,0,0,0,0,0,70711,3,0
0,0,0,0,39,29,16055,110580,0,0,0,0,0,271471,3,0
0,0,0,0,40,29,16056,110580,0,0,0,0,0,265444,3,0
0,0,0,0,43,29,16057,110580,0,0,0,0,0,74836,3,0
0,0,0,0,38,29,16058,110580,0,0,0,0,0,75793,3,0
0,0,0,0,34,29,16059,110580,0,0,0,0,0,74838,3,0
0,0,0,0,26,29,16060,110580,0,0,0,0,0,78078,3,0
1,0,0,1,46,29,16061,110580,0,0,0,0,1,77372,3,0
0,0,0,0,28,0,16062,110953,0,0,0,0,0,240796,3,0
1,0,0,0,44,4,16063,110953,0,0,0,0,0,226616,3,0
0,0,0,0,26,5,16064,110953,0,0,0,0,0,231479,3,0
0,0,0,0,6,6,16065,110953,0,0,0,0,0,228959,3,0
2,0,0,1,4,12,16066,110953,0,0,0,0,0,251339,3,0
0,0,0,0,13,13,16067,110953,0,0,0,0,0,241927,3,0
2,0,0,1,19,15,16068,110953,0,0,0,0,0,242342,3,0
2,0,0,1,20,16,16069,110953,0,0,0,0,1,247776,3,0
0,0,0,0,15,17,16070,110953,0,0,0,0,0,77021,3,0
3,0,0,1,10,19,16071,110953,0,0,0,0,0,70441,3,0
3,0,0,1,45,25,16072,110953,0,0,0,0,0,198347,3,0
0,0,0,0,47,28,16073,110953,0,0,0,0,0,239936,3,0
0,0,0,0,9,28,16074,110953,0,0,0,0,0,266343,3,0
0,0,0,0,43,28,16075,110953,0,0,0,0,0,241931,3,0
0,0,0,0,46,28,16076,110953,0,0,0,0,0,241696,3,0
0,0,0,0,35,28,16077,110953,0,0,0,0,0,276102,3,0
0,0,0,0,11,28,16078,110953,0,0,0,0,0,274196,3,0
1,0,0,0,42,28,16079,110953,0,0,0,0,0,236432,3,0
0,0,0,0,41,28,16080,110953,0,0,0,0,0,243521,3,0
0,0,0,0,32,28,16081,110953,0,0,0,0,0,70136,3,0
0,0,0,0,8,28,16082,110953,0,0,0,0,0,237993,3,0
0,0,0,0,77,28,16083,110953,0,0,0,0,0,77368,3,0
0,0,0,0,16,28,16084,110953,0,0,0,0,0,70897,3,0
0,0,0,0,25,29,16085,110953,0,0,0,0,0,78016,3,0
0,0,0,0,31,29,16086,110953,0,0,0,0,0,276104,3,0
0,0,0,0,24,29,16087,110953,0,0,0,0,0,275257,3,0
0,0,0,0,40,29,16088,110953,0,0,0,0,0,273700,3,0
0,0,0,0,48,29,16089,110953,0,0,0,0,0,243804,3,0
0,0,0,0,49,29,16090,110953,0,0,0,0,0,83353,3,0
0,0,0,0,25,0,16091,111019,0,0,0,0,0,215086,3,0
0,0,0,0,22,3,16092,111019,0,0,0,0,0,266844,3,0
0,0,0,0,16,4,16093,111019,0,0,0,0,0,242569,3,0
1,0,0,1,4,6,16094,111019,0,0,0,0,0,215178,3,0
1,0,0,1,20,7,16095,111019,0,0,0,0,0,258137,3,0
0,0,0,0,24,10,16096,111019,0,0,0,0,0,226671,3,0
4,0,0,1,23,23,16097,111019,1,0,0,0,1,248231,3,0
4,0,0,1,10,13,16098,111019,1,0,0,0,1,272350,3,0
1,0,0,1,11,15,16099,111019,0,0,0,0,0,223105,3,0
0,0,0,0,29,27,16100,111019,0,0,0,0,0,265478,3,0
2,0,0,1,27,25,16101,111019,0,0,0,0,0,232765,3,0
1,0,0,1,34,28,16102,111019,0,0,0,0,0,272839,3,0
1,0,0,1,7,28,16103,111019,0,0,0,0,1,258456,3,0
0,0,0,0,2,28,16104,111019,0,0,0,0,0,70679,3,0
0,0,0,0,26,28,16105,111019,0,0,0,0,0,232646,3,0
0,0,0,0,50,28,16106,111019,0,0,0,0,0,214933,3,0
3,0,0,1,40,28,16107,111019,0,0,0,0,0,242250,3,0
0,0,0,0,48,28,16108,111019,0,0,0,0,0,196432,3,0
1,0,0,1,21,28,16109,111019,0,0,0,0,0,253135,3,0
0,0,0,0,13,28,16110,111019,0,0,0,0,0,258104,3,0
0,0,0,0,41,28,16111,111019,0,0,0,0,0,208054,3,0
0,0,0,0,3,28,16112,111019,0,0,0,0,0,267573,3,0
0,0,0,0,28,28,16113,111019,0,0,0,0,0,261614,3,0
0,0,0,0,46,29,16114,111019,0,0,0,0,0,277621,3,0
0,0,0,0,49,29,16115,111019,0,0,0,0,0,83422,3,0
1,0,0,1,47,29,16116,111019,0,0,0,0,0,77724,3,0
0,0,0,0,14,29,16117,111019,0,0,0,0,0,71078,3,0
0,0,0,0,17,29,16118,111019,0,0,0,0,0,241568,3,0
0,0,0,0,8,29,16119,111019,0,0,0,0,0,70680,3,0
0,0,0,0,99,29,16120,111019,0,0,0,0,0,269623,3,0
0,0,0,0,12,29,16121,111019,0,0,0,0,0,70681,3,0
0,0,0,0,5,29,16122,111019,0,0,0,0,0,276708,3,0
0,0,0,0,30,29,16123,111019,0,0,0,0,0,276817,3,0
0,0,0,0,31,29,16124,111019,0,0,0,0,0,82130,3,0
0,0,0,0,47,0,16125,111020,0,0,0,0,0,231258,3,0
0,0,0,0,36,3,16126,111020,0,0,0,0,0,224511,3,0
0,0,0,0,40,4,16127,111020,0,0,0,0,0,254361,3,0
0,0,0,0,2,5,16128,111020,0,0,0,0,0,272490,3,0
2,0,0,1,42,6,16129,111020,1,0,0,0,1,75117,3,0
0,0,0,0,46,7,16130,111020,0,0,0,0,0,69957,3,0
1,0,0,1,41,10,16131,111020,0,0,0,0,0,253249,3,0
0,0,0,0,5,13,16132,111020,0,0,0,0,0,76717,3,0
2,0,0,1,11,15,16133,111020,0,0,0,0,0,266161,3,0
1,0,0,1,43,24,16134,111020,0,0,0,0,0,278743,3,0
1,0,0,1,22,26,16135,111020,0,0,0,0,0,233959,3,0
0,0,0,0,8,28,16136,111020,0,0,0,0,0,269740,3,0
1,0,0,1,30,28,16137,111020,0,0,0,0,0,271919,3,0
0,0,0,0,10,28,16138,111020,0,0,0,0,0,269832,3,0
0,0,0,0,13,28,16139,111020,0,0,0,0,0,76905,3,0
0,0,0,0,44,28,16140,111020,0,0,0,0,0,273986,3,0
0,0,0,0,45,28,16141,111020,0,0,0,0,0,279776,3,0
2,0,0,1,50,28,16142,111020,1,0,0,0,1,76718,3,0
0,0,0,0,7,28,16143,111020,0,0,0,0,0,234464,3,0
3,0,0,1,9,28,16144,111020,0,0,0,0,1,273843,3,0
0,0,0,0,14,28,16145,111020,0,0,0,0,0,232832,3,0
1,0,0,1,32,28,16146,111020,0,0,0,0,0,257152,3,0
0,0,0,0,49,28,16147,111020,0,0,0,0,0,70203,3,0
0,0,0,0,55,29,16148,111020,0,0,0,0,0,82139,3,0
0,0,0,0,53,29,16149,111020,0,0,0,0,0,83349,3,0
0,0,0,0,54,29,16150,111020,0,0,0,0,0,83350,3,0
0,0,0,0,52,29,16151,111020,0,0,0,0,0,237818,3,0
1,0,0,1,18,29,16152,111020,0,0,0,0,0,246332,3,0
0,0,0,0,51,29,16153,111020,0,0,0,0,0,79389,3,0
0,0,0,0,15,29,16154,111020,0,0,0,0,0,276496,3,0
0,0,0,0,25,0,16155,111022,0,0,0,0,0,253271,3,0
0,0,0,0,26,3,16156,111022,0,0,0,0,0,71546,3,0
0,0,0,0,14,4,16157,111022,0,0,0,0,0,240640,3,0
0,0,0,0,2,6,16158,111022,0,0,0,0,0,233780,3,0
0,0,0,0,16,7,16159,111022,0,0,0,0,0,232437,3,0
1,0,0,1,21,9,16160,111022,0,0,0,0,0,259690,3,0
0,0,0,0,5,11,16161,111022,0,0,0,0,0,273768,3,0
0,0,0,0,24,12,16162,111022,0,0,0,0,0,215259,3,0
1,0,0,1,11,16,16163,111022,0,0,0,0,0,246770,3,0
3,0,0,1,10,18,16164,111022,0,0,0,0,0,215270,3,0
2,0,0,1,22,25,16165,111022,0,0,0,0,0,225289,3,0
0,0,0,0,20,28,16166,111022,0,0,0,0,0,207471,3,0
0,0,0,0,12,28,16167,111022,0,0,0,0,0,273764,3,0
0,0,0,0,17,28,16168,111022,0,0,0,0,0,215051,3,0
0,0,0,0,34,28,16169,111022,0,0,0,0,0,71681,3,0
0,0,0,0,23,28,16170,111022,0,0,0,0,0,211262,3,0
0,0,0,0,7,28,16171,111022,0,0,0,0,0,272734,3,0
0,0,0,0,32,28,16172,111022,0,0,0,0,0,76999,3,0
0,0,0,0,4,28,16173,111022,0,0,0,0,0,242972,3,0
0,0,0,0,51,28,16174,111022,0,0,0,0,0,74772,3,0
0,0,0,0,8,28,16175,111022,0,0,0,0,0,276135,3,0
2,0,0,1,9,28,16176,111022,0,0,0,0,0,224854,3,0
0,0,0,0,53,28,16177,111022,0,0,0,0,0,72382,3,0
0,0,0,0,42,29,16178,111022,0,0,0,0,0,70688,3,0
0,0,0,0,3,29,16179,111022,0,0,0,0,0,223501,3,0
0,0,0,0,13,29,16180,111022,0,0,0,0,0,247367,3,0
0,0,0,0,39,29,16181,111022,0,0,0,0,0,273765,3,0
0,0,0,0,30,29,16182,111022,0,0,0,0,0,74797,3,0
0,0,0,0,37,29,16183,111022,0,0,0,0,0,82314,3,0
0,0,0,0,12,0,16184,111706,0,0,0,0,0,222639,3,0
0,0,0,0,4,3,16185,111706,0,0,0,0,0,272844,3,0
0,0,0,0,26,4,16186,111706,0,0,0,0,0,273090,3,0
0,0,0,0,23,6,16187,111706,0,0,0,0,0,214769,3,0
0,0,0,0,3,7,16188,111706,0,0,0,0,0,75187,3,0
0,0,0,0,10,12,16189,111706,0,0,0,0,0,258284,3,0
1,0,0,1,25,13,16190,111706,0,0,0,0,0,262284,3,0
2,0,0,1,13,15,16191,111706,0,0,0,0,0,253304,3,0
0,0,0,0,35,16,16192,111706,0,0,0,0,0,277849,3,0
0,0,0,0,77,24,16193,111706,0,0,0,0,0,258081,3,0
0,0,0,0,9,26,16194,111706,0,0,0,0,0,260388,3,0
0,0,0,0,20,28,16195,111706,0,0,0,0,0,75964,3,0
0,0,0,0,8,28,16196,111706,0,0,0,0,0,277614,3,0
0,0,0,0,14,28,16197,111706,0,0,0,0,0,273921,3,0
0,0,0,0,2,28,16198,111706,0,0,0,0,0,76486,3,0
0,0,0,0,17,28,16199,111706,0,0,0,0,0,70431,3,0
0,0,0,0,32,28,16200,111706,0,0,0,0,0,260593,3,0
0,0,0,0,38,28,16201,111706,0,0,0,0,0,75075,3,0
1,0,0,1,11,28,16202,111706,0,0,0,0,0,274570,3,0
0,0,0,0,6,28,16203,111706,0,0,0,0,0,258089,3,0
0,0,0,0,24,28,16204,111706,0,0,0,0,0,244825,3,0
0,0,0,0,47,0,16205,111707,0,0,0,0,0,215213,3,0
0,0,0,0,6,3,16206,111707,0,0,0,0,0,243816,3,0
0,0,0,0,25,4,16207,111707,0,0,0,0,0,224049,3,0
1,0,0,1,55,6,16208,111707,1,0,0,0,1,270397,3,0
0,0,0,0,13,7,16209,111707,0,0,0,0,0,259361,3,0
0,0,0,0,5,9,16210,111707,0,0,0,0,0,261019,3,0
1,0,0,1,27,11,16211,111707,0,0,0,0,1,230984,3,0
0,0,0,0,4,12,16212,111707,0,0,0,0,0,247774,3,0
0,0,0,0,2,16,16213,111707,0,0,0,0,0,214660,3,0
3,0,0,1,18,18,16214,111707,0,0,0,0,0,253907,3,0
0,0,0,0,22,25,16215,111707,0,0,0,0,0,80090,3,0
0,0,0,0,41,28,16216,111707,0,0,0,0,0,235991,3,0
0,0,0,0,9,28,16217,111707,0,0,0,0,0,272573,3,0
1,0,0,1,48,28,16218,111707,0,0,0,0,0,259971,3,0
0,0,0,0,3,28,16219,111707,0,0,0,0,0,246667,3,0
0,0,0,0,17,28,16220,111707,0,0,0,0,0,215132,3,0
1,0,0,1,44,28,16221,111707,0,0,0,0,1,276831,3,0
0,0,0,0,80,28,16222,111707,0,0,0,0,0,242917,3,0
0,0,0,0,40,28,16223,111707,0,0,0,0,0,265609,3,0
0,0,0,0,46,28,16224,111707,0,0,0,0,0,273905,3,0
0,0,0,0,45,28,16225,111707,0,0,0,0,0,231212,3,0
0,0,0,0,59,28,16226,111707,0,0,0,0,0,220851,3,0
0,0,0,0,43,28,16227,111707,0,0,0,0,0,252121,3,0
0,0,0,0,50,29,16228,111707,0,0,0,0,0,268872,3,0
0,0,0,0,75,29,16229,111707,0,0,0,0,0,80710,3,0
0,0,0,0,51,29,16230,111707,0,0,0,0,0,80086,3,0
0,0,0,0,42,29,16231,111707,0,0,0,0,0,232817,3,0
0,0,0,0,30,29,16232,111707,0,0,0,0,0,277848,3,0
0,0,0,0,52,29,16233,111707,0,0,0,0,0,83300,3,0
0,0,0,0,1,0,16234,111708,0,0,0,0,0,243810,3,0
0,0,0,0,24,3,16235,111708,0,0,0,0,0,222022,3,0
1,0,0,1,26,4,16236,111708,0,0,0,0,0,72302,3,0
0,0,0,0,6,6,16237,111708,0,0,0,0,0,245439,3,0
1,0,0,1,21,7,16238,111708,0,0,0,0,0,264792,3,0
0,0,0,0,45,10,16239,111708,0,0,0,0,0,271344,3,0
0,0,0,0,27,23,16240,111708,0,0,0,0,0,270036,3,0
0,0,0,0,8,13,16241,111708,0,0,0,0,0,222417,3,0
0,0,0,0,44,15,16242,111708,0,0,0,0,0,254774,3,0
1,0,0,1,23,27,16243,111708,0,0,0,0,0,261352,3,0
2,0,0,1,22,25,16244,111708,1,0,0,0,1,252193,3,0
0,0,0,0,30,28,16245,111708,0,0,0,0,0,272949,3,0
0,0,0,0,7,28,16246,111708,0,0,0,0,0,214989,3,0
0,0,0,0,31,28,16247,111708,0,0,0,0,0,74790,3,0
0,0,0,0,32,28,16248,111708,0,0,0,0,0,261016,3,0
0,0,0,0,25,28,16249,111708,0,0,0,0,0,240955,3,0
1,0,0,1,10,28,16250,111708,0,0,0,0,0,279816,3,0
1,0,0,1,20,28,16251,111708,0,0,0,0,0,235004,3,0
0,0,0,0,11,28,16252,111708,0,0,0,0,0,257338,3,0
0,0,0,0,46,28,16253,111708,0,0,0,0,0,221990,3,0
0,0,0,0,33,28,16254,111708,0,0,0,0,0,245094,3,0
0,0,0,0,34,28,16255,111708,0,0,0,0,0,74603,3,0
0,0,0,0,16,28,16256,111708,0,0,0,0,0,274978,3,0
0,0,0,0,3,29,16257,111708,0,0,0,0,0,243572,3,0
1,0,0,1,28,29,16258,111708,0,0,0,0,0,244869,3,0
0,0,0,0,36,29,16259,111708,0,0,0,0,0,77271,3,0
0,0,0,0,22,0,16260,111710,0,0,0,0,0,259927,3,0
0,0,0,0,6,4,16261,111710,0,0,0,0,0,226170,3,0
0,0,0,0,29,5,16262,111710,0,0,0,0,0,251686,3,0
0,0,0,0,4,6,16263,111710,0,0,0,0,0,241569,3,0
0,0,0,0,40,12,16264,111710,0,0,0,0,0,73359,3,0
0,0,0,0,15,13,16265,111710,0,0,0,0,0,71908,3,0
1,0,0,1,45,15,16266,111710,0,0,0,0,0,245061,3,0
0,0,0,0,14,16,16267,111710,0,0,0,0,0,224330,3,0
0,0,0,0,20,17,16268,111710,0,0,0,0,0,215199,3,0
1,0,0,1,24,19,16269,111710,0,0,0,0,0,258817,3,0
4,0,0,1,9,25,16270,111710,0,0,0,0,0,254125,3,0
0,0,0,0,17,28,16271,111710,0,0,0,0,0,257153,3,0
0,0,0,0,10,28,16272,111710,0,0,0,0,0,256502,3,0
1,0,0,1,25,28,16273,111710,0,0,0,0,0,264507,3,0
0,0,0,0,13,28,16274,111710,0,0,0,0,0,270456,3,0
0,0,0,0,36,28,16275,111710,0,0,0,0,0,257985,3,0
0,0,0,0,19,28,16276,111710,0,0,0,0,0,227274,3,0
2,0,0,1,8,28,16277,111710,0,0,0,0,0,267931,3,0
4,0,0,1,16,28,16278,111710,0,0,0,0,1,268083,3,0
0,0,0,0,26,28,16279,111710,0,0,0,0,0,242691,3,0
2,0,0,1,11,28,16280,111710,0,0,0,0,0,178562,3,0
0,0,0,0,21,28,16281,111710,0,0,0,0,0,254131,3,0
0,0,0,0,46,28,16282,111710,0,0,0,0,0,225858,3,0
0,0,0,0,50,29,16283,111710,0,0,0,0,0,241929,3,0
0,0,0,0,2,29,16284,111710,0,0,0,0,0,277250,3,0
0,0,0,0,27,29,16285,111710,0,0,0,0,0,274160,3,0
0,0,0,0,18,29,16286,111710,0,0,0,0,0,269690,3,0
0,0,0,0,41,29,16287,111710,0,0,0,0,0,255386,3,0
0,0,0,0,52,29,16288,111710,0,0,0,0,0,83314,3,0
0,0,0,0,32,29,16289,111710,0,0,0,0,0,261442,3,0
0,0,0,0,51,29,16290,111710,0,0,0,0,0,83312,3,0
0,0,0,0,53,29,16291,111710,0,0,0,0,0,83313,3,0
0,0,0,0,23,29,16292,111710,0,0,0,0,0,74810,3,0
0,0,0,0,1,0,16293,111711,0,0,0,0,0,253354,3,0
0,0,0,0,45,3,16294,111711,0,0,0,0,0,259786,3,0
1,0,0,1,6,4,16295,111711,0,0,0,0,0,251138,3,0
0,0,0,0,30,6,16296,111711,0,0,0,0,0,219451,3,0
0,0,0,0,25,7,16297,111711,0,0,0,0,0,253384,3,0
1,0,0,1,20,9,16298,111711,1,0,0,0,1,234107,3,0
1,0,0,1,8,11,16299,111711,0,0,0,0,0,216020,3,0
0,0,0,0,21,12,16300,111711,0,0,0,0,0,274401,3,0
0,0,0,0,31,16,16301,111711,0,0,0,0,0,254048,3,0
0,0,0,0,43,18,16302,111711,0,0,0,0,0,228211,3,0
2,0,0,1,23,25,16303,111711,0,0,0,0,1,73887,3,0
0,0,0,0,26,28,16304,111711,0,0,0,0,0,240743,3,0
0,0,0,0,46,28,16305,111711,0,0,0,0,0,268508,3,0
0,0,0,0,38,28,16306,111711,0,0,0,0,0,266673,3,0
0,0,0,0,3,28,16307,111711,0,0,0,0,0,221952,3,0
0,0,0,0,32,28,16308,111711,0,0,0,0,0,258180,3,0
0,0,0,0,5,28,16309,111711,0,0,0,0,0,278464,3,0
1,0,0,1,19,28,16310,111711,0,0,0,0,1,77014,3,0
1,0,0,1,15,28,16311,111711,0,0,0,0,0,213581,3,0
0,0,0,0,47,28,16312,111711,0,0,0,0,0,83329,3,0
0,0,0,0,41,28,16313,111711,0,0,0,0,0,80714,3,0
0,0,0,0,39,28,16314,111711,0,0,0,0,0,279170,3,0
0,0,0,0,27,28,16315,111711,0,0,0,0,0,278440,3,0
0,0,0,0,33,29,16316,111711,0,0,0,0,0,270874,3,0
0,0,0,0,14,29,16317,111711,0,0,0,0,0,263365,3,0
0,0,0,0,42,29,16318,111711,0,0,0,0,0,259514,3,0
0,0,0,0,36,29,16319,111711,0,0,0,0,0,278437,3,0
0,0,0,0,44,29,16320,111711,0,0,0,0,0,273968,3,0
0,0,0,0,1,0,16321,111713,0,0,0,0,0,227148,3,0
0,0,0,0,2,3,16322,111713,0,0,0,0,0,160179,3,0
0,0,0,0,15,4,16323,111713,0,0,0,0,0,77793,3,0
0,0,0,0,4,6,16324,111713,0,0,0,0,0,159936,3,0
0,0,0,0,31,7,16325,111713,0,0,0,0,0,76903,3,0
0,0,0,0,5,9,16326,111713,0,0,0,0,0,226393,3,0
0,0,0,0,8,11,16327,111713,0,0,0,0,0,266762,3,0
0,0,0,0,14,12,16328,111713,0,0,0,0,0,255341,3,0
0,0,0,0,3,16,16329,111713,0,0,0,0,0,76788,3,0
0,0,0,0,10,18,16330,111713,0,0,0,0,0,214830,3,0
1,0,0,1,9,25,16331,111713,1,0,0,0,1,81744,3,0
0,0,0,0,12,28,16332,111713,0,0,0,0,0,159989,3,0
0,0,0,0,16,28,16333,111713,0,0,0,0,0,159959,3,0
0,0,0,0,17,28,16334,111713,0,0,0,0,0,76791,3,0
0,0,0,0,6,28,16335,111713,0,0,0,0,0,160069,3,0
0,0,0,0,13,28,16336,111713,0,0,0,0,0,233918,3,0
0,0,0,0,25,28,16337,111713,0,0,0,0,0,76809,3,0
0,0,0,0,7,28,16338,111713,0,0,0,0,0,160040,3,0
0,0,0,0,12,0,16339,111715,0,0,0,0,0,256145,3,0
0,0,0,0,17,3,16340,111715,0,0,0,0,0,242306,3,0
0,0,0,0,2,4,16341,111715,0,0,0,0,0,226772,3,0
0,0,0,0,20,6,16342,111715,0,0,0,0,0,269554,3,0
0,0,0,0,24,7,16343,111715,0,0,0,0,0,220147,3,0
1,0,0,1,10,12,16344,111715,0,0,0,0,0,70690,3,0
0,0,0,0,5,13,16345,111715,0,0,0,0,0,263504,3,0
0,0,0,0,30,15,16346,111715,0,0,0,0,0,231360,3,0
1,0,0,1,21,16,16347,111715,0,0,0,0,0,267392,3,0
5,0,0,1,29,24,16348,111715,0,0,0,0,0,258082,3,0
1,0,0,1,9,26,16349,111715,0,0,0,0,0,256508,3,0
2,0,0,1,33,28,16350,111715,0,0,0,0,1,273730,3,0
0,0,0,0,27,28,16351,111715,0,0,0,0,0,279932,3,0
0,0,0,0,23,28,16352,111715,0,0,0,0,0,269935,3,0
0,0,0,0,42,28,16353,111715,0,0,0,0,0,227549,3,0
0,0,0,0,26,28,16354,111715,0,0,0,0,0,272902,3,0
0,0,0,0,22,28,16355,111715,0,0,0,0,0,276822,3,0
0,0,0,0,4,28,16356,111715,0,0,0,0,0,278460,3,0
0,0,0,0,19,28,16357,111715,0,0,0,0,0,245079,3,0
0,0,0,0,18,28,16358,111715,0,0,0,0,0,76732,3,0
0,0,0,0,1,28,16359,111715,0,0,0,0,0,73843,3,0
0,0,0,0,7,28,16360,111715,0,0,0,0,0,70291,3,0
0,0,0,0,6,28,16361,111715,0,0,0,0,0,244851,3,0
0,0,0,0,28,29,16362,111715,0,0,0,0,0,226377,3,0
0,0,0,0,3,29,16363,111715,0,0,0,0,0,258574,3,0
0,0,0,0,15,29,16364,111715,0,0,0,0,0,72703,3,0
0,0,0,0,37,29,16365,111715,0,0,0,0,0,279931,3,0
0,0,0,0,35,29,16366,111715,0,0,0,0,0,256406,3,0
0,0,0,0,32,29,16367,111715,0,0,0,0,0,76480,3,0
0,0,0,0,55,29,16368,111715,0,0,0,0,0,275100,3,0
0,0,0,0,74,29,16369,111715,0,0,0,0,0,278418,3,0
1,0,0,1,11,29,16370,111715,0,0,0,0,0,71217,3,0
0,0,0,0,8,29,16371,111715,0,0,0,0,0,261155,3,0
0,0,0,0,31,0,16372,111716,0,0,0,0,0,263204,3,0
0,0,0,0,35,3,16373,111716,0,0,0,0,0,278430,3,0
0,0,0,0,2,4,16374,111716,0,0,0,0,0,80043,3,0
0,0,0,0,13,6,16375,111716,0,0,0,0,0,279845,3,0
1,0,0,1,11,7,16376,111716,0,0,0,0,0,273028,3,0
0,0,0,0,20,12,16377,111716,0,0,0,0,0,254585,3,0
0,0,0,0,36,13,16378,111716,0,0,0,0,0,256501,3,0
2,0,0,1,30,15,16379,111716,0,0,0,0,0,228961,3,0
0,0,0,0,7,16,16380,111716,0,0,0,0,0,207440,3,0
4,0,0,1,25,24,16381,111716,0,0,0,0,0,232729,3,0
4,0,0,1,19,26,16382,111716,0,0,0,0,0,269619,3,0
3,0,0,1,21,28,16383,111716,0,0,0,0,1,76883,3,0
1,0,0,1,23,28,16384,111716,0,0,0,0,0,212214,3,0
0,0,0,0,24,28,16385,111716,0,0,0,0,0,277181,3,0
0,0,0,0,38,28,16386,111716,0,0,0,0,0,277837,3,0
0,0,0,0,39,28,16387,111716,0,0,0,0,0,277888,3,0
0,0,0,0,17,28,16388,111716,0,0,0,0,0,264147,3,0
0,0,0,0,32,28,16389,111716,0,0,0,0,0,271969,3,0
0,0,0,0,3,28,16390,111716,0,0,0,0,0,211272,3,0
0,0,0,0,26,28,16391,111716,0,0,0,0,0,273079,3,0
0,0,0,0,14,28,16392,111716,0,0,0,0,0,231070,3,0
0,0,0,0,6,28,16393,111716,0,0,0,0,0,273854,3,0
0,0,0,0,29,28,16394,111716,0,0,0,0,0,77640,3,0
0,0,0,0,34,29,16395,111716,0,0,0,0,0,215193,3,0
0,0,0,0,37,29,16396,111716,0,0,0,0,0,266341,3,0
0,0,0,0,18,29,16397,111716,0,0,0,0,0,270487,3,0
0,0,0,0,40,29,16398,111716,0,0,0,0,0,277836,3,0
0,0,0,0,22,0,16399,112670,0,0,0,0,0,215251,3,0
2,0,0,1,20,3,16400,112670,0,0,0,0,0,244757,3,0
0,0,0,0,4,4,16401,112670,0,0,0,0,0,214990,3,0
0,0,0,0,19,6,16402,112670,0,0,0,0,0,217196,3,0
0,0,0,0,16,7,16403,112670,0,0,0,0,0,255457,3,0
0,0,0,0,77,23,16404,112670,0,0,0,0,0,77029,3,0
1,0,0,1,25,13,16405,112670,0,0,0,0,1,278452,3,0
1,0,0,1,30,14,16406,112670,0,0,0,0,1,269889,3,0
0,0,0,0,5,15,16407,112670,0,0,0,0,0,267626,3,0
2,0,0,1,11,27,16408,112670,0,0,0,0,0,273964,3,0
0,0,0,0,24,25,16409,112670,0,0,0,0,0,80522,3,0
0,0,0,0,23,28,16410,112670,0,0,0,0,0,255373,3,0
0,0,0,0,41,28,16411,112670,0,0,0,0,0,226604,3,0
0,0,0,0,12,28,16412,112670,0,0,0,0,0,277517,3,0
0,0,0,0,44,28,16413,112670,0,0,0,0,0,276107,3,0
0,0,0,0,40,28,16414,112670,0,0,0,0,0,263498,3,0
0,0,0,0,36,28,16415,112670,0,0,0,0,0,240576,3,0
0,0,0,0,2,28,16416,112670,0,0,0,0,0,229015,3,0
0,0,0,0,42,28,16417,112670,0,0,0,0,0,258289,3,0
0,0,0,0,21,28,16418,112670,0,0,0,0,0,277947,3,0
0,0,0,0,14,28,16419,112670,0,0,0,0,0,263556,3,0
0,0,0,0,6,28,16420,112670,0,0,0,0,0,244950,3,0
0,0,0,0,39,28,16421,112670,0,0,0,0,0,261183,3,0
8,1,0,1,43,29,16422,112670,0,0,0,1,0,260140,3,0
0,0,0,0,38,29,16423,112670,0,0,0,0,0,247150,3,0
0,0,0,0,15,29,16424,112670,0,0,0,0,0,267625,3,0
0,0,0,0,47,0,16425,112689,0,0,0,0,0,243476,3,0
0,0,0,0,25,3,16426,112689,0,0,0,0,0,274736,3,0
0,0,0,0,13,4,16427,112689,0,0,0,0,0,264365,3,0
0,0,0,0,50,6,16428,112689,0,0,0,0,0,76861,3,0
0,0,0,0,3,7,16429,112689,0,0,0,0,0,267795,3,0
0,0,0,0,8,9,16430,112689,0,0,0,0,0,269620,3,0
0,0,0,0,14,11,16431,112689,0,0,0,0,0,252044,3,0
0,0,0,0,7,12,16432,112689,0,0,0,0,0,242002,3,0
0,0,0,0,11,16,16433,112689,0,0,0,0,0,263502,3,0
0,0,0,0,19,18,16434,112689,0,0,0,0,0,268581,3,0
0,0,0,0,75,25,16435,112689,0,0,0,0,0,253908,3,0
1,0,0,1,45,28,16436,112689,0,0,0,0,0,233372,3,0
0,0,0,0,17,28,16437,112689,0,0,0,0,0,74855,3,0
1,0,0,1,4,28,16438,112689,0,0,0,0,0,215054,3,0
0,0,0,0,12,28,16439,112689,0,0,0,0,0,251212,3,0
0,0,0,0,41,28,16440,112689,0,0,0,0,0,246868,3,0
0,0,0,0,21,28,16441,112689,0,0,0,0,0,242019,3,0
0,0,0,0,44,28,16442,112689,0,0,0,0,0,252192,3,0
0,0,0,0,15,28,16443,112689,0,0,0,0,0,78267,3,0
1,0,0,1,43,28,16444,112689,0,0,0,0,0,76488,3,0
0,0,0,0,46,28,16445,112689,0,0,0,0,0,253264,3,0
0,0,0,0,29,28,16446,112689,0,0,0,0,0,74782,3,0
0,0,0,0,52,28,16447,112689,0,0,0,0,0,74776,3,0
0,0,0,0,53,29,16448,112689,0,0,0,0,0,74777,3,0
0,0,0,0,40,29,16449,112689,0,0,0,0,0,263475,3,0
0,0,0,0,39,29,16450,112689,0,0,0,0,0,276094,3,0
0,0,0,0,37,29,16451,112689,0,0,0,0,0,269599,3,0
0,0,0,0,74,29,16452,112689,0,0,0,0,0,279840,3,0
0,0,0,0,51,29,16453,112689,0,0,0,0,0,76483,3,0
0,0,0,0,42,29,16454,112689,0,0,0,0,0,235966,3,0
0,0,0,0,36,29,16455,112689,0,0,0,0,0,76991,3,0
1,0,0,1,35,29,16456,112689,0,0,0,0,0,235987,3,0
1,0,0,1,34,29,16457,112689,0,0,0,0,0,241025,3,0
0,0,0,0,49,29,16458,112689,0,0,0,0,0,267621,3,0
0,0,0,0,48,29,16459,112689,0,0,0,0,0,274521,3,0
2,0,0,1,18,29,16460,112689,0,0,0,0,0,77051,3,0
0,0,0,0,20,29,16461,112689,0,0,0,0,0,83624,3,0
0,0,0,0,1,0,16462,112713,0,0,0,0,0,215048,3,0
0,0,0,0,4,3,16463,112713,0,0,0,0,0,83082,3,0
0,0,0,0,44,4,16464,112713,0,0,0,0,0,255144,3,0
1,0,0,1,2,6,16465,112713,0,0,0,0,1,153060,3,0
0,0,0,0,26,7,16466,112713,0,0,0,0,0,261351,3,0
0,0,0,0,10,12,16467,112713,0,0,0,0,0,78185,3,0
0,0,0,0,15,13,16468,112713,0,0,0,0,0,266310,3,0
1,0,0,1,5,15,16469,112713,0,0,0,0,1,264733,3,0
1,0,0,1,8,16,16470,112713,0,0,0,0,0,274408,3,0
0,0,0,0,9,24,16471,112713,0,0,0,0,0,223099,3,0
0,0,0,0,27,26,16472,112713,0,0,0,0,0,260030,3,0
0,0,0,0,11,28,16473,112713,0,0,0,0,0,211489,3,0
0,0,0,0,19,28,16474,112713,0,0,0,0,0,278745,3,0
0,0,0,0,36,28,16475,112713,0,0,0,0,0,274125,3,0
0,0,0,0,34,28,16476,112713,0,0,0,0,0,74842,3,0
0,0,0,0,12,28,16477,112713,0,0,0,0,0,278469,3,0
3,0,0,1,48,28,16478,112713,0,0,0,0,0,241005,3,0
1,0,0,1,39,28,16479,112713,0,0,0,0,0,74847,3,0
1,0,0,1,33,28,16480,112713,0,0,0,0,1,269132,3,0
0,0,0,0,17,28,16481,112713,0,0,0,0,0,70898,3,0
0,0,0,0,38,28,16482,112713,0,0,0,0,0,73945,3,0
0,0,0,0,31,28,16483,112713,0,0,0,0,0,71944,3,0
1,0,0,1,22,28,16484,112713,0,0,0,0,0,253953,3,0
0,0,0,0,30,29,16485,112713,0,0,0,0,0,273909,3,0
0,0,0,0,16,29,16486,112713,0,0,0,0,0,83213,3,0
0,0,0,0,6,29,16487,112713,0,0,0,0,0,77375,3,0
0,0,0,0,7,29,16488,112713,0,0,0,0,0,215026,3,0
0,0,0,0,24,29,16489,112713,0,0,0,0,0,71058,3,0
0,0,0,0,29,29,16490,112713,0,0,0,0,0,70670,3,0
2,0,0,1,25,29,16491,112713,1,0,0,0,1,247400,3,0
0,0,0,0,20,29,16492,112713,0,0,0,0,0,239219,3,0
0,0,0,0,3,29,16493,112713,0,0,0,0,0,222378,3,0
0,0,0,0,32,29,16494,112713,0,0,0,0,0,279172,3,0
0,0,0,0,40,29,16495,112713,0,0,0,0,0,74843,3,0
0,0,0,0,18,29,16496,112713,0,0,0,0,0,83385,3,0
3,0,0,1,14,29,16497,112713,0,0,0,0,0,226798,3,0
0,0,0,0,35,29,16498,112713,0,0,0,0,0,83593,3,0
0,0,0,0,1,0,16499,112965,0,0,0,0,0,215123,3,0
0,0,0,0,33,3,16500,112965,0,0,0,0,0,239197,3,0
0,0,0,0,6,4,16501,112965,0,0,0,0,0,263434,3,0
0,0,0,0,42,6,16502,112965,0,0,0,0,0,267410,3,0
0,0,0,0,3,7,16503,112965,0,0,0,0,0,251979,3,0
2,0,0,1,7,12,16504,112965,0,0,0,0,0,273976,3,0
0,0,0,0,8,13,16505,112965,0,0,0,0,0,234466,3,0
0,0,0,0,22,15,16506,112965,0,0,0,0,0,228375,3,0
1,0,0,1,10,16,16507,112965,0,0,0,0,0,279820,3,0
0,0,0,0,9,24,16508,112965,0,0,0,0,0,263418,3,0
2,0,0,1,11,26,16509,112965,0,0,0,0,0,229536,3,0
0,0,0,0,39,28,16510,112965,0,0,0,0,0,83309,3,0
0,0,0,0,37,28,16511,112965,0,0,0,0,0,82262,3,0
1,0,0,1,18,28,16512,112965,0,0,0,0,0,252239,3,0
0,0,0,0,17,28,16513,112965,0,0,0,0,0,72005,3,0
0,0,0,0,24,28,16514,112965,0,0,0,0,0,266308,3,0
1,0,0,1,20,28,16515,112965,0,0,0,0,0,271855,3,0
0,0,0,0,13,28,16516,112965,0,0,0,0,0,268954,3,0
0,0,0,0,27,28,16517,112965,0,0,0,0,0,230964,3,0
0,0,0,0,2,28,16518,112965,0,0,0,0,0,240457,3,0
0,0,0,0,29,28,16519,112965,0,0,0,0,0,279171,3,0
0,0,0,0,19,28,16520,112965,0,0,0,0,0,263503,3,0
0,0,0,0,23,28,16521,112965,0,0,0,0,0,278427,3,0
0,0,0,0,25,29,16522,112965,0,0,0,0,0,76844,3,0
0,0,0,0,5,29,16523,112965,0,0,0,0,0,278463,3,0
0,0,0,0,21,29,16524,112965,0,0,0,0,0,74800,3,0
0,0,0,0,38,0,16525,113044,0,0,0,0,0,77347,3,0
0,0,0,0,2,4,16526,113044,0,0,0,0,0,272945,3,0
1,0,0,1,32,5,16527,113044,0,0,0,0,0,213433,3,0
0,0,0,0,31,6,16528,113044,0,0,0,0,0,241120,3,0
0,0,0,0,21,9,16529,113044,0,0,0,0,0,214158,3,0
0,0,0,0,5,11,16530,113044,0,0,0,0,0,215993,3,0
0,0,0,0,13,12,16531,113044,0,0,0,0,0,224817,3,0
3,0,0,1,6,16,16532,113044,1,0,0,0,1,272946,3,0
1,0,0,1,10,18,16533,113044,0,0,0,0,0,266867,3,0
3,0,0,1,20,24,16534,113044,0,0,0,0,0,255319,3,0
5,0,0,1,7,26,16535,113044,0,0,0,0,2,267481,3,0
0,0,0,0,28,28,16536,113044,0,0,0,0,0,253241,3,0
0,0,0,0,17,28,16537,113044,0,0,0,0,0,266825,3,0
0,0,0,0,8,28,16538,113044,0,0,0,0,0,279831,3,0
0,0,0,0,15,28,16539,113044,0,0,0,0,0,235684,3,0
0,0,0,0,1,28,16540,113044,0,0,0,0,0,254714,3,0
0,0,0,0,16,28,16541,113044,0,0,0,0,0,76072,3,0
1,0,0,1,14,28,16542,113044,0,0,0,0,0,76720,3,0
0,0,0,0,11,28,16543,113044,0,0,0,0,0,235989,3,0
0,0,0,0,79,28,16544,113044,0,0,0,0,0,272313,3,0
0,0,0,0,36,28,16545,113044,0,0,0,0,0,83278,3,0
0,0,0,0,37,28,16546,113044,0,0,0,0,0,220429,3,0
0,0,0,0,40,28,16547,113044,0,0,0,0,0,258528,3,0
0,0,0,0,98,29,16548,113044,0,0,0,0,0,160017,3,0
0,0,0,0,19,29,16549,113044,0,0,0,0,0,261585,3,0
0,0,0,0,1,0,16550,115472,0,0,0,0,0,243759,3,0
0,0,0,0,15,3,16551,115472,0,0,0,0,0,258844,3,0
0,0,0,0,24,4,16552,115472,0,0,0,0,0,77005,3,0
1,0,0,0,22,5,16553,115472,0,0,0,0,0,226411,3,0
0,0,0,0,6,6,16554,115472,0,0,0,0,0,233292,3,0
0,0,0,0,13,7,16555,115472,0,0,0,0,0,275882,3,0
0,0,0,0,14,10,16556,115472,0,0,0,0,0,70053,3,0
2,0,0,1,7,13,16557,115472,0,0,0,0,0,266838,3,0
2,0,0,1,27,15,16558,115472,0,0,0,0,0,242485,3,0
2,0,0,1,20,24,16559,115472,0,0,0,0,0,246108,3,0
6,1,0,1,9,26,16560,115472,0,0,0,0,0,243977,3,0
1,0,0,0,44,28,16561,115472,0,0,0,0,0,258048,3,0
0,0,0,0,28,28,16562,115472,0,0,0,0,0,74240,3,0
0,0,0,0,43,28,16563,115472,0,0,0,0,0,77006,3,0
0,0,0,0,19,28,16564,115472,0,0,0,0,0,219175,3,0
0,0,0,0,47,28,16565,115472,0,0,0,0,0,83317,3,0
2,0,0,1,42,28,16566,115472,1,0,0,0,1,233775,3,0
0,0,0,0,30,28,16567,115472,0,0,0,0,0,226227,3,0
1,0,0,0,40,28,16568,115472,0,0,0,0,0,77010,3,0
0,0,0,0,11,28,16569,115472,0,0,0,0,0,70212,3,0
0,0,0,0,23,28,16570,115472,0,0,0,0,0,77008,3,0
0,0,0,0,3,28,16571,115472,0,0,0,0,0,236018,3,0
0,0,0,0,41,28,16572,115472,0,0,0,0,0,272861,3,0
0,0,0,0,12,29,16573,115472,0,0,0,0,0,70696,3,0
0,0,0,0,50,29,16574,115472,0,0,0,0,0,80225,3,0
0,0,0,0,2,29,16575,115472,0,0,0,0,0,77007,3,0
0,0,0,0,4,29,16576,115472,0,0,0,0,0,70214,3,0
0,0,0,0,48,29,16577,115472,0,0,0,0,0,83318,3,0
0,0,0,0,46,29,16578,115472,0,0,0,0,0,83316,3,0
0,0,0,0,45,29,16579,115472,0,0,0,0,0,83315,3,0
0,0,0,0,49,29,16580,115472,0,0,0,0,0,82884,3,0
0,0,0,0,99,29,16581,111592,0,0,0,0,0,73325,3,0
0,0,0,0,99,29,16582,111592,0,0,0,0,0,75355,3,0
0,0,0,0,99,29,16583,111592,0,0,0,0,0,75401,3,0
0,0,0,0,99,29,16584,111592,0,0,0,0,0,75403,3,0
0,0,0,0,99,29,16585,111592,0,0,0,0,0,76229,3,0
0,0,0,0,99,29,16586,111592,0,0,0,0,0,76232,3,0
0,0,0,0,99,29,16587,111592,0,0,0,0,0,76234,3,0
0,0,0,0,99,29,16588,111592,0,0,0,0,0,76241,3,0
0,0,0,0,99,29,16589,111592,0,0,0,0,0,77673,3,0
0,0,0,0,99,29,16590,111592,0,0,0,0,0,78801,3,0
0,0,0,0,99,29,16591,111592,0,0,0,0,0,79399,3,0
0,0,0,0,99,29,16592,111592,0,0,0,0,0,81784,3,0
0,0,0,0,99,29,16593,111592,0,0,0,0,0,81839,3,0
0,0,0,0,99,29,16594,111592,0,0,0,0,0,81956,3,0
0,0,0,0,99,29,16595,111592,0,0,0,0,0,82163,3,0
0,0,0,0,99,29,16596,111592,0,0,0,0,0,82236,3,0
0,0,0,0,99,29,16597,111592,0,0,0,0,0,82253,3,0
0,0,0,0,99,29,16598,111592,0,0,0,0,0,83520,3,0
0,0,0,0,99,29,16599,111592,0,0,0,0,0,140233,3,0
0,0,0,0,99,29,16600,111592,0,0,0,0,0,180561,3,0
0,0,0,0,99,29,16601,111592,0,0,0,0,0,189167,3,0
0,0,0,0,99,29,16602,111592,0,0,0,0,0,190640,3,0
0,0,0,0,99,29,16603,111592,0,0,0,0,0,191076,3,0
0,0,0,0,99,29,16604,111592,0,0,0,0,0,194571,3,0
0,0,0,0,99,29,16605,111592,0,0,0,0,0,202556,3,0
0,0,0,0,99,29,16606,111592,0,0,0,0,0,203244,3,0
0,0,0,0,99,29,16607,111592,0,0,0,0,0,207593,3,0
0,0,0,0,99,29,16608,111592,0,0,0,0,0,208295,3,0
0,0,0,0,99,29,16609,111592,0,0,0,0,0,208522,3,0
0,0,0,0,99,29,16610,111592,0,0,0,0,0,209236,3,0
0,0,0,0,99,29,16611,111592,0,0,0,0,0,212207,3,0
0,0,0,0,99,29,16612,111592,0,0,0,0,0,212219,3,0
0,0,0,0,99,29,16613,111592,0,0,0,0,0,215911,3,0
0,0,0,0,99,29,16614,111592,0,0,0,0,0,219951,3,0
0,0,0,0,99,29,16615,111592,0,0,0,0,0,223113,3,0
0,0,0,0,99,29,16616,111592,0,0,0,0,0,223573,3,0
0,0,0,0,99,29,16617,111592,0,0,0,0,0,225410,3,0
0,0,0,0,99,29,16618,111592,0,0,0,0,0,226045,3,0
0,0,0,0,99,29,16619,111592,0,0,0,0,0,226579,3,0
0,0,0,0,99,29,16620,111592,0,0,0,0,0,228352,3,0
0,0,0,0,99,29,16621,111592,0,0,0,0,0,229154,3,0
0,0,0,0,99,29,16622,111592,0,0,0,0,0,229980,3,0
0,0,0,0,99,29,16623,111592,0,0,0,0,0,231254,3,0
0,0,0,0,99,29,16624,111592,0,0,0,0,0,232654,3,0
0,0,0,0,99,29,16625,111592,0,0,0,0,0,233260,3,0
0,0,0,0,99,29,16626,111592,0,0,0,0,0,233493,3,0
0,0,0,0,99,29,16627,111592,0,0,0,0,0,234051,3,0
0,0,0,0,99,29,16628,111592,0,0,0,0,0,234298,3,0
0,0,0,0,99,29,16629,111592,0,0,0,0,0,234889,3,0
0,0,0,0,99,29,16630,111592,0,0,0,0,0,235389,3,0
0,0,0,0,99,29,16631,111592,0,0,0,0,0,235414,3,0
0,0,0,0,99,29,16632,111592,0,0,0,0,0,237043,3,0
0,0,0,0,99,29,16633,111592,0,0,0,0,0,237248,3,0
0,0,0,0,99,29,16634,111592,0,0,0,0,0,237324,3,0
0,0,0,0,99,29,16635,111592,0,0,0,0,0,237995,3,0
0,0,0,0,99,29,16636,111592,0,0,0,0,0,239878,3,0
0,0,0,0,99,29,16637,111592,0,0,0,0,0,243015,3,0
0,0,0,0,99,29,16638,111592,0,0,0,0,0,244385,3,0
0,0,0,0,99,29,16639,111592,0,0,0,0,0,244428,3,0
0,0,0,0,99,29,16640,111592,0,0,0,0,0,244973,3,0
0,0,0,0,99,29,16641,111592,0,0,0,0,0,245274,3,0
0,0,0,0,99,29,16642,111592,0,0,0,0,0,248674,3,0
0,0,0,0,99,29,16643,111592,0,0,0,0,0,252008,3,0
0,0,0,0,99,29,16644,111592,0,0,0,0,0,254159,3,0
0,0,0,0,99,29,16645,111592,0,0,0,0,0,256098,3,0
0,0,0,0,99,29,16646,111592,0,0,0,0,0,257784,3,0
0,0,0,0,99,29,16647,111592,0,0,0,0,0,258599,3,0
0,0,0,0,99,29,16648,111592,0,0,0,0,0,261210,3,0
0,0,0,0,99,29,16649,111592,0,0,0,0,0,268099,3,0
0,0,0,0,99,29,16650,111592,0,0,0,0,0,268771,3,0
0,0,0,0,99,29,16651,111592,0,0,0,0,0,268772,3,0
0,0,0,0,99,29,16652,111592,0,0,0,0,0,268778,3,0
0,0,0,0,99,29,16653,111592,0,0,0,0,0,268779,3,0
0,0,0,0,99,29,16654,111592,0,0,0,0,0,268780,3,0
0,0,0,0,99,29,16655,111592,0,0,0,0,0,268781,3,0
0,0,0,0,99,29,16656,111592,0,0,0,0,0,268782,3,0
0,0,0,0,99,29,16657,111592,0,0,0,0,0,268783,3,0
0,0,0,0,99,29,16658,111592,0,0,0,0,0,268879,3,0
0,0,0,0,99,29,16659,111592,0,0,0,0,0,268982,3,0
0,0,0,0,99,29,16660,111592,0,0,0,0,0,268986,3,0
0,0,0,0,99,29,16661,111592,0,0,0,0,0,269511,3,0
0,0,0,0,99,29,16662,111592,0,0,0,0,0,270731,3,0
0,0,0,0,99,29,16663,111592,0,0,0,0,0,272472,3,0
0,0,0,0,99,29,16664,111592,0,0,0,0,0,274968,3,0
0,0,0,0,99,29,16665,111592,0,0,0,0,0,276214,3,0
0,0,0,0,99,29,16666,111592,0,0,0,0,0,276232,3,0
0,0,0,0,99,29,16667,111592,0,0,0,0,0,279194,3,0
0,0,0,0,99,29,16668,131368,0,0,0,0,0,70091,3,0
0,0,0,0,99,29,16669,131368,0,0,0,0,0,71047,3,0
0,0,0,0,99,29,16670,131368,0,0,0,0,0,72156,3,0
0,0,0,0,99,29,16671,131368,0,0,0,0,0,72348,3,0
0,0,0,0,99,29,16672,131368,0,0,0,0,0,72763,3,0
0,0,0,0,99,29,16673,131368,0,0,0,0,0,72787,3,0
0,0,0,0,99,29,16674,131368,0,0,0,0,0,72792,3,0
0,0,0,0,99,29,16675,131368,0,0,0,0,0,72793,3,0
0,0,0,0,99,29,16676,131368,0,0,0,0,0,72795,3,0
0,0,0,0,99,29,16677,131368,0,0,0,0,0,72797,3,0
0,0,0,0,99,29,16678,131368,0,0,0,0,0,72798,3,0
0,0,0,0,99,29,16679,131368,0,0,0,0,0,72828,3,0
0,0,0,0,99,29,16680,131368,0,0,0,0,0,72865,3,0
0,0,0,0,99,29,16681,131368,0,0,0,0,0,72904,3,0
0,0,0,0,99,29,16682,131368,0,0,0,0,0,74401,3,0
0,0,0,0,99,29,16683,131368,0,0,0,0,0,75021,3,0
0,0,0,0,99,29,16684,131368,0,0,0,0,0,75545,3,0
0,0,0,0,99,29,16685,131368,0,0,0,0,0,75546,3,0
0,0,0,0,99,29,16686,131368,0,0,0,0,0,75550,3,0
0,0,0,0,99,29,16687,131368,0,0,0,0,0,75681,3,0
0,0,0,0,99,29,16688,131368,0,0,0,0,0,75712,3,0
0,0,0,0,99,29,16689,131368,0,0,0,0,0,75714,3,0
0,0,0,0,99,29,16690,131368,0,0,0,0,0,75715,3,0
0,0,0,0,99,29,16691,131368,0,0,0,0,0,75717,3,0
0,0,0,0,99,29,16692,131368,0,0,0,0,0,75721,3,0
0,0,0,0,99,29,16693,131368,0,0,0,0,0,75728,3,0
0,0,0,0,99,29,16694,131368,0,0,0,0,0,76441,3,0
0,0,0,0,99,29,16695,131368,0,0,0,0,0,77203,3,0
0,0,0,0,99,29,16696,131368,0,0,0,0,0,77219,3,0
0,0,0,0,99,29,16697,131368,0,0,0,0,0,78461,3,0
0,0,0,0,99,29,16698,131368,0,0,0,0,0,78462,3,0
0,0,0,0,99,29,16699,131368,0,0,0,0,0,78463,3,0
0,0,0,0,99,29,16700,131368,0,0,0,0,0,78609,3,0
0,0,0,0,99,29,16701,131368,0,0,0,0,0,79116,3,0
0,0,0,0,99,29,16702,131368,0,0,0,0,0,79183,3,0
0,0,0,0,99,29,16703,131368,0,0,0,0,0,79196,3,0
0,0,0,0,99,29,16704,131368,0,0,0,0,0,79204,3,0
0,0,0,0,99,29,16705,131368,0,0,0,0,0,79208,3,0
0,0,0,0,99,29,16706,131368,0,0,0,0,0,79219,3,0
0,0,0,0,99,29,16707,131368,0,0,0,0,0,79239,3,0
0,0,0,0,99,29,16708,131368,0,0,0,0,0,79937,3,0
0,0,0,0,99,29,16709,131368,0,0,0,0,0,79946,3,0
0,0,0,0,99,29,16710,131368,0,0,0,0,0,80054,3,0
0,0,0,0,99,29,16711,131368,0,0,0,0,0,80055,3,0
0,0,0,0,99,29,16712,131368,0,0,0,0,0,80056,3,0
0,0,0,0,99,29,16713,131368,0,0,0,0,0,82278,3,0
0,0,0,0,99,29,16714,131368,0,0,0,0,0,82398,3,0
0,0,0,0,99,29,16715,131368,0,0,0,0,0,226973,3,0
0,0,0,0,99,29,16716,131368,0,0,0,0,0,227003,3,0
0,0,0,0,99,29,16717,131368,0,0,0,0,0,227192,3,0
0,0,0,0,99,29,16718,131368,0,0,0,0,0,227368,3,0
0,0,0,0,99,29,16719,131368,0,0,0,0,0,227381,3,0
0,0,0,0,99,29,16720,131368,0,0,0,0,0,227404,3,0
0,0,0,0,99,29,16721,131368,0,0,0,0,0,227452,3,0
0,0,0,0,99,29,16722,131368,0,0,0,0,0,227453,3,0
0,0,0,0,99,29,16723,131368,0,0,0,0,0,227455,3,0
0,0,0,0,99,29,16724,131368,0,0,0,0,0,227457,3,0
0,0,0,0,99,29,16725,131368,0,0,0,0,0,227466,3,0
0,0,0,0,99,29,16726,131368,0,0,0,0,0,228724,3,0
0,0,0,0,99,29,16727,131368,0,0,0,0,0,235585,3,0
0,0,0,0,99,29,16728,131368,0,0,0,0,0,235962,3,0
0,0,0,0,99,29,16729,131368,0,0,0,0,0,238096,3,0
0,0,0,0,99,29,16730,131368,0,0,0,0,0,240714,3,0
0,0,0,0,99,29,16731,131368,0,0,0,0,0,241225,3,0
0,0,0,0,99,29,16732,131368,0,0,0,0,0,242806,3,0
0,0,0,0,99,29,16733,131368,0,0,0,0,0,242807,3,0
0,0,0,0,99,29,16734,131368,0,0,0,0,0,243054,3,0
0,0,0,0,99,29,16735,131368,0,0,0,0,0,243379,3,0
0,0,0,0,99,29,16736,131368,0,0,0,0,0,245821,3,0
0,0,0,0,99,29,16737,131368,0,0,0,0,0,245877,3,0
0,0,0,0,99,29,16738,131368,0,0,0,0,0,245889,3,0
0,0,0,0,99,29,16739,131368,0,0,0,0,0,246178,3,0
0,0,0,0,99,29,16740,131368,0,0,0,0,0,246359,3,0
0,0,0,0,99,29,16741,131368,0,0,0,0,0,246361,3,0
0,0,0,0,99,29,16742,131368,0,0,0,0,0,246366,3,0
0,0,0,0,99,29,16743,131368,0,0,0,0,0,246377,3,0
0,0,0,0,99,29,16744,131368,0,0,0,0,0,246967,3,0
0,0,0,0,99,29,16745,131368,0,0,0,0,0,247462,3,0
0,0,0,0,99,29,16746,131368,0,0,0,0,0,248785,3,0
0,0,0,0,99,29,16747,131368,0,0,0,0,0,248789,3,0
0,0,0,0,99,29,16748,131368,0,0,0,0,0,254564,3,0
0,0,0,0,99,29,16749,131368,0,0,0,0,0,256840,3,0
0,0,0,0,99,29,16750,131368,0,0,0,0,0,261091,3,0
0,0,0,0,99,29,16751,131368,0,0,0,0,0,261833,3,0
0,0,0,0,99,29,16752,131368,0,0,0,0,0,261834,3,0
0,0,0,0,99,29,16753,131368,0,0,0,0,0,261842,3,0
0,0,0,0,99,29,16754,131368,0,0,0,0,0,261844,3,0
0,0,0,0,99,29,16755,131368,0,0,0,0,0,261845,3,0
0,0,0,0,99,29,16756,131368,0,0,0,0,0,261849,3,0
0,0,0,0,99,29,16757,131368,0,0,0,0,0,261852,3,0
0,0,0,0,99,29,16758,131368,0,0,0,0,0,262826,3,0
0,0,0,0,99,29,16759,131368,0,0,0,0,0,263479,3,0
0,0,0,0,99,29,16760,131368,0,0,0,0,0,264627,3,0
0,0,0,0,99,29,16761,131368,0,0,0,0,0,264891,3,0
0,0,0,0,99,29,16762,131368,0,0,0,0,0,264932,3,0
0,0,0,0,99,29,16763,131368,0,0,0,0,0,264941,3,0
0,0,0,0,99,29,16764,131368,0,0,0,0,0,265017,3,0
0,0,0,0,99,29,16765,131368,0,0,0,0,0,265267,3,0
0,0,0,0,99,29,16766,131368,0,0,0,0,0,265286,3,0
0,0,0,0,99,29,16767,131368,0,0,0,0,0,265300,3,0
0,0,0,0,99,29,16768,131368,0,0,0,0,0,266553,3,0
0,0,0,0,99,29,16769,131368,0,0,0,0,0,266601,3,0
0,0,0,0,99,29,16770,131368,0,0,0,0,0,266945,3,0
0,0,0,0,99,29,16771,131368,0,0,0,0,0,266963,3,0
0,0,0,0,99,29,16772,131368,0,0,0,0,0,267184,3,0
0,0,0,0,99,29,16773,131368,0,0,0,0,0,267237,3,0
0,0,0,0,99,29,16774,131368,0,0,0,0,0,267277,3,0
0,0,0,0,99,29,16775,131368,0,0,0,0,0,268472,3,0
0,0,0,0,99,29,16776,131368,0,0,0,0,0,268487,3,0
0,0,0,0,99,29,16777,131368,0,0,0,0,0,269655,3,0
0,0,0,0,99,29,16778,131368,0,0,0,0,0,269662,3,0
0,0,0,0,99,29,16779,131368,0,0,0,0,0,269664,3,0
0,0,0,0,99,29,16780,131368,0,0,0,0,0,269665,3,0
0,0,0,0,99,29,16781,131368,0,0,0,0,0,269668,3,0
0,0,0,0,99,29,16782,131368,0,0,0,0,0,269675,3,0
0,0,0,0,99,29,16783,131368,0,0,0,0,0,269677,3,0
0,0,0,0,99,29,16784,131368,0,0,0,0,0,269680,3,0
0,0,0,0,99,29,16785,131368,0,0,0,0,0,271809,3,0
0,0,0,0,99,29,16786,131368,0,0,0,0,0,272522,3,0
0,0,0,0,99,29,16787,131368,0,0,0,0,0,272524,3,0
0,0,0,0,99,29,16788,131368,0,0,0,0,0,273167,3,0
0,0,0,0,99,29,16789,131368,0,0,0,0,0,273169,3,0
0,0,0,0,99,29,16790,131368,0,0,0,0,0,273179,3,0
0,0,0,0,99,29,16791,131368,0,0,0,0,0,273207,3,0
0,0,0,0,99,29,16792,131368,0,0,0,0,0,273209,3,0
0,0,0,0,99,29,16793,131368,0,0,0,0,0,273210,3,0
0,0,0,0,99,29,16794,131368,0,0,0,0,0,273211,3,0
0,0,0,0,99,29,16795,131368,0,0,0,0,0,273215,3,0
0,0,0,0,99,29,16796,131368,0,0,0,0,0,273387,3,0
0,0,0,0,99,29,16797,131368,0,0,0,0,0,275940,3,0
0,0,0,0,99,29,16798,131368,0,0,0,0,0,276380,3,0
0,0,0,0,99,29,16799,131368,0,0,0,0,0,276568,3,0
0,0,0,0,99,29,16800,131368,0,0,0,0,0,276599,3,0
0,0,0,0,99,29,16801,131368,0,0,0,0,0,277911,3,0
0,0,0,0,99,29,16802,131368,0,0,0,0,0,277965,3,0
0,0,0,0,99,29,16803,131368,0,0,0,0,0,278967,3,0
0,0,0,0,99,29,16804,131368,0,0,0,0,0,278968,3,0
0,0,0,0,99,29,16805,131368,0,0,0,0,0,279524,3,0
0,0,0,0,99,29,16806,131368,0,0,0,0,0,279527,3,0
0,0,0,0,99,29,16807,131680,0,0,0,0,0,238399,3,0
0,0,0,0,1,0,16808,383,0,0,0,0,0,230182,3,0
0,0,0,0,14,3,16809,383,0,0,0,0,0,236112,3,0
0,0,0,0,4,4,16810,383,0,0,0,0,0,230229,3,0
0,0,0,0,3,6,16811,383,0,0,0,0,0,236109,3,0
0,0,0,0,6,7,16812,383,0,0,0,0,0,230241,3,0
0,0,0,0,5,9,16813,383,0,0,0,0,0,230331,3,0
0,0,0,0,16,11,16814,383,0,0,0,0,0,230373,3,0
0,0,0,0,7,12,16815,383,0,0,0,0,0,230425,3,0
0,0,0,0,11,16,16816,383,0,0,0,0,0,230402,3,0
0,0,0,0,10,18,16817,383,0,0,0,0,0,230269,3,0
0,0,0,0,9,25,16818,383,0,0,0,0,0,230440,3,0
0,0,0,0,8,28,16819,383,0,0,0,0,0,230480,3,0
0,0,0,0,19,28,16820,383,0,0,0,0,0,230439,3,0
0,0,0,0,15,28,16821,383,0,0,0,0,0,230353,3,0
0,0,0,0,13,28,16822,383,0,0,0,0,0,230282,3,0
0,0,0,0,23,28,16823,383,0,0,0,0,0,230185,3,0
0,0,0,0,20,28,16824,383,0,0,0,0,0,230501,3,0
0,0,0,0,18,28,16825,383,0,0,0,0,0,230427,3,0
0,0,0,0,17,28,16826,383,0,0,0,0,0,230248,3,0
0,0,0,0,2,28,16827,383,0,0,0,0,0,230371,3,0
0,0,0,0,30,0,16828,517,0,0,0,0,0,230328,3,0
0,0,0,0,12,3,16829,517,0,0,0,0,0,230208,3,0
0,0,0,0,13,4,16830,517,0,0,0,0,0,230379,3,0
0,0,0,0,14,6,16831,517,0,0,0,0,0,230388,3,0
0,0,0,0,33,7,16832,517,0,0,0,0,0,230339,3,0
0,0,0,0,2,9,16833,517,0,0,0,0,0,230417,3,0
0,0,0,0,4,11,16834,517,0,0,0,0,0,230259,3,0
0,0,0,0,19,12,16835,517,0,0,0,0,0,230422,3,0
0,0,0,0,3,16,16836,517,0,0,0,0,0,230468,3,0
0,0,0,0,20,18,16837,517,0,0,0,0,0,230481,3,0
0,0,0,0,11,25,16838,517,0,0,0,0,0,230516,3,0
0,0,0,0,10,28,16839,517,0,0,0,0,0,230239,3,0
0,0,0,0,22,28,16840,517,0,0,0,0,0,230213,3,0
0,0,0,0,6,28,16841,517,0,0,0,0,0,236073,3,0
0,0,0,0,5,28,16842,517,0,0,0,0,0,230397,3,0
0,0,0,0,1,28,16843,517,0,0,0,0,0,230324,3,0
0,0,0,0,8,28,16844,517,0,0,0,0,0,230503,3,0
0,0,0,0,17,28,16845,517,0,0,0,0,0,230485,3,0
0,0,0,0,16,28,16846,517,0,0,0,0,0,230399,3,0
0,0,0,0,24,28,16847,517,0,0,0,0,0,236190,3,0
0,0,0,0,1,0,16848,598,0,0,0,0,0,230319,3,0
0,0,0,0,2,3,16849,598,0,0,0,0,0,230217,3,0
0,0,0,0,3,4,16850,598,0,0,0,0,0,230326,3,0
0,0,0,0,4,6,16851,598,0,0,0,0,0,230222,3,0
0,0,0,0,6,7,16852,598,0,0,0,0,0,230244,3,0
0,0,0,0,5,10,16853,598,0,0,0,0,0,230242,3,0
0,0,0,0,17,13,16854,598,0,0,0,0,0,230414,3,0
0,0,0,0,8,15,16855,598,0,0,0,0,0,236147,3,0
0,0,0,0,10,18,16856,598,0,0,0,0,0,230370,3,0
0,0,0,0,9,24,16857,598,0,0,0,0,0,230432,3,0
0,0,0,0,18,26,16858,598,0,0,0,0,0,230521,3,0
0,0,0,0,7,28,16859,598,0,0,0,0,0,230385,3,0
0,0,0,0,16,28,16860,598,0,0,0,0,0,230246,3,0
0,0,0,0,13,28,16861,598,0,0,0,0,0,230386,3,0
0,0,0,0,15,28,16862,598,0,0,0,0,0,230205,3,0
0,0,0,0,12,28,16863,598,0,0,0,0,0,230321,3,0
0,0,0,0,11,28,16864,598,0,0,0,0,0,230456,3,0
0,0,0,0,19,28,16865,598,0,0,0,0,0,234028,3,0
0,0,0,0,14,28,16866,598,0,0,0,0,0,230392,3,0
0,0,0,0,20,28,16867,598,0,0,0,0,0,230410,3,0
0,0,0,0,1,0,16868,1043,0,0,0,0,0,230204,3,0
0,0,0,0,4,3,16869,1043,0,0,0,0,0,230206,3,0
0,0,0,0,18,4,16870,1043,0,0,0,0,0,230285,3,0
0,0,0,0,17,6,16871,1043,0,0,0,0,0,230327,3,0
0,0,0,0,23,7,16872,1043,0,0,0,0,0,230245,3,0
0,0,0,0,21,12,16873,1043,0,0,0,0,0,230406,3,0
0,0,0,0,19,13,16874,1043,0,0,0,0,0,230426,3,0
0,0,0,0,6,15,16875,1043,0,0,0,0,0,230346,3,0
0,0,0,0,11,16,16876,1043,0,0,0,0,0,230460,3,0
0,0,0,0,9,24,16877,1043,0,0,0,0,0,230430,3,0
0,0,0,0,10,26,16878,1043,0,0,0,0,0,230449,3,0
0,0,0,0,14,28,16879,1043,0,0,0,0,0,230336,3,0
0,0,0,0,8,28,16880,1043,0,0,0,0,0,230482,3,0
0,0,0,0,5,28,16881,1043,0,0,0,0,0,230219,3,0
0,0,0,0,16,28,16882,1043,0,0,0,0,0,236108,3,0
0,0,0,0,24,28,16883,1043,0,0,0,0,0,230191,3,0
0,0,0,0,27,28,16884,1043,0,0,0,0,0,230493,3,0
0,0,0,0,13,28,16885,1043,0,0,0,0,0,230454,3,0
0,0,0,0,26,28,16886,1043,0,0,0,0,0,230286,3,0
0,0,0,0,30,28,16887,1043,0,0,0,0,0,230260,3,0
0,0,0,0,16,0,16888,1048,0,0,0,0,0,230312,3,0
0,0,0,0,25,3,16889,1048,0,0,0,0,0,230216,3,0
0,0,0,0,3,4,16890,1048,0,0,0,0,0,230313,3,0
0,0,0,0,30,6,16891,1048,0,0,0,0,0,230212,3,0
0,0,0,0,4,7,16892,1048,0,0,0,0,0,230183,3,0
0,0,0,0,11,12,16893,1048,0,0,0,0,0,230408,3,0
0,0,0,0,5,13,16894,1048,0,0,0,0,0,230431,3,0
0,0,0,0,6,15,16895,1048,0,0,0,0,0,230437,3,0
0,0,0,0,10,16,16896,1048,0,0,0,0,0,230276,3,0
0,0,0,0,9,24,16897,1048,0,0,0,0,0,230495,3,0
0,0,0,0,26,26,16898,1048,0,0,0,0,0,230513,3,0
0,0,0,0,17,28,16899,1048,0,0,0,0,0,236145,3,0
0,0,0,0,15,28,16900,1048,0,0,0,0,0,236164,3,0
0,0,0,0,22,28,16901,1048,0,0,0,0,0,236075,3,0
0,0,0,0,18,28,16902,1048,0,0,0,0,0,230398,3,0
0,0,0,0,21,28,16903,1048,0,0,0,0,0,233999,3,0
0,0,0,0,8,28,16904,1048,0,0,0,0,0,230277,3,0
0,0,0,0,31,28,16905,1048,0,0,0,0,0,234016,3,0
0,0,0,0,23,28,16906,1048,0,0,0,0,0,230362,3,0
0,0,0,0,19,28,16907,1048,0,0,0,0,0,230288,3,0
0,0,0,0,12,0,16908,1598,0,0,0,0,0,230315,3,0
0,0,0,0,7,3,16909,1598,0,0,0,0,0,230366,3,0
0,0,0,0,4,4,16910,1598,0,0,0,0,0,230407,3,0
0,0,0,0,6,6,16911,1598,0,0,0,0,0,230341,3,0
0,0,0,0,23,7,16912,1598,0,0,0,0,0,230188,3,0
0,0,0,0,8,9,16913,1598,0,0,0,0,0,230423,3,0
0,0,0,0,5,11,16914,1598,0,0,0,0,0,230424,3,0
0,0,0,0,14,12,16915,1598,0,0,0,0,0,230464,3,0
0,0,0,0,11,16,16916,1598,0,0,0,0,0,230461,3,0
0,0,0,0,10,18,16917,1598,0,0,0,0,0,230475,3,0
0,0,0,0,9,25,16918,1598,0,0,0,0,0,230498,3,0
0,0,0,0,16,28,16919,1598,0,0,0,0,0,234004,3,0
0,0,0,0,17,28,16920,1598,0,0,0,0,0,234025,3,0
0,0,0,0,13,28,16921,1598,0,0,0,0,0,230350,3,0
0,0,0,0,19,28,16922,1598,0,0,0,0,0,230214,3,0
0,0,0,0,1,28,16923,1598,0,0,0,0,0,230166,3,0
0,0,0,0,15,28,16924,1598,0,0,0,0,0,230299,3,0
0,0,0,0,20,28,16925,1598,0,0,0,0,0,230505,3,0
0,0,0,0,18,28,16926,1598,0,0,0,0,0,234007,3,0
0,0,0,0,2,28,16927,1598,0,0,0,0,0,230203,3,0
0,0,0,0,25,0,16928,15029,0,0,0,0,0,219941,3,0
0,0,0,0,5,4,16929,15029,0,0,0,0,0,232189,3,0
0,0,0,0,2,5,16930,15029,0,0,0,0,0,253951,3,0
0,0,0,0,22,6,16931,15029,0,0,0,0,0,215053,3,0
0,0,0,0,17,12,16932,15029,0,0,0,0,0,228145,3,0
0,0,0,0,8,13,16933,15029,0,0,0,0,0,224504,3,0
0,0,0,0,20,15,16934,15029,0,0,0,0,0,199042,3,0
0,0,0,0,15,16,16935,15029,0,0,0,0,0,264431,3,0
0,0,0,0,19,17,16936,15029,0,0,0,0,0,238767,3,0
0,0,0,0,23,19,16937,15029,0,0,0,0,0,75044,3,0
0,0,0,0,10,25,16938,15029,0,0,0,0,0,275209,3,0
0,0,0,0,21,28,16939,15029,0,0,0,0,0,176930,3,0
0,0,0,0,51,28,16940,15029,0,0,0,0,0,159977,3,0
0,0,0,0,6,28,16941,15029,0,0,0,0,0,239682,3,0
0,0,0,0,53,28,16942,15029,0,0,0,0,0,230391,3,0
0,0,0,0,1,28,16943,15029,0,0,0,0,0,189357,3,0
0,0,0,0,7,28,16944,15029,0,0,0,0,0,263122,3,0
0,0,0,0,52,28,16945,15029,0,0,0,0,0,160005,3,0
0,0,0,0,1,0,16946,101100,0,0,0,0,0,176550,3,0
0,0,0,0,6,3,16947,101100,0,0,0,0,0,237242,3,0
0,0,0,0,28,4,16948,101100,0,0,0,0,0,74044,3,0
0,0,0,0,16,6,16949,101100,0,0,0,0,0,214169,3,0
0,0,0,0,20,7,16950,101100,0,0,0,0,0,215071,3,0
0,0,0,0,21,9,16951,101100,0,0,0,0,0,242267,3,0
0,0,0,0,8,11,16952,101100,0,0,0,0,0,214047,3,0
0,0,0,0,7,12,16953,101100,0,0,0,0,0,225811,3,0
0,0,0,0,29,16,16954,101100,0,0,0,0,0,234955,3,0
0,0,0,0,10,18,16955,101100,0,0,0,0,0,192342,3,0
0,0,0,0,27,25,16956,101100,0,0,0,0,0,214354,3,0
0,0,0,0,17,28,16957,101100,0,0,0,0,0,217998,3,0
0,0,0,0,80,28,16958,101100,0,0,0,0,0,251841,3,0
0,0,0,0,23,28,16959,101100,0,0,0,0,0,271632,3,0
0,0,0,0,33,28,16960,101100,0,0,0,0,0,274245,3,0
0,0,0,0,15,28,16961,101100,0,0,0,0,0,255605,3,0
0,0,0,0,9,28,16962,101100,0,0,0,0,0,221714,3,0
0,0,0,0,18,28,16963,101100,0,0,0,0,0,242112,3,0
0,0,0,0,30,28,16964,101100,0,0,0,0,0,236633,3,0
0,0,0,0,4,28,16965,101100,0,0,0,0,0,248133,3,0
0,0,0,0,39,28,16966,101100,0,0,0,0,0,279011,3,0
0,0,0,0,13,28,16967,101100,0,0,0,0,0,77502,3,0
0,0,0,0,19,28,16968,101100,0,0,0,0,0,81233,3,0
0,0,0,0,26,29,16969,101100,0,0,0,0,0,76934,3,0
0,0,0,0,43,29,16970,101100,0,0,0,0,0,80018,3,0
0,0,0,0,24,29,16971,101100,0,0,0,0,0,78589,3,0
0,0,0,0,35,29,16972,101100,0,0,0,0,0,83557,3,0
0,0,0,0,5,29,16973,101100,0,0,0,0,0,78000,3,0
0,0,0,0,44,29,16974,101100,0,0,0,0,0,83086,3,0
0,0,0,0,1,0,16975,101108,0,0,0,0,0,254601,3,0
0,0,0,0,21,3,16976,101108,0,0,0,0,0,279548,3,0
0,0,0,0,5,4,16977,101108,0,0,0,0,0,265556,3,0
0,0,0,0,28,6,16978,101108,0,0,0,0,0,160178,3,0
0,0,0,0,33,7,16979,101108,0,0,0,0,0,159919,3,0
0,0,0,0,6,10,16980,101108,0,0,0,0,0,216385,3,0
0,0,0,0,11,23,16981,101108,0,0,0,0,0,253250,3,0
0,0,0,0,47,13,16982,101108,0,0,0,0,0,80112,3,0
0,0,0,0,8,15,16983,101108,0,0,0,0,0,275595,3,0
0,0,0,0,29,27,16984,101108,0,0,0,0,0,267784,3,0
0,0,0,0,10,25,16985,101108,0,0,0,0,0,209523,3,0
0,0,0,0,16,28,16986,101108,0,0,0,0,0,160117,3,0
0,0,0,0,40,28,16987,101108,0,0,0,0,0,160087,3,0
0,0,0,0,39,28,16988,101108,0,0,0,0,0,77153,3,0
0,0,0,0,49,28,16989,101108,0,0,0,0,0,81473,3,0
0,0,0,0,13,28,16990,101108,0,0,0,0,0,78105,3,0
0,0,0,0,34,28,16991,101108,0,0,0,0,0,160211,3,0
0,0,0,0,12,28,16992,101108,0,0,0,0,0,80117,3,0
0,0,0,0,1,0,16993,101110,0,0,0,0,0,159908,3,0
0,0,0,0,2,3,16994,101110,0,0,0,0,0,279395,3,0
0,0,0,0,4,4,16995,101110,0,0,0,0,0,279392,3,0
0,0,0,0,6,6,16996,101110,0,0,0,0,0,160054,3,0
0,0,0,0,3,7,16997,101110,0,0,0,0,0,279397,3,0
0,0,0,0,7,12,16998,101110,0,0,0,0,0,279389,3,0
0,0,0,0,5,13,16999,101110,0,0,0,0,0,279385,3,0
0,0,0,0,8,15,17000,101110,0,0,0,0,0,279393,3,0
0,0,0,0,11,16,17001,101110,0,0,0,0,0,159998,3,0
0,0,0,0,10,18,17002,101110,0,0,0,0,0,160113,3,0
0,0,0,0,9,25,17003,101110,0,0,0,0,0,279410,3,0
0,0,0,0,16,28,17004,101110,0,0,0,0,0,160159,3,0
0,0,0,0,15,28,17005,101110,0,0,0,0,0,274163,3,0
0,0,0,0,13,28,17006,101110,0,0,0,0,0,273736,3,0
0,0,0,0,14,28,17007,101110,0,0,0,0,0,279388,3,0
0,0,0,0,12,28,17008,101110,0,0,0,0,0,274155,3,0
0,0,0,0,18,28,17009,101110,0,0,0,0,0,279400,3,0
0,0,0,0,17,28,17010,101110,0,0,0,0,0,279373,3,0
0,0,0,0,1,0,17011,110968,0,0,0,0,0,196885,3,0
0,0,0,0,35,3,17012,110968,0,0,0,0,0,77522,3,0
0,0,0,0,3,4,17013,110968,0,0,0,0,0,176920,3,0
0,0,0,0,5,6,17014,110968,0,0,0,0,0,226447,3,0
0,0,0,0,4,7,17015,110968,0,0,0,0,0,238375,3,0
0,0,0,0,23,10,17016,110968,0,0,0,0,0,241131,3,0
0,0,0,0,99,23,17017,110968,0,0,0,0,0,232709,3,0
0,0,0,0,14,13,17018,110968,0,0,0,0,0,274259,3,0
0,0,0,0,80,15,17019,110968,0,0,0,0,0,253574,3,0
0,0,0,0,21,27,17020,110968,0,0,0,0,0,71646,3,0
0,0,0,0,9,25,17021,110968,0,0,0,0,0,215292,3,0
0,0,0,0,20,28,17022,110968,0,0,0,0,0,77656,3,0
0,0,0,0,26,28,17023,110968,0,0,0,0,0,231301,3,0
0,0,0,0,2,28,17024,110968,0,0,0,0,0,255798,3,0
0,0,0,0,6,28,17025,110968,0,0,0,0,0,279686,3,0
0,0,0,0,25,28,17026,110968,0,0,0,0,0,259930,3,0
0,0,0,0,17,28,17027,110968,0,0,0,0,0,207454,3,0
0,0,0,0,77,28,17028,110968,0,0,0,0,0,274254,3,0
0,0,0,0,8,28,17029,110968,0,0,0,0,0,277790,3,0
0,0,0,0,29,28,17030,110968,0,0,0,0,0,75799,3,0
0,0,0,0,7,28,17031,110968,0,0,0,0,0,81510,3,0
0,0,0,0,27,28,17032,110968,0,0,0,0,0,259271,3,0
0,0,0,0,34,28,17033,110968,0,0,0,0,0,75801,3,0
0,0,0,0,18,29,17034,110968,0,0,0,0,0,78847,3,0
0,0,0,0,30,0,17035,110980,0,0,0,0,0,229444,3,0
0,0,0,0,13,3,17036,110980,0,0,0,0,0,264314,3,0
0,0,0,0,2,4,17037,110980,0,0,0,0,0,257003,3,0
0,0,0,0,40,6,17038,110980,0,0,0,0,0,80353,3,0
0,0,0,0,21,7,17039,110980,0,0,0,0,0,246840,3,0
0,0,0,0,25,10,17040,110980,0,0,0,0,0,235824,3,0
0,0,0,0,7,23,17041,110980,0,0,0,0,0,78311,3,0
0,0,0,0,5,13,17042,110980,0,0,0,0,0,240252,3,0
0,0,0,0,23,15,17043,110980,0,0,0,0,0,181872,3,0
0,0,0,0,10,27,17044,110980,0,0,0,0,0,219553,3,0
0,0,0,0,9,25,17045,110980,0,0,0,0,0,223593,3,0
0,0,0,0,11,28,17046,110980,0,0,0,0,0,214874,3,0
0,0,0,0,24,28,17047,110980,0,0,0,0,0,279063,3,0
0,0,0,0,50,28,17048,110980,0,0,0,0,0,230404,3,0
0,0,0,0,17,28,17049,110980,0,0,0,0,0,265636,3,0
0,0,0,0,12,28,17050,110980,0,0,0,0,0,274083,3,0
0,0,0,0,52,28,17051,110980,0,0,0,0,0,234030,3,0
0,0,0,0,51,28,17052,110980,0,0,0,0,0,230352,3,0
0,0,0,0,1,0,17053,110981,0,0,0,0,0,231596,3,0
0,0,0,0,18,3,17054,110981,0,0,0,0,0,254238,3,0
0,0,0,0,14,4,17055,110981,0,0,0,0,0,71243,3,0
0,0,0,0,15,6,17056,110981,0,0,0,0,0,254028,3,0
0,0,0,0,4,7,17057,110981,0,0,0,0,0,254172,3,0
0,0,0,0,22,9,17058,110981,0,0,0,0,0,255684,3,0
0,0,0,0,23,11,17059,110981,0,0,0,0,0,254234,3,0
0,0,0,0,30,12,17060,110981,0,0,0,0,0,272990,3,0
0,0,0,0,11,16,17061,110981,0,0,0,0,0,233424,3,0
0,0,0,0,7,18,17062,110981,0,0,0,0,0,75311,3,0
0,0,0,0,10,25,17063,110981,0,0,0,0,0,175254,3,0
0,0,0,0,26,28,17064,110981,0,0,0,0,0,253537,3,0
0,0,0,0,50,28,17065,110981,0,0,0,0,0,251715,3,0
0,0,0,0,51,28,17066,110981,0,0,0,0,0,159951,3,0
0,0,0,0,27,28,17067,110981,0,0,0,0,0,259908,3,0
0,0,0,0,77,28,17068,110981,0,0,0,0,0,261407,3,0
0,0,0,0,52,28,17069,110981,0,0,0,0,0,251693,3,0
0,0,0,0,25,28,17070,110981,0,0,0,0,0,71242,3,0
0,0,0,0,22,0,17071,110986,0,0,0,0,0,199103,3,0
0,0,0,0,30,4,17072,110986,0,0,0,0,0,272974,3,0
0,0,0,0,4,5,17073,110986,0,0,0,0,0,265610,3,0
0,0,0,0,3,6,17074,110986,0,0,0,0,0,254173,3,0
0,0,0,0,5,10,17075,110986,0,0,0,0,0,254062,3,0
0,0,0,0,14,12,17076,110986,0,0,0,0,0,231550,3,0
0,0,0,0,15,13,17077,110986,0,0,0,0,0,259834,3,0
0,0,0,0,20,15,17078,110986,0,0,0,0,0,215036,3,0
0,0,0,0,33,16,17079,110986,0,0,0,0,0,253322,3,0
0,0,0,0,11,24,17080,110986,0,0,0,0,0,240944,3,0
0,0,0,0,16,26,17081,110986,0,0,0,0,0,242492,3,0
0,0,0,0,10,28,17082,110986,0,0,0,0,0,254206,3,0
0,0,0,0,31,28,17083,110986,0,0,0,0,0,74515,3,0
0,0,0,0,28,28,17084,110986,0,0,0,0,0,270573,3,0
0,0,0,0,2,28,17085,110986,0,0,0,0,0,274719,3,0
0,0,0,0,12,28,17086,110986,0,0,0,0,0,274717,3,0
0,0,0,0,24,28,17087,110986,0,0,0,0,0,253349,3,0
0,0,0,0,26,28,17088,110986,0,0,0,0,0,81470,3,0
0,0,0,0,23,28,17089,110986,0,0,0,0,0,78354,3,0
0,0,0,0,21,28,17090,110986,0,0,0,0,0,79307,3,0
0,0,0,0,1,28,17091,110986,0,0,0,0,0,259904,3,0
0,0,0,0,50,0,17092,110990,0,0,0,0,0,265675,3,0
0,0,0,0,13,3,17093,110990,0,0,0,0,0,192765,3,0
0,0,0,0,44,4,17094,110990,0,0,0,0,0,71848,3,0
0,0,0,0,22,6,17095,110990,0,0,0,0,0,215011,3,0
0,0,0,0,32,7,17096,110990,0,0,0,0,0,75410,3,0
0,0,0,0,10,12,17097,110990,0,0,0,0,0,267888,3,0
0,0,0,0,20,13,17098,110990,0,0,0,0,0,262752,3,0
0,0,0,0,38,15,17099,110990,0,0,0,0,0,276828,3,0
0,0,0,0,27,16,17100,110990,0,0,0,0,0,75411,3,0
0,0,0,0,17,18,17101,110990,0,0,0,0,0,259861,3,0
0,0,0,0,37,25,17102,110990,0,0,0,0,0,273584,3,0
0,0,0,0,19,28,17103,110990,0,0,0,0,0,259979,3,0
0,0,0,0,55,28,17104,110990,0,0,0,0,0,279423,3,0
0,0,0,0,53,28,17105,110990,0,0,0,0,0,160025,3,0
0,0,0,0,54,28,17106,110990,0,0,0,0,0,160174,3,0
0,0,0,0,1,28,17107,110990,0,0,0,0,0,252123,3,0
0,0,0,0,51,28,17108,110990,0,0,0,0,0,279436,3,0
0,0,0,0,52,28,17109,110990,0,0,0,0,0,236198,3,0
0,0,0,0,22,0,17110,110991,0,0,0,0,0,236608,3,0
0,0,0,0,27,4,17111,110991,0,0,0,0,0,279805,3,0
0,0,0,0,4,5,17112,110991,0,0,0,0,0,254826,3,0
0,0,0,0,32,6,17113,110991,0,0,0,0,0,78087,3,0
0,0,0,0,26,10,17114,110991,0,0,0,0,0,78085,3,0
0,0,0,0,14,12,17115,110991,0,0,0,0,0,78086,3,0
0,0,0,0,5,13,17116,110991,0,0,0,0,0,272329,3,0
0,0,0,0,8,15,17117,110991,0,0,0,0,0,272699,3,0
0,0,0,0,13,16,17118,110991,0,0,0,0,0,272328,3,0
0,0,0,0,99,24,17119,110991,0,0,0,0,0,264547,3,0
0,0,0,0,21,26,17120,110991,0,0,0,0,0,70626,3,0
0,0,0,0,16,28,17121,110991,0,0,0,0,0,274522,3,0
0,0,0,0,2,28,17122,110991,0,0,0,0,0,254672,3,0
0,0,0,0,28,28,17123,110991,0,0,0,0,0,257068,3,0
0,0,0,0,17,28,17124,110991,0,0,0,0,0,274525,3,0
0,0,0,0,1,28,17125,110991,0,0,0,0,0,260299,3,0
0,0,0,0,7,28,17126,110991,0,0,0,0,0,253579,3,0
0,0,0,0,15,28,17127,110991,0,0,0,0,0,78121,3,0
0,0,0,0,12,0,17128,111008,0,0,0,0,0,256156,3,0
0,0,0,0,2,3,17129,111008,0,0,0,0,0,244946,3,0
0,0,0,0,5,4,17130,111008,0,0,0,0,0,227550,3,0
0,0,0,0,4,6,17131,111008,0,0,0,0,0,254703,3,0
0,0,0,0,17,7,17132,111008,0,0,0,0,0,253239,3,0
0,0,0,0,6,9,17133,111008,0,0,0,0,0,259410,3,0
0,0,0,0,26,11,17134,111008,0,0,0,0,0,248868,3,0
0,0,0,0,18,12,17135,111008,0,0,0,0,0,253240,3,0
0,0,0,0,20,16,17136,111008,0,0,0,0,0,248869,3,0
0,0,0,0,28,24,17137,111008,0,0,0,0,0,274378,3,0
0,0,0,0,10,26,17138,111008,0,0,0,0,0,204699,3,0
0,0,0,0,22,28,17139,111008,0,0,0,0,0,256149,3,0
0,0,0,0,32,28,17140,111008,0,0,0,0,0,270842,3,0
0,0,0,0,3,28,17141,111008,0,0,0,0,0,246914,3,0
0,0,0,0,31,28,17142,111008,0,0,0,0,0,81717,3,0
0,0,0,0,25,28,17143,111008,0,0,0,0,0,261703,3,0
0,0,0,0,11,28,17144,111008,0,0,0,0,0,268527,3,0
0,0,0,0,21,28,17145,111008,0,0,0,0,0,255436,3,0
0,0,0,0,43,28,17146,111008,0,0,0,0,0,81831,3,0
0,0,0,0,42,28,17147,111008,0,0,0,0,0,79421,3,0
0,0,0,0,19,28,17148,111008,0,0,0,0,0,255169,3,0
0,0,0,0,23,28,17149,111008,0,0,0,0,0,72247,3,0
0,0,0,0,14,28,17150,111008,0,0,0,0,0,75224,3,0
0,0,0,0,35,29,17151,111008,0,0,0,0,0,78539,3,0
0,0,0,0,29,29,17152,111008,0,0,0,0,0,75874,3,0
0,0,0,0,37,29,17153,111008,0,0,0,0,0,74143,3,0
0,0,0,0,23,0,17154,111010,0,0,0,0,0,236241,3,0
0,0,0,0,4,3,17155,111010,0,0,0,0,0,253586,3,0
0,0,0,0,35,4,17156,111010,0,0,0,0,0,77604,3,0
0,0,0,0,6,6,17157,111010,0,0,0,0,0,259657,3,0
0,0,0,0,77,7,17158,111010,0,0,0,0,0,259802,3,0
0,0,0,0,55,9,17159,111010,0,0,0,0,0,236264,3,0
0,0,0,0,15,11,17160,111010,0,0,0,0,0,274011,3,0
0,0,0,0,27,12,17161,111010,0,0,0,0,0,253549,3,0
0,0,0,0,8,16,17162,111010,0,0,0,0,0,244464,3,0
0,0,0,0,7,18,17163,111010,0,0,0,0,0,233529,3,0
0,0,0,0,34,25,17164,111010,0,0,0,0,0,150525,3,0
0,0,0,0,25,28,17165,111010,0,0,0,0,0,240211,3,0
0,0,0,0,29,28,17166,111010,0,0,0,0,0,254373,3,0
0,0,0,0,18,28,17167,111010,0,0,0,0,0,263825,3,0
0,0,0,0,21,28,17168,111010,0,0,0,0,0,79230,3,0
0,0,0,0,12,28,17169,111010,0,0,0,0,0,270939,3,0
0,0,0,0,62,28,17170,111010,0,0,0,0,0,160208,3,0
0,0,0,0,61,28,17171,111010,0,0,0,0,0,160172,3,0
0,0,0,0,1,0,17172,111013,0,0,0,0,0,265786,3,0
0,0,0,0,8,3,17173,111013,0,0,0,0,0,231930,3,0
0,0,0,0,29,4,17174,111013,0,0,0,0,0,77148,3,0
0,0,0,0,5,6,17175,111013,0,0,0,0,0,261377,3,0
0,0,0,0,28,7,17176,111013,0,0,0,0,0,214772,3,0
0,0,0,0,19,10,17177,111013,0,0,0,0,0,204542,3,0
0,0,0,0,7,23,17178,111013,0,0,0,0,0,243731,3,0
0,0,0,0,26,13,17179,111013,0,0,0,0,0,71169,3,0
0,0,0,0,25,15,17180,111013,0,0,0,0,0,253619,3,0
0,0,0,0,23,27,17181,111013,0,0,0,0,0,77146,3,0
0,0,0,0,11,25,17182,111013,0,0,0,0,0,196848,3,0
0,0,0,0,10,28,17183,111013,0,0,0,0,0,228271,3,0
0,0,0,0,77,28,17184,111013,0,0,0,0,0,275462,3,0
0,0,0,0,15,28,17185,111013,0,0,0,0,0,259833,3,0
0,0,0,0,50,28,17186,111013,0,0,0,0,0,279329,3,0
0,0,0,0,12,28,17187,111013,0,0,0,0,0,253629,3,0
0,0,0,0,16,28,17188,111013,0,0,0,0,0,254220,3,0
0,0,0,0,51,28,17189,111013,0,0,0,0,0,279364,3,0
0,0,0,0,25,0,17190,111014,0,0,0,0,0,229397,3,0
0,0,0,0,40,4,17191,111014,0,0,0,0,0,236260,3,0
0,0,0,0,3,5,17192,111014,0,0,0,0,0,240138,3,0
0,0,0,0,5,6,17193,111014,0,0,0,0,0,266554,3,0
0,0,0,0,55,10,17194,111014,0,0,0,0,0,259612,3,0
0,0,0,0,24,12,17195,111014,0,0,0,0,0,223637,3,0
0,0,0,0,16,13,17196,111014,0,0,0,0,0,211274,3,0
0,0,0,0,17,15,17197,111014,0,0,0,0,0,264796,3,0
0,0,0,0,33,16,17198,111014,0,0,0,0,0,279076,3,0
0,0,0,0,20,24,17199,111014,0,0,0,0,0,259251,3,0
0,0,0,0,19,26,17200,111014,0,0,0,0,0,210951,3,0
0,0,0,0,23,28,17201,111014,0,0,0,0,0,259941,3,0
0,0,0,0,27,28,17202,111014,0,0,0,0,0,255098,3,0
0,0,0,0,29,28,17203,111014,0,0,0,0,0,196688,3,0
0,0,0,0,14,28,17204,111014,0,0,0,0,0,254204,3,0
0,0,0,0,12,28,17205,111014,0,0,0,0,0,71875,3,0
0,0,0,0,11,28,17206,111014,0,0,0,0,0,265627,3,0
0,0,0,0,10,28,17207,111014,0,0,0,0,0,246013,3,0
0,0,0,0,26,28,17208,111014,0,0,0,0,0,274503,3,0
0,0,0,0,36,28,17209,111014,0,0,0,0,0,81451,3,0
0,0,0,0,1,0,17210,111052,0,0,0,0,0,230169,3,0
0,0,0,0,2,3,17211,111052,0,0,0,0,0,230367,3,0
0,0,0,0,3,4,17212,111052,0,0,0,0,0,233984,3,0
0,0,0,0,4,6,17213,111052,0,0,0,0,0,230227,3,0
0,0,0,0,6,7,17214,111052,0,0,0,0,0,230340,3,0
0,0,0,0,8,9,17215,111052,0,0,0,0,0,230255,3,0
0,0,0,0,5,11,17216,111052,0,0,0,0,0,230249,3,0
0,0,0,0,10,17,17217,111052,0,0,0,0,0,230272,3,0
0,0,0,0,7,19,17218,111052,0,0,0,0,0,230486,3,0
0,0,0,0,9,24,17219,111052,0,0,0,0,0,230433,3,0
0,0,0,0,11,26,17220,111052,0,0,0,0,0,230292,3,0
0,0,0,0,16,28,17221,111052,0,0,0,0,0,230443,3,0
0,0,0,0,13,28,17222,111052,0,0,0,0,0,230368,3,0
0,0,0,0,14,28,17223,111052,0,0,0,0,0,230415,3,0
0,0,0,0,15,28,17224,111052,0,0,0,0,0,230343,3,0
0,0,0,0,12,28,17225,111052,0,0,0,0,0,230164,3,0
0,0,0,0,18,28,17226,111052,0,0,0,0,0,230520,3,0
0,0,0,0,17,28,17227,111052,0,0,0,0,0,233978,3,0
0,0,0,0,19,28,17228,111052,0,0,0,0,0,230357,3,0
0,0,0,0,20,28,17229,111052,0,0,0,0,0,230458,3,0
0,0,0,0,12,0,17230,111325,0,0,0,0,0,202089,3,0
0,0,0,0,13,3,17231,111325,0,0,0,0,0,261989,3,0
0,0,0,0,4,4,17232,111325,0,0,0,0,0,197655,3,0
0,0,0,0,29,6,17233,111325,0,0,0,0,0,233822,3,0
0,0,0,0,77,7,17234,111325,0,0,0,0,0,254628,3,0
0,0,0,0,8,9,17235,111325,0,0,0,0,0,247076,3,0
0,0,0,0,6,11,17236,111325,0,0,0,0,0,265766,3,0
0,0,0,0,57,12,17237,111325,0,0,0,0,0,160131,3,0
0,0,0,0,80,16,17238,111325,0,0,0,0,0,217097,3,0
0,0,0,0,7,18,17239,111325,0,0,0,0,0,207715,3,0
0,0,0,0,20,25,17240,111325,0,0,0,0,0,266648,3,0
0,0,0,0,26,28,17241,111325,0,0,0,0,0,77418,3,0
0,0,0,0,55,28,17242,111325,0,0,0,0,0,273740,3,0
0,0,0,0,52,28,17243,111325,0,0,0,0,0,274156,3,0
0,0,0,0,15,28,17244,111325,0,0,0,0,0,77115,3,0
0,0,0,0,25,28,17245,111325,0,0,0,0,0,258209,3,0
0,0,0,0,59,28,17246,111325,0,0,0,0,0,279371,3,0
0,0,0,0,24,28,17247,111325,0,0,0,0,0,75285,3,0
0,0,0,0,36,28,17248,111325,0,0,0,0,0,83245,3,0
0,0,0,0,45,28,17249,111325,0,0,0,0,0,83472,3,0
0,0,0,0,1,0,17250,112716,0,0,0,0,0,217805,3,0
0,0,0,0,33,3,17251,112716,0,0,0,0,0,78198,3,0
0,0,0,0,23,4,17252,112716,0,0,0,0,0,246696,3,0
0,0,0,0,3,6,17253,112716,0,0,0,0,0,255333,3,0
0,0,0,0,15,7,17254,112716,0,0,0,0,0,233476,3,0
0,0,0,0,5,9,17255,112716,0,0,0,0,0,253251,3,0
0,0,0,0,30,11,17256,112716,0,0,0,0,0,227772,3,0
0,0,0,0,2,12,17257,112716,0,0,0,0,0,245247,3,0
0,0,0,0,10,16,17258,112716,0,0,0,0,0,225878,3,0
0,0,0,0,11,24,17259,112716,0,0,0,0,0,199151,3,0
0,0,0,0,27,26,17260,112716,0,0,0,0,0,221955,3,0
0,0,0,0,26,28,17261,112716,0,0,0,0,0,234037,3,0
0,0,0,0,20,28,17262,112716,0,0,0,0,0,260135,3,0
0,0,0,0,14,28,17263,112716,0,0,0,0,0,274262,3,0
0,0,0,0,13,28,17264,112716,0,0,0,0,0,232535,3,0
0,0,0,0,25,28,17265,112716,0,0,0,0,0,193241,3,0
0,0,0,0,21,28,17266,112716,0,0,0,0,0,198145,3,0
0,0,0,0,31,28,17267,112716,0,0,0,0,0,246145,3,0
0,0,0,0,17,28,17268,112716,0,0,0,0,0,70956,3,0
0,0,0,0,9,28,17269,112716,0,0,0,0,0,240801,3,0
0,0,0,0,16,28,17270,112716,0,0,0,0,0,277786,3,0
0,0,0,0,24,28,17271,112716,0,0,0,0,0,70864,3,0
0,0,0,0,7,28,17272,112716,0,0,0,0,0,252240,3,0
0,0,0,0,42,29,17273,112716,0,0,0,0,0,82246,3,0
0,0,0,0,49,29,17274,112716,0,0,0,0,0,78336,3,0
0,0,0,0,43,29,17275,112716,0,0,0,0,0,78998,3,0
0,0,0,0,6,29,17276,112716,0,0,0,0,0,230865,3,0
0,0,0,0,22,0,17277,112908,0,0,0,0,0,237046,3,0
0,0,0,0,2,3,17278,112908,0,0,0,0,0,266699,3,0
0,0,0,0,14,4,17279,112908,0,0,0,0,0,241064,3,0
0,0,0,0,5,6,17280,112908,0,0,0,0,0,253341,3,0
0,0,0,0,19,7,17281,112908,0,0,0,0,0,266668,3,0
0,0,0,0,6,10,17282,112908,0,0,0,0,0,254039,3,0
0,0,0,0,17,12,17283,112908,0,0,0,0,0,259825,3,0
0,0,0,0,53,13,17284,112908,0,0,0,0,0,72419,3,0
0,0,0,0,7,15,17285,112908,0,0,0,0,0,271741,3,0
0,0,0,0,16,16,17286,112908,0,0,0,0,0,261552,3,0
0,0,0,0,77,25,17287,112908,0,0,0,0,0,238180,3,0
0,0,0,0,32,28,17288,112908,0,0,0,0,0,246057,3,0
0,0,0,0,26,28,17289,112908,0,0,0,0,0,208504,3,0
0,0,0,0,15,28,17290,112908,0,0,0,0,0,253366,3,0
0,0,0,0,3,28,17291,112908,0,0,0,0,0,268283,3,0
0,0,0,0,12,28,17292,112908,0,0,0,0,0,273984,3,0
0,0,0,0,52,28,17293,112908,0,0,0,0,0,81843,3,0
0,0,0,0,10,28,17294,112908,0,0,0,0,0,220739,3,0
0,0,0,0,21,28,17295,112908,0,0,0,0,0,77450,3,0
0,0,0,0,31,28,17296,112908,0,0,0,0,0,77449,3,0
0,0,0,0,55,28,17297,112908,0,0,0,0,0,79281,3,0
0,0,0,0,56,28,17298,112908,0,0,0,0,0,279487,3,0
0,0,0,0,70,28,17299,112908,0,0,0,0,0,79419,3,0
0,0,0,0,1,0,17300,112992,0,0,0,0,0,235375,3,0
0,0,0,0,19,3,17301,112992,0,0,0,0,0,235817,3,0
0,0,0,0,2,4,17302,112992,0,0,0,0,0,214192,3,0
0,0,0,0,23,6,17303,112992,0,0,0,0,0,243465,3,0
0,0,0,0,8,7,17304,112992,0,0,0,0,0,214421,3,0
0,0,0,0,20,9,17305,112992,0,0,0,0,0,75618,3,0
0,0,0,0,28,11,17306,112992,0,0,0,0,0,253867,3,0
0,0,0,0,17,12,17307,112992,0,0,0,0,0,233023,3,0
0,0,0,0,7,16,17308,112992,0,0,0,0,0,231706,3,0
0,0,0,0,10,18,17309,112992,0,0,0,0,0,226419,3,0
0,0,0,0,27,25,17310,112992,0,0,0,0,0,244947,3,0
0,0,0,0,22,28,17311,112992,0,0,0,0,0,214520,3,0
0,0,0,0,70,28,17312,112992,0,0,0,0,0,247557,3,0
0,0,0,0,18,28,17313,112992,0,0,0,0,0,219414,3,0
0,0,0,0,4,28,17314,112992,0,0,0,0,0,76525,3,0
0,0,0,0,12,28,17315,112992,0,0,0,0,0,222356,3,0
0,0,0,0,39,28,17316,112992,0,0,0,0,0,279274,3,0
0,0,0,0,14,28,17317,112992,0,0,0,0,0,77956,3,0
0,0,0,0,21,0,17318,131795,0,0,0,0,0,80009,3,0
0,0,0,0,30,3,17319,131795,0,0,0,0,0,254943,3,0
0,0,0,0,5,4,17320,131795,0,0,0,0,0,160063,3,0
0,0,0,0,27,6,17321,131795,0,0,0,0,0,234919,3,0
0,0,0,0,34,7,17322,131795,0,0,0,0,0,75358,3,0
0,0,0,0,7,9,17323,131795,0,0,0,0,0,254064,3,0
0,0,0,0,13,11,17324,131795,0,0,0,0,0,75365,3,0
0,0,0,0,6,12,17325,131795,0,0,0,0,0,80800,3,0
0,0,0,0,11,16,17326,131795,0,0,0,0,0,260739,3,0
0,0,0,0,10,18,17327,131795,0,0,0,0,0,259797,3,0
0,0,0,0,91,25,17328,131795,0,0,0,0,0,75362,3,0
0,0,0,0,18,28,17329,131795,0,0,0,0,0,226044,3,0
0,0,0,0,14,28,17330,131795,0,0,0,0,0,159966,3,0
0,0,0,0,29,28,17331,131795,0,0,0,0,0,78774,3,0
0,0,0,0,15,28,17332,131795,0,0,0,0,0,78189,3,0
0,0,0,0,31,28,17333,131795,0,0,0,0,0,228739,3,0
0,0,0,0,40,28,17334,131795,0,0,0,0,0,267989,3,0
0,0,0,0,12,28,17335,131795,0,0,0,0,0,254194,3,0
0,0,0,0,99,0,17336,567,0,0,0,0,0,230323,3,0
0,0,0,0,2,3,17337,567,0,0,0,0,0,230199,3,0
0,0,0,0,3,4,17338,567,0,0,0,0,0,230381,3,0
0,0,0,0,14,6,17339,567,0,0,0,0,0,230218,3,0
0,0,0,0,18,7,17340,567,0,0,0,0,0,230337,3,0
0,0,0,0,26,9,17341,567,0,0,0,0,0,230234,3,0
0,0,0,0,4,11,17342,567,0,0,0,0,0,230530,3,0
0,0,0,0,7,12,17343,567,0,0,0,0,0,230278,3,0
0,0,0,0,10,16,17344,567,0,0,0,0,0,230466,3,0
0,0,0,0,9,18,17345,567,0,0,0,0,0,230271,3,0
0,0,0,0,19,25,17346,567,0,0,0,0,0,230507,3,0
0,0,0,0,77,28,17347,567,0,0,0,0,0,230247,3,0
0,0,0,0,35,28,17348,567,0,0,0,0,0,230273,3,0
0,0,0,0,17,28,17349,567,0,0,0,0,0,230335,3,0
0,0,0,0,6,28,17350,567,0,0,0,0,0,230221,3,0
0,0,0,0,25,28,17351,567,0,0,0,0,0,230332,3,0
0,0,0,0,31,28,17352,567,0,0,0,0,0,230287,3,0
0,0,0,0,29,28,17353,567,0,0,0,0,0,230268,3,0
0,0,0,0,5,28,17354,567,0,0,0,0,0,230372,3,0
0,0,0,0,8,28,17355,567,0,0,0,0,0,236196,3,0
0,0,0,0,12,0,17356,568,0,0,0,0,0,230318,3,0
0,0,0,0,2,3,17357,568,0,0,0,0,0,230202,3,0
0,0,0,0,4,4,17358,568,0,0,0,0,0,230209,3,0
0,0,0,0,5,6,17359,568,0,0,0,0,0,230382,3,0
0,0,0,0,6,7,17360,568,0,0,0,0,0,230189,3,0
0,0,0,0,8,12,17361,568,0,0,0,0,0,230452,3,0
0,0,0,0,16,13,17362,568,0,0,0,0,0,230252,3,0
0,0,0,0,40,15,17363,568,0,0,0,0,0,230465,3,0
0,0,0,0,9,16,17364,568,0,0,0,0,0,230515,3,0
0,0,0,0,11,18,17365,568,0,0,0,0,0,234015,3,0
0,0,0,0,10,25,17366,568,0,0,0,0,0,230502,3,0
0,0,0,0,41,28,17367,568,0,0,0,0,0,230243,3,0
0,0,0,0,7,28,17368,568,0,0,0,0,0,230236,3,0
0,0,0,0,18,28,17369,568,0,0,0,0,0,236076,3,0
0,0,0,0,14,28,17370,568,0,0,0,0,0,230200,3,0
0,0,0,0,22,28,17371,568,0,0,0,0,0,233976,3,0
0,0,0,0,28,28,17372,568,0,0,0,0,0,230290,3,0
0,0,0,0,35,28,17373,568,0,0,0,0,0,230522,3,0
0,0,0,0,3,28,17374,568,0,0,0,0,0,233986,3,0
0,0,0,0,39,28,17375,568,0,0,0,0,0,236165,3,0
0,0,0,0,12,0,17376,569,0,0,0,0,0,230330,3,0
0,0,0,0,14,3,17377,569,0,0,0,0,0,230194,3,0
0,0,0,0,3,4,17378,569,0,0,0,0,0,230405,3,0
0,0,0,0,5,6,17379,569,0,0,0,0,0,230413,3,0
0,0,0,0,6,7,17380,569,0,0,0,0,0,230348,3,0
0,0,0,0,15,9,17381,569,0,0,0,0,0,230434,3,0
0,0,0,0,18,11,17382,569,0,0,0,0,0,236172,3,0
0,0,0,0,26,12,17383,569,0,0,0,0,0,230275,3,0
0,0,0,0,17,16,17384,569,0,0,0,0,0,236170,3,0
0,0,0,0,10,18,17385,569,0,0,0,0,0,234023,3,0
0,0,0,0,99,25,17386,569,0,0,0,0,0,230302,3,0
0,0,0,0,7,28,17387,569,0,0,0,0,0,230377,3,0
0,0,0,0,32,28,17388,569,0,0,0,0,0,234018,3,0
0,0,0,0,4,28,17389,569,0,0,0,0,0,230190,3,0
0,0,0,0,40,28,17390,569,0,0,0,0,0,230409,3,0
0,0,0,0,1,28,17391,569,0,0,0,0,0,230172,3,0
0,0,0,0,8,28,17392,569,0,0,0,0,0,236186,3,0
0,0,0,0,19,28,17393,569,0,0,0,0,0,236197,3,0
0,0,0,0,9,28,17394,569,0,0,0,0,0,234019,3,0
0,0,0,0,16,28,17395,569,0,0,0,0,0,230270,3,0
0,0,0,0,1,0,17396,1035,0,0,0,0,0,230175,3,0
0,0,0,0,20,3,17397,1035,0,0,0,0,0,230197,3,0
0,0,0,0,19,4,17398,1035,0,0,0,0,0,230225,3,0
0,0,0,0,4,6,17399,1035,0,0,0,0,0,230280,3,0
0,0,0,0,7,7,17400,1035,0,0,0,0,0,230184,3,0
0,0,0,0,10,10,17401,1035,0,0,0,0,0,230453,3,0
0,0,0,0,18,23,17402,1035,0,0,0,0,0,230463,3,0
0,0,0,0,6,13,17403,1035,0,0,0,0,0,230349,3,0
0,0,0,0,16,15,17404,1035,0,0,0,0,0,236142,3,0
0,0,0,0,21,27,17405,1035,0,0,0,0,0,230347,3,0
0,0,0,0,11,25,17406,1035,0,0,0,0,0,230384,3,0
0,0,0,0,30,28,17407,1035,0,0,0,0,0,230329,3,0
0,0,0,0,28,28,17408,1035,0,0,0,0,0,230459,3,0
0,0,0,0,14,28,17409,1035,0,0,0,0,0,230230,3,0
0,0,0,0,15,28,17410,1035,0,0,0,0,0,230181,3,0
0,0,0,0,13,28,17411,1035,0,0,0,0,0,230176,3,0
0,0,0,0,22,28,17412,1035,0,0,0,0,0,230524,3,0
0,0,0,0,3,28,17413,1035,0,0,0,0,0,236113,3,0
0,0,0,0,9,28,17414,1035,0,0,0,0,0,230283,3,0
0,0,0,0,24,28,17415,1035,0,0,0,0,0,230233,3,0
0,0,0,0,1,0,17416,1041,0,0,0,0,0,230165,3,0
0,0,0,0,2,3,17417,1041,0,0,0,0,0,230201,3,0
0,0,0,0,3,4,17418,1041,0,0,0,0,0,230293,3,0
0,0,0,0,4,6,17419,1041,0,0,0,0,0,230316,3,0
0,0,0,0,6,7,17420,1041,0,0,0,0,0,230186,3,0
0,0,0,0,5,10,17421,1041,0,0,0,0,0,230258,3,0
0,0,0,0,7,12,17422,1041,0,0,0,0,0,230451,3,0
0,0,0,0,10,13,17423,1041,0,0,0,0,0,230364,3,0
0,0,0,0,8,15,17424,1041,0,0,0,0,0,230429,3,0
0,0,0,0,11,16,17425,1041,0,0,0,0,0,230470,3,0
0,0,0,0,9,25,17426,1041,0,0,0,0,0,230442,3,0
0,0,0,0,16,28,17427,1041,0,0,0,0,0,230359,3,0
0,0,0,0,14,28,17428,1041,0,0,0,0,0,230254,3,0
0,0,0,0,15,28,17429,1041,0,0,0,0,0,230232,3,0
0,0,0,0,13,28,17430,1041,0,0,0,0,0,230297,3,0
0,0,0,0,12,28,17431,1041,0,0,0,0,0,233977,3,0
0,0,0,0,18,28,17432,1041,0,0,0,0,0,230394,3,0
0,0,0,0,17,28,17433,1041,0,0,0,0,0,230351,3,0
0,0,0,0,19,28,17434,1041,0,0,0,0,0,230380,3,0
0,0,0,0,20,28,17435,1041,0,0,0,0,0,230436,3,0
0,0,0,0,22,0,17436,1629,0,0,0,0,0,230320,3,0
0,0,0,0,23,3,17437,1629,0,0,0,0,0,230198,3,0
0,0,0,0,24,4,17438,1629,0,0,0,0,0,230224,3,0
0,0,0,0,25,6,17439,1629,0,0,0,0,0,230387,3,0
0,0,0,0,26,7,17440,1629,0,0,0,0,0,230240,3,0
0,0,0,0,27,9,17441,1629,0,0,0,0,0,230250,3,0
0,0,0,0,28,11,17442,1629,0,0,0,0,0,230446,3,0
0,0,0,0,29,12,17443,1629,0,0,0,0,0,230289,3,0
0,0,0,0,20,16,17444,1629,0,0,0,0,0,230523,3,0
0,0,0,0,8,18,17445,1629,0,0,0,0,0,230374,3,0
0,0,0,0,11,25,17446,1629,0,0,0,0,0,230420,3,0
0,0,0,0,10,28,17447,1629,0,0,0,0,0,230263,3,0
0,0,0,0,15,28,17448,1629,0,0,0,0,0,230474,3,0
0,0,0,0,2,28,17449,1629,0,0,0,0,0,230193,3,0
0,0,0,0,3,28,17450,1629,0,0,0,0,0,230526,3,0
0,0,0,0,1,28,17451,1629,0,0,0,0,0,233974,3,0
0,0,0,0,17,28,17452,1629,0,0,0,0,0,230447,3,0
0,0,0,0,6,28,17453,1629,0,0,0,0,0,236071,3,0
0,0,0,0,19,28,17454,1629,0,0,0,0,0,230403,3,0
0,0,0,0,18,28,17455,1629,0,0,0,0,0,230477,3,0
0,0,0,0,1,0,17456,1719,0,0,0,0,0,233998,3,0
0,0,0,0,2,3,17457,1719,0,0,0,0,0,233993,3,0
0,0,0,0,3,4,17458,1719,0,0,0,0,0,230207,3,0
0,0,0,0,4,6,17459,1719,0,0,0,0,0,230383,3,0
0,0,0,0,5,7,17460,1719,0,0,0,0,0,236074,3,0
0,0,0,0,11,23,17461,1719,0,0,0,0,0,230296,3,0
0,0,0,0,7,13,17462,1719,0,0,0,0,0,230448,3,0
0,0,0,0,10,15,17463,1719,0,0,0,0,0,230487,3,0
0,0,0,0,9,27,17464,1719,0,0,0,0,0,236178,3,0
0,0,0,0,8,18,17465,1719,0,0,0,0,0,230483,3,0
0,0,0,0,15,25,17466,1719,0,0,0,0,0,230518,3,0
0,0,0,0,6,28,17467,1719,0,0,0,0,0,234002,3,0
0,0,0,0,18,28,17468,1719,0,0,0,0,0,236144,3,0
0,0,0,0,13,28,17469,1719,0,0,0,0,0,230345,3,0
0,0,0,0,14,28,17470,1719,0,0,0,0,0,233988,3,0
0,0,0,0,12,28,17471,1719,0,0,0,0,0,230171,3,0
0,0,0,0,20,28,17472,1719,0,0,0,0,0,230511,3,0
0,0,0,0,19,28,17473,1719,0,0,0,0,0,236173,3,0
0,0,0,0,16,28,17474,1719,0,0,0,0,0,236146,3,0
0,0,0,0,17,28,17475,1719,0,0,0,0,0,234022,3,0
0,0,0,0,12,0,17476,101099,0,0,0,0,0,227560,3,0
0,0,0,0,13,3,17477,101099,0,0,0,0,0,76339,3,0
0,0,0,0,4,4,17478,101099,0,0,0,0,0,219787,3,0
0,0,0,0,2,6,17479,101099,0,0,0,0,0,214196,3,0
0,0,0,0,31,7,17480,101099,0,0,0,0,0,239681,3,0
0,0,0,0,5,10,17481,101099,0,0,0,0,0,278785,3,0
0,0,0,0,17,12,17482,101099,0,0,0,0,0,76524,3,0
0,0,0,0,10,13,17483,101099,0,0,0,0,0,214366,3,0
0,0,0,0,29,15,17484,101099,0,0,0,0,0,76911,3,0
0,0,0,0,11,16,17485,101099,0,0,0,0,0,228738,3,0
0,0,0,0,36,25,17486,101099,0,0,0,0,0,75612,3,0
0,0,0,0,8,28,17487,101099,0,0,0,0,0,248281,3,0
0,0,0,0,33,28,17488,101099,0,0,0,0,0,79757,3,0
0,0,0,0,14,28,17489,101099,0,0,0,0,0,278782,3,0
0,0,0,0,6,28,17490,101099,0,0,0,0,0,237885,3,0
0,0,0,0,41,28,17491,101099,0,0,0,0,0,279279,3,0
0,0,0,0,35,28,17492,101099,0,0,0,0,0,78920,3,0
0,0,0,0,47,28,17493,101099,0,0,0,0,0,273938,3,0
0,0,0,0,22,28,17494,101099,0,0,0,0,0,230871,3,0
0,0,0,0,12,0,17495,101106,0,0,0,0,0,231664,3,0
0,0,0,0,22,3,17496,101106,0,0,0,0,0,259588,3,0
0,0,0,0,23,4,17497,101106,0,0,0,0,0,75611,3,0
0,0,0,0,18,6,17498,101106,0,0,0,0,0,240352,3,0
0,0,0,0,30,7,17499,101106,0,0,0,0,0,79615,3,0
0,0,0,0,5,9,17500,101106,0,0,0,0,0,233404,3,0
0,0,0,0,88,11,17501,101106,0,0,0,0,0,252333,3,0
0,0,0,0,7,12,17502,101106,0,0,0,0,0,221306,3,0
0,0,0,0,28,16,17503,101106,0,0,0,0,0,74002,3,0
0,0,0,0,10,18,17504,101106,0,0,0,0,0,246396,3,0
0,0,0,0,17,25,17505,101106,0,0,0,0,0,187075,3,0
0,0,0,0,14,28,17506,101106,0,0,0,0,0,75959,3,0
0,0,0,0,32,28,17507,101106,0,0,0,0,0,79616,3,0
0,0,0,0,34,28,17508,101106,0,0,0,0,0,77122,3,0
0,0,0,0,4,28,17509,101106,0,0,0,0,0,242456,3,0
0,0,0,0,35,28,17510,101106,0,0,0,0,0,256467,3,0
0,0,0,0,9,28,17511,101106,0,0,0,0,0,246170,3,0
0,0,0,0,8,28,17512,101106,0,0,0,0,0,77141,3,0
0,0,0,0,70,28,17513,101106,0,0,0,0,0,219595,3,0
0,0,0,0,15,28,17514,101106,0,0,0,0,0,77134,3,0
0,0,0,0,39,28,17515,101106,0,0,0,0,0,80657,3,0
0,0,0,0,25,28,17516,101106,0,0,0,0,0,77136,3,0
0,0,0,0,1,0,17517,110977,0,0,0,0,0,230167,3,0
0,0,0,0,2,4,17518,110977,0,0,0,0,0,159930,3,0
0,0,0,0,3,5,17519,110977,0,0,0,0,0,233996,3,0
0,0,0,0,4,6,17520,110977,0,0,0,0,0,160075,3,0
0,0,0,0,7,12,17521,110977,0,0,0,0,0,160047,3,0
0,0,0,0,5,13,17522,110977,0,0,0,0,0,160183,3,0
0,0,0,0,6,15,17523,110977,0,0,0,0,0,159970,3,0
0,0,0,0,8,16,17524,110977,0,0,0,0,0,274629,3,0
0,0,0,0,10,17,17525,110977,0,0,0,0,0,236171,3,0
0,0,0,0,11,19,17526,110977,0,0,0,0,0,160110,3,0
0,0,0,0,9,25,17527,110977,0,0,0,0,0,230428,3,0
0,0,0,0,15,28,17528,110977,0,0,0,0,0,160090,3,0
0,0,0,0,16,28,17529,110977,0,0,0,0,0,160177,3,0
0,0,0,0,13,28,17530,110977,0,0,0,0,0,160202,3,0
0,0,0,0,14,28,17531,110977,0,0,0,0,0,160061,3,0
0,0,0,0,12,28,17532,110977,0,0,0,0,0,159964,3,0
0,0,0,0,18,28,17533,110977,0,0,0,0,0,159993,3,0
0,0,0,0,17,28,17534,110977,0,0,0,0,0,160107,3,0
0,0,0,0,12,0,17535,110989,0,0,0,0,0,269251,3,0
0,0,0,0,26,3,17536,110989,0,0,0,0,0,71850,3,0
0,0,0,0,2,4,17537,110989,0,0,0,0,0,259847,3,0
0,0,0,0,19,6,17538,110989,0,0,0,0,0,246015,3,0
0,0,0,0,13,7,17539,110989,0,0,0,0,0,265680,3,0
0,0,0,0,5,10,17540,110989,0,0,0,0,0,70756,3,0
0,0,0,0,10,23,17541,110989,0,0,0,0,0,226395,3,0
0,0,0,0,22,13,17542,110989,0,0,0,0,0,78175,3,0
0,0,0,0,33,15,17543,110989,0,0,0,0,0,71671,3,0
0,0,0,0,34,27,17544,110989,0,0,0,0,0,78176,3,0
0,0,0,0,17,25,17545,110989,0,0,0,0,0,70754,3,0
0,0,0,0,37,28,17546,110989,0,0,0,0,0,81446,3,0
0,0,0,0,32,28,17547,110989,0,0,0,0,0,81447,3,0
0,0,0,0,80,28,17548,110989,0,0,0,0,0,159937,3,0
0,0,0,0,30,28,17549,110989,0,0,0,0,0,78174,3,0
0,0,0,0,23,28,17550,110989,0,0,0,0,0,77974,3,0
0,0,0,0,28,28,17551,110989,0,0,0,0,0,72899,3,0
0,0,0,0,29,28,17552,110989,0,0,0,0,0,78199,3,0
0,0,0,0,12,0,17553,111006,0,0,0,0,0,228231,3,0
0,0,0,0,22,3,17554,111006,0,0,0,0,0,77795,3,0
0,0,0,0,5,4,17555,111006,0,0,0,0,0,256162,3,0
0,0,0,0,3,6,17556,111006,0,0,0,0,0,76691,3,0
0,0,0,0,15,7,17557,111006,0,0,0,0,0,259511,3,0
0,0,0,0,37,12,17558,111006,0,0,0,0,0,232699,3,0
0,0,0,0,16,13,17559,111006,0,0,0,0,0,255949,3,0
0,0,0,0,14,15,17560,111006,0,0,0,0,0,254754,3,0
0,0,0,0,7,16,17561,111006,0,0,0,0,0,267628,3,0
0,0,0,0,18,24,17562,111006,0,0,0,0,0,77792,3,0
0,0,0,0,9,26,17563,111006,0,0,0,0,0,232066,3,0
0,0,0,0,39,28,17564,111006,0,0,0,0,0,77794,3,0
0,0,0,0,25,28,17565,111006,0,0,0,0,0,77796,3,0
0,0,0,0,24,28,17566,111006,0,0,0,0,0,75400,3,0
0,0,0,0,31,28,17567,111006,0,0,0,0,0,79423,3,0
0,0,0,0,40,28,17568,111006,0,0,0,0,0,71772,3,0
0,0,0,0,30,28,17569,111006,0,0,0,0,0,160142,3,0
0,0,0,0,1,28,17570,111006,0,0,0,0,0,79422,3,0
0,0,0,0,1,0,17571,111011,0,0,0,0,0,279359,3,0
0,0,0,0,2,3,17572,111011,0,0,0,0,0,279318,3,0
0,0,0,0,3,4,17573,111011,0,0,0,0,0,279343,3,0
0,0,0,0,4,6,17574,111011,0,0,0,0,0,279313,3,0
0,0,0,0,5,7,17575,111011,0,0,0,0,0,279316,3,0
0,0,0,0,6,12,17576,111011,0,0,0,0,0,279353,3,0
0,0,0,0,7,13,17577,111011,0,0,0,0,0,279325,3,0
0,0,0,0,8,15,17578,111011,0,0,0,0,0,279326,3,0
0,0,0,0,9,16,17579,111011,0,0,0,0,0,279335,3,0
0,0,0,0,10,18,17580,111011,0,0,0,0,0,160112,3,0
0,0,0,0,11,25,17581,111011,0,0,0,0,0,279339,3,0
0,0,0,0,16,28,17582,111011,0,0,0,0,0,279321,3,0
0,0,0,0,15,28,17583,111011,0,0,0,0,0,234006,3,0
0,0,0,0,14,28,17584,111011,0,0,0,0,0,159933,3,0
0,0,0,0,13,28,17585,111011,0,0,0,0,0,159926,3,0
0,0,0,0,12,28,17586,111011,0,0,0,0,0,233973,3,0
0,0,0,0,18,28,17587,111011,0,0,0,0,0,160004,3,0
0,0,0,0,17,28,17588,111011,0,0,0,0,0,279322,3,0
0,0,0,0,25,0,17589,111328,0,0,0,0,0,234717,3,0
0,0,0,0,29,3,17590,111328,0,0,0,0,0,74543,3,0
0,0,0,0,16,4,17591,111328,0,0,0,0,0,229713,3,0
0,0,0,0,42,6,17592,111328,0,0,0,0,0,214986,3,0
0,0,0,0,23,7,17593,111328,0,0,0,0,0,255415,3,0
0,0,0,0,15,9,17594,111328,0,0,0,0,0,74979,3,0
0,0,0,0,5,11,17595,111328,0,0,0,0,0,219452,3,0
0,0,0,0,7,12,17596,111328,0,0,0,0,0,207641,3,0
0,0,0,0,11,16,17597,111328,0,0,0,0,0,229209,3,0
0,0,0,0,14,18,17598,111328,0,0,0,0,0,236956,3,0
0,0,0,0,12,25,17599,111328,0,0,0,0,0,214835,3,0
0,0,0,0,10,28,17600,111328,0,0,0,0,0,214308,3,0
0,0,0,0,28,28,17601,111328,0,0,0,0,0,214333,3,0
0,0,0,0,4,28,17602,111328,0,0,0,0,0,263141,3,0
0,0,0,0,2,28,17603,111328,0,0,0,0,0,78101,3,0
0,0,0,0,58,28,17604,111328,0,0,0,0,0,233972,3,0
0,0,0,0,20,28,17605,111328,0,0,0,0,0,75923,3,0
0,0,0,0,24,28,17606,111328,0,0,0,0,0,275461,3,0
0,0,0,0,6,28,17607,111328,0,0,0,0,0,264412,3,0
0,0,0,0,41,28,17608,111328,0,0,0,0,0,80616,3,0
0,0,0,0,21,28,17609,111328,0,0,0,0,0,70340,3,0
0,0,0,0,30,0,17610,111329,0,0,0,0,0,255952,3,0
0,0,0,0,37,3,17611,111329,0,0,0,0,0,277973,3,0
0,0,0,0,3,4,17612,111329,0,0,0,0,0,275179,3,0
0,0,0,0,15,6,17613,111329,0,0,0,0,0,275180,3,0
0,0,0,0,20,7,17614,111329,0,0,0,0,0,77972,3,0
0,0,0,0,36,10,17615,111329,0,0,0,0,0,274564,3,0
0,0,0,0,18,12,17616,111329,0,0,0,0,0,279059,3,0
0,0,0,0,7,13,17617,111329,0,0,0,0,0,242548,3,0
0,0,0,0,25,15,17618,111329,0,0,0,0,0,83273,3,0
0,0,0,0,11,16,17619,111329,0,0,0,0,0,273683,3,0
0,0,0,0,40,25,17620,111329,0,0,0,0,0,228748,3,0
0,0,0,0,17,28,17621,111329,0,0,0,0,0,275001,3,0
0,0,0,0,26,28,17622,111329,0,0,0,0,0,255866,3,0
0,0,0,0,38,28,17623,111329,0,0,0,0,0,83272,3,0
0,0,0,0,33,28,17624,111329,0,0,0,0,0,79801,3,0
0,0,0,0,12,28,17625,111329,0,0,0,0,0,262286,3,0
0,0,0,0,9,28,17626,111329,0,0,0,0,0,79707,3,0
0,0,0,0,34,28,17627,111329,0,0,0,0,0,270599,3,0
0,0,0,0,12,0,17628,111334,0,0,0,0,0,234054,3,0
0,0,0,0,4,3,17629,111334,0,0,0,0,0,260204,3,0
0,0,0,0,5,4,17630,111334,0,0,0,0,0,254176,3,0
0,0,0,0,6,6,17631,111334,0,0,0,0,0,220291,3,0
0,0,0,0,13,7,17632,111334,0,0,0,0,0,265626,3,0
0,0,0,0,15,10,17633,111334,0,0,0,0,0,215074,3,0
0,0,0,0,7,12,17634,111334,0,0,0,0,0,219575,3,0
0,0,0,0,24,13,17635,111334,0,0,0,0,0,254188,3,0
0,0,0,0,20,15,17636,111334,0,0,0,0,0,76806,3,0
0,0,0,0,27,16,17637,111334,0,0,0,0,0,253902,3,0
0,0,0,0,9,25,17638,111334,0,0,0,0,0,237031,3,0
0,0,0,0,8,28,17639,111334,0,0,0,0,0,240468,3,0
0,0,0,0,37,28,17640,111334,0,0,0,0,0,76752,3,0
0,0,0,0,2,28,17641,111334,0,0,0,0,0,199435,3,0
0,0,0,0,33,28,17642,111334,0,0,0,0,0,259542,3,0
0,0,0,0,1,28,17643,111334,0,0,0,0,0,254401,3,0
0,0,0,0,17,28,17644,111334,0,0,0,0,0,259615,3,0
0,0,0,0,23,28,17645,111334,0,0,0,0,0,255993,3,0
0,0,0,0,25,28,17646,111334,0,0,0,0,0,278761,3,0
0,0,0,0,21,28,17647,111334,0,0,0,0,0,255989,3,0
0,0,0,0,1,0,17648,112531,0,0,0,0,0,159906,3,0
0,0,0,0,2,3,17649,112531,0,0,0,0,0,159925,3,0
0,0,0,0,3,4,17650,112531,0,0,0,0,0,230284,3,0
0,0,0,0,4,6,17651,112531,0,0,0,0,0,160053,3,0
0,0,0,0,5,7,17652,112531,0,0,0,0,0,159913,3,0
0,0,0,0,6,9,17653,112531,0,0,0,0,0,160103,3,0
0,0,0,0,8,11,17654,112531,0,0,0,0,0,159962,3,0
0,0,0,0,7,12,17655,112531,0,0,0,0,0,160128,3,0
0,0,0,0,11,16,17656,112531,0,0,0,0,0,160212,3,0
0,0,0,0,10,18,17657,112531,0,0,0,0,0,236176,3,0
0,0,0,0,9,25,17658,112531,0,0,0,0,0,160138,3,0
0,0,0,0,15,28,17659,112531,0,0,0,0,0,160102,3,0
0,0,0,0,16,28,17660,112531,0,0,0,0,0,159988,3,0
0,0,0,0,14,28,17661,112531,0,0,0,0,0,159950,3,0
0,0,0,0,13,28,17662,112531,0,0,0,0,0,160030,3,0
0,0,0,0,12,28,17663,112531,0,0,0,0,0,160014,3,0
0,0,0,0,18,28,17664,112531,0,0,0,0,0,160137,3,0
0,0,0,0,17,28,17665,112531,0,0,0,0,0,159981,3,0
0,0,0,0,12,0,17666,112615,0,0,0,0,0,70565,3,0
0,0,0,0,4,4,17667,112615,0,0,0,0,0,279920,3,0
0,0,0,0,14,5,17668,112615,0,0,0,0,0,70332,3,0
0,0,0,0,17,6,17669,112615,0,0,0,0,0,253861,3,0
0,0,0,0,24,10,17670,112615,0,0,0,0,0,74301,3,0
0,0,0,0,23,12,17671,112615,0,0,0,0,0,255773,3,0
0,0,0,0,39,13,17672,112615,0,0,0,0,0,255881,3,0
0,0,0,0,7,15,17673,112615,0,0,0,0,0,279918,3,0
0,0,0,0,6,16,17674,112615,0,0,0,0,0,72704,3,0
0,0,0,0,16,24,17675,112615,0,0,0,0,0,77691,3,0
0,0,0,0,9,26,17676,112615,0,0,0,0,0,245532,3,0
0,0,0,0,26,28,17677,112615,0,0,0,0,0,79228,3,0
0,0,0,0,30,28,17678,112615,0,0,0,0,0,279863,3,0
0,0,0,0,42,28,17679,112615,0,0,0,0,0,159922,3,0
0,0,0,0,43,28,17680,112615,0,0,0,0,0,273747,3,0
0,0,0,0,41,28,17681,112615,0,0,0,0,0,159905,3,0
0,0,0,0,77,28,17682,112615,0,0,0,0,0,77120,3,0
0,0,0,0,47,28,17683,112615,0,0,0,0,0,159991,3,0
0,0,0,0,40,28,17684,112615,0,0,0,0,0,275292,3,0
0,0,0,0,23,0,17685,112667,0,0,0,0,0,253636,3,0
0,0,0,0,21,3,17686,112667,0,0,0,0,0,260514,3,0
0,0,0,0,6,4,17687,112667,0,0,0,0,0,225809,3,0
0,0,0,0,33,6,17688,112667,0,0,0,0,0,253538,3,0
0,0,0,0,16,7,17689,112667,0,0,0,0,0,274195,3,0
0,0,0,0,22,10,17690,112667,0,0,0,0,0,260267,3,0
0,0,0,0,11,23,17691,112667,0,0,0,0,0,254890,3,0
0,0,0,0,8,13,17692,112667,0,0,0,0,0,253522,3,0
0,0,0,0,18,15,17693,112667,0,0,0,0,0,211345,3,0
0,0,0,0,32,27,17694,112667,0,0,0,0,0,160072,3,0
0,0,0,0,29,25,17695,112667,0,0,0,0,0,255094,3,0
0,0,0,0,35,28,17696,112667,0,0,0,0,0,160100,3,0
0,0,0,0,39,28,17697,112667,0,0,0,0,0,160123,3,0
0,0,0,0,15,28,17698,112667,0,0,0,0,0,160050,3,0
0,0,0,0,14,28,17699,112667,0,0,0,0,0,274363,3,0
0,0,0,0,12,28,17700,112667,0,0,0,0,0,159907,3,0
0,0,0,0,19,28,17701,112667,0,0,0,0,0,160220,3,0
0,0,0,0,27,28,17702,112667,0,0,0,0,0,72086,3,0
0,0,0,0,1,0,17703,112868,0,0,0,0,0,274207,3,0
0,0,0,0,31,3,17704,112868,0,0,0,0,0,253886,3,0
0,0,0,0,4,4,17705,112868,0,0,0,0,0,76489,3,0
0,0,0,0,30,6,17706,112868,0,0,0,0,0,261821,3,0
0,0,0,0,22,7,17707,112868,0,0,0,0,0,71224,3,0
0,0,0,0,6,10,17708,112868,0,0,0,0,0,77355,3,0
0,0,0,0,47,12,17709,112868,0,0,0,0,0,273742,3,0
0,0,0,0,10,13,17710,112868,0,0,0,0,0,262023,3,0
0,0,0,0,26,15,17711,112868,0,0,0,0,0,77359,3,0
0,0,0,0,9,16,17712,112868,0,0,0,0,0,274553,3,0
0,0,0,0,28,25,17713,112868,0,0,0,0,0,274491,3,0
0,0,0,0,45,28,17714,112868,0,0,0,0,0,273739,3,0
0,0,0,0,23,28,17715,112868,0,0,0,0,0,77356,3,0
0,0,0,0,15,28,17716,112868,0,0,0,0,0,267568,3,0
0,0,0,0,3,28,17717,112868,0,0,0,0,0,272423,3,0
0,0,0,0,41,28,17718,112868,0,0,0,0,0,159904,3,0
0,0,0,0,7,28,17719,112868,0,0,0,0,0,240338,3,0
0,0,0,0,49,28,17720,112868,0,0,0,0,0,274168,3,0
0,0,0,0,22,0,17721,114581,0,0,0,0,0,193359,3,0
0,0,0,0,29,3,17722,114581,0,0,0,0,0,254210,3,0
0,0,0,0,33,4,17723,114581,0,0,0,0,0,225679,3,0
0,0,0,0,4,6,17724,114581,0,0,0,0,0,234059,3,0
0,0,0,0,30,7,17725,114581,0,0,0,0,0,255817,3,0
0,0,0,0,5,10,17726,114581,0,0,0,0,0,242294,3,0
0,0,0,0,9,12,17727,114581,0,0,0,0,0,77423,3,0
0,0,0,0,10,13,17728,114581,0,0,0,0,0,167663,3,0
0,0,0,0,15,15,17729,114581,0,0,0,0,0,71790,3,0
0,0,0,0,32,16,17730,114581,0,0,0,0,0,266667,3,0
0,0,0,0,18,25,17731,114581,0,0,0,0,0,254449,3,0
0,0,0,0,28,28,17732,114581,0,0,0,0,0,189153,3,0
0,0,0,0,8,28,17733,114581,0,0,0,0,0,266669,3,0
0,0,0,0,6,28,17734,114581,0,0,0,0,0,245065,3,0
0,0,0,0,37,28,17735,114581,0,0,0,0,0,261822,3,0
0,0,0,0,12,28,17736,114581,0,0,0,0,0,255812,3,0
0,0,0,0,7,28,17737,114581,0,0,0,0,0,243545,3,0
0,0,0,0,23,28,17738,114581,0,0,0,0,0,78102,3,0
0,0,0,0,17,28,17739,114581,0,0,0,0,0,71795,3,0
0,0,0,0,44,28,17740,114581,0,0,0,0,0,78103,3,0
0,0,0,0,13,28,17741,114581,0,0,0,0,0,266348,3,0
0,0,0,0,59,28,17742,114581,0,0,0,0,0,71789,3,0
0,0,0,0,1,0,17743,114598,0,0,0,0,0,279327,3,0
0,0,0,0,2,3,17744,114598,0,0,0,0,0,279346,3,0
0,0,0,0,3,4,17745,114598,0,0,0,0,0,274161,3,0
0,0,0,0,4,6,17746,114598,0,0,0,0,0,159943,3,0
0,0,0,0,5,7,17747,114598,0,0,0,0,0,273937,3,0
0,0,0,0,6,9,17748,114598,0,0,0,0,0,159957,3,0
0,0,0,0,7,11,17749,114598,0,0,0,0,0,279358,3,0
0,0,0,0,8,12,17750,114598,0,0,0,0,0,279336,3,0
0,0,0,0,9,16,17751,114598,0,0,0,0,0,279328,3,0
0,0,0,0,10,18,17752,114598,0,0,0,0,0,279355,3,0
0,0,0,0,11,25,17753,114598,0,0,0,0,0,279363,3,0
0,0,0,0,16,28,17754,114598,0,0,0,0,0,159961,3,0
0,0,0,0,15,28,17755,114598,0,0,0,0,0,159979,3,0
0,0,0,0,14,28,17756,114598,0,0,0,0,0,160176,3,0
0,0,0,0,13,28,17757,114598,0,0,0,0,0,279324,3,0
0,0,0,0,12,28,17758,114598,0,0,0,0,0,160180,3,0
0,0,0,0,18,28,17759,114598,0,0,0,0,0,160003,3,0
0,0,0,0,17,28,17760,114598,0,0,0,0,0,160130,3,0
0,0,0,0,55,0,17761,114611,0,0,0,0,0,251773,3,0
0,0,0,0,30,3,17762,114611,0,0,0,0,0,254941,3,0
0,0,0,0,15,4,17763,114611,0,0,0,0,0,271222,3,0
0,0,0,0,13,6,17764,114611,0,0,0,0,0,237644,3,0
0,0,0,0,27,7,17765,114611,0,0,0,0,0,274897,3,0
0,0,0,0,6,9,17766,114611,0,0,0,0,0,266386,3,0
0,0,0,0,24,11,17767,114611,0,0,0,0,0,272330,3,0
0,0,0,0,20,12,17768,114611,0,0,0,0,0,260336,3,0
0,0,0,0,43,16,17769,114611,0,0,0,0,0,274896,3,0
0,0,0,0,8,18,17770,114611,0,0,0,0,0,77352,3,0
0,0,0,0,18,25,17771,114611,0,0,0,0,0,255135,3,0
0,0,0,0,97,28,17772,114611,0,0,0,0,0,77350,3,0
0,0,0,0,4,28,17773,114611,0,0,0,0,0,77333,3,0
0,0,0,0,2,28,17774,114611,0,0,0,0,0,81449,3,0
0,0,0,0,22,28,17775,114611,0,0,0,0,0,260298,3,0
0,0,0,0,12,28,17776,114611,0,0,0,0,0,77984,3,0
0,0,0,0,92,28,17777,114611,0,0,0,0,0,77357,3,0
0,0,0,0,33,28,17778,114611,0,0,0,0,0,77983,3,0
0,0,0,0,25,0,17779,114615,0,0,0,0,0,273731,3,0
0,0,0,0,26,3,17780,114615,0,0,0,0,0,254422,3,0
0,0,0,0,29,4,17781,114615,0,0,0,0,0,77445,3,0
0,0,0,0,37,6,17782,114615,0,0,0,0,0,78356,3,0
0,0,0,0,19,7,17783,114615,0,0,0,0,0,254200,3,0
0,0,0,0,5,9,17784,114615,0,0,0,0,0,254945,3,0
0,0,0,0,14,11,17785,114615,0,0,0,0,0,231570,3,0
0,0,0,0,40,12,17786,114615,0,0,0,0,0,253910,3,0
0,0,0,0,10,16,17787,114615,0,0,0,0,0,265617,3,0
0,0,0,0,32,18,17788,114615,0,0,0,0,0,254237,3,0
0,0,0,0,49,25,17789,114615,0,0,0,0,0,253932,3,0
0,0,0,0,88,28,17790,114615,0,0,0,0,0,254368,3,0
0,0,0,0,8,28,17791,114615,0,0,0,0,0,268291,3,0
0,0,0,0,7,28,17792,114615,0,0,0,0,0,259906,3,0
0,0,0,0,31,28,17793,114615,0,0,0,0,0,266084,3,0
0,0,0,0,42,28,17794,114615,0,0,0,0,0,253338,3,0
0,0,0,0,41,28,17795,114615,0,0,0,0,0,77446,3,0
0,0,0,0,55,28,17796,114615,0,0,0,0,0,269809,3,0
0,0,0,0,1,0,17797,115536,0,0,0,0,0,279403,3,0
0,0,0,0,2,3,17798,115536,0,0,0,0,0,159924,3,0
0,0,0,0,4,4,17799,115536,0,0,0,0,0,279365,3,0
0,0,0,0,6,6,17800,115536,0,0,0,0,0,279416,3,0
0,0,0,0,3,7,17801,115536,0,0,0,0,0,274158,3,0
0,0,0,0,5,10,17802,115536,0,0,0,0,0,160093,3,0
0,0,0,0,7,12,17803,115536,0,0,0,0,0,279382,3,0
0,0,0,0,10,13,17804,115536,0,0,0,0,0,279380,3,0
0,0,0,0,8,15,17805,115536,0,0,0,0,0,279387,3,0
0,0,0,0,11,16,17806,115536,0,0,0,0,0,160116,3,0
0,0,0,0,9,25,17807,115536,0,0,0,0,0,279413,3,0
0,0,0,0,15,28,17808,115536,0,0,0,0,0,159967,3,0
0,0,0,0,16,28,17809,115536,0,0,0,0,0,273741,3,0
0,0,0,0,14,28,17810,115536,0,0,0,0,0,274157,3,0
0,0,0,0,13,28,17811,115536,0,0,0,0,0,159944,3,0
0,0,0,0,12,28,17812,115536,0,0,0,0,0,160015,3,0
0,0,0,0,18,28,17813,115536,0,0,0,0,0,230517,3,0
0,0,0,0,17,28,17814,115536,0,0,0,0,0,160190,3,0
0,0,0,0,25,0,17815,132375,0,0,0,0,0,254191,3,0
0,0,0,0,2,3,17816,132375,0,0,0,0,0,77230,3,0
0,0,0,0,33,4,17817,132375,0,0,0,0,0,77289,3,0
0,0,0,0,36,6,17818,132375,0,0,0,0,0,160065,3,0
0,0,0,0,31,7,17819,132375,0,0,0,0,0,159947,3,0
0,0,0,0,15,9,17820,132375,0,0,0,0,0,71786,3,0
0,0,0,0,6,11,17821,132375,0,0,0,0,0,260507,3,0
0,0,0,0,24,12,17822,132375,0,0,0,0,0,77118,3,0
0,0,0,0,16,16,17823,132375,0,0,0,0,0,246788,3,0
0,0,0,0,10,18,17824,132375,0,0,0,0,0,199830,3,0
0,0,0,0,17,25,17825,132375,0,0,0,0,0,255427,3,0
0,0,0,0,35,28,17826,132375,0,0,0,0,0,160098,3,0
0,0,0,0,21,28,17827,132375,0,0,0,0,0,264718,3,0
0,0,0,0,32,28,17828,132375,0,0,0,0,0,160060,3,0
0,0,0,0,40,28,17829,132375,0,0,0,0,0,160077,3,0
0,0,0,0,13,28,17830,132375,0,0,0,0,0,77775,3,0
0,0,0,0,14,28,17831,132375,0,0,0,0,0,253570,3,0
0,0,0,0,30,28,17832,132375,0,0,0,0,0,78667,3,0
0,0,0,0,1,0,17833,110955,0,0,0,0,0,241317,3,0
0,0,0,0,13,3,17834,110955,0,0,0,0,0,238857,3,0
4,0,0,0,4,4,17835,110955,0,0,0,0,0,245040,3,0
1,0,0,0,5,6,17836,110955,0,0,0,0,0,245041,3,0
4,0,0,0,27,7,17837,110955,0,0,0,0,0,73718,3,0
0,0,0,0,23,10,17838,110955,0,0,0,0,0,202808,3,0
9,0,0,1,15,13,17839,110955,1,0,0,0,2,217153,3,0
3,0,0,0,17,15,17840,110955,0,0,0,0,0,241418,3,0
6,0,0,1,10,18,17841,110955,0,0,0,0,0,210377,3,0
6,0,0,1,34,24,17842,110955,0,0,0,0,0,71430,3,0
7,0,0,1,11,26,17843,110955,0,0,0,0,0,263563,3,0
0,0,0,0,14,28,17844,110955,0,0,0,0,0,222350,3,0
0,0,0,0,91,28,17845,110955,0,0,0,0,0,240805,3,0
1,0,0,0,16,28,17846,110955,0,0,0,0,0,228076,3,0
0,0,0,0,2,28,17847,110955,0,0,0,0,0,245024,3,0
0,0,0,0,90,28,17848,110955,0,0,0,0,0,248735,3,0
1,0,0,0,33,28,17849,110955,0,0,0,0,0,251110,3,0
1,0,0,0,7,28,17850,110955,0,0,0,0,0,245042,3,0
3,0,0,0,43,28,17851,110955,0,0,0,0,0,71437,3,0
6,0,0,1,20,28,17852,110955,0,0,0,0,0,182411,3,0
0,0,0,0,37,28,17853,110955,0,0,0,0,0,77927,3,0
0,0,0,0,47,28,17854,110955,0,0,0,0,0,77930,3,0
0,0,0,0,3,28,17855,110955,0,0,0,0,0,277017,3,0
0,0,0,0,6,29,17856,110955,0,0,0,0,0,211382,3,0
0,0,0,0,35,29,17857,110955,0,0,0,0,0,71431,3,0
0,0,0,0,46,29,17858,110955,0,0,0,0,0,275659,3,0
0,0,0,0,45,29,17859,110955,0,0,0,0,0,71440,3,0
0,0,0,0,44,29,17860,110955,0,0,0,0,0,277768,3,0
0,0,0,0,49,29,17861,110955,0,0,0,0,0,77932,3,0
0,0,0,0,48,29,17862,110955,0,0,0,0,0,77931,3,0
0,0,0,0,38,29,17863,110955,0,0,0,0,0,79990,3,0
0,0,0,0,14,0,17864,111724,0,0,0,0,0,182224,3,0
0,0,0,0,33,3,17865,111724,0,0,0,0,0,232871,3,0
0,0,0,0,5,4,17866,111724,0,0,0,0,0,191572,3,0
0,0,0,0,31,6,17867,111724,0,0,0,0,0,245036,3,0
2,0,0,0,11,7,17868,111724,1,0,0,0,2,240207,3,0
4,0,0,1,23,12,17869,111724,0,0,0,0,0,261927,3,0
4,0,0,1,8,13,17870,111724,0,0,0,0,0,76744,3,0
1,0,0,0,22,15,17871,111724,0,0,0,0,0,223298,3,0
27,1,0,1,10,16,17872,111724,2,0,0,0,5,205401,3,0
11,0,0,1,9,24,17873,111724,1,0,0,0,1,230601,3,0
12,0,0,1,19,26,17874,111724,1,0,0,0,2,268313,3,0
1,0,0,0,29,28,17875,111724,0,0,0,0,0,252516,3,0
1,0,0,0,21,28,17876,111724,0,0,0,0,0,221855,3,0
1,0,0,0,6,28,17877,111724,0,0,0,0,0,221846,3,0
0,0,0,0,44,28,17878,111724,0,0,0,0,0,275649,3,0
0,0,0,0,1,28,17879,111724,0,0,0,0,0,261928,3,0
1,0,0,0,35,28,17880,111724,0,0,0,0,0,233394,3,0
0,0,0,0,41,28,17881,111724,0,0,0,0,0,275650,3,0
0,0,0,0,17,28,17882,111724,0,0,0,0,0,221854,3,0
0,0,0,0,58,28,17883,111724,0,0,0,0,0,79963,3,0
0,0,0,0,90,28,17884,111724,0,0,0,0,0,222346,3,0
0,0,0,0,55,28,17885,111724,0,0,0,0,0,275651,3,0
0,0,0,0,61,28,17886,111724,0,0,0,0,0,79962,3,0
0,0,0,0,57,29,17887,111724,0,0,0,0,0,79965,3,0
0,0,0,0,51,29,17888,111724,0,0,0,0,0,79966,3,0
0,0,0,0,45,29,17889,111724,0,0,0,0,0,269032,3,0
0,0,0,0,59,29,17890,111724,0,0,0,0,0,77920,3,0
0,0,0,0,32,29,17891,111724,0,0,0,0,0,259652,3,0
0,0,0,0,60,29,17892,111724,0,0,0,0,0,77921,3,0
3,0,0,0,38,29,17893,111724,0,0,0,0,0,77919,3,0
0,0,0,0,34,0,17894,111768,0,0,0,0,0,191528,3,0
0,0,0,0,2,4,17895,111768,0,0,0,0,0,247241,3,0
1,0,0,0,5,5,17896,111768,0,0,0,0,0,236690,3,0
0,0,0,0,27,6,17897,111768,0,0,0,0,0,199088,3,0
1,0,0,0,23,10,17898,111768,0,0,0,0,0,266170,3,0
3,0,0,0,37,12,17899,111768,0,0,0,0,0,228047,3,0
7,0,0,1,7,13,17900,111768,0,0,0,0,2,225478,3,0
0,0,0,0,6,15,17901,111768,0,0,0,0,0,228033,3,0
6,0,0,1,11,16,17902,111768,0,0,0,0,0,241239,3,0
28,1,0,1,29,24,17903,111768,4,0,0,1,7,227527,3,0
6,0,0,1,9,26,17904,111768,1,0,0,0,2,228017,3,0
2,0,0,0,18,28,17905,111768,0,0,0,0,0,261956,3,0
0,0,0,0,26,28,17906,111768,0,0,0,0,0,261886,3,0
0,0,0,0,3,28,17907,111768,0,0,0,0,0,248237,3,0
0,0,0,0,19,28,17908,111768,0,0,0,0,0,268917,3,0
0,0,0,0,25,28,17909,111768,0,0,0,0,0,253219,3,0
1,0,0,0,17,28,17910,111768,0,0,0,0,0,241344,3,0
0,0,0,0,16,28,17911,111768,0,0,0,0,0,240391,3,0
0,0,0,0,41,28,17912,111768,0,0,0,0,0,77807,3,0
4,0,0,1,10,28,17913,111768,0,0,0,0,0,221820,3,0
0,0,0,0,1,28,17914,111768,0,0,0,0,0,253955,3,0
1,0,0,0,4,28,17915,111768,0,0,0,0,0,224648,3,0
0,0,0,0,15,28,17916,111768,0,0,0,0,0,215892,3,0
0,0,0,0,39,29,17917,111768,0,0,0,0,0,253516,3,0
0,0,0,0,33,29,17918,111768,0,0,0,0,0,275172,3,0
2,0,0,0,66,29,17919,111768,0,0,0,0,0,242276,3,0
0,0,0,0,30,29,17920,111768,0,0,0,0,0,73687,3,0
0,0,0,0,35,29,17921,111768,0,0,0,0,0,261887,3,0
0,0,0,0,40,29,17922,111768,0,0,0,0,0,77806,3,0
0,0,0,0,28,29,17923,111768,0,0,0,0,0,77786,3,0
0,0,0,0,42,29,17924,111768,0,0,0,0,0,77808,3,0
0,0,0,0,43,29,17925,111768,0,0,0,0,0,77809,3,0
0,0,0,0,44,29,17926,111768,0,0,0,0,0,77810,3,0
0,0,0,0,23,0,17927,111769,0,0,0,0,0,221964,3,0
0,0,0,0,24,3,17928,111769,0,0,0,0,0,242700,3,0
0,0,0,0,31,4,17929,111769,0,0,0,0,0,190276,3,0
0,0,0,0,5,5,17930,111769,0,0,0,0,0,245048,3,0
1,0,0,1,4,6,17931,111769,0,0,0,0,0,235002,3,0
0,0,0,0,17,7,17932,111769,0,0,0,0,0,268930,3,0
0,0,0,0,20,23,17933,111769,0,0,0,0,0,77812,3,0
0,0,0,0,21,13,17934,111769,0,0,0,0,0,250988,3,0
1,0,0,1,6,15,17935,111769,0,0,0,0,0,241332,3,0
9,0,0,1,29,27,17936,111769,0,0,0,0,0,202855,3,0
6,0,0,1,10,25,17937,111769,0,0,0,0,0,201876,3,0
2,0,0,1,27,28,17938,111769,0,0,0,0,0,242678,3,0
0,0,0,0,80,28,17939,111769,0,0,0,0,0,79984,3,0
0,0,0,0,81,28,17940,111769,0,0,0,0,0,243092,3,0
0,0,0,0,30,28,17941,111769,0,0,0,0,0,261921,3,0
0,0,0,0,42,28,17942,111769,0,0,0,0,0,222438,3,0
0,0,0,0,11,28,17943,111769,0,0,0,0,0,268915,3,0
0,0,0,0,37,28,17944,111769,0,0,0,0,0,233451,3,0
0,0,0,0,33,28,17945,111769,0,0,0,0,0,273641,3,0
0,0,0,0,18,28,17946,111769,0,0,0,0,0,71573,3,0
0,0,0,0,1,28,17947,111769,0,0,0,0,0,77811,3,0
2,0,0,1,25,28,17948,111769,0,0,0,0,2,212886,3,0
0,0,0,0,22,28,17949,111769,0,0,0,0,0,263847,3,0
0,0,0,0,3,29,17950,111769,0,0,0,0,0,224550,3,0
1,0,0,1,19,29,17951,111769,0,0,0,0,0,257683,3,0
0,0,0,0,86,29,17952,111769,0,0,0,0,0,217160,3,0
1,0,0,1,83,29,17953,111769,0,0,0,0,0,269027,3,0
0,0,0,0,82,29,17954,111769,0,0,0,0,0,257493,3,0
0,0,0,0,84,29,17955,111769,0,0,0,0,0,247224,3,0
0,0,0,0,85,29,17956,111769,0,0,0,0,0,269030,3,0
0,0,0,0,22,0,17957,111774,0,0,0,0,0,221798,3,0
0,0,0,0,29,3,17958,111774,0,0,0,0,0,224466,3,0
0,0,0,0,4,4,17959,111774,0,0,0,0,0,242874,3,0
1,0,0,1,11,5,17960,111774,0,0,0,0,1,243117,3,0
0,0,0,0,6,6,17961,111774,0,0,0,0,0,243102,3,0
0,0,0,0,3,7,17962,111774,0,0,0,0,0,250989,3,0
7,0,0,1,8,12,17963,111774,0,0,0,0,0,237670,3,0
1,0,0,1,10,13,17964,111774,0,0,0,0,0,236997,3,0
1,0,0,1,36,15,17965,111774,0,0,0,0,0,226021,3,0
0,0,0,0,40,16,17966,111774,0,0,0,0,0,263487,3,0
16,1,0,1,9,25,17967,111774,0,0,0,0,1,236810,3,0
0,0,0,0,19,28,17968,111774,0,0,0,0,0,264056,3,0
0,0,0,0,14,28,17969,111774,0,0,0,0,0,252181,3,0
0,0,0,0,31,28,17970,111774,0,0,0,0,0,71394,3,0
0,0,0,0,23,28,17971,111774,0,0,0,0,0,241622,3,0
0,0,0,0,25,28,17972,111774,0,0,0,0,0,269141,3,0
5,0,0,1,30,28,17973,111774,0,0,0,0,0,228077,3,0
0,0,0,0,24,28,17974,111774,0,0,0,0,0,80133,3,0
0,0,0,0,13,28,17975,111774,0,0,0,0,0,269017,3,0
4,0,0,1,90,28,17976,111774,0,0,0,0,0,260645,3,0
0,0,0,0,32,28,17977,111774,0,0,0,0,0,241342,3,0
1,0,0,1,27,28,17978,111774,1,0,0,0,1,276520,3,0
0,0,0,0,5,28,17979,111774,0,0,0,0,0,222349,3,0
0,0,0,0,1,29,17980,111774,0,0,0,0,0,269138,3,0
0,0,0,0,26,29,17981,111774,0,0,0,0,0,77940,3,0
0,0,0,0,91,29,17982,111774,0,0,0,0,0,261954,3,0
0,0,0,0,18,0,17983,111779,0,0,0,0,0,226838,3,0
0,0,0,0,4,3,17984,111779,0,0,0,0,0,251586,3,0
6,0,0,1,23,4,17985,111779,0,0,0,0,0,260094,3,0
4,0,0,1,36,6,17986,111779,0,0,0,0,0,226151,3,0
0,0,0,0,2,7,17987,111779,0,0,0,0,0,268959,3,0
1,0,0,0,20,9,17988,111779,0,0,0,0,1,224470,3,0
0,0,0,0,6,11,17989,111779,0,0,0,0,0,216736,3,0
5,0,0,1,7,12,17990,111779,0,0,0,0,1,243088,3,0
1,0,0,0,19,16,17991,111779,0,0,0,0,0,269520,3,0
5,0,0,1,40,18,17992,111779,0,0,0,0,0,219908,3,0
2,0,0,1,30,25,17993,111779,0,0,0,0,0,248222,3,0
0,0,0,0,22,28,17994,111779,0,0,0,0,0,253966,3,0
0,0,0,0,21,28,17995,111779,0,0,0,0,0,261899,3,0
0,0,0,0,3,28,17996,111779,0,0,0,0,0,71348,3,0
0,0,0,0,29,28,17997,111779,0,0,0,0,0,224615,3,0
0,0,0,0,26,28,17998,111779,0,0,0,0,0,224555,3,0
0,0,0,0,39,28,17999,111779,0,0,0,0,0,261934,3,0
0,0,0,0,16,28,18000,111779,0,0,0,0,0,224667,3,0
1,0,0,0,79,28,18001,111779,0,0,0,0,0,241619,3,0
0,0,0,0,80,28,18002,111779,0,0,0,0,0,79967,3,0
0,0,0,0,33,28,18003,111779,0,0,0,0,0,257475,3,0
0,0,0,0,41,28,18004,111779,0,0,0,0,0,77908,3,0
0,0,0,0,43,28,18005,111779,0,0,0,0,0,77910,3,0
0,0,0,0,42,29,18006,111779,0,0,0,0,0,77909,3,0
2,0,0,1,78,29,18007,111779,0,0,0,0,0,269033,3,0
0,0,0,0,77,29,18008,111779,0,0,0,0,0,259653,3,0
0,0,0,0,76,29,18009,111779,0,0,0,0,0,73707,3,0
0,0,0,0,33,0,18010,112163,0,0,0,0,0,269536,3,0
0,0,0,0,5,4,18011,112163,0,0,0,0,0,269530,3,0
3,0,0,1,36,5,18012,112163,1,0,0,0,1,238862,3,0
0,0,0,0,24,6,18013,112163,0,0,0,0,0,77574,3,0
2,0,0,0,16,12,18014,112163,0,0,0,0,0,233946,3,0
0,0,0,0,22,13,18015,112163,0,0,0,0,0,222440,3,0
0,0,0,0,8,15,18016,112163,0,0,0,0,0,193713,3,0
0,0,0,0,26,16,18017,112163,0,0,0,0,0,222192,3,0
8,0,0,1,20,17,18018,112163,0,0,0,0,0,229804,3,0
11,0,0,1,39,19,18019,112163,0,0,0,0,0,277782,3,0
6,0,0,1,7,25,18020,112163,0,0,0,0,0,248376,3,0
3,0,0,1,90,28,18021,112163,0,0,0,0,0,271525,3,0
0,0,0,0,14,28,18022,112163,0,0,0,0,0,233945,3,0
0,0,0,0,21,28,18023,112163,0,0,0,0,0,269537,3,0
0,0,0,0,3,28,18024,112163,0,0,0,0,0,233947,3,0
0,0,0,0,1,28,18025,112163,0,0,0,0,0,224475,3,0
0,0,0,0,29,28,18026,112163,0,0,0,0,0,205331,3,0
0,0,0,0,13,28,18027,112163,0,0,0,0,0,275674,3,0
0,0,0,0,74,28,18028,112163,0,0,0,0,0,79996,3,0
0,0,0,0,81,28,18029,112163,0,0,0,0,0,79995,3,0
0,0,0,0,32,28,18030,112163,0,0,0,0,0,269040,3,0
0,0,0,0,30,28,18031,112163,0,0,0,0,0,275673,3,0
0,0,0,0,91,28,18032,112163,0,0,0,0,0,242414,3,0
0,0,0,0,1,0,18033,112540,0,0,0,0,0,224599,3,0
0,0,0,0,15,3,18034,112540,0,0,0,0,0,247197,3,0
0,0,0,0,3,4,18035,112540,0,0,0,0,0,200741,3,0
0,0,0,0,13,6,18036,112540,0,0,0,0,0,241328,3,0
2,0,0,0,32,7,18037,112540,0,0,0,0,0,243100,3,0
0,0,0,0,36,9,18038,112540,0,0,0,0,0,261946,3,0
0,0,0,0,20,11,18039,112540,0,0,0,0,0,224631,3,0
6,0,0,1,26,12,18040,112540,0,0,0,0,1,239609,3,0
11,0,0,1,30,16,18041,112540,1,0,0,0,1,240131,3,0
5,0,0,0,10,18,18042,112540,0,0,0,0,1,238704,3,0
21,1,0,1,45,25,18043,112540,0,0,0,0,0,254894,3,0
1,0,0,0,90,28,18044,112540,0,0,0,0,0,70832,3,0
0,0,0,0,47,28,18045,112540,0,0,0,0,0,77922,3,0
4,0,0,0,4,28,18046,112540,0,0,0,0,1,224604,3,0
0,0,0,0,2,28,18047,112540,0,0,0,0,0,224690,3,0
0,0,0,0,12,28,18048,112540,0,0,0,0,0,241327,3,0
6,0,0,1,49,28,18049,112540,0,0,0,0,1,77924,3,0
1,0,0,0,27,28,18050,112540,0,0,0,0,0,226197,3,0
1,0,0,0,21,28,18051,112540,0,0,0,0,0,236679,3,0
1,0,0,0,7,28,18052,112540,0,0,0,0,0,221445,3,0
1,0,0,0,91,28,18053,112540,0,0,0,0,0,231954,3,0
1,0,0,0,5,28,18054,112540,0,0,0,0,0,200672,3,0
0,0,0,0,19,28,18055,112540,0,0,0,0,0,257523,3,0
7,0,0,1,9,29,18056,112540,0,0,0,0,0,222729,3,0
0,0,0,0,23,29,18057,112540,0,0,0,0,0,224624,3,0
0,0,0,0,25,29,18058,112540,0,0,0,0,0,222621,3,0
0,0,0,0,11,29,18059,112540,0,0,0,0,0,224611,3,0
0,0,0,0,41,29,18060,112540,0,0,0,0,0,79974,3,0
0,0,0,0,29,29,18061,112540,0,0,0,0,0,79988,3,0
0,0,0,0,40,29,18062,112540,0,0,0,0,0,71393,3,0
0,0,0,0,51,29,18063,112540,0,0,0,0,0,77925,3,0
0,0,0,0,52,29,18064,112540,0,0,0,0,0,269115,3,0
0,0,0,0,53,29,18065,112540,0,0,0,0,0,77926,3,0
0,0,0,0,50,29,18066,112540,0,0,0,0,0,272559,3,0
0,0,0,0,41,0,18067,114628,0,0,0,0,0,240704,3,0
0,0,0,0,20,3,18068,114628,0,0,0,0,0,224674,3,0
1,0,0,0,6,4,18069,114628,0,0,0,0,0,231956,3,0
1,0,0,0,11,6,18070,114628,0,0,0,0,0,70550,3,0
0,0,0,0,31,7,18071,114628,0,0,0,0,0,224556,3,0
1,0,0,0,4,9,18072,114628,0,0,0,0,0,77572,3,0
0,0,0,0,27,11,18073,114628,0,0,0,0,0,240392,3,0
3,0,0,1,26,12,18074,114628,0,0,0,0,0,247195,3,0
5,0,0,1,8,16,18075,114628,0,0,0,0,0,272540,3,0
3,0,0,1,16,18,18076,114628,0,0,0,0,0,221815,3,0
4,0,0,1,22,25,18077,114628,1,0,0,0,2,227509,3,0
0,0,0,0,37,28,18078,114628,0,0,0,0,0,269031,3,0
0,0,0,0,34,28,18079,114628,0,0,0,0,0,77914,3,0
0,0,0,0,17,28,18080,114628,0,0,0,0,0,222175,3,0
0,0,0,0,33,28,18081,114628,0,0,0,0,0,79987,3,0
0,0,0,0,35,28,18082,114628,0,0,0,0,0,269526,3,0
1,0,0,0,21,28,18083,114628,0,0,0,0,0,77912,3,0
3,0,0,1,80,28,18084,114628,0,0,0,0,0,271526,3,0
2,0,0,0,14,28,18085,114628,0,0,0,0,0,275304,3,0
0,0,0,0,81,28,18086,114628,0,0,0,0,0,269110,3,0
0,0,0,0,1,28,18087,114628,0,0,0,0,0,269514,3,0
0,0,0,0,12,28,18088,114628,0,0,0,0,0,259003,3,0
0,0,0,0,32,0,18089,116360,0,0,0,0,0,224702,3,0
1,0,0,0,2,3,18090,116360,0,0,0,0,0,269476,3,0
0,0,0,0,19,4,18091,116360,0,0,0,0,0,225740,3,0
2,0,0,0,26,5,18092,116360,0,0,0,0,0,241299,3,0
0,0,0,0,22,6,18093,116360,0,0,0,0,0,253518,3,0
2,0,0,0,11,7,18094,116360,0,0,0,0,0,264009,3,0
8,0,0,1,10,12,18095,116360,0,0,0,0,0,226096,3,0
3,0,0,1,16,13,18096,116360,0,0,0,0,0,216741,3,0
0,0,0,0,25,15,18097,116360,0,0,0,0,0,221847,3,0
10,0,0,1,7,16,18098,116360,0,0,0,0,0,223344,3,0
15,1,0,1,9,25,18099,116360,1,0,0,0,3,244723,3,0
0,0,0,0,24,28,18100,116360,0,0,0,0,0,275319,3,0
1,0,0,0,39,28,18101,116360,0,0,0,0,0,224562,3,0
0,0,0,0,18,28,18102,116360,0,0,0,0,0,232256,3,0
0,0,0,0,3,28,18103,116360,0,0,0,0,0,241252,3,0
0,0,0,0,1,28,18104,116360,0,0,0,0,0,275318,3,0
0,0,0,0,47,28,18105,116360,0,0,0,0,0,207740,3,0
0,0,0,0,17,28,18106,116360,0,0,0,0,0,269539,3,0
5,0,0,1,80,28,18107,116360,0,0,0,0,0,208480,3,0
3,0,0,1,82,28,18108,116360,0,0,0,0,0,251291,3,0
0,0,0,0,14,28,18109,116360,0,0,0,0,0,269480,3,0
0,0,0,0,81,28,18110,116360,0,0,0,0,0,241318,3,0
1,0,0,0,48,28,18111,116360,0,0,0,0,0,77902,3,0
0,0,0,0,55,29,18112,116360,0,0,0,0,0,79985,3,0
0,0,0,0,49,29,18113,116360,0,0,0,0,0,77903,3,0
1,0,0,0,58,29,18114,116360,0,0,0,0,0,275322,3,0
0,0,0,0,45,29,18115,116360,0,0,0,0,0,275320,3,0
0,0,0,0,59,29,18116,116360,0,0,0,0,0,77904,3,0
0,0,0,0,60,29,18117,116360,0,0,0,0,0,77905,3,0
0,0,0,0,1,0,18118,116361,0,0,0,0,0,261931,3,0
1,0,0,1,12,3,18119,116361,0,0,0,0,0,224692,3,0
0,0,0,0,23,4,18120,116361,0,0,0,0,0,222235,3,0
0,0,0,0,13,6,18121,116361,0,0,0,0,0,222199,3,0
0,0,0,0,15,7,18122,116361,0,0,0,0,0,232888,3,0
0,0,0,0,26,12,18123,116361,0,0,0,0,0,275666,3,0
1,0,0,1,6,13,18124,116361,0,0,0,0,0,235139,3,0
1,0,0,1,8,15,18125,116361,0,0,0,0,0,224546,3,0
2,0,0,1,30,16,18126,116361,0,0,0,0,0,224675,3,0
2,0,0,1,29,24,18127,116361,0,0,0,0,0,275190,3,0
7,0,0,1,7,26,18128,116361,0,0,0,0,0,230665,3,0
0,0,0,0,41,28,18129,116361,0,0,0,0,0,269552,3,0
0,0,0,0,28,28,18130,116361,0,0,0,0,0,264029,3,0
0,0,0,0,18,28,18131,116361,0,0,0,0,0,241334,3,0
1,0,0,1,56,28,18132,116361,0,0,0,0,0,73723,3,0
0,0,0,0,60,28,18133,116361,0,0,0,0,0,71983,3,0
0,0,0,0,61,28,18134,116361,0,0,0,0,0,79961,3,0
0,0,0,0,43,28,18135,116361,0,0,0,0,0,79993,3,0
0,0,0,0,54,28,18136,116361,0,0,0,0,0,79992,3,0
1,0,0,1,47,28,18137,116361,1,0,0,0,1,275663,3,0
0,0,0,0,52,28,18138,116361,0,0,0,0,0,72003,3,0
0,0,0,0,45,28,18139,116361,0,0,0,0,0,261941,3,0
0,0,0,0,58,28,18140,116361,0,0,0,0,0,77944,3,0
0,0,0,0,16,29,18141,116361,0,0,0,0,0,77941,3,0
1,0,0,1,90,29,18142,116361,0,0,0,0,0,237010,3,0
0,0,0,0,28,0,18143,131173,0,0,0,0,0,248221,3,0
0,0,0,0,16,3,18144,131173,0,0,0,0,0,239859,3,0
0,0,0,0,33,4,18145,131173,0,0,0,0,0,222200,3,0
0,0,0,0,4,5,18146,131173,0,0,0,0,0,225739,3,0
2,0,0,1,3,6,18147,131173,0,0,0,0,0,238103,3,0
1,0,0,1,34,7,18148,131173,0,0,0,0,0,73699,3,0
1,0,0,1,30,12,18149,131173,0,0,0,0,0,232264,3,0
0,0,0,0,31,13,18150,131173,0,0,0,0,0,221856,3,0
2,0,0,1,8,15,18151,131173,0,0,0,0,0,224618,3,0
0,0,0,0,27,16,18152,131173,0,0,0,0,0,182096,3,0
1,0,0,1,10,25,18153,131173,0,0,0,0,0,251111,3,0
1,0,0,1,19,28,18154,131173,0,0,0,0,0,232258,3,0
0,0,0,0,42,28,18155,131173,0,0,0,0,0,77916,3,0
1,0,0,1,2,28,18156,131173,0,0,0,0,0,70055,3,0
0,0,0,0,37,28,18157,131173,0,0,0,0,0,269037,3,0
0,0,0,0,1,28,18158,131173,0,0,0,0,0,275474,3,0
0,0,0,0,41,28,18159,131173,0,0,0,0,0,77915,3,0
0,0,0,0,39,28,18160,131173,0,0,0,0,0,73700,3,0
0,0,0,0,12,28,18161,131173,0,0,0,0,0,255597,3,0
0,0,0,0,14,28,18162,131173,0,0,0,0,0,222344,3,0
0,0,0,0,43,28,18163,131173,0,0,0,0,0,77917,3,0
0,0,0,0,5,28,18164,131173,0,0,0,0,0,273007,3,0
11,0,0,1,80,28,18165,131173,2,0,0,0,3,198635,3,0
0,0,0,0,81,29,18166,131173,0,0,0,0,0,239858,3,0
0,0,0,0,82,29,18167,131173,0,0,0,0,0,272748,3,0
0,0,0,0,83,29,18168,131173,0,0,0,0,0,192008,3,0
1,0,0,1,84,29,18169,131173,0,0,0,0,0,264025,3,0
0,0,0,0,1,0,18170,131487,0,0,0,0,0,269127,3,0
2,0,0,1,22,3,18171,131487,0,0,0,0,0,77637,3,0
2,0,0,1,23,4,18172,131487,0,0,0,0,0,255632,3,0
0,0,0,0,15,5,18173,131487,0,0,0,0,0,224558,3,0
0,0,0,0,12,6,18174,131487,0,0,0,0,0,224685,3,0
0,0,0,0,4,7,18175,131487,0,0,0,0,0,222273,3,0
1,0,0,1,36,10,18176,131487,0,0,0,0,0,274024,3,0
0,0,0,0,21,13,18177,131487,0,0,0,0,0,235984,3,0
1,0,0,1,17,15,18178,131487,0,0,0,0,0,272759,3,0
10,0,0,1,7,24,18179,131487,0,0,0,0,0,232381,3,0
0,0,0,0,34,26,18180,131487,0,0,0,0,0,272622,3,0
0,0,0,0,90,28,18181,131487,0,0,0,0,0,221801,3,0
0,0,0,0,56,28,18182,131487,0,0,0,0,0,77939,3,0
0,0,0,0,5,28,18183,131487,0,0,0,0,0,240472,3,0
0,0,0,0,46,28,18184,131487,0,0,0,0,0,77936,3,0
0,0,0,0,13,28,18185,131487,0,0,0,0,0,272314,3,0
0,0,0,0,27,28,18186,131487,0,0,0,0,0,71471,3,0
0,0,0,0,49,28,18187,131487,0,0,0,0,0,77938,3,0
0,0,0,0,1,0,18188,131488,0,0,0,0,0,77573,3,0
0,0,0,0,22,3,18189,131488,0,0,0,0,0,76749,3,0
0,0,0,0,36,4,18190,131488,0,0,0,0,0,221972,3,0
0,0,0,0,15,6,18191,131488,0,0,0,0,0,227970,3,0
0,0,0,0,3,7,18192,131488,0,0,0,0,0,224544,3,0
0,0,0,0,6,9,18193,131488,0,0,0,0,0,271657,3,0
5,0,0,1,23,11,18194,131488,0,0,0,0,0,269155,3,0
4,0,0,1,10,12,18195,131488,0,0,0,0,0,258731,3,0
8,0,0,1,11,16,18196,131488,0,0,0,0,2,237135,3,0
1,0,0,0,8,18,18197,131488,0,0,0,0,0,241335,3,0
2,0,0,1,56,25,18198,131488,0,0,0,0,0,191569,3,0
0,0,0,0,29,28,18199,131488,0,0,0,0,0,233667,3,0
0,0,0,0,28,28,18200,131488,0,0,0,0,0,182409,3,0
0,0,0,0,20,28,18201,131488,0,0,0,0,0,261929,3,0
0,0,0,0,19,28,18202,131488,0,0,0,0,0,222306,3,0
0,0,0,0,37,28,18203,131488,0,0,0,0,0,279550,3,0
0,0,0,0,17,28,18204,131488,0,0,0,0,0,194617,3,0
0,0,0,0,14,28,18205,131488,0,0,0,0,0,222432,3,0
0,0,0,0,13,28,18206,131488,0,0,0,0,0,71577,3,0
6,0,0,1,90,28,18207,131488,0,0,0,0,0,245039,3,0
0,0,0,0,99,28,18208,131488,0,0,0,0,0,279553,3,0
0,0,0,0,88,28,18209,131488,0,0,0,0,0,79976,3,0
0,0,0,0,68,28,18210,131488,0,0,0,0,0,79983,3,0
0,0,0,0,26,29,18211,131488,0,0,0,0,0,76748,3,0
0,0,0,0,47,29,18212,131488,0,0,0,0,0,77918,3,0
0,0,0,0,77,29,18213,131488,0,0,0,0,0,79978,3,0
0,0,0,0,91,29,18214,131488,0,0,0,0,0,269484,3,0
0,0,0,0,92,29,18215,131488,0,0,0,0,0,275652,3,0
0,0,0,0,90,0,18216,131531,0,0,0,0,0,250978,3,0
0,0,0,0,40,3,18217,131531,0,0,0,0,0,80134,3,0
0,0,0,0,6,4,18218,131531,0,0,0,0,0,222435,3,0
0,0,0,0,18,6,18219,131531,0,0,0,0,0,201026,3,0
0,0,0,0,33,7,18220,131531,0,0,0,0,0,248003,3,0
0,0,0,0,20,10,18221,131531,0,0,0,0,0,240917,3,0
3,0,0,1,8,12,18222,131531,0,0,0,0,0,226296,3,0
3,0,0,1,10,13,18223,131531,0,0,0,0,0,233874,3,0
5,0,0,1,30,15,18224,131531,0,0,0,0,0,222853,3,0
3,0,0,1,27,16,18225,131531,0,0,0,0,0,242698,3,0
9,0,0,1,25,25,18226,131531,0,0,0,0,0,257518,3,0
0,0,0,0,32,28,18227,131531,0,0,0,0,0,77945,3,0
1,0,0,0,17,28,18228,131531,0,0,0,0,0,253967,3,0
1,0,0,0,22,28,18229,131531,0,0,0,0,0,222278,3,0
0,0,0,0,16,28,18230,131531,0,0,0,0,0,261907,3,0
0,0,0,0,24,28,18231,131531,0,0,0,0,0,76593,3,0
0,0,0,0,21,28,18232,131531,0,0,0,0,0,76599,3,0
0,0,0,0,41,28,18233,131531,0,0,0,0,0,252517,3,0
0,0,0,0,26,28,18234,131531,0,0,0,0,0,76597,3,0
1,0,0,0,4,28,18235,131531,0,0,0,0,0,221850,3,0
0,0,0,0,13,28,18236,131531,0,0,0,0,0,76595,3,0
0,0,0,0,17,0,18237,132305,0,0,0,0,0,226182,3,0
2,0,0,1,38,3,18238,132305,0,0,0,0,1,269579,3,0
1,0,0,0,2,4,18239,132305,0,0,0,0,0,237033,3,0
0,0,0,0,6,6,18240,132305,0,0,0,0,0,257936,3,0
0,0,0,0,30,7,18241,132305,0,0,0,0,0,240393,3,0
5,0,0,1,10,12,18242,132305,0,0,0,0,0,198640,3,0
0,0,0,0,40,13,18243,132305,0,0,0,0,0,77906,3,0
0,0,0,0,4,15,18244,132305,0,0,0,0,0,276076,3,0
0,0,0,0,29,16,18245,132305,0,0,0,0,0,222191,3,0
2,0,0,1,16,24,18246,132305,0,0,0,0,0,76503,3,0
6,0,0,1,11,26,18247,132305,0,0,0,0,0,212601,3,0
2,0,0,1,25,28,18248,132305,0,0,0,0,0,264324,3,0
1,0,0,0,27,28,18249,132305,0,0,0,0,1,76499,3,0
0,0,0,0,5,28,18250,132305,0,0,0,0,0,222179,3,0
0,0,0,0,33,28,18251,132305,0,0,0,0,0,222449,3,0
0,0,0,0,26,28,18252,132305,0,0,0,0,0,251112,3,0
0,0,0,0,9,28,18253,132305,0,0,0,0,0,241997,3,0
0,0,0,0,21,28,18254,132305,0,0,0,0,0,222190,3,0
0,0,0,0,24,28,18255,132305,0,0,0,0,0,79960,3,0
1,0,0,0,22,28,18256,132305,0,0,0,0,0,76498,3,0
0,0,0,0,18,28,18257,132305,0,0,0,0,0,243108,3,0
0,0,0,0,8,28,18258,132305,0,0,0,0,0,222195,3,0
0,0,0,0,31,28,18259,132305,0,0,0,0,0,261919,3,0
0,0,0,0,1,29,18260,132305,0,0,0,0,0,76490,3,0
0,0,0,0,23,29,18261,132305,0,0,0,0,0,76494,3,0
0,0,0,0,42,29,18262,132305,0,0,0,0,0,76506,3,0
0,0,0,0,3,29,18263,132305,0,0,0,0,0,272814,3,0
0,0,0,0,14,29,18264,132305,0,0,0,0,0,79986,3,0
5,0,0,1,80,29,18265,132305,0,0,0,0,1,261947,3,0
1,0,0,0,81,29,18266,132305,0,0,0,0,1,224677,3,0
0,0,0,0,1,0,18267,27,0,0,0,0,0,206145,1,0
1,0,0,0,19,3,18268,27,0,0,0,0,0,269513,2,0
1,0,0,0,15,4,18269,27,0,0,0,0,0,245252,2,0
1,0,0,0,17,6,18270,27,0,0,0,0,0,245750,1,0
0,0,0,0,33,7,18271,27,0,0,0,0,0,272891,1,0
2,0,0,1,5,10,18272,27,0,0,0,0,0,223680,2,0
5,0,0,1,4,13,18273,27,0,0,0,0,0,243893,2,0
3,0,0,1,6,15,18274,27,0,0,0,0,0,262297,2,0
1,0,0,0,42,18,18275,27,0,0,0,0,0,270111,2,0
3,0,0,1,9,24,18276,27,0,0,0,0,0,211891,2,0
4,0,0,1,11,26,18277,27,0,0,0,0,0,251090,2,0
1,0,0,0,35,28,18278,27,0,0,0,0,0,244109,2,0
1,0,0,0,7,28,18279,27,0,0,0,0,0,211982,3,0
0,0,0,0,10,28,18280,27,0,0,0,0,0,276319,3,0
0,0,0,0,23,28,18281,27,0,0,0,0,0,262635,3,0
0,0,0,0,30,28,18282,27,0,0,0,0,0,269916,3,0
0,0,0,0,21,28,18283,27,0,0,0,0,0,79401,3,0
2,0,0,1,8,28,18284,27,0,0,0,0,0,269318,2,0
0,0,0,0,16,28,18285,27,0,0,0,0,0,266109,3,0
2,0,0,1,27,28,18286,27,0,0,0,0,0,251482,2,0
0,0,0,0,14,28,18287,27,0,0,0,0,0,251107,3,0
0,0,0,0,22,28,18288,27,0,0,0,0,0,273885,3,0
0,0,0,0,36,28,18289,27,0,0,0,0,0,75952,3,0
0,0,0,0,13,29,18290,27,0,0,0,0,0,262840,3,0
0,0,0,0,29,29,18291,27,0,0,0,0,0,270110,3,0
0,0,0,0,25,29,18292,27,0,0,0,0,0,211827,3,0
0,0,0,0,21,0,18293,33,0,0,0,0,0,210006,2,0
1,0,0,0,25,4,18294,33,0,0,0,0,0,73089,3,0
1,0,0,0,16,5,18295,33,0,0,0,0,0,224421,2,0
0,0,0,0,3,6,18296,33,0,0,0,0,0,251456,2,0
0,0,0,0,41,12,18297,33,0,0,0,0,0,76291,2,0
1,0,0,0,26,13,18298,33,0,0,0,0,0,276191,3,0
5,0,0,1,5,15,18299,33,0,0,0,0,0,238793,3,0
0,0,0,0,18,16,18300,33,0,0,0,0,0,236675,1,0
3,0,0,1,31,17,18301,33,0,0,0,0,0,200610,3,0
2,0,0,1,8,19,18302,33,0,0,0,0,0,243932,2,0
5,0,0,1,34,25,18303,33,0,0,0,0,0,257144,2,0
2,0,0,1,13,28,18304,33,0,0,0,0,0,226686,3,0
0,0,0,0,30,28,18305,33,0,0,0,0,0,238953,3,0
1,0,0,0,29,28,18306,33,0,0,0,0,0,257332,2,0
0,0,0,0,37,28,18307,33,0,0,0,0,0,270116,2,0
0,0,0,0,11,28,18308,33,0,0,0,0,0,211953,3,0
2,0,0,1,7,28,18309,33,0,0,0,0,0,211899,3,0
7,0,0,1,22,28,18310,33,0,0,0,0,0,233707,3,0
0,0,0,0,36,28,18311,33,0,0,0,0,0,270014,3,0
0,0,0,0,27,28,18312,33,0,0,0,0,0,244413,3,0
0,0,0,0,2,28,18313,33,0,0,0,0,0,269866,3,0
0,0,0,0,4,28,18314,33,0,0,0,0,0,238779,3,0
0,0,0,0,9,28,18315,33,0,0,0,0,0,241277,3,0
0,0,0,0,23,29,18316,33,0,0,0,0,0,275414,2,0
0,0,0,0,20,29,18317,33,0,0,0,0,0,76596,3,0
0,0,0,0,33,29,18318,33,0,0,0,0,0,76594,3,0
0,0,0,0,40,29,18319,33,0,0,0,0,0,80222,3,0
0,0,0,0,19,29,18320,33,0,0,0,0,0,78543,3,0
0,0,0,0,17,29,18321,33,0,0,0,0,0,238647,3,0
0,0,0,0,12,29,18322,33,0,0,0,0,0,79241,3,0
0,0,0,0,33,0,18323,162,0,0,0,0,0,234858,4,0
2,0,0,1,3,3,18324,162,0,0,0,0,0,257286,3,0
2,0,0,1,4,4,18325,162,0,0,0,0,0,243534,3,0
0,0,0,0,23,6,18326,162,0,0,0,0,0,79503,3,0
0,0,0,0,21,7,18327,162,0,0,0,0,0,232643,2,0
0,0,0,0,5,10,18328,162,0,0,0,0,0,239909,2,0
6,0,0,1,11,13,18329,162,0,0,0,0,0,276195,5,0
2,0,0,1,20,15,18330,162,0,0,0,0,0,224661,5,0
12,1,0,1,10,18,18331,162,0,0,0,0,0,224518,4,0
0,0,0,0,7,24,18332,162,0,0,0,0,0,211732,3,0
15,1,0,1,18,26,18333,162,0,0,0,1,0,250763,5,0
0,0,0,0,6,28,18334,162,0,0,0,0,0,244083,3,0
3,0,0,1,19,28,18335,162,0,0,0,0,0,72549,3,0
0,0,0,0,44,28,18336,162,0,0,0,0,0,248823,3,0
0,0,0,0,2,28,18337,162,0,0,0,0,0,278832,3,0
0,0,0,0,1,28,18338,162,0,0,0,0,0,244458,3,0
2,0,0,1,31,28,18339,162,0,0,0,0,0,257009,3,0
2,0,0,1,17,28,18340,162,0,0,0,0,0,73201,3,0
0,0,0,0,8,28,18341,162,0,0,0,0,0,76122,2,0
1,0,0,0,24,28,18342,162,0,0,0,0,0,233812,3,0
0,0,0,0,25,28,18343,162,0,0,0,0,0,251823,3,0
1,0,0,0,37,28,18344,162,0,0,0,0,0,239703,3,0
0,0,0,0,14,28,18345,162,0,0,0,0,0,200754,3,0
0,0,0,0,36,29,18346,162,0,0,0,0,0,72758,3,0
0,0,0,0,27,29,18347,162,0,0,0,0,0,223678,3,0
0,0,0,0,32,29,18348,162,0,0,0,0,0,75678,3,0
0,0,0,0,30,29,18349,162,0,0,0,0,0,79775,3,0
0,0,0,0,21,0,18350,487,0,0,0,0,0,237359,4,0
0,0,0,0,27,4,18351,487,0,0,0,0,0,79383,3,0
0,0,0,0,24,5,18352,487,0,0,0,0,0,234381,4,0
2,0,0,0,25,6,18353,487,0,0,0,0,0,245760,5,0
2,0,0,0,31,12,18354,487,0,0,0,0,0,235253,3,0
4,0,0,1,15,13,18355,487,0,0,0,0,0,240335,3,0
1,0,0,0,26,15,18356,487,0,0,0,0,0,239690,3,0
2,0,0,0,3,16,18357,487,0,0,0,0,0,262645,3,0
3,0,0,1,29,17,18358,487,0,0,0,0,0,244034,3,0
4,0,0,1,18,19,18359,487,0,0,0,0,0,263025,4,0
6,0,0,1,11,25,18360,487,0,0,0,0,0,261047,3,0
1,0,0,0,6,28,18361,487,0,0,0,0,0,239498,3,0
0,0,0,0,13,28,18362,487,0,0,0,0,0,262984,3,0
0,0,0,0,19,28,18363,487,0,0,0,0,0,268652,3,0
0,0,0,0,4,28,18364,487,0,0,0,0,0,268651,3,0
0,0,0,0,1,28,18365,487,0,0,0,0,0,263023,3,0
0,0,0,0,9,28,18366,487,0,0,0,0,0,278186,3,0
4,0,0,1,37,28,18367,487,0,0,0,0,0,73131,3,0
1,0,0,0,23,28,18368,487,0,0,0,0,0,79705,3,0
0,0,0,0,20,28,18369,487,0,0,0,0,0,270023,3,0
0,0,0,0,14,28,18370,487,0,0,0,0,0,246175,3,0
0,0,0,0,10,28,18371,487,0,0,0,0,0,246845,3,0
0,0,0,0,22,28,18372,487,0,0,0,0,0,79384,3,0
0,0,0,0,8,29,18373,487,0,0,0,0,0,183632,3,0
0,0,0,0,7,29,18374,487,0,0,0,0,0,222838,3,0
0,0,0,0,35,29,18375,487,0,0,0,0,0,73129,3,0
0,0,0,0,31,0,18376,492,0,0,0,0,0,276993,4,0
0,0,0,0,21,3,18377,492,0,0,0,0,0,73147,3,0
2,0,0,1,27,4,18378,492,0,0,0,0,0,256519,2,0
1,0,0,0,15,6,18379,492,0,0,0,0,0,274101,2,0
0,0,0,0,5,7,18380,492,0,0,0,0,0,259272,2,0
2,0,0,1,37,12,18381,492,0,0,0,0,0,253418,2,0
2,0,0,1,8,13,18382,492,0,0,0,0,0,276320,2,0
2,0,0,1,11,15,18383,492,0,0,0,0,0,276342,2,0
1,0,0,0,20,16,18384,492,0,0,0,0,0,255337,3,0
7,0,0,1,25,24,18385,492,0,0,0,0,0,269472,3,0
5,0,0,1,29,26,18386,492,0,0,0,0,0,243445,4,0
0,0,0,0,47,28,18387,492,0,0,0,0,0,80903,3,0
0,0,0,0,6,28,18388,492,0,0,0,0,0,233880,3,0
0,0,0,0,18,28,18389,492,0,0,0,0,0,251688,3,0
0,0,0,0,4,28,18390,492,0,0,0,0,0,218656,2,0
0,0,0,0,16,28,18391,492,0,0,0,0,0,208776,3,0
5,0,0,1,28,28,18392,492,0,0,0,0,0,278893,3,0
1,0,0,0,19,28,18393,492,0,0,0,0,0,203590,2,0
0,0,0,0,26,28,18394,492,0,0,0,0,0,262534,3,0
0,0,0,0,22,28,18395,492,0,0,0,0,0,76980,3,0
0,0,0,0,14,28,18396,492,0,0,0,0,0,238965,3,0
0,0,0,0,24,28,18397,492,0,0,0,0,0,76794,3,0
0,0,0,0,10,28,18398,492,0,0,0,0,0,263970,3,0
0,0,0,0,44,29,18399,492,0,0,0,0,0,79803,3,0
0,0,0,0,9,29,18400,492,0,0,0,0,0,255789,3,0
0,0,0,0,7,29,18401,492,0,0,0,0,0,244078,3,0
0,0,0,0,41,29,18402,492,0,0,0,0,0,79258,3,0
0,0,0,0,33,29,18403,492,0,0,0,0,0,238986,3,0
0,0,0,0,17,29,18404,492,0,0,0,0,0,279657,3,0
0,0,0,0,30,29,18405,492,0,0,0,0,0,238674,3,0
0,0,0,0,36,29,18406,492,0,0,0,0,0,271936,3,0
0,0,0,0,22,0,18407,506,0,0,0,0,0,271171,3,0
1,0,0,0,17,3,18408,506,0,0,0,0,0,270994,2,0
1,0,0,0,16,4,18409,506,0,0,0,0,0,257147,3,0
0,0,0,0,25,6,18410,506,0,0,0,0,0,77764,1,0
0,0,0,0,30,7,18411,506,0,0,0,0,0,262593,3,0
2,0,0,1,13,9,18412,506,0,0,0,0,0,245769,3,0
2,0,0,1,11,11,18413,506,0,0,0,0,0,263353,2,0
1,0,0,0,8,12,18414,506,0,0,0,0,0,73370,2,0
3,0,0,1,34,16,18415,506,0,0,0,0,0,216255,2,0
1,0,0,0,10,18,18416,506,0,0,0,0,0,225075,3,0
1,0,0,0,15,25,18417,506,0,0,0,0,0,238643,2,0
3,0,0,1,20,28,18418,506,0,0,0,0,0,258635,4,0
0,0,0,0,24,28,18419,506,0,0,0,0,0,79756,3,0
0,0,0,0,29,28,18420,506,0,0,0,0,0,241135,2,0
0,0,0,0,23,28,18421,506,0,0,0,0,0,239686,2,0
0,0,0,0,1,28,18422,506,0,0,0,0,0,182520,2,0
1,0,0,0,39,28,18423,506,0,0,0,0,0,272454,3,0
4,0,0,1,19,28,18424,506,0,0,0,0,0,243041,3,0
1,0,0,0,7,28,18425,506,0,0,0,0,0,79755,3,0
1,0,0,0,5,28,18426,506,0,0,0,0,0,72531,2,0
0,0,0,0,14,28,18427,506,0,0,0,0,0,205892,3,0
0,0,0,0,9,28,18428,506,0,0,0,0,0,73369,3,0
0,0,0,0,45,28,18429,506,0,0,0,0,0,81317,2,0
0,0,0,0,36,29,18430,506,0,0,0,0,0,77747,3,0
0,0,0,0,27,29,18431,506,0,0,0,0,0,272538,3,0
0,0,0,0,12,29,18432,506,0,0,0,0,0,78089,3,0
0,0,0,0,38,29,18433,506,0,0,0,0,0,81635,3,0
0,0,0,0,6,29,18434,506,0,0,0,0,0,242268,3,0
0,0,0,0,21,29,18435,506,0,0,0,0,0,73368,3,0
0,0,0,0,13,0,18436,523,0,0,0,0,0,235141,4,0
2,0,0,1,7,3,18437,523,0,0,0,0,0,234279,2,0
0,0,0,0,18,4,18438,523,0,0,0,0,0,279219,2,0
0,0,0,0,32,6,18439,523,0,0,0,0,0,233785,2,0
0,0,0,0,28,7,18440,523,0,0,0,0,0,257532,2,0
0,0,0,0,8,10,18441,523,0,0,0,0,0,203754,3,0
11,1,0,1,20,23,18442,523,0,0,0,0,0,237635,3,0
1,0,0,1,5,13,18443,523,0,0,0,0,0,265643,2,0
1,0,0,1,23,15,18444,523,0,0,0,0,0,260014,2,0
1,0,0,1,10,27,18445,523,0,0,0,0,0,256282,3,0
7,0,0,1,9,25,18446,523,0,0,0,0,0,242291,3,0
1,0,0,1,17,28,18447,523,0,0,0,0,0,270877,3,0
1,0,0,1,15,28,18448,523,0,0,0,0,0,263514,3,0
0,0,0,0,27,28,18449,523,0,0,0,0,0,276675,3,0
0,0,0,0,33,28,18450,523,0,0,0,0,0,264313,3,0
0,0,0,0,1,28,18451,523,0,0,0,0,0,218873,3,0
1,0,0,1,30,28,18452,523,0,0,0,0,0,225735,3,0
0,0,0,0,11,28,18453,523,0,0,0,0,0,224662,3,0
0,0,0,0,4,28,18454,523,0,0,0,0,0,250847,3,0
2,0,0,1,39,28,18455,523,0,0,0,0,0,244040,2,0
0,0,0,0,2,28,18456,523,0,0,0,0,0,263841,3,0
1,0,0,1,22,28,18457,523,0,0,0,0,0,257172,2,0
0,0,0,0,24,28,18458,523,0,0,0,0,0,268747,3,0
0,0,0,0,6,29,18459,523,0,0,0,0,0,237490,3,0
0,0,0,0,31,29,18460,523,0,0,0,0,0,224424,3,0
0,0,0,0,21,29,18461,523,0,0,0,0,0,267460,3,0
0,0,0,0,19,29,18462,523,0,0,0,0,0,238637,2,0
0,0,0,0,26,29,18463,523,0,0,0,0,0,80206,3,0
0,0,0,0,25,29,18464,523,0,0,0,0,0,278043,3,0
0,0,0,0,35,0,18465,526,0,0,0,0,0,265750,3,0
2,0,0,0,23,4,18466,526,0,0,0,0,0,269315,3,0
0,0,0,0,4,5,18467,526,0,0,0,0,0,217841,4,0
2,0,0,0,33,6,18468,526,0,0,0,0,0,239903,3,0
0,0,0,0,2,12,18469,526,0,0,0,0,0,269850,4,0
1,0,0,0,8,13,18470,526,0,0,0,0,0,238692,3,0
4,0,0,1,26,15,18471,526,0,0,0,0,0,239666,2,0
1,0,0,0,14,16,18472,526,0,0,0,0,0,260186,3,0
0,0,0,0,22,17,18473,526,0,0,0,0,0,73071,2,0
6,0,0,1,24,19,18474,526,0,0,0,0,0,264245,3,0
3,0,0,1,29,25,18475,526,0,0,0,0,0,276312,3,0
2,0,0,0,7,28,18476,526,0,0,0,0,0,73009,4,0
1,0,0,0,16,28,18477,526,0,0,0,0,0,78448,4,0
0,0,0,0,15,28,18478,526,0,0,0,0,0,73015,3,0
0,0,0,0,37,28,18479,526,0,0,0,0,0,274565,3,0
0,0,0,0,13,28,18480,526,0,0,0,0,0,222024,3,0
9,0,0,1,20,28,18481,526,0,0,0,0,0,272909,4,0
1,0,0,0,10,28,18482,526,0,0,0,0,0,261528,3,0
4,0,0,1,6,28,18483,526,0,0,0,0,0,231424,3,0
1,0,0,0,19,28,18484,526,0,0,0,0,0,273533,3,0
0,0,0,0,1,28,18485,526,0,0,0,0,0,269269,3,0
0,0,0,0,11,28,18486,526,0,0,0,0,0,257190,3,0
2,0,0,0,9,28,18487,526,0,0,0,0,0,74003,3,0
0,0,0,0,39,29,18488,526,0,0,0,0,0,71288,3,0
1,0,0,0,30,29,18489,526,0,0,0,0,0,74747,3,0
0,0,0,0,18,29,18490,526,0,0,0,0,0,269320,3,0
0,0,0,0,25,29,18491,526,0,0,0,0,0,79320,3,0
0,0,0,0,38,29,18492,526,0,0,0,0,0,74385,3,0
0,0,0,0,1,0,18493,543,0,0,0,0,0,259718,5,0
1,0,0,0,14,4,18494,543,0,0,0,0,0,234861,3,0
1,0,0,0,4,5,18495,543,0,0,0,0,0,262792,1,0
1,0,0,0,37,6,18496,543,0,0,0,0,0,277877,4,0
1,0,0,0,22,12,18497,543,0,0,0,0,0,229923,3,0
1,0,0,0,6,13,18498,543,0,0,0,0,0,210004,3,0
1,0,0,0,29,15,18499,543,0,0,0,0,0,244280,3,0
3,0,0,1,26,16,18500,543,0,0,0,0,0,276270,3,0
6,0,0,1,11,18,18501,543,0,0,0,0,0,270514,5,0
3,0,0,1,30,24,18502,543,0,0,0,0,0,245543,3,0
4,0,0,1,21,26,18503,543,0,0,0,0,0,251417,3,0
2,0,0,0,10,28,18504,543,0,0,0,0,0,79330,3,0
0,0,0,0,8,28,18505,543,0,0,0,0,0,213644,3,0
0,0,0,0,31,28,18506,543,0,0,0,0,0,252231,3,0
2,0,0,0,25,28,18507,543,0,0,0,0,0,274038,3,0
0,0,0,0,32,28,18508,543,0,0,0,0,0,240218,3,0
2,0,0,0,27,28,18509,543,0,0,0,0,0,79326,3,0
1,0,0,0,5,28,18510,543,0,0,0,0,0,278728,3,0
0,0,0,0,33,28,18511,543,0,0,0,0,0,74417,3,0
0,0,0,0,7,28,18512,543,0,0,0,0,0,257051,3,0
0,0,0,0,13,28,18513,543,0,0,0,0,0,238957,3,0
6,0,0,1,20,28,18514,543,0,0,0,0,0,80194,3,0
0,0,0,0,44,28,18515,543,0,0,0,0,0,243738,4,0
0,0,0,0,35,29,18516,543,0,0,0,0,0,83257,3,0
0,0,0,0,39,29,18517,543,0,0,0,0,0,80320,3,0
0,0,0,0,23,29,18518,543,0,0,0,0,0,224440,3,0
0,0,0,0,36,29,18519,543,0,0,0,0,0,76138,3,0
0,0,0,0,12,29,18520,543,0,0,0,0,0,276041,3,0
0,0,0,0,40,29,18521,543,0,0,0,0,0,80366,3,0
0,0,0,0,1,0,18522,583,0,0,0,0,0,269560,3,0
0,0,0,0,7,3,18523,583,0,0,0,0,0,244094,2,0
0,0,0,0,8,4,18524,583,0,0,0,0,0,209491,3,0
1,0,0,1,30,5,18525,583,0,0,0,0,0,202087,4,0
1,0,0,1,23,6,18526,583,0,0,0,0,0,256296,2,0
1,0,0,1,11,7,18527,583,0,0,0,0,0,244707,2,0
1,0,0,1,21,12,18528,583,0,0,0,0,0,78646,2,0
2,0,0,1,13,13,18529,583,0,0,0,0,0,244027,2,0
1,0,0,1,3,15,18530,583,0,0,0,0,0,270548,3,0
3,0,0,1,33,16,18531,583,0,0,0,0,0,243883,2,0
1,0,0,1,9,25,18532,583,0,0,0,0,0,259855,1,0
1,0,0,1,25,28,18533,583,0,0,0,0,0,243378,2,0
0,0,0,0,24,28,18534,583,0,0,0,0,0,259854,3,0
0,0,0,0,6,28,18535,583,0,0,0,0,0,78524,3,0
0,0,0,0,19,28,18536,583,0,0,0,0,0,263307,3,0
0,0,0,0,40,28,18537,583,0,0,0,0,0,79377,2,0
0,0,0,0,37,28,18538,583,0,0,0,0,0,255072,2,0
0,0,0,0,15,28,18539,583,0,0,0,0,0,256298,3,0
0,0,0,0,10,28,18540,583,0,0,0,0,0,78657,3,0
1,0,0,1,18,28,18541,583,0,0,0,0,0,78523,2,0
0,0,0,0,2,28,18542,583,0,0,0,0,0,78525,3,0
1,0,0,1,5,28,18543,583,0,0,0,0,0,276168,3,0
0,0,0,0,17,28,18544,583,0,0,0,0,0,73306,3,0
0,0,0,0,16,29,18545,583,0,0,0,0,0,70906,2,0
0,0,0,0,28,29,18546,583,0,0,0,0,0,79376,3,0
0,0,0,0,39,29,18547,583,0,0,0,0,0,79379,3,0
0,0,0,0,20,29,18548,583,0,0,0,0,0,72336,3,0
0,0,0,0,36,29,18549,583,0,0,0,0,0,78522,3,0
0,0,0,0,38,29,18550,583,0,0,0,0,0,79380,3,0
0,0,0,0,1,0,18551,1825,0,0,0,0,0,265763,4,0
4,0,0,1,29,3,18552,1825,0,0,0,0,0,234407,2,0
2,0,0,0,5,4,18553,1825,0,0,0,0,0,244000,2,0
1,0,0,0,42,6,18554,1825,0,0,0,0,0,205433,2,0
3,0,0,1,27,7,18555,1825,0,0,0,0,0,255454,3,0
1,0,0,0,6,9,18556,1825,0,0,0,0,0,257054,2,0
0,0,0,0,8,11,18557,1825,0,0,0,0,0,251662,2,0
6,0,0,1,14,12,18558,1825,0,0,0,0,0,253693,2,0
6,0,0,1,37,16,18559,1825,0,0,0,0,0,240756,2,0
1,0,0,0,10,18,18560,1825,0,0,0,0,0,256634,3,0
11,1,0,1,45,25,18561,1825,0,0,0,0,0,261653,2,0
2,0,0,0,18,28,18562,1825,0,0,0,0,0,261200,3,0
1,0,0,0,33,28,18563,1825,0,0,0,0,0,259194,2,0
0,0,0,0,20,28,18564,1825,0,0,0,0,0,269869,3,0
0,0,0,0,40,28,18565,1825,0,0,0,0,0,271441,3,0
0,0,0,0,24,28,18566,1825,0,0,0,0,0,256873,3,0
0,0,0,0,9,28,18567,1825,0,0,0,0,0,73157,3,0
0,0,0,0,17,28,18568,1825,0,0,0,0,0,78482,3,0
1,0,0,0,26,28,18569,1825,0,0,0,0,0,245228,3,0
2,0,0,0,23,28,18570,1825,0,0,0,0,0,71590,2,0
3,0,0,1,22,28,18571,1825,0,0,0,0,0,72779,3,0
0,0,0,0,19,28,18572,1825,0,0,0,0,0,247179,2,0
1,0,0,0,11,28,18573,1825,0,0,0,0,0,225849,3,0
0,0,0,0,31,29,18574,1825,0,0,0,0,0,248575,3,0
0,0,0,0,4,29,18575,1825,0,0,0,0,0,265783,3,0
0,0,0,0,25,29,18576,1825,0,0,0,0,0,257007,2,0
0,0,0,0,30,29,18577,1825,0,0,0,0,0,279240,3,0
0,0,0,0,28,29,18578,1825,0,0,0,0,0,250876,3,0
0,0,0,0,38,29,18579,1825,0,0,0,0,0,79325,2,0
0,0,0,0,7,29,18580,1825,0,0,0,0,0,270027,3,0
0,0,0,0,13,29,18581,1825,0,0,0,0,0,251298,3,0
0,0,0,0,21,29,18582,1825,0,0,0,0,0,83121,3,0
0,0,0,0,16,0,18583,1826,0,0,0,0,0,276674,2,0
0,0,0,0,37,3,18584,1826,0,0,0,0,0,79335,3,0
0,0,0,0,33,4,18585,1826,0,0,0,0,0,239700,2,0
0,0,0,0,25,6,18586,1826,0,0,0,0,0,256232,3,0
0,0,0,0,4,7,18587,1826,0,0,0,0,0,72780,3,0
0,0,0,0,28,9,18588,1826,0,0,0,0,0,238563,2,0
2,0,0,1,36,11,18589,1826,0,0,0,0,0,73995,3,0
0,0,0,0,8,12,18590,1826,0,0,0,0,0,224395,3,0
8,0,0,1,27,16,18591,1826,0,0,0,0,0,257916,5,0
15,1,0,1,23,18,18592,1826,0,0,0,1,0,71297,5,0
1,0,0,0,44,25,18593,1826,0,0,0,0,0,70237,3,0
0,0,0,0,5,28,18594,1826,0,0,0,0,0,72775,3,0
0,0,0,0,20,28,18595,1826,0,0,0,0,0,79333,3,0
0,0,0,0,6,28,18596,1826,0,0,0,0,0,238684,3,0
0,0,0,0,29,28,18597,1826,0,0,0,0,0,73294,3,0
0,0,0,0,1,28,18598,1826,0,0,0,0,0,199339,3,0
1,0,0,0,14,28,18599,1826,0,0,0,0,0,80560,3,0
2,0,0,1,10,28,18600,1826,0,0,0,0,0,224925,3,0
1,0,0,0,11,28,18601,1826,0,0,0,0,0,269993,3,0
2,0,0,1,7,28,18602,1826,0,0,0,0,0,251440,3,0
0,0,0,0,19,28,18603,1826,0,0,0,0,0,252031,3,0
1,0,0,0,18,28,18604,1826,0,0,0,0,0,213949,3,0
0,0,0,0,3,28,18605,1826,0,0,0,0,0,73160,3,0
0,0,0,0,9,29,18606,1826,0,0,0,0,0,220881,3,0
0,0,0,0,17,29,18607,1826,0,0,0,0,0,270940,3,0
0,0,0,0,2,29,18608,1826,0,0,0,0,0,270009,4,0
0,0,0,0,30,29,18609,1826,0,0,0,0,0,72776,3,0
0,0,0,0,22,29,18610,1826,0,0,0,0,0,247058,3,0
0,0,0,0,49,29,18611,1826,0,0,0,0,0,76802,3,0
0,0,0,0,21,29,18612,1826,0,0,0,0,0,223751,3,0
0,0,0,0,15,29,18613,1826,0,0,0,0,0,268533,3,0
0,0,0,0,24,29,18614,1826,0,0,0,0,0,264168,3,0
0,0,0,0,42,29,18615,1826,0,0,0,0,0,79394,3,0
0,0,0,0,39,0,18616,110176,0,0,0,0,0,224491,3,0
0,0,0,0,2,3,18617,110176,0,0,0,0,0,262933,3,0
3,0,0,1,21,4,18618,110176,0,0,0,0,0,239181,4,0
0,0,0,0,15,6,18619,110176,0,0,0,0,0,244859,3,0
2,0,0,1,32,7,18620,110176,0,0,0,0,0,252263,3,0
0,0,0,0,14,9,18621,110176,0,0,0,0,0,243801,4,0
1,0,0,0,20,11,18622,110176,0,0,0,0,0,219449,3,0
4,0,0,1,11,12,18623,110176,0,0,0,0,0,224430,3,0
2,0,0,1,43,16,18624,110176,0,0,0,0,0,246416,5,0
1,0,0,0,23,18,18625,110176,0,0,0,0,0,276365,4,0
7,0,0,1,25,25,18626,110176,0,0,0,0,0,244014,3,0
0,0,0,0,18,28,18627,110176,0,0,0,0,0,264214,4,0
1,0,0,0,26,28,18628,110176,0,0,0,0,0,270073,4,0
0,0,0,0,19,28,18629,110176,0,0,0,0,0,243514,3,0
0,0,0,0,34,28,18630,110176,0,0,0,0,0,247409,3,0
0,0,0,0,1,28,18631,110176,0,0,0,0,0,278252,3,0
1,0,0,0,9,28,18632,110176,0,0,0,0,0,238694,3,0
3,0,0,1,49,28,18633,110176,0,0,0,0,0,257236,3,0
0,0,0,0,27,28,18634,110176,0,0,0,0,0,270044,3,0
0,0,0,0,8,28,18635,110176,0,0,0,0,0,276534,3,0
0,0,0,0,3,28,18636,110176,0,0,0,0,0,271046,3,0
0,0,0,0,30,28,18637,110176,0,0,0,0,0,81711,3,0
0,0,0,0,6,28,18638,110176,0,0,0,0,0,269994,3,0
0,0,0,0,33,29,18639,110176,0,0,0,0,0,81616,3,0
0,0,0,0,7,29,18640,110176,0,0,0,0,0,272659,3,0
0,0,0,0,5,29,18641,110176,0,0,0,0,0,231555,3,0
0,0,0,0,22,29,18642,110176,0,0,0,0,0,74874,3,0
1,0,0,0,10,29,18643,110176,0,0,0,0,0,241969,3,0
0,0,0,0,24,29,18644,110176,0,0,0,0,0,71636,3,0
0,0,0,0,31,29,18645,110176,0,0,0,0,0,81712,3,0
0,0,0,0,45,29,18646,110176,0,0,0,0,0,243749,3,0
0,0,0,0,12,29,18647,110176,0,0,0,0,0,276190,3,0
0,0,0,0,1,0,18648,110501,0,0,0,0,0,263272,3,0
4,0,0,1,20,3,18649,110501,0,0,0,0,0,268430,3,0
2,0,0,0,5,4,18650,110501,0,0,0,0,0,279530,4,0
1,0,0,0,34,6,18651,110501,0,0,0,0,0,257081,4,0
1,0,0,0,19,7,18652,110501,0,0,0,0,0,229175,4,0
4,0,0,1,30,13,18653,110501,0,0,0,0,0,270008,4,0
0,0,0,0,6,14,18654,110501,0,0,0,0,0,269863,2,0
1,0,0,0,8,15,18655,110501,0,0,0,0,0,252016,4,0
9,0,0,1,10,18,18656,110501,0,0,0,0,0,240329,5,0
2,0,0,0,28,24,18657,110501,0,0,0,0,0,244076,3,0
8,0,0,1,23,26,18658,110501,0,0,0,0,0,263748,3,0
0,0,0,0,18,28,18659,110501,0,0,0,0,0,79331,3,0
4,0,0,1,7,28,18660,110501,0,0,0,0,0,257183,3,0
0,0,0,0,24,28,18661,110501,0,0,0,0,0,252902,3,0
0,0,0,0,14,28,18662,110501,0,0,0,0,0,270515,3,0
0,0,0,0,32,28,18663,110501,0,0,0,0,0,274489,3,0
10,0,0,1,9,28,18664,110501,0,0,0,0,0,255540,4,0
0,0,0,0,26,28,18665,110501,0,0,0,0,0,266392,3,0
0,0,0,0,21,28,18666,110501,0,0,0,0,0,243971,3,0
1,0,0,0,11,28,18667,110501,0,0,0,0,0,274993,4,0
0,0,0,0,17,28,18668,110501,0,0,0,0,0,79327,3,0
0,0,0,0,22,28,18669,110501,0,0,0,0,0,258003,3,0
0,0,0,0,40,28,18670,110501,0,0,0,0,0,72959,3,0
0,0,0,0,2,29,18671,110501,0,0,0,0,0,277746,3,0
0,0,0,0,13,29,18672,110501,0,0,0,0,0,79329,3,0
0,0,0,0,16,29,18673,110501,0,0,0,0,0,72961,3,0
0,0,0,0,1,0,18674,110532,0,0,0,0,0,233725,3,0
0,0,0,0,24,3,18675,110532,0,0,0,0,0,229487,3,0
1,0,0,1,6,4,18676,110532,0,0,0,0,0,231379,4,0
0,0,0,0,4,6,18677,110532,0,0,0,0,0,262926,3,0
1,0,0,1,17,7,18678,110532,0,0,0,0,0,244188,3,0
0,0,0,0,22,9,18679,110532,0,0,0,0,0,73169,4,0
0,0,0,0,28,11,18680,110532,0,0,0,0,0,80012,3,0
2,0,0,1,10,17,18681,110532,0,0,0,0,0,229354,4,0
3,0,0,1,38,19,18682,110532,0,0,0,0,0,274987,3,0
7,0,0,1,13,24,18683,110532,0,0,0,0,0,206408,5,0
8,0,0,1,9,26,18684,110532,0,0,0,0,0,212248,3,0
0,0,0,0,21,28,18685,110532,0,0,0,0,0,243345,3,0
0,0,0,0,14,28,18686,110532,0,0,0,0,0,275279,3,0
0,0,0,0,25,28,18687,110532,0,0,0,0,0,269875,3,0
0,0,0,0,5,28,18688,110532,0,0,0,0,0,279203,3,0
0,0,0,0,30,28,18689,110532,0,0,0,0,0,263674,3,0
0,0,0,0,12,28,18690,110532,0,0,0,0,0,234317,3,0
1,0,0,1,27,28,18691,110532,0,0,0,0,0,234924,2,0
0,0,0,0,35,28,18692,110532,0,0,0,0,0,76085,3,0
0,0,0,0,18,28,18693,110532,0,0,0,0,0,73170,3,0
0,0,0,0,2,28,18694,110532,0,0,0,0,0,269317,3,0
1,0,0,1,20,28,18695,110532,0,0,0,0,0,79391,5,0
0,0,0,0,8,28,18696,110532,0,0,0,0,0,239494,3,0
0,0,0,0,7,29,18697,110532,0,0,0,0,0,83467,4,0
0,0,0,0,41,29,18698,110532,0,0,0,0,0,82192,3,0
0,0,0,0,16,29,18699,110532,0,0,0,0,0,79392,3,0
0,0,0,0,19,29,18700,110532,0,0,0,0,0,277842,3,0
0,0,0,0,29,29,18701,110532,0,0,0,0,0,81954,3,0
0,0,0,0,11,29,18702,110532,0,0,0,0,0,211746,3,0
0,0,0,0,27,0,18703,110645,0,0,0,0,0,262939,2,0
1,0,0,1,19,4,18704,110645,0,0,0,0,0,264380,2,0
0,0,0,0,2,5,18705,110645,0,0,0,0,0,241995,3,0
0,0,0,0,15,6,18706,110645,0,0,0,0,0,238963,3,0
1,0,0,1,7,12,18707,110645,0,0,0,0,0,216183,2,0
0,0,0,0,8,13,18708,110645,0,0,0,0,0,269133,2,0
5,0,0,1,18,15,18709,110645,0,0,0,0,0,276783,1,0
1,0,0,1,34,16,18710,110645,0,0,0,0,0,230047,3,0
3,0,0,1,5,17,18711,110645,0,0,0,0,0,263135,3,0
0,0,0,0,21,19,18712,110645,0,0,0,0,0,259643,2,0
6,0,0,1,10,25,18713,110645,0,0,0,0,0,242183,2,0
1,0,0,1,41,28,18714,110645,0,0,0,0,0,272832,3,0
0,0,0,0,6,28,18715,110645,0,0,0,0,0,276271,3,0
0,0,0,0,30,28,18716,110645,0,0,0,0,0,79322,3,0
1,0,0,1,22,28,18717,110645,0,0,0,0,0,260187,3,0
0,0,0,0,26,28,18718,110645,0,0,0,0,0,276331,3,0
3,0,0,1,23,28,18719,110645,0,0,0,0,0,79321,4,0
0,0,0,0,29,28,18720,110645,0,0,0,0,0,70092,3,0
0,0,0,0,11,28,18721,110645,0,0,0,0,0,276429,3,0
0,0,0,0,4,28,18722,110645,0,0,0,0,0,234836,3,0
0,0,0,0,3,28,18723,110645,0,0,0,0,0,76979,3,0
0,0,0,0,17,28,18724,110645,0,0,0,0,0,71629,3,0
0,0,0,0,37,28,18725,110645,0,0,0,0,0,79815,3,0
0,0,0,0,24,29,18726,110645,0,0,0,0,0,243736,3,0
0,0,0,0,38,29,18727,110645,0,0,0,0,0,76292,3,0
0,0,0,0,25,29,18728,110645,0,0,0,0,0,76402,3,0
0,0,0,0,1,0,18729,110678,0,0,0,0,0,79024,3,0
1,0,0,0,5,4,18730,110678,0,0,0,0,0,240056,3,0
2,0,0,1,6,5,18731,110678,0,0,0,0,0,244028,3,0
1,0,0,0,4,6,18732,110678,0,0,0,0,0,244079,3,0
0,0,0,0,39,12,18733,110678,0,0,0,0,0,188989,4,0
1,0,0,0,10,13,18734,110678,0,0,0,0,0,225654,3,0
2,0,0,1,8,15,18735,110678,0,0,0,0,0,243212,3,0
1,0,0,0,22,16,18736,110678,0,0,0,0,0,276430,3,0
2,0,0,1,19,18,18737,110678,0,0,0,0,0,248174,5,0
3,0,0,1,14,24,18738,110678,0,0,0,0,0,79082,3,0
4,0,0,1,23,26,18739,110678,0,0,0,0,0,277615,4,0
0,0,0,0,31,28,18740,110678,0,0,0,0,0,79078,3,0
2,0,0,1,7,28,18741,110678,0,0,0,0,0,79080,2,0
1,0,0,0,28,28,18742,110678,0,0,0,0,0,263581,3,0
0,0,0,0,24,28,18743,110678,0,0,0,0,0,244081,2,0
0,0,0,0,40,28,18744,110678,0,0,0,0,0,277290,3,0
0,0,0,0,11,28,18745,110678,0,0,0,0,0,262959,3,0
1,0,0,0,33,28,18746,110678,0,0,0,0,0,73172,3,0
4,0,0,1,9,28,18747,110678,0,0,0,0,0,79083,5,0
0,0,0,0,3,28,18748,110678,0,0,0,0,0,262768,3,0
1,0,0,0,20,28,18749,110678,0,0,0,0,0,256297,3,0
0,0,0,0,15,28,18750,110678,0,0,0,0,0,73367,3,0
0,0,0,0,38,28,18751,110678,0,0,0,0,0,80379,3,0
0,0,0,0,30,29,18752,110678,0,0,0,0,0,79026,3,0
0,0,0,0,21,29,18753,110678,0,0,0,0,0,79025,3,0
0,0,0,0,29,29,18754,110678,0,0,0,0,0,244524,3,0
0,0,0,0,37,29,18755,110678,0,0,0,0,0,79081,3,0
0,0,0,0,35,29,18756,110678,0,0,0,0,0,262764,3,0
0,0,0,0,16,29,18757,110678,0,0,0,0,0,262772,3,0
0,0,0,0,13,29,18758,110678,0,0,0,0,0,244324,3,0
0,0,0,0,25,29,18759,110678,0,0,0,0,0,81241,3,0
0,0,0,0,27,29,18760,110678,0,0,0,0,0,274098,3,0
0,0,0,0,34,0,18761,110685,0,0,0,0,0,78435,3,0
1,0,0,1,16,3,18762,110685,0,0,0,0,0,78440,3,0
0,0,0,0,49,4,18763,110685,0,0,0,0,0,272896,3,0
2,0,0,1,6,6,18764,110685,0,0,0,0,0,78445,2,0
0,0,0,0,39,7,18765,110685,0,0,0,0,0,276292,3,0
1,0,0,1,20,9,18766,110685,0,0,0,0,0,79101,3,0
0,0,0,0,8,11,18767,110685,0,0,0,0,0,78446,3,0
0,0,0,0,30,12,18768,110685,0,0,0,0,0,279489,2,0
8,0,0,1,11,16,18769,110685,0,0,0,0,0,76062,3,0
1,0,0,1,22,18,18770,110685,0,0,0,0,0,263614,3,0
2,0,0,1,45,25,18771,110685,0,0,0,0,0,79102,3,0
0,0,0,0,23,28,18772,110685,0,0,0,0,0,79365,3,0
0,0,0,0,21,28,18773,110685,0,0,0,0,0,83256,3,0
0,0,0,0,18,28,18774,110685,0,0,0,0,0,79366,3,0
0,0,0,0,4,28,18775,110685,0,0,0,0,0,74465,2,0
0,0,0,0,32,28,18776,110685,0,0,0,0,0,76777,3,0
0,0,0,0,27,28,18777,110685,0,0,0,0,0,79368,3,0
0,0,0,0,35,28,18778,110685,0,0,0,0,0,82451,3,0
0,0,0,0,40,28,18779,110685,0,0,0,0,0,79100,2,0
0,0,0,0,13,28,18780,110685,0,0,0,0,0,83558,3,0
0,0,0,0,29,28,18781,110685,0,0,0,0,0,79370,3,0
0,0,0,0,33,28,18782,110685,0,0,0,0,0,76921,3,0
0,0,0,0,28,0,18783,110697,0,0,0,0,0,72522,3,0
0,0,0,0,24,3,18784,110697,0,0,0,0,0,73584,2,0
0,0,0,0,4,4,18785,110697,0,0,0,0,0,72553,3,0
1,0,0,1,29,6,18786,110697,0,0,0,0,0,234416,2,0
0,0,0,0,16,7,18787,110697,0,0,0,0,0,269793,2,0
0,0,0,0,8,9,18788,110697,0,0,0,0,0,279623,3,0
1,0,0,1,18,11,18789,110697,0,0,0,0,0,79287,2,0
0,0,0,0,7,12,18790,110697,0,0,0,0,0,79288,3,0
6,0,0,1,27,16,18791,110697,0,0,0,0,0,275274,2,0
4,0,0,1,10,18,18792,110697,0,0,0,0,0,240891,2,0
5,0,0,1,44,25,18793,110697,0,0,0,0,0,262029,3,0
0,0,0,0,17,28,18794,110697,0,0,0,0,0,263404,3,0
0,0,0,0,39,28,18795,110697,0,0,0,0,0,70465,3,0
0,0,0,0,6,28,18796,110697,0,0,0,0,0,245719,3,0
0,0,0,0,3,28,18797,110697,0,0,0,0,0,72554,3,0
0,0,0,0,33,28,18798,110697,0,0,0,0,0,79285,3,0
2,0,0,1,30,28,18799,110697,0,0,0,0,0,274865,3,0
0,0,0,0,19,28,18800,110697,0,0,0,0,0,79291,3,0
0,0,0,0,13,28,18801,110697,0,0,0,0,0,278751,2,0
0,0,0,0,35,28,18802,110697,0,0,0,0,0,270400,3,0
0,0,0,0,20,28,18803,110697,0,0,0,0,0,79289,3,0
0,0,0,0,22,28,18804,110697,0,0,0,0,0,72525,3,0
0,0,0,0,25,28,18805,110697,0,0,0,0,0,72529,3,0
0,0,0,0,36,29,18806,110697,0,0,0,0,0,73183,3,0
0,0,0,0,14,29,18807,110697,0,0,0,0,0,73570,3,0
0,0,0,0,25,0,18808,111239,0,0,0,0,0,239499,5,0
0,0,0,0,2,3,18809,111239,0,0,0,0,0,272557,3,0
3,0,0,1,32,4,18810,111239,0,0,0,0,0,242383,5,0
2,0,0,0,15,6,18811,111239,0,0,0,0,0,246264,4,0
0,0,0,0,19,7,18812,111239,0,0,0,0,0,260078,4,0
0,0,0,0,14,10,18813,111239,0,0,0,0,0,72335,3,0
10,0,0,1,22,12,18814,111239,0,0,0,0,0,241967,5,0
3,0,0,1,17,13,18815,111239,0,0,0,0,0,234945,5,0
4,0,0,1,8,15,18816,111239,0,0,0,0,0,275742,4,0
6,0,0,1,10,16,18817,111239,0,0,0,0,0,275736,4,0
1,0,0,0,9,25,18818,111239,0,0,0,0,0,277624,3,0
0,0,0,0,34,28,18819,111239,0,0,0,0,0,227932,3,0
0,0,0,0,44,28,18820,111239,0,0,0,0,0,262674,4,0
2,0,0,0,20,28,18821,111239,0,0,0,0,0,230607,3,0
0,0,0,0,6,28,18822,111239,0,0,0,0,0,73722,5,0
0,0,0,0,47,28,18823,111239,0,0,0,0,0,80455,3,0
1,0,0,0,11,28,18824,111239,0,0,0,0,0,74966,3,0
4,0,0,1,7,28,18825,111239,0,0,0,0,0,276697,3,0
0,0,0,0,24,28,18826,111239,0,0,0,0,0,276356,4,0
0,0,0,0,13,28,18827,111239,0,0,0,0,0,242253,3,0
0,0,0,0,1,28,18828,111239,0,0,0,0,0,263780,3,0
1,0,0,0,29,28,18829,111239,0,0,0,0,0,277805,3,0
1,0,0,0,30,28,18830,111239,0,0,0,0,0,71287,3,0
0,0,0,0,39,29,18831,111239,0,0,0,0,0,75532,3,0
2,0,0,0,33,29,18832,111239,0,0,0,0,0,75784,3,0
0,0,0,0,23,29,18833,111239,0,0,0,0,0,80201,3,0
0,0,0,0,5,29,18834,111239,0,0,0,0,0,72129,3,0
0,0,0,0,27,29,18835,111239,0,0,0,0,0,274912,3,0
0,0,0,0,99,3,18836,114019,0,0,0,0,0,27251,3,0
0,0,0,0,1,4,18837,114019,0,0,0,0,0,27252,3,0
0,0,0,0,2,6,18838,114019,0,0,0,0,0,27253,3,0
0,0,0,0,3,7,18839,114019,0,0,0,0,0,27254,3,0
0,0,0,0,4,11,18840,114019,0,0,0,0,0,27264,3,0
0,0,0,0,5,17,18841,114019,0,0,0,0,0,27265,3,0
0,0,0,0,6,18,18842,114019,0,0,0,0,0,27266,3,0
0,0,0,0,7,29,18843,114019,0,0,0,0,0,27263,3,0
0,0,0,0,1,0,18844,113000,0,0,0,0,0,237673,3,0
0,0,0,0,10,3,18845,113000,0,0,0,0,0,227392,3,0
0,0,0,0,14,4,18846,113000,0,0,0,0,0,247513,3,0
1,0,0,1,4,6,18847,113000,0,0,0,0,0,235594,3,0
0,0,0,0,21,7,18848,113000,0,0,0,0,0,247725,3,0
0,0,0,0,25,9,18849,113000,0,0,0,0,0,79239,3,0
0,0,0,0,5,11,18850,113000,0,0,0,0,0,227404,3,0
0,0,0,0,17,12,18851,113000,0,0,0,0,0,227387,3,0
5,0,0,1,19,16,18852,113000,0,0,0,0,0,227397,3,0
0,0,0,0,26,18,18853,113000,0,0,0,0,0,267529,3,0
0,0,0,0,15,25,18854,113000,0,0,0,0,0,235962,3,0
0,0,0,0,24,28,18855,113000,0,0,0,0,0,261514,3,0
0,0,0,0,9,28,18856,113000,0,0,0,0,0,247512,3,0
0,0,0,0,7,28,18857,113000,0,0,0,0,0,247724,3,0
0,0,0,0,12,28,18858,113000,0,0,0,0,0,279532,3,0
0,0,0,0,18,28,18859,113000,0,0,0,0,0,235593,3,0
0,0,0,0,6,28,18860,113000,0,0,0,0,0,238096,3,0
12,1,0,1,16,28,18861,113000,0,0,0,0,0,227381,3,0
0,0,0,0,2,28,18862,113000,0,0,0,0,0,267277,3,0
0,0,0,0,13,28,18863,113000,0,0,0,0,0,275980,3,0
0,0,0,0,20,28,18864,113000,0,0,0,0,0,276552,3,0
0,0,0,0,8,28,18865,113000,0,0,0,0,0,250751,3,0
0,0,0,0,22,28,18866,113000,0,0,0,0,0,272534,3,0
0,0,0,0,1,0,18867,113002,0,0,0,0,0,263009,3,0
4,0,0,1,2,3,18868,113002,0,0,0,0,0,227246,3,0
0,0,0,0,8,4,18869,113002,0,0,0,0,0,246426,3,0
0,0,0,0,12,6,18870,113002,0,0,0,0,0,265247,3,0
1,0,0,1,5,7,18871,113002,0,0,0,0,0,227254,3,0
0,0,0,0,11,23,18872,113002,0,0,0,0,0,257001,3,0
0,0,0,0,17,13,18873,113002,0,0,0,0,0,265340,3,0
0,0,0,0,4,14,18874,113002,0,0,0,0,0,242830,3,0
0,0,0,0,16,15,18875,113002,0,0,0,0,0,263011,3,0
0,0,0,0,9,27,18876,113002,0,0,0,0,0,257008,3,0
0,0,0,0,23,25,18877,113002,0,0,0,0,0,258980,3,0
0,0,0,0,7,28,18878,113002,0,0,0,0,0,245802,3,0
0,0,0,0,10,28,18879,113002,0,0,0,0,0,243404,3,0
0,0,0,0,22,28,18880,113002,0,0,0,0,0,265249,3,0
0,0,0,0,25,28,18881,113002,0,0,0,0,0,265293,3,0
0,0,0,0,3,28,18882,113002,0,0,0,0,0,266568,3,0
2,0,0,1,20,28,18883,113002,0,0,0,0,0,235659,3,0
0,0,0,0,19,28,18884,113002,0,0,0,0,0,256489,3,0
0,0,0,0,27,28,18885,113002,0,0,0,0,0,265333,3,0
0,0,0,0,18,28,18886,113002,0,0,0,0,0,263007,3,0
0,0,0,0,13,28,18887,113002,0,0,0,0,0,265856,3,0
0,0,0,0,15,28,18888,113002,0,0,0,0,0,263013,3,0
0,0,0,0,21,28,18889,113002,0,0,0,0,0,247796,3,0
0,0,0,0,16,0,18890,113003,0,0,0,0,0,246178,3,0
0,0,0,0,5,3,18891,113003,0,0,0,0,0,253469,3,0
0,0,0,0,19,4,18892,113003,0,0,0,0,0,227346,3,0
0,0,0,0,2,6,18893,113003,0,0,0,0,0,265849,3,0
0,0,0,0,13,7,18894,113003,0,0,0,0,0,265674,3,0
0,0,0,0,6,10,18895,113003,0,0,0,0,0,264969,3,0
0,0,0,0,20,23,18896,113003,0,0,0,0,0,232202,3,0
0,0,0,0,8,13,18897,113003,0,0,0,0,0,237197,3,0
0,0,0,0,7,15,18898,113003,0,0,0,0,0,233662,3,0
2,0,0,1,11,27,18899,113003,0,0,0,0,0,227361,3,0
0,0,0,0,12,25,18900,113003,0,0,0,0,0,246272,3,0
0,0,0,0,17,28,18901,113003,0,0,0,0,0,261733,3,0
0,0,0,0,14,28,18902,113003,0,0,0,0,0,256095,3,0
0,0,0,0,4,28,18903,113003,0,0,0,0,0,265092,3,0
0,0,0,0,3,28,18904,113003,0,0,0,0,0,277866,3,0
0,0,0,0,21,28,18905,113003,0,0,0,0,0,264895,3,0
0,0,0,0,10,28,18906,113003,0,0,0,0,0,245697,3,0
0,0,0,0,15,28,18907,113003,0,0,0,0,0,265975,3,0
0,0,0,0,18,28,18908,113003,0,0,0,0,0,276825,3,0
0,0,0,0,22,28,18909,113003,0,0,0,0,0,264864,3,0
0,0,0,0,1,28,18910,113003,0,0,0,0,0,264865,3,0
0,0,0,0,9,28,18911,113003,0,0,0,0,0,258706,3,0
0,0,0,0,23,28,18912,113003,0,0,0,0,0,269811,3,0
0,0,0,0,1,0,18913,113004,0,0,0,0,0,258310,3,0
0,0,0,0,7,3,18914,113004,0,0,0,0,0,247788,3,0
1,0,0,1,3,4,18915,113004,0,0,0,0,0,226375,3,0
0,0,0,0,5,6,18916,113004,0,0,0,0,0,265063,3,0
0,0,0,0,2,7,18917,113004,0,0,0,0,0,265004,3,0
0,0,0,0,9,9,18918,113004,0,0,0,0,0,262093,3,0
0,0,0,0,20,11,18919,113004,0,0,0,0,0,265035,3,0
0,0,0,0,16,12,18920,113004,0,0,0,0,0,239345,3,0
0,0,0,0,19,16,18921,113004,0,0,0,0,0,248822,3,0
0,0,0,0,10,18,18922,113004,0,0,0,0,0,261773,3,0
0,0,0,0,11,25,18923,113004,0,0,0,0,0,244302,3,0
0,0,0,0,18,28,18924,113004,0,0,0,0,0,264947,3,0
0,0,0,0,4,28,18925,113004,0,0,0,0,0,246414,3,0
0,0,0,0,17,28,18926,113004,0,0,0,0,0,270525,3,0
0,0,0,0,24,28,18927,113004,0,0,0,0,0,265034,3,0
0,0,0,0,12,28,18928,113004,0,0,0,0,0,265054,3,0
0,0,0,0,22,28,18929,113004,0,0,0,0,0,261740,3,0
0,0,0,0,15,28,18930,113004,0,0,0,0,0,265025,3,0
0,0,0,0,14,28,18931,113004,0,0,0,0,0,265057,3,0
0,0,0,0,13,28,18932,113004,0,0,0,0,0,277039,3,0
0,0,0,0,21,28,18933,113004,0,0,0,0,0,271860,3,0
0,0,0,0,23,28,18934,113004,0,0,0,0,0,272124,3,0
0,0,0,0,8,28,18935,113004,0,0,0,0,0,247791,3,0
0,0,0,0,1,0,18936,113007,0,0,0,0,0,227368,3,0
0,0,0,0,13,3,18937,113007,0,0,0,0,0,270329,3,0
0,0,0,0,6,4,18938,113007,0,0,0,0,0,273274,3,0
0,0,0,0,4,6,18939,113007,0,0,0,0,0,239756,3,0
0,0,0,0,2,7,18940,113007,0,0,0,0,0,273280,3,0
0,0,0,0,8,9,18941,113007,0,0,0,0,0,265280,3,0
0,0,0,0,7,11,18942,113007,0,0,0,0,0,242896,3,0
0,0,0,0,17,12,18943,113007,0,0,0,0,0,264896,3,0
0,0,0,0,11,16,18944,113007,0,0,0,0,0,227323,3,0
0,0,0,0,18,18,18945,113007,0,0,0,0,0,239761,3,0
0,0,0,0,14,25,18946,113007,0,0,0,0,0,227310,3,0
0,0,0,0,15,28,18947,113007,0,0,0,0,0,73027,3,0
0,0,0,0,21,28,18948,113007,0,0,0,0,0,268475,3,0
0,0,0,0,3,28,18949,113007,0,0,0,0,0,75728,3,0
0,0,0,0,16,28,18950,113007,0,0,0,0,0,273275,3,0
0,0,0,0,23,28,18951,113007,0,0,0,0,0,244890,3,0
0,0,0,0,10,28,18952,113007,0,0,0,0,0,227102,3,0
0,0,0,0,22,28,18953,113007,0,0,0,0,0,227369,3,0
0,0,0,0,19,28,18954,113007,0,0,0,0,0,266254,3,0
0,0,0,0,9,28,18955,113007,0,0,0,0,0,245821,3,0
0,0,0,0,12,28,18956,113007,0,0,0,0,0,79219,3,0
0,0,0,0,5,28,18957,113007,0,0,0,0,0,265421,3,0
0,0,0,0,20,28,18958,113007,0,0,0,0,0,75726,3,0
0,0,0,0,12,0,18959,113008,0,0,0,0,0,246152,3,0
0,0,0,0,4,3,18960,113008,0,0,0,0,0,272114,3,0
0,0,0,0,14,4,18961,113008,0,0,0,0,0,247461,3,0
1,0,0,1,13,6,18962,113008,0,0,0,0,0,226979,3,0
0,0,0,0,2,7,18963,113008,0,0,0,0,0,235585,3,0
0,0,0,0,16,9,18964,113008,0,0,0,0,0,263964,3,0
0,0,0,0,15,11,18965,113008,0,0,0,0,0,247477,3,0
0,0,0,0,19,12,18966,113008,0,0,0,0,0,241491,3,0
0,0,0,0,18,16,18967,113008,0,0,0,0,0,227013,3,0
21,1,0,1,9,18,18968,113008,0,0,0,0,0,226987,3,0
0,0,0,0,11,25,18969,113008,0,0,0,0,0,233364,3,0
0,0,0,0,8,28,18970,113008,0,0,0,0,0,227003,3,0
11,0,0,1,10,28,18971,113008,0,0,0,0,0,226973,3,0
0,0,0,0,20,28,18972,113008,0,0,0,0,0,263966,3,0
0,0,0,0,5,28,18973,113008,0,0,0,0,0,266939,3,0
0,0,0,0,25,28,18974,113008,0,0,0,0,0,264941,3,0
0,0,0,0,7,28,18975,113008,0,0,0,0,0,247462,3,0
0,0,0,0,17,28,18976,113008,0,0,0,0,0,78100,3,0
0,0,0,0,23,28,18977,113008,0,0,0,0,0,264058,3,0
0,0,0,0,22,28,18978,113008,0,0,0,0,0,80053,3,0
0,0,0,0,24,28,18979,113008,0,0,0,0,0,74404,3,0
0,0,0,0,1,28,18980,113008,0,0,0,0,0,243379,3,0
0,0,0,0,21,28,18981,113008,0,0,0,0,0,275940,3,0
0,0,0,0,1,0,18982,113009,0,0,0,0,0,267212,3,0
0,0,0,0,23,3,18983,113009,0,0,0,0,0,248343,3,0
0,0,0,0,4,4,18984,113009,0,0,0,0,0,267382,3,0
0,0,0,0,14,6,18985,113009,0,0,0,0,0,232074,3,0
0,0,0,0,3,7,18986,113009,0,0,0,0,0,279811,3,0
0,0,0,0,17,9,18987,113009,0,0,0,0,0,267217,3,0
0,0,0,0,15,11,18988,113009,0,0,0,0,0,279699,3,0
0,0,0,0,2,12,18989,113009,0,0,0,0,0,266928,3,0
0,0,0,0,21,16,18990,113009,0,0,0,0,0,273466,3,0
3,0,0,1,10,18,18991,113009,0,0,0,0,0,231432,3,0
0,0,0,0,7,25,18992,113009,0,0,0,0,0,262330,3,0
0,0,0,0,11,28,18993,113009,0,0,0,0,0,264012,3,0
0,0,0,0,16,28,18994,113009,0,0,0,0,0,232075,3,0
0,0,0,0,9,28,18995,113009,0,0,0,0,0,232073,3,0
0,0,0,0,12,28,18996,113009,0,0,0,0,0,244045,3,0
0,0,0,0,18,28,18997,113009,0,0,0,0,0,272994,3,0
1,0,0,1,13,28,18998,113009,0,0,0,0,0,236640,3,0
0,0,0,0,8,28,18999,113009,0,0,0,0,0,271040,3,0
0,0,0,0,5,28,19000,113009,0,0,0,0,0,267261,3,0
0,0,0,0,6,28,19001,113009,0,0,0,0,0,273468,3,0
0,0,0,0,20,28,19002,113009,0,0,0,0,0,71527,3,0
0,0,0,0,19,28,19003,113009,0,0,0,0,0,267223,3,0
0,0,0,0,22,28,19004,113009,0,0,0,0,0,267200,3,0
0,0,0,0,21,0,19005,113010,0,0,0,0,0,278967,3,0
0,0,0,0,13,3,19006,113010,0,0,0,0,0,227466,3,0
0,0,0,0,4,4,19007,113010,0,0,0,0,0,241224,3,0
0,0,0,0,25,6,19008,113010,0,0,0,0,0,278968,3,0
0,0,0,0,20,7,19009,113010,0,0,0,0,0,272522,3,0
0,0,0,0,8,9,19010,113010,0,0,0,0,0,256840,3,0
0,0,0,0,16,11,19011,113010,0,0,0,0,0,227455,3,0
0,0,0,0,23,12,19012,113010,0,0,0,0,0,272524,3,0
0,0,0,0,11,16,19013,113010,0,0,0,0,0,246059,3,0
0,0,0,0,6,18,19014,113010,0,0,0,0,0,82278,3,0
0,0,0,0,17,25,19015,113010,0,0,0,0,0,77219,3,0
0,0,0,0,10,28,19016,113010,0,0,0,0,0,267237,3,0
0,0,0,0,7,28,19017,113010,0,0,0,0,0,228724,3,0
0,0,0,0,19,28,19018,113010,0,0,0,0,0,261091,3,0
0,0,0,0,14,28,19019,113010,0,0,0,0,0,227453,3,0
0,0,0,0,1,28,19020,113010,0,0,0,0,0,77203,3,0
0,0,0,0,24,28,19021,113010,0,0,0,0,0,264627,3,0
0,0,0,0,3,28,19022,113010,0,0,0,0,0,262826,3,0
0,0,0,0,2,28,19023,113010,0,0,0,0,0,273470,3,0
0,0,0,0,5,28,19024,113010,0,0,0,0,0,72156,3,0
0,0,0,0,12,28,19025,113010,0,0,0,0,0,242807,3,0
0,0,0,0,22,28,19026,113010,0,0,0,0,0,79196,3,0
0,0,0,0,18,28,19027,113010,0,0,0,0,0,75681,3,0
0,0,0,0,1,0,19028,113011,0,0,0,0,0,258680,3,0
0,0,0,0,2,3,19029,113011,0,0,0,0,0,253417,3,0
0,0,0,0,3,4,19030,113011,0,0,0,0,0,265408,3,0
0,0,0,0,20,6,19031,113011,0,0,0,0,0,233756,3,0
0,0,0,0,11,7,19032,113011,0,0,0,0,0,267530,3,0
0,0,0,0,17,23,19033,113011,0,0,0,0,0,244064,3,0
0,0,0,0,14,13,19034,113011,0,0,0,0,0,233852,3,0
0,0,0,0,21,14,19035,113011,0,0,0,0,0,265536,3,0
9,0,0,1,10,15,19036,113011,0,0,0,0,0,233751,3,0
0,0,0,0,7,27,19037,113011,0,0,0,0,0,240717,3,0
0,0,0,0,5,25,19038,113011,0,0,0,0,0,267531,3,0
0,0,0,0,19,28,19039,113011,0,0,0,0,0,276285,3,0
0,0,0,0,18,28,19040,113011,0,0,0,0,0,264875,3,0
0,0,0,0,4,28,19041,113011,0,0,0,0,0,75108,3,0
0,0,0,0,22,28,19042,113011,0,0,0,0,0,75721,3,0
0,0,0,0,16,28,19043,113011,0,0,0,0,0,244058,3,0
0,0,0,0,6,28,19044,113011,0,0,0,0,0,240714,3,0
0,0,0,0,12,28,19045,113011,0,0,0,0,0,273205,3,0
0,0,0,0,15,28,19046,113011,0,0,0,0,0,244059,3,0
26,1,0,1,9,28,19047,113011,0,0,0,1,0,233746,3,0
0,0,0,0,23,28,19048,113011,0,0,0,0,0,79232,3,0
0,0,0,0,25,28,19049,113011,0,0,0,0,0,76201,3,0
0,0,0,0,26,28,19050,113011,0,0,0,0,0,277815,3,0
0,0,0,0,13,0,19051,113012,0,0,0,0,0,268942,3,0
0,0,0,0,2,3,19052,113012,0,0,0,0,0,253436,3,0
3,0,0,1,4,4,19053,113012,0,0,0,0,0,227190,3,0
0,0,0,0,16,6,19054,113012,0,0,0,0,0,236479,3,0
0,0,0,0,7,7,19055,113012,0,0,0,0,0,262457,3,0
0,0,0,0,8,10,19056,113012,0,0,0,0,0,237288,3,0
0,0,0,0,19,23,19057,113012,0,0,0,0,0,264725,3,0
0,0,0,0,6,13,19058,113012,0,0,0,0,0,241667,3,0
5,0,0,1,11,15,19059,113012,0,0,0,0,0,227203,3,0
0,0,0,0,20,27,19060,113012,0,0,0,0,0,262531,3,0
0,0,0,0,9,25,19061,113012,0,0,0,0,0,233244,3,0
14,1,0,1,10,28,19062,113012,0,0,0,0,0,227192,3,0
0,0,0,0,21,28,19063,113012,0,0,0,0,0,272094,3,0
0,0,0,0,26,28,19064,113012,0,0,0,0,0,78357,3,0
0,0,0,0,5,28,19065,113012,0,0,0,0,0,271944,3,0
0,0,0,0,23,28,19066,113012,0,0,0,0,0,272212,3,0
0,0,0,0,22,28,19067,113012,0,0,0,0,0,271446,3,0
0,0,0,0,14,28,19068,113012,0,0,0,0,0,253435,3,0
0,0,0,0,18,28,19069,113012,0,0,0,0,0,272050,3,0
0,0,0,0,17,28,19070,113012,0,0,0,0,0,246774,3,0
0,0,0,0,3,28,19071,113012,0,0,0,0,0,268941,3,0
0,0,0,0,15,28,19072,113012,0,0,0,0,0,233150,3,0
0,0,0,0,1,28,19073,113012,0,0,0,0,0,72705,3,0
0,0,0,0,1,0,19074,113984,0,0,0,0,0,245871,3,0
0,0,0,0,4,3,19075,113984,0,0,0,0,0,266393,3,0
0,0,0,0,5,4,19076,113984,0,0,0,0,0,245877,3,0
0,0,0,0,15,6,19077,113984,0,0,0,0,0,268486,3,0
0,0,0,0,3,7,19078,113984,0,0,0,0,0,273391,3,0
0,0,0,0,8,10,19079,113984,0,0,0,0,0,268488,3,0
0,0,0,0,19,23,19080,113984,0,0,0,0,0,273387,3,0
0,0,0,0,9,13,19081,113984,0,0,0,0,0,245879,3,0
0,0,0,0,22,15,19082,113984,0,0,0,0,0,245882,3,0
0,0,0,0,10,27,19083,113984,0,0,0,0,0,265274,3,0
0,0,0,0,20,25,19084,113984,0,0,0,0,0,265277,3,0
0,0,0,0,18,28,19085,113984,0,0,0,0,0,243403,3,0
0,0,0,0,26,28,19086,113984,0,0,0,0,0,72348,3,0
0,0,0,0,11,28,19087,113984,0,0,0,0,0,265305,3,0
0,0,0,0,12,28,19088,113984,0,0,0,0,0,246967,3,0
0,0,0,0,21,28,19089,113984,0,0,0,0,0,266451,3,0
0,0,0,0,16,28,19090,113984,0,0,0,0,0,276380,3,0
0,0,0,0,24,28,19091,113984,0,0,0,0,0,268487,3,0
0,0,0,0,2,28,19092,113984,0,0,0,0,0,79208,3,0
0,0,0,0,6,28,19093,113984,0,0,0,0,0,245889,3,0
0,0,0,0,23,28,19094,113984,0,0,0,0,0,277911,3,0
0,0,0,0,7,28,19095,113984,0,0,0,0,0,277965,3,0
0,0,0,0,14,28,19096,113984,0,0,0,0,0,72904,3,0
0,0,0,0,1,0,19097,113996,0,0,0,0,0,248785,3,0
0,0,0,0,16,3,19098,113996,0,0,0,0,0,75545,3,0
0,0,0,0,13,4,19099,113996,0,0,0,0,0,269680,3,0
0,0,0,0,6,6,19100,113996,0,0,0,0,0,246364,3,0
0,0,0,0,14,7,19101,113996,0,0,0,0,0,72810,3,0
0,0,0,0,18,12,19102,113996,0,0,0,0,0,75714,3,0
0,0,0,0,5,13,19103,113996,0,0,0,0,0,269675,3,0
0,0,0,0,22,15,19104,113996,0,0,0,0,0,80055,3,0
0,0,0,0,10,16,19105,113996,0,0,0,0,0,269677,3,0
0,0,0,0,21,24,19106,113996,0,0,0,0,0,267287,3,0
0,0,0,0,9,26,19107,113996,0,0,0,0,0,82398,3,0
0,0,0,0,19,28,19108,113996,0,0,0,0,0,75546,3,0
0,0,0,0,8,28,19109,113996,0,0,0,0,0,269678,3,0
0,0,0,0,3,28,19110,113996,0,0,0,0,0,246361,3,0
0,0,0,0,2,28,19111,113996,0,0,0,0,0,246366,3,0
0,0,0,0,23,28,19112,113996,0,0,0,0,0,276568,3,0
0,0,0,0,17,28,19113,113996,0,0,0,0,0,72828,3,0
0,0,0,0,12,28,19114,113996,0,0,0,0,0,80056,3,0
0,0,0,0,7,28,19115,113996,0,0,0,0,0,80059,3,0
0,0,0,0,20,28,19116,113996,0,0,0,0,0,246377,3,0
0,0,0,0,15,28,19117,113996,0,0,0,0,0,72865,3,0
0,0,0,0,11,28,19118,113996,0,0,0,0,0,248789,3,0
0,0,0,0,4,28,19119,113996,0,0,0,0,0,75715,3,0
0,0,0,0,1,0,19120,115362,0,0,0,0,0,273167,3,0
0,0,0,0,4,4,19121,115362,0,0,0,0,0,79937,3,0
0,0,0,0,5,5,19122,115362,0,0,0,0,0,273174,3,0
0,0,0,0,11,6,19123,115362,0,0,0,0,0,271347,3,0
0,0,0,0,3,9,19124,115362,0,0,0,0,0,266941,3,0
0,0,0,0,8,11,19125,115362,0,0,0,0,0,266601,3,0
0,0,0,0,12,12,19126,115362,0,0,0,0,0,273010,3,0
0,0,0,0,18,16,19127,115362,0,0,0,0,0,265024,3,0
0,0,0,0,10,18,19128,115362,0,0,0,0,0,259287,3,0
0,0,0,0,20,24,19129,115362,0,0,0,0,0,264946,3,0
0,0,0,0,21,26,19130,115362,0,0,0,0,0,273099,3,0
0,0,0,0,23,28,19131,115362,0,0,0,0,0,73014,3,0
0,0,0,0,14,28,19132,115362,0,0,0,0,0,273169,3,0
0,0,0,0,17,28,19133,115362,0,0,0,0,0,271809,3,0
0,0,0,0,16,28,19134,115362,0,0,0,0,0,264980,3,0
0,0,0,0,22,28,19135,115362,0,0,0,0,0,79946,3,0
0,0,0,0,9,28,19136,115362,0,0,0,0,0,273168,3,0
0,0,0,0,15,28,19137,115362,0,0,0,0,0,276284,3,0
0,0,0,0,19,28,19138,115362,0,0,0,0,0,273171,3,0
0,0,0,0,2,28,19139,115362,0,0,0,0,0,266963,3,0
0,0,0,0,6,28,19140,115362,0,0,0,0,0,265012,3,0
0,0,0,0,13,28,19141,115362,0,0,0,0,0,273175,3,0
0,0,0,0,7,28,19142,115362,0,0,0,0,0,273179,3,0
0,0,0,0,1,0,19143,115682,0,0,0,0,0,261848,3,0
0,0,0,0,2,3,19144,115682,0,0,0,0,0,261858,3,0
0,0,0,0,9,4,19145,115682,0,0,0,0,0,261831,3,0
0,0,0,0,15,5,19146,115682,0,0,0,0,0,261829,3,0
0,0,0,0,19,6,19147,115682,0,0,0,0,0,261853,3,0
0,0,0,0,5,7,19148,115682,0,0,0,0,0,261833,3,0
0,0,0,0,4,10,19149,115682,0,0,0,0,0,261845,3,0
0,0,0,0,11,13,19150,115682,0,0,0,0,0,261835,3,0
0,0,0,0,6,15,19151,115682,0,0,0,0,0,261843,3,0
0,0,0,0,10,24,19152,115682,0,0,0,0,0,261852,3,0
0,0,0,0,16,26,19153,115682,0,0,0,0,0,261837,3,0
0,0,0,0,23,28,19154,115682,0,0,0,0,0,261849,3,0
0,0,0,0,20,28,19155,115682,0,0,0,0,0,261855,3,0
0,0,0,0,8,28,19156,115682,0,0,0,0,0,261838,3,0
0,0,0,0,14,28,19157,115682,0,0,0,0,0,261830,3,0
0,0,0,0,12,28,19158,115682,0,0,0,0,0,261834,3,0
0,0,0,0,18,28,19159,115682,0,0,0,0,0,261842,3,0
0,0,0,0,21,28,19160,115682,0,0,0,0,0,261844,3,0
0,0,0,0,17,28,19161,115682,0,0,0,0,0,263479,3,0
0,0,0,0,13,28,19162,115682,0,0,0,0,0,261841,3,0
0,0,0,0,3,28,19163,115682,0,0,0,0,0,268470,3,0
0,0,0,0,7,28,19164,115682,0,0,0,0,0,268472,3,0
0,0,0,0,22,28,19165,115682,0,0,0,0,0,79204,3,0
0,0,0,0,1,0,19166,116428,0,0,0,0,0,266553,3,0
0,0,0,0,20,3,19167,116428,0,0,0,0,0,266945,3,0
0,0,0,0,4,4,19168,116428,0,0,0,0,0,264886,3,0
0,0,0,0,6,6,19169,116428,0,0,0,0,0,269661,3,0
0,0,0,0,5,7,19170,116428,0,0,0,0,0,279524,3,0
0,0,0,0,16,10,19171,116428,0,0,0,0,0,277544,3,0
0,0,0,0,23,23,19172,116428,0,0,0,0,0,266384,3,0
0,0,0,0,8,13,19173,116428,0,0,0,0,0,264932,3,0
0,0,0,0,7,15,19174,116428,0,0,0,0,0,264891,3,0
0,0,0,0,14,27,19175,116428,0,0,0,0,0,273211,3,0
0,0,0,0,3,25,19176,116428,0,0,0,0,0,279523,3,0
0,0,0,0,17,28,19177,116428,0,0,0,0,0,269665,3,0
0,0,0,0,10,28,19178,116428,0,0,0,0,0,265300,3,0
0,0,0,0,18,28,19179,116428,0,0,0,0,0,269657,3,0
0,0,0,0,11,28,19180,116428,0,0,0,0,0,269668,3,0
0,0,0,0,12,28,19181,116428,0,0,0,0,0,269655,3,0
0,0,0,0,19,28,19182,116428,0,0,0,0,0,269664,3,0
0,0,0,0,22,28,19183,116428,0,0,0,0,0,269662,3,0
0,0,0,0,21,28,19184,116428,0,0,0,0,0,273207,3,0
0,0,0,0,15,28,19185,116428,0,0,0,0,0,79116,3,0
0,0,0,0,2,28,19186,116428,0,0,0,0,0,273210,3,0
0,0,0,0,9,28,19187,116428,0,0,0,0,0,273215,3,0
0,0,0,0,13,28,19188,116428,0,0,0,0,0,279527,3,0
0,0,0,0,1,0,19189,131124,0,0,0,0,0,72795,3,0
0,0,0,0,5,3,19190,131124,0,0,0,0,0,265286,3,0
0,0,0,0,15,4,19191,131124,0,0,0,0,0,267221,3,0
0,0,0,0,3,6,19192,131124,0,0,0,0,0,72788,3,0
0,0,0,0,6,7,19193,131124,0,0,0,0,0,72763,3,0
0,0,0,0,13,12,19194,131124,0,0,0,0,0,72791,3,0
0,0,0,0,4,13,19195,131124,0,0,0,0,0,275925,3,0
0,0,0,0,20,15,19196,131124,0,0,0,0,0,266598,3,0
0,0,0,0,9,16,19197,131124,0,0,0,0,0,72787,3,0
0,0,0,0,21,18,19198,131124,0,0,0,0,0,72764,3,0
0,0,0,0,17,25,19199,131124,0,0,0,0,0,269131,3,0
0,0,0,0,8,28,19200,131124,0,0,0,0,0,277966,3,0
0,0,0,0,2,28,19201,131124,0,0,0,0,0,72797,3,0
0,0,0,0,16,28,19202,131124,0,0,0,0,0,75550,3,0
0,0,0,0,10,28,19203,131124,0,0,0,0,0,75390,3,0
0,0,0,0,23,28,19204,131124,0,0,0,0,0,265267,3,0
0,0,0,0,22,28,19205,131124,0,0,0,0,0,277963,3,0
0,0,0,0,14,28,19206,131124,0,0,0,0,0,72792,3,0
0,0,0,0,19,28,19207,131124,0,0,0,0,0,80054,3,0
0,0,0,0,11,28,19208,131124,0,0,0,0,0,267184,3,0
0,0,0,0,7,28,19209,131124,0,0,0,0,0,279933,3,0
0,0,0,0,12,28,19210,131124,0,0,0,0,0,75712,3,0
0,0,0,0,18,28,19211,131124,0,0,0,0,0,75717,3,0
0,0,0,0,1,0,19212,131877,0,0,0,0,0,269805,3,0
0,0,0,0,3,3,19213,131877,0,0,0,0,0,74401,3,0
0,0,0,0,5,4,19214,131877,0,0,0,0,0,275895,3,0
0,0,0,0,4,6,19215,131877,0,0,0,0,0,264884,3,0
0,0,0,0,2,7,19216,131877,0,0,0,0,0,271788,3,0
0,0,0,0,17,23,19217,131877,0,0,0,0,0,78461,3,0
0,0,0,0,23,13,19218,131877,0,0,0,0,0,265082,3,0
0,0,0,0,11,15,19219,131877,0,0,0,0,0,264954,3,0
0,0,0,0,21,27,19220,131877,0,0,0,0,0,78609,3,0
0,0,0,0,8,18,19221,131877,0,0,0,0,0,264971,3,0
0,0,0,0,9,25,19222,131877,0,0,0,0,0,241846,3,0
0,0,0,0,16,28,19223,131877,0,0,0,0,0,276765,3,0
0,0,0,0,18,28,19224,131877,0,0,0,0,0,73677,3,0
0,0,0,0,19,28,19225,131877,0,0,0,0,0,277278,3,0
0,0,0,0,6,28,19226,131877,0,0,0,0,0,264930,3,0
0,0,0,0,12,28,19227,131877,0,0,0,0,0,78462,3,0
0,0,0,0,10,28,19228,131877,0,0,0,0,0,265102,3,0
0,0,0,0,14,28,19229,131877,0,0,0,0,0,264982,3,0
0,0,0,0,15,28,19230,131877,0,0,0,0,0,79183,3,0
0,0,0,0,7,28,19231,131877,0,0,0,0,0,265017,3,0
0,0,0,0,20,28,19232,131877,0,0,0,0,0,75021,3,0
0,0,0,0,13,28,19233,131877,0,0,0,0,0,75063,3,0
0,0,0,0,22,28,19234,131877,0,0,0,0,0,78463,3,0
0,0,0,0,13,0,19235,111629,0,0,0,0,0,253065,3,0
0,0,0,0,12,3,19236,111629,0,0,0,0,0,247631,3,0
0,0,0,0,4,4,19237,111629,0,0,0,0,0,253669,3,0
0,0,0,0,89,6,19238,111629,0,0,0,0,0,231520,3,0
2,0,0,1,5,7,19239,111629,0,0,0,0,0,271396,3,0
0,0,0,0,11,23,19240,111629,0,0,0,0,0,248289,3,0
0,0,0,0,23,13,19241,111629,0,0,0,0,0,248177,3,0
1,0,0,0,21,14,19242,111629,0,0,0,0,0,252088,3,0
2,0,0,1,6,15,19243,111629,0,0,0,0,0,253508,3,0
2,0,0,1,29,27,19244,111629,0,0,0,0,0,259560,3,0
4,0,0,1,14,25,19245,111629,0,0,0,0,0,72805,3,0
5,0,0,1,90,28,19246,111629,0,0,0,0,0,248315,3,0
0,0,0,0,96,28,19247,111629,0,0,0,0,0,79842,3,0
4,0,0,1,82,28,19248,111629,0,0,0,0,0,278694,3,0
0,0,0,0,3,28,19249,111629,0,0,0,0,0,248327,3,0
0,0,0,0,24,28,19250,111629,0,0,0,0,0,248246,3,0
1,0,0,0,94,28,19251,111629,0,0,0,0,0,248178,3,0
0,0,0,0,95,28,19252,111629,0,0,0,0,0,79970,3,0
0,0,0,0,60,28,19253,111629,0,0,0,0,0,248272,3,0
0,0,0,0,98,28,19254,111629,0,0,0,0,0,79712,3,0
0,0,0,0,97,28,19255,111629,0,0,0,0,0,277580,3,0
0,0,0,0,99,28,19256,111629,0,0,0,0,0,79716,3,0
0,0,0,0,51,0,19257,111633,0,0,0,0,0,73265,3,0
0,0,0,0,24,3,19258,111633,0,0,0,0,0,256996,3,0
0,0,0,0,42,4,19259,111633,0,0,0,0,0,82267,3,0
0,0,0,0,5,6,19260,111633,0,0,0,0,0,253670,3,0
0,0,0,0,14,7,19261,111633,0,0,0,0,0,75121,3,0
2,0,0,1,52,23,19262,111633,0,0,0,0,0,75122,3,0
0,0,0,0,45,13,19263,111633,0,0,0,0,0,79341,3,0
0,0,0,0,8,15,19264,111633,0,0,0,0,0,250856,3,0
0,0,0,0,22,27,19265,111633,0,0,0,0,0,72925,3,0
1,0,0,1,50,18,19266,111633,0,0,0,0,0,257684,3,0
0,0,0,0,17,25,19267,111633,0,0,0,0,0,73277,3,0
0,0,0,0,7,28,19268,111633,0,0,0,0,0,260108,3,0
0,0,0,0,33,28,19269,111633,0,0,0,0,0,270739,3,0
0,0,0,0,49,28,19270,111633,0,0,0,0,0,73281,3,0
0,0,0,0,66,28,19271,111633,0,0,0,0,0,277566,3,0
0,0,0,0,71,28,19272,111633,0,0,0,0,0,72922,3,0
0,0,0,0,53,28,19273,111633,0,0,0,0,0,83526,3,0
0,0,0,0,4,28,19274,111633,0,0,0,0,0,80306,3,0
0,0,0,0,18,28,19275,111633,0,0,0,0,0,75133,3,0
0,0,0,0,26,28,19276,111633,0,0,0,0,0,73279,3,0
0,0,0,0,54,28,19277,111633,0,0,0,0,0,83528,3,0
0,0,0,0,10,28,19278,111633,0,0,0,0,0,73271,3,0
0,0,0,0,1,0,19279,113040,0,0,0,0,0,260106,3,0
0,0,0,0,2,3,19280,113040,0,0,0,0,0,277491,3,0
1,0,0,1,12,4,19281,113040,0,0,0,0,0,277570,3,0
0,0,0,0,4,6,19282,113040,0,0,0,0,0,230306,3,0
0,0,0,0,77,7,19283,113040,0,0,0,0,0,277490,3,0
2,0,0,1,15,9,19284,113040,0,0,0,0,0,278197,3,0
0,0,0,0,13,11,19285,113040,0,0,0,0,0,73091,3,0
0,0,0,0,22,12,19286,113040,0,0,0,0,0,248334,3,0
2,0,0,1,18,16,19287,113040,0,0,0,0,1,271664,3,0
0,0,0,0,66,18,19288,113040,0,0,0,0,0,277493,3,0
0,0,0,0,78,25,19289,113040,0,0,0,0,0,205869,3,0
0,0,0,0,97,28,19290,113040,0,0,0,0,0,81341,3,0
0,0,0,0,8,28,19291,113040,0,0,0,0,0,208817,3,0
2,0,0,1,11,28,19292,113040,0,0,0,0,0,272312,3,0
0,0,0,0,3,28,19293,113040,0,0,0,0,0,248276,3,0
0,0,0,0,20,28,19294,113040,0,0,0,0,0,278149,3,0
0,0,0,0,19,28,19295,113040,0,0,0,0,0,277494,3,0
0,0,0,0,17,28,19296,113040,0,0,0,0,0,278670,3,0
0,0,0,0,16,28,19297,113040,0,0,0,0,0,70514,3,0
0,0,0,0,7,28,19298,113040,0,0,0,0,0,81234,3,0
0,0,0,0,23,28,19299,113040,0,0,0,0,0,278196,3,0
0,0,0,0,30,28,19300,113040,0,0,0,0,0,75129,3,0
0,0,0,0,1,0,19301,113146,0,0,0,0,0,245164,3,0
2,0,0,0,5,4,19302,113146,0,0,0,0,0,190962,3,0
5,0,0,1,21,5,19303,113146,0,0,0,0,0,263725,3,0
6,1,0,1,15,6,19304,113146,0,0,0,0,0,245165,3,0
5,0,0,1,11,12,19305,113146,0,0,0,0,0,248300,3,0
0,0,0,0,45,13,19306,113146,0,0,0,0,0,253712,3,0
0,0,0,0,6,15,19307,113146,0,0,0,0,0,245170,3,0
3,0,0,0,17,16,19308,113146,0,0,0,0,0,253479,3,0
4,0,0,1,9,18,19309,113146,0,0,0,0,2,202208,3,0
4,0,0,1,35,24,19310,113146,0,0,0,0,0,219948,3,0
11,1,0,1,29,26,19311,113146,0,0,0,0,1,212232,3,0
0,0,0,0,72,28,19312,113146,0,0,0,0,0,277479,3,0
0,0,0,0,18,28,19313,113146,0,0,0,0,0,247630,3,0
0,0,0,0,22,28,19314,113146,0,0,0,0,0,253476,3,0
0,0,0,0,44,28,19315,113146,0,0,0,0,0,253704,3,0
0,0,0,0,24,28,19316,113146,0,0,0,0,0,71063,3,0
0,0,0,0,99,28,19317,113146,0,0,0,0,0,238551,3,0
1,0,0,0,57,28,19318,113146,0,0,0,0,0,259730,3,0
1,0,0,0,32,28,19319,113146,0,0,0,0,0,70970,3,0
0,0,0,0,16,28,19320,113146,0,0,0,0,0,266721,3,0
0,0,0,0,33,28,19321,113146,0,0,0,0,0,259346,3,0
0,0,0,0,56,28,19322,113146,0,0,0,0,0,277478,3,0
0,0,0,0,55,28,19323,113146,0,0,0,0,0,266718,3,0
0,0,0,0,1,0,19324,113257,0,0,0,0,0,223760,3,0
0,0,0,0,45,3,19325,113257,0,0,0,0,0,81508,3,0
1,0,0,1,24,4,19326,113257,0,0,0,0,0,256990,3,0
0,0,0,0,5,6,19327,113257,0,0,0,0,0,200727,3,0
0,0,0,0,28,7,19328,113257,0,0,0,0,0,248294,3,0
1,0,0,1,78,9,19329,113257,0,0,0,0,0,248331,3,0
0,0,0,0,99,11,19330,113257,0,0,0,0,0,248251,3,0
2,0,0,1,77,12,19331,113257,0,0,0,0,0,253505,3,0
3,0,0,1,19,16,19332,113257,0,0,0,0,0,256994,3,0
0,0,0,0,7,18,19333,113257,0,0,0,0,0,279271,3,0
0,0,0,0,29,25,19334,113257,0,0,0,0,0,276143,3,0
2,0,0,1,25,28,19335,113257,0,0,0,0,0,253478,3,0
0,0,0,0,6,28,19336,113257,0,0,0,0,0,248308,3,0
0,0,0,0,80,28,19337,113257,0,0,0,0,0,75134,3,0
0,0,0,0,39,28,19338,113257,0,0,0,0,0,75155,3,0
0,0,0,0,90,28,19339,113257,0,0,0,0,0,248301,3,0
0,0,0,0,3,28,19340,113257,0,0,0,0,0,252246,3,0
0,0,0,0,23,28,19341,113257,0,0,0,0,0,253701,3,0
0,0,0,0,20,28,19342,113257,0,0,0,0,0,75119,3,0
0,0,0,0,13,0,19343,113297,0,0,0,0,0,248292,3,0
0,0,0,0,26,3,19344,113297,0,0,0,0,0,248274,3,0
0,0,0,0,20,4,19345,113297,0,0,0,0,0,228188,3,0
1,0,0,0,4,6,19346,113297,0,0,0,0,0,264362,3,0
0,0,0,0,17,7,19347,113297,0,0,0,0,0,228194,3,0
0,0,0,0,21,12,19348,113297,0,0,0,0,0,277545,3,0
0,0,0,0,8,13,19349,113297,0,0,0,0,0,253502,3,0
0,0,0,0,5,15,19350,113297,0,0,0,0,0,251118,3,0
1,0,0,0,22,16,19351,113297,0,0,0,0,0,265454,3,0
6,1,0,1,27,24,19352,113297,2,0,0,0,2,200471,3,0
0,0,0,0,77,26,19353,113297,0,0,0,0,0,264662,3,0
5,0,0,1,19,28,19354,113297,2,0,0,0,2,277360,3,0
2,0,0,1,71,28,19355,113297,0,0,0,0,0,248319,3,0
0,0,0,0,23,28,19356,113297,0,0,0,0,0,248197,3,0
0,0,0,0,6,28,19357,113297,0,0,0,0,0,248247,3,0
0,0,0,0,1,28,19358,113297,0,0,0,0,0,258556,3,0
5,0,0,1,30,28,19359,113297,0,0,0,0,0,203173,3,0
0,0,0,0,37,28,19360,113297,0,0,0,0,0,269671,3,0
3,0,0,1,31,28,19361,113297,0,0,0,0,0,220446,3,0
0,0,0,0,3,28,19362,113297,0,0,0,0,0,253724,3,0
0,0,0,0,33,28,19363,113297,0,0,0,0,0,261425,3,0
0,0,0,0,32,28,19364,113297,0,0,0,0,0,70972,3,0
0,0,0,0,34,28,19365,113297,0,0,0,0,0,83539,3,0
0,0,0,0,55,0,19366,113298,0,0,0,0,0,265460,3,0
3,0,0,1,21,3,19367,113298,0,0,0,0,0,233524,3,0
1,0,0,1,3,4,19368,113298,0,0,0,0,0,223763,3,0
0,0,0,0,56,6,19369,113298,0,0,0,0,0,79851,3,0
1,0,0,1,27,7,19370,113298,0,0,0,0,0,270735,3,0
0,0,0,0,65,9,19371,113298,0,0,0,0,0,278257,3,0
1,0,0,1,15,11,19372,113298,0,0,0,0,0,253697,3,0
1,0,0,1,17,12,19373,113298,0,0,0,0,0,259648,3,0
1,0,0,1,8,16,19374,113298,0,0,0,0,0,230132,3,0
0,0,0,0,44,18,19375,113298,0,0,0,0,0,264599,3,0
2,0,0,1,10,25,19376,113298,0,0,0,0,0,248307,3,0
0,0,0,0,71,28,19377,113298,0,0,0,0,0,236452,3,0
0,0,0,0,91,28,19378,113298,0,0,0,0,0,263058,3,0
0,0,0,0,4,28,19379,113298,0,0,0,0,0,244799,3,0
0,0,0,0,18,28,19380,113298,0,0,0,0,0,245169,3,0
0,0,0,0,13,28,19381,113298,0,0,0,0,0,260146,3,0
7,1,0,1,42,28,19382,113298,0,0,0,0,0,271900,3,0
0,0,0,0,30,28,19383,113298,0,0,0,0,0,248304,3,0
1,0,0,1,14,28,19384,113298,0,0,0,0,0,271011,3,0
0,0,0,0,20,28,19385,113298,0,0,0,0,0,248296,3,0
0,0,0,0,45,28,19386,113298,0,0,0,0,0,75128,3,0
0,0,0,0,70,28,19387,113298,0,0,0,0,0,236546,3,0
0,0,0,0,1,0,19388,113299,0,0,0,0,0,265457,3,0
0,0,0,0,3,3,19389,113299,0,0,0,0,0,258410,3,0
0,0,0,0,4,4,19390,113299,0,0,0,0,0,262048,3,0
0,0,0,0,21,6,19391,113299,0,0,0,0,0,273880,3,0
0,0,0,0,50,7,19392,113299,0,0,0,0,0,264499,3,0
1,0,0,1,13,9,19393,113299,0,0,0,0,0,263683,3,0
1,0,0,1,6,11,19394,113299,0,0,0,0,0,278041,3,0
2,0,0,1,25,12,19395,113299,0,0,0,0,1,71926,3,0
0,0,0,0,97,16,19396,113299,0,0,0,0,0,73061,3,0
0,0,0,0,64,18,19397,113299,0,0,0,0,0,83493,3,0
0,0,0,0,45,25,19398,113299,0,0,0,0,0,73062,3,0
0,0,0,0,60,28,19399,113299,0,0,0,0,0,83495,3,0
0,0,0,0,8,28,19400,113299,0,0,0,0,0,273877,3,0
0,0,0,0,44,28,19401,113299,0,0,0,0,0,278937,3,0
0,0,0,0,27,28,19402,113299,0,0,0,0,0,253035,3,0
0,0,0,0,2,28,19403,113299,0,0,0,0,0,73039,3,0
0,0,0,0,52,28,19404,113299,0,0,0,0,0,253726,3,0
0,0,0,0,66,28,19405,113299,0,0,0,0,0,83548,3,0
0,0,0,0,65,28,19406,113299,0,0,0,0,0,83544,3,0
0,0,0,0,5,28,19407,113299,0,0,0,0,0,73056,3,0
0,0,0,0,63,28,19408,113299,0,0,0,0,0,83621,3,0
1,0,0,1,55,28,19409,113299,0,0,0,0,0,273878,3,0
0,0,0,0,98,28,19410,113299,0,0,0,0,0,259646,3,0
0,0,0,0,53,29,19411,113299,0,0,0,0,0,73063,3,0
0,0,0,0,62,29,19412,113299,0,0,0,0,0,83622,3,0
0,0,0,0,61,29,19413,113299,0,0,0,0,0,231933,3,0
0,0,0,0,1,0,19414,113300,0,0,0,0,0,259729,3,0
0,0,0,0,3,3,19415,113300,0,0,0,0,0,254092,3,0
0,0,0,0,95,4,19416,113300,0,0,0,0,0,273755,3,0
0,0,0,0,90,6,19417,113300,0,0,0,0,0,71061,3,0
3,0,0,1,27,7,19418,113300,0,0,0,0,1,276629,3,0
6,1,0,1,7,23,19419,113300,1,0,0,0,1,231932,3,0
0,0,0,0,77,13,19420,113300,0,0,0,0,0,273773,3,0
0,0,0,0,97,14,19421,113300,0,0,0,0,0,81379,3,0
0,0,0,0,10,15,19422,113300,0,0,0,0,0,248298,3,0
1,0,0,1,6,27,19423,113300,0,0,0,0,0,259727,3,0
2,0,0,1,93,25,19424,113300,0,0,0,0,0,214784,3,0
0,0,0,0,16,28,19425,113300,0,0,0,0,0,276630,3,0
0,0,0,0,31,28,19426,113300,0,0,0,0,0,259340,3,0
0,0,0,0,15,28,19427,113300,0,0,0,0,0,262047,3,0
0,0,0,0,17,28,19428,113300,0,0,0,0,0,277359,3,0
0,0,0,0,23,28,19429,113300,0,0,0,0,0,248325,3,0
0,0,0,0,92,28,19430,113300,0,0,0,0,0,72766,3,0
0,0,0,0,20,28,19431,113300,0,0,0,0,0,81966,3,0
0,0,0,0,11,28,19432,113300,0,0,0,0,0,228303,3,0
0,0,0,0,28,28,19433,113300,0,0,0,0,0,273756,3,0
0,0,0,0,98,28,19434,113300,0,0,0,0,0,81345,3,0
0,0,0,0,32,28,19435,113300,0,0,0,0,0,273754,3,0
0,0,0,0,91,0,19436,113301,0,0,0,0,0,259488,3,0
1,0,0,1,3,3,19437,113301,0,0,0,0,0,278697,3,0
0,0,0,0,12,4,19438,113301,0,0,0,0,0,75052,3,0
0,0,0,0,4,6,19439,113301,0,0,0,0,0,270742,3,0
2,0,0,1,41,7,19440,113301,0,0,0,0,0,270743,3,0
0,0,0,0,28,9,19441,113301,0,0,0,0,0,248280,3,0
3,0,0,1,5,11,19442,113301,0,0,0,0,0,234374,3,0
0,0,0,0,11,12,19443,113301,0,0,0,0,0,248302,3,0
2,0,0,1,10,16,19444,113301,0,0,0,0,1,277567,3,0
2,0,0,1,23,18,19445,113301,0,0,0,0,0,70661,3,0
1,0,0,1,29,25,19446,113301,0,0,0,0,0,259137,3,0
0,0,0,0,15,28,19447,113301,0,0,0,0,0,73732,3,0
0,0,0,0,8,28,19448,113301,0,0,0,0,0,259561,3,0
0,0,0,0,17,28,19449,113301,0,0,0,0,0,278247,3,0
0,0,0,0,13,28,19450,113301,0,0,0,0,0,82313,3,0
0,0,0,0,31,28,19451,113301,0,0,0,0,0,208481,3,0
0,0,0,0,14,28,19452,113301,0,0,0,0,0,83521,3,0
0,0,0,0,16,28,19453,113301,0,0,0,0,0,73733,3,0
1,0,0,1,27,28,19454,113301,1,0,0,0,1,75136,3,0
0,0,0,0,18,28,19455,113301,0,0,0,0,0,278234,3,0
0,0,0,0,99,28,19456,113301,0,0,0,0,0,82006,3,0
0,0,0,0,19,28,19457,113301,0,0,0,0,0,83522,3,0
0,0,0,0,20,28,19458,113301,0,0,0,0,0,82657,3,0
0,0,0,0,1,0,19459,113302,0,0,0,0,0,225213,3,0
0,0,0,0,27,3,19460,113302,0,0,0,0,0,248310,3,0
0,0,0,0,51,4,19461,113302,0,0,0,0,0,234508,3,0
3,0,0,1,2,6,19462,113302,0,0,0,0,1,248265,3,0
1,0,0,1,32,7,19463,113302,0,0,0,0,0,260147,3,0
6,1,0,1,7,23,19464,113302,0,0,0,0,0,204882,3,0
0,0,0,0,23,13,19465,113302,0,0,0,0,0,278671,3,0
0,0,0,0,29,14,19466,113302,0,0,0,0,0,279563,3,0
1,0,0,1,8,15,19467,113302,0,0,0,0,0,253064,3,0
12,1,0,1,11,27,19468,113302,0,0,0,1,1,190939,3,0
0,0,0,0,37,25,19469,113302,0,0,0,0,0,77172,3,0
0,0,0,0,99,28,19470,113302,0,0,0,0,0,236774,3,0
1,0,0,1,31,28,19471,113302,0,0,0,0,0,75053,3,0
0,0,0,0,25,28,19472,113302,0,0,0,0,0,259764,3,0
0,0,0,0,12,28,19473,113302,0,0,0,0,0,275683,3,0
0,0,0,0,28,28,19474,113302,0,0,0,0,0,247670,3,0
0,0,0,0,9,28,19475,113302,0,0,0,0,0,264788,3,0
0,0,0,0,24,28,19476,113302,0,0,0,0,0,259311,3,0
0,0,0,0,6,28,19477,113302,0,0,0,0,0,82105,3,0
0,0,0,0,10,28,19478,113302,0,0,0,0,0,261537,3,0
0,0,0,0,39,28,19479,113302,0,0,0,0,0,278258,3,0
0,0,0,0,13,28,19480,113302,0,0,0,0,0,82104,3,0
0,0,0,0,22,28,19481,113302,0,0,0,0,0,279584,3,0
0,0,0,0,32,0,19482,114168,0,0,0,0,0,248284,3,0
1,0,0,0,77,3,19483,114168,0,0,0,0,0,273760,3,0
2,0,0,1,4,4,19484,114168,0,0,0,0,0,248313,3,0
2,0,0,1,6,6,19485,114168,0,0,0,0,0,243568,3,0
0,0,0,0,86,7,19486,114168,0,0,0,0,0,246715,3,0
3,0,0,1,8,9,19487,114168,1,0,0,0,1,277230,3,0
0,0,0,0,15,11,19488,114168,0,0,0,0,0,248318,3,0
1,0,0,0,18,12,19489,114168,0,0,0,0,0,257302,3,0
3,0,0,1,11,16,19490,114168,1,0,0,0,1,278674,3,0
0,0,0,0,98,18,19491,114168,0,0,0,0,0,81920,3,0
2,0,0,1,99,25,19492,114168,0,0,0,0,0,253460,3,0
1,0,0,0,84,28,19493,114168,0,0,0,0,0,265659,3,0
0,0,0,0,14,28,19494,114168,0,0,0,0,0,231461,3,0
0,0,0,0,22,28,19495,114168,0,0,0,0,0,236453,3,0
1,0,0,0,3,28,19496,114168,0,0,0,0,0,242672,3,0
0,0,0,0,33,28,19497,114168,0,0,0,0,0,270653,3,0
1,0,0,0,21,28,19498,114168,0,0,0,0,0,239324,3,0
0,0,0,0,68,28,19499,114168,0,0,0,0,0,73889,3,0
0,0,0,0,24,28,19500,114168,0,0,0,0,0,273879,3,0
0,0,0,0,20,28,19501,114168,0,0,0,0,0,253509,3,0
1,0,0,0,80,28,19502,114168,0,0,0,0,0,263224,3,0
0,0,0,0,23,28,19503,114168,0,0,0,0,0,72157,3,0
0,0,0,0,88,28,19504,114168,0,0,0,0,0,80228,3,0
0,0,0,0,13,29,19505,114168,0,0,0,0,0,72971,3,0
0,0,0,0,97,29,19506,114168,0,0,0,0,0,81792,3,0
0,0,0,0,1,0,19507,115202,0,0,0,0,0,248150,3,0
1,0,0,1,12,3,19508,115202,0,0,0,0,0,275682,3,0
0,0,0,0,82,4,19509,115202,0,0,0,0,0,265458,3,0
0,0,0,0,74,6,19510,115202,0,0,0,0,0,278192,3,0
1,0,0,1,80,7,19511,115202,0,0,0,0,0,271240,3,0
0,0,0,0,17,13,19512,115202,0,0,0,0,0,278941,3,0
0,0,0,0,4,14,19513,115202,0,0,0,0,0,259175,3,0
0,0,0,0,23,15,19514,115202,0,0,0,0,0,275687,3,0
1,0,0,1,6,17,19515,115202,0,0,0,0,0,266720,3,0
0,0,0,0,98,19,19516,115202,0,0,0,0,0,224358,3,0
0,0,0,0,29,25,19517,115202,0,0,0,0,0,74001,3,0
0,0,0,0,16,28,19518,115202,0,0,0,0,0,233525,3,0
1,0,0,1,25,28,19519,115202,0,0,0,0,1,74000,3,0
0,0,0,0,99,28,19520,115202,0,0,0,0,0,239872,3,0
0,0,0,0,97,28,19521,115202,0,0,0,0,0,81923,3,0
0,0,0,0,78,28,19522,115202,0,0,0,0,0,259562,3,0
0,0,0,0,44,28,19523,115202,0,0,0,0,0,253708,3,0
1,0,0,1,31,28,19524,115202,0,0,0,0,0,256305,3,0
0,0,0,0,35,28,19525,115202,0,0,0,0,0,73999,3,0
0,0,0,0,24,28,19526,115202,0,0,0,0,0,277229,3,0
0,0,0,0,30,28,19527,115202,0,0,0,0,0,77610,3,0
0,0,0,0,37,28,19528,115202,0,0,0,0,0,77189,3,0
0,0,0,0,38,28,19529,115202,0,0,0,0,0,83244,3,0
0,0,0,0,93,29,19530,115202,0,0,0,0,0,73064,3,0
0,0,0,0,94,29,19531,115202,0,0,0,0,0,73060,3,0
0,0,0,0,95,29,19532,115202,0,0,0,0,0,253722,3,0
0,0,0,0,96,29,19533,115202,0,0,0,0,0,253672,3,0
0,0,0,0,1,0,19534,132681,0,0,0,0,0,251742,3,0
0,0,0,0,2,3,19535,132681,0,0,0,0,0,251747,3,0
0,0,0,0,3,4,19536,132681,0,0,0,0,0,251722,3,0
0,0,0,0,4,6,19537,132681,0,0,0,0,0,251725,3,0
0,0,0,0,5,7,19538,132681,0,0,0,0,0,251743,3,0
0,0,0,0,6,9,19539,132681,0,0,0,0,0,251748,3,0
0,0,0,0,7,11,19540,132681,0,0,0,0,0,251745,3,0
0,0,0,0,8,12,19541,132681,0,0,0,0,0,251727,3,0
0,0,0,0,9,16,19542,132681,0,0,0,0,0,251721,3,0
0,0,0,0,10,18,19543,132681,0,0,0,0,0,251732,3,0
0,0,0,0,11,25,19544,132681,0,0,0,0,0,251723,3,0
0,0,0,0,14,28,19545,132681,0,0,0,0,0,251746,3,0
0,0,0,0,15,28,19546,132681,0,0,0,0,0,251738,3,0
0,0,0,0,13,28,19547,132681,0,0,0,0,0,251724,3,0
0,0,0,0,16,28,19548,132681,0,0,0,0,0,251737,3,0
0,0,0,0,12,28,19549,132681,0,0,0,0,0,251733,3,0
0,0,0,0,18,28,19550,132681,0,0,0,0,0,251744,3,0
0,0,0,0,17,28,19551,132681,0,0,0,0,0,251739,3,0
0,0,0,0,1,0,19552,115995,0,0,0,0,0,264899,3,0
2,0,0,0,7,3,19553,115995,0,0,0,0,0,247788,3,0
0,0,0,0,4,4,19554,115995,0,0,0,0,0,264886,4,0
3,0,0,0,2,6,19555,115995,0,0,0,0,0,247513,4,0
0,0,0,0,30,7,19556,115995,0,0,0,0,0,239344,3,0
4,0,0,1,31,9,19557,115995,0,0,0,0,0,243404,3,0
2,0,0,0,27,11,19558,115995,0,0,0,0,0,266933,3,0
4,0,0,1,10,12,19559,115995,0,0,0,0,0,239345,3,0
6,0,0,1,17,16,19560,115995,0,0,0,0,0,248822,4,0
7,0,0,1,21,18,19561,115995,0,0,0,0,0,259287,3,0
3,0,0,0,9,25,19562,115995,0,0,0,0,0,264890,3,0
1,0,0,0,5,28,19563,115995,0,0,0,0,0,226998,3,0
0,0,0,0,19,28,19564,115995,0,0,0,0,0,264994,3,0
1,0,0,0,20,28,19565,115995,0,0,0,0,0,270525,3,0
1,0,0,0,3,28,19566,115995,0,0,0,0,0,273168,3,0
0,0,0,0,32,28,19567,115995,0,0,0,0,0,271860,4,0
0,0,0,0,28,28,19568,115995,0,0,0,0,0,264933,3,0
7,0,0,1,18,28,19569,115995,0,0,0,0,0,70145,5,0
3,0,0,0,14,28,19570,115995,0,0,0,0,0,277039,3,0
0,0,0,0,29,28,19571,115995,0,0,0,0,0,277452,3,0
0,0,0,0,38,28,19572,115995,0,0,0,0,0,264908,3,0
0,0,0,0,33,28,19573,115995,0,0,0,0,0,75090,3,0
0,0,0,0,15,28,19574,115995,0,0,0,0,0,276519,3,0
0,0,0,0,34,29,19575,115995,0,0,0,0,0,265018,3,0
1,0,0,0,23,29,19576,115995,0,0,0,0,0,277278,3,0
0,0,0,0,25,29,19577,115995,0,0,0,0,0,264903,3,0
3,0,0,0,8,29,19578,115995,0,0,0,0,0,248717,3,0
0,0,0,0,27,0,19579,115996,0,0,0,0,0,264915,3,0
1,0,0,0,10,3,19580,115996,0,0,0,0,0,277264,4,0
0,0,0,0,2,4,19581,115996,0,0,0,0,0,265052,3,0
0,0,0,0,24,6,19582,115996,0,0,0,0,0,264924,3,0
1,0,0,0,37,7,19583,115996,0,0,0,0,0,265034,3,0
4,0,0,1,19,12,19584,115996,0,0,0,0,0,276507,4,0
0,0,0,0,16,13,19585,115996,0,0,0,0,0,264929,3,0
1,0,0,0,6,15,19586,115996,0,0,0,0,0,265042,4,0
2,0,0,1,11,16,19587,115996,0,0,0,0,0,264922,5,0
0,0,0,0,7,24,19588,115996,0,0,0,0,0,73014,3,0
11,1,0,1,21,26,19589,115996,0,0,0,1,0,265377,5,0
0,0,0,0,56,28,19590,115996,0,0,0,0,0,267885,2,0
1,0,0,0,5,28,19591,115996,0,0,0,0,0,79457,4,0
0,0,0,0,3,28,19592,115996,0,0,0,0,0,264926,3,0
0,0,0,0,18,28,19593,115996,0,0,0,0,0,279695,4,0
0,0,0,0,12,28,19594,115996,0,0,0,0,0,265076,3,0
0,0,0,0,22,28,19595,115996,0,0,0,0,0,76433,3,0
0,0,0,0,30,28,19596,115996,0,0,0,0,0,74806,3,0
2,0,0,1,9,28,19597,115996,0,0,0,0,0,73028,2,0
2,0,0,1,17,28,19598,115996,0,0,0,0,0,79454,2,0
0,0,0,0,31,28,19599,115996,0,0,0,0,0,75569,3,0
0,0,0,0,13,28,19600,115996,0,0,0,0,0,276937,3,0
0,0,0,0,41,28,19601,115996,0,0,0,0,0,79954,3,0
0,0,0,0,34,29,19602,115996,0,0,0,0,0,271830,3,0
0,0,0,0,42,29,19603,115996,0,0,0,0,0,81647,3,0
0,0,0,0,35,29,19604,115996,0,0,0,0,0,79953,3,0
0,0,0,0,29,29,19605,115996,0,0,0,0,0,83597,3,0
0,0,0,0,1,29,19606,115996,0,0,0,0,0,265118,3,0
0,0,0,0,28,29,19607,115996,0,0,0,0,0,73653,3,0
0,0,0,0,12,0,19608,115997,0,0,0,0,0,73714,3,0
0,0,0,0,17,3,19609,115997,0,0,0,0,0,264975,2,0
0,0,0,0,23,4,19610,115997,0,0,0,0,0,238470,2,0
4,0,0,1,13,6,19611,115997,0,0,0,0,0,226979,3,0
0,0,0,0,11,7,19612,115997,0,0,0,0,0,265121,3,0
4,0,0,1,27,23,19613,115997,0,0,0,0,0,265058,5,0
3,0,0,0,14,13,19614,115997,0,0,0,0,0,264936,3,0
1,0,0,0,8,14,19615,115997,0,0,0,0,0,264925,4,0
3,0,0,0,6,15,19616,115997,0,0,0,0,0,265035,3,0
8,0,0,1,19,27,19617,115997,0,0,0,0,0,264947,3,0
4,0,0,1,10,25,19618,115997,0,0,0,0,0,261773,5,0
0,0,0,0,26,28,19619,115997,0,0,0,0,0,272097,3,0
0,0,0,0,22,28,19620,115997,0,0,0,0,0,273405,3,0
0,0,0,0,16,28,19621,115997,0,0,0,0,0,273274,2,0
0,0,0,0,4,28,19622,115997,0,0,0,0,0,79451,3,0
0,0,0,0,21,28,19623,115997,0,0,0,0,0,79450,3,0
0,0,0,0,7,28,19624,115997,0,0,0,0,0,227137,3,0
0,0,0,0,9,28,19625,115997,0,0,0,0,0,261796,3,0
4,0,0,1,15,28,19626,115997,0,0,0,0,0,275904,3,0
5,0,0,1,28,28,19627,115997,0,0,0,0,0,264058,3,0
0,0,0,0,29,28,19628,115997,0,0,0,0,0,271404,3,0
0,0,0,0,3,28,19629,115997,0,0,0,0,0,275886,3,0
0,0,0,0,20,28,19630,115997,0,0,0,0,0,271405,3,0
0,0,0,0,25,29,19631,115997,0,0,0,0,0,277041,3,0
0,0,0,0,40,29,19632,115997,0,0,0,0,0,81627,3,0
0,0,0,0,1,29,19633,115997,0,0,0,0,0,265053,3,0
0,0,0,0,1,0,19634,115998,0,0,0,0,0,265054,2,0
0,0,0,0,39,3,19635,115998,0,0,0,0,0,265004,2,0
1,0,0,0,16,4,19636,115998,0,0,0,0,0,264934,2,0
1,0,0,0,3,6,19637,115998,0,0,0,0,0,265408,3,0
1,0,0,0,15,7,19638,115998,0,0,0,0,0,265409,3,0
3,0,0,1,25,23,19639,115998,0,0,0,0,0,265055,3,0
2,0,0,0,8,13,19640,115998,0,0,0,0,0,247790,3,0
3,0,0,1,6,15,19641,115998,0,0,0,0,0,265063,3,0
8,0,0,1,9,27,19642,115998,0,0,0,0,0,240717,5,0
1,0,0,0,10,18,19643,115998,0,0,0,0,0,227337,3,0
10,1,0,1,11,25,19644,115998,0,0,0,0,0,226302,2,0
2,0,0,0,18,28,19645,115998,0,0,0,0,0,73027,3,0
0,0,0,0,2,28,19646,115998,0,0,0,0,0,270329,3,0
0,0,0,0,4,28,19647,115998,0,0,0,0,0,257530,2,0
0,0,0,0,24,28,19648,115998,0,0,0,0,0,241847,3,0
0,0,0,0,21,28,19649,115998,0,0,0,0,0,264999,3,0
3,0,0,1,5,28,19650,115998,0,0,0,0,0,76201,2,0
2,0,0,0,14,28,19651,115998,0,0,0,0,0,79449,3,0
6,0,0,1,19,28,19652,115998,0,0,0,0,0,264864,3,0
3,0,0,1,28,28,19653,115998,0,0,0,0,0,265057,3,0
0,0,0,0,22,28,19654,115998,0,0,0,0,0,79447,3,0
1,0,0,0,20,28,19655,115998,0,0,0,0,0,265421,3,0
0,0,0,0,33,28,19656,115998,0,0,0,0,0,75566,1,0
0,0,0,0,12,29,19657,115998,0,0,0,0,0,80167,3,0
0,0,0,0,13,29,19658,115998,0,0,0,0,0,73237,3,0
0,0,0,0,38,29,19659,115998,0,0,0,0,0,78843,3,0
0,0,0,0,35,29,19660,115998,0,0,0,0,0,70830,3,0
0,0,0,0,41,29,19661,115998,0,0,0,0,0,81642,3,0
0,0,0,0,1,0,19662,115999,0,0,0,0,0,264995,4,0
0,0,0,0,9,3,19663,115999,0,0,0,0,0,268451,5,0
0,0,0,0,6,4,19664,115999,0,0,0,0,0,274847,5,0
0,0,0,0,14,6,19665,115999,0,0,0,0,0,265703,5,0
0,0,0,0,4,7,19666,115999,0,0,0,0,0,272657,3,0
0,0,0,0,24,12,19667,115999,0,0,0,0,0,261810,3,0
4,0,0,1,18,13,19668,115999,0,0,0,0,0,80770,3,0
2,0,0,1,17,15,19669,115999,0,0,0,0,0,264988,3,0
0,0,0,0,16,16,19670,115999,0,0,0,0,0,264982,3,0
2,0,0,1,19,24,19671,115999,0,0,0,0,0,274850,3,0
10,1,0,1,29,26,19672,115999,0,0,0,0,0,265025,3,0
1,0,0,1,20,28,19673,115999,0,0,0,0,0,79516,4,0
0,0,0,0,13,28,19674,115999,0,0,0,0,0,79519,3,0
1,0,0,1,5,28,19675,115999,0,0,0,0,0,264830,3,0
1,0,0,1,23,28,19676,115999,0,0,0,0,0,273567,3,0
0,0,0,0,21,28,19677,115999,0,0,0,0,0,73575,3,0
0,0,0,0,26,28,19678,115999,0,0,0,0,0,78273,3,0
0,0,0,0,8,28,19679,115999,0,0,0,0,0,75279,3,0
0,0,0,0,7,28,19680,115999,0,0,0,0,0,79520,3,0
0,0,0,0,25,28,19681,115999,0,0,0,0,0,83650,3,0
0,0,0,0,27,28,19682,115999,0,0,0,0,0,79517,3,0
0,0,0,0,3,28,19683,115999,0,0,0,0,0,83108,3,0
0,0,0,0,30,28,19684,115999,0,0,0,0,0,77158,3,0
0,0,0,0,39,29,19685,115999,0,0,0,0,0,82134,3,0
0,0,0,0,37,29,19686,115999,0,0,0,0,0,82179,3,0
0,0,0,0,28,29,19687,115999,0,0,0,0,0,77159,3,0
1,0,0,1,11,29,19688,115999,0,0,0,0,0,79518,3,0
0,0,0,0,34,29,19689,115999,0,0,0,0,0,81798,3,0
0,0,0,0,22,29,19690,115999,0,0,0,0,0,74803,3,0
0,0,0,0,1,0,19691,116001,0,0,0,0,0,265043,1,0
0,0,0,0,18,3,19692,116001,0,0,0,0,0,265047,2,0
2,0,0,1,8,4,19693,116001,0,0,0,0,0,271837,2,0
0,0,0,0,16,6,19694,116001,0,0,0,0,0,265039,2,0
0,0,0,0,5,7,19695,116001,0,0,0,0,0,271819,1,0
3,0,0,1,25,9,19696,116001,0,0,0,0,0,73017,3,0
0,0,0,0,31,11,19697,116001,0,0,0,0,0,264991,3,0
0,0,0,0,19,12,19698,116001,0,0,0,0,0,265033,3,0
0,0,0,0,11,16,19699,116001,0,0,0,0,0,265046,3,0
2,0,0,1,10,18,19700,116001,0,0,0,0,0,272338,3,0
2,0,0,1,9,25,19701,116001,0,0,0,0,0,272340,3,0
1,0,0,1,14,28,19702,116001,0,0,0,0,0,261792,2,0
0,0,0,0,23,28,19703,116001,0,0,0,0,0,265041,3,0
0,0,0,0,2,28,19704,116001,0,0,0,0,0,74794,3,0
0,0,0,0,15,28,19705,116001,0,0,0,0,0,265045,3,0
0,0,0,0,21,28,19706,116001,0,0,0,0,0,79727,3,0
0,0,0,0,6,28,19707,116001,0,0,0,0,0,73242,3,0
0,0,0,0,28,28,19708,116001,0,0,0,0,0,70546,3,0
0,0,0,0,13,28,19709,116001,0,0,0,0,0,265049,2,0
0,0,0,0,35,28,19710,116001,0,0,0,0,0,83656,3,0
0,0,0,0,24,28,19711,116001,0,0,0,0,0,276941,3,0
0,0,0,0,26,28,19712,116001,0,0,0,0,0,75094,1,0
0,0,0,0,12,28,19713,116001,0,0,0,0,0,81392,3,0
0,0,0,0,22,29,19714,116001,0,0,0,0,0,81854,3,0
1,0,0,1,17,29,19715,116001,0,0,0,0,0,82178,3,0
0,0,0,0,27,29,19716,116001,0,0,0,0,0,81797,3,0
1,0,0,1,20,29,19717,116001,0,0,0,0,0,74791,2,0
0,0,0,0,3,29,19718,116001,0,0,0,0,0,75165,3,0
0,0,0,0,7,29,19719,116001,0,0,0,0,0,276505,3,0
0,0,0,0,1,0,19720,116002,0,0,0,0,0,227330,4,0
0,0,0,0,19,3,19721,116002,0,0,0,0,0,265075,3,0
0,0,0,0,24,4,19722,116002,0,0,0,0,0,269661,4,0
1,0,0,0,5,6,19723,116002,0,0,0,0,0,273403,5,0
2,0,0,0,2,7,19724,116002,0,0,0,0,0,265069,4,0
0,0,0,0,4,10,19725,116002,0,0,0,0,0,265073,4,0
0,0,0,0,22,12,19726,116002,0,0,0,0,0,265070,3,0
1,0,0,0,15,14,19727,116002,0,0,0,0,0,72333,3,0
3,0,0,1,10,16,19728,116002,0,0,0,0,0,271839,4,0
5,0,0,1,23,24,19729,116002,0,0,0,0,0,265145,3,0
4,0,0,1,9,26,19730,116002,0,0,0,0,0,265080,4,0
1,0,0,0,6,28,19731,116002,0,0,0,0,0,73026,2,0
0,0,0,0,16,28,19732,116002,0,0,0,0,0,265060,3,0
0,0,0,0,26,28,19733,116002,0,0,0,0,0,265083,3,0
0,0,0,0,18,28,19734,116002,0,0,0,0,0,79483,3,0
0,0,0,0,33,28,19735,116002,0,0,0,0,0,272342,3,0
1,0,0,0,8,28,19736,116002,0,0,0,0,0,271845,3,0
3,0,0,1,7,28,19737,116002,0,0,0,0,0,74580,3,0
5,0,0,1,20,28,19738,116002,0,0,0,0,0,275849,2,0
0,0,0,0,31,28,19739,116002,0,0,0,0,0,74889,3,0
0,0,0,0,32,28,19740,116002,0,0,0,0,0,265172,3,0
0,0,0,0,27,28,19741,116002,0,0,0,0,0,277040,3,0
0,0,0,0,3,28,19742,116002,0,0,0,0,0,266404,3,0
0,0,0,0,1,0,19743,116003,0,0,0,0,0,244301,3,0
0,0,0,0,20,3,19744,116003,0,0,0,0,0,264930,3,0
1,0,0,1,4,4,19745,116003,0,0,0,0,0,265023,3,0
0,0,0,0,33,6,19746,116003,0,0,0,0,0,248715,3,0
2,0,0,1,26,7,19747,116003,0,0,0,0,0,271788,2,0
0,0,0,0,10,12,19748,116003,0,0,0,0,0,265102,3,0
1,0,0,1,9,13,19749,116003,0,0,0,0,0,265082,4,0
1,0,0,1,27,15,19750,116003,0,0,0,0,0,264940,3,0
0,0,0,0,25,16,19751,116003,0,0,0,0,0,265091,3,0
9,1,0,1,6,24,19752,116003,0,0,0,0,0,279523,2,0
3,0,0,1,11,26,19753,116003,0,0,0,0,0,226355,3,0
0,0,0,0,5,28,19754,116003,0,0,0,0,0,264985,2,0
0,0,0,0,21,28,19755,116003,0,0,0,0,0,265007,2,0
1,0,0,1,8,28,19756,116003,0,0,0,0,0,271952,3,0
1,0,0,1,14,28,19757,116003,0,0,0,0,0,276480,3,0
0,0,0,0,34,28,19758,116003,0,0,0,0,0,81335,2,0
0,0,0,0,17,28,19759,116003,0,0,0,0,0,272274,3,0
0,0,0,0,16,28,19760,116003,0,0,0,0,0,80337,3,0
0,0,0,0,19,28,19761,116003,0,0,0,0,0,264914,3,0
0,0,0,0,7,28,19762,116003,0,0,0,0,0,73021,3,0
0,0,0,0,15,28,19763,116003,0,0,0,0,0,73652,3,0
0,0,0,0,13,28,19764,116003,0,0,0,0,0,79728,3,0
0,0,0,0,24,28,19765,116003,0,0,0,0,0,265036,3,0
0,0,0,0,22,29,19766,116003,0,0,0,0,0,75424,3,0
0,0,0,0,29,29,19767,116003,0,0,0,0,0,265006,3,0
0,0,0,0,30,29,19768,116003,0,0,0,0,0,79521,3,0
0,0,0,0,23,29,19769,116003,0,0,0,0,0,244890,3,0
0,0,0,0,18,29,19770,116003,0,0,0,0,0,73025,3,0
0,0,0,0,12,29,19771,116003,0,0,0,0,0,276842,3,0
0,0,0,0,39,0,19772,116004,0,0,0,0,0,73717,4,0
0,0,0,0,15,3,19773,116004,0,0,0,0,0,265120,3,0
0,0,0,0,23,4,19774,116004,0,0,0,0,0,271784,5,0
1,0,0,1,5,6,19775,116004,0,0,0,0,0,265119,4,0
0,0,0,0,2,7,19776,116004,0,0,0,0,0,79524,4,0
1,0,0,1,8,12,19777,116004,0,0,0,0,0,264907,3,0
0,0,0,0,28,13,19778,116004,0,0,0,0,0,264921,4,0
0,0,0,0,18,15,19779,116004,0,0,0,0,0,265116,4,0
0,0,0,0,31,16,19780,116004,0,0,0,0,0,264931,3,0
9,1,0,1,7,24,19781,116004,0,0,0,0,0,73023,4,0
5,0,0,1,9,26,19782,116004,0,0,0,0,0,265382,2,0
0,0,0,0,13,28,19783,116004,0,0,0,0,0,265123,3,0
0,0,0,0,19,28,19784,116004,0,0,0,0,0,264949,3,0
0,0,0,0,22,28,19785,116004,0,0,0,0,0,265124,3,0
0,0,0,0,24,28,19786,116004,0,0,0,0,0,265014,3,0
0,0,0,0,1,28,19787,116004,0,0,0,0,0,265028,3,0
0,0,0,0,27,28,19788,116004,0,0,0,0,0,265101,3,0
0,0,0,0,37,28,19789,116004,0,0,0,0,0,274846,2,0
0,0,0,0,20,28,19790,116004,0,0,0,0,0,227734,3,0
3,0,0,1,11,28,19791,116004,0,0,0,0,0,265117,2,0
0,0,0,0,30,28,19792,116004,0,0,0,0,0,79522,3,0
0,0,0,0,32,28,19793,116004,0,0,0,0,0,83655,3,0
0,0,0,0,33,28,19794,116004,0,0,0,0,0,75933,3,0
0,0,0,0,29,29,19795,116004,0,0,0,0,0,271787,3,0
0,0,0,0,26,29,19796,116004,0,0,0,0,0,83602,3,0
0,0,0,0,14,29,19797,116004,0,0,0,0,0,265166,3,0
0,0,0,0,21,29,19798,116004,0,0,0,0,0,264910,3,0
0,0,0,0,10,29,19799,116004,0,0,0,0,0,265126,3,0
0,0,0,0,1,0,19800,116005,0,0,0,0,0,72562,3,0
1,0,0,1,31,3,19801,116005,0,0,0,0,0,73715,3,0
0,0,0,0,8,4,19802,116005,0,0,0,0,0,74954,3,0
0,0,0,0,3,5,19803,116005,0,0,0,0,0,272283,3,0
0,0,0,0,20,6,19804,116005,0,0,0,0,0,75092,3,0
0,0,0,0,23,7,19805,116005,0,0,0,0,0,72477,3,0
1,0,0,1,10,10,19806,116005,0,0,0,0,0,72475,3,0
1,0,0,1,16,13,19807,116005,0,0,0,0,0,265144,3,0
1,0,0,1,25,15,19808,116005,0,0,0,0,0,265168,3,0
4,0,0,1,24,24,19809,116005,0,0,0,0,0,272284,3,0
2,0,0,1,17,26,19810,116005,0,0,0,0,0,79730,3,0
0,0,0,0,27,28,19811,116005,0,0,0,0,0,73573,3,0
0,0,0,0,14,28,19812,116005,0,0,0,0,0,265128,3,0
0,0,0,0,4,28,19813,116005,0,0,0,0,0,265359,3,0
0,0,0,0,5,28,19814,116005,0,0,0,0,0,72448,3,0
0,0,0,0,13,28,19815,116005,0,0,0,0,0,271786,3,0
0,0,0,0,30,28,19816,116005,0,0,0,0,0,275528,3,0
0,0,0,0,7,28,19817,116005,0,0,0,0,0,266406,3,0
1,0,0,1,6,28,19818,116005,0,0,0,0,0,79729,3,0
0,0,0,0,11,28,19819,116005,0,0,0,0,0,265137,3,0
1,0,0,1,28,28,19820,116005,0,0,0,0,0,72479,3,0
0,0,0,0,2,28,19821,116005,0,0,0,0,0,72474,3,0
0,0,0,0,15,28,19822,116005,0,0,0,0,0,83492,3,0
0,0,0,0,29,29,19823,116005,0,0,0,0,0,82360,3,0
0,0,0,0,9,29,19824,116005,0,0,0,0,0,83302,3,0
0,0,0,0,19,29,19825,116005,0,0,0,0,0,72476,3,0
0,0,0,0,22,29,19826,116005,0,0,0,0,0,73022,3,0
0,0,0,0,1,0,19827,116021,0,0,0,0,0,265086,3,0
1,0,0,0,20,4,19828,116021,0,0,0,0,0,265385,5,0
0,0,0,0,3,5,19829,116021,0,0,0,0,0,79726,3,0
0,0,0,0,5,6,19830,116021,0,0,0,0,0,276502,3,0
2,0,0,1,11,12,19831,116021,0,0,0,0,0,78685,3,0
3,0,0,1,16,13,19832,116021,0,0,0,0,0,273563,3,0
1,0,0,0,13,15,19833,116021,0,0,0,0,0,262089,4,0
2,0,0,1,14,16,19834,116021,0,0,0,0,0,267389,3,0
1,0,0,0,10,17,19835,116021,0,0,0,0,0,265010,5,0
4,0,0,1,8,19,19836,116021,0,0,0,0,0,76199,3,0
1,0,0,0,17,25,19837,116021,0,0,0,0,0,277263,2,0
0,0,0,0,6,28,19838,116021,0,0,0,0,0,265896,3,0
0,0,0,0,26,28,19839,116021,0,0,0,0,0,265016,3,0
1,0,0,0,24,28,19840,116021,0,0,0,0,0,79725,2,0
0,0,0,0,33,28,19841,116021,0,0,0,0,0,82687,3,0
0,0,0,0,28,28,19842,116021,0,0,0,0,0,264997,3,0
3,0,0,1,27,28,19843,116021,0,0,0,0,0,265378,2,0
0,0,0,0,4,28,19844,116021,0,0,0,0,0,71677,3,0
0,0,0,0,9,28,19845,116021,0,0,0,0,0,79724,3,0
0,0,0,0,23,28,19846,116021,0,0,0,0,0,274510,3,0
0,0,0,0,29,28,19847,116021,0,0,0,0,0,79723,3,0
1,0,0,0,21,28,19848,116021,0,0,0,0,0,272482,3,0
0,0,0,0,30,28,19849,116021,0,0,0,0,0,264923,3,0
0,0,0,0,25,29,19850,116021,0,0,0,0,0,71303,3,0
2,0,0,1,7,29,19851,116021,0,0,0,0,0,265059,3,0
0,0,0,0,25,0,19852,131386,0,0,0,0,0,275889,1,0
1,0,0,1,18,3,19853,131386,0,0,0,0,0,275533,2,0
1,0,0,1,27,4,19854,131386,0,0,0,0,0,267179,1,0
1,0,0,1,15,6,19855,131386,0,0,0,0,0,275895,1,0
0,0,0,0,22,7,19856,131386,0,0,0,0,0,264920,3,0
2,0,0,1,19,12,19857,131386,0,0,0,0,0,79626,3,0
0,0,0,0,8,13,19858,131386,0,0,0,0,0,271868,3,0
1,0,0,1,4,15,19859,131386,0,0,0,0,0,275525,2,0
8,0,0,1,24,16,19860,131386,0,0,0,0,0,275760,3,0
1,0,0,1,20,24,19861,131386,0,0,0,0,0,78844,3,0
2,0,0,1,26,26,19862,131386,0,0,0,0,0,80460,2,0
0,0,0,0,12,28,19863,131386,0,0,0,0,0,275527,3,0
0,0,0,0,3,28,19864,131386,0,0,0,0,0,78820,1,0
1,0,0,1,2,28,19865,131386,0,0,0,0,0,78840,3,0
0,0,0,0,6,28,19866,131386,0,0,0,0,0,276939,3,0
0,0,0,0,31,28,19867,131386,0,0,0,0,0,277300,3,0
1,0,0,1,17,28,19868,131386,0,0,0,0,0,79633,3,0
4,0,0,1,21,28,19869,131386,0,0,0,0,0,73655,3,0
0,0,0,0,9,28,19870,131386,0,0,0,0,0,79630,2,0
0,0,0,0,11,28,19871,131386,0,0,0,0,0,78842,2,0
0,0,0,0,5,28,19872,131386,0,0,0,0,0,264912,1,0
0,0,0,0,16,28,19873,131386,0,0,0,0,0,83658,3,0
0,0,0,0,28,28,19874,131386,0,0,0,0,0,271598,3,0
0,0,0,0,29,29,19875,131386,0,0,0,0,0,80116,3,0
0,0,0,0,23,29,19876,131386,0,0,0,0,0,83657,3,0
0,0,0,0,10,29,19877,131386,0,0,0,0,0,271406,3,0
0,0,0,0,14,29,19878,131386,0,0,0,0,0,277299,3,0
0,0,0,0,25,0,19879,132533,0,0,0,0,0,275523,3,0
0,0,0,0,31,3,19880,132533,0,0,0,0,0,265064,3,0
0,0,0,0,39,4,19881,132533,0,0,0,0,0,265051,3,0
3,0,0,1,8,5,19882,132533,0,0,0,0,0,78682,4,0
0,0,0,0,20,6,19883,132533,0,0,0,0,0,78687,3,0
0,0,0,0,29,7,19884,132533,0,0,0,0,0,78782,3,0
0,0,0,0,27,10,19885,132533,0,0,0,0,0,79732,2,0
0,0,0,0,28,13,19886,132533,0,0,0,0,0,78689,3,0
0,0,0,0,10,15,19887,132533,0,0,0,0,0,78684,3,0
5,0,0,1,22,24,19888,132533,0,0,0,0,0,79734,3,0
3,0,0,1,11,26,19889,132533,0,0,0,0,0,79221,2,0
0,0,0,0,26,28,19890,132533,0,0,0,0,0,78780,3,0
0,0,0,0,13,28,19891,132533,0,0,0,0,0,276848,3,0
1,0,0,1,6,28,19892,132533,0,0,0,0,0,78677,3,0
0,0,0,0,15,28,19893,132533,0,0,0,0,0,79735,3,0
0,0,0,0,33,28,19894,132533,0,0,0,0,0,79733,3,0
0,0,0,0,7,28,19895,132533,0,0,0,0,0,272298,3,0
0,0,0,0,17,28,19896,132533,0,0,0,0,0,265074,3,0
1,0,0,1,19,28,19897,132533,0,0,0,0,0,78691,1,0
1,0,0,1,16,28,19898,132533,0,0,0,0,0,265107,3,0
0,0,0,0,1,28,19899,132533,0,0,0,0,0,265138,3,0
0,0,0,0,2,28,19900,132533,0,0,0,0,0,265897,2,0
0,0,0,0,4,28,19901,132533,0,0,0,0,0,83463,3,0
1,0,0,1,32,29,19902,132533,0,0,0,0,0,78694,3,0
0,0,0,0,9,29,19903,132533,0,0,0,0,0,78683,3,0
0,0,0,0,37,29,19904,132533,0,0,0,0,0,276506,3,0
0,0,0,0,24,29,19905,132533,0,0,0,0,0,78692,3,0
0,0,0,0,44,29,19906,132533,0,0,0,0,0,275989,3,0
0,0,0,0,47,29,19907,132533,0,0,0,0,0,83455,2,0
0,0,0,0,18,29,19908,132533,0,0,0,0,0,272293,3,0
0,0,0,0,23,29,19909,132533,0,0,0,0,0,265029,3,0
0,0,0,0,30,29,19910,132533,0,0,0,0,0,78690,3,0
0,0,0,0,21,29,19911,132533,0,0,0,0,0,78679,3,0
0,0,0,0,14,29,19912,132533,0,0,0,0,0,78678,3,0
0,0,0,0,1,0,19913,132589,0,0,0,0,0,264935,3,0
0,0,0,0,21,3,19914,132589,0,0,0,0,0,265129,3,0
1,0,0,1,19,4,19915,132589,0,0,0,0,0,265079,3,0
1,0,0,1,5,6,19916,132589,0,0,0,0,0,78596,3,0
0,0,0,0,17,7,19917,132589,0,0,0,0,0,264992,3,0
1,0,0,1,29,23,19918,132589,0,0,0,0,0,271864,3,0
1,0,0,1,27,13,19919,132589,0,0,0,0,0,265383,3,0
0,0,0,0,31,15,19920,132589,0,0,0,0,0,264954,2,0
3,0,0,1,11,27,19921,132589,0,0,0,0,0,265009,1,0
5,0,0,1,7,18,19922,132589,0,0,0,0,0,78602,5,0
4,0,0,1,9,25,19923,132589,0,0,0,0,0,265026,3,0
0,0,0,0,6,28,19924,132589,0,0,0,0,0,78601,3,0
0,0,0,0,77,28,19925,132589,0,0,0,0,0,272288,3,0
0,0,0,0,16,28,19926,132589,0,0,0,0,0,265164,3,0
0,0,0,0,24,28,19927,132589,0,0,0,0,0,265159,3,0
0,0,0,0,28,28,19928,132589,0,0,0,0,0,79731,3,0
0,0,0,0,42,28,19929,132589,0,0,0,0,0,78605,3,0
0,0,0,0,20,28,19930,132589,0,0,0,0,0,264943,3,0
4,0,0,1,10,28,19931,132589,0,0,0,0,0,279693,5,0
0,0,0,0,23,28,19932,132589,0,0,0,0,0,275534,3,0
0,0,0,0,32,28,19933,132589,0,0,0,0,0,264966,3,0
1,0,0,1,25,28,19934,132589,0,0,0,0,0,78599,3,0
0,0,0,0,26,28,19935,132589,0,0,0,0,0,261793,2,0
0,0,0,0,3,29,19936,132589,0,0,0,0,0,82959,3,0
1,0,0,1,41,29,19937,132589,0,0,0,0,0,82962,5,0
0,0,0,0,15,29,19938,132589,0,0,0,0,0,81334,3,0
0,0,0,0,37,29,19939,132589,0,0,0,0,0,81853,3,0
0,0,0,0,8,29,19940,132589,0,0,0,0,0,276849,3,0
0,0,0,0,14,29,19941,132589,0,0,0,0,0,261799,3,0
1,0,0,1,2,29,19942,132589,0,0,0,0,0,75329,3,0
0,0,0,0,4,29,19943,132589,0,0,0,0,0,266399,3,0
0,0,0,0,28,0,19944,116009,0,0,0,0,0,265106,4,0
0,0,0,0,2,3,19945,116009,0,0,0,0,0,248343,5,0
0,0,0,0,3,4,19946,116009,0,0,0,0,0,263013,5,0
0,0,0,0,7,6,19947,116009,0,0,0,0,0,227119,5,0
1,0,0,0,11,7,19948,116009,0,0,0,0,0,265239,5,0
1,0,0,0,9,12,19949,116009,0,0,0,0,0,245802,5,0
0,0,0,0,10,13,19950,116009,0,0,0,0,0,245872,5,0
2,0,0,1,8,15,19951,116009,0,0,0,0,0,237288,5,0
1,0,0,0,19,16,19952,116009,0,0,0,0,0,227110,4,0
3,0,0,1,12,18,19953,116009,0,0,0,0,0,239761,3,0
5,1,0,1,23,25,19954,116009,0,0,0,0,0,258980,5,0
5,1,0,1,25,28,19955,116009,0,0,0,0,0,233364,4,0
2,0,0,1,18,28,19956,116009,0,0,0,0,0,257001,3,0
0,0,0,0,32,28,19957,116009,0,0,0,0,0,262866,3,0
0,0,0,0,24,28,19958,116009,0,0,0,0,0,266915,3,0
0,0,0,0,40,28,19959,116009,0,0,0,0,0,276298,3,0
3,0,0,1,15,28,19960,116009,0,0,0,0,0,276552,3,0
0,0,0,0,21,28,19961,116009,0,0,0,0,0,244064,3,0
0,0,0,0,31,28,19962,116009,0,0,0,0,0,80053,3,0
1,0,0,0,59,28,19963,116009,0,0,0,0,0,276299,3,0
0,0,0,0,5,28,19964,116009,0,0,0,0,0,266949,3,0
0,0,0,0,1,28,19965,116009,0,0,0,0,0,265242,3,0
0,0,0,0,14,28,19966,116009,0,0,0,0,0,258680,3,0
0,0,0,0,26,29,19967,116009,0,0,0,0,0,71131,3,0
0,0,0,0,6,29,19968,116009,0,0,0,0,0,246426,3,0
0,0,0,0,24,0,19969,116010,0,0,0,0,0,263009,1,0
1,0,0,0,2,3,19970,116010,0,0,0,0,0,240030,1,0
0,0,0,0,14,4,19971,116010,0,0,0,0,0,247461,3,0
0,0,0,0,4,6,19972,116010,0,0,0,0,0,238257,1,0
0,0,0,0,21,7,19973,116010,0,0,0,0,0,263007,3,0
1,0,0,0,30,9,19974,116010,0,0,0,0,0,242830,2,0
1,0,0,0,8,11,19975,116010,0,0,0,0,0,245882,2,0
5,1,0,1,12,12,19976,116010,0,0,0,0,0,273466,5,0
3,0,0,1,17,16,19977,116010,0,0,0,0,0,261733,2,0
2,0,0,1,18,18,19978,116010,0,0,0,0,0,276285,1,0
4,0,0,1,33,25,19979,116010,0,0,0,0,0,270407,3,0
2,0,0,1,20,28,19980,116010,0,0,0,0,0,227125,3,0
0,0,0,0,11,28,19981,116010,0,0,0,0,0,227323,3,0
1,0,0,0,10,28,19982,116010,0,0,0,0,0,265249,2,0
0,0,0,0,9,28,19983,116010,0,0,0,0,0,262330,3,0
0,0,0,0,1,28,19984,116010,0,0,0,0,0,273411,3,0
0,0,0,0,6,28,19985,116010,0,0,0,0,0,262093,3,0
0,0,0,0,22,28,19986,116010,0,0,0,0,0,227246,3,0
1,0,0,0,19,28,19987,116010,0,0,0,0,0,241491,3,0
0,0,0,0,16,28,19988,116010,0,0,0,0,0,267382,1,0
0,0,0,0,7,28,19989,116010,0,0,0,0,0,272001,3,0
0,0,0,0,5,28,19990,116010,0,0,0,0,0,75108,1,0
0,0,0,0,32,28,19991,116010,0,0,0,0,0,74741,3,0
0,0,0,0,38,29,19992,116010,0,0,0,0,0,265254,3,0
0,0,0,0,26,29,19993,116010,0,0,0,0,0,227383,3,0
0,0,0,0,34,29,19994,116010,0,0,0,0,0,275457,3,0
0,0,0,0,1,0,19995,116011,0,0,0,0,0,244058,2,0
0,0,0,0,12,3,19996,116011,0,0,0,0,0,76998,4,0
0,0,0,0,15,4,19997,116011,0,0,0,0,0,274644,3,0
1,0,0,1,32,6,19998,116011,0,0,0,0,0,79410,4,0
0,0,0,0,6,7,19999,116011,0,0,0,0,0,266939,3,0
2,0,0,1,25,9,20000,116011,0,0,0,0,0,266598,5,0
0,0,0,0,24,11,20001,116011,0,0,0,0,0,265246,2,0
1,0,0,1,13,12,20002,116011,0,0,0,0,0,279885,4,0
4,0,0,1,11,16,20003,116011,0,0,0,0,0,273177,5,0
4,0,0,1,9,18,20004,116011,0,0,0,0,0,256489,2,0
4,0,0,1,19,25,20005,116011,0,0,0,0,0,75725,3,0
1,0,0,1,38,28,20006,116011,0,0,0,0,0,273520,3,0
0,0,0,0,34,28,20007,116011,0,0,0,0,0,75726,3,0
0,0,0,0,14,28,20008,116011,0,0,0,0,0,82995,3,0
0,0,0,0,5,28,20009,116011,0,0,0,0,0,265262,3,0
0,0,0,0,27,28,20010,116011,0,0,0,0,0,265255,3,0
1,0,0,1,20,28,20011,116011,0,0,0,0,0,277966,3,0
0,0,0,0,16,28,20012,116011,0,0,0,0,0,265261,3,0
0,0,0,0,31,28,20013,116011,0,0,0,0,0,276726,3,0
0,0,0,0,30,28,20014,116011,0,0,0,0,0,72578,3,0
0,0,0,0,22,28,20015,116011,0,0,0,0,0,77575,3,0
0,0,0,0,33,28,20016,116011,0,0,0,0,0,264233,2,0
0,0,0,0,7,28,20017,116011,0,0,0,0,0,265258,3,0
0,0,0,0,10,29,20018,116011,0,0,0,0,0,262458,3,0
0,0,0,0,21,29,20019,116011,0,0,0,0,0,264998,3,0
0,0,0,0,2,29,20020,116011,0,0,0,0,0,262868,3,0
0,0,0,0,4,29,20021,116011,0,0,0,0,0,228081,3,0
0,0,0,0,3,29,20022,116011,0,0,0,0,0,74754,3,0
0,0,0,0,91,0,20023,116012,0,0,0,0,0,267212,2,0
1,0,0,0,14,3,20024,116012,0,0,0,0,0,250751,4,0
1,0,0,0,4,4,20025,116012,0,0,0,0,0,265293,3,0
1,0,0,0,17,6,20026,116012,0,0,0,0,0,233756,2,0
3,0,0,1,12,7,20027,116012,0,0,0,0,0,227013,4,0
1,0,0,0,20,9,20028,116012,0,0,0,0,0,273227,3,0
1,0,0,0,18,11,20029,116012,0,0,0,0,0,247477,5,0
5,1,0,1,8,12,20030,116012,0,0,0,0,0,265340,4,0
5,1,0,1,9,16,20031,116012,0,0,0,0,0,258706,2,0
3,0,0,1,7,18,20032,116012,0,0,0,0,0,263011,3,0
4,0,0,1,10,25,20033,116012,0,0,0,0,0,266254,2,0
0,0,0,0,24,28,20034,116012,0,0,0,0,0,244302,3,0
0,0,0,0,15,28,20035,116012,0,0,0,0,0,264896,3,0
1,0,0,0,5,28,20036,116012,0,0,0,0,0,272114,3,0
1,0,0,0,2,28,20037,116012,0,0,0,0,0,275942,2,0
0,0,0,0,39,28,20038,116012,0,0,0,0,0,273838,3,0
0,0,0,0,28,28,20039,116012,0,0,0,0,0,265263,3,0
0,0,0,0,3,28,20040,116012,0,0,0,0,0,266551,3,0
3,0,0,1,16,28,20041,116012,0,0,0,0,0,268475,5,0
0,0,0,0,19,28,20042,116012,0,0,0,0,0,78100,3,0
0,0,0,0,13,28,20043,116012,0,0,0,0,0,275980,3,0
0,0,0,0,36,28,20044,116012,0,0,0,0,0,77784,3,0
0,0,0,0,1,28,20045,116012,0,0,0,0,0,76426,3,0
0,0,0,0,11,29,20046,116012,0,0,0,0,0,265275,3,0
0,0,0,0,37,29,20047,116012,0,0,0,0,0,277508,3,0
0,0,0,0,21,29,20048,116012,0,0,0,0,0,263012,3,0
0,0,0,0,25,29,20049,116012,0,0,0,0,0,266503,3,0
0,0,0,0,1,0,20050,116013,0,0,0,0,0,246641,2,0
0,0,0,0,27,3,20051,116013,0,0,0,0,0,266393,3,0
0,0,0,0,3,4,20052,116013,0,0,0,0,0,247805,2,0
1,0,0,1,18,6,20053,116013,0,0,0,0,0,76693,3,0
2,0,0,1,19,7,20054,116013,0,0,0,0,0,265705,3,0
1,0,0,1,10,9,20055,116013,0,0,0,0,0,271568,4,0
0,0,0,0,8,11,20056,116013,0,0,0,0,0,265292,4,0
5,1,0,1,11,12,20057,116013,0,0,0,0,0,275923,4,0
2,0,0,1,6,16,20058,116013,0,0,0,0,0,74404,3,0
2,0,0,1,14,18,20059,116013,0,0,0,0,0,227255,3,0
0,0,0,0,22,25,20060,116013,0,0,0,0,0,268996,3,0
1,0,0,1,21,28,20061,116013,0,0,0,0,0,276846,3,0
0,0,0,0,15,28,20062,116013,0,0,0,0,0,275969,3,0
1,0,0,1,5,28,20063,116013,0,0,0,0,0,265850,3,0
0,0,0,0,33,28,20064,116013,0,0,0,0,0,265691,3,0
0,0,0,0,32,28,20065,116013,0,0,0,0,0,265279,3,0
0,0,0,0,7,28,20066,116013,0,0,0,0,0,74729,3,0
1,0,0,1,29,28,20067,116013,0,0,0,0,0,81413,3,0
0,0,0,0,23,28,20068,116013,0,0,0,0,0,74738,3,0
0,0,0,0,17,28,20069,116013,0,0,0,0,0,74739,3,0
0,0,0,0,25,28,20070,116013,0,0,0,0,0,266590,3,0
0,0,0,0,46,28,20071,116013,0,0,0,0,0,76576,3,0
0,0,0,0,20,28,20072,116013,0,0,0,0,0,83112,3,0
0,0,0,0,2,29,20073,116013,0,0,0,0,0,272208,3,0
0,0,0,0,1,0,20074,116014,0,0,0,0,0,269805,3,0
0,0,0,0,2,3,20075,116014,0,0,0,0,0,80327,2,0
0,0,0,0,13,4,20076,116014,0,0,0,0,0,72788,2,0
0,0,0,0,14,6,20077,116014,0,0,0,0,0,235594,3,0
1,0,0,1,29,7,20078,116014,0,0,0,0,0,264955,3,0
0,0,0,0,23,12,20079,116014,0,0,0,0,0,275454,3,0
0,0,0,0,4,13,20080,116014,0,0,0,0,0,72791,3,0
0,0,0,0,22,15,20081,116014,0,0,0,0,0,227115,3,0
1,0,0,1,20,16,20082,116014,0,0,0,0,0,227348,3,0
1,0,0,1,9,24,20083,116014,0,0,0,0,0,248728,2,0
5,1,0,1,19,26,20084,116014,0,0,0,0,0,264950,3,0
0,0,0,0,10,28,20085,116014,0,0,0,0,0,265273,3,0
0,0,0,0,77,28,20086,116014,0,0,0,0,0,273404,3,0
0,0,0,0,7,28,20087,116014,0,0,0,0,0,265845,3,0
0,0,0,0,12,28,20088,116014,0,0,0,0,0,83180,3,0
0,0,0,0,25,28,20089,116014,0,0,0,0,0,265295,2,0
0,0,0,0,5,28,20090,116014,0,0,0,0,0,239756,3,0
0,0,0,0,28,28,20091,116014,0,0,0,0,0,256094,2,0
0,0,0,0,33,28,20092,116014,0,0,0,0,0,266600,3,0
0,0,0,0,27,28,20093,116014,0,0,0,0,0,72075,4,0
0,0,0,0,15,28,20094,116014,0,0,0,0,0,83623,3,0
0,0,0,0,21,28,20095,116014,0,0,0,0,0,80855,3,0
0,0,0,0,30,28,20096,116014,0,0,0,0,0,279583,3,0
0,0,0,0,43,29,20097,116014,0,0,0,0,0,79925,3,0
0,0,0,0,1,0,20098,116015,0,0,0,0,0,235593,2,0
1,0,0,1,14,4,20099,116015,0,0,0,0,0,253417,3,0
0,0,0,0,4,5,20100,116015,0,0,0,0,0,265237,2,0
0,0,0,0,24,6,20101,116015,0,0,0,0,0,264866,2,0
0,0,0,0,23,12,20102,116015,0,0,0,0,0,273205,3,0
0,0,0,0,7,13,20103,116015,0,0,0,0,0,266918,3,0
0,0,0,0,21,15,20104,116015,0,0,0,0,0,80614,3,0
0,0,0,0,16,16,20105,116015,0,0,0,0,0,265243,3,0
3,0,0,1,9,18,20106,116015,0,0,0,0,0,235657,3,0
2,0,0,1,17,24,20107,116015,0,0,0,0,0,267328,3,0
7,1,0,1,20,26,20108,116015,0,0,0,0,0,265274,2,0
0,0,0,0,10,28,20109,116015,0,0,0,0,0,238422,3,0
0,0,0,0,6,28,20110,116015,0,0,0,0,0,264969,4,0
2,0,0,1,15,28,20111,116015,0,0,0,0,0,265307,3,0
0,0,0,0,38,28,20112,116015,0,0,0,0,0,77841,2,0
0,0,0,0,26,28,20113,116015,0,0,0,0,0,247796,3,0
1,0,0,1,18,28,20114,116015,0,0,0,0,0,277983,2,0
0,0,0,0,5,28,20115,116015,0,0,0,0,0,246235,3,0
0,0,0,0,32,28,20116,116015,0,0,0,0,0,273469,3,0
1,0,0,1,25,28,20117,116015,0,0,0,0,0,267374,3,0
0,0,0,0,13,28,20118,116015,0,0,0,0,0,80797,2,0
0,0,0,0,8,28,20119,116015,0,0,0,0,0,264876,3,0
0,0,0,0,22,28,20120,116015,0,0,0,0,0,71366,3,0
0,0,0,0,45,29,20121,116015,0,0,0,0,0,82771,3,0
0,0,0,0,40,29,20122,116015,0,0,0,0,0,75704,3,0
0,0,0,0,3,29,20123,116015,0,0,0,0,0,272011,3,0
0,0,0,0,1,0,20124,116016,0,0,0,0,0,265331,2,0
0,0,0,0,28,3,20125,116016,0,0,0,0,0,265012,3,0
0,0,0,0,3,4,20126,116016,0,0,0,0,0,275920,3,0
2,0,0,1,5,6,20127,116016,0,0,0,0,0,268947,5,0
0,0,0,0,33,7,20128,116016,0,0,0,0,0,265319,3,0
0,0,0,0,9,12,20129,116016,0,0,0,0,0,272051,3,0
0,0,0,0,7,13,20130,116016,0,0,0,0,0,264831,3,0
0,0,0,0,8,15,20131,116016,0,0,0,0,0,275964,3,0
3,0,0,1,6,16,20132,116016,0,0,0,0,0,271739,4,0
2,0,0,1,25,18,20133,116016,0,0,0,0,0,244059,3,0
4,0,0,1,18,25,20134,116016,0,0,0,0,0,272049,3,0
0,0,0,0,10,28,20135,116016,0,0,0,0,0,272056,3,0
0,0,0,0,22,28,20136,116016,0,0,0,0,0,245443,3,0
0,0,0,0,30,28,20137,116016,0,0,0,0,0,265342,5,0
0,0,0,0,2,28,20138,116016,0,0,0,0,0,247797,3,0
0,0,0,0,12,28,20139,116016,0,0,0,0,0,265269,3,0
3,0,0,1,11,28,20140,116016,0,0,0,0,0,265975,3,0
1,0,0,0,29,28,20141,116016,0,0,0,0,0,245834,4,0
0,0,0,0,27,28,20142,116016,0,0,0,0,0,271728,3,0
0,0,0,0,17,28,20143,116016,0,0,0,0,0,246968,3,0
1,0,0,0,13,28,20144,116016,0,0,0,0,0,79529,4,0
0,0,0,0,24,28,20145,116016,0,0,0,0,0,271107,3,0
0,0,0,0,4,28,20146,116016,0,0,0,0,0,71367,3,0
0,0,0,0,34,29,20147,116016,0,0,0,0,0,72114,3,0
0,0,0,0,32,29,20148,116016,0,0,0,0,0,71620,3,0
0,0,0,0,14,29,20149,116016,0,0,0,0,0,242784,3,0
0,0,0,0,20,29,20150,116016,0,0,0,0,0,265334,3,0
0,0,0,0,16,29,20151,116016,0,0,0,0,0,75719,3,0
0,0,0,0,36,29,20152,116016,0,0,0,0,0,265271,3,0
0,0,0,0,31,0,20153,116017,0,0,0,0,0,245824,5,0
2,0,0,1,18,3,20154,116017,0,0,0,0,0,264875,5,0
0,0,0,0,28,4,20155,116017,0,0,0,0,0,74822,3,0
0,0,0,0,5,6,20156,116017,0,0,0,0,0,227254,4,0
0,0,0,0,15,7,20157,116017,0,0,0,0,0,233150,3,0
1,0,0,0,19,9,20158,116017,0,0,0,0,0,265317,4,0
1,0,0,0,25,11,20159,116017,0,0,0,0,0,245830,5,0
4,0,0,1,20,12,20160,116017,0,0,0,0,0,275906,3,0
1,0,0,0,11,16,20161,116017,0,0,0,0,0,257008,4,0
6,1,0,1,10,18,20162,116017,0,0,0,0,0,233746,5,0
14,1,0,1,9,25,20163,116017,0,0,0,1,0,246219,4,0
0,0,0,0,17,28,20164,116017,0,0,0,0,0,267217,3,0
0,0,0,0,22,28,20165,116017,0,0,0,0,0,247791,3,0
6,1,0,1,14,28,20166,116017,0,0,0,0,0,267234,5,0
1,0,0,0,6,28,20167,116017,0,0,0,0,0,265333,3,0
0,0,0,0,35,28,20168,116017,0,0,0,0,0,266568,3,0
0,0,0,0,8,28,20169,116017,0,0,0,0,0,248799,3,0
0,0,0,0,4,28,20170,116017,0,0,0,0,0,279532,3,0
1,0,0,0,27,28,20171,116017,0,0,0,0,0,246414,3,0
0,0,0,0,44,28,20172,116017,0,0,0,0,0,75291,3,0
1,0,0,0,7,28,20173,116017,0,0,0,0,0,265341,3,0
0,0,0,0,1,28,20174,116017,0,0,0,0,0,266451,3,0
0,0,0,0,3,28,20175,116017,0,0,0,0,0,275450,3,0
2,0,0,1,24,29,20176,116017,0,0,0,0,0,276350,3,0
0,0,0,0,13,29,20177,116017,0,0,0,0,0,264996,3,0
0,0,0,0,46,29,20178,116017,0,0,0,0,0,75204,3,0
0,0,0,0,52,29,20179,116017,0,0,0,0,0,75571,3,0
0,0,0,0,40,29,20180,116017,0,0,0,0,0,266526,3,0
0,0,0,0,30,29,20181,116017,0,0,0,0,0,76580,3,0
0,0,0,0,1,0,20182,116020,0,0,0,0,0,264889,3,0
0,0,0,0,2,4,20183,116020,0,0,0,0,0,268461,3,0
0,0,0,0,31,5,20184,116020,0,0,0,0,0,246208,1,0
0,0,0,0,17,6,20185,116020,0,0,0,0,0,258704,3,0
0,0,0,0,8,12,20186,116020,0,0,0,0,0,277963,3,0
1,0,0,1,3,13,20187,116020,0,0,0,0,0,265233,4,0
0,0,0,0,23,15,20188,116020,0,0,0,0,0,265322,3,0
0,0,0,0,12,16,20189,116020,0,0,0,0,0,265253,2,0
1,0,0,1,5,18,20190,116020,0,0,0,0,0,227113,3,0
0,0,0,0,21,24,20191,116020,0,0,0,0,0,265224,3,0
3,0,0,1,27,26,20192,116020,0,0,0,0,0,265234,2,0
0,0,0,0,11,28,20193,116020,0,0,0,0,0,265311,3,0
0,0,0,0,29,28,20194,116020,0,0,0,0,0,265252,3,0
0,0,0,0,20,28,20195,116020,0,0,0,0,0,265326,2,0
0,0,0,0,6,28,20196,116020,0,0,0,0,0,266947,3,0
0,0,0,0,13,28,20197,116020,0,0,0,0,0,275451,2,0
0,0,0,0,15,28,20198,116020,0,0,0,0,0,273381,3,0
0,0,0,0,10,28,20199,116020,0,0,0,0,0,275919,3,0
0,0,0,0,7,28,20200,116020,0,0,0,0,0,266556,3,0
0,0,0,0,32,28,20201,116020,0,0,0,0,0,265265,3,0
0,0,0,0,22,28,20202,116020,0,0,0,0,0,75331,3,0
0,0,0,0,16,28,20203,116020,0,0,0,0,0,79440,3,0
2,0,0,1,9,28,20204,116020,0,0,0,0,0,275398,3,0
0,0,0,0,19,29,20205,116020,0,0,0,0,0,278811,3,0
0,0,0,0,28,0,20206,116343,0,0,0,0,0,246152,2,0
0,0,0,0,4,3,20207,116343,0,0,0,0,0,265301,3,0
0,0,0,0,23,4,20208,116343,0,0,0,0,0,227243,3,0
0,0,0,0,17,6,20209,116343,0,0,0,0,0,268486,1,0
0,0,0,0,16,7,20210,116343,0,0,0,0,0,265352,3,0
0,0,0,0,8,9,20211,116343,0,0,0,0,0,270892,2,0
0,0,0,0,24,11,20212,116343,0,0,0,0,0,268488,3,0
0,0,0,0,18,12,20213,116343,0,0,0,0,0,266922,2,0
2,0,0,1,13,16,20214,116343,0,0,0,0,0,276722,3,0
2,0,0,1,7,18,20215,116343,0,0,0,0,0,74861,3,0
5,1,0,1,11,25,20216,116343,0,0,0,0,0,81456,3,0
0,0,0,0,10,28,20217,116343,0,0,0,0,0,266975,3,0
0,0,0,0,6,28,20218,116343,0,0,0,0,0,267238,1,0
0,0,0,0,14,28,20219,116343,0,0,0,0,0,265019,3,0
0,0,0,0,3,28,20220,116343,0,0,0,0,0,265350,3,0
0,0,0,0,22,28,20221,116343,0,0,0,0,0,271821,3,0
1,0,0,1,31,28,20222,116343,0,0,0,0,0,265277,2,0
0,0,0,0,5,28,20223,116343,0,0,0,0,0,245826,3,0
0,0,0,0,29,28,20224,116343,0,0,0,0,0,272207,2,0
0,0,0,0,21,28,20225,116343,0,0,0,0,0,270330,3,0
0,0,0,0,27,28,20226,116343,0,0,0,0,0,79467,3,0
1,0,0,1,25,28,20227,116343,0,0,0,0,0,82994,3,0
0,0,0,0,34,28,20228,116343,0,0,0,0,0,267585,3,0
0,0,0,0,2,29,20229,116343,0,0,0,0,0,267583,3,0
0,0,0,0,19,29,20230,116343,0,0,0,0,0,79883,3,0
0,0,0,0,36,29,20231,116343,0,0,0,0,0,72312,3,0
0,0,0,0,1,29,20232,116343,0,0,0,0,0,266907,3,0
0,0,0,0,15,29,20233,116343,0,0,0,0,0,273050,3,0
0,0,0,0,77,0,20234,132176,0,0,0,0,0,272213,2,0
0,0,0,0,2,3,20235,132176,0,0,0,0,0,268941,3,0
0,0,0,0,26,4,20236,132176,0,0,0,0,0,277169,3,0
1,0,0,0,13,6,20237,132176,0,0,0,0,0,227069,3,0
0,0,0,0,25,7,20238,132176,0,0,0,0,0,272332,3,0
2,0,0,1,8,10,20239,132176,0,0,0,0,0,226997,3,0
4,0,0,1,14,12,20240,132176,0,0,0,0,0,276297,3,0
2,0,0,1,9,13,20241,132176,0,0,0,0,0,226987,4,0
0,0,0,0,88,15,20242,132176,0,0,0,0,0,237197,3,0
3,0,0,1,17,16,20243,132176,0,0,0,0,0,235659,3,0
3,0,0,1,23,25,20244,132176,0,0,0,0,0,266504,2,0
0,0,0,0,20,28,20245,132176,0,0,0,0,0,232202,3,0
0,0,0,0,6,28,20246,132176,0,0,0,0,0,268945,2,0
0,0,0,0,4,28,20247,132176,0,0,0,0,0,275961,3,0
0,0,0,0,3,28,20248,132176,0,0,0,0,0,265336,2,0
0,0,0,0,32,28,20249,132176,0,0,0,0,0,270406,3,0
0,0,0,0,10,28,20250,132176,0,0,0,0,0,233751,3,0
0,0,0,0,33,28,20251,132176,0,0,0,0,0,227109,3,0
0,0,0,0,15,28,20252,132176,0,0,0,0,0,269131,3,0
0,0,0,0,16,28,20253,132176,0,0,0,0,0,248790,3,0
0,0,0,0,5,28,20254,132176,0,0,0,0,0,266457,3,0
0,0,0,0,7,28,20255,132176,0,0,0,0,0,278194,3,0
0,0,0,0,27,28,20256,132176,0,0,0,0,0,79138,3,0
0,0,0,0,22,29,20257,132176,0,0,0,0,0,276883,3,0
0,0,0,0,21,29,20258,132176,0,0,0,0,0,275453,3,0
0,0,0,0,18,29,20259,132176,0,0,0,0,0,79140,3,0
0,0,0,0,12,29,20260,132176,0,0,0,0,0,273912,3,0
0,0,0,0,1,0,20261,116033,0,0,0,0,0,245956,3,0
0,0,0,0,12,3,20262,116033,0,0,0,0,0,227392,3,0
1,0,0,0,15,4,20263,116033,0,0,0,0,0,242896,4,0
1,0,0,0,3,6,20264,116033,0,0,0,0,0,227316,3,0
0,0,0,0,4,7,20265,116033,0,0,0,0,0,265674,5,0
3,0,0,0,11,23,20266,116033,0,0,0,0,0,227361,3,0
1,0,0,0,13,13,20267,116033,0,0,0,0,0,265536,4,0
4,0,0,1,8,15,20268,116033,0,0,0,0,0,273946,4,0
7,1,0,1,22,27,20269,116033,0,0,0,0,0,278219,4,0
3,0,0,0,10,18,20270,116033,0,0,0,0,0,231432,2,0
2,0,0,0,6,25,20271,116033,0,0,0,0,0,265898,3,0
4,0,0,1,9,28,20272,116033,0,0,0,0,0,246272,2,0
3,0,0,0,14,28,20273,116033,0,0,0,0,0,227310,3,0
2,0,0,0,29,28,20274,116033,0,0,0,0,0,261740,4,0
0,0,0,0,23,28,20275,116033,0,0,0,0,0,264980,3,0
0,0,0,0,16,28,20276,116033,0,0,0,0,0,264893,4,0
6,0,0,1,7,28,20277,116033,0,0,0,0,0,265905,3,0
3,0,0,0,20,28,20278,116033,0,0,0,0,0,277951,3,0
3,0,0,0,33,28,20279,116033,0,0,0,0,0,274753,2,0
1,0,0,0,5,28,20280,116033,0,0,0,0,0,76312,3,0
0,0,0,0,18,28,20281,116033,0,0,0,0,0,265092,5,0
0,0,0,0,21,28,20282,116033,0,0,0,0,0,248751,3,0
2,0,0,0,25,28,20283,116033,0,0,0,0,0,264944,3,0
0,0,0,0,30,29,20284,116033,0,0,0,0,0,72076,3,0
4,0,0,1,31,29,20285,116033,0,0,0,0,0,277175,3,0
0,0,0,0,27,0,20286,116034,0,0,0,0,0,247504,2,0
2,0,0,1,12,3,20287,116034,0,0,0,0,0,81625,2,0
2,0,0,1,29,4,20288,116034,0,0,0,0,0,227346,2,0
0,0,0,0,5,6,20289,116034,0,0,0,0,0,253469,2,0
1,0,0,0,77,7,20290,116034,0,0,0,0,0,262457,2,0
0,0,0,0,10,12,20291,116034,0,0,0,0,0,246630,2,0
1,0,0,0,14,13,20292,116034,0,0,0,0,0,233852,2,0
0,0,0,0,8,14,20293,116034,0,0,0,0,0,274759,3,0
1,0,0,0,6,15,20294,116034,0,0,0,0,0,275916,3,0
3,0,0,1,7,16,20295,116034,0,0,0,0,0,233662,2,0
10,1,0,1,17,25,20296,116034,0,0,0,1,0,267531,3,0
8,1,0,1,30,28,20297,116034,0,0,0,0,0,77050,2,0
0,0,0,0,26,28,20298,116034,0,0,0,0,0,70803,3,0
1,0,0,0,20,28,20299,116034,0,0,0,0,0,278225,3,0
0,0,0,0,2,28,20300,116034,0,0,0,0,0,277866,2,0
0,0,0,0,1,28,20301,116034,0,0,0,0,0,264967,3,0
1,0,0,0,11,28,20302,116034,0,0,0,0,0,79958,3,0
1,0,0,0,4,28,20303,116034,0,0,0,0,0,264884,3,0
1,0,0,0,21,28,20304,116034,0,0,0,0,0,75175,3,0
0,0,0,0,33,28,20305,116034,0,0,0,0,0,276774,3,0
0,0,0,0,23,28,20306,116034,0,0,0,0,0,79955,3,0
0,0,0,0,25,28,20307,116034,0,0,0,0,0,75228,3,0
0,0,0,0,24,28,20308,116034,0,0,0,0,0,277925,3,0
0,0,0,0,28,29,20309,116034,0,0,0,0,0,264905,3,0
0,0,0,0,16,0,20310,116035,0,0,0,0,0,264865,4,0
0,0,0,0,18,3,20311,116035,0,0,0,0,0,276825,3,0
0,0,0,0,29,4,20312,116035,0,0,0,0,0,269208,3,0
0,0,0,0,19,6,20313,116035,0,0,0,0,0,241546,4,0
2,0,0,1,3,7,20314,116035,0,0,0,0,0,269972,4,0
1,0,0,0,8,9,20315,116035,0,0,0,0,0,264963,3,0
0,0,0,0,4,11,20316,116035,0,0,0,0,0,276862,4,0
3,0,0,1,10,12,20317,116035,0,0,0,0,0,245697,2,0
4,0,0,1,7,16,20318,116035,0,0,0,0,0,265861,5,0
3,0,0,1,24,18,20319,116035,0,0,0,0,0,269811,5,0
5,0,0,1,9,25,20320,116035,0,0,0,0,0,275399,3,0
2,0,0,1,20,28,20321,116035,0,0,0,0,0,276765,4,0
1,0,0,0,21,28,20322,116035,0,0,0,0,0,276548,3,0
0,0,0,0,2,28,20323,116035,0,0,0,0,0,264959,4,0
0,0,0,0,26,28,20324,116035,0,0,0,0,0,271174,4,0
0,0,0,0,1,28,20325,116035,0,0,0,0,0,269943,3,0
0,0,0,0,22,28,20326,116035,0,0,0,0,0,81565,2,0
1,0,0,0,31,28,20327,116035,0,0,0,0,0,72078,3,0
0,0,0,0,23,28,20328,116035,0,0,0,0,0,265027,3,0
1,0,0,0,11,28,20329,116035,0,0,0,0,0,274786,3,0
0,0,0,0,27,28,20330,116035,0,0,0,0,0,277171,3,0
0,0,0,0,15,28,20331,116035,0,0,0,0,0,264906,3,0
0,0,0,0,30,28,20332,116035,0,0,0,0,0,80209,3,0
0,0,0,0,25,29,20333,116035,0,0,0,0,0,77388,3,0
0,0,0,0,1,0,20334,116036,0,0,0,0,0,264895,3,0
0,0,0,0,4,3,20335,116036,0,0,0,0,0,265879,3,0
0,0,0,0,21,4,20336,116036,0,0,0,0,0,246364,4,0
0,0,0,0,12,6,20337,116036,0,0,0,0,0,246568,4,0
0,0,0,0,25,7,20338,116036,0,0,0,0,0,265956,3,0
0,0,0,0,28,9,20339,116036,0,0,0,0,0,227356,4,0
1,0,0,1,6,11,20340,116036,0,0,0,0,0,271890,4,0
7,1,0,1,11,12,20341,116036,0,0,0,0,0,246177,3,0
3,0,0,1,18,16,20342,116036,0,0,0,0,0,265968,5,0
1,0,0,1,5,18,20343,116036,0,0,0,0,0,268640,3,0
0,0,0,0,22,25,20344,116036,0,0,0,0,0,79717,3,0
2,0,0,1,8,28,20345,116036,0,0,0,0,0,264971,3,0
0,0,0,0,7,28,20346,116036,0,0,0,0,0,268000,3,0
0,0,0,0,10,28,20347,116036,0,0,0,0,0,227357,3,0
0,0,0,0,20,28,20348,116036,0,0,0,0,0,265833,2,0
0,0,0,0,30,28,20349,116036,0,0,0,0,0,77400,3,0
0,0,0,0,9,28,20350,116036,0,0,0,0,0,265002,3,0
0,0,0,0,15,28,20351,116036,0,0,0,0,0,270966,3,0
1,0,0,1,44,28,20352,116036,0,0,0,0,0,269817,3,0
0,0,0,0,16,28,20353,116036,0,0,0,0,0,265890,3,0
0,0,0,0,1,0,20354,116037,0,0,0,0,0,269959,3,0
0,0,0,0,3,3,20355,116037,0,0,0,0,0,264807,2,0
0,0,0,0,18,4,20356,116037,0,0,0,0,0,265892,4,0
0,0,0,0,6,6,20357,116037,0,0,0,0,0,265859,2,0
1,0,0,1,5,7,20358,116037,0,0,0,0,0,265894,3,0
0,0,0,0,15,9,20359,116037,0,0,0,0,0,265840,4,0
1,0,0,1,17,11,20360,116037,0,0,0,0,0,277349,2,0
3,0,0,1,99,12,20361,116037,0,0,0,0,0,75368,1,0
6,0,0,1,11,16,20362,116037,0,0,0,0,0,75178,3,0
4,0,0,1,8,18,20363,116037,0,0,0,0,0,265903,2,0
1,0,0,1,21,25,20364,116037,0,0,0,0,0,271888,2,0
0,0,0,0,14,28,20365,116037,0,0,0,0,0,75177,3,0
0,0,0,0,22,28,20366,116037,0,0,0,0,0,277314,3,0
0,0,0,0,27,28,20367,116037,0,0,0,0,0,75181,3,0
0,0,0,0,20,28,20368,116037,0,0,0,0,0,70802,2,0
0,0,0,0,16,28,20369,116037,0,0,0,0,0,276775,3,0
0,0,0,0,9,28,20370,116037,0,0,0,0,0,70235,3,0
0,0,0,0,28,28,20371,116037,0,0,0,0,0,75180,3,0
0,0,0,0,4,28,20372,116037,0,0,0,0,0,231347,3,0
0,0,0,0,1,0,20373,116039,0,0,0,0,0,264978,3,0
0,0,0,0,3,3,20374,116039,0,0,0,0,0,75390,5,0
0,0,0,0,26,4,20375,116039,0,0,0,0,0,273258,3,0
0,0,0,0,28,6,20376,116039,0,0,0,0,0,265883,5,0
0,0,0,0,24,7,20377,116039,0,0,0,0,0,270708,4,0
3,0,0,1,8,9,20378,116039,0,0,0,0,0,265878,4,0
0,0,0,0,5,11,20379,116039,0,0,0,0,0,80036,4,0
2,0,0,1,11,12,20380,116039,0,0,0,0,0,271165,3,0
3,0,0,1,10,16,20381,116039,0,0,0,0,0,73677,5,0
1,0,0,1,12,18,20382,116039,0,0,0,0,0,265716,3,0
0,0,0,0,15,25,20383,116039,0,0,0,0,0,247743,3,0
2,0,0,1,6,28,20384,116039,0,0,0,0,0,70236,5,0
0,0,0,0,16,28,20385,116039,0,0,0,0,0,79544,2,0
0,0,0,0,4,28,20386,116039,0,0,0,0,0,270967,3,0
0,0,0,0,7,28,20387,116039,0,0,0,0,0,273626,3,0
0,0,0,0,30,28,20388,116039,0,0,0,0,0,78619,3,0
0,0,0,0,17,28,20389,116039,0,0,0,0,0,227116,3,0
1,0,0,1,20,28,20390,116039,0,0,0,0,0,268261,3,0
1,0,0,1,9,28,20391,116039,0,0,0,0,0,276772,3,0
0,0,0,0,16,0,20392,116044,0,0,0,0,0,269202,2,0
0,0,0,0,23,3,20393,116044,0,0,0,0,0,270830,3,0
0,0,0,0,17,4,20394,116044,0,0,0,0,0,267652,2,0
0,0,0,0,15,6,20395,116044,0,0,0,0,0,79542,3,0
0,0,0,0,3,7,20396,116044,0,0,0,0,0,275410,2,0
0,0,0,0,13,9,20397,116044,0,0,0,0,0,265973,4,0
0,0,0,0,9,11,20398,116044,0,0,0,0,0,267661,3,0
1,0,0,1,19,12,20399,116044,0,0,0,0,0,269218,4,0
0,0,0,0,20,16,20400,116044,0,0,0,0,0,277067,3,0
3,0,0,1,10,18,20401,116044,0,0,0,0,0,265901,2,0
3,0,0,1,11,25,20402,116044,0,0,0,0,0,79534,3,0
0,0,0,0,8,28,20403,116044,0,0,0,0,0,268649,3,0
0,0,0,0,12,28,20404,116044,0,0,0,0,0,246038,3,0
0,0,0,0,14,28,20405,116044,0,0,0,0,0,80039,3,0
0,0,0,0,4,28,20406,116044,0,0,0,0,0,80877,3,0
0,0,0,0,1,28,20407,116044,0,0,0,0,0,73675,3,0
0,0,0,0,21,28,20408,116044,0,0,0,0,0,80599,3,0
1,0,0,1,18,28,20409,116044,0,0,0,0,0,79539,2,0
0,0,0,0,28,28,20410,116044,0,0,0,0,0,80040,3,0
0,0,0,0,6,28,20411,116044,0,0,0,0,0,265917,3,0
0,0,0,0,16,0,20412,116416,0,0,0,0,0,227349,2,0
0,0,0,0,18,3,20413,116416,0,0,0,0,0,270895,3,0
2,0,0,1,28,4,20414,116416,0,0,0,0,0,71382,3,0
0,0,0,0,20,6,20415,116416,0,0,0,0,0,72081,2,0
0,0,0,0,15,7,20416,116416,0,0,0,0,0,275395,3,0
1,0,0,1,10,12,20417,116416,0,0,0,0,0,269829,2,0
0,0,0,0,22,13,20418,116416,0,0,0,0,0,270049,3,0
0,0,0,0,11,15,20419,116416,0,0,0,0,0,271811,2,0
3,0,0,1,14,16,20420,116416,0,0,0,0,0,269213,2,0
3,0,0,1,7,24,20421,116416,0,0,0,0,0,268647,1,0
2,0,0,1,21,26,20422,116416,0,0,0,0,0,276812,2,0
0,0,0,0,17,28,20423,116416,0,0,0,0,0,264961,2,0
0,0,0,0,77,28,20424,116416,0,0,0,0,0,268060,3,0
0,0,0,0,23,28,20425,116416,0,0,0,0,0,276971,3,0
0,0,0,0,3,28,20426,116416,0,0,0,0,0,273160,2,0
0,0,0,0,29,28,20427,116416,0,0,0,0,0,275382,3,0
0,0,0,0,19,28,20428,116416,0,0,0,0,0,265842,2,0
0,0,0,0,9,28,20429,116416,0,0,0,0,0,75184,3,0
0,0,0,0,1,28,20430,116416,0,0,0,0,0,261863,3,0
0,0,0,0,6,28,20431,116416,0,0,0,0,0,270612,3,0
0,0,0,0,1,0,20432,116417,0,0,0,0,0,265970,2,0
0,0,0,0,27,3,20433,116417,0,0,0,0,0,72442,2,0
0,0,0,0,5,4,20434,116417,0,0,0,0,0,265893,3,0
1,0,0,0,4,6,20435,116417,0,0,0,0,0,72438,3,0
1,0,0,0,17,7,20436,116417,0,0,0,0,0,265952,3,0
2,0,0,1,20,23,20437,116417,0,0,0,0,0,273255,2,0
5,0,0,1,26,13,20438,116417,0,0,0,0,0,264904,3,0
0,0,0,0,28,14,20439,116417,0,0,0,0,0,277170,3,0
2,0,0,1,18,15,20440,116417,0,0,0,0,0,72074,3,0
0,0,0,0,19,27,20441,116417,0,0,0,0,0,80037,3,0
7,1,0,1,9,25,20442,116417,0,0,0,0,0,74083,2,0
4,0,0,1,77,28,20443,116417,0,0,0,0,0,79532,3,0
1,0,0,0,10,28,20444,116417,0,0,0,0,0,72463,3,0
1,0,0,0,3,28,20445,116417,0,0,0,0,0,267297,3,0
0,0,0,0,14,28,20446,116417,0,0,0,0,0,272205,3,0
0,0,0,0,23,28,20447,116417,0,0,0,0,0,76308,3,0
2,0,0,1,11,28,20448,116417,0,0,0,0,0,269812,3,0
0,0,0,0,8,28,20449,116417,0,0,0,0,0,269818,3,0
0,0,0,0,29,28,20450,116417,0,0,0,0,0,269214,3,0
1,0,0,0,21,28,20451,116417,0,0,0,0,0,265937,3,0
0,0,0,0,30,28,20452,116417,0,0,0,0,0,77825,3,0
0,0,0,0,1,0,20453,131724,0,0,0,0,0,71691,2,0
0,0,0,0,12,3,20454,131724,0,0,0,0,0,265832,2,0
0,0,0,0,18,4,20455,131724,0,0,0,0,0,71696,2,0
0,0,0,0,21,6,20456,131724,0,0,0,0,0,265969,2,0
0,0,0,0,23,7,20457,131724,0,0,0,0,0,264987,3,0
3,0,0,1,27,12,20458,131724,0,0,0,0,0,71706,3,0
0,0,0,0,6,13,20459,131724,0,0,0,0,0,273478,2,0
2,0,0,1,13,15,20460,131724,0,0,0,0,0,261841,3,0
0,0,0,0,80,16,20461,131724,0,0,0,0,0,272607,3,0
6,0,0,1,19,24,20462,131724,0,0,0,0,0,271259,2,0
3,0,0,1,9,26,20463,131724,0,0,0,0,0,78636,2,0
0,0,0,0,20,28,20464,131724,0,0,0,0,0,71703,3,0
0,0,0,0,7,28,20465,131724,0,0,0,0,0,81566,2,0
0,0,0,0,3,28,20466,131724,0,0,0,0,0,265096,1,0
0,0,0,0,4,28,20467,131724,0,0,0,0,0,273365,2,0
0,0,0,0,77,28,20468,131724,0,0,0,0,0,272043,3,0
0,0,0,0,17,28,20469,131724,0,0,0,0,0,79537,2,0
0,0,0,0,5,28,20470,131724,0,0,0,0,0,265005,3,0
0,0,0,0,67,28,20471,131724,0,0,0,0,0,271402,3,0
0,0,0,0,99,28,20472,131724,0,0,0,0,0,267648,3,0
0,0,0,0,30,0,20473,132370,0,0,0,0,0,80042,3,0
0,0,0,0,7,3,20474,132370,0,0,0,0,0,264962,2,0
0,0,0,0,55,4,20475,132370,0,0,0,0,0,242795,3,0
0,0,0,0,15,6,20476,132370,0,0,0,0,0,265986,2,0
0,0,0,0,12,7,20477,132370,0,0,0,0,0,78623,3,0
0,0,0,0,88,10,20478,132370,0,0,0,0,0,270619,2,0
3,0,0,1,77,12,20479,132370,0,0,0,0,0,265864,2,0
3,0,0,1,8,13,20480,132370,0,0,0,0,0,267653,2,0
1,0,0,1,17,15,20481,132370,0,0,0,0,0,265915,3,0
0,0,0,0,11,16,20482,132370,0,0,0,0,0,246223,3,0
5,0,0,1,9,25,20483,132370,0,0,0,0,0,264968,2,0
0,0,0,0,18,28,20484,132370,0,0,0,0,0,231349,2,0
2,0,0,1,14,28,20485,132370,0,0,0,0,0,78628,2,0
0,0,0,0,10,28,20486,132370,0,0,0,0,0,275400,3,0
0,0,0,0,22,28,20487,132370,0,0,0,0,0,78624,3,0
0,0,0,0,96,28,20488,132370,0,0,0,0,0,270558,3,0
0,0,0,0,35,28,20489,132370,0,0,0,0,0,78627,3,0
0,0,0,0,4,28,20490,132370,0,0,0,0,0,273196,3,0
0,0,0,0,20,28,20491,132370,0,0,0,0,0,78633,2,0
0,0,0,0,5,28,20492,132370,0,0,0,0,0,273199,3,0
0,0,0,0,26,28,20493,132370,0,0,0,0,0,78620,3,0
0,0,0,0,16,28,20494,132370,0,0,0,0,0,78617,3,0
0,0,0,0,6,28,20495,132370,0,0,0,0,0,275396,3,0
0,0,0,0,30,0,20496,132588,0,0,0,0,0,78813,3,0
0,0,0,0,3,4,20497,132588,0,0,0,0,0,273194,3,0
0,0,0,0,4,5,20498,132588,0,0,0,0,0,268643,3,0
0,0,0,0,5,6,20499,132588,0,0,0,0,0,265902,2,0
0,0,0,0,11,23,20500,132588,0,0,0,0,0,78832,2,0
2,0,0,1,24,12,20501,132588,0,0,0,0,0,275403,3,0
0,0,0,0,20,13,20502,132588,0,0,0,0,0,78823,2,0
0,0,0,0,6,15,20503,132588,0,0,0,0,0,78826,3,0
1,0,0,1,13,16,20504,132588,0,0,0,0,0,264885,3,0
8,1,0,1,7,27,20505,132588,0,0,0,0,0,78830,5,0
3,0,0,1,9,25,20506,132588,0,0,0,0,0,273202,2,0
0,0,0,0,29,28,20507,132588,0,0,0,0,0,265931,3,0
0,0,0,0,14,28,20508,132588,0,0,0,0,0,265916,3,0
0,0,0,0,22,28,20509,132588,0,0,0,0,0,78821,3,0
0,0,0,0,25,28,20510,132588,0,0,0,0,0,269816,3,0
0,0,0,0,1,28,20511,132588,0,0,0,0,0,77866,3,0
1,0,0,1,15,28,20512,132588,0,0,0,0,0,73764,3,0
0,0,0,0,36,28,20513,132588,0,0,0,0,0,78829,3,0
0,0,0,0,1,0,20514,116300,0,0,0,0,0,267200,3,0
0,0,0,0,24,3,20515,116300,0,0,0,0,0,70110,3,0
3,0,0,1,23,4,20516,116300,1,0,0,0,1,73755,3,0
0,0,0,0,21,5,20517,116300,0,0,0,0,0,267209,3,0
1,0,0,0,25,6,20518,116300,0,0,0,0,0,273484,3,0
1,0,0,0,11,7,20519,116300,0,0,0,0,1,242024,3,0
0,0,0,0,20,10,20520,116300,0,0,0,0,0,71495,3,0
1,0,0,0,18,13,20521,116300,0,0,0,0,0,77985,3,0
6,0,0,1,10,15,20522,116300,0,0,0,0,1,267201,3,0
0,0,0,0,2,24,20523,116300,0,0,0,0,0,71666,3,0
0,0,0,0,19,26,20524,116300,0,0,0,0,0,267300,3,0
3,0,0,1,9,28,20525,116300,0,0,0,0,0,247512,3,0
0,0,0,0,30,28,20526,116300,0,0,0,0,0,265853,3,0
6,0,0,1,47,28,20527,116300,0,0,0,0,0,71610,3,0
4,0,0,1,5,28,20528,116300,0,0,0,0,0,76332,3,0
0,0,0,0,38,28,20529,116300,0,0,0,0,0,267273,3,0
0,0,0,0,8,28,20530,116300,0,0,0,0,0,267293,3,0
1,0,0,0,16,28,20531,116300,0,0,0,0,1,73756,3,0
0,0,0,0,14,28,20532,116300,0,0,0,0,0,76333,3,0
0,0,0,0,22,28,20533,116300,0,0,0,0,0,267524,3,0
2,0,0,0,6,28,20534,116300,0,0,0,0,0,236640,3,0
1,0,0,0,13,28,20535,116300,0,0,0,0,0,267243,3,0
0,0,0,0,36,28,20536,116300,0,0,0,0,0,82710,3,0
0,0,0,0,18,0,20537,116302,0,0,0,0,0,227925,3,0
0,0,0,0,29,3,20538,116302,0,0,0,0,0,71665,3,0
0,0,0,0,16,4,20539,116302,0,0,0,0,0,267203,3,0
0,0,0,0,5,6,20540,116302,0,0,0,0,0,273174,3,0
3,0,0,1,2,7,20541,116302,0,0,0,0,0,273470,3,0
0,0,0,0,77,23,20542,116302,0,0,0,0,0,273475,3,0
8,1,0,1,13,13,20543,116302,0,0,0,0,2,267223,3,0
1,0,0,0,26,14,20544,116302,0,0,0,0,0,267529,3,0
2,0,0,0,21,15,20545,116302,1,0,0,0,1,227387,3,0
2,0,0,0,10,27,20546,116302,1,0,0,0,1,268303,3,0
5,0,0,1,66,25,20547,116302,0,0,0,0,0,71427,3,0
2,0,0,0,27,28,20548,116302,0,0,0,0,0,265860,3,0
4,0,0,1,19,28,20549,116302,0,0,0,0,0,76334,3,0
1,0,0,0,25,28,20550,116302,0,0,0,0,0,267375,3,0
3,0,0,1,24,28,20551,116302,0,0,0,0,0,77421,3,0
0,0,0,0,1,28,20552,116302,0,0,0,0,0,267215,3,0
0,0,0,0,88,28,20553,116302,0,0,0,0,0,81411,3,0
0,0,0,0,11,28,20554,116302,0,0,0,0,0,83153,3,0
0,0,0,0,15,28,20555,116302,0,0,0,0,0,274815,3,0
0,0,0,0,4,28,20556,116302,0,0,0,0,0,83432,3,0
0,0,0,0,35,28,20557,116302,0,0,0,0,0,274767,3,0
0,0,0,0,22,28,20558,116302,0,0,0,0,0,266093,3,0
0,0,0,0,23,28,20559,116302,0,0,0,0,0,265072,3,0
0,0,0,0,9,29,20560,116302,0,0,0,0,0,264012,3,0
2,0,0,0,7,29,20561,116302,0,0,0,0,0,77865,3,0
0,0,0,0,1,0,20562,116303,0,0,0,0,0,237673,3,0
1,0,0,0,13,3,20563,116303,0,0,0,0,0,267247,3,0
0,0,0,0,27,4,20564,116303,0,0,0,0,0,71160,3,0
0,0,0,0,4,6,20565,116303,0,0,0,0,0,268012,3,0
0,0,0,0,17,7,20566,116303,0,0,0,0,0,267376,3,0
2,0,0,1,16,9,20567,116303,0,0,0,0,0,277633,3,0
3,0,0,1,20,11,20568,116303,0,0,0,0,2,76689,3,0
1,0,0,0,15,12,20569,116303,0,0,0,0,0,71425,3,0
2,0,0,1,11,16,20570,116303,0,0,0,0,0,233838,3,0
11,1,0,1,34,18,20571,116303,1,0,0,0,4,277926,3,0
1,0,0,0,22,25,20572,116303,0,0,0,0,0,266240,3,0
2,0,0,1,30,28,20573,116303,0,0,0,0,0,267214,3,0
2,0,0,1,2,28,20574,116303,0,0,0,0,0,266091,3,0
0,0,0,0,80,28,20575,116303,0,0,0,0,0,81533,3,0
0,0,0,0,12,28,20576,116303,0,0,0,0,0,71663,3,0
0,0,0,0,18,28,20577,116303,0,0,0,0,0,83181,3,0
3,0,0,1,10,28,20578,116303,0,0,0,0,0,273488,3,0
0,0,0,0,29,28,20579,116303,0,0,0,0,0,81840,3,0
0,0,0,0,1,0,20580,116304,0,0,0,0,0,266816,3,0
0,0,0,0,14,3,20581,116304,0,0,0,0,0,247725,3,0
0,0,0,0,9,4,20582,116304,0,0,0,0,0,267261,3,0
2,0,0,0,24,6,20583,116304,0,0,0,0,0,265339,3,0
1,0,0,0,6,7,20584,116304,0,0,0,0,0,71561,3,0
0,0,0,0,17,9,20585,116304,0,0,0,0,0,71560,3,0
0,0,0,0,4,11,20586,116304,0,0,0,0,0,241224,3,0
1,0,0,0,10,12,20587,116304,0,0,0,0,0,272115,3,0
4,0,0,1,19,16,20588,116304,0,0,0,0,0,268262,3,0
2,0,0,0,7,18,20589,116304,0,0,0,0,0,279812,3,0
8,1,0,1,21,25,20590,116304,0,0,0,0,0,272217,3,0
4,0,0,1,27,28,20591,116304,0,0,0,0,1,266996,3,0
5,0,0,1,2,28,20592,116304,0,0,0,0,1,266928,3,0
0,0,0,0,13,28,20593,116304,0,0,0,0,0,266970,3,0
1,0,0,0,3,28,20594,116304,0,0,0,0,0,236642,3,0
0,0,0,0,28,28,20595,116304,0,0,0,0,0,258979,3,0
0,0,0,0,20,28,20596,116304,0,0,0,0,0,275915,3,0
0,0,0,0,15,28,20597,116304,0,0,0,0,0,276797,3,0
0,0,0,0,34,28,20598,116304,0,0,0,0,0,76383,3,0
6,0,0,1,33,28,20599,116304,0,0,0,0,0,243263,3,0
0,0,0,0,12,28,20600,116304,0,0,0,0,0,243261,3,0
0,0,0,0,26,28,20601,116304,0,0,0,0,0,274779,3,0
0,0,0,0,16,28,20602,116304,0,0,0,0,0,83155,3,0
0,0,0,0,37,29,20603,116304,0,0,0,0,0,76283,3,0
1,0,0,0,1,0,20604,116305,0,0,0,0,0,226335,3,0
0,0,0,0,12,3,20605,116305,0,0,0,0,0,267221,3,0
0,0,0,0,6,4,20606,116305,0,0,0,0,0,226375,3,0
2,0,0,1,3,6,20607,116305,0,0,0,0,0,267264,3,0
0,0,0,0,32,7,20608,116305,0,0,0,0,0,269123,3,0
0,0,0,0,77,10,20609,116305,0,0,0,0,0,228628,3,0
4,0,0,1,8,23,20610,116305,1,0,0,0,2,70305,3,0
3,0,0,1,20,13,20611,116305,0,0,0,0,1,70309,3,0
2,0,0,1,21,15,20612,116305,0,0,0,0,0,247724,3,0
2,0,0,1,26,27,20613,116305,0,0,0,0,0,71516,3,0
1,0,0,0,18,25,20614,116305,0,0,0,0,0,272100,3,0
0,0,0,0,9,28,20615,116305,0,0,0,0,0,232073,3,0
0,0,0,0,4,28,20616,116305,0,0,0,0,0,270079,3,0
0,0,0,0,13,28,20617,116305,0,0,0,0,0,70182,3,0
0,0,0,0,16,28,20618,116305,0,0,0,0,0,76516,3,0
0,0,0,0,22,28,20619,116305,0,0,0,0,0,75968,3,0
1,0,0,0,23,28,20620,116305,0,0,0,0,0,76766,3,0
0,0,0,0,2,28,20621,116305,0,0,0,0,0,79255,3,0
3,0,0,1,10,28,20622,116305,0,0,0,0,0,267242,3,0
1,0,0,0,24,28,20623,116305,0,0,0,0,0,267286,3,0
1,0,0,0,5,28,20624,116305,0,0,0,0,0,267282,3,0
0,0,0,0,27,28,20625,116305,0,0,0,0,0,267321,3,0
0,0,0,0,15,28,20626,116305,0,0,0,0,0,83282,3,0
0,0,0,0,19,29,20627,116305,0,0,0,0,0,274810,3,0
0,0,0,0,1,0,20628,116306,0,0,0,0,0,238212,3,0
3,0,0,1,15,3,20629,116306,0,0,0,0,0,279811,3,0
1,0,0,0,10,4,20630,116306,0,0,0,0,0,265862,3,0
1,0,0,0,14,6,20631,116306,0,0,0,0,0,267371,3,0
0,0,0,0,2,7,20632,116306,0,0,0,0,0,227384,3,0
0,0,0,0,24,9,20633,116306,0,0,0,0,0,231736,3,0
0,0,0,0,17,11,20634,116306,0,0,0,0,0,265854,3,0
4,0,0,1,11,12,20635,116306,0,0,0,0,0,267227,3,0
2,0,0,1,12,16,20636,116306,0,0,0,0,0,70675,3,0
2,0,0,1,6,24,20637,116306,0,0,0,0,0,273486,3,0
1,0,0,0,8,26,20638,116306,0,0,0,0,0,264960,3,0
1,0,0,0,9,28,20639,116306,0,0,0,0,0,275981,3,0
1,0,0,0,18,28,20640,116306,0,0,0,0,0,267381,3,0
0,0,0,0,27,28,20641,116306,0,0,0,0,0,227096,3,0
0,0,0,0,20,28,20642,116306,0,0,0,0,0,267391,3,0
0,0,0,0,3,28,20643,116306,0,0,0,0,0,267884,3,0
2,0,0,1,13,28,20644,116306,0,0,0,0,0,227405,3,0
3,0,0,1,23,28,20645,116306,0,0,0,0,0,76690,3,0
0,0,0,0,16,28,20646,116306,0,0,0,0,0,70684,3,0
1,0,0,0,7,28,20647,116306,0,0,0,0,0,271403,3,0
0,0,0,0,19,28,20648,116306,0,0,0,0,0,83034,3,0
0,0,0,0,21,28,20649,116306,0,0,0,0,0,83159,3,0
0,0,0,0,25,28,20650,116306,0,0,0,0,0,83154,3,0
0,0,0,0,22,29,20651,116306,0,0,0,0,0,83182,3,0
0,0,0,0,1,0,20652,116307,0,0,0,0,0,265856,3,0
0,0,0,0,21,3,20653,116307,0,0,0,0,0,271945,3,0
0,0,0,0,3,4,20654,116307,0,0,0,0,0,267309,3,0
0,0,0,0,4,6,20655,116307,0,0,0,0,0,227421,3,0
1,0,0,1,25,7,20656,116307,0,0,0,0,1,267519,3,0
0,0,0,0,15,10,20657,116307,0,0,0,0,0,267199,3,0
1,0,0,1,13,12,20658,116307,0,0,0,0,0,246059,3,0
0,0,0,0,6,13,20659,116307,0,0,0,0,0,70502,3,0
3,0,0,1,2,15,20660,116307,0,0,0,0,0,243262,3,0
0,0,0,0,28,16,20661,116307,0,0,0,0,0,273504,3,0
1,0,0,1,20,25,20662,116307,0,0,0,0,0,267299,3,0
8,1,0,1,22,28,20663,116307,0,0,0,0,0,276359,3,0
4,0,0,1,10,28,20664,116307,0,0,0,0,1,226890,3,0
0,0,0,0,8,28,20665,116307,0,0,0,0,0,253175,3,0
0,0,0,0,5,28,20666,116307,0,0,0,0,0,267339,3,0
0,0,0,0,77,28,20667,116307,0,0,0,0,0,265950,3,0
0,0,0,0,14,28,20668,116307,0,0,0,0,0,267312,3,0
0,0,0,0,41,28,20669,116307,0,0,0,0,0,70308,3,0
1,0,0,1,12,28,20670,116307,0,0,0,0,0,71531,3,0
0,0,0,0,34,28,20671,116307,0,0,0,0,0,76485,3,0
0,0,0,0,35,28,20672,116307,0,0,0,0,0,78921,3,0
0,0,0,0,30,28,20673,116307,0,0,0,0,0,83415,3,0
0,0,0,0,23,28,20674,116307,0,0,0,0,0,273270,3,0
0,0,0,0,24,0,20675,116308,0,0,0,0,0,267314,3,0
0,0,0,0,2,3,20676,116308,0,0,0,0,0,267325,3,0
1,0,0,0,5,4,20677,116308,0,0,0,0,0,267474,3,0
1,0,0,0,3,6,20678,116308,0,0,0,0,0,267281,3,0
0,0,0,0,8,7,20679,116308,0,0,0,0,0,267305,3,0
4,0,0,1,26,10,20680,116308,0,0,0,0,0,267384,3,0
10,1,0,1,13,23,20681,116308,0,0,0,0,0,71494,3,0
1,0,0,0,20,13,20682,116308,0,0,0,0,0,77548,3,0
3,0,0,1,7,15,20683,116308,0,0,0,0,0,267318,3,0
1,0,0,0,6,27,20684,116308,1,0,0,0,1,76517,3,0
3,0,0,1,9,25,20685,116308,0,0,0,0,0,273481,3,0
3,0,0,1,42,28,20686,116308,0,0,0,0,1,76889,3,0
1,0,0,0,14,28,20687,116308,0,0,0,0,0,267311,3,0
0,0,0,0,32,28,20688,116308,0,0,0,0,0,77964,3,0
1,0,0,0,4,28,20689,116308,0,0,0,0,0,279908,3,0
0,0,0,0,1,28,20690,116308,0,0,0,0,0,77799,3,0
2,0,0,0,21,28,20691,116308,0,0,0,0,0,267269,3,0
1,0,0,0,10,28,20692,116308,0,0,0,0,0,76213,3,0
0,0,0,0,12,28,20693,116308,0,0,0,0,0,76218,3,0
0,0,0,0,23,28,20694,116308,0,0,0,0,0,83280,3,0
0,0,0,0,88,28,20695,116308,0,0,0,0,0,83012,3,0
0,0,0,0,11,28,20696,116308,0,0,0,0,0,83031,3,0
0,0,0,0,15,28,20697,116308,0,0,0,0,0,83157,3,0
0,0,0,0,16,29,20698,116308,0,0,0,0,0,83281,3,0
0,0,0,0,23,0,20699,116309,0,0,0,0,0,273136,3,0
1,0,0,0,5,3,20700,116309,0,0,0,0,0,70713,3,0
1,0,0,0,7,4,20701,116309,0,0,0,0,0,267329,3,0
2,0,0,1,27,6,20702,116309,0,0,0,0,0,267276,3,0
1,0,0,0,18,7,20703,116309,0,0,0,0,0,267343,3,0
6,0,0,1,17,23,20704,116309,0,0,0,0,0,273467,3,0
5,0,0,1,10,13,20705,116309,0,0,0,0,0,267336,3,0
0,0,0,0,14,15,20706,116309,0,0,0,0,0,279699,3,0
15,1,0,1,6,27,20707,116309,0,0,0,1,1,279799,3,0
1,0,0,0,21,18,20708,116309,0,0,0,0,0,71527,3,0
8,1,0,1,99,25,20709,116309,1,0,0,0,1,226893,3,0
0,0,0,0,19,28,20710,116309,0,0,0,0,0,76324,3,0
0,0,0,0,11,28,20711,116309,0,0,0,0,0,267226,3,0
1,0,0,0,13,28,20712,116309,0,0,0,0,0,273476,3,0
0,0,0,0,24,28,20713,116309,0,0,0,0,0,273480,3,0
0,0,0,0,50,28,20714,116309,0,0,0,0,0,76323,3,0
0,0,0,0,16,28,20715,116309,0,0,0,0,0,267268,3,0
0,0,0,0,31,28,20716,116309,0,0,0,0,0,76325,3,0
0,0,0,0,15,28,20717,116309,0,0,0,0,0,264011,3,0
0,0,0,0,3,28,20718,116309,0,0,0,0,0,83009,3,0
0,0,0,0,1,28,20719,116309,0,0,0,0,0,267521,3,0
0,0,0,0,12,28,20720,116309,0,0,0,0,0,83022,3,0
0,0,0,0,2,28,20721,116309,0,0,0,0,0,83025,3,0
0,0,0,0,30,0,20722,116310,0,0,0,0,0,258310,3,0
0,0,0,0,3,3,20723,116310,0,0,0,0,0,271893,3,0
0,0,0,0,6,4,20724,116310,0,0,0,0,0,232074,3,0
0,0,0,0,27,6,20725,116310,0,0,0,0,0,265247,3,0
1,0,0,0,4,7,20726,116310,0,0,0,0,0,76326,3,0
4,0,0,1,7,10,20727,116310,0,0,0,0,1,266401,3,0
1,0,0,0,23,23,20728,116310,0,0,0,0,0,243769,3,0
5,0,0,1,16,13,20729,116310,1,0,0,0,2,232075,3,0
0,0,0,0,5,15,20730,116310,0,0,0,0,0,273175,3,0
4,0,0,1,2,27,20731,116310,0,0,0,0,0,271040,3,0
13,1,0,1,9,25,20732,116310,0,0,0,0,0,233244,3,0
3,0,0,1,18,28,20733,116310,1,0,0,0,1,238412,3,0
1,0,0,0,13,28,20734,116310,0,0,0,0,0,243264,3,0
0,0,0,0,90,28,20735,116310,0,0,0,0,0,76215,3,0
0,0,0,0,22,28,20736,116310,0,0,0,0,0,267353,3,0
0,0,0,0,1,28,20737,116310,0,0,0,0,0,267219,3,0
1,0,0,0,34,28,20738,116310,0,0,0,0,0,76329,3,0
1,0,0,0,11,28,20739,116310,0,0,0,0,0,76216,3,0
0,0,0,0,21,28,20740,116310,0,0,0,0,0,76887,3,0
0,0,0,0,19,28,20741,116310,0,0,0,0,0,80331,3,0
0,0,0,0,12,28,20742,116310,0,0,0,0,0,76437,3,0
0,0,0,0,8,28,20743,116310,0,0,0,0,0,267362,3,0
0,0,0,0,15,28,20744,116310,0,0,0,0,0,244045,3,0
0,0,0,0,99,29,20745,116310,0,0,0,0,0,274842,3,0
0,0,0,0,20,29,20746,116310,0,0,0,0,0,83263,3,0
0,0,0,0,24,29,20747,116310,0,0,0,0,0,83150,3,0
0,0,0,0,19,0,20748,116311,0,0,0,0,0,273492,3,0
1,0,0,1,20,3,20749,116311,0,0,0,0,0,274813,3,0
0,0,0,0,11,4,20750,116311,0,0,0,0,0,267367,3,0
0,0,0,0,25,6,20751,116311,0,0,0,0,0,78730,3,0
1,0,0,1,15,7,20752,116311,0,0,0,0,0,79564,3,0
0,0,0,0,7,9,20753,116311,0,0,0,0,0,245839,3,0
0,0,0,0,14,11,20754,116311,0,0,0,0,0,267322,3,0
1,0,0,1,32,12,20755,116311,0,0,0,0,0,266384,3,0
0,0,0,0,18,16,20756,116311,0,0,0,0,0,247811,3,0
4,0,0,1,17,18,20757,116311,0,0,0,0,1,71583,3,0
8,1,0,1,33,25,20758,116311,0,0,0,0,0,77669,3,0
2,0,0,1,24,28,20759,116311,0,0,0,0,0,77095,3,0
0,0,0,0,9,28,20760,116311,0,0,0,0,0,276482,3,0
0,0,0,0,10,28,20761,116311,0,0,0,0,0,243403,3,0
2,0,0,1,12,28,20762,116311,0,0,0,0,1,77988,3,0
0,0,0,0,13,28,20763,116311,0,0,0,0,0,79220,3,0
0,0,0,0,2,28,20764,116311,0,0,0,0,0,226316,3,0
0,0,0,0,6,28,20765,116311,0,0,0,0,0,273468,3,0
0,0,0,0,3,28,20766,116311,0,0,0,0,0,71556,3,0
1,0,0,1,22,28,20767,116311,0,0,0,0,0,272826,3,0
0,0,0,0,16,28,20768,116311,0,0,0,0,0,83032,3,0
0,0,0,0,99,28,20769,116311,0,0,0,0,0,83152,3,0
0,0,0,0,31,0,20770,116312,0,0,0,0,0,267368,3,0
0,0,0,0,23,3,20771,116312,0,0,0,0,0,77895,3,0
1,0,0,0,12,4,20772,116312,0,0,0,0,0,71586,3,0
1,0,0,0,3,6,20773,116312,0,0,0,0,0,76518,3,0
1,0,0,0,75,7,20774,116312,0,0,0,0,0,256095,3,0
5,0,0,1,10,9,20775,116312,0,0,0,0,2,227353,3,0
0,0,0,0,18,11,20776,116312,0,0,0,0,0,264900,3,0
4,0,0,1,17,12,20777,116312,0,0,0,0,0,71809,3,0
1,0,0,0,25,16,20778,116312,0,0,0,0,0,277927,3,0
2,0,0,1,11,18,20779,116312,0,0,0,0,0,264989,3,0
4,0,0,1,9,25,20780,116312,0,0,0,0,0,227397,3,0
2,0,0,1,19,28,20781,116312,0,0,0,0,0,267241,3,0
2,0,0,1,14,28,20782,116312,0,0,0,0,1,267386,3,0
0,0,0,0,30,28,20783,116312,0,0,0,0,0,273158,3,0
0,0,0,0,36,28,20784,116312,0,0,0,0,0,273780,3,0
0,0,0,0,20,28,20785,116312,0,0,0,0,0,79825,3,0
0,0,0,0,5,28,20786,116312,0,0,0,0,0,75791,3,0
0,0,0,0,16,28,20787,116312,0,0,0,0,0,83029,3,0
0,0,0,0,29,0,20788,131477,0,0,0,0,0,273483,3,0
0,0,0,0,3,3,20789,131477,0,0,0,0,0,267350,3,0
0,0,0,0,16,4,20790,131477,0,0,0,0,0,273473,3,0
1,0,0,0,18,6,20791,131477,0,0,0,0,0,267283,3,0
1,0,0,0,20,7,20792,131477,0,0,0,0,0,267208,3,0
0,0,0,0,14,9,20793,131477,0,0,0,0,0,71679,3,0
0,0,0,0,41,11,20794,131477,0,0,0,0,0,77162,3,0
2,0,0,1,5,12,20795,131477,0,0,0,0,0,76214,3,0
6,0,0,1,55,16,20796,131477,0,0,0,0,1,273472,3,0
4,0,0,1,7,18,20797,131477,0,0,0,0,1,76377,3,0
4,0,0,1,9,25,20798,131477,0,0,0,0,0,272076,3,0
0,0,0,0,19,28,20799,131477,0,0,0,0,0,267250,3,0
0,0,0,0,12,28,20800,131477,0,0,0,0,0,268505,3,0
0,0,0,0,13,28,20801,131477,0,0,0,0,0,236641,3,0
1,0,0,0,11,28,20802,131477,0,0,0,0,0,267220,3,0
0,0,0,0,32,28,20803,131477,0,0,0,0,0,71967,3,0
3,0,0,1,15,28,20804,131477,0,0,0,0,0,71599,3,0
0,0,0,0,4,28,20805,131477,0,0,0,0,0,267222,3,0
0,0,0,0,24,28,20806,131477,0,0,0,0,0,71680,3,0
0,0,0,0,6,28,20807,131477,0,0,0,0,0,79719,3,0
0,0,0,0,17,28,20808,131477,0,0,0,0,0,70490,3,0
0,0,0,0,2,28,20809,131477,0,0,0,0,0,83023,3,0
0,0,0,0,22,28,20810,131477,0,0,0,0,0,76217,3,0
0,0,0,0,1,0,20811,131478,0,0,0,0,0,272994,3,0
3,0,0,1,7,3,20812,131478,0,0,0,0,1,273171,3,0
0,0,0,0,8,4,20813,131478,0,0,0,0,0,267332,3,0
1,0,0,1,18,6,20814,131478,0,0,0,0,0,267388,3,0
0,0,0,0,14,7,20815,131478,0,0,0,0,0,271444,3,0
0,0,0,0,17,9,20816,131478,0,0,0,0,0,272206,3,0
0,0,0,0,33,11,20817,131478,0,0,0,0,0,77803,3,0
5,0,0,1,4,12,20818,131478,1,0,0,0,2,267358,3,0
1,0,0,1,24,16,20819,131478,0,0,0,0,0,265571,3,0
6,0,0,1,11,18,20820,131478,0,0,0,0,1,245835,3,0
0,0,0,0,9,25,20821,131478,0,0,0,0,0,264939,3,0
1,0,0,1,25,28,20822,131478,0,0,0,0,0,267320,3,0
0,0,0,0,15,28,20823,131478,0,0,0,0,0,267202,3,0
3,0,0,1,13,28,20824,131478,0,0,0,0,0,71529,3,0
0,0,0,0,12,28,20825,131478,0,0,0,0,0,267338,3,0
0,0,0,0,23,28,20826,131478,0,0,0,0,0,76220,3,0
0,0,0,0,10,28,20827,131478,0,0,0,0,0,245833,3,0
0,0,0,0,2,28,20828,131478,0,0,0,0,0,267272,3,0
1,0,0,1,16,28,20829,131478,0,0,0,0,0,71559,3,0
1,0,0,1,19,28,20830,131478,0,0,0,0,0,275922,3,0
0,0,0,0,77,28,20831,131478,0,0,0,0,0,77300,3,0
0,0,0,0,13,0,20832,116325,0,0,0,0,0,268942,2,0
1,0,0,0,22,3,20833,116325,0,0,0,0,0,253436,3,0
0,0,0,0,2,4,20834,116325,0,0,0,0,0,227190,5,0
1,0,0,0,4,6,20835,116325,0,0,0,0,0,236479,3,0
4,0,0,0,24,7,20836,116325,0,0,0,0,0,267530,3,0
7,1,0,1,19,23,20837,116325,0,0,0,0,0,271446,3,0
4,0,0,0,6,13,20838,116325,0,0,0,0,0,277699,5,0
1,0,0,0,16,14,20839,116325,0,0,0,0,0,78357,4,0
7,1,0,1,11,15,20840,116325,0,0,0,0,0,227203,3,0
14,1,0,1,9,27,20841,116325,0,0,0,0,0,262531,3,0
15,1,0,1,17,25,20842,116325,0,0,0,1,0,241846,3,0
5,0,0,0,10,28,20843,116325,0,0,0,0,0,227102,3,0
6,0,0,1,18,28,20844,116325,0,0,0,0,0,261855,5,0
0,0,0,0,8,28,20845,116325,0,0,0,0,0,227191,4,0
0,0,0,0,23,28,20846,116325,0,0,0,0,0,81289,3,0
0,0,0,0,1,28,20847,116325,0,0,0,0,0,268943,3,0
4,0,0,0,7,28,20848,116325,0,0,0,0,0,269404,5,0
2,0,0,0,43,28,20849,116325,0,0,0,0,0,279890,4,0
0,0,0,0,35,28,20850,116325,0,0,0,0,0,82127,3,0
1,0,0,0,39,28,20851,116325,0,0,0,0,0,82183,3,0
0,0,0,0,38,28,20852,116325,0,0,0,0,0,82184,3,0
2,0,0,0,12,28,20853,116325,0,0,0,0,0,237289,3,0
0,0,0,0,33,28,20854,116325,0,0,0,0,0,75063,3,0
3,0,0,0,5,29,20855,116325,0,0,0,0,0,253435,3,0
6,0,0,1,14,29,20856,116325,0,0,0,0,0,241667,3,0
0,0,0,0,1,0,20857,116326,0,0,0,0,0,258789,2,0
0,0,0,0,19,3,20858,116326,0,0,0,0,0,264725,3,0
0,0,0,0,22,4,20859,116326,0,0,0,0,0,80230,3,0
1,0,0,0,14,6,20860,116326,0,0,0,0,0,271944,3,0
1,0,0,0,21,7,20861,116326,0,0,0,0,0,265024,2,0
4,0,0,1,7,23,20862,116326,0,0,0,0,0,259372,3,0
0,0,0,0,16,13,20863,116326,0,0,0,0,0,263964,3,0
3,0,0,1,8,14,20864,116326,0,0,0,0,0,227327,3,0
9,1,0,1,10,15,20865,116326,0,0,0,0,0,245879,5,0
3,0,0,1,18,27,20866,116326,0,0,0,0,0,273153,3,0
4,0,0,1,11,25,20867,116326,0,0,0,0,0,246774,3,0
1,0,0,0,20,28,20868,116326,0,0,0,0,0,265900,4,0
0,0,0,0,6,28,20869,116326,0,0,0,0,0,227344,4,0
0,0,0,0,17,28,20870,116326,0,0,0,0,0,263966,3,0
0,0,0,0,15,28,20871,116326,0,0,0,0,0,256303,2,0
0,0,0,0,13,28,20872,116326,0,0,0,0,0,247789,3,0
2,0,0,0,5,28,20873,116326,0,0,0,0,0,279107,3,0
0,0,0,0,12,28,20874,116326,0,0,0,0,0,274758,3,0
2,0,0,0,43,28,20875,116326,0,0,0,0,0,81548,3,0
1,0,0,0,29,28,20876,116326,0,0,0,0,0,76242,3,0
0,0,0,0,28,28,20877,116326,0,0,0,0,0,76929,3,0
1,0,0,0,24,28,20878,116326,0,0,0,0,0,277952,3,0
3,0,0,1,4,28,20879,116326,0,0,0,0,0,242797,5,0
0,0,0,0,23,29,20880,116326,0,0,0,0,0,265849,3,0
2,0,0,0,9,29,20881,116326,0,0,0,0,0,264946,5,0
0,0,0,0,2,29,20882,116326,0,0,0,0,0,272009,3,0
0,0,0,0,33,29,20883,116326,0,0,0,0,0,81549,3,0
0,0,0,0,27,29,20884,116326,0,0,0,0,0,75012,3,0
0,0,0,0,26,29,20885,116326,0,0,0,0,0,77690,3,0
0,0,0,0,3,29,20886,116326,0,0,0,0,0,258576,3,0
0,0,0,0,1,0,20887,116327,0,0,0,0,0,227204,2,0
0,0,0,0,23,3,20888,116327,0,0,0,0,0,277339,3,0
2,0,0,0,4,4,20889,116327,0,0,0,0,0,272084,2,0
0,0,0,0,15,6,20890,116327,0,0,0,0,0,272012,3,0
1,0,0,0,3,7,20891,116327,0,0,0,0,0,272110,3,0
3,0,0,1,17,9,20892,116327,0,0,0,0,0,268946,3,0
3,0,0,1,6,11,20893,116327,0,0,0,0,0,265280,3,0
6,0,0,1,22,12,20894,116327,0,0,0,0,0,274780,5,0
8,1,0,1,7,16,20895,116327,0,0,0,0,0,227369,3,0
6,0,0,1,21,18,20896,116327,0,0,0,0,0,272094,4,0
3,0,0,1,20,25,20897,116327,0,0,0,0,0,262545,3,0
0,0,0,0,9,28,20898,116327,0,0,0,0,0,272145,3,0
1,0,0,0,19,28,20899,116327,0,0,0,0,0,272099,3,0
0,0,0,0,11,28,20900,116327,0,0,0,0,0,272112,3,0
0,0,0,0,5,28,20901,116327,0,0,0,0,0,272109,3,0
0,0,0,0,13,28,20902,116327,0,0,0,0,0,272271,3,0
1,0,0,0,14,28,20903,116327,0,0,0,0,0,272053,3,0
1,0,0,0,41,28,20904,116327,0,0,0,0,0,78733,3,0
0,0,0,0,28,28,20905,116327,0,0,0,0,0,81677,3,0
0,0,0,0,27,28,20906,116327,0,0,0,0,0,81741,3,0
0,0,0,0,46,28,20907,116327,0,0,0,0,0,75425,3,0
0,0,0,0,16,28,20908,116327,0,0,0,0,0,273053,3,0
0,0,0,0,12,28,20909,116327,0,0,0,0,0,273010,3,0
0,0,0,0,18,29,20910,116327,0,0,0,0,0,271742,3,0
0,0,0,0,13,0,20911,116328,0,0,0,0,0,272212,3,0
0,0,0,0,20,3,20912,116328,0,0,0,0,0,272125,2,0
0,0,0,0,3,4,20913,116328,0,0,0,0,0,272119,3,0
0,0,0,0,4,6,20914,116328,0,0,0,0,0,272124,3,0
2,0,0,1,17,7,20915,116328,0,0,0,0,0,272123,3,0
2,0,0,1,8,9,20916,116328,0,0,0,0,0,272127,3,0
0,0,0,0,14,11,20917,116328,0,0,0,0,0,272008,3,0
1,0,0,0,18,12,20918,116328,0,0,0,0,0,272137,5,0
3,0,0,1,22,16,20919,116328,0,0,0,0,0,75061,3,0
1,0,0,0,15,18,20920,116328,0,0,0,0,0,272135,3,0
4,0,0,1,11,25,20921,116328,0,0,0,0,0,271942,3,0
0,0,0,0,19,28,20922,116328,0,0,0,0,0,75062,3,0
1,0,0,0,21,28,20923,116328,0,0,0,0,0,275586,3,0
0,0,0,0,6,28,20924,116328,0,0,0,0,0,272129,3,0
0,0,0,0,5,28,20925,116328,0,0,0,0,0,74786,4,0
0,0,0,0,1,28,20926,116328,0,0,0,0,0,272211,2,0
2,0,0,1,7,28,20927,116328,0,0,0,0,0,272138,3,0
0,0,0,0,2,28,20928,116328,0,0,0,0,0,272203,3,0
0,0,0,0,23,28,20929,116328,0,0,0,0,0,278651,3,0
0,0,0,0,10,28,20930,116328,0,0,0,0,0,276445,3,0
1,0,0,0,33,28,20931,116328,0,0,0,0,0,77641,2,0
0,0,0,0,29,28,20932,116328,0,0,0,0,0,81285,3,0
0,0,0,0,27,28,20933,116328,0,0,0,0,0,81277,3,0
0,0,0,0,32,29,20934,116328,0,0,0,0,0,83586,3,0
0,0,0,0,34,29,20935,116328,0,0,0,0,0,83588,3,0
0,0,0,0,25,29,20936,116328,0,0,0,0,0,272121,3,0
0,0,0,0,16,29,20937,116328,0,0,0,0,0,272130,3,0
0,0,0,0,1,0,20938,116331,0,0,0,0,0,72705,2,0
0,0,0,0,28,3,20939,116331,0,0,0,0,0,76434,3,0
0,0,0,0,6,4,20940,116331,0,0,0,0,0,272210,3,0
0,0,0,0,20,5,20941,116331,0,0,0,0,0,73529,3,0
1,0,0,1,4,6,20942,116331,0,0,0,0,0,275579,1,0
0,0,0,0,3,7,20943,116331,0,0,0,0,0,272269,3,0
0,0,0,0,12,10,20944,116331,0,0,0,0,0,78896,3,0
0,0,0,0,7,13,20945,116331,0,0,0,0,0,275581,4,0
1,0,0,1,23,15,20946,116331,0,0,0,0,0,75041,3,0
1,0,0,1,22,24,20947,116331,0,0,0,0,0,80913,3,0
3,0,0,1,16,26,20948,116331,0,0,0,0,0,272024,3,0
2,0,0,1,11,28,20949,116331,0,0,0,0,0,275588,3,0
0,0,0,0,14,28,20950,116331,0,0,0,0,0,73226,3,0
1,0,0,1,19,28,20951,116331,0,0,0,0,0,79783,2,0
0,0,0,0,8,28,20952,116331,0,0,0,0,0,73648,3,0
0,0,0,0,13,28,20953,116331,0,0,0,0,0,79628,3,0
0,0,0,0,5,28,20954,116331,0,0,0,0,0,272251,3,0
0,0,0,0,10,28,20955,116331,0,0,0,0,0,79631,3,0
0,0,0,0,21,28,20956,116331,0,0,0,0,0,76051,3,0
0,0,0,0,27,28,20957,116331,0,0,0,0,0,81304,3,0
0,0,0,0,18,28,20958,116331,0,0,0,0,0,79799,3,0
0,0,0,0,1,0,20959,116332,0,0,0,0,0,272235,2,0
2,0,0,1,11,3,20960,116332,0,0,0,0,0,269145,3,0
0,0,0,0,4,4,20961,116332,0,0,0,0,0,75255,2,0
2,0,0,1,18,5,20962,116332,0,0,0,0,0,272257,3,0
0,0,0,0,22,6,20963,116332,0,0,0,0,0,272232,3,0
2,0,0,1,21,7,20964,116332,0,0,0,0,0,77683,3,0
1,0,0,0,12,10,20965,116332,0,0,0,0,0,272246,3,0
2,0,0,1,6,13,20966,116332,0,0,0,0,0,272225,2,0
5,0,0,1,14,15,20967,116332,0,0,0,0,0,272224,5,0
2,0,0,1,7,24,20968,116332,0,0,0,0,0,276637,4,0
5,0,0,1,10,26,20969,116332,0,0,0,0,0,277123,3,0
1,0,0,0,24,28,20970,116332,0,0,0,0,0,267287,3,0
3,0,0,1,19,28,20971,116332,0,0,0,0,0,79146,3,0
0,0,0,0,3,28,20972,116332,0,0,0,0,0,272113,3,0
2,0,0,1,16,28,20973,116332,0,0,0,0,0,272234,3,0
0,0,0,0,13,28,20974,116332,0,0,0,0,0,272236,3,0
0,0,0,0,8,28,20975,116332,0,0,0,0,0,272025,3,0
1,0,0,0,15,28,20976,116332,0,0,0,0,0,272147,3,0
1,0,0,0,2,28,20977,116332,0,0,0,0,0,272214,3,0
0,0,0,0,5,28,20978,116332,0,0,0,0,0,272697,4,0
0,0,0,0,28,28,20979,116332,0,0,0,0,0,272040,3,0
0,0,0,0,31,28,20980,116332,0,0,0,0,0,81419,3,0
0,0,0,0,20,28,20981,116332,0,0,0,0,0,272229,3,0
0,0,0,0,23,29,20982,116332,0,0,0,0,0,272228,3,0
0,0,0,0,13,0,20983,116333,0,0,0,0,0,274075,3,0
0,0,0,0,17,3,20984,116333,0,0,0,0,0,272014,4,0
0,0,0,0,4,4,20985,116333,0,0,0,0,0,272059,4,0
1,0,0,1,5,6,20986,116333,0,0,0,0,0,72910,3,0
1,0,0,1,15,7,20987,116333,0,0,0,0,0,272019,3,0
0,0,0,0,8,12,20988,116333,0,0,0,0,0,272017,3,0
0,0,0,0,21,13,20989,116333,0,0,0,0,0,72364,3,0
1,0,0,1,14,15,20990,116333,0,0,0,0,0,261830,3,0
2,0,0,1,20,16,20991,116333,0,0,0,0,0,272244,3,0
2,0,0,1,11,24,20992,116333,0,0,0,0,0,272047,3,0
0,0,0,0,18,26,20993,116333,0,0,0,0,0,79648,3,0
0,0,0,0,31,28,20994,116333,0,0,0,0,0,72706,3,0
0,0,0,0,29,28,20995,116333,0,0,0,0,0,71497,3,0
0,0,0,0,2,28,20996,116333,0,0,0,0,0,71979,2,0
0,0,0,0,3,28,20997,116333,0,0,0,0,0,75009,3,0
0,0,0,0,1,28,20998,116333,0,0,0,0,0,272020,3,0
0,0,0,0,24,28,20999,116333,0,0,0,0,0,71978,3,0
0,0,0,0,35,28,21000,116333,0,0,0,0,0,75066,3,0
0,0,0,0,36,28,21001,116333,0,0,0,0,0,75008,3,0
0,0,0,0,9,28,21002,116333,0,0,0,0,0,279189,4,0
0,0,0,0,22,28,21003,116333,0,0,0,0,0,79659,3,0
0,0,0,0,7,28,21004,116333,0,0,0,0,0,81680,3,0
0,0,0,0,30,28,21005,116333,0,0,0,0,0,75393,3,0
0,0,0,0,6,29,21006,116333,0,0,0,0,0,272265,3,0
0,0,0,0,23,29,21007,116333,0,0,0,0,0,272018,3,0
5,0,0,1,10,29,21008,116333,0,0,0,0,0,272004,5,0
0,0,0,0,1,0,21009,116334,0,0,0,0,0,272061,2,0
1,0,0,0,14,3,21010,116334,0,0,0,0,0,272072,3,0
1,0,0,0,19,4,21011,116334,0,0,0,0,0,272013,2,0
0,0,0,0,4,5,21012,116334,0,0,0,0,0,272082,1,0
2,0,0,1,16,6,21013,116334,0,0,0,0,0,277544,2,0
4,0,0,1,17,7,21014,116334,0,0,0,0,0,272204,1,0
2,0,0,1,20,10,21015,116334,0,0,0,0,0,246287,2,0
2,0,0,1,11,13,21016,116334,0,0,0,0,0,73850,2,0
0,0,0,0,7,15,21017,116334,0,0,0,0,0,272005,3,0
4,0,0,1,23,24,21018,116334,0,0,0,0,0,247530,3,0
4,0,0,1,8,26,21019,116334,0,0,0,0,0,276771,2,0
1,0,0,0,10,28,21020,116334,0,0,0,0,0,272101,4,0
2,0,0,1,9,28,21021,116334,0,0,0,0,0,272241,3,0
0,0,0,0,3,28,21022,116334,0,0,0,0,0,268949,3,0
0,0,0,0,21,28,21023,116334,0,0,0,0,0,272077,3,0
0,0,0,0,30,28,21024,116334,0,0,0,0,0,277685,3,0
0,0,0,0,24,28,21025,116334,0,0,0,0,0,267326,3,0
0,0,0,0,6,28,21026,116334,0,0,0,0,0,75294,3,0
0,0,0,0,28,28,21027,116334,0,0,0,0,0,81290,3,0
0,0,0,0,26,28,21028,116334,0,0,0,0,0,75293,3,0
0,0,0,0,13,0,21029,116336,0,0,0,0,0,279597,3,0
1,0,0,0,12,3,21030,116336,0,0,0,0,0,268993,2,0
1,0,0,0,4,4,21031,116336,0,0,0,0,0,276711,3,0
0,0,0,0,3,6,21032,116336,0,0,0,0,0,256302,2,0
4,0,0,1,24,7,21033,116336,0,0,0,0,0,78279,3,0
3,0,0,1,21,23,21034,116336,0,0,0,0,0,271443,3,0
0,0,0,0,8,13,21035,116336,0,0,0,0,0,261843,3,0
0,0,0,0,5,14,21036,116336,0,0,0,0,0,272007,3,0
2,0,0,0,22,15,21037,116336,0,0,0,0,0,272054,3,0
3,0,0,1,14,27,21038,116336,0,0,0,0,0,72783,2,0
6,0,0,1,10,25,21039,116336,0,0,0,0,0,259334,3,0
3,0,0,1,7,28,21040,116336,0,0,0,0,0,272073,3,0
0,0,0,0,19,28,21041,116336,0,0,0,0,0,272048,3,0
0,0,0,0,20,28,21042,116336,0,0,0,0,0,268948,3,0
0,0,0,0,2,28,21043,116336,0,0,0,0,0,268995,3,0
0,0,0,0,1,28,21044,116336,0,0,0,0,0,70796,2,0
0,0,0,0,11,28,21045,116336,0,0,0,0,0,272200,3,0
0,0,0,0,9,28,21046,116336,0,0,0,0,0,272199,2,0
1,0,0,0,18,28,21047,116336,0,0,0,0,0,227359,2,0
0,0,0,0,6,28,21048,116336,0,0,0,0,0,279191,3,0
0,0,0,0,17,28,21049,116336,0,0,0,0,0,75408,3,0
0,0,0,0,1,0,21050,116337,0,0,0,0,0,228630,1,0
0,0,0,0,17,3,21051,116337,0,0,0,0,0,228626,1,0
0,0,0,0,5,4,21052,116337,0,0,0,0,0,272055,1,0
2,0,0,1,4,6,21053,116337,0,0,0,0,0,277573,1,0
1,0,0,0,15,7,21054,116337,0,0,0,0,0,272172,3,0
0,0,0,0,6,9,21055,116337,0,0,0,0,0,275774,2,0
0,0,0,0,16,11,21056,116337,0,0,0,0,0,272202,2,0
2,0,0,1,9,12,21057,116337,0,0,0,0,0,272146,2,0
2,0,0,1,7,16,21058,116337,0,0,0,0,0,272180,1,0
3,0,0,1,20,18,21059,116337,0,0,0,0,0,262460,3,0
0,0,0,0,14,25,21060,116337,0,0,0,0,0,264671,3,0
3,0,0,1,8,28,21061,116337,0,0,0,0,0,275589,3,0
2,0,0,1,19,28,21062,116337,0,0,0,0,0,277256,2,0
1,0,0,0,22,28,21063,116337,0,0,0,0,0,264986,3,0
0,0,0,0,24,28,21064,116337,0,0,0,0,0,277145,3,0
0,0,0,0,13,28,21065,116337,0,0,0,0,0,71503,3,0
0,0,0,0,11,28,21066,116337,0,0,0,0,0,272116,3,0
0,0,0,0,30,28,21067,116337,0,0,0,0,0,278942,3,0
0,0,0,0,34,28,21068,116337,0,0,0,0,0,71784,3,0
1,0,0,0,10,28,21069,116337,0,0,0,0,0,73730,2,0
0,0,0,0,35,28,21070,116337,0,0,0,0,0,76055,3,0
0,0,0,0,21,28,21071,116337,0,0,0,0,0,241182,3,0
0,0,0,0,1,0,21072,131123,0,0,0,0,0,272400,3,0
0,0,0,0,2,3,21073,131123,0,0,0,0,0,79622,1,0
0,0,0,0,6,4,21074,131123,0,0,0,0,0,273032,3,0
0,0,0,0,27,6,21075,131123,0,0,0,0,0,77677,3,0
0,0,0,0,20,7,21076,131123,0,0,0,0,0,77685,3,0
0,0,0,0,14,9,21077,131123,0,0,0,0,0,77681,2,0
0,0,0,0,18,11,21078,131123,0,0,0,0,0,272223,1,0
2,0,0,1,19,12,21079,131123,0,0,0,0,0,272143,2,0
1,0,0,1,10,16,21080,131123,0,0,0,0,0,273130,3,0
3,0,0,1,7,18,21081,131123,0,0,0,0,0,79277,2,0
1,0,0,1,16,25,21082,131123,0,0,0,0,0,79973,2,0
2,0,0,1,22,28,21083,131123,0,0,0,0,0,77687,3,0
1,0,0,1,9,28,21084,131123,0,0,0,0,0,272570,2,0
0,0,0,0,8,28,21085,131123,0,0,0,0,0,272144,3,0
0,0,0,0,3,28,21086,131123,0,0,0,0,0,272016,1,0
0,0,0,0,13,28,21087,131123,0,0,0,0,0,273836,1,0
0,0,0,0,5,28,21088,131123,0,0,0,0,0,277005,3,0
0,0,0,0,12,28,21089,131123,0,0,0,0,0,80910,3,0
0,0,0,0,26,28,21090,131123,0,0,0,0,0,77682,3,0
0,0,0,0,28,28,21091,131123,0,0,0,0,0,77684,3,0
0,0,0,0,17,28,21092,131123,0,0,0,0,0,247543,3,0
0,0,0,0,11,28,21093,131123,0,0,0,0,0,272179,3,0
1,0,0,1,4,28,21094,131123,0,0,0,0,0,272192,2,0
0,0,0,0,15,29,21095,131123,0,0,0,0,0,273187,2,0
0,0,0,0,21,29,21096,131123,0,0,0,0,0,233576,2,0
0,0,0,0,1,0,21097,131125,0,0,0,0,0,272021,2,0
0,0,0,0,2,3,21098,131125,0,0,0,0,0,272168,3,0
1,0,0,1,23,4,21099,131125,0,0,0,0,0,272140,5,0
0,0,0,0,4,6,21100,131125,0,0,0,0,0,272111,5,0
2,0,0,1,16,7,21101,131125,0,0,0,0,0,272064,3,0
0,0,0,0,17,9,21102,131125,0,0,0,0,0,279037,3,0
0,0,0,0,20,11,21103,131125,0,0,0,0,0,272081,3,0
1,0,0,1,11,12,21104,131125,0,0,0,0,0,272163,3,0
1,0,0,1,10,16,21105,131125,0,0,0,0,0,246356,2,0
1,0,0,1,6,18,21106,131125,0,0,0,0,0,272148,2,0
4,0,0,1,18,25,21107,131125,0,0,0,0,0,272266,3,0
0,0,0,0,14,28,21108,131125,0,0,0,0,0,258914,3,0
2,0,0,1,7,28,21109,131125,0,0,0,0,0,272159,5,0
0,0,0,0,3,28,21110,131125,0,0,0,0,0,272085,3,0
0,0,0,0,21,28,21111,131125,0,0,0,0,0,265948,3,0
0,0,0,0,26,28,21112,131125,0,0,0,0,0,82677,3,0
0,0,0,0,8,28,21113,131125,0,0,0,0,0,277173,3,0
1,0,0,1,19,28,21114,131125,0,0,0,0,0,268994,2,0
0,0,0,0,24,28,21115,131125,0,0,0,0,0,266941,3,0
0,0,0,0,40,28,21116,131125,0,0,0,0,0,278313,3,0
0,0,0,0,27,28,21117,131125,0,0,0,0,0,81440,3,0
0,0,0,0,30,28,21118,131125,0,0,0,0,0,275967,3,0
0,0,0,0,9,28,21119,131125,0,0,0,0,0,272046,3,0
0,0,0,0,13,29,21120,131125,0,0,0,0,0,273142,3,0
0,0,0,0,1,0,21121,131391,0,0,0,0,0,74395,3,0
0,0,0,0,21,3,21122,131391,0,0,0,0,0,275768,3,0
0,0,0,0,5,4,21123,131391,0,0,0,0,0,277116,3,0
0,0,0,0,20,5,21124,131391,0,0,0,0,0,275574,1,0
0,0,0,0,12,6,21125,131391,0,0,0,0,0,275765,3,0
1,0,0,0,15,7,21126,131391,0,0,0,0,0,80077,3,0
0,0,0,0,14,10,21127,131391,0,0,0,0,0,272270,3,0
3,0,0,1,10,13,21128,131391,0,0,0,0,0,275784,2,0
2,0,0,1,6,15,21129,131391,0,0,0,0,0,277048,3,0
2,0,0,1,7,24,21130,131391,0,0,0,0,0,275787,4,0
7,1,0,1,9,26,21131,131391,0,0,0,0,0,78888,1,0
2,0,0,1,11,28,21132,131391,0,0,0,0,0,277073,5,0
0,0,0,0,19,28,21133,131391,0,0,0,0,0,76195,3,0
1,0,0,0,8,28,21134,131391,0,0,0,0,0,72366,3,0
0,0,0,0,18,28,21135,131391,0,0,0,0,0,278665,2,0
0,0,0,0,13,28,21136,131391,0,0,0,0,0,245825,3,0
0,0,0,0,22,28,21137,131391,0,0,0,0,0,272032,4,0
0,0,0,0,3,28,21138,131391,0,0,0,0,0,72223,3,0
0,0,0,0,27,28,21139,131391,0,0,0,0,0,75695,3,0
0,0,0,0,34,28,21140,131391,0,0,0,0,0,77686,3,0
0,0,0,0,30,28,21141,131391,0,0,0,0,0,83103,3,0
0,0,0,0,13,0,21142,131720,0,0,0,0,0,261848,1,0
0,0,0,0,26,3,21143,131720,0,0,0,0,0,72814,2,0
0,0,0,0,23,4,21144,131720,0,0,0,0,0,265021,1,0
0,0,0,0,18,6,21145,131720,0,0,0,0,0,72286,1,0
0,0,0,0,2,7,21146,131720,0,0,0,0,0,72215,3,0
5,0,0,1,14,23,21147,131720,0,0,0,0,0,72149,2,0
0,0,0,0,4,13,21148,131720,0,0,0,0,0,72285,3,0
0,0,0,0,8,14,21149,131720,0,0,0,0,0,278195,1,0
1,0,0,1,6,15,21150,131720,0,0,0,0,0,72147,4,0
1,0,0,1,19,27,21151,131720,0,0,0,0,0,236478,3,0
3,0,0,1,10,25,21152,131720,0,0,0,0,0,72221,3,0
1,0,0,1,16,28,21153,131720,0,0,0,0,0,279215,3,0
1,0,0,1,21,28,21154,131720,0,0,0,0,0,272188,4,0
0,0,0,0,3,28,21155,131720,0,0,0,0,0,73029,1,0
0,0,0,0,5,28,21156,131720,0,0,0,0,0,73231,3,0
0,0,0,0,1,28,21157,131720,0,0,0,0,0,72217,3,0
0,0,0,0,28,28,21158,131720,0,0,0,0,0,76960,3,0
2,0,0,1,11,28,21159,131720,0,0,0,0,0,72288,3,0
0,0,0,0,20,28,21160,131720,0,0,0,0,0,73031,3,0
0,0,0,0,15,28,21161,131720,0,0,0,0,0,72222,3,0
0,0,0,0,7,28,21162,131720,0,0,0,0,0,72150,3,0
0,0,0,0,36,28,21163,131720,0,0,0,0,0,82678,3,0
3,0,0,1,9,28,21164,131720,0,0,0,0,0,275587,5,0
0,0,0,0,30,29,21165,131720,0,0,0,0,0,72290,3,0
1,0,0,1,31,29,21166,131720,0,0,0,0,0,75392,1,0
0,0,0,0,12,29,21167,131720,0,0,0,0,0,72152,3,0
0,0,0,0,32,29,21168,131720,0,0,0,0,0,273398,3,0
0,0,0,0,22,29,21169,131720,0,0,0,0,0,72148,3,0
0,0,0,0,1,0,21170,131733,0,0,0,0,0,269921,5,0
0,0,0,0,22,3,21171,131733,0,0,0,0,0,273150,3,0
0,0,0,0,2,4,21172,131733,0,0,0,0,0,72340,2,0
2,0,0,1,21,6,21173,131733,0,0,0,0,0,72359,3,0
0,0,0,0,5,7,21174,131733,0,0,0,0,0,72345,3,0
3,0,0,1,11,12,21175,131733,0,0,0,0,0,268944,2,0
4,0,0,1,8,13,21176,131733,0,0,0,0,0,272153,4,0
2,0,0,1,20,15,21177,131733,0,0,0,0,0,262459,4,0
1,0,0,0,17,16,21178,131733,0,0,0,0,0,275779,3,0
0,0,0,0,23,24,21179,131733,0,0,0,0,0,265171,2,0
2,0,0,1,19,26,21180,131733,0,0,0,0,0,272136,2,0
0,0,0,0,7,28,21181,131733,0,0,0,0,0,72361,3,0
0,0,0,0,6,28,21182,131733,0,0,0,0,0,72344,3,0
0,0,0,0,10,28,21183,131733,0,0,0,0,0,276904,3,0
0,0,0,0,15,28,21184,131733,0,0,0,0,0,272164,3,0
0,0,0,0,13,28,21185,131733,0,0,0,0,0,268951,3,0
2,0,0,1,9,28,21186,131733,0,0,0,0,0,275782,3,0
0,0,0,0,16,28,21187,131733,0,0,0,0,0,272038,3,0
1,0,0,0,14,28,21188,131733,0,0,0,0,0,272254,3,0
0,0,0,0,4,28,21189,131733,0,0,0,0,0,272126,3,0
0,0,0,0,35,28,21190,131733,0,0,0,0,0,78389,2,0
0,0,0,0,18,28,21191,131733,0,0,0,0,0,80573,3,0
0,0,0,0,29,28,21192,131733,0,0,0,0,0,81293,1,0
0,0,0,0,13,0,21193,132629,0,0,0,0,0,275576,3,0
0,0,0,0,2,3,21194,132629,0,0,0,0,0,79617,3,0
0,0,0,0,23,4,21195,132629,0,0,0,0,0,77986,5,0
0,0,0,0,8,6,21196,132629,0,0,0,0,0,78884,5,0
1,0,0,1,4,7,21197,132629,0,0,0,0,0,78881,4,0
1,0,0,1,14,9,21198,132629,0,0,0,0,0,269678,4,0
0,0,0,0,18,11,21199,132629,0,0,0,0,0,272680,3,0
0,0,0,0,22,12,21200,132629,0,0,0,0,0,78900,3,0
0,0,0,0,11,16,21201,132629,0,0,0,0,0,276468,3,0
3,0,0,1,10,18,21202,132629,0,0,0,0,0,276887,5,0
1,0,0,1,7,25,21203,132629,0,0,0,0,0,78883,3,0
0,0,0,0,9,28,21204,132629,0,0,0,0,0,72464,3,0
2,0,0,1,17,28,21205,132629,0,0,0,0,0,79975,2,0
1,0,0,1,15,28,21206,132629,0,0,0,0,0,78897,4,0
0,0,0,0,6,28,21207,132629,0,0,0,0,0,78901,4,0
0,0,0,0,1,28,21208,132629,0,0,0,0,0,272255,3,0
0,0,0,0,20,28,21209,132629,0,0,0,0,0,78898,3,0
0,0,0,0,24,28,21210,132629,0,0,0,0,0,81679,3,0
0,0,0,0,12,28,21211,132629,0,0,0,0,0,72810,5,0
1,0,0,1,25,28,21212,132629,0,0,0,0,0,81787,4,0
0,0,0,0,16,28,21213,132629,0,0,0,0,0,80059,3,0
1,0,0,1,5,28,21214,132629,0,0,0,0,0,83107,3,0
0,0,0,0,33,28,21215,132629,0,0,0,0,0,79344,3,0
0,0,0,0,44,0,21216,116280,0,0,0,0,0,272534,3,0
0,0,0,0,71,4,21217,116280,0,0,0,0,0,266937,3,0
0,0,0,0,4,5,21218,116280,0,0,0,0,0,258915,3,0
0,0,0,0,5,6,21219,116280,0,0,0,0,0,273275,3,0
0,0,0,0,14,23,21220,116280,0,0,0,0,0,273099,3,0
0,0,0,0,19,12,21221,116280,0,0,0,0,0,266962,3,0
0,0,0,0,13,13,21222,116280,0,0,0,0,0,265240,3,0
0,0,0,0,29,15,21223,116280,0,0,0,0,0,261835,3,0
0,0,0,0,27,16,21224,116280,0,0,0,0,0,262092,3,0
0,0,0,0,9,27,21225,116280,0,0,0,0,0,266931,3,0
0,0,0,0,10,25,21226,116280,0,0,0,0,0,227073,3,0
0,0,0,0,11,28,21227,116280,0,0,0,0,0,227072,3,0
0,0,0,0,23,28,21228,116280,0,0,0,0,0,227074,3,0
0,0,0,0,8,28,21229,116280,0,0,0,0,0,227067,3,0
0,0,0,0,25,28,21230,116280,0,0,0,0,0,272010,3,0
0,0,0,0,1,28,21231,116280,0,0,0,0,0,79232,3,0
0,0,0,0,17,28,21232,116280,0,0,0,0,0,77098,3,0
0,0,0,0,3,28,21233,116280,0,0,0,0,0,272015,3,0
0,0,0,0,6,28,21234,116280,0,0,0,0,0,273001,3,0
0,0,0,0,36,28,21235,116280,0,0,0,0,0,266995,3,0
0,0,0,0,31,28,21236,116280,0,0,0,0,0,72950,3,0
0,0,0,0,33,28,21237,116280,0,0,0,0,0,76319,3,0
0,0,0,0,1,0,21238,116282,0,0,0,0,0,275811,3,0
0,0,0,0,27,3,21239,116282,0,0,0,0,0,276284,3,0
0,0,0,0,2,4,21240,116282,0,0,0,0,0,271347,3,0
0,0,0,0,6,6,21241,116282,0,0,0,0,0,272122,3,0
0,0,0,0,19,7,21242,116282,0,0,0,0,0,77249,3,0
0,0,0,0,10,10,21243,116282,0,0,0,0,0,227095,3,0
0,0,0,0,16,23,21244,116282,0,0,0,0,0,266969,3,0
0,0,0,0,15,13,21245,116282,0,0,0,0,0,276098,3,0
0,0,0,0,20,15,21246,116282,0,0,0,0,0,266973,3,0
0,0,0,0,11,27,21247,116282,0,0,0,0,0,227101,3,0
0,0,0,0,7,25,21248,116282,0,0,0,0,0,261514,3,0
0,0,0,0,30,28,21249,116282,0,0,0,0,0,264089,3,0
0,0,0,0,17,28,21250,116282,0,0,0,0,0,275887,3,0
0,0,0,0,29,28,21251,116282,0,0,0,0,0,272341,3,0
0,0,0,0,44,28,21252,116282,0,0,0,0,0,265681,3,0
0,0,0,0,14,28,21253,116282,0,0,0,0,0,253741,3,0
0,0,0,0,22,28,21254,116282,0,0,0,0,0,267025,3,0
0,0,0,0,21,28,21255,116282,0,0,0,0,0,76320,3,0
0,0,0,0,13,28,21256,116282,0,0,0,0,0,246786,3,0
0,0,0,0,9,28,21257,116282,0,0,0,0,0,75229,3,0
0,0,0,0,5,28,21258,116282,0,0,0,0,0,83382,3,0
0,0,0,0,4,28,21259,116282,0,0,0,0,0,266243,3,0
0,0,0,0,53,28,21260,116282,0,0,0,0,0,80403,3,0
0,0,0,0,23,29,21261,116282,0,0,0,0,0,80399,3,0
0,0,0,0,36,29,21262,116282,0,0,0,0,0,267053,3,0
0,0,0,0,8,29,21263,116282,0,0,0,0,0,75186,3,0
0,0,0,0,1,0,21264,131358,0,0,0,0,0,265115,3,0
0,0,0,0,97,4,21265,131358,0,0,0,0,0,261853,3,0
0,0,0,0,15,5,21266,131358,0,0,0,0,0,261829,3,0
0,0,0,0,5,6,21267,131358,0,0,0,0,0,273280,3,0
0,0,0,0,16,9,21268,131358,0,0,0,0,0,273265,3,0
0,0,0,0,23,11,21269,131358,0,0,0,0,0,275938,3,0
0,0,0,0,25,12,21270,131358,0,0,0,0,0,70851,3,0
0,0,0,0,13,16,21271,131358,0,0,0,0,0,268470,3,0
0,0,0,0,18,18,21272,131358,0,0,0,0,0,77246,3,0
0,0,0,0,7,24,21273,131358,0,0,0,0,0,272050,3,0
0,0,0,0,9,26,21274,131358,0,0,0,0,0,275927,3,0
0,0,0,0,17,28,21275,131358,0,0,0,0,0,261837,3,0
0,0,0,0,96,28,21276,131358,0,0,0,0,0,80898,3,0
0,0,0,0,19,28,21277,131358,0,0,0,0,0,261858,3,0
0,0,0,0,98,28,21278,131358,0,0,0,0,0,277776,3,0
0,0,0,0,12,28,21279,131358,0,0,0,0,0,74712,3,0
0,0,0,0,94,28,21280,131358,0,0,0,0,0,268992,3,0
0,0,0,0,6,28,21281,131358,0,0,0,0,0,73230,3,0
0,0,0,0,55,28,21282,131358,0,0,0,0,0,81790,3,0
0,0,0,0,20,28,21283,131358,0,0,0,0,0,277780,3,0
0,0,0,0,28,28,21284,131358,0,0,0,0,0,237290,3,0
0,0,0,0,77,28,21285,131358,0,0,0,0,0,75305,3,0
0,0,0,0,93,28,21286,131358,0,0,0,0,0,77367,3,0
0,0,0,0,95,29,21287,131358,0,0,0,0,0,80899,3,0
0,0,0,0,14,29,21288,131358,0,0,0,0,0,276397,3,0
0,0,0,0,56,29,21289,131358,0,0,0,0,0,75435,3,0
0,0,0,0,8,29,21290,131358,0,0,0,0,0,261838,3,0
0,0,0,0,99,29,21291,131358,0,0,0,0,0,261831,3,0
0,0,0,0,21,29,21292,131358,0,0,0,0,0,275932,3,0
0,0,0,0,1,0,21293,131359,0,0,0,0,0,275968,3,0
0,0,0,0,24,3,21294,131359,0,0,0,0,0,277813,3,0
0,0,0,0,8,4,21295,131359,0,0,0,0,0,233747,3,0
0,0,0,0,3,6,21296,131359,0,0,0,0,0,79314,3,0
0,0,0,0,6,7,21297,131359,0,0,0,0,0,275949,3,0
0,0,0,0,11,23,21298,131359,0,0,0,0,0,76331,3,0
0,0,0,0,27,13,21299,131359,0,0,0,0,0,79666,3,0
0,0,0,0,16,14,21300,131359,0,0,0,0,0,277812,3,0
0,0,0,0,18,15,21301,131359,0,0,0,0,0,79673,3,0
0,0,0,0,19,27,21302,131359,0,0,0,0,0,79676,3,0
0,0,0,0,9,25,21303,131359,0,0,0,0,0,277815,3,0
0,0,0,0,21,28,21304,131359,0,0,0,0,0,77059,3,0
0,0,0,0,12,28,21305,131359,0,0,0,0,0,73227,3,0
0,0,0,0,4,28,21306,131359,0,0,0,0,0,73228,3,0
0,0,0,0,5,28,21307,131359,0,0,0,0,0,79675,3,0
0,0,0,0,13,28,21308,131359,0,0,0,0,0,278089,3,0
0,0,0,0,10,28,21309,131359,0,0,0,0,0,256102,3,0
0,0,0,0,20,28,21310,131359,0,0,0,0,0,79313,3,0
0,0,0,0,7,28,21311,131359,0,0,0,0,0,79669,3,0
0,0,0,0,26,28,21312,131359,0,0,0,0,0,79674,3,0
0,0,0,0,22,28,21313,131359,0,0,0,0,0,77243,3,0
0,0,0,0,17,28,21314,131359,0,0,0,0,0,80345,3,0
0,0,0,0,33,0,21315,131360,0,0,0,0,0,265040,3,0
0,0,0,0,14,3,21316,131360,0,0,0,0,0,275814,3,0
0,0,0,0,13,4,21317,131360,0,0,0,0,0,276382,3,0
0,0,0,0,20,6,21318,131360,0,0,0,0,0,275813,3,0
0,0,0,0,5,7,21319,131360,0,0,0,0,0,80341,3,0
0,0,0,0,25,9,21320,131360,0,0,0,0,0,275820,3,0
0,0,0,0,10,11,21321,131360,0,0,0,0,0,275824,3,0
0,0,0,0,12,12,21322,131360,0,0,0,0,0,275826,3,0
0,0,0,0,16,16,21323,131360,0,0,0,0,0,275808,3,0
0,0,0,0,21,18,21324,131360,0,0,0,0,0,265304,3,0
0,0,0,0,6,25,21325,131360,0,0,0,0,0,75388,3,0
0,0,0,0,48,28,21326,131360,0,0,0,0,0,267001,3,0
0,0,0,0,30,28,21327,131360,0,0,0,0,0,274770,3,0
0,0,0,0,11,28,21328,131360,0,0,0,0,0,74194,3,0
0,0,0,0,19,28,21329,131360,0,0,0,0,0,275818,3,0
0,0,0,0,27,28,21330,131360,0,0,0,0,0,74187,3,0
0,0,0,0,34,28,21331,131360,0,0,0,0,0,75807,3,0
0,0,0,0,28,28,21332,131360,0,0,0,0,0,275822,3,0
0,0,0,0,8,28,21333,131360,0,0,0,0,0,275823,3,0
0,0,0,0,7,28,21334,131360,0,0,0,0,0,80340,3,0
0,0,0,0,32,28,21335,131360,0,0,0,0,0,74189,3,0
0,0,0,0,15,28,21336,131360,0,0,0,0,0,75809,3,0
0,0,0,0,1,0,21337,131361,0,0,0,0,0,80046,3,0
0,0,0,0,29,3,21338,131361,0,0,0,0,0,75002,3,0
0,0,0,0,5,4,21339,131361,0,0,0,0,0,273406,3,0
0,0,0,0,2,6,21340,131361,0,0,0,0,0,74023,3,0
0,0,0,0,6,7,21341,131361,0,0,0,0,0,277718,3,0
0,0,0,0,3,9,21342,131361,0,0,0,0,0,74026,3,0
0,0,0,0,8,11,21343,131361,0,0,0,0,0,277307,3,0
0,0,0,0,9,12,21344,131361,0,0,0,0,0,264911,3,0
0,0,0,0,24,16,21345,131361,0,0,0,0,0,275845,3,0
0,0,0,0,25,18,21346,131361,0,0,0,0,0,277308,3,0
0,0,0,0,26,25,21347,131361,0,0,0,0,0,276615,3,0
0,0,0,0,10,28,21348,131361,0,0,0,0,0,80049,3,0
0,0,0,0,20,28,21349,131361,0,0,0,0,0,75369,3,0
0,0,0,0,19,28,21350,131361,0,0,0,0,0,71294,3,0
0,0,0,0,17,28,21351,131361,0,0,0,0,0,76010,3,0
0,0,0,0,21,28,21352,131361,0,0,0,0,0,74019,3,0
0,0,0,0,15,28,21353,131361,0,0,0,0,0,76011,3,0
0,0,0,0,28,28,21354,131361,0,0,0,0,0,80051,3,0
0,0,0,0,14,28,21355,131361,0,0,0,0,0,80050,3,0
0,0,0,0,7,28,21356,131361,0,0,0,0,0,83139,3,0
0,0,0,0,12,28,21357,131361,0,0,0,0,0,72229,3,0
0,0,0,0,18,28,21358,131361,0,0,0,0,0,83141,3,0
0,0,0,0,13,0,21359,131362,0,0,0,0,0,267236,3,0
0,0,0,0,20,3,21360,131362,0,0,0,0,0,276237,3,0
0,0,0,0,44,4,21361,131362,0,0,0,0,0,276238,3,0
0,0,0,0,4,6,21362,131362,0,0,0,0,0,76375,3,0
0,0,0,0,5,7,21363,131362,0,0,0,0,0,279933,3,0
0,0,0,0,6,9,21364,131362,0,0,0,0,0,272700,3,0
0,0,0,0,45,11,21365,131362,0,0,0,0,0,74915,3,0
0,0,0,0,9,12,21366,131362,0,0,0,0,0,277881,3,0
0,0,0,0,14,16,21367,131362,0,0,0,0,0,275917,3,0
0,0,0,0,22,18,21368,131362,0,0,0,0,0,72764,3,0
0,0,0,0,24,25,21369,131362,0,0,0,0,0,246637,3,0
0,0,0,0,23,28,21370,131362,0,0,0,0,0,80382,3,0
0,0,0,0,49,28,21371,131362,0,0,0,0,0,76653,3,0
0,0,0,0,51,28,21372,131362,0,0,0,0,0,77946,3,0
0,0,0,0,3,28,21373,131362,0,0,0,0,0,269657,3,0
0,0,0,0,43,28,21374,131362,0,0,0,0,0,76649,3,0
0,0,0,0,19,28,21375,131362,0,0,0,0,0,76656,3,0
0,0,0,0,2,28,21376,131362,0,0,0,0,0,76204,3,0
0,0,0,0,11,28,21377,131362,0,0,0,0,0,76651,3,0
0,0,0,0,46,28,21378,131362,0,0,0,0,0,77947,3,0
0,0,0,0,47,28,21379,131362,0,0,0,0,0,77948,3,0
0,0,0,0,18,28,21380,131362,0,0,0,0,0,275925,3,0
0,0,0,0,25,28,21381,131362,0,0,0,0,0,264832,3,0
0,0,0,0,21,29,21382,131362,0,0,0,0,0,83138,3,0
0,0,0,0,8,29,21383,131362,0,0,0,0,0,79441,3,0
0,0,0,0,29,0,21384,131363,0,0,0,0,0,245871,3,0
0,0,0,0,17,3,21385,131363,0,0,0,0,0,265305,3,0
0,0,0,0,5,4,21386,131363,0,0,0,0,0,267137,3,0
0,0,0,0,18,6,21387,131363,0,0,0,0,0,74027,3,0
0,0,0,0,2,7,21388,131363,0,0,0,0,0,275898,3,0
0,0,0,0,4,10,21389,131363,0,0,0,0,0,245891,3,0
0,0,0,0,21,12,21390,131363,0,0,0,0,0,74017,3,0
0,0,0,0,10,14,21391,131363,0,0,0,0,0,74021,3,0
0,0,0,0,7,16,21392,131363,0,0,0,0,0,275899,3,0
0,0,0,0,19,24,21393,131363,0,0,0,0,0,74030,3,0
0,0,0,0,9,26,21394,131363,0,0,0,0,0,247415,3,0
0,0,0,0,22,28,21395,131363,0,0,0,0,0,81333,3,0
0,0,0,0,20,28,21396,131363,0,0,0,0,0,246899,3,0
0,0,0,0,14,28,21397,131363,0,0,0,0,0,74024,3,0
0,0,0,0,3,28,21398,131363,0,0,0,0,0,273391,3,0
0,0,0,0,35,28,21399,131363,0,0,0,0,0,74912,3,0
0,0,0,0,28,28,21400,131363,0,0,0,0,0,79664,3,0
0,0,0,0,24,28,21401,131363,0,0,0,0,0,79665,3,0
0,0,0,0,6,28,21402,131363,0,0,0,0,0,80061,3,0
0,0,0,0,11,28,21403,131363,0,0,0,0,0,265203,3,0
0,0,0,0,25,28,21404,131363,0,0,0,0,0,275897,3,0
0,0,0,0,99,29,21405,131524,0,0,0,0,0,70846,3,0
0,0,0,0,1,29,21406,131524,0,0,0,0,0,70847,3,0
0,0,0,0,1,0,21407,111205,0,0,0,0,0,238380,3,0
0,0,0,0,4,3,21408,111205,0,0,0,0,0,167135,3,0
0,0,0,0,5,4,21409,111205,0,0,0,0,0,168473,3,0
0,0,0,0,6,6,21410,111205,0,0,0,0,0,190044,3,0
0,0,0,0,3,7,21411,111205,0,0,0,0,0,238439,3,0
0,0,0,0,9,10,21412,111205,0,0,0,0,0,230025,3,0
0,0,0,0,14,12,21413,111205,0,0,0,0,0,190045,3,0
0,0,0,0,11,16,21414,111205,0,0,0,0,0,226764,3,0
0,0,0,0,10,18,21415,111205,0,0,0,0,0,237067,3,0
0,0,0,0,13,24,21416,111205,0,0,0,0,0,190048,3,0
0,0,0,0,2,26,21417,111205,0,0,0,0,0,190042,3,0
0,0,0,0,19,28,21418,111205,0,0,0,0,0,254642,3,0
0,0,0,0,15,28,21419,111205,0,0,0,0,0,166691,3,0
0,0,0,0,18,28,21420,111205,0,0,0,0,0,222000,3,0
0,0,0,0,16,28,21421,111205,0,0,0,0,0,166906,3,0
0,0,0,0,12,28,21422,111205,0,0,0,0,0,1179,3,0
0,0,0,0,7,28,21423,111205,0,0,0,0,0,247553,3,0
0,0,0,0,8,28,21424,111205,0,0,0,0,0,242519,3,0
0,0,0,0,17,28,21425,111205,0,0,0,0,0,268513,3,0
0,0,0,0,20,28,21426,111205,0,0,0,0,0,166149,3,0
0,0,0,0,21,28,21427,111205,0,0,0,0,0,167425,3,0
0,0,0,0,22,28,21428,111205,0,0,0,0,0,238443,3,0
0,0,0,0,23,28,21429,111205,0,0,0,0,0,275049,3,0
0,0,0,0,25,29,21430,111205,0,0,0,0,0,247703,3,0
0,0,0,0,24,29,21431,111205,0,0,0,0,0,247699,3,0
0,0,0,0,29,29,21432,111205,0,0,0,0,0,192181,3,0
0,0,0,0,27,29,21433,111205,0,0,0,0,0,167680,3,0
0,0,0,0,28,29,21434,111205,0,0,0,0,0,190046,3,0
0,0,0,0,30,29,21435,111205,0,0,0,0,0,238435,3,0
0,0,0,0,26,29,21436,111205,0,0,0,0,0,161840,3,0
0,0,0,0,31,29,21437,111205,0,0,0,0,0,166124,3,0
0,0,0,0,32,29,21438,111205,0,0,0,0,0,166676,3,0
0,0,0,0,35,29,21439,111205,0,0,0,0,0,214100,3,0
0,0,0,0,34,29,21440,111205,0,0,0,0,0,214098,3,0
0,0,0,0,33,29,21441,111205,0,0,0,0,0,167134,3,0
0,0,0,0,36,29,21442,111205,0,0,0,0,0,261593,3,0
0,0,0,0,1,0,21443,114815,0,0,0,0,0,238428,3,0
0,0,0,0,2,3,21444,114815,0,0,0,0,0,5003,3,0
0,0,0,0,5,4,21445,114815,0,0,0,0,0,1183,3,0
0,0,0,0,4,6,21446,114815,0,0,0,0,0,1116,3,0
0,0,0,0,3,7,21447,114815,0,0,0,0,0,238430,3,0
0,0,0,0,14,10,21448,114815,0,0,0,0,0,243027,3,0
0,0,0,0,10,13,21449,114815,0,0,0,0,0,238382,3,0
0,0,0,0,21,15,21450,114815,0,0,0,0,0,1397,3,0
0,0,0,0,80,18,21451,114815,0,0,0,0,0,28130,3,0
0,0,0,0,7,24,21452,114815,0,0,0,0,0,167198,3,0
0,0,0,0,9,26,21453,114815,0,0,0,0,0,238424,3,0
0,0,0,0,15,28,21454,114815,0,0,0,0,0,246,3,0
0,0,0,0,27,28,21455,114815,0,0,0,0,0,1605,3,0
0,0,0,0,24,28,21456,114815,0,0,0,0,0,1668,3,0
0,0,0,0,31,28,21457,114815,0,0,0,0,0,243029,3,0
0,0,0,0,19,28,21458,114815,0,0,0,0,0,51539,3,0
0,0,0,0,17,28,21459,114815,0,0,0,0,0,239261,3,0
0,0,0,0,32,28,21460,114815,0,0,0,0,0,250,3,0
0,0,0,0,99,28,21461,114815,0,0,0,0,0,51,3,0
0,0,0,0,11,28,21462,114815,0,0,0,0,0,54050,3,0
0,0,0,0,23,28,21463,114815,0,0,0,0,0,5467,3,0
0,0,0,0,29,28,21464,114815,0,0,0,0,0,7512,3,0
0,0,0,0,16,28,21465,114815,0,0,0,0,0,240,3,0
0,0,0,0,25,29,21466,114815,0,0,0,0,0,1201,3,0
0,0,0,0,55,29,21467,114815,0,0,0,0,0,45674,3,0
0,0,0,0,76,29,21468,114815,0,0,0,0,0,13128,3,0
0,0,0,0,28,29,21469,114815,0,0,0,0,0,5589,3,0
0,0,0,0,37,29,21470,114815,0,0,0,0,0,247515,3,0
0,0,0,0,77,29,21471,114815,0,0,0,0,0,183277,3,0
0,0,0,0,34,29,21472,114815,0,0,0,0,0,191972,3,0
0,0,0,0,18,29,21473,114815,0,0,0,0,0,6975,3,0
0,0,0,0,40,29,21474,114815,0,0,0,0,0,5419,3,0
0,0,0,0,13,29,21475,114815,0,0,0,0,0,34079,3,0
0,0,0,0,26,29,21476,114815,0,0,0,0,0,27,3,0
0,0,0,0,22,29,21477,114815,0,0,0,0,0,330,3,0
0,0,0,0,1,0,21478,132630,0,0,0,0,0,79362,3,0
0,0,0,0,2,3,21479,132630,0,0,0,0,0,79345,3,0
0,0,0,0,3,4,21480,132630,0,0,0,0,0,79346,3,0
0,0,0,0,4,6,21481,132630,0,0,0,0,0,79347,3,0
0,0,0,0,5,7,21482,132630,0,0,0,0,0,79348,3,0
0,0,0,0,6,9,21483,132630,0,0,0,0,0,79350,3,0
0,0,0,0,8,11,21484,132630,0,0,0,0,0,79349,3,0
0,0,0,0,7,12,21485,132630,0,0,0,0,0,79351,3,0
0,0,0,0,9,16,21486,132630,0,0,0,0,0,79352,3,0
0,0,0,0,11,18,21487,132630,0,0,0,0,0,79358,3,0
0,0,0,0,10,25,21488,132630,0,0,0,0,0,79361,3,0
0,0,0,0,15,28,21489,132630,0,0,0,0,0,79353,3,0
0,0,0,0,16,28,21490,132630,0,0,0,0,0,79359,3,0
0,0,0,0,13,28,21491,132630,0,0,0,0,0,79356,3,0
0,0,0,0,14,28,21492,132630,0,0,0,0,0,79357,3,0
0,0,0,0,12,28,21493,132630,0,0,0,0,0,79355,3,0
0,0,0,0,18,28,21494,132630,0,0,0,0,0,79354,3,0
0,0,0,0,17,28,21495,132630,0,0,0,0,0,79360,3,0
0,0,0,0,1,0,21496,132670,0,0,0,0,0,1179,3,0
0,0,0,0,2,3,21497,132670,0,0,0,0,0,5003,3,0
0,0,0,0,3,4,21498,132670,0,0,0,0,0,238439,3,0
0,0,0,0,17,6,21499,132670,0,0,0,0,0,1183,3,0
0,0,0,0,19,7,21500,132670,0,0,0,0,0,250890,3,0
0,0,0,0,10,13,21501,132670,0,0,0,0,0,214100,3,0
0,0,0,0,21,14,21502,132670,0,0,0,0,0,7763,3,0
0,0,0,0,21,15,21503,132670,0,0,0,0,0,1397,3,0
0,0,0,0,10,17,21504,132670,0,0,0,0,0,238382,3,0
0,0,0,0,10,19,21505,132670,0,0,0,0,0,190042,3,0
0,0,0,0,9,25,21506,132670,0,0,0,0,0,37576,3,0
0,0,0,0,10,28,21507,132670,0,0,0,0,0,238435,3,0
0,0,0,0,6,28,21508,132670,0,0,0,0,0,166906,3,0
0,0,0,0,4,28,21509,132670,0,0,0,0,0,1041,3,0
0,0,0,0,13,28,21510,132670,0,0,0,0,0,1088,3,0
0,0,0,0,1,28,21511,132670,0,0,0,0,0,51539,3,0
0,0,0,0,10,28,21512,132670,0,0,0,0,0,166691,3,0
0,0,0,0,4,28,21513,132670,0,0,0,0,0,238427,3,0
0,0,0,0,10,28,21514,132670,0,0,0,0,0,1114,3,0
0,0,0,0,22,28,21515,132670,0,0,0,0,0,138449,3,0
0,0,0,0,10,28,21516,132670,0,0,0,0,0,1238,3,0
0,0,0,0,11,28,21517,132670,0,0,0,0,0,41236,3,0
0,0,0,0,9,28,21518,132670,0,0,0,0,0,192181,3,0
0,0,0,0,80,29,21519,132670,0,0,0,0,0,28130,3,0
0,0,0,0,6,29,21520,132670,0,0,0,0,0,1625,3,0
0,0,0,0,6,29,21521,132670,0,0,0,0,0,238430,3,0
0,0,0,0,6,29,21522,132670,0,0,0,0,0,266690,3,0
0,0,0,0,8,29,21523,132670,0,0,0,0,0,190046,3,0
0,0,0,0,9,29,21524,132670,0,0,0,0,0,233700,3,0
0,0,0,0,9,29,21525,132670,0,0,0,0,0,166676,3,0
0,0,0,0,9,29,21526,132670,0,0,0,0,0,9676,3,0
0,0,0,0,8,29,21527,132670,0,0,0,0,0,1116,3,0
0,0,0,0,3,29,21528,132670,0,0,0,0,0,138956,3,0
0,0,0,0,21,29,21529,132670,0,0,0,0,0,1615,3,0
0,0,0,0,13,29,21530,132670,0,0,0,0,0,135455,3,0
0,0,0,0,11,29,21531,132670,0,0,0,0,0,6235,3,0
0,0,0,0,10,29,21532,132670,0,0,0,0,0,274750,3,0
0,0,0,0,10,29,21533,132670,0,0,0,0,0,120274,3,0
0,0,0,0,7,29,21534,132670,0,0,0,0,0,13128,3,0
0,0,0,0,22,29,21535,132670,0,0,0,0,0,262271,3,0
0,0,0,0,2,29,21536,132670,0,0,0,0,0,16619,3,0
0,0,0,0,31,29,21537,132670,0,0,0,0,0,5740,3,0
0,0,0,0,8,29,21538,132670,0,0,0,0,0,173210,3,0
0,0,0,0,8,29,21539,132670,0,0,0,0,0,214098,3,0
0,0,0,0,16,29,21540,132670,0,0,0,0,0,53302,3,0
0,0,0,0,10,29,21541,132670,0,0,0,0,0,1025,3,0
0,0,0,0,17,29,21542,132670,0,0,0,0,0,171877,3,0
0,0,0,0,10,29,21543,132670,0,0,0,0,0,1201,3,0
0,0,0,0,1,0,21544,132671,0,0,0,0,0,488,3,0
0,0,0,0,21,3,21545,132671,0,0,0,0,0,121939,3,0
0,0,0,0,5,4,21546,132671,0,0,0,0,0,168473,3,0
0,0,0,0,4,6,21547,132671,0,0,0,0,0,261593,3,0
0,0,0,0,3,7,21548,132671,0,0,0,0,0,5454,3,0
0,0,0,0,10,12,21549,132671,0,0,0,0,0,570,3,0
0,0,0,0,10,13,21550,132671,0,0,0,0,0,238435,3,0
0,0,0,0,39,15,21551,132671,0,0,0,0,0,182521,3,0
0,0,0,0,11,16,21552,132671,0,0,0,0,0,28765,3,0
0,0,0,0,10,18,21553,132671,0,0,0,0,0,8473,3,0
0,0,0,0,9,25,21554,132671,0,0,0,0,0,190048,3,0
0,0,0,0,31,28,21555,132671,0,0,0,0,0,121944,3,0
0,0,0,0,14,28,21556,132671,0,0,0,0,0,45197,3,0
0,0,0,0,3,28,21557,132671,0,0,0,0,0,266690,3,0
0,0,0,0,10,28,21558,132671,0,0,0,0,0,251483,3,0
0,0,0,0,1,28,21559,132671,0,0,0,0,0,167495,3,0
0,0,0,0,7,28,21560,132671,0,0,0,0,0,156616,3,0
0,0,0,0,13,28,21561,132671,0,0,0,0,0,7743,3,0
0,0,0,0,9,28,21562,132671,0,0,0,0,0,166676,3,0
0,0,0,0,7,28,21563,132671,0,0,0,0,0,45661,3,0
0,0,0,0,22,28,21564,132671,0,0,0,0,0,10264,3,0
0,0,0,0,18,28,21565,132671,0,0,0,0,0,242510,3,0
0,0,0,0,11,28,21566,132671,0,0,0,0,0,191208,3,0
0,0,0,0,33,29,21567,132671,0,0,0,0,0,150418,3,0
0,0,0,0,9,29,21568,132671,0,0,0,0,0,30110,3,0
0,0,0,0,11,29,21569,132671,0,0,0,0,0,269603,3,0
0,0,0,0,1,0,21570,132672,0,0,0,0,0,238428,3,0
0,0,0,0,23,3,21571,132672,0,0,0,0,0,5467,3,0
0,0,0,0,4,4,21572,132672,0,0,0,0,0,251483,3,0
0,0,0,0,5,6,21573,132672,0,0,0,0,0,7289,3,0
0,0,0,0,3,7,21574,132672,0,0,0,0,0,34079,3,0
0,0,0,0,4,13,21575,132672,0,0,0,0,0,238427,3,0
0,0,0,0,8,14,21576,132672,0,0,0,0,0,5471,3,0
0,0,0,0,8,15,21577,132672,0,0,0,0,0,13743,3,0
0,0,0,0,10,18,21578,132672,0,0,0,0,0,54050,3,0
0,0,0,0,9,24,21579,132672,0,0,0,0,0,51,3,0
0,0,0,0,14,26,21580,132672,0,0,0,0,0,1625,3,0
0,0,0,0,42,28,21581,132672,0,0,0,0,0,20289,3,0
0,0,0,0,15,28,21582,132672,0,0,0,0,0,140601,3,0
0,0,0,0,23,28,21583,132672,0,0,0,0,0,243029,3,0
0,0,0,0,6,28,21584,132672,0,0,0,0,0,274967,3,0
0,0,0,0,1,28,21585,132672,0,0,0,0,0,48940,3,0
0,0,0,0,18,28,21586,132672,0,0,0,0,0,246,3,0
0,0,0,0,16,28,21587,132672,0,0,0,0,0,240,3,0
0,0,0,0,7,28,21588,132672,0,0,0,0,0,1605,3,0
0,0,0,0,3,28,21589,132672,0,0,0,0,0,71557,3,0
0,0,0,0,11,28,21590,132672,0,0,0,0,0,31432,3,0
0,0,0,0,10,28,21591,132672,0,0,0,0,0,238388,3,0
0,0,0,0,10,28,21592,132672,0,0,0,0,0,10264,3,0
0,0,0,0,4,29,21593,132672,0,0,0,0,0,214100,3,0
0,0,0,0,7,29,21594,132672,0,0,0,0,0,167198,3,0
0,0,0,0,6,29,21595,132672,0,0,0,0,0,3622,3,0
0,0,0,0,6,29,21596,132672,0,0,0,0,0,1116,3,0
0,0,0,0,7,29,21597,132672,0,0,0,0,0,250,3,0
0,0,0,0,10,29,21598,132672,0,0,0,0,0,570,3,0
0,0,0,0,20,29,21599,132672,0,0,0,0,0,142754,3,0
0,0,0,0,10,29,21600,132672,0,0,0,0,0,183277,3,0
0,0,0,0,11,29,21601,132672,0,0,0,0,0,262112,3,0
0,0,0,0,10,29,21602,132672,0,0,0,0,0,5419,3,0
0,0,0,0,32,29,21603,132672,0,0,0,0,0,274966,3,0
0,0,0,0,6,29,21604,132672,0,0,0,0,0,5740,3,0
0,0,0,0,17,29,21605,132672,0,0,0,0,0,1620,3,0
0,0,0,0,14,29,21606,132672,0,0,0,0,0,45197,3,0
0,0,0,0,10,29,21607,132672,0,0,0,0,0,247515,3,0
0,0,0,0,4,29,21608,132672,0,0,0,0,0,1668,3,0
0,0,0,0,7,29,21609,132672,0,0,0,0,0,273812,3,0
0,0,0,0,9,29,21610,132672,0,0,0,0,0,49369,3,0
0,0,0,0,8,29,21611,132672,0,0,0,0,0,248146,3,0
0,0,0,0,25,29,21612,132672,0,0,0,0,0,1201,3,0
0,0,0,0,8,29,21613,132672,0,0,0,0,0,6975,3,0
0,0,0,0,5,29,21614,132672,0,0,0,0,0,45674,3,0
0,0,0,0,10,29,21615,132672,0,0,0,0,0,266473,3,0
0,0,0,0,20,29,21616,132672,0,0,0,0,0,1845,3,0
0,0,0,0,24,29,21617,132672,0,0,0,0,0,16254,3,0
0,0,0,0,1,0,21618,132673,0,0,0,0,0,48940,3,0
0,0,0,0,4,3,21619,132673,0,0,0,0,0,1615,3,0
0,0,0,0,3,4,21620,132673,0,0,0,0,0,1116,3,0
0,0,0,0,5,6,21621,132673,0,0,0,0,0,238443,3,0
0,0,0,0,3,7,21622,132673,0,0,0,0,0,5454,3,0
0,0,0,0,14,10,21623,132673,0,0,0,0,0,170890,3,0
0,0,0,0,7,12,21624,132673,0,0,0,0,0,1605,3,0
0,0,0,0,26,16,21625,132673,0,0,0,0,0,183277,3,0
0,0,0,0,10,18,21626,132673,0,0,0,0,0,28130,3,0
0,0,0,0,10,24,21627,132673,0,0,0,0,0,41236,3,0
0,0,0,0,12,26,21628,132673,0,0,0,0,0,1625,3,0
0,0,0,0,7,28,21629,132673,0,0,0,0,0,238427,3,0
0,0,0,0,7,28,21630,132673,0,0,0,0,0,1668,3,0
0,0,0,0,6,28,21631,132673,0,0,0,0,0,3622,3,0
0,0,0,0,13,28,21632,132673,0,0,0,0,0,135455,3,0
0,0,0,0,1,28,21633,132673,0,0,0,0,0,1179,3,0
0,0,0,0,7,28,21634,132673,0,0,0,0,0,156616,3,0
0,0,0,0,8,28,21635,132673,0,0,0,0,0,1551,3,0
0,0,0,0,7,28,21636,132673,0,0,0,0,0,1397,3,0
0,0,0,0,14,28,21637,132673,0,0,0,0,0,40898,3,0
0,0,0,0,14,28,21638,132673,0,0,0,0,0,167198,3,0
0,0,0,0,9,28,21639,132673,0,0,0,0,0,167134,3,0
0,0,0,0,11,28,21640,132673,0,0,0,0,0,31432,3,0
0,0,0,0,28,29,21641,132673,0,0,0,0,0,274967,3,0
0,0,0,0,10,29,21642,132673,0,0,0,0,0,5661,3,0
0,0,0,0,11,29,21643,132673,0,0,0,0,0,191972,3,0
0,0,0,0,10,29,21644,132673,0,0,0,0,0,167425,3,0
0,0,0,0,10,29,21645,132673,0,0,0,0,0,570,3,0
0,0,0,0,10,29,21646,132673,0,0,0,0,0,275049,3,0
0,0,0,0,4,29,21647,132673,0,0,0,0,0,1620,3,0
0,0,0,0,15,29,21648,132673,0,0,0,0,0,20289,3,0
0,0,0,0,15,29,21649,132673,0,0,0,0,0,30110,3,0
0,0,0,0,4,29,21650,132673,0,0,0,0,0,45674,3,0
0,0,0,0,1,0,21651,132674,0,0,0,0,0,5479,3,0
0,0,0,0,5,4,21652,132674,0,0,0,0,0,238384,3,0
0,0,0,0,4,5,21653,132674,0,0,0,0,0,161840,3,0
0,0,0,0,4,6,21654,132674,0,0,0,0,0,167680,3,0
0,0,0,0,10,12,21655,132674,0,0,0,0,0,5589,3,0
0,0,0,0,14,13,21656,132674,0,0,0,0,0,45197,3,0
0,0,0,0,8,15,21657,132674,0,0,0,0,0,41,3,0
0,0,0,0,10,16,21658,132674,0,0,0,0,0,214101,3,0
0,0,0,0,9,17,21659,132674,0,0,0,0,0,190045,3,0
0,0,0,0,5,19,21660,132674,0,0,0,0,0,1397,3,0
0,0,0,0,7,25,21661,132674,0,0,0,0,0,45661,3,0
0,0,0,0,24,28,21662,132674,0,0,0,0,0,1668,3,0
0,0,0,0,3,28,21663,132674,0,0,0,0,0,238430,3,0
0,0,0,0,4,28,21664,132674,0,0,0,0,0,26709,3,0
0,0,0,0,14,28,21665,132674,0,0,0,0,0,142754,3,0
0,0,0,0,25,28,21666,132674,0,0,0,0,0,44897,3,0
0,0,0,0,6,28,21667,132674,0,0,0,0,0,10535,3,0
0,0,0,0,23,28,21668,132674,0,0,0,0,0,250,3,0
0,0,0,0,8,28,21669,132674,0,0,0,0,0,23174,3,0
0,0,0,0,10,28,21670,132674,0,0,0,0,0,28130,3,0
0,0,0,0,9,28,21671,132674,0,0,0,0,0,37576,3,0
0,0,0,0,7,28,21672,132674,0,0,0,0,0,266691,3,0
0,0,0,0,9,28,21673,132674,0,0,0,0,0,166149,3,0
0,0,0,0,8,29,21674,132674,0,0,0,0,0,182521,3,0
0,0,0,0,11,29,21675,132674,0,0,0,0,0,4231,3,0
0,0,0,0,5,29,21676,132674,0,0,0,0,0,1183,3,0
0,0,0,0,12,29,21677,132674,0,0,0,0,0,176676,3,0
0,0,0,0,8,29,21678,132674,0,0,0,0,0,4833,3,0
0,0,0,0,7,29,21679,132674,0,0,0,0,0,191695,3,0
0,0,0,0,9,29,21680,132674,0,0,0,0,0,5661,3,0
0,0,0,0,9,29,21681,132674,0,0,0,0,0,9676,3,0
0,0,0,0,9,29,21682,132674,0,0,0,0,0,166124,3,0
0,0,0,0,9,29,21683,132674,0,0,0,0,0,222000,3,0
0,0,0,0,9,29,21684,132674,0,0,0,0,0,214649,3,0
0,0,0,0,9,29,21685,132674,0,0,0,0,0,238424,3,0
0,0,0,0,15,29,21686,132674,0,0,0,0,0,262285,3,0
0,0,0,0,14,29,21687,132674,0,0,0,0,0,25924,3,0
0,0,0,0,1,0,21688,132702,0,0,0,0,0,1179,3,0
0,0,0,0,21,3,21689,132702,0,0,0,0,0,1615,3,0
0,0,0,0,28,4,21690,132702,0,0,0,0,0,1183,3,0
0,0,0,0,3,6,21691,132702,0,0,0,0,0,138956,3,0
0,0,0,0,19,7,21692,132702,0,0,0,0,0,250890,3,0
0,0,0,0,5,13,21693,132702,0,0,0,0,0,222077,3,0
0,0,0,0,21,14,21694,132702,0,0,0,0,0,7763,3,0
0,0,0,0,21,15,21695,132702,0,0,0,0,0,1397,3,0
0,0,0,0,10,17,21696,132702,0,0,0,0,0,1114,3,0
0,0,0,0,10,19,21697,132702,0,0,0,0,0,238382,3,0
0,0,0,0,9,25,21698,132702,0,0,0,0,0,233700,3,0
0,0,0,0,4,28,21699,132702,0,0,0,0,0,238427,3,0
0,0,0,0,14,28,21700,132702,0,0,0,0,0,170890,3,0
0,0,0,0,3,28,21701,132702,0,0,0,0,0,239580,3,0
0,0,0,0,27,28,21702,132702,0,0,0,0,0,258966,3,0
0,0,0,0,1,28,21703,132702,0,0,0,0,0,51539,3,0
0,0,0,0,11,28,21704,132702,0,0,0,0,0,6235,3,0
0,0,0,0,8,28,21705,132702,0,0,0,0,0,173210,3,0
0,0,0,0,10,28,21706,132702,0,0,0,0,0,277954,3,0
0,0,0,0,10,28,21707,132702,0,0,0,0,0,274966,3,0
0,0,0,0,1,0,21708,132703,0,0,0,0,0,212831,3,0
0,0,0,0,30,3,21709,132703,0,0,0,0,0,253149,3,0
0,0,0,0,4,4,21710,132703,0,0,0,0,0,203376,3,0
0,0,0,0,23,6,21711,132703,0,0,0,0,0,5467,3,0
0,0,0,0,6,7,21712,132703,0,0,0,0,0,274967,3,0
0,0,0,0,11,12,21713,132703,0,0,0,0,0,209331,3,0
0,0,0,0,14,13,21714,132703,0,0,0,0,0,45197,3,0
0,0,0,0,8,15,21715,132703,0,0,0,0,0,13743,3,0
0,0,0,0,10,16,21716,132703,0,0,0,0,0,247515,3,0
0,0,0,0,7,24,21717,132703,0,0,0,0,0,247699,3,0
0,0,0,0,9,26,21718,132703,0,0,0,0,0,247703,3,0
0,0,0,0,37,28,21719,132703,0,0,0,0,0,5673,3,0
0,0,0,0,7,28,21720,132703,0,0,0,0,0,273812,3,0
0,0,0,0,18,28,21721,132703,0,0,0,0,0,15723,3,0
0,0,0,0,20,28,21722,132703,0,0,0,0,0,142754,3,0
0,0,0,0,1,28,21723,132703,0,0,0,0,0,44897,3,0
0,0,0,0,7,28,21724,132703,0,0,0,0,0,266801,3,0
0,0,0,0,15,28,21725,132703,0,0,0,0,0,51257,3,0
0,0,0,0,10,28,21726,132703,0,0,0,0,0,5419,3,0
0,0,0,0,9,28,21727,132703,0,0,0,0,0,49369,3,0
0,0,0,0,1,0,21728,132704,0,0,0,0,0,5479,3,0
0,0,0,0,2,3,21729,132704,0,0,0,0,0,204963,3,0
0,0,0,0,6,4,21730,132704,0,0,0,0,0,1183,3,0
0,0,0,0,4,6,21731,132704,0,0,0,0,0,161840,3,0
0,0,0,0,3,7,21732,132704,0,0,0,0,0,238430,3,0
0,0,0,0,24,10,21733,132704,0,0,0,0,0,1668,3,0
0,0,0,0,5,13,21734,132704,0,0,0,0,0,252371,3,0
0,0,0,0,8,15,21735,132704,0,0,0,0,0,182521,3,0
0,0,0,0,5,18,21736,132704,0,0,0,0,0,1397,3,0
0,0,0,0,7,24,21737,132704,0,0,0,0,0,45661,3,0
0,0,0,0,10,26,21738,132704,0,0,0,0,0,231747,3,0
0,0,0,0,10,28,21739,132704,0,0,0,0,0,5589,3,0
0,0,0,0,11,28,21740,132704,0,0,0,0,0,71557,3,0
0,0,0,0,23,28,21741,132704,0,0,0,0,0,250,3,0
0,0,0,0,12,28,21742,132704,0,0,0,0,0,176676,3,0
0,0,0,0,1,28,21743,132704,0,0,0,0,0,192119,3,0
0,0,0,0,10,28,21744,132704,0,0,0,0,0,254642,3,0
0,0,0,0,9,28,21745,132704,0,0,0,0,0,166149,3,0
0,0,0,0,9,28,21746,132704,0,0,0,0,0,37576,3,0
0,0,0,0,7,28,21747,132704,0,0,0,0,0,191695,3,0
0,0,0,0,1,0,21748,132705,0,0,0,0,0,167495,3,0
0,0,0,0,21,3,21749,132705,0,0,0,0,0,121939,3,0
0,0,0,0,5,4,21750,132705,0,0,0,0,0,168473,3,0
0,0,0,0,3,6,21751,132705,0,0,0,0,0,266690,3,0
0,0,0,0,3,7,21752,132705,0,0,0,0,0,5454,3,0
0,0,0,0,10,10,21753,132705,0,0,0,0,0,238435,3,0
0,0,0,0,17,12,21754,132705,0,0,0,0,0,247827,3,0
0,0,0,0,31,13,21755,132705,0,0,0,0,0,121944,3,0
0,0,0,0,10,15,21756,132705,0,0,0,0,0,256790,3,0
0,0,0,0,7,16,21757,132705,0,0,0,0,0,156616,3,0
0,0,0,0,9,25,21758,132705,0,0,0,0,0,190048,3,0
0,0,0,0,39,28,21759,132705,0,0,0,0,0,182521,3,0
0,0,0,0,14,28,21760,132705,0,0,0,0,0,45197,3,0
0,0,0,0,13,28,21761,132705,0,0,0,0,0,7743,3,0
0,0,0,0,4,28,21762,132705,0,0,0,0,0,261593,3,0
0,0,0,0,1,28,21763,132705,0,0,0,0,0,488,3,0
0,0,0,0,33,28,21764,132705,0,0,0,0,0,150418,3,0
0,0,0,0,11,28,21765,132705,0,0,0,0,0,28765,3,0
0,0,0,0,9,28,21766,132705,0,0,0,0,0,202126,3,0
0,0,0,0,19,28,21767,132705,0,0,0,0,0,242510,3,0
0,0,0,0,1,0,21768,132706,0,0,0,0,0,48940,3,0
0,0,0,0,24,3,21769,132706,0,0,0,0,0,238074,3,0
0,0,0,0,6,4,21770,132706,0,0,0,0,0,1116,3,0
0,0,0,0,6,6,21771,132706,0,0,0,0,0,3622,3,0
0,0,0,0,3,7,21772,132706,0,0,0,0,0,34079,3,0
0,0,0,0,4,9,21773,132706,0,0,0,0,0,1668,3,0
0,0,0,0,8,11,21774,132706,0,0,0,0,0,5471,3,0
0,0,0,0,10,12,21775,132706,0,0,0,0,0,257534,3,0
0,0,0,0,10,16,21776,132706,0,0,0,0,0,183277,3,0
0,0,0,0,25,18,21777,132706,0,0,0,0,0,1201,3,0
0,0,0,0,11,25,21778,132706,0,0,0,0,0,31432,3,0
0,0,0,0,4,28,21779,132706,0,0,0,0,0,214100,3,0
0,0,0,0,25,28,21780,132706,0,0,0,0,0,256079,3,0
0,0,0,0,5,28,21781,132706,0,0,0,0,0,45674,3,0
0,0,0,0,7,28,21782,132706,0,0,0,0,0,184943,3,0
0,0,0,0,1,28,21783,132706,0,0,0,0,0,228789,3,0
0,0,0,0,10,28,21784,132706,0,0,0,0,0,27,3,0
0,0,0,0,9,28,21785,132706,0,0,0,0,0,49369,3,0
0,0,0,0,9,28,21786,132706,0,0,0,0,0,7512,3,0
0,0,0,0,9,28,21787,132706,0,0,0,0,0,233700,3,0
