assetid,teamcolor1g,teamcolor1r,clubworth,teamcolor2b,goalnetstanchioncolor2g,teamcolor2r,foundationyear,goalnetstanchioncolor2r,teamcolor3r,goalnetstanchioncolor1b,teamcolor1b,opponentweakthreshold,latitude,teamcolor3g,opponentstrongthreshold,goalnetstanchioncolor2b,goalnetstanchioncolor1r,teamcolor2g,goalnetstanchioncolor1g,teamname,teamcolor3b,presassetone,powid,hassubstitutionboard,rightfreekicktakerid,flamethrowercannon,domesticprestige,genericint2,cksupport7,defensivedepth,hasvikingclap,jerseytype,pitchcolor,cksupport9,pitchwear,popularity,hastifo,presassettwo,teamstadiumcapacity,stadiumgoalnetstyle,iscompetitionscarfenabled,cityid,rivalteam,playsurfacetype,isbannerenabled,midfieldrating,cksupport8,stadiummowpattern_code,cksupport6,matchdayoverallrating,matchdaymidfieldrating,attackrating,longitude,buildupplay,matchdaydefenserating,hasstandingcrowd,favoriteteamsheetid,defenserating,iscompetitionpoleflagenabled,skinnyflags,uefa_consecutive_wins,longkicktakerid,trait1vweak,iscompetitioncrowdcardsenabled,rightcornerkicktakerid,throwerleft,gender,cksupport1,cornerflagpolecolor,uefa_cl_wins,hassuncanthem,domesticcups,ethnicity,leftcornerkicktakerid,youthdevelopment,teamid,uefa_el_wins,trait1vequal,numtransfersin,stanchionflamethrower,stadiumgoalnetpattern,throwerright,captainid,personalityid,prev_el_champ,leftfreekicktakerid,cksupport2,leaguetitles,genericbanner,crowdregion,uefa_uecl_wins,overallrating,ballid,profitability,utcoffset,penaltytakerid,pitchlinecolor,cksupport5,freekicktakerid,crowdskintonecode,internationalprestige,cksupport3,haslargeflag,trainingstadium,form,genericint1,cksupport4,trait1vstrong,matchdayattackrating
1,26,218,2500000,255,1,255,1886,1,228,1,53,3,51,206,3,1,1,255,1,Arsenal,60,0,-1,0,234378,0,10,-1,0,65,0,2,3,0,0,9,0,0,60704,0,0,285,18,0,1,85,0,1,0,84,85,86,0,1,84,0,-1,84,0,0,0,234378,131586,2,246669,0,0,0,0,0,0,14,4,234378,7,1,0,131586,0,0,0,0,246669,1,0,234378,0,13,0,3,0,84,35,9,0,241651,0,0,234378,2,9,0,0,366,0,-1,0,4202498,86
2,0,102,800000,229,1,148,1874,1,124,1,51,2,52,47,2,1,1,190,1,Aston Villa,78,0,-1,0,200458,1,7,-1,0,50,0,2,4,0,0,7,0,0,42657,0,2,54,109,0,2,81,0,1,0,81,81,82,-1,1,80,0,-1,80,0,0,0,200458,131712,2,200458,0,0,0,0,1,0,7,3,227174,5,2,0,4194944,0,0,0,0,210881,1,0,226162,0,7,0,3,0,81,35,9,0,221697,0,0,200458,2,7,0,0,366,0,-1,0,270464,85
3,76,1,39000,255,76,255,1875,1,1,182,182,1,53,76,1,182,1,255,76,Blackburn Rovers,202,0,-1,0,225748,0,5,-1,0,50,0,2,4,0,0,4,0,0,31367,0,2,55,1796,0,2,69,0,1,0,69,69,69,-2,2,67,0,-1,67,2,0,0,225748,4202512,2,225748,0,0,0,0,0,0,6,2,225748,7,3,0,4202512,0,0,0,0,225748,1,0,225748,0,3,0,3,0,69,55,4,0,225748,0,0,225748,2,1,0,0,316,0,-1,0,266256,69
4,255,255,8000,63,28,8,1874,14,255,80,255,1,53,255,1,80,14,21,28,Bolton Wanderers,255,0,-1,0,212366,0,8,-1,0,90,0,2,4,0,0,4,0,0,28723,0,2,61,1917,0,2,67,0,1,0,67,67,66,-2,1,66,0,-1,66,2,0,0,212366,66688,0,212366,0,0,0,0,0,0,4,2,212366,8,4,0,66688,0,0,0,0,239540,0,0,212366,0,0,0,3,0,67,55,7,0,236528,0,0,212366,2,1,0,0,316,0,-1,0,139392,66
5,20,0,2340000,255,85,255,1905,48,28,200,137,2,51,75,2,200,48,255,85,Chelsea,160,0,-1,0,238074,1,8,-1,0,65,0,2,3,0,0,9,0,0,40343,0,2,285,1,0,1,84,0,1,0,81,84,82,0,1,78,1,-1,79,1,0,0,238074,131721,3,238616,0,0,0,0,2,0,8,2,238074,4,5,2,131721,0,0,0,0,238074,0,0,238074,0,6,0,3,1,81,35,10,0,257534,0,0,238074,2,8,0,0,366,0,-1,0,4202633,81
7,54,0,700000,255,54,255,1878,0,45,156,156,2,53,99,2,156,0,255,54,Everton,201,0,-1,0,237386,0,4,-1,0,50,0,2,4,0,0,7,0,0,52769,0,0,282,9,0,2,78,0,1,0,78,78,76,-2,3,77,0,-1,77,0,0,0,237386,139336,2,237386,0,0,0,0,0,0,5,1,243657,5,7,0,4198472,0,0,0,0,202695,0,0,243657,0,9,0,3,0,78,35,4,0,261188,0,0,243657,2,4,0,0,366,0,-1,0,266312,75
8,255,255,390000,134,205,46,1919,235,235,134,255,2,53,225,2,0,46,67,67,Leeds United,1,0,-1,0,257191,0,2,-1,0,30,0,1,5,0,0,7,0,0,37890,0,2,269,11,0,1,77,0,1,0,76,77,76,-1,3,75,0,-1,76,2,0,0,257191,270465,2,257191,0,0,0,0,0,0,1,3,257191,4,8,0,266369,0,0,0,0,235735,0,0,257191,0,3,0,3,0,76,35,7,0,221479,0,0,257191,2,1,0,0,316,0,-1,0,528513,75
9,27,227,4650480,255,1,255,1892,1,255,1,35,3,53,215,3,1,1,255,1,Liverpool,0,0,-1,0,236772,0,10,-1,0,65,0,1,3,0,0,9,0,0,53394,0,1,282,11,0,1,84,0,1,0,84,84,87,-2,1,83,0,-1,83,1,0,0,236772,131712,3,236772,0,0,0,0,6,0,8,3,256630,4,9,3,131712,0,0,0,0,203376,0,0,236772,0,20,0,3,0,84,35,6,0,209331,0,0,236772,2,10,0,0,366,0,-1,0,4202624,87
10,173,108,4564360,255,177,255,1880,133,0,222,233,3,53,40,3,222,133,255,177,Manchester City,94,0,-1,0,251570,0,10,-1,0,65,0,2,4,0,0,9,1,0,53400,0,1,300,11,0,2,84,0,1,0,84,84,87,-2,1,82,1,-1,82,1,0,0,218667,131712,3,218667,0,0,0,0,1,0,7,2,251570,3,10,0,131712,0,0,0,0,218667,1,0,251570,0,10,0,3,0,84,35,8,0,239085,0,0,251570,2,10,0,0,366,0,-1,0,4202624,87
11,1,199,5683920,255,1,255,1878,1,30,1,1,2,53,30,2,1,1,255,1,Manchester United,30,0,-1,0,212198,0,7,-1,0,65,0,2,5,0,0,10,0,0,74310,0,0,300,9,0,0,82,0,1,0,82,83,82,-2,1,80,1,-1,79,0,0,0,212198,131732,0,243014,0,0,0,0,3,0,13,2,212198,9,11,1,131732,0,0,0,0,212198,0,0,212198,0,20,0,3,0,80,35,6,0,212198,0,0,212198,2,7,0,0,366,0,-1,0,4202644,83
12,25,224,80000,255,1,255,1876,1,235,1,34,2,54,25,2,1,1,255,1,Middlesbrough,34,0,-1,0,218659,0,7,-1,0,30,0,1,4,0,0,5,0,0,33931,0,2,315,13,0,2,72,0,1,0,72,72,70,-1,2,72,0,-1,72,2,0,0,218659,270466,2,218659,0,0,0,0,0,0,0,1,253054,6,12,0,532610,0,0,0,0,186156,0,0,252796,0,0,0,3,0,72,55,6,0,261283,0,0,218659,2,1,0,0,316,0,-1,0,528514,70
13,30,30,900000,255,40,255,1892,9,30,25,30,2,54,30,2,25,9,255,40,Newcastle United,30,0,-1,0,241096,0,8,-1,0,50,0,2,4,0,0,7,0,0,52305,0,0,342,106,0,2,84,0,1,0,80,83,79,-1,2,79,0,-1,80,0,0,0,241096,131712,2,266127,0,0,0,0,0,0,6,2,241096,5,13,0,4202624,0,0,0,0,247851,0,0,241096,0,4,0,3,0,81,35,10,0,242964,0,0,241096,2,8,0,0,366,0,-1,0,266368,78
14,36,221,440000,255,36,255,1865,221,210,33,33,2,52,36,2,33,221,255,36,Nottingham Forest,33,0,-1,0,254243,0,6,-1,0,50,0,2,5,0,0,6,0,0,30445,0,2,352,91,0,2,78,0,1,0,79,78,79,-1,1,80,0,-1,80,2,0,0,254243,132416,2,254243,0,0,0,0,2,0,2,4,254243,6,14,0,4195648,0,0,0,0,236015,1,0,254243,0,1,0,3,0,79,35,10,0,236015,0,0,254243,2,6,0,0,316,0,-1,0,270656,78
15,66,32,35000,255,43,255,1882,31,32,109,151,1,51,66,1,109,31,255,43,Queens Park Rangers,171,0,-1,0,265412,0,5,-1,0,50,0,2,4,0,0,4,0,0,18439,5,2,285,144,0,2,70,0,1,0,70,70,67,0,2,70,0,-1,70,2,0,0,265412,4202752,2,265412,0,0,0,0,0,0,0,2,265412,6,15,0,4202752,0,0,0,0,235156,0,0,265412,0,0,0,3,0,70,55,5,0,279857,0,0,265412,2,1,0,0,316,0,-1,0,266496,67
17,0,228,200000,255,26,255,1885,236,211,27,43,2,50,10,2,27,236,255,26,Southampton,10,0,-1,0,269964,1,10,-1,0,50,0,2,3,0,0,6,0,0,32384,0,0,459,1790,0,2,72,0,1,0,72,72,74,-1,1,72,0,-1,72,0,0,0,269964,4195456,2,269964,0,0,0,0,0,0,1,2,269964,8,17,0,4195456,0,0,0,0,252793,0,0,269964,0,0,0,3,0,72,55,7,0,226777,0,0,269964,2,2,0,0,316,0,-1,0,270464,74
18,255,255,2430000,75,37,15,1882,29,153,110,255,2,51,177,2,110,29,32,37,Tottenham Hotspur,211,0,-1,0,243576,0,7,-1,0,90,0,2,6,0,0,8,1,0,62850,0,0,285,1,0,1,80,0,1,0,81,80,79,0,1,81,1,-1,80,2,0,0,243576,66180,3,243576,0,0,0,0,0,0,8,3,243576,6,18,3,66180,0,0,0,0,232488,1,1,243576,0,2,0,3,0,80,35,8,0,231943,0,0,243576,2,7,0,0,366,0,-1,0,73860,79
19,37,123,915300,231,38,27,1895,16,100,32,57,2,51,30,2,32,16,177,38,West Ham United,60,1,-1,0,270857,0,3,-1,0,30,0,2,3,0,0,7,0,0,60000,0,1,285,97,0,2,78,0,1,0,78,79,76,0,2,77,0,-1,77,0,0,0,270857,263312,2,224371,0,0,0,0,0,0,3,5,251954,6,19,0,270480,0,0,0,0,224371,0,0,270857,0,0,0,3,1,77,35,8,0,224371,0,0,270857,2,4,0,0,366,0,-1,0,528528,76
21,1,255,4335499,255,1,255,1900,200,29,1,60,3,48,29,3,1,200,255,1,Bayern München,27,0,-1,1,202126,0,10,-1,0,65,0,2,4,0,0,8,1,0,75000,1,1,333,32,0,1,85,0,1,0,84,86,90,11,1,83,1,-1,83,1,0,0,212622,131716,0,247827,0,0,0,0,6,0,20,6,212622,5,21,1,131716,0,0,0,0,167495,0,0,247827,0,34,0,4,0,84,25,3,1,202126,0,0,247827,2,9,0,0,366,0,-1,0,4202628,91
22,217,255,1742700,1,157,1,1909,149,245,152,1,2,51,255,2,152,149,1,157,Borussia Dortmund,1,0,-1,1,229891,0,9,-1,0,65,0,2,4,0,0,9,1,0,81365,12,1,141,21,0,1,80,0,1,0,82,81,82,7,1,82,1,-1,81,1,0,0,259716,131716,3,229891,0,0,0,0,1,0,5,2,229891,7,22,0,131716,0,0,0,0,247819,0,0,259716,0,8,0,4,0,81,25,3,1,215441,0,0,259716,2,8,0,0,366,0,-1,0,4202628,82
23,1,1,308720,255,1,255,1900,1,122,255,1,2,51,185,2,1,255,255,255,Borussia M'gladbach,41,0,-1,1,220876,0,6,-1,0,50,0,2,4,0,0,7,1,0,54042,8,1,322,31,0,1,75,0,1,0,76,76,77,6,2,78,1,-1,75,1,0,0,220876,132098,3,220876,0,0,0,0,0,0,3,2,220876,7,23,2,4202498,0,0,0,0,257919,1,0,220876,0,5,0,4,0,75,25,3,1,212002,0,0,220876,2,5,0,0,316,0,-1,0,266242,78
25,1,228,297500,1,1,1,1904,220,255,1,43,2,48,255,2,1,220,1,1,SC Freiburg,255,0,-1,1,212096,4,5,-1,0,50,0,2,4,0,0,5,0,0,34700,1,1,168,36,0,1,75,0,1,0,76,76,74,7,1,77,1,-1,76,1,0,0,212096,132098,1,212096,0,0,0,0,0,0,0,3,212096,10,25,0,4195330,0,0,0,0,209846,0,0,212096,0,0,0,4,0,75,25,4,1,212096,0,0,212096,2,4,0,0,316,0,-1,0,270338,77
27,110,1,9850,255,235,255,1965,235,255,235,184,1,54,41,1,235,235,255,235,Hansa Rostock,31,0,-1,0,270111,0,10,-1,0,50,1,2,4,0,2,8,0,0,29000,5,1,641,110329,0,1,65,0,1,0,66,65,66,12,1,65,1,-1,66,1,0,0,270111,4195584,1,270111,0,0,0,0,0,0,0,2,270111,7,27,0,263424,0,0,0,0,223680,1,0,270111,0,0,0,4,0,66,91,1,1,251107,0,0,270111,2,1,0,0,316,0,-1,0,532736,68
28,90,1,195200,255,180,255,1887,180,1,180,170,2,53,1,2,180,180,255,180,Hamburger SV,1,0,-1,1,232839,0,2,-1,0,50,0,2,4,0,0,8,1,2,57000,11,1,205,110329,0,1,73,0,1,0,74,74,72,9,2,74,1,-1,74,1,0,0,232839,4202497,3,232839,0,0,0,0,1,0,3,3,232839,6,28,0,4202497,0,0,0,0,232839,0,0,232839,0,6,0,4,0,74,25,2,1,232839,0,0,232839,2,3,0,0,316,0,-1,0,266241,72
29,1,255,26800,255,210,255,1900,210,153,210,1,1,49,24,1,210,210,255,210,1. FC Kaiserslautern,65,0,-1,0,223755,0,6,-1,0,50,0,2,4,0,2,8,0,0,49850,0,1,238,1832,0,1,70,0,1,0,70,71,70,7,2,70,1,-1,69,1,0,0,73135,4202497,1,73135,0,0,0,0,0,0,2,3,73135,7,29,0,4202497,0,0,0,0,223755,1,0,223755,0,4,0,4,0,69,27,4,1,223755,0,0,223755,2,1,0,0,316,0,-1,0,266241,69
31,41,218,181055,255,1,255,1948,1,1,1,28,2,50,1,2,1,1,255,1,1. FC Köln,1,0,-1,1,252495,0,2,-1,0,50,0,2,4,0,0,10,0,0,50000,1,1,249,23,0,1,74,0,1,0,72,73,75,6,2,67,1,-1,71,1,0,0,252495,4202624,3,252495,0,0,0,0,0,0,4,2,252495,8,31,0,4202624,0,0,0,0,224041,0,0,252495,0,3,0,4,0,74,25,2,1,252495,0,0,252495,2,3,0,0,316,0,-1,0,266368,74
32,1,255,555720,1,210,1,1904,210,255,210,1,2,51,255,2,210,210,1,210,Bayer 04 Leverkusen,255,0,-1,1,210035,0,9,-1,0,50,0,2,4,0,0,4,1,0,30210,0,1,277,21,0,1,80,0,1,0,79,80,80,7,1,79,1,-1,78,1,0,0,210035,132096,3,210035,0,0,0,0,0,0,2,2,228813,7,32,1,4195328,0,0,0,0,212242,0,0,210035,0,1,0,4,0,79,25,9,1,234236,0,0,210035,2,7,0,0,366,0,-1,0,270336,79
33,200,145,5580,255,240,255,1899,240,20,240,241,1,48,75,1,240,240,255,240,TSV 1860 München,175,0,-1,0,200610,0,8,-1,0,30,0,2,4,0,2,10,0,0,15000,0,1,333,111239,0,1,65,0,1,0,65,65,66,11,3,64,1,-1,65,1,0,0,238793,266256,1,238793,0,0,0,0,0,0,2,1,238793,10,33,0,526352,0,0,0,0,238793,1,0,200610,0,1,0,4,0,66,91,3,1,238793,0,0,200610,2,1,0,0,316,0,-1,0,526352,66
34,75,1,63201,255,180,255,1904,180,13,180,156,1,51,70,1,180,180,255,180,FC Schalke 04,223,0,-1,0,212240,0,8,-1,0,65,0,2,4,0,0,10,1,0,62271,3,1,178,160,0,1,70,0,1,0,72,71,75,7,2,73,1,-1,70,1,0,0,212240,139265,3,262936,0,0,0,0,0,0,5,4,262936,9,34,1,139265,0,0,1,0,212240,1,0,212240,0,7,0,4,0,71,27,2,1,212240,0,0,212240,2,3,0,0,316,0,-1,0,4198401,74
36,255,255,356020,41,30,211,1893,210,1,255,255,2,48,1,2,30,255,1,255,VfB Stuttgart,1,0,-1,1,250959,4,7,-1,0,90,0,2,4,0,0,8,0,0,60449,24,1,466,25,0,1,78,0,1,0,77,78,80,9,1,77,1,-1,76,1,0,0,250959,66561,1,250959,0,0,0,0,0,0,4,3,250959,8,36,0,66561,0,0,0,0,239096,0,0,250959,0,5,0,4,0,77,25,5,1,244176,0,0,250959,2,5,0,0,316,0,-1,0,139265,78
38,129,1,202000,255,1,255,1899,1,1,1,73,2,53,81,2,1,1,255,1,Werder Bremen,52,0,-1,1,239701,0,4,-1,0,30,0,2,4,0,0,7,1,0,42100,25,1,70,28,0,1,76,0,1,0,75,75,73,8,2,73,1,-1,74,1,0,0,239701,263296,3,239701,0,0,0,0,0,0,6,8,239701,6,38,0,270464,0,0,0,0,232711,1,0,239701,0,4,0,4,0,75,25,2,1,239701,0,0,239701,2,3,0,0,316,0,-1,0,528512,72
45,250,250,1840000,30,25,30,1897,25,248,25,250,2,45,151,2,25,25,30,25,Juventus,170,0,-1,0,277954,0,10,-1,0,65,0,2,3,0,0,10,1,0,41507,0,1,485,54,0,1,80,0,1,0,80,80,81,7,1,81,1,-1,81,1,0,0,222077,131648,3,261050,0,0,0,0,2,0,15,4,277954,7,45,3,131648,0,0,0,0,222077,1,0,277954,0,36,0,4,0,80,47,9,1,277954,0,0,277954,2,8,0,0,366,0,-1,0,4202560,82
48,167,0,562575,250,255,250,1926,255,10,255,225,2,40,96,2,255,255,250,255,Napoli,140,0,-1,0,216409,0,8,-1,0,90,0,2,3,0,0,8,0,0,54726,0,1,338,45,0,1,81,0,1,0,82,82,78,14,1,82,1,-1,80,1,0,0,192985,66180,3,216409,0,0,0,0,0,0,6,3,192985,1,48,1,66180,0,0,0,0,216409,1,0,192985,0,4,0,4,0,81,47,9,1,192985,0,0,192985,2,7,0,0,366,0,-1,0,73860,80
50,212,255,256200,145,250,9,1913,250,250,250,0,2,44,250,2,250,250,48,250,Parma,250,0,-1,0,252794,0,3,-1,0,30,0,2,4,0,0,4,0,0,22352,0,1,653,189,0,1,73,0,1,0,74,74,72,10,2,72,1,-1,71,1,0,0,258714,270344,1,258714,0,0,0,0,0,0,3,4,253162,9,50,2,532488,0,0,0,0,252442,0,0,258714,0,0,0,4,0,73,47,4,1,263229,0,0,258714,2,3,0,0,316,0,-1,0,528392,73
52,0,102,478500,0,250,255,1927,250,250,250,0,2,41,250,2,250,250,142,250,Roma,250,0,-1,0,211110,0,7,-1,0,90,0,2,4,0,0,8,1,0,70634,0,1,408,115841,0,1,80,0,1,0,81,80,80,12,1,81,2,-1,80,1,0,0,211110,66116,1,211110,0,0,0,0,0,0,9,2,211110,2,52,0,66116,0,0,0,0,208268,1,0,211110,0,3,0,4,1,80,47,6,1,231447,0,0,211110,2,7,0,0,366,0,-1,0,73796,81
54,30,122,270600,250,29,250,1906,124,150,35,35,2,45,30,2,35,124,250,29,Torino,55,0,-1,0,211147,0,5,-1,0,30,0,2,4,0,0,5,0,0,27958,0,1,485,45,0,1,73,0,1,0,75,72,78,7,3,73,1,-1,74,1,0,0,211147,270344,1,211147,0,0,0,0,0,0,5,2,211147,5,54,0,266248,0,0,0,0,215333,0,0,211147,0,7,0,4,0,75,47,5,1,241095,0,0,211147,2,3,0,0,316,0,-1,0,528392,78
55,30,30,240225,250,30,250,1896,30,196,30,30,2,46,160,2,30,30,250,30,Udinese,64,0,-1,0,238067,0,4,-1,0,50,0,2,4,0,0,4,0,0,25144,0,1,499,112494,0,1,73,0,1,0,72,72,73,13,2,72,1,-1,73,1,0,0,238067,4202504,1,238067,0,0,0,0,0,0,0,2,272783,7,55,0,4202504,0,0,0,0,214658,0,0,243249,0,0,0,4,0,73,47,3,1,231743,0,0,243249,2,2,0,0,316,0,-1,0,266248,73
57,112,32,65000,250,1,250,1905,1,1,1,184,2,47,116,2,1,1,250,1,AJ Auxerre,175,0,-1,0,272894,4,3,-1,0,50,0,2,4,0,0,4,0,0,18541,0,1,29,1530,0,1,73,0,3,0,72,73,70,3,3,72,1,-1,71,0,0,0,272894,4202625,0,272894,0,0,0,0,0,0,4,2,272894,7,57,0,4198529,0,0,0,0,238392,0,0,272894,0,1,0,4,0,72,45,3,1,251170,0,0,272894,2,1,0,0,316,0,-1,0,264321,70
58,54,34,20000,250,97,250,1905,97,0,97,123,1,42,103,1,97,97,250,97,SC Bastia,206,0,-1,0,216524,4,6,-1,0,30,0,1,4,0,0,2,0,0,16078,0,1,42,72,0,1,67,0,3,0,66,67,64,9,1,66,1,-1,66,1,0,0,216524,263232,0,216524,0,0,0,0,0,0,1,2,216524,2,58,0,525376,0,0,1,0,262342,0,0,216524,0,0,0,4,0,66,51,2,1,247369,0,0,216524,2,1,0,0,316,0,-1,0,532544,64
62,1,222,35000,1,1,1,1912,1,250,1,23,1,48,250,1,1,1,1,1,En Avant Guingamp,250,0,-1,0,234799,4,9,-1,0,50,0,2,4,0,0,2,0,0,18462,0,1,201,378,0,1,66,0,3,0,67,66,66,-3,1,67,1,-1,67,0,0,0,234799,4195330,1,234799,0,0,0,0,0,0,2,2,234799,5,62,0,263170,0,0,0,0,225174,0,0,234799,0,0,0,4,0,67,51,4,1,266586,0,0,234799,2,1,0,0,316,0,-1,0,532482,66
64,1,184,130000,1,1,255,1906,1,182,1,28,2,50,25,2,1,1,213,1,RC Lens,44,0,-1,0,204970,4,5,-1,0,90,1,1,4,0,0,7,0,0,38223,18,1,274,65,0,1,78,0,1,0,78,78,77,2,1,76,1,-1,76,1,0,0,204970,66688,1,208787,0,0,0,0,0,0,0,2,204970,2,64,0,66688,0,0,0,0,208787,0,0,208787,0,1,0,4,0,77,45,3,1,204970,0,0,204970,2,2,0,0,316,0,-1,0,139392,78
65,30,224,220000,106,1,36,1944,1,250,1,20,2,50,250,2,1,1,32,1,LOSC Lille,250,0,-1,0,262088,4,7,-1,0,65,0,1,4,0,0,5,0,0,50186,13,1,279,64,0,1,77,0,1,0,76,76,77,3,1,76,1,-1,76,1,0,0,262088,132104,1,262088,0,0,0,0,0,0,6,1,231318,7,65,0,132104,0,0,0,0,190674,0,0,262088,0,4,0,4,0,77,45,5,1,276048,0,0,262088,2,4,0,0,316,0,-1,0,4202504,75
66,250,250,450000,127,1,19,1950,1,180,1,250,2,45,1,2,1,1,56,1,Olympique Lyonnais,1,0,-1,0,265459,4,6,-1,0,65,1,1,4,0,0,8,0,0,59186,23,1,293,1819,0,1,77,0,1,0,75,75,76,4,1,74,1,-1,77,1,0,0,265459,132098,3,265459,0,0,0,0,0,0,5,4,265459,9,66,0,132098,0,0,0,0,219683,1,0,265459,0,7,0,4,0,77,45,1,1,225782,0,0,265459,2,4,0,0,366,0,-1,0,4202498,75
68,5,99,61000,250,1,250,1932,1,112,1,5,1,49,14,1,1,1,250,1,FC Metz,29,0,-1,0,234239,4,2,-1,0,30,0,1,4,0,0,3,0,0,28766,0,1,313,1823,0,1,72,0,3,0,71,72,71,6,2,71,1,-1,70,1,0,0,234239,270464,1,234239,0,0,0,0,0,0,2,2,234239,5,68,0,532608,0,0,0,0,225293,0,0,234239,0,0,0,4,0,71,45,1,1,234239,0,0,234239,2,1,0,0,316,0,-1,0,528512,70
69,30,224,500000,250,1,250,1924,1,250,1,35,2,43,33,2,1,1,250,1,AS Monaco,64,0,-1,0,275138,4,8,-1,0,65,0,1,4,0,0,3,0,0,18523,1,1,321,72,0,1,77,0,1,0,77,76,78,7,1,77,1,-1,77,0,0,0,232440,132230,0,232440,0,0,0,0,0,0,5,2,275138,7,69,0,132230,0,0,0,0,229261,0,0,232440,0,8,0,4,0,78,45,5,1,247463,0,0,275138,2,6,0,0,366,0,-1,0,4202630,77
70,90,1,45000,38,1,244,1974,1,250,1,148,1,43,250,1,1,1,148,1,Montpellier HSC,250,0,-1,0,205686,4,9,-1,0,30,0,2,4,0,0,2,0,0,22000,0,1,326,219,0,1,67,0,3,0,68,67,70,3,1,69,1,-1,69,1,0,0,205686,263168,1,205686,0,0,0,0,0,0,2,9,205686,8,70,0,525312,0,0,0,0,205686,0,0,205686,0,1,0,4,0,68,51,2,1,205686,0,0,205686,2,1,0,0,316,0,-1,0,532480,70
71,220,255,95000,44,1,1,1943,1,254,1,17,2,47,221,2,1,1,87,1,FC Nantes,57,0,-1,0,258619,4,3,-1,0,50,0,2,4,0,0,7,0,0,35322,18,1,337,74,0,1,72,0,3,0,72,72,71,-1,3,72,1,-1,72,1,0,0,258619,4202753,1,258619,0,0,0,0,0,0,4,5,258619,7,71,0,4198657,0,0,0,0,199482,1,0,258619,0,8,0,4,0,72,45,2,1,241130,0,0,258619,2,1,0,0,316,0,-1,0,264449,71
72,1,204,220000,1,1,1,1904,1,201,1,1,2,43,18,2,1,1,1,1,OGC Nice,27,0,-1,0,239093,4,6,-1,0,30,1,2,4,0,0,6,0,0,35596,0,1,344,69,0,1,76,0,3,0,74,74,74,7,2,74,1,-1,74,1,0,0,239093,263306,1,239093,0,0,0,0,0,0,3,2,239093,2,72,0,270474,0,0,0,0,210896,1,0,239093,0,4,0,4,0,75,45,4,1,256476,0,0,239093,2,4,0,0,316,0,-1,0,528522,72
73,62,1,3961520,41,62,200,1970,1,250,116,116,3,48,250,3,116,1,42,62,Paris Saint-Germain,250,0,-1,0,252145,4,10,-1,0,90,0,2,4,0,0,10,1,0,47929,0,1,373,219,0,1,86,0,1,0,85,86,85,2,1,86,1,-1,86,1,0,0,255253,66180,3,231443,0,0,0,0,1,0,16,3,231443,7,73,0,66180,0,0,0,0,207865,1,0,255253,0,13,0,4,0,85,45,10,1,231443,0,0,252145,2,10,0,0,366,0,-1,0,73860,85
74,24,202,170000,1,1,1,1901,1,250,1,10,2,48,250,2,1,1,1,1,Stade Rennais,250,0,-1,0,261616,4,6,-1,0,65,0,1,4,0,0,5,0,0,29778,0,1,400,71,0,1,76,0,1,0,75,75,78,-1,1,73,1,-1,74,1,0,0,261616,132100,1,261616,0,0,0,0,0,0,3,2,261616,10,74,0,132100,0,0,0,0,223874,0,0,261616,0,0,0,4,0,76,45,5,1,70415,0,0,261616,2,4,0,0,316,0,-1,0,4202500,76
76,102,51,120000,250,182,250,1906,182,1,182,204,2,48,159,2,182,182,250,182,RC Strasbourg,227,0,-1,0,263370,4,6,-1,0,65,0,2,4,0,0,7,0,0,26109,3,1,564,68,0,1,75,0,3,0,75,77,75,7,1,74,1,-1,75,1,0,0,263370,132098,1,263370,0,0,0,0,0,0,3,4,263370,6,76,0,132098,0,0,0,0,257090,0,0,263370,0,1,0,4,0,75,45,9,1,258437,0,0,263370,2,3,0,0,316,0,-1,0,4202498,75
77,0,240,7500,255,0,255,1903,240,255,0,0,1,57,0,1,0,240,255,0,Aberdeen,0,0,-1,0,202282,0,8,-1,0,50,0,2,4,0,0,5,0,0,20866,1,0,3,86,0,1,69,0,1,0,68,69,66,-2,2,63,0,-1,63,0,0,0,202282,4202752,0,202282,0,0,0,0,0,0,8,1,202282,7,77,0,4202752,0,0,1,0,225317,0,0,202282,0,4,0,3,0,68,173,7,0,225317,0,0,202282,2,3,0,0,316,0,-1,0,266496,66
78,135,1,80000,255,105,255,1888,25,8,25,73,2,55,123,2,25,25,255,105,Celtic,16,0,-1,0,243646,4,10,-1,0,90,0,2,4,0,0,8,0,0,60411,0,1,186,86,0,1,75,0,1,0,75,75,73,-4,1,73,1,-1,73,0,0,0,243646,66708,3,243646,0,0,0,0,1,0,42,2,243646,5,78,0,66708,0,0,0,0,211093,1,0,243646,0,55,0,3,0,75,173,9,0,243646,0,0,243646,2,6,0,0,316,0,-1,0,139412,73
79,0,0,2800,255,255,255,1876,255,0,255,111,1,56,0,1,255,255,255,255,Falkirk,0,0,-1,0,227759,0,2,-1,0,50,0,2,4,0,0,3,0,0,7937,0,2,971,80,0,2,63,0,12,0,63,63,63,-4,1,62,0,-1,62,0,0,0,227759,4195328,0,227759,0,0,0,0,0,0,2,1,240929,7,79,0,263168,0,0,0,0,221906,0,0,227759,0,0,0,3,0,63,173,2,0,79947,0,0,227759,2,1,0,0,316,0,-1,0,532480,63
80,0,120,9500,255,12,255,1874,80,80,35,41,2,55,12,2,35,80,255,12,Heart of Midlothian,35,0,-1,0,223747,0,8,-1,0,90,0,1,4,0,0,6,0,0,20099,0,2,148,81,0,2,72,0,1,0,71,72,72,-3,1,70,0,-1,70,0,0,0,223663,66708,0,223747,0,0,0,0,0,0,8,3,223663,4,80,0,66708,0,0,0,0,222045,0,0,223663,0,4,0,3,0,71,173,5,0,216218,0,0,223747,2,4,0,0,316,0,-1,0,139412,72
81,150,24,7500,255,80,255,1875,25,25,58,56,1,55,120,1,58,25,255,80,Hibernian,58,0,-1,0,243842,4,7,-1,0,50,0,2,4,0,0,6,0,0,20421,0,1,148,80,0,2,68,0,1,0,68,68,67,-3,3,67,0,-1,67,0,0,0,227806,4202516,0,243842,0,0,0,0,0,0,3,2,225872,6,81,0,4198420,0,0,0,0,211221,0,0,225872,0,4,0,3,0,68,173,6,0,225872,0,0,225872,2,2,0,0,316,0,-1,0,264212,67
82,12,12,4300,255,80,255,1869,25,19,25,205,1,55,50,1,25,25,255,80,Kilmarnock,150,0,-1,0,244196,0,3,-1,0,50,0,2,4,0,0,3,0,0,18128,3,0,247,100805,0,0,64,0,15,0,65,64,63,-4,3,64,0,-1,64,0,0,0,244196,4198728,0,244196,0,0,0,0,0,0,3,3,220872,6,82,0,264520,0,0,0,0,246846,1,0,244196,0,1,0,3,0,65,173,4,0,189776,0,0,244196,2,1,0,0,316,0,-1,0,526664,63
83,159,255,4100,51,100,153,1886,1,251,1,2,1,55,180,1,1,1,0,100,Motherwell,20,0,-1,0,241982,0,5,-1,0,50,1,2,4,0,0,4,0,0,13677,0,2,331,86,0,1,66,0,1,0,66,66,71,-3,1,65,0,-1,65,0,0,0,229163,4195400,0,229163,0,0,0,0,0,0,2,2,241982,9,83,0,263240,0,0,0,0,211707,1,0,241982,0,1,0,3,0,66,173,4,0,271693,0,0,241982,2,2,0,0,316,0,-1,0,532552,71
86,80,50,60000,255,50,255,1872,30,50,80,210,2,55,80,2,80,30,255,50,Rangers,255,0,-1,0,195479,0,10,-1,0,65,0,1,4,0,0,8,1,0,50817,0,1,186,78,0,2,73,0,1,0,74,73,73,-4,1,73,1,-1,73,0,0,0,195479,132224,3,195479,0,0,0,0,0,0,34,2,195479,5,86,0,132224,0,0,0,0,195479,1,0,195479,0,55,0,3,0,74,173,9,0,195479,0,0,195479,2,6,0,0,316,0,-1,0,4202624,73
88,35,1,60000,255,40,255,1875,10,1,10,102,2,52,35,2,10,10,255,40,Birmingham City,163,0,-1,0,239704,0,7,-1,0,50,0,2,4,0,0,6,0,0,29409,0,2,54,2,0,2,72,0,1,0,72,72,72,-1,1,73,0,-1,73,2,0,0,239704,4195464,2,239704,0,0,0,0,0,0,0,1,237424,4,88,0,4195464,0,0,0,0,242386,0,0,237424,0,0,0,3,0,72,55,10,0,255206,0,0,237424,2,1,0,0,316,0,-1,0,270472,72
89,28,212,12500,255,40,255,1905,1,242,10,43,1,51,28,1,10,1,255,40,Charlton Athletic,43,0,-1,0,262848,0,1,-1,0,50,0,2,4,0,0,4,0,0,27111,0,0,285,97,0,0,69,0,1,0,69,69,67,0,2,69,2,-1,69,0,0,0,262848,4202561,2,262848,0,0,0,0,0,0,1,1,262848,9,89,0,4202561,0,0,0,0,224842,1,0,262848,0,0,0,3,0,69,55,5,0,247279,0,0,262848,2,1,0,0,316,0,-1,0,266305,67
91,255,255,13000,1,255,1,1884,255,255,1,255,1,52,255,1,255,1,1,1,Derby County,255,0,-1,0,269248,0,3,-1,0,50,0,2,4,0,0,5,0,0,33597,0,2,134,14,0,2,70,0,1,0,70,70,74,-1,2,69,2,-1,69,2,0,0,228894,4202577,2,228894,0,0,0,0,0,0,1,2,228894,6,91,0,4202577,0,0,0,0,234319,0,0,228894,0,2,0,3,0,70,55,5,0,233795,0,0,228894,2,1,0,0,316,0,-1,0,266321,74
92,1,1,2150,255,1,255,1878,1,1,1,1,1,53,1,1,1,1,255,1,Grimsby Town,1,0,-1,0,212167,0,4,-1,0,65,0,2,4,0,0,2,0,0,9052,8,0,577,149,0,2,62,0,1,0,62,62,63,0,1,61,0,-1,61,0,0,0,212167,132160,0,251219,0,0,0,0,0,0,0,4,212167,7,92,0,132160,0,0,0,0,225772,0,0,212167,0,0,0,3,0,62,55,5,0,212167,0,0,212167,2,1,0,0,316,0,-1,0,4202560,63
94,85,30,170000,255,85,255,1878,30,30,165,150,2,52,85,2,165,30,255,85,Ipswich Town,165,0,-1,0,246685,0,10,-1,0,65,0,2,4,0,0,4,0,0,29673,0,2,229,1792,0,2,73,0,1,0,73,73,69,1,1,74,0,-1,74,2,0,0,246685,132226,0,246685,0,0,0,0,0,0,1,2,242908,7,94,1,132226,0,0,0,0,235405,0,0,246685,0,1,0,3,0,73,55,7,0,259423,0,0,246685,2,1,0,0,316,0,-1,0,4202626,69
95,51,0,230000,255,77,255,1884,37,57,173,160,1,52,101,1,173,37,255,77,Leicester City,189,0,-1,0,267680,0,10,-1,0,50,0,2,3,0,0,7,1,0,32261,0,0,272,14,0,2,72,0,1,0,71,72,68,-1,1,70,0,-1,70,0,0,0,254470,4195328,3,254470,0,0,0,0,0,0,1,2,222400,8,95,0,4195328,0,0,0,0,210243,0,0,254470,0,1,0,3,0,71,55,6,0,241202,0,0,267680,2,4,0,0,366,0,-1,0,270336,68
97,36,33,22000,255,36,255,1885,33,33,115,115,1,51,36,1,115,33,255,36,Millwall,115,0,-1,0,253433,0,5,-1,0,50,0,1,4,0,0,3,0,0,20146,0,2,285,19,0,1,72,0,1,0,71,72,69,0,2,72,2,-1,72,2,0,0,253433,4202568,2,253433,0,0,0,0,0,0,0,2,253433,4,97,0,4202568,0,0,0,0,216481,0,0,253433,0,0,0,3,0,71,55,5,0,261432,0,0,253433,2,1,0,0,316,0,-1,0,266312,69
106,1,231,350000,255,1,255,1879,231,221,1,1,2,54,1,2,1,231,255,1,Sunderland,1,0,-1,0,199503,0,2,-1,0,30,0,2,4,0,0,6,0,0,48707,4,2,467,13,0,2,78,0,1,0,78,79,76,-1,2,78,0,-1,78,2,0,0,199503,263232,0,199503,0,0,0,0,0,0,2,1,199503,9,106,0,270400,0,0,0,0,199503,0,0,199503,0,6,0,3,0,77,35,8,0,246350,0,0,199503,2,1,0,0,316,0,-1,0,528448,75
109,36,1,80000,255,250,255,1878,250,1,106,106,1,52,36,1,250,1,255,36,West Bromwich Albion,136,0,-1,0,205970,0,7,-1,0,50,0,2,4,0,0,5,0,0,26850,0,2,525,110,0,2,70,0,1,0,70,70,70,-1,1,69,0,-1,69,2,0,0,205970,4195352,2,234087,0,0,0,0,0,0,5,1,268630,4,109,0,4195352,0,0,0,0,205970,0,0,205970,0,1,0,3,0,70,55,6,0,253441,0,0,205970,2,1,0,0,316,0,-1,0,270360,70
110,185,253,550000,30,1,30,1877,1,229,1,19,2,52,152,2,1,1,30,1,Wolverhampton Wanderers,59,0,-1,0,261224,1,4,-1,0,30,0,2,3,0,0,6,0,0,32750,0,0,531,109,0,2,75,0,1,0,75,76,74,-2,2,75,0,-1,74,0,0,0,261224,263176,2,261224,0,0,0,0,0,0,4,2,77593,5,110,0,270344,0,0,0,0,273463,0,0,261224,0,3,0,3,0,75,35,8,0,258911,0,0,261224,2,4,0,0,366,0,-1,0,528392,75
111,0,0,0,0,255,0,1800,255,0,255,0,1,0,0,1,255,255,0,255,OTP Generics,0,0,-1,0,1,4,5,-1,0,50,0,0,4,0,0,5,0,0,0,0,0,0,1318,0,0,0,0,0,0,0,0,0,0,0,0,0,-1,0,2,0,0,1,0,0,1,0,0,0,0,0,0,0,2,1,5,111,0,0,0,2,0,0,1,0,0,1,0,0,0,0,0,0,6,5,0,1,0,0,1,2,5,0,0,316,0,-1,0,0,0
112,0,0,0,0,255,0,1800,255,0,255,0,1,0,0,1,255,255,0,255,OTP Generics,0,0,-1,0,1,4,5,-1,0,50,0,0,4,0,0,5,0,0,0,0,0,0,1318,0,0,0,0,0,0,0,0,0,0,0,0,0,-1,0,2,0,0,1,0,0,1,0,0,0,0,0,0,0,2,1,5,112,0,0,0,2,0,0,1,0,0,1,0,0,0,0,0,0,6,5,0,1,0,0,1,2,5,0,0,316,0,-1,0,0,0
121,1,231,1975,255,95,255,1877,1,231,60,1,1,53,1,1,60,1,255,95,Crewe Alexandra,1,0,-1,0,240981,0,4,-1,0,65,0,2,4,0,0,2,0,0,10153,4,0,125,1928,0,2,61,0,1,0,61,61,61,-2,2,61,0,-1,61,0,0,0,240981,139266,0,243637,0,0,0,0,0,0,0,2,240981,10,121,0,139266,0,0,0,0,223381,0,0,267849,0,0,0,3,0,61,55,3,0,240981,0,0,240981,2,1,0,0,316,0,-1,0,4198402,61
127,51,1,3000,0,88,255,1886,0,1,176,204,1,52,80,1,176,0,163,88,Shrewsbury Town,204,0,-1,0,242366,0,9,-1,0,50,0,2,4,0,0,2,0,0,9875,27,0,449,1803,0,0,60,0,1,0,61,60,58,-2,3,62,0,-1,62,0,0,0,242366,4198400,0,242366,0,0,0,0,0,0,0,2,242366,8,127,0,264192,0,0,0,0,195126,0,0,242366,0,0,0,3,0,61,55,5,0,195126,0,0,242366,2,1,0,0,316,0,-1,0,526336,58
135,153,255,2159,1,1,1,1888,1,255,1,1,1,51,153,1,1,1,1,1,Barnet,0,0,-1,0,225922,0,2,-1,0,65,0,2,4,0,0,3,0,0,6500,0,0,285,361,0,2,62,0,3,0,62,62,62,0,1,62,0,-1,62,0,0,0,243044,132176,0,225922,0,0,0,0,0,0,0,2,225922,5,135,0,132176,0,0,0,0,222157,0,0,225922,0,0,0,3,0,62,55,3,0,226018,0,0,225922,2,1,0,0,316,0,-1,0,4202576,62
142,14,202,2800,255,14,255,1879,232,232,9,9,1,53,14,1,9,232,255,14,Doncaster Rovers,9,0,-1,0,235915,0,2,-1,0,50,0,2,4,0,0,3,0,0,15231,4,0,139,1797,0,0,64,0,1,0,64,64,62,-1,1,63,0,-1,63,0,0,0,235915,4195466,0,235915,0,0,0,0,0,0,0,1,235915,6,142,0,263306,0,0,0,0,243613,0,0,235915,0,0,0,3,0,64,55,4,0,163050,0,0,235915,2,1,0,0,316,0,-1,0,532618,62
143,28,227,3800,255,40,255,1901,30,30,30,38,1,50,30,1,30,30,255,40,Exeter City,30,0,-1,0,233115,0,3,-1,0,50,0,2,4,0,0,3,0,0,8219,0,0,159,1929,0,2,62,0,1,0,63,62,65,-3,3,63,0,-1,63,0,0,0,233115,4198530,0,233115,0,0,0,0,0,0,0,2,233115,8,143,0,264322,0,0,0,0,207646,0,0,233115,0,0,0,3,0,63,55,4,0,233115,0,0,233115,2,1,0,0,316,0,-1,0,526466,65
144,255,255,780000,1,1,1,1879,1,255,1,255,2,51,255,2,1,1,1,1,Fulham,255,0,-1,0,220710,0,5,-1,0,50,0,2,3,0,0,5,0,0,25700,0,0,285,15,0,2,78,0,1,0,79,79,78,0,2,79,0,-1,78,0,0,0,236699,132224,2,236699,0,0,0,0,0,0,0,3,236699,7,144,0,4202624,0,0,0,0,224221,0,0,236699,0,0,0,3,0,78,35,7,0,204838,0,0,220710,2,4,0,0,366,0,-1,0,266368,78
149,1,228,3900,255,1,255,1884,255,1,1,43,1,53,1,1,1,255,255,1,Lincoln City,1,0,-1,0,204215,0,6,-1,0,50,0,1,4,0,0,3,0,0,10669,1,0,603,92,0,1,66,0,3,0,66,66,65,0,2,66,0,-1,66,0,0,0,237204,4202506,0,237204,0,0,0,0,0,0,0,2,80781,6,149,0,270346,0,0,0,0,200309,0,0,237204,0,0,0,3,0,66,55,6,0,260723,0,0,237204,2,1,0,0,316,0,-1,0,528394,65
159,1,1,20100,157,150,1,1905,150,255,150,1,1,52,255,1,150,150,91,150,Arminia Bielefeld,255,0,-1,0,231897,0,3,-1,0,50,0,2,4,0,0,4,0,0,27332,0,1,51,531,0,1,68,0,1,0,69,72,67,8,1,68,1,-1,68,1,0,0,231897,4195330,1,231897,0,0,0,0,0,0,0,2,231897,4,159,0,4195330,0,0,0,0,231897,1,0,231897,0,0,0,4,0,68,27,9,1,231897,0,0,231897,2,1,0,0,316,0,-1,0,270338,69
160,86,20,54300,255,66,255,1938,52,17,200,162,1,51,78,1,200,52,255,66,VfL Bochum,207,0,-1,0,224423,0,10,-1,0,50,0,2,3,0,1,8,0,0,27500,3,1,57,34,0,1,69,0,1,0,70,69,69,7,2,70,1,-1,70,1,0,0,224423,4202564,1,224423,0,0,0,0,0,0,0,3,224423,8,160,0,4202564,0,0,0,0,235297,1,0,224423,0,0,0,4,0,69,27,3,1,206606,0,0,224423,2,1,0,0,316,0,-1,0,266308,71
162,15,242,2200,255,255,255,1966,255,230,255,30,1,51,52,1,255,255,255,255,Energie Cottbus,20,0,-1,0,224518,0,4,-1,0,50,0,2,4,0,0,6,0,0,22528,0,1,683,503,0,1,65,0,3,0,66,65,65,14,2,65,1,-1,64,1,0,0,224518,4202624,0,224518,0,0,0,0,0,0,0,4,224518,9,162,0,270464,0,0,0,0,224661,1,0,224518,0,0,0,4,0,65,91,2,1,224518,0,0,224518,2,1,0,0,316,0,-1,0,528512,65
165,153,1,26100,255,205,255,1903,205,37,205,50,1,49,87,1,205,205,255,205,SpVgg Greuther Fürth,38,0,-1,0,209504,0,5,-1,0,50,0,2,4,0,0,1,0,0,16626,0,1,172,171,0,1,68,0,1,0,69,69,72,10,2,70,1,-1,67,1,0,0,209504,4202500,1,209504,0,0,0,0,0,0,0,1,209504,10,165,0,270340,0,0,0,0,209504,0,0,209504,0,3,0,4,0,67,27,1,1,276660,0,0,209504,2,1,0,0,316,0,-1,0,528388,75
166,105,1,124330,255,135,255,1892,135,15,135,180,1,52,55,1,135,135,255,135,Hertha BSC,160,0,-1,0,231614,0,8,-1,0,50,0,1,4,0,0,6,1,0,74475,0,1,47,1831,0,1,70,0,1,0,70,70,71,13,3,69,1,-1,69,1,0,0,221885,4202496,3,221885,0,0,0,0,0,0,0,2,221885,8,166,0,4198400,0,0,0,0,204776,0,0,231614,0,2,0,4,0,70,27,2,1,231614,0,0,231614,2,2,0,0,316,0,-1,0,264192,71
169,6,227,139560,250,20,250,1905,235,165,20,19,2,49,165,2,20,235,250,20,1. FSV Mainz 05,165,0,-1,1,257075,0,5,-1,0,90,0,2,4,0,0,5,1,0,33305,0,1,296,1824,0,1,78,0,1,0,76,79,73,8,2,76,1,-1,75,1,0,0,257075,66562,3,257075,0,0,0,0,0,0,0,2,257075,7,169,0,73730,0,0,0,0,216158,0,0,257075,0,0,0,4,0,75,25,2,1,257075,0,0,257075,2,3,0,0,316,0,-1,0,135170,74
171,16,194,56700,1,1,1,1900,1,255,1,43,1,49,255,1,1,1,1,1,1. FC Nürnberg,255,0,-1,0,256674,0,7,-1,0,50,0,2,4,0,0,7,0,0,50000,0,1,355,165,0,1,69,0,1,0,68,68,68,11,1,68,1,-1,68,1,0,0,256674,4195328,1,256674,0,0,0,0,0,0,4,2,256674,7,171,0,4195328,0,0,0,0,276283,0,0,256674,0,9,0,4,0,68,27,2,1,256674,0,0,256674,2,1,0,0,316,0,-1,0,270336,69
175,180,100,338850,255,210,255,1945,210,90,210,45,2,52,225,2,210,210,255,210,VfL Wolfsburg,2,0,-1,1,190460,0,6,-1,0,30,0,2,4,0,0,2,1,0,30000,0,1,530,485,0,1,76,0,1,0,76,77,76,10,2,75,1,-1,74,1,0,0,190460,263169,3,190460,0,0,0,0,0,0,1,2,190460,2,175,0,270337,0,0,0,0,190460,0,0,190460,0,1,0,4,0,76,25,8,1,190460,0,0,190460,2,4,0,0,316,0,-1,0,528385,76
180,25,25,3800,255,255,255,1893,255,15,255,112,1,56,40,1,255,255,255,255,Dundee FC,150,0,-1,0,231863,0,2,-1,0,50,0,2,4,0,0,3,0,0,11506,0,2,146,181,0,2,64,0,3,0,64,64,66,-2,2,64,0,-1,64,0,0,0,231863,4202500,0,268306,0,0,0,0,0,0,1,2,231863,6,180,0,270340,0,0,0,0,227758,0,0,231863,0,1,0,3,0,64,173,3,0,231863,0,0,231863,2,1,0,0,316,0,-1,0,528388,66
181,120,255,4000,1,30,1,1909,30,255,0,0,1,56,120,1,30,255,1,120,Dundee United,0,0,-1,0,241875,0,3,-1,0,50,0,2,4,0,0,3,0,0,14209,0,0,146,180,0,0,65,0,0,0,65,65,65,-2,2,63,0,-1,63,0,0,0,241875,4202496,0,241875,0,0,0,0,0,0,2,2,266049,8,181,0,270336,0,0,0,0,259147,0,0,266049,0,1,0,3,0,65,173,3,0,269475,0,0,241875,2,1,0,0,316,0,-1,0,528384,65
189,64,0,459750,17,33,172,1909,29,250,30,128,2,44,250,2,30,29,20,33,Bologna,250,0,-1,0,242280,0,6,-1,0,65,0,2,4,0,0,6,0,0,36462,23,1,60,50,0,1,77,0,3,0,76,77,77,11,1,73,1,-1,74,1,0,0,240915,132228,1,212404,0,0,0,0,0,0,3,3,240915,7,189,0,132228,0,0,0,0,242280,1,0,240915,0,7,0,4,0,76,47,6,1,212404,0,0,240915,2,5,0,0,316,0,-1,0,4202628,75
191,0,197,240000,255,204,255,1933,202,50,206,11,1,47,60,1,206,202,255,204,RB Salzburg,124,0,-1,0,260876,0,10,-1,0,65,0,2,4,0,0,5,1,0,30188,1,1,418,254,0,1,70,0,1,0,69,70,69,12,1,68,1,-1,68,1,0,0,260876,132224,3,260876,0,0,0,0,0,0,9,2,75533,9,191,0,132224,0,0,0,0,246402,0,0,260876,0,17,0,4,0,69,31,5,1,260020,0,0,260876,2,6,0,0,316,0,-1,0,4202624,69
200,185,0,13995,255,76,255,1936,2,2,161,234,1,42,76,1,161,2,255,76,Pescara,161,0,-1,0,198219,0,1,-1,0,65,0,2,4,0,0,1,0,0,20486,40,1,378,206,0,1,69,0,1,0,68,69,65,14,2,67,1,-1,67,1,0,0,243527,139392,2,198219,0,0,0,0,0,0,0,2,198219,8,200,0,139392,0,0,0,0,198219,0,0,198219,0,0,0,4,0,68,82,2,1,238413,0,0,198219,2,1,0,0,316,0,-1,0,4198528,65
205,30,30,120000,54,30,255,1907,30,0,30,30,1,45,130,1,30,30,130,30,Venezia,35,0,-1,0,236760,0,7,-1,0,65,0,2,4,0,0,4,0,0,12048,25,1,651,206,0,1,72,0,1,0,71,72,71,12,1,69,1,-1,69,1,0,0,242332,132352,2,236760,0,0,0,0,0,0,1,3,242332,6,205,0,132352,0,0,0,0,250779,0,0,242332,0,0,0,4,0,71,82,6,1,259107,0,0,242332,2,1,0,0,316,0,-1,0,4202752,71
206,229,255,129825,148,30,1,1903,30,1,30,7,2,45,62,2,30,30,76,30,Hellas Verona,107,0,-1,0,273564,0,2,-1,0,30,0,2,4,0,0,2,0,0,31045,0,1,511,205,0,1,73,0,3,0,73,73,70,10,3,70,1,-1,71,1,0,0,238009,270342,2,238009,0,0,0,0,0,0,0,2,238009,8,206,0,528390,0,0,0,0,215363,0,0,273564,0,1,0,4,0,73,47,2,1,273564,0,0,273564,2,1,0,0,316,0,-1,0,526342,68
209,1,1,76000,255,204,255,1909,202,2,206,1,1,47,2,1,206,202,255,204,Sturm Graz,2,0,-1,0,259101,0,9,-1,0,65,0,2,4,0,0,8,0,1,16364,0,1,194,254,0,1,69,0,1,0,68,69,67,15,2,68,1,-1,68,1,0,0,259101,139402,2,276395,0,0,0,0,0,0,7,2,259101,5,209,0,139402,0,0,0,0,226129,0,0,259101,0,5,0,4,0,68,31,6,1,245058,0,0,259101,2,5,0,0,316,0,-1,0,4198538,67
211,77,12,98000,255,77,255,1911,12,12,162,162,2,45,77,2,162,12,255,77,Dinamo Zagreb,162,0,-1,0,231007,0,10,-1,0,50,0,2,4,0,0,6,0,0,35423,3,1,700,263,0,1,74,0,1,0,72,74,71,16,3,71,0,-1,71,1,0,0,231007,4202496,0,231007,0,0,0,0,0,0,17,4,231007,10,211,0,4198400,0,0,0,0,231007,0,0,231007,0,25,0,5,0,72,37,2,1,271384,0,0,231007,2,6,0,0,316,0,-1,0,264192,71
217,103,235,64500,1,1,1,1926,1,250,1,11,2,47,250,2,1,1,1,1,FC Lorient,250,0,-1,0,266099,4,2,-1,0,50,0,2,4,0,0,3,0,0,16787,0,1,287,74,0,1,73,0,0,0,72,73,72,-3,3,72,1,-1,72,0,0,0,266099,4202504,1,72100,0,0,0,0,0,0,1,3,266099,4,217,0,4198408,0,0,0,0,213367,1,0,266099,0,0,0,4,0,73,45,5,1,261084,0,0,266099,2,1,0,0,316,0,-1,0,264200,72
219,250,250,460000,214,1,1,1899,1,102,1,250,2,43,204,2,1,1,151,1,Olympique de Marseille,255,0,-1,0,246147,4,8,-1,0,65,0,2,4,0,0,9,1,0,67394,37,1,306,73,0,1,79,0,1,0,80,80,80,5,1,79,1,-1,79,1,0,0,246147,132224,3,246147,0,0,0,0,1,0,10,7,246147,2,219,0,132224,0,0,0,0,213648,1,0,246147,0,9,0,4,0,79,45,6,1,246147,0,0,246147,2,5,0,0,316,0,-1,0,4202624,81
229,48,94,120000,255,204,255,1908,202,1,206,111,2,50,1,2,206,202,255,204,Anderlecht,1,0,-1,0,203486,0,10,-1,0,90,0,2,4,0,0,6,0,1,21500,48,1,79,232,0,1,71,0,1,0,72,71,74,4,1,71,1,-1,71,1,0,0,203486,66564,2,203486,0,0,0,0,0,0,9,3,203486,10,229,1,66564,0,0,0,0,200059,1,0,203486,0,34,0,4,0,72,122,9,1,203486,0,0,203486,2,5,0,0,316,0,-1,0,139268,74
230,29,238,120000,250,204,250,1880,202,1,206,29,1,51,1,1,206,202,250,204,Antwerp,1,0,-1,0,199652,0,9,-1,0,50,0,2,4,0,0,5,0,1,16144,4,1,616,231,0,1,69,0,1,0,70,69,71,4,2,70,1,-1,70,1,0,0,199652,4202512,0,225653,0,0,0,0,0,0,4,1,225653,7,230,0,4202512,0,0,0,0,226537,0,0,199652,0,5,0,4,0,70,122,8,1,226537,0,0,199652,2,5,0,0,316,0,-1,0,266256,71
231,120,1,184000,1,204,1,1891,202,255,206,190,2,51,255,2,206,202,1,204,Club Brugge,255,0,-1,0,200155,0,10,-1,0,90,0,2,4,0,0,6,0,1,29062,0,1,78,229,0,1,76,0,1,0,74,76,72,3,1,74,1,-1,74,1,0,0,278318,66688,2,278318,0,0,0,0,0,0,12,1,278318,6,231,0,66688,0,0,0,0,200155,0,0,200155,0,19,0,4,0,74,122,9,1,200155,0,0,200155,2,6,0,0,316,0,-1,0,139392,72
232,46,238,82000,255,204,255,1898,202,162,206,36,1,50,144,1,206,202,255,204,Standard Liège,97,0,-1,0,238409,0,8,-1,0,50,0,2,4,0,1,5,0,1,27670,0,1,278,229,0,1,69,0,1,0,70,69,70,5,3,69,1,-1,69,1,0,0,238409,4202496,2,238409,0,0,0,0,0,0,8,2,238409,7,232,0,4198400,0,0,1,0,238409,0,0,238409,0,10,0,4,0,70,122,6,1,268519,0,0,238409,2,5,0,0,316,0,-1,0,264192,70
234,37,220,400000,255,37,255,1904,220,220,25,25,2,38,37,2,25,220,255,37,Benfica,25,0,-1,0,231913,0,10,-1,0,90,0,2,4,0,0,9,0,2,68100,1,1,281,236,0,1,78,0,1,0,79,79,80,-9,1,77,1,-1,77,1,0,0,231913,66562,3,231913,0,0,0,0,2,0,26,2,231913,10,234,0,66562,0,0,0,0,192366,1,0,231913,0,38,0,4,0,78,36,10,0,229188,0,0,231913,2,7,0,0,366,0,-1,0,139266,79
236,95,0,310000,255,70,255,1893,30,30,150,167,2,41,70,2,150,30,255,70,FC Porto,150,0,-1,0,258729,0,10,-1,0,65,0,2,3,0,0,8,0,2,50033,0,1,385,234,0,1,78,0,1,0,79,78,72,-8,1,81,1,-1,79,1,0,0,258729,132225,1,258729,0,0,0,0,2,0,20,3,258729,7,236,2,132225,0,0,0,0,234577,1,0,258729,0,30,0,4,0,78,36,6,0,260599,0,0,258729,2,6,0,0,316,0,-1,0,4202625,71
237,101,2,350000,255,255,255,1906,255,30,255,73,2,38,140,2,255,255,255,255,Sporting CP,0,0,-1,0,244778,0,10,-1,0,65,0,2,4,0,0,7,0,2,50095,0,1,281,234,0,1,80,0,1,0,80,81,78,-9,1,79,1,-1,78,1,0,0,240950,132224,0,244778,0,0,0,0,0,0,18,5,240950,9,237,0,132224,0,0,0,0,244669,0,0,240950,0,21,0,4,0,79,36,9,0,240950,0,0,240950,2,6,0,0,316,0,-1,0,4202624,80
240,0,255,1364000,108,1,25,1903,1,255,1,0,3,40,254,3,1,1,31,1,Atlético de Madrid,254,0,-1,0,246191,0,9,-1,0,65,0,2,5,0,0,9,1,0,68456,0,2,295,243,0,1,82,0,1,0,81,80,84,-3,1,80,2,-1,81,2,0,0,246191,131712,3,246191,0,0,0,0,0,0,10,4,246191,5,240,3,131712,0,0,0,0,193747,1,0,246191,0,11,0,4,0,82,41,7,1,246191,0,0,246191,2,9,0,0,366,0,-1,0,4202624,84
241,57,3,4865780,60,200,154,1899,200,255,200,128,3,41,231,3,200,200,0,200,FC Barcelona,0,0,-1,0,233419,0,10,-1,0,90,0,2,4,0,0,10,0,0,99354,0,2,36,243,0,1,85,0,1,0,84,85,87,2,1,83,0,-1,83,2,0,0,233419,66176,2,233419,0,0,0,0,5,0,32,3,277179,8,241,0,66176,0,0,0,0,233419,0,0,233419,0,28,0,4,0,85,41,2,1,277643,0,0,233419,2,9,0,0,366,0,-1,0,73856,87
242,91,47,75000,255,50,255,1906,0,250,100,214,1,43,250,1,100,0,255,50,RC Deportivo,255,0,-1,0,264492,0,4,-1,0,50,1,2,4,0,0,7,0,0,32660,0,2,257,450,0,1,72,0,1,0,73,74,70,-8,1,74,0,-1,71,2,0,0,260463,4195464,0,264492,0,0,0,0,0,0,2,4,264492,7,242,0,4195464,0,0,0,0,260877,0,0,264492,0,1,0,4,0,71,69,2,1,264492,0,0,264492,2,1,0,0,316,0,-1,0,270472,70
243,255,255,5813100,130,1,45,1902,1,225,1,255,3,40,225,3,1,1,65,1,Real Madrid,255,0,-1,0,264309,0,10,-1,0,90,0,2,3,0,0,10,1,0,85000,0,2,295,241,0,1,84,0,1,0,85,84,90,-3,1,82,0,-1,82,2,0,0,239053,66176,3,264309,0,0,0,0,15,0,20,3,264309,4,243,2,66176,0,0,0,0,239053,0,0,264309,0,36,0,4,0,85,41,7,1,231747,0,0,264309,2,10,0,0,366,0,-1,0,73856,90
244,61,32,7000,255,255,255,1932,255,244,255,162,1,41,244,1,255,255,255,255,Real Zaragoza,255,0,-1,0,265671,0,7,-1,0,65,0,2,4,0,0,5,0,0,33608,0,2,537,110839,0,1,67,0,1,0,69,67,69,0,1,69,2,-1,69,2,0,0,265671,132112,0,265671,0,0,0,0,0,0,6,2,265671,6,244,0,132112,0,0,0,0,256341,0,0,265671,0,0,0,4,0,69,69,6,1,251922,0,0,265671,2,2,0,0,316,0,-1,0,4202512,69
245,20,225,525000,255,66,255,1900,35,30,66,20,2,52,30,2,66,35,255,66,Ajax,30,0,-1,0,200260,0,10,-1,0,50,0,2,4,0,0,9,1,0,55885,20,2,16,246,0,2,73,0,1,0,75,72,77,4,2,75,2,-1,74,2,0,3,200260,132232,3,200260,0,0,0,0,4,0,20,2,200260,9,245,1,4202632,0,0,0,0,203483,0,0,200260,0,36,0,4,0,75,30,6,1,223689,0,0,200260,2,6,0,0,366,0,-1,0,266376,76
246,255,255,375000,45,1,225,1908,1,50,1,255,2,51,158,2,1,1,24,1,Feyenoord,50,0,-1,0,70726,0,10,-1,0,65,0,2,4,0,0,7,0,1,51117,36,2,412,245,0,2,76,0,1,0,76,77,76,4,2,74,1,-1,74,2,0,0,70726,132226,0,70726,0,0,0,0,1,0,14,1,228010,8,246,2,139394,0,0,0,0,223686,0,0,70726,0,16,0,4,0,75,30,5,1,252162,0,0,70726,2,6,0,0,316,0,-1,0,4198530,77
247,1,232,445000,255,35,255,1913,35,77,35,1,2,51,197,2,35,35,255,35,PSV,211,0,-1,0,253109,0,10,-1,0,65,0,2,4,0,0,7,0,0,35000,0,2,150,245,0,2,78,0,1,0,78,79,77,5,1,77,2,-1,76,2,0,0,253109,132232,2,253109,0,0,0,0,1,0,11,2,253109,6,247,1,132232,0,0,0,0,253109,0,0,253109,0,27,0,4,0,77,30,8,1,181458,0,0,253109,2,6,0,0,316,0,-1,0,4202632,78
252,255,255,37500,1,204,1,1908,202,204,206,255,1,48,1,1,206,202,1,204,LASK,1,0,-1,0,271092,0,7,-1,0,50,0,2,4,0,0,7,0,1,19080,29,1,639,110720,0,1,68,0,1,0,69,68,70,11,1,69,1,-1,69,1,0,0,213301,4195456,2,271092,0,0,0,0,0,0,1,2,213301,5,252,0,4195456,0,0,0,0,213301,1,0,247782,0,1,0,4,0,69,31,4,1,263702,0,0,271092,2,4,0,0,316,0,-1,0,270464,70
254,145,41,56000,255,255,255,1899,255,1,255,117,1,48,1,1,255,255,255,255,SK Rapid,1,0,-1,0,275638,0,8,-1,0,65,0,2,4,0,0,9,0,1,28600,25,1,527,256,0,1,69,0,1,0,69,69,68,16,1,69,1,-1,69,1,0,0,275638,132353,2,275638,0,0,0,0,0,0,14,1,275638,8,254,0,132353,0,0,0,0,275638,0,0,263233,0,32,0,4,0,69,31,5,1,263233,0,0,275638,2,6,0,0,316,0,-1,0,4202753,68
256,21,67,42000,255,204,255,1911,202,250,206,119,1,48,1,1,206,202,255,204,Austria Wien,1,0,-1,0,261063,0,6,-1,0,50,0,2,4,0,0,5,0,1,15600,5,1,527,254,0,1,66,0,1,0,67,66,68,16,2,68,1,-1,68,1,0,0,234399,4202496,1,261063,0,0,0,0,0,0,27,2,234399,3,256,0,270336,0,0,0,0,244941,0,0,234399,0,24,0,4,0,67,31,2,1,234399,0,0,234399,2,3,0,0,316,0,-1,0,528384,68
263,255,255,45000,167,255,44,1911,255,221,255,255,1,43,55,1,255,255,87,255,Hajduk Split,60,0,-1,0,230988,4,9,-1,0,50,0,2,4,0,0,5,0,0,34198,0,1,867,211,0,1,70,0,1,0,70,70,71,16,3,69,1,-1,69,1,0,0,230988,4202496,0,279188,0,0,0,0,0,0,8,4,230988,8,263,0,4198400,0,0,0,0,230988,0,0,230988,0,9,0,5,0,70,88,5,1,76461,0,0,230988,2,4,0,0,316,0,-1,0,264192,71
266,12,207,65000,255,12,255,1892,207,207,22,22,2,50,12,2,22,207,255,12,Slavia Praha,22,0,-1,0,253727,0,10,-1,0,50,0,2,4,0,0,5,0,0,19084,0,1,654,267,0,1,75,0,1,0,75,75,75,14,2,74,1,-1,74,1,0,0,253727,132480,0,253727,0,0,0,0,0,0,7,2,253727,6,266,0,4202880,0,0,0,0,204125,0,0,253727,0,22,0,5,0,75,6,7,1,244793,0,0,253727,2,4,0,0,316,0,-1,0,266624,75
267,12,190,65000,26,1,250,1893,1,1,1,22,2,50,102,2,1,1,166,1,Sparta Praha,179,0,-1,0,232446,0,10,-1,0,50,0,2,4,0,0,5,0,0,19416,0,1,654,266,0,1,73,0,1,0,73,73,74,14,2,72,1,-1,72,1,0,0,232446,4202625,0,232446,0,0,0,0,0,0,8,2,232446,6,267,0,4202625,0,0,0,0,227562,1,0,232446,0,38,0,5,0,73,37,6,1,227562,0,0,232446,2,4,0,0,316,0,-1,0,266369,74
269,234,254,26000,119,1,3,1964,1,253,1,1,1,55,234,1,1,1,66,1,Brøndby IF,69,0,-1,0,233178,0,8,-1,0,50,0,2,4,0,0,4,0,1,28000,18,1,77,819,0,1,70,0,1,0,69,70,66,12,3,69,1,-1,69,1,0,0,233178,4202564,0,233178,0,0,0,0,0,0,7,1,233178,4,269,0,4198468,0,0,1,0,172522,0,0,233178,0,11,0,7,0,69,6,6,1,77394,0,0,233178,2,2,0,0,316,0,-1,0,264260,66
270,0,197,11000,255,169,255,1917,169,193,169,0,1,56,5,1,169,169,255,169,Silkeborg IF,10,0,-1,0,271320,0,5,-1,0,50,0,2,4,0,0,4,0,0,10000,0,1,559,1516,2,1,65,0,3,0,66,65,70,9,3,66,1,-1,66,1,0,0,236875,4198400,2,271320,0,0,0,0,0,0,2,3,243666,7,270,0,264192,0,0,1,0,200209,1,0,236875,0,1,0,7,0,66,6,5,1,271320,0,0,271320,2,1,0,0,316,0,-1,0,526336,70
271,51,51,16000,255,51,255,1880,51,59,102,102,1,56,49,1,102,51,255,51,AGF,99,0,-1,0,253409,0,7,-1,0,50,0,2,4,0,0,4,0,0,11500,0,1,2,269,0,1,70,0,3,0,70,70,71,10,1,71,1,-1,71,1,0,0,238222,4195400,0,253409,0,0,0,0,0,0,9,2,238222,8,271,0,4195400,0,0,1,0,191083,0,0,253409,0,5,0,7,0,70,6,6,1,251201,0,0,253409,2,1,0,0,316,0,-1,0,270408,71
272,82,26,8000,255,211,255,1887,211,26,211,148,1,55,82,1,211,211,255,211,Odense Boldklub,148,0,-1,0,239981,0,4,-1,0,50,0,2,4,0,0,3,0,0,15790,3,1,356,271,0,1,67,0,3,0,66,67,66,10,3,65,1,-1,65,1,0,0,239981,4198528,0,239981,0,0,0,0,0,0,5,2,239981,7,272,0,264320,0,0,1,0,201303,1,0,239981,0,3,0,7,0,66,6,5,1,239981,0,0,239981,2,1,0,0,316,0,-1,0,526464,66
278,213,251,67000,10,1,10,1924,1,250,1,13,2,38,250,2,1,1,10,1,AEK,250,0,-1,0,235813,0,9,-1,0,50,0,1,4,0,0,6,0,1,32500,18,1,27,1884,0,1,75,0,3,0,75,75,77,23,3,74,1,-1,74,1,0,0,235813,139520,2,235813,0,0,0,0,0,0,16,2,235813,4,278,0,4198656,0,0,0,0,228732,0,0,235813,0,13,0,4,0,75,88,8,2,232432,0,0,235813,9,4,0,0,316,0,-1,0,266496,77
280,0,234,105000,255,250,255,1925,250,255,24,24,2,37,0,2,250,234,255,0,Olympiacos,0,0,-1,0,243686,0,10,-1,0,90,0,2,4,0,0,7,0,1,32115,1,1,380,1884,0,1,76,0,3,0,76,76,78,23,1,75,1,-1,75,1,0,0,227055,66881,2,227055,0,0,0,0,0,0,29,3,227055,2,280,0,66881,0,0,0,0,234986,0,0,243686,0,48,0,4,1,76,37,9,2,243586,0,0,243686,9,7,0,0,316,0,-1,0,139585,78
294,58,20,40000,250,1,250,1986,1,6,1,133,1,48,127,1,1,1,250,1,ESTAC Troyes,208,0,-1,0,73085,0,5,-1,0,30,0,2,4,0,0,1,0,0,20136,3,1,494,379,0,1,67,0,1,0,67,67,67,4,3,66,1,-1,66,0,0,0,73085,266248,0,73085,0,0,0,0,0,0,0,1,73085,4,294,0,526344,0,0,0,0,215708,0,0,73085,0,0,0,4,0,67,51,4,1,73085,0,0,73085,2,1,0,0,316,0,-1,0,526344,67
298,255,255,14000,1,1,1,1917,1,235,1,255,1,63,245,1,1,1,1,1,Rosenborg BK,245,0,-1,0,73126,0,7,-1,0,50,0,2,4,0,0,5,0,0,21423,0,1,493,417,0,1,69,0,1,0,68,69,64,10,2,67,1,-1,67,1,0,0,204612,4202497,0,204612,0,0,0,0,0,0,12,8,213777,5,298,0,4202497,0,0,1,0,204612,0,0,204612,0,26,0,7,0,68,199,7,1,73447,0,0,204612,2,3,0,0,316,0,-1,0,266241,64
300,32,21,10000,255,211,255,1899,211,233,211,60,1,58,27,1,211,211,255,211,Viking FK,32,0,-1,0,205214,0,8,-1,0,50,0,2,4,0,0,3,0,0,15900,3,1,462,1463,2,1,69,0,15,0,69,69,69,5,3,69,1,-1,69,1,0,0,205214,4202760,0,209335,0,0,0,0,0,0,6,2,205214,6,300,0,4198664,0,0,0,0,205214,0,0,205214,0,8,0,7,0,69,199,4,1,205214,0,0,205214,2,1,0,0,316,0,-1,0,264456,69
301,30,215,11384,35,128,220,1910,128,30,255,34,1,51,30,1,128,255,30,255,Widzew Łódź,30,0,-1,0,269632,0,6,-1,0,30,0,2,4,0,0,3,0,0,18018,0,1,751,1871,0,1,69,0,1,0,69,69,69,19,2,68,1,-1,69,2,0,0,269632,270337,0,269632,0,0,0,0,0,0,1,1,269632,5,301,0,532481,0,0,1,0,244891,1,0,269632,0,4,0,5,0,69,93,10,1,241921,0,0,269632,2,2,0,2,316,0,-1,0,528385,70
305,49,222,985,1,60,1,1890,10,201,40,49,1,53,26,1,40,10,1,60,Bohemians,26,0,-1,0,252758,0,7,-1,0,65,0,2,4,0,0,4,0,1,4227,0,1,143,306,0,1,62,0,3,0,61,62,58,-6,1,60,1,-1,60,1,0,0,252758,132226,0,252758,0,0,0,0,0,0,7,2,252758,8,305,0,132226,0,0,0,0,252758,0,0,252758,0,11,0,3,0,61,23,3,0,252758,0,0,252758,2,1,0,0,316,0,-1,0,4202626,58
306,140,36,1200,255,40,255,1899,5,19,5,68,1,53,165,1,5,5,255,40,Shamrock Rovers,91,0,-1,0,218744,0,10,-1,0,65,0,2,4,0,0,5,0,1,10000,0,1,143,305,0,1,63,0,1,0,64,63,65,-6,1,64,0,-1,64,1,0,0,218744,132224,0,218744,0,0,0,0,0,0,26,1,218744,5,306,0,132224,0,0,0,0,202014,0,0,218744,0,22,0,3,0,64,23,8,0,183544,0,0,218744,2,2,0,0,316,0,-1,0,4202624,65
308,113,1,10900,255,255,255,1948,255,1,203,203,1,44,1,1,255,1,255,113,Universitatea Craiova,1,0,-1,0,78676,0,9,-1,0,50,0,1,4,0,0,3,0,0,30944,37,1,718,114385,0,1,68,0,1,0,68,68,67,23,3,69,1,-1,69,1,0,0,243019,4202640,0,243000,0,0,0,0,0,0,6,4,243000,9,308,0,4198544,0,0,0,0,243000,0,0,78676,0,3,0,5,0,68,79,6,2,269731,0,0,78676,2,3,0,0,316,0,-1,0,264336,67
310,49,130,12525,250,250,250,1923,250,30,250,57,1,44,30,1,250,250,250,250,FC Rapid,30,0,-1,0,248049,0,8,-1,0,65,0,2,4,0,0,3,0,0,14050,0,1,768,100761,0,1,69,0,3,0,68,69,66,26,1,68,1,-1,68,1,0,0,248049,132225,0,248049,0,0,0,0,0,0,13,4,248049,6,310,0,132225,0,0,0,0,248049,0,0,248049,0,3,0,5,0,68,79,7,2,237378,0,0,248049,2,3,0,0,316,0,-1,0,4202625,66
319,1,1,15000,255,169,255,1904,169,22,169,255,1,57,55,1,169,169,255,169,IFK Göteborg,222,0,-1,0,228863,0,5,-1,0,90,0,1,4,0,0,4,0,1,18100,0,1,191,111594,0,1,68,0,1,0,66,68,64,11,1,65,1,-1,65,1,0,0,228863,66816,0,228863,0,0,0,0,0,0,8,1,228863,5,319,2,66816,0,0,1,0,238270,1,0,228863,0,18,0,7,0,66,97,6,1,228863,0,0,228863,2,2,0,0,316,0,-1,0,139520,64
320,181,17,33000,255,169,255,1910,169,138,169,234,1,55,197,1,169,169,255,169,Malmö FF,255,0,-1,0,273694,0,10,-1,0,30,0,1,4,0,0,5,0,1,22500,0,1,299,319,0,1,65,0,1,0,68,65,69,12,2,68,1,-1,68,1,0,0,265696,270464,0,265696,0,0,0,0,0,0,16,2,265696,6,320,0,532608,0,0,0,0,164484,0,0,273694,0,24,0,7,0,68,97,9,1,239125,0,0,273694,2,4,0,0,316,0,-1,0,528512,69
321,112,37,3000,250,169,250,1914,169,37,169,203,1,56,112,1,169,169,250,169,Halmstads BK,203,0,-1,0,260990,0,3,-1,0,30,0,1,4,0,0,2,0,0,10873,0,1,621,319,0,1,63,0,3,0,63,63,62,12,2,63,1,-1,63,0,0,0,260990,270336,0,204348,0,0,0,0,0,0,1,2,204348,4,321,0,532480,0,0,1,0,260990,0,0,204348,0,4,0,7,0,63,97,5,1,270718,0,0,204348,2,1,0,0,316,0,-1,0,528384,62
322,92,1,11500,255,1,255,1886,1,1,1,163,1,47,92,1,1,1,255,1,Grasshopper Club Zürich,173,0,-1,0,238988,0,7,-1,0,50,0,2,4,0,0,6,0,0,26104,0,1,539,894,0,1,64,0,1,0,65,64,66,8,3,62,1,-1,62,1,0,0,238988,4198464,0,238988,0,0,0,0,0,0,19,3,238988,6,322,0,264256,0,0,1,0,199282,0,0,238988,0,27,0,4,0,65,71,5,1,208159,0,0,238988,2,5,0,0,316,0,-1,0,526400,66
324,31,135,22850,255,150,255,1890,150,1,150,45,1,46,1,1,150,150,255,150,Servette FC,1,0,-1,0,206254,0,7,-1,0,50,0,1,4,0,0,5,0,0,30084,0,1,749,1862,0,1,69,0,0,0,69,69,69,6,3,68,1,-1,68,1,0,0,206254,4202496,0,206254,0,0,0,0,0,0,8,3,206254,5,324,0,4198400,0,0,0,0,206307,0,0,206254,0,17,0,4,0,69,71,4,1,206254,0,0,206254,2,5,0,0,316,0,-1,0,264192,69
325,2,167,305000,11,1,255,1905,1,175,1,29,2,41,2,2,1,1,157,1,Galatasaray,45,0,-1,0,222492,0,10,-1,0,65,0,1,4,0,0,9,1,1,52468,0,1,231,326,0,1,80,0,1,0,79,80,81,28,1,78,1,-1,78,1,0,0,263205,132225,3,222492,0,0,0,9,0,0,19,2,263205,4,325,1,132225,0,0,0,0,229905,0,0,222492,0,25,0,5,0,79,89,7,3,232293,0,0,222492,9,7,0,0,316,0,-1,0,4202625,80
326,246,254,292000,133,180,69,1907,215,4,50,0,2,40,50,2,50,215,84,180,Fenerbahçe,187,0,-1,0,212523,4,9,-1,0,65,0,1,4,0,0,7,1,0,50530,0,1,231,325,0,1,79,0,1,0,78,79,72,29,1,76,1,-1,77,1,0,0,212523,132224,3,258580,0,0,0,0,0,0,7,4,258580,5,326,0,132224,0,0,1,0,232363,0,0,258580,0,19,0,5,0,78,89,7,3,212523,0,0,212523,9,6,0,0,316,0,-1,0,4202624,72
327,1,1,193000,255,1,255,1903,1,11,1,1,2,41,11,2,1,1,255,1,Beşiktaş,44,0,-1,0,216860,0,8,-1,0,65,0,1,4,0,0,8,1,0,41903,8,1,231,326,0,1,75,0,1,0,74,74,73,28,1,74,1,-1,74,1,0,0,243245,132240,3,216860,0,0,0,0,0,0,11,1,243245,4,327,0,132240,0,0,0,0,243245,1,0,243245,0,16,0,5,0,74,89,7,3,243245,0,0,243245,9,6,0,0,316,0,-1,0,4202640,73
347,242,255,113445,40,250,240,1908,250,10,250,0,2,40,95,2,250,250,30,250,Lecce,133,0,-1,0,271197,0,2,-1,0,50,0,2,4,0,0,1,0,0,29122,0,1,695,1848,0,1,71,0,3,0,72,72,71,18,2,71,1,-1,70,1,0,0,244717,4202624,0,244717,0,0,0,0,0,0,0,3,271197,8,347,0,4202624,0,0,0,0,210676,1,0,271197,0,0,0,4,0,71,47,2,1,268511,0,0,271197,2,1,0,0,316,0,-1,0,266368,72
361,255,255,3200,1,1,231,1976,1,255,1,255,1,51,255,1,1,1,1,1,Stevenage,255,0,-1,0,245903,0,5,-1,0,50,0,2,4,0,0,1,0,0,7800,0,0,463,1923,0,2,65,0,1,0,65,65,66,0,2,65,0,-1,65,0,0,0,245903,4202752,0,245903,0,0,0,0,0,0,0,2,245903,4,361,0,270592,0,0,0,0,200731,0,0,245903,0,0,0,3,0,65,55,4,0,205255,0,0,245903,2,1,0,0,316,0,-1,0,528640,66
378,23,238,95000,250,182,250,1950,182,255,182,30,2,48,1,2,182,182,250,182,Stade Brestois 29,1,0,-1,0,204105,4,4,-1,0,30,0,2,4,0,0,4,0,0,15097,0,1,72,62,0,1,74,0,3,0,74,74,75,-4,2,74,1,-1,74,0,0,0,231612,270488,0,231612,0,0,0,0,0,0,0,2,231612,2,378,0,532632,0,0,0,0,215410,0,0,231612,0,0,0,4,0,74,45,3,1,231612,0,0,204105,2,3,0,0,316,0,-1,0,528536,75
379,1,235,48000,250,1,250,1931,1,255,1,1,1,49,1,1,1,1,250,1,Stade de Reims,1,0,-1,0,259316,4,10,-1,0,50,0,2,4,0,0,3,0,0,21127,13,1,399,294,0,1,68,0,1,0,69,68,68,4,3,68,1,-1,68,0,0,0,259316,4202512,0,242914,0,0,0,0,0,0,2,1,259316,6,379,0,4198416,0,0,0,0,277659,0,0,259316,0,6,0,4,0,69,51,6,1,242914,0,0,259316,2,1,0,0,316,0,-1,0,264208,68
381,120,1,2200,255,94,255,1901,43,1,213,255,1,54,120,1,213,43,255,94,Barrow,255,0,-1,0,253094,0,5,-1,0,50,0,1,4,0,0,1,0,0,5045,5,0,814,112260,0,0,61,0,3,0,62,61,61,-3,2,62,0,-1,62,0,0,0,253094,4202752,0,253094,0,0,0,0,0,0,0,3,253094,1,381,0,270592,0,0,1,0,187154,0,0,253094,0,0,0,3,0,62,55,3,0,203500,0,0,253094,2,1,0,0,316,0,-1,0,528640,61
383,115,6,264990,255,220,255,1914,220,255,220,69,2,-23,255,2,220,220,255,220,Palmeiras,255,0,-1,0,230241,0,10,-1,0,65,0,2,4,0,0,7,0,1,43713,25,0,434,598,2,1,76,0,15,0,75,76,78,-46,1,74,1,-1,74,1,1,0,230241,132160,1,230269,0,0,0,0,3,0,4,4,230269,10,383,0,132160,0,0,1,0,230182,1,0,230241,0,12,0,1,0,75,184,6,-3,230440,0,0,230241,7,9,0,0,316,0,-1,0,4202560,78
393,5,5,80000,255,204,255,1926,202,25,206,5,2,40,25,2,206,202,255,204,PAOK,25,0,-1,0,188803,0,9,-1,0,90,0,2,4,0,0,6,0,1,29000,8,1,477,278,0,1,76,0,3,0,74,76,76,22,1,73,1,-1,73,1,0,0,188803,66576,1,205391,0,0,0,0,0,0,8,4,220746,2,393,0,66576,0,0,0,0,220746,1,0,210136,0,4,0,4,0,74,88,9,2,188803,0,0,188803,9,5,0,0,316,0,-1,0,139280,76
417,86,2,13000,255,250,255,1911,250,56,250,158,1,62,139,1,250,250,255,250,Molde FK,222,0,-1,0,211365,0,8,-1,0,30,0,2,4,0,0,4,0,0,11249,3,1,320,298,2,1,67,0,15,0,67,67,67,7,1,66,1,-1,66,1,0,0,211365,263172,0,211365,0,0,0,0,0,0,6,2,219990,4,417,0,525316,0,0,0,0,246063,0,0,219990,0,5,0,7,0,67,199,7,1,246063,0,0,211365,2,3,0,0,316,0,-1,0,532484,67
418,1,204,6000,250,250,250,1920,250,220,250,1,1,69,5,1,250,250,250,250,Tromsø IL,10,0,-1,0,274979,0,7,-1,0,90,0,1,4,0,0,2,0,0,6691,1,1,492,918,2,1,65,0,15,0,65,65,63,18,1,66,1,-1,66,1,0,0,260000,66560,0,177279,0,0,0,0,0,0,2,2,260000,7,418,0,66560,0,0,0,0,177279,0,0,260000,0,0,0,7,0,65,199,5,1,73635,0,0,260000,2,1,0,0,316,0,-1,0,139264,63
420,255,255,11546,12,255,206,1948,255,17,255,255,1,50,73,1,255,255,0,255,Górnik Zabrze,147,0,-1,0,225996,0,7,-1,0,50,0,2,4,0,0,4,0,0,24563,0,1,536,1871,0,1,69,0,3,0,69,72,66,18,3,69,1,-1,68,1,0,0,225996,4202496,1,225996,0,0,0,0,0,0,6,3,225996,7,420,0,4198400,0,0,1,0,225996,0,0,225996,0,14,0,5,0,68,93,8,1,223307,0,0,225996,2,2,0,0,316,0,-1,0,264192,68
422,174,7,930,255,74,255,1984,7,222,25,85,1,51,49,1,25,7,255,74,Cork City,49,0,-1,0,200900,0,5,-1,0,50,0,2,4,0,0,4,0,0,7385,0,0,121,834,0,1,55,0,1,0,56,55,59,-8,2,55,0,-1,55,0,0,0,200900,4202816,0,200900,0,0,0,0,0,0,4,2,200900,5,422,0,270656,0,0,0,0,212223,0,0,200900,0,3,0,3,0,56,23,5,0,212223,0,0,200900,2,2,0,0,316,0,-1,0,528704,59
423,49,222,977,255,255,255,1929,255,198,10,49,1,53,30,1,255,10,255,10,St Patrick's Athletic,40,0,-1,0,251262,0,7,-1,0,50,0,2,4,0,0,3,0,0,5340,13,1,143,306,0,1,63,0,1,0,62,63,62,-6,1,61,0,-1,61,0,0,0,242230,4195474,0,251262,0,0,0,0,0,0,5,1,261277,3,423,0,263314,0,0,0,0,246079,0,0,261277,0,8,0,3,0,62,23,6,0,246079,0,0,251262,2,1,0,0,316,0,-1,0,532626,62
433,1,1,17000,1,211,255,1891,211,14,211,1,1,59,10,1,211,211,238,211,AIK,20,0,-1,0,272566,0,8,-1,0,90,0,2,4,0,0,4,0,1,50000,0,1,457,710,0,1,66,0,1,0,66,66,64,18,2,63,1,-1,63,1,0,0,272566,73984,0,272566,0,0,0,0,0,0,8,4,272566,7,433,0,73984,0,0,1,0,192129,0,0,272566,0,12,0,7,0,66,97,3,1,234066,0,0,272566,2,2,0,0,316,0,-1,0,135424,64
436,13,118,54000,255,1,90,1967,1,95,1,2,2,41,175,2,1,1,170,1,Trabzonspor,215,0,-1,0,237055,0,7,-1,0,50,0,2,4,0,0,7,0,1,41461,0,1,490,326,0,1,72,0,1,0,73,71,77,39,2,73,1,-1,73,1,0,0,237055,4202561,0,237055,0,0,0,0,0,0,9,2,237055,8,436,0,4202561,0,0,0,0,204639,0,0,237055,0,7,0,5,0,73,89,9,3,212382,0,0,237055,9,5,0,0,316,0,-1,0,266305,76
445,22,243,990,255,240,255,1928,240,223,100,45,1,54,3,1,240,10,255,20,Derry City,38,0,-1,0,261276,0,9,-1,0,90,0,1,4,0,0,3,0,0,7700,1,0,135,563,2,1,62,0,15,0,62,62,63,-7,1,62,0,-1,62,1,0,0,246136,66690,0,235650,0,0,0,0,0,0,6,2,235650,6,445,0,66690,0,0,0,0,201901,0,0,261276,0,2,0,3,0,62,23,9,0,277353,0,0,261276,2,1,0,0,316,0,-1,0,139394,63
448,10,190,285000,255,255,255,1898,255,205,255,30,2,43,30,2,255,255,255,255,Athletic Club de Bilbao,30,0,-1,0,279604,0,7,-1,0,65,0,2,4,0,0,6,1,0,53331,0,2,53,457,0,1,81,0,1,0,79,80,79,-2,2,78,2,-1,79,2,0,0,279604,131712,3,256516,0,0,0,0,0,0,25,4,279604,10,448,0,139392,0,0,0,0,216201,0,0,279604,0,8,0,4,0,80,41,10,1,256516,0,0,279604,2,5,0,0,316,0,-1,0,4198528,79
449,150,1,180000,255,90,255,1907,1,10,1,85,2,37,140,2,1,1,255,90,Real Betis Balompié,90,0,-1,0,226456,0,6,-1,0,50,0,1,4,0,0,5,1,0,60721,0,1,445,481,0,1,80,0,1,0,79,80,80,-5,1,76,2,-1,77,2,0,0,226456,132096,3,226456,0,0,0,10,0,0,3,2,226456,6,449,0,4195328,0,0,0,0,203747,0,0,226456,0,1,0,4,0,79,41,5,1,237034,0,0,226456,2,3,0,0,316,0,-1,0,270336,80
450,168,76,110000,255,255,255,1923,255,60,255,213,2,42,150,2,255,255,255,255,RC Celta de Vigo,200,0,-1,0,192638,0,6,-1,0,65,0,2,4,0,0,6,0,0,29000,0,1,515,242,0,1,75,0,1,0,77,76,79,-8,1,77,2,-1,77,2,0,0,259694,132234,2,259694,0,0,0,10,0,0,0,3,259694,5,450,0,132234,0,0,0,0,220821,0,0,192638,0,0,0,4,0,76,41,5,1,224179,0,0,192638,2,4,0,0,316,0,-1,0,4202634,78
452,108,17,65000,255,1,255,1900,1,0,1,191,2,41,90,2,1,1,255,1,RCD Espanyol,170,0,-1,0,229862,0,4,-1,0,90,0,1,4,0,0,6,0,0,40500,0,2,36,241,0,1,74,0,1,0,75,74,73,2,2,77,0,-1,76,2,0,0,229862,66560,2,229862,0,0,0,0,0,0,4,4,229862,6,452,0,73728,0,0,0,0,192816,1,0,229862,0,0,0,4,0,75,41,3,1,192678,0,0,229862,2,2,0,0,316,0,-1,0,135168,73
453,26,236,8000,0,26,10,1916,236,255,13,13,2,39,0,2,13,236,0,26,RCD Mallorca,0,0,-1,0,202648,0,3,-1,0,30,0,2,4,0,0,4,0,0,23142,0,2,369,483,0,1,76,0,1,0,76,77,75,2,2,77,2,-1,77,2,0,0,202648,263496,1,202648,0,0,0,10,0,0,1,4,202648,5,453,0,270664,0,0,0,0,228805,0,0,214026,0,0,0,4,0,76,41,8,1,223710,0,0,202648,2,1,0,0,316,0,-1,0,528712,74
456,254,254,4400,9,244,55,1913,244,250,81,254,1,43,254,1,244,95,102,156,Racing de Santander,250,0,-1,0,243792,0,5,-1,0,50,0,2,4,0,0,4,0,0,22308,0,2,765,448,0,1,71,0,1,0,70,72,71,-3,3,66,2,-1,68,2,0,0,243792,4202496,1,243792,0,0,0,0,0,0,0,3,243792,4,456,0,4198400,0,0,0,0,254005,0,0,243792,0,0,0,4,0,70,69,6,1,243792,0,0,243792,2,1,0,0,316,0,-1,0,264192,71
457,35,0,155000,255,73,255,1909,2,0,49,125,2,43,45,2,49,2,255,73,Real Sociedad,135,0,-1,0,235944,0,7,-1,0,65,0,2,4,0,0,6,0,0,40000,0,2,425,448,0,1,78,0,1,0,77,77,83,-1,1,76,2,-1,76,2,0,0,241811,132096,2,241811,0,0,0,0,0,0,3,4,234153,6,457,0,132096,0,0,0,0,230142,0,0,234153,0,2,0,4,0,78,41,6,1,230142,0,0,235944,2,4,0,0,316,0,-1,0,4202496,83
459,5,221,17000,255,180,255,1905,180,200,180,4,1,43,0,1,180,180,255,180,Real Sporting de Gijón,0,0,-1,0,243491,4,7,-1,0,50,0,2,4,0,0,5,0,0,30000,0,2,183,110827,0,1,71,0,1,0,71,73,74,-5,1,70,2,-1,70,2,0,0,243491,4195456,0,243491,0,0,0,0,0,0,0,4,243491,8,459,0,4195456,0,0,0,0,219836,0,0,224428,0,0,0,4,0,70,69,6,1,224428,0,0,224428,2,1,0,0,316,0,-1,0,270464,77
461,124,247,450000,255,1,255,1919,1,1,1,67,2,39,1,2,1,1,255,1,Valencia CF,1,0,-1,0,224415,0,7,-1,0,50,0,2,4,0,0,7,1,0,49430,0,2,504,1853,0,1,75,0,1,0,76,77,76,0,2,74,2,-1,74,2,0,0,230786,132241,3,224415,0,0,0,0,0,0,8,2,224415,6,461,1,4202641,0,0,0,0,211688,1,0,230786,0,6,0,4,0,76,41,6,1,243134,0,0,230786,2,6,0,0,366,0,-1,0,266385,76
462,52,142,11000,255,1,255,1928,1,80,1,175,1,41,0,1,1,1,255,1,Real Valladolid,112,0,-1,0,258769,0,2,-1,0,30,0,1,4,0,0,4,0,0,27618,0,1,506,459,0,1,69,0,1,0,68,68,68,-4,3,67,2,-1,69,2,0,0,258769,270336,2,258769,0,0,0,0,0,0,0,2,258769,5,462,0,528384,0,0,0,0,271682,0,0,258769,0,0,0,4,0,69,69,5,1,271682,0,0,258769,2,1,0,0,316,0,-1,0,526336,66
463,78,0,13000,255,120,255,1921,1,0,200,180,2,42,66,2,200,1,255,120,Deportivo Alavés,200,0,-1,0,270834,0,2,-1,0,50,0,2,4,0,0,3,0,0,19840,0,2,518,448,0,1,73,0,1,0,74,73,77,-2,2,74,2,-1,74,2,0,0,270834,4202561,2,270834,0,0,0,0,0,0,0,4,270834,4,463,0,4202561,0,0,0,0,261987,0,0,270834,0,0,0,4,0,74,41,7,1,222041,0,0,270834,2,1,0,0,316,0,-1,0,266305,77
467,74,52,29000,98,255,219,1940,255,70,255,132,1,43,90,1,255,255,55,255,SD Eibar,150,0,-1,0,199986,0,10,-1,0,50,0,2,4,0,0,4,0,0,8164,0,2,149,463,0,1,68,0,1,0,70,69,69,-2,1,71,2,-1,68,2,0,0,199986,4195462,2,275126,0,0,0,0,0,0,0,2,275126,2,467,0,4195462,0,0,0,0,199986,0,0,199986,0,0,0,4,0,69,69,6,1,244197,0,0,199986,2,1,0,0,316,0,-1,0,270470,71
468,255,255,5000,60,110,40,1923,50,240,70,255,2,38,255,2,70,50,100,110,Elche CF,240,0,-1,0,254860,0,3,-1,0,50,0,2,5,0,0,2,0,0,31388,0,2,153,1853,0,1,73,0,1,0,74,73,74,0,1,74,2,-1,74,2,0,0,259173,4195400,0,254860,0,0,0,0,0,0,0,4,254860,4,468,0,4195400,0,0,0,0,206222,0,0,254860,0,0,0,4,0,74,41,4,1,228941,0,0,254860,2,1,0,0,316,0,-1,0,270408,74
472,235,255,45000,173,255,9,1949,255,255,255,0,2,28,204,2,255,255,78,255,UD Las Palmas,0,0,-1,0,252079,0,2,-1,0,50,0,2,4,0,0,4,0,0,32400,0,2,264,1867,0,1,71,0,1,0,71,71,72,-15,1,71,2,-1,72,2,0,0,252079,4195348,0,252079,0,0,0,0,0,0,0,4,252079,9,472,0,4195348,0,0,0,0,258922,0,0,252079,0,0,0,4,0,72,69,4,0,252079,0,0,252079,2,1,0,0,316,0,-1,0,270356,71
479,0,193,15000,93,200,18,1920,200,203,200,5,2,42,10,2,200,200,25,200,CA Osasuna,15,0,-1,0,211022,0,5,-1,0,50,0,2,4,0,0,4,0,0,23576,0,2,370,448,0,1,77,0,1,0,76,76,78,-1,2,76,2,-1,77,2,0,0,211022,132224,1,211022,0,0,0,0,0,0,0,4,211022,7,479,0,4202624,0,0,0,0,224003,0,0,211022,0,0,0,4,0,77,41,7,1,188335,0,0,211022,2,1,0,0,316,0,-1,0,266368,78
480,255,255,10000,0,200,255,1924,200,255,200,255,2,40,234,2,200,200,0,200,Rayo Vallecano,240,0,-1,0,232498,0,3,-1,0,65,0,1,4,0,0,5,0,0,14708,0,2,295,100888,0,1,77,0,1,0,76,77,81,-3,2,76,2,-1,77,2,0,0,197948,132098,1,232498,0,0,0,10,0,0,0,2,232498,5,480,0,139266,0,0,0,0,232498,0,0,197948,0,0,0,4,0,77,41,5,1,232498,0,0,197948,2,1,0,0,316,0,-1,0,4198402,81
481,0,249,480000,255,1,255,1890,1,230,1,0,2,37,0,2,1,1,255,1,Sevilla FC,0,0,-1,0,229649,0,8,-1,0,50,0,2,4,0,0,8,1,0,43883,0,1,445,449,0,1,75,0,1,0,75,74,75,-5,3,75,2,-1,75,2,0,0,229649,139272,3,229649,0,0,0,0,0,0,5,4,229649,7,481,7,4198408,0,0,0,0,193198,1,0,193198,0,1,0,4,0,75,41,4,1,266256,0,0,193198,2,8,0,0,366,0,-1,0,266248,75
483,230,250,400000,135,100,0,1923,1,255,1,100,2,39,215,2,1,1,50,100,Villarreal CF,0,0,-1,0,226110,0,8,-1,0,50,0,2,4,0,0,6,1,0,23500,0,2,517,461,0,1,80,0,1,0,80,81,80,0,2,78,2,-1,77,2,0,0,226110,132096,3,226110,0,0,0,10,0,0,0,2,264388,7,483,1,4202496,0,0,0,0,208093,1,0,264388,0,0,0,4,0,79,41,6,1,208093,0,0,226110,2,7,0,0,316,0,-1,0,266240,82
485,255,255,85115,1,255,1,1896,255,1,255,255,1,52,157,1,255,255,1,255,Hannover 96,58,0,-1,0,262669,0,7,-1,0,90,0,2,3,0,1,8,0,0,49200,0,1,208,110500,0,1,71,0,3,0,70,73,70,9,1,67,1,-1,69,1,0,0,262669,66688,1,269302,0,0,0,0,0,0,1,2,262669,6,485,0,66688,0,0,0,0,262669,0,0,262669,0,2,0,4,0,70,27,8,1,262119,0,0,262669,2,1,0,0,316,0,-1,0,139392,71
487,37,95,8015,255,160,255,1899,160,128,160,159,1,52,0,1,160,160,255,160,VfL Osnabrück,128,0,-1,0,244034,4,9,-1,0,50,0,1,4,0,0,7,0,0,16667,0,1,635,531,0,1,65,0,3,0,65,66,66,8,2,64,2,-1,66,1,0,0,244034,4202768,1,244034,0,0,0,0,0,0,0,1,244034,7,487,0,270608,0,0,0,0,234381,0,0,244034,0,0,0,4,0,65,91,3,1,261047,0,0,244034,2,1,0,0,316,0,-1,0,528656,66
492,1,160,8980,1,220,1,1926,220,255,220,5,1,50,255,1,220,220,1,220,SV Wehen Wiesbaden,255,0,-1,0,276342,0,9,-1,0,30,0,2,4,0,0,2,0,0,15295,0,1,636,169,0,1,65,0,3,0,66,67,64,8,2,62,1,-1,62,1,0,0,276342,270344,1,276342,0,0,0,0,0,0,0,2,276342,3,492,0,532488,0,0,0,0,243445,1,0,276342,0,0,0,4,0,65,91,3,1,243445,0,0,276342,2,1,0,0,316,0,-1,0,528392,65
503,1,1,19750,1,255,255,1953,255,155,200,1,1,51,1,1,255,200,205,200,Dynamo Dresden,17,0,-1,0,256954,0,2,-1,0,65,0,2,4,0,1,9,0,0,32249,0,1,567,506,0,1,67,0,3,0,68,67,68,13,2,69,1,-1,67,1,0,0,244133,139408,1,244133,0,0,0,0,0,0,0,2,256954,6,503,0,139408,0,0,0,0,234385,0,0,244133,0,0,0,4,0,67,27,4,1,216823,0,0,244133,2,1,0,0,316,0,-1,0,4198544,69
506,55,84,6770,100,200,202,1946,200,1,200,138,1,50,1,1,200,200,174,200,Erzgebirge Aue,1,0,-1,0,73370,0,7,-1,0,50,0,2,4,0,0,4,0,0,16485,0,1,568,503,0,1,63,0,1,0,65,64,66,12,2,64,1,-1,64,1,0,0,73370,4202505,1,73370,0,0,0,0,0,0,0,2,73370,1,506,0,270345,0,0,0,0,182520,0,0,73370,0,0,0,4,0,64,91,2,1,238643,0,0,73370,2,1,0,0,316,0,-1,0,528393,71
517,1,1,210000,255,255,255,1904,255,255,255,1,2,-22,255,2,255,255,255,255,Botafogo,255,0,-1,0,230481,1,7,-1,0,50,0,2,4,0,0,4,0,0,44661,8,0,402,1043,2,1,75,0,1,0,75,75,71,-43,1,75,1,-1,75,1,1,0,230481,132104,1,230481,0,0,0,0,1,0,0,2,230481,4,517,0,4195336,0,0,1,0,230481,1,0,230481,0,3,0,1,0,75,184,10,-3,230516,0,0,230481,7,7,0,0,316,0,-1,0,270344,71
523,81,1,5100,1,255,1,1903,255,251,250,173,1,49,190,1,255,250,1,250,1. FC Saarbrücken,1,0,-1,0,237635,0,8,-1,0,50,0,2,4,0,0,6,0,0,16003,0,1,821,29,0,1,65,0,3,0,64,66,66,6,3,63,1,-1,64,1,0,0,237635,4198400,0,237635,0,0,0,0,0,0,0,2,237635,2,523,0,264192,0,0,0,0,233785,1,0,237635,0,0,0,4,0,65,91,2,1,237635,0,0,237635,2,1,0,0,316,0,-1,0,526336,66
526,3,255,6100,254,156,255,1907,156,255,156,3,1,51,3,1,156,156,255,156,Rot-Weiß Essen,3,0,-1,0,260186,0,6,-1,0,50,0,1,4,0,0,10,0,0,20352,0,1,656,34,0,1,66,0,12,0,66,67,66,6,2,64,1,-1,64,1,0,0,260186,4202752,0,260186,0,0,0,0,0,0,1,3,260186,7,526,0,270592,0,0,0,0,217841,1,0,260186,0,1,0,4,0,65,91,2,1,272909,0,0,260186,2,1,0,0,316,0,-1,0,528640,66
531,150,0,10300,1,210,1,1906,210,255,210,94,1,51,255,1,210,210,1,210,Preußen Münster,255,0,-1,0,244024,0,1,-1,0,30,0,2,4,0,3,5,0,0,15000,0,1,609,159,0,1,67,0,15,0,67,67,67,7,2,65,1,-1,67,1,0,0,244024,270600,1,244024,0,0,0,0,0,0,0,3,244024,5,531,0,532744,0,0,0,0,212755,0,0,244024,0,0,0,4,0,67,27,2,1,244024,0,0,244024,2,1,0,0,316,0,-1,0,528648,67
537,58,57,10000,20,255,255,1935,255,1,255,176,1,50,1,1,255,255,11,255,Dender,1,0,-1,0,272872,0,2,-1,0,50,0,2,4,0,0,1,0,0,6429,0,1,951,229,0,1,67,0,0,0,68,67,68,4,2,67,1,-1,67,1,0,0,272872,4202624,0,272872,0,0,0,0,0,0,0,4,272872,2,537,0,4202624,0,0,0,0,264711,0,0,272872,0,0,0,4,0,68,122,8,1,272872,0,0,272872,2,1,0,0,316,0,-1,0,266368,68
543,1,227,5820,5,225,175,1907,225,255,225,15,1,48,255,1,225,225,11,225,Jahn Regensburg,255,0,-1,0,270514,0,7,-1,0,30,0,2,4,0,0,3,0,0,15210,1,1,615,111239,0,1,64,0,3,0,64,64,63,12,2,62,1,-1,63,1,0,0,244280,270336,1,244280,0,0,0,0,0,0,0,2,244280,4,543,0,532480,0,0,0,0,245543,0,0,270514,0,0,0,4,0,64,91,3,1,270514,0,0,270514,2,1,0,0,316,0,-1,0,528384,63
563,0,242,947,255,220,255,1928,220,210,220,0,1,54,22,1,220,220,255,220,Sligo Rovers,8,0,-1,0,241582,0,6,-1,0,50,0,2,4,0,0,2,0,0,4000,1,0,455,445,0,1,60,0,0,0,59,60,58,-8,2,58,0,-1,58,1,0,0,241582,4202816,0,241582,0,0,0,0,0,0,5,2,241582,7,563,0,270656,0,0,0,0,241582,0,0,241582,0,3,0,3,0,59,23,4,0,261454,0,0,241582,2,1,0,0,316,0,-1,0,528704,58
567,112,5,219990,38,230,182,1902,230,255,230,67,2,-22,255,2,230,230,6,230,Fluminense,255,0,-1,0,230337,0,8,-1,0,65,0,2,4,0,0,5,0,0,78838,0,0,402,1043,0,1,72,0,3,0,72,72,74,-43,1,72,1,-1,72,1,0,0,230271,132097,0,230337,0,0,0,0,1,0,1,2,230337,9,567,0,132097,0,0,1,0,230271,1,0,230337,0,4,0,1,0,72,184,3,-3,230278,0,0,230337,7,8,0,0,316,0,-1,0,4202497,74
568,52,4,219000,255,245,255,1921,245,255,245,170,1,-20,255,1,245,245,255,245,Cruzeiro,255,0,-1,0,234015,0,6,-1,0,65,0,2,4,0,0,6,0,0,61846,5,1,44,1035,0,1,71,0,1,0,72,71,75,-44,1,73,1,-1,73,1,0,0,230465,132165,0,230252,0,0,0,0,2,0,6,5,230252,6,568,0,132165,0,0,1,0,230318,0,0,234015,0,4,0,1,0,72,184,7,-3,230502,0,0,234015,7,6,0,0,316,0,-1,0,4202565,75
569,255,255,189990,1,230,1,1898,230,250,230,255,1,-22,250,1,230,230,1,230,Vasco da Gama,250,0,-1,0,230275,0,5,-1,0,50,0,2,4,0,0,6,0,1,21880,0,0,402,1043,0,1,69,0,1,0,70,69,70,-43,1,70,1,-1,70,1,1,0,230275,4195392,1,234023,0,0,0,0,1,0,1,3,234023,4,569,0,4195392,0,0,1,0,230434,1,0,230275,0,4,0,1,0,70,111,2,-3,230302,0,0,230275,7,3,0,0,316,0,-1,0,270400,70
573,90,25,70000,255,50,255,1994,40,83,92,170,1,36,140,1,92,40,255,50,Málaga CF,195,0,-1,0,276949,0,2,-1,0,50,0,2,4,0,0,6,0,0,30044,0,2,298,110832,0,1,69,0,1,0,70,69,71,-4,2,67,2,-1,67,2,0,0,276949,4202496,0,276949,0,0,0,0,0,0,0,2,276949,7,573,0,4202496,0,0,0,0,235312,0,0,276949,0,0,0,4,0,69,69,3,1,74554,0,0,276949,2,1,0,0,316,0,-1,0,266240,72
576,83,1,22400,255,160,255,1900,160,226,170,151,1,54,1,1,170,160,255,160,Holstein Kiel,49,0,-1,0,251834,0,6,-1,0,30,0,2,4,0,0,3,0,0,15034,0,1,642,110329,0,1,68,0,3,0,68,67,68,10,2,68,1,-1,69,1,0,0,251834,270338,1,251834,0,0,0,0,0,0,0,2,251834,5,576,0,532482,0,0,0,0,212321,1,0,251834,0,1,0,4,0,69,27,5,1,76106,0,0,251834,2,1,0,0,316,0,-1,0,528386,71
580,255,255,11500,1,146,1,1907,146,255,146,255,1,49,255,1,146,146,1,146,SV Elversberg,255,0,-1,0,261745,0,3,-1,0,50,0,2,4,0,0,2,0,0,10000,8,1,910,523,0,1,69,0,0,0,71,71,65,7,1,71,1,-1,68,1,0,0,261745,4195328,0,261745,0,0,0,0,0,0,0,2,261745,6,580,0,4195328,0,0,0,0,262591,1,0,261745,0,0,0,4,0,68,27,6,1,76133,0,0,261745,2,1,0,0,316,0,-1,0,270336,65
583,129,1,1650,255,255,255,1905,255,1,255,50,1,50,120,1,255,255,255,255,1. FC Schweinfurt 05,60,0,-1,0,202087,0,1,-1,0,50,0,2,4,0,0,4,0,0,15060,0,1,972,171,0,1,61,0,3,0,63,61,63,10,2,63,1,-1,63,1,0,0,202087,4202496,0,202087,0,0,0,0,0,0,0,6,202087,5,583,0,270336,0,0,0,0,202087,0,0,202087,0,0,0,4,0,62,91,1,1,202087,0,0,202087,2,1,0,0,316,0,-1,0,528384,64
598,0,250,234990,255,230,255,1930,230,1,230,0,2,-23,1,2,230,230,255,230,São Paulo,1,0,-1,0,230521,0,7,-1,0,65,0,2,4,0,0,7,0,1,66795,0,0,434,1041,0,1,72,0,1,0,73,72,73,-46,1,73,1,-1,73,1,1,0,230222,132224,1,230242,0,0,0,0,3,0,1,3,230242,8,598,1,132224,0,0,1,0,230244,0,0,230521,0,6,0,1,0,73,184,9,-3,230521,0,0,230521,7,8,0,0,316,0,-1,0,4202624,73
605,1,1,196280,255,1,255,1957,1,1,1,204,2,24,1,2,1,1,255,1,Al Hilal,153,0,-1,0,223848,4,10,-1,0,50,0,2,4,0,1,9,0,0,26090,0,1,405,112139,0,1,79,0,1,0,78,80,78,46,1,75,1,-1,75,1,0,0,224293,132232,0,224293,0,0,0,0,0,0,11,3,210602,2,605,0,4195464,0,0,0,0,210602,1,0,223848,0,19,0,8,0,78,67,10,3,165153,0,0,223848,9,7,0,0,316,0,-1,0,270472,78
607,255,255,113380,1,80,1,1927,52,255,53,1,2,21,255,2,53,52,1,80,Al Ittihad,255,0,-1,0,241852,4,10,-1,0,50,0,2,4,0,1,8,0,0,60342,0,1,232,112387,0,1,76,0,1,0,74,75,76,39,2,71,1,-1,72,1,0,0,241852,4202625,0,241852,0,0,0,0,0,0,10,5,241852,5,607,0,4202625,0,0,1,0,209499,1,0,241852,0,10,0,8,0,74,67,10,3,209499,0,0,241852,9,6,0,0,316,0,-1,0,266369,76
621,1,1,3300,1,1,255,1995,1,255,1,1,1,55,240,1,1,1,215,1,Livingston,1,0,-1,0,215420,0,3,-1,0,50,0,1,4,0,0,1,0,0,9512,30,2,673,81,0,2,64,0,15,0,64,64,63,-3,3,62,0,-1,62,1,0,0,215420,4198416,0,215420,0,0,0,0,0,0,0,2,215420,3,621,0,264208,0,0,1,0,190180,1,0,215420,0,0,0,3,0,64,173,2,0,215420,0,0,215420,2,1,0,0,316,0,-1,0,526352,63
634,240,240,32500,90,185,24,1968,185,4,185,50,1,50,4,1,185,185,160,185,Fortuna Sittard,4,0,-1,0,246960,0,4,-1,0,50,0,2,4,0,0,1,0,1,12511,0,2,677,1904,0,2,68,0,1,0,68,68,68,5,2,66,2,-1,67,2,0,0,246960,4202504,2,246960,0,0,0,0,0,0,2,2,275858,1,634,0,4202504,0,0,0,0,197860,1,0,246960,0,0,0,4,0,68,30,5,1,246960,0,0,246960,2,1,0,0,316,0,-1,0,266248,68
645,125,250,23750,5,150,5,1920,150,255,150,0,1,52,100,1,150,150,5,150,FC Volendam,1,0,-1,0,239012,0,1,-1,0,50,0,2,4,0,0,2,0,0,6800,0,2,906,100638,0,2,67,0,15,0,66,67,66,5,2,65,2,-1,66,2,0,0,221907,4202560,0,221907,0,0,0,0,0,0,0,1,221907,7,645,0,270400,0,0,0,0,227537,0,0,239012,0,0,0,4,0,66,30,5,1,227537,0,0,239012,2,1,0,0,316,0,-1,0,528448,66
670,5,5,37000,255,204,255,1904,202,1,206,5,1,50,1,1,206,202,255,204,Charleroi,1,0,-1,0,73348,0,5,-1,0,50,0,2,4,0,0,4,0,1,15000,8,1,103,232,0,1,70,0,1,0,69,70,69,4,2,69,1,-1,69,1,0,0,73348,4202568,2,73348,0,0,0,0,0,0,0,1,73348,5,670,0,4202568,0,0,0,0,73348,0,0,73348,0,0,0,4,0,69,122,4,1,73348,0,0,73348,2,4,0,0,316,0,-1,0,266312,69
673,72,55,130000,255,72,255,1988,55,255,186,186,2,51,255,2,186,55,255,72,Genk,255,0,-1,0,260570,1,9,-1,0,50,0,2,4,0,0,6,0,1,24956,3,1,179,680,0,1,73,0,1,0,73,73,71,5,1,74,1,-1,74,1,0,0,260570,4195352,2,260570,0,0,0,0,0,0,5,3,70497,8,673,0,4195352,0,0,0,0,229659,0,0,260570,0,4,0,4,0,73,122,8,1,260570,0,0,260570,2,5,0,0,316,0,-1,0,270360,71
674,58,1,147000,255,255,255,1900,255,213,255,183,1,51,228,1,255,255,255,255,Gent,23,0,-1,0,266681,0,8,-1,0,30,0,2,4,0,0,6,0,0,20000,0,1,181,231,0,1,71,0,1,0,70,71,70,3,1,70,1,-1,70,1,0,0,266681,263298,1,266681,0,0,0,0,0,0,4,3,266681,6,674,0,525442,0,0,1,0,204549,0,0,266681,0,1,0,4,0,70,122,6,1,239589,0,0,266681,2,5,0,0,316,0,-1,0,532610,70
680,238,249,40000,250,204,0,1924,202,46,206,19,1,50,41,1,206,202,0,204,Sint-Truiden,70,0,-1,0,232490,0,5,-1,0,30,0,2,4,0,0,3,0,0,14600,38,1,451,673,2,1,70,0,15,0,69,70,64,5,1,68,1,-1,68,1,0,0,232490,263168,0,232490,0,0,0,0,0,0,0,2,232490,3,680,0,525312,0,0,0,0,71641,1,0,232490,0,0,0,4,0,69,122,3,1,76570,0,0,232490,2,3,0,0,316,0,-1,0,532480,64
681,244,249,55000,181,200,14,1933,200,229,200,0,1,51,224,1,200,200,113,200,Westerlo,20,0,-1,0,235661,0,3,-1,0,30,0,2,0,0,1,3,0,0,8035,38,1,526,110724,0,1,69,0,0,0,68,69,67,5,2,68,1,-1,68,1,0,0,235661,270401,0,235661,0,0,0,0,0,0,1,4,235661,3,681,0,532545,0,0,0,0,235661,0,0,235661,0,0,0,4,0,68,122,7,1,271979,0,0,235661,2,1,0,0,316,0,-1,0,528449,67
687,240,255,194000,12,1,12,1996,1,255,1,0,1,39,240,1,1,1,12,1,Columbus Crew,0,0,-1,0,245855,4,10,-1,0,65,0,1,4,0,0,5,0,0,20000,0,1,114,113149,0,1,70,0,0,0,71,72,71,-83,1,70,0,-1,68,1,0,0,245855,132250,0,245855,0,0,0,0,0,0,1,1,245855,5,687,0,132250,0,0,0,0,266390,1,0,245855,0,3,0,6,0,70,134,7,-5,241907,0,0,245855,2,2,0,0,316,0,-1,0,4202650,72
688,1,1,277000,255,1,255,1995,1,239,1,1,1,38,47,1,1,1,255,1,D.C. United,36,0,-1,0,254841,4,7,-1,0,30,0,2,4,0,0,5,0,0,20000,0,1,522,689,0,1,65,0,3,0,66,64,71,-76,2,65,0,-1,67,1,0,0,268685,270474,0,254841,0,0,0,0,0,0,3,2,71914,4,688,0,532618,0,0,0,0,266805,0,0,71914,0,4,0,6,0,67,134,2,-5,263180,0,0,71914,2,3,0,0,316,0,-1,0,528522,70
689,0,246,261000,255,1,255,1995,255,31,1,29,1,40,42,1,1,255,255,1,Red Bull New York,62,0,-1,0,208448,4,7,-1,0,90,0,1,4,0,0,5,1,0,25000,0,1,210,112828,0,1,66,0,1,0,67,66,69,-74,1,61,0,-1,62,1,0,0,208448,66688,0,84119,0,0,0,0,0,0,0,1,208448,7,689,0,66688,0,1,0,0,208448,0,0,208448,0,0,0,6,0,67,134,5,-5,208448,0,0,208448,2,4,0,0,316,0,-1,0,139392,71
691,52,38,170500,255,52,255,1995,38,235,84,84,1,42,22,1,84,38,255,52,New England Revolution,52,0,-1,0,210930,4,5,-1,0,50,0,2,4,0,0,5,0,0,20000,0,1,166,689,2,1,70,0,15,0,69,71,69,-71,2,64,0,-1,66,1,0,0,270107,4202632,0,210930,0,0,0,0,0,0,1,2,247874,5,691,0,4202632,0,0,0,0,210930,0,0,210930,0,0,0,6,0,69,134,5,-5,210930,0,0,210930,2,3,0,0,316,0,-1,0,266376,69
693,0,246,285500,255,12,255,1997,12,15,12,29,1,41,38,1,12,12,255,12,Chicago Fire FC,106,0,-1,0,215443,4,4,-1,0,30,0,2,4,0,0,4,0,0,24955,0,1,607,691,0,1,69,0,3,0,69,69,76,-87,1,66,0,-1,67,1,0,0,215443,263440,0,219951,0,0,0,0,0,0,4,2,215443,3,693,0,525584,0,0,0,0,238008,0,0,219951,0,1,0,6,0,70,134,4,-6,233630,0,0,219951,2,1,0,0,316,0,-1,0,532752,76
694,1,129,160000,255,1,153,1995,129,155,14,14,1,39,1,1,14,129,204,1,Colorado Rapids,14,0,-1,0,260523,4,4,-1,0,65,0,2,4,0,0,3,0,0,18061,0,1,115,111065,0,1,68,0,1,0,67,68,71,-104,1,66,0,-1,67,1,0,0,260523,132416,0,247612,0,0,0,0,0,0,0,1,260523,3,694,0,132416,0,0,1,0,234777,0,0,260523,0,1,0,6,0,68,134,7,-7,276619,0,0,260523,2,1,0,0,316,0,-1,0,4202816,71
695,0,220,168000,255,62,255,1995,1,1,127,0,1,33,62,1,127,1,255,62,FC Dallas,127,0,-1,0,244797,4,6,-1,0,50,0,1,4,0,0,3,0,0,20500,0,1,169,698,0,1,68,0,1,0,68,68,71,-96,2,65,0,-1,65,1,0,0,273577,4202504,0,273577,0,0,0,0,0,0,2,2,273577,6,695,0,270344,0,0,0,0,215643,0,0,215643,0,0,0,6,0,67,134,7,-6,244797,0,0,244797,2,2,0,0,316,0,-1,0,528392,71
696,156,118,182500,43,156,12,1995,118,255,191,191,1,39,255,1,191,118,24,156,Sporting KC,255,0,-1,0,223978,4,7,-1,0,30,0,2,4,0,0,6,0,1,18467,0,1,240,698,0,1,65,0,1,0,65,66,75,-94,2,62,0,-1,62,1,0,0,223978,270418,0,240226,0,0,0,0,0,0,4,2,240226,8,696,0,532562,0,0,0,0,251105,0,0,223978,0,2,0,6,0,65,134,5,-6,251105,0,0,223978,2,2,0,0,316,0,-1,0,528466,75
697,255,255,850000,93,1,0,1995,1,255,1,255,1,34,210,1,1,1,36,1,Los Angeles Galaxy,0,0,-1,0,188350,0,10,-1,0,30,0,2,4,0,0,8,0,0,27000,0,1,97,112996,0,1,70,0,1,0,71,71,72,-118,1,70,0,-1,68,1,0,0,188350,263424,0,70822,0,0,0,0,0,0,2,2,188350,4,697,0,525568,0,0,0,0,188350,0,0,188350,0,6,0,6,0,70,134,2,-8,242998,0,0,188350,2,6,0,0,316,0,-1,0,532736,72
698,114,255,188000,255,114,255,2005,255,1,50,50,1,30,1,1,50,255,255,114,Houston Dynamo,1,0,-1,0,260479,1,4,-1,0,50,0,1,4,0,0,5,0,0,22039,16,1,220,695,0,1,71,0,1,0,70,72,73,-95,1,68,0,-1,69,1,0,0,260479,4195460,0,234819,0,0,0,0,0,0,2,2,234819,4,698,0,4195460,0,0,0,0,209597,1,0,234819,0,2,0,6,0,70,134,6,-6,220715,0,0,260479,2,2,0,0,316,0,-1,0,270468,73
700,220,249,13000,1,1,1,1904,1,255,1,36,1,57,255,1,1,1,1,1,IF Elfsborg,30,0,-1,0,221919,0,7,-1,0,50,0,2,4,0,0,3,0,0,16200,0,1,62,319,2,1,68,0,15,0,67,68,65,12,2,67,1,-1,67,1,0,0,221919,4202630,0,236427,0,0,0,0,0,0,3,3,236427,6,700,0,270470,0,0,0,0,209063,0,0,221919,0,6,0,7,0,67,97,6,1,209061,0,0,221919,2,3,0,0,316,0,-1,0,528518,65
702,68,17,8000,255,169,255,1897,169,32,169,126,1,58,95,1,169,169,255,169,IFK Norrköping,223,0,-1,0,211177,0,5,-1,0,30,0,1,4,0,0,3,0,0,16000,0,1,349,320,2,1,66,0,15,0,64,66,67,16,2,64,1,-1,64,1,0,0,211177,270346,0,211177,0,0,0,0,0,0,6,3,211177,7,702,0,532490,0,0,1,0,202905,0,0,211177,0,13,0,7,0,64,97,3,1,202905,0,0,211177,2,2,0,0,316,0,-1,0,528394,67
708,97,1,19000,255,169,255,1889,169,1,169,33,1,59,77,1,169,169,255,169,Hammarby IF,24,0,-1,0,197240,0,9,-1,0,50,0,1,4,0,0,4,0,1,30000,0,1,464,710,2,1,69,0,15,0,68,69,68,18,1,68,1,-1,68,1,0,0,197240,4195464,0,264749,0,0,0,0,0,0,1,6,197240,6,708,0,4195464,0,0,0,0,197240,0,0,197240,0,1,0,7,0,68,97,8,1,197240,0,0,197240,2,3,0,0,316,0,-1,0,270472,68
710,128,1,20000,95,169,47,1891,169,15,169,255,1,59,125,1,169,169,62,169,Djurgårdens IF,210,0,-1,0,70087,0,9,-1,0,50,0,2,4,0,0,4,0,1,30000,0,1,464,433,2,1,67,0,15,0,67,67,65,18,1,65,1,-1,65,1,0,0,76879,4195464,0,70087,0,0,0,0,0,0,5,2,79512,5,710,0,263304,0,0,0,0,223907,0,0,79512,0,12,0,7,0,67,97,8,1,256507,0,0,70087,2,3,0,0,316,0,-1,0,532616,65
711,204,255,16000,1,169,1,1940,169,255,169,1,1,57,255,1,169,169,1,169,BK Häcken,255,0,-1,0,234488,0,8,-1,0,30,0,1,4,0,0,3,0,0,6316,18,1,218,319,2,1,68,0,15,0,67,68,61,11,2,66,1,-1,66,1,0,0,234488,270336,0,234488,0,0,0,0,0,0,4,1,234488,7,711,0,532480,0,0,0,0,234488,0,0,234488,0,1,0,7,0,67,97,7,1,242166,0,0,234488,2,2,0,0,316,0,-1,0,528384,61
717,90,10,8000,0,255,255,1939,255,10,255,220,1,38,90,1,255,255,0,255,Alverca,220,0,-1,0,262416,0,1,-1,0,30,0,2,4,0,0,2,0,0,2541,0,0,973,718,0,1,66,0,1,0,68,65,70,-9,2,68,1,-1,68,1,0,0,262416,270336,0,262416,0,0,0,0,0,0,0,3,262416,2,717,0,532480,0,0,0,0,199577,0,0,262416,0,0,0,4,0,68,36,2,0,262416,0,0,262416,2,1,0,0,316,0,-1,0,528384,69
718,146,0,15000,18,255,214,2020,255,255,255,63,1,38,255,1,255,255,2,255,Estrela da Amadora,255,0,-1,0,244193,0,2,-1,0,30,0,1,4,0,0,2,0,0,5223,0,1,929,10020,0,1,65,0,1,0,68,66,68,-9,3,66,1,-1,66,0,0,0,244193,270400,0,244193,0,0,0,0,0,0,0,1,244193,1,718,0,528448,0,0,0,0,244193,0,0,244193,0,0,0,4,0,68,36,4,0,244193,0,0,244193,2,1,0,0,316,0,-1,0,526400,68
741,23,168,31000,255,255,255,1966,255,255,255,31,1,36,255,1,255,255,255,255,Antalyaspor,255,0,-1,0,278159,4,4,-1,0,30,0,1,4,0,0,5,0,0,32539,1,1,20,113142,0,1,68,0,12,0,68,68,69,30,2,68,0,-1,68,1,0,0,228120,270401,0,278159,0,0,0,0,0,0,0,2,278159,5,741,0,532545,0,0,0,0,194077,0,0,278159,0,0,0,5,0,68,89,2,3,212205,0,0,278159,9,2,0,0,316,0,-1,0,528449,69
744,110,0,22000,255,1,255,1939,1,255,1,10,1,41,255,1,1,1,255,1,Rio Ave,255,0,-1,0,263279,0,4,-1,0,50,0,2,4,0,0,3,0,0,5244,0,1,516,1887,0,1,68,0,3,0,69,69,65,-8,3,69,1,-1,69,1,0,0,263279,4202564,0,263279,0,0,0,0,0,0,0,4,263279,6,744,0,4198468,0,0,0,0,244287,0,0,263279,0,0,0,4,0,69,36,7,0,263279,0,0,263279,2,2,0,0,316,0,-1,0,264260,65
748,18,235,39000,255,1,255,1965,1,235,1,29,1,41,18,1,1,1,255,1,Samsunspor,29,0,-1,0,223134,0,4,-1,0,65,0,2,4,0,0,4,0,0,33919,1,1,924,436,0,1,71,0,1,0,71,71,70,36,1,70,1,-1,70,0,0,0,223134,132096,0,223134,0,0,0,0,0,0,0,3,223134,3,748,0,132096,0,0,0,0,223134,0,0,223134,0,0,0,5,0,71,89,8,3,218745,0,0,223134,9,3,0,0,316,0,-1,0,4202496,72
753,88,29,950,252,115,252,1930,50,45,220,192,1,52,110,1,220,50,252,115,Waterford,201,0,-1,0,261876,0,4,-1,0,50,0,2,4,0,0,2,0,0,5500,3,0,663,422,0,0,59,0,1,0,59,59,60,-7,3,57,0,-1,57,0,0,0,261876,4198480,0,261876,0,0,0,0,0,0,2,1,261876,2,753,0,264272,0,0,0,0,183807,0,0,261876,0,6,0,3,0,59,23,3,0,183807,0,0,261876,2,1,0,0,316,0,-1,0,526416,60
780,123,4,10000,1,255,1,1912,255,255,255,94,1,48,255,1,255,255,1,255,SV Ried,255,0,-1,0,263049,0,3,-1,0,50,0,2,4,0,0,5,0,0,7300,0,1,401,252,0,1,65,0,1,0,65,65,65,13,2,65,1,-1,65,1,0,0,238086,4202500,0,263049,0,0,0,0,0,0,2,1,78797,5,780,0,270340,0,0,1,0,204922,1,0,78797,0,0,0,4,0,65,31,3,1,263049,0,0,78797,2,1,0,0,316,0,-1,0,528388,65
819,76,9,55000,255,220,255,1992,220,10,220,187,1,55,74,1,220,220,255,220,FC København,177,0,-1,0,246014,0,10,-1,0,90,0,2,4,0,0,6,0,1,38065,0,1,248,269,0,1,71,0,1,0,71,71,73,12,1,71,1,-1,71,1,0,0,203362,66712,0,246014,0,0,0,0,0,0,10,2,203362,5,819,0,66712,0,0,1,0,193283,1,0,203362,0,16,0,7,0,71,6,8,1,224389,0,0,203362,2,4,0,0,316,0,-1,0,139416,73
822,25,196,4000,255,255,255,1891,255,255,255,25,1,55,255,1,255,255,255,255,Vejle BK,255,0,-1,0,217845,0,1,-1,0,65,0,2,4,0,0,2,0,0,11060,15,1,690,271,0,1,64,0,0,0,65,64,65,9,2,65,1,-1,65,1,0,0,217845,139328,0,217845,0,0,0,0,0,0,6,1,217845,6,822,0,139328,0,0,1,0,177373,0,0,217845,0,5,0,7,0,65,6,4,1,264822,0,0,217845,2,1,0,0,316,0,-1,0,4198464,65
834,25,255,942,255,60,255,1895,10,222,40,25,1,53,39,1,40,10,255,60,Shelbourne,28,0,-1,0,205139,0,4,-1,0,65,0,2,4,0,0,3,0,1,4450,1,0,143,305,0,1,62,0,1,0,62,62,61,-6,1,61,1,-1,61,1,0,0,254158,132416,0,254158,0,0,0,0,0,0,7,1,254158,4,834,0,132416,0,0,0,0,205139,0,0,205139,0,14,0,3,0,62,23,2,0,205139,0,0,205139,2,1,0,0,316,0,-1,0,4202816,61
873,81,0,16588,255,120,255,1922,120,65,120,156,1,52,121,1,120,120,255,120,Lech Poznań,198,0,-1,0,258276,0,10,-1,0,50,0,2,4,0,0,5,0,0,42837,0,1,388,1871,0,1,69,0,1,0,70,69,74,16,1,68,1,-1,68,1,0,0,258276,4195474,1,258276,0,0,0,0,0,0,5,1,261108,9,873,0,4195474,0,0,1,0,206626,0,0,261108,0,9,0,5,0,70,93,7,1,206626,0,0,258276,2,4,0,0,316,0,-1,0,270482,72
894,155,1,20900,255,230,255,1896,230,33,230,230,1,47,56,1,230,230,255,230,FC Zürich,129,0,-1,0,246168,0,7,-1,0,65,0,2,4,0,0,6,0,0,26104,0,1,539,322,0,1,64,0,0,0,66,64,64,8,2,65,1,-1,65,1,0,0,246168,139264,0,246168,0,0,0,0,0,0,10,5,246168,6,894,0,139264,0,0,1,0,204842,0,0,246168,0,13,0,4,0,66,71,5,1,246168,0,0,246168,2,5,0,0,316,0,-1,0,4198400,64
896,4,230,70800,129,110,1,1893,110,1,110,22,1,47,7,1,110,110,7,110,FC Basel,169,0,-1,0,193348,0,10,-1,0,50,0,2,5,0,0,7,1,0,38512,0,1,41,900,0,1,71,0,3,0,71,71,68,7,1,70,1,-1,70,1,0,0,239016,4195602,3,193348,0,0,0,0,0,0,14,3,193348,7,896,0,4195602,0,0,0,0,193348,1,0,193348,0,21,0,4,0,71,71,5,1,193348,0,0,193348,2,7,0,0,316,0,-1,0,270610,68
897,98,0,27000,255,180,255,1901,180,255,180,170,1,47,255,1,180,180,255,180,FC Luzern,255,0,-1,0,256980,0,5,-1,0,50,0,2,4,0,0,4,0,0,16490,3,1,292,898,0,1,65,0,1,0,66,65,67,8,2,66,1,-1,66,1,0,0,256980,4202624,0,256980,0,0,0,0,0,0,3,2,256980,4,897,0,270464,0,0,0,0,231039,0,0,256980,0,1,0,4,0,66,71,3,1,256980,0,0,256980,2,2,0,0,316,0,-1,0,528512,67
898,148,45,22850,255,20,255,1879,20,45,20,88,1,47,168,1,20,20,255,20,FC St. Gallen,88,0,-1,0,228645,0,7,-1,0,50,0,2,4,0,0,5,0,0,19568,25,1,461,897,0,1,68,0,3,0,68,68,65,9,2,67,1,-1,67,1,0,0,228645,4202626,0,228645,0,0,0,0,0,0,1,2,228645,5,898,0,4202626,0,0,1,0,228645,0,0,228645,0,2,0,4,0,68,71,4,1,75654,0,0,228645,2,5,0,0,316,0,-1,0,266370,65
900,209,255,81300,1,102,1,1898,102,255,102,0,1,46,219,1,102,102,1,102,BSC Young Boys,0,0,-1,0,234913,0,9,-1,0,50,0,2,4,0,0,7,1,0,31120,12,1,48,896,2,1,72,0,15,0,71,72,71,7,3,69,1,-1,69,1,0,0,234913,4202624,3,234913,0,0,0,0,0,0,8,3,234913,6,900,0,4198528,0,0,0,0,193468,0,0,234913,0,17,0,4,0,71,71,5,1,245716,0,0,234913,2,6,0,0,316,0,-1,0,264320,71
918,228,255,24000,1,250,1,1916,250,235,250,1,2,67,210,2,250,250,1,250,FK Bodø/Glimt,1,0,-1,0,222227,0,10,-1,0,50,0,2,4,0,0,5,0,1,8200,0,1,58,418,2,1,72,0,15,0,71,72,73,14,1,70,1,-1,70,1,0,0,222227,4195464,0,222227,0,0,0,0,0,0,2,3,222227,7,918,0,4195464,0,0,1,0,222227,0,0,222227,0,4,0,7,0,71,199,8,1,225077,0,0,222227,2,4,0,0,316,0,-1,0,270472,73
919,19,204,10000,255,1,255,1908,1,245,1,25,1,60,10,1,1,1,255,1,SK Brann,12,0,-1,0,225251,0,9,-1,0,65,0,1,4,0,0,5,0,0,17500,1,1,46,298,0,1,68,0,1,0,68,68,68,5,1,68,1,-1,68,1,0,0,225251,132232,0,225251,0,0,0,0,0,0,7,3,241474,4,919,0,132232,0,0,0,0,238263,0,0,241474,0,3,0,7,0,68,199,7,1,225251,0,0,241474,2,2,0,0,316,0,-1,0,4202632,68
920,46,25,9000,63,1,226,1913,1,255,1,202,1,59,255,1,1,1,31,1,Vålerenga Fotball,255,0,-1,0,76478,0,5,-1,0,50,0,2,4,0,0,4,0,0,16556,0,1,361,919,2,1,65,0,15,0,66,65,66,10,3,66,1,-1,66,1,0,0,245270,4198400,0,245270,0,0,0,0,0,0,4,2,245270,8,920,0,264192,0,0,0,0,214877,0,0,245270,0,5,0,7,0,66,199,6,1,243817,0,0,245270,2,2,0,0,316,0,-1,0,526336,66
922,51,51,6000,255,250,255,1907,250,198,250,102,1,59,36,1,250,250,255,250,Strømsgodset Toppfotball,5,0,-1,0,205291,0,3,-1,0,50,0,2,4,0,0,3,0,0,8935,0,1,142,920,2,1,63,0,15,0,63,63,63,10,3,66,1,-1,66,1,0,0,205291,4198400,0,205291,0,0,0,0,0,0,5,2,205291,6,922,0,264192,0,0,0,0,203363,1,0,205291,0,2,0,7,0,63,199,6,1,205291,0,0,205291,2,1,0,0,316,0,-1,0,526336,63
974,1,204,0,204,255,1,1933,255,255,255,1,2,37,255,2,255,255,1,255,Korea Republic,255,0,-1,0,200104,0,10,-1,0,50,0,1,4,0,0,0,0,0,69950,0,1,443,1411,0,0,74,0,0,0,75,74,77,126,3,75,0,-1,75,0,0,0,243780,139264,0,243780,0,0,0,0,0,0,0,5,200104,0,974,0,4198400,0,0,0,0,200104,1,0,200104,0,0,0,2,0,75,6,0,9,200104,0,0,200104,2,5,0,0,316,0,-1,0,266240,77
980,124,37,12650,2,37,136,1997,136,248,108,108,1,36,223,1,2,37,37,124,Daejeon Hana Citizen,0,0,-1,0,237091,4,5,-1,0,65,0,1,4,0,0,7,0,0,40535,0,0,131,982,0,1,68,0,1,0,68,68,68,127,1,68,0,-1,68,0,0,0,237091,132097,0,237091,0,0,0,0,0,0,1,4,237091,7,980,0,132097,0,0,0,0,213189,0,0,237091,0,0,0,2,0,68,29,9,9,213189,0,0,237091,4,1,0,0,316,0,-1,0,4202497,68
982,1,255,16630,1,1,1,1983,1,255,1,1,1,37,255,1,1,255,1,1,FC Seoul,255,0,-1,0,234264,0,7,-1,0,65,0,2,4,0,0,9,0,1,66704,4,1,443,112555,0,1,65,0,1,0,68,65,71,126,1,70,1,-1,70,1,0,0,248188,132096,1,234264,0,0,0,0,0,0,2,4,234264,8,982,0,132096,0,0,0,0,213317,1,0,234264,0,6,0,2,0,68,29,9,9,236757,0,0,234264,4,4,0,0,316,0,-1,0,4202496,71
1013,44,29,135000,17,255,217,1908,255,29,255,63,1,-34,44,1,255,255,27,255,San Lorenzo de Almagro,63,0,-1,0,260593,0,7,-1,0,65,0,2,4,0,0,7,0,1,47964,23,0,82,111711,0,1,68,0,3,0,70,68,70,-58,1,62,1,-1,62,1,1,0,245249,132360,2,260593,0,0,0,0,1,0,0,3,245249,6,1013,1,132360,0,0,0,0,227900,0,0,75653,0,15,0,1,0,70,190,3,-3,251030,0,0,260593,7,5,0,0,316,0,-1,0,4202760,70
1035,1,1,219990,255,255,255,1908,255,255,255,1,2,-19,255,2,255,255,255,255,Atlético Mineiro,255,0,-1,0,230463,0,8,-1,0,65,0,2,4,0,0,6,0,0,44892,0,1,44,568,0,1,75,0,1,0,75,75,77,-44,1,76,1,-1,76,1,0,0,230463,132232,1,230463,0,0,0,0,1,0,2,4,230463,5,1035,0,132232,0,0,1,0,230225,0,0,230463,0,3,0,1,0,75,184,10,-3,230384,0,0,230463,7,8,0,0,316,0,-1,0,4202632,77
1041,30,30,225000,250,250,250,1910,250,250,250,30,2,-23,250,2,250,250,250,250,Corinthians,250,0,-1,0,230364,0,7,-1,0,50,0,2,4,0,0,8,0,2,47605,8,1,434,383,0,1,72,0,3,0,73,72,75,-46,1,74,1,-1,74,0,1,0,230364,4195592,2,230364,0,0,0,0,1,0,3,4,230364,5,1041,0,4195592,0,0,1,0,230258,1,0,230364,0,7,0,1,0,73,184,3,-3,230442,0,0,230364,7,7,0,0,316,0,-1,0,270600,75
1043,0,215,275010,1,230,1,1895,230,255,230,15,2,-22,255,2,230,230,1,230,Flamengo,255,0,-1,0,230406,0,10,-1,0,90,1,2,4,0,0,8,0,2,78838,0,0,402,567,0,1,76,0,3,0,76,76,77,-43,1,75,1,-1,75,1,1,0,230430,66708,1,230406,0,0,0,0,3,0,5,4,230460,8,1043,0,66708,0,0,1,0,230430,0,0,230406,0,8,0,1,0,76,184,9,-3,230430,0,0,230406,7,9,0,0,316,0,-1,0,139412,77
1053,255,255,160000,1,70,1,1912,70,1,70,255,2,-23,1,2,70,70,1,70,Santos,1,0,-1,0,230274,0,6,-1,0,50,0,2,4,0,0,6,0,0,16068,0,1,433,1041,0,1,72,0,3,0,74,72,74,-46,3,75,1,-1,75,0,0,0,230274,4202568,0,230274,0,0,0,0,3,0,1,3,230274,10,1053,0,4198472,0,0,1,0,230375,0,0,230274,0,8,0,1,0,74,111,8,-3,230497,0,0,230274,7,7,0,0,316,0,-1,0,264264,74
1318,255,255,0,6,1,241,1863,1,255,1,255,3,51,255,3,1,1,6,1,England,255,0,-1,0,238074,0,10,-1,0,65,0,2,4,0,0,0,0,0,90000,0,0,0,1337,0,1,85,0,1,0,84,85,86,0,1,83,0,-1,83,0,0,0,238074,131648,2,246669,0,0,0,0,0,0,0,4,234378,0,1318,0,131648,0,0,0,0,202126,1,0,238074,0,0,0,3,0,84,88,0,0,202126,0,0,238074,2,8,0,0,316,0,-1,0,4202560,86
1322,9,204,0,255,204,255,1904,202,1,206,26,2,48,1,2,206,202,255,204,Austria (National team),1,0,-1,0,197445,0,10,-1,0,65,0,2,4,0,0,0,0,0,50865,0,1,0,1337,0,1,79,0,1,0,78,79,77,16,2,78,1,-1,78,1,0,0,204923,132096,0,239701,0,0,0,0,0,0,0,2,257876,0,1322,0,139264,0,0,0,0,197445,0,0,204923,0,0,0,4,0,78,88,0,1,204923,0,0,197445,2,5,0,0,316,0,-1,0,4198400,77
1325,40,238,0,69,1,250,1895,1,1,1,57,2,50,1,2,1,1,224,1,Belgium,1,0,-1,0,192985,0,10,-1,0,65,0,2,4,0,0,0,0,1,50122,0,1,0,105035,0,1,82,0,1,0,81,82,82,4,1,78,1,-1,78,1,0,0,192985,131584,1,192985,0,0,0,0,0,0,0,3,192985,0,1325,0,131584,0,0,1,0,216393,1,0,192985,0,0,0,4,0,81,88,0,1,192505,0,0,192985,2,8,0,0,316,0,-1,0,4202496,82
1328,255,255,0,21,250,228,1912,250,4,250,255,2,43,52,2,250,250,24,250,Croatia,177,0,-1,0,177003,0,10,-1,0,50,0,2,4,0,0,0,0,0,34198,0,1,0,1886,0,1,79,0,1,0,79,79,78,16,1,78,1,-1,78,0,0,0,177003,132096,0,177003,0,0,0,0,0,0,0,4,177003,0,1328,0,4195328,0,0,0,0,177003,0,0,177003,0,0,0,5,0,79,88,0,1,188335,0,0,177003,2,6,0,0,316,0,-1,0,270336,78
1330,27,225,0,163,1,59,1901,1,255,1,34,2,50,255,2,1,1,90,1,Czech Republic,255,0,-1,0,253727,4,10,-1,0,30,0,1,4,0,0,0,0,0,21000,0,1,0,1353,0,1,75,0,3,0,77,75,78,14,3,75,0,-1,75,0,0,0,253727,270336,0,253727,0,0,0,0,0,0,0,1,244470,0,1330,0,266240,0,0,0,0,252064,1,0,253727,0,0,0,5,0,77,6,0,1,234236,0,0,253727,2,4,0,0,316,0,-1,0,528384,78
1331,4,154,0,255,169,255,1889,169,153,169,8,2,55,3,2,169,169,255,169,Denmark,8,0,-1,0,244669,0,10,-1,0,50,0,2,4,0,0,0,0,0,38065,0,1,0,1363,0,1,79,0,1,0,78,79,78,12,1,78,1,-1,78,0,0,0,241508,132160,0,248729,0,0,0,0,0,0,0,2,241508,0,1331,0,4195392,0,0,1,0,213648,0,0,244669,0,0,0,7,0,78,88,0,1,259399,0,0,244669,2,5,0,0,316,0,-1,0,270400,78
1334,255,255,0,204,102,0,1907,0,255,204,255,2,60,235,2,204,0,102,102,Finland,245,0,-1,0,263364,0,10,-1,0,50,0,2,4,0,0,0,0,0,36200,0,1,0,1363,0,1,69,0,1,0,70,69,75,24,3,64,0,-1,64,1,0,0,263364,4202496,0,232446,0,0,0,0,0,0,0,2,263364,0,1334,0,4198400,0,0,0,0,190941,0,0,263364,0,0,0,7,0,70,88,0,2,220165,0,0,263364,2,2,0,0,316,0,-1,0,264192,75
1335,73,16,0,255,1,255,1904,1,255,1,128,3,48,1,3,1,1,255,1,France,1,0,-1,0,247827,4,10,-1,0,65,0,1,4,0,0,0,0,0,80000,0,1,0,1343,0,1,85,0,1,0,86,85,87,2,2,85,0,-1,85,1,0,0,247827,131584,0,247827,0,0,0,0,0,0,0,3,247827,0,1335,0,139264,0,0,0,0,231747,0,0,231747,0,0,0,4,0,86,88,0,1,231747,0,0,247827,2,10,0,0,316,0,-1,0,4198400,87
1337,255,255,0,1,135,1,1900,135,15,135,255,3,51,145,3,135,135,1,135,Germany,120,0,-1,0,212622,4,10,-1,0,65,0,2,4,0,0,0,0,0,47800,0,1,0,1318,0,1,84,0,1,0,84,84,81,12,1,85,0,-1,85,0,0,0,212622,131712,0,212622,0,0,0,0,0,0,0,2,256630,0,1337,0,131712,0,0,0,0,212622,1,0,236703,0,0,0,4,0,84,88,0,1,256630,0,0,212622,2,9,0,0,316,0,-1,0,4202624,81
1341,91,36,0,255,139,255,1947,34,221,34,167,2,64,23,2,34,34,255,139,Iceland,11,0,-1,0,221422,0,10,-1,0,50,1,1,4,0,0,0,0,0,15000,0,1,0,1331,0,1,73,0,1,0,71,73,68,-21,3,69,1,-1,69,1,0,0,190640,4202560,0,246814,0,0,0,0,0,0,0,2,238004,0,1341,0,4198464,0,0,0,0,262088,0,0,262088,0,0,0,7,0,71,6,0,0,238004,0,0,262088,2,3,0,0,316,0,-1,0,264256,68
1343,107,0,0,250,250,250,1898,250,0,250,187,3,41,107,3,250,250,250,250,Italy,187,0,-1,0,241096,0,10,-1,0,50,0,1,4,0,0,0,0,0,73261,0,1,0,1335,0,1,83,0,1,0,83,83,82,12,2,83,0,-1,83,1,0,0,241096,131584,1,241096,0,0,0,0,0,0,0,2,241096,0,1343,0,4202496,0,0,0,0,230621,1,0,241096,0,0,0,4,0,83,88,0,1,241096,0,0,241096,2,8,0,0,316,0,-1,0,266240,82
1352,5,164,0,255,1,255,1902,1,17,1,1,2,59,51,2,1,1,255,1,Norway,210,0,-1,0,229891,0,10,-1,0,50,0,1,4,0,0,0,0,0,27200,0,1,0,1363,0,1,81,0,1,0,79,81,80,10,2,75,1,-1,75,0,0,0,229891,132096,0,222665,0,0,0,0,0,0,0,2,229891,0,1352,0,4202496,0,0,0,0,222665,1,0,229891,0,0,0,7,0,79,141,0,1,239085,0,0,229891,2,3,0,0,316,0,-1,0,266240,80
1353,2,255,0,255,220,255,1919,220,221,1,2,2,52,22,2,220,1,255,1,Poland,22,0,-1,0,235973,0,10,-1,0,30,0,2,4,0,0,0,0,0,58580,0,1,0,1337,0,1,75,0,1,0,77,75,82,21,3,78,0,-1,78,1,0,0,210406,270336,0,235973,0,0,0,0,0,0,0,1,210406,0,1353,0,266240,0,0,0,0,188545,0,0,210406,0,0,0,5,0,77,88,0,1,188545,0,0,235973,2,5,0,0,316,0,-1,0,528384,82
1354,10,210,0,2,255,0,1914,255,20,255,15,3,38,130,3,255,255,100,255,Portugal,0,0,-1,0,20801,0,10,-1,0,65,0,2,4,0,0,0,0,2,68100,0,1,0,1362,0,1,86,0,1,0,84,86,84,-9,1,84,1,-1,84,1,0,0,212198,131584,2,212198,0,0,0,0,0,0,0,5,212198,0,1354,0,131584,0,0,0,0,20801,0,0,20801,0,0,0,4,0,84,88,0,0,20801,0,0,20801,2,8,0,0,316,0,-1,0,4202496,84
1355,153,0,0,255,110,255,1921,0,10,60,76,2,53,140,2,60,0,255,110,Republic of Ireland,31,0,-1,0,226012,0,10,-1,0,50,0,2,4,0,0,0,0,0,51700,0,0,0,110081,0,1,71,0,1,0,74,71,75,-6,2,74,0,-1,74,1,0,0,226012,4202624,0,226012,0,0,0,0,0,0,0,3,226012,0,1355,0,4202624,0,0,0,0,248484,0,0,226012,0,0,0,3,0,74,161,0,0,245902,0,0,226012,2,4,0,0,316,0,-1,0,266368,75
1356,204,255,0,1,1,255,1909,1,1,1,1,2,44,1,2,1,1,1,1,Romania,204,0,-1,0,226568,0,10,-1,0,30,0,1,4,0,0,0,0,0,55634,0,1,0,1886,0,1,72,0,3,0,73,72,72,26,2,72,1,-1,72,1,0,0,237324,270408,1,226568,0,0,0,0,0,0,0,3,248165,0,1356,0,532552,0,0,0,0,226568,1,0,226568,0,0,0,5,0,73,88,0,2,226568,0,0,226568,2,5,0,0,316,0,-1,0,528456,72
1359,55,20,0,255,1,255,1873,1,250,1,150,2,55,240,2,1,1,255,1,Scotland,1,0,-1,0,216267,4,10,-1,0,50,0,2,4,0,0,0,0,0,52063,0,0,0,1318,0,1,78,0,3,0,76,78,77,-4,2,75,0,-1,75,0,0,0,216267,132096,0,210881,0,0,0,0,0,0,0,3,242280,0,1359,0,4202496,0,0,0,0,216267,0,0,242280,0,0,0,3,0,76,37,0,0,226093,0,0,216267,2,4,0,0,316,0,-1,0,266240,77
1362,8,181,0,25,1,255,1909,1,200,1,16,3,40,44,3,1,1,173,1,Spain,22,0,-1,0,277643,4,10,-1,0,90,0,2,4,0,0,0,0,0,68456,0,0,295,1343,0,1,86,0,1,0,85,86,85,-3,1,83,0,-1,83,0,0,0,277643,66176,0,277643,0,0,0,0,0,0,0,3,256516,0,1362,0,66176,0,0,0,0,231866,0,0,251854,0,0,0,4,0,85,37,0,1,230142,0,0,277643,2,10,0,0,316,0,-1,0,73856,85
1363,221,253,0,180,211,1,1904,211,250,211,26,2,59,210,2,211,211,106,211,Sweden,5,0,-1,0,214658,0,10,-1,0,50,0,2,4,0,0,0,0,0,50000,0,1,0,1331,0,1,77,0,1,0,77,77,86,17,3,76,1,-1,76,0,0,0,243646,139328,0,243646,0,0,0,0,0,0,0,2,257470,0,1363,0,4198464,0,0,1,0,221660,0,0,236822,0,0,0,7,0,77,37,0,1,241651,0,0,214658,2,4,0,0,316,0,-1,0,266304,86
1364,23,228,0,255,110,255,1895,110,222,110,6,2,47,11,2,110,110,255,110,Switzerland,11,0,-1,0,259306,0,10,-1,0,65,0,1,4,0,0,0,0,0,38512,0,1,0,1322,0,1,79,0,3,0,78,79,77,7,3,76,1,-1,76,1,0,0,259306,139520,0,238581,0,0,0,0,0,0,0,4,238581,0,1364,0,135424,0,0,0,0,199503,0,0,259306,0,0,0,4,0,78,6,0,1,199503,0,0,259306,2,7,0,0,316,0,-1,0,4198656,77
1365,17,213,0,255,255,255,1923,255,224,255,27,2,41,27,2,255,255,255,255,Türkiye,34,0,-1,0,264309,0,10,-1,0,50,0,1,4,0,0,0,0,0,76761,0,1,0,1343,0,1,80,0,0,0,79,80,79,28,2,78,1,-1,78,1,0,0,208128,132112,0,264309,0,0,0,0,0,0,0,2,208128,0,1365,0,4202512,0,0,0,0,208128,0,0,208128,0,0,0,4,0,79,6,0,2,208128,0,0,208128,9,6,0,0,316,0,-1,0,266256,79
1366,207,252,0,196,255,28,1991,255,252,255,27,2,50,207,2,255,255,90,255,Ukraine,27,0,-1,0,259913,0,10,-1,0,30,1,2,4,0,0,0,0,0,70050,0,1,0,1367,0,1,76,0,1,0,77,76,79,30,3,76,0,-1,76,1,0,0,259913,270336,0,244369,0,0,0,0,0,0,0,2,244369,0,1366,0,266240,0,0,0,0,229528,0,0,259913,0,0,0,5,0,77,88,0,2,242458,0,0,259913,2,5,0,0,316,0,-1,0,528384,79
1367,15,218,0,255,100,255,1876,1,1,1,4,2,51,181,2,1,1,255,100,Wales,1,0,-1,0,220710,0,10,-1,0,50,0,2,4,0,0,0,0,0,33280,0,1,0,1318,0,1,76,0,1,0,75,76,74,-3,2,74,0,-1,74,0,0,0,220710,132160,0,220710,0,0,0,0,0,0,0,2,243057,0,1367,0,4202560,0,0,0,0,220710,1,0,220710,0,0,0,3,0,75,37,0,0,216627,0,0,220710,2,3,0,0,316,0,-1,0,266304,74
1369,200,125,0,255,255,255,1893,255,100,255,255,3,-34,175,3,255,255,255,255,Argentina,225,0,-1,0,158023,0,10,-1,0,50,0,2,4,0,0,0,0,0,84567,0,0,0,1370,0,1,83,0,1,0,83,83,84,-58,1,79,1,-1,79,1,1,0,158023,131712,0,158023,0,0,0,0,0,0,0,3,158023,0,1369,0,4194944,0,0,0,0,158023,1,0,158023,0,0,0,1,0,83,37,0,-3,158023,0,0,158023,7,10,0,0,316,0,-1,0,270464,84
1370,240,255,0,68,255,0,1914,255,20,255,1,3,-22,140,3,255,255,118,255,Brazil,70,0,-1,0,233419,0,10,-1,0,65,0,2,4,0,0,0,0,0,74738,0,1,0,1369,0,1,81,0,1,0,83,81,82,-43,2,83,1,-1,83,0,1,0,233419,131712,2,233419,0,0,0,0,0,0,0,3,233419,0,1370,0,139392,0,0,1,0,233419,0,0,233419,0,0,0,1,0,83,6,0,-3,233419,0,0,233419,2,10,0,0,316,0,-1,0,4198528,82
1375,17,230,0,255,1,255,1906,1,0,1,23,2,-25,56,2,1,1,255,1,Paraguay,168,0,-1,0,255434,0,10,-1,0,50,0,2,4,0,0,0,0,0,40759,0,2,0,1369,0,1,75,0,1,0,75,75,75,-57,3,76,1,-1,76,1,1,0,255434,139264,0,255434,0,0,0,0,0,0,0,3,255434,0,1375,0,4198400,0,0,0,0,218191,0,0,255434,0,0,0,1,0,75,6,0,-4,255434,0,0,255434,7,4,0,0,316,0,-1,0,266240,75
1377,206,135,0,250,250,250,1900,250,135,250,235,2,-34,207,2,250,250,250,250,Uruguay,244,0,-1,0,239053,0,10,-1,0,50,0,1,4,0,0,0,0,0,65235,0,0,795,1369,0,1,79,0,1,0,79,79,78,-56,2,79,1,-1,79,1,1,0,239053,132096,0,239053,0,0,0,0,0,0,0,3,239053,0,1377,0,4202496,0,0,0,0,239053,1,0,239053,0,0,0,1,0,79,6,0,-3,239053,0,0,239053,7,6,0,0,316,0,-1,0,266240,78
1386,124,12,0,250,250,250,1927,250,186,250,68,2,19,27,2,250,250,250,250,Mexico,27,0,-1,0,204838,0,10,-1,0,50,0,2,3,0,0,0,0,0,81070,0,1,483,1387,0,1,76,0,1,0,76,76,78,-99,2,75,0,-1,75,1,0,0,204838,132436,0,237043,0,0,0,0,0,0,0,2,237043,0,1386,0,4202836,0,0,0,0,235844,1,0,204838,0,0,0,1,0,76,88,0,-6,204838,0,0,204838,7,7,0,0,316,0,-1,0,266580,78
1387,7,241,0,92,255,0,1913,255,255,255,16,2,34,255,2,255,255,37,255,United States,255,0,-1,0,227796,4,10,-1,0,50,0,1,4,0,0,0,0,0,27000,0,1,0,1386,2,1,79,0,15,0,77,79,77,-118,2,77,0,-1,77,1,0,0,198261,132224,0,256853,0,0,0,0,0,0,0,2,256853,0,1387,0,4202624,0,0,0,0,198261,0,0,227796,0,0,0,6,0,77,88,0,-8,227796,0,0,227796,2,6,0,0,316,0,-1,0,266368,77
1391,1,255,0,255,255,255,1956,255,254,255,3,1,36,1,1,255,255,255,255,Tunisia,4,0,-1,0,258171,0,10,-1,0,65,0,1,4,0,0,0,0,0,65000,0,1,665,111130,0,1,72,0,12,0,71,72,70,10,3,72,1,-1,72,0,0,0,258171,139264,0,252711,0,0,0,0,0,0,0,5,258171,0,1391,0,135168,0,0,0,0,225126,0,0,258171,0,0,0,8,0,71,6,0,1,263194,0,0,258171,9,3,0,0,316,0,-1,0,4196352,70
1411,1,1,0,255,255,255,1921,255,255,255,204,2,35,1,2,255,255,255,255,Japan,1,0,-1,0,237681,0,10,-1,0,50,0,1,4,0,0,0,0,0,49970,0,1,543,974,0,1,78,0,0,0,77,78,78,139,3,77,1,-1,77,0,0,0,237681,139264,0,237681,0,0,0,0,0,0,0,5,237681,0,1411,0,4198400,0,0,0,0,232487,0,0,237681,0,0,0,2,0,77,6,0,9,252162,0,0,237681,2,5,0,0,316,0,-1,0,266240,78
1415,221,255,0,59,100,12,1922,1,247,1,0,2,-33,176,2,1,1,79,100,Australia,52,0,-1,0,209888,0,10,-1,0,30,0,2,4,0,0,0,0,0,83500,0,1,0,111473,0,1,71,0,1,0,71,71,69,151,3,70,1,-1,70,1,0,0,260521,270400,0,209888,0,0,0,0,0,0,0,2,209888,0,1415,0,528448,0,0,0,0,211378,0,0,209888,0,0,0,3,0,71,6,0,10,209888,0,0,209888,2,5,0,0,316,0,-1,0,526400,69
1438,0,255,28000,0,255,245,1921,255,255,255,0,1,37,255,1,255,255,0,255,Santa Clara,255,0,-1,0,271132,0,3,-1,0,30,0,2,4,0,0,2,0,0,10000,0,1,671,1891,0,1,68,0,3,0,69,69,70,-25,3,69,1,-1,69,1,0,0,271132,270336,0,275360,0,0,0,0,0,0,0,2,271132,5,1438,0,528384,0,0,0,0,271571,1,0,271132,0,0,0,4,0,69,36,5,-1,271132,0,0,271132,2,1,0,0,316,0,-1,0,526336,70
1443,113,0,11000,255,250,255,1896,250,0,250,97,1,56,140,1,250,250,255,250,Viborg FF,110,0,-1,0,71174,0,5,-1,0,50,0,2,4,0,0,1,0,0,10000,25,0,512,1516,0,1,68,0,1,0,67,68,65,9,2,67,1,-1,67,1,0,0,71174,4202496,0,71174,0,0,0,0,0,0,1,2,71174,2,1443,0,270336,0,0,1,0,215686,0,0,71174,0,0,0,7,0,67,6,4,1,215686,0,0,71174,2,1,0,0,316,0,-1,0,528384,65
1447,204,172,6000,255,169,255,2004,169,52,169,255,1,55,67,1,169,169,255,169,Sønderjyske Fodbold,134,0,-1,0,259130,0,3,-1,0,50,0,1,4,0,0,2,0,0,10100,0,1,204,822,0,1,65,0,1,0,65,65,64,9,1,66,1,-1,66,1,0,0,256847,4195402,0,256847,0,0,0,0,0,0,1,2,207886,4,1447,0,263242,0,0,0,0,238051,1,0,256847,0,0,0,7,0,65,6,5,1,256222,0,0,259130,2,1,0,0,316,0,-1,0,532554,64
1463,255,255,2500,255,169,1,1993,169,245,169,255,1,59,225,1,169,169,1,169,FK Haugesund,235,0,-1,0,257044,0,2,-1,0,30,0,1,4,0,0,2,0,0,8754,5,1,212,300,0,1,61,0,3,0,62,61,63,5,2,62,1,-1,62,1,0,0,257044,270600,0,257044,0,0,0,0,0,0,0,2,257044,5,1463,0,532744,0,0,0,0,236877,0,0,257044,0,0,0,7,0,62,199,4,1,269414,0,0,257044,2,1,0,0,316,0,-1,0,528648,63
1473,102,1,17080,255,204,255,1983,255,255,204,204,1,35,204,1,1,1,255,102,Ulsan HD FC,1,0,-1,0,213471,0,8,-1,0,90,0,2,4,0,0,10,0,0,43554,5,1,501,1474,0,1,69,0,1,0,68,69,68,129,1,65,1,-1,65,1,0,0,213471,66578,1,213471,0,0,0,0,0,0,1,4,213471,9,1473,0,66578,0,0,0,0,245054,0,0,213471,0,5,0,2,0,68,29,10,9,245054,0,0,213471,4,6,0,0,316,0,-1,0,139282,68
1474,1,204,12800,1,1,1,1973,1,255,1,1,1,35,255,1,1,204,1,1,Pohang Steelers,255,0,-1,0,180283,0,9,-1,0,50,0,1,4,0,0,8,0,0,17443,17,1,382,1473,0,1,66,0,1,0,66,66,66,129,1,66,1,-1,66,1,0,0,180283,4195344,1,261880,0,0,0,0,0,0,6,4,180283,8,1474,0,263184,0,0,0,0,227632,1,0,180283,0,5,0,2,0,66,29,8,9,261115,0,0,180283,4,7,0,0,316,0,-1,0,532496,66
1477,204,1,17730,1,1,1,1994,1,255,1,1,1,35,255,1,1,1,1,204,Jeonbuk Hyundai Motors,255,0,-1,0,227659,0,10,-1,0,65,0,1,4,0,0,10,0,0,42477,25,1,233,982,0,1,69,0,1,0,69,69,69,127,1,67,1,-1,67,1,0,0,227659,132226,1,227659,0,0,0,0,0,0,5,4,227659,7,1477,0,132226,0,0,0,0,199231,0,0,227659,0,9,0,2,0,69,29,10,9,272992,0,0,227659,4,5,0,0,316,0,-1,0,4202626,69
1478,128,255,9780,1,255,255,1982,255,250,1,1,1,33,250,1,255,255,1,128,Jeju SK FC,250,0,-1,0,261122,0,5,-1,0,50,0,1,4,0,0,2,0,0,29791,3,1,441,982,0,1,64,0,1,0,65,64,64,126,2,63,0,-1,63,1,0,0,193144,4202624,0,193144,0,0,0,0,0,0,0,2,193144,5,1478,0,270464,0,0,0,0,193144,0,0,193144,0,1,0,2,0,65,29,6,9,261104,0,0,193144,4,1,0,0,316,0,-1,0,528512,64
1516,33,224,35000,1,211,1,1999,211,221,211,34,2,56,30,2,211,211,1,211,FC Midtjylland,27,0,-1,0,278012,0,9,-1,0,50,0,2,4,0,0,5,0,0,11800,0,1,216,1443,0,1,71,0,1,0,72,71,72,8,1,72,1,-1,72,1,0,0,256933,4195456,0,278012,0,0,0,0,0,0,2,3,256933,7,1516,0,4195456,0,0,1,0,234472,0,0,256933,0,4,0,7,0,72,6,9,1,247187,0,0,256933,2,3,0,0,316,0,-1,0,270464,72
1523,4,255,2500,255,255,255,1926,255,255,4,4,1,59,4,1,255,255,255,4,Bryne FK,4,0,-1,0,247107,0,2,-1,0,50,0,2,4,0,0,1,0,0,5000,0,1,965,300,0,1,62,0,0,0,62,62,62,6,2,62,1,-1,62,1,0,0,247107,4202496,0,247107,0,0,0,0,0,0,1,1,247107,4,1523,0,270336,0,0,0,0,76635,0,0,247107,0,0,0,7,0,62,199,5,1,76646,0,0,247107,2,1,0,0,316,0,-1,0,528384,62
1530,250,250,63000,1,1,1,1919,1,250,1,250,1,47,250,1,1,1,1,1,Angers SCO,250,0,-1,0,273666,4,2,-1,0,30,0,2,4,0,0,2,0,0,19800,0,1,17,1814,0,1,73,0,3,0,72,73,71,0,2,71,1,-1,70,0,0,0,234515,270594,1,273666,0,0,0,0,0,0,0,3,273666,2,1530,0,532738,0,0,1,0,224444,0,0,273666,0,0,0,4,0,72,45,1,1,229158,0,0,273666,2,1,0,0,316,0,-1,0,528642,71
1569,122,4,6420,255,80,255,1947,30,1,200,196,1,52,1,1,200,30,255,80,Wisła Płock,1,0,-1,0,225927,0,2,-1,0,50,0,2,4,0,0,2,0,0,10978,14,1,579,1871,0,1,66,0,1,0,65,65,65,19,3,65,1,-1,65,0,0,0,188554,4198464,0,225927,0,0,0,0,0,0,1,1,188554,5,1569,0,264256,0,0,0,0,229072,0,0,188554,0,0,0,5,0,65,93,3,1,229072,0,0,188554,2,1,0,0,316,0,-1,0,526400,65
1571,21,143,975,241,255,167,1937,255,255,255,82,1,53,255,1,255,255,213,255,Galway United,255,0,-1,0,71140,0,5,-1,0,30,0,2,4,0,0,1,0,0,5000,0,0,173,563,0,2,59,0,7,0,59,59,58,-9,2,58,0,-1,58,0,0,0,71140,270336,0,71140,0,0,0,0,0,0,1,1,71140,2,1571,0,532480,0,0,0,0,71140,1,0,71140,0,0,0,3,0,59,23,2,0,200404,0,0,71140,2,1,0,0,316,0,-1,0,528384,58
1572,17,123,945,250,10,135,1919,10,165,10,40,1,53,30,1,10,10,206,10,Drogheda United,43,0,-1,0,243764,0,3,-1,0,30,0,2,4,0,1,2,0,0,2000,0,0,634,834,0,1,58,0,1,0,59,58,60,-6,2,60,0,-1,60,0,0,0,243764,270660,0,243764,0,0,0,0,0,0,2,3,243764,2,1572,0,532804,0,0,0,0,198990,1,0,243764,0,1,0,3,0,59,23,3,0,236742,0,0,243764,2,1,0,0,316,0,-1,0,528708,60
1598,255,255,210000,153,230,0,1931,230,175,230,255,2,-12,19,2,230,230,84,230,Bahia,41,0,-1,0,230464,0,4,-1,0,90,0,2,4,0,0,5,0,0,50025,0,0,417,1043,0,1,72,0,1,0,72,72,74,-38,1,72,1,-1,72,0,0,0,230423,66568,0,230461,0,0,0,0,0,0,0,2,230461,3,1598,0,66568,0,0,1,0,230498,0,0,230464,0,2,0,1,0,72,111,7,-3,230498,0,0,230464,7,3,0,0,316,0,-1,0,139272,74
1629,174,0,210000,255,230,255,1903,230,1,230,239,1,-29,1,1,230,230,255,230,Grêmio,1,0,-1,0,230420,0,8,-1,0,65,0,2,4,0,0,6,0,1,55662,0,1,386,1043,0,1,71,0,3,0,72,71,72,-51,1,72,1,-1,72,1,1,0,230420,132488,0,230250,0,0,0,0,3,0,5,4,230289,6,1629,0,132488,0,0,1,0,230320,1,0,230420,0,2,0,1,0,72,184,5,-3,230240,0,0,230420,7,7,0,0,316,0,-1,0,4202888,72
1667,166,70,0,0,255,255,1960,255,240,255,46,2,15,15,2,255,255,255,255,Senegal,15,0,-1,0,193474,0,10,-1,0,50,0,2,4,0,0,0,0,0,50000,0,1,0,111112,0,1,79,0,0,0,79,79,79,-17,2,78,1,-1,78,0,0,0,235353,132096,0,235353,0,0,0,0,0,0,0,9,274915,0,1667,0,4202496,0,0,0,0,201024,0,0,193474,0,0,0,9,0,79,6,0,0,261188,0,0,193474,2,4,0,0,316,0,-1,0,266240,79
1713,1,255,9100,1,255,1,1896,255,255,255,1,1,47,255,1,255,255,1,255,FC Winterthur,255,0,-1,0,210538,0,4,-1,0,50,0,2,4,0,0,3,0,0,8700,1,1,905,894,0,1,64,0,12,0,65,64,65,8,3,65,1,-1,65,1,0,0,73146,4198416,0,243838,0,0,0,0,0,0,0,2,210538,3,1713,0,264208,0,0,0,0,228874,0,0,210538,0,3,0,4,0,65,71,2,1,210538,0,0,210538,2,1,0,0,316,0,-1,0,526352,65
1715,11,208,8100,255,180,255,1898,180,218,180,29,1,46,11,1,180,180,255,180,FC Thun,29,0,-1,0,211437,4,4,-1,0,30,0,2,4,0,0,3,0,0,10000,1,1,479,900,0,1,66,0,15,0,66,66,64,7,2,67,1,-1,67,1,0,0,211437,270346,0,211437,0,0,0,0,0,0,0,2,211437,3,1715,0,532490,0,0,0,0,211438,0,0,211437,0,0,0,4,0,66,71,2,1,211437,0,0,211437,2,1,0,0,316,0,-1,0,528394,64
1738,191,153,60000,90,1,45,1872,1,250,1,230,1,49,250,1,1,1,62,1,Le Havre AC,250,0,-1,0,72374,4,2,-1,0,50,0,2,4,0,0,2,0,0,25178,0,1,267,71,0,1,72,0,3,0,72,73,71,0,2,72,1,-1,72,0,0,0,72374,4202496,1,72374,0,0,0,0,0,0,1,2,72374,7,1738,0,4202496,0,0,0,0,262237,1,0,72374,0,0,0,4,0,72,45,1,1,253121,0,0,72374,2,1,0,0,316,0,-1,0,266240,71
1739,3,222,10000,1,1,248,1985,1,1,1,40,1,47,1,1,1,1,232,1,Le Mans FC,1,0,-1,0,265651,0,2,-1,0,65,0,2,4,0,0,1,0,0,25064,0,1,744,1814,0,1,66,0,3,0,65,66,65,0,3,64,1,-1,64,0,0,0,265651,135168,0,241818,0,0,0,0,0,0,0,4,241818,2,1739,0,133120,0,0,1,0,78764,0,0,265651,0,0,0,4,0,65,51,1,1,232118,0,0,265651,2,1,0,0,316,0,-1,0,4196352,65
1744,235,255,30000,98,250,0,1912,250,0,250,0,1,44,83,1,250,250,16,250,Modena,166,0,-1,0,235935,0,3,-1,0,90,0,2,4,0,0,1,0,0,21151,27,1,319,110915,0,1,69,0,3,0,69,69,68,10,2,70,0,-1,70,1,0,0,272726,73728,0,235935,0,0,0,0,0,0,0,3,235935,4,1744,0,73728,0,0,0,0,225428,1,0,235935,0,0,0,4,0,69,82,2,1,237391,0,0,235935,2,1,0,0,316,0,-1,0,135168,68
1745,62,22,300000,250,250,250,1907,250,40,250,147,2,45,112,2,250,250,250,250,Como,194,0,-1,0,254579,0,6,-1,0,65,0,2,4,0,0,5,0,0,13602,0,1,117,115845,0,1,77,0,3,0,78,79,77,9,1,75,1,-1,75,1,0,0,254579,132224,0,254579,0,0,0,0,0,0,0,4,254579,5,1745,0,132224,0,0,1,0,254579,0,0,254579,0,0,0,4,0,77,47,10,1,254579,0,0,254579,2,4,0,0,316,0,-1,0,4202624,79
1746,90,32,125000,250,250,250,1920,250,47,250,167,1,43,118,1,250,250,250,250,Empoli,215,0,-1,0,266069,0,8,-1,0,50,0,2,4,0,0,4,0,0,16284,0,1,154,110738,0,1,69,0,3,0,69,69,68,10,3,68,1,-1,68,1,0,0,266069,4202624,2,266069,0,0,0,0,0,0,0,3,266069,9,1746,0,4198528,0,0,0,0,258946,0,0,266069,0,0,0,4,0,69,82,7,1,277515,0,0,266069,2,1,0,0,316,0,-1,0,264320,68
1750,160,21,60000,1,204,1,1899,202,250,206,74,1,51,250,1,206,202,1,204,Cercle Brugge,250,0,-1,0,251537,0,6,-1,0,50,0,2,4,0,0,3,0,1,29062,0,1,78,231,0,1,66,0,1,0,67,66,69,3,2,67,1,-1,67,1,0,0,251537,4202517,2,251537,0,0,0,0,0,0,2,2,261531,8,1750,0,270357,0,0,0,0,201438,1,0,261531,0,3,0,4,0,67,122,4,1,271256,0,0,251537,2,2,0,0,316,0,-1,0,528405,69
1756,149,0,3000,255,250,255,1918,250,0,250,67,1,60,149,1,250,250,255,250,HamKam Fotball,67,0,-1,0,74175,0,3,-1,0,50,0,2,4,0,0,2,0,0,7800,0,1,877,298,0,1,64,0,15,0,63,64,57,11,2,63,1,-1,63,1,0,0,74175,4202560,0,74175,0,0,0,0,0,0,0,2,71084,4,1756,0,270400,0,0,0,0,246911,0,0,74175,0,0,0,7,0,63,199,6,1,234638,0,0,74175,2,1,0,0,316,0,-1,0,528448,57
1757,80,1,6000,255,220,255,1998,220,1,220,145,1,59,70,1,220,220,255,220,Sandefjord Fotball,120,0,-1,0,244842,0,5,-1,0,30,0,1,4,0,0,2,0,0,6582,3,1,624,922,0,1,63,0,3,0,63,63,61,10,1,63,1,-1,63,1,0,0,244842,263434,0,244842,0,0,0,0,0,0,0,2,244842,5,1757,0,525578,0,0,0,0,255940,0,0,244842,0,0,0,7,0,63,199,5,1,244842,0,0,244842,2,1,0,0,316,0,-1,0,532746,61
1786,217,151,11000,87,169,1,2003,169,72,169,239,1,56,122,1,169,169,2,169,Randers FC,238,0,-1,0,224483,0,6,-1,0,50,0,2,4,0,0,2,0,0,10300,22,1,396,271,0,1,68,0,1,0,68,68,64,10,2,68,1,-1,68,1,0,0,224483,4202520,0,258977,0,0,0,0,0,0,2,3,224483,4,1786,0,4202520,0,0,1,0,223566,0,0,224483,0,0,0,7,0,68,6,7,1,228431,0,0,224483,2,1,0,0,316,0,-1,0,266264,64
1788,16,197,18000,8,211,255,2003,211,237,211,26,1,55,31,1,211,211,198,211,FC Nordsjælland,41,0,-1,0,238132,0,6,-1,0,65,0,1,4,0,0,4,0,0,10300,0,1,161,819,2,1,69,0,15,0,68,69,68,12,1,67,1,-1,67,1,0,0,238132,132112,0,242090,0,0,0,0,0,0,2,2,238132,10,1788,0,132112,0,0,1,0,231233,0,0,238132,0,1,0,7,0,68,6,8,1,242090,0,0,238132,2,1,0,0,316,0,-1,0,4202512,68
1790,60,1,15000,255,60,255,1898,1,5,170,170,1,50,85,1,170,1,255,60,Portsmouth,190,0,-1,0,225667,0,3,-1,0,50,0,2,2,0,0,4,0,0,19669,0,0,387,17,0,0,69,0,1,0,69,69,70,-1,2,68,0,-1,68,0,0,0,225667,4202504,0,262748,0,0,0,0,0,0,2,2,253057,4,1790,0,4202504,0,0,0,0,196916,0,0,262748,0,2,0,3,0,69,55,5,0,221692,0,0,225667,2,1,0,0,316,0,-1,0,266248,70
1792,242,255,120000,81,242,0,1902,252,235,0,0,1,52,222,1,0,252,166,242,Norwich City,0,0,-1,0,201368,0,8,-1,0,50,0,2,4,0,0,5,0,0,27359,0,2,351,94,0,2,70,0,1,0,70,70,70,1,1,69,0,-1,69,2,0,0,201368,4195330,0,201368,0,0,0,0,0,0,0,2,201368,5,1792,0,4195330,0,0,0,0,201368,0,0,255210,0,0,0,3,0,70,55,5,0,255767,0,0,201368,2,1,0,0,316,0,-1,0,270338,70
1793,56,1,7000,255,56,255,1871,1,1,168,168,1,51,56,1,168,1,255,56,Reading,168,0,-1,0,238839,0,6,-1,0,30,0,2,4,0,0,4,0,0,24161,0,2,397,1951,0,2,66,0,1,0,66,66,65,0,2,66,2,-1,66,2,0,0,265789,270660,2,265789,0,0,0,0,0,0,0,3,265789,10,1793,0,532804,0,0,0,0,238839,0,0,238839,0,0,0,3,0,66,55,3,0,238839,0,0,238839,2,1,0,0,316,0,-1,0,528708,65
1794,6,227,130000,255,1,255,1889,1,30,1,19,1,53,30,1,1,1,255,1,Sheffield United,30,0,-1,0,279572,1,9,-1,0,90,0,2,4,0,0,6,0,0,32050,0,2,447,1807,0,2,72,0,1,0,71,72,71,-1,1,71,0,-1,71,0,0,0,248050,66688,0,248050,0,0,0,0,0,0,4,2,279572,5,1794,0,66688,0,0,0,0,236600,1,0,248050,0,1,0,3,0,71,55,7,0,279572,0,0,248050,2,1,0,0,316,0,-1,0,139392,71
1795,237,255,70000,30,37,30,1881,22,255,30,1,1,51,237,1,30,22,30,37,Watford,100,0,-1,0,242794,0,6,-1,0,50,0,2,5,0,0,5,0,0,22200,0,0,523,1923,0,0,71,0,1,0,70,71,68,0,1,69,0,-1,69,1,0,0,242794,4195349,2,242794,0,0,0,0,0,0,0,2,247623,5,1795,0,4195349,0,0,0,0,242794,1,0,242794,0,0,0,3,0,70,55,5,0,242794,0,0,242794,2,1,0,0,316,0,-1,0,270357,68
1796,29,108,370000,232,1,141,1882,1,122,1,69,2,53,32,2,1,1,200,1,Burnley,58,0,-1,0,205569,0,2,-1,0,50,0,2,4,0,0,4,0,0,21944,0,0,84,3,0,2,74,0,1,0,75,75,75,-2,2,75,0,-1,75,0,0,0,205569,132362,2,205569,0,0,0,0,0,0,1,2,205569,4,1796,0,4202762,0,0,0,0,188377,0,0,205569,0,2,0,3,0,75,35,7,0,239373,0,0,205569,2,1,0,0,316,0,-1,0,266506,77
1797,1,226,7500,255,255,255,1925,255,226,1,1,1,53,1,1,255,226,255,1,Rotherham United,1,0,-1,0,228153,0,7,-1,0,30,0,2,4,0,0,2,0,0,12021,0,2,411,1807,0,2,64,0,1,0,64,64,63,-1,3,64,0,-1,64,2,0,0,228153,266248,0,228153,0,0,0,0,0,0,0,2,228153,5,1797,0,526344,0,0,0,0,210029,1,0,228153,0,0,0,3,0,64,55,6,0,235742,0,0,228153,2,1,0,0,316,0,-1,0,526344,63
1798,255,255,2900,1,1,1,2004,1,220,1,255,1,52,1,1,1,1,1,1,Milton Keynes Dons,1,0,-1,0,221279,0,10,-1,0,65,0,2,4,0,0,2,0,0,30500,0,0,317,1938,0,0,65,0,1,0,65,65,66,0,1,65,0,-1,65,0,0,0,221279,132098,0,221279,0,0,0,0,0,0,0,2,221279,2,1798,0,132098,0,0,1,0,208302,1,0,221279,0,0,0,3,0,65,55,7,0,221279,0,0,221279,2,1,0,0,316,0,-1,0,4202498,66
1799,85,0,760000,36,1,238,1905,1,250,1,165,2,51,250,2,1,1,46,1,Crystal Palace,250,0,-1,0,259377,0,6,-1,0,30,0,1,4,0,0,6,0,0,25486,0,0,285,1808,0,2,78,0,1,0,79,78,79,0,2,78,0,-1,79,1,0,0,259377,263296,2,259240,0,0,0,0,0,0,1,2,259377,3,1799,0,270464,0,0,0,0,233306,1,0,259377,0,0,0,3,0,79,35,8,0,235353,0,0,259377,2,6,0,0,366,0,-1,0,528512,78
1800,208,150,72500,255,255,255,1883,0,175,255,255,2,52,208,2,255,0,255,255,Coventry City,255,0,-1,0,251690,0,7,-1,0,90,0,2,4,0,0,5,0,0,32609,0,0,122,95,0,2,73,0,1,0,73,73,73,-1,1,72,0,-1,72,0,0,0,251690,66560,0,251690,0,0,0,0,0,0,1,2,251690,5,1800,0,66560,0,0,0,0,212118,0,0,251690,0,0,0,3,0,73,55,7,0,238743,0,0,251690,2,1,0,0,316,0,-1,0,139264,73
1801,255,255,20000,71,10,0,1880,1,255,71,255,1,53,255,1,71,1,10,10,Preston North End,255,0,-1,0,225071,0,4,-1,0,30,0,2,4,0,0,4,0,0,23404,0,2,389,1926,0,2,72,0,1,0,70,72,70,-2,2,69,2,-1,69,2,0,0,225071,270598,2,225071,0,0,0,0,0,0,2,1,264180,3,1801,0,532742,0,0,0,0,225071,0,0,264180,0,2,0,3,0,70,55,5,0,264039,0,0,225071,2,1,0,0,316,0,-1,0,528646,70
1802,56,48,2300,255,100,255,1893,1,48,1,140,1,51,53,1,1,1,255,100,Gillingham,160,0,-1,0,211098,0,8,-1,0,50,0,2,4,0,0,2,0,0,10500,0,0,184,1934,0,0,62,0,0,0,62,62,62,0,3,62,0,-1,62,0,0,0,211098,4198656,0,223981,0,0,0,0,0,0,0,2,211098,6,1802,0,264448,0,0,0,0,228577,1,0,211098,0,0,0,3,0,62,55,8,0,211098,0,0,211098,2,1,0,0,316,0,-1,0,526592,62
1803,1,255,2250,255,1,255,1888,220,1,1,1,1,52,1,1,1,220,255,1,Walsall,1,0,-1,0,186783,0,6,-1,0,50,0,2,4,0,0,2,0,0,11300,0,0,519,127,0,0,61,0,0,0,62,61,64,-1,2,62,0,-1,62,0,0,0,223918,4202570,0,264352,0,0,0,0,0,0,0,2,186783,3,1803,0,270410,0,0,0,0,202408,0,0,240583,0,0,0,3,0,62,55,7,0,267941,0,0,240583,2,1,0,0,316,0,-1,0,528458,64
1804,19,105,3200,15,166,246,1903,246,105,28,28,1,53,19,1,15,105,166,19,Bradford City,58,0,-1,0,200210,0,2,-1,0,50,0,2,4,0,0,4,0,0,25136,0,0,66,8,0,0,65,0,1,0,65,65,66,-1,2,64,0,-1,64,0,0,0,200210,4202496,0,200210,0,0,0,0,0,0,1,1,200210,4,1804,0,270336,0,0,0,0,200210,0,0,200210,0,0,0,3,0,65,55,5,0,200210,0,0,200210,2,1,0,0,316,0,-1,0,528384,66
1805,72,1,20000,250,1,250,1911,1,1,1,154,1,45,59,1,1,1,250,1,Grenoble Foot 38,104,0,-1,0,224590,4,5,-1,0,30,0,2,4,0,0,1,0,0,20068,0,1,685,66,0,1,66,0,1,0,66,66,65,5,3,67,1,-1,67,0,0,0,224590,266320,1,224590,0,0,0,0,0,0,0,2,224590,2,1805,0,526416,0,0,0,0,220030,0,0,224590,0,0,0,4,0,66,51,4,1,224590,0,0,224590,2,1,0,0,316,0,-1,0,526416,65
1806,6,204,40000,255,48,255,1863,220,216,35,23,1,52,6,1,35,220,255,48,Stoke City,23,0,-1,0,260478,0,5,-1,0,65,0,1,4,0,0,5,0,0,30089,0,2,465,1928,0,2,70,0,0,0,70,70,68,-2,2,70,0,-1,70,2,0,0,260478,139266,0,260478,0,0,0,0,0,0,0,1,260478,5,1806,0,139266,0,0,1,0,238389,0,0,260478,0,0,0,3,0,70,55,5,0,262082,0,0,260478,2,1,0,0,316,0,-1,0,4198402,68
1807,41,41,13500,255,41,255,1867,41,35,202,202,1,53,35,1,202,41,255,41,Sheffield Wednesday,255,0,-1,0,229910,0,4,-1,0,30,0,2,4,0,0,5,0,0,39732,5,2,447,1794,0,2,65,0,1,0,67,65,68,-1,2,66,2,-1,66,2,0,0,229910,270464,2,229910,0,0,0,0,0,0,3,1,229910,3,1807,0,532608,0,0,1,0,198377,1,0,229910,0,4,0,3,0,67,55,2,0,211384,0,0,229910,2,1,0,0,316,0,-1,0,528512,68
1808,57,0,785000,255,99,255,1901,72,240,168,166,2,50,171,2,168,72,255,99,Brighton & Hove Albion,0,0,-1,0,190765,0,5,-1,0,65,0,2,4,0,0,5,0,0,31780,5,0,74,1799,0,2,79,0,1,0,77,78,80,0,2,77,0,-1,78,0,0,0,190765,132234,2,190765,0,0,0,0,0,0,0,2,190765,8,1808,0,139402,0,0,0,0,199915,1,0,186146,0,0,0,3,0,78,35,9,0,186146,0,0,186146,2,5,0,0,366,0,-1,0,4198538,78
1809,112,132,98000,250,1,250,1937,1,128,1,172,2,43,108,2,1,1,250,1,Toulouse FC,172,0,-1,0,242534,4,4,-1,0,50,0,1,4,0,0,3,0,0,33150,48,1,488,70,0,1,73,0,1,0,73,73,73,1,2,73,1,-1,73,0,0,0,254121,4202498,0,242534,0,0,0,0,0,0,1,2,242534,7,1809,0,4202498,0,0,0,0,201042,0,0,242534,0,0,0,4,0,73,45,4,1,201042,0,0,242534,2,1,0,0,316,0,-1,0,266242,73
1814,132,248,18000,1,1,1,1902,1,255,1,45,1,48,128,1,1,1,1,1,Stade Lavallois MFC,64,0,-1,0,254996,4,6,-1,0,50,0,1,4,0,0,1,0,0,10107,0,1,266,1739,0,1,66,0,1,0,66,66,67,0,3,65,1,-1,65,0,0,0,254996,4198656,0,254996,0,0,0,0,0,0,0,2,262738,2,1814,0,264448,0,0,0,0,252599,0,0,254996,0,0,0,4,0,66,51,2,1,262738,0,0,254996,2,1,0,0,316,0,-1,0,526592,67
1815,26,165,30000,104,250,1,1990,250,250,250,57,1,45,250,1,250,250,48,250,Clermont Foot,250,0,-1,0,246790,4,6,-1,0,50,0,1,4,0,0,1,0,0,13000,0,1,111,1819,0,1,65,0,3,0,66,65,65,3,1,65,1,-1,65,0,0,0,246790,4195400,0,246790,0,0,0,0,0,0,0,1,246790,5,1815,0,263240,0,0,0,0,235553,0,0,246790,0,0,0,4,0,66,51,4,1,223283,0,0,246790,2,1,0,0,316,0,-1,0,532552,65
1816,250,250,26000,1,1,1,1901,1,195,1,250,1,49,195,1,1,1,1,1,Amiens SC,195,0,-1,0,244542,4,4,-1,0,50,0,2,4,0,0,1,0,0,12707,29,1,565,65,0,1,66,0,3,0,67,66,65,2,2,64,1,-1,64,0,0,0,244542,4202560,0,244542,0,0,0,0,0,0,0,2,244542,5,1816,0,270400,0,0,0,0,203128,0,0,244542,0,0,0,4,0,67,51,2,1,79610,0,0,244542,2,1,0,0,316,0,-1,0,528448,65
1819,130,9,40000,250,1,250,1919,1,30,1,45,1,45,130,1,1,1,250,1,AS Saint-Étienne,76,0,-1,0,271688,4,10,-1,0,50,0,1,4,0,0,8,0,0,41965,0,1,414,66,0,1,70,0,3,0,70,70,75,4,3,69,1,-1,69,1,0,0,271688,4202568,1,271688,0,0,0,0,0,0,6,2,271688,6,1819,0,4198472,0,0,0,0,230727,0,0,271688,0,10,0,4,0,70,51,5,1,271688,0,0,271688,2,1,0,0,316,0,-1,0,264264,75
1823,30,231,14000,255,1,255,1967,1,255,1,1,1,48,1,1,1,1,255,1,AS Nancy,1,0,-1,0,234537,4,2,-1,0,50,0,2,4,0,0,1,0,0,20087,13,1,335,68,0,1,65,0,3,0,65,65,64,6,1,63,1,-1,63,0,0,0,234537,4195328,0,234537,0,0,0,0,0,0,1,2,234537,2,1823,0,263168,0,0,0,0,209320,1,0,234537,0,0,0,4,0,65,51,2,1,78661,0,0,234537,2,1,0,0,316,0,-1,0,532480,64
1824,1,1,698810,255,1,255,1899,1,227,1,1,2,50,6,2,1,1,255,1,Eintracht Frankfurt,19,0,-1,1,275328,0,8,-1,0,50,0,2,4,0,0,8,0,0,59500,0,1,167,169,0,1,77,0,1,0,76,75,82,8,2,79,1,-1,79,1,0,0,269701,132096,3,269701,0,0,0,0,0,0,5,2,275328,6,1824,2,4202496,0,0,0,0,236532,0,0,275328,0,1,0,4,0,77,25,5,1,253444,0,0,275328,2,6,0,0,366,0,-1,0,266240,84
1825,57,1,4900,255,230,255,1902,230,57,230,166,1,51,144,1,230,230,255,230,MSV Duisburg,224,0,-1,0,256634,0,3,-1,0,50,0,2,4,0,2,6,0,0,31500,3,1,144,526,0,1,65,0,1,0,66,65,67,6,2,66,1,-1,64,1,0,0,256634,4202570,1,256634,0,0,0,0,0,0,0,4,256634,8,1825,0,270410,0,0,0,0,205433,1,0,255454,0,0,0,4,0,65,91,1,1,261653,0,0,256634,2,1,0,0,316,0,-1,0,528458,67
1826,255,255,2520,1,255,1,1900,255,1,255,1,1,50,1,1,255,255,1,255,Alemannia Aachen,1,0,-1,0,71297,0,4,-1,0,50,0,1,4,0,0,6,0,0,32960,0,1,953,110645,0,1,64,0,3,0,66,67,65,6,2,64,1,-1,64,1,0,0,71297,4202496,0,73995,0,0,0,0,0,0,0,3,73995,4,1826,0,270336,0,0,0,0,238563,0,0,71297,0,0,0,4,0,65,91,1,1,71297,0,0,71297,2,1,0,0,316,0,-1,0,528384,68
1831,6,227,148355,255,255,255,1966,255,29,49,19,2,52,29,2,255,229,255,55,1. FC Union Berlin,27,0,-1,1,193254,0,5,-1,0,30,0,2,4,0,0,9,0,0,22012,0,1,47,166,0,1,74,0,1,0,76,75,74,13,3,77,2,-1,76,1,0,0,193254,270400,1,193254,0,0,0,0,0,0,0,2,193254,2,1831,0,528448,0,0,0,0,193254,0,0,193254,0,0,0,4,0,74,25,7,1,193254,0,0,193254,2,4,0,0,316,0,-1,0,526400,77
1832,75,1,16842,255,210,255,1894,210,15,210,147,1,49,100,1,210,210,255,210,Karlsruher SC,240,0,-1,0,228245,0,5,-1,0,50,0,2,4,0,0,6,0,0,15330,3,1,241,29,0,1,69,0,3,0,68,69,68,8,3,68,1,-1,69,1,0,0,228245,4202625,1,228245,0,0,0,0,0,0,2,2,228245,7,1832,0,4198529,0,0,0,0,228245,0,0,228245,0,1,0,4,0,69,27,4,1,228245,0,0,228245,2,1,0,0,316,0,-1,0,264321,67
1837,84,0,110000,250,115,250,1946,95,0,133,161,1,44,83,1,133,95,250,115,Sampdoria,161,0,-1,0,252290,0,10,-1,0,65,0,2,4,0,0,6,0,0,36599,0,1,180,110556,0,1,70,0,1,0,70,70,73,8,1,69,1,-1,69,1,0,0,252290,132096,1,252290,0,0,0,0,0,0,4,2,252290,2,1837,0,132096,0,0,0,0,219952,1,0,252290,0,1,0,4,0,70,82,1,1,253019,0,0,252290,2,4,0,0,316,0,-1,0,4202496,73
1842,0,212,120000,121,30,0,1920,30,250,30,14,2,39,250,2,30,30,61,30,Cagliari,250,0,-1,0,247888,0,2,-1,0,30,0,2,4,0,0,2,0,0,16223,0,1,90,48,0,1,72,0,3,0,75,74,72,9,3,75,1,-1,73,1,0,0,247888,270656,1,247888,0,0,0,0,0,0,0,2,247888,4,1842,0,528704,0,0,0,0,220523,0,0,247888,0,1,0,4,0,73,47,2,1,247888,0,0,247888,2,1,0,0,316,0,-1,0,526656,74
1843,176,255,65700,30,250,30,1900,250,255,250,198,2,38,130,2,250,250,30,250,Palermo,163,0,-1,0,244874,0,9,-1,0,50,0,2,4,0,0,5,0,0,36349,0,1,368,110908,0,1,72,0,12,0,72,72,73,13,2,72,1,-1,72,1,0,0,224982,4202561,0,244874,0,0,0,0,0,0,0,3,224982,3,1843,0,4202561,0,0,0,0,224378,0,0,224982,0,0,0,4,0,72,82,9,1,220165,0,0,244874,2,1,0,0,316,0,-1,0,266305,73
1848,250,250,30000,30,30,233,1908,30,250,30,250,1,41,250,1,30,30,16,30,Bari,250,0,-1,0,270084,0,6,-1,0,30,0,2,4,0,0,5,0,0,58270,0,1,37,347,0,1,69,0,0,0,68,69,68,16,2,67,1,-1,67,1,0,0,270084,270336,0,270084,0,0,0,0,0,0,0,4,270084,6,1848,0,532480,0,0,0,0,235916,0,0,270084,0,0,0,4,0,68,82,5,1,220915,0,0,270084,2,1,0,0,316,0,-1,0,528384,68
1853,90,15,49000,0,50,147,1909,20,30,60,150,2,39,100,2,60,20,0,50,Levante UD,170,0,-1,0,274209,0,3,-1,0,30,0,2,4,0,0,4,0,0,25354,0,2,504,461,0,1,73,0,1,0,74,73,74,0,3,73,2,-1,74,2,0,0,274209,270352,2,274209,0,0,0,0,0,0,0,4,243312,4,1853,0,528400,0,0,0,0,243312,0,0,274209,0,0,0,4,0,74,41,7,1,245290,0,0,274209,2,1,0,0,316,0,-1,0,526352,75
1854,255,255,2500,1,254,1,1940,254,233,254,255,1,38,233,1,254,254,1,254,Albacete Balompié,233,0,-1,0,223853,0,4,-1,0,50,0,2,4,0,0,2,0,0,17524,0,2,8,1853,0,1,68,0,1,0,68,68,68,-1,3,70,0,-1,68,2,0,0,269644,4202496,0,223853,0,0,0,0,0,0,0,4,223853,4,1854,0,4198400,0,0,0,0,223853,0,0,223853,0,0,0,4,0,68,69,6,1,206031,0,0,223853,2,1,0,0,316,0,-1,0,264192,69
1860,85,0,45000,255,80,255,1983,1,0,1,190,2,40,65,2,1,1,255,80,Getafe CF,160,0,-1,0,242201,0,5,-1,0,50,0,2,4,0,0,3,0,0,17000,0,2,182,100888,0,1,77,0,1,0,76,77,75,-3,2,75,2,-1,75,2,0,0,242201,132161,2,242201,0,0,0,0,0,0,0,4,242201,1,1860,0,4202561,0,0,0,0,217940,1,0,242201,0,0,0,4,0,76,41,6,1,232665,0,0,242201,2,4,0,0,316,0,-1,0,266305,75
1861,50,220,47000,255,255,255,1989,255,195,255,50,2,36,35,2,255,255,255,255,UD Almería,35,0,-1,0,219953,0,2,-1,0,50,0,1,4,0,0,4,0,0,16503,0,2,14,110832,0,1,72,0,1,0,70,71,72,-2,1,70,0,-1,72,2,0,0,219953,4195329,0,258923,0,0,0,0,0,0,0,2,258923,5,1861,0,4195329,0,0,0,0,258923,1,0,219953,0,0,0,4,0,72,69,8,1,205976,0,0,219953,2,1,0,0,316,0,-1,0,270337,70
1862,95,1,35800,255,108,255,1896,106,1,110,200,1,45,100,1,110,106,255,108,FC Lausanne-Sport,190,0,-1,0,218887,0,5,-1,0,65,0,2,4,0,0,4,0,0,12544,3,1,588,324,2,1,68,0,0,0,67,68,65,5,3,67,0,-1,67,1,0,0,218887,135168,0,218887,0,0,0,0,0,0,9,2,218887,4,1862,0,133120,0,0,0,0,218887,1,0,218887,0,7,0,4,0,67,71,3,1,245563,0,0,218887,2,3,0,0,316,0,-1,0,4196352,65
1867,170,10,5300,255,1,255,1954,1,0,1,140,1,37,160,1,1,1,255,1,Córdoba CF,130,0,-1,0,235988,0,6,-1,0,50,0,2,4,0,0,4,0,0,20989,0,1,119,1968,0,1,69,0,3,0,68,67,70,-4,3,66,0,-1,68,2,0,0,235988,4202561,0,73413,0,0,0,0,0,0,0,4,73413,4,1867,0,4198465,0,0,0,0,254099,1,0,235988,0,0,0,4,0,69,69,6,1,73413,0,0,235988,2,1,0,2,316,0,-1,0,264257,69
1870,73,0,2500,20,255,200,1930,255,0,255,152,1,56,73,1,255,255,44,255,Östers IF,152,0,-1,0,234982,0,1,-1,0,30,0,2,4,0,0,2,0,0,12000,0,1,967,112072,0,1,62,0,0,0,62,62,62,14,3,63,1,-1,63,1,0,0,76666,266240,0,260727,0,0,0,0,0,0,1,1,234982,4,1870,0,526336,0,0,0,0,261606,1,0,234982,0,4,0,7,0,62,97,5,1,202925,0,0,234982,2,1,0,0,316,0,-1,0,526336,62
1871,255,255,15262,50,45,0,1916,45,1,1,255,1,52,1,1,45,1,130,1,Legia Warszawa,1,0,-1,0,257956,0,10,-1,0,90,0,2,4,0,0,5,0,0,31103,0,1,521,873,0,1,69,0,3,0,69,70,67,21,1,68,1,-1,68,1,0,0,257956,66688,1,257956,0,0,0,0,0,0,21,3,257956,9,1871,0,66688,0,0,1,0,216003,1,0,257956,0,15,0,5,0,68,93,5,1,216003,0,0,257956,2,4,0,0,316,0,-1,0,139392,67
1874,1,1,49000,51,30,0,1899,30,254,30,1,1,47,254,1,30,30,153,30,Ferencvárosi TC,254,0,-1,0,237566,4,10,-1,0,50,0,2,4,0,0,5,0,0,22000,0,1,858,254,0,1,71,0,1,0,71,71,70,19,2,68,1,-1,68,1,0,0,237566,4202496,0,237566,0,0,0,0,0,0,24,2,237566,4,1874,0,4202496,0,0,0,0,221610,0,0,237566,0,36,0,5,0,71,88,5,1,278664,0,0,237566,2,4,0,0,316,0,-1,0,266240,70
1876,255,255,240000,33,1,223,1901,1,255,1,255,2,-34,255,2,1,1,17,1,River Plate,255,0,-1,0,224334,0,10,-1,0,65,0,2,3,0,0,8,0,1,84567,0,0,82,1877,0,1,74,0,1,0,74,74,74,-58,1,74,1,-1,74,1,1,0,224334,132112,2,224334,0,0,0,0,4,0,3,2,224334,10,1876,1,132112,0,0,0,0,228708,1,0,224334,0,38,0,1,0,74,190,5,-3,231340,0,0,224334,7,9,0,0,316,0,-1,0,4202512,74
1877,36,1,215000,1,60,252,1905,1,1,170,72,2,-34,69,2,170,1,177,60,Boca Juniors,138,0,-1,0,207439,0,10,-1,0,30,0,2,3,0,0,8,0,1,54000,47,0,82,1876,0,1,74,0,1,0,75,74,75,-58,1,73,1,-1,73,1,1,0,207439,263300,2,207439,0,0,0,0,6,0,4,2,207439,10,1877,2,263300,0,0,0,0,207439,0,0,207439,0,35,0,1,0,75,190,6,-3,207439,0,0,207439,7,9,0,0,316,0,-1,0,532612,75
1884,111,28,55000,255,1,255,1908,1,10,1,57,2,37,10,2,1,1,255,1,Panathinaikos,10,0,-1,0,253213,0,9,-1,0,50,0,2,4,0,0,6,0,1,69618,25,1,27,278,0,1,73,0,1,0,73,73,73,23,3,73,1,-1,73,1,0,0,260843,4202768,2,260843,0,0,0,0,0,0,20,2,260843,6,1884,0,4198672,0,0,0,0,208250,0,0,260843,0,20,0,4,0,73,37,5,2,208250,0,0,253213,9,5,0,0,316,0,-1,0,264464,73
1886,1,205,0,255,255,255,1901,255,1,255,1,2,47,1,2,255,255,255,255,Hungary,1,0,-1,0,236772,0,10,-1,0,30,0,2,4,0,0,0,0,0,67889,0,1,0,1356,0,1,74,0,3,0,74,74,77,19,1,74,1,-1,74,0,0,0,236772,263168,1,236772,0,0,0,0,0,0,0,1,236772,0,1886,0,525312,0,0,1,0,236772,0,0,236772,0,0,0,5,0,74,88,0,1,236772,0,0,236772,2,4,0,0,316,0,-1,0,532480,77
1887,255,255,60000,1,1,1,1922,1,1,1,255,1,41,1,1,1,1,1,1,Vitória de Guimarães,1,0,-1,0,257194,0,7,-1,0,50,0,2,4,0,0,6,0,2,29464,0,1,200,1896,0,1,67,0,1,0,68,67,70,-8,3,68,1,-1,69,1,0,0,266461,4202496,0,257194,0,0,0,0,0,0,1,1,266461,7,1887,0,4198400,0,0,1,0,223302,0,0,266461,0,0,0,4,0,69,36,7,0,189303,0,0,257194,2,2,0,0,316,0,-1,0,264192,70
1888,0,170,22000,220,1,10,1924,1,10,1,0,1,41,90,1,1,1,90,1,Gil Vicente FC,220,0,-1,0,267633,0,4,-1,0,50,0,2,4,0,0,3,0,0,12029,0,1,747,112809,0,1,69,0,1,0,68,69,68,-8,1,67,1,-1,69,1,0,0,267633,4195648,0,267633,0,0,0,0,0,0,0,4,267633,3,1888,0,4195648,0,0,0,0,209816,0,0,267633,0,0,0,4,0,70,36,8,0,267633,0,0,267633,2,1,0,0,316,0,-1,0,270656,66
1891,1,1,10000,255,255,255,1910,255,255,255,1,1,33,255,1,255,255,255,255,Nacional da Madeira,255,0,-1,0,245790,0,2,-1,0,30,0,2,4,0,0,3,0,0,5147,0,1,171,1438,0,1,68,0,1,0,69,68,69,-17,3,69,1,-1,68,1,0,0,264488,270338,0,245790,0,0,0,0,0,0,0,2,245790,7,1891,0,528386,0,0,0,0,189221,0,0,245790,0,0,0,4,0,68,36,5,0,252164,0,0,245790,2,1,0,0,316,0,-1,0,526338,70
1894,255,255,2500,0,255,243,1996,255,1,255,255,1,36,1,1,255,255,0,255,AD Ceuta,1,0,-1,0,225738,0,1,-1,0,50,0,2,4,0,0,4,0,0,6500,0,2,980,573,0,1,67,0,3,0,67,67,67,-5,2,68,2,-1,67,2,0,0,225738,4202496,0,257558,0,0,0,0,0,0,0,3,257558,2,1894,0,270336,0,0,0,0,211556,0,0,225738,0,0,0,4,0,67,69,2,1,78282,0,0,225738,2,1,0,0,316,0,-1,0,528384,67
1896,0,233,165000,255,1,255,1921,1,255,1,0,2,41,255,2,1,1,255,1,Sporting de Braga,255,0,-1,0,269420,0,8,-1,0,65,0,2,4,0,0,5,0,2,28196,4,1,67,1887,0,1,76,0,1,0,74,75,76,-8,2,72,1,-1,73,1,0,0,213516,132096,0,213516,0,0,0,0,0,0,3,4,269420,7,1896,0,139264,0,0,1,0,213516,0,0,213516,0,0,0,4,0,75,36,8,0,213516,0,0,213516,2,3,0,0,316,0,-1,0,4198400,76
1900,150,50,23000,255,255,255,1938,255,255,255,65,1,41,255,1,255,255,255,255,Moreirense,255,0,-1,0,275545,0,4,-1,0,50,0,1,4,0,0,3,0,0,6153,0,0,200,1887,0,1,68,0,1,0,68,68,65,-8,3,69,1,-1,68,0,0,0,275545,4202568,0,275545,0,0,0,0,0,0,0,4,275545,4,1900,0,4198472,0,0,0,0,251681,0,0,275545,0,0,0,4,0,68,36,7,0,275545,0,0,275545,2,1,0,0,316,0,-1,0,264264,63
1903,48,197,105000,255,120,255,1970,120,4,120,48,2,52,69,2,120,120,255,120,FC Utrecht,137,0,-1,0,262473,0,7,-1,0,50,0,1,4,0,0,5,0,0,23750,1,2,502,245,0,2,71,0,1,0,72,74,71,5,2,72,2,-1,71,2,0,0,262473,4202560,2,262473,0,0,0,0,0,0,3,2,262473,8,1903,0,4202560,0,0,0,0,207725,0,0,262473,0,0,0,4,0,72,30,5,1,239361,0,0,262473,2,1,0,0,316,0,-1,0,266304,71
1904,216,255,47750,5,100,5,1912,100,235,45,33,1,51,196,1,100,45,5,45,NAC Breda,13,0,-1,0,188154,0,2,-1,0,50,0,2,4,0,0,3,0,0,19000,0,2,618,246,0,2,67,0,1,0,68,68,68,4,3,67,2,-1,67,2,0,0,188154,4198464,0,188154,0,0,0,0,0,0,1,2,188154,5,1904,0,264256,0,0,1,0,251812,1,0,188154,0,1,0,4,0,67,30,5,1,188154,0,0,188154,2,1,0,0,316,0,-1,0,526400,68
1906,1,232,175750,255,20,255,1967,20,255,20,1,2,52,30,2,20,20,255,20,AZ,30,0,-1,0,254789,0,8,-1,0,65,0,1,4,0,0,5,0,0,19478,0,2,11,245,0,2,73,0,1,0,73,73,75,4,1,71,2,-1,71,2,0,0,254789,132234,2,254789,0,0,0,0,0,0,5,4,264263,10,1906,0,132234,0,0,0,0,199422,0,0,254789,0,2,0,4,0,73,30,9,1,245902,0,0,254789,2,4,0,0,316,0,-1,0,4202634,76
1908,20,245,125500,250,25,250,1965,25,195,25,30,1,52,0,1,25,25,250,25,FC Twente,5,0,-1,0,274927,0,7,-1,0,65,0,2,4,0,0,5,0,0,30205,0,2,155,100634,0,2,70,0,1,0,70,70,71,6,1,69,2,-1,70,2,0,0,274834,132224,2,274834,0,0,0,0,0,0,3,2,274834,6,1908,0,132224,0,0,0,0,262311,1,0,274927,0,1,0,4,0,71,30,8,1,236498,0,0,274927,2,2,0,0,316,0,-1,0,4202624,70
1910,36,232,45000,100,10,6,1900,10,10,10,55,2,52,10,2,10,10,162,10,N.E.C. Nijmegen,10,0,-1,0,204060,0,6,-1,0,90,0,1,4,0,0,3,0,0,12500,0,2,346,1903,0,2,71,0,1,0,72,73,71,6,2,71,2,-1,71,2,0,0,204060,73792,0,204060,0,0,0,0,0,0,0,2,277809,5,1910,0,73792,0,0,1,0,204060,0,0,204060,0,0,0,4,0,72,30,5,1,204060,0,0,204060,2,1,0,0,316,0,-1,0,135232,71
1913,113,1,75000,255,240,255,1920,240,227,240,184,1,52,1,1,240,240,255,240,sc Heerenveen,15,0,-1,0,259131,0,5,-1,0,50,0,2,4,0,0,4,0,0,27224,3,2,213,1915,0,2,69,0,1,0,69,69,67,5,2,69,2,-1,67,2,0,0,259131,4202568,2,259131,0,0,0,0,0,0,1,2,210010,5,1913,0,4202568,0,0,0,0,210010,0,0,259131,0,0,0,4,0,68,30,5,1,262732,0,0,259131,2,1,0,0,316,0,-1,0,266312,67
1914,15,15,32500,255,101,255,1910,87,32,111,200,1,52,167,1,111,87,255,101,PEC Zwolle,99,0,-1,0,226539,0,3,-1,0,50,0,2,4,0,0,2,0,0,14000,3,2,540,100632,0,2,67,0,1,0,66,67,67,6,2,64,2,-1,66,2,0,0,265741,4202752,2,226539,0,0,0,0,0,0,1,2,226539,5,1914,0,270592,0,0,0,0,220763,0,0,257484,0,0,0,4,0,67,30,5,1,279948,0,0,226539,2,1,0,0,316,0,-1,0,528640,65
1915,162,19,55250,255,27,255,1971,4,1,49,107,1,53,143,1,49,4,255,27,FC Groningen,82,0,-1,0,275418,0,4,-1,0,50,0,2,4,0,0,4,0,0,22550,25,2,196,1913,0,2,66,0,1,0,68,67,68,6,2,68,2,-1,68,2,0,0,275418,4202496,2,275418,0,0,0,0,0,0,1,2,275418,6,1915,0,270336,0,0,0,0,257957,0,0,275418,0,0,0,4,0,67,30,7,1,275418,0,0,275418,2,1,0,0,316,0,-1,0,528384,68
1917,89,29,7800,255,110,255,1932,1,29,70,175,1,53,89,1,70,1,255,110,Wigan Athletic,195,0,-1,0,240808,0,7,-1,0,50,0,2,4,0,0,3,0,0,25138,0,2,528,4,0,2,63,0,1,0,64,63,65,-2,2,64,2,-1,64,2,0,0,240808,4202496,2,240808,0,0,0,0,0,0,1,2,240808,7,1917,0,270336,0,0,0,0,225589,1,0,240808,0,0,0,3,0,64,55,5,0,269691,0,0,240808,2,1,0,0,316,0,-1,0,528384,65
1919,1,225,65000,255,1,255,1894,225,225,1,1,1,51,1,1,1,225,255,1,Bristol City,1,0,-1,0,237619,0,6,-1,0,50,0,2,4,0,0,5,0,0,27000,0,2,76,1962,0,2,71,0,1,0,71,71,71,-2,2,70,0,-1,70,2,0,0,237619,4202498,2,237619,0,0,0,0,0,0,0,1,237619,5,1919,0,4202498,0,0,1,0,252376,0,0,237619,0,0,0,3,0,71,55,5,0,244296,0,0,237619,2,1,0,0,316,0,-1,0,266242,71
1920,86,29,2100,255,255,255,1895,255,29,122,152,1,53,86,1,255,29,255,86,Oldham Athletic,152,0,-1,0,205818,0,1,-1,0,50,0,2,4,0,0,2,0,0,13186,0,0,357,4,0,0,60,0,1,0,61,60,61,-2,3,61,0,-1,61,0,0,0,205818,4198417,0,227961,0,0,0,0,0,0,0,2,205818,6,1920,0,264209,0,0,0,0,223902,0,0,205818,0,0,0,3,0,61,55,3,0,261211,0,0,205818,2,1,0,0,316,0,-1,0,526353,61
1923,112,255,25000,255,1,255,1885,1,1,60,1,1,51,1,1,60,1,255,1,Luton Town,60,0,-1,0,227995,0,10,-1,0,90,0,2,4,0,0,4,0,0,10356,0,0,291,1795,0,2,67,0,1,0,68,67,68,0,1,68,0,-1,68,0,0,0,227995,66568,2,227995,0,0,0,0,0,0,0,2,227995,3,1923,0,66568,0,0,0,0,205054,0,0,225441,0,0,0,3,0,68,55,7,0,202686,0,0,225441,2,1,0,0,316,0,-1,0,139272,68
1924,102,51,2200,255,102,255,1866,51,51,204,204,1,53,102,1,204,51,255,102,Chesterfield,216,0,-1,0,226172,0,8,-1,0,65,0,2,4,0,0,3,0,0,10300,0,0,105,1940,0,1,63,0,3,0,63,63,60,-1,1,63,0,-1,63,0,0,0,226172,132224,0,226172,0,0,0,0,0,0,0,2,226172,3,1924,0,132224,0,0,0,0,173671,1,0,226172,0,0,0,3,0,63,55,8,0,79284,0,0,226172,2,1,0,0,316,0,-1,0,4202624,60
1925,1,242,430000,255,10,255,1889,10,1,10,34,2,51,1,2,10,10,255,10,Brentford,1,0,-1,0,229723,0,3,-1,0,50,0,2,3,0,0,4,0,0,17250,0,2,285,15,0,2,78,0,1,0,78,78,81,0,3,77,0,-1,77,2,0,0,229723,139648,2,265552,0,0,0,0,0,0,0,2,229723,3,1925,0,4198784,0,0,0,0,248484,0,0,229723,0,0,0,3,0,78,35,9,0,275771,0,0,229723,2,3,0,0,316,0,-1,0,266624,80
1926,134,255,6000,255,134,255,1887,255,255,255,20,1,53,110,1,20,255,255,255,Blackpool,20,0,-1,0,252134,0,7,-1,0,50,0,2,4,0,0,4,0,0,17338,0,0,56,1801,0,0,66,0,1,0,66,66,66,-3,2,65,0,-1,65,0,0,0,252134,4202496,0,252134,0,0,0,0,0,0,1,2,252134,4,1926,0,270336,0,0,0,0,205596,1,0,252134,0,0,0,3,0,66,55,6,0,213699,0,0,252134,2,1,0,0,316,0,-1,0,528384,66
1928,255,255,3300,1,1,1,1876,1,255,1,255,1,53,255,1,1,1,1,1,Port Vale,255,0,-1,0,73159,0,2,-1,0,50,0,2,4,0,0,2,0,0,19052,9,0,465,1806,0,2,63,0,1,0,64,63,65,-2,2,65,0,-1,65,0,0,0,73159,4202498,0,73159,0,0,0,0,0,0,0,1,73159,5,1928,0,270338,0,0,0,0,255930,0,0,73159,0,0,0,3,0,64,55,4,0,195427,0,0,73159,2,1,0,0,316,0,-1,0,528386,65
1929,75,1,12500,255,1,255,1886,1,1,1,1,1,50,100,1,1,1,255,1,Plymouth Argyle,1,0,-1,0,252555,0,9,-1,0,30,0,2,4,0,0,3,0,0,18200,0,0,381,143,0,0,65,0,1,0,66,65,65,-4,1,66,0,-1,66,0,0,0,252555,263178,0,252555,0,0,0,0,0,0,0,1,252555,5,1929,0,525322,0,0,1,0,192231,0,0,252555,0,0,0,3,0,66,55,5,0,266886,0,0,252555,2,1,0,0,316,0,-1,0,532490,65
1930,1,153,2700,255,1,255,1897,153,153,39,39,1,52,1,1,39,153,255,1,Northampton Town,29,0,-1,0,238758,0,3,-1,0,50,0,1,4,0,0,2,0,0,7798,0,0,350,1938,0,0,63,0,1,0,63,63,62,0,2,64,0,-1,64,0,0,0,251592,4202752,0,238758,0,0,0,0,0,0,0,2,251592,5,1930,0,270592,0,0,0,0,208188,0,0,238758,0,0,0,3,0,63,55,6,0,198011,0,0,238758,2,1,0,0,316,0,-1,0,528640,62
1931,80,0,4000,255,80,255,1883,0,0,180,180,1,53,80,1,180,0,255,80,Stockport County,180,0,-1,0,186143,0,5,-1,0,65,0,2,4,0,0,3,0,0,10852,0,0,900,121,0,2,66,0,3,0,66,66,65,-2,2,65,0,-1,65,0,0,0,186143,139392,0,186143,0,0,0,0,0,0,0,1,186143,2,1931,0,139392,0,0,0,0,186143,0,0,186143,0,0,0,3,0,66,55,7,0,225001,0,0,186143,2,1,0,0,316,0,-1,0,4198528,65
1932,1,230,7200,255,1,255,1887,230,200,1,1,1,53,1,1,1,230,255,1,Barnsley,1,0,-1,0,245988,0,7,-1,0,65,0,2,4,0,0,4,0,0,23287,0,2,38,1794,0,2,64,0,1,0,65,64,66,-1,1,65,2,-1,65,2,0,0,234242,132224,2,245988,0,0,0,0,0,0,1,2,234242,7,1932,0,132224,0,0,1,0,245988,0,0,245988,0,0,0,3,0,65,55,6,0,198437,0,0,245988,2,1,0,0,316,0,-1,0,4202624,66
1933,182,77,6500,65,1,1,1887,1,1,1,227,1,51,139,1,1,1,33,1,Wycombe Wanderers,212,0,-1,0,239119,0,8,-1,0,65,0,1,4,0,0,2,0,0,10000,22,0,217,1935,0,2,66,0,1,0,66,66,67,0,1,66,0,-1,66,0,0,0,239119,132160,0,239119,0,0,0,0,0,0,0,3,239119,2,1933,0,132160,0,0,0,0,205015,0,0,239119,0,0,0,3,0,66,55,8,0,205887,0,0,239119,2,1,0,0,316,0,-1,0,4202560,67
1934,6,221,2075,255,6,255,1879,221,221,24,24,1,51,6,1,24,221,255,6,Swindon Town,24,0,-1,0,193608,0,4,-1,0,65,0,2,4,0,0,3,0,0,15547,0,0,471,1951,0,2,63,0,1,0,62,63,64,-1,1,62,0,-1,62,0,0,0,240897,132225,0,240897,0,0,0,0,0,0,0,2,240897,5,1934,0,132225,0,0,0,0,193608,1,0,240897,0,0,0,3,0,62,55,5,0,240897,0,0,240897,2,1,0,0,316,0,-1,0,4202625,64
1935,102,51,2000,255,90,255,1937,1,31,40,255,1,51,85,1,40,1,255,90,Colchester United,255,0,-1,0,236818,0,3,-1,0,50,0,2,4,0,0,1,0,0,10105,0,0,113,94,0,2,63,0,1,0,63,63,62,0,1,62,0,-1,62,0,0,0,236818,4195338,0,236818,0,0,0,0,0,0,0,2,236818,9,1935,0,263178,0,0,0,0,241507,1,0,236818,0,0,0,3,0,63,55,4,0,216467,0,0,236818,2,1,0,0,316,0,-1,0,532490,62
1936,22,233,2100,255,1,255,1887,1,180,1,22,1,51,10,1,1,1,255,1,Cheltenham Town,10,0,-1,0,202698,0,4,-1,0,50,0,2,4,0,0,2,0,0,7066,0,0,578,1934,0,2,62,0,1,0,62,62,60,-2,2,62,0,-1,62,0,0,0,202698,4202562,0,202698,0,0,0,0,0,0,0,2,202698,4,1936,0,270402,0,0,1,0,173734,1,0,202698,0,0,0,3,0,62,55,3,0,245893,0,0,202698,2,1,0,0,316,0,-1,0,528450,60
1937,1,1,2300,255,1,255,1862,1,1,1,1,1,53,1,1,1,1,255,1,Notts County,1,0,-1,0,227764,0,9,-1,0,65,0,2,3,0,0,2,0,0,19841,0,0,352,14,0,2,63,0,1,0,63,63,63,-1,1,62,0,-1,62,0,0,0,227764,132248,0,227764,0,0,0,0,0,0,1,2,227764,5,1937,0,132248,0,0,0,0,211228,0,0,227764,0,0,0,3,0,63,55,7,0,227764,0,0,227764,2,1,0,0,316,0,-1,0,4202648,63
1938,90,1,6750,255,75,255,1934,1,1,150,195,1,52,90,1,150,1,255,75,Peterborough United,215,0,-1,0,240605,0,6,-1,0,30,0,2,4,0,0,3,0,0,15314,5,0,379,1944,0,0,64,0,1,0,64,64,66,0,1,64,0,-1,64,0,0,0,240605,263176,0,240605,0,0,0,0,0,0,0,2,240605,8,1938,0,525320,0,0,0,0,240605,1,0,240605,0,0,0,3,0,64,55,6,0,264746,0,0,240605,2,1,0,0,316,0,-1,0,532488,66
1939,113,1,8000,255,113,255,1908,1,1,185,185,1,53,113,1,185,1,255,113,Huddersfield Town,185,0,-1,0,220019,0,8,-1,0,50,0,2,4,0,0,4,0,0,24329,0,0,221,8,0,2,67,0,0,0,67,67,66,-1,1,66,0,-1,66,0,0,0,220019,4195328,2,220019,0,0,0,0,0,0,1,1,220019,4,1939,0,263168,0,0,0,0,198285,0,0,220019,0,3,0,3,0,67,55,8,0,237332,0,0,220019,2,1,0,0,316,0,-1,0,532480,66
1940,204,255,3150,204,250,51,1897,250,245,250,1,1,53,201,1,250,250,102,250,Mansfield Town,1,0,-1,0,202033,0,3,-1,0,50,0,1,4,0,0,2,0,0,9186,0,0,303,1924,0,2,63,0,1,0,64,63,64,-1,2,63,0,-1,63,0,0,0,202033,4202626,0,264192,0,0,0,0,0,0,0,3,264192,5,1940,0,270466,0,0,1,0,226116,1,0,202033,0,0,0,3,0,64,55,6,0,173891,0,0,202033,2,1,0,0,316,0,-1,0,528514,64
1943,10,220,410000,30,1,30,1899,1,204,1,30,2,50,18,2,1,1,30,1,AFC Bournemouth,18,0,-1,0,237477,0,4,-1,0,65,0,2,5,0,0,4,0,0,11307,0,0,65,17,0,2,78,0,1,0,78,79,79,-1,2,78,0,-1,77,0,0,0,261299,132232,2,237477,0,0,0,0,0,0,0,2,261299,3,1943,0,139400,0,0,0,0,190885,0,0,237477,0,0,0,3,0,78,35,10,0,237477,0,0,237477,2,4,0,0,316,0,-1,0,4198536,79
1944,163,255,3300,26,95,11,1912,1,255,60,0,1,52,163,1,60,1,6,95,Cambridge United,0,0,-1,0,212493,0,6,-1,0,65,0,2,4,0,0,2,0,0,8127,0,0,92,1938,0,2,62,0,1,0,63,62,63,0,1,63,0,-1,63,0,0,0,212493,132164,0,212493,0,0,0,0,0,0,0,1,212493,4,1944,0,132164,0,0,0,0,222396,0,0,212493,0,0,0,3,0,63,55,3,0,256711,0,0,212493,2,1,0,0,316,0,-1,0,4202564,63
1947,0,225,30000,255,50,255,1864,20,51,20,0,1,53,153,1,20,20,255,50,Wrexham,102,0,-1,0,219216,0,6,-1,0,30,0,2,5,0,0,7,0,0,12600,0,0,863,127,0,0,71,0,1,0,70,71,70,-3,3,70,0,-1,70,0,0,0,219216,270336,0,219216,0,0,0,0,0,0,0,1,219216,3,1947,0,528384,0,0,0,0,221281,1,0,219216,0,0,0,3,0,70,55,8,0,219216,0,0,219216,2,1,0,0,316,0,-1,0,526336,70
1951,240,240,13000,110,60,1,1893,0,255,1,1,1,51,255,1,100,240,1,240,Oxford United,255,0,-1,0,220940,0,2,-1,0,50,0,1,4,0,0,3,0,0,12500,0,0,364,1934,0,1,68,0,1,0,69,68,67,-1,3,69,0,-1,69,0,0,0,220940,4202512,0,220940,0,0,0,0,0,0,0,2,220940,4,1951,0,4198416,0,0,0,0,220940,1,0,220940,0,0,0,3,0,69,55,3,0,220940,0,0,220940,2,1,0,0,316,0,-1,0,264208,67
1952,173,241,70250,1,1,1,1904,1,241,1,1,1,53,173,1,1,1,1,1,Hull City,1,0,-1,0,243608,0,7,-1,0,65,0,2,4,0,0,4,0,0,25586,0,2,223,8,0,2,71,0,1,0,71,71,74,0,2,71,0,-1,71,2,0,0,246053,139648,2,246053,0,0,0,0,0,0,0,2,243608,4,1952,0,139648,0,0,0,0,224099,1,0,243608,0,0,0,3,0,71,55,6,0,220031,0,0,243608,2,1,0,0,316,0,-1,0,4198784,74
1958,1,230,3750,255,255,255,1881,255,230,255,1,1,51,1,1,255,255,255,255,Leyton Orient,1,0,-1,0,270679,0,5,-1,0,65,0,2,4,0,0,2,0,0,9271,15,0,285,19,0,2,64,0,1,0,65,64,67,0,1,64,0,-1,64,0,0,0,270679,132105,2,270679,0,0,0,0,0,0,0,2,270679,6,1958,0,132105,0,0,1,0,230882,1,0,270679,0,0,0,3,0,65,55,6,0,271530,0,0,270679,2,1,0,0,316,0,-1,0,4202505,67
1960,255,255,70500,1,39,1,1912,18,255,30,255,1,51,255,1,30,18,1,39,Swansea City,255,0,-1,0,260492,0,5,-1,0,30,0,2,4,0,0,4,0,0,21088,0,2,470,1961,0,2,70,0,1,0,71,70,72,-3,1,72,0,-1,72,2,0,0,232759,263173,2,232759,0,0,0,0,0,0,0,3,232759,7,1960,0,525317,0,0,0,0,248687,0,0,232759,0,0,0,3,0,71,55,4,0,276716,0,0,232759,2,1,0,0,316,0,-1,0,532485,72
1961,93,16,20000,255,1,255,1899,1,16,1,170,1,51,93,1,1,1,255,1,Cardiff City,170,0,-1,0,269175,0,10,-1,0,65,0,2,4,0,0,5,0,0,33280,0,0,94,1960,0,2,67,0,1,0,68,67,66,-3,1,68,1,-1,68,0,0,0,227929,132164,2,256510,0,0,0,0,0,0,1,2,227929,5,1961,0,132164,0,0,0,0,205989,0,0,227929,0,0,0,3,0,68,55,7,0,278017,0,0,227929,2,1,0,0,316,0,-1,0,4202564,66
1962,1,1,3200,255,255,255,1883,255,11,187,240,1,51,60,1,255,0,255,94,Bristol Rovers,180,0,-1,0,240606,0,9,-1,0,65,0,2,4,0,0,3,0,0,12296,5,0,76,1919,0,0,62,0,1,0,62,62,61,-2,2,63,0,-1,63,0,0,0,240606,139332,0,240606,0,0,0,0,0,0,0,1,240606,8,1962,0,139332,0,0,0,0,231107,1,0,240606,0,0,0,3,0,62,55,6,0,275443,0,0,240606,2,1,0,0,316,0,-1,0,4198468,61
1968,245,245,5000,170,80,1,1910,0,250,220,0,1,36,250,1,220,0,60,80,Cádiz CF,111,0,-1,0,202651,0,4,-1,0,50,0,2,4,0,0,5,0,0,25033,0,1,574,481,0,1,68,0,1,0,69,68,68,-6,2,69,0,-1,67,2,0,0,202651,4202560,0,202651,0,0,0,0,0,0,0,3,202651,3,1968,0,4202560,0,0,0,0,220348,1,0,202651,0,0,0,4,0,68,69,8,1,231640,0,0,202651,2,1,0,0,316,0,-1,0,266304,69
1971,15,15,26000,25,185,225,1902,185,255,185,15,1,51,40,1,185,185,33,185,Excelsior,30,0,-1,0,266010,0,1,-1,0,30,0,2,4,0,0,1,0,0,4500,31,2,412,100646,0,2,66,0,0,0,67,67,66,4,3,67,2,-1,66,2,0,0,266010,266312,0,266010,0,0,0,0,0,0,0,1,266010,2,1971,0,526408,0,0,0,0,256892,0,0,266010,0,0,0,4,0,66,30,10,1,248604,0,0,266010,2,1,0,0,316,0,-1,0,526408,66
2014,232,244,100000,127,125,1,1897,125,250,125,90,2,50,250,2,125,125,62,125,Union Saint-Gilloise,250,0,-1,0,262925,0,9,-1,0,50,0,2,4,0,0,5,0,0,9400,0,1,79,229,0,2,74,0,1,0,74,74,73,4,1,75,0,-1,75,2,0,0,262925,4195328,0,262925,0,0,0,0,0,0,3,2,262925,2,2014,0,4195328,0,0,1,0,210044,0,0,262925,0,12,0,4,0,74,122,7,1,79334,0,0,262925,2,5,0,0,316,0,-1,0,270336,73
2017,68,30,8400,255,204,255,1946,202,24,206,183,1,47,148,1,206,202,255,204,Hartberg,207,0,-1,0,203615,0,3,-1,0,30,0,2,4,0,0,2,0,0,5024,3,1,689,209,0,1,65,0,3,0,65,65,65,15,2,63,1,-1,63,1,0,0,244435,270336,0,203615,0,0,0,0,0,0,0,2,203615,5,2017,0,532480,0,0,0,0,244435,1,0,203615,0,0,0,4,0,65,31,3,1,276178,0,0,203615,2,1,0,0,316,0,-1,0,528384,65
2038,151,42,12000,255,255,255,1912,255,58,255,72,1,40,218,1,255,255,255,255,Avellino,106,0,-1,0,257859,4,1,-1,0,30,0,2,4,0,0,1,0,0,10125,0,1,31,112124,0,1,67,0,12,0,68,67,69,14,2,67,0,-1,67,1,0,0,257859,270336,0,257859,0,0,0,0,0,0,0,2,257859,1,2038,0,532480,0,0,0,0,220529,0,0,257859,0,0,0,4,0,68,82,2,1,79118,0,0,257859,2,1,0,0,316,0,-1,0,528384,69
2041,44,216,5000,255,255,255,1903,255,216,255,52,1,59,44,1,255,255,255,255,Fredrikstad FK,52,0,-1,0,227882,0,3,-1,0,50,0,1,4,0,0,3,0,0,12600,0,1,944,112199,2,1,67,0,0,0,65,67,65,11,1,63,1,-1,63,1,0,0,227882,4195328,0,227882,0,0,0,0,0,0,12,3,266606,4,2041,0,263168,0,0,0,0,191730,0,0,227882,0,9,0,7,0,65,199,5,1,268095,0,0,227882,2,2,0,0,316,0,-1,0,532480,65
2055,28,184,23050,73,38,0,2021,0,201,34,34,1,36,169,1,73,184,38,28,Gimcheon Sangmu,111,0,-1,0,243064,0,4,-1,0,30,0,2,4,0,0,3,0,0,25000,0,1,852,1474,0,1,64,0,1,0,65,64,65,128,1,63,0,-1,63,1,0,0,268342,263296,0,243064,0,0,0,0,0,0,0,4,243064,1,2055,0,525440,0,0,0,0,273633,0,0,243064,0,0,0,2,0,65,29,1,9,242924,0,0,243064,4,1,0,0,316,0,-1,0,532608,65
2056,178,102,9050,255,255,255,2002,255,1,255,255,1,35,1,1,255,102,255,178,Daegu FC,204,0,-1,0,225733,0,5,-1,0,30,0,1,4,0,0,6,0,0,12415,0,1,130,1474,0,1,65,0,1,0,64,65,63,128,2,60,1,-1,60,1,0,0,225733,270592,1,225733,0,0,0,0,0,0,1,4,225733,5,2056,0,532736,0,0,0,0,225733,0,0,225733,0,0,0,2,0,64,29,6,9,225733,0,0,225733,4,2,0,0,316,0,-1,0,528640,63
10020,255,255,30000,192,255,0,1939,255,20,255,0,1,38,100,1,255,255,128,255,Estoril,180,0,-1,0,237871,0,4,-1,0,50,0,2,4,0,0,3,0,0,5094,0,1,98,114510,0,1,71,0,3,0,69,70,71,-9,3,68,1,-1,69,1,0,0,237871,4202560,0,237871,0,0,0,0,0,0,0,1,243169,10,10020,0,4198464,0,0,0,0,231391,0,0,237871,0,0,0,4,0,70,36,8,0,243169,0,0,237871,2,1,0,0,316,0,-1,0,264256,70
10029,93,31,330203,255,80,255,1899,80,1,80,166,2,49,48,2,80,80,255,80,TSG 1899 Hoffenheim,91,0,-1,1,244470,4,5,-1,0,90,0,2,4,0,0,1,1,0,30150,0,1,450,36,0,1,78,0,1,0,75,75,77,8,2,75,1,-1,75,1,0,0,244050,66560,3,244470,0,0,0,0,0,0,0,1,244470,8,10029,0,73728,0,0,0,0,193698,1,0,244470,0,0,0,4,0,77,25,7,1,256564,0,0,244470,2,4,0,0,316,0,-1,0,135168,75
10030,109,1,31250,1,185,1,1907,185,255,185,179,1,51,255,1,185,185,1,185,SC Paderborn 07,255,0,-1,0,238363,4,6,-1,0,65,0,2,2,0,0,3,0,0,15000,0,1,367,159,0,1,69,0,1,0,69,70,66,8,1,70,1,-1,69,1,0,0,238363,132233,1,238363,0,0,0,0,0,0,0,2,238363,7,10030,0,132233,0,0,0,0,236467,0,0,238363,0,0,0,4,0,68,27,2,1,252073,0,0,238363,2,1,0,0,316,0,-1,0,4202633,68
10032,1,1,70350,255,180,255,1908,180,252,180,1,1,46,252,1,180,180,255,180,FC Lugano,252,0,-1,0,229336,0,6,-1,0,50,0,1,4,0,0,4,0,0,6390,0,1,289,900,0,1,70,0,1,0,70,70,71,8,3,69,1,-1,69,1,0,0,229336,4202624,0,229336,0,0,0,0,0,0,4,3,229336,4,10032,0,4198528,0,0,0,0,210537,1,0,229336,0,3,0,4,0,70,71,3,1,244706,0,0,229336,2,4,0,0,316,0,-1,0,264320,71
10846,254,254,2540,1,255,1,1994,255,240,255,254,1,42,240,1,255,255,1,255,Burgos CF,240,0,-1,0,231733,0,1,-1,0,50,0,2,4,0,0,2,0,0,12194,0,2,862,110069,0,1,69,0,1,0,70,70,69,-3,3,70,2,-1,68,2,0,0,231733,4202560,0,231733,0,0,0,0,0,0,0,2,231733,5,10846,0,4198464,0,0,0,0,254786,0,0,231733,0,0,0,4,0,69,69,5,1,231733,0,0,231733,2,1,0,0,316,0,-1,0,264256,70
15005,11,196,35000,74,204,1,2001,202,250,206,48,1,50,250,1,206,202,111,204,Zulte Waregem,250,0,-1,0,70694,0,5,-1,0,50,0,2,4,0,0,5,0,1,12414,0,1,520,1750,0,1,69,0,3,0,68,69,68,3,2,66,1,-1,66,1,0,0,70694,4202570,0,70694,0,0,0,0,0,0,2,1,70694,5,15005,0,4202570,0,0,0,0,255400,0,0,70694,0,0,0,4,0,68,122,5,1,78426,0,0,70694,2,4,0,1,316,0,-1,0,266314,68
15006,4,176,3000,1,255,1,1991,255,176,255,4,1,56,4,1,255,255,1,255,FC Fredericia,4,0,-1,0,78613,0,1,-1,0,50,0,2,4,0,0,1,0,0,4000,0,1,969,272,0,1,63,0,1,0,63,63,63,10,1,63,1,-1,63,1,0,0,78613,4195328,0,78613,0,0,0,0,0,0,0,2,78614,7,15006,0,263168,0,0,0,0,70138,0,0,78613,0,0,0,7,0,63,6,6,1,238726,0,0,78613,2,1,0,0,316,0,-1,0,532480,63
15009,250,250,9700,1,204,1,1929,202,250,206,250,1,47,250,1,206,202,1,204,Altach,1,0,-1,0,262384,0,4,-1,0,30,0,2,4,0,0,4,0,0,8500,8,1,15,15040,0,1,66,0,1,0,65,66,64,9,1,63,1,-1,63,1,0,0,262384,263232,0,262384,0,0,0,0,0,0,0,2,262384,3,15009,0,525376,0,0,0,0,223427,0,0,262384,0,0,0,4,0,65,31,2,1,262384,0,0,262384,2,2,0,0,316,0,-1,0,532544,64
15012,255,255,2500,27,255,222,1923,255,192,255,255,1,42,0,1,255,255,0,255,Cultural Leonesa,0,0,-1,0,275493,0,1,-1,0,50,0,2,4,0,0,1,0,0,13451,0,2,647,462,0,1,67,0,3,0,67,67,66,-5,3,66,2,-1,67,2,0,0,275493,4202560,0,275493,0,0,0,0,0,0,0,4,275493,5,15012,0,4198464,0,0,0,0,79048,0,0,275493,0,0,0,4,0,68,69,8,1,275493,0,0,275493,2,1,0,0,316,0,-1,0,264256,65
15015,245,249,3000,1,1,1,1950,1,251,1,1,1,52,235,1,1,1,1,1,Burton Albion,10,0,-1,0,261390,0,4,-1,0,65,0,2,4,0,0,1,0,0,6912,0,2,86,91,0,2,62,0,1,0,63,62,64,-1,2,63,0,-1,63,2,0,0,261390,139586,0,261390,0,0,0,0,0,0,0,2,261390,5,15015,0,139586,0,0,0,0,247073,0,0,261390,0,0,0,3,0,63,55,5,0,222654,0,0,261390,2,1,0,0,316,0,-1,0,4198722,64
15040,170,1,10350,254,204,254,1930,202,1,206,87,1,47,1,1,206,202,254,204,WSG Tirol,1,0,-1,0,240019,0,1,-1,0,50,0,2,4,0,0,1,0,0,16008,0,1,754,15009,0,1,66,0,3,0,65,66,65,11,2,66,1,-1,66,1,0,0,240019,4202560,0,248471,0,0,0,0,0,0,0,3,248471,4,15040,0,270400,0,0,0,0,231840,1,0,240019,0,0,0,4,0,65,31,3,1,231840,0,0,240019,2,1,0,0,316,0,-1,0,528448,65
15048,255,255,2300,255,40,75,1884,0,42,60,255,1,53,66,1,60,0,75,40,Tranmere Rovers,128,0,-1,0,244054,0,2,-1,0,30,0,2,4,0,0,2,0,0,15573,0,2,687,4,0,2,60,0,1,0,62,60,62,-3,3,62,0,-1,62,2,0,0,244054,266368,0,244054,0,0,0,0,0,0,0,1,244054,3,15048,0,526464,0,0,0,0,244054,0,0,268633,0,0,0,3,0,62,55,5,0,211143,0,0,268633,2,1,0,0,316,0,-1,0,526464,62
100087,255,255,35000,15,255,15,1957,255,0,255,255,1,50,153,1,255,255,15,255,OH Leuven,51,0,-1,0,210831,0,4,-1,0,50,0,2,4,0,0,3,0,0,10020,0,1,276,110724,0,1,69,0,1,0,69,69,67,4,2,70,1,-1,70,1,0,0,210831,4202562,0,210831,0,0,0,0,0,0,0,2,210831,5,100087,0,4202562,0,0,0,0,210831,1,0,210831,0,0,0,4,0,69,122,6,1,209780,0,0,210831,2,2,0,0,316,0,-1,0,266306,67
100135,105,44,35000,250,255,250,1926,255,216,255,205,1,35,185,1,255,255,250,255,APOEL Nicosia FC,69,0,-1,0,202151,0,10,-1,0,50,0,1,4,0,1,4,0,0,22859,0,1,859,1884,0,1,70,0,3,0,69,70,67,33,1,68,1,-1,68,0,0,0,202151,4195328,0,78315,0,0,0,0,0,0,15,4,78315,2,100135,0,4195328,0,0,0,0,193336,1,0,78315,0,29,0,4,0,69,141,7,3,78315,0,0,202151,9,3,0,0,316,0,-1,0,270336,67
100325,73,2,6500,255,73,255,1907,2,2,155,155,1,60,73,1,155,2,255,73,HJK Helsinki,155,0,-1,0,234294,0,10,-1,0,65,0,2,4,0,0,3,0,1,10770,0,1,586,320,2,1,63,0,15,0,63,63,67,24,1,63,1,-1,63,1,0,0,234294,132100,0,234294,0,0,0,0,0,0,14,3,234294,6,100325,0,132100,0,0,0,0,234294,0,0,234294,0,33,0,7,0,63,37,6,2,234294,0,0,234294,2,2,0,0,316,0,-1,0,4202500,67
100409,14,216,162100,45,1,1,1907,1,6,1,22,2,48,45,2,1,1,70,1,FC Augsburg,34,0,-1,1,236477,0,4,-1,0,30,0,2,4,0,0,5,0,0,30660,0,1,28,21,0,1,74,0,1,0,73,73,75,10,3,73,1,-1,75,1,0,0,236477,270344,3,236477,0,0,0,0,0,0,0,2,236457,5,100409,0,528392,0,0,0,0,202201,0,0,236477,0,0,0,4,0,74,25,6,1,236477,0,0,236477,2,3,0,0,316,0,-1,0,526344,72
100632,23,193,42500,62,75,244,1971,75,218,75,26,1,52,54,1,75,75,215,75,Go Ahead Eagles,44,0,-1,0,271080,0,5,-1,0,50,0,1,4,0,0,3,0,0,10400,0,2,563,1914,0,2,69,0,1,0,69,69,68,6,2,68,2,-1,68,2,0,0,256800,4202568,0,271080,0,0,0,0,0,0,1,2,256800,2,100632,0,4202568,0,0,0,0,228363,0,0,72892,0,4,0,4,0,69,30,6,1,259921,0,0,271080,2,1,0,0,316,0,-1,0,266312,66
100634,255,255,32000,15,20,15,1903,20,235,20,255,1,52,235,1,20,20,15,20,Heracles Almelo,235,0,-1,0,237647,0,3,-1,0,30,0,1,4,0,0,2,0,0,12080,0,2,13,1908,0,2,66,0,1,0,67,66,68,6,3,66,2,-1,66,2,0,0,237647,266496,2,237647,0,0,0,0,0,0,0,1,237647,1,100634,0,526592,0,0,0,0,223814,0,0,237647,0,2,0,4,0,67,30,6,1,237647,0,0,237647,2,1,0,0,316,0,-1,0,526592,68
100638,240,240,16000,255,75,255,1963,75,80,75,240,1,52,80,1,75,75,255,75,Telstar,80,0,-1,0,221986,0,1,-1,0,50,0,2,4,0,0,1,0,0,5200,0,2,974,645,0,2,66,0,0,0,66,66,63,4,2,67,2,-1,66,2,0,0,221986,4202496,0,221986,0,0,0,0,0,0,0,2,221986,3,100638,0,270336,0,0,0,0,212485,0,0,221986,0,0,0,4,0,66,30,4,1,221986,0,0,221986,2,1,0,0,316,0,-1,0,528384,63
100646,23,228,55750,255,175,255,1888,175,10,175,31,1,51,10,1,175,175,255,175,Sparta Rotterdam,10,0,-1,0,237895,0,4,-1,0,30,0,2,4,0,0,3,0,0,11000,1,2,412,246,0,2,67,0,1,0,67,66,73,4,2,66,2,-1,67,2,0,0,237895,270340,2,237895,0,0,0,0,0,0,3,3,237895,7,100646,0,532484,0,0,0,0,199550,0,0,237895,0,6,0,4,0,68,30,4,1,230737,0,0,237895,2,1,0,0,316,0,-1,0,528388,71
100757,28,237,7700,255,28,255,1948,237,50,36,36,1,44,50,1,36,237,255,28,Dinamo București,50,0,-1,0,260141,0,6,-1,0,50,0,2,4,0,0,3,0,0,8207,4,1,768,100761,0,1,69,0,1,0,67,69,67,26,2,68,1,-1,68,1,0,0,260141,4202496,1,223871,0,0,0,0,0,0,13,3,260141,8,100757,0,270336,0,0,0,0,260141,0,0,260141,0,18,0,5,0,67,79,5,2,223871,0,0,260141,2,2,0,0,316,0,-1,0,528384,67
100759,46,99,2900,255,255,255,1953,255,1,255,141,1,44,1,1,255,255,255,255,FC Argeș,1,0,-1,0,257758,0,3,-1,0,50,0,2,4,0,0,2,0,0,15000,0,1,830,100757,0,1,64,0,1,0,65,64,65,24,2,65,1,-1,65,1,0,0,251045,4202560,0,248056,0,0,0,0,0,0,0,2,248056,3,100759,0,270400,0,0,1,0,78695,1,0,251045,0,2,0,5,0,65,79,3,2,256100,0,0,251045,2,1,0,0,316,0,-1,0,528448,65
100761,1,204,13000,204,1,1,2003,1,1,1,1,1,44,1,1,1,1,1,1,FCSB,1,0,-1,0,223231,0,10,-1,0,50,0,1,4,0,0,5,0,0,55634,0,1,719,310,0,1,71,0,1,0,68,71,69,26,1,66,1,-1,66,1,0,0,223231,4195457,0,223231,0,0,0,0,1,0,24,2,223231,6,100761,0,4195457,0,0,0,0,247972,1,0,247972,0,28,0,5,0,68,79,9,2,223231,0,0,247972,2,4,0,0,316,0,-1,0,270465,69
100805,255,255,3200,1,1,1,1877,1,250,1,255,1,55,1,1,1,1,1,1,St. Mirren,1,0,-1,0,211204,0,3,-1,0,30,0,2,4,0,0,3,0,0,8023,0,1,674,83,0,2,65,0,1,0,64,65,64,-4,3,63,0,-1,63,1,0,0,211536,266560,0,211204,0,0,0,0,0,0,3,2,211536,4,100805,0,526656,0,0,0,0,211536,0,0,211536,0,0,0,3,0,64,173,5,0,211536,0,0,211204,2,1,0,0,316,0,-1,0,526656,64
100852,1,1,2600,254,254,254,1922,254,222,254,1,1,39,222,1,254,254,254,254,CD Castellón,222,0,-1,0,73505,0,3,-1,0,30,0,2,4,0,0,4,0,0,15500,0,0,825,483,0,1,70,0,1,0,71,72,69,0,1,70,0,-1,68,2,0,0,73505,263168,0,73505,0,0,0,0,0,0,0,2,73317,6,100852,0,525312,0,0,0,0,210747,0,0,212830,0,0,0,4,0,69,69,6,1,73505,0,0,73505,2,1,0,0,316,0,-1,0,532480,72
100888,90,70,10750,255,63,255,1928,24,245,41,190,1,40,245,1,41,24,255,63,CD Leganés,255,0,-1,0,270611,0,9,-1,0,50,0,2,4,0,0,3,0,0,12454,0,2,271,1860,0,1,69,0,1,0,68,68,68,-3,2,67,0,-1,68,2,0,0,267624,4202512,2,270611,0,0,0,0,0,0,0,1,270611,3,100888,0,4202512,0,0,0,0,225106,0,0,267624,0,0,0,4,0,69,69,9,1,270611,0,0,270611,2,1,0,0,316,0,-1,0,266256,68
101014,102,51,59885,1,255,255,2014,255,50,255,204,2,41,100,2,255,255,102,255,İstanbul Başakşehir FK,200,0,-1,0,241389,0,6,-1,0,65,0,1,4,0,0,3,0,0,17300,0,1,231,325,0,1,72,0,1,0,71,72,70,28,1,70,1,-1,71,1,0,0,241389,132098,0,241389,0,0,0,0,0,0,0,3,241389,4,101014,0,132098,0,0,0,0,223017,1,0,232097,0,1,0,5,0,71,89,4,3,239964,0,0,241389,9,5,0,0,316,0,-1,0,4202498,70
101020,204,255,25500,3,1,198,1966,1,255,1,1,1,38,204,1,1,1,2,1,Kayserispor,1,0,-1,0,224890,0,3,-1,0,30,0,2,4,0,0,2,0,0,32864,0,1,242,101033,0,1,69,0,1,0,69,69,69,35,3,67,1,-1,67,1,0,0,224890,270408,0,244416,0,0,0,0,0,0,1,2,244416,6,101020,0,528456,0,0,0,0,224890,0,0,224890,0,0,0,5,0,68,89,2,3,234728,0,0,224890,9,2,0,0,316,0,-1,0,526408,70
101025,4,228,16500,1,255,1,1923,255,255,255,20,1,39,255,1,255,255,1,255,Gençlerbirliği,255,0,-1,0,260778,0,6,-1,0,30,0,2,4,0,0,6,0,0,20672,0,1,18,101033,0,1,66,0,1,0,68,68,69,32,2,67,2,-1,67,1,0,0,263389,270721,0,263389,0,0,0,0,0,0,2,2,263389,8,101025,0,532865,0,0,0,0,229703,1,0,260778,0,0,0,5,0,67,89,5,3,260778,0,0,260778,9,3,0,0,316,0,-1,0,528769,69
101026,32,232,38500,7,1,251,1925,1,1,1,41,1,38,1,1,1,1,199,1,Göztepe,1,0,-1,0,276544,4,4,-1,0,90,0,2,5,0,0,7,0,0,19713,0,1,627,101032,0,1,69,0,1,0,67,67,69,27,3,66,0,-1,68,1,0,0,73864,73872,0,73864,0,0,0,0,0,0,2,2,73864,4,101026,0,69776,0,0,0,0,232007,0,0,73864,0,0,0,5,0,69,89,5,3,73864,0,0,73864,9,2,0,0,316,0,-1,0,133264,69
101032,100,4,11000,0,255,0,1966,255,0,255,44,1,40,0,1,255,255,0,255,Kocaelispor,0,0,-1,0,225555,0,5,-1,0,50,0,2,4,0,0,6,0,0,34829,0,1,979,101026,0,1,67,0,3,0,67,65,71,29,2,69,1,-1,70,1,0,0,225555,4202496,0,225555,0,0,0,0,0,0,2,4,211408,3,101032,0,4202496,0,0,0,0,225555,1,0,225555,0,0,0,5,0,69,89,7,3,215455,0,0,225555,2,2,0,0,316,0,-1,0,266240,70
101033,142,38,26000,255,255,255,1922,255,31,255,117,1,37,160,1,255,255,255,255,Konyaspor,130,0,-1,0,224885,0,5,-1,0,30,0,2,4,0,0,4,0,0,41981,25,1,250,101020,0,1,69,0,0,0,69,69,69,32,2,69,1,-1,69,1,0,0,237239,270400,0,224885,0,0,0,0,0,0,1,3,237239,4,101033,0,532544,0,0,1,0,224885,1,0,237239,0,0,0,5,0,69,89,4,3,237239,0,0,237239,9,3,0,0,316,0,-1,0,528448,69
101037,173,28,38100,216,255,82,1953,255,255,255,86,1,41,255,1,255,255,128,255,Çaykur Rizespor,255,0,-1,0,234983,4,3,-1,0,50,0,1,4,0,0,2,0,0,15558,0,1,406,436,0,1,67,0,3,0,68,68,69,40,2,68,0,-1,68,1,0,0,234983,4202754,0,212045,0,0,0,0,0,0,0,2,212045,2,101037,0,4202754,0,0,0,0,212045,0,0,234983,0,0,0,5,0,68,89,5,3,234983,0,0,234983,9,2,0,0,316,0,-1,0,266498,71
101047,255,255,100000,150,125,0,1927,125,255,125,255,1,50,255,1,125,125,60,125,Dynamo Kyiv,255,0,-1,0,194794,0,10,-1,0,50,0,2,4,0,0,6,0,0,70050,0,1,698,101059,0,1,73,0,3,0,72,73,69,30,2,71,0,-1,71,1,0,0,244374,4202640,0,244374,0,0,0,0,0,0,13,2,244374,10,101047,0,4202640,0,0,0,0,194794,0,0,194794,0,17,0,5,0,72,6,3,2,194794,0,0,194794,2,5,0,0,316,0,-1,0,266384,69
101059,80,240,160000,1,1,1,1936,1,255,1,0,2,48,90,2,1,1,1,1,Shakhtar Donetsk,44,0,-1,0,255074,0,10,-1,0,50,0,1,4,0,0,7,0,0,52667,33,1,140,101047,0,1,73,0,1,0,72,73,71,37,1,73,0,-1,73,1,0,0,255074,4195458,0,255074,0,0,0,0,0,0,15,2,255074,7,101059,1,4195458,0,0,0,0,229528,1,0,255074,0,15,0,5,0,72,6,3,2,255074,0,0,255074,2,6,0,0,316,0,-1,0,270466,71
101083,22,252,65500,255,255,255,1905,255,252,255,28,2,-34,22,2,255,255,255,255,Estudiantes de La Plata,28,0,-1,0,242426,0,8,-1,0,65,0,2,4,0,0,6,0,1,30018,4,0,259,101084,0,1,73,0,1,0,73,73,76,-57,1,73,1,-1,73,1,1,0,253287,132101,2,253287,0,0,0,0,4,0,1,2,253287,7,101083,0,132101,0,0,0,0,199669,0,0,242426,0,6,0,1,0,73,190,3,-3,215334,0,0,242426,7,6,0,0,316,0,-1,0,4202501,76
101084,255,255,10000,98,255,18,1887,255,255,255,255,1,-34,255,1,255,255,21,255,Gimnasia y Esgrima La Plata,255,0,-1,0,271832,0,4,-1,0,50,0,2,4,0,0,4,0,1,21500,0,0,259,101083,0,1,67,0,1,0,68,67,66,-57,2,68,1,-1,68,1,1,0,264578,4202752,2,233777,0,0,0,0,0,0,0,2,233777,7,101084,0,4202752,0,0,1,0,237576,0,0,233777,0,1,0,1,0,68,190,7,-3,240811,0,0,233777,7,3,0,0,316,0,-1,0,266496,66
101085,200,55,95000,255,1,255,1903,1,1,1,255,2,-34,1,2,1,1,255,1,Racing Club de Avellaneda,1,0,-1,0,236668,0,9,-1,0,65,0,1,3,0,0,7,0,1,42500,0,0,30,110093,0,1,72,0,1,0,74,72,78,-58,1,73,1,-1,73,1,1,0,236668,132104,2,236668,0,0,0,0,1,0,0,4,236668,8,101085,1,132104,0,0,0,0,246033,1,1,236668,0,18,0,1,0,74,190,5,-3,253242,0,0,236668,7,6,0,0,316,0,-1,0,4202504,78
101088,63,31,70000,255,255,255,1910,255,31,255,116,2,-34,63,2,255,255,255,255,Vélez Sarsfield,116,0,-1,0,188988,0,7,-1,0,65,0,2,4,0,0,5,0,1,49540,5,0,82,1013,0,1,71,0,3,0,73,71,73,-58,1,73,1,-1,73,1,1,0,188988,132240,2,188988,0,0,0,0,1,0,0,3,221053,9,101088,0,132240,0,0,0,0,227528,1,0,188988,0,10,0,1,0,73,190,3,-3,227528,0,0,188988,7,6,0,0,316,0,-1,0,4202640,73
101097,119,30,12600,255,249,255,1910,248,236,249,50,1,-33,0,1,249,248,255,249,Audax Italiano,0,0,-1,0,263527,0,5,-1,0,65,0,2,4,0,0,3,0,0,12000,0,2,258,111328,0,1,67,0,3,0,67,67,68,-70,1,67,1,-1,67,2,0,0,244829,132160,0,259438,0,0,0,0,0,0,0,3,244829,7,101097,0,132160,0,0,0,0,244829,0,0,263527,0,4,0,1,0,67,111,2,-4,233057,0,0,263527,7,2,0,0,316,0,-1,0,4202560,68
101099,26,210,35500,255,112,255,1927,30,210,30,30,1,3,26,1,30,30,255,112,América de Cali,30,0,-1,0,214366,0,8,-1,0,30,0,2,4,0,0,6,0,1,36000,0,0,91,101100,0,1,70,0,3,0,70,70,71,-76,1,69,1,-1,69,1,1,0,214366,263240,1,214366,0,0,0,0,0,0,0,4,214366,4,101099,0,525384,0,0,0,0,214366,0,0,214366,0,15,0,1,0,70,184,7,-5,214366,0,0,214366,7,5,0,0,316,0,-1,0,532552,71
101100,127,13,47500,250,112,250,1947,30,13,30,64,2,6,127,2,30,30,250,112,Atlético Nacional,64,0,-1,0,81233,4,10,-1,0,65,0,1,4,0,0,7,0,1,44739,0,0,310,101099,0,1,70,0,3,0,72,70,77,-75,1,71,1,-1,71,1,1,0,214047,132100,2,81233,0,0,0,0,2,0,7,3,81233,6,101100,0,132100,0,0,0,0,176550,0,0,81233,0,18,0,1,0,72,141,8,-5,221714,0,0,81233,7,6,0,0,316,0,-1,0,4202500,77
101101,30,224,41500,255,1,255,1924,1,224,1,34,1,10,30,1,1,1,255,1,Junior de Barranquilla,34,0,-1,0,274547,0,8,-1,0,65,0,2,4,0,0,5,0,1,46692,0,0,40,101100,0,1,70,0,1,0,70,70,72,-74,2,69,1,-1,69,1,1,0,274547,139520,1,274547,0,0,0,0,0,0,2,3,274547,4,101101,0,139520,0,0,1,0,196150,0,0,274547,0,10,0,1,0,70,111,9,-5,196150,0,0,274547,7,5,0,0,316,0,-1,0,4198656,72
101103,6,226,32000,171,112,46,1913,30,226,30,18,1,6,6,1,30,30,96,112,Independiente Medellín,7,0,-1,0,276556,0,7,-1,0,50,0,1,0,0,0,6,0,1,44739,0,0,310,101100,0,1,69,0,3,0,70,69,71,-75,1,70,1,-1,70,1,1,0,226747,4195648,1,276556,0,0,0,0,0,0,3,2,254111,5,101103,0,4195648,0,0,0,0,276556,1,0,254111,0,6,0,1,0,70,111,8,-5,222585,0,0,254111,7,5,0,0,316,0,-1,0,270656,71
101104,30,228,25500,250,30,250,1941,30,228,30,38,1,4,30,1,30,30,250,30,Independiente Santa Fe,38,0,-1,0,168565,0,7,-1,0,50,0,2,4,0,0,5,0,0,36343,0,0,59,101105,0,1,70,0,3,0,70,70,73,-74,2,69,1,-1,69,1,1,0,233924,4202501,0,233924,0,0,0,0,0,0,2,4,233924,6,101104,1,4202501,0,0,0,0,168565,0,0,168565,0,9,0,1,0,70,111,7,-5,168565,0,0,168565,7,5,0,0,316,0,-1,0,266245,73
101105,68,39,44500,255,1,255,1946,1,1,1,144,1,4,1,1,1,1,255,1,Millonarios,1,0,-1,0,214378,0,9,-1,0,50,0,2,0,0,0,6,0,1,36343,0,1,59,101104,0,1,70,0,1,0,70,70,71,-74,1,68,1,-1,68,1,1,0,214378,4195457,1,214378,0,0,0,0,0,0,3,4,214378,6,101105,0,4195457,0,0,0,0,214378,1,0,214378,0,16,0,1,0,70,111,9,-5,231862,0,0,214378,7,5,0,0,316,0,-1,0,270465,71
101108,255,255,40000,42,249,36,1902,248,255,249,255,1,-25,255,1,249,248,40,249,Olimpia Asunción,255,0,-1,0,248872,0,9,-1,0,65,0,2,4,0,0,7,0,0,22000,0,0,771,112716,0,1,70,0,0,0,70,70,70,-57,1,69,1,-1,69,0,1,0,248872,132096,1,248872,0,0,0,0,3,0,1,4,275178,5,101108,0,132096,0,0,1,0,216385,0,0,248872,0,48,0,1,0,70,184,8,-4,270058,0,0,248872,7,7,0,0,316,0,-1,0,4202496,70
101110,30,30,43200,1,249,253,1891,248,30,249,30,2,-34,30,2,249,248,202,249,Peñarol,30,0,-1,0,252935,0,10,-1,0,50,0,2,4,0,0,7,0,1,40700,18,1,795,111325,0,1,72,0,3,0,72,72,73,-56,2,70,1,-1,70,1,1,0,252935,4202512,1,252935,0,0,0,0,5,0,1,4,252935,8,101110,0,4202512,0,0,0,0,252935,0,0,274046,0,52,0,1,0,72,184,9,-3,252935,0,0,252935,7,8,0,0,316,0,-1,0,266256,73
101112,255,255,173500,88,1,0,1986,1,150,1,255,1,49,200,1,1,1,34,1,Vancouver Whitecaps,255,0,-1,0,255205,4,4,-1,0,90,0,1,6,0,0,6,1,0,22120,0,1,508,111144,2,1,73,0,15,0,72,74,73,-123,1,68,0,-1,67,1,0,0,255205,66628,0,255205,0,0,0,0,0,0,0,2,255205,5,101112,0,66628,0,0,0,0,189596,0,0,255205,0,0,0,6,0,71,134,5,-8,243456,0,0,255205,2,2,0,0,316,0,-1,0,139332,75
105013,79,2,0,51,255,255,1991,255,2,255,161,2,44,75,2,255,255,255,255,Bosnia & Herzegovina,152,0,-1,0,269823,0,10,-1,0,30,0,2,4,0,0,0,0,0,15292,0,1,0,1328,0,1,70,0,0,0,73,70,76,18,3,72,1,-1,72,0,0,0,269823,270336,0,269823,0,0,0,0,0,0,0,2,269823,0,105013,0,528384,0,0,0,0,180930,0,0,269823,0,0,0,4,0,73,6,0,1,180930,0,0,269823,2,3,0,0,316,0,-1,0,526336,76
105035,87,248,0,255,66,255,1889,35,244,66,23,3,52,124,3,66,35,255,66,Holland,34,0,-1,0,202556,4,10,-1,0,50,0,2,4,0,0,0,0,0,55885,0,1,0,1337,0,1,83,0,1,0,82,83,81,4,1,84,0,-1,84,1,0,0,202556,131712,0,202556,0,0,0,0,0,0,0,1,202556,0,105035,0,4194944,0,0,0,0,203376,0,0,202556,0,0,0,4,0,82,88,0,1,202556,0,0,202556,2,8,0,0,316,0,-1,0,270464,81
110062,0,201,8000,255,1,255,1930,1,180,1,0,2,41,0,2,1,1,255,1,Girona FC,0,0,-1,0,244369,0,1,-1,0,50,0,2,4,0,0,3,0,0,14642,0,2,185,452,0,1,77,0,1,0,76,76,76,2,2,76,2,-1,76,2,0,0,244369,132224,1,244369,0,0,0,10,0,0,0,4,244369,3,110062,0,4202624,0,0,0,0,260815,0,0,255125,0,0,0,4,0,77,41,9,1,271541,0,0,244369,2,1,0,0,316,0,-1,0,266368,76
110069,0,200,2500,1,110,1,1927,110,12,110,0,1,42,8,1,110,110,1,110,CD Mirandés,8,0,-1,0,275333,0,3,-1,0,30,1,2,4,0,0,3,0,0,6900,0,2,318,10846,0,1,66,0,1,0,68,68,67,-2,2,66,2,-1,66,0,0,0,275333,270592,0,264347,0,0,0,0,0,0,0,2,264347,2,110069,0,532736,0,0,0,0,214639,0,0,275333,0,0,0,4,0,67,69,6,1,221014,0,0,275333,2,1,0,0,316,0,-1,0,528640,67
110072,255,255,4540,50,255,227,1964,255,0,255,255,1,45,83,1,255,255,23,255,SC Oțelul Galați,156,0,-1,0,270957,0,5,-1,0,30,0,2,4,0,1,2,0,0,13500,0,1,933,310,0,1,65,0,0,0,65,65,64,28,1,65,1,-1,65,1,0,0,270957,263296,0,270957,0,0,0,0,0,0,0,1,270957,3,110072,0,525440,0,0,0,0,257374,1,0,270957,0,1,0,5,0,65,79,7,2,238895,0,0,270957,2,1,0,0,316,0,-1,0,532608,64
110075,90,30,6405,30,50,30,1920,40,250,130,180,1,44,250,1,130,40,30,50,Farul Constanța,250,0,-1,0,239116,0,6,-1,0,65,0,2,4,0,0,3,0,0,4554,0,1,871,310,0,1,66,0,1,0,65,66,66,28,1,65,1,-1,65,1,0,0,239116,132480,0,239116,0,0,0,0,0,0,1,3,267993,10,110075,0,132480,0,0,1,0,247963,1,0,239116,0,2,0,5,0,65,79,4,2,247963,0,0,239116,2,1,0,0,316,0,-1,0,4202880,66
110078,215,230,4190,204,30,30,1924,30,30,30,50,1,44,30,1,30,30,30,30,Petrolul Ploiești,30,0,-1,0,70958,0,4,-1,0,50,0,1,4,0,0,2,0,0,15073,0,1,904,310,0,1,64,0,1,0,65,64,66,26,2,65,1,-1,65,1,0,0,70958,4202560,0,70958,0,0,0,0,0,0,3,2,70958,7,110078,0,270400,0,0,0,0,220177,0,0,70958,0,4,0,5,0,65,79,5,2,73404,0,0,70958,2,1,0,0,316,0,-1,0,528448,66
110081,132,37,0,255,110,255,1880,20,24,70,50,1,54,150,1,70,20,255,110,Northern Ireland,55,0,-1,0,73895,0,10,-1,0,30,0,2,4,0,0,0,0,0,18000,0,0,0,1355,0,1,70,0,1,0,71,70,66,-5,2,70,0,-1,70,0,0,0,73895,270664,0,276695,0,0,0,0,0,0,0,1,276695,0,110081,0,532808,0,0,0,0,266400,0,0,73895,0,0,0,3,0,71,88,0,0,73895,0,0,73895,2,2,0,0,316,0,-1,0,528712,66
110093,1,206,145000,26,255,206,1905,255,255,255,26,1,-34,255,1,255,255,1,255,Independiente,255,0,-1,0,255925,0,8,-1,0,50,0,1,5,0,0,7,0,1,42069,0,0,30,101085,0,1,70,0,1,0,71,70,71,-58,2,72,1,-1,72,1,1,0,226797,4202772,2,226797,0,0,0,0,7,0,0,4,226797,6,110093,2,4202772,0,0,1,0,215069,0,0,226797,0,16,0,1,0,71,190,1,-3,226286,0,0,226797,7,6,0,0,316,0,-1,0,266516,71
110176,1,1,4900,255,255,255,1970,255,1,255,1,1,48,1,1,255,255,255,255,SSV Ulm 1846,1,0,-1,0,252263,0,8,-1,0,50,0,2,3,0,2,4,0,0,19500,0,1,931,543,0,1,65,0,3,0,65,65,62,10,2,63,1,-1,64,1,0,0,276365,4202560,0,276365,0,0,0,0,0,0,0,2,252263,4,110176,0,270400,0,0,0,0,243801,0,0,243801,0,0,0,4,0,65,91,2,1,246416,0,0,243801,2,1,0,0,316,0,-1,0,528448,65
110206,128,0,8868,0,30,255,1964,30,30,30,0,1,50,30,1,30,30,255,30,GKS Katowice,30,0,-1,0,235471,0,5,-1,0,90,0,2,4,0,0,2,0,0,15048,0,1,958,420,0,1,67,0,1,0,66,66,66,19,1,66,1,-1,67,1,0,0,235471,66624,0,235471,0,0,0,0,0,0,3,1,235471,6,110206,0,66624,0,0,0,0,244160,0,0,235471,0,0,0,5,0,67,93,5,1,244160,0,0,235471,2,1,0,0,316,0,-1,0,139328,64
110313,18,199,2500,255,1,255,1968,1,240,1,36,1,53,18,1,1,1,255,1,Accrington Stanley,36,0,-1,0,77295,0,4,-1,0,50,0,2,4,0,0,1,0,0,5057,1,0,4,112260,0,2,60,0,1,0,60,60,60,-2,3,60,0,-1,60,1,0,0,77295,4198472,0,77295,0,0,0,0,0,0,0,2,77295,7,110313,0,264264,0,0,0,0,167512,0,0,77295,0,0,0,3,0,60,55,2,0,189808,0,0,77295,2,1,0,0,316,0,-1,0,526408,60
110321,217,246,17000,179,1,1,1995,1,247,1,87,1,43,217,1,1,1,113,1,Pau FC,97,0,-1,0,240069,0,3,-1,0,50,0,2,4,0,0,1,0,0,4031,38,0,816,1809,0,1,66,0,3,0,65,66,65,0,3,64,1,-1,64,0,0,0,74445,4198656,0,79624,0,0,0,0,0,0,0,3,74445,2,110321,0,264448,0,0,0,0,234814,0,0,240069,0,0,0,4,0,65,51,2,1,240069,0,0,240069,2,1,0,0,316,0,-1,0,526592,65
110329,71,96,66243,255,205,255,1910,205,226,205,52,2,53,1,2,205,205,255,205,FC St. Pauli,26,0,-1,1,222369,0,3,-1,0,90,0,1,4,0,0,10,0,0,29546,0,1,205,28,0,1,72,0,1,0,71,71,71,9,3,71,1,-1,72,1,0,0,222369,73728,1,257886,0,0,0,0,0,0,0,3,222369,4,110329,0,69632,0,0,1,0,211378,0,0,222369,0,0,0,4,0,72,25,3,1,222369,0,0,222369,2,2,0,0,316,0,-1,0,133120,69
110374,8,57,417300,250,8,250,1926,57,217,142,142,2,43,43,2,142,57,250,8,Fiorentina,38,0,-1,0,225439,0,6,-1,0,50,0,2,4,0,0,6,0,0,43147,39,1,162,45,0,1,75,0,1,0,76,75,77,11,2,75,1,-1,75,1,0,0,225439,132360,1,225439,0,0,0,0,0,0,6,2,260823,7,110374,0,4202760,0,0,0,0,193080,1,0,260823,0,2,0,4,0,76,47,6,1,236610,0,0,260823,2,5,0,0,316,0,-1,0,266504,78
110395,40,117,45000,52,255,117,1915,255,255,255,52,2,-34,255,2,255,255,40,255,Lanús,255,0,-1,0,235467,0,5,-1,0,30,0,2,4,0,0,4,0,1,47027,0,0,262,110404,0,1,72,0,1,0,72,72,71,-58,1,70,1,-1,70,1,1,0,235467,263176,2,235467,0,0,0,0,0,0,0,2,235467,8,110395,1,525320,0,0,0,0,214766,0,0,235467,0,2,0,1,0,72,190,7,-3,235467,0,0,235467,7,6,0,0,316,0,-1,0,532488,71
110396,1,1,24000,21,255,225,1903,255,2,255,1,1,-32,2,1,255,255,11,255,Newell's Old Boys,2,0,-1,0,271767,0,6,-1,0,50,0,1,4,0,0,7,0,1,42000,0,0,409,110580,0,1,65,0,3,0,68,65,69,-60,2,66,1,-1,66,1,1,0,253294,4202520,2,271767,0,0,0,0,0,0,0,3,271767,8,110396,0,4202520,0,0,0,0,223249,0,0,271767,0,6,0,1,0,68,190,4,-3,198628,0,0,271767,7,3,0,0,316,0,-1,0,266264,69
110404,153,1,15300,255,255,255,1896,255,210,255,51,1,-34,97,1,255,255,255,255,Banfield,13,0,-1,0,259883,0,4,-1,0,50,0,1,4,0,0,3,0,1,34901,0,0,35,110395,0,1,67,0,3,0,68,67,68,-58,2,67,1,-1,67,1,1,0,219167,4202824,2,259883,0,0,0,0,0,0,0,5,259883,6,110404,0,4202824,0,0,0,0,219167,0,0,259883,0,1,0,1,0,68,190,4,-3,259883,0,0,259883,7,1,0,0,316,0,-1,0,266568,68
110468,30,223,40000,168,120,59,1911,120,223,120,35,2,49,30,2,120,120,94,120,Viktoria Plzeň,35,0,-1,0,79948,0,9,-1,0,90,0,2,4,0,0,4,0,0,11700,0,1,699,266,0,1,72,0,1,0,72,72,71,13,2,72,1,-1,72,1,0,0,79948,73792,0,79948,0,0,0,0,0,0,1,2,79948,4,110468,0,73792,0,0,1,0,198331,0,0,79948,0,6,0,5,0,72,88,5,1,198331,0,0,79948,2,3,0,0,316,0,-1,0,135232,71
110500,98,1,10520,1,93,255,1895,40,225,30,173,1,52,1,1,177,240,204,220,Eintracht Braunschweig,15,0,-1,0,73008,4,2,-1,0,50,0,2,4,0,2,6,0,0,23325,38,1,68,485,0,1,67,0,1,0,67,67,67,10,2,67,1,-1,67,1,0,0,73008,4202502,1,73008,0,0,0,0,0,0,0,2,73008,4,110500,0,270342,0,0,0,0,241859,0,0,73008,0,1,0,4,0,67,27,4,1,252846,0,0,73008,2,1,0,0,316,0,-1,0,528390,65
110501,254,254,2450,1,255,1,1924,255,240,185,254,1,51,240,1,255,185,1,185,SC Verl,240,0,-1,0,240329,0,3,-1,0,65,0,2,4,0,0,2,0,0,5207,0,1,820,487,0,1,65,0,1,0,66,68,62,8,1,66,1,-1,64,1,0,0,240329,132224,0,240329,0,0,0,0,0,0,0,2,240329,6,110501,0,132224,0,0,0,0,229175,0,0,240329,0,0,0,4,0,65,91,1,1,240329,0,0,240329,2,1,0,0,316,0,-1,0,4202624,62
110502,78,1,34100,255,180,255,1898,180,1,255,158,1,49,32,1,180,50,255,50,SV Darmstadt 98,91,0,-1,0,245287,0,6,-1,0,65,0,1,3,0,0,6,0,0,17810,3,1,132,1824,0,1,70,0,3,0,69,71,72,8,1,67,1,-1,69,1,0,0,251287,132096,1,251287,0,0,0,0,0,0,0,2,245287,2,110502,0,132096,0,0,0,0,209987,1,0,251287,0,0,0,4,0,70,27,5,1,228859,0,0,251287,2,1,0,0,316,0,-1,0,4202496,72
110532,66,1,3780,1,180,1,1907,180,255,10,146,1,49,255,1,180,10,1,10,SV Waldhof Mannheim,255,0,-1,0,229354,0,5,-1,0,50,0,2,4,0,3,6,0,0,25721,26,1,735,29,0,1,63,0,0,0,63,63,65,8,3,62,1,-1,64,1,0,0,229354,4198480,1,229354,0,0,0,0,0,0,0,1,229354,6,110532,0,264272,0,0,0,0,229487,0,0,229354,0,0,0,4,0,64,91,1,1,229354,0,0,229354,2,1,0,0,316,0,-1,0,526416,66
110556,2,197,256200,78,79,20,1893,39,250,101,7,2,44,250,2,101,39,33,79,Genoa,250,0,-1,0,236295,0,4,-1,0,30,0,2,4,0,0,5,0,0,36599,0,1,180,1837,0,1,72,0,1,0,73,71,73,8,2,73,1,-1,73,1,0,0,236295,270341,1,236295,0,0,0,0,0,0,1,1,236295,6,110556,0,532485,0,0,0,0,244349,1,0,236295,0,9,0,4,0,73,47,5,1,256899,0,0,236295,2,3,0,0,316,0,-1,0,528389,73
110580,41,2,30000,1,255,249,1889,255,2,255,118,2,-32,41,2,255,255,200,255,Rosario Central,118,0,-1,0,183898,0,5,-1,0,65,0,2,4,0,0,6,0,1,39657,27,0,409,110396,0,1,74,0,0,0,73,74,72,-60,1,70,1,-1,70,1,1,0,183898,132232,2,183898,0,0,0,0,0,0,1,5,183898,8,110580,0,132232,0,0,0,0,183898,0,0,238230,0,4,0,1,0,73,190,5,-3,183898,0,0,183898,7,4,0,0,316,0,-1,0,4202632,72
110588,105,1,14730,116,210,1,1965,210,255,210,176,1,52,255,1,210,210,60,210,1. FC Magdeburg,255,0,-1,0,233520,0,4,-1,0,65,0,2,4,0,2,6,0,0,22000,0,1,612,503,0,1,68,0,1,0,68,68,70,11,1,67,1,-1,68,1,0,0,233520,132112,1,233520,0,0,0,0,0,0,0,3,233520,4,110588,0,132112,0,0,0,0,228607,0,0,233520,0,0,0,4,0,68,27,5,1,233520,0,0,233520,2,1,0,0,316,0,-1,0,4202512,70
110636,6,227,59300,255,1,255,1895,1,210,1,19,1,51,22,1,1,1,255,1,Fortuna Düsseldorf,35,0,-1,0,239696,0,8,-1,0,50,0,2,4,0,0,5,0,0,54600,1,1,147,31,0,1,69,0,1,0,68,68,70,6,2,66,1,-1,68,1,0,0,239696,4202564,3,239696,0,0,0,0,0,0,2,3,239696,4,110636,0,4202564,0,0,0,0,251292,1,0,239696,0,1,0,4,0,69,27,3,1,233139,0,0,239696,2,1,0,0,316,0,-1,0,266308,69
110645,40,255,4400,1,180,1,2010,180,255,180,50,1,50,255,1,180,180,1,180,Viktoria Köln,255,0,-1,0,234836,0,6,-1,0,65,0,2,4,0,3,2,0,0,10001,0,1,249,31,0,1,64,0,3,0,65,65,62,7,1,64,1,-1,64,1,0,0,234836,132096,1,264380,0,0,0,0,0,0,0,2,234836,4,110645,0,132096,0,0,0,0,241995,0,0,234836,0,0,0,4,0,64,91,1,1,242183,0,0,234836,2,1,0,0,316,0,-1,0,4202496,62
110678,0,226,1550,250,235,250,1912,235,205,235,26,1,52,16,1,235,235,250,235,TSV Havelse,30,0,-1,0,248174,0,1,-1,0,30,0,2,4,0,0,2,0,0,5001,0,1,870,485,0,1,62,0,3,0,62,62,62,9,2,60,1,-1,62,1,0,0,248174,270400,1,248174,0,0,0,0,0,0,0,4,248174,6,110678,0,532544,0,0,0,0,225654,0,0,248174,0,0,0,4,0,62,91,1,1,244079,0,0,248174,2,1,0,0,316,0,-1,0,528448,63
110685,93,31,5000,255,255,255,1899,255,1,255,166,1,49,48,1,255,255,255,255,TSG 1899 Hoffenheim II,91,0,-1,0,76062,4,1,-1,0,65,0,2,4,0,0,1,0,0,6350,0,1,450,110697,0,1,61,0,3,0,60,60,59,8,1,62,1,-1,62,1,0,0,76062,132096,0,76062,0,0,0,0,0,0,0,2,76062,10,110685,0,132096,0,0,0,0,78445,0,0,76062,0,0,0,4,0,60,91,10,1,76062,0,0,76062,2,1,0,0,316,0,-1,0,4202496,58
110697,255,255,5500,41,255,211,1893,255,1,255,255,1,48,1,1,255,255,1,255,VfB Stuttgart II,1,0,-1,0,279623,4,1,-1,0,65,0,2,4,0,0,2,0,0,10000,0,1,466,110176,0,1,61,0,3,0,61,62,62,9,1,61,1,-1,62,1,0,0,279623,132096,0,279623,0,0,0,0,0,0,0,2,279623,10,110697,0,132096,0,0,0,0,234416,0,0,279623,0,0,0,4,0,61,91,10,1,279623,0,0,279623,2,1,0,0,316,0,-1,0,4202496,64
110711,35,0,3800,254,255,254,1951,255,0,255,125,1,43,45,1,255,255,254,255,Real Sociedad B,135,0,-1,0,74088,0,1,-1,0,50,0,2,4,0,0,2,0,0,2500,0,2,425,467,0,1,64,0,1,0,64,63,64,-2,2,64,2,-1,64,2,0,0,74088,4202496,0,74088,0,0,0,0,0,0,0,3,79186,6,110711,0,270336,0,0,0,0,77528,0,0,74088,0,0,0,4,0,64,69,3,1,80719,0,0,74088,2,1,0,0,316,0,-1,0,528384,65
110720,51,51,6500,255,160,255,1938,160,0,160,255,1,48,0,1,160,160,255,160,Blau-Weiß Linz,0,0,-1,0,275634,0,4,-1,0,50,0,2,4,0,0,3,0,0,5595,0,1,639,252,0,1,66,0,0,0,67,66,68,14,2,65,1,-1,65,1,0,0,275634,4202560,0,275634,0,0,0,0,0,0,0,2,251412,5,110720,0,270400,0,0,0,0,233435,1,0,275639,0,0,0,4,0,67,31,2,1,226958,0,0,275634,2,1,0,0,316,0,-1,0,528448,68
110724,232,255,30000,0,204,235,1904,202,1,206,0,1,51,1,1,206,202,13,204,KV Mechelen,1,0,-1,0,227689,0,5,-1,0,30,0,1,4,0,0,4,0,1,16672,0,1,309,100087,0,1,69,0,1,0,69,69,70,4,2,68,1,-1,68,1,0,0,227689,270466,1,227689,0,0,0,0,0,0,2,1,227689,5,110724,0,532610,0,0,1,0,244224,1,0,227689,0,4,0,4,0,69,122,5,1,227689,0,0,227689,2,4,0,0,316,0,-1,0,528514,70
110738,30,30,97725,142,250,1,1909,250,250,250,30,2,43,250,2,250,250,69,250,Pisa,250,0,-1,0,270658,0,1,-1,0,30,0,2,4,0,0,1,0,0,9950,0,1,570,1746,0,1,72,0,3,0,72,70,70,10,3,71,0,-1,71,1,0,0,270658,270464,2,270658,0,0,0,0,0,0,0,2,270658,6,110738,0,528512,0,0,0,0,199174,0,0,270658,0,0,0,4,0,72,47,2,1,222959,0,0,270658,2,1,0,0,316,0,-1,0,526464,68
110740,2,122,26250,35,30,225,1919,30,250,30,1,1,44,250,1,30,30,168,30,Reggiana,250,0,-1,0,254804,0,3,-1,0,50,0,2,4,0,0,1,0,0,21525,0,1,935,50,0,1,66,0,3,0,67,66,67,10,2,66,1,-1,66,1,0,0,254804,4202560,0,254804,0,0,0,0,0,0,0,3,254804,4,110740,0,270400,0,0,0,0,230940,1,0,254804,0,0,0,4,0,67,82,2,1,276905,0,0,254804,2,1,0,0,316,0,-1,0,528448,67
110745,9,240,15844,30,120,251,1920,120,224,120,3,1,53,39,1,120,120,222,120,Jagiellonia Białystok,45,0,-1,0,255760,0,8,-1,0,50,0,1,4,0,0,3,0,0,22372,0,1,50,1871,0,1,69,0,1,0,69,69,70,23,1,69,1,-1,69,1,0,0,255760,4195330,1,255760,0,0,0,0,0,0,1,3,224146,6,110745,0,4195330,0,0,1,0,224336,0,0,224146,0,1,0,5,0,69,93,5,1,239267,0,0,255760,2,3,0,0,316,0,-1,0,270338,71
110746,0,0,13280,0,30,128,1948,30,1,30,116,1,53,1,1,120,128,0,30,Pogoń Szczecin,1,0,-1,0,177922,0,7,-1,0,65,0,2,4,0,0,3,0,0,20500,9,1,473,110747,0,1,68,0,1,0,67,67,68,14,1,67,1,-1,67,0,0,0,177922,132240,0,177922,0,0,0,0,0,0,0,1,177922,7,110746,0,132240,0,0,1,0,177922,1,0,177922,0,0,0,5,0,68,93,5,1,177922,0,0,177922,2,2,0,0,316,0,-1,0,4202640,68
110747,31,236,11716,255,255,255,1906,255,220,36,36,1,50,20,1,255,236,255,31,Cracovia,60,0,-1,0,254333,0,8,-1,0,30,0,2,4,0,0,4,0,0,15016,4,1,252,110746,0,1,68,0,1,0,67,68,67,19,2,67,1,-1,68,1,0,0,254333,270406,0,254333,0,0,0,0,0,0,1,1,254333,5,110747,0,532550,0,0,0,0,192955,0,0,254333,0,5,0,5,0,67,93,7,1,254333,0,0,254333,2,2,0,0,316,0,-1,0,528454,67
110749,82,253,9050,255,120,255,1945,120,1,60,0,1,51,1,1,120,60,255,60,Zagłębie Lubin,1,0,-1,0,198046,0,2,-1,0,30,0,2,4,0,0,2,0,0,16086,0,1,288,1871,0,1,65,0,3,0,65,65,66,16,3,65,1,-1,66,0,0,0,198046,266320,0,198046,0,0,0,0,0,0,0,2,198046,7,110749,0,526416,0,0,1,0,198046,1,0,198046,0,2,0,5,0,66,93,3,1,260941,0,0,198046,2,1,0,0,316,0,-1,0,526416,64
110750,255,255,3830,1,255,255,1945,255,30,255,255,1,46,30,1,255,255,1,255,UTA Arad,30,0,-1,0,275225,0,4,-1,0,50,0,2,4,0,0,2,0,0,12000,0,1,829,310,0,1,65,0,3,0,65,65,65,21,3,66,1,-1,66,1,0,0,275225,4198418,0,275225,0,0,0,0,0,0,2,2,275225,7,110750,0,264210,0,0,0,0,275225,0,0,275225,0,6,0,5,0,65,79,5,2,275225,0,0,275225,2,1,0,0,316,0,-1,0,526354,65
110751,30,30,7475,255,255,255,1919,255,220,255,30,1,46,65,1,255,255,255,255,Universitatea Cluj,65,0,-1,0,212226,0,7,-1,0,30,0,2,4,0,0,2,0,0,30201,0,1,701,114385,0,1,67,0,1,0,68,67,70,23,1,68,1,-1,68,1,0,0,212226,263168,0,212048,0,0,0,0,0,0,1,3,212048,5,110751,0,525312,0,0,0,0,212048,0,0,212226,0,0,0,5,0,68,79,6,2,212226,0,0,212226,2,2,0,0,316,0,-1,0,532480,70
110752,62,46,3975,255,220,255,2001,220,247,220,150,1,47,77,1,220,220,255,220,FC Botoșani,80,0,-1,0,244154,0,3,-1,0,65,0,2,4,0,0,2,0,0,7782,0,1,737,308,0,1,66,0,1,0,66,66,63,26,1,65,0,-1,65,1,0,0,244154,132352,0,244154,0,0,0,0,0,0,0,2,275901,3,110752,0,132352,0,0,0,0,248002,1,0,244154,0,0,0,5,0,66,79,4,2,244154,0,0,244154,2,1,0,0,316,0,-1,0,4202752,63
110770,20,222,22000,255,255,255,1909,255,232,255,1,1,46,20,1,255,255,255,255,FC Sion,1,0,-1,0,234687,0,5,-1,0,30,0,2,4,0,0,5,0,0,14283,36,1,452,324,0,1,67,0,3,0,67,67,67,7,2,68,1,-1,68,1,0,0,246729,270357,0,234687,0,0,0,0,0,0,13,3,246729,3,110770,0,532501,0,0,0,0,234687,1,0,246729,0,2,0,4,0,67,71,3,1,234687,0,0,246729,2,2,0,0,316,0,-1,0,528405,67
110776,1,1,21000,1,255,255,1988,255,255,255,1,1,37,255,1,255,255,50,255,Gaziantep FK,255,0,-1,0,211061,0,3,-1,0,30,0,2,4,0,0,2,0,0,33502,0,1,176,101020,0,1,68,0,0,0,68,68,72,37,3,66,1,-1,67,0,0,0,211061,270400,0,211061,0,0,0,0,0,0,0,2,211061,2,110776,0,528448,0,0,0,0,211061,1,0,211061,0,0,0,5,0,69,89,2,3,211061,0,0,211061,9,1,0,0,316,0,-1,0,526400,72
110827,75,25,5000,255,255,255,1926,255,233,255,200,2,43,233,2,255,255,255,255,Real Oviedo,255,0,-1,0,275985,0,6,-1,0,30,0,2,4,0,0,4,0,0,31000,0,2,363,459,0,1,72,0,1,0,72,71,74,-5,2,72,0,-1,73,2,0,0,275985,270336,0,275985,0,0,0,0,0,0,0,4,275985,4,110827,0,532480,0,0,0,0,219848,1,0,275985,0,0,0,4,0,73,41,7,1,253385,0,0,275985,2,1,0,0,316,0,-1,0,528384,74
110832,0,255,50000,255,255,255,1931,255,222,255,0,1,37,0,1,255,255,255,255,Granada CF,0,0,-1,0,250881,0,2,-1,0,50,0,2,4,0,0,4,0,0,19436,0,2,193,449,0,1,69,0,1,0,69,69,69,-3,3,68,2,-1,69,2,0,0,250881,4202832,1,250881,0,0,0,0,0,0,0,2,250881,5,110832,0,4198736,0,0,0,0,229788,1,0,272904,0,0,0,4,0,69,69,5,1,275415,0,0,272904,2,1,0,0,316,0,-1,0,264528,70
110839,70,40,4500,85,255,155,1960,255,240,255,175,1,42,240,1,255,255,55,255,SD Huesca,255,0,-1,0,190199,0,6,-1,0,50,0,2,4,0,0,2,0,0,9100,0,2,222,244,0,1,67,0,1,0,67,67,67,0,3,66,2,-1,66,2,0,0,190199,4198658,1,190199,0,0,0,0,0,0,0,4,190199,3,110839,0,264450,0,0,0,0,200519,0,0,190199,0,0,0,4,0,67,69,7,1,190199,0,0,190199,2,1,0,0,316,0,-1,0,526594,67
110890,20,235,2300,255,95,255,1896,1,235,60,20,1,51,20,1,60,1,255,95,Crawley Town,20,0,-1,0,245649,0,6,-1,0,30,0,1,4,0,0,1,0,0,6134,13,0,123,112259,0,2,61,0,1,0,62,61,58,0,1,61,0,-1,61,0,0,0,245649,263304,0,243276,0,0,0,0,0,0,0,2,243276,2,110890,0,525448,0,0,1,0,246243,1,0,245649,0,0,0,3,0,62,55,7,0,229398,0,0,245649,2,1,0,0,316,0,-1,0,532616,58
110908,204,253,30000,20,248,247,1929,248,250,248,29,1,39,250,1,248,248,27,248,Catanzaro,250,0,-1,0,228882,0,5,-1,0,65,0,2,4,0,0,3,0,0,14650,0,1,936,1843,0,1,68,0,3,0,68,68,69,17,1,66,1,-1,66,1,0,0,228882,132096,0,228882,0,0,0,0,0,0,0,2,228882,5,110908,0,132096,0,0,0,0,209613,0,0,228882,0,0,0,4,0,68,82,4,1,275912,0,0,228882,2,1,0,0,316,0,-1,0,4202496,69
110912,0,230,12045,255,255,255,1910,255,230,255,2,1,45,0,1,255,255,255,255,Padova,2,0,-1,0,79014,4,1,-1,0,30,0,2,4,0,0,1,0,0,19736,1,1,696,205,0,1,68,0,0,0,68,68,69,11,2,66,0,-1,66,1,0,0,79014,270401,0,79014,0,0,0,0,0,0,0,2,79014,5,110912,0,532545,0,0,0,0,79012,0,0,79014,0,0,0,4,0,68,82,2,1,79012,0,0,79014,2,1,0,0,316,0,-1,0,528449,69
110915,250,250,36150,30,250,30,1940,250,250,250,250,1,44,250,1,250,250,30,250,Cesena,250,0,-1,0,235163,0,2,-1,0,50,0,2,4,0,0,1,0,0,23860,0,1,99,1744,0,1,70,0,15,0,68,70,67,12,3,67,1,-1,67,1,0,0,235163,4202752,0,235163,0,0,0,0,0,0,0,6,264683,8,110915,0,4198656,0,0,0,0,72845,1,0,235163,0,0,0,4,0,68,82,2,1,72852,0,0,235163,2,1,0,0,316,0,-1,0,264448,67
110953,48,225,7500,255,255,255,1918,255,1,255,42,1,-31,1,1,255,255,255,255,Instituto de Córdoba,1,0,-1,0,70441,0,1,-1,0,65,0,2,4,0,0,3,0,2,30000,0,0,120,111022,0,1,68,0,0,0,69,68,69,-64,2,68,1,-1,68,1,1,0,242342,139264,0,242342,0,0,0,0,0,0,0,4,242342,3,110953,0,139264,0,0,0,0,228959,0,0,70441,0,0,0,1,0,69,190,4,-3,70441,0,0,70441,7,2,0,0,316,0,-1,0,4198400,69
110955,78,5,11450,1,1,204,1993,204,255,159,159,1,31,255,1,1,5,1,78,Shanghai Shenhua,255,0,-1,0,241418,0,7,-1,0,65,0,1,4,0,0,10,0,0,72000,0,1,446,112540,0,1,67,0,1,0,66,67,62,121,3,66,0,-1,66,0,0,0,241418,135296,0,241418,0,0,0,0,0,0,4,3,241418,4,110955,0,133248,0,0,0,0,217153,1,0,241418,0,1,0,2,0,66,75,10,8,217153,0,0,241418,4,3,0,0,316,0,-1,0,4196480,62
110967,148,59,10400,255,249,255,1946,248,59,249,211,1,-17,148,1,249,248,255,249,Blooming,211,0,-1,0,253617,0,3,-1,0,65,0,2,4,0,0,3,0,0,38000,0,0,776,110968,0,1,65,0,2,0,65,65,67,-63,1,64,2,-1,64,2,0,0,253617,132352,0,252804,0,0,0,0,0,0,0,4,252804,6,110967,0,132352,0,0,0,0,253617,0,0,253617,0,5,0,1,0,65,111,8,-4,253617,0,0,253617,7,2,0,0,366,0,-1,0,4202752,67
110968,164,60,24000,124,169,8,1925,169,250,250,220,1,-16,250,1,169,250,70,250,Bolívar,250,0,-1,0,253574,0,10,-1,0,65,0,2,4,0,0,5,0,0,41143,0,0,770,114577,0,1,68,0,12,0,68,68,68,-68,1,66,1,-1,66,0,1,0,253574,132240,0,253574,0,0,0,0,0,0,2,4,253574,6,110968,0,132240,0,0,0,0,241131,0,0,253574,0,31,0,1,0,68,184,8,-4,215292,0,0,253574,7,5,0,0,316,0,-1,0,4202640,68
110975,250,250,31000,200,249,54,1937,248,255,249,250,1,-33,0,1,249,248,112,249,Universidad Católica,0,0,-1,0,215155,0,8,-1,0,50,0,2,4,0,0,5,0,1,20000,0,2,263,112116,0,1,68,0,3,0,69,68,71,-70,2,68,0,-1,68,2,1,0,215155,4202498,0,219605,0,0,0,0,0,0,4,3,219605,7,110975,0,4202498,0,0,0,0,232670,0,0,215155,0,16,0,1,0,69,184,8,-4,232670,0,0,215155,7,5,0,0,316,0,-1,0,266242,71
110981,248,255,40998,15,249,195,1925,248,255,249,51,1,-2,248,1,249,248,37,249,Barcelona SC Guayaquil,51,0,-1,0,253223,0,10,-1,0,50,0,2,3,0,0,7,0,1,57267,18,2,780,110986,0,1,67,0,3,0,69,67,70,-79,3,69,1,-1,69,2,1,0,253223,4202624,2,212747,0,0,0,0,0,0,0,6,212747,5,110981,0,4198528,0,0,0,0,253223,1,0,253223,0,16,0,1,0,69,184,8,-5,215061,0,0,253223,7,6,0,0,316,0,-1,0,264320,70
110982,34,224,11500,1,255,1,1971,255,254,255,26,1,-2,205,1,255,255,1,255,Deportivo Cuenca,0,0,-1,0,70710,0,4,-1,0,50,0,2,3,0,0,2,0,0,16500,0,2,917,110981,0,1,66,0,15,0,66,66,66,-79,2,66,1,-1,66,2,1,0,70710,4202560,0,70710,0,0,0,0,0,0,0,4,70710,4,110982,0,270400,0,0,0,0,219678,0,0,70710,0,1,0,1,0,66,111,5,-5,233825,0,0,70710,7,1,0,0,316,0,-1,0,528448,66
110986,255,255,36000,26,249,137,1930,248,22,249,255,1,0,36,1,249,248,8,249,LDU Quito,57,0,-1,0,70193,0,9,-1,0,30,0,2,4,0,0,6,0,1,41575,0,2,781,110981,0,1,69,0,1,0,70,69,69,78,2,70,1,-1,70,2,1,0,253322,270464,0,70193,0,0,0,0,1,0,1,3,253322,7,110986,2,532608,0,0,0,0,231550,0,0,253322,0,13,0,1,0,70,184,6,-5,215421,0,0,253322,7,7,0,0,316,0,-1,0,528512,69
110989,28,235,13000,1,255,1,1967,255,235,255,36,1,10,28,1,255,255,1,255,Caracas FC,36,0,-1,0,253895,0,7,-1,0,30,0,2,4,0,0,4,0,1,23940,0,2,800,110991,0,1,64,0,3,0,65,64,65,-66,2,65,1,-1,65,2,1,0,253895,270592,1,226395,0,0,0,0,0,0,5,1,253895,5,110989,0,532736,0,0,0,0,246015,0,0,226395,0,12,0,1,0,65,184,5,-4,246015,0,0,226395,7,3,0,0,316,0,-1,0,528640,65
110991,21,146,11100,194,255,7,1997,255,255,255,21,1,10,255,1,255,255,54,255,Carabobo FC,255,0,-1,0,253579,0,5,-1,0,50,0,2,4,0,0,1,0,0,10400,0,2,803,114611,0,1,67,0,0,0,66,67,61,-68,2,66,1,-1,66,2,0,0,253579,4202752,2,253579,0,0,0,0,0,0,0,4,253579,3,110991,0,270592,0,0,0,0,236608,0,0,253579,0,1,0,1,0,66,184,5,-4,253579,0,0,253579,7,3,0,0,316,0,-1,0,528640,61
111008,250,250,30000,30,249,30,1905,248,250,249,250,1,-25,250,1,249,248,30,249,Libertad,250,0,-1,0,253239,0,10,-1,0,65,1,2,4,0,0,7,0,0,14000,0,0,771,101108,0,1,68,0,1,0,69,68,73,-57,2,69,2,-1,69,0,1,0,253239,139328,0,253239,0,0,0,0,0,0,3,4,253239,8,111008,0,139328,0,0,0,0,204699,0,0,216055,0,26,0,1,0,69,184,5,-3,204699,0,0,216055,7,7,0,0,316,0,-1,0,4198464,73
111011,41,226,17000,77,255,35,1901,255,245,255,42,1,31,245,1,255,255,42,255,Cienciano,245,0,-1,0,253772,0,6,-1,0,50,0,2,4,0,0,3,0,0,42300,0,2,880,111014,0,1,66,0,0,0,66,66,68,30,2,66,1,-1,66,2,1,0,253772,4202816,0,234180,0,0,0,0,0,0,0,3,234180,4,111011,1,270656,0,0,0,0,241499,0,0,253772,0,0,0,1,0,66,111,7,-5,241499,0,0,253772,7,3,0,1,316,0,-1,0,528704,68
111012,8,9,10000,255,255,255,1920,255,25,255,192,1,-5,21,1,255,255,255,255,Alianza Atlético de Sullana,172,0,-1,0,83053,0,4,-1,0,30,0,2,4,0,0,3,0,0,12000,0,2,990,111014,0,1,65,0,3,0,64,65,64,-81,2,64,1,-1,64,2,1,0,83053,270336,0,83053,0,0,0,0,0,0,0,4,223054,3,111012,0,532480,0,0,0,0,83047,0,0,83053,0,0,0,1,0,64,111,5,-5,83053,0,0,83053,2,1,0,0,316,0,-1,0,528384,64
111013,224,123,31300,250,248,250,1955,248,4,248,251,1,-12,204,1,248,248,250,248,Sporting Cristal,255,0,-1,0,204542,0,9,-1,0,50,0,1,4,0,0,6,0,0,11600,0,2,789,111014,0,1,69,0,3,0,69,69,69,-77,1,69,1,-1,69,2,0,0,253619,4195728,2,204542,0,0,0,0,0,0,0,5,204542,6,111013,0,4195728,0,0,0,0,204542,0,0,204542,0,20,0,1,0,69,111,7,-5,204542,0,0,204542,7,5,0,0,316,0,-1,0,270736,69
111014,254,254,30530,25,248,140,1924,248,127,248,240,1,-12,28,1,248,248,22,248,Universitario de Deportes,23,0,-1,0,264796,0,10,-1,0,90,0,1,4,0,0,6,0,0,80000,0,2,789,111013,0,1,70,0,3,0,70,70,70,-76,2,71,0,-1,71,2,1,0,211274,73808,0,264796,0,0,0,0,0,0,0,2,264796,4,111014,0,73808,0,0,1,0,259251,0,0,264796,0,29,0,1,0,70,184,7,-5,259251,0,0,264796,7,5,0,0,316,0,-1,0,135248,70
111019,45,235,35000,255,255,255,1904,255,0,255,46,2,-34,93,2,255,255,255,255,Argentinos Juniors,163,0,-1,0,272350,0,5,-1,0,65,0,2,4,0,0,4,0,1,25110,0,0,82,112689,0,1,73,0,1,0,72,73,71,-58,1,71,1,-1,71,1,1,0,272350,132097,2,272350,0,0,0,0,1,0,0,4,272350,9,111019,0,132097,0,0,0,0,272350,0,0,272350,0,3,0,1,0,72,190,4,-3,232765,0,0,272350,7,2,0,0,316,0,-1,0,4202497,71
111020,18,32,6500,255,255,255,1913,255,33,255,44,1,-32,19,1,255,255,255,255,Independiente Rivadavia,45,0,-1,0,233959,0,1,-1,0,50,0,2,4,0,0,1,0,2,24000,0,0,839,111716,0,1,70,0,15,0,70,70,75,-68,2,70,0,-1,70,0,1,0,233959,4202560,0,233959,0,0,0,0,0,0,0,3,233959,1,111020,0,4202560,0,0,0,0,233959,0,0,233959,0,0,0,1,0,70,190,8,-3,273843,0,0,233959,7,1,0,0,316,0,-1,0,266304,75
111022,154,1,15500,1,255,1,1905,255,250,255,212,1,-31,250,1,255,255,1,255,Belgrano de Córdoba,250,0,-1,0,215259,0,2,-1,0,50,0,2,4,0,0,4,0,2,30000,0,0,120,112670,0,1,73,0,3,0,71,73,73,-64,2,71,1,-1,71,1,1,0,207471,4202817,0,215270,0,0,0,0,0,0,0,3,215259,7,111022,0,4202817,0,0,0,0,215270,0,0,215270,0,1,0,1,0,71,190,5,-3,215270,0,0,215270,7,1,0,0,316,0,-1,0,266561,73
111065,14,144,171500,102,21,51,2004,213,237,40,26,1,41,207,1,40,213,51,21,Real Salt Lake,22,0,-1,0,257020,4,6,-1,0,50,0,2,4,0,0,6,0,0,20213,0,1,427,694,0,1,68,0,0,0,69,69,65,-112,3,68,0,-1,68,1,0,0,270517,4202626,0,270517,0,0,0,0,0,0,0,5,270517,8,111065,0,4198530,0,0,0,0,192397,0,0,270517,0,1,0,6,0,69,134,5,-7,270517,0,0,270517,2,4,0,0,316,0,-1,0,264322,63
111082,237,255,6760,149,69,0,1929,0,255,0,0,1,54,255,1,149,255,69,237,Arka Gdynia,255,0,-1,0,212249,0,3,-1,0,50,0,2,4,0,0,2,0,0,15139,0,1,580,111091,0,1,64,0,3,0,63,63,64,18,2,61,1,-1,63,1,0,0,212249,4202560,1,212249,0,0,0,0,0,0,2,2,212249,2,111082,0,270400,0,0,1,0,78528,0,0,212249,0,0,0,5,0,64,93,3,1,245528,0,0,212249,2,1,0,0,316,0,-1,0,528448,64
111083,228,255,8586,30,120,240,1973,120,30,30,30,1,50,30,1,120,30,30,30,Korona Kielce,30,0,-1,0,243690,0,4,-1,0,50,0,2,4,0,0,2,0,0,15500,0,1,246,111088,0,1,67,0,1,0,66,67,66,20,3,66,1,-1,66,1,0,0,242509,4198720,0,242509,0,0,0,0,0,0,0,3,242509,4,111083,0,264512,0,0,0,0,242509,1,0,242509,0,0,0,5,0,66,93,4,1,242509,0,0,242509,2,1,0,2,316,0,-1,0,526656,64
111086,51,0,8120,15,120,196,1945,120,0,120,153,1,50,83,1,120,120,13,120,Piast Gliwice,205,0,-1,0,270381,0,4,-1,0,65,0,1,4,0,0,4,0,0,9913,4,1,188,420,0,1,65,0,1,0,65,64,65,18,1,64,1,-1,65,0,0,0,270715,132096,0,270381,0,0,0,0,0,0,0,2,270715,6,111086,0,132096,0,0,1,0,214882,0,0,224062,0,1,0,5,0,66,93,3,1,224062,0,0,270381,2,1,0,0,316,0,-1,0,4202496,63
111088,168,68,8446,250,130,250,1910,120,30,130,76,1,51,30,1,130,120,250,130,Radomiak Radom,30,0,-1,0,204078,0,4,-1,0,50,0,2,4,0,0,2,0,0,14400,0,1,868,111083,0,1,66,0,3,0,64,64,66,21,2,64,1,-1,67,1,0,0,204078,4202496,0,204078,0,0,0,0,0,0,0,1,204078,2,111088,0,270336,0,0,1,0,204078,0,0,204078,0,0,0,5,0,66,93,3,1,204078,0,0,204078,2,1,0,2,316,0,-1,0,528384,63
111091,156,0,5378,255,15,255,1945,30,0,15,73,1,54,64,1,30,0,255,50,Lechia Gdańsk,0,0,-1,0,242350,0,2,-1,0,90,0,2,4,0,0,2,0,0,43615,0,1,177,1871,0,1,67,0,1,0,65,66,67,18,2,62,1,-1,65,1,0,0,72586,73792,0,242350,0,0,0,0,0,0,2,2,72586,5,111091,0,73792,0,0,1,0,242350,0,0,72586,0,0,0,5,0,66,93,2,1,255361,0,0,72586,2,1,0,0,316,0,-1,0,135232,68
111097,0,0,9568,250,0,250,1950,0,255,139,139,1,51,255,1,139,0,250,0,Motor Lublin,0,0,-1,0,236363,0,5,-1,0,65,0,2,4,0,0,2,0,0,15247,0,1,957,111088,0,1,68,0,1,0,64,67,67,22,2,62,1,-1,65,1,0,0,236363,139328,0,236363,0,0,0,0,0,0,0,1,236363,5,111097,0,139328,0,0,0,0,236363,0,0,236363,0,0,0,5,0,66,93,4,1,236363,0,0,236363,2,1,0,0,316,0,-1,0,4198464,65
111099,230,255,0,80,255,20,1992,255,1,255,52,1,-26,1,1,255,255,140,255,South Africa,1,0,-1,0,242936,0,10,-1,0,50,0,1,4,0,0,0,0,0,94736,0,1,0,111130,0,1,69,0,0,0,70,69,70,27,2,70,1,-1,70,1,0,0,242936,4202512,0,82294,0,0,0,0,0,0,0,3,82294,0,111099,0,4202512,0,0,0,0,213615,0,0,242936,0,0,0,9,0,70,6,0,2,241173,0,0,242936,2,4,0,0,316,0,-1,0,266256,70
111109,225,252,0,225,250,0,1924,250,200,250,22,2,10,25,2,250,250,75,250,Colombia,1,0,-1,0,198710,0,10,-1,0,50,0,1,4,0,0,0,0,0,46788,20,1,59,111465,0,1,79,0,1,0,78,79,79,-74,1,78,1,-1,78,1,0,0,198710,132496,0,198710,0,0,0,0,0,0,0,3,198710,0,111109,0,4195728,0,0,1,0,198710,0,0,198710,0,0,0,1,0,78,6,0,-5,241084,0,0,198710,7,6,0,0,316,0,-1,0,270736,79
111111,39,193,0,255,250,255,1928,250,20,250,45,2,33,222,2,250,250,255,250,Morocco,136,0,-1,0,235212,0,10,-1,0,50,0,2,4,0,0,0,0,0,67000,0,1,0,1391,0,1,79,0,1,0,79,79,80,-7,2,79,1,-1,79,0,0,0,235212,132096,0,235212,0,0,0,0,0,0,0,3,235212,0,111111,0,4202496,0,0,1,0,235212,0,0,235212,0,0,0,8,0,79,6,0,1,231410,0,0,235212,9,6,0,0,316,0,-1,0,266240,80
111112,128,255,0,255,255,255,1960,255,0,255,0,2,5,153,2,255,255,255,255,Ivory Coast,51,0,-1,0,216320,0,10,-1,0,50,0,1,4,0,0,0,0,0,40000,0,0,0,1667,0,0,78,0,14,0,78,78,80,-4,2,78,1,-1,78,0,0,0,230938,132368,0,254088,0,0,0,0,0,0,0,9,254088,0,111112,0,4202768,0,0,0,0,236403,0,0,216320,0,0,0,9,0,78,6,0,0,230938,0,0,216320,2,5,0,0,316,0,-1,0,266512,80
111114,128,1,0,255,255,255,1956,255,1,255,1,1,21,128,1,255,255,255,255,Saudi Arabia,1,0,-1,0,210602,4,10,-1,0,50,0,2,4,0,0,0,0,0,62345,0,1,405,111527,0,0,74,0,0,0,72,74,74,39,3,71,0,-1,71,0,0,0,210602,4202496,0,210602,0,0,0,0,0,0,0,4,210602,0,111114,0,4198400,0,0,0,0,210602,1,0,210602,0,0,0,8,0,72,6,0,3,238545,0,0,210602,9,4,0,0,316,0,-1,0,264192,74
111115,144,5,0,255,255,255,1941,255,255,255,68,1,36,0,1,255,255,255,255,Iran,0,0,-1,0,84186,0,10,-1,0,30,0,2,4,0,0,0,0,0,78116,0,0,0,111527,0,0,72,0,0,0,72,72,73,51,3,72,1,-1,72,0,0,0,84171,270336,0,84178,0,0,0,0,0,0,0,4,84179,0,111115,0,528384,0,0,0,0,84172,0,0,84186,0,0,0,8,0,72,6,0,3,84172,0,0,84186,2,3,0,0,316,0,-1,0,526336,73
111117,0,255,17000,55,255,55,1926,255,55,255,0,1,41,55,1,255,255,55,255,Fatih Karagümrük S.K.,55,0,-1,0,209782,0,1,-1,0,50,0,2,4,0,1,3,0,0,74753,0,2,231,111339,0,1,67,0,1,0,67,67,68,28,2,68,2,-1,68,0,0,0,235717,4202512,0,225844,0,0,0,0,0,0,0,2,235717,2,111117,0,270352,0,0,0,0,258390,0,0,225844,0,0,0,5,0,67,89,3,3,209782,0,0,209782,9,1,0,0,316,0,-1,0,528400,70
111130,0,210,0,255,1,255,1921,1,1,1,0,2,30,1,2,1,1,255,1,Egypt,1,0,-1,0,81918,0,10,-1,0,50,0,2,4,0,0,0,0,1,75000,0,0,0,111448,0,1,74,0,1,0,74,74,78,31,3,70,1,-1,70,0,0,0,81918,4202880,0,209331,0,0,0,0,0,0,0,4,254252,0,111130,0,4198784,0,0,1,0,209331,1,0,209331,0,0,0,8,0,74,6,0,2,209331,0,0,209331,9,4,0,0,316,0,-1,0,264576,78
111138,223,222,150000,237,1,133,2010,1,12,1,224,1,44,41,1,1,1,199,1,Minnesota United FC,80,0,-1,0,233092,4,3,-1,0,50,0,1,4,0,0,6,0,0,19400,0,1,602,696,0,1,70,0,3,0,69,70,71,-93,2,67,0,-1,68,1,0,0,233092,4202634,0,233092,0,0,0,0,0,0,0,2,233092,9,111138,0,4202634,0,0,0,0,254962,0,0,233092,0,0,0,6,0,69,134,5,-6,251229,0,0,233092,2,1,0,0,316,0,-1,0,266378,71
111139,82,11,189000,12,12,12,1992,12,255,12,160,1,46,255,1,12,12,12,12,CF Montréal,255,0,-1,0,260772,0,4,-1,0,50,0,2,4,0,0,4,0,0,20801,0,1,327,111651,0,1,66,0,0,0,66,66,68,-74,2,63,0,-1,64,1,0,0,246070,4202824,0,260772,0,0,0,0,0,0,0,2,246070,7,111139,0,270664,0,0,0,0,244250,1,0,246070,0,0,0,6,0,66,134,4,-5,244250,0,0,246070,2,4,0,0,316,0,-1,0,528712,69
111140,72,0,201000,0,1,203,2009,1,0,1,18,1,46,100,1,1,1,151,1,Portland Timbers,14,0,-1,0,238303,4,7,-1,0,50,0,2,4,0,0,7,1,1,25218,0,1,384,111144,2,1,69,0,15,0,67,69,68,-123,2,65,0,-1,68,1,0,0,238303,4202840,3,238303,0,0,0,0,0,0,0,3,238303,4,111140,0,4202840,0,0,0,0,203067,0,0,238303,0,1,0,6,0,68,134,6,-8,238303,0,0,238303,2,3,0,0,316,0,-1,0,266584,67
111144,198,148,308000,148,211,0,2007,211,148,211,82,1,48,240,1,211,211,85,211,Seattle Sounders,82,0,-1,0,210423,4,6,-1,0,50,1,2,6,0,0,7,0,0,37722,0,1,440,111140,2,1,70,0,15,0,70,71,73,-122,1,69,0,-1,68,1,0,0,210423,4195400,3,210423,0,0,0,0,0,0,4,1,210423,6,111144,0,4195400,0,1,0,0,242648,0,0,210423,0,2,0,6,0,70,134,2,-8,210423,0,0,210423,2,4,0,0,316,0,-1,0,270408,73
111205,42,92,0,255,255,255,1800,255,111,255,16,1,51,42,1,255,255,255,255,Classic XI,1,0,-1,0,167135,4,10,-1,0,50,0,2,4,0,0,0,0,0,100000,0,0,110,114815,0,0,92,0,0,0,92,92,92,7,2,91,0,-1,91,0,0,0,190045,4202496,0,226764,0,0,0,0,0,0,0,2,190045,0,111205,0,270336,0,2,0,0,168473,1,0,190045,0,0,0,0,0,92,6,0,1,190048,0,0,190045,2,10,0,0,316,0,-1,0,528384,92
111235,1,225,48222,98,255,10,2007,255,178,225,1,2,48,178,2,255,225,31,225,1. FC Heidenheim,178,0,-1,1,266236,0,2,-1,0,30,0,2,4,0,0,5,0,0,15000,0,1,214,100409,0,1,72,0,3,0,72,72,72,10,3,71,1,-1,72,1,0,0,231227,270486,1,231227,0,0,0,0,0,0,0,2,231227,1,111235,0,528534,0,0,0,0,216199,0,0,266236,0,0,0,4,0,72,25,6,1,260290,0,0,266236,2,1,0,0,316,0,-1,0,526486,70
111239,255,255,12500,1,235,1,2004,235,225,235,255,1,48,1,1,235,235,1,235,FC Ingolstadt 04,25,0,-1,0,234945,0,10,-1,0,30,0,2,4,0,1,3,0,0,15800,0,1,227,33,0,1,64,0,1,0,65,66,60,11,3,64,1,-1,64,1,0,0,234945,266241,1,234945,0,0,0,0,0,0,0,2,234945,5,111239,0,526337,0,0,0,0,241967,0,0,234945,0,0,0,4,0,64,91,3,1,234945,0,0,234945,2,1,0,0,316,0,-1,0,526337,60
111273,102,12,19000,255,255,255,1897,255,17,255,70,1,48,147,1,255,255,255,255,Red Star FC (FRANCE),101,0,-1,0,243412,4,2,-1,0,30,0,2,4,0,0,3,0,0,5600,0,1,415,111817,0,1,68,0,1,0,67,68,64,2,2,67,0,-1,67,0,0,0,243412,270340,0,243412,0,0,0,0,0,0,5,2,243412,3,111273,0,532484,0,0,0,0,72137,0,0,246550,0,0,0,4,0,67,51,3,1,72136,0,0,246550,2,1,0,0,316,0,-1,0,528388,64
111276,107,1,22000,255,1,255,1909,1,1,1,174,1,51,110,1,1,1,255,1,USL Dunkerque,185,0,-1,0,267973,0,7,-1,0,30,0,1,4,0,0,1,0,0,5000,0,0,815,132680,0,1,66,0,3,0,67,66,67,2,1,67,1,-1,67,0,0,0,267973,263424,0,267973,0,0,0,0,0,0,0,2,267973,3,111276,0,525568,0,0,0,0,240258,0,0,267973,0,0,0,4,0,67,51,4,1,229974,0,0,267973,2,1,0,0,316,0,-1,0,532736,67
111325,250,250,47000,46,249,238,1899,248,141,249,250,1,-34,194,1,249,248,24,249,Nacional,220,0,-1,0,197225,0,10,-1,0,50,0,2,4,0,0,7,0,1,34000,0,1,795,101110,0,1,69,0,3,0,71,69,73,-56,1,72,1,-1,72,1,1,0,265766,4195328,1,197225,0,0,0,0,3,0,0,2,197225,7,111325,0,4195328,0,0,0,0,197655,0,0,197225,0,49,0,1,0,71,184,8,-3,239207,0,0,197225,7,8,0,0,316,0,-1,0,270336,73
111328,250,250,15750,100,250,20,1920,250,238,250,250,1,-33,46,1,250,250,141,250,Palestino,36,0,-1,0,193534,0,7,-1,0,50,0,2,3,0,0,4,0,0,6000,0,2,256,110975,0,1,66,0,3,0,67,66,66,-70,2,66,1,-1,66,2,1,0,193534,4202752,0,275463,0,0,0,0,0,0,3,1,275463,6,111328,0,270592,0,0,1,0,234717,0,0,193534,0,2,0,1,0,67,184,3,-4,84219,0,0,193534,7,3,0,0,316,0,-1,0,528640,66
111339,51,51,30000,255,255,255,1921,255,200,255,153,1,41,1,1,255,255,255,255,Kasımpaşa,1,0,-1,0,216580,0,3,-1,0,50,0,2,4,0,0,4,0,0,14234,3,1,231,101014,0,1,69,0,0,0,69,69,69,28,2,67,1,-1,67,1,0,0,216580,4202754,0,225403,0,0,0,0,0,0,0,2,225403,4,111339,0,4202754,0,0,1,0,216580,1,0,216580,0,0,0,5,0,69,89,3,3,243154,0,0,216580,9,2,0,0,316,0,-1,0,266498,70
111393,1,255,8000,9,1,252,2003,1,229,1,1,1,-34,25,1,1,1,210,1,Adelaide United,55,0,-1,0,198955,0,6,-1,0,50,0,1,4,0,0,3,0,0,16500,0,1,5,111397,0,2,62,0,1,0,64,62,65,138,1,63,2,-1,63,1,0,0,198955,4195346,2,198955,0,0,0,0,0,0,3,2,198955,5,111393,0,263186,0,0,0,0,216193,0,0,198955,0,1,0,3,0,64,54,6,9,272571,0,0,198955,2,1,0,0,316,0,-1,0,532498,65
111395,118,244,11000,1,1,1,2005,1,251,1,36,1,-27,82,1,1,1,1,1,Brisbane Roar,1,0,-1,0,180903,0,8,-1,0,50,0,2,4,0,0,3,0,0,52500,0,1,75,111400,0,2,64,0,1,0,63,64,62,153,2,63,2,-1,63,1,0,0,180903,4202624,2,180903,0,0,0,0,0,0,0,2,180903,6,111395,0,270464,0,0,1,0,180903,1,0,180903,0,3,0,3,0,63,54,6,10,180903,0,0,180903,2,1,0,0,316,0,-1,0,528512,62
111396,210,255,5500,155,1,1,2004,1,255,1,1,1,-33,196,1,1,1,82,1,Central Coast Mariners,35,0,-1,0,273841,0,8,-1,0,50,0,1,4,0,0,2,0,0,20059,0,1,190,111398,0,2,61,0,1,0,62,61,59,151,2,63,2,-1,63,1,0,0,273841,4202512,2,273841,0,0,0,0,0,0,0,2,247336,8,111396,0,270352,0,0,0,0,268416,0,0,273841,0,3,0,3,0,62,54,2,10,247336,0,0,273841,2,5,0,0,316,0,-1,0,528400,59
111397,46,3,11500,255,1,255,2004,1,137,1,94,1,-37,148,1,1,1,255,1,Melbourne Victory,152,0,-1,0,178088,0,9,-1,0,50,0,2,4,0,0,4,0,0,30050,0,1,311,111400,0,2,65,0,1,0,65,65,65,144,1,62,2,-1,62,1,0,0,193143,4195416,2,178088,0,0,0,0,0,0,2,2,262039,2,111397,0,263256,0,0,0,0,193143,0,0,178088,0,4,0,3,0,65,54,8,10,222540,0,0,178088,2,1,0,0,316,0,-1,0,532568,65
111398,86,2,7000,39,1,235,2000,1,207,1,155,1,-32,173,1,1,1,45,1,Newcastle Jets,99,0,-1,0,263982,0,5,-1,0,50,0,2,4,0,0,2,0,0,33000,0,1,341,111396,0,2,64,0,1,0,64,64,65,151,3,62,2,-1,62,1,0,0,225757,4198401,2,263982,0,0,0,0,0,0,0,2,263982,4,111398,0,264193,0,0,0,0,225757,0,0,263982,0,1,0,3,0,64,54,3,10,263982,0,0,263982,2,1,0,0,316,0,-1,0,526337,65
111399,40,93,8700,255,20,255,1995,1,90,1,130,1,-31,50,1,1,1,255,20,Perth Glory,110,0,-1,0,211513,0,3,-1,0,30,0,2,4,0,0,3,0,0,20500,0,1,376,111766,0,2,59,0,1,0,63,59,67,115,2,63,2,-1,63,1,0,0,211513,270592,2,211513,0,0,0,0,0,0,0,2,211513,7,111399,0,532736,0,0,0,0,202676,0,0,211513,0,2,0,3,0,63,54,6,8,211513,0,0,211513,2,1,0,0,316,0,-1,0,528640,67
111400,200,140,12500,107,1,5,2004,1,255,1,255,1,-33,255,1,1,1,62,1,Sydney FC,255,0,-1,0,221587,0,10,-1,0,50,0,2,4,0,0,5,0,0,42500,0,1,472,112427,0,2,65,0,1,0,65,65,66,151,1,66,2,-1,66,1,0,0,192241,4195336,2,221587,0,0,0,0,0,0,1,6,221587,2,111400,0,263176,0,0,0,0,192241,1,0,221587,0,5,0,3,0,65,54,8,10,221587,0,0,221587,2,5,0,0,316,0,-1,0,532488,66
111433,250,250,22575,0,250,255,1911,250,250,250,250,1,45,250,1,250,250,0,250,Mantova,250,0,-1,0,80602,0,2,-1,0,65,0,2,4,0,0,1,0,0,14884,0,1,961,111434,0,1,65,0,0,0,67,65,69,10,1,65,0,-1,65,1,0,0,268081,132352,0,80602,0,0,0,0,0,0,0,4,268081,4,111433,0,132352,0,0,0,0,224508,0,0,268081,0,0,0,4,0,67,82,2,1,224508,0,0,80602,2,1,0,0,316,0,-1,0,4202752,69
111434,30,240,50025,250,130,250,1903,130,130,133,30,2,45,130,2,133,130,250,130,Cremonese,133,0,-1,0,217338,0,2,-1,0,30,0,2,4,0,0,1,0,0,16003,0,1,650,111433,0,1,71,0,1,0,71,70,74,10,2,70,1,-1,72,1,0,0,217338,270464,0,217338,0,0,0,0,0,0,0,2,217338,3,111434,0,532608,0,0,0,0,205363,0,0,217338,0,0,0,4,0,73,47,2,1,223137,0,0,217338,2,1,0,0,316,0,-1,0,528512,72
111448,250,250,0,49,250,0,1962,250,255,250,250,2,36,0,2,250,250,150,250,Algeria,0,0,-1,0,85367,0,10,-1,0,50,0,2,4,0,0,0,0,0,40784,0,1,0,111111,0,1,76,0,3,0,76,76,75,3,2,76,1,-1,76,0,0,0,85367,132096,1,85344,0,0,0,0,0,0,0,5,85344,0,111448,0,4202496,0,0,1,0,85348,0,0,85367,0,0,0,8,0,76,6,0,1,85376,0,0,85367,2,3,0,0,316,0,-1,0,266240,75
111455,1,255,0,255,255,255,1912,255,1,255,1,2,49,1,2,255,255,255,255,Canada,1,0,-1,0,242380,4,10,-1,0,50,0,2,4,0,0,0,0,0,54500,0,1,0,1387,2,1,73,0,15,0,75,73,77,-123,3,76,0,-1,76,1,0,0,242380,139332,0,242380,0,0,0,0,0,0,0,2,242380,0,111455,0,4198468,0,0,0,0,234396,1,0,242380,0,0,0,6,0,75,6,0,-8,243630,0,0,242380,2,2,0,0,316,0,-1,0,266308,77
111456,0,0,0,255,255,255,1982,255,190,255,255,1,14,24,1,255,255,255,255,Cabo Verde,24,0,-1,0,70289,0,10,-1,0,90,0,1,4,0,0,0,0,0,8000,0,1,0,111462,0,1,69,0,0,0,70,69,69,23,2,71,1,-1,71,0,0,0,70289,73728,0,70289,0,0,0,0,0,0,0,7,70289,0,111456,0,73728,0,0,0,0,194847,0,0,70289,0,0,0,9,0,70,6,0,2,73853,0,0,70289,2,1,0,0,316,0,-1,0,135168,69
111462,255,255,0,0,255,255,1957,255,0,255,0,2,5,106,2,255,255,0,255,Ghana,64,0,-1,0,216201,0,10,-1,0,50,0,1,4,0,0,0,0,0,40000,0,1,911,1667,0,1,75,0,10,0,75,75,78,0,2,73,1,-1,73,0,0,0,216201,132352,0,216201,0,0,0,0,0,0,0,3,216201,0,111462,0,4202752,0,0,1,0,209989,0,0,216201,0,0,0,9,0,75,6,0,0,197756,0,0,216201,2,5,0,0,316,0,-1,0,266496,78
111465,225,255,0,155,255,1,1925,255,218,255,0,2,0,12,2,255,255,55,255,Ecuador,24,0,-1,0,237942,4,10,-1,0,30,0,2,4,0,0,0,0,0,35742,0,1,781,111109,0,1,76,0,12,0,76,76,73,-78,3,79,1,-1,79,1,1,0,220295,270336,0,256079,0,0,0,0,0,0,0,3,247181,0,111465,0,266240,0,0,1,0,220295,1,0,220295,0,0,0,1,0,76,6,0,-5,220295,0,0,237942,7,5,0,0,316,0,-1,0,528384,73
111473,255,255,0,1,255,1,1891,255,229,255,255,1,-41,230,1,255,255,1,255,New Zealand,229,0,-1,0,243666,0,10,-1,0,30,0,1,4,0,0,0,0,0,34500,0,1,0,1415,0,1,69,0,1,0,70,69,74,174,3,69,0,-1,69,1,0,0,254142,270464,0,254142,0,0,0,0,0,0,0,2,254142,0,111473,0,528512,0,0,0,0,192123,0,0,243666,0,0,0,3,0,70,88,0,12,192123,0,0,243666,2,2,0,0,316,0,-1,0,526464,74
111475,0,255,0,255,255,0,1937,255,255,255,0,1,9,255,1,255,255,0,255,Panamá,255,0,-1,0,237841,0,10,-1,0,30,0,2,4,0,0,0,0,0,23000,0,1,0,112048,0,1,70,0,0,0,70,70,70,80,2,69,1,-1,69,0,0,0,217045,270336,0,217045,0,0,0,0,0,0,0,3,217045,0,111475,0,532480,0,0,0,0,217047,0,0,217045,0,0,0,1,0,70,6,0,-5,217045,0,0,237841,2,1,0,0,316,0,-1,0,528384,70
111485,94,0,0,255,255,255,1992,255,255,255,184,1,41,255,1,255,255,255,255,Uzbekistan,255,0,-1,0,271294,0,10,-1,0,30,0,2,4,0,0,0,0,0,34800,0,1,0,111527,0,1,67,0,0,0,68,67,69,69,3,71,0,-1,71,0,0,0,81922,270336,0,271294,0,0,0,0,0,0,0,2,271294,0,111485,0,528384,0,0,0,0,239964,0,0,271294,0,0,0,5,0,68,6,0,5,239964,0,0,271294,2,1,0,0,316,0,-1,0,526336,69
111510,4,213,0,254,255,255,1958,255,1,0,33,1,-6,1,1,255,255,255,0,Indonesia,1,0,-1,0,209316,0,10,-1,0,30,0,2,4,0,0,0,0,0,77193,0,1,0,111114,0,0,66,0,0,0,69,66,64,106,3,71,0,-1,71,1,0,0,209316,270336,0,209316,0,0,0,0,0,0,0,3,209316,0,111510,0,528384,0,0,0,0,262396,0,0,209316,0,0,0,2,0,69,6,0,7,209316,0,0,209316,2,1,0,0,316,0,-1,0,526336,64
111512,255,255,0,24,255,32,1948,255,255,255,255,1,30,0,1,255,255,24,255,Iraq,0,0,-1,0,85455,0,10,-1,0,30,0,1,4,0,0,0,0,0,65227,0,0,0,111114,0,1,66,0,0,0,65,66,63,48,2,64,1,-1,64,0,0,0,85456,270336,0,85464,0,0,0,0,0,0,0,5,85464,0,111512,0,532480,0,0,0,0,85468,0,0,85455,0,0,0,8,0,65,6,0,3,85454,0,0,85455,2,2,0,0,316,0,-1,0,528384,63
111513,255,255,0,0,255,255,1945,255,1,255,255,1,32,1,1,255,255,0,255,Jordan,1,0,-1,0,85479,0,10,-1,0,30,0,2,4,0,0,0,0,0,0,0,1,0,111527,0,0,67,0,0,0,66,67,66,35,2,66,1,-1,66,0,0,0,85481,270336,0,85501,0,0,0,0,0,0,0,4,85501,0,111513,0,532480,0,0,0,0,85479,0,0,85479,0,0,0,8,0,66,6,0,3,85484,0,0,85479,2,1,0,0,316,0,-1,0,528384,66
111527,255,255,0,56,20,138,1960,20,188,20,255,1,25,21,1,20,20,21,20,Qatar,56,0,-1,0,234051,0,10,-1,0,50,0,2,4,0,0,0,0,0,45416,0,1,0,111114,0,0,68,0,1,0,69,68,73,51,1,67,0,-1,67,0,0,0,234051,4195456,0,234051,0,0,0,4,0,0,0,2,234051,0,111527,0,4195456,0,0,1,0,180561,0,0,234051,0,0,0,8,0,69,88,0,3,234051,0,0,234051,9,3,0,0,316,0,-1,0,270464,73
111545,0,0,0,0,255,255,1948,255,255,255,255,2,-4,255,2,255,255,0,255,Congo DR,255,0,-1,0,212491,0,10,-1,0,50,0,2,4,0,0,0,0,0,80000,0,1,0,111462,0,0,71,0,0,0,74,71,78,21,2,75,1,-1,75,0,0,0,212491,4202496,0,212491,0,0,0,0,0,0,0,2,212491,0,111545,0,4202496,0,0,0,0,210897,0,0,212491,0,0,0,9,0,74,6,0,1,234824,0,0,212491,2,2,0,0,316,0,-1,0,266240,78
111592,0,0,0,0,255,0,2000,255,0,255,0,1,0,0,1,255,255,0,255,NG - FA,0,0,-1,0,1,4,5,-1,0,50,0,0,4,0,0,5,0,0,0,0,0,0,1,0,0,0,0,0,0,0,0,0,0,0,0,0,-1,0,0,0,0,1,0,0,1,0,0,0,0,0,0,0,2,1,5,111592,0,0,0,2,0,0,1,1,0,1,0,0,0,0,0,0,6,6,0,1,0,0,1,2,5,0,0,316,0,-1,0,0,0
111594,155,8,4000,1,255,1,1894,255,255,255,82,1,58,255,1,255,255,1,255,GAIS,255,0,-1,0,76880,0,5,-1,0,50,0,2,4,0,0,2,0,0,15000,0,1,191,319,0,1,63,0,0,0,66,63,63,12,1,66,1,-1,66,1,0,0,75790,4195328,0,76880,0,0,0,0,0,0,1,2,76880,2,111594,0,263168,0,0,0,0,70108,0,0,76880,0,6,0,7,0,66,97,4,1,84293,0,0,76880,2,1,0,0,316,0,-1,0,532480,63
111596,20,20,0,110,255,197,1996,255,20,255,20,1,44,20,1,255,255,163,255,MLS All Stars,20,0,-1,0,225951,1,10,-1,0,50,0,2,4,0,0,0,0,0,19400,0,0,115,114815,0,0,75,0,0,0,75,75,77,93,1,69,1,-1,69,0,0,0,234505,4195344,0,225951,0,0,0,0,0,0,0,2,234505,0,111596,0,263184,0,0,0,0,234505,1,0,234505,0,0,0,6,0,75,189,0,-8,225951,0,0,234505,2,10,0,0,316,0,-1,0,532496,77
111629,234,252,3400,39,107,225,1920,19,240,54,2,1,22,240,1,54,19,31,107,East Bengal FC,240,0,-1,0,252088,0,7,-1,0,50,0,2,4,0,0,6,0,0,85000,0,1,727,113146,0,1,60,0,1,0,59,60,60,88,2,58,1,-1,58,1,0,0,252088,4202560,0,252088,0,0,0,0,0,0,8,4,252088,3,111629,0,270400,0,0,0,0,252088,1,0,252088,0,0,0,1,0,59,6,8,6,83814,0,0,252088,9,3,0,0,316,0,-1,0,528448,60
111633,1,1,1000,255,104,255,1891,19,2,54,1,1,22,2,1,54,19,255,107,Mohammedan SC,2,0,-1,0,71946,0,5,-1,0,30,0,2,4,0,0,5,0,0,85000,0,0,727,111629,0,1,52,0,1,0,52,52,51,88,1,51,1,-1,51,1,0,0,71946,263168,0,83528,0,0,0,0,0,0,0,5,83528,5,111633,0,525312,0,0,0,0,73265,0,0,71946,0,0,0,1,0,52,6,6,6,73277,0,0,71946,9,5,0,0,316,0,-1,0,532480,51
111651,0,240,218500,255,12,255,2006,12,68,12,0,1,44,84,1,12,12,255,12,Toronto FC,97,0,-1,0,274976,4,6,-1,0,50,1,2,4,0,0,5,0,1,30000,1,1,486,111139,2,1,70,0,1,0,69,71,73,-79,2,67,0,-1,67,1,0,0,274976,4202496,0,274976,0,0,0,0,0,0,0,8,274976,3,111651,0,4202496,0,0,0,0,213439,0,0,274976,0,1,0,6,0,69,134,4,-5,232148,0,0,274976,2,3,0,0,316,0,-1,0,266240,75
111657,255,255,40000,164,250,29,1928,250,250,250,0,1,41,250,1,250,250,93,250,Frosinone,250,0,-1,0,251769,0,4,-1,0,50,0,2,4,0,0,2,0,0,16227,38,1,170,115841,0,1,69,0,3,0,68,69,69,13,2,68,1,-1,68,1,0,0,251769,4202628,2,251769,0,0,0,0,0,0,0,1,251769,8,111657,0,4202628,0,0,0,0,270064,1,0,251769,0,0,0,4,0,68,82,4,1,251769,0,0,251769,2,1,0,0,316,0,-1,0,266372,69
111659,3,222,19000,1,1,248,1929,1,1,1,40,1,44,1,1,1,1,232,1,Rodez Aveyron Football,1,0,-1,0,253041,0,3,-1,0,50,0,2,4,0,0,1,0,0,5955,18,0,745,1809,0,1,65,0,3,0,64,65,66,2,3,64,1,-1,64,0,0,0,253041,4198464,0,275296,0,0,0,0,0,0,0,2,253041,2,111659,0,264256,0,0,0,0,277431,0,0,253041,0,0,0,4,0,64,51,2,1,263110,0,0,253041,2,1,0,0,316,0,-1,0,526400,66
111674,255,255,32530,1,20,255,1947,20,1,20,255,1,24,1,1,20,20,128,20,Al Shabab,1,0,-1,0,208418,4,6,-1,0,50,0,2,4,0,0,4,0,0,15000,0,1,405,112139,0,1,70,0,1,0,69,70,77,46,3,65,1,-1,65,0,0,0,208418,4202641,0,208418,0,0,0,0,0,0,3,4,208418,6,111674,0,4198545,0,0,0,0,208418,0,0,208418,0,6,0,8,0,69,67,8,3,208418,0,0,208418,9,4,0,0,316,0,-1,0,264337,77
111701,255,255,76000,177,83,101,1968,7,255,73,255,1,24,255,1,73,7,71,83,Al Ain FC (UAE),255,0,-1,0,226376,0,9,-1,0,50,0,2,4,0,0,5,0,0,24000,0,1,766,605,0,1,70,0,3,0,69,70,77,55,2,67,0,-1,67,0,0,0,226376,4202496,1,226376,0,0,0,0,0,0,7,2,226376,4,111701,0,4202496,0,0,0,0,247072,0,0,226376,0,14,0,8,0,69,88,8,4,264348,0,0,226376,9,6,0,0,316,0,-1,0,266240,77
111705,1,1,5000,1,192,255,1942,192,1,192,1,1,59,25,1,192,192,1,192,IF Brommapojkarna,10,0,-1,0,262721,0,4,-1,0,50,0,2,4,0,0,1,0,0,5000,0,1,464,710,2,1,64,0,15,0,64,64,64,18,3,62,1,-1,62,1,0,0,228325,4198528,0,262721,0,0,0,0,0,0,0,2,228325,9,111705,0,264320,0,0,0,0,243125,0,0,228325,0,0,0,7,0,64,97,8,1,228325,0,0,262721,2,1,0,0,316,0,-1,0,526464,64
111706,58,1,19500,138,255,1,1921,255,250,255,138,1,-32,250,1,255,255,58,255,Godoy Cruz,250,0,-1,0,258284,0,3,-1,0,50,0,2,4,0,0,2,0,1,42000,0,0,189,110953,0,1,66,0,3,0,67,66,68,-68,2,67,1,-1,67,1,1,0,258284,4202648,2,258284,0,0,0,0,0,0,0,6,258284,5,111706,0,270488,0,0,0,0,214769,1,0,258284,0,0,0,1,0,67,6,2,-3,258081,0,0,258284,7,3,0,0,316,0,-1,0,528536,68
111707,221,255,8200,42,255,65,1913,255,255,255,1,1,-38,255,1,255,255,166,255,Aldosivi,255,0,-1,0,231212,0,1,-1,0,65,0,1,4,0,0,1,0,1,35180,0,0,304,112670,0,1,65,0,12,0,68,65,68,-57,2,67,1,-1,67,1,1,0,231212,139280,2,214660,0,0,0,0,0,0,0,3,231212,3,111707,0,139280,0,0,0,0,230984,1,0,214660,0,0,0,1,0,68,190,4,-3,230984,0,0,214660,7,1,0,0,316,0,-1,0,4198416,68
111708,255,255,20000,241,255,98,1902,255,255,255,255,1,-26,255,1,255,255,188,255,Atlético Tucumán,255,0,-1,0,222417,0,2,-1,0,50,0,2,4,0,0,3,0,1,30000,5,0,423,111716,0,1,68,0,1,0,69,68,74,-65,2,69,1,-1,69,1,1,0,222417,4202760,2,279816,0,0,0,0,0,0,0,3,279816,2,111708,0,4202760,0,0,0,0,257338,0,0,222417,0,0,0,1,0,69,190,4,-3,214777,0,0,222417,7,1,0,0,316,0,-1,0,266504,74
111710,216,249,20500,51,255,5,1935,255,255,255,5,1,-34,255,1,255,255,114,255,Defensa y Justicia,255,0,-1,0,215199,0,5,-1,0,30,0,2,4,0,0,2,0,1,10070,0,0,164,101083,0,1,69,0,1,0,70,69,69,-58,2,69,1,-1,69,1,1,0,215199,270473,2,215199,0,0,0,0,0,0,0,4,215199,7,111710,1,532617,0,0,0,0,241569,0,0,215199,0,0,0,1,0,70,190,6,-3,215199,0,0,215199,7,5,0,0,316,0,-1,0,528521,69
111711,255,255,18300,8,255,251,1908,255,255,255,255,1,-34,255,1,255,255,5,255,Huracán,255,0,-1,0,216020,0,5,-1,0,30,0,2,4,0,0,5,0,1,48314,0,0,82,1013,0,1,69,0,1,0,70,69,64,-58,1,70,1,-1,70,1,1,0,216020,263432,2,216020,0,0,0,0,0,0,1,3,216020,4,111711,0,525576,0,0,0,0,253354,0,0,216020,0,5,0,1,0,70,190,6,-3,216020,0,0,216020,7,3,0,0,316,0,-1,0,532744,64
111713,145,1,7500,1,255,1,1907,255,255,255,60,1,-31,255,1,255,255,1,255,San Martín de San Juan,255,0,-1,0,214830,0,1,-1,0,30,0,2,4,0,0,2,0,0,24000,0,2,421,111706,0,1,64,0,12,0,63,64,62,-68,2,63,1,-1,63,1,1,0,214830,270336,0,214830,0,0,0,0,0,0,0,2,214830,4,111713,0,532480,0,0,0,0,226393,0,0,214830,0,0,0,1,0,63,6,7,-3,81744,0,0,214830,7,1,0,0,316,0,-1,0,528384,62
111715,51,11,12000,37,249,210,1902,248,255,249,123,1,-34,255,1,249,248,1,249,Tigre,255,0,-1,0,220147,0,3,-1,0,30,0,2,4,0,0,4,0,1,26282,0,0,514,112689,0,1,69,0,3,0,69,69,69,-58,2,66,1,-1,66,1,1,0,256508,270592,2,220147,0,0,0,0,0,0,0,5,256508,6,111715,0,532736,0,0,0,0,226772,0,0,220147,0,0,0,1,0,69,190,4,-3,258082,0,0,220147,7,3,0,0,316,0,-1,0,528640,69
111716,255,255,11000,21,255,200,1907,255,255,255,255,1,-31,255,1,255,255,30,255,Unión de Santa Fe,255,0,-1,0,228961,0,2,-1,0,50,0,2,4,0,0,5,0,1,26489,0,0,431,110396,0,1,70,0,1,0,69,70,68,-60,3,69,1,-1,69,1,1,0,228961,4202824,2,228961,0,0,0,0,0,0,0,2,254585,5,111716,0,4198728,0,0,0,0,279845,0,0,228961,0,0,0,1,0,69,190,3,-3,232729,0,0,228961,7,3,0,0,316,0,-1,0,264520,68
111722,9,156,35700,134,30,223,1954,30,156,30,19,1,4,9,1,30,30,217,30,Deportes Tolima,19,0,-1,0,271629,0,6,-1,0,50,0,2,4,0,0,4,0,0,30000,0,0,224,101101,0,1,69,0,1,0,69,69,69,-75,3,69,1,-1,69,1,1,0,225812,4202506,0,271629,0,0,0,0,0,0,1,6,271629,3,111722,0,4198410,0,0,1,0,243004,0,0,271629,0,3,0,1,0,69,111,4,-5,236604,0,0,271629,7,4,0,0,366,0,-1,0,264202,69
111724,128,255,13100,255,1,255,1956,1,1,1,1,1,36,1,1,255,255,255,128,Shandong Taishan,255,0,-1,0,223298,0,10,-1,0,50,0,2,4,0,0,9,0,0,56808,0,1,234,111768,0,1,67,0,1,0,65,67,73,117,1,62,1,-1,62,0,0,0,223298,4195337,0,223298,0,0,0,0,0,0,8,4,223298,4,111724,0,263177,0,0,0,0,182224,0,0,223298,0,5,0,2,0,65,75,9,8,230601,0,0,223298,4,4,0,0,316,0,-1,0,532489,73
111766,210,254,5900,1,1,1,2007,1,255,1,6,1,-41,255,1,1,1,1,1,Wellington Phoenix,255,0,-1,0,221425,0,4,-1,0,30,0,2,4,0,0,3,0,0,34500,0,1,524,131739,0,2,62,0,1,0,62,62,63,174,2,61,2,-1,61,1,0,0,221425,270464,0,221425,0,0,0,0,0,0,0,2,240650,5,111766,0,532608,0,0,0,0,219392,0,0,221425,0,0,0,3,0,62,54,5,12,79711,0,0,221425,2,1,0,0,316,0,-1,0,528512,63
111768,153,1,16680,255,255,255,1951,255,255,1,1,1,39,255,1,1,1,255,153,Beijing Guoan,1,0,-1,0,225478,0,7,-1,0,50,0,1,4,0,0,7,0,0,65094,0,1,43,110955,0,1,65,0,1,0,65,65,67,116,1,65,0,-1,65,0,0,0,225478,4195464,0,225478,0,0,0,0,0,0,5,2,241239,6,111768,0,263304,0,0,0,0,199088,0,0,225478,0,6,0,2,0,65,75,10,8,227527,0,0,225478,4,2,0,0,316,0,-1,0,532616,67
111769,1,255,7050,250,255,250,1996,255,255,1,1,1,43,255,1,1,255,250,1,Changchun Yatai,1,0,-1,0,241332,0,7,-1,0,30,0,1,4,0,0,4,0,0,23400,0,1,100,111768,0,1,60,0,0,0,61,60,62,125,3,60,0,-1,60,1,0,0,241332,266240,0,241332,0,0,0,0,0,0,0,3,241332,6,111769,0,526336,0,0,0,0,202855,0,0,241332,0,1,0,2,0,61,75,6,8,201876,0,0,241332,4,2,0,0,316,0,-1,0,526336,62
111774,1,76,9550,255,255,255,1951,255,1,153,153,1,39,1,1,255,76,255,1,Tianjin Jinmen Tiger,1,0,-1,0,237670,0,7,-1,0,50,0,1,4,0,0,5,0,0,54696,0,1,480,111768,0,1,64,0,1,0,62,64,72,117,2,59,0,-1,59,0,0,0,237670,4202512,0,237670,0,0,0,0,0,0,2,4,237670,6,111774,0,270352,0,0,0,0,224466,0,0,237670,0,3,0,2,0,62,75,3,8,237670,0,0,237670,4,1,0,0,316,0,-1,0,528400,72
111779,1,204,7950,255,125,255,1958,0,0,1,1,1,34,125,1,34,204,255,1,Henan FC,34,0,-1,0,219908,4,4,-1,0,65,0,1,4,0,0,3,0,0,29000,0,1,538,111768,0,1,62,0,1,0,61,62,54,113,1,62,0,-1,62,0,0,0,219908,132360,0,219908,0,0,0,0,0,0,0,2,219908,3,111779,0,132360,0,0,0,0,216736,0,0,219908,0,0,0,2,0,61,75,3,8,219908,0,0,219908,4,2,0,0,316,0,-1,0,4202760,54
111811,0,229,95000,250,250,250,1912,250,229,250,42,2,45,0,2,250,250,250,250,Monza,42,0,-1,0,251988,0,7,-1,0,65,0,2,4,0,0,4,0,0,9300,15,1,831,1745,0,1,73,0,1,0,72,73,72,9,1,68,1,-1,68,1,0,0,251988,132096,1,251988,0,0,0,0,0,0,0,4,251988,5,111811,0,132096,0,0,0,0,239613,0,0,251988,0,0,0,4,0,72,82,8,1,239613,0,0,251988,2,1,0,0,316,0,-1,0,4202496,72
111817,28,12,160000,250,114,250,1969,22,29,50,61,2,48,62,2,50,22,250,114,Paris FC,148,0,-1,0,216820,4,4,-1,0,50,0,2,4,0,0,3,0,0,20000,3,1,373,73,0,1,76,0,1,0,75,76,75,2,1,72,1,-1,73,0,0,0,216820,132096,0,216820,0,0,0,0,0,0,0,8,216820,5,111817,0,4195328,0,0,0,0,230020,1,0,216820,0,0,0,4,0,75,45,9,1,192387,0,0,216820,2,1,0,0,316,0,-1,0,270336,75
111822,255,255,15000,1,204,1,1931,202,1,206,255,1,46,139,1,206,202,1,204,Wolfsberger AC,58,0,-1,0,73288,0,6,-1,0,50,0,2,4,0,0,4,0,0,8100,0,1,529,2017,0,1,67,0,3,0,67,67,66,14,2,67,1,-1,67,1,0,0,73288,4202504,0,73288,0,0,0,0,0,0,1,2,73288,5,111822,0,270344,0,0,0,0,229818,1,0,73288,0,0,0,4,0,67,31,5,1,73288,0,0,73288,2,4,0,0,316,0,-1,0,528392,66
111928,60,1,162800,1,60,1,1994,1,255,166,166,1,37,255,1,166,1,1,60,San Jose Earthquakes,255,0,-1,0,266518,4,4,-1,0,50,0,2,4,0,0,5,0,0,18000,0,1,420,697,0,1,68,0,3,0,67,69,65,-121,2,65,0,-1,65,1,0,0,266518,4202640,0,266518,0,0,0,0,0,0,0,1,266518,7,111928,0,270480,0,0,0,0,233943,0,0,266518,0,2,0,6,0,67,134,7,-8,212188,0,0,266518,2,2,0,0,316,0,-1,0,528528,67
111974,164,35,240000,30,30,30,1920,30,250,30,84,2,44,250,2,30,30,30,30,Sassuolo,250,0,-1,0,210935,0,3,-1,0,30,0,2,4,0,0,3,0,0,21525,0,1,438,110740,0,1,75,0,3,0,74,76,77,10,2,72,1,-1,73,1,0,0,210935,270468,1,210935,0,0,0,0,0,0,0,3,243593,7,111974,0,532612,0,0,0,0,210935,0,0,243593,0,0,0,4,0,74,47,4,1,210935,0,0,243593,2,1,0,0,316,0,-1,0,528516,75
111975,237,255,25750,45,255,1,1925,255,255,255,1,1,-20,237,1,255,255,122,255,Mirassol,1,0,-1,0,230411,0,1,-1,0,50,0,2,4,0,0,1,0,0,15000,0,0,985,112472,0,1,69,0,3,0,70,69,71,-49,2,71,1,-1,71,1,0,0,230411,4202496,0,230411,0,0,0,0,0,0,0,3,230411,4,111975,0,4202496,0,0,1,0,230411,1,0,230411,0,0,0,1,0,70,111,5,-3,230411,0,0,230411,2,1,0,0,316,0,-1,0,266240,71
112048,0,0,0,0,255,255,1904,255,250,255,152,1,18,250,1,255,255,0,255,Haiti,250,0,-1,0,235456,0,10,-1,0,30,0,2,4,0,0,0,0,0,10500,0,1,992,111475,0,1,69,0,0,0,69,69,70,-72,3,69,1,-1,69,0,0,0,235456,270336,0,268805,0,0,0,0,0,0,0,4,268805,0,112048,0,528384,0,0,0,0,178363,1,0,235456,0,0,0,9,0,69,6,0,-5,244949,0,0,235456,2,1,0,0,316,0,-1,0,526336,70
112054,100,0,0,255,255,255,2010,255,0,255,250,1,12,100,1,255,255,255,255,Curaçao,250,0,-1,0,84305,0,10,-1,0,30,0,2,4,0,0,0,0,0,15000,0,1,0,112048,0,1,69,0,0,0,68,69,66,-68,3,69,1,-1,69,0,0,0,84302,270336,0,84305,0,0,0,0,0,0,0,5,84300,0,112054,0,528384,0,0,0,0,84305,0,0,84305,0,0,0,9,0,68,6,0,-4,84302,0,0,84305,2,1,0,0,316,0,-1,0,526336,66
112072,255,255,7000,1,169,1,1939,169,245,169,47,1,56,235,1,169,169,1,169,Mjällby AIF,27,0,-1,0,272712,0,8,-1,0,50,0,2,4,0,0,2,0,0,7500,18,1,809,320,0,1,68,0,1,0,67,68,67,14,1,69,1,-1,69,1,0,0,272920,4195332,0,272712,0,0,0,0,0,0,0,1,254469,6,112072,0,263172,0,0,0,0,219865,0,0,272920,0,0,0,7,0,67,97,7,1,272712,0,0,272712,2,1,0,0,316,0,-1,0,532484,67
112096,153,1,28750,1,100,255,1945,100,255,201,1,1,26,255,1,201,100,1,100,Al Ettifaq,255,0,-1,0,212476,4,6,-1,0,50,0,2,4,0,0,4,0,0,12924,0,1,591,112883,0,1,70,0,3,0,68,71,69,50,3,65,1,-1,66,1,0,0,212476,4202753,0,212476,0,0,0,0,0,0,2,6,212476,7,112096,0,4198657,0,0,1,0,181291,0,0,212476,0,2,0,8,0,68,67,7,3,181291,0,0,212476,9,4,0,0,316,0,-1,0,264449,69
112112,70,0,19000,250,255,250,1935,255,0,255,150,1,34,70,1,255,255,250,255,Juventud de Las Piedras,150,0,-1,0,229636,0,1,-1,0,30,0,2,4,0,0,2,0,0,7000,0,0,988,112868,0,1,66,0,12,0,67,66,66,56,3,67,1,-1,67,0,0,0,260738,266240,0,260738,0,0,0,0,0,0,0,4,260738,3,112112,0,526336,0,0,1,0,205409,0,0,229636,0,0,0,1,0,67,111,4,-3,229636,0,0,229636,2,1,0,0,316,0,-1,0,526336,66
112115,128,255,10580,51,102,1,2008,1,255,1,1,1,37,255,1,51,255,102,128,Gangwon FC,255,0,-1,0,233018,0,4,-1,0,90,0,1,4,0,0,3,0,0,22333,0,1,174,1474,0,1,67,0,1,0,66,67,60,128,1,66,1,-1,66,1,0,0,233018,66712,1,233018,0,0,0,0,0,0,0,4,233018,6,112115,0,66712,0,0,0,0,238089,1,0,233018,0,0,0,2,0,66,29,4,9,233018,0,0,233018,4,1,0,0,316,0,-1,0,139416,60
112116,150,100,14500,255,249,255,1955,248,177,249,255,1,-34,207,1,249,248,255,249,O'Higgins,245,0,-1,0,209892,0,8,-1,0,90,0,2,4,0,0,4,0,0,15600,0,2,395,110975,0,1,68,0,3,0,66,68,66,-70,3,66,1,-1,66,2,0,0,209892,69760,0,234587,0,0,0,0,0,0,0,2,234587,5,112116,0,67712,0,0,1,0,214280,0,0,209892,0,1,0,1,0,66,111,5,-4,236693,0,0,209892,7,3,0,0,316,0,-1,0,133248,66
112124,255,255,42150,78,0,2,1907,2,250,78,6,1,40,250,1,78,2,0,0,Juve Stabia,250,0,-1,0,257768,0,2,-1,0,30,0,2,4,0,0,1,0,0,7642,38,1,762,2038,2,1,67,0,15,0,67,67,66,14,1,67,1,-1,67,1,0,0,257768,263172,2,72834,0,0,0,0,0,0,0,2,72834,7,112124,0,525316,0,0,0,0,72834,0,0,72834,0,0,0,4,0,67,82,2,1,268674,0,0,72834,2,1,0,0,316,0,-1,0,532484,66
112126,88,51,3000,255,250,255,1912,250,51,250,255,1,57,88,1,250,250,255,250,IFK Värnamo,255,0,-1,0,242658,0,1,-1,0,50,0,1,4,0,0,1,0,0,5010,0,1,875,700,0,1,62,0,1,0,62,62,64,14,2,62,0,-1,62,1,0,0,201965,4202560,0,242658,0,0,0,0,0,0,0,2,201965,5,112126,0,270400,0,0,0,0,201965,0,0,201965,0,0,0,7,0,62,97,5,1,206147,0,0,242658,2,1,0,0,316,0,-1,0,528448,64
112134,10,0,206000,68,0,171,2008,0,78,128,68,1,40,143,1,128,0,138,0,Philadelphia Union,201,0,-1,0,255275,4,7,-1,0,50,0,2,4,0,0,5,0,0,18500,18,1,104,112828,0,1,68,0,11,0,67,67,68,-75,2,64,0,-1,66,1,0,0,268805,4202624,0,255275,0,0,0,0,0,0,0,1,255275,5,112134,0,270464,0,0,0,0,216939,0,0,255275,0,0,0,6,0,67,134,5,-5,255275,0,0,255275,2,3,0,0,316,0,-1,0,528512,72
112139,204,255,119390,204,1,1,1955,1,255,1,1,2,24,255,2,1,1,1,1,Al Nassr,255,0,-1,0,216352,4,9,-1,0,65,0,2,4,0,0,10,0,0,26004,18,1,405,605,0,1,77,0,1,0,76,78,85,46,3,73,1,-1,74,1,0,0,216352,139409,0,216352,0,0,0,0,0,0,6,3,216352,4,112139,0,135313,0,0,1,0,20801,1,0,216352,0,10,0,8,0,76,67,10,3,208722,0,0,216352,9,7,0,0,316,0,-1,0,4198545,87
112163,153,1,10880,255,255,255,1998,255,1,1,1,1,30,153,1,255,1,255,153,Zhejiang Professional FC,1,0,-1,0,229804,4,3,-1,0,50,0,2,4,0,0,4,0,0,40000,0,1,207,110955,0,1,60,0,1,0,62,60,66,120,3,62,1,-1,62,0,0,0,229804,4198400,0,229804,0,0,0,0,0,0,0,3,229804,5,112163,0,264192,0,0,0,0,269536,0,0,229804,0,0,0,2,0,62,75,5,8,229804,0,0,229804,4,1,0,0,316,0,-1,0,526336,66
112172,255,255,604125,65,175,221,2009,175,1,175,255,2,51,31,2,175,175,7,175,RB Leipzig,71,0,-1,1,236703,4,8,-1,0,65,0,2,4,0,0,2,1,0,47800,1,1,273,22,0,1,78,0,1,0,78,77,78,12,3,78,1,-1,79,1,0,0,236703,139392,3,236703,0,0,0,0,0,0,2,2,236703,4,112172,0,135296,0,0,0,0,236703,0,0,236703,0,0,0,4,0,79,25,10,1,73398,0,0,236703,2,7,0,0,366,0,-1,0,4198528,79
112199,73,1,7000,255,1,255,2008,1,1,1,150,1,59,87,1,1,1,255,1,Sarpsborg 08,170,0,-1,0,236750,0,6,-1,0,50,0,2,4,0,0,2,0,0,8022,3,1,437,2041,2,1,65,0,15,0,65,65,65,11,3,65,1,-1,65,1,0,0,236750,4198656,0,272518,0,0,0,0,0,0,0,3,272518,6,112199,0,264448,0,0,0,0,213864,0,0,236750,0,0,0,7,0,65,199,7,1,267426,0,0,236750,2,1,0,0,316,0,-1,0,526592,65
112222,245,249,2450,30,80,30,1914,30,249,30,1,1,53,245,1,30,30,30,80,Harrogate Town,1,0,-1,0,263990,0,3,-1,0,50,0,1,4,0,0,1,0,0,5000,0,0,828,1804,0,2,60,0,3,0,61,60,61,-1,2,60,0,-1,60,0,0,0,263990,4202496,0,263990,0,0,0,0,0,0,0,2,263990,2,112222,0,270336,0,0,1,0,242730,0,0,263990,0,0,0,3,0,61,55,3,0,263990,0,0,263990,2,1,0,0,316,0,-1,0,528384,61
112224,173,108,12877,255,1,255,2009,1,255,1,223,1,-37,25,1,1,1,255,1,Melbourne City,37,0,-1,0,210484,0,7,-1,0,90,0,2,4,0,0,4,0,0,30050,0,1,311,111397,0,2,65,0,1,0,65,65,62,144,1,64,2,-1,64,1,0,0,264065,66578,2,210484,0,0,0,0,0,0,1,3,210484,6,112224,0,66578,0,0,0,0,202157,0,0,210484,0,2,0,3,0,65,54,10,10,262557,0,0,210484,2,1,0,0,316,0,-1,0,139282,62
112254,158,255,2000,1,250,1,1912,250,255,250,27,1,51,158,1,250,250,1,250,Newport County,27,0,-1,0,278073,0,2,-1,0,50,0,2,4,0,0,1,0,0,7850,0,0,343,1961,0,2,60,0,1,0,60,60,60,-2,2,59,0,-1,59,0,0,0,242258,4202496,0,278073,0,0,0,0,0,0,0,2,242258,5,112254,0,270336,0,0,0,0,271876,0,0,242258,0,0,0,3,0,60,55,3,0,247890,0,0,242258,2,1,0,0,316,0,-1,0,528384,60
112258,204,255,9900,50,101,242,2010,242,196,79,1,1,35,18,1,50,255,101,210,Gwangju FC,48,0,-1,0,208063,0,4,-1,0,30,0,2,4,0,0,5,0,0,10007,0,1,202,1477,0,1,60,0,1,0,62,60,59,126,2,60,0,-1,60,1,0,0,71359,270400,0,208063,0,0,0,0,0,0,0,4,71359,6,112258,0,532544,0,0,0,0,208073,0,0,71359,0,0,0,2,0,62,29,2,9,220922,0,0,208063,4,3,0,0,316,0,-1,0,528448,59
112259,91,1,2750,5,91,251,2002,1,1,240,199,1,51,91,1,240,1,239,91,AFC Wimbledon,240,0,-1,0,231442,0,1,-1,0,50,0,1,4,0,0,2,0,0,9300,27,0,285,1798,0,1,63,0,1,0,63,63,63,0,2,64,0,-1,64,0,0,0,231442,4202890,0,231442,0,0,0,0,0,0,0,2,231442,7,112259,0,270730,0,0,0,0,220956,1,0,231442,0,0,0,3,0,63,55,3,0,238716,0,0,231442,2,1,0,0,316,0,-1,0,528778,63
112260,20,235,2400,255,10,255,1908,215,215,10,20,1,53,10,1,10,215,255,10,Fleetwood Town,10,0,-1,0,268444,0,7,-1,0,30,0,2,4,0,0,1,0,0,5327,0,0,163,1926,0,0,63,0,1,0,62,63,62,-3,1,61,0,-1,61,0,0,0,253374,263490,0,253374,0,0,0,0,0,0,0,2,253374,7,112260,0,525634,0,0,0,0,253374,0,0,268444,0,0,0,3,0,62,55,9,0,186127,0,0,268444,2,1,0,0,316,0,-1,0,532802,62
112264,255,255,0,1,255,1,1800,255,255,255,255,1,49,255,1,255,255,1,255,Youth Squad [DO NOT USE],255,0,-1,0,1,4,1,-1,0,50,0,1,4,0,0,0,0,0,0,0,0,0,1318,0,0,0,0,0,0,0,0,0,-123,0,0,0,-1,0,0,0,0,1,0,0,1,0,0,0,0,0,0,0,2,1,0,112264,0,0,0,2,0,0,1,1,0,1,0,0,0,0,0,0,88,0,-8,1,0,0,1,2,1,0,0,316,0,-1,0,0,0
112387,152,63,146780,255,80,255,1937,52,63,53,89,2,21,210,2,53,52,255,80,Al Ahli,89,0,-1,0,204485,4,8,-1,0,65,0,2,4,0,0,7,0,0,60342,0,1,232,607,0,1,74,0,1,0,74,74,77,39,2,72,1,-1,73,1,0,0,204485,139392,0,204485,0,0,0,0,0,0,13,2,204485,4,112387,0,139392,0,0,0,0,234642,1,0,204485,0,3,0,8,0,74,67,10,3,212228,0,0,204485,9,5,0,0,316,0,-1,0,4198528,78
112390,1,1,18080,1,20,1,1958,20,255,20,153,1,25,255,1,20,20,153,20,Al Fateh,255,0,-1,0,228819,4,6,-1,0,50,0,2,4,0,0,4,0,0,11851,0,1,7,112096,0,1,65,0,3,0,64,64,67,49,3,61,1,-1,61,0,0,0,228819,4198666,0,228819,0,0,0,0,0,0,0,5,228819,8,112390,0,264458,0,0,1,0,235890,0,0,228819,0,1,0,8,0,64,67,2,3,228819,0,0,228819,9,4,0,0,316,0,-1,0,526602,67
112391,4,240,78100,255,103,255,1967,81,240,99,4,2,26,4,2,99,83,255,103,Al Qadsiah,4,0,-1,0,263824,4,7,-1,0,50,0,2,4,0,0,4,0,0,17300,0,1,245,112096,0,0,76,0,3,0,75,79,76,50,2,71,0,-1,71,0,0,0,263824,4202497,0,222028,0,0,0,0,0,0,0,2,222028,5,112391,0,4202497,0,0,1,0,200724,0,0,263824,0,0,0,8,0,74,67,8,3,241850,0,0,263824,9,4,0,0,316,0,-1,0,266241,77
112393,224,221,25860,204,20,1,1956,20,255,20,88,1,26,255,1,20,20,1,20,Al Taawoun,255,0,-1,0,226789,4,6,-1,0,50,0,2,4,0,0,4,0,0,6000,0,1,83,112096,0,1,71,0,3,0,69,70,70,43,1,64,1,-1,64,1,0,0,226789,4195393,0,226789,0,0,0,0,0,0,1,4,226789,5,112393,0,4195393,0,0,0,0,234200,1,0,226789,0,0,0,8,0,69,67,6,3,234200,0,0,226789,9,5,0,0,316,0,-1,0,270401,70
112427,33,255,6300,1,1,1,2012,1,255,1,46,1,-33,255,1,1,1,1,1,Western Sydney Wanderers,255,0,-1,0,239458,0,5,-1,0,30,0,2,4,0,0,4,0,0,30000,17,1,472,111400,0,2,66,0,1,0,65,66,65,151,1,63,2,-1,63,1,0,0,242154,263238,2,239458,0,0,0,0,0,0,0,4,239458,3,112427,0,525382,0,0,0,0,203423,0,0,239458,0,0,0,3,0,65,54,7,10,207807,0,0,239458,2,5,0,0,316,0,-1,0,532550,65
112428,0,176,0,250,255,250,2011,255,108,255,176,1,0,0,1,255,255,250,255,Create Player Team,108,0,-1,0,1,4,2,-1,0,50,0,1,4,0,0,5,0,0,5000,0,0,0,22,0,0,0,0,0,0,0,0,0,0,0,0,0,-1,0,0,0,0,1,0,0,1,0,0,0,0,0,0,0,2,1,5,112428,0,0,0,2,0,0,1,1,0,1,0,0,0,0,0,0,88,5,0,1,0,0,1,2,1,0,0,316,0,-1,0,0,0
112472,248,248,50000,10,250,10,1928,250,250,250,248,2,-22,16,2,250,250,10,250,RB Bragantino,12,0,-1,0,230519,0,5,-1,0,50,0,2,4,0,0,2,0,0,12332,0,0,986,111975,0,1,75,0,1,0,74,75,71,-46,2,75,1,-1,75,1,0,0,230519,4202496,0,230256,0,0,0,0,0,0,0,4,230256,8,112472,0,4202496,0,0,0,0,230168,0,0,230519,0,0,0,1,0,74,111,6,-3,230294,0,0,230519,7,5,0,0,366,0,-1,0,266240,71
112493,122,0,25950,10,250,245,1908,250,1,250,195,1,40,122,1,250,250,240,250,Carrarese,202,0,-1,0,229459,0,2,-1,0,50,0,2,4,0,0,1,0,0,9500,0,1,960,113974,0,1,68,0,15,0,68,68,68,10,3,67,0,-1,67,1,0,0,229459,4202496,0,229459,0,0,0,0,0,0,0,3,229459,5,112493,0,4198400,0,0,0,0,229459,1,0,229459,0,0,0,4,0,68,82,2,1,270098,0,0,229459,2,1,0,0,316,0,-1,0,264192,68
112494,5,220,24600,250,250,250,1995,250,30,250,45,1,46,30,1,250,250,250,250,Südtirol,30,0,-1,0,268756,0,4,-1,0,50,0,2,4,0,0,2,0,0,2800,0,1,898,55,0,1,69,0,1,0,68,69,67,11,2,68,0,-1,68,1,0,0,268756,4202752,0,268756,0,0,0,0,0,0,0,4,268756,2,112494,0,4202752,0,0,0,0,268753,1,0,268756,0,0,0,4,0,68,82,3,1,268756,0,0,268756,2,1,0,0,316,0,-1,0,266496,67
112510,145,240,7698,150,250,50,1922,250,250,150,30,1,50,250,1,250,50,50,50,Bruk-Bet Termalica Nieciecza,250,0,-1,0,257666,0,2,-1,0,50,0,2,4,0,0,1,0,0,4666,0,1,345,111088,0,1,64,0,1,0,64,65,64,20,3,63,2,-1,64,1,0,0,257666,4198404,0,257666,0,0,0,0,0,0,0,2,257666,2,112510,0,264196,0,0,0,0,201081,0,0,257666,0,0,0,5,0,64,93,3,1,245812,0,0,257666,2,1,0,0,316,0,-1,0,526340,65
112513,255,255,25000,220,255,31,1951,255,10,255,0,1,41,100,1,255,255,92,255,Arouca,250,0,-1,0,246112,0,3,-1,0,50,0,2,4,0,0,2,0,0,4937,38,1,25,744,0,1,69,0,3,0,70,70,67,-8,1,69,1,-1,69,1,0,0,246112,4195592,0,246112,0,0,0,0,0,0,0,2,246112,6,112513,0,4195592,0,0,0,0,251994,0,0,246112,0,0,0,4,0,69,36,4,0,255461,0,0,246112,2,1,0,0,316,0,-1,0,270600,67
112516,244,244,7500,0,210,30,1933,210,244,210,0,1,40,244,1,210,210,140,210,Tondela,0,0,-1,0,269099,0,3,-1,0,50,0,1,4,0,0,1,0,0,4821,35,0,484,112513,0,1,66,0,1,0,67,66,72,-8,2,67,1,-1,67,0,0,0,269099,4202820,0,261032,0,0,0,0,0,0,0,2,261032,3,112516,0,4202820,0,0,0,0,229327,1,0,269099,0,0,0,4,0,68,36,4,0,227558,0,0,269099,2,1,0,0,316,0,-1,0,266564,72
112540,1,255,17680,255,1,255,2005,204,204,1,1,1,31,1,1,1,255,255,1,Shanghai Port,1,0,-1,0,238704,0,9,-1,0,50,0,1,4,0,0,8,0,0,37000,0,1,446,110955,0,1,65,0,0,0,67,65,74,121,1,66,0,-1,66,1,0,0,240131,4195336,0,238704,0,0,0,0,0,0,1,2,238704,5,112540,0,263176,0,0,0,0,224599,1,0,238704,0,3,0,2,0,67,75,9,8,240131,0,0,238704,4,3,0,0,316,0,-1,0,532488,74
112555,1,76,5040,255,255,255,2013,255,76,255,153,1,37,1,1,255,255,255,255,FC Anyang,153,0,-1,0,240280,4,2,-1,0,50,0,2,4,0,0,3,0,0,17095,0,1,22,982,0,1,65,0,1,0,65,65,64,126,2,65,0,-1,65,2,0,0,240280,4202500,0,240280,0,0,0,0,0,0,0,4,240280,3,112555,0,270340,0,0,0,0,212778,0,0,240280,0,0,0,2,0,65,29,2,9,240280,0,0,240280,4,1,0,0,316,0,-1,0,528388,64
112558,1,204,9630,204,1,1,2003,1,255,1,1,1,37,255,1,204,204,1,1,Suwon FC,255,0,-1,0,231942,0,3,-1,0,50,0,2,4,0,0,4,0,0,11808,5,0,469,112555,0,1,64,0,1,0,64,64,63,127,2,62,0,-1,62,0,0,0,231942,4202500,0,231942,0,0,0,0,0,0,0,4,231942,4,112558,0,270340,0,0,0,0,231942,0,0,231942,0,0,0,2,0,64,29,3,9,210544,0,0,231942,4,1,0,0,316,0,-1,0,528388,63
112606,52,102,225500,255,12,255,2010,12,253,12,141,1,28,228,1,12,12,255,12,Orlando City SC,1,0,-1,0,240744,4,6,-1,0,50,0,2,4,0,0,6,0,0,25500,5,1,360,112885,0,1,70,0,3,0,67,70,68,-81,3,65,0,-1,68,1,0,0,240744,4202512,0,240744,0,0,0,0,0,0,1,1,240744,4,112606,0,4198416,0,0,0,0,240744,0,0,248870,0,0,0,6,0,69,134,6,-5,240744,0,0,240744,2,5,0,0,316,0,-1,0,264208,67
112638,1,7,14000,80,0,0,2010,0,255,58,58,1,14,255,1,80,7,0,1,Buriram United,255,0,-1,0,201290,0,10,-1,0,65,0,1,0,0,0,10,0,0,32600,0,1,984,112224,0,1,70,0,1,0,68,70,71,103,2,67,1,-1,67,1,1,0,201290,139264,0,242351,0,0,0,0,0,0,7,2,242351,2,112638,0,139264,0,0,0,0,233105,1,0,201290,0,10,0,2,0,68,6,9,7,256344,0,0,201290,2,4,0,1,316,0,-1,0,4198400,71
112659,12,12,2900,89,255,181,2009,255,255,249,12,1,-13,255,1,255,248,156,249,Cusco FC,255,0,-1,0,223842,0,2,-1,0,30,0,2,4,0,0,3,0,0,42056,0,2,792,111011,0,1,68,0,2,0,68,68,69,-71,2,67,1,-1,67,2,1,0,215356,270464,0,223842,0,0,0,0,0,0,1,4,223842,5,112659,0,532608,0,0,1,0,215356,1,0,215356,0,0,0,1,0,68,111,10,-5,215356,0,0,223842,7,2,0,0,316,0,-1,0,528512,69
112670,27,5,50000,255,255,252,1913,255,5,255,68,1,-31,27,1,255,255,251,255,Talleres de Córdoba,68,0,-1,0,226604,0,3,-1,0,65,0,2,4,0,0,4,0,1,57000,0,0,120,111022,0,1,71,0,3,0,71,71,69,-64,1,69,1,-1,69,1,1,0,223097,132096,2,223097,0,0,0,0,0,0,0,2,226604,5,112670,0,132096,0,0,0,0,215251,0,0,77029,0,0,0,1,0,71,190,6,-3,260140,0,0,226604,7,4,0,0,316,0,-1,0,4202496,69
112689,250,250,8000,24,255,89,1905,255,250,255,250,1,-34,250,1,255,255,55,255,Platense,250,0,-1,0,263502,0,3,-1,0,30,0,2,4,0,0,2,0,2,32000,0,0,842,111019,0,1,68,0,3,0,70,68,71,-58,1,69,1,-1,69,1,1,0,264365,263488,0,263502,0,0,0,0,0,0,0,4,263502,1,112689,0,525632,0,0,1,0,264365,0,0,263502,0,0,0,1,0,70,190,6,-3,241025,0,0,263502,7,2,0,0,316,0,-1,0,532800,71
112705,255,255,13500,1,249,1,1958,248,255,249,1,1,-29,255,1,249,248,1,249,Coquimbo Unido,255,0,-1,0,229201,0,1,-1,0,30,0,2,4,0,0,3,0,0,18000,0,2,708,101097,0,1,66,0,3,0,66,66,65,-71,2,67,1,-1,67,2,1,0,229201,270672,1,229201,0,0,0,0,0,0,0,3,229201,5,112705,0,532816,0,0,0,0,248257,1,0,229201,0,1,0,1,0,66,111,7,-4,229201,0,0,229201,7,1,0,0,316,0,-1,0,528720,65
112713,103,3,5000,255,255,255,1911,255,3,250,41,1,-34,103,1,255,250,255,250,Sarmiento,41,0,-1,0,274408,0,1,-1,0,30,0,2,4,0,0,1,0,2,22000,0,0,237,110093,0,1,67,0,3,0,68,67,70,-60,2,67,1,-1,67,1,1,0,153060,270656,0,274408,0,0,0,0,0,0,0,4,274408,2,112713,0,532800,0,0,0,0,153060,0,0,261351,0,0,0,1,0,68,190,4,-3,260030,0,0,261351,7,2,0,0,316,0,-1,0,528704,70
112716,17,168,43998,102,249,19,1912,248,250,249,24,1,-25,250,1,249,248,56,249,Cerro Porteño,250,0,-1,0,225878,0,9,-1,0,50,0,2,4,0,0,7,0,0,45000,0,0,771,101108,0,1,68,0,1,0,70,68,72,-57,2,71,1,-1,71,1,0,0,225878,4202752,2,225878,0,0,0,0,0,0,0,3,225878,8,112716,0,4202752,0,0,1,0,246696,0,0,225878,0,35,0,1,0,70,184,5,-4,217809,0,0,225878,7,7,0,0,316,0,-1,0,266496,72
112764,255,255,2000,1,1,1,1892,1,255,1,255,1,51,255,1,1,1,1,1,Bromley,255,0,-1,0,213969,0,3,-1,0,50,0,2,4,0,0,1,0,0,5150,0,0,285,112259,0,2,62,0,3,0,62,62,62,0,3,62,0,-1,62,0,0,0,213969,4198400,0,213969,0,0,0,0,0,0,0,2,213969,1,112764,0,264192,0,0,0,0,72454,0,0,213969,0,0,0,3,0,62,55,2,0,237355,0,0,213969,2,1,0,0,316,0,-1,0,526336,62
112809,40,13,40000,255,220,255,1931,220,40,220,87,1,41,35,1,220,220,255,220,Famalicão,240,0,-1,0,70971,0,5,-1,0,50,0,1,4,0,0,3,0,0,5300,5,1,748,1888,0,1,71,0,1,0,72,71,69,-8,2,73,1,-1,71,1,0,0,70971,4202496,0,229453,0,0,0,0,0,0,0,2,70971,8,112809,0,4202496,0,0,0,0,271057,0,0,70971,0,0,0,4,0,71,36,8,0,258526,0,0,70971,2,1,0,0,316,0,-1,0,266240,69
112828,165,101,326500,255,165,255,2013,101,40,255,215,1,41,59,1,215,255,255,255,New York City FC,75,0,-1,0,257866,4,8,-1,0,65,0,2,4,0,0,6,0,0,30321,0,1,340,689,0,1,70,0,5,0,68,69,72,-74,1,65,0,-1,66,1,0,0,257866,132096,0,257866,0,0,0,0,0,0,0,4,183895,6,112828,0,132096,0,0,0,0,233790,0,0,257866,0,1,0,6,0,69,134,4,-5,257866,0,0,257866,2,5,0,0,316,0,-1,0,4202496,71
112853,79,246,7150,250,252,250,2008,252,15,252,6,1,10,15,1,252,252,250,252,Deportivo La Guaira,15,0,-1,0,274198,0,6,-1,0,30,0,2,4,0,0,3,0,0,50940,0,2,800,110989,0,1,66,0,3,0,66,66,67,-66,2,67,1,-1,67,2,0,0,274198,270592,0,274198,0,0,0,0,0,0,3,4,256072,4,112853,0,532736,0,0,0,0,266574,0,0,274198,0,1,0,1,0,66,111,6,-4,266574,0,0,274198,7,1,0,0,316,0,-1,0,528640,67
112868,0,204,17250,0,255,0,1939,255,255,255,0,1,-33,255,1,255,255,153,255,Boston River,255,0,-1,0,254075,0,2,-1,0,50,0,2,4,0,0,2,0,0,7000,0,1,795,111325,0,1,67,0,8,0,66,67,64,-56,3,64,1,-1,64,0,1,0,262023,4198400,0,254075,0,0,0,0,0,0,0,4,254075,5,112868,0,264192,0,0,0,0,274207,0,0,254075,0,0,0,1,0,66,111,6,-3,262023,0,0,254075,7,3,0,0,316,0,-1,0,526336,64
112883,230,246,6580,105,106,4,1945,14,1,156,0,1,26,1,1,156,14,168,106,Al Khaleej,1,0,-1,0,203980,0,4,-1,0,50,0,2,4,0,0,3,0,0,17300,0,1,413,112096,0,1,69,0,3,0,68,69,79,50,3,64,1,-1,66,1,0,0,203980,4202560,0,203980,0,0,0,0,0,0,0,4,203980,6,112883,0,4198464,0,0,0,0,203980,1,0,203980,0,0,0,8,0,69,67,5,3,203980,0,0,203980,9,3,0,0,316,0,-1,0,264256,78
112885,0,128,340000,32,1,35,2014,1,163,1,11,1,33,145,1,1,1,31,1,Atlanta United FC,97,0,-1,0,230977,0,7,-1,0,30,1,2,6,0,0,6,1,0,42500,17,1,601,112606,0,1,72,0,3,0,70,72,70,-84,1,68,0,-1,68,1,0,0,230977,263560,3,214092,0,0,0,0,0,0,1,4,230977,5,112885,0,525704,0,1,0,0,230977,0,0,230977,0,1,0,6,0,70,134,2,-5,214092,0,0,230977,2,4,0,0,316,0,-1,0,532872,70
112893,255,255,1050000,32,31,35,2018,35,244,32,255,2,25,181,2,32,35,31,31,Inter Miami,205,0,-1,0,158023,0,8,-1,0,65,0,2,4,0,0,8,0,2,17417,19,1,805,112606,0,1,72,0,1,0,71,71,80,-80,1,67,2,-1,69,1,0,0,158023,132096,0,158023,0,0,0,0,0,0,0,2,158023,3,112893,0,132096,0,0,0,0,158023,1,0,158023,0,0,0,6,0,72,134,2,-5,158023,0,0,158023,2,4,0,0,316,0,-1,0,4202496,83
112908,12,12,31998,255,1,255,1958,1,7,1,12,1,0,38,1,1,1,255,1,Independiente del Valle,127,0,-1,0,220739,0,9,-1,0,30,0,2,4,0,0,5,0,0,12000,0,2,783,110986,0,1,68,0,3,0,70,68,70,78,1,68,2,-1,68,2,0,0,266668,263296,0,220739,0,0,0,0,0,0,1,3,220739,10,112908,2,525440,0,0,1,0,220739,0,0,220739,0,2,0,1,0,70,184,5,-4,254069,0,0,220739,7,7,0,0,316,0,-1,0,532608,70
112965,1,1,8500,255,255,255,1919,255,159,255,1,1,-27,43,1,255,255,255,255,Central Córdoba,45,0,-1,0,252239,0,1,-1,0,50,0,2,4,0,0,2,0,1,28000,0,0,763,111708,0,1,67,0,3,0,66,67,65,-64,2,65,1,-1,65,1,1,0,279820,4202560,2,279820,0,0,0,0,0,0,1,3,252239,1,112965,0,270400,0,0,1,0,215123,0,0,252239,0,0,0,1,0,66,190,10,-3,263418,0,0,252239,7,2,0,0,316,0,-1,0,528448,65
112996,1,1,1100000,110,1,196,2014,1,250,1,1,1,34,250,1,1,1,158,1,Los Angeles FC,250,0,-1,0,225951,0,8,-1,0,50,0,1,4,0,0,8,0,1,22000,9,1,606,697,0,1,71,0,1,0,73,73,77,-118,1,72,0,-1,70,1,0,0,225951,4195456,0,225951,0,0,0,0,0,0,1,2,225951,6,112996,0,4195456,0,0,0,0,167948,0,0,200104,0,1,0,6,0,71,134,2,-8,225951,0,0,200104,2,5,0,0,316,0,-1,0,270464,78
113000,1,255,0,255,255,255,1986,255,1,255,1,2,49,1,2,255,255,255,255,Canada Women,1,0,-1,0,227397,0,10,-1,0,50,0,2,4,0,0,0,0,0,54500,0,1,508,113009,2,1,76,0,15,0,79,76,79,-123,2,79,0,-1,79,1,0,0,227397,132176,0,227387,0,1,0,0,0,0,0,2,227397,0,113000,0,4202576,0,0,0,0,227387,0,0,227387,0,0,0,6,0,79,88,0,-8,227392,0,0,227387,2,7,0,0,316,0,-1,0,266320,79
113002,255,255,0,6,1,241,1972,1,255,1,255,3,51,255,3,1,1,6,1,England Women,255,0,-1,0,227254,0,10,-1,0,65,0,2,4,0,0,0,0,0,90000,0,0,0,113004,0,1,85,0,1,0,85,85,88,0,1,84,0,-1,84,0,0,0,227246,131716,0,227254,0,1,0,0,0,0,0,4,257001,0,113002,0,131716,0,0,0,0,246426,0,0,227254,0,0,0,3,0,85,88,0,0,257001,0,0,227254,2,8,0,0,316,0,-1,0,4202628,88
113003,73,16,0,255,30,255,1917,30,255,30,128,3,48,1,3,30,30,255,30,France Women,1,0,-1,0,265674,0,10,-1,0,65,0,1,4,0,0,0,0,0,67394,0,1,0,113004,0,1,84,0,1,0,83,84,86,2,2,82,0,-1,82,1,0,0,265674,131720,0,265674,0,1,0,0,0,0,0,2,265674,0,113003,0,139400,0,0,0,0,227346,0,0,233662,0,0,0,4,0,83,88,0,1,246272,0,0,265674,2,9,0,0,316,0,-1,0,4198536,86
113004,255,255,0,1,210,1,1982,210,255,210,255,3,51,255,3,210,210,1,210,Germany Women,255,0,-1,0,247788,4,10,-1,0,50,0,2,4,0,0,0,0,0,30210,0,0,0,113002,0,1,83,0,1,0,83,83,83,7,2,81,1,-1,81,0,0,0,262093,131712,0,248822,0,1,0,0,0,0,0,2,247788,0,113004,0,4202624,0,0,0,0,247788,0,0,248822,0,0,0,4,0,83,37,0,1,244302,0,0,247788,2,9,0,0,316,0,-1,0,266368,83
113007,5,164,0,255,30,255,1902,30,17,30,1,2,59,51,2,30,30,255,30,Norway Women,210,0,-1,0,227323,0,10,-1,0,50,0,2,4,0,0,0,0,0,27200,0,1,0,113008,0,1,83,0,1,0,78,83,80,10,3,73,0,-1,73,0,0,0,227323,139392,0,227323,0,1,0,0,0,0,0,2,227323,0,113007,0,4198528,0,0,0,0,227310,0,0,227323,0,0,0,7,0,78,88,0,1,227323,0,0,227323,2,6,0,0,316,0,-1,0,266368,80
113008,221,253,0,180,169,1,1904,169,250,169,26,2,57,210,2,169,169,106,169,Sweden Women,5,0,-1,0,263964,0,10,-1,0,65,0,2,4,0,0,0,0,0,16596,0,1,0,113007,0,1,77,0,1,0,77,77,78,11,2,75,0,-1,75,0,0,0,263964,132224,0,227013,0,1,0,0,0,0,0,2,227013,0,113008,0,139392,0,0,1,0,233364,1,0,263964,0,0,0,7,0,77,37,0,1,227013,0,0,263964,2,7,0,0,316,0,-1,0,4198528,78
113009,7,241,0,92,234,0,1985,234,255,234,16,3,47,255,3,234,234,37,234,United States Women,255,0,-1,0,267217,0,10,-1,0,65,0,2,4,0,0,0,0,0,37722,0,1,0,113012,2,1,83,0,15,0,83,83,84,-122,3,81,0,-1,81,1,0,0,231432,139648,0,267217,0,1,0,0,0,0,0,2,267217,0,113009,0,135552,0,0,1,0,231432,1,0,267217,0,0,0,6,0,83,88,0,-8,231432,0,0,267217,2,7,0,0,316,0,-1,0,4198784,84
113010,124,12,0,255,255,255,1923,255,255,255,68,2,19,1,2,255,255,255,255,Mexico Women,1,0,-1,0,246059,0,10,-1,0,50,0,2,4,0,0,0,0,0,81070,0,1,314,113009,0,1,74,0,1,0,74,74,76,-99,2,73,0,-1,73,1,0,0,246059,4202752,0,246059,0,1,0,0,0,0,0,3,246059,0,113010,0,4202752,0,0,0,0,241224,0,0,246059,0,0,0,1,0,74,37,0,-6,246059,0,0,246059,7,1,0,0,316,0,-1,0,266496,76
113011,87,248,0,255,66,255,1971,35,244,66,23,2,52,124,2,66,35,255,66,Holland Women,34,0,-1,0,233756,0,10,-1,0,65,0,2,4,0,0,0,0,0,55885,0,1,0,113004,0,1,82,0,1,0,81,82,81,4,2,80,0,-1,80,1,0,0,233756,131712,0,253417,0,1,0,0,0,0,0,1,253417,0,113011,0,139392,0,0,0,0,233756,0,0,233756,0,0,0,4,0,81,88,0,1,233756,0,0,233756,2,7,0,0,316,0,-1,0,4198528,81
113012,8,181,0,25,1,255,1983,1,200,1,16,3,40,44,3,1,1,173,1,Spain Women,22,0,-1,0,227203,0,10,-1,0,90,0,2,4,0,0,0,0,0,70460,0,0,0,113003,0,1,87,0,1,0,84,87,83,-3,1,85,0,-1,85,0,0,0,262531,66184,0,262531,0,1,0,0,0,0,0,4,262531,0,113012,0,66184,0,0,0,0,227203,0,0,262531,0,0,0,4,0,84,37,0,1,227203,0,0,262531,2,10,0,0,316,0,-1,0,73864,83
113018,0,224,175000,54,5,5,2019,5,255,5,77,1,38,255,1,5,5,26,5,St. Louis City SC,255,0,-1,0,247240,0,2,-1,0,50,0,2,4,0,0,5,0,0,22500,0,1,832,696,0,1,69,0,1,0,70,72,64,90,2,66,0,-1,65,1,0,0,233125,4202624,1,233125,0,0,0,0,0,0,0,1,233125,2,113018,0,4202624,0,0,0,0,189117,0,0,233125,0,0,0,6,0,68,134,6,-6,260485,0,0,233125,2,1,0,0,316,0,-1,0,266368,64
113037,250,250,5500,29,30,224,1953,30,10,30,250,1,24,10,1,30,30,36,30,Al Riyadh,10,0,-1,0,212729,0,3,-1,0,50,0,2,4,0,0,2,0,0,15000,0,1,405,605,0,1,65,0,3,0,67,68,63,46,3,63,0,-1,61,0,0,0,212729,4198416,0,212729,0,0,0,0,0,0,0,3,212729,4,113037,0,264208,0,0,1,0,212729,0,0,212729,0,0,0,8,0,65,67,3,3,212729,0,0,212729,9,2,0,0,316,0,-1,0,526352,63
113040,250,250,1500,23,100,219,2014,30,250,60,250,1,26,250,1,60,30,18,100,NorthEast United,250,0,-1,0,208817,0,2,-1,0,50,0,2,4,0,0,2,0,0,35000,0,1,734,113146,0,1,62,0,3,0,57,62,51,91,3,54,1,-1,54,1,0,0,208817,4198672,0,208817,0,0,0,0,0,0,0,2,208817,5,113040,0,264464,0,0,0,0,277570,0,0,208817,0,0,0,1,0,57,6,4,6,208817,0,0,208817,9,1,0,0,316,0,-1,0,526608,51
113044,3,227,7000,255,255,255,1904,255,227,255,22,1,-34,3,1,255,255,255,255,Barracas Central,22,0,-1,0,266867,0,1,-1,0,30,0,2,4,0,0,1,0,2,4400,0,0,82,115472,0,1,69,0,3,0,69,69,69,-58,2,67,1,-1,67,1,1,0,266867,270336,0,266867,0,0,0,0,0,0,0,2,266867,3,113044,0,532480,0,0,1,0,266867,0,0,266867,0,0,0,1,0,69,190,3,-3,272946,0,0,266867,7,1,0,0,316,0,-1,0,528384,69
113057,255,255,11580,1,50,244,1953,45,1,140,255,1,25,1,1,140,45,177,50,Al Fayha,255,0,-1,0,244391,4,5,-1,0,50,0,2,4,0,0,2,0,0,6843,0,0,592,112393,0,1,65,0,3,0,66,64,67,45,2,66,1,-1,67,0,0,0,215616,4202560,0,244391,0,0,0,0,0,0,1,4,244391,5,113057,0,270400,0,0,1,0,239126,1,0,244391,0,0,0,8,0,66,67,5,3,244391,0,0,244391,9,3,0,0,316,0,-1,0,528448,66
113060,161,68,4630,250,30,250,1976,30,250,30,255,1,17,250,1,30,30,250,30,Al Okhdood,250,0,-1,0,247093,0,2,-1,0,50,0,2,4,0,0,1,0,0,12000,0,0,334,113217,0,1,66,0,1,0,64,65,67,44,3,61,0,-1,62,1,0,0,247093,4198400,0,247093,0,0,0,0,0,0,0,5,247093,5,113060,0,264192,0,0,1,0,235514,0,0,247093,0,0,0,8,0,65,67,4,3,231138,0,0,247093,9,2,0,0,316,0,-1,0,526336,66
113142,127,255,27500,80,255,35,1948,255,254,255,39,1,36,254,1,255,255,160,255,Corendon Alanyaspor,254,0,-1,0,226568,0,2,-1,0,30,0,2,4,0,0,3,0,0,10842,44,1,20,741,0,1,68,0,0,0,67,67,69,32,2,66,2,-1,68,1,0,0,226568,270352,0,220620,0,0,0,0,0,0,0,4,212260,3,113142,0,532496,0,0,1,0,221989,0,0,226568,0,0,0,5,0,68,89,3,3,212260,0,0,226568,9,1,0,0,316,0,-1,0,528400,69
113143,250,250,16500,252,250,3,2007,250,250,250,250,1,-34,250,1,250,250,244,250,Montevideo City Torque,250,0,-1,0,257211,0,3,-1,0,50,0,2,4,0,0,2,0,0,60235,0,1,795,112868,0,1,68,0,3,0,66,68,65,-56,2,65,1,-1,65,0,1,0,257211,4202752,0,257211,0,0,0,0,0,0,0,2,257211,6,113143,0,270592,0,0,1,0,240662,0,0,257211,0,0,0,1,0,66,111,5,-3,259579,0,0,257211,7,2,0,0,316,0,-1,0,528640,65
113146,45,168,7100,48,107,0,2020,19,250,54,48,1,22,250,1,54,19,88,107,Mohun Bagan Super Giant,250,0,-1,0,202208,0,10,-1,0,65,0,2,4,0,0,6,0,0,85000,0,1,727,111629,0,1,63,0,3,0,65,63,69,88,1,65,1,-1,65,1,0,0,202208,132160,0,253479,0,0,0,0,0,0,0,2,253479,4,113146,0,132160,0,0,0,0,245165,0,0,202208,0,2,0,1,0,65,6,9,6,212232,0,0,202208,9,4,0,0,316,0,-1,0,4202560,69
113147,211,163,10050,255,240,255,1914,248,43,245,228,1,44,38,1,245,248,255,240,Entella,42,0,-1,0,79158,0,1,-1,0,30,0,2,4,0,0,1,0,0,5500,0,0,106,113974,2,0,67,0,15,0,67,67,66,9,2,66,0,-1,66,0,0,0,79158,270400,2,79158,0,0,0,0,0,0,0,2,79158,4,113147,0,532544,0,0,0,0,247214,0,0,79158,0,0,0,4,0,67,82,2,1,79129,0,0,79158,2,1,0,0,316,0,-1,0,528448,66
113149,56,33,226500,30,51,240,2018,51,255,51,129,1,39,255,1,51,51,82,51,FC Cincinnati,255,0,-1,0,234505,0,5,-1,0,50,0,2,4,0,0,5,0,0,26000,0,1,711,687,2,1,68,0,15,0,70,69,76,84,2,68,0,-1,68,1,0,0,234505,4202496,0,234505,0,0,0,0,0,0,0,2,234505,5,113149,0,4202496,0,0,0,0,234505,0,0,234505,0,0,0,6,0,69,134,4,-5,234505,0,0,234505,2,4,0,0,316,0,-1,0,266240,78
113217,40,230,7780,255,20,255,1972,20,241,20,40,1,18,233,1,20,20,255,20,Damac FC,73,0,-1,0,220609,0,4,-1,0,50,0,2,4,0,0,2,0,0,20000,1,1,757,113060,0,1,64,0,1,0,63,63,66,42,2,60,1,-1,66,1,0,0,220609,4202752,0,220609,0,0,0,0,0,0,0,5,220609,5,113217,0,270592,0,0,0,0,261737,0,0,220609,0,0,0,8,0,65,67,4,3,233730,0,0,220609,9,2,0,0,316,0,-1,0,528640,65
113222,56,6,4150,5,146,235,1957,107,255,126,189,1,25,255,1,126,107,235,146,Al Hazem,255,0,-1,0,223627,0,1,-1,0,50,0,2,4,0,0,1,0,0,5100,0,1,672,131735,0,1,65,0,3,0,65,66,74,43,3,60,1,-1,59,0,0,0,223627,4198424,0,263893,0,0,0,0,0,0,0,3,263893,6,113222,0,264216,0,0,1,0,245574,0,0,223627,0,0,0,8,0,65,67,3,3,223627,0,0,223627,9,1,0,0,316,0,-1,0,526360,74
113257,35,39,2450,250,30,250,2019,30,243,30,90,1,20,32,1,30,30,250,30,Odisha FC,26,0,-1,0,253505,0,4,-1,0,30,0,2,4,0,0,3,0,0,15000,0,1,774,114168,0,1,54,0,3,0,57,54,56,85,1,55,1,-1,55,1,0,0,253505,263168,0,253505,0,0,0,0,0,0,0,7,253505,9,113257,0,525312,0,0,0,0,200727,0,0,253505,0,0,0,1,0,57,6,4,6,253505,0,0,253505,9,1,0,0,316,0,-1,0,532480,56
113297,117,55,3000,250,20,250,2014,20,238,20,201,1,13,218,1,20,20,250,20,Chennaiyin FC,100,0,-1,0,200471,0,5,-1,0,50,0,2,4,0,0,4,0,0,19484,0,1,728,113299,0,1,61,0,3,0,59,61,62,80,2,58,1,-1,58,1,0,0,228194,4202560,0,200471,0,0,0,0,0,0,0,8,200471,5,113297,0,270400,0,0,0,0,228188,0,0,200471,0,2,0,1,0,59,6,6,6,200471,0,0,200471,9,2,0,0,316,0,-1,0,528448,62
113298,101,50,2500,39,88,255,2014,61,29,69,185,1,15,57,1,69,61,137,88,FC Goa,101,0,-1,0,230132,0,6,-1,0,65,0,2,4,0,0,4,0,0,18600,0,1,730,113300,0,1,59,0,3,0,59,59,55,73,1,60,1,-1,60,1,0,0,230132,132480,0,233524,0,0,0,0,0,0,0,2,230132,8,113298,0,132480,0,0,0,0,230132,0,0,230132,0,0,0,1,0,59,6,2,6,264599,0,0,230132,9,3,0,0,316,0,-1,0,4202880,55
113299,221,251,4000,181,95,91,2014,20,251,50,94,1,9,221,1,50,20,87,95,Kerala Blasters FC,94,0,-1,0,83621,0,6,-1,0,65,0,2,4,0,0,6,0,0,39000,0,1,721,113302,0,1,55,0,3,0,54,55,56,76,1,53,1,-1,53,1,0,0,273877,132480,0,273877,0,0,0,0,0,0,0,4,83621,4,113299,0,132480,0,0,0,0,273880,0,0,83621,0,0,0,1,0,54,6,8,6,83622,0,0,83621,9,2,0,0,316,0,-1,0,4202880,56
113300,108,80,6000,250,10,250,2014,10,80,10,202,1,19,108,1,10,10,250,10,Mumbai City FC,202,0,-1,0,248298,0,8,-1,0,50,0,2,4,0,0,4,0,0,7960,0,1,733,113298,0,1,55,0,3,0,58,55,65,72,1,56,0,-1,56,1,0,0,248298,4195456,0,231932,0,0,0,0,0,0,1,2,248298,2,113300,0,263296,0,0,0,0,231932,0,0,248298,0,1,0,1,0,58,6,10,6,231932,0,0,248298,9,3,0,0,316,0,-1,0,532608,65
113301,10,10,1950,61,55,248,2019,20,10,20,10,1,17,10,1,20,20,202,55,SC Delhi,10,0,-1,0,270743,0,5,-1,0,50,0,2,4,0,0,2,0,0,60000,0,1,729,113257,0,1,55,0,3,0,55,55,53,78,2,54,1,-1,54,1,0,0,270743,4202624,0,278234,0,0,0,0,0,0,0,1,278234,9,113301,0,270464,0,0,0,0,270742,0,0,270743,0,0,0,1,0,55,6,3,6,83840,0,0,270743,9,1,0,0,316,0,-1,0,528512,53
113302,75,52,4000,250,88,250,2013,71,52,69,169,1,12,75,1,69,61,250,88,Bengaluru FC,169,0,-1,0,190939,0,7,-1,0,30,0,2,4,0,0,5,0,0,24000,0,1,726,113299,0,1,56,0,3,0,59,56,62,77,2,60,1,-1,60,1,0,0,190939,270720,0,190939,0,0,0,0,0,0,2,4,190939,6,113302,0,532864,0,0,0,0,190939,0,0,190939,0,1,0,1,0,59,6,6,6,190939,0,0,190939,9,3,0,0,316,0,-1,0,528768,62
113458,87,30,7000,1,169,1,1907,169,130,169,153,1,59,150,1,169,169,1,169,IK Sirius,220,0,-1,0,270560,0,4,-1,0,30,0,2,4,0,0,2,0,0,10250,0,1,620,433,2,1,64,0,15,0,65,64,69,17,3,64,1,-1,64,1,0,0,270560,266244,0,235884,0,0,0,0,0,0,0,4,270560,6,113458,0,526340,0,0,0,0,227837,0,0,270560,0,0,0,7,0,65,97,6,1,270560,0,0,270560,2,1,0,0,316,0,-1,0,526340,69
113459,40,20,4000,255,250,255,2003,250,20,250,100,1,63,40,1,250,250,255,250,Kristiansund BK,120,0,-1,0,229873,0,5,-1,0,50,0,2,4,0,0,2,0,0,4364,3,1,623,417,2,1,62,0,15,0,62,62,63,7,3,61,0,-1,61,1,0,0,271611,4198720,0,271611,0,0,0,0,0,0,0,2,229873,6,113459,0,264512,0,0,0,0,198642,0,0,271611,0,0,0,7,0,62,199,4,1,272529,0,0,271611,2,1,0,0,316,0,-1,0,526656,63
113616,5,236,5930,255,251,248,1902,248,0,13,13,1,15,0,1,255,236,251,5,Grazer AK,0,0,-1,0,244783,0,3,-1,0,30,0,2,4,0,0,5,0,0,16364,0,1,194,209,0,1,65,0,3,0,65,65,65,47,3,65,0,-1,65,1,0,0,244181,266240,0,244181,0,0,0,0,0,0,4,2,244783,4,113616,0,526336,0,0,0,0,244783,0,0,244783,0,1,0,4,0,65,31,2,1,79931,0,0,244783,2,1,0,0,316,0,-1,0,526336,65
113888,30,30,28000,250,250,250,1950,250,0,250,30,1,41,0,1,250,250,250,250,Qarabağ FK,139,0,-1,0,212934,0,10,-1,0,50,0,2,4,0,0,4,0,0,5800,0,1,959,280,0,0,70,0,3,0,69,70,68,49,2,69,1,-1,69,1,0,0,236420,4202624,0,236420,0,0,0,0,0,0,8,4,236420,6,113888,0,4202624,0,0,0,0,72874,0,0,72866,0,12,0,5,0,69,37,4,3,72868,0,0,72866,9,3,0,0,316,0,-1,0,266368,68
113892,1,255,2500,250,250,250,1907,250,255,250,1,1,59,1,1,250,250,250,250,Degerfors IF,1,0,-1,0,254637,0,2,-1,0,65,0,2,4,0,0,1,0,0,7500,20,1,834,433,0,1,62,0,3,0,64,62,64,14,2,63,1,-1,63,1,0,0,276566,139280,0,254637,0,0,0,0,0,0,1,8,276566,3,113892,0,139280,0,0,0,0,232062,0,0,232062,0,0,0,7,0,64,97,5,1,254637,0,0,254637,2,1,0,0,316,0,-1,0,4198416,64
113926,1,255,2430,255,50,255,1940,1,1,1,1,1,53,1,1,1,1,255,50,Salford City,1,0,-1,0,192319,0,6,-1,0,65,0,1,4,0,0,1,0,0,5106,4,0,753,1931,0,2,62,0,1,0,63,62,63,-2,1,62,0,-1,62,0,0,0,192319,132112,2,192319,0,0,0,0,0,0,0,2,192319,1,113926,0,132112,0,0,0,0,192319,0,0,192319,0,0,0,3,0,63,55,9,0,192319,0,0,192319,2,1,0,0,316,0,-1,0,4202512,63
113974,250,250,60625,30,30,30,1906,30,184,30,250,1,44,150,1,30,30,30,30,Spezia,60,0,-1,0,233968,0,7,-1,0,50,0,2,4,0,0,4,0,0,11676,0,1,260,112493,0,1,67,0,3,0,68,67,68,9,3,68,1,-1,68,1,0,0,245491,4202496,0,245491,0,0,0,0,0,0,0,3,245491,5,113974,0,4198400,0,0,0,0,239998,0,0,245491,0,0,0,4,0,68,82,8,1,211302,0,0,233968,2,1,0,0,316,0,-1,0,264192,68
113984,1,1,0,254,30,254,1873,30,12,30,94,2,55,12,2,30,30,254,30,Scotland Women,104,0,-1,0,245879,0,10,-1,0,30,0,2,4,0,0,0,0,0,52500,0,1,186,113002,0,1,76,0,1,0,73,76,72,-4,2,71,0,-1,71,0,0,0,245879,270400,0,245879,0,1,0,0,0,0,0,2,245879,0,113984,0,532544,0,0,0,0,245879,0,0,245879,0,0,0,3,0,73,37,0,1,265277,0,0,245879,2,2,0,0,316,0,-1,0,528448,72
113996,200,125,0,250,30,250,1993,30,100,30,255,1,-34,175,1,30,30,250,30,Argentina Women,225,0,-1,0,246364,0,10,-1,0,50,0,1,4,0,0,0,0,0,72054,0,0,0,113010,0,1,65,0,1,0,70,65,67,-58,3,70,0,-1,70,1,1,0,246364,4202496,0,246364,0,1,0,0,0,0,0,3,246364,0,113996,0,4198400,0,0,0,0,246364,0,0,246364,0,0,0,1,0,70,37,0,-3,246364,0,0,246364,7,2,0,0,316,0,-1,0,264192,67
114019,0,0,0,0,255,0,2000,255,0,255,0,1,0,0,1,255,255,0,255,Look Book Character Team,0,0,-1,0,27251,4,5,-1,0,50,0,0,4,0,0,5,0,0,0,0,0,0,1318,0,0,1,0,0,0,1,1,0,0,0,1,0,-1,1,0,0,0,27251,0,0,27251,0,0,0,0,0,0,0,2,27251,5,114019,0,0,0,2,0,0,27251,1,0,27251,0,0,0,0,0,1,6,5,0,27251,0,0,27251,2,5,0,0,316,0,-1,0,0,0
114046,161,50,0,97,255,2,2024,255,220,255,186,1,0,220,1,255,255,77,255,FUT Custom Team 19,220,0,-1,0,1,4,5,-1,0,50,0,0,4,0,0,5,0,0,0,0,0,0,1318,0,0,0,0,0,0,0,0,0,0,0,0,0,-1,0,0,0,0,1,0,0,1,0,0,0,0,0,0,0,2,1,5,114046,0,0,0,2,0,0,1,1,0,1,0,0,0,0,0,0,6,5,0,1,0,0,1,2,5,0,0,316,0,-1,0,0,0
114147,1,255,5575,255,255,255,2015,255,1,255,1,1,45,1,1,255,255,255,255,FC Hermannstadt,1,0,-1,0,251634,0,5,-1,0,50,0,2,4,0,0,2,0,0,12363,0,0,715,114385,0,1,65,0,1,0,64,65,64,24,3,64,0,-1,64,1,0,0,251634,4198544,0,251634,0,0,0,0,0,0,0,2,251634,3,114147,0,264336,0,0,0,0,247978,0,0,251634,0,0,0,5,0,64,79,4,2,215601,0,0,251634,2,1,0,0,316,0,-1,0,526480,64
114161,12,12,230000,64,12,0,2019,12,12,12,12,1,30,12,1,12,12,177,12,Austin FC,12,0,-1,0,256136,0,4,-1,0,50,0,2,4,0,0,6,0,0,20500,0,0,853,698,0,1,68,0,0,0,67,67,69,-97,2,65,0,-1,67,1,0,0,256136,4202560,0,256136,0,0,0,0,0,0,0,3,256136,3,114161,0,4202560,0,0,0,0,199562,0,0,256136,0,0,0,6,0,69,134,2,-6,261204,0,0,256136,7,1,0,0,316,0,-1,0,266304,69
114162,232,236,180000,70,1,31,2017,1,236,1,58,1,36,232,1,1,1,22,1,Nashville SC,58,0,-1,0,226385,0,6,-1,0,50,0,2,4,0,0,5,0,2,30000,0,1,806,112885,2,1,69,0,15,0,69,70,70,-86,1,69,2,-1,68,1,0,0,210021,4195392,0,226385,0,0,0,0,0,0,0,3,210021,5,114162,0,4195392,0,0,0,0,210021,0,0,210021,0,0,0,6,0,69,134,6,-6,234249,0,0,210021,2,2,0,0,316,0,-1,0,270400,69
114168,32,217,1600,250,95,250,2017,20,33,50,46,1,22,63,1,50,20,250,95,Jamshedpur FC,103,0,-1,0,81920,0,3,-1,0,50,0,2,4,0,0,2,0,0,24424,0,1,732,113146,0,1,56,0,3,0,58,56,63,86,2,58,1,-1,58,1,0,0,239324,4202560,0,81920,0,0,0,0,0,0,0,3,239324,5,114168,0,270400,0,0,0,0,243568,1,0,239324,0,0,0,1,0,58,6,6,6,253460,0,0,81920,9,1,0,0,316,0,-1,0,528448,63
114326,30,240,13358,193,255,52,1921,255,255,30,30,1,50,255,1,255,200,97,30,Raków Częstochowa,255,0,-1,0,222467,0,9,-1,0,90,0,2,4,0,0,3,0,0,5500,0,1,750,301,0,1,69,0,1,0,70,69,71,19,1,69,1,-1,69,1,0,0,222467,66688,0,222467,0,0,0,0,0,0,2,1,222467,2,114326,0,66688,0,0,0,0,254822,1,0,222467,0,1,0,5,0,69,93,10,1,262314,0,0,222467,2,3,0,0,316,0,-1,0,139392,72
114385,27,135,12065,12,255,12,1907,255,255,255,58,1,46,255,1,255,255,12,255,CFR Cluj,255,0,-1,0,251236,0,10,-1,0,50,0,2,4,0,0,4,0,0,22198,0,1,701,110751,0,1,68,0,3,0,67,68,66,23,3,66,1,-1,66,1,0,0,73406,4198656,0,251236,0,0,0,0,0,0,5,4,73406,6,114385,0,264448,0,0,0,0,191058,1,0,73406,0,8,0,5,0,67,79,8,2,205983,0,0,73406,2,4,0,0,316,0,-1,0,526592,66
114510,232,255,17000,22,215,114,1920,215,136,215,0,1,38,64,1,215,215,5,215,Casa Pia,0,0,-1,0,231753,0,3,-1,0,30,0,2,4,0,0,1,0,0,6981,0,1,281,10020,0,1,68,0,1,0,69,68,69,-9,2,68,1,-1,68,1,0,0,231753,270592,0,231753,0,0,0,0,0,0,0,4,231753,3,114510,0,532736,0,0,0,0,171791,1,0,231753,0,0,0,4,0,70,36,5,0,211561,0,0,231753,2,1,0,0,316,0,-1,0,528640,69
114545,200,80,1985,196,104,45,1923,45,80,120,120,1,44,200,1,196,80,104,200,Metaloglobus București,120,0,-1,0,79060,0,2,-1,0,30,0,2,4,0,0,1,0,0,4500,0,1,768,100757,0,1,62,0,0,0,62,62,62,26,2,60,1,-1,60,1,0,0,79060,270336,0,79060,0,0,0,0,0,0,0,5,79060,3,114545,0,532480,0,0,0,0,233868,0,0,79060,0,0,0,5,0,62,79,2,2,79060,0,0,79060,2,1,0,0,316,0,-1,0,528384,62
114546,21,214,2450,0,255,0,1904,255,214,255,21,1,46,21,1,255,255,0,255,FK Csíkszereda Miercurea Ciuc,21,0,-1,0,262706,0,2,-1,0,30,0,2,4,0,0,1,0,0,4000,0,1,970,100757,0,1,62,0,1,0,62,62,64,25,3,62,1,-1,62,1,0,0,262706,266240,0,262706,0,0,0,0,0,0,0,3,78704,2,114546,0,526336,0,0,0,0,262706,0,0,262706,0,0,0,5,0,62,79,2,2,78704,0,0,262706,2,4,0,0,316,0,-1,0,526336,64
114554,17,27,2500,21,255,252,1942,255,250,255,129,1,42,20,1,255,255,208,255,FC Andorra,15,0,-1,0,263006,0,1,-1,0,30,0,2,4,0,0,1,0,0,5108,0,2,912,110062,0,1,66,0,1,0,67,65,67,1,1,67,2,-1,67,2,0,0,75437,263168,0,263006,0,0,0,0,0,0,0,2,263006,6,114554,0,525312,0,0,0,0,230134,0,0,263006,0,0,0,4,0,67,69,6,1,260044,0,0,263006,2,1,0,0,316,0,-1,0,532480,67
114577,250,250,10650,13,249,250,1933,248,250,249,250,1,-16,250,1,249,248,27,249,Always Ready,250,0,-1,0,233569,0,4,-1,0,50,0,2,4,0,0,3,0,0,25000,0,0,804,110968,0,1,65,0,3,0,66,65,67,-68,2,66,1,-1,66,1,1,0,267457,4202752,0,226659,0,0,0,0,0,0,0,3,233569,2,114577,0,270592,0,0,0,0,69960,0,0,226659,0,4,0,1,0,66,111,5,-4,233569,0,0,233569,7,2,0,0,366,0,-1,0,528640,67
114578,179,134,4000,232,255,231,1939,255,35,255,219,1,-1,65,1,255,255,232,255,Macará,129,0,-1,0,254055,0,5,-1,0,30,0,2,4,0,0,3,0,0,16467,0,2,784,110986,0,1,66,0,0,0,66,66,66,-78,3,66,1,-1,66,2,0,0,254055,266240,2,254055,0,0,0,0,0,0,0,4,254055,4,114578,0,526336,0,0,1,0,251917,0,0,254055,0,0,0,1,0,66,111,3,-5,84440,0,0,254055,7,3,0,0,316,0,-1,0,526336,66
114604,1,1,8571,255,1,255,2020,1,1,1,1,1,-34,1,1,1,1,255,1,Macarthur FC,1,0,-1,0,209886,0,1,-1,0,50,0,2,4,0,0,1,0,0,20000,0,1,472,111400,0,2,62,0,1,0,63,62,66,150,2,62,2,-1,62,1,0,0,199159,4202576,0,209886,0,0,0,0,0,0,2,3,199159,1,114604,0,270416,0,0,0,0,199159,0,0,209886,0,0,0,3,0,63,54,5,10,239626,0,0,209886,2,1,0,0,316,0,-1,0,528464,66
114611,82,231,14000,129,250,2,2014,250,250,250,1,1,10,250,1,250,250,25,250,Academia Puerto Cabello,250,0,-1,0,244834,0,7,-1,0,50,0,2,4,0,0,1,0,0,7500,0,2,837,110991,0,0,67,0,10,0,66,67,67,-68,2,66,1,-1,66,2,1,0,182896,4202496,0,182896,0,0,0,0,0,0,0,3,182896,1,114611,0,270336,0,0,0,0,250842,0,0,244834,0,0,0,1,0,66,111,6,-4,244834,0,0,244834,7,3,0,0,316,0,-1,0,528384,67
114628,20,151,4880,255,1,255,2013,1,1,38,38,1,23,1,1,1,151,255,20,Meizhou Hakka,1,0,-1,0,272540,4,3,-1,0,50,0,2,4,0,0,2,0,0,27000,0,0,895,131487,0,1,59,0,1,0,60,59,65,115,3,60,0,-1,60,1,0,0,272540,4198400,0,247195,0,0,0,0,0,0,0,4,272540,3,114628,0,264192,0,0,0,0,231956,0,0,272540,0,0,0,2,0,60,75,4,8,227509,0,0,272540,4,1,0,0,316,0,-1,0,526336,65
114640,133,26,170000,1,12,1,2020,12,255,12,200,1,35,255,1,12,12,1,12,Charlotte FC,255,0,-1,0,241985,0,2,-1,0,50,0,2,4,0,1,5,0,0,38000,0,1,817,112885,0,1,72,0,0,0,72,74,68,-80,3,68,2,-1,68,1,0,0,241985,4202752,0,241985,0,0,0,0,0,0,0,1,189280,2,114640,0,4198656,0,0,0,0,189280,0,0,189280,0,0,0,6,0,71,134,6,-6,75295,0,0,189280,2,1,0,0,316,0,-1,0,264448,72
114815,174,0,0,250,255,250,2020,255,0,255,239,1,0,174,1,255,255,250,255,Soccer Aid,239,0,-1,0,1397,0,5,-1,0,50,0,0,4,0,0,5,0,0,0,0,0,0,111205,0,0,89,0,3,0,89,89,88,0,1,89,0,-1,89,0,0,0,1397,131712,0,1397,0,0,0,0,0,0,0,2,1397,5,114815,0,4194944,0,0,0,0,1183,1,0,1397,0,0,0,0,0,89,88,5,0,28130,0,0,1397,2,5,0,0,316,0,-1,0,270464,88
115202,118,229,1400,245,255,245,2005,255,20,255,45,1,28,20,1,255,255,245,255,Punjab FC,20,0,-1,0,224358,0,2,-1,0,50,0,2,4,0,0,2,0,0,60254,0,1,925,113146,0,0,56,0,1,0,57,56,60,77,2,56,0,-1,56,0,0,0,224358,4202624,0,224358,0,0,0,0,0,0,0,2,224358,5,115202,0,270464,0,0,0,0,224358,0,0,224358,0,0,0,1,0,57,6,8,6,224358,0,0,224358,9,1,0,0,316,0,-1,0,528512,60
115362,16,200,0,255,255,255,1889,255,200,255,45,2,55,16,2,255,255,255,255,Denmark Women,45,0,-1,0,259287,0,10,-1,0,65,0,2,4,0,0,0,0,0,38065,0,1,248,113008,0,1,76,0,0,0,75,76,74,12,1,75,0,-1,75,1,0,0,259287,132112,0,259287,0,1,0,0,0,0,0,2,259287,0,115362,0,132112,0,0,0,0,259287,0,0,259287,0,0,0,7,0,75,88,0,1,259287,0,0,259287,2,2,0,0,316,0,-1,0,4202512,74
115472,255,255,5000,32,255,32,1931,255,255,255,255,1,-34,255,1,255,255,30,255,Deportivo Riestra,255,0,-1,0,243977,0,1,-1,0,50,0,2,4,0,0,1,0,2,3000,0,0,82,111710,0,1,65,0,15,0,65,65,67,-58,3,64,0,-1,64,0,0,0,70053,4198400,0,242485,0,0,0,0,0,0,0,4,266838,3,115472,0,264192,0,0,0,0,243977,0,0,243977,0,0,0,1,0,65,190,6,-3,243977,0,0,243977,7,1,0,0,316,0,-1,0,526336,67
115486,165,255,0,255,255,0,2020,255,0,255,0,1,0,0,1,255,255,0,255,Create Club Team,0,0,-1,0,1,4,1,-1,0,50,0,1,4,0,0,5,0,0,5000,0,0,0,1318,0,0,0,0,0,0,0,0,0,0,3,0,0,-1,0,0,0,0,1,0,0,1,0,0,0,0,0,0,0,2,1,5,115486,0,0,0,2,0,0,1,1,0,1,0,0,0,0,0,0,88,5,0,1,0,0,1,2,1,0,0,316,0,-1,0,0,0
115517,14,226,7020,255,248,255,1992,248,226,248,14,1,19,14,1,248,248,255,248,Independiente Petrolero,14,0,-1,0,211339,0,6,-1,0,50,0,2,4,0,0,3,0,0,32700,0,1,879,110968,0,1,66,0,0,0,65,66,65,56,2,64,1,-1,64,1,1,0,211339,4202752,0,211339,0,0,0,0,0,0,0,3,211339,2,115517,0,270592,0,0,0,0,211339,0,0,211339,0,1,0,1,0,65,111,8,-4,211339,0,0,211339,7,1,0,0,366,0,-1,0,528640,65
115682,10,210,0,2,215,0,1914,215,20,215,15,2,38,130,2,215,215,100,215,Portugal Women,0,0,-1,0,261829,0,10,-1,0,30,0,2,4,0,0,0,0,0,32830,0,1,281,113012,0,1,77,0,1,0,75,77,75,-9,1,74,1,-1,74,1,0,0,261829,263232,0,261843,0,1,0,0,0,0,0,4,261843,0,115682,0,263232,0,0,0,0,261829,0,0,261833,0,0,0,4,0,75,88,0,0,261837,0,0,261833,2,4,0,0,316,0,-1,0,532544,75
115693,8,9,5000,51,255,255,1950,255,255,255,225,1,10,1,1,255,255,248,255,Universidad Central de Venezuela,1,0,-1,0,242110,0,5,-1,0,65,0,2,4,0,0,5,0,0,24264,0,2,800,110989,0,1,66,0,3,0,67,66,70,-67,2,66,1,-1,66,2,1,0,273026,139264,0,273026,0,0,0,0,0,0,1,1,242110,5,115693,0,139264,0,0,0,0,259859,0,0,242110,0,4,0,1,0,67,111,5,-4,242110,0,0,242110,7,5,0,0,316,0,-1,0,4198400,70
115841,69,50,422475,250,69,250,1900,50,102,171,171,2,41,178,2,171,50,250,69,Latium,255,0,-1,0,245275,0,7,-1,0,50,0,2,4,0,0,8,0,0,70634,0,1,408,52,0,1,77,0,1,0,78,77,77,12,1,78,1,-1,78,1,0,0,245275,132496,0,245275,0,0,0,0,0,0,7,2,251530,6,115841,0,4195728,0,0,0,0,220502,0,0,251530,0,2,0,4,0,78,47,1,1,220502,0,0,245275,2,7,0,0,316,0,-1,0,270736,77
115845,12,12,687000,180,12,30,1907,12,250,12,12,2,45,250,2,12,12,100,12,Bergamo Calcio,250,0,-1,0,216150,0,7,-1,0,65,0,2,4,0,0,7,0,0,24276,0,1,45,1745,0,1,78,0,1,0,79,78,77,9,1,78,1,-1,78,1,0,0,216150,132224,1,74574,0,0,0,0,0,0,1,4,253002,6,115845,1,132224,0,0,0,0,208461,0,0,251470,0,0,0,4,0,79,47,7,1,266866,0,0,251470,2,6,0,0,316,0,-1,0,4202624,77
115892,108,20,1200,173,170,165,1960,165,6,96,96,1,26,12,1,173,20,170,108,Al Najmah,17,0,-1,0,255109,0,2,-1,0,50,0,2,4,0,1,9,0,0,30180,0,1,976,113222,0,1,66,0,1,0,64,66,64,44,3,61,1,-1,61,1,0,0,255109,4198400,0,251294,0,0,0,0,0,0,0,2,251294,8,115892,0,264192,0,0,0,0,215651,0,0,255109,0,0,0,8,0,64,67,2,3,255109,0,0,255109,2,1,0,0,316,0,-1,0,526336,64
115995,1,255,100000,255,255,255,1900,255,1,1,60,3,48,1,3,255,200,255,1,Bayern München,1,0,-1,0,239344,0,10,-1,0,90,0,2,4,0,0,10,0,0,2500,1,1,333,115998,0,1,84,0,1,0,83,84,83,11,1,82,1,-1,81,0,0,0,239344,66048,0,248822,0,1,0,0,0,0,2,2,248822,7,115995,0,66048,0,0,0,0,264886,0,0,239344,0,7,0,4,0,83,90,10,1,243404,0,0,239344,2,8,0,0,366,0,-1,0,73728,81
115996,1,255,10000,1,210,1,1904,210,255,210,1,2,51,255,2,210,210,1,210,Bayer 04 Leverkusen,255,0,-1,1,265377,0,7,-1,0,50,0,2,4,0,0,5,0,0,30210,0,1,277,116003,0,1,75,0,1,0,76,74,78,7,2,75,1,-1,76,0,0,0,265042,132096,0,265377,0,1,0,0,0,0,0,2,277264,6,115996,0,4202496,0,0,0,0,264922,1,0,265377,0,0,0,4,0,76,90,8,1,265377,0,0,265377,2,6,0,0,366,0,-1,0,266240,78
115997,1,1,50000,255,1,255,1899,1,227,1,1,2,50,6,2,1,1,255,1,Eintracht Frankfurt,19,0,-1,0,265121,0,8,-1,0,65,0,2,4,0,0,8,0,0,58000,0,1,167,115998,0,1,81,0,1,0,79,82,77,8,1,78,1,-1,78,1,0,0,265121,132096,0,265121,0,1,0,0,4,0,9,2,265058,8,115997,0,132096,0,0,0,0,264936,0,0,265058,0,7,0,4,0,79,90,9,1,265035,0,0,265121,2,7,0,0,366,0,-1,0,4202496,77
115998,180,100,80500,255,210,255,1945,210,90,210,45,2,52,225,2,210,210,255,210,VfL Wolfsburg,2,0,-1,0,227337,0,10,-1,0,50,0,2,4,0,0,6,0,0,5200,0,1,530,115997,0,1,81,0,1,0,80,82,81,10,1,79,1,-1,78,1,0,0,227337,131712,3,265409,0,1,0,0,2,0,9,2,227337,6,115998,0,4194944,0,0,0,0,227337,0,0,226302,0,7,0,4,0,80,90,10,1,265063,0,0,226302,2,9,0,0,316,0,-1,0,270464,82
115999,93,31,13000,255,80,255,1899,80,1,80,166,2,49,48,2,80,80,255,80,TSG 1899 Hoffenheim,91,0,-1,0,265025,0,6,-1,0,30,0,2,4,0,0,3,0,0,30150,0,1,450,115997,0,1,71,0,1,0,74,71,77,8,1,74,1,-1,73,0,0,0,274847,263168,0,272657,0,1,0,0,0,0,0,2,272657,6,115999,0,525312,0,0,0,0,274847,0,0,265025,0,0,0,4,0,73,90,8,1,265025,0,0,265025,2,3,0,0,316,0,-1,0,532480,77
116001,0,127,4000,255,255,255,1968,255,0,255,255,2,51,0,2,255,127,255,0,SGS Essen,0,0,-1,1,272338,0,4,-1,0,30,0,2,4,0,0,4,0,0,20650,0,1,656,115996,0,1,73,0,1,0,74,74,71,7,2,73,1,-1,73,0,0,0,272338,270336,0,272338,0,1,0,0,0,0,0,2,272338,6,116001,0,532480,0,0,0,0,265039,0,0,272338,0,0,0,4,0,73,90,3,1,272338,0,0,272338,2,2,0,0,316,0,-1,0,528384,71
116002,1,228,10000,1,1,1,1904,220,255,1,43,2,48,255,2,1,220,1,1,SC Freiburg,255,0,-1,0,271839,0,7,-1,0,30,0,1,4,0,0,6,0,0,34700,1,1,168,115999,0,1,74,0,1,0,74,73,74,7,1,74,1,-1,74,0,0,0,271839,263168,0,271839,0,1,0,0,0,0,0,2,271839,7,116002,0,525312,0,0,0,0,265069,0,0,271839,0,0,0,4,0,74,90,6,1,271839,0,0,271839,2,5,0,0,316,0,-1,0,532480,75
116003,41,218,5000,255,150,255,1948,150,1,150,28,2,50,1,2,150,150,255,150,1. FC Köln,1,0,-1,1,271788,0,3,-1,0,50,0,1,4,0,0,5,0,0,50000,1,1,249,115996,0,1,73,0,1,0,75,74,75,6,2,73,1,-1,73,0,0,0,271952,4202496,0,271788,0,1,0,0,0,0,0,2,271952,5,116003,0,4202496,0,0,0,0,248715,0,0,271952,0,0,0,4,0,74,90,4,1,264940,0,0,271788,2,2,0,0,316,0,-1,0,266240,78
116004,129,1,6000,255,255,255,1899,255,1,255,73,2,53,81,2,255,255,255,255,Werder Bremen,52,0,-1,1,73023,0,5,-1,0,65,0,2,4,0,0,7,0,0,42100,25,1,70,132533,0,1,72,0,1,0,74,73,75,8,1,72,1,-1,72,0,0,0,73023,132096,0,73023,0,1,0,0,0,0,0,2,73023,7,116004,0,132096,0,0,0,0,265116,0,0,73023,0,0,0,4,0,73,90,6,1,73023,0,0,73023,2,2,0,0,316,0,-1,0,4202496,75
116005,103,0,2000,0,255,248,1903,255,255,225,207,1,50,255,1,255,245,236,245,FC Carl Zeiss Jena,255,0,-1,0,272284,0,2,-1,0,30,0,1,4,0,4,2,0,0,12990,0,1,610,116004,0,1,68,0,1,0,68,66,70,11,2,66,1,-1,67,1,0,0,275528,270336,0,75092,0,1,0,0,0,0,0,2,272284,6,116005,0,532480,0,0,0,0,272283,0,0,272284,0,0,0,4,0,69,90,3,1,272284,0,0,272284,2,1,0,0,316,0,-1,0,528384,70
116009,26,218,129500,255,1,255,1886,1,211,1,53,3,51,197,3,1,1,255,1,Arsenal,75,0,-1,0,265239,0,9,-1,0,50,0,2,4,0,0,10,0,0,4500,0,1,285,116010,0,1,84,0,1,0,84,84,85,0,1,84,0,-1,84,0,0,0,265239,131712,0,265239,0,1,0,0,2,0,14,2,237288,9,116009,0,4194944,0,0,0,0,245872,0,0,237288,0,15,0,3,0,84,76,10,0,237288,0,0,265239,2,9,0,0,366,0,-1,0,270464,86
116010,20,0,120000,255,85,255,1905,48,28,200,137,3,51,75,3,200,48,255,85,Chelsea,160,0,-1,0,261733,0,10,-1,0,50,0,1,4,0,0,9,0,0,40343,0,1,285,116009,0,1,83,0,1,0,84,83,86,0,1,82,0,-1,82,0,0,0,265249,131712,0,261733,0,1,0,0,0,0,9,2,245882,8,116010,0,4194944,0,0,0,0,245882,0,0,245882,0,8,0,3,0,83,76,10,0,227125,0,0,245882,2,9,0,0,366,0,-1,0,270464,88
116011,255,255,37730,75,37,15,1882,29,153,110,255,2,51,177,2,110,29,32,37,Tottenham Hotspur,211,0,-1,0,266598,0,4,-1,0,30,0,1,4,0,0,5,0,0,6500,0,1,285,116009,0,1,76,0,1,0,76,75,72,0,1,75,0,-1,75,0,0,0,266598,263232,0,279885,0,1,0,0,0,0,2,3,266598,6,116011,0,263232,0,0,0,0,256489,0,0,266598,0,0,0,3,0,76,76,6,0,256489,0,0,266598,2,5,0,0,366,0,-1,0,532544,71
116012,1,199,95290,255,1,255,1878,1,30,1,1,2,53,30,2,1,1,255,1,Manchester United,30,0,-1,0,263011,0,8,-1,0,50,0,2,4,0,0,8,0,0,12000,0,1,300,116017,0,1,81,0,1,0,81,81,83,-2,1,80,0,-1,80,0,0,0,263011,131712,0,247477,0,1,0,0,0,0,1,1,247477,7,116012,0,4194944,0,0,0,0,265293,0,0,263011,0,0,0,3,0,81,76,9,0,265293,0,0,263011,2,7,0,0,366,0,-1,0,270464,83
116013,57,0,25730,255,99,255,1901,72,240,168,166,2,51,171,2,168,72,255,99,Brighton & Hove Albion,0,0,-1,0,271568,0,5,-1,0,30,0,1,4,0,0,4,0,0,6134,5,1,74,116014,0,1,76,0,1,0,76,77,77,0,2,75,0,-1,75,0,0,0,271568,263232,0,227255,0,1,0,0,0,0,0,3,227255,7,116013,0,270400,0,0,0,0,227255,0,0,271568,0,0,0,3,0,76,76,4,0,227255,0,0,271568,2,3,0,0,366,0,-1,0,528448,79
116014,37,123,52570,231,38,27,1895,16,100,32,57,2,51,30,2,32,16,177,38,West Ham United,60,1,-1,0,264955,0,4,-1,0,30,0,1,4,0,0,2,0,0,6078,0,1,285,116011,0,1,76,0,1,0,75,76,77,0,3,74,0,-1,75,0,0,0,227348,270400,0,227348,0,1,0,0,0,0,0,4,227348,7,116014,0,266304,0,0,0,0,227115,0,0,227348,0,0,0,3,0,76,76,6,0,227348,0,0,227348,2,4,0,0,366,0,-1,0,528448,77
116015,0,102,45000,229,184,148,1874,139,124,51,51,2,52,47,2,226,102,190,0,Aston Villa,78,0,-1,0,253417,0,4,-1,0,30,0,1,4,0,0,5,0,0,42657,0,1,54,116020,0,1,75,0,1,0,76,74,76,-1,2,76,0,-1,76,0,0,0,253417,263168,0,264866,0,1,0,0,0,0,1,4,253417,4,116015,0,270336,0,0,0,0,265237,1,0,253417,0,0,0,3,0,76,76,3,0,253417,0,0,253417,2,4,0,0,366,0,-1,0,528384,76
116016,54,0,63550,255,54,255,1878,0,45,156,156,2,53,99,2,156,0,255,54,Everton,201,0,-1,0,245834,0,4,-1,0,30,0,1,4,0,0,4,0,0,39572,14,1,282,116343,0,1,76,0,1,0,76,75,76,-2,2,75,0,-1,74,0,0,0,245834,263296,0,245834,0,1,0,0,0,0,1,1,245834,3,116016,0,270464,0,0,0,0,264831,0,0,245834,0,1,0,3,0,76,76,6,0,271739,0,0,245834,2,3,0,0,366,0,-1,0,528512,77
116017,173,108,81430,255,177,255,1880,133,0,222,233,2,53,40,2,222,133,255,177,Manchester City,94,0,-1,0,227254,0,8,-1,0,50,0,1,4,0,1,8,0,0,7000,0,1,300,116012,0,1,80,0,1,0,82,80,89,-2,1,81,0,-1,80,0,0,0,227254,131600,0,227254,0,1,0,0,0,0,7,2,245830,8,116017,0,4194832,0,0,0,0,227254,0,0,227254,0,1,0,3,0,82,76,8,0,246219,0,0,227254,2,7,0,0,366,0,-1,0,270352,91
116020,51,0,25440,255,77,255,1884,37,57,173,160,2,52,101,2,173,37,255,77,Leicester City,189,0,-1,0,258704,0,3,-1,0,30,0,1,4,0,0,3,0,0,32261,0,1,272,116015,0,1,74,0,1,0,75,74,75,-1,2,76,0,-1,75,0,0,0,265233,270400,0,265224,0,1,0,0,0,0,0,2,265233,5,116020,0,532544,0,0,0,0,265233,0,0,265224,0,0,0,3,0,74,76,3,0,265233,0,0,265224,2,2,0,0,366,0,-1,0,528448,75
116021,255,255,5000,65,175,221,2009,175,1,175,255,2,51,31,2,175,175,7,175,RB Leipzig,71,0,-1,0,78685,0,3,-1,0,30,0,2,4,0,0,5,0,0,47800,1,1,273,132589,0,1,74,0,1,0,74,74,70,12,1,74,1,-1,73,1,0,0,273563,263168,0,78685,0,1,0,0,0,0,0,2,273563,7,116021,0,525312,0,0,0,0,262089,0,0,273563,0,0,0,4,0,74,90,7,1,273563,0,0,273563,2,2,0,0,366,0,-1,0,532480,70
116033,0,217,102000,136,250,39,1950,250,210,250,34,3,45,180,3,250,250,66,250,OL Lyonnes,83,0,-1,0,265674,0,10,-1,0,90,0,2,4,0,0,7,0,0,59186,0,1,293,116034,0,1,82,0,1,0,84,82,85,4,1,84,1,-1,84,1,0,0,265674,66176,0,265674,0,1,0,0,8,0,10,2,261740,8,116033,0,66176,0,0,0,0,227316,1,0,265674,0,18,0,4,0,84,88,10,1,227316,0,0,265674,2,10,0,0,366,0,-1,0,73856,85
116034,62,1,94000,41,62,200,1970,1,255,116,116,2,48,255,2,116,1,42,62,Paris Saint-Germain,255,0,-1,0,233662,0,9,-1,0,50,0,1,4,0,0,7,0,0,47929,0,1,373,116033,0,1,80,0,1,0,80,80,78,2,1,80,1,-1,80,1,0,0,233662,131712,0,233662,0,1,0,0,0,0,4,7,267531,8,116034,0,4194944,0,0,0,0,233662,0,0,267531,0,1,0,4,0,80,88,10,1,267531,0,0,267531,2,8,0,0,366,0,-1,0,270464,78
116035,33,14,35000,17,30,232,1969,30,80,30,92,2,48,112,2,30,30,32,30,Paris FC,189,0,-1,0,265861,0,8,-1,0,65,0,2,4,0,0,5,0,0,18528,0,1,373,116034,0,1,78,0,1,0,77,78,85,2,1,77,1,-1,77,0,0,0,265861,132224,0,265861,0,1,0,0,0,0,2,2,265861,7,116035,0,132224,0,0,0,0,245697,0,0,265861,0,6,0,4,0,77,88,9,1,265861,0,0,265861,2,4,0,0,316,0,-1,0,4202624,85
116036,43,230,9000,74,30,73,1970,30,1,30,64,2,48,1,2,30,30,69,30,FC Fleury 91,1,0,-1,0,265968,0,6,-1,0,30,0,2,4,0,0,2,0,0,2490,0,1,883,116035,2,1,75,0,15,0,74,75,70,2,3,75,1,-1,75,0,0,0,268640,270464,0,265833,0,1,0,0,0,0,0,2,265833,5,116036,0,528512,0,0,0,0,264895,1,0,268640,0,0,0,4,0,74,88,4,1,265968,0,0,268640,2,2,0,0,316,0,-1,0,526464,70
116037,89,233,12000,124,30,2,1974,30,255,30,33,1,43,255,1,30,30,64,30,Montpellier HSC,255,0,-1,0,265903,0,5,-1,0,30,0,2,4,0,0,3,0,0,1280,0,1,326,116033,0,1,69,0,1,0,71,69,71,3,3,75,1,-1,75,0,0,0,265903,270336,0,75178,0,1,0,0,0,0,3,1,265903,5,116037,0,528384,0,0,0,0,231347,0,0,265903,0,2,0,4,0,71,88,3,1,265903,0,0,265903,2,2,0,0,316,0,-1,0,526336,71
116039,21,215,2500,255,250,255,1998,250,111,250,52,2,47,9,2,250,250,255,250,Dijon FCO,18,0,-1,0,265878,0,4,-1,0,30,0,0,4,0,0,1,0,0,1500,9,1,136,116417,2,1,73,0,15,0,72,73,73,5,2,71,1,-1,71,0,0,0,265878,270336,0,73677,0,1,0,0,0,0,0,2,265878,5,116039,0,532480,0,0,0,0,265883,0,0,265878,0,0,0,4,0,72,88,1,1,265878,0,0,265878,2,1,0,0,316,0,-1,0,528384,73
116044,130,0,4000,250,255,250,1919,255,30,255,45,1,49,130,1,255,255,250,255,AS Saint-Étienne,76,0,-1,0,267661,0,2,-1,0,50,0,1,4,0,0,2,0,0,1250,0,1,414,116033,0,1,71,0,0,0,70,71,71,2,2,70,1,-1,70,0,0,0,267661,4202560,0,267661,0,1,0,0,0,0,1,1,267661,3,116044,0,4202560,0,0,1,0,267661,0,0,267661,0,0,0,4,0,70,88,4,1,265901,0,0,267661,2,1,0,0,316,0,-1,0,266304,71
116280,255,255,78000,30,25,30,1897,25,248,25,255,2,45,151,2,25,25,30,25,Juventus,170,0,-1,0,261835,0,10,-1,0,50,0,2,4,0,0,6,0,0,41507,0,1,485,116326,0,1,79,0,1,0,76,79,69,7,2,77,1,-1,77,1,0,0,266937,132224,0,261835,0,1,0,0,0,0,4,4,261835,6,116280,0,4202624,0,0,1,0,227067,0,0,265240,0,6,0,4,0,76,110,8,1,266995,0,0,261835,2,7,0,0,366,0,-1,0,266368,69
116282,0,150,60000,250,74,250,1927,53,250,117,0,2,41,187,2,117,53,250,74,Roma,0,0,-1,0,227095,0,10,-1,0,50,0,1,4,0,0,7,0,0,70634,0,1,408,116280,0,1,79,0,1,0,76,79,78,12,2,73,1,-1,73,1,0,0,227095,132096,0,227095,0,1,0,0,0,0,2,2,227095,6,116282,0,4202496,0,0,0,0,227095,0,0,227095,0,2,0,4,0,76,110,7,1,227095,0,0,227095,2,7,0,0,366,0,-1,0,266240,78
116300,255,255,66618,147,211,1,2012,211,231,211,255,2,47,36,2,211,211,51,211,Seattle Reign FC,36,0,-1,0,265853,0,5,-1,0,30,0,2,4,0,0,4,0,0,37722,0,1,440,116302,2,1,71,0,15,0,74,71,76,-122,1,71,0,-1,71,1,0,0,265853,263488,0,265853,0,1,0,0,0,0,0,1,265853,6,116300,0,525632,0,0,0,0,267209,0,0,242024,0,0,0,6,0,74,196,5,-8,267201,0,0,265853,2,5,0,0,316,0,-1,0,532800,76
116302,1,1,73693,31,1,151,2012,1,26,1,1,2,46,86,2,1,1,30,1,Portland Thorns FC,50,0,-1,0,267223,0,6,-1,0,30,1,1,0,0,0,6,0,0,25218,0,1,384,116300,2,1,74,0,15,0,76,74,79,123,2,72,1,-1,72,1,0,0,267223,263296,0,267223,0,1,0,0,0,0,1,2,267223,8,116302,0,270464,0,0,0,0,267203,0,0,267223,0,3,0,6,0,76,196,7,-8,267223,0,0,267223,2,6,0,1,316,0,-1,0,528512,79
116303,44,1,59250,255,255,255,2017,255,171,255,100,2,35,29,2,255,255,255,255,North Carolina Courage,55,0,-1,0,266091,0,5,-1,0,30,1,2,4,0,0,4,0,0,10000,0,1,891,116302,0,1,71,0,0,0,73,71,74,-77,1,72,0,-1,72,1,0,0,266091,263296,0,266091,0,1,0,0,0,0,2,5,266091,7,116303,0,525440,0,0,0,0,237673,1,0,266091,0,2,0,6,0,73,196,5,-5,266091,0,0,266091,2,4,0,0,316,0,-1,0,532608,74
116304,24,16,74905,46,255,196,2012,255,255,255,34,2,38,255,2,255,255,20,255,Washington Spirit,255,0,-1,0,71561,0,8,-1,0,50,0,1,4,0,0,8,0,0,20000,0,1,522,116310,0,1,78,0,3,0,78,78,80,-77,1,76,0,-1,76,1,0,0,272115,132480,0,71561,0,1,0,0,0,0,0,3,272115,4,116304,0,4195712,0,0,0,0,267261,0,0,272115,0,1,0,6,0,78,196,10,-5,266996,0,0,272115,2,7,0,0,316,0,-1,0,270720,80
116305,255,255,56444,25,255,17,2006,255,149,255,255,2,41,165,2,255,255,20,255,Chicago Stars FC,194,0,-1,0,267264,0,2,-1,0,30,0,2,4,0,0,2,0,0,28000,0,1,607,116310,0,1,76,0,3,0,76,76,74,-87,2,73,0,-1,73,1,0,0,267264,263488,0,247724,0,1,0,0,0,0,0,1,247724,3,116305,0,270656,0,0,0,0,226335,0,0,267264,0,0,0,6,0,76,196,2,-6,272100,0,0,267264,2,3,0,0,316,0,-1,0,528704,74
116306,102,249,57785,255,255,255,2013,255,1,255,58,2,30,1,2,255,255,255,255,Houston Dash,1,0,-1,0,83034,0,3,-1,0,65,0,1,4,0,0,3,0,0,21000,16,1,220,116307,0,1,73,0,1,0,74,73,73,-95,1,74,0,-1,74,1,0,0,83034,132480,0,83034,0,1,0,0,0,0,1,1,83034,7,116306,0,132480,0,0,0,0,238212,0,0,83034,0,0,0,6,0,74,196,7,-6,267381,0,0,83034,2,2,0,0,316,0,-1,0,4202880,73
116307,51,99,60875,1,255,1,2015,255,255,255,148,2,28,255,2,255,255,1,255,Orlando Pride,255,0,-1,0,246059,0,9,-1,0,50,0,2,4,0,0,6,0,0,25500,5,1,360,116306,0,1,76,0,3,0,77,76,79,-81,2,76,0,-1,76,1,0,0,267199,132352,0,246059,0,1,0,0,0,0,0,4,70502,4,116307,0,4202752,0,0,0,0,243262,0,0,267199,0,1,0,6,0,77,196,8,-5,246059,0,0,246059,2,5,0,0,316,0,-1,0,266496,79
116308,180,201,58960,45,255,16,2019,255,255,255,246,2,38,255,2,255,255,1,255,Racing Louisville FC,255,0,-1,0,267305,0,4,-1,0,30,0,2,4,0,0,2,0,0,11700,0,1,890,116309,0,1,72,0,0,0,74,72,70,-85,3,73,0,-1,73,1,0,0,77548,270592,0,267305,0,1,0,0,0,0,0,2,77548,8,116308,0,528640,0,0,0,0,267325,0,0,77548,0,0,0,6,0,74,196,5,-5,267384,0,0,267305,2,2,0,0,316,0,-1,0,526592,70
116309,231,152,104908,255,255,255,2020,255,1,255,228,2,39,1,2,255,255,255,255,Kansas City Current,1,0,-1,0,226893,0,10,-1,0,50,0,1,0,0,0,9,0,0,11500,0,1,240,116308,0,1,78,0,1,0,78,78,77,-95,2,74,0,-1,74,0,0,0,226893,132224,0,226893,0,1,0,0,0,0,0,4,226893,2,116309,0,4202624,0,0,0,0,267336,0,0,226893,0,0,0,6,0,78,196,8,-6,267336,0,0,226893,2,6,0,0,316,0,-1,0,266368,77
116310,240,168,70930,1,1,1,2007,1,255,1,246,2,40,255,2,1,1,1,1,Gotham FC,255,0,-1,0,232075,0,7,-1,0,90,0,1,4,0,0,6,0,0,25000,1,1,340,116305,0,1,78,0,1,0,78,78,77,-74,1,77,0,-1,77,1,0,0,232075,66688,0,232075,0,1,0,0,0,0,0,2,243264,5,116310,0,66688,0,0,0,0,232075,0,0,243264,0,2,0,6,0,78,196,7,-5,233244,0,0,232075,2,7,0,0,316,0,-1,0,139392,77
116311,140,234,204750,1,1,1,2020,1,255,1,127,2,34,255,2,1,1,1,1,Angel City FC,255,0,-1,0,71583,0,4,-1,0,50,0,1,4,0,0,7,0,0,22000,9,1,606,116312,0,1,73,0,1,0,74,73,79,-118,1,71,0,-1,71,1,0,0,71583,4195600,0,71583,0,1,0,0,0,0,0,1,71583,5,116311,0,4195600,0,0,0,0,267367,0,0,71583,0,0,0,6,0,74,196,7,-8,77669,0,0,71583,2,4,0,0,316,0,-1,0,270608,79
116312,42,1,85769,255,255,255,2021,255,252,255,98,2,32,17,2,255,255,255,255,San Diego Wave FC,151,0,-1,0,227353,0,8,-1,0,50,0,2,4,0,0,5,0,0,35000,0,1,889,116311,0,1,73,0,14,0,74,73,75,-117,1,72,0,-1,72,1,0,0,227353,4195456,0,80028,0,1,0,0,0,0,0,1,227353,5,116312,0,4195456,0,0,0,0,227353,1,0,227353,0,0,0,6,0,74,196,9,-8,227353,0,0,227353,2,6,0,0,316,0,-1,0,270464,75
116325,57,3,180000,60,200,154,1899,200,255,200,128,3,41,231,3,200,200,0,200,FC Barcelona,0,0,-1,0,236479,4,10,-1,0,90,0,2,4,0,0,10,0,0,99354,0,2,36,116326,0,1,83,0,1,0,85,83,87,2,1,86,0,-1,86,2,0,0,236479,66192,0,236479,0,1,0,0,3,0,11,3,262531,9,116325,0,66192,0,0,0,0,227203,0,0,262531,0,11,0,4,0,85,72,8,1,227203,0,0,262531,2,10,0,0,366,0,-1,0,73872,87
116326,255,255,91000,130,1,45,1902,1,225,1,255,2,40,225,2,1,1,65,1,Real Madrid,255,0,-1,0,245879,0,9,-1,0,90,0,2,4,0,0,10,0,0,6000,0,2,295,116325,0,1,82,0,1,0,82,83,82,-3,1,81,0,-1,79,2,0,0,245879,66176,0,227327,0,1,0,0,0,0,0,2,264725,3,116326,0,66176,0,0,0,0,259372,0,0,264725,0,0,0,4,0,82,72,10,1,245879,0,0,245879,2,7,0,0,366,0,-1,0,73856,83
116327,0,255,77000,108,255,25,1903,255,255,255,0,2,40,254,2,255,255,31,255,Atlético de Madrid,254,0,-1,0,272112,0,9,-1,0,65,0,2,4,0,0,8,0,0,68456,0,1,295,116325,0,1,76,0,1,0,77,75,78,-3,1,77,1,-1,78,1,0,0,265280,132096,0,265280,0,1,0,0,0,0,2,2,265280,8,116327,0,132096,0,0,0,0,227204,1,0,265280,0,4,0,4,0,78,72,8,1,265280,0,0,265280,2,6,0,0,366,0,-1,0,4202496,77
116328,10,190,25000,255,255,255,1898,255,205,255,30,2,43,30,2,255,255,255,255,Athletic Club de Bilbao,30,0,-1,0,272123,0,7,-1,0,50,0,2,4,0,0,7,0,0,53331,0,2,53,116336,0,1,75,0,1,0,76,76,72,-2,1,78,0,-1,77,2,0,0,272135,132112,0,272123,0,1,0,0,0,0,0,3,272137,10,116328,0,4195344,0,0,0,0,272123,0,0,272135,0,5,0,4,0,75,72,4,1,272123,0,0,272123,2,5,0,0,316,0,-1,0,270352,73
116331,74,52,2000,98,255,219,1940,255,70,255,132,1,43,90,1,255,255,55,255,SD Eibar,150,0,-1,0,79799,4,3,-1,0,30,0,2,4,0,0,3,0,0,8164,0,2,149,116336,0,1,65,0,0,0,68,68,64,-2,3,71,0,-1,71,2,0,0,275579,266240,0,79799,0,1,0,0,0,0,0,2,79799,4,116331,0,526336,0,0,0,0,275579,0,0,79799,0,0,0,4,0,67,72,3,1,272024,0,0,79799,2,2,0,0,316,0,-1,0,526336,63
116332,66,1,10000,255,255,255,2013,255,0,255,138,2,28,254,2,255,255,255,255,Costa Adeje Tenerife,254,0,-1,0,272224,0,6,-1,0,50,0,2,4,0,0,3,0,0,23000,0,0,430,116325,0,1,75,0,1,0,73,75,71,-16,3,72,1,-1,73,0,0,0,272224,4202576,0,272224,0,1,0,0,0,0,0,2,272224,7,116332,0,4198480,0,0,0,0,272232,0,0,272224,0,0,0,4,0,73,72,4,0,272224,0,0,272224,2,4,0,0,316,0,-1,0,264272,71
116333,90,15,20000,0,50,147,1909,20,30,60,150,1,39,100,1,60,20,0,50,Levante UD,170,0,-1,0,272017,0,6,-1,0,30,0,2,4,0,0,5,0,0,25354,0,2,504,131125,0,1,69,0,1,0,70,69,69,0,2,68,0,-1,68,2,0,0,272047,270464,0,272017,0,1,0,0,0,0,6,1,272047,4,116333,0,532608,0,0,0,0,272014,0,0,272047,0,4,0,4,0,70,72,3,1,272014,0,0,272047,2,4,0,0,316,0,-1,0,528512,68
116334,255,255,18000,162,255,255,2010,255,1,255,255,1,40,1,1,255,255,72,255,Madrid CFF,1,0,-1,0,272005,0,5,-1,0,65,0,2,4,0,0,4,0,0,7500,0,0,295,116326,0,1,73,0,1,0,71,72,73,-3,1,71,0,-1,71,0,0,0,268949,132224,0,272005,0,1,0,0,0,0,0,2,272005,8,116334,0,132224,0,0,0,0,272082,1,0,272005,0,0,0,4,0,71,72,3,1,272005,0,0,272005,2,3,0,0,316,0,-1,0,4202624,75
116336,35,0,37000,255,73,255,1909,2,0,49,125,2,43,45,2,49,2,255,73,Real Sociedad,135,0,-1,0,272007,0,8,-1,0,50,0,2,4,0,0,6,0,0,40000,0,2,425,116328,0,1,76,0,1,0,75,76,74,-1,1,74,0,-1,74,2,0,0,261843,132224,0,261843,0,1,0,0,0,0,1,3,272007,8,116336,0,4195456,0,0,0,0,227359,0,0,272007,0,0,0,4,0,75,72,7,1,272007,0,0,272007,2,5,0,0,316,0,-1,0,270464,74
116337,0,249,21000,255,210,255,1905,210,230,210,0,2,37,0,2,210,210,255,210,Sevilla FC,0,0,-1,0,277573,0,5,-1,0,50,0,2,4,0,0,6,0,0,43883,0,1,445,131391,0,1,75,0,1,0,73,76,72,-5,2,69,0,-1,70,2,0,0,262460,4202624,0,277573,0,1,0,0,0,0,0,3,277573,7,116337,0,4202624,0,0,0,0,228630,0,0,262460,0,0,0,4,0,73,72,4,1,262460,0,0,277573,2,3,0,0,366,0,-1,0,266368,72
116343,27,227,55610,255,1,255,1892,1,255,1,35,2,53,215,2,1,1,255,1,Liverpool,0,0,-1,0,266922,0,5,-1,0,30,0,1,4,0,0,7,0,0,16587,0,1,282,116016,0,1,75,0,1,0,74,74,73,-2,3,73,0,-1,74,0,0,0,266922,270336,0,266922,0,1,0,0,0,0,0,2,266922,8,116343,0,266240,0,0,0,0,265301,0,0,266922,0,2,0,3,0,75,76,4,0,266922,0,0,266922,2,5,0,0,366,0,-1,0,528384,73
116360,20,151,10550,255,1,255,2018,1,1,38,38,1,30,1,1,1,151,255,20,Chengdu Rongcheng F.C.,1,0,-1,0,226096,4,6,-1,0,90,0,2,4,0,0,6,0,0,27000,0,1,896,116361,0,1,68,0,1,0,65,68,67,104,1,62,0,-1,62,0,0,0,226096,66560,0,226096,0,0,0,0,0,0,0,4,226096,5,116360,0,66560,0,0,0,0,224702,0,0,226096,0,0,0,2,0,65,75,8,8,223344,0,0,226096,4,2,0,0,316,0,-1,0,139264,67
116361,74,56,7350,255,255,255,2013,255,1,134,134,1,30,1,1,255,56,255,74,Wuhan Three Towns,1,0,-1,0,230665,0,4,-1,0,50,0,2,0,0,0,3,0,0,20000,0,1,712,111724,0,1,58,0,1,0,60,58,64,114,2,61,1,-1,61,0,0,0,230665,4202496,0,230665,0,0,0,0,0,0,0,2,230665,4,116361,0,270336,0,0,0,0,222235,0,0,230665,0,1,0,2,0,60,75,6,8,275190,0,0,230665,4,1,0,0,316,0,-1,0,528384,64
116416,191,153,5500,90,30,45,1872,30,255,30,230,1,49,255,1,30,30,62,30,Le Havre AC,255,0,-1,0,275395,0,3,-1,0,30,0,2,4,0,0,2,0,0,25178,0,1,267,116037,0,1,72,0,3,0,72,72,70,0,2,70,1,-1,70,0,0,0,270049,270336,0,275395,0,1,0,0,0,0,0,2,275395,6,116416,0,532480,0,0,0,0,269213,0,0,275395,0,0,0,4,0,72,88,3,1,269213,0,0,275395,2,1,0,0,316,0,-1,0,528384,70
116417,220,255,1500,44,1,1,1943,1,254,1,17,2,47,221,2,1,1,87,1,FC Nantes,57,0,-1,0,265952,4,5,-1,0,30,0,2,4,0,0,1,0,0,1880,18,1,337,116039,0,1,71,0,3,0,73,71,73,-1,2,75,1,-1,75,1,0,0,265952,270336,0,265952,0,1,0,0,0,0,0,3,265952,3,116417,0,532480,0,0,0,0,264904,0,0,264904,0,0,0,4,0,73,88,1,1,264904,0,0,264904,2,1,0,0,316,0,-1,0,528384,73
116428,91,36,0,250,139,250,1981,34,221,34,167,2,64,23,2,34,34,250,139,Iceland Women,11,0,-1,0,264891,0,10,-1,0,50,1,1,4,0,0,0,0,0,9800,0,1,0,113007,0,1,74,0,1,0,73,74,73,-21,3,74,0,-1,74,0,0,0,264891,4202496,0,264891,0,1,0,0,0,0,0,2,264891,0,116428,0,4198400,0,0,0,0,264886,0,0,264891,0,0,0,7,0,73,6,0,0,264891,0,0,264891,2,2,0,0,316,0,-1,0,264192,73
131123,100,29,1000,255,255,255,2004,255,29,255,196,1,38,100,1,255,255,255,255,Alhama FC,196,0,-1,0,272144,0,2,-1,0,30,0,2,4,0,0,2,0,0,8120,0,0,922,131391,0,1,68,0,1,0,68,68,70,-2,2,64,1,-1,65,0,0,0,273130,270336,0,273130,0,1,0,0,0,0,0,2,272223,4,131123,0,532480,0,0,0,0,272143,1,0,273130,0,0,0,4,0,68,72,2,1,272143,0,0,272144,2,1,0,0,316,0,-1,0,528384,69
131124,255,255,0,204,102,0,1973,0,255,204,255,2,60,235,2,204,0,102,102,Finland Women,245,0,-1,0,266598,0,10,-1,0,50,0,2,4,0,0,0,0,0,36200,0,1,0,113008,0,1,72,0,1,0,72,72,71,24,3,70,0,-1,70,1,0,0,266598,4202496,0,266598,0,1,0,0,0,0,0,2,266598,0,131124,0,4198400,0,0,0,0,72788,0,0,266598,0,0,0,7,0,72,88,0,2,275925,0,0,266598,2,4,0,0,316,0,-1,0,264192,71
131125,64,0,5000,255,255,255,1983,255,0,128,128,2,41,64,2,255,0,255,64,FC Badalona Women,128,0,-1,0,246356,0,4,-1,0,30,0,2,4,0,0,2,0,0,4170,0,0,962,131733,0,1,74,0,0,0,73,73,77,2,1,70,1,-1,73,0,0,0,272111,263296,0,272111,0,1,0,0,0,0,0,1,272111,2,131125,0,525440,0,0,0,0,246356,0,0,272148,0,0,0,4,0,74,72,4,1,272148,0,0,246356,2,2,0,0,316,0,-1,0,532608,77
131173,104,255,4030,255,34,255,1990,11,11,38,38,1,23,34,1,87,255,255,104,Qingdao Hainiu FC,87,0,-1,0,232264,0,2,-1,0,50,0,2,4,0,0,2,0,0,20525,0,1,810,111724,0,1,60,0,1,0,58,60,57,114,3,57,0,-1,57,0,0,0,232264,4198528,0,232264,0,0,0,0,0,0,1,2,232264,4,131173,0,264320,0,0,0,0,248221,0,0,232264,0,0,0,2,0,58,75,3,8,251111,0,0,232264,4,1,0,0,316,0,-1,0,526464,57
131174,45,87,25800,19,255,253,1919,255,0,255,134,1,41,0,1,255,255,184,255,Eyüpspor,0,0,-1,0,230685,4,3,-1,0,50,0,1,3,0,1,2,0,0,14234,0,1,231,111339,0,1,65,0,8,0,64,64,64,28,2,62,1,-1,63,1,0,0,230685,4202496,0,230685,0,0,0,0,0,0,0,1,230685,1,131174,0,270336,0,0,0,0,230685,0,0,230685,0,0,0,5,0,65,89,6,3,239043,0,0,230685,9,1,0,0,316,0,-1,0,528384,64
131358,37,220,6000,255,37,255,1904,220,220,25,25,2,38,37,2,25,220,255,37,Benfica,25,0,-1,0,275938,0,10,-1,0,30,0,1,4,0,0,7,0,0,3500,1,1,281,131363,0,1,73,0,1,0,74,73,75,-9,2,74,1,-1,74,1,0,0,275938,270336,0,275938,0,1,0,0,0,0,3,4,261829,7,131358,0,532480,0,0,0,0,261829,0,0,275938,0,4,0,4,0,74,37,6,0,261829,0,0,275938,2,5,0,0,366,0,-1,0,528384,75
131359,20,225,10000,255,66,255,1900,35,30,66,20,1,52,30,1,66,35,255,66,Ajax,30,0,-1,0,233747,0,10,-1,0,30,0,1,4,0,0,8,0,0,2250,20,2,16,131361,0,2,69,0,1,0,71,69,70,4,1,73,2,-1,73,2,0,0,233747,263168,0,233747,0,1,0,0,0,0,6,2,233747,9,131359,0,525312,0,0,0,0,233747,0,0,233747,0,3,0,4,0,71,37,6,1,233747,0,0,233747,2,4,0,0,366,0,-1,0,532480,70
131360,12,207,3000,255,12,255,1892,207,207,22,22,1,50,12,1,22,207,255,12,Slavia Praha,22,0,-1,0,275820,0,9,-1,0,30,0,2,4,0,0,6,0,0,19084,0,1,654,131362,0,1,71,0,1,0,70,71,68,14,2,69,1,-1,69,1,0,0,275820,270400,0,275820,0,1,0,0,0,0,4,3,275820,7,131360,0,532544,0,0,0,0,275813,0,0,275820,0,10,0,5,0,70,6,5,1,275824,0,0,275820,2,4,0,0,316,0,-1,0,528448,68
131361,155,1,2000,255,230,255,1896,230,33,230,230,1,47,56,1,230,230,255,230,FC Zürich,129,0,-1,0,264911,0,10,-1,0,50,0,1,4,0,0,4,0,0,1120,0,1,539,131359,0,1,67,0,0,0,65,67,61,8,1,68,1,-1,68,1,0,0,273406,4195328,0,277308,0,1,0,0,0,0,15,3,273406,5,131361,0,263168,0,0,1,0,273406,0,0,264911,0,24,0,4,0,65,88,4,1,264911,0,0,264911,2,3,0,0,316,0,-1,0,532480,61
131362,26,18,1000,43,255,194,1917,255,255,255,86,1,55,255,1,255,255,10,255,FC Rosengård,255,0,-1,0,275917,0,10,-1,0,65,0,1,4,0,0,4,0,0,7600,0,1,299,131360,2,1,70,0,15,0,69,70,69,12,1,66,1,-1,66,0,0,0,275917,132096,0,275917,0,1,0,0,0,0,5,2,275917,6,131362,0,132096,0,0,0,0,267236,1,0,275917,0,14,0,7,0,69,88,4,1,275917,0,0,275917,2,3,0,0,316,0,-1,0,4202496,69
131363,127,228,1500,1,255,1,1998,255,255,255,30,1,55,255,1,255,255,1,255,Glasgow City,255,0,-1,0,265305,0,10,-1,0,50,0,1,4,0,0,4,0,0,1000,0,1,186,131358,2,1,69,0,15,0,70,69,71,-4,2,69,1,-1,69,0,0,0,265305,4202496,0,265305,0,1,0,0,0,0,9,2,265305,7,131363,0,4202496,0,0,1,0,245871,0,0,265305,0,16,0,3,0,70,88,6,0,247415,0,0,265305,2,3,0,0,316,0,-1,0,266240,71
131368,0,0,0,0,255,0,2000,255,0,255,0,1,0,0,1,255,255,0,255,NG - FA Women,0,0,-1,0,1,4,5,-1,0,50,0,0,4,0,0,5,0,0,0,0,0,0,1318,0,0,0,0,0,0,0,0,0,0,0,0,0,-1,0,0,0,0,1,0,0,1,0,0,0,0,0,0,0,2,1,5,131368,0,0,0,2,0,0,1,1,0,1,0,0,0,0,0,0,6,6,0,1,0,0,1,2,5,0,0,316,0,-1,0,0,0
131386,16,194,3000,1,225,1,1900,225,255,225,43,1,49,255,1,225,225,1,225,1. FC Nürnberg,255,0,-1,0,275760,0,1,-1,0,30,0,2,4,0,0,3,0,0,50000,0,1,355,115995,0,1,71,0,1,0,69,70,70,11,2,68,1,-1,69,1,0,0,264920,270336,0,80460,0,1,0,0,0,0,0,1,80460,4,131386,0,532480,0,0,0,0,275525,0,0,275525,0,0,0,4,0,70,90,4,1,275533,0,0,275525,2,1,0,0,316,0,-1,0,528384,69
131391,0,255,8000,255,0,255,1931,0,222,175,0,1,37,0,1,175,0,255,0,Granada CF,0,0,-1,0,80077,0,4,-1,0,30,0,2,4,0,0,3,0,0,19436,0,2,193,116337,0,1,74,0,1,0,69,72,70,-3,2,65,2,-1,67,2,0,0,277048,270336,0,277048,0,1,0,0,0,0,0,2,277048,5,131391,0,532480,0,0,0,0,275784,0,0,277048,0,0,0,4,0,71,72,3,1,78888,0,0,277048,2,2,0,0,316,0,-1,0,528384,71
131439,21,2,70580,255,12,255,2023,12,0,12,43,1,32,0,1,12,12,255,12,San Diego FC,0,0,-1,0,236918,0,4,-1,0,65,0,2,3,0,0,5,0,0,35000,0,1,889,112996,0,1,68,0,3,0,67,68,73,-117,1,58,2,-1,62,1,0,0,236918,132096,0,236918,0,0,0,0,0,0,0,3,236918,3,131439,0,132096,0,0,0,0,224067,0,0,236918,0,0,0,6,0,68,134,4,-7,236918,0,0,236918,2,1,0,0,316,0,-1,0,4202496,73
131447,51,223,17000,250,1,250,1927,1,208,1,42,1,45,44,1,1,1,250,1,FC Annecy,40,0,-1,0,188825,0,6,-1,0,30,0,1,4,0,0,1,0,0,15714,0,1,902,111659,0,1,67,0,3,0,66,67,64,6,2,66,0,-1,66,0,0,0,188825,270464,0,188825,0,0,0,0,0,0,0,2,188825,3,131447,0,532608,0,0,1,0,188825,0,0,188825,0,0,0,4,0,66,51,2,1,188825,0,0,188825,2,1,0,0,316,0,-1,0,528512,64
131459,104,45,3075,0,104,255,2004,45,45,196,196,1,44,104,1,196,45,255,104,Unirea Slobozia,196,0,-1,0,255082,0,3,-1,0,50,0,2,4,0,0,1,0,0,6000,0,1,956,310,0,1,63,0,3,0,63,63,64,27,3,63,1,-1,63,1,0,0,255082,4198464,0,255082,0,0,0,0,0,0,0,4,255082,2,131459,0,264256,0,0,0,0,262856,1,0,255082,0,0,0,5,0,63,79,3,2,259803,0,0,255082,2,1,0,0,316,0,-1,0,526400,64
131463,0,255,8500,255,200,255,2023,200,255,200,0,1,41,0,1,200,200,255,200,AVS Futebol SAD,0,0,-1,0,277971,0,1,-1,0,30,0,2,4,0,0,1,0,0,5228,0,0,645,1888,0,1,66,0,1,0,68,67,67,-8,3,69,1,-1,68,1,0,0,213795,266384,0,213795,0,0,0,0,0,0,0,5,274231,1,131463,0,526480,0,0,0,0,213795,0,0,213795,0,0,0,4,0,67,36,4,0,175851,0,0,213795,2,1,0,0,316,0,-1,0,526480,68
131477,0,0,87426,250,60,250,2023,1,250,166,128,2,37,128,2,166,1,250,60,Bay FC,114,0,-1,0,76377,0,4,-1,0,50,0,2,4,0,0,3,0,0,18000,0,1,420,131478,0,1,70,0,3,0,75,70,83,-121,2,71,0,-1,71,1,0,0,76377,132224,0,76377,0,1,0,0,0,0,0,2,76377,3,131477,0,4202624,0,0,0,0,273473,0,0,76377,0,0,0,6,0,75,196,5,-8,227073,0,0,76377,2,3,0,0,316,0,-1,0,266368,83
131478,172,255,63125,128,255,0,2023,255,250,255,28,2,40,250,2,255,255,0,255,Utah Royals,250,0,-1,0,265571,0,1,-1,0,50,0,2,4,0,0,5,0,0,20213,0,1,427,116309,0,1,75,0,0,0,75,75,78,-111,2,73,0,-1,73,1,0,0,265571,132096,0,265571,0,1,0,0,0,0,0,2,265571,3,131478,0,4202496,0,0,0,0,267332,0,0,265571,0,0,0,6,0,75,196,2,-7,245835,0,0,265571,2,1,0,0,316,0,-1,0,266240,78
131487,217,253,5700,38,28,180,2017,180,1,0,0,1,11,1,1,38,253,28,217,Shenzhen Peng City,1,0,-1,0,274024,0,2,-1,0,50,0,2,4,0,0,1,0,0,44050,0,1,713,116360,0,1,61,0,1,0,59,61,61,108,1,58,0,-1,58,0,0,0,222273,4195344,0,222273,0,0,0,0,0,0,0,4,274024,6,131487,0,263184,0,0,0,0,269127,0,0,274024,0,0,0,2,0,59,75,3,8,232381,0,0,274024,4,1,0,0,316,0,-1,0,532496,61
131488,0,202,5610,83,216,233,2007,233,255,4,4,1,36,255,1,83,202,216,0,Qingdao West Coast FC,255,0,-1,0,237135,0,2,-1,0,50,0,2,4,0,0,2,0,0,20000,0,1,810,131487,0,1,66,0,1,0,61,66,55,120,1,58,0,-1,58,0,0,0,237135,4195328,0,258731,0,0,0,0,0,0,0,4,237135,7,131488,0,263168,0,0,0,0,227970,0,0,237135,0,0,0,2,0,61,75,3,8,237135,0,0,237135,4,1,0,0,316,0,-1,0,532480,55
131491,4,232,3000,255,255,255,1939,255,232,4,4,1,60,4,1,255,232,255,4,KFUM-Kameratene Oslo,4,0,-1,0,255936,0,2,-1,0,50,0,2,4,0,0,1,0,0,3300,0,1,361,920,2,1,64,0,0,0,65,64,63,11,1,63,1,-1,63,1,0,0,279710,4195328,0,255936,0,0,0,0,0,0,0,2,255936,2,131491,0,263168,0,0,0,0,279713,1,0,255936,0,0,0,7,0,65,199,5,1,153048,0,0,255936,2,1,0,0,316,0,-1,0,532480,63
131524,203,203,0,113,255,113,2024,255,12,255,203,3,0,12,3,255,255,113,255,5v5 Team1,12,0,-1,0,1,4,5,-1,0,50,0,0,4,0,0,5,0,0,0,0,0,0,1318,0,0,0,0,0,0,0,0,0,0,0,0,0,-1,0,0,0,0,1,0,0,1,0,0,0,0,0,0,0,2,1,5,131524,0,0,0,2,0,0,1,1,0,1,0,0,0,0,0,0,6,5,0,1,0,0,1,2,5,0,0,316,0,-1,0,0,0
131527,20,20,0,104,255,7,2024,255,240,255,20,1,0,240,1,255,255,244,255,5v5 Team2,240,0,-1,0,1,4,5,-1,0,50,0,0,4,0,0,5,0,0,0,0,0,0,1318,0,0,0,0,0,0,0,0,0,0,0,0,0,-1,0,0,0,0,1,0,0,1,0,0,0,0,0,0,0,2,1,5,131527,0,0,0,2,0,0,1,1,0,1,0,0,0,0,0,0,6,5,0,1,0,0,1,2,5,0,0,316,0,-1,0,0,0
131531,119,241,4500,149,1,0,2021,1,0,1,36,1,24,0,1,1,1,61,1,Yunnan Yukun,0,0,-1,0,242698,0,1,-1,0,30,0,2,4,0,0,2,0,0,25000,0,1,963,132305,0,1,63,0,9,0,60,63,70,102,2,58,1,-1,58,1,0,0,233874,270336,0,233874,0,0,0,0,0,0,0,4,242698,1,131531,0,532480,0,0,0,0,222435,0,0,233874,0,0,0,2,0,60,75,4,8,257518,0,0,233874,4,1,0,0,316,0,-1,0,528384,70
131680,0,0,0,0,255,0,2000,255,0,255,0,1,0,0,1,255,255,0,255,Free Agent Managers,0,0,-1,0,1,4,5,-1,0,50,0,0,4,0,0,5,0,0,0,0,0,0,1318,0,0,0,0,0,0,0,0,0,0,0,0,0,-1,0,0,0,0,1,0,0,1,0,0,0,0,0,0,0,2,1,5,131680,0,0,0,2,0,0,1,1,0,1,0,0,0,0,0,0,6,6,0,1,0,0,1,2,5,0,0,316,0,-1,0,0,0
131681,91,232,1285000,250,30,250,1899,30,100,30,23,2,45,0,2,30,30,250,30,Milano FC,0,0,-1,0,177003,0,9,-1,0,50,0,2,4,0,0,9,0,0,75817,0,1,316,131682,0,1,82,0,1,0,80,81,82,9,1,76,1,-1,78,1,0,0,177003,131712,0,177003,0,0,0,0,0,0,5,1,177003,6,131681,0,4194944,0,0,0,0,215698,1,0,177003,0,19,0,4,0,81,47,5,1,232411,0,0,177003,2,8,0,0,366,0,-1,0,270464,81
131682,140,1,985000,250,30,250,1908,30,15,30,191,3,45,15,3,30,30,250,30,Lombardia FC,15,0,-1,0,226268,0,9,-1,0,65,0,2,4,0,0,9,0,0,75817,0,1,316,131681,0,1,83,0,1,0,83,81,86,9,1,83,1,-1,83,1,0,0,226268,131712,0,226268,0,0,0,10,0,0,9,3,226268,1,131682,0,131712,0,0,0,0,231478,0,0,224232,0,20,0,4,0,83,47,2,1,210406,0,0,226268,2,9,0,0,366,0,-1,0,4202624,86
131720,91,47,3000,255,50,255,1906,0,250,100,214,2,43,250,2,100,0,255,50,RC Deportivo,255,0,-1,0,278195,4,3,-1,0,30,0,2,4,0,0,4,0,0,32660,0,2,257,131391,0,1,70,0,1,0,72,70,75,-8,2,68,0,-1,68,2,0,0,278195,270336,0,73029,0,1,0,0,0,0,3,2,272188,8,131720,0,532480,0,0,0,0,72149,1,0,278195,0,0,0,4,0,72,72,3,1,275587,0,0,278195,2,2,0,0,316,0,-1,0,528384,75
131724,102,51,1500,250,182,250,1906,182,1,182,204,1,48,159,1,182,182,250,182,RC Strasbourg,227,0,-1,0,71706,4,1,-1,0,30,0,2,4,0,0,1,0,0,26109,3,1,564,116044,0,1,69,0,3,0,71,69,73,7,1,71,1,-1,71,1,0,0,71706,263168,0,71706,0,1,0,0,0,0,0,2,71706,3,131724,0,525312,0,0,0,0,71696,0,0,71706,0,0,0,4,0,71,88,2,1,71706,0,0,71706,2,1,0,0,316,0,-1,0,532480,73
131733,108,17,5000,255,1,255,1900,1,0,1,191,1,41,90,1,1,1,255,1,RCD Espanyol,170,0,-1,0,275779,0,3,-1,0,30,0,1,4,0,0,5,0,0,40500,0,2,36,116325,0,1,72,0,0,0,71,72,71,2,2,70,0,-1,70,2,0,0,275779,270464,0,72345,0,1,0,0,0,0,6,4,262459,7,131733,0,532608,0,0,0,0,272153,0,0,275779,0,1,0,4,0,71,72,3,1,272254,0,0,275779,2,2,0,0,316,0,-1,0,528512,71
131735,28,164,9550,255,255,255,1970,255,8,255,54,1,25,77,1,255,255,255,255,Al Kholood,58,0,-1,0,242749,0,1,-1,0,50,0,2,4,0,0,1,0,0,5100,0,1,672,112393,0,1,64,0,0,0,66,64,68,43,3,66,1,-1,66,0,0,0,242749,4198528,0,241538,0,0,0,0,0,0,0,2,242749,6,131735,0,264320,0,0,0,0,208974,0,0,242749,0,0,0,8,0,66,67,3,3,261072,0,0,242749,9,1,0,0,316,0,-1,0,526464,68
131739,15,33,1365,0,255,0,2024,255,0,255,255,1,38,0,1,255,255,0,255,Auckland FC,0,0,-1,0,73092,0,1,-1,0,50,0,2,4,0,0,3,0,0,25000,0,1,894,111766,0,2,65,0,1,0,65,65,63,105,2,66,2,-1,66,0,0,0,208520,4202496,0,73092,0,0,0,0,0,0,0,3,73092,2,131739,0,270336,0,0,0,0,208520,0,0,73092,0,0,0,3,0,65,54,7,12,227040,0,0,73092,2,1,0,0,316,0,-1,0,528384,63
131798,106,19,48030,254,255,255,1965,255,17,208,208,1,28,56,1,254,19,255,106,NEOM SC,139,0,-1,0,193301,0,3,-1,0,50,0,2,4,0,1,5,0,0,13000,0,1,977,115892,0,1,71,0,1,0,70,71,71,36,2,67,1,-1,68,1,0,0,220621,4202496,0,220621,0,0,0,0,0,0,0,3,220621,5,131798,0,4202496,0,0,0,0,210648,1,0,220621,0,0,0,8,0,70,67,9,3,193301,0,0,193301,2,3,0,0,316,0,-1,0,266240,70
131826,195,242,9800,1,255,1,1931,255,241,255,11,1,-25,194,1,255,255,1,255,Recoleta FC,10,0,-1,0,84339,0,1,-1,0,30,0,2,4,0,0,2,0,0,6000,0,0,771,101108,2,1,67,0,15,0,66,67,64,-57,3,66,1,-1,66,0,1,0,84339,266240,0,84339,0,0,0,0,0,0,0,3,84339,4,131826,0,526336,0,0,0,0,84339,0,0,84339,0,0,0,1,0,66,111,2,-4,84339,0,0,84339,2,1,0,0,366,0,-1,0,526336,64
131877,2,255,0,255,220,255,1919,220,221,1,2,2,54,22,2,220,1,255,1,Poland Women,22,0,-1,0,264884,0,10,-1,0,50,0,1,4,0,0,0,0,0,43615,0,1,521,113004,0,1,76,0,1,0,75,76,89,18,1,73,0,-1,73,1,0,0,264884,132096,0,265082,0,1,0,0,0,0,0,2,265082,0,131877,0,4195328,0,0,1,0,241846,0,0,264884,0,0,0,5,0,75,88,0,1,265082,0,0,264884,2,2,0,0,316,0,-1,0,270336,89
132176,171,1,25800,0,145,0,2019,255,0,199,199,2,51,0,2,175,1,0,171,London City Lionesses,0,0,-1,0,265336,0,5,-1,0,30,0,2,4,0,0,4,0,0,5000,0,1,285,116010,0,1,79,0,1,0,78,80,72,0,2,76,0,-1,76,0,0,0,265336,263168,0,265336,0,1,0,0,0,0,0,2,237197,2,132176,0,270336,0,0,0,0,237197,0,0,237197,0,0,0,3,0,78,76,9,0,227069,0,0,237197,2,4,0,0,316,0,-1,0,528384,72
132231,168,50,9000,255,255,255,2017,255,50,255,82,1,50,168,1,255,255,255,255,RAAL La Louvière,82,0,-1,0,78346,0,4,-1,0,50,0,2,4,0,2,4,0,0,12500,0,1,978,670,0,1,67,0,1,0,67,67,63,4,2,67,1,-1,67,0,0,0,78346,4202496,0,78346,0,0,0,0,0,0,0,1,78346,5,132231,0,270336,0,0,0,0,262160,0,0,78346,0,0,0,4,0,67,122,6,1,73932,0,0,78346,2,3,0,1,316,0,-1,0,528384,63
132305,195,111,4000,255,255,255,2021,255,1,246,246,1,38,1,1,255,111,255,195,Dalian Yingbo FC,1,0,-1,0,269579,0,2,-1,0,50,0,2,4,0,0,8,0,0,63677,0,1,664,131531,0,1,63,0,3,0,62,63,64,121,3,61,1,-1,61,1,0,0,198640,4198400,0,198640,0,0,0,0,0,0,0,4,198640,2,132305,0,264192,0,0,0,0,212601,0,0,198640,0,0,0,2,0,62,75,6,8,212601,0,0,198640,4,1,0,0,316,0,-1,0,526336,64
132370,250,250,6500,214,1,1,1899,1,102,1,250,2,43,204,2,1,1,151,1,Olympique de Marseille,255,0,-1,0,265915,4,1,-1,0,30,0,2,4,0,0,4,0,0,67394,47,1,306,116034,0,1,72,0,1,0,71,72,80,5,2,70,1,-1,70,0,0,0,265915,270336,0,265915,0,1,0,0,0,0,0,2,264962,5,132370,0,532480,0,0,0,0,264962,0,0,265915,0,0,0,4,0,71,88,6,1,264968,0,0,265915,2,1,0,0,316,0,-1,0,528384,80
132533,90,1,3000,255,1,255,1887,1,1,1,170,1,53,1,1,1,1,255,1,Hamburger SV,1,0,-1,0,79732,0,1,-1,0,50,0,2,4,0,0,5,0,0,57000,11,1,205,116004,0,1,70,0,1,0,70,69,71,9,2,69,1,-1,69,1,0,0,78682,4202496,0,79732,0,1,0,0,0,0,0,3,78682,6,132533,0,4202496,0,0,0,0,78689,0,0,79732,0,0,0,4,0,70,90,4,1,79734,0,0,79732,2,1,0,0,316,0,-1,0,266240,70
132588,1,184,3500,1,1,255,1906,1,182,1,28,1,50,25,1,1,1,213,1,RC Lens,44,0,-1,0,78830,4,1,-1,0,30,0,1,4,0,0,3,0,0,38223,18,1,274,116044,0,1,68,0,1,0,69,68,70,2,2,69,1,-1,69,0,0,0,78830,270336,0,78832,0,1,0,0,0,0,0,2,269816,8,132588,0,532480,0,0,0,0,78826,0,0,78832,0,0,0,4,0,69,88,4,1,78830,0,0,78830,2,1,0,0,316,0,-1,0,528384,70
132589,6,227,3000,255,255,255,1966,255,29,49,19,2,52,29,2,255,229,255,55,1. FC Union Berlin,27,0,-1,1,78602,0,1,-1,0,30,0,2,4,0,0,3,0,0,22012,0,1,47,116021,0,1,73,0,1,0,72,72,75,13,2,70,2,-1,72,1,0,0,78602,270336,0,78602,0,1,0,0,0,0,0,2,78602,4,132589,0,532480,0,0,0,0,78602,0,0,78602,0,0,0,4,0,73,90,6,1,78602,0,0,78602,2,1,0,0,316,0,-1,0,528384,77
132629,22,160,1000,250,255,250,2008,255,48,255,45,1,42,52,1,255,255,250,255,DUX Logroño,61,0,-1,0,276887,0,1,-1,0,50,0,2,4,0,0,4,0,0,16000,0,2,818,116331,0,1,68,0,6,0,66,67,65,-2,3,64,0,-1,64,2,0,0,276887,4198400,0,276887,0,1,0,0,0,0,0,2,276887,6,132629,0,264192,0,0,0,0,276887,0,0,276887,0,0,0,4,0,67,72,2,1,276887,0,0,276887,2,1,0,0,316,0,-1,0,526336,65
132630,0,254,0,10,255,10,2025,255,10,255,89,3,45,10,3,255,255,10,255,Zlatan FC,10,0,-1,0,79350,0,10,-1,0,50,0,0,4,0,0,0,0,0,50000,0,0,299,114815,0,0,91,0,1,0,91,91,91,9,2,91,0,-1,91,0,0,0,79345,131584,0,79345,0,0,0,0,0,0,0,2,79348,0,132630,0,4202496,0,0,0,0,79361,1,0,79350,0,0,0,0,0,91,6,0,1,79351,0,0,79350,2,10,0,0,366,0,-1,0,266240,91
132670,0,43,0,250,25,250,1898,25,250,25,229,1,0,250,1,25,25,250,25,Serie A Historic,250,0,-1,0,190042,0,5,-1,0,50,0,0,4,0,0,5,0,0,50000,0,0,0,132671,0,0,91,0,1,0,91,91,92,0,2,89,0,-1,89,0,0,0,214100,132096,0,190042,0,0,0,0,0,0,0,2,7763,5,132670,0,4202496,0,0,0,0,238439,1,0,7763,0,0,0,4,0,91,6,5,0,190042,0,0,7763,2,5,0,0,366,0,-1,0,266240,92
132671,5,210,0,255,25,255,1963,25,255,25,21,1,0,255,1,25,25,255,25,Bundesliga Historic,255,0,-1,0,570,0,5,-1,0,50,0,0,4,0,0,5,0,0,50000,0,0,0,132670,0,0,88,0,1,0,89,88,90,0,2,89,0,-1,89,0,0,0,238435,132096,0,5454,0,0,0,0,0,0,0,2,121939,5,132671,0,4202496,0,0,0,0,168473,1,0,570,0,0,0,4,0,89,6,5,0,190048,0,0,570,2,5,0,0,366,0,-1,0,266240,90
132672,19,56,0,250,25,250,1992,25,250,25,96,1,0,250,1,25,25,250,25,Premier League Historic,250,0,-1,0,5471,0,5,-1,0,50,0,0,4,0,0,5,0,0,50000,0,0,0,132674,0,0,87,0,1,0,88,87,89,0,2,87,0,-1,87,0,0,0,13743,132096,0,34079,0,0,0,0,0,0,0,2,13743,5,132672,0,4202496,0,0,0,0,51,1,0,1625,0,0,0,3,0,88,6,5,0,51,0,0,1625,2,5,0,0,366,0,-1,0,266240,89
132673,38,38,0,255,25,8,1932,25,250,25,38,1,0,250,1,25,25,95,25,Ligue 1 Historic,250,0,-1,0,28130,0,5,-1,0,50,0,0,4,0,0,5,0,0,50000,0,0,0,132671,0,0,89,0,1,0,89,89,89,0,2,88,0,-1,88,0,0,0,41236,132096,0,5454,0,0,0,0,0,0,0,2,28130,5,132673,0,4202496,0,0,0,0,1116,1,0,28130,0,0,0,4,0,89,6,5,0,41236,0,0,28130,2,5,0,0,366,0,-1,0,266240,89
132674,75,255,0,255,25,255,1929,25,255,25,68,1,0,255,1,25,25,255,25,La Liga Historic,255,0,-1,0,167680,0,5,-1,0,50,0,0,4,0,0,5,0,0,50000,0,0,0,132672,0,0,90,0,1,0,90,90,92,0,2,88,0,-1,88,0,0,0,167680,4202496,0,1397,0,0,0,0,0,0,0,2,1397,5,132674,0,270336,0,0,0,0,238384,1,0,167680,0,0,0,4,0,90,6,5,0,214101,0,0,167680,2,5,0,0,366,0,-1,0,528384,92
132680,0,254,9000,255,30,255,1898,30,30,30,2,1,50,30,1,30,30,255,30,US Boulogne,30,0,-1,0,247533,4,2,-1,0,30,0,2,4,0,0,1,0,0,15004,13,1,983,111276,0,1,65,0,3,0,64,65,62,1,2,64,1,-1,64,0,0,0,247533,270336,0,247533,0,0,0,0,0,0,0,1,247533,2,132680,0,532480,0,0,0,0,251924,0,0,247533,0,0,0,4,0,64,51,1,1,275619,0,0,247533,2,1,0,0,366,0,-1,0,528384,62
132681,255,255,1000,255,255,255,2024,255,255,255,255,1,28,255,1,255,255,255,255,United Tigers SC,255,0,-1,0,251721,4,5,-1,0,50,0,1,4,0,0,5,0,0,10000,0,0,729,113146,0,0,58,0,0,0,59,58,58,77,2,60,0,-1,60,0,0,0,251721,4202496,0,251721,0,0,0,0,0,0,0,2,251721,5,132681,0,270336,0,0,0,0,251725,1,0,251721,0,0,0,0,0,59,6,5,-12,251721,0,0,251721,2,5,0,0,366,0,-1,0,528384,58
132702,250,250,0,30,25,30,1897,25,248,25,250,1,45,151,1,25,25,30,25,Juventus Historic,170,0,-1,0,7763,0,5,-1,0,50,0,0,4,0,0,5,0,0,41507,0,0,485,132704,0,0,89,0,1,0,88,89,88,7,2,87,1,-1,87,0,0,0,1397,132096,0,7763,0,0,0,0,0,0,15,2,7763,5,132702,0,4202496,0,0,0,0,222077,1,0,7763,0,36,0,4,0,88,6,5,1,238382,0,0,7763,2,5,0,0,366,0,-1,0,266240,88
132703,27,227,0,255,1,255,1892,1,255,1,35,1,53,215,1,1,1,255,1,Liverpool Historic,0,0,-1,0,274967,0,5,-1,0,50,0,0,4,0,0,5,0,0,53394,0,0,282,132706,0,0,87,0,1,0,87,87,87,-2,2,86,0,-1,86,0,0,0,13743,132096,0,274967,0,0,0,0,0,0,8,2,13743,5,132703,0,4202496,0,0,0,0,203376,1,0,247699,0,20,0,3,0,87,6,5,0,209331,0,0,247699,2,5,0,0,366,0,-1,0,266240,87
132704,255,255,0,130,1,45,1902,1,225,1,255,1,40,225,1,1,1,65,1,Real Madrid Historic,255,0,-1,0,238430,0,5,-1,0,50,0,0,4,0,0,5,0,0,85000,0,0,295,132702,0,0,90,0,1,0,90,90,90,-3,2,87,0,-1,87,0,0,0,238430,132096,0,238430,0,0,0,0,0,0,20,2,182521,5,132704,0,4202496,0,0,0,0,204963,1,0,1397,0,36,0,4,0,90,6,5,1,1397,0,0,238430,2,5,0,0,366,0,-1,0,266240,90
132705,1,255,0,255,1,255,1900,200,29,1,60,1,48,29,1,1,200,255,1,Bayern München Historic,27,0,-1,0,156616,0,5,-1,0,50,0,0,4,0,0,5,0,0,75000,1,0,333,132706,0,0,88,0,1,0,89,88,90,11,2,89,1,-1,89,0,0,0,190048,132096,0,5454,0,0,0,0,0,0,20,2,121939,5,132705,0,4202496,0,0,0,0,167495,1,0,238435,0,34,0,4,0,89,6,5,1,190048,0,0,238435,2,5,0,0,366,0,-1,0,266240,90
132706,20,0,0,255,85,255,1905,48,28,200,137,1,51,75,1,200,48,255,85,Chelsea Historic,160,0,-1,0,5471,1,5,-1,0,50,0,0,4,0,0,5,0,0,40343,0,0,285,132703,0,0,87,0,1,0,87,87,88,0,2,86,1,-1,86,0,0,0,5471,4202496,0,5471,0,0,0,0,0,0,8,2,5471,5,132706,0,270336,0,0,0,0,238074,1,0,5471,0,6,0,3,0,87,6,5,0,5471,0,0,5471,2,5,0,0,366,0,-1,0,528384,88
